grid,match_id,lambda_h,lambda_a,truncated_mean_h,truncated_mean_a,error_h,error_a
G0,12473322,1.4411514781090329,1.0631826222144676,1.441147845999459,1.0631824354951744,-3.632109573770137e-6,-1.8671929313818225e-7
G0,12473328,1.472776585567277,1.010997945197795,1.472772117455744,1.0109978321091135,-4.468111532984764e-6,-1.130886815303711e-7
G0,12473330,2.082222033025115,1.0042371669317078,2.082112450309065,1.0042370611765623,-0.00010958271604977199,-1.0575514552968457e-7
G0,12473331,1.41970978056354,1.7372651709799776,1.4197066338275948,1.737244071074784,-3.146735945147583e-6,-2.1099905193500135e-5
G0,12473333,1.1014205003172148,1.6088505670316904,1.1014202352348448,1.6088402585358552,-2.6508237005451463e-7,-1.0308495835165132e-5
G0,12473334,1.6047639224808294,1.0076291303265652,1.6047538573370572,1.0076290209467813,-1.0065143772219898e-5,-1.0937978389691239e-7
G0,12473335,1.7046736126718713,0.9881934597359484,1.7046559131693029,0.9881933697174564,-1.7699502568468972e-5,-9.001849199385958e-8
G0,12473336,1.673253870751136,0.8986285036305857,1.6732389862957928,0.8986284690087843,-1.4884455343144865e-5,-3.4621801314749234e-8
G0,12473337,1.1409356905226646,2.0261303470907253,1.1409353150245738,2.026044515927542,-3.754980908432515e-7,-8.583116318305883e-5
G0,12476452,1.9247045421486386,0.9189484683281081,1.9246505468781814,0.9189484249425228,-5.399527045724106e-5,-4.33855852355336e-8
G0,12476453,1.442234932001071,1.2830669605244671,1.4422312737073508,1.283065775436307,-3.6582937201767862e-6,-1.1850881600494745e-6
G0,12476454,1.6359168625142892,0.9298049525782451,1.6359048082316603,0.9298049037424556,-1.2054282628959356e-5,-4.883578952341594e-8
G0,12476455,1.2467449843145963,1.2144708407224878,1.246744088255885,1.214470147205628,-8.960587114525964e-7,-6.935168597177466e-7
G0,12476457,1.134975028371761,0.9774028729292848,1.1349746717786406,0.9774027922864067,-3.5659312036528945e-7,-8.064287815301441e-8
G0,12476459,1.360363682725358,0.9959680593550158,1.360361595141452,0.9959679619922154,-2.0875839059630863e-6,-9.736280037753176e-8
G0,12476460,1.5031403474806655,0.7212818408594363,1.5031349221463013,0.7212818371769323,-5.425334364206336e-6,-3.6825039684273975e-9
G0,12476461,1.3517434362786713,1.3086456886463165,1.3517414728311288,1.3086442533476044,-1.963447542552288e-6,-1.4352987121046823e-6
G0,12476463,0.999972346428505,1.6019914714446855,0.9999722450788229,1.6019815685181327,-1.0134968209118966e-7,-9.902926552785019e-6
G0,12476464,1.4141579187261895,1.4101889241625873,1.414154887955147,1.4101859739716582,-3.0307710423560508e-6,-2.9501909291074213e-6
G0,12476465,1.02850457980467,1.699045469631678,1.0285044455802175,1.6990283060982538,-1.342244524416003e-7,-1.71635334240694e-5
G0,12476466,2.031364529002468,0.9914386284816671,2.031276688009765,0.9914385354598458,-8.784099270320311e-5,-9.302182124582004e-8
G0,12476468,1.4949979817778227,1.160444473347863,1.4949928293194084,1.160444029606039,-5.152458414370287e-6,-4.4374182395223727e-7
G0,12476469,1.9239298127044204,0.7681970645251552,1.923876014366663,0.7681970574974701,-5.379833775753795e-5,-7.02768510052465e-9
G0,12476471,1.6746586850867407,0.9777727330509468,1.6746436836796874,0.9777726521017003,-1.5001407053238935e-5,-8.094924652812807e-8
G0,12476472,1.1435174145287794,1.2056611602144383,1.1435170305702744,1.2056605144070889,-3.839585049902894e-7,-6.458073493753602e-7
G0,12476473,1.0886706394445744,1.21043371457455,1.0886704032363905,1.2104330432949593,-2.3620818390135412e-7,-6.712795908025981e-7
G0,12476475,1.481904277705981,1.2596849984405614,1.4818995388228517,1.2596840075075462,-4.738883129240534e-6,-9.909330151991469e-7
G0,12476476,1.2105096090426708,1.2219955190043252,1.2105089373509326,1.2219947822938668,-6.716917382298959e-7,-7.367104584155015e-7
G0,12476477,1.295449858321174,1.4392454259510952,1.2954485573820167,1.4392418395057403,-1.3009391572893492e-6,-3.5864453549194764e-6
G0,12476479,1.4639365882238777,1.1987699535113663,1.4639323692922,1.1987693429741282,-4.218931677790749e-6,-6.105372380993401e-7
G0,12476480,0.8620845333307118,1.0393959952021528,0.8620845105856667,1.0393958461204114,-2.2745045069605396e-8,-1.4908174139627306e-7
G0,12476481,1.0121065151943596,1.0739878344565357,1.0121064008609593,1.073987628012202,-1.1433340030286843e-7,-2.0644433362804193e-7
G0,12476482,0.9677078655507035,1.641828990667252,0.9677077925791211,1.641816522363178,-7.297158244323754e-8,-1.2468304074086944e-5
G0,12476483,1.1041515315549923,1.5124493304950921,1.104151259895096,1.5124435777119618,-2.716598963559136e-7,-5.752783130308359e-6
G0,12476484,1.4829580601076846,1.24260257654374,1.4829532890547363,1.2426017091099995,-4.771052948271404e-6,-8.674337406144872e-7
G0,12476485,1.6252514316798101,0.9471943874209648,1.625240093955678,0.9471943285764551,-1.1337724132198801e-5,-5.884450970938815e-8
G0,12476486,1.3685406688900525,1.2638424666823147,1.3685384572105594,1.263841443437416,-2.2116794931026362e-6,-1.0232448988123366e-6
G0,12476488,1.6528135726421471,0.6747152603419158,1.652800301987863,0.6747152584903566,-1.327065428413654e-5,-1.851559128240865e-9
G0,12476491,1.326333172967485,1.0778516604452886,1.326331538422745,1.077851446510755,-1.634544740003463e-6,-2.1393453364382253e-7
G0,12476492,1.3785999886548406,1.352965608110534,1.3785976154256503,1.352963627468982,-2.3732291902778258e-6,-1.980641551879714e-6
G0,12476493,0.9702881552192715,1.6420349628620317,0.9702880802722803,1.6420224799125158,-7.494699116872283e-8,-1.2482949515835173e-5
G0,12476494,1.4722454383927808,1.1645930222800536,1.472240985610217,1.1645925626835831,-4.452782563779678e-6,-4.595964704368072e-7
G0,12476496,1.1345956009627978,1.7129673097776987,1.134595245543976,1.7129487938535668,-3.5541882170697647e-7,-1.851592413193437e-5
G0,12476497,1.8148748995518966,0.9740259853229412,1.8148433232028072,0.9740259074298688,-3.157634908945717e-5,-7.789307232553e-8
G0,12476498,1.3366767484764206,1.1692841952171917,1.3366749864353042,1.169283717089178,-1.7620411163488114e-6,-4.781280136256782e-7
G0,12476499,1.6367063224924316,0.9632370327118855,1.636694213629695,0.9632369630535127,-1.2108862736726067e-5,-6.965837284766963e-8
G0,12476500,1.5382350309895814,1.2113802299643748,1.5382282788725758,1.211379553528637,-6.752117005515146e-6,-6.764357378674646e-7
G0,12476501,1.3117643410746145,1.3955746310926134,1.3117628722868457,1.3955719615893687,-1.4687877687435957e-6,-2.6695032446788503e-6
G0,12476502,1.452849587141549,1.2213350157762053,1.4528456634055242,1.221334282950263,-3.923736024757929e-6,-7.328259423733385e-7
G0,12476505,1.33812672740882,1.0449251562018378,1.3381249468116023,1.0449249990321545,-1.7805972176709872e-6,-1.571696832680658e-7
G0,12476506,1.853436129843284,0.8774903261298834,1.8533978424730342,0.8774902989145617,-3.8287370249801e-5,-2.7215321773965684e-8
G0,12476507,1.1986138056909574,1.3616748400543897,1.1986131959327373,1.3616727329952059,-6.097582201380902e-7,-2.1070591837979435e-6
G0,12476508,1.3504320971334063,1.2938110271428702,1.3504301519878075,1.2938097420889065,-1.94514559881398e-6,-1.2850539636843905e-6
G0,12476509,1.6774597563974776,1.062360608571417,1.6774445194013166,1.0623604232817612,-1.5236996161016592e-5,-1.8528965584074797e-7
G0,12476511,1.3090383539990083,1.4160150389952972,1.3090369145211762,1.4160119698594542,-1.4394778320436785e-6,-3.0691358430257054e-6
G0,12476513,0.9077845083741909,1.2107785947202567,0.9077844700209914,1.2107779215659735,-3.8353199505181124e-8,-6.731542832039139e-7
G0,12476514,1.3530075891165214,0.8115732334508152,1.3530056078820127,0.8115732211373565,-1.98123450867449e-6,-1.231345869712186e-8
G0,12476515,1.1856442040743251,1.4814012265458347,1.1856436560290167,1.4813965029525094,-5.480453084683035e-7,-4.723593325373088e-6
G0,12476516,1.632448688849457,1.0124474854876546,1.6324368718019322,1.0124473707689643,-1.181704752473145e-5,-1.147186903249775e-7
G0,12476517,1.5673042893489697,1.1298541057755205,1.5672962308849365,1.1298537647447007,-8.058464033178225e-6,-3.410308198059653e-7
G0,12476520,1.3206254900980265,1.2278174523351728,1.3206239223613998,1.2278166805890067,-1.567736626739702e-6,-7.717461660838865e-7
G0,12476521,1.2038387285332284,1.4891798680475905,1.203838092224476,1.489174903115505,-6.36308752355319e-7,-4.9649320854605605e-6
G0,12476522,1.4247940869886409,1.2836037035090146,1.4247908306463606,1.283602513594969,-3.256342280266722e-6,-1.1899140457405366e-6
G0,12476523,1.989179375029743,0.8262181190486835,1.9891066365538634,0.826218104276086,-7.273847587963012e-5,-1.4772597478618366e-8
G0,12476524,1.3359645946548708,0.7213141321601396,1.3359628416649068,0.7213141284759408,-1.75298996407669e-6,-3.6841988348967902e-9
G0,12476529,1.8352942572142046,0.9471260516267087,1.835259267275,0.947125992824863,-3.498993920447724e-5,-5.8801845725930946e-8
G0,12476531,1.8067521397932615,1.0590612695571886,1.8067218385643076,1.0590610899083333,-3.0301228953977244e-5,-1.7964885534738073e-7
G0,12476533,1.5147449713017211,1.0695563531675416,1.5147391351501671,1.069556155026271,-5.83615155402839e-6,-1.9814127050210573e-7
G0,12476538,1.178109962429208,1.4587682336510184,1.1781094476340568,1.4587641546724048,-5.147951511741411e-7,-4.078978613542006e-6
G0,12476539,1.2246620459060187,1.3185195067399718,1.224661293327398,1.3185179630380601,-7.525786207551732e-7,-1.5437019116326667e-6
G0,12476541,1.626850539342379,1.1346259784562764,1.6268390966166468,1.1346256229435656,-1.1442725732280223e-5,-3.5551271082567837e-7
G0,12476544,1.094283790049004,1.5778248906063386,1.0942835414924659,1.5778163075187381,-2.4855653801836297e-7,-8.583087600433359e-6
G0,12476545,1.6350429935265638,1.2479646503438968,1.635030999408736,1.2479637456993555,-1.199411782781823e-5,-9.046445412774773e-7
G0,12476546,1.5375309557983396,0.898512681274746,1.5375242328679686,0.8985126466979945,-6.722930371072522e-6,-3.4576751573034414e-8
G0,12476548,1.3717317405146225,1.2381462051693062,1.3717294786708263,1.238145367624251,-2.261843796258489e-6,-8.375450550879293e-7
G0,12476549,1.3393190664018197,1.586155874567234,1.339317270416707,1.5861468550532283,-1.7959851128512838e-6,-9.01951400567036e-6
G0,12476550,1.341005525634516,1.2316530449882401,1.3410037076842884,1.2316522493619695,-1.8179502274673354e-6,-7.95626270644334e-7
G0,12476551,1.2806840651586973,1.5062199797100209,1.2806829012871248,1.5062144479079036,-1.1638715724515691e-6,-5.5318021172645615e-6
G0,12476552,1.3414578711897471,1.385383029147772,1.341456047307836,1.385380541199372,-1.823881911056091e-6,-2.487948399965134e-6
G0,12476553,1.5940297532710925,1.04480867225949,1.5940203035339409,1.0448085152641404,-9.449737151667748e-6,-1.569953496094456e-7
G0,12476554,1.470241321039768,1.2304527321074181,1.470236925680895,1.2304519440235202,-4.395358873088284e-6,-7.880838979179572e-7
G0,12476555,1.6710190533385174,0.9468134807772832,1.6710043532920908,0.946813422170233,-1.4700046426563418e-5,-5.860705021287771e-8
G0,12476556,1.4770083781038605,1.2193048265418096,1.4770037861963499,1.219304105542476,-4.591907510675952e-6,-7.209993335699494e-7
G0,12476560,0.99192946620902,0.9711592490137871,0.9919293727252573,0.9711591733892337,-9.348376273088377e-8,-7.562455339726881e-8
G0,12476561,1.6048840374844402,1.0724502726350174,1.6048739652604278,1.0724500691059025,-1.0072224012391828e-5,-2.035291148949625e-7
G0,12476562,1.7599720674694397,0.9946036547396131,1.7599482741280823,0.9946035587030401,-2.379334135738098e-5,-9.603657302736934e-8
G0,12476564,1.1749597227649557,1.2467358601151413,1.1749592213338875,1.2467349641203869,-5.014310682227574e-7,-8.959947543907276e-7
G0,12476565,1.3766001279849016,0.8515721013919386,1.376597787676491,0.8515720813084309,-2.34030841061994e-6,-2.0083507745738416e-8
G0,12476567,1.1541377921923506,1.4937623511277396,1.154137371624961,1.4937572390075853,-4.2056738958073936e-7,-5.1121201543047334e-6
G0,12476574,0.9605879914419585,1.152309847502093,0.960587923682864,1.1523094334479016,-6.775909444645123e-8,-4.14054191377744e-7
G0,12476575,2.0716529096676672,0.8950746152543347,2.0715481916388327,0.8950745819912407,-0.00010471802883449399,-3.3263094056934506e-8
G0,12476580,1.3221293785537942,1.0254247986538723,1.322127793452371,1.0254246683844113,-1.5851014232293181e-6,-1.3026946099614634e-7
G0,12476581,1.3834640924984227,1.1972540759813632,1.383461637489567,1.1972534729696875,-2.4550088557617755e-6,-6.030116757038684e-7
G0,12476582,1.7457109014155623,0.754512327494738,1.7456888325028672,0.75451232164837,-2.2068912695072385e-5,-5.846367945316899e-9
G0,12476583,1.034547356324005,1.8733245976035737,1.03454721402794,1.8732823883382124,-1.4229606515314686e-7,-4.220926536135927e-5
G0,12476584,2.094051268729436,0.7544253294959975,2.0939360115560737,0.7544253236565325,-0.00011525717336224872,-5.83946502263899e-9
G0,12476585,1.2847894298790958,0.9281835967742627,1.2847882292425323,0.9281835487893472,-1.2006365635031102e-6,-4.798491548552164e-8
G0,12476586,0.8785864167164579,1.1742621033549294,0.8785863891550709,1.1742616048414167,-2.7561386950480937e-8,-4.985135126922557e-7
G0,12476588,1.3768076144992611,0.8121057258138837,1.3768052707941172,0.8121057134178651,-2.343705143958985e-6,-1.239601865599127e-8
G0,12476589,0.9794905737784388,1.5314276310605441,0.9794904913926152,1.5314211565348994,-8.238582360764468e-8,-6.4745256447285016e-6
G0,12476590,1.666881118639451,0.9533543245200828,1.666866754776529,0.9533542617145075,-1.4363862921973336e-5,-6.280557529603215e-8
G0,12476591,1.2542194312731123,1.0112850532539235,1.254218481444594,1.0112849398440344,-9.498285182818478e-7,-1.134098890354096e-7
G0,12476593,1.074305501818483,1.4931559160513121,1.0743052947672491,1.4931508236271036,-2.070512339358288e-7,-5.092424208541502e-6
G0,12476594,1.2572740524275359,1.5174884757875058,1.2572730798162464,1.5174825386134447,-9.72611289506986e-7,-5.937174061054762e-6
G0,12476595,0.9148818012324486,1.2305941338028736,0.9148817597443314,1.2305933448337538,-4.1488117163979155e-8,-7.889691198137427e-7
G0,12476596,1.9729764339606077,0.9917173109551043,1.9729088679543212,0.9917172176712568,-6.756600628654574e-5,-9.328384753537478e-8
G0,12476597,1.231663974511376,1.4918393967968167,1.2316631788161343,1.491834346901592,-7.956952416954266e-7,-5.0498952246513795e-6
G0,12476598,1.2035189674771036,1.2239235252648137,1.2035183328221417,1.2239227771110337,-6.346549619173913e-7,-7.48153780039118e-7
G0,12476600,1.7282610478606744,0.9853977021921942,1.728240939974606,0.9853976146915634,-2.010788606843228e-5,-8.75006308520554e-8
G0,12476603,1.504471321050515,1.1371792164015375,1.5044658499251218,1.1371788529183104,-5.471125393174958e-6,-3.6348322707269176e-7
G0,12476604,1.553668246466739,1.0213400780955353,1.5536608260389209,1.0213399529115625,-7.4204278182055106e-6,-1.2518397274341453e-7
G0,12476606,1.2198431250221833,1.0538381482032804,1.2198424009036342,1.0538379771726272,-7.241185491224655e-7,-1.7103065319545863e-7
G0,12476607,1.4619922926674631,1.1331187582029836,1.4619881268725718,1.133118407322285,-4.1657948912643405e-6,-3.508806984964252e-7
G0,12476609,1.4078987632766746,1.170643537996492,1.4078958587181305,1.1706430543763802,-2.904558544125635e-6,-4.836201117353056e-7
G0,12476611,1.025980127201338,1.5751090839810067,1.0259799962264902,1.5751006391071927,-1.3097484785618008e-7,-8.444873814017484e-6
G0,12476613,1.587398933706807,1.131289732342364,1.5873898474353156,1.1312893870107061,-9.08627149143193e-6,-3.4533165793604326e-7
G0,12476614,1.4479162154347642,0.686637002229703,1.447912417103262,0.6866370000113354,-3.7983315022138697e-6,-2.2183676007259123e-9
G0,12476615,1.5087566568579498,1.0389322397261567,1.5087510359856076,1.038932091305657,-5.620872342237959e-6,-1.4842049966823367e-7
G0,12476616,2.5040465725720074,0.7427011057791048,2.5034997619693,0.7427011008058495,-0.0005468106027075592,-4.9732552520609374e-9
G0,12476617,1.2560895244751242,1.3522117995332046,1.2560885607553038,1.352209829512156,-9.637198203904518e-7,-1.97002104851407e-6
G0,12476619,1.4232853610570635,1.1742777105686701,1.4232821375847788,1.174277211990051,-3.2234722846524733e-6,-4.985786190569996e-7
G0,12476620,0.9140820867694884,2.0071916808345254,0.9140820456456785,2.007112793777128,-4.1123809912946285e-8,-7.888705739755864e-5
G0,12476621,1.4873060625394434,1.3596051480565647,1.487301156712746,1.3596030716669405,-4.905826697321203e-6,-2.076389624239283e-6
G0,12476622,1.2842689594074845,1.3859899489506755,1.2842677634879986,1.3859874505034473,-1.1959194858857103e-6,-2.4984472282163495e-6
G0,12476623,1.7280621845022448,0.9535467522992923,1.7280420980585045,0.953546689366242,-2.0086443740297e-5,-6.293305032656349e-8
G0,12476625,1.235138192117886,1.5618329077222917,1.2351373742288965,1.56182511081864,-8.178889894239205e-7,-7.79690365160235e-6
G0,12476626,1.5785643196573445,1.1142945736827516,1.5785556985969136,1.1142942763072647,-8.621060430868965e-6,-2.973754869017853e-7
G0,12476627,2.1246156583111637,0.8978759851097347,2.124484553528154,0.8978759507796954,-0.00013110478300992767,-3.4330039255792144e-8
G0,12476629,1.4793899135341009,0.8603536519513414,1.479385250640692,0.8603536296650816,-4.662893408946545e-6,-2.228625983757837e-8
G0,12476632,2.5508669333625535,0.6540236378265503,2.5502271877893756,0.6540236364846324,-0.0006397455731779189,-1.3419179101248346e-9
G0,12476633,1.7047196870704986,1.2110328821640037,1.704701983120669,1.2110322076245021,-1.770394982969492e-5,-6.74539501588356e-7
G0,12476634,1.7389056579214488,0.9082667606819365,1.7388843727554169,0.9082667221226175,-2.1285166031947966e-5,-3.855931896001863e-8
G0,12476635,1.3286995174334282,0.9333128010945849,1.328697854462249,0.9333127503717151,-1.6629711792059965e-6,-5.072286979324048e-8
G0,12476636,1.7545378680238328,1.0477173591298679,1.7545147451331706,1.0477171977294553,-2.3122890662197193e-5,-1.6140041259049553e-7
G0,12476637,1.1005457660671536,1.345485042625582,1.1005455030614257,1.3454831651774957,-2.6300572786297494e-7,-1.8774480863292808e-6
G0,12476638,1.7287424756868766,1.2198149262125155,1.7287223158084495,1.2198142022576617,-2.0159878427072897e-5,-7.239548538429119e-7
G0,12476639,0.9115917085303926,1.4914901650787233,0.9115916685228616,1.4914851264126314,-4.000753106581101e-8,-5.03866609191661e-6
G0,12476640,1.7727013333057349,1.259287926998954,1.7726759027986398,1.259286939104267,-2.543050709502559e-5,-9.878946871655359e-7
G0,12476641,1.1634032973782789,1.4364519219793925,1.163402842379168,1.4364484015468766,-4.5499911083268785e-7,-3.520432515946581e-6
G0,12476642,1.7994228720761278,0.7431376511945671,1.7993936827212758,0.743137646191246,-2.9189354852077187e-5,-5.003321090768509e-9
G0,12476643,1.6115883537636366,0.9245297682966275,1.6115778793712832,0.9245297221809409,-1.047439235346559e-5,-4.611568660273235e-8
G0,12476644,1.5760573728302532,0.9628257227624414,1.5760488799190213,0.9628256534020397,-8.492911231838818e-6,-6.936040164440271e-8
G0,12476645,1.3280999856680447,1.7763859206109103,1.3280983299398754,1.776359998276517,-1.6557281692364256e-6,-2.592233439324687e-5
G0,12476646,1.7073066522690394,1.015372212391304,1.7072886970465333,1.0153720943199789,-1.795522250613857e-5,-1.1807132516139518e-7
G0,12476647,1.8066216001162974,1.2403059701974435,1.806591319008324,1.2403051182826852,-3.0281107973317845e-5,-8.519147582930486e-7
G0,12476648,1.4219183169611378,1.1804585494894884,1.4219151230195615,1.1804580245267033,-3.193941576329351e-6,-5.249627850201222e-7
G0,12476649,1.087400879279936,1.5006870970940192,1.0874006457883394,1.5006817552805862,-2.33491596501878e-7,-5.3418134329241695e-6
G0,12476650,1.7183628831499644,1.1430364286846137,1.7183438186226383,1.1430360463150109,-1.906452732614028e-5,-3.8236960286930355e-7
G0,12476651,1.4594726168789582,0.9735283310738331,1.4594685190699932,0.973528253578861,-4.097808965042304e-6,-7.749497210607359e-8
G0,12476652,1.1230865546538749,1.0572470788224213,1.1230862332639961,1.0572469022097601,-3.2138987871022096e-7,-1.7661266116242302e-7
G0,12476653,1.0837779592429067,1.615283432500657,1.0837777333504917,1.6152727305018488,-2.2589241499559876e-7,-1.0701998808260171e-5
G0,12476654,1.579886199587498,1.1811938468268655,1.5798775102760512,1.1811933186444283,-8.689311446818948e-6,-5.281824371206056e-7
G0,12476655,1.3360701392544267,1.3041101941808255,1.336068384925633,1.3041088063825128,-1.7543287937904495e-6,-1.3877983127130733e-6
G0,12476656,1.878158558661773,1.1614389179152917,1.878115345118565,1.1614384704178127,-4.321354320802051e-5,-4.474974790724673e-7
G0,12476657,1.7164555460993773,0.9666572804647342,1.716436677101943,0.9666572082840761,-1.8868997434307033e-5,-7.218065811720464e-8
G0,12476658,1.6255717618521734,1.048427359999051,1.6255604031621005,1.0484271975068349,-1.1358690072960087e-5,-1.6249221612696374e-7
G0,12476659,1.0290321824283206,1.6403122725392705,1.029032047515723,1.6402999116180306,-1.3491259753806162e-7,-1.236092123990673e-5
G0,12476660,1.813261311393253,1.0626530803884688,1.8132299919965844,1.0626528945912683,-3.1319396668560984e-5,-1.857972005137043e-7
G0,12476661,1.114190287457814,1.4952433910703156,1.1141899903573445,1.4952382305671068,-2.971004695595525e-7,-5.160503208756495e-6
G0,12476662,1.0383527015787732,1.7513172923383282,1.0383525539809364,1.7512945589707416,-1.475978368414843e-7,-2.273336758662481e-5
G0,12476663,1.5745109033648594,0.9143239901614315,1.5745024886704493,0.9143239489277256,-8.414694410152634e-6,-4.123370589415032e-8
G0,12476664,1.585701922012837,1.133542418853228,1.5856929267706756,1.1335420666759688,-8.995242161358163e-6,-3.521772591330574e-7
G0,12476665,2.3599489987380298,0.7636362741248951,2.3596199433290863,0.7636362675126948,-0.0003290554089434572,-6.612200342814845e-9
G0,12476666,1.977637346453813,0.8179766935371362,1.977568326218215,0.8179766801974864,-6.902023559796078e-5,-1.3339649829191558e-8
G0,12476667,1.6510580532922865,1.0710362117742294,1.6510449138192413,1.0710360108938322,-1.3139473045153949e-5,-2.0088039720533857e-7
G0,12476668,1.2073690017283691,0.8689930271443472,1.2073683469059544,0.868993002482972,-6.548224147362447e-7,-2.4661375275236708e-8
G0,12476669,1.6371365367336912,0.9045581217279177,1.6371243980367818,0.9045580847286073,-1.2138696909413937e-5,-3.6999310393248663e-8
G0,12476670,1.5961294083710855,0.7841082557595104,1.5961198409188742,0.7841082470930975,-9.567452211367566e-6,-8.666412920632638e-9
G0,12476671,1.9613567372732,0.9971651449845699,1.961292681823958,0.9971650464447784,-6.405544924192874e-5,-9.853979143770175e-8
G0,12476672,1.2614045920838721,1.6585785650797544,1.2614035878972245,1.6585648555484407,-1.0041866476129258e-6,-1.370953131374364e-5
G0,12476673,1.0760964284672867,1.7056844723236486,1.076096217964754,1.7056666750251288,-2.1050253273813269e-7,-1.779729851980605e-5
G0,12476674,1.3301473782845594,1.5484903478718701,1.3301456977062038,1.5484831578533653,-1.680578355589546e-6,-7.190018504799056e-6
G0,12476675,1.162729700582542,1.464028014912158,1.162729248168245,1.464023793467227,-4.524142971362721e-7,-4.22144493095189e-6
G0,12476676,1.1365644681034903,1.5760122197131767,1.1365641065536878,1.5760037290946813,-3.615498025411057e-7,-8.490618495393676e-6
G0,12476677,1.0916940717038504,1.3004621761196289,1.0916938289138824,1.3004608255143038,-2.427899679080525e-7,-1.3506053251344241e-6
G0,12476678,2.0526880618278263,1.2172743670762556,2.052591607222044,1.2172736577358423,-9.64546057824478e-5,-7.093404132962888e-7
G0,12476679,1.0090408464222385,1.3534945400376053,1.0090407355016104,1.3534925519137537,-1.1092062801587588e-7,-1.988123851548451e-6
G0,12476680,1.3503485590040127,1.3277814708856859,1.3503466150192158,1.3277798189941943,-1.9439847969149326e-6,-1.6518914915941707e-6
G0,12476681,1.406916971228528,1.3099654302464374,1.406914086041495,1.309963980859119,-2.8851870330637297e-6,-1.449387318386286e-6
G0,12476682,1.50638390421769,1.187446576677668,1.5063783666973838,1.1874460204016033,-5.5375203062979494e-6,-5.562760647670473e-7
G0,12476684,1.4639484773606908,1.2011636603790736,1.463944258102265,1.2011630377888791,-4.21925842575277e-6,-6.225901945100532e-7
G0,12476685,1.3406988771285557,1.1910458671200346,1.3406970631897768,1.191045294079036,-1.8139387789606332e-6,-5.730409986526297e-7
G0,12476686,1.154048794312445,1.2729855126541432,1.154048374064258,1.2729844150531167,-4.202481869164387e-7,-1.0976010265117964e-6
G0,12476688,1.8345689707742991,1.064067768881495,1.8345341073622734,1.0640675806118138,-3.4863412025742946e-5,-1.8826968117835463e-7
G0,12476689,1.2463181283738307,1.2119255640192959,1.2463172353028997,1.2119248845969555,-8.930709309851181e-7,-6.794223403883137e-7
G0,12476690,1.6396145777970965,1.2319424163944355,1.6396022660000946,1.231941618940324,-1.2311797001895997e-5,-7.97454111411966e-7
G0,12476691,1.2406211172960073,1.0913504568263344,1.2406202632663328,1.0913502147925032,-8.540296745351839e-7,-2.420338311992509e-7
G0,12476692,1.7440783786595035,0.9913224236470896,1.7440565000186241,0.9913223307343335,-2.1878640879435807e-5,-9.291275604450533e-8
G0,12476693,1.4709051274479086,1.0392311126247096,1.4709007131415959,1.0392309637783632,-4.414306312705563e-6,-1.488463463594769e-7
G0,12476695,1.388021950135657,1.2862396767412267,1.3880194162531017,1.2862384628740986,-2.5338825553333777e-6,-1.2138671281469726e-6
G0,12476696,1.712731783041697,1.0780492383334106,1.7127132907480402,1.0780490240094593,-1.849229365680216e-5,-2.1432395125309256e-7
G0,12476697,1.1226176970254929,1.4386199506223565,1.122617376958391,1.4386163790513622,-3.200671019332191e-7,-3.5715709942873985e-6
G0,12476698,1.195210433372101,1.1026298899081184,1.195209840376013,1.102629621930654,-5.929960880113327e-7,-2.679774644409605e-7
G0,12476699,1.6345632623741766,1.3849327318464206,1.634551301173453,1.3849302516623712,-1.1961200723664689e-5,-2.4801840494692584e-6
G0,12476700,1.1925112507689732,1.2211724903779986,1.1925106707752782,1.2211717585051094,-5.799936950712237e-7,-7.318728891814175e-7
G0,12476701,1.308788477881562,1.286472227399167,1.3087870410643923,1.2864710113985462,-1.4368171696865772e-6,-1.2160006206407559e-6
G0,12476705,1.4283471302916186,1.126788512258149,1.4283437953727587,1.126788180252506,-3.3349188599540724e-6,-3.320056429778617e-7
G0,12476707,1.2002543676255195,1.0525934816460598,1.2002537496384462,1.052593312614082,-6.179870732925252e-7,-1.6903197774809087e-7
G0,12476708,1.4849466680255963,0.7576052998639827,1.4849418357415007,0.7576052937674038,-4.832284095535044e-6,-6.096578908376671e-9
G0,12476710,1.650626992271559,1.0719568020902024,1.650613884835685,1.071956599488926,-1.310743587401575e-5,-2.026012764222429e-7
G0,12476711,1.4693865128837125,0.9015905429298159,1.4693821418188524,0.9015905071379781,-4.371064860064777e-6,-3.5791837826870676e-8
G0,12476712,1.5320069981778648,1.548205100305857,1.5320005004231074,1.5481979227960894,-6.497754757361918e-6,-7.177509767641865e-6
G0,12476713,1.658890227598588,0.8939280472113661,1.6588764939838707,0.8939280143763563,-1.373361471723733e-5,-3.283500982220744e-8
G0,12476714,1.6833598541135304,1.026875171098683,1.6833441102826905,1.0268750389797867,-1.574383083990938e-5,-1.321188962677411e-7
G0,12476715,1.6023915510308366,1.1994878752490548,1.6023816248377185,1.1994872611187688,-9.926193118126037e-6,-6.141302859585807e-7
G0,12476716,1.374661206781641,1.286370791591122,1.3746588980059558,1.286369576521513,-2.3087756853001906e-6,-1.2150696089285873e-6
G0,12476717,1.6400166418010362,1.2207532129226861,1.6400043017158517,1.2207524835033856,-1.2340085184581184e-5,-7.294193005158434e-7
G0,12476718,1.2301858997035124,1.582003940115582,1.2301851132876813,1.5819951404745938,-7.864158311221559e-7,-8.799640988321755e-6
G0,12476719,1.388259020590086,1.2490941081765834,1.3882564825446446,1.2490931955164357,-2.5380454413692632e-6,-9.126601476783236e-7
G0,12476720,1.3627466913242803,0.9706676594607158,1.3627445682255428,0.9706675842192017,-2.1230987374831756e-6,-7.524151401927526e-8
G0,12476721,1.6230554507303478,1.0179579302629698,1.623044255826091,1.0179578091553159,-1.1194904256939253e-5,-1.2110765390538347e-7
G0,12476722,1.7542481812268576,1.4576438634705544,1.7542250936097288,1.4576398143922344,-2.3087617128769722e-5,-4.049078319967592e-6
G0,12476723,0.9488724030166923,1.0290916970806243,0.9488723431158544,1.0290915620902064,-5.99008378454613e-8,-1.349904179548389e-7
G0,12476724,1.386795030520484,1.0170428435255316,1.3867925180862992,1.0170427235002852,-2.5124341846982645e-6,-1.2002524640841727e-7
G0,12476725,1.54512749711595,1.1997319828178834,1.5451204533571772,1.1997313674616323,-7.043758772917741e-6,-6.153562510657906e-7
G0,12476726,1.129893510477101,1.095683764132134,1.1298931693288707,1.0956835124078839,-3.411482303317115e-7,-2.517242501109962e-7
G0,12476727,1.026586266086851,1.196618489403574,1.0265861343382015,1.1966178895227415,-1.3174864954557108e-7,-5.998808325635707e-7
G0,12476728,1.3031960249345147,1.2171120539898324,1.3031946465404391,1.2171113455741795,-1.3783940755462964e-6,-7.084156528058827e-7
G0,12476729,1.49312589745646,1.400634031947702,1.493120806005468,1.4006312680569164,-5.091450992145141e-6,-2.763890785573153e-6
G0,12476730,1.5607018823566086,1.0390567735299772,1.5606941385838766,1.0390566249321673,-7.743772731938492e-6,-1.4859780983478288e-7
G0,12476731,1.4113673188028255,1.0621400331955442,1.4113643448868993,1.0621398482878515,-2.9739159261854553e-6,-1.8490769271295449e-7
G0,12476735,1.4959437991908713,1.0033620699513923,1.4959386156667915,1.0033619651138497,-5.183524079743762e-6,-1.048375426471182e-7
G0,12476737,1.5469146895376082,1.2973041084378805,1.5469075683770996,1.2973027893165658,-7.121160508605229e-6,-1.3191213146246383e-6
G0,12476738,1.3632836662761303,1.116451663286882,1.3632815351015193,1.1164513601719308,-2.131174611008646e-6,-3.031149511389941e-7
G0,12476739,1.4611575490513462,0.8215403116830444,1.4611534058885298,0.8215402977397885,-4.143162816383494e-6,-1.3943255883219763e-8
G0,12476740,1.2397138395482166,1.330838893343999,1.2397129915946552,1.330837204298363,-8.479535613670208e-7,-1.689045636021902e-6
G0,12476741,1.2882463674831528,0.851932520466,1.2882451350966742,0.8519325002960632,-1.2323864786445426e-6,-2.0169936831848645e-8
G0,12476742,1.2702616893551286,1.1039818576868567,1.2702606143895112,1.10398158643979,-1.0749656174091626e-6,-2.712470668075895e-7
G0,12476743,1.20119008704451,1.4659627430595572,1.201189464320082,1.4659584681208515,-6.227244280232469e-7,-4.274938705695064e-6
G0,12476744,1.6050768161722493,1.0669799566693512,1.6050667325756858,1.066979763217744,-1.0083596563514874e-5,-1.9345160717776366e-7
G0,12476745,1.3139406605229487,1.0028071704988715,1.313939167958372,1.0028070662395037,-1.49256457659952e-6,-1.0425936780578127e-7
G0,12476746,1.0763137736122979,1.385867636222955,1.0763135626874614,1.3858651398946928,-2.1092483648565974e-7,-2.496328262102665e-6
G0,12476747,1.465093638267946,1.4469766904957553,1.465089387432594,1.4469729156428772,-4.2508353519377096e-6,-3.7748528780578994e-6
G0,12476748,1.3724552635949139,0.7880654778218192,1.3724529902387088,0.7880654686981442,-2.2733562050625267e-6,-9.12367503769218e-9
G0,12476749,1.3765804936268202,1.3114081082918772,1.376578153639616,1.311406643364023,-2.3399872042251246e-6,-1.4649278541334354e-6
G0,12476750,1.2506261620552988,1.161954080497771,1.250625238422022,1.161953631043657,-9.236332767503797e-7,-4.494541141486508e-7
G0,12476751,1.2430107692696077,1.064661871226858,1.243009899051549,1.0646616819101646,-8.702180587238928e-7,-1.8931669343302815e-7
G0,12476752,1.189582947178215,1.4403060757759034,1.189582381004489,1.44030246398277,-5.661737261242195e-7,-3.611793133462271e-6
G0,12476755,1.2375008044005444,1.070534585712315,1.2374999711077592,1.0705343857641407,-8.332927852183758e-7,-1.9994817423985012e-7
G0,12476756,1.397630709344425,1.3202482700500064,1.3976280018313434,1.3202467066425607,-2.7075130815124027e-6,-1.5634074457260283e-6
G0,12476757,1.3957005262833717,0.930356765474408,1.3956978544663392,0.9303567163459784,-2.6718170325068513e-6,-4.9128429657763206e-8
G0,12476758,1.7986779100765589,0.8997856917858117,1.798648831721523,0.8997856567110348,-2.9078355035849768e-5,-3.50747768607107e-8
G0,12476760,1.4741285506482942,1.3348045583966666,1.4741240433094471,1.3348028200624367,-4.507338847048459e-6,-1.738334229894889e-6
G0,12476761,1.2252886777518603,1.2201947541601188,1.2252879214006374,1.2201940279975827,-7.563512229857849e-7,-7.261625361021373e-7
G0,12476762,1.381709985763734,1.241536835186156,1.38170756052826,1.2415359749848263,-2.4252354740017523e-6,-8.602013297220878e-7
G0,12476763,1.7442966831359437,1.2253188840366454,1.7442747791346136,1.2253181275031444,-2.1904001330064204e-5,-7.565335009562801e-7
G0,12476764,1.583663094786774,1.1624556524233234,1.5836542078521505,1.1624552010569082,-8.886934623530962e-6,-4.513664151328811e-7
G0,12476766,1.257591855242506,1.274384473186685,1.257590880233375,1.274383363797167,-9.750091309879139e-7,-1.1093895178060365e-6
G0,12476767,1.521959601142255,1.2668865104593363,1.521953496039783,1.2668854629690043,-6.105102472009349e-6,-1.0474903320289997e-6
G0,12476768,1.4285357657580193,1.4104831501347628,1.4285324266211892,1.4104801940357512,-3.339136830149414e-6,-2.9560990115751196e-6
G0,12476769,1.6765308776876398,1.1778811504340714,1.6765157191720719,1.1778806366201153,-1.5158515567881281e-5,-5.138139560489918e-7
G0,12476770,1.880387131283588,0.9113504647558974,1.880343447803839,0.9113504248550512,-4.368347974903486e-5,-3.99008461826611e-8
G0,12476771,1.6460963955794343,1.0384234602231763,1.6460836207569867,1.0384233125251139,-1.2774822447658707e-5,-1.4769806244707695e-7
G0,12476772,1.7477246348151851,1.0543598969752506,1.7477023292148213,1.054359725100549,-2.230560036386997e-5,-1.7187470158219753e-7
G0,12476773,1.6641356986526818,1.2800505973016716,1.6641215541145404,1.2800494390135309,-1.4144538141414031e-5,-1.158288140734598e-6
G0,12476774,1.2669211327276928,1.0574191983303833,1.266920084958703,1.0574190214316386,-1.0477689897925302e-6,-1.7689874476367606e-7
G0,12476775,1.6810689165897874,1.140690226612033,1.6810533712784863,1.1406898519096638,-1.5545311301101705e-5,-3.747023691325069e-7
G0,12476776,1.4722038139375653,1.256010642435424,1.472199362354332,1.2560096793051587,-4.451583233366918e-6,-9.631302653190232e-7
G0,12476777,1.3929170557488855,1.2024871134376365,1.3929144346783335,1.2024864840934621,-2.621070551933613e-6,-6.293441743299155e-7
G0,12476778,1.4068515081566064,1.1380258333193358,1.4068486242571543,1.138025467158432,-2.8838994521329653e-6,-3.6616090381969e-7
G0,12476779,1.2943331800701983,1.1690888489708995,1.294331889973705,1.1690883716275773,-1.290096493189452e-6,-4.773433222027279e-7
G0,12476780,1.1884553431731757,1.0959591728454483,1.1884547822428277,1.0959589204938311,-5.609303479481298e-7,-2.5235161715819743e-7
G0,12476781,1.273308768954478,1.2421601553511885,1.273307668639377,1.2421592909263426,-1.1003151010324785e-6,-8.644248459255266e-7
G0,12476782,1.491291267787548,1.5889921729783985,1.4912862355069554,1.5889830005107415,-5.0322805926761305e-6,-9.17246765697044e-6
G0,12476784,1.5720360750971094,1.1603119274204678,1.5720277842608414,1.160311484177104,-8.290836267965673e-6,-4.4324336379020224e-7
G0,12476785,1.4338136597283058,0.8832077223463304,1.4338102006562392,0.8832076932822779,-3.4590720665583774e-6,-2.9064052498029014e-8
G0,12476786,1.466539289188955,1.3515955392464316,1.4665349981943794,1.3515935778706094,-4.290994575661955e-6,-1.961375822201461e-6
G0,12476787,1.4782238900604705,1.452054086499061,1.4782192620420245,1.4520501832272756,-4.628018446029003e-6,-3.903271785343776e-6
G0,12476788,1.546202577651793,1.3027912330078135,1.5461954874211492,1.3027898587599038,-7.090230643713724e-6,-1.3742479096912064e-6
G0,12476790,1.7207417048765274,1.182555429890599,1.7207223940101295,1.18255489569997,-1.931086639794799e-5,-5.341906288425236e-7
G0,12476791,1.5814059734099777,1.0781250775248685,1.5813972050453515,1.0781248630512725,-8.768364626154934e-6,-2.1447359599413574e-7
G0,12476792,1.3709370331716768,1.3495563302570508,1.370934783913702,1.3495543972503086,-2.2492579747623864e-6,-1.9330067422274055e-6
G0,12476794,1.4740680240396595,0.9564274835799974,1.4740635184634416,0.9564274187108317,-4.505576217894713e-6,-6.486916570569434e-8
G0,12476795,1.5093192614210502,1.43596042662338,1.5093136206242777,1.435956917694059,-5.640796772565793e-6,-3.5089293211054695e-6
G0,12476796,1.6027795378113014,1.128145114741807,1.6027695890091807,1.128144778768773,-9.948802120796074e-6,-3.359730338381439e-7
G0,12476797,1.5221708603591049,1.2927640311388857,1.5221647472199828,1.2927627561435386,-6.113139122021494e-6,-1.2749953470780895e-6
G0,12476798,1.3999151446838716,1.5108893556576344,1.399912394381153,1.5108836589282226,-2.750302718679265e-6,-5.696729411752699e-6
G0,12476799,1.5129573834935008,1.2885985652027563,1.5129516123505637,1.2885973295402966,-5.7711429370943534e-6,-1.2356624596865373e-6
G0,12476800,1.3541541291715786,1.2846272634423836,1.3541521316822314,1.2846260642773113,-1.997489347260739e-6,-1.1991650723519598e-6
G0,12477123,1.282301425766174,1.4580775934967267,1.2823002475310585,1.4580735329071663,-1.178235115473214e-6,-4.060589560372918e-6
G0,12477126,1.0123331507030338,1.528221889686756,1.0123330361136669,1.5282155423798673,-1.1458936688413246e-7,-6.347306888754289e-6
G0,12477128,1.3864625325732454,1.4409180792751075,1.3864600259240005,1.440914452784521,-2.5066492448377886e-6,-3.6264905864946684e-6
G0,12477129,0.9217181445151101,2.2109784923642204,0.9217180997933004,2.2107920863612085,-4.472180969994355e-8,-0.00018640600301189636
G0,12477131,1.7491940502703893,1.497591080594246,1.7491715705665054,1.4975858425718185,-2.2479703883915292e-5,-5.238022427578315e-6
G0,12477132,1.781813486374315,1.1352661381827918,1.7817868244743356,1.1352657806863782,-2.66618999793522e-5,-3.5749641358329143e-7
G0,12477133,1.1657319432250282,1.216523418522437,1.165731479188995,1.2165227134515209,-4.640360331542581e-7,-7.050709160960622e-7
G0,12477134,1.6864956424315651,1.2041689583841317,1.6864796232837924,1.2041683203634388,-1.6019147772716735e-5,-6.380206929446075e-7
G0,12477135,1.6301526253347827,1.2891324226845302,1.6301409630899588,1.2891311820417009,-1.1662244823851253e-5,-1.2406428293587624e-6
G0,12640468,0.931529757242843,1.6522003524419404,0.9315297074871485,1.652187127740064,-4.9755694564446173e-8,-1.3224701876479728e-5
G0,13171689,1.6011215197324187,1.3596601924161624,1.6011116672330525,1.3596581152159921,-9.852499366136414e-6,-2.0772001703139864e-6
G0,13175771,1.1448617876680423,1.238380377281819,1.1448613992373966,1.2383795381891642,-3.884306456480857e-7,-8.39092654691953e-7
G0,13179032,1.2413716213221884,1.0275024984751506,1.241370762237257,1.0275023655491131,-8.590849314149551e-7,-1.3292603751047238e-7
G0,13179034,1.322918703751683,1.5761027208925524,1.3229171094684895,1.5760942256781418,-1.5942831934623314e-6,-8.49521441059764e-6
G0,13197505,1.0736269055558374,1.3196939328379276,1.0736266997991364,1.3196923757732089,-2.0575670101052879e-7,-1.5570647187157505e-6
G0,13217663,1.0474353129797422,1.419962795148019,1.0474351520112317,1.4199596430354289,-1.609685105208314e-7,-3.1521125900546565e-6
G0,13315347,1.7028404159793527,0.8406383625637864,1.7028228926340638,0.8406383449499633,-1.7523345288816827e-5,-1.76138231777756e-8
G0,13324922,0.8758149169421893,1.6541706609043203,0.875814890248346,1.6541572880584499,-2.6693843246938798e-8,-1.3372845870440742e-5
G0,13343733,0.9381673053632629,2.1047562162147853,0.9381672519216794,2.1046356075466215,-5.344158349185335e-8,-0.00012060866816376858
G0,13343736,1.3219545990692936,1.101238503212758,1.3219530159946582,1.1012382385636492,-1.5830746353806546e-6,-2.6464910884982373e-7
G0,13391276,1.618833387679859,1.126625596417632,1.6188224629491719,1.1266252648856305,-1.0924730687200679e-5,-3.31532001407453e-7
G0,13399583,1.1340769271788411,1.4475924816544667,1.1340765733597253,1.4475886914274976,-3.538191157836934e-7,-3.790226969169197e-6
G0,13415294,1.7424234137040933,1.0084979270424175,1.74240172648965,1.00849781671664,-2.1687214443177893e-5,-1.1032577740266447e-7
G0,13436762,1.2370065743271292,1.2364474058644814,1.2370057442776923,1.2364465794710762,-8.300494369617439e-7,-8.26393405262138e-7
G0,13480337,1.3581404539068063,0.9230856619990562,1.3581383989831424,0.9230856166040569,-2.0549236638967017e-6,-4.539499931510704e-8
G0,14032707,3.6038498138321198,0.4704069841565323,3.5938476147331673,0.4704069841135636,-0.010002199098952502,-4.296873967746251e-11
G0,14032708,1.0826769544696835,2.283028336190898,1.0826767308427192,2.2827815239669955,-2.2362696427968842e-7,-0.0002468122239025483
G0,14032710,2.063697873499821,0.9434431964810878,2.0635966930837504,0.9434431399381825,-0.00010118041607043438,-5.654290524681471e-8
G0,14032715,1.8373075256844233,1.210677187783459,1.837272182434309,1.2106765151808818,-3.534325011433914e-5,-6.726025771897071e-7
G0,14032717,0.9473743324671838,2.1297808192660526,0.9473742735101968,2.129646859202641,-5.895698707014674e-8,-0.00013396006341137578
G0,14032718,1.384082878589345,1.1162586433930106,1.3840804130009328,1.1162583407956108,-2.465588412325914e-6,-3.0259739980387224e-7
G0,14032719,2.1983946977285145,0.6518067265677678,2.198217418780494,0.6518067252721761,-0.00017727894802055388,-1.2955917449986032e-9
G0,14032720,2.424049260275306,0.7844353008181875,2.42363481994386,0.7844352921147772,-0.0004144403314456646,-8.703410214749852e-9
G0,14035482,1.2739092265874377,1.29769069622929,1.2739081212151238,1.297689373289076,-1.1053723139031746e-6,-1.3229402140435553e-6
G0,14035484,1.8958742158502517,0.8653334238816347,1.8958271423838613,0.865333400252615,-4.707346639043486e-5,-2.362901974084508e-8
G0,14035486,1.7366400853542057,1.194539498560053,1.7366190556694026,1.1945389088198415,-2.102968480310885e-5,-5.897402115540018e-7
G0,14035487,1.5090621330456546,1.1407482628574872,1.5090565013626671,1.1407478879671167,-5.631682987505826e-6,-3.748903705247386e-7
G0,14035488,1.9567487620902622,0.6921737082489741,1.9566860544479514,0.6921737058390917,-6.270764231075532e-5,-2.4098824047413814e-9
G0,14035489,1.6588951288566953,0.99953185687168,1.658881394862942,0.9995317559675724,-1.3733993753373142e-5,-1.0090410762497726e-7
G0,14035491,1.0270135415543349,1.347143053251605,1.027013409257782,1.3471411533498991,-1.3229655282387398e-7,-1.8999017059595502e-6
G0,14035492,1.1812933293273447,1.5267519782236045,1.181292800707963,1.5267456885125155,-5.28619381601203e-7,-6.289711089069172e-6
G0,14035493,1.4337680408051332,1.3780582242114912,1.433764582785738,1.3780558599406278,-3.4580193952749028e-6,-2.364270863308704e-6
G0,14035494,1.6946685636353576,0.9423074617585874,1.6946518070687808,0.9423074058965246,-1.675656657673663e-5,-5.5862062753320174e-8
G0,14035495,0.8163661367564693,1.7153055686574312,0.8163661236818675,1.7152868167021427,-1.3074601845630696e-8,-1.8751955288554e-5
G0,14035496,0.9931299033296017,1.7530943331484186,0.9931298087074586,1.753071385564033,-9.462214312083717e-8,-2.2947584385590858e-5
G0,14035497,1.346698006643785,1.4259973041143104,1.3466961127922585,1.4259940213469793,-1.8938515264910194e-6,-3.2827673310809047e-6
G0,14035498,1.813505878671781,0.8518583574337661,1.8134745204468279,0.8518583372816414,-3.135822495314855e-5,-2.0152124746708466e-8
G0,14035499,1.76972286273983,1.043549288976601,1.7696978238466792,1.0435491338551324,-2.5038893150863828e-5,-1.5512146855911624e-7
G0,14035500,2.259189685027699,0.8676110279828312,2.258964482155154,0.8676110037159488,-0.00022520287254490512,-2.426688239243191e-8
G0,14035502,1.5159489964892672,1.1541708292237034,1.5159431161898946,1.1541704085377662,-5.880299372540421e-6,-4.206859371969074e-7
G0,14035503,2.153355589348393,0.9538907302803505,2.1532079075848496,0.9538906671188555,-0.0001476817635435168,-6.316149503415858e-8
G0,14035504,1.4543765256481707,1.3612057624830713,1.4543725623671864,1.3612036624096537,-3.96328098428711e-6,-2.1000734176102043e-6
G0,14035505,1.4271689750394836,1.141657612859388,1.4271656663587577,1.1416572350123442,-3.3086807258442263e-6,-3.778470438753345e-7
G0,14035506,1.331372093436868,1.402808219672825,1.3313703978367666,1.4028054143261044,-1.6956001014367672e-6,-2.8053467207023175e-6
G0,14035507,0.8987977959809891,1.7774089196200658,0.8987977612932471,1.7773828592730552,-3.468774201209612e-8,-2.6060347010581353e-5
G0,14035508,1.4355924755024025,1.1867147371538462,1.4355889751631308,1.1867141842329259,-3.5003392717669612e-6,-5.529209203825047e-7
G0,14035509,1.4436337200235154,1.546380836181535,1.4436300276794078,1.5463737382194853,-3.6923441075753516e-6,-7.097962049673612e-6
G0,14035510,1.0635752146020696,1.4921979752446808,1.0635750271965323,1.492192913796924,-1.874055373107808e-7,-5.061447756693482e-6
G0,14035511,1.3339530422217774,1.4830634756069805,1.3339513145765742,1.4830587013253813,-1.7276452031200762e-6,-4.774281599173591e-6
G0,14035512,1.5681404505996697,1.139336900676621,1.5681323514928949,1.1393365303345488,-8.099106774794862e-6,-3.703420721201667e-7
G0,14035513,1.4106554569639635,0.9760699430833218,1.410652497400181,0.9760698635360093,-2.959563782489738e-6,-7.954731251480496e-8
G0,14035514,1.0622881520471963,1.658478872726961,1.0622879668830885,1.6584651708914784,-1.8516410782432047e-7,-1.370183548266013e-5
G0,14035516,1.490590857229256,1.0779911740473658,1.4905858473784517,1.077990959837922,-5.009850804427174e-6,-2.1420944373851114e-7
G0,14035517,2.075582693425336,0.9215206580820913,2.0754761888233126,0.9215206134567591,-0.00010650460202343837,-4.462533220728204e-8
G0,14035518,1.6242109630011137,1.1018085607871084,1.6241996931433458,1.1018082947788195,-1.1269857767892688e-5,-2.6600828895162465e-7
G0,14035519,2.1252520975811513,0.8117964305447518,2.125120643830256,0.8117964181967474,-0.00013145375089518296,-1.2348004396756096e-8
G0,14035521,1.5325792255600386,1.3406140539063058,1.5325727047906954,1.340612241075768,-6.520769343154598e-6,-1.8128305379061516e-6
G0,14035522,1.1308008723489198,1.6056558263483989,1.1308005284871563,1.6056457085268083,-3.4386176350764686e-7,-1.0117821590549525e-5
G0,14035523,1.4892158738926202,1.3042373178512223,1.4892109078187072,1.3042359287406877,-4.966073912981983e-6,-1.38911053459978e-6
G0,14035524,1.6004387979345651,1.1676060989682124,1.6004289848519269,1.1676056275438698,-9.813082638254755e-6,-4.7142434267399835e-7
G0,14035525,1.4544141639608816,1.0626045195615053,1.4544101997007235,1.0626043338486606,-3.96426015814022e-6,-1.8571284465807025e-7
G0,14035526,1.0606007025910775,1.7918270310901492,1.0606005203295712,1.7917989564241161,-1.822615063318267e-7,-2.8074666033051088e-5
G0,14035527,1.5900010697080793,1.266859778868348,1.5899918422883252,1.2668587315931206,-9.22741975406538e-6,-1.0472752274282016e-6
G0,14035528,1.3097869219364788,1.2413501089201207,1.3097854744618995,1.24134924998046,-1.4474745793080501e-6,-8.589396607305844e-7
G0,14035529,2.915320768795682,0.5837894784079719,2.913389783228767,0.5837894779953816,-0.0019309855669149556,-4.1259029526230506e-10
G0,14035530,1.1952866461720926,1.478674110858422,1.195286052805158,1.4786694694014386,-5.933669344759807e-7,-4.641456983422998e-6
G0,14035531,1.5592738205001777,1.3020316099231453,1.5592661433584238,1.302030243426119,-7.677141753870131e-6,-1.3664970262006193e-6
G0,14035532,2.0081227550791145,0.9478925503776839,2.008043538348945,0.947892491095707,-7.921673016975106e-5,-5.9281976994007834e-8
G0,14035534,1.5922747015250749,1.1083718063820445,1.5922653492080463,1.1083715242727528,-9.352317028588075e-6,-2.8210929170491283e-7
G0,14035535,1.1406194608148978,1.8149643612545054,1.1406190863416528,1.8149327706057978,-3.74473245079443e-7,-3.159064870761341e-5
G0,14035536,1.8090457172351853,0.9559742884758056,1.809015060579133,0.9559742239147024,-3.0656656052174824e-5,-6.45611031302451e-8
G0,14035538,1.3898217246475773,1.3487801878309544,1.3898191590104518,1.348778265526299,-2.5656371254179078e-6,-1.922304655455065e-6
G0,14035539,1.3693214851390327,1.4459248546892536,1.3693192612764482,1.4459211059701147,-2.2238625845272253e-6,-3.7487191388851926e-6
G0,14035541,1.899661663266727,0.9970544197615973,1.8996137268602402,0.9970543213312015,-4.793640648670383e-5,-9.843039572299261e-8
G0,14035542,1.375417997130363,1.1815949544750004,1.3754156760918117,1.1815944245288676,-2.321038551356125e-6,-5.299461327545885e-7
G0,14035543,1.2576635823222058,1.364597449125696,1.2576626067711687,1.3645952980780665,-9.755510370634823e-7,-2.1510476295727443e-6
G0,14035544,1.9255585946490572,0.860694405754768,1.925504381558816,0.8606943833788471,-5.4213090241228556e-5,-2.2375920893935586e-8
G0,14035545,1.5393654671630488,1.3840337508138645,1.5393586679525997,1.384031286066868,-6.799210449104365e-6,-2.4647469965000113e-6
G0,14035546,2.2640262335617445,0.6945138948673584,2.2637967825422067,0.6945138923721681,-0.00022945101953775193,-2.4951902766190415e-9
G0,14035548,1.0153999862482477,1.7492164202652687,1.0153998681446714,1.7491939379017543,-1.1810357625208212e-7,-2.2482363514431114e-5
G0,14035549,1.7169219022098003,1.044071777581744,1.7169029855663622,1.044071621685274,-1.8916643438116054e-5,-1.5589647017755226e-7
G0,14035550,1.297353734517499,1.418970677998193,1.2973524149065,1.4189675469222274,-1.319610998917753e-6,-3.13107596561224e-6
G0,14035551,2.4344488303321183,0.7627036175115343,2.4340189004562887,0.762703610981539,-0.0004299298758296821,-6.5299952112241044e-9
G0,14035552,2.1551789017534637,0.8876085488910145,2.155030110160382,0.8876085183284553,-0.0001487915930815653,-3.0562559150126845e-8
G0,14035553,1.665516075851098,1.1005002497914735,1.6655018214066324,1.1004999868934073,-1.4254444465677807e-5,-2.6289806620560796e-7
G0,14035554,1.474418246154504,1.173392141468951,1.4744137303708673,1.1733916465726761,-4.515783636582782e-6,-4.948962748496655e-7
G0,14035555,0.9429606737756147,1.7762285912082543,0.9429606175228669,1.7762026900425805,-5.625274779319511e-8,-2.590116567380285e-5
G0,14035556,1.4091427275795987,1.1146193628019407,1.4091397983122735,1.1146190645684877,-2.929267325146867e-6,-2.982334530443609e-7
G0,14035559,1.2228276556540105,1.3977785752324612,1.2228269140237005,1.3977758649675671,-7.416303100526989e-7,-2.710264894068004e-6
G0,14035560,1.5159881861646987,0.933698942653204,1.5159823044234517,0.9336988917186848,-5.881741246938077e-6,-5.093451915794134e-8
G0,14035561,1.5199444407806155,1.018007719731628,1.519938411873377,1.0180075985648327,-6.028907238553316e-6,-1.2116679526386065e-7
G0,14035562,1.2430498222978772,1.4657315744752724,1.2430489518130192,1.4657273059593874,-8.704848579732527e-7,-4.2685158849753435e-6
G0,14035563,1.4400191383974423,1.2330741545801496,1.44001553347714,1.2330733499415811,-3.604920302269221e-6,-8.046385684412627e-7
G0,14035565,1.1471516517074034,1.245432891960879,1.1471512555529555,1.2454320050580963,-3.961544479125223e-7,-8.869027827707043e-7
G0,14035566,1.689706017094063,1.10063497705481,1.6896897117347935,1.1006347138379564,-1.6305359269441766e-5,-2.632168536464974e-7
G0,14035567,1.4683139112677135,1.1733946335984011,1.4683095705196436,1.1733941386917963,-4.340748069875389e-6,-4.949066048087758e-7
G0,14035568,1.4563027753078364,1.320268469874435,1.4562987616408478,1.3202669062354322,-4.013666988544884e-6,-1.5636390027218283e-6
G0,14035569,1.0340727729935923,1.4023904316849842,1.0340726313467128,1.4023876343465922,-1.4164687955897648e-7,-2.797338392035442e-6
G0,14035570,1.5614773311730614,1.0267326735738458,1.5614695510072647,1.026732541637682,-7.780165796722471e-6,-1.3193616377193962e-7
G0,14035571,1.3534517843818055,0.9986044395042244,1.3534497968637038,0.9986043395325443,-1.9875181016537624e-6,-9.997168004538537e-8
G0,14035572,0.9219238577101818,1.72552189512419,0.9219238128876776,1.725502080836697,-4.482250426374179e-8,-1.9814287492980753e-5
G0,14035573,1.3707459595290366,1.1917465050988902,1.3707437132878855,1.1917459287428915,-2.2462411510826286e-6,-5.763559987048694e-7
G0,14035574,1.6257739412638008,1.2058897855021105,1.6257625693234252,1.205889138494338,-1.137194037559297e-5,-6.47007772469621e-7
G0,14035575,0.850546019825269,2.016650464346135,0.8505459999860071,2.016568172343739,-1.9839261899967653e-8,-8.229200239595613e-5
G0,14035576,1.7999198649421668,1.0051418798143044,1.7998906013302116,1.0051417731029928,-2.9263611955210322e-5,-1.0671131156492208e-7
G0,14035580,0.9616432541882584,1.728110153817033,0.9616431856781751,1.7280900622028548,-6.851008327313224e-8,-2.009161417815264e-5
G0,14035582,1.2486827776832956,1.2127868979279237,1.2486818679495442,1.2127862137645797,-9.097337514418768e-7,-6.841633439780281e-7
G0,14035583,2.016498955803615,0.9054620428738699,2.0164167193250995,0.9054620054996152,-8.223647851535176e-5,-3.7374254691080466e-8
G0,14035585,1.5021184995420749,0.9009029063304055,1.502113109134835,0.900902870813291,-5.390407239902473e-6,-3.551711447169481e-8
G0,14035586,1.0562690308929,1.78855438221267,1.0562688558980862,1.7885267762692811,-1.7499481375082837e-7,-2.7605943388797627e-5
G0,14035587,1.0718360037780161,1.466100725712232,1.0718358014032932,1.46609644693575,-2.0237472297957027e-7,-4.278776482014024e-6
G0,14035588,2.0654465069975854,0.8420583072625636,2.0653445579292047,0.842058289344153,-0.00010194906838068007,-1.791841053311316e-8
G0,14035590,0.8951159157328773,1.5303431919560793,0.8951158824542704,1.5303367607141356,-3.3278606870190686e-8,-6.431241943660737e-6
G0,14035591,1.2322129019392147,1.343071674159195,1.2322121027731976,1.343069828975877,-7.991660171402515e-7,-1.8451833181387656e-6
G0,14035593,1.4465257086125576,1.229436500784385,1.4465219449842575,1.2294357190366272,-3.763628300124111e-6,-7.817477578608845e-7
G0,14035594,1.0436922044649624,1.6349629950120923,1.0436920491318493,1.6349510063889183,-1.553331130388358e-7,-1.19886231739752e-5
G0,14035595,1.3101824735899747,1.408497218640597,1.3101810218740073,1.4084943022179734,-1.45171596743765e-6,-2.916422623622239e-6
G0,14035596,1.2802857336678821,1.3025285066697758,1.2802845733100012,1.3025271351069987,-1.1603578808916382e-6,-1.371562777130464e-6
G0,14035597,1.485262742363855,0.7563647631715756,1.4852579002842123,0.7563647571764799,-4.842079642575214e-6,-5.995095753164037e-9
G0,14035598,2.5109153038028267,0.6456235105894118,2.510355622483793,0.6456235094155447,-0.0005596813190336114,-1.173867114623306e-9
G0,14035602,1.2218062695637504,1.4841535877423095,1.221805533968153,1.4841487799601802,-7.355955973231687e-7,-4.80778212930133e-6
G0,14035603,0.8755184520546374,2.273153241124905,0.8755184254521364,2.272915586405869,-2.6602500979855392e-8,-0.00023765471903614
G0,14035604,1.5915961000930703,0.8763528986406881,1.5915867852076697,0.8763528717803766,-9.314885400568684e-6,-2.6860311530541026e-8
G0,14035605,1.1479867537733843,1.2927197626289422,1.1479863547684035,1.2927184880573523,-3.9900498083333957e-7,-1.2745715898265786e-6
G0,14035606,1.6583746818522915,1.1085165510109838,1.6583609880558705,1.1085162685370622,-1.3693796421021531e-5,-2.8247392158675666e-7
G0,14035607,1.6386756832478662,1.005507940626738,1.638663437288339,1.0055078335263672,-1.2245959527090733e-5,-1.0710037079419976e-7
G0,14035608,1.9731300735186514,0.6663653645607764,1.9730624600019007,0.6663653629327003,-6.76135167507752e-5,-1.6280761183651293e-9
G0,14035610,1.1607285566295518,1.713063432760834,1.160728111817711,1.7130449071850833,-4.4481184069411484e-7,-1.852557575077185e-5
G0,14035611,1.6232579479683364,1.093918743550377,1.623246739960491,1.0939184958139883,-1.120800784537579e-5,-2.4773638873654136e-7
G0,14035612,1.2203440774987602,1.5068510918006344,1.220343350466677,1.506845537954911,-7.270320832031274e-7,-5.553845723316186e-6
G0,14035613,1.4910682059167089,1.3488371306540154,1.4910631807889514,1.3488352075659662,-5.02512775746311e-6,-1.923088049249344e-6
G0,14035614,0.6873454154047722,1.9785087526288478,0.687345413162687,1.9784394575274382,-2.242085184178677e-9,-6.929510140962769e-5
G0,14035615,1.8520072475758178,1.0526475430181892,1.851969229361848,1.0526473738998336,-3.8018213969870374e-5,-1.6911835554189736e-7
G0,14035616,1.4949312788551667,0.9742857142996806,1.4949261285814448,0.9742856361981149,-5.1502737219433214e-6,-7.810156565923876e-8
G0,14035617,1.7276457911278618,0.9366706093414283,1.7276257495169265,0.9366705567515806,-2.0041610935273013e-5,-5.2589847698847336e-8
G0,14035618,1.4814085722073689,1.254046365720804,1.48140384839109,1.2540454171688455,-4.723816278806581e-6,-9.485519585350488e-7
G0,14035619,1.4811259568191997,1.194438283279204,1.481121241574098,1.1944376940287869,-4.715245101705179e-6,-5.892504171267632e-7
G0,14035620,2.477496092066355,0.695802657169924,2.476996700077623,0.6958026546266056,-0.0004993919887317233,-2.5433183337142395e-9
G0,14035622,1.252348090754057,1.553318475471283,1.25234715464859,1.5533110708091589,-9.36105466919912e-7,-7.404662124121941e-6
G0,14035623,1.2855984383505448,1.5320217422828166,1.2855972303492187,1.5320152439359578,-1.2080013260806766e-6,-6.4983468588408755e-6
G0,14035624,2.347895007985146,0.7086498540644758,2.3475802042296556,0.708649850993878,-0.00031480375549053363,-3.0705977760447922e-9
G0,14035625,1.502182774306894,1.024753882431161,1.5021773817085533,1.0247537530093984,-5.392598340758781e-6,-1.2942176264019167e-7
G0,14035626,1.092347175587045,1.2390932165666857,1.0923469313541165,1.2390923727474303,-2.442329285479161e-7,-8.43819255358369e-7
G0,14035627,1.2734526788783802,1.0342048574157048,1.2734515773530983,1.0342047155884115,-1.1015252818769028e-6,-1.4182729324296872e-7
G0,14035628,0.891975281295061,1.8870300097238286,0.8919752491778343,1.886984899058726,-3.2117226655969944e-8,-4.511066510271e-5
G0,14035629,1.9165209062470954,0.8991713410282306,1.9164689600068934,0.8991713061945922,-5.194624020199434e-5,-3.483363841816356e-8
G0,14035630,1.8351207432997618,1.1550302464493492,1.835085783666547,1.155029822669159,-3.495963321475948e-5,-4.2378019005084866e-7
G0,14035631,1.7912134450278485,0.7628272631563162,1.7911854587660285,0.7628272566154756,-2.7986261819989977e-5,-6.54084064688476e-9
G0,14035632,1.7135450988452354,1.2612137419652276,1.7135265248397122,1.261212739257232,-1.8574005523186443e-5,-1.0027079955232665e-6
G0,14035634,0.94377404891699,1.790986981173127,0.943773992174361,1.7909590274784857,-5.674262903987426e-8,-2.795369464125841e-5
G0,14035635,0.946263771547733,1.6097469297983265,0.9462637132818712,1.6097365672423403,-5.8265861802020424e-8,-1.0362555986187516e-5
G0,14035636,1.4606037710134259,1.5150124714183781,1.4605996428052677,1.5150066254836554,-4.128208158205027e-6,-5.84593472274797e-6
G0,14035637,2.14230410690993,0.8555028174590491,2.1421630010019777,0.8555027964148356,-0.00014110590795235467,-2.1044213482923624e-8
G0,14035638,1.6154522691264344,1.0491438087207599,1.615441556625168,1.049143645120176,-1.0712501266274543e-5,-1.6360058374687014e-7
G0,14035640,1.2402556020573392,1.2872643724179633,1.2402547504801666,1.287263149125072,-8.515771725559063e-7,-1.223292891427974e-6
G0,14035641,0.9900360625427672,1.4372775438272045,0.9900359708297617,1.4372740039967504,-9.171300552335282e-8,-3.5398304540912306e-6
G0,14035642,1.5765763642874426,1.2597977311181359,1.576567844984458,1.2597967393210034,-8.519302984622001e-6,-9.917971324213681e-7
G0,14035643,1.336332049672928,1.4159499021619293,1.336330292017913,1.4159468343788968,-1.7576550150888437e-6,-3.0677830324954414e-6
G0,14035644,1.8752089723475618,1.1198690762907397,1.8751663740304807,1.1198687638815532,-4.259831708108841e-5,-3.124091865203127e-7
G0,14035645,1.6512491841725583,1.3390891359943282,1.6512360304724587,1.33908734298571,-1.3153700099577392e-5,-1.79300861824494e-6
G0,14035647,0.9871523859417386,1.5518655504443712,0.9871522968682764,1.5518582109579575,-8.907346216169287e-8,-7.339486413737717e-6
G0,14035648,2.603082551700535,0.5943396281822225,2.6023237330771107,0.5943396276850587,-0.0007588186234244176,-4.971638656314781e-10
G0,14035650,1.5337233771183327,1.4952517687549551,1.5337168101174696,1.4952466079769224,-6.5670008631002474e-6,-5.160778032697877e-6
G0,14035652,0.8437756758834575,2.096565403256518,0.8437756575903764,2.096448907984156,-1.829308104994709e-8,-0.00011649527236201607
G0,14035653,1.2597748651624763,1.3784121376490457,1.2597738735406703,1.3784097675294404,-9.916218060013193e-7,-2.3701196052439144e-6
G0,14035654,2.1992542135871154,1.238969696356018,2.199076323672806,1.2389688533574668,-0.00017788991430922607,-8.429985511870797e-7
G0,14035655,1.9488138724768937,0.9923565546109553,1.9487534282698689,0.9923564607235874,-6.044420702489006e-5,-9.388736788018548e-8
G0,14035662,1.614192251632248,1.4326078696406008,1.6141816172931391,1.4326044382979723,-1.0634339108861468e-5,-3.431342628479328e-6
G0,14035664,1.4114810779935512,1.447070450645404,1.411478101778411,1.4470666734552158,-2.976215140115812e-6,-3.777190188181123e-6
G0,14035665,1.5239032623389035,0.7578485397367133,1.5238970829453555,0.7578485336200563,-6.179393547967038e-6,-6.116656958710109e-9
G0,14035666,1.422856017688535,1.4089580999179234,1.4228528035166443,1.4089551743295001,-3.2141718906419925e-6,-2.925588423297043e-6
G0,14035667,1.3965304438496853,1.0015424095867271,1.3965277567356031,1.0015423066345783,-2.6871140821338457e-6,-1.0295214880606807e-7
G0,14035668,1.3414210481396494,2.131292138258105,1.3414192247412424,2.1311573326950763,-1.8233984069304654e-6,-0.00013480556302880586
G0,14035669,1.5494630533717988,1.4870943979183286,1.5494558205541507,1.4870894987291474,-7.2328176481395445e-6,-4.899189181228891e-6
G0,14035671,1.3542253127390793,1.2213635672813643,1.354223314236676,1.221362834287882,-1.9985024033442045e-6,-7.329934823552264e-7
G0,14035672,1.7469229661482057,0.9981409020072629,1.7469007550370832,0.9981408024987435,-2.221111112254981e-5,-9.95085194244183e-8
G0,14035674,1.5689900116565747,0.9291989438908856,1.5689818710718775,0.9291988953746857,-8.140584697224895e-6,-4.8516199946391225e-8
G0,14035675,1.6265959119168307,1.4914729440386572,1.6265844859673297,1.4914679059257183,-1.1425949500987187e-5,-5.038112938837713e-6
G0,14035677,1.5467811490996823,1.4074937683223687,1.5467740337483664,1.4074908717685168,-7.11535131592278e-6,-2.8965538518832545e-6
G0,14035678,1.8500584978711014,1.26772678056472,1.8500208440901118,1.2677257262929411,-3.765378098963268e-5,-1.0542717789885359e-6
G0,14035679,1.0910520742665124,1.4697244379820857,1.0910518328875838,1.4697200573273916,-2.4137892862263755e-7,-4.380654694102759e-6
G0,14035680,1.529979971995225,1.449296218133801,1.5299735551937763,1.4492923850833355,-6.416801448638765e-6,-3.833050465473775e-6
G0,14035681,1.2052251002935155,2.101991972259066,1.205224456770283,2.101872765543094,-6.435232324797369e-7,-0.00011920671597209775
G0,14035682,1.6518279650251448,1.3627611206607213,1.6518147681606432,1.3627589973453254,-1.3196864501630046e-5,-2.123315395952119e-6
G0,14035684,2.08167939276706,1.101482012505614,2.0815700644727295,1.1014817472766663,-0.00010932829433052405,-2.6522894769342997e-7
G0,14035685,1.641983334565061,1.006667307751386,1.641970855287933,1.0066671994104641,-1.247927712788588e-5,-1.0834092178946264e-7
G0,14035687,1.4658275078640939,2.157962844425629,1.465823236683813,2.1578123444526915,-4.271180280790432e-6,-0.00015049997293736794
G0,14035689,1.5159959198785387,1.6559271678928662,1.5159900378527147,1.6559136617574772,-5.882025823966686e-6,-1.3506135388974272e-5
G0,14035690,1.688721991622598,1.0362439885795067,1.6887057744619747,1.036243843940912,-1.6217160623277493e-5,-1.4463859465685402e-7
G0,14035691,1.6216219723466578,1.4227537658885672,1.6216108698200813,1.4227505539281606,-1.1102526576545202e-5,-3.2119604065350416e-6
G0,14035692,1.64422554762949,1.2457116983790897,1.6442129079875045,1.2457108095377163,-1.2639641985501271e-5,-8.888413733920686e-7
G0,14035694,2.2394116827364083,1.2634801827542728,2.2392031586395222,1.263479162361625,-0.00020852409688609796,-1.0203926477103664e-6
G0,14035696,1.600485460424281,1.2306020502850183,1.6004756446520014,1.2306012612663113,-9.815772279653245e-6,-7.890187070369592e-7
G0,14035697,1.1678799351735767,1.5174318008832461,1.167879462661031,1.5174258658115178,-4.725125457571977e-7,-5.935071728302432e-6
G0,14035698,1.9423821428465842,1.0235219333489332,1.9423234810552257,1.0235218054709623,-5.866179135849414e-5,-1.278779708790978e-7
G0,14035699,1.2790182510633508,1.5936980341764504,1.2790171018236824,1.5936886029203063,-1.1492396683188133e-6,-9.4312561440546e-6
G0,14035701,1.3342803910583785,0.9997812733909671,1.3342786593108673,0.9997811722347782,-1.7317475111688907e-6,-1.0115618886974431e-7
G0,14035702,1.5055765549910498,1.8189691648865738,1.5055710455834808,1.8189369283111405,-5.509407569048719e-6,-3.2236575433275405e-5
G0,14035703,1.2977679126530008,2.101460522779117,1.2977665889488381,2.1013415839859193,-1.3237041627256474e-6,-0.00011893879319790912
G0,14035704,1.4466496668432767,1.6523134845724232,1.4466459001326835,1.6523002514033283,-3.766710593211542e-6,-1.3233169094961639e-5
G0,14035705,1.2836762800546238,1.3564527519947156,1.2836750894867082,1.35645072156251,-1.1905679155876925e-6,-2.030432205701871e-6
G0,14035707,1.8827996325912484,1.3257867273149853,1.882755435397579,1.32578509927332,-4.4197193669326396e-5,-1.6280416652580953e-6
G0,14035710,2.031874575205967,0.9990903619147605,2.0317865362103102,0.9990902614554937,-8.803899565679174e-5,-1.0045926679413952e-7
G0,14035711,1.3341060740110187,1.2357370892852313,1.3341043444491025,1.2357362675155699,-1.7295619161306064e-6,-8.217696614298831e-7
G0,14035712,1.5526192250008413,1.2006453563180541,1.5526118517689524,1.200644736355382,-7.3732318888186654e-6,-6.199626720881923e-7
G0,14035713,1.2267102765503648,1.7788039899985901,1.2267095115783713,1.778777740411987,-7.649719935276522e-7,-2.6249586603022124e-5
G0,14035714,1.7405766846608726,1.3147516420843122,1.7405552093288617,1.3147501405730582,-2.1475332010911785e-5,-1.5015112539984443e-6
G0,14035718,1.68209525734302,1.3998130878225512,1.6820796233668742,1.3998103394440862,-1.5633976145679185e-5,-2.7483784650339516e-6
G0,14035720,2.654008895190607,1.017261570097291,2.653116439533967,1.0172614498141088,-0.0008924556566403119,-1.2028318208123778e-7
G0,14035721,1.6580816726523115,1.4257910529402296,1.6580680014415257,1.4257877747159422,-1.3671210785881627e-5,-3.2782242873619083e-6
G0,14035722,1.7207969975628132,1.275593705425876,1.7207776809377155,1.2755925857566246,-1.931662509768728e-5,-1.1196692513149031e-6
G0,14035723,1.200652606043585,1.4459130990268987,1.2006519860442284,1.4459093505989375,-6.199993565214612e-7,-3.7484279611366134e-6
G0,14035724,1.1277416794137611,1.8395646150232783,1.127741344624947,1.8395288719915575,-3.347888142268829e-7,-3.574303172082516e-5
G0,14035726,1.6731692530584443,1.2935555148937186,1.6731543756220746,1.2935542323009344,-1.487743636974237e-5,-1.2825927842019524e-6
G0,14035727,1.4452135460912794,1.1395276756834873,1.445209814954882,1.139527304729493,-3.731136397400192e-6,-3.7095399441078314e-7
G0,14035728,1.0428813285241354,1.9032003526024177,1.0428811743884565,1.9031515975708169,-1.5413567888700186e-7,-4.875503160084449e-5
G0,14035732,1.8401484526258256,1.2259620973413696,1.8401126055458454,1.2259613369172135,-3.5847079980166896e-5,-7.604241560876801e-7
G0,14035733,1.5892803240276683,1.2509459054573222,1.589271135894458,1.2509449795192666,-9.188133210269456e-6,-9.259380555626251e-7
G0,14035734,1.1531707327663872,1.7365126055537228,1.153170315655979,1.7364915901646105,-4.1711040821290624e-7,-2.1015389112255534e-5
G0,14035735,1.7136825917340315,1.1112827450752785,1.71366400388385,1.1112824555521275,-1.8587850181495114e-5,-2.8952315100916337e-7
G0,14035736,1.8796208827595349,0.9857742939143013,1.8795773613554903,0.9857742060782078,-4.35214040446219e-5,-8.783609350970778e-8
G0,14035737,1.6430909873769972,1.0737282912566493,1.6430784291034204,1.0737280853069975,-1.2558273576823709e-5,-2.059496517770043e-7
G0,14035739,1.1818591667430702,2.0495809883718743,1.18185863563233,2.049485832477824,-5.311107402761195e-7,-9.515589405051372e-5
G0,14035740,1.5318999404739622,1.450422496385664,1.5318934470170698,1.4504186347930754,-6.4934568924091e-6,-3.861592588583207e-6
G0,14035741,1.691279560819044,1.1204982799544758,1.6912631135519296,1.1204979658067669,-1.6447267114472197e-5,-3.1414770895743516e-7
G0,14035742,2.098940946513317,1.10820407426013,2.0988232708844174,1.1082037925728525,-0.0001176756288994163,-2.816872775035506e-7
G0,14035744,1.4383113690677198,1.3656368788938404,1.4383078048150584,1.365634712007646,-3.5642526614587666e-6,-2.1668861944768025e-6
G0,14035745,1.7579254615869813,1.1772761156995482,1.7579019227095714,1.1772756044721338,-2.3538877409912118e-5,-5.112274144014606e-7
G0,14035746,1.6160899361872847,1.3121065236746625,1.6160791839386306,1.3121050511707686,-1.0752248654100072e-5,-1.4725038939289448e-6
G0,14035749,1.710615919356717,1.413359909032123,1.7105976381712127,1.4133568946164354,-1.8281185504287478e-5,-3.014415687507821e-6
G0,14035751,1.059322253097523,1.6030308768897266,1.0593220730080959,1.6030209134173727,-1.8008942714864418e-7,-9.963472353824443e-6
G0,14035752,1.8682652024060886,0.9769297572350206,1.868224022496055,0.9769296769825355,-4.117991003371735e-5,-8.025248510179495e-8
G0,14035756,1.7251548896186968,1.2193421241161309,1.7251351143835747,1.2193414029010585,-1.977523512208812e-5,-7.212150723301392e-7
G0,14035760,1.8139683050619937,1.315521049006498,1.8139368733063257,1.315519538963489,-3.143175566799883e-5,-1.5100430088565986e-6
G0,14035761,1.403324781964518,1.2634705167069735,1.4033219666882115,1.2634694963903301,-2.8152763065225628e-6,-1.0203166433964128e-6
G0,14035767,1.1969535558817035,2.030874359924207,1.196952954352162,2.0307867088556777,-6.015295415107147e-7,-8.765106852948179e-5
G0,14035768,1.397389801266709,1.5056958013680684,1.397387098231703,1.5056902878161205,-2.703035006046406e-6,-5.513551947888828e-6
G0,14035769,2.0314756148641733,1.128229746467242,2.031387730780058,1.128229410245313,-8.788408411541937e-5,-3.362219289648749e-7
G0,14035770,1.6589566265608715,1.3146518140165697,1.6589428878104664,1.31465031360916,-1.3738750405112299e-5,-1.5004074096491848e-6
G0,14035771,1.30591681320087,2.0182025386178863,1.3059154066507572,2.018119675953822,-1.4065501128257551e-6,-8.286266406454246e-5
G0,14035772,1.5861949150561678,1.4276196721654308,1.5861858934520763,1.4276163534689765,-9.021604091552504e-6,-3.3186964543130415e-6
G0,14035774,1.9827556739670524,1.1442850962182474,1.9826850256752193,1.144284709711627,-7.064829183311971e-5,-3.865066202646261e-7
G0,14035775,1.8592709550977642,1.1654268469297941,1.8592315513779942,1.1654263840867514,-3.940371976995927e-5,-4.6284304278110255e-7
G0,14035776,1.3293578471673901,1.580117009381895,1.329356176210664,1.5801083081049132,-1.6709567260964064e-6,-8.701276981826211e-6
G0,14035777,1.4784924110845827,1.3654202532990525,1.478487775055236,1.3654180897221966,-4.636029346638537e-6,-2.1635768558958546e-6
G0,14035778,1.5579340420295942,1.5400198264764968,1.5579264269421915,1.540012999874306,-7.615087402657039e-6,-6.8266021908680585e-6
G0,14035781,1.4508191313777656,1.247857361716585,1.4508152596892536,1.2478564578302072,-3.8716885120138045e-6,-9.038863777455219e-7
G0,14035782,1.43364348073317,2.0601787332717985,1.4336400255866026,2.0600790846391916,-3.455146567299394e-6,-9.964863260680801e-5
G0,14035786,2.158809325008697,1.1522893222490993,2.1586583022587957,1.1522889082675325,-0.00015102274990130837,-4.13981566804722e-7
G0,14035788,2.052275739683889,0.9716142974782402,2.052179458297811,0.9716142214975723,-9.628138607808978e-5,-7.598066797953607e-8
G0,14035789,1.8934423187207126,1.2545715223488936,1.8933957922119218,1.2545705699186074,-4.6526508790778465e-5,-9.524302861940726e-7
G0,14035790,1.405477003416729,1.3685697055168298,1.4054741464355986,1.3685674933853325,-2.8569811303391646e-6,-2.2121314973144734e-6
G0,14035791,1.5724170723517135,1.5379764301611596,1.5724087625522825,1.5379696887770435,-8.309799431005516e-6,-6.741384116049076e-6
G0,14035793,1.2053331857926566,1.477614380642869,1.2053325417039307,1.4776097707630513,-6.440887259095973e-7,-4.6098798176519296e-6
G0,14035794,1.280177627822415,1.4323827144690062,1.2801764684165193,1.4323792882825217,-1.1594058957342668e-6,-3.426186484523086e-6
G0,14035795,1.5191944570032676,1.1868370629704872,1.5191884562398221,1.1868365094900106,-6.000763445479507e-6,-5.534804765616741e-7
G0,14035797,1.8540432528762654,1.0771692168443476,1.8540048506431852,1.0771690042500557,-3.840223308015922e-5,-2.1259429194842028e-7
G0,14035799,2.0873718391623965,1.2122394804129724,2.0872598164062484,1.2122387992661345,-0.00011202275614818902,-6.811468378220553e-7
G0,14035800,1.1117199715292427,1.2798176261073066,1.1117196808777114,1.279816469866632,-2.9065153128726706e-7,-1.1562406747600562e-6
G0,14035801,1.251053089000628,1.3886953030360343,1.251052162288834,1.3886927573138566,-9.267117939693037e-7,-2.5457221777269723e-6
G0,14035802,0.9591016924971454,1.2677918697123431,0.9591016257833533,1.2677908149136432,-6.671379204625794e-8,-1.0547986999398518e-6
G0,14035803,1.6183041266980458,1.3227330509649065,1.6182932354294532,1.3227314588455175,-1.0891268592549963e-5,-1.592119388993396e-6
G0,14035804,1.7332382719093966,0.9693154813456234,1.7332176208149492,0.9693154071488106,-2.0651094447377005e-5,-7.41968128048498e-8
G0,14035805,1.3258503637570649,1.714224858644123,1.3258487349592583,1.7142062161033014,-1.6287978066298336e-6,-1.864254082173389e-5
G0,14035808,1.4259518780851308,1.459241066493733,1.4259485963188636,1.4592369748832434,-3.281766267182462e-6,-4.091610489531661e-6
G0,14035809,1.3953304341349448,1.6133190605157988,1.3953277691146901,1.613308480049794,-2.6650202546996127e-6,-1.058046600466156e-5
G0,14035811,2.6662988237081424,0.8879898321172593,2.6653713065750466,0.8879898014216818,-0.000927517133095801,-3.069557752422014e-8
G0,14035812,1.5999873971513376,1.3631153694425149,1.5999776100543002,1.3631132408019253,-9.787097037472492e-6,-2.1286405895715177e-6
G0,14035813,1.584865823182156,1.2851473708945393,1.5848568724946719,1.2851461670043878,-8.950687484077235e-6,-1.2038901515687428e-6
G0,14035814,1.3109302805940726,1.2821199541028407,1.3109288208295953,1.2821187774871101,-1.4597644772962326e-6,-1.1766157306247749e-6
G0,14035815,1.5811042502271906,1.3350038620085969,1.5810954976070535,1.3350021211641103,-8.75262013710909e-6,-1.740844486564086e-6
G0,14035817,2.1097213308317184,0.9050818117163987,2.1095981683167504,0.9050817745002743,-0.00012316251496802266,-3.721612440443778e-8
G0,14035818,2.107734641687271,1.2673776862722579,2.107612506573571,1.267376634822561,-0.00012213511369996155,-1.0514496968649922e-6
G0,14035820,1.5866765423944467,1.2626968629498472,1.5866674949708666,1.2626958487002387,-9.04742358009969e-6,-1.0142496085219221e-6
G0,14035821,2.099020704187095,1.097817295388179,2.0989029887502757,1.0978170387674486,-0.0001177154368194877,-2.5662073044330214e-7
G0,14035823,1.1968903885071966,1.827915078056936,1.1968897872887794,1.82788135699289,-6.012184172732304e-7,-3.37210640459773e-5
G0,14035824,1.6767139526398334,1.0215904234715898,1.6766987786843348,1.0215902979810947,-1.5173955498548608e-5,-1.254904951064617e-7
G0,14035826,0.8469290870900806,2.49492178547198,0.8469290680907687,2.494391684276487,-1.8999311901524152e-8,-0.0005301011954932378
G0,14035827,1.3671329634954072,1.1960692168388685,1.3671307736318004,1.1960686196521,-2.1898636068939936e-6,-5.971867684806398e-7
G0,14297746,1.3800621762629064,1.1495912806319546,1.380059778706291,1.1495908760989995,-2.397556615463259e-6,-4.045329551338739e-7
G0,14343735,1.1435927725072648,1.4337118243182492,1.14359238829929,1.4337083675956783,-3.842079747684579e-7,-3.45672257084928e-6
G0,14501655,1.0652136328707207,1.7308646473700215,1.065213442577005,1.7308442569052762,-1.9029371567391706e-7,-2.039046474533457e-5
G0,15017622,0.9472654422859514,1.7653429314240014,0.9472653833970506,1.7653184588688284,-5.888890086680476e-8,-2.4472555173016275e-5
G0,15305942,0.808561410354841,1.8947576281915066,0.8085613984991646,1.894710806545163,-1.1855676329552978e-8,-4.682164634361996e-5
G0,15332289,1.6141357166620687,1.1578066371512454,1.61412508581824,1.157806203236573,-1.0630843828574044e-5,-4.339146724152698e-7
G0,15336943,1.8328716998767884,1.309436035023591,1.8328371310030196,1.3094345913023102,-3.456887376884765e-5,-1.4437212807472122e-6
G0,15363335,1.7977751699657412,0.9881996984645984,1.7977462256272352,0.9881996084404163,-2.894433850597622e-5,-9.002418210890539e-8
G0,15366428,1.545141718099863,1.6588408383855417,1.545134673728114,1.6588271085897883,-7.044371749032052e-6,-1.3729795753425478e-5
G0,15368752,1.4630240869301572,1.2943347057684393,1.4630198930104934,1.2943334156571873,-4.193919663775247e-6,-1.2901112520502522e-6
G0,15374710,1.5838816537710296,0.9773278983987028,1.5838727552809428,0.9773278178178022,-8.898490086783895e-6,-8.058090061879852e-8
G0,15395623,1.3323476220254613,1.6240338896005,1.3323459143753718,1.6240226312571888,-1.7076500895552016e-6,-1.125834331117126e-5
G0,15399013,1.2932990590443434,1.7529931074707685,1.2932977789176419,1.752970172135897,-1.2801267015305484e-6,-2.2935334871521107e-5
G0,15416466,1.774142798895967,1.3936472876484112,1.7741171769550812,1.393644653347568,-2.5621940885844907e-5,-2.634300843240567e-6
G0,15416481,1.811217700312102,1.1633588174458611,1.8111867037346325,1.1633583626178354,-3.099657746941098e-5,-4.548280256866377e-7
G0,15422405,1.6606564752559834,1.242165913027013,1.6606426044565015,1.2421650485630686,-1.3870799481896512e-5,-8.644639444277402e-7
G0,15456958,1.4723554500994134,1.3496799875767551,1.472350994145699,1.3496780528600802,-4.455953714455063e-6,-1.9347166748673317e-6
G0,15457468,2.4143824708292843,0.6527797674252387,2.4139820004037427,0.6527797661094934,-0.00040047042554158807,-1.3157452904977163e-9
G0,15490658,1.5113854184015356,1.1294871104120263,1.5113797038995958,1.1294867704729947,-5.714501939868555e-6,-3.399390315905748e-7
G0,15490775,1.123979526979114,1.37754402950616,1.1239792030564888,1.3775416737101687,-3.239226251672278e-7,-2.35579599139335e-6
G0,15530801,1.4276501536902588,1.3478799918345532,1.4276468343154591,1.3478780818770608,-3.319374799692909e-6,-1.909957492385317e-6
G0,15547533,1.2449857480472137,1.659649942798723,1.2449848642456938,1.6596361503228105,-8.838015199685856e-7,-1.3792475912488555e-5
G0,15588896,1.5959591030957572,1.1231256929358449,1.5959495452391568,1.1231253714353282,-9.557856600395098e-6,-3.2150051665347235e-7
G0,15588927,1.2601491755838325,1.450405425918507,1.2601481810885353,1.4504015647599082,-9.944952972240628e-7,-3.861158598850167e-6
G0,15588942,1.5631684194208202,1.2132158915506759,1.563160559369144,1.2132152050151361,-7.860051676189528e-6,-6.865355397511763e-7
G0,15680573,0.7653647334672364,2.2284673842486304,0.7653647267002361,2.2282676260413243,-6.767000293450565e-9,-0.00019975820730611105
G0,15881894,1.4902135732286084,1.5072224603262336,1.4902085754234322,1.5072168934732701,-4.997805176154557e-6,-5.566852963490021e-6
G1,12473322,1.582642403646637,1.1875337017709886,1.5826335705032823,1.1875331450942967,-8.833143354758377e-6,-5.566766918541077e-7
G1,12473328,1.5428569314216154,1.0707540283218522,1.5428499849343291,1.0707538279663391,-6.946487286274561e-6,-2.0035551306918364e-7
G1,12473330,2.07998697279286,1.002503357531185,2.079878434738066,1.0025032535871705,-0.00010853805479404954,-1.0394401450675161e-7
G1,12473331,1.5101543387940943,1.8364370035063948,1.5101486683090564,1.8364018134038662,-5.67048503796741e-6,-3.5190102528614986e-5
G1,12473333,1.1095883007764353,1.6185050720849994,1.1095880155896074,1.6184941681223748,-2.851868279307723e-7,-1.0903962624597696e-5
G1,12473334,1.6807328718521084,1.0697006525335722,1.6807173554758787,1.0697004541266808,-1.551637622965174e-5,-1.984068913607473e-7
G1,12473335,1.7025220109907684,0.9863543283697882,1.702504518085477,0.9863542400147683,-1.7492905291405236e-5,-8.835501985604566e-8
G1,12473336,1.824563208007701,1.0148758379582337,1.824530049970165,1.014875720461975,-3.315803753589641e-5,-1.174962587224826e-7
G1,12473337,1.1388504199916512,2.0377765266813626,1.1388500512059463,2.037686168338348,-3.687857048628729e-7,-9.035834301451828e-5
G1,12476452,1.9342085774567053,0.92555488747996,1.93415211498847,0.9255548408465102,-5.646246823531875e-5,-4.663344976840733e-8
G1,12476453,1.4411339598061277,1.2800039949874966,1.4411303281185655,1.2800028371091763,-3.63168756223331e-6,-1.1578783203347598e-6
G1,12476454,1.7859938924184608,1.0478827941344673,1.7859666484355525,1.0478826324802406,-2.724398290832042e-5,-1.6165422667135942e-7
G1,12476455,1.378939444467238,1.3452036065375714,1.378937065609759,1.3452017328775083,-2.3788574790017947e-6,-1.873660063100857e-6
G1,12476457,1.247058263256711,1.082824783129597,1.24705736499958,1.0828245591996357,-8.982571311211274e-7,-2.239299612405432e-7
G1,12476459,1.4928240384894114,1.1121954821356137,1.492818956815758,1.112195190252472,-5.081673653428709e-6,-2.9188314165651263e-7
G1,12476460,1.6296642243824622,0.8149496789232221,1.629652594836323,0.8149496660778244,-1.1629546139202418e-5,-1.2845397745486764e-8
G1,12476461,1.3608622371545962,1.3176332585477646,1.3608601421841906,1.3176317248626093,-2.0949704055972518e-6,-1.5336851553193753e-6
G1,12476463,1.0081663784391361,1.611828774726162,1.0081662684752233,1.6118182856544914,-1.0996391286433038e-7,-1.048907167056079e-5
G1,12476464,1.4116072962305743,1.407637545866772,1.4116043174625739,1.407634646473394,-2.978768000483356e-6,-2.8993933780530057e-6
G1,12476465,1.0362292720668853,1.708776066883075,1.0362291274487563,1.7087579675546243,-1.446181290276627e-7,-1.809932845064921e-5
G1,12476466,2.0363354416739146,0.9944926110085813,2.0362456544593712,0.994492515079235,-8.978721454333538e-5,-9.592934635538342e-8
G1,12476468,1.4999631302078285,1.1648404346984733,1.4999578128251012,1.1648399741407922,-5.317382727243469e-6,-4.60557681103424e-7
G1,12476469,1.9438039402078822,0.7806058327484009,1.9437448883649415,0.780605824469477,-5.9051842940638366e-5,-8.278923879778688e-9
G1,12476471,1.8292305283364518,1.1005888596615807,1.8291965840511824,1.1005885965538877,-3.394428526948268e-5,-2.6310769296600256e-7
G1,12476472,1.138184950133007,1.2001414286190382,1.1381845834669013,1.2001408112015886,-3.666661057000198e-7,-6.174174496109686e-7
G1,12476473,1.0982098815381804,1.2202698778957104,1.0982096240073036,1.2202691512958255,-2.575308768459905e-7,-7.265998849259603e-7
G1,12476475,1.5029728746959128,1.2793427305721992,1.5029674550994057,1.279341578495236,-5.419596507127977e-6,-1.1520769631623295e-6
G1,12476476,1.2199111747340443,1.2314297014876503,1.2199104502203266,1.2314289072696132,-7.245137176870031e-7,-7.942180371145469e-7
G1,12476477,1.2999131492125642,1.4439682235501987,1.2999118041278905,1.4439645230221647,-1.3450846736429156e-6,-3.700528034000783e-6
G1,12476479,1.473250494510797,1.2072237009265419,1.4732460126830673,1.2072230468754288,-4.481827729607701e-6,-6.540511130470605e-7
G1,12476480,0.9509613407956038,1.135156563908491,0.9509612795561675,1.135156206752317,-6.12394362997648e-8,-3.57156173969031e-7
G1,12476481,1.0109812768325335,1.0726581439719243,1.0109811637624744,1.0726579400508347,-1.1307005909344525e-7,-2.0392108956990285e-7
G1,12476482,0.963201669907886,1.6453332417104642,0.9632016002751769,1.645320522182525,-6.9632709154277e-8,-1.271952793935327e-5
G1,12476483,1.1075557205534443,1.516364409927852,1.1075554404921628,1.5163585143287097,-2.800612814990444e-7,-5.895599142213825e-6
G1,12476484,1.475861349465581,1.2338961542607838,1.4758567914071818,1.2338953443681884,-4.558058399162235e-6,-8.098925954325153e-7
G1,12476485,1.7753180156538124,1.0664972925544114,1.7752922367109496,1.066497099970317,-2.5778942862819676e-5,-1.925840944494439e-7
G1,12476486,1.3734086408213908,1.268552590095423,1.3734063522165898,1.268551529121123,-2.2886048010040128e-6,-1.0609743001932515e-6
G1,12476488,1.7875612958443767,0.7679388333485895,1.787533830781214,0.7679388263450388,-2.7465063162646075e-5,-7.003550628326138e-9
G1,12476491,1.3243651253644373,1.0763580988446777,1.324363514133963,1.0763578878336242,-1.6112304743742811e-6,-2.1101105351917226e-7
G1,12476492,1.3775939813908291,1.3516199336665915,1.3775916247727162,1.3516179719491892,-2.3566181128753527e-6,-1.9617174022990014e-6
G1,12476493,0.9780013931829645,1.6518781312998687,0.9780013120437926,1.6518649306882356,-8.113917193686149e-8,-1.3200611633124026e-5
G1,12476494,1.481981978700607,1.173413705932478,1.4819772374519509,1.173413210946823,-4.741248656126018e-6,-4.949856551306198e-7
G1,12476496,1.142166081343505,1.7224195452940194,1.1421657018342202,1.7224000590132902,-3.7950928488683644e-7,-1.9486280729230643e-5
G1,12476497,1.8246351140866977,0.9812414947510599,1.8246019440571486,0.9812414108776757,-3.317002954905668e-5,-8.387338423787583e-8
G1,12476498,1.3461682046982741,1.1782735314747095,1.3461663180269718,1.1782730159771224,-1.8866713022980264e-6,-5.154975870613754e-7
G1,12476499,1.6465807277878055,0.9711550172097136,1.6465679177640342,0.9711549415884658,-1.2810023771292478e-5,-7.562124781923529e-8
G1,12476500,1.5340822116478863,1.2043465608556936,1.5340756300885539,1.2043459219126096,-6.581559332419218e-6,-6.389430839970345e-7
G1,12476501,1.3161848649076358,1.4001749454310863,1.3161833474693865,1.400172190224542,-1.517438249276637e-6,-2.755206544247102e-6
G1,12476502,1.4523488011568775,1.2179687523486034,1.4523448903145335,1.217968039039936,-3.910842343968213e-6,-7.13308667465995e-7
G1,12476505,1.3480007374403669,1.0540299274500433,1.3479988258307891,1.0540297561095722,-1.9116095777427233e-6,-1.713404711445321e-7
G1,12476506,1.8585233281940923,0.8812239583369728,1.8584840690746132,0.8812239299266921,-3.9259119479106985e-5,-2.8410280683566214e-8
G1,12476507,1.2033473164909447,1.3666530983295155,1.2033466827221855,1.3666509158591362,-6.337687592505858e-7,-2.182470379308299e-6
G1,12476508,1.3469412345488938,1.2903661467403564,1.3469393373929184,1.2903648945201935,-1.8971559754277223e-6,-1.2522201628950569e-6
G1,12476509,1.6802337532828844,1.0579176624666176,1.6802182797963559,1.0579174847370356,-1.5473486528527758e-5,-1.7772958194051114e-7
G1,12476511,1.3286609688102433,1.4363389141234584,1.3286593063056147,1.4363353963387666,-1.662504628630046e-6,-3.5177846917644473e-6
G1,12476513,1.009801641164635,1.3255678865363467,1.00980152940564,1.3255662610926255,-1.1175899516935317e-7,-1.625443721176012e-6
G1,12476514,1.4738296896824548,0.909566079921027,1.473825191041027,0.9095660408014405,-4.498641427819194e-6,-3.911958645907987e-8
G1,12476515,1.194228320265193,1.4909220553941085,1.1942277320296697,1.490917034948058,-5.882355234021475e-7,-5.020446050441052e-6
G1,12476516,1.6375315886954969,1.0169458771503253,1.6375194225462264,1.0169457572392682,-1.2166149270464999e-5,-1.199110570837547e-7
G1,12476517,1.563667365211882,1.1263456807543952,1.563659481453408,1.1263453500347864,-7.883758474047653e-6,-3.307196088098152e-7
G1,12476520,1.3299224371345977,1.2368275411008172,1.3299207593024567,1.2368267122235128,-1.6778321410004793e-6,-8.28877304348552e-7
G1,12476521,1.2122391495673273,1.4985202179225094,1.2122384684223084,1.4985149489392648,-6.811450188326518e-7,-5.268983244599568e-6
G1,12476522,1.4338911390162778,1.2922437308902526,1.4338876781557046,1.2922424608675775,-3.46086057323447e-6,-1.2700226750261834e-6
G1,12476523,1.9997485382176656,0.8320721374820956,1.9996722442705765,0.8320721216096665,-7.629394708907888e-5,-1.5872429148799938e-8
G1,12476524,1.4481183443511183,0.8087861076165578,1.4481145409516838,0.8087860957272622,-3.803399434509913e-6,-1.1889295548073164e-8
G1,12476529,1.839502242700218,0.9418381230602647,1.8394665107686121,0.9418380674774182,-3.573193160577581e-5,-5.5582846547608256e-8
G1,12476531,1.8117263058123083,1.0627009456843284,1.811695229164638,1.0627007598039466,-3.107664767032503e-5,-1.858803817533783e-7
G1,12476533,1.5352351276565588,1.0871899038144182,1.5352284991298506,1.0871896707714956,-6.628526708185589e-6,-2.3304292251502545e-7
G1,12476538,1.1710970186259941,1.4510817703984955,1.1710965331613086,1.451077892012021,-4.854646855623201e-7,-3.878386474420736e-6
G1,12476539,1.2294891683048739,1.323479751353637,1.2294883862298491,1.3234781505155877,-7.820750247411468e-7,-1.600838049231612e-6
G1,12476541,1.6317603399257297,1.1385214051309192,1.6317485694748444,1.1385210373945176,-1.1770450885295602e-5,-3.6773640155196574e-7
G1,12476544,1.0971948812501788,1.5815096355804774,1.0971946260665582,1.5815008618008384,-2.551836206787783e-7,-8.773779639037471e-6
G1,12476545,1.6212911588442978,1.2340502065994698,1.621280077541378,1.2340493957188383,-1.108130291971321e-5,-8.108806315298978e-7
G1,12476546,1.5412005013613423,0.9016708420231376,1.5411936250906844,0.9016708061990958,-6.8762706579850175e-6,-3.582404184410137e-8
G1,12476548,1.368415941629185,1.2350175582280667,1.3684137318903535,1.2350167411187833,-2.209738831471242e-6,-8.1710928334644e-7
G1,12476549,1.3365492424396053,1.583521670918432,1.3365474820220566,1.5835127914540459,-1.7604175486241047e-6,-8.879464386213343e-6
G1,12476550,1.412710959675612,1.300778864527586,1.4127079585029263,1.3007775107287591,-3.0011726857015475e-6,-1.353798826819741e-6
G1,12476551,1.2850750474137012,1.5109880764846813,1.2850738441815788,1.5109823762222536,-1.2032321223820475e-6,-5.700262427632552e-6
G1,12476552,1.3378303107352096,1.3817243076087014,1.3378285339453397,1.3817218821314297,-1.7767898699005968e-6,-2.4254772716947315e-6
G1,12476553,1.597838579532813,1.047665886868898,1.5978289153116407,1.0476657255473816,-9.664221172211995e-6,-1.613215163676074e-7
G1,12476554,1.4794388834488468,1.2388560295592483,1.4794342190857421,1.238855187315308,-4.6643631046450196e-6,-8.422439403688031e-7
G1,12476555,1.6914190289549378,0.9625393946122833,1.6914025690582237,0.9625393254586392,-1.6459896714060562e-5,-6.915364414439296e-8
G1,12476556,1.4862774664950458,1.2277402904228607,1.4862725928498117,1.2277395191505174,-4.8736452340492065e-6,-7.712723433250801e-7
G1,12476560,1.0900425267843405,1.0684397660061258,1.090042287609561,1.0684395699095728,-2.391747795371657e-7,-1.9609655299568374e-7
G1,12476561,1.614532084164987,1.080458188512996,1.6145214287944931,1.080457969390197,-1.0655370493939387e-5,-2.1912279901670217e-7
G1,12476562,1.7650440986588585,0.9982532781018894,1.7650196643337226,0.9982531784812613,-2.4434325135880286e-5,-9.962062808011041e-8
G1,12476564,1.2377707296420999,1.3111524954275107,1.2377698945732207,1.3111510332637946,-8.350688791569638e-7,-1.4621637161038592e-6
G1,12476565,1.502211137094381,0.9545896219909574,1.5022057435289164,0.954589558363033,-5.393565464473227e-6,-6.362792437375475e-8
G1,12476567,1.2865458955455324,1.641670974527538,1.2865446788683672,1.6416585174488545,-1.2166771652388775e-6,-1.2457078683469902e-5
G1,12476574,1.0651862991052412,1.2650075437884647,1.0651861088600298,1.2650065113231128,-1.9024521136223882e-7,-1.032465351880063e-6
G1,12476575,2.0683854834481648,0.8926650643117168,2.0682822311403584,0.8926650319425607,-0.00010325230780638961,-3.236915602222723e-8
G1,12476580,1.3274723982915868,1.0304106241285103,1.3274707501155343,1.0304104874031945,-1.6481760525266509e-6,-1.3672531573583058e-7
G1,12476581,1.3761866612058435,1.1904430197035218,1.3761843276533063,1.1904424495013095,-2.333552537203687e-6,-5.702022123355022e-7
G1,12476582,1.755685216485377,0.7623049725968436,1.7556619534268272,0.7623049661017056,-2.326305854971622e-5,-6.495137983009158e-9
G1,12476583,1.0268339123882528,1.871320158402451,1.0268337803222887,1.8712783595889255,-1.3206596416459604e-7,-4.179881352550652e-5
G1,12476584,2.098965430409336,0.7576775745662433,2.098847742561492,0.7576775684637042,-0.00011768784784393915,-6.102539140684371e-9
G1,12476585,1.4073364097882122,1.0353146846741892,1.4073335163392964,1.0353145413228904,-2.8934489157972365e-6,-1.4335129883136233e-7
G1,12476586,0.9759789130015348,1.2838398301543024,0.9759788335285562,1.2838386381117373,-7.94729786424142e-8,-1.1920425651013034e-6
G1,12476588,1.4997157044788376,0.911059985026066,1.4997103954231177,0.9110599452533418,-5.309055719937561e-6,-3.9772724225173306e-8
G1,12476589,0.9880591039158289,1.541305986485004,0.9880590140197978,1.5412991057614287,-8.989603106357436e-8,-6.880723575353187e-6
G1,12476590,1.6770039085460695,0.9613964353727826,1.6769887101085454,0.9613963670390112,-1.5198437524066577e-5,-6.833377141912678e-8
G1,12476591,1.3786813523667099,1.125077383190994,1.3786789777895523,1.125077056130249,-2.374577157571167e-6,-3.2706074493127346e-7
G1,12476593,1.070396690288959,1.4945730764884484,1.0703964905963776,1.4945679379328674,-1.9969258135965617e-7,-5.13855558104126e-6
G1,12476594,1.2617290396419965,1.5223365237293636,1.2617280329371978,1.52233040428164,-1.0067047986339617e-6,-6.119447723662574e-6
G1,12476595,1.0184703697112902,1.3475964360637473,1.0184702479937147,1.3475945299810153,-1.2171757557410956e-7,-1.9060827320949159e-6
G1,12476596,1.9826516729931964,0.998365855723107,1.982581058109965,0.9983657559900557,-7.061488323145682e-5,-9.97330512619854e-8
G1,12476597,1.2507127581578985,1.512546584903366,1.2507118339009207,1.5125408286096704,-9.242569778411536e-7,-5.756293695480252e-6
G1,12476598,1.2128963330344464,1.2333622289810728,1.2128956482666517,1.2333614225046428,-6.847677946897335e-7,-8.064764300819149e-7
G1,12476600,1.8101748702245848,1.0497492879476338,1.8101440372598285,1.0497491234051206,-3.083296475625552e-5,-1.6454251317021829e-7
G1,12476603,1.5139052154964585,1.1453870233837735,1.5138994099636394,1.145386633193388,-5.80553281914753e-6,-3.901903855574318e-7
G1,12476604,1.5504258550477608,1.0186134073262925,1.5504185796469168,1.0186132854379808,-7.2754008439979145e-6,-1.2188831166604075e-7
G1,12476606,1.3434638946028659,1.1701455574534418,1.3434620442094012,1.1701450758517555,-1.850393464675193e-6,-4.816016863085082e-7
G1,12476607,1.4719371862838837,1.142118121855078,1.4719327423763005,1.1421177425028544,-4.443907583251416e-6,-3.7935222363394416e-7
G1,12476609,1.4173604215334494,1.1793813913208342,1.4173573243380155,1.1793808710432179,-3.0971954338987473e-6,-5.20277616322673e-7
G1,12476611,1.0220302194181956,1.578439626191502,1.0220300933875972,1.5784310115449123,-1.260305984018828e-7,-8.614646589633068e-6
G1,12476613,1.5923538421457513,1.1354530162009988,1.5923444854547641,1.135452658123647,-9.356690987116778e-6,-3.5807735176973665e-7
G1,12476614,1.566694640776908,0.7744305132383205,1.5666866118328877,0.7744305056050069,-8.028944020299633e-6,-7.633313536814512e-9
G1,12476615,1.5065955853507493,1.0372014134012015,1.5065900404386794,1.0372012674256168,-5.544912069943564e-6,-1.4597558473106176e-7
G1,12476616,2.5125126974764176,0.7472170358422922,2.5119499864257313,0.747217030550057,-0.000562711050686282,-5.2922352056228306e-9
G1,12476617,1.2651075164182726,1.3615110125669203,1.2651064831583232,1.3615089079498703,-1.033259949378973e-6,-2.1046170499694483e-6
G1,12476619,1.4326817467251476,1.1828746161087822,1.4326783136892147,1.1828740805009652,-3.433035932864925e-6,-5.356078169871381e-7
G1,12476620,0.917398276489023,2.0121776158743043,0.91739823383568,2.012096949489243,-4.265334296871259e-8,-8.06663850614342e-5
G1,12476621,1.4918920762232193,1.3639494466482383,1.491887024632243,1.3639473054229807,-5.0515909761905675e-6,-2.141225257545898e-6
G1,12476622,1.303192963742621,1.405623815300379,1.3031915853799412,1.4056209554546737,-1.3783626797714277e-6,-2.8598457053607973e-6
G1,12476623,1.7379807215353205,0.9611259130048362,1.7379595409963016,0.9611258448638459,-2.1180539018894606e-5,-6.814099029472942e-8
G1,12476625,1.2431764270281684,1.5709795474660149,1.2431755556778896,1.5709713090174773,-8.713502788193495e-7,-8.238448537589704e-6
G1,12476626,1.5881559818562296,1.1224789169442764,1.5881468547163944,1.1224785972677847,-9.127139835252152e-6,-3.19676491722376e-7
G1,12476627,2.1343646397714537,0.9041473688676717,2.1342281011521784,0.9041473320376303,-0.00013653861927531707,-3.6830041350022213e-8
G1,12476629,1.6140313326911182,0.9677712777870195,1.6140207082981994,0.9677712047674517,-1.0624392918767711e-5,-7.301956783667407e-8
G1,12476632,2.548630735335616,0.6523985405525787,2.547995713808584,0.6523985392447624,-0.000635021527032098,-1.3078162997004483e-9
G1,12476633,1.7139613974440975,1.2186183732028448,1.7139427814923156,1.21861765616397,-1.861595178187514e-5,-7.170388747201883e-7
G1,12476634,1.7440510893019345,0.9122640983820759,1.7440292138294629,0.912264058075851,-2.1875472471677426e-5,-4.030622491324465e-8
G1,12476635,1.4552782713440373,1.0426191857460743,1.4552742845452469,1.0426190319957476,-3.986798790434065e-6,-1.537503266924034e-7
G1,12476636,1.7641018108515996,1.0552780889866036,1.7640774967340758,1.0552779156175203,-2.4314117523793755e-5,-1.7336908331166967e-7
G1,12476637,1.1095691682998376,1.3551968852339797,1.1095688831616426,1.3551948728591787,-2.8513819505526783e-7,-2.0123748010192344e-6
G1,12476638,1.7513384096510076,1.2391304928446076,1.7513156737480604,1.2391296487775394,-2.273590294721295e-5,-8.440670682396956e-7
G1,12476639,1.0242605604333743,1.630014402565541,1.0242604316317854,1.6300027495829488,-1.288015889500116e-7,-1.1652982592202932e-5
G1,12476640,1.761834038837801,1.2493090269003715,1.7618100119104447,1.249308112707884,-2.4026927356368688e-5,-9.141924874889185e-7
G1,12476641,1.1686699909300782,1.4421815728436467,1.1686695152654296,1.4421779158433488,-4.756646485581939e-7,-3.6570002979186e-6
G1,12476642,1.8097694145562402,0.7511122175090127,1.8097386450015327,0.7511122119270595,-3.076955470748821e-5,-5.581953232969283e-9
G1,12476643,1.6225570166385257,0.9235854299911597,1.622545853930838,0.9235853843478931,-1.116270768775074e-5,-4.56432666107176e-8
G1,12476644,1.5864336580403642,0.9714674954461813,1.586424623645614,0.9714674195805609,-9.034394750084829e-6,-7.586562034145317e-8
G1,12476645,1.323630590429399,1.7719079636347002,1.3236289878250096,1.7718826379586718,-1.6026043894168396e-6,-2.5325676028309374e-5
G1,12476646,1.7169590667009542,1.022709986425456,1.7169401462560354,1.022709859555984,-1.892044491880185e-5,-1.2686947203910393e-7
G1,12476647,1.8022316318902283,1.2356649987147648,1.8022020207061418,1.235664177413089,-2.9611184086508757e-5,-8.21301675779651e-7
G1,12476648,1.4144403282451354,1.1735620318845477,1.4144372916673733,1.1735615362837135,-3.0365777621277346e-6,-4.956008341494567e-7
G1,12476649,1.0957057275624422,1.5103072071087653,1.0957054757882119,1.5103015311741985,-2.517742303531634e-7,-5.675934566795604e-6
G1,12476650,1.7279397149926454,1.1508674954956508,1.727919641744189,1.1508670865174604,-2.0073248456320414e-5,-4.0897819042484684e-7
G1,12476651,1.4532935107289262,0.9687533990610274,1.4532895755320114,0.9687533252946685,-3.935196914772732e-6,-7.376635891009897e-8
G1,12476652,1.2383690140511745,1.1696875568745657,1.2383681750336752,1.169687077122664,-8.390174992545241e-7,-4.797519017607499e-7
G1,12476653,1.0921520719412705,1.6251067904929983,1.0921518281401965,1.625095462224683,-2.438010739957974e-7,-1.1328268315402568e-5
G1,12476654,1.5760703374700002,1.1774800289175542,1.5760618439003635,1.177479516819697,-8.493569636724985e-6,-5.120978572303869e-7
G1,12476655,1.3326668600813971,1.3007411740510726,1.3326651484716199,1.3007398206326677,-1.7116097772440497e-6,-1.3534184049035503e-6
G1,12476656,1.8739776022721886,1.1570664330526703,1.873935258536855,1.157066001860704,-4.2343735333627563e-5,-4.311919663546604e-7
G1,12476657,1.721583670114188,0.9705285484700128,1.7215642713952148,0.9705284733365787,-1.9398718973162588e-5,-7.51334341408949e-8
G1,12476658,1.6352291170522344,1.0562382732762898,1.6352171101420903,1.0562380983321393,-1.2006910144135574e-5,-1.7494415049945644e-7
G1,12476659,1.0369767896548492,1.65006264969416,1.0369766439939214,1.6500495840979303,-1.4566092776391315e-7,-1.3065596229600018e-5
G1,12476660,1.8095470407729672,1.059276062438082,1.8095163059475694,1.0592758824267,-3.0734825397837895e-5,-1.800113820227267e-7
G1,12476661,1.1187069029356873,1.500305529333935,1.1187065937152119,1.500300200408995,-3.092204754473471e-7,-5.328924939984603e-6
G1,12476662,1.0422269498324452,1.7563442140725067,1.0422267966571064,1.756320870172086,-1.5317533885728096e-7,-2.3343900420691455e-5
G1,12476663,1.5851244610114636,0.9230693887018335,1.5851154965621825,0.923069343314897,-8.964449281112508e-6,-4.538693654243531e-8
G1,12476664,1.5795647817257197,1.12465532186535,1.5795561090530552,1.1246549960142054,-8.67267266446703e-6,-3.258511447334911e-7
G1,12476665,2.548503124487552,0.8794386283704867,2.547868371650259,0.8794386005373253,-0.0006347528372931954,-2.7833161442281096e-8
G1,12476666,1.9874663353227433,0.8248509789210814,1.9873941594070785,0.8248509643953114,-7.217591566477388e-5,-1.4525770031248442e-8
G1,12476667,1.6607064910107496,1.0789051123822186,1.6606926163091649,1.0789048963640895,-1.3874701584759563e-5,-2.1601812916216545e-7
G1,12476668,1.3193212176932263,0.9669114476071423,1.3193196648803356,0.9669113752358396,-1.5528128907149608e-6,-7.237130272841341e-8
G1,12476669,1.6471499234917537,0.912444994075445,1.6471370719904024,0.9124449536885224,-1.285150135132973e-5,-4.038692258401255e-8
G1,12476670,1.6062553138389994,0.7924699235833571,1.6062451604748738,0.7924699139254655,-1.0153364125686792e-5,-9.657891597569801e-9
G1,12476671,1.9675087123048631,1.0006867406452553,1.9674428184069381,1.0006866385692088,-6.589389792499567e-5,-1.020760465042514e-7
G1,12476672,1.2523313836203775,1.6487345552772859,1.2523304476366368,1.6487215876839374,-9.359837407352245e-7,-1.2967593348456319e-5
G1,12476673,1.0836680268545018,1.715267193009338,1.0836678011891987,1.7152484449488927,-2.2566530311074473e-7,-1.8748060445217263e-5
G1,12476674,1.3275403243945558,1.5459340911614303,1.32753867540258,1.5459270125616091,-1.6489919758555516e-6,-7.078599821186415e-6
G1,12476675,1.1711688308040464,1.4734409814049774,1.1711683450466868,1.4734364940536298,-4.85757359669492e-7,-4.487351347615132e-6
G1,12476676,1.140576433477915,1.5809405264090493,1.1405760591439233,1.580931782321963,-3.743339915818211e-7,-8.744087086176577e-6
G1,12476677,1.096984020730519,1.3059247335290138,1.0969837660321362,1.305923326896201,-2.5469838282887736e-7,-1.4066328128947703e-6
G1,12476678,2.051790019296012,1.2097340403264738,2.0516939416205027,1.209733372835968,-9.607767550923185e-5,-6.674905057568736e-7
G1,12476679,1.0140672428346378,1.3588649029089226,1.0140671262698278,1.3588628373926113,-1.1656481002653152e-7,-2.0655163113225683e-6
G1,12476680,1.3592934354852608,1.3366530825205996,1.3592913636804556,1.336651320780927,-2.071804805270361e-6,-1.7617396725899681e-6
G1,12476681,1.4263668890549157,1.328702301917648,1.4263635981329679,1.3287006389127642,-3.2909219478405305e-6,-1.6630048838006672e-6
G1,12476682,1.518519739287415,1.1984175314272825,1.5185137637447441,1.1984169226470214,-5.975542670899614e-6,-6.087802610910131e-7
G1,12476684,1.460395155600344,1.1978296034784073,1.460391033013483,1.1978289976192587,-4.122586860999533e-6,-6.058591486279852e-7
G1,12476685,1.3506105830776098,1.2004990500668127,1.3506086354498184,1.2004984308440547,-1.947627791487605e-6,-6.192227579582266e-7
G1,12476686,1.1522175963230825,1.2727631595227162,1.1522171825952114,1.2727620637851405,-4.137278710736325e-7,-1.0957375757847387e-6
G1,12476688,1.843736023237547,1.0708213323038647,1.843699531004782,1.0708211318232723,-3.6492232765139576e-5,-2.0048059234945015e-7
G1,12476689,1.2443233713831403,1.2099594536499094,1.2443224921580498,1.2099587849407512,-8.792250905109711e-7,-6.687091582691096e-7
G1,12476690,1.6411841838086145,1.228256768312115,1.641171761255785,1.2282559938633522,-1.242255282951632e-5,-7.744487628968955e-7
G1,12476691,1.3020765496112052,1.1496014875194873,1.3020751826567096,1.1496010829511496,-1.3669544955963175e-6,-4.045683377196241e-7
G1,12476692,1.7361486494320897,0.9848828228403516,1.7361276748107026,0.9848827357965221,-2.0974621387059855e-5,-8.704382947755107e-8
G1,12476693,1.4807002878243978,1.0476820501444666,1.4806955854632229,1.04768188879818,-4.702361174890868e-6,-1.613462865535098e-7
G1,12476695,1.3971545346503835,1.295032970287179,1.3971518359822916,1.295031673405277,-2.6986680918827943e-6,-1.296881902090874e-6
G1,12476696,1.722325295328263,1.085636751245379,1.7223058189378642,1.0856365214819894,-1.9476390398898147e-5,-2.297633896475304e-7
G1,12476697,1.1879755769166251,1.5113515039886254,1.1879750182041242,1.5113457907032908,-5.587125009309801e-7,-5.713285334607576e-6
G1,12476698,1.318963757898595,1.2222823651404784,1.3189622091538735,1.2222816267373677,-1.5487447215800643e-6,-7.38403110656094e-7
G1,12476699,1.6428204441138363,1.3922229017911063,1.642807905175322,1.3922202932428906,-1.2538938514383702e-5,-2.6085482156545936e-6
G1,12476700,1.209890790564014,1.2387682153501935,1.2098901222262777,1.2387673736888252,-6.683377362648457e-7,-8.416613683781549e-7
G1,12476701,1.3138711548424131,1.2915045520158392,1.313869663042424,1.2915032890282696,-1.4917999890950995e-6,-1.2629875696390513e-6
G1,12476705,1.426184124952264,1.124730914606916,1.426180838065095,1.1247305885394197,-3.286887168885144e-6,-3.2606749633679044e-7
G1,12476707,1.3221341025154631,1.1679945066146158,1.3221325173592275,1.1679940336461125,-1.5851562356061777e-6,-4.72968503251181e-7
G1,12476708,1.612905111006209,0.854633289670916,1.6128945559960057,0.8546332688426889,-1.0555010203194826e-5,-2.0828227142999367e-8
G1,12476710,1.6556325594643322,1.0757725828216087,1.6556190757655083,1.0757723729469186,-1.3483698823923973e-5,-2.098746900713877e-7
G1,12476711,1.6056378052905855,1.0126542429181324,1.605627688535742,1.0126541279652472,-1.01167548436365e-5,-1.1495288521068403e-7
G1,12476712,1.5258638130404618,1.5422069930794284,1.5258575579078055,1.542200074217851,-6.2551326562854115e-6,-6.918861577442925e-6
G1,12476713,1.6636472521850987,0.8895439856905026,1.6636331463595546,0.8895439544473661,-1.4105825544064032e-5,-3.12431365223631e-8
G1,12476714,1.6809713869110647,1.0194081426375605,1.6809558500023891,1.0194080197967366,-1.553690867561741e-5,-1.2284082395730422e-7
G1,12476715,1.603787618316846,1.1955689737498176,1.6037776105603745,1.1955683790073057,-1.0007756471530627e-5,-5.947425119057215e-7
G1,12476716,1.4488319110747216,1.358384384612761,1.4488280897366048,1.3583823261277874,-3.8213381168272775e-6,-2.0584849735882926e-6
G1,12476717,1.6492128905988717,1.2285318859853118,1.6491998877824596,1.2285311098398128,-1.3002816412033269e-5,-7.761454989818617e-7
G1,12476718,1.23978449840911,1.601712067790204,1.2397836499837174,1.6017021810839973,-8.484253926077656e-7,-9.886706206607698e-6
G1,12476719,1.3804234479991007,1.241564728365744,1.3804210443980114,1.2415638679758068,-2.4036010892736215e-6,-8.60389937296091e-7
G1,12476720,1.3601027614407706,0.9686639636462285,1.3601006777134705,0.9686638899481554,-2.083727300039584e-6,-7.369807308865717e-8
G1,12476721,1.6995099595329668,1.080130581042039,1.699492752308915,1.0801303625774215,-1.720722405185171e-5,-2.1846461750740787e-7
G1,12476722,1.749180622010455,1.4524447685337416,1.7491581439029629,1.4524408552234265,-2.2478107492229782e-5,-3.913310315128982e-6
G1,12476723,1.0460336772186976,1.1294867839682585,1.04603351838134,1.129486444030197,-1.5883735748900563e-7,-3.399380614776959e-7
G1,12476724,1.5223178493734961,1.1359777642605189,1.5223117306371943,1.135977404547428,-6.118736301852223e-6,-3.5971309086946235e-7
G1,12476725,1.6971994857463515,1.3360609357360145,1.6971824948933691,1.3360591815240033,-1.6990852982345928e-5,-1.754212011206846e-6
G1,12476726,1.1860126257512948,1.1511019856157167,1.1860120760323705,1.1511015758160708,-5.497189243808265e-7,-4.0979964599507923e-7
G1,12476727,1.037617122629767,1.2081379633464189,1.0376169760702543,1.2081373044286927,-1.465595127481123e-7,-6.58917726159558e-7
G1,12476728,1.4397055618135046,1.3497062741580044,1.4397019643909459,1.3497043390776677,-3.5974225587320774e-6,-1.935080336634698e-6
G1,12476729,1.4874195316661563,1.3940959562349724,1.487414622277968,1.3940933137760425,-4.909388188201191e-6,-2.6424589298912338e-6
G1,12476730,1.563948819492418,1.0348533693252069,1.563940922333361,1.0348532266091424,-7.897159057135283e-6,-1.42716064521764e-7
G1,12476731,1.482022155750257,1.1251175550828767,1.4820174132780446,1.125117227906795,-4.742472212493354e-6,-3.271760817824543e-7
G1,12476735,1.501320299827553,1.007970086737888,1.5013149365655603,1.007969976987717,-5.363261992741286e-6,-1.0975017095127271e-7
G1,12476737,1.539493190009232,1.2882407451020528,1.5394863854598377,1.2882395127678083,-6.804549394168191e-6,-1.2323342444275909e-6
G1,12476738,1.368568389981017,1.121248602710681,1.36856617787,1.121248286478574,-2.212111017030338e-6,-3.1623210694498027e-7
G1,12476739,1.5918099934182024,0.9244758247643358,1.591800666748641,0.9244757786757518,-9.326669561326995e-6,-4.6088583949277506e-8
G1,12476740,1.308950215969269,1.4022245069354495,1.30894877743042,1.4022217127719825,-1.4385388489301931e-6,-2.7941634670458626e-6
G1,12476741,1.4062604254500737,0.9515583814911721,1.406257553153639,0.9515583198642832,-2.872296434697219e-6,-6.162688892530355e-8
G1,12476742,1.3334503567687195,1.1635219370167271,1.3334486354064363,1.1635214815610035,-1.721362283158001e-6,-4.554557235803003e-7
G1,12476743,1.1958094812899733,1.4632622832012965,1.1958088853734161,1.4632580827651853,-5.959165572111402e-7,-4.200436111156947e-6
G1,12476744,1.6147577371152875,1.0748520991904646,1.6147470677595959,1.0748518910912495,-1.0669355691605986e-5,-2.0809921519315822e-7
G1,12476745,1.4429684983939248,1.1180523657142347,1.4429648222777638,1.1180520582769033,-3.6761161610332493e-6,-3.074373313705081e-7
G1,12476746,1.0706552813597774,1.3794089532843827,1.0706550811876536,1.3794065666229103,-2.001721237654408e-7,-2.3866614724532553e-6
G1,12476747,1.459844889051916,1.441559914317466,1.459840781260124,1.4415562723565187,-4.107791792051785e-6,-3.6419609472648773e-6
G1,12476748,1.4932161358038352,0.8843083933953941,1.4932110414267792,0.8843083639628414,-5.094377055980814e-6,-2.9432552728358985e-8
G1,12476749,1.5203611410343143,1.4522151568183566,1.5203550964400296,1.4522112494106356,-6.0445942846598655e-6,-3.907407720937783e-6
G1,12476750,1.244612866460397,1.1561894679834168,1.2446119852377386,1.156189039997598,-8.812226583998495e-7,-4.2798581878500386e-7
G1,12476751,1.369091404092719,1.1828354267644134,1.3690891838262256,1.182834891330779,-2.2202664933246297e-6,-5.354336345408939e-7
G1,12476752,1.18102909306062,1.4334538260595646,1.181028565601109,1.4334503752831216,-5.274595109572289e-7,-3.450776443036929e-6
G1,12476755,1.3633874974505198,1.189017262624438,1.3633853647112117,1.189016699086557,-2.132739308047249e-6,-5.635378810264768e-7
G1,12476756,1.4056535369030736,1.3264833807599246,1.4056506764771377,1.3264817444235981,-2.8604259358910866e-6,-1.6363363264382258e-6
G1,12476757,1.5276433790494328,1.0417471573810162,1.5276370544654125,1.041747004906418,-6.324584020278579e-6,-1.5247459828060528e-7
G1,12476758,1.803320235611791,0.8948169360514799,1.8032904595171064,0.8948169028850246,-2.9776094684574872e-5,-3.3166455359889824e-8
G1,12476760,1.471724840564193,1.3324781977812856,1.4717204027612736,1.3324764885125704,-4.4378029193659074e-6,-1.7092687152331365e-6
G1,12476761,1.2302434096834207,1.225141124746373,1.2302426229083387,1.2251403692849874,-7.867750819734454e-7,-7.554613856708414e-7
G1,12476762,1.4015155914077655,1.2603974854808848,1.4015128107734867,1.2603964890753143,-2.780634278831684e-6,-9.96405570496961e-7
G1,12476763,1.7453329174116208,1.2201252256111743,1.745310892681083,1.2201244998532055,-2.2024730537806292e-5,-7.257579688335625e-7
G1,12476764,1.6049929670515835,1.1810351004129747,1.6049828884028936,1.1810345729271183,-1.0078648689848535e-5,-5.274858563275586e-7
G1,12476766,1.2627391783791417,1.279561577151768,1.262738163798521,1.2795604231576851,-1.0145806206285357e-6,-1.153994082958576e-6
G1,12476767,1.5194353503861742,1.2642243066026022,1.5194293405955908,1.2642232803438642,-6.009790583405561e-6,-1.0262587379905597e-6
G1,12476768,1.4245812551169843,1.4065392974765436,1.4245780034293816,1.406536419710953,-3.251687602734421e-6,-2.8777655907141764e-6
G1,12476769,1.6827393918691675,1.1829833745675558,1.682723702021418,1.1829828384760928,-1.5689847749467134e-5,-5.360914629992664e-7
G1,12476770,1.8770344014601208,0.9091138681466759,1.8769914232974392,0.9091138292229018,-4.297816268161725e-5,-3.892377409275838e-8
G1,12476771,1.800716003013102,1.1653146156718837,1.8006866201053768,1.1653141532670048,-2.9382907725139518e-5,-4.624048788315349e-7
G1,12476772,1.7527219365303095,1.057854473226579,1.7526990339822834,1.0578542956025117,-2.2902548026060288e-5,-1.776240674544738e-7
G1,12476773,1.673048385548616,1.2875987351448466,1.673033518133102,1.2875975087623288,-1.4867415514041582e-5,-1.226382517760527e-6
G1,12476774,1.3946579076210932,1.1758445094993635,1.3946552549128826,1.1758440043462213,-2.652708210648669e-6,-5.05153142205117e-7
G1,12476775,1.6901287861765055,1.147887446336685,1.6901124427958214,1.1478870476716292,-1.634338068412511e-5,-3.986650558562843e-7
G1,12476776,1.481181567729121,1.2642190976182477,1.4811768507985286,1.264218071400675,-4.716930592341129e-6,-1.0262175726971634e-6
G1,12476777,1.402327234052931,1.2113303161546694,1.4023244379241826,1.2113296399917093,-2.7961287483169173e-6,-6.761629600671171e-7
G1,12476778,1.5484169278707778,1.2673564095869547,1.5484097410737276,1.2673553583090433,-7.18679705014047e-6,-1.0512779113902582e-6
G1,12476779,1.428660228667211,1.2977439524451713,1.4286568867447682,1.2977426289781038,-3.3419224427788663e-6,-1.3234670674933113e-6
G1,12476780,1.19835548686435,1.1056182903923901,1.1983548783929439,1.1056180151404318,-6.084714061493912e-7,-2.7525195833710825e-7
G1,12476781,1.4083565480571132,1.375791511692005,1.4083536344270433,1.3757891845799761,-2.9136300698784368e-6,-2.3271120288548275e-6
G1,12476782,1.4849585939674936,1.583521570970559,1.4849537613141135,1.5835126915114495,-4.832653380137941e-6,-8.879459109545351e-6
G1,12476784,1.7249761619495527,1.2944742459784075,1.7249564057081925,1.2944729545166183,-1.9756241360191495e-5,-1.291461789287851e-6
G1,12476785,1.5661577916888152,0.9913692431928202,1.5661497886612417,0.991369150236135,-8.003027573533217e-6,-9.295668512709909e-8
G1,12476786,1.4710613304024587,1.355878798330643,1.4710569116271288,1.3558767761686457,-4.4187753298619015e-6,-2.0221619974059024e-6
G1,12476787,1.4761558100845869,1.4496774862608677,1.4761512433575654,1.4496736435691546,-4.566727021426686e-6,-3.842691713051849e-6
G1,12476788,1.5508859340152297,1.3070210693150126,1.5508786381883166,1.3070196511934353,-7.2958269130563025e-6,-1.4181215772790523e-6
G1,12476790,1.7255344418072809,1.1862280794158184,1.7255146261835295,1.1862275287160642,-1.9815623751417988e-5,-5.506997542426006e-7
G1,12476791,1.7329938327797254,1.206747907951076,1.7329732086587635,1.2067472564199944,-2.062412096193178e-5,-6.515310815302655e-7
G1,12476792,1.3795972899158595,1.3581407279831614,1.3795949001175938,1.3581386730554998,-2.389798265722831e-6,-2.0549276615877687e-6
G1,12476794,1.6135146124642112,1.0726508870528237,1.613504019954076,1.0726506831454306,-1.0592510135243316e-5,-2.0390739319253726e-7
G1,12476795,1.5135869859537532,1.4400599635394147,1.5135811919871576,1.4400563576419556,-5.793966595613043e-6,-3.6058974590691406e-6
G1,12476796,1.6123168381023665,1.1362077900686156,1.6123063191757587,1.1362074296364029,-1.051892660774989e-5,-3.6043221274262294e-7
G1,12476797,1.5309790944587818,1.3007387973230256,1.5309726378666721,1.300737443928607,-6.456592109627124e-6,-1.3533944185351032e-6
G1,12476798,1.4080917199756464,1.5194589615509435,1.40808881159648,1.519452950874924,-2.9083791663886416e-6,-6.01067601957439e-6
G1,12476799,1.6645148831695058,1.4299631308638465,1.6645007085145187,1.4299597596580744,-1.4174654987098023e-5,-3.37120577209582e-6
G1,12476800,1.4959423065718056,1.42324187203684,1.4959371230968808,1.4232386495076876,-5.183474924841391e-6,-3.2225291524135002e-6
G1,12477123,1.279731408245966,1.455592765103201,1.279730252762203,1.4555887700735053,-1.1554837631155834e-6,-3.995029695724739e-6
G1,12477126,1.0297332221536237,1.5487530883959786,1.029733086321814,1.548745886838812,-1.3583180979992449e-7,-7.201557166602868e-6
G1,12477128,1.3949181784384306,1.4495629888392514,1.3949155209713584,1.4495591490451083,-2.6574670721757343e-6,-3.839794143090103e-6
G1,12477129,0.9275979971065828,2.2206539879682894,0.9275979494257203,2.220460292982735,-4.768086248052583e-8,-0.00019369498555432685
G1,12477131,1.7463223199561353,1.4946020088682654,1.7463001794118151,1.4945968693670684,-2.2140544320148337e-5,-5.1395011970711835e-6
G1,12477132,1.7840142101270544,1.1301203939408981,1.7839872431608816,1.1301200521159438,-2.6966966172770057e-5,-3.418249543418739e-7
G1,12477133,1.2915487714134293,1.3446206176549695,1.2915475080059735,1.344618751820278,-1.26340745576492e-6,-1.8658346916389235e-6
G1,12477134,1.6824221531384693,1.2001187064396301,1.682406490829453,1.2001180891367274,-1.5662309016395426e-5,-6.173029027944921e-7
G1,12477135,1.6302934045936293,1.2849568839589205,1.6302817329086452,1.284955681801213,-1.1671684984060349e-5,-1.2021577076026801e-6
G1,12640468,0.9467875169867854,1.672307032054362,0.9467874583958903,1.6722922259739144,-5.8590895135601784e-8,-1.480608044768239e-5
G1,13171689,1.6207616102241522,1.3775567111277582,1.620750562821043,1.3775543551230747,-1.1047403109198939e-5,-2.3560046835680026e-6
G1,13175771,1.2060345200098563,1.301602896395419,1.2060338722411192,1.3016015342557474,-6.477687370942675e-7,-1.362139671501339e-6
G1,13179032,1.365551129862583,1.1422767146132258,1.3655489642868903,1.142276334741411,-2.16557569276965e-6,-3.798718146708069e-7
G1,13179034,1.3204989966016814,1.5771387617463777,1.3204974303179398,1.5771302137632626,-1.5662837415941766e-6,-8.547983115114732e-6
G1,13197505,1.0708767064730118,1.320466190400106,1.0708765058894574,1.3204646244929776,-2.0058355443275389e-7,-1.5659071284090942e-6
G1,13217663,1.0506947737342835,1.423539024666698,1.0506946077112576,1.423535795688452,-1.660230259936668e-7,-3.2289782458949645e-6
G1,13315347,1.7073455910353195,0.8358274338212482,1.70732763200703,0.8358274172053222,-1.7959028289382672e-5,-1.6615926079488474e-8
G1,13324922,0.8738635547360794,1.651036796031852,0.8738635286383485,1.6510236581402846,-2.6097730865259905e-8,-1.3137891567316373e-5
G1,13343733,0.9365381101494429,2.102602458742935,0.9365380576344108,2.1024829436175807,-5.25150321006862e-8,-0.00011951512535413045
G1,13343736,1.3199712725015122,1.0994741735567046,1.3199697122663163,1.099473913075275,-1.5602351959298488e-6,-2.6048142953705167e-7
G1,13391276,1.6238049997638084,1.13084388753862,1.6237937562891454,1.1308435435477413,-1.1243474663080733e-5,-3.439908786706525e-7
G1,13399583,1.1429081374187156,1.4574405376858603,1.1429077554719294,1.4574364939939437,-3.819467861987391e-7,-4.043691916644221e-6
G1,13415294,1.7521134877468767,1.0158430007017492,1.7520906586168326,1.0158428820826877,-2.2829130044144108e-5,-1.1861906146215517e-7
G1,13436762,1.233089465397432,1.2325242881021552,1.2330886606612763,1.2325234869613477,-8.047361557128596e-7,-8.011408074715121e-7
G1,13480337,1.3555360645558896,0.9214201074619632,1.355534047318231,0.9214200628856815,-2.0172376586913288e-6,-4.4576281776897986e-8
G1,14032707,3.602849779762558,0.4694298018901519,3.59286811964732,0.4694298018481137,-0.009981660115238267,-4.20381507382217e-11
G1,14032708,1.0734624449888563,2.278718156629644,1.073462239544806,2.278475377823351,-2.0544405043843028e-7,-0.00024277880629286486
G1,14032710,2.062707705466059,0.9357247011699519,2.0626069580812607,0.9357246491121378,-0.00010074738479826095,-5.2057814059480734e-8
G1,14032715,1.8420084440233107,1.2139528714948715,1.8419722637093057,1.2139521808670675,-3.618031400498545e-5,-6.906278040563762e-7
G1,14032717,0.9386136028597162,2.1258238546877686,0.9386135491617861,2.125692086753898,-5.369793010245871e-8,-0.00013176793387037478
G1,14032718,1.3937083236783088,1.125074483606104,1.3937056882689598,1.125074156553684,-2.6354093489722175e-6,-3.270524200349456e-7
G1,14032719,2.1987718284715627,0.6455490057409291,2.1985942816712263,0.645549004568464,-0.00017754680033643666,-1.1724651249878093e-9
G1,14032720,2.427642183206814,0.7889268672251419,2.4272224459981566,0.7889268579991177,-0.00041973720865717823,-9.226024277886324e-9
G1,14035482,1.3438925231593268,1.3682360242909033,1.3438906670572472,1.3682338173488067,-1.8561020795893057e-6,-2.206942096627529e-6
G1,14035484,1.8927254365028696,0.8629423146494477,1.892679070172245,0.8629422916739297,-4.636633062471418e-5,-2.2975518043644172e-8
G1,14035486,1.7405504082733456,1.1971841299431079,1.740528935943059,1.1971835272766866,-2.147233028670925e-5,-6.026664212122057e-7
G1,14035487,1.5863601672679817,1.2092114690691216,1.586351136812191,1.2092108043962362,-9.03045579070394e-6,-6.646728853976214e-7
G1,14035488,1.962080160671192,0.6947607124234667,1.9620158913642565,0.6947607099191228,-6.426930693548272e-5,-2.5043439544347734e-9
G1,14035489,1.6789516594191825,1.0149361124606313,1.678936295629883,1.0149359948946763,-1.5363789299449593e-5,-1.1756595497125488e-7
G1,14035491,1.145551865800892,1.4799964360656415,1.1455514750567664,1.4799917549404313,-3.9074412572226436e-7,-4.6811252101264245e-6
G1,14035492,1.1742543180489378,1.5226517404770052,1.174253819567899,1.5226456090097824,-4.984810386687855e-7,-6.1314672228363065e-6
G1,14035493,1.4320578931432735,1.375650035224284,1.4320544743833188,1.3756477104143583,-3.4187599546875447e-6,-2.3248099256800714e-6
G1,14035494,1.6986621508059385,0.9375516141949721,1.6986450232551082,0.937551561105242,-1.712755083027595e-5,-5.3089730167599214e-8
G1,14035495,0.8694963975614464,1.787558760597912,0.8694963727549665,1.7875312958936005,-2.480647987024298e-8,-2.7464704311475074e-5
G1,14035496,0.9910323677379109,1.7509887575612295,0.9910322750968944,1.7509660636060485,-9.264101652473045e-8,-2.269395518106343e-5
G1,14035497,1.351169705921054,1.430614395809474,1.3511677504994855,1.4306110098817713,-1.9554215684447485e-6,-3.3859277026593304e-6
G1,14035498,1.8189079613541137,0.8462452891852217,1.8188757347358218,0.8462452703410862,-3.222661829194173e-5,-1.884413547426078e-8
G1,14035499,1.8545394412314444,1.1105026258074953,1.8545009449013587,1.1105023382879953,-3.8496330085679986e-5,-2.8751949998628845e-7
G1,14035500,2.265134209175793,0.8622267934145003,2.2649037753766565,0.862226770631375,-0.00023043379913634254,-2.278312527526083e-8
G1,14035502,1.5120922385785271,1.1471101890814848,1.512086498669133,1.1471097930680947,-5.739909394231191e-6,-3.960133900804408e-7
G1,14035503,2.1630230380545603,0.9599505206338188,2.1628693896809232,0.959950453324826,-0.00015364837363707196,-6.730899282381131e-8
G1,14035504,1.4529897832519676,1.3586230880064343,1.452985855899638,1.3586210260311986,-3.927352329569089e-6,-2.0619752356676457e-6
G1,14035505,1.5702679070969827,1.271748714777906,1.5702597037712982,1.2717476275065491,-8.203325684519314e-6,-1.0872713569476389e-6
G1,14035506,1.323087661954773,1.3950094148642962,1.3230860657000962,1.3950067557272536,-1.5962546766612462e-6,-2.6591370425599337e-6
G1,14035507,0.8900539487416608,1.7733316523448095,0.8900539173169639,1.7733061382820072,-3.142469684469518e-8,-2.5514062802267645e-5
G1,14035508,1.5114608345799194,1.2566517310361731,1.5114551173717734,1.2566507631052395,-5.717208146016617e-6,-9.679309336263486e-7
G1,14035509,1.4416177537018586,1.5457259917612796,1.4416141103439417,1.5457189221648027,-3.643357916915946e-6,-7.069596476894091e-6
G1,14035510,1.0725098220308922,1.5023694638224578,1.0725096183895555,1.5023640648555106,-2.0364133668238082e-7,-5.398966947289807e-6
G1,14035511,1.3313434104230537,1.4823053123677825,1.3313417151761142,1.48230056126442,-1.695246939492634e-6,-4.751103362510278e-6
G1,14035512,1.5774345415903959,1.1470877709907654,1.5774259784897193,1.1470873750536248,-8.563100676539648e-6,-3.9593714062924334e-7
G1,14035513,1.5461421578387737,1.0921384625435302,1.546135070226974,1.0921382187725557,-7.087611799683202e-6,-2.437709745173322e-7
G1,14035514,1.0720105823736774,1.6705623576244788,1.0720103796714622,1.6705476950162959,-2.0270221523510656e-7,-1.4662608182947068e-5
G1,14035516,1.6361046000022605,1.2047223474392288,1.6360925327597493,1.2047217065405749,-1.2067242511237808e-5,-6.408986539252481e-7
G1,14035517,2.0852596600677917,0.9276324910428243,2.0851486436906224,0.9276324433440996,-0.00011101637716937063,-4.7698724747746724e-8
G1,14035518,1.6470377884192215,1.1097172025871382,1.6470249450984853,1.109716917072469,-1.2843320736255492e-5,-2.8551466924042757e-7
G1,14035519,2.2141134169875687,0.8699795254800315,2.2139246755180157,0.8699795005335667,-0.00018874146955294435,-2.49464648938158e-8
G1,14035521,1.5285321474425744,1.3366037133454636,1.5285257879198284,1.3366019522344834,-6.35952274596896e-6,-1.76111098015852e-6
G1,14035522,1.1217882578095193,1.5995422750464405,1.1217879400706698,1.5995325135145473,-3.177388494535194e-7,-9.761531893248687e-6
G1,14035523,1.4867865577848722,1.3018721026438156,1.486781668235061,1.3018707377694234,-4.889549811259997e-6,-1.3648743921734763e-6
G1,14035524,1.6022536974983999,1.1636430275156766,1.6022437793275306,1.1636425715934882,-9.918170869260834e-6,-4.5592218844703325e-7
G1,14035525,1.4630587762652048,1.0638165918722269,1.4630545813970823,1.0638164040436568,-4.194868122420203e-6,-1.8782857003074582e-7
G1,14035526,1.0678741859045247,1.8012262684066072,1.0678739908365027,1.8011968088168548,-1.9506802195756734e-7,-2.9459589752312e-5
G1,14035527,1.5900007272973788,1.262829525690007,1.5899914998963236,1.26282851040232,-9.22740105524511e-6,-1.0152876870339611e-6
G1,14035528,1.3028715302891216,1.2346192447668145,1.3028701552196258,1.2346184302273264,-1.3750694958236664e-6,-8.145394880809675e-7
G1,14035529,2.927675002632673,0.5800869313164264,2.9256768946348948,0.5800869309302973,-0.00199810799777822,-3.861291286710866e-10
G1,14035530,1.1919152286378172,1.4788174602126214,1.191914651480986,1.4788128144696466,-5.771568312162856e-7,-4.645742974762612e-6
G1,14035531,1.5666978091126087,1.304525874695759,1.566689780015419,1.3045244826025562,-8.029097189776735e-6,-1.3920932029343192e-6
G1,14035532,2.006948703623713,0.9402721235024241,2.0068699024038743,0.9402720688422329,-7.880121983872002e-5,-5.466019115107912e-8
G1,14035534,1.5934571528157173,1.1036400937415274,1.59344773495991,1.1036398233243094,-9.417855807214437e-6,-2.704172179512909e-7
G1,14035535,1.1351783590243287,1.8171123438680694,1.1351780018005007,1.8170804081893677,-3.572238280735718e-7,-3.193567870174441e-5
G1,14035536,1.8210326517596171,0.964669460970333,1.8210000779082944,0.9646693902653249,-3.257385132271473e-5,-7.070500807060398e-8
G1,14035538,1.3987959786543818,1.3576247244817612,1.3987932493885378,1.3576226770697057,-2.7292658439925788e-6,-2.0474120554503372e-6
G1,14035539,1.3667852995103917,1.444351788592531,1.3667831150054037,1.4443480786606036,-2.184504988012037e-6,-3.7099319274425113e-6
G1,14035541,1.928095400193994,1.0014940461683113,1.9280405356148471,1.0014939432658594,-5.486457914694043e-5,-1.0290245189281677e-7
G1,14035542,1.3722000566958066,1.1786704815999411,1.3721977874062334,1.1786699643941447,-2.26928957314243e-6,-5.172057964131227e-7
G1,14035543,1.2553081830318318,1.3635962419111947,1.2553072251376145,1.3635941060231203,-9.578942172794314e-7,-2.1358880744060116e-6
G1,14035544,1.9383599290231845,0.8578202432836731,1.938302358615497,0.857820221654019,-5.757040768750166e-5,-2.1629654067822912e-8
G1,14035545,1.5588046403904283,1.4023700429715644,1.558796985029876,1.4023672460234773,-7.655360552361046e-6,-2.796948087135931e-6
G1,14035546,2.2686514437839085,0.6977160474088798,2.268417866273068,0.6977160447925732,-0.00023357751084063239,-2.6163066157991466e-9
G1,14035548,1.0122514113712007,1.7457365296818474,1.0122512968742112,1.745714457770695,-1.144969894451009e-7,-2.207191115255469e-5
G1,14035549,1.722366438458463,1.0475394679146666,1.7223469577511579,1.047539306786781,-1.9480707305064016e-5,-1.6112788547850698e-7
G1,14035550,1.2954009038654477,1.4188786447548725,1.2953996034033075,1.4188755156240802,-1.3004621401968564e-6,-3.129130792256518e-6
G1,14035551,2.472687775693304,0.7644071211127661,2.4721965865951927,0.7644071144319261,-0.0004911890981111888,-6.680839992334597e-9
G1,14035552,2.161440035441601,0.8816999277067853,2.161287378021529,0.8816998991408523,-0.0001526574200720887,-2.856593295241794e-8
G1,14035553,1.659812041708357,1.0915105837914498,1.6597982366448492,1.091510341405514,-1.3805063507899007e-5,-2.4238593576697554e-7
G1,14035554,1.4779185389665106,1.1761281079167276,1.477913920042949,1.1761276015653874,-4.618923561627852e-6,-5.063513401903919e-7
G1,14035555,0.9459315053231407,1.7817867756893893,0.9459314472626461,1.7817601174735365,-5.8060494634304405e-8,-2.665821585279282e-5
G1,14035556,1.396991945194079,1.1021046255003462,1.3969892495402692,1.1021043587837152,-2.695653809947629e-6,-2.6671663100330534e-7
G1,14035559,1.2318920917816218,1.4073786178167242,1.2318912946456566,1.4073757235352637,-7.971359652358956e-7,-2.8942814604970835e-6
G1,14035560,1.6575142343117466,1.0490836147048899,1.6575006067474949,1.0490834511976859,-1.3627564251716962e-5,-1.6350720399849195e-7
G1,14035561,1.5302407147917807,1.0268462821530349,1.5302342876268955,1.026846150071203,-6.427164885192127e-6,-1.320818319161532e-7
G1,14035562,1.2514666450974605,1.4748887383293858,1.2514657153949182,1.4748842088010057,-9.297025422849714e-7,-4.529528380148307e-6
G1,14035563,1.440789853200416,1.2308411743301497,1.4407862297935685,1.2308403838123618,-3.6234068474527703e-6,-7.905177878964054e-7
G1,14035565,1.2086668312470743,1.3091100572462826,1.2086661694995786,1.3091086170041557,-6.617474956893687e-7,-1.4402421268933097e-6
G1,14035566,1.6930955376869437,1.0958511293408644,1.6930789253092744,1.09585087723553,-1.6612377669256162e-5,-2.521053343862434e-7
G1,14035567,1.4615491283043514,1.1646914327342484,1.4615449745382956,1.1646909727556618,-4.153766055781105e-6,-4.5997858655333346e-7
G1,14035568,1.45119123984572,1.3139480193541087,1.4511873586644883,1.3139465267085628,-3.881181231735198e-6,-1.4926455458308396e-6
G1,14035569,1.1549396492776807,1.5398499507317887,1.1549392258246252,1.5398431312499494,-4.234530555091709e-7,-6.819481839226427e-6
G1,14035570,1.549683386469977,1.0143528853450303,1.5496761439266773,1.0143527684519322,-7.242543299756932e-6,-1.1689309808993187e-7
G1,14035571,1.3737983529031175,1.0166366714863253,1.373796058039238,1.016636551938753,-2.2948638793707232e-6,-1.1954757228593849e-7
G1,14035572,0.91596649530381,1.7278084743191684,0.9159664533169651,1.7277884152026366,-4.198684488976312e-8,-2.0059116531800925e-5
G1,14035573,1.3801652231622425,1.2006255480348371,1.380162823882906,1.2006249281723869,-2.399279336540161e-6,-6.19862450257358e-7
G1,14035574,1.6239013446673667,1.1999471410994356,1.6238900949362476,1.1999465246608132,-1.1249731119100659e-5,-6.164386223694862e-7
G1,14035575,0.8448505049531293,2.0227242567676256,0.8448504864220124,2.022639712046606,-1.8531116863229613e-8,-8.454472101959709e-5
G1,14035576,1.8046142795675957,1.0000598745927904,1.8045843064016556,1.0000597731543617,-2.9973165940111457e-5,-1.014384287678638e-7
G1,14035580,0.9655228454124927,1.7332272461514366,0.9655227740773031,1.7332065962743288,-7.133518953317264e-8,-2.0649877107814518e-5
G1,14035582,1.2472869205030515,1.210919546134281,1.2472860206383216,1.2109188722124844,-8.998647298419371e-7,-6.739217965900934e-7
G1,14035583,2.0132394765492956,0.902743946402142,2.013158426773151,0.9027439101452396,-8.104977614475928e-5,-3.625690236930268e-8
G1,14035585,1.5055082043111265,0.8965637784274825,1.505502697277837,0.89656374460096,-5.507033289608998e-6,-3.3826522471969156e-8
G1,14035586,1.0469729747510597,1.7833921626380442,1.0469728144883146,1.7833652822071164,-1.6026274507474625e-7,-2.6880430927800347e-5
G1,14035587,1.0700513068339372,1.4639490204852772,1.0700511077802553,1.463944801211923,-1.9905368198180895e-7,-4.219273354255648e-6
G1,14035588,2.063540890755082,0.840462110730643,2.0634397790993098,0.8404620931543026,-0.00010111165577209036,-1.7576340383129718e-8
G1,14035590,0.8936496693581037,1.5403849254744604,0.8936496366262848,1.5403780835470515,-3.273181892193833e-8,-6.841927408851589e-6
G1,14035591,1.366936616570797,1.48284988669656,1.3669344297349484,1.4828451189547376,-2.1868358486276662e-6,-4.767741822453431e-6
G1,14035593,1.4394629068273799,1.220934006631746,1.439459315197383,1.2209332761553433,-3.591629996968493e-6,-7.304764026994093e-7
G1,14035594,1.0451794174501736,1.6483116216710088,1.045179259899358,1.6482986851516124,-1.5755081572699225e-7,-1.2936519396378188e-5
G1,14035595,1.301777562479428,1.4007635118434865,1.3017761985659697,1.4007607454990605,-1.3639134583964818e-6,-2.76634442597512e-6
G1,14035596,1.3511702982870841,1.3739396446089676,1.3511683428572434,1.3739373474721115,-1.955429840716505e-6,-2.297136856066473e-6
G1,14035597,1.544260765857846,0.8016935049112791,1.544253759370053,0.8016934940430718,-7.00648779305979e-6,-1.086820733409155e-8
G1,14035598,2.515554229307489,0.6478795725439669,2.514985711034053,0.6478795713269303,-0.0005685182734356253,-1.2170365826236207e-9
G1,14035602,1.230277461022999,1.4934557120147307,1.230276674035138,1.4934506098620228,-7.869878608790515e-7,-5.102152707880947e-6
G1,14035603,0.8699240943948001,2.27965723896959,0.8699240694644322,2.279413586218666,-2.4930367881204063e-8,-0.0002436527509241948
G1,14035604,1.5896250802864533,0.8750536430797137,1.5896158733795172,0.8750536166198595,-9.206906936176651e-6,-2.6459854196581034e-8
G1,14035605,1.1461245547586068,1.2907102695691228,1.1461241620852798,1.2907090141027178,-3.9267332696546475e-7,-1.2554664050590247e-6
G1,14035606,1.6633446843993334,1.1125433768659279,1.6633306025078105,1.1125430840787802,-1.4081891522854662e-5,-2.927871476376964e-7
G1,14035607,1.6441996673222106,1.0096044214822513,1.6441870295414347,1.0096043099411245,-1.263778077587041e-5,-1.1154112677935757e-7
G1,14035608,1.9904288660990688,0.6642194377391893,1.9903557149046454,0.6642194361644906,-7.315119442341533e-5,-1.5746987047648986e-9
G1,14035610,1.1643807989401742,1.717892580090434,1.1643803401667863,1.717873563939479,-4.587733879457545e-7,-1.901615095500908e-5
G1,14035611,1.6197030271715864,1.0908346306033123,1.6196920472632892,1.090834389700648,-1.0979908297237273e-5,-2.409026642613554e-7
G1,14035612,1.2284056826390028,1.5159330405807248,1.2284049072722474,1.5159271608683167,-7.753667554677435e-7,-5.879712408063398e-6
G1,14035613,1.4956854399407642,1.3531948590786305,1.4956802649188599,1.3531928751971378,-5.175021904335608e-6,-1.9838814926398385e-6
G1,14035614,0.7005227210982524,1.9980492770560467,0.7005227183714835,1.997973564673869,-2.7267689217680413e-9,-7.571238217773946e-5
G1,14035615,1.861210917609632,1.05940748395197,1.861171136518085,1.0594073037184546,-3.978109154711973e-5,-1.802335154454937e-7
G1,14035616,1.500320023148839,0.9789554458303639,1.5003146937348315,0.9789553638944664,-5.329414007437805e-6,-8.193589751126495e-8
G1,14035617,1.7328029362339146,0.9405683797731997,1.7327823331567291,0.9405683249395149,-2.060307718543264e-5,-5.483368481495887e-8
G1,14035618,1.4809569239607459,1.2507181824182916,1.480952213835548,1.2507172581222328,-4.710125197870951e-6,-9.242960588018434e-7
G1,14035619,1.4904786600085205,1.2028772422043366,1.4904736537425232,1.2028766108568765,-5.006265997309356e-6,-6.313474600894153e-7
G1,14035620,2.4822098430284196,0.6981148027192363,2.481702296923337,0.6981148000874844,-0.0005075461050827457,-2.6317519274954293e-9
G1,14035622,1.24652252540942,1.5504162857115829,1.246521630908911,1.5504090107350548,-8.945005089966429e-7,-7.274976528082178e-6
G1,14035623,1.2934024374579356,1.540689289327536,1.29340115633765,1.5406824346012449,-1.2811202856344295e-6,-6.854726291027902e-6
G1,14035624,2.3590625868124127,0.7046292074572507,2.358734597837449,0.7046292045613244,-0.00032798897496366664,-2.895926276558214e-9
G1,14035625,1.6466353570753958,1.1475462647069317,1.6466225430758459,1.147545867207773,-1.2813999549887711e-5,-3.974991586996879e-7
G1,14035626,1.1017997660138614,1.2489470325632885,1.1017995000265914,1.2489461209504609,-2.6598726998727784e-7,-9.116128276698277e-7
G1,14035627,1.4006529748997996,1.1508084928662006,1.4006502106501666,1.1508080840944745,-2.7642496329693955e-6,-4.087717260237156e-7
G1,14035628,0.8896308813449086,1.8837620139207216,0.8896308500709006,1.8837176103413855,-3.1274008049919644e-8,-4.440357933610528e-5
G1,14035629,1.9372797182085848,0.9137346897735525,1.937222437891331,0.9137346488071074,-5.7280317253827207e-5,-4.0966445125079076e-8
G1,14035630,1.8390826900825565,1.1504153456236388,1.8390470327389867,1.1504149382252784,-3.565734356980599e-5,-4.0739836038028443e-7
G1,14035631,1.820119016859199,0.7657393414718485,1.8200865927176229,0.7657393346708735,-3.242414157611506e-5,-6.800975005383236e-9
G1,14035632,1.7152010685952808,1.2573940184975811,1.7151823272443154,1.2573930449817519,-1.8741350965356673e-5,-9.735158292834e-7
G1,14035634,0.9510676995275059,1.8008044348242145,0.9510676382192064,1.8007750386395234,-6.130829954820172e-8,-2.9396184691110605e-5
G1,14035635,0.9376060226772063,1.6050103222168746,0.9376059695564659,1.6050002425442427,-5.312074036201153e-8,-1.0079672631890801e-5
G1,14035636,1.4578149415439976,1.512895315275135,1.457810887928679,1.5128895463779481,-4.053615318522219e-6,-5.768897186841926e-6
G1,14035637,2.1487086264931503,0.8495871572802457,2.148563741163591,0.8495871376668273,-0.00014488532955914124,-1.9613418444919262e-8
G1,14035638,1.6182769743286978,1.0449818614038955,1.6182660847743677,1.0449817041492844,-1.0889554330040241e-5,-1.5725461111060213e-7
G1,14035640,1.3741337482621365,1.4232815935224457,1.3741314479994753,1.4232783701318752,-2.3002626612367294e-6,-3.223390570461504e-6
G1,14035641,0.9936661563727848,1.442163413285651,0.9936660612381352,1.4421597567254472,-9.513464960253515e-8,-3.656560203735282e-6
G1,14035642,1.7312978336238436,1.4001529643085848,1.7312773958092986,1.4001502095172393,-2.043781454497129e-5,-2.7547913454828432e-6
G1,14035643,1.4105711590626886,1.492190500270725,1.4105682011944287,1.4921854390640321,-2.9578682598785377e-6,-5.0612066928579225e-6
G1,14035644,1.8711884135693408,1.1159619648126662,1.8711466416116271,1.1159616630092315,-4.1771957713709895e-5,-3.018034346879972e-7
G1,14035645,1.646830238743687,1.332009023864047,1.646817410552357,1.3320073204049447,-1.2828191330083172e-5,-1.7034591022202505e-6
G1,14035647,0.99581937902725,1.5622025084376658,0.9958192818097569,1.562194694102562,-9.721749316682349e-8,-7.814335103883963e-6
G1,14035648,2.6184883024518144,0.5918004313753419,2.617690970792083,0.5918004308998435,-0.0007973316597316149,-4.754984184174305e-10
G1,14035650,1.541801049067923,1.5024885813402955,1.5417941474121168,1.502483178306401,-6.901655806190732e-6,-5.403033894513243e-6
G1,14035652,0.8408846779371321,2.093476810767971,0.8408846602708063,2.0933618348933436,-1.7666325735632427e-8,-0.00011497587462727665
G1,14035653,1.2574464321169683,1.3760846002503957,1.2574454582057109,1.3760822683628433,-9.739112574180808e-7,-2.331887552387002e-6
G1,14035654,2.1932520706148275,1.2290506490882154,2.1930784097004206,1.2290498697343903,-0.00017366091440695897,-7.793538250311371e-7
G1,14035655,1.94013604581823,0.9855439751160691,1.940077995668485,0.985543887485276,-5.805014974491485e-5,-8.763079306639554e-8
G1,14035662,1.7087279745443325,1.5222278533852076,1.7087098799482385,1.522221738076387,-1.80945960939205e-5,-6.115308820664467e-6
G1,14035664,1.430971900594754,1.4668095215685646,1.4309685065615831,1.4668052230302306,-3.394033170955879e-6,-4.2985383339466665e-6
G1,14035665,1.5341696707912391,0.766591557655389,1.5341630856792685,0.7665915507765546,-6.585111970602853e-6,-6.878834390988686e-9
G1,14035666,1.4343976274381987,1.420444242258067,1.4343941548659638,1.4204410798922265,-3.47257223487496e-6,-3.1623658405255384e-6
G1,14035667,1.3936369155178714,0.9991760146022507,1.3936342814053617,0.9991759140568189,-2.634112509669606e-6,-1.005454317581922e-7
G1,14035668,1.3482062396964174,2.1405464690580054,1.3482043252721867,2.1404063854174487,-1.9144242306978754e-6,-0.00014008364055673184
G1,14035669,1.5577367992302218,1.4951446827681623,1.557729193241257,1.4951395255020472,-7.605988964876076e-6,-5.157266115052295e-6
G1,14035671,1.3509872112816257,1.2167442687246888,1.3509852584069202,1.2167435624005025,-1.9528747055019835e-6,-7.063241862503844e-7
G1,14035672,1.756711686749743,1.0057709689318837,1.7566882976637654,1.0057708615511805,-2.338908597754319e-5,-1.0738070321814064e-7
G1,14035674,1.5719057020782583,0.9247783657561888,1.5718974177222602,0.9247783195154143,-8.28435599808941e-6,-4.624077443171615e-8
G1,14035675,1.6237858553285585,1.4885940742074244,1.6237746130967354,1.4885891278198613,-1.1242231823027637e-5,-4.946387563098398e-6
G1,14035677,1.551286389055981,1.4117349167575535,1.551279075409201,1.411731935406371,-7.313646779971705e-6,-2.9813511823739702e-6
G1,14035678,1.8546737254176218,1.271044989603662,1.8546352035875227,1.271043908171347,-3.852183009911414e-5,-1.0814323150309946e-6
G1,14035679,1.0850522556623468,1.4626822704919769,1.0850520271224826,1.4626780859080184,-2.2853986414439476e-7,-4.184583958455335e-6
G1,14035680,1.5272550930713045,1.4465284848761863,1.5272487836984108,1.4465247211788774,-6.30937289369804e-6,-3.7636973089227865e-6
G1,14035681,1.1970963416893725,2.099857734365151,1.197095739456027,2.0997396004575295,-6.022333454147599e-7,-0.00011813390762149822
G1,14035682,1.641488426488483,1.3530024431665408,1.6414759823669243,1.3530004620047236,-1.2444121558763399e-5,-1.9811618172660417e-6
G1,14035684,2.079439529062262,1.0991197974437918,2.0793312455687625,1.0991195377924035,-0.0001082834934993393,-2.5965138839012525e-7
G1,14035685,1.6345088215133436,1.0006153422216115,1.6344968640431228,1.0006152402183677,-1.1957470220869126e-5,-1.020032438514562e-7
G1,14035687,1.4604715678216218,2.1594153829990943,1.4604674431765583,2.1592639849966777,-4.124645063496857e-6,-0.00015139800241659174
G1,14035689,1.5127094467546993,1.654272792777636,1.5127036845780117,1.6542594122132683,-5.762176687573728e-6,-1.3380564367615477e-5
G1,14035690,1.6865145300047584,1.0342672156655073,1.6864985091860336,1.034267073752968,-1.6020818724760133e-5,-1.419125392754239e-7
G1,14035691,1.6205711928076296,1.4193111821926447,1.6205601575721635,1.4193080439106778,-1.1035235466083648e-5,-3.1382819669634188e-6
G1,14035692,1.8023739787434911,1.385850479677873,1.802344346040797,1.3858479836467068,-2.9632702694071256e-5,-2.4960311661992307e-6
G1,14035694,2.2485195247303515,1.269419225424872,2.2483034564097673,1.269418157376222,-0.00021606832058429504,-1.0680486499659025e-6
G1,14035696,1.5964738393856828,1.2233058029198283,1.5964642525012058,1.223305058449429,-9.586884476942004e-6,-7.444703993275681e-7
G1,14035697,1.3016695690577202,1.6671745977284176,1.3016682062412086,1.6671602102453245,-1.3628165116408297e-6,-1.4387483093125653e-5
G1,14035698,1.937633340119763,1.0142236500500832,1.937575964977106,1.014223533305617,-5.737514265691246e-5,-1.1674446609433176e-7
G1,14035699,1.2761849733866009,1.591119678070969,1.276183848660386,1.5911103893865381,-1.1247262148295079e-6,-9.288684430952543e-6
G1,14035701,1.344313339265891,1.008947353348739,1.3443114775441374,1.00894724253075,-1.8617217536487374e-6,-1.108179890074723e-7
G1,14035702,1.497824364725451,1.813891624431807,1.497819118944564,1.8138602048795367,-5.2457808870087774e-6,-3.1419552270373075e-5
G1,14035703,1.2995285438341075,2.1055706507125387,1.2995272026048907,2.1054496262867604,-1.3412292168002438e-6,-0.00012102442577832662
G1,14035704,1.4440182111147146,1.6523660058280616,1.4440145093623205,1.6523527687264774,-3.7017523941695885e-6,-1.3237101584184785e-5
G1,14035705,1.2762543775227573,1.3488533569612842,1.2762532522016239,1.3488514336499497,-1.1253211333883684e-6,-1.923311334417477e-6
G1,14035707,1.8925509173012498,1.3259870574366155,1.8925045898922368,1.3259854270135412,-4.632740901300281e-5,-1.6304230743280357e-6
G1,14035710,2.0442483668933598,1.0074564329963651,2.0441554048103603,1.0074563238037615,-9.29620829994704e-5,-1.0919260362562966e-7
G1,14035711,1.3437628547845408,1.2450855810408568,1.3437610004110638,1.2450846965477553,-1.8543734769949083e-6,-8.844931014273527e-7
G1,14035712,1.544269926820051,1.1931205207045246,1.5442629199392255,1.1931199377981534,-7.006880825555228e-6,-5.829063711715321e-7
G1,14035713,1.220080887645247,1.7771887304339042,1.2200801621451642,1.7771626998464873,-7.255000826766889e-7,-2.6030587416903117e-5
G1,14035714,1.749139401332891,1.3220370259584229,1.7491169281252188,1.322035441928229,-2.2473207672124573e-5,-1.584030193901853e-6
G1,14035718,1.701708971092185,1.4114575339271522,1.701691555705454,1.4114545581879951,-1.7415386731167715e-5,-2.9757391570850444e-6
G1,14035720,2.6500578476282435,1.0124635294152045,2.649176423831326,1.012463414678355,-0.0008814237969176908,-1.1473684935481288e-7
G1,14035721,1.6474394998226543,1.4156247097946244,1.647426627174703,1.415621648757579,-1.2872647951356342e-5,-3.061037045393178e-6
G1,14035722,1.717021544704227,1.2677994654595341,1.7170026178670594,1.2677984105993283,-1.8926837167532184e-5,-1.0548602058513268e-6
G1,14035723,1.2027553528368133,1.4529596180207809,1.2027547221158523,1.4529556914468,-6.307209610145748e-7,-3.926573980850279e-6
G1,14035724,1.118267815248063,1.8341255516140145,1.1182675072247967,1.8340907653610286,-3.0802326622669796e-7,-3.4786252985918864e-5
G1,14035726,1.670656026907797,1.291038803553692,1.670641356627747,1.2910375449811673,-1.4670280050088635e-5,-1.258572524642787e-6
G1,14035727,1.4505675092150847,1.144096439266402,1.4505636439340366,1.1440960533873645,-3.865281048121005e-6,-3.858790373900689e-7
G1,14035728,1.0377947982395164,1.907047426725496,1.037794651429799,1.9069977680022938,-1.4680971727187853e-7,-4.9658723202172794e-5
G1,14035732,1.8448404874780264,1.229346399507487,1.8448037946095122,1.229345618319326,-3.669286851426534e-5,-7.811881608255078e-7
G1,14035733,1.5986380418779078,1.2592639899676892,1.5986283320997843,1.2592630022559013,-9.709778123534463e-6,-9.87711787914236e-7
G1,14035734,1.14822620725582,1.7385370949661805,1.148225807430141,1.738515851545147,-3.9982567900942456e-7,-2.124342103337895e-5
G1,14035735,1.7131423186085695,1.10494924439196,1.7131237851086851,1.1049489707836766,-1.8533499884343385e-5,-2.7360828336320253e-7
G1,14035736,1.88461976207904,0.9894450239378749,1.8845751738487029,0.9894449327714733,-4.458823033703929e-5,-9.116640165007794e-8
G1,14035737,1.6305652652627678,1.0606775975035714,1.630553575328851,1.060677415110681,-1.1689933916869677e-5,-1.8239289034660544e-7
G1,14035739,1.173709808552652,2.047432033891012,1.1737093123382458,2.047337767378631,-4.962144062314877e-7,-9.426651238086947e-5
G1,14035740,1.5292294780561002,1.4477222278590651,1.5292230910018707,1.447718434385785,-6.3870542295063615e-6,-3.7934732801669924e-6
G1,14035741,1.6889828854474613,1.1181428802904296,1.6889666449434833,1.1181425726070575,-1.6240503978082188e-5,-3.076833721138428e-7
G1,14035742,2.1027491814346253,1.102367722249272,2.1026295920846603,1.1023674549017688,-0.00011958934996503245,-2.673475032466399e-7
G1,14035744,1.4367353411024757,1.363153837440643,1.4367318140216105,1.3631517082210818,-3.5270808651510777e-6,-2.129219561108897e-6
G1,14035745,1.7442523765498117,1.1634275521189097,1.7442304776976536,1.1634270970264822,-2.1898852158086513e-5,-4.5509242752039825e-7
G1,14035746,1.6235181939428178,1.3135731095504948,1.6235069690747599,1.313571621025187,-1.1224868057935211e-5,-1.4885253076801774e-6
G1,14035749,1.7060334418244196,1.406243319550379,1.7060156106554119,1.4062404475891206,-1.7831169007775927e-5,-2.8719612583660847e-6
G1,14035751,1.0636361741531266,1.6080894359050475,1.0636359866408338,1.6080791731195012,-1.8751229280411508e-7,-1.0262785546277797e-5
G1,14035752,1.8704389156280414,0.9706005573537777,1.8703972961685715,0.9706004821644149,-4.161945946989931e-5,-7.518936284700573e-8
G1,14035756,1.733807468927023,1.2262949878674,1.7337867549033175,1.2262942254227185,-2.0714023705625806e-5,-7.624446816123509e-7
G1,14035760,1.8167260685188589,1.311895175197525,1.8166941951280393,1.311893704989869,-3.187339081955898e-5,-1.4702076560624278e-6
G1,14035761,1.4124216098461229,1.2721033552888017,1.412418614561623,1.2721022650643286,-2.995284499762718e-6,-1.0902244731436639e-6
G1,14035767,1.1871366923813078,2.025513438915896,1.1871361375281138,2.025427841997429,-5.548531940569035e-7,-8.559691846699025e-5
G1,14035768,1.3932417012465963,1.501525276071459,1.393239074301382,1.5015199058500943,-2.6269452142457794e-6,-5.3702213647088826e-6
G1,14035769,2.0276425760629087,1.1244659162012725,2.027556168352288,1.1244655908916603,-8.640771062085051e-5,-3.253096121369481e-7
G1,14035770,1.6625346925551332,1.31722526988529,1.662520674561831,1.3172237407920808,-1.4017993302140042e-5,-1.529093209162724e-6
G1,14035771,1.3007509578208523,2.021957923163964,1.3007496043037063,2.0218736655729805,-1.3535171459189144e-6,-8.425759098340535e-5
G1,14035772,1.578002741041128,1.4184006341845747,1.57799414883356,1.4183975151397048,-8.59220756788126e-6,-3.119044869936971e-6
G1,14035774,1.9866617735424643,1.1385139945513558,1.9865898605430246,1.1385136268385587,-7.191299943976048e-5,-3.677127971002392e-7
G1,14035775,1.8619661138965116,1.1596064361412382,1.8619261850538624,1.1596059955426519,-3.992884264913954e-5,-4.405985862820927e-7
G1,14035776,1.3224568926750921,1.5754314246201142,1.3224553037695643,1.5754229634442836,-1.588905527816209e-6,-8.461175830642986e-6
G1,14035777,1.4731808707549912,1.3590881492826914,1.4731763909446762,1.3590860804924592,-4.4798103149279456e-6,-2.0687902322347185e-6
G1,14035778,1.5550404558716808,1.537114167407522,1.555032973307857,1.5371074617024423,-7.482563823879573e-6,-6.705705079657065e-6
G1,14035781,1.4555670095220332,1.252198761059934,1.455563015166973,1.2521978260419508,-3.99435506026613e-6,-9.350179832612326e-7
G1,14035782,1.4254636204905773,2.056603405637332,1.4254603494672,2.056505292723482,-3.271023377271476e-6,-9.811291385020127e-5
G1,14035786,2.338943581168314,1.2887275703756733,2.3386390170358875,1.2887263335113404,-0.00030456413242641034,-1.236864332954113e-6
G1,14035788,2.0688247869615943,0.9699596431854318,2.0687213386235332,0.9699595684925589,-0.00010344833806108511,-7.46928728867502e-8
G1,14035789,1.8952135581845364,1.2493280088705427,1.8951666338554196,1.2493270945426054,-4.692432911679312e-5,-9.14327937362458e-7
G1,14035790,1.4100027513009208,1.3730222949901396,1.4099998048429845,1.3730200125754966,-2.946457936303659e-6,-2.282414643062225e-6
G1,14035791,1.5842130699301629,1.5496267944987847,1.5842041538926104,1.549619554454586,-8.9160375524866e-6,-7.240044198608686e-6
G1,14035793,1.198498545272917,1.4732126125871867,1.1984979360891637,1.4732081318572208,-6.091837534416555e-7,-4.480729965949948e-6
G1,14035794,1.354650968358636,1.5106195765465793,1.35464896378901,1.5106138894622088,-2.004569626068431e-6,-5.68708437054255e-6
G1,14035795,1.5994358782749512,1.2589472611231174,1.5994261228451854,1.2589462758285845,-9.7554297657787e-6,-9.85294532851455e-7
G1,14035797,1.8636463497522253,1.084345905600185,1.8636060904677918,1.0843456785312005,-4.025928443351923e-5,-2.270689845040863e-7
G1,14035799,2.096646049257705,1.218657147562858,2.096529514081933,1.2186564303007896,-0.00011653517577192574,-7.172620684059439e-7
G1,14035800,1.2352583258024024,1.4109070137733337,1.2352575071362855,1.410904049144792,-8.186661168974041e-7,-2.964628541768377e-6
G1,14035801,1.248270083282996,1.3876925995023286,1.2482691764770044,1.3876900713930895,-9.068059916295113e-7,-2.5281092390638804e-6
G1,14035802,1.0685397252665143,1.390644716245967,1.0685395289876813,1.3906421359718497,-1.9627883296458037e-7,-2.5802741172586963e-6
G1,14035803,1.6108418500892363,1.313423358472287,1.6108314211614316,1.3134218715899288,-1.0428927804673194e-5,-1.486882358125996e-6
G1,14035804,1.8145298668433014,1.0326711450560315,1.8144983455917685,1.032671005311104,-3.152125153293994e-5,-1.3974492762969248e-7
G1,14035805,1.3182442875510487,1.7099830348466294,1.3182427469659455,1.7099648163965697,-1.5405851032657125e-6,-1.8218450059670488e-5
G1,14035808,1.4205681932870882,1.4541693677983278,1.4205650282767495,1.4541654099028225,-3.165010338701535e-6,-3.957895505335429e-6
G1,14035809,1.3886082080029538,1.60843650481764,1.3886056638149162,1.608426221210668,-2.5441880375787207e-6,-1.0283606971972503e-5
G1,14035811,2.671191924967344,0.8893666752717813,2.6702501294238807,0.8893666440915525,-0.0009417955434631864,-3.1180228732274884e-8
G1,14035812,1.595052337478028,1.3560938381978853,1.5950428305701143,1.356091812940824,-9.506907913792162e-6,-2.0252570613887855e-6
G1,14035813,1.594068775827613,1.2935331500383926,1.5940593239143221,1.293531867660836,-9.451913290936531e-6,-1.2823775565884432e-6
G1,14035814,1.3075301223068823,1.2787491126412798,1.3075286988227088,1.2787479657503102,-1.4234841734239723e-6,-1.146890969527803e-6
G1,14035815,1.589494682657263,1.3425554001042255,1.5894854828550842,1.3425535617592166,-9.199802178727623e-6,-1.8383450088865771e-6
G1,14035817,2.287984921066799,1.028585815805409,2.287733399807186,1.0285856814752052,-0.0002515212596132521,-1.343302038492311e-7
G1,14035818,2.105321442387063,1.259180463500694,2.1052005453095237,1.2591794764268838,-0.00012089707753926149,-9.87073810243544e-7
G1,14035820,1.5770751660584514,1.253696847223011,1.5770666213227102,1.2536959012445308,-8.544735741189413e-6,-9.459784802157145e-7
G1,14035821,2.085396175541779,1.0845042789010269,2.0852850943560886,1.0845040515029853,-0.00011108118569058689,-2.273980415079535e-7
G1,14035823,1.2028200361726957,1.8361650579217632,1.202819405119338,1.8361299155431972,-6.310533577913446e-7,-3.51423785660554e-5
G1,14035824,1.8327935866840894,1.147776206229012,1.8327590313135844,1.147775807944423,-3.455537050500723e-5,-3.982845890870834e-7
G1,14035826,0.8494782400249438,2.499675877961538,0.8494782204370338,2.4991371258897086,-1.9587909960705474e-8,-0.000538752071829407
G1,14035827,1.3599331790246305,1.1892870140645984,1.3599310978005115,1.1892864492711515,-2.0812241190437675e-6,-5.647934468999694e-7
G1,14297746,1.3768541532251883,1.1466643577603046,1.376851808757569,1.146663963260831,-2.3444676193751235e-6,-3.9449947353276116e-7
G1,14343735,1.2101777624287946,1.507110811298739,1.2101770925375166,1.5071052483591083,-6.698912780045418e-7,-5.5629396307210754e-6
G1,14501655,1.0740922836710385,1.7429038200528468,1.07409207702733,1.7428820774217495,-2.0664370858902714e-7,-2.174263109733232e-5
G1,15017622,0.955687651635033,1.7773266661157616,0.9556875872680999,1.7773006168891579,-6.436693311684394e-8,-2.6049226603763742e-5
G1,15305942,0.8032423345031291,1.9006653891491494,0.8032423234188936,1.9006172217651358,-1.1084235529423836e-8,-4.8167384013586556e-5
G1,15332289,1.6154076553566807,1.1534933878838667,1.615396945631485,1.1534929696228637,-1.0709725195789943e-5,-4.1826100294350965e-7
G1,15336943,1.8357794866820831,1.3057150602240586,1.8357444118713337,1.3057136557790785,-3.507481074938035e-5,-1.4044449800909575e-6
G1,15363335,1.7959777503592467,0.9805119573659017,1.7959490712576935,0.9805118741152048,-2.8679101553130693e-5,-8.325069689174569e-8
G1,15366428,1.5518289932682838,1.6659250912349435,1.5518216554152549,1.665910804081492,-7.337853028976937e-6,-1.4287153451419954e-5
G1,15368752,1.4667817526199172,1.2978121024739524,1.4667774548573145,1.2978107783324173,-4.297762602689659e-6,-1.3241415350861985e-6
G1,15374710,1.5894108283379083,0.9817440388515394,1.5894016331020238,0.9817439545468073,-9.195235884496e-6,-8.430473208420608e-8
G1,15395623,1.328138417040632,1.623364120844198,1.3281367608490067,1.623352905960549,-1.6561916253987619e-6,-1.1214883649079965e-5
G1,15399013,1.2864973999332685,1.750274572875849,1.286496183701509,1.7502519643919017,-1.2162317595265648e-6,-2.2608483947417213e-5
G1,15416466,1.769331858771756,1.388755793211062,1.7693068708963546,1.3887532464228967,-2.4987875401283333e-5,-2.546788165247449e-6
G1,15416481,1.817261733569226,1.1675481885645274,1.817229773772686,1.1675477173700295,-3.1959796540137475e-5,-4.711944978641469e-7
G1,15422405,1.67264352453088,1.2521696289410682,1.6726286906385488,1.2521686941351078,-1.4833892331145293e-5,-9.348059604175063e-7
G1,15456958,1.4725158192426628,1.3480766299586817,1.4725113586626604,1.3480747173100702,-4.460580002474401e-6,-1.9126486114906527e-6
G1,15457468,2.423760887194261,0.6581806156559862,2.4233468695218234,0.6581806142231762,-0.0004140176724374278,-1.4328099817717543e-9
G1,15490658,1.5076216152003206,1.122473582466655,1.5076160343370797,1.122473262805169,-5.580863240872702e-6,-3.1966148594797517e-7
G1,15490775,1.12144171951195,1.378629400873506,1.1214414027413804,1.3786270271571162,-3.1677056955281557e-7,-2.3737163898918112e-6
G1,15530801,1.4363586218136488,1.356306799134299,1.4363551035673217,1.356304770807979,-3.518246327161023e-6,-2.028326320013818e-6
G1,15547533,1.2480049639403896,1.6635731161989893,1.2480040590108228,1.6635590162411094,-9.049295668361879e-7,-1.409995787993168e-5
G1,15588896,1.5984345233268402,1.119061264971135,1.598424825163921,1.1190609547814538,-9.698162919180575e-6,-3.1018968105200884e-7
G1,15588927,1.2569119839323006,1.4495627498276014,1.2569110140464856,1.4495589100395045,-9.698858149942424e-7,-3.839788096815511e-6
G1,15588942,1.5722903158682293,1.2211074065342626,1.5722820123819934,1.221106675042717,-8.303486235927693e-6,-7.314915455580717e-7
G1,15680573,0.7614864120642079,2.242105481008119,0.7614864056401215,2.241894749456177,-6.424086373968407e-9,-0.00021073155194217819
G1,15881894,1.4932679274354963,1.5103266312855563,1.4932628313783813,1.510320954658217,-5.0960571149616385e-6,-5.676627339301632e-6
G2,12473322,1.552478177472733,1.174508612425779,1.5524707632346544,1.1745075846323834,-7.4142380785957585e-6,-1.0277933957247853e-6
G2,12473328,1.5351294975651109,1.0807770796844829,1.5351228507260382,1.0807763795497134,-6.646839072699251e-6,-7.001347694934879e-7
G2,12473330,2.0863560825668723,1.0383320027366878,2.0862445289795537,1.0383259036827401,-0.00011155358731862464,-6.099053947661304e-6
G2,12473331,1.4874157587705488,1.8009383067310698,1.4874090313499233,1.8009085232236388,-6.727420625463054e-6,-2.9783507430991563e-5
G2,12473333,1.1296480711008303,1.6218555986788459,1.129646967583796,1.6218444476117682,-1.1035170344175782e-6,-1.115106707771929e-5
G2,12473334,1.6656937508346035,1.0777807497515,1.6656794601209497,1.0777795823360383,-1.42907136537751e-5,-1.1674154616336807e-6
G2,12473335,1.7079516858456558,1.0141687548407776,1.7079336546912964,1.0141674637209428,-1.803115435938807e-5,-1.2911198348231068e-6
G2,12473336,1.784582497718202,1.0099547240604256,1.7845554391599436,1.0099529249522536,-2.7058558258463705e-5,-1.7991081719959112e-6
G2,12473337,1.156353162646927,2.0314164839466384,1.1563479191855701,2.0313285816189124,-5.243461356885248e-6,-8.790232772604156e-5
G2,12476452,1.9103177818231216,0.9395664226263979,1.9102673370824041,0.9395634290492931,-5.044474071747018e-5,-2.9935771047595594e-6
G2,12476453,1.4456941429910155,1.2890556352431344,1.445690292920775,1.2890541071084902,-3.850070240396519e-6,-1.528134644157575e-6
G2,12476454,1.7472450691115358,1.041131129392671,1.7472228038848168,1.0411295602341928,-2.226522671899822e-5,-1.5691584782651091e-6
G2,12476455,1.3580710545812782,1.3257968641343227,1.3580688639716945,1.3257950676230426,-2.1906095837298523e-6,-1.7965112801832106e-6
G2,12476457,1.246300778923424,1.0887285506999658,1.2462998618108792,1.0887282346075147,-9.171125447959838e-7,-3.1609245110253426e-7
G2,12476459,1.4716899291487733,1.1072938728104653,1.4716854642661046,1.1072932577916417,-4.464882668697712e-6,-6.150188236464516e-7
G2,12476460,1.6144670471913827,0.8326076052674104,1.6144563937146557,0.8326068548296459,-1.065347672701833e-5,-7.504377644851346e-7
G2,12476461,1.3709897032569263,1.3292034777711392,1.3709873133931814,1.3292016259987032,-2.3898637449004667e-6,-1.85177243605672e-6
G2,12476463,1.0290043252496883,1.6118704309177188,1.0290034657677711,1.6118599247177172,-8.594819171925394e-7,-1.050620000153657e-5
G2,12476464,1.4303103525678327,1.426458868391268,1.4303067165645091,1.4264553124726098,-3.636003323537196e-6,-3.555918658193491e-6
G2,12476465,1.0589022857611636,1.7094005583917158,1.058900923659643,1.7093823786704958,-1.3621015206854992e-6,-1.8179721219979683e-5
G2,12476466,2.0275478100717312,1.0189247060084767,2.027461425262101,1.0189198414238967,-8.638480963041317e-5,-4.864584580044351e-6
G2,12476468,1.4961736795502456,1.1732701637454632,1.496168441554304,1.173269283115097,-5.23799594165375e-6,-8.80630366184576e-7
G2,12476469,1.9190710813987488,0.8014289107219106,1.9190185024963091,0.8014258498719424,-5.257890243970387e-5,-3.060849968150592e-6
G2,12476471,1.7859875557178078,1.0890991113918775,1.7859602884101526,1.0890971761477872,-2.7267307655121087e-5,-1.9352440903119827e-6
G2,12476472,1.182832421923586,1.2432997487755089,1.1828318084113818,1.2432988261936144,-6.135122041506236e-7,-9.225818944358366e-7
G2,12476473,1.106388128153799,1.2236525206236537,1.1063877830841198,1.223651746203171,-3.450696792750563e-7,-7.744204826298784e-7
G2,12476475,1.5072070206173465,1.290955940317976,1.5072013458672937,1.2909542714171174,-5.674750052753197e-6,-1.6689008586201481e-6
G2,12476476,1.227357115342537,1.2384505688119047,1.2273562709564476,1.2384496595166017,-8.44386089493554e-7,-9.092953030531703e-7
G2,12476477,1.3059953492894034,1.4449823837634832,1.3059936549232818,1.444978538380906,-1.6943661216295425e-6,-3.845382577249978e-6
G2,12476479,1.4790735223371339,1.22195662750562,1.479068801849529,1.2219555407928693,-4.7204876048034805e-6,-1.0867127506752894e-6
G2,12476480,0.973410157989819,1.1507216566844218,0.973410041073136,1.150721239365242,-1.1691668300173319e-7,-4.1731917987952727e-7
G2,12476481,1.0214675404407958,1.0806133038841448,1.0214673924953275,1.0806130707896524,-1.479454683206427e-7,-2.330944923745193e-7
G2,12476482,0.9738290226134274,1.632815678257732,0.9738281374988756,1.6328038274216559,-8.851145517629888e-7,-1.185083607624371e-5
G2,12476483,1.128631155746801,1.524271379489908,1.128630366006447,1.5242651526680835,-7.89740354001367e-7,-6.226821824606432e-6
G2,12476484,1.496103198573645,1.2580136525675945,1.496097923255606,1.2580122882913236,-5.2753180390663346e-6,-1.3642762708432343e-6
G2,12476485,1.7365795470966643,1.0585205665467654,1.736558505420082,1.0585190401262599,-2.1041676582234103e-5,-1.5264205055487423e-6
G2,12476486,1.3735988622902937,1.272603011673301,1.3735964749096445,1.2726017315587872,-2.3873806491714333e-6,-1.2801145137242287e-6
G2,12476488,1.7641413978460654,0.7860411257613136,1.7641170774324928,0.7860395822238352,-2.4320413572587185e-5,-1.5435374783878686e-6
G2,12476491,1.333840430390727,1.0944233106969121,1.3338386788438343,1.0944229177548428,-1.7515468926365685e-6,-3.9294206932716236e-7
G2,12476492,1.3800732047974693,1.3549801879798415,1.380070641995312,1.3549779853105666,-2.5628021573798065e-6,-2.2026692749754773e-6
G2,12476493,0.998642570551774,1.6492583836173662,0.9986415926289124,1.6492453663060833,-9.77922861578051e-7,-1.3017311282892408e-5
G2,12476494,1.4676080089239432,1.1714888520409055,1.467603641753822,1.1714880372275207,-4.3671701210890035e-6,-8.148133847640793e-7
G2,12476496,1.1641202061677254,1.7262563570972367,1.1641184655668197,1.7262364207094092,-1.7406009056308847e-6,-1.993638782749052e-5
G2,12476497,1.82336230963924,1.007099343098835,1.8233293393110432,1.0070972220351817,-3.2970328196713083e-5,-2.1210636533819383e-6
G2,12476498,1.3513216626460234,1.1894290617805219,1.3513196521852948,1.1894283350651689,-2.010460728563146e-6,-7.267153530055026e-7
G2,12476499,1.6445561608019506,0.9925167895648546,1.6445434868223483,0.9925158383026086,-1.267397960225125e-5,-9.512622459739717e-7
G2,12476500,1.5448670367169866,1.2224227662596443,1.5448599368768745,1.222421520273111,-7.0998401120458965e-6,-1.2459865332825615e-6
G2,12476501,1.3202958548726316,1.4012960380748756,1.3202940703648012,1.4012931297682907,-1.7845078303935225e-6,-2.908306584892273e-6
G2,12476502,1.4417724483046792,1.2166708550757956,1.4417687366313783,1.2166698675741767,-3.711673300932361e-6,-9.875016189209163e-7
G2,12476505,1.3492528178691443,1.0663989165102012,1.3492508689714793,1.0663985649617838,-1.9488976650272605e-6,-3.515484174876349e-7
G2,12476506,1.844578602691901,0.9024459001994019,1.8445419530334943,0.9024436524283428,-3.6649658406773256e-5,-2.2477710590607103e-6
G2,12476507,1.206902240246118,1.363979657187037,1.206901413107734,1.3639774553410406,-8.271383840074975e-7,-2.2018459964190384e-6
G2,12476508,1.3750695041386058,1.3200602155202532,1.3750670571053467,1.3200584668312554,-2.4470332591342014e-6,-1.748688997826875e-6
G2,12476509,1.6727610350733653,1.068905385384072,1.6727461709601017,1.0689042005797582,-1.4864113263568512e-5,-1.1848043137696607e-6
G2,12476511,1.32504894051355,1.4286406979671764,1.3250470608565923,1.4286372204576414,-1.8796569576373656e-6,-3.477509534999257e-6
G2,12476513,1.0191101811344327,1.3221044237657762,1.0191099252077622,1.3221028255767204,-2.5592667052265483e-7,-1.5981890557625889e-6
G2,12476514,1.4643336986844504,0.9228989341991212,1.4643294633647688,0.9228985673253411,-4.235319681633598e-6,-3.668737800222033e-7
G2,12476515,1.19184920692485,1.4767164096485503,1.1918482845756584,1.476711772511491,-9.223491916898752e-7,-4.637137059226859e-6
G2,12476516,1.6292903070378748,1.0316443885991677,1.6292786875498182,1.0316434573302329,-1.1619488056613392e-5,-9.312689348561776e-7
G2,12476517,1.586559725666848,1.1612158552026144,1.5865506417092705,1.1612147741697996,-9.083957577482593e-6,-1.0810328148203041e-6
G2,12476520,1.3370176934380267,1.247189127077964,1.3370158467976923,1.2471880808345757,-1.8466403344241655e-6,-1.046243388369561e-6
G2,12476521,1.2096655050680576,1.4846557789245063,1.2096644762943165,1.484650894260871,-1.0287737410852316e-6,-4.8846636353516715e-6
G2,12476522,1.4426598710567826,1.305658959958219,1.4426560827717052,1.3056572730253226,-3.7882850774106913e-6,-1.6869328962609842e-6
G2,12476523,2.0221092388202844,0.8840912697101725,2.0220249209151353,0.8840865985112678,-8.431790514906723e-5,-4.67119890468215e-6
G2,12476524,1.4472906160189667,0.8326397979197847,1.44728683119963,0.8326394909741504,-3.7848193366052385e-6,-3.069456343540722e-7
G2,12476529,1.8283048229454641,0.9547048392695662,1.8282710284606445,0.9547027182794675,-3.37944848196603e-5,-2.120990098664066e-6
G2,12476531,1.8046828755767603,1.0808708801484839,1.8046528693021116,1.0808688106164093,-3.0006274648775033e-5,-2.0695320746000334e-6
G2,12476533,1.5352285122575107,1.1027677374424925,1.5352218569255867,1.102766988502681,-6.655331924010355e-6,-7.489398115012591e-7
G2,12476538,1.2218955085752605,1.4959375921598272,1.2218943867369945,1.4959323417908132,-1.121838266060493e-6,-5.250369013998224e-6
G2,12476539,1.2313773877228618,1.3217488850389973,1.2313764607078581,1.3217472325823418,-9.2701500364889e-7,-1.6524566555098374e-6
G2,12476541,1.6267470280983727,1.1507510732000996,1.6267355526891576,1.1507498820397635,-1.1475409215089272e-5,-1.1911603361447476e-6
G2,12476544,1.1215893648953967,1.590009883306228,1.1215884016301583,1.5900006239371072,-9.63265238462796e-7,-9.259369120773187e-6
G2,12476545,1.6488815108264663,1.2652681662118432,1.6488684414372845,1.2652662554687575,-1.3069389181774582e-5,-1.9107430857534524e-6
G2,12476546,1.5437728904772692,0.9267143175274677,1.5437658992231067,0.9267137665565957,-6.991254162480587e-6,-5.509708720374817e-7
G2,12476548,1.3953222929121853,1.2655951016873286,1.3953195368256521,1.2655938519426757,-2.756086533217683e-6,-1.2497446528758616e-6
G2,12476549,1.3596144128160959,1.5994577766016125,1.359611657261243,1.5994478499453157,-2.7555548529623053e-6,-9.926656296732617e-6
G2,12476550,1.4062631577460982,1.2985968360799294,1.406260171231157,1.2985952767814195,-2.9865149411278935e-6,-1.5592985098678014e-6
G2,12476551,1.293367011721504,1.5114958298939722,1.293365309790379,1.511490001215355,-1.7019311249200086e-6,-5.828678617314509e-6
G2,12476552,1.3684965299497613,1.41121077515553,1.368494084630838,1.4112076245655336,-2.4453189233497596e-6,-3.1505899964479056e-6
G2,12476553,1.6040964125121318,1.072027182733773,1.6040863655940367,1.072026284208255,-1.0046918095030222e-5,-8.985255179894125e-7
G2,12476554,1.4862194397817676,1.2535704776512782,1.4862144840399714,1.2535691676965819,-4.955741796264235e-6,-1.309954696271376e-6
G2,12476555,1.6883237045811543,0.984735559717917,1.6883075131834449,0.9847344058236635,-1.6191397709475197e-5,-1.1538942535915808e-6
G2,12476556,1.4928754782574811,1.2428724841963124,1.4928703170766786,1.242871235871644,-5.161180802515375e-6,-1.2483246683014926e-6
G2,12476560,1.1032551230268826,1.0824849037662148,1.1032548305851082,1.0824846533408885,-2.924417743521701e-7,-2.504253262536338e-7
G2,12476561,1.6163672355508663,1.1001278229617006,1.616356439476785,1.1001268192147329,-1.079607408116523e-5,-1.0037469677648403e-6
G2,12476562,1.7548047418911776,1.0151473309745997,1.7547815735567556,1.0151457441874299,-2.3168334422063452e-5,-1.5867871698826974e-6
G2,12476564,1.24113086927526,1.3117323445400477,1.241129887198423,1.3117307991966025,-9.82076836963941e-7,-1.5453434452084025e-6
G2,12476565,1.4879263380843033,0.9628978334742054,1.4879214047395373,0.9628973955562024,-4.933344766033798e-6,-4.3791800308223827e-7
G2,12476567,1.265464068287571,1.605089566304451,1.2654623327962835,1.605079390842464,-1.735491287568891e-6,-1.0175461987005363e-5
G2,12476574,1.0719136666016507,1.2636356128547406,1.0719133740803732,1.2636345702089165,-2.925212774229635e-7,-1.0426458241230563e-6
G2,12476575,2.072385080321411,0.9301207975781876,2.0722800255554805,0.9301151055156277,-0.00010505476593047902,-5.692062559847777e-6
G2,12476580,1.3377102319890999,1.0511307141223412,1.3377084390867122,1.0511303996781667,-1.7929023876650518e-6,-3.1444417447623607e-7
G2,12476581,1.4213678717759408,1.2396543133388014,1.4213646135582243,1.2396532165645093,-3.258217716517464e-6,-1.0967742920531265e-6
G2,12476582,1.7467884004250962,0.7897497573567365,1.7467662038282716,0.7897483334937544,-2.2196596824564097e-5,-1.4238629820750859e-6
G2,12476583,1.0493679676031915,1.8787463937773936,1.0493652357316305,1.8787030393376007,-2.731871560968102e-6,-4.335443979286424e-5
G2,12476584,2.0808133011746697,0.7863426010117978,2.0807043766429683,0.7863367645916438,-0.00010892453170141536,-5.836420153948474e-6
G2,12476585,1.3961154087241732,1.0395093104497473,1.3961127132905782,1.0395089475517993,-2.6954335949902486e-6,-3.6289794791422025e-7
G2,12476586,0.9899120690794607,1.2855878756344143,0.9899118728846543,1.2855866574302472,-1.9619480640109543e-7,-1.21820416709717e-6
G2,12476588,1.4881338026508784,0.923431440996943,1.4881288653008453,0.9234310264863798,-4.937350033040744e-6,-4.145105632069601e-7
G2,12476589,1.008158980955346,1.541629502894166,1.0081583731411166,1.5416225963621089,-6.078142293919342e-7,-6.906532057149306e-6
G2,12476590,1.6532895386612658,0.9671222496523272,1.6532762239015455,0.967121281131233,-1.3314759720328695e-5,-9.685210942134148e-7
G2,12476591,1.3655453787790883,1.1226108013165186,1.3655431815591015,1.1226103047342484,-2.197219986843635e-6,-4.965822701930023e-7
G2,12476593,1.0813582293893234,1.491682887993777,1.0813576319549971,1.4916778203957057,-5.974343262327153e-7,-5.067598071173407e-6
G2,12476594,1.270791413810797,1.5223870694155535,1.2707898868724832,1.5223808535143588,-1.526938313789472e-6,-6.215901194650542e-6
G2,12476595,1.02620748429717,1.3419199975854914,1.0262072012223162,1.3419181533891034,-2.8307485377965236e-7,-1.8441963880455603e-6
G2,12476596,1.9822835531741272,1.0276814489316386,1.982213042037911,1.0276773566892938,-7.051113621625582e-5,-4.092242344766461e-6
G2,12476597,1.251018864629075,1.502911978816234,1.2510175368936285,1.5029064788821096,-1.3277354464769076e-6,-5.499934124353345e-6
G2,12476598,1.219642394110599,1.2393504720373958,1.2196415952117192,1.2393495605229015,-7.988988797169583e-7,-9.115144943283582e-7
G2,12476600,1.7892516306815602,1.0574512304940091,1.789223906840866,1.057449329768681,-2.7723840694271473e-5,-1.9007253282410375e-6
G2,12476603,1.5172156030598383,1.1611863398697964,1.5172096332048521,1.1611854584456838,-5.969854986132006e-6,-8.814241125865152e-7
G2,12476604,1.5702310569042757,1.0535739530869213,1.5702228373757396,1.0535732010242183,-8.219528536024256e-6,-7.520627030022098e-7
G2,12476606,1.3311690232146765,1.1651639112380234,1.331167285995612,1.1651633078334915,-1.7372190643794028e-6,-6.034045318958903e-7
G2,12476607,1.4566151147985662,1.140358594916675,1.456611056443348,1.140357913913487,-4.058355218106158e-6,-6.810031880633005e-7
G2,12476609,1.4226074395910224,1.1928739100767298,1.4226041765143371,1.1928730772590432,-3.263076685300348e-6,-8.328176865912695e-7
G2,12476611,1.0454513661883655,1.5921034762803623,1.045450554952241,1.5920941166092508,-8.112361244982935e-7,-9.359671111486279e-6
G2,12476613,1.5872790710601787,1.1466643711845763,1.587269952960785,1.1466633398794028,-9.118099393745638e-6,-1.0313051734822665e-6
G2,12476614,1.5592426020709906,0.7979627114717998,1.5592349249357695,0.7979621530869968,-7.67713522109581e-6,-5.583848029511174e-7
G2,12476615,1.5140565871928997,1.0605822097969448,1.5140507570307564,1.0605816003003865,-5.830162143283246e-6,-6.094965583347545e-7
G2,12476616,2.4856337869807192,0.778483219062526,2.485120246220309,0.7784602108131881,-0.0005135407604104358,-2.300824933798573e-5
G2,12476617,1.2770938797276155,1.3702101716959885,1.2770925653875613,1.3702078351845204,-1.3143400541260064e-6,-2.336511468081781e-6
G2,12476619,1.437589668660546,1.196382481652178,1.4375860657722814,1.1963816082517305,-3.6028882646199634e-6,-8.734004475208224e-7
G2,12476620,0.9420436761861132,2.0002861809489723,0.9420393640865004,2.0002096956271824,-4.312099612824305e-6,-7.648532178983203e-5
G2,12476621,1.4951336422585735,1.3714775961774208,1.4951283021216804,1.3714749544280973,-5.340136893128289e-6,-2.6417493235175726e-6
G2,12476622,1.3138365877713556,1.412772628883154,1.3138348597823488,1.4127695001016083,-1.7279890067722903e-6,-3.1287815456249035e-6
G2,12476623,1.7141489014589395,0.9684450010049898,1.7141302581429685,0.9684437172388503,-1.8643315971011987e-5,-1.2837661395037614e-6
G2,12476625,1.2604058134150655,1.5777952177049288,1.2604042114812066,1.5777865481552762,-1.6019338588968424e-6,-8.669549652617903e-6
G2,12476626,1.5916579112129516,1.1413904490512274,1.5916485561715858,1.141389420341447,-9.355041365788352e-6,-1.028709780470649e-6
G2,12476627,2.131499352289165,0.9378510854201776,2.1313644241444605,0.9378439853819415,-0.0001349281447047268,-7.1000382361186e-6
G2,12476629,1.5907166131817052,0.9716794799439262,1.590707337908111,0.9716787554013318,-9.275273594289146e-6,-7.245425944768513e-7
G2,12476632,2.5429491748900612,0.6999139115415619,2.5423260228698483,0.6998866284258053,-0.0006231520202129026,-2.7283115756615572e-5
G2,12476633,1.7201048464119373,1.2398074529667678,1.72008552561648,1.2398053589185105,-1.9320795457300477e-5,-2.094048257239578e-6
G2,12476634,1.7306468069587262,0.9297837530270244,1.7306264344297906,0.9297823941017556,-2.037252893560826e-5,-1.3589252688683828e-6
G2,12476635,1.4400256166649519,1.0446385439325305,1.4400219948910156,1.0446381084953278,-3.621773936313133e-6,-4.354372027393083e-7
G2,12476636,1.7456784847940363,1.063608192041086,1.74565640006973,1.0636065974572257,-2.2084724306203896e-5,-1.594583860287102e-6
G2,12476637,1.1216110723746375,1.358218576795432,1.1216105866129393,1.3582164892494575,-4.857616981990276e-7,-2.087545974527316e-6
G2,12476638,1.7510873684378003,1.2547766043696897,1.751064578079836,1.2547742069573307,-2.279035796437512e-5,-2.3974123590786434e-6
G2,12476639,1.0229175936552786,1.6028169972024164,1.0229167753793629,1.6028070323878914,-8.182759156927233e-7,-9.964814525087462e-6
G2,12476640,1.8091987771480977,1.306083855099612,1.8091679766980575,1.3060805590337337,-3.08004500402248e-5,-3.2960658782332786e-6
G2,12476641,1.1960603272267702,1.4616693150503448,1.1960594134844127,1.461665102458286,-9.137423575555914e-7,-4.212592058738807e-6
G2,12476642,1.7780803584171352,0.765311839926281,1.77805420615745,0.765310195834974,-2.615225968516377e-5,-1.644091307095863e-6
G2,12476643,1.6099996984056288,0.9340600798400378,1.609989314470536,0.9340593111216196,-1.0383935092894703e-5,-7.687184182536555e-7
G2,12476644,1.563261061033878,0.974491687216492,1.5632531876491023,0.9744910488981879,-7.873384775702874e-6,-6.383183041025475e-7
G2,12476645,1.362610287934688,1.8003803257172533,1.3626063532434745,1.8003508199887495,-3.9346912135140855e-6,-2.9505728503798068e-5
G2,12476646,1.7160900171279205,1.044768980177982,1.716071168693843,1.0447676016117315,-1.884843407751191e-5,-1.3785662504872676e-6
G2,12476647,1.8281699352010528,1.2754815967302093,1.8281360734296437,1.2754784220475543,-3.386177140907165e-5,-3.1746826549827745e-6
G2,12476648,1.4590671310275602,1.223379984729231,1.4590629762974794,1.2233789280015166,-4.154730080863089e-6,-1.0567277144435394e-6
G2,12476649,1.1118381254460483,1.5120725612868078,1.1118374119536354,1.5120667929634455,-7.134924129292841e-7,-5.768323362298489e-6
G2,12476650,1.7325190600474003,1.1732931164201297,1.7324984413439803,1.173291300096098,-2.0618703419961193e-5,-1.8163240316226847e-6
G2,12476651,1.4929183966223036,1.01970818210097,1.4929132984489946,1.01970767974072,-5.098173309070475e-6,-5.023602498432922e-7
G2,12476652,1.2344123153713622,1.1685728017662378,1.2344114568904798,1.168572253155351,-8.584808823819401e-7,-5.48610886719203e-7
G2,12476653,1.0963444206900386,1.608363911677416,1.0963434559770975,1.6083536067281246,-9.647129410872424e-7,-1.0304949291439769e-5
G2,12476654,1.5890916541915232,1.2024290490678662,1.5890824181017793,1.202427777079184,-9.236089743902554e-6,-1.2719886821610515e-6
G2,12476655,1.3612664571556927,1.3302185961342996,1.3612642154769243,1.3302167428833034,-2.2416787683887662e-6,-1.8532509962199128e-6
G2,12476656,1.8978450623570557,1.1984775750482246,1.89779748503533,1.198474178519111,-4.757732172566698e-5,-3.3965291135196196e-6
G2,12476657,1.7101791455537245,0.9865139032973453,1.7101608977065823,0.9865126275990296,-1.82478471422165e-5,-1.2756983157613533e-6
G2,12476658,1.6358215409652106,1.0762455332685157,1.635809471467092,1.0762445025850838,-1.2069498118494337e-5,-1.030683431935131e-6
G2,12476659,1.058138291645011,1.6506648845179714,1.0581372293664721,1.6506517555433278,-1.0622785389102773e-6,-1.3128974643672464e-5
G2,12476660,1.8309818917017537,1.0999978497972003,1.8309476217744312,1.0999955060777733,-3.426992732258327e-5,-2.343719426978197e-6
G2,12476661,1.1276650434691484,1.4950360134517944,1.1276643251528446,1.4950308267289045,-7.183163037716156e-7,-5.186722889849449e-6
G2,12476662,1.0593129527386835,1.748672078917723,1.05931134550528,1.7486496422876252,-1.6072334034777924e-6,-2.243663009782182e-5
G2,12476663,1.5591509465508848,0.9260650355446798,1.5591432694851086,0.9260644409042736,-7.67706577620153e-6,-5.946404061374366e-7
G2,12476664,1.5979345850051327,1.1497978340593327,1.5979248761037745,1.1497967551567048,-9.708901358207456e-6,-1.0789026279045544e-6
G2,12476665,2.4713116333876632,0.8749669075494376,2.4708227674678116,0.8749448592738961,-0.0004888659198516443,-2.204827554153077e-5
G2,12476666,1.9817204930554304,0.8567774606962172,1.9816501739220789,0.8567734892317648,-7.031913335153739e-5,-3.9714644524124765e-6
G2,12476667,1.6626291006376188,1.0999102113337782,1.6626150487585154,1.099909010736769,-1.4051879103416098e-5,-1.2005970091433227e-6
G2,12476668,1.3186948100395586,0.9803186788002167,1.318693254916161,0.9803184652271195,-1.5551233976118795e-6,-2.1357309720748674e-7
G2,12476669,1.642324180635512,0.9337758699172013,1.6423116710236805,0.9337749713884586,-1.250961183152377e-5,-8.985287427432098e-7
G2,12476670,1.5978427081788262,0.8153103620074554,1.5978330419627673,0.8153096757597311,-9.66621605891227e-6,-6.862477243130272e-7
G2,12476671,1.9812949635755368,1.040403339055676,1.9812247671876095,1.0403992452501807,-7.019638792726823e-5,-4.093805495264391e-6
G2,12476672,1.3071195191427973,1.6959851527094845,1.3071169921601165,1.69596815381494,-2.5269826808838047e-6,-1.6998894544428822e-5
G2,12476673,1.1058326194329193,1.7171610235080004,1.1058311156995704,1.7171420546514164,-1.5037333489509308e-6,-1.8968856583923e-5
G2,12476674,1.3499016493429956,1.5619199283549399,1.3498991555889193,1.5619119675878037,-2.4937540763492194e-6,-7.96076713616145e-6
G2,12476675,1.1859609779798055,1.47794791558413,1.1859600805260517,1.4779432442200782,-8.974537537564942e-7,-4.671364051800353e-6
G2,12476676,1.1511895392266533,1.5758654216958863,1.1511885298511906,1.5758568988847466,-1.0093754627682472e-6,-8.522811139721753e-6
G2,12476677,1.1164562750651281,1.3183038746850608,1.116455841789184,1.3183023032043988,-4.33275944233813e-7,-1.5714806620437116e-6
G2,12476678,2.0307304373689505,1.2186117646870847,2.030642776610007,1.218606245788458,-8.76607589437306e-5,-5.5188986265442e-6
G2,12476679,1.0180005240849714,1.3482825522524087,1.018000244772327,1.3482806235354565,-2.7931264434677416e-7,-1.92871695214869e-6
G2,12476680,1.3695171813041407,1.347628825338171,1.3695147969032715,1.3476267378100562,-2.384400869193115e-6,-2.0875281148136082e-6
G2,12476681,1.419600069230855,1.3256849707166884,1.4195967882311016,1.325683097320103,-3.280999753441094e-6,-1.8733965854167423e-6
G2,12476682,1.515287779289288,1.2065925325597997,1.515281863251196,1.2065914516364133,-5.916038092079745e-6,-1.0809233863540157e-6
G2,12476684,1.4858755660365197,1.2304962278448213,1.4858706336086969,1.2304950752994241,-4.932427822845753e-6,-1.152545397120619e-6
G2,12476685,1.336844291685222,1.1930944487651214,1.336842473138068,1.1930937190797797,-1.8185471539755582e-6,-7.29685341704922e-7
G2,12476686,1.151252959076866,1.2673740690756288,1.1512524563957154,1.2673729779809313,-5.026811507047313e-7,-1.091094697480699e-6
G2,12476688,1.8254560709615189,1.0806690338112273,1.8254227411595714,1.0806667830480141,-3.3329801947479254e-5,-2.2507632131407718e-6
G2,12476689,1.2575950523627748,1.2244151380404769,1.2575940090449291,1.2244143006375334,-1.0433178456725756e-6,-8.374029434321528e-7
G2,12476690,1.6386708781418344,1.2392636405230968,1.6386585566490464,1.2392619636809536,-1.2321492788069932e-5,-1.6768421431390124e-6
G2,12476691,1.305054661341166,1.1583154746197353,1.3050532218887445,1.1583149196123514,-1.4394524214811355e-6,-5.550073838289649e-7
G2,12476692,1.7756425171988897,1.0401214377915198,1.7756166787061944,1.0401196687253538,-2.5838492695218207e-5,-1.7690661660019202e-6
G2,12476693,1.4804110666663644,1.0629191949920542,1.4804063535401208,1.0629186557824741,-4.713126243505172e-6,-5.392095800971219e-7
G2,12476695,1.386470310058003,1.2884052224298885,1.3864676966765368,1.2884037873023244,-2.613381466121112e-6,-1.435127564120009e-6
G2,12476696,1.7243864584671889,1.108048699051215,1.7243667365418855,1.1080471463620256,-1.972192530330652e-5,-1.5526891894435124e-6
G2,12476697,1.1909647163627513,1.502051194237045,1.190963744376592,1.5020457526095263,-9.719861593371348e-7,-5.441627518587566e-6
G2,12476698,1.306536311013098,1.2139556875143014,1.306534834653716,1.2139548764786434,-1.476359382079906e-6,-8.110356579660305e-7
G2,12476699,1.6534852509245248,1.4102522136215003,1.6534716968763876,1.4102483653666102,-1.3554048137187635e-5,-3.8482548900820035e-6
G2,12476700,1.2197885761488165,1.2475891932681349,1.219787771865478,1.247588225221407,-8.042833385957238e-7,-9.680467278894156e-7
G2,12476701,1.3380148650828345,1.3163122740362845,1.3380129574818642,1.3163106071597905,-1.907600970296741e-6,-1.6668764939442582e-6
G2,12476705,1.43609176094955,1.1446540630946171,1.4360882112486275,1.1446534031176185,-3.549700922533816e-6,-6.599769986070925e-7
G2,12476707,1.3115802304096569,1.1639192332449124,1.3115787199141646,1.1639186517632647,-1.5104954922406932e-6,-5.814816477212048e-7
G2,12476708,1.5962732981027752,0.8689310681947613,1.5962637193821454,0.8689303757451061,-9.578720629788151e-6,-6.924496551707904e-7
G2,12476710,1.6478559346573103,1.088689641159982,1.6478430074021846,1.0886885332199412,-1.292725512569426e-5,-1.1079400408231521e-6
G2,12476711,1.5807131958517835,1.012916391403573,1.5807044509411374,1.0129156611704315,-8.74491064606353e-6,-7.302331415104391e-7
G2,12476712,1.5444008370161517,1.5603907214946424,1.5443932731910617,1.560382486911021,-7.563825090040055e-6,-8.234583621424818e-6
G2,12476713,1.6652882006041805,0.9081381205461886,1.6652739596389834,0.9081371303442936,-1.4240965197087618e-5,-9.902018950347369e-7
G2,12476714,1.6867506112579083,1.039797517888512,1.6867345535300484,1.0397963094913079,-1.605772785984172e-5,-1.2083972040777269e-6
G2,12476715,1.5996456300993807,1.204643943580857,1.599635803471036,1.2046426233600545,-9.826628344589139e-6,-1.3202208024587492e-6
G2,12476716,1.4390382371671908,1.35207407484027,1.439034493636286,1.3520718297120646,-3.7435309048206022e-6,-2.245128205347058e-6
G2,12476717,1.65560686622485,1.247970180308632,1.65559330381708,1.2479683691313368,-1.3562407769951434e-5,-1.8111772952522642e-6
G2,12476718,1.242294218353092,1.5902561807841573,1.2422927061076787,1.5902468619074075,-1.5122454133376095e-6,-9.318876749819793e-6
G2,12476719,1.4261889915273314,1.2902857751599293,1.426185596575845,1.2902842671396055,-3.3949514863795827e-6,-1.5080203237261003e-6
G2,12476720,1.377687979328945,0.9985713946446845,1.377685610024395,0.9985711041549253,-2.3693045498873744e-6,-2.904897591360367e-7
G2,12476721,1.6830481460552016,1.0872490634758831,1.6830324055065689,1.0872477907406033,-1.5740548632736662e-5,-1.2727352798336256e-6
G2,12476722,1.7805814994038116,1.4905832650431565,1.7805546330285422,1.4905765992874107,-2.68663752693854e-5,-6.665755745816071e-6
G2,12476723,1.0601980478921378,1.1404173634297512,1.0601978298270514,1.1404169705454181,-2.1806508643251732e-7,-3.9288433306694515e-7
G2,12476724,1.4981214018912652,1.1283687041468498,1.4981161130154406,1.1283679769770365,-5.288875824627226e-6,-7.271698132527149e-7
G2,12476725,1.6564553025466204,1.31105854080162,1.6564416320922035,1.31105616929139,-1.3670454416914168e-5,-2.371510229970397e-6
G2,12476726,1.1952272057084086,1.1616227622280082,1.1952265696806963,1.161622258796132,-6.360277122752223e-7,-5.034318761865109e-7
G2,12476727,1.02438024679227,1.1864393603101984,1.024380066078473,1.1864387946345964,-1.8071379703776813e-7,-5.656756019156717e-7
G2,12476728,1.4145222645270823,1.328438145689864,1.4145190871894773,1.328436246784646,-3.1773376050203694e-6,-1.898905217956326e-6
G2,12476729,1.4834646804299119,1.3936430187057673,1.4834596834589784,1.3936400253172478,-4.996970933479616e-6,-2.993388519501039e-6
G2,12476730,1.5689423122604589,1.05266624577542,1.5689341561298806,1.0526654991800475,-8.156130578251819e-6,-7.465953724139496e-7
G2,12476731,1.4771695702329752,1.1334943431898357,1.4771649389866053,1.1334936447453532,-4.631246369957154e-6,-6.984444824720271e-7
G2,12476735,1.518045125184802,1.0399003052963152,1.518039151296882,1.0398997185809733,-5.973887919896725e-6,-5.867153418659399e-7
G2,12476737,1.5612352977042632,1.313723645936504,1.5612274026729371,1.3137216018345557,-7.895031326032864e-6,-2.0441019483730116e-6
G2,12476738,1.3881583300385285,1.1484887580215246,1.388155754926075,1.1484881539011753,-2.5751124534956205e-6,-6.041203493012404e-7
G2,12476739,1.572484108444169,0.9328660952407323,1.5724757892842218,0.932865456228814,-8.319159947145494e-6,-6.390119182686504e-7
G2,12476740,1.3064763227922849,1.3961950477211842,1.306474696644426,1.3961922464648262,-1.6261478588130984e-6,-2.801256357987114e-6
G2,12476741,1.399572323500632,0.9632582039394124,1.3995695716072396,0.963257916015911,-2.7518933924941535e-6,-2.8792350137418765e-7
G2,12476742,1.3341673751894219,1.1706648361325034,1.3341655988673218,1.1706642080504952,-1.7763221000777207e-6,-6.280820081805416e-7
G2,12476743,1.1977592288016012,1.4545952975520051,1.197758319544286,1.4545912723107182,-9.092573152180705e-7,-4.025241286953474e-6
G2,12476744,1.5946516806677646,1.0763830060555764,1.5946421743780723,1.0763821328791954,-9.506289692318148e-6,-8.731763809777249e-7
G2,12476745,1.4252667557843557,1.1141329511019147,1.4252634594194322,1.1141323990025815,-3.2963649234662995e-6,-5.520993331398216e-7
G2,12476746,1.1188424204472385,1.4204973861463142,1.118841862937775,1.4204941918497003,-5.575094634835409e-7,-3.194296613884262e-6
G2,12476747,1.4589355686034438,1.441327848321249,1.4589312043379863,1.4413239004147576,-4.364265457468264e-6,-3.947906491497122e-6
G2,12476748,1.48378142306247,0.8993911806749275,1.4837766224205216,0.8993907858976793,-4.800641948410345e-6,-3.947772482248979e-7
G2,12476749,1.4879072223869498,1.4227346518433968,1.487902046417239,1.4227310718751673,-5.1759697108355596e-6,-3.5799682294168633e-6
G2,12476750,1.2881739935630987,1.2018167162592408,1.288172703876099,1.2018159839045592,-1.2896869996392724e-6,-7.323546815651838e-7
G2,12476751,1.354336719492435,1.1759876581638524,1.3543346715333457,1.17598698800792,-2.0479590892019672e-6,-6.701559325250628e-7
G2,12476752,1.2037598320218799,1.4522123290801012,1.2037588966016992,1.4522083629494553,-9.354201806477391e-7,-3.966130645904897e-6
G2,12476755,1.3488267461219332,1.1818603749790242,1.3488247731558098,1.1818596851601584,-1.9729661233647278e-6,-6.898188658066573e-7
G2,12476756,1.399645645797383,1.3239399739268307,1.3996427655308257,1.3239381493635447,-2.880266557259148e-6,-1.8245632860125482e-6
G2,12476757,1.5070268647601048,1.041682559396947,1.5070212884826788,1.0416819963004906,-5.576277426033727e-6,-5.630964563518859e-7
G2,12476758,1.7934161855709698,0.911406447975008,1.793387875942377,0.9114046510503777,-2.830962859290409e-5,-1.796924630315111e-6
G2,12476760,1.4884363940981917,1.3532636324601888,1.4884312894429639,1.3532612780545634,-5.104655227849975e-6,-2.354405625348832e-6
G2,12476761,1.2540822900678419,1.2491378490783105,1.2540812598921438,1.2491368518864245,-1.0301756980801713e-6,-9.971918859541518e-7
G2,12476762,1.4074476807896839,1.2711964752559866,1.4074446903446314,1.2711951635469592,-2.9904450524753656e-6,-1.3117090273961907e-6
G2,12476763,1.7466636292938553,1.2359312074917819,1.7466413745909888,1.2359289708061079,-2.2254702866542075e-5,-2.2366856740063668e-6
G2,12476764,1.6057004133659902,1.1957580483697774,1.605690237471804,1.195756751062536,-1.0175894186170709e-5,-1.297307241410195e-6
G2,12476766,1.286948639918855,1.3032684716322878,1.2869473017414663,1.3032669869383309,-1.3381773886766979e-6,-1.4846939568879947e-6
G2,12476767,1.5332278513581028,1.285718132980714,1.5332211997532503,1.2857164485515842,-6.651604852470072e-6,-1.6844291297335445e-6
G2,12476768,1.4555096036715784,1.4379240051849345,1.4555053356256962,1.4379201447488217,-4.26804588227192e-6,-3.8604361127791975e-6
G2,12476769,1.7006741235207679,1.2141872571933128,1.7006567429628814,1.2141854317232403,-1.7380557886470527e-5,-1.825470072436275e-6
G2,12476770,1.8942188324296678,0.9516808947742568,1.894172124672128,0.9516780884320732,-4.6707757539898864e-5,-2.806342183525601e-6
G2,12476771,1.7574250212280178,1.149749884573932,1.7574015050195653,1.1497479923521943,-2.3516208452534215e-5,-1.8922217377426165e-6
G2,12476772,1.7447758089701912,1.0739172503014665,1.7447538278509798,1.0739156428675003,-2.1981119211478273e-5,-1.6074339661553694e-6
G2,12476773,1.6810112997867093,1.30715926996199,1.6809956385983138,1.3071568212811713,-1.566118839546604e-5,-2.4486808187784703e-6
G2,12476774,1.3782471336105402,1.168744993879767,1.3782447208907338,1.1687443267011068,-2.4127198063883526e-6,-6.67178660096468e-7
G2,12476775,1.6736679433003794,1.1517626443519149,1.6736529846456698,1.151761239913894,-1.4958654709573693e-5,-1.4044380209909946e-6
G2,12476776,1.4882448296092377,1.2783793907275822,1.4882397946773624,1.278377877898804,-5.034931875202986e-6,-1.512828778249542e-6
G2,12476777,1.4089821562181155,1.2245444295284302,1.4089791618090097,1.2245434464762195,-2.994409105783191e-6,-9.83052210745683e-7
G2,12476778,1.5181781104473124,1.249351900335239,1.5181720661739029,1.2493505486167458,-6.0442734095556006e-6,-1.3517184931366444e-6
G2,12476779,1.4056593434899876,1.2804148268877642,1.4056563819810526,1.2804134388595223,-2.961508934973267e-6,-1.3880282418998746e-6
G2,12476780,1.2008194807491943,1.1117518154815191,1.200818830794771,1.1117514671930182,-6.499544233928845e-7,-3.482885009287173e-7
G2,12476781,1.3846349439154444,1.3534862717519551,1.3846323053604068,1.3534840847703185,-2.638555037570711e-6,-2.1869816366759665e-6
G2,12476782,1.504293318013255,1.6006782736110232,1.5042871696928384,1.6006680423918598,-6.148320416565767e-6,-1.0231219163436833e-5
G2,12476784,1.683364074926408,1.2716384417135511,1.6833482356713818,1.2716363142012175,-1.583925502623984e-5,-2.1275123336383928e-6
G2,12476785,1.5451401337284574,0.9945335189413641,1.5451330786880069,0.9945329154442187,-7.055040450509864e-6,-6.034971453683369e-7
G2,12476786,1.47357891800148,1.362315742524379,1.4735742537129493,1.362313286609396,-4.664288530742411e-6,-2.45591498293507e-6
G2,12476787,1.4857564360653708,1.4599676828696393,1.485751265227409,1.4599632078773046,-5.170837961809838e-6,-4.474992334690953e-6
G2,12476788,1.5521250120101069,1.316438527575137,1.5521175323957483,1.3164364800861847,-7.4796143585409425e-6,-2.047488952161558e-6
G2,12476790,1.722383324987978,1.2008976894572654,1.7223637849560074,1.200895809013309,-1.9540031970688432e-5,-1.8804439563258057e-6
G2,12476791,1.6927338767445,1.1894513967847986,1.6927172444629863,1.1894497408862683,-1.6632281513606628e-5,-1.655898530295019e-6
G2,12476792,1.3707750639114011,1.350155026253927,1.3707726571632501,1.3501529025133305,-2.406748150995952e-6,-2.123740596493562e-6
G2,12476794,1.5853947963404096,1.0677533888098452,1.5853857971821503,1.0677525634812224,-8.999158259248574e-6,-8.253286227777323e-7
G2,12476795,1.518696076808577,1.4475462892936997,1.5186898033404446,1.4475420617730537,-6.2734681325338215e-6,-4.227520645994076e-6
G2,12476796,1.6161514617952357,1.155564124550822,1.6161406647117689,1.1555629579454159,-1.0797083466851376e-5,-1.1666054060555098e-6
G2,12476797,1.5391786744197526,1.3162199464165214,1.5391717546681511,1.3162179374138112,-6.9197516014973814e-6,-2.009002710190444e-6
G2,12476798,1.423171778651701,1.5311560625098906,1.4231680877471906,1.5311493469458013,-3.6909045104671634e-6,-6.715564089265769e-6
G2,12476799,1.6242851051409288,1.3999253875654607,1.6242736118073933,1.39992186439938,-1.149333353556159e-5,-3.523166080654505e-6
G2,12476800,1.465480686587795,1.3959536490020048,1.4654762116254763,1.3959506488357716,-4.474962318701259e-6,-3.0001662332246326e-6
G2,12477123,1.2995133826392968,1.4699222170555144,1.299511709388633,1.469917715917404,-1.673250663802861e-6,-4.501138110457603e-6
G2,12477126,1.0463074476256775,1.5470926863171348,1.0463067754005035,1.5470855404706956,-6.722251739699203e-7,-7.145846439238213e-6
G2,12477128,1.4081352941613174,1.4610671876028525,1.408132069457513,1.4610628169215258,-3.22470380442752e-6,-4.370681326637538e-6
G2,12477129,0.9625880161953927,2.218621056931255,0.9625783056978118,2.2184289054207595,-9.710497580917021e-6,-0.00019215151049545298
G2,12477131,1.766240552929765,1.5208810806022026,1.766215521565318,1.5208734668611814,-2.5031364446981286e-5,-7.613741021206266e-6
G2,12477132,1.7829337383839385,1.1464664960089583,1.7829068833627122,1.1464644277852556,-2.685502122634631e-5,-2.0682237027447314e-6
G2,12477133,1.2770578439717464,1.3278493766025683,1.2770565731931538,1.327847625204854,-1.27077859257696e-6,-1.7513977141891957e-6
G2,12477134,1.7075753130064077,1.2375432545408394,1.7075572565696626,1.237541248708809,-1.805643674512858e-5,-2.0058320302496213e-6
G2,12477135,1.6341201191077261,1.299046218374262,1.6341080737626341,1.2990440692157517,-1.2045345092026594e-5,-2.1491585102673127e-6
G2,12640468,0.9689409834014616,1.6689522805246821,0.968939940206278,1.6689377407564698,-1.0431951835698783e-6,-1.453976821230718e-5
G2,13171689,1.6131154682330615,1.3785676151503938,1.613104708752436,1.378564513200261,-1.0759480625566198e-5,-3.1019501327556043e-6
G2,13175771,1.2116424647007105,1.3036095015689584,1.2116416687628946,1.3036080566529566,-7.959378158783892e-7,-1.4449160017360185e-6
G2,13179032,1.3526975505662955,1.1388282531163298,1.3526955376697853,1.1388277217141956,-2.0128965101395835e-6,-5.314021342961439e-7
G2,13179034,1.342532457277602,1.5949746770334272,1.3425299560305444,1.5949650221138727,-2.5012470576957213e-6,-9.654919554513697e-6
G2,13197505,1.095293933565154,1.341227611827375,1.095293531594743,1.3412257654763409,-4.019704109570199e-7,-1.846351034062721e-6
G2,13217663,1.0718787712612257,1.431711222986249,1.0718783035948027,1.4317077911155156,-4.676664229208427e-7,-3.4318707333724774e-6
G2,13315347,1.6900826391966919,0.8467051700981887,1.6900662974817033,0.8467040748896848,-1.6341714988543643e-5,-1.095208503887335e-6
G2,13324922,0.90403526067988,1.6551594648710906,0.904034319409152,1.6551460126082933,-9.412707280276322e-7,-1.3452262797253312e-5
G2,13343733,0.9733659286166224,2.1069859172287115,0.9733594184558825,2.106864158572367,-6.510160739936488e-6,-0.0001217586563444506
G2,13343736,1.3294549277682608,1.1166574767874968,1.329453225361691,1.1166570331037347,-1.702406569714654e-6,-4.4368376217462924e-7
G2,13391276,1.618989921894137,1.1433950261959243,1.618978949923626,1.1433938907693753,-1.097197051103116e-5,-1.1354265490037818e-6
G2,13399583,1.1389338623492626,1.4403991226763846,1.1389332139853947,1.4403954725878383,-6.483638679277703e-7,-3.6500885463031096e-6
G2,13415294,1.7515177846521643,1.0392668191615047,1.7514950112688947,1.039265223828377,-2.27733832696142e-5,-1.5953331276019611e-6
G2,13436762,1.2267268964606544,1.22618552104812,1.2267260622306495,1.2261846898433044,-8.342300048536089e-7,-8.312048156433605e-7
G2,13480337,1.3722718957726594,0.9522919309221529,1.3722696180807723,0.9522916846294374,-2.2776918870981433e-6,-2.4629271555554055e-7
G2,14032707,3.5911302088682526,0.5308572277198412,3.5813867413295335,0.5305551785574715,-0.00974346753871913,-0.0003020491623697552
G2,14032708,1.0987410414484824,2.286421875448755,1.0987286089649455,2.286171821281328,-1.2432483536883865e-5,-0.0002500541674272938
G2,14032710,2.0680557499435,0.9594758780940249,2.0679526368134127,0.9594702608728879,-0.0001031131300872623,-5.617221137010908e-6
G2,14032715,1.8400599498920613,1.2316308382525396,1.8400240467655369,1.231627875005797,-3.590312652446137e-5,-2.9632467426488063e-6
G2,14032717,0.9666321332878637,2.141313401011411,0.9666247551440146,2.1411728638159184,-7.378143849101626e-6,-0.00014053719549256272
G2,14032718,1.396745053721531,1.1377518556765107,1.3967423269038308,1.1377512759026642,-2.726817700082762e-6,-5.797738464874413e-7
G2,14032719,2.198850940804555,0.6656816408268725,2.198673337504459,0.6656726473567419,-0.00017760330009597425,-8.993470130613801e-6
G2,14032720,2.4246169888578426,0.8292066207989496,2.424201713313088,0.8291875383298835,-0.000415275544754401,-1.9082469066122876e-5
G2,14035482,1.3399939733726687,1.363408361420663,1.339991994474935,1.3634060784482698,-1.978897733678764e-6,-2.282972393130578e-6
G2,14035484,1.907955105172259,0.9063885963602234,1.907905226498623,0.9063856485516635,-4.987867363603904e-5,-2.9478085599166093e-6
G2,14035486,1.7497419016143796,1.2225884615325495,1.7497192893410571,1.2225862869703978,-2.261227332245319e-5,-2.174562151679993e-6
G2,14035487,1.5723599895876388,1.2095920429856342,1.5723516212920758,1.2095907881394579,-8.368295562943828e-6,-1.2548461763017826e-6
G2,14035488,1.9692958133209737,0.7410335518407141,1.9692293761578623,0.7410297912881393,-6.643716311138803e-5,-3.760552574783027e-6
G2,14035489,1.678270358301365,1.0372273170309632,1.6782550368683435,1.037226155745525,-1.5321433021409092e-5,-1.161285438255888e-6
G2,14035491,1.1383393721018462,1.458469274305531,1.1383386942127744,1.4584651673989306,-6.778890717651365e-7,-4.1069066003540655e-6
G2,14035492,1.1916641777045103,1.5329088832166757,1.1916631272290032,1.5329022953669806,-1.0504755070250837e-6,-6.5878496950944054e-6
G2,14035493,1.439634690582363,1.3848576291208206,1.4396308956121513,1.384854872207595,-3.794970211634663e-6,-2.756913225487878e-6
G2,14035494,1.684765108456931,0.9493082398979691,1.6847492347118929,0.9493071312905252,-1.5873745038197384e-5,-1.108607443844889e-6
G2,14035495,0.8904414003423862,1.774895121187071,0.8904397554189132,1.7748693948961562,-1.6449234729876139e-6,-2.5726290914684924e-5
G2,14035496,1.0202019594514742,1.7561957387251363,1.0202003570486504,1.7561723995647032,-1.6024028237637822e-6,-2.3339160433177852e-5
G2,14035497,1.3565292096533528,1.4332205985530444,1.3565269105220996,1.4332169864503372,-2.299131253158393e-6,-3.612102707162279e-6
G2,14035498,1.820808161062659,0.8677696975601383,1.8207756209388457,0.867767683916596,-3.254012381326277e-5,-2.0136435423534493e-6
G2,14035499,1.8294565427415734,1.1138193056450918,1.8294225304090286,1.1138169416449757,-3.40123325448527e-5,-2.3640001161062685e-6
G2,14035500,2.2529375516736945,0.8814579126110322,2.2527177368248226,0.8814470224952314,-0.00021981484887190206,-1.0890115800799016e-5
G2,14035502,1.5209927294167158,1.1643539443046946,1.5209866171377335,1.1643530414845706,-6.1122789822842805e-6,-9.02820123993564e-7
G2,14035503,2.1618531809229538,0.9934309375332911,2.161700254807553,0.9934229682116421,-0.0001529261154007422,-7.969321649037298e-6
G2,14035504,1.4475680808786073,1.3570556552532171,1.4475641240099322,1.3570533246894987,-3.9568686751589865e-6,-2.330563718455636e-6
G2,14035505,1.5384956982622777,1.2529837215941804,1.5384888517527187,1.2529822915056756,-6.846509559066405e-6,-1.4300885047280332e-6
G2,14035506,1.346253757308557,1.417024212000566,1.3462516267314735,1.4170209657524089,-2.1305770834256776e-6,-3.246248157173781e-6
G2,14035507,0.9143164663917732,1.7865879498045727,0.9143147223364005,1.78656061720054,-1.744055372676634e-6,-2.7332604032759278e-5
G2,14035508,1.5004219877430054,1.2553050152864385,1.5004165699611454,1.2553036617604403,-5.417781860028725e-6,-1.353525998171179e-6
G2,14035509,1.4494607515570932,1.5502092855306184,1.4494563926383832,1.5502017250814462,-4.358918709979065e-6,-7.560449172272499e-6
G2,14035510,1.072007458338843,1.4838058332004542,1.07200689573961,1.483801015085216,-5.625992329783003e-7,-4.818115238336418e-6
G2,14035511,1.342565127919945,1.4890530245263476,1.3425629185881596,1.4890479112010497,-2.209331785518742e-6,-5.11332529784525e-6
G2,14035512,1.5803075579811146,1.1642117041323323,1.5802988030262475,1.1642106323698609,-8.754954867074005e-6,-1.0717624714384755e-6
G2,14035513,1.521981901650808,1.08739579044282,1.5219757718062243,1.0873951103508677,-6.129844583702138e-6,-6.800919523097804e-7
G2,14035514,1.0862189532413853,1.6633039000122871,1.0862177799786883,1.6632897976857917,-1.1732626969962467e-6,-1.4102326495457618e-5
G2,14035516,1.6019179114356485,1.189317275671952,1.6019079599239399,1.1893160228520983,-9.95151170868347e-6,-1.2528198536365664e-6
G2,14035517,2.08259720922742,0.9597398814495905,2.082487442541414,0.9597339471322749,-0.00010976668600592987,-5.934317315658966e-6
G2,14035518,1.6326013872680112,1.1156168891552833,1.6325895298538806,1.115615781790198,-1.1857414130567179e-5,-1.107365085406542e-6
G2,14035519,2.1811767079361957,0.8866781392556061,2.181011290532205,0.8866696664490509,-0.00016541740399045324,-8.472806555248624e-6
G2,14035521,1.5463008185146287,1.3598953071222255,1.5462935537387092,1.3598927157361382,-7.264775919502142e-6,-2.5913860872694983e-6
G2,14035522,1.147017531580979,1.6178169928457597,1.1470163885636182,1.6178060939101955,-1.143017360760723e-6,-1.0898935564274126e-5
G2,14035523,1.502430085147975,1.3229884833332337,1.5024245499200386,1.3229864880670252,-5.53522793644845e-6,-1.995266208476565e-6
G2,14035524,1.6219039753842304,1.189841461479795,1.6218928016757312,1.1898401308150865,-1.1173708499123691e-5,-1.3306647084210255e-6
G2,14035525,1.4555140670630056,1.0700941554273593,1.4555100533842276,1.0700936508971781,-4.013678778003182e-6,-5.045301811890113e-7
G2,14035526,1.0770270496385534,1.7832656653691341,1.0770251603525203,1.7832387805820407,-1.8892860331742867e-6,-2.6884787093450768e-5
G2,14035527,1.5799899438011094,1.2655966211037148,1.5799811579136676,1.265594971356091,-8.785887441797868e-6,-1.6497476238441777e-6
G2,14035528,1.3495438324888294,1.2827844893754041,1.3495417970405306,1.2827831473911122,-2.0354482987983147e-6,-1.3419842919137892e-6
G2,14035529,2.9191920948408847,0.5989853316997108,2.917240280621732,0.5989108972582091,-0.0019518142191525811,-7.443444150168066e-5
G2,14035530,1.1923011247985542,1.4673117823561586,1.1923002186220668,1.4673074157186157,-9.061764874029876e-7,-4.366637542885243e-6
G2,14035531,1.5649957719406224,1.3116708492682216,1.5649877002222021,1.311668816212357,-8.071718420321616e-6,-2.033055864547606e-6
G2,14035532,2.0124238819768663,0.963670238775545,2.012343118752086,0.963665701516206,-8.07632247803447e-5,-4.537259339021382e-6
G2,14035534,1.5763663832525854,1.1057074041916817,1.5763578469135542,1.1057065278406861,-8.536339031195439e-6,-8.763509955489468e-7
G2,14035535,1.1517452866632356,1.8160048127909805,1.151742927838058,1.8159730156313965,-2.358825177628532e-6,-3.1797159584012746e-5
G2,14035536,1.8107988912544513,0.9850090382686044,1.8107679506381276,0.985007049542026,-3.0940616323693604e-5,-1.988726578416866e-6
G2,14035538,1.4098724577548871,1.3700324751596378,1.4098693323218372,1.3700300077278378,-3.1254330499219662e-6,-2.467431799990649e-6
G2,14035539,1.364978326176769,1.43948528948065,1.364975891559257,1.4394815214373176,-2.434617512037107e-6,-3.768043332463833e-6
G2,14035541,1.9028028463848081,1.0112193679236245,1.9027541714538982,1.0112164075571073,-4.8674930909875513e-5,-2.9603665172572846e-6
G2,14035542,1.3975954864867988,1.2095400758651056,1.3975927183006753,1.2095391938178282,-2.7681861234363225e-6,-8.820472774395682e-7
G2,14035543,1.251761138056098,1.355409590465586,1.2517600406947937,1.3554074921806722,-1.0973613042697394e-6,-2.0982849138206916e-6
G2,14035544,1.9248880730372264,0.8745045399358673,1.9248340276834024,0.874501388140812,-5.40453538240282e-5,-3.1517950552784058e-6
G2,14035545,1.5535121495869995,1.4027017237191157,1.5535045137713142,1.4026983892257276,-7.635815685302916e-6,-3.3344933880741223e-6
G2,14035546,2.2495258674280407,0.7316633439502428,2.249308950726601,0.7316526048468054,-0.00021691670143964004,-1.0739103437407138e-5
G2,14035548,1.0423760789932282,1.7534238206674504,1.0423744661306802,1.7534008168049442,-1.6128625479616687e-6,-2.3003862506199013e-5
G2,14035549,1.7392812123454164,1.0839706348501381,1.7392598613481403,1.0839690434600402,-2.1350997276181616e-5,-1.591390097921419e-6
G2,14035550,1.3101497860974416,1.4307320592103672,1.3101480710868356,1.4307285473134292,-1.715010605973788e-6,-3.511896937924419e-6
G2,14035551,2.421345243105938,0.7752591424022054,2.420934750491633,0.7752402616295164,-0.0004104926143049248,-1.8880772688967262e-5
G2,14035552,2.164792747476872,0.9058154268894257,2.1646379801412996,0.9058074306339531,-0.00015476733557218125,-7.996255472653147e-6
G2,14035553,1.6775737907178918,1.1176608357434106,1.6775585135654218,1.1176595176044983,-1.5277152469961308e-5,-1.318138912242972e-6
G2,14035554,1.488424839924666,1.1966629186776947,1.488419843071058,1.196661949032531,-4.996853607996954e-6,-9.696451637175585e-7
G2,14035555,0.9844136368544064,1.7956235451988591,0.9844117754076421,1.7955949083308747,-1.8614467642841248e-6,-2.863686798448839e-5
G2,14035556,1.4211189754455058,1.1290247158017337,1.4211157652845217,1.1290241283834033,-3.210160984146171e-6,-5.874183304221958e-7
G2,14035559,1.226735813789303,1.3950942437250529,1.226734836356238,1.3950915136115216,-9.774330649303664e-7,-2.730113531246303e-6
G2,14035560,1.6273152190607452,1.0450248854373034,1.6273037289151457,1.0450239432272468,-1.1490145599424295e-5,-9.422100566425229e-7
G2,14035561,1.509368069658966,1.0273598732563716,1.5093624127526692,1.0273593243477224,-5.656906296724884e-6,-5.489086492005413e-7
G2,14035562,1.2659939871960098,1.4820732521889142,1.2659925905416922,1.4820684166998432,-1.3966543175314428e-6,-4.8354890709312315e-6
G2,14035563,1.4581966210909663,1.2521598034610715,1.4581924742510135,1.2521585584987942,-4.146839952756665e-6,-1.2449622772692237e-6
G2,14035565,1.2139959705063617,1.310652750942208,1.2139951559093416,1.3106512308231146,-8.145970200601482e-7,-1.5201190932678799e-6
G2,14035566,1.699918036569076,1.116793505411048,1.6999007605946324,1.1167920720002498,-1.727597444367568e-5,-1.4334107982794109e-6
G2,14035567,1.480331939564283,1.1877655901736919,1.4803271960653501,1.1877646796479815,-4.743498932979762e-6,-9.105257103847464e-7
G2,14035568,1.4648509132380647,1.3306687157547963,1.4648465280072809,1.3306667062797166,-4.385230783832128e-6,-2.009475079667311e-6
G2,14035569,1.1453986709836885,1.5137168909403032,1.145397854305485,1.5137110543393086,-8.166782035079478e-7,-5.836600994513219e-6
G2,14035570,1.5720632330727293,1.0415718442272839,1.5720549246247417,1.041571104805809,-8.308447987603884e-6,-7.394214749378847e-7
G2,14035571,1.361160655139054,1.019345626634609,1.3611585423318682,1.019345332167776,-2.1128071858722564e-6,-2.9446683313949507e-7
G2,14035572,0.918706674226754,1.6953422079262845,0.918705526555963,1.6953253840399174,-1.1476707909574557e-6,-1.682388636714549e-5
G2,14035573,1.3862474251205645,1.2129667438685028,1.3862448593348367,1.2129658577205438,-2.5657857278815754e-6,-8.861479590116517e-7
G2,14035574,1.6128506582777418,1.2051430566215702,1.6128400472318356,1.2051416852346173,-1.0611045906161465e-5,-1.3713869528864109e-6
G2,14035575,0.8671504691353478,2.025022191245926,0.8671457495514485,2.0249367773738967,-4.719583899248647e-6,-8.54138720294273e-5
G2,14035576,1.80909357841339,1.0206195902410524,1.8090629007594563,1.0206175789855894,-3.067765393360844e-5,-2.011255463063577e-6
G2,14035580,0.981953999055291,1.7217063207839562,0.9819526594284602,1.721686899669414,-1.3396268307985792e-6,-1.9421114542339524e-5
G2,14035582,1.2367337267006153,1.202040014186889,1.236732840367919,1.2020393125798123,-8.86332696348191e-7,-7.016070766585614e-7
G2,14035583,2.017224805636522,0.938921187315451,2.0171422964878833,0.9389165803363585,-8.250914863872083e-5,-4.60697909254737e-6
G2,14035585,1.5236087314314233,0.9221237185807948,1.5236025579262065,0.922123222979726,-6.173505216811037e-6,-4.956010687395818e-7
G2,14035586,1.0679659238558514,1.7895901746822336,1.06796400216973,1.789562400800122,-1.9216861213422476e-6,-2.7773882111503667e-5
G2,14035587,1.0919949017800907,1.4726663951929413,1.091994320810073,1.4726619054536825,-5.809700176495625e-7,-4.489739258817238e-6
G2,14035588,2.0640571761218105,0.8773484047584353,2.0639558347391223,0.8773429119053051,-0.000101341382688247,-5.4928531302289585e-6
G2,14035590,0.9032477555696224,1.5299786329576543,0.903247252209952,1.5299722117182335,-5.03359670500636e-7,-6.421239420850711e-6
G2,14035591,1.3435390941395966,1.4543980957450433,1.3435369393653778,1.4543939785246274,-2.154774218832145e-6,-4.117220415933431e-6
G2,14035593,1.459467154765634,1.2444093335390256,1.4594629784112754,1.2444081411763177,-4.176354358564893e-6,-1.1923627079024612e-6
G2,14035594,1.058671734246403,1.644989710134772,1.058670696144728,1.644976996618997,-1.038101674843972e-6,-1.2713515774809281e-5
G2,14035595,1.324753160775703,1.42220643595609,1.3247512944974407,1.4222031000486912,-1.866278262374621e-6,-3.3359073987604404e-6
G2,14035596,1.3467524169991958,1.3686540409326535,1.3467503423879397,1.3686516708961904,-2.0746112561198515e-6,-2.370036463084091e-6
G2,14035597,1.5460529640940759,0.8302487041147129,1.5460458782671047,0.8302481785196135,-7.08582697117599e-6,-5.255950993321434e-7
G2,14035598,2.4954669855919596,0.6870246856599741,2.494935897975212,0.6870009910328688,-0.0005310876167476941,-2.3694627105275146e-5
G2,14035602,1.245786004457772,1.5003203221079084,1.2457847196704976,1.5003149132298752,-1.28478727434711e-6,-5.4088780332417485e-6
G2,14035603,0.8946052082915307,2.282965052853486,0.8945931426853159,2.2827182961669306,-1.2065606214806124e-5,-0.00024675668655538274
G2,14035604,1.5907641957014,0.9013955880111336,1.5907549221173622,0.9013949036211433,-9.273584037794436e-6,-6.843899903463679e-7
G2,14035605,1.1623968665137558,1.3018938417246042,1.1623962986474505,1.3018924334277395,-5.678663053121369e-7,-1.4082968646800254e-6
G2,14035606,1.6578345265942442,1.1262623168170622,1.65782084176164,1.1262610695983848,-1.3684832604221597e-5,-1.2472186774470373e-6
G2,14035607,1.6601662744630463,1.0443276349446993,1.6601524252094677,1.0443265511080602,-1.3849253578612775e-5,-1.0838366391041632e-6
G2,14035608,1.977792663575441,0.6806417910988739,1.9777235940877662,0.6806379013232139,-6.906948767482213e-5,-3.88977566001536e-6
G2,14035610,1.1790401717466277,1.7140566829104371,1.1790384432746532,1.7140380083927649,-1.7284719744381505e-6,-1.8674517672234714e-5
G2,14035611,1.642277096841857,1.127724141535835,1.6422645636304636,1.1277229594632596,-1.2533211393384036e-5,-1.182072575378612e-6
G2,14035612,1.2436675259787575,1.5217773998298847,1.2436662051750473,1.5217712233743943,-1.32080371018084e-6,-6.17645549039203e-6
G2,14035613,1.4983778070155986,1.3606855011662833,1.4983723716378767,1.3606830177359206,-5.435377721907386e-6,-2.4834303626875e-6
G2,14035614,0.7343330297955035,1.9875500139359121,0.7343289811577718,1.987477809959451,-4.0486377317350275e-6,-7.220397646112708e-5
G2,14035615,1.8427088990774838,1.0700121534547875,1.8426725718977592,1.070009761075717,-3.6327179724571224e-5,-2.392379070403905e-6
G2,14035616,1.5161563590838198,1.0108910356273526,1.516150458716229,1.010890490335344,-5.900367590738753e-6,-5.452920086579383e-7
G2,14035617,1.7203594862651927,0.9572670885695305,1.7203402075627843,0.9572657760889864,-1.9278702408476178e-5,-1.3124805440245524e-6
G2,14035618,1.4845210981264563,1.2611421477390237,1.4845161905610837,1.2611407842162392,-4.9075653725250135e-6,-1.3635227844588371e-6
G2,14035619,1.496326873276832,1.218300706084193,1.4963216117868552,1.2182996042996481,-5.2614899768155254e-6,-1.1017845449323715e-6
G2,14035620,2.464177521971238,0.735908423802828,2.4637005702997627,0.7358868717907098,-0.000476951671475323,-2.155201211817559e-5
G2,14035622,1.250049740046094,1.5422902262738096,1.2500483209084732,1.5422832220178369,-1.4191376207506323e-6,-7.004255972775653e-6
G2,14035623,1.291722111043811,1.529764531163749,1.291720379671856,1.5297580139165678,-1.7313719551381723e-6,-6.517247181259123e-6
G2,14035624,2.290269202392476,0.7103630330231467,2.2900154847180083,0.7103506971740426,-0.00025371767446769056,-1.2335849104094798e-5
G2,14035625,1.6135098340394316,1.1360799187790682,1.6134992065611706,1.136078827945174,-1.0627478260971657e-5,-1.0908338943238505e-6
G2,14035626,1.1096344681845607,1.2510863153649476,1.1096341004005685,1.2510853597929095,-3.677839921500947e-7,-9.555720381637656e-7
G2,14035627,1.3847786828153077,1.14553063599379,1.384776167323316,1.1455300461538362,-2.5154919915948426e-6,-5.898399537684895e-7
G2,14035628,0.9328805233800397,1.90017360131038,0.9328776575572358,1.900125541203511,-2.8658228038436206e-6,-4.806010686908557e-5
G2,14035629,1.9150054617236483,0.9296377249417214,1.914953881606853,0.9296346780229945,-5.1580116795291175e-5,-3.0469187268789e-6
G2,14035630,1.8462396243853176,1.171523543262039,1.8462026297264753,1.171520828171828,-3.6994658842326444e-5,-2.715090211102833e-6
G2,14035631,1.795843836549903,0.7774876324356651,1.795815175988939,0.7774858478736684,-2.866056096406666e-5,-1.784561996731604e-6
G2,14035632,1.7140287610965055,1.2697588121566263,1.7140100445183255,1.269756531839219,-1.8716578179978072e-5,-2.2803174073438015e-6
G2,14035634,0.976582352781748,1.798362398342533,0.9765804756678017,1.7983333577838465,-1.8771139462803177e-6,-2.9040558686466156e-5
G2,14035635,0.9605426369287278,1.6186960844781777,0.96054181845856,1.6186851605932322,-8.18470167751606e-7,-1.0923884945501783e-5
G2,14035636,1.4576707943315605,1.510727409642837,1.4576663252357536,1.5107214094749393,-4.4690958069804054e-6,-6.000167897646236e-6
G2,14035637,2.1515947580994066,0.8723755872926491,2.1514481381135746,0.8723679755655767,-0.0001466199858319861,-7.611727072420749e-6
G2,14035638,1.608828815874407,1.0553712711584757,1.608818490393818,1.0553703844249298,-1.0325480588990743e-5,-8.867335459239456e-7
G2,14035640,1.3515817370108638,1.398590590975138,1.3515795589120259,1.3985877040408108,-2.1780988379571653e-6,-2.886934327150925e-6
G2,14035641,1.025532678540852,1.4593615426501332,1.0255322357702568,1.4593574336643436,-4.4277059529918006e-7,-4.108985789619268e-6
G2,14035642,1.6879047279269994,1.3711246573526823,1.687888400919441,1.3711213404232525,-1.6327007558381013e-5,-3.3169294297863416e-6
G2,14035643,1.4008338177670032,1.4792842179127115,1.4008306994571653,1.479279338281434,-3.1183098379017338e-6,-4.879631277487917e-6
G2,14035644,1.8941252694741189,1.1573612019726762,1.894078548393894,1.1573580262024268,-4.6721080224854106e-5,-3.1757702494417117e-6
G2,14035645,1.6607192090946783,1.352604006704916,1.660705170872653,1.3526011010831451,-1.4038222025281044e-5,-2.9056217709655385e-6
G2,14035647,0.9972529554351741,1.5395246769845425,0.9972523646707747,1.5395178601139832,-5.907643993996459e-7,-6.816870559367416e-6
G2,14035648,2.5292963855410315,0.5978808326810687,2.52870099193678,0.5978546262348836,-0.0005953936042515373,-2.620644618511747e-5
G2,14035650,1.5487314736163413,1.5106714804277057,1.548723853867414,1.5106652739887088,-7.619748927378822e-6,-6.2064389969584965e-6
G2,14035652,0.8873955892748753,2.107765931572277,0.8873891071561685,2.1076437765238887,-6.482118706796491e-6,-0.0001221550483885281
G2,14035653,1.275189534096247,1.3900511262344528,1.2751882120859726,1.390048459092072,-1.3220102743627393e-6,-2.66714238073007e-6
G2,14035654,2.214847451783274,1.2605542646818224,2.2146580719983002,1.2605437528925911,-0.00018937978497390873,-1.0511789231282265e-5
G2,14035655,1.9808869665593634,1.0447921142555145,1.9808168997867233,1.044788020514413,-7.006677264009831e-5,-4.093741101440784e-6
G2,14035662,1.6793050479796499,1.5000903515529593,1.679289259236144,1.5000840095291457,-1.578874350594006e-5,-6.342023813665776e-6
G2,14035664,1.425689794345243,1.4602191029311082,1.4256862044516843,1.4602147293180625,-3.589893558642032e-6,-4.373613045727254e-6
G2,14035665,1.5241228538000753,0.7874195095116152,1.5241166646855426,0.7874190484907513,-6.189114532650919e-6,-4.6102086392885155e-7
G2,14035666,1.4380763307389486,1.4245989801398167,1.43807251795602,1.4245954526151994,-3.8127829284917425e-6,-3.5275246172972174e-6
G2,14035667,1.4128344757236295,1.0306876643258496,1.4128314572310194,1.030687290559436,-3.018492610085133e-6,-3.7376641359720963e-7
G2,14035668,1.377605799949134,2.150224549281078,1.3775958953012446,2.15007856668369,-9.904647889413809e-6,-0.00014598259738818342
G2,14035669,1.571744017405661,1.5109658527211216,1.5717353212539635,1.5109595671496834,-8.696151697407117e-6,-6.285571438224835e-6
G2,14035671,1.3450641125822336,1.2162350598632536,1.34506217641851,1.216234201514673,-1.9361637235704166e-6,-8.583485806568092e-7
G2,14035672,1.7565841260135377,1.0301124127657832,1.7565607379025647,1.0301107951336568,-2.3388110973021625e-5,-1.617632126471591e-6
G2,14035674,1.564391654604784,0.9366380370092532,1.5643837300765842,0.9366374209592764,-7.924528199865222e-6,-6.160499768093075e-7
G2,14035675,1.6435758947959527,1.5119986219369586,1.6435628795681887,1.5119920325657152,-1.3015227763979453e-5,-6.589371243315156e-6
G2,14035677,1.5558604533120504,1.4207863535470848,1.5558526851036254,1.4207826458731536,-7.768208424963063e-6,-3.7076739312080775e-6
G2,14035678,1.8545475215016567,1.2886546557358713,1.8545089169416744,1.2886511086861459,-3.8604559982280406e-5,-3.5470497254941336e-6
G2,14035679,1.136823081456946,1.5061886763352839,1.1368223103202522,1.5061831101510614,-7.711366938334407e-7,-5.566184222427495e-6
G2,14035680,1.5460086582854897,1.4675716457992705,1.5460012488391817,1.4675668160472295,-7.409446308059842e-6,-4.8297520409690264e-6
G2,14035681,1.223432049122647,2.1109405690637333,1.2234247753383827,2.110816704687622,-7.273784264238969e-6,-0.00012386437611144885
G2,14035682,1.6914020193588004,1.4081511526966828,1.6913853310800535,1.4081471599785305,-1.6688278746901375e-5,-3.992718152323604e-6
G2,14035684,2.0881460195316093,1.1339868854391024,2.088033591313806,1.133980539929456,-0.00011242821780310663,-6.34550964639935e-6
G2,14035685,1.674591717885973,1.0543325747630286,1.6745767039418022,1.0543314060359164,-1.501394417080526e-5,-1.168727112199619e-6
G2,14035687,1.475904556241483,2.1552264180432714,1.4758923104602115,2.1550772541800813,-1.2245781271458256e-5,-0.00014916386319008268
G2,14035689,1.5169134545801648,1.6537206162925822,1.516906640902997,1.6537068433940785,-6.813677167816223e-6,-1.377289850368335e-5
G2,14035690,1.69338254213025,1.0616320808159065,1.6933658842424437,1.061630802952841,-1.665788780624844e-5,-1.2778630655851941e-6
G2,14035691,1.6168901415503412,1.4228337852813595,1.6168790878754054,1.422829827915902,-1.1053674935812552e-5,-3.957365457551987e-6
G2,14035692,1.7555548630548252,1.3570388661871167,1.755531448793995,1.3570353532051918,-2.341426083019016e-5,-3.5129819249135608e-6
G2,14035694,2.2561778836620476,1.3014511369303852,2.255955175975874,1.301438793463877,-0.0002227076861736066,-1.2343466508246692e-5
G2,14035696,1.6075823952129338,1.2426199211418307,1.6075720850872377,1.242618345022821,-1.0310125696078032e-5,-1.5761190097496325e-6
G2,14035697,1.279206308904226,1.6287592514926856,1.2792043673113176,1.6287475822061652,-1.941592908449863e-6,-1.1669286520410438e-5
G2,14035698,1.9543735107095495,1.0420108262649008,1.954311471875063,1.042007140491647,-6.203883448652192e-5,-3.6857732537143306e-6
G2,14035699,1.29978014261254,1.6053713005482941,1.2997780984451024,1.605361084507904,-2.0441674375426544e-6,-1.02160403900875e-5
G2,14035701,1.3433438609022013,1.020968140690062,1.3433419985070902,1.020967862749705,-1.8623951110185999e-6,-2.779403569519445e-7
G2,14035702,1.5212354728138497,1.8313438206527464,1.5212273100812619,1.83130907059015,-8.16273258785749e-6,-3.475006259634483e-5
G2,14035703,1.3304741162677085,2.1155963799006954,1.330465788833043,2.1154699948171696,-8.327434665611477e-6,-0.00012638508352580402
G2,14035704,1.454736284548977,1.6564834032175042,1.4547314014664274,1.6564695507300344,-4.883082549644868e-6,-1.3852487469767638e-5
G2,14035705,1.3251674457509464,1.3962346644466481,1.325165611255968,1.3962318466601884,-1.8344949783699604e-6,-2.817786459718974e-6
G2,14035707,1.8897652865595544,1.3399151307974995,1.8897194268651758,1.339910634463454,-4.585969437864712e-5,-4.496334045533956e-6
G2,14035710,2.0338324221794597,1.030475043925154,2.033743604807613,1.0304700463750334,-8.881737184651683e-5,-4.997550120622307e-6
G2,14035711,1.3316425976393904,1.2370724995579547,1.3316408239789597,1.2370715270548458,-1.7736604307483361e-6,-9.725031089313774e-7
G2,14035712,1.5902691322181794,1.246200919424889,1.5902598104724146,1.2461993802193596,-9.321745764845346e-6,-1.5392055294771723e-6
G2,14035713,1.2269520563905922,1.7633994236200263,1.2269497606518,1.7633751292786324,-2.2957387921795913e-6,-2.4294341393948926e-5
G2,14035714,1.740826392863113,1.3280917921519069,1.7408047502867576,1.3280887614365358,-2.1642576355285215e-5,-3.0307153711106594e-6
G2,14035718,1.6921703675690185,1.4133561268885542,1.692153602162619,1.4133520252966234,-1.6765406399610328e-5,-4.101591930760762e-6
G2,14035720,2.670048087920571,1.0661988411271928,2.669109626778912,1.06615952172514,-0.0009384611416587418,-3.9319402052706565e-5
G2,14035721,1.6988750021793553,1.4711322368028261,1.6988575202589735,1.4711266924805741,-1.7481920381756666e-5,-5.544322251971323e-6
G2,14035722,1.7284873906443676,1.2892755892636163,1.7284671511497318,1.2892730506981969,-2.0239494635809763e-5,-2.5385654194298723e-6
G2,14035723,1.2082112865752883,1.449599659432725,1.208210332322083,1.4495957579751282,-9.542532053430364e-7,-3.901457596766633e-6
G2,14035724,1.1405229210576235,1.8420936856970436,1.1405203594807123,1.8420574535647116,-2.5615769112530273e-6,-3.623213233194811e-5
G2,14035726,1.6855248298563354,1.3166103223676788,1.6855087677434506,1.3166077478629394,-1.6062112884851487e-5,-2.5745047393943565e-6
G2,14035727,1.460935688580724,1.1645792949318663,1.4609315074970664,1.1645785201416783,-4.181083657739393e-6,-7.747901880073016e-7
G2,14035728,1.048792809385425,1.887521328726003,1.048789979419113,1.8874760936328443,-2.829966312178911e-6,-4.523509315879082e-5
G2,14035732,1.8431059439526571,1.2467430047620234,1.843069485815085,1.2467399115123465,-3.645813757224836e-5,-3.093249676844323e-6
G2,14035733,1.6066140134254272,1.2777754481896508,1.6066037395948143,1.2777736047740706,-1.0273830612916868e-5,-1.84341558018275e-6
G2,14035734,1.155390658130729,1.7227532786079847,1.155388971593922,1.7227337163416379,-1.68653680687747e-6,-1.9562266346806467e-5
G2,14035735,1.694873969910721,1.1105815692072845,1.6948571656139644,1.1105801796312305,-1.6804296756545156e-5,-1.3895760540005853e-6
G2,14035736,1.875183131680465,1.0103154289648753,1.87514052636072,1.010312788003908,-4.260531974509263e-5,-2.640960967248418e-6
G2,14035737,1.653811400997021,1.0890621566584415,1.6537980310542004,1.0890610212610432,-1.336994282064019e-5,-1.1353973983219134e-6
G2,14035739,1.1995810236781976,2.05780500039131,1.199575073570725,2.0577063167193965,-5.9501074727297265e-6,-9.868367191367966e-5
G2,14035740,1.548353091033552,1.46914819623256,1.5483455764042695,1.4691433154717122,-7.514629282390217e-6,-4.880760847925103e-6
G2,14035741,1.698350733400333,1.1449012569793577,1.6983335972767217,1.144899747657929,-1.7136123611205534e-5,-1.5093214287276169e-6
G2,14035742,2.1002418411123585,1.1226915023505035,2.1001234830610667,1.122684910141091,-0.00011835805129178922,-6.592209412570327e-6
G2,14035744,1.431916162989264,1.3612181566495933,1.431912575726008,1.3612157908768436,-3.587263255999673e-6,-2.3657727497017333e-6
G2,14035745,1.770427455991022,1.194468406358681,1.7704022700448436,1.194466236750874,-2.5185946178396534e-5,-2.1696078069677327e-6
G2,14035746,1.6223119456394048,1.3229565034012558,1.6223006645883826,1.322954143810777,-1.1281051022216104e-5,-2.3595904787843125e-6
G2,14035749,1.7214314105003374,1.4280183386350416,1.7214117684069659,1.4280137576914855,-1.964209337157463e-5,-4.580943556042882e-6
G2,14035751,1.0760996016725055,1.6005901103348161,1.0760987080411983,1.6005802667618663,-8.936313071750135e-7,-9.8435729498636e-6
G2,14035752,1.8391431279227552,0.9762280731445752,1.839107450769951,0.9762258344493197,-3.5677152804280965e-5,-2.2386952555075723e-6
G2,14035756,1.7211163989866645,1.231621978967482,1.7210969772129028,1.231619931988391,-1.94217737616853e-5,-2.046979091119283e-6
G2,14035760,1.8274223664841016,1.3335275003240856,1.8273885850294305,1.3335237289207005,-3.378145467114457e-5,-3.7714033851443673e-6
G2,14035761,1.4202781717444655,1.2846499836904488,1.4202749090012494,1.2846485367394616,-3.2627432160481362e-6,-1.4469509872494513e-6
G2,14035767,1.212045151831864,2.0347360739647407,1.2120395938644186,2.0346468546037024,-5.557967445390943e-6,-8.921936103822858e-5
G2,14035768,1.4264484421198234,1.5320045214721199,1.4264446772923567,1.5319977668982367,-3.7648274666679526e-6,-6.754573883105408e-6
G2,14035769,2.0383982065726975,1.1590931240886835,2.038307558827117,1.1590877371304573,-9.064774558042998e-5,-5.386958226161198e-6
G2,14035770,1.6751097798363945,1.3400060012752426,1.6750945908244383,1.3400031969602422,-1.5189011956184828e-5,-2.8043150004375406e-6
G2,14035771,1.3266423931995313,2.0317397814428957,1.3266359341156297,2.031651657548545,-6.459083901511065e-6,-8.81238943506446e-5
G2,14035772,1.6023214238719936,1.4451035839127706,1.6023112146212528,1.4450991662089758,-1.0209250740800258e-5,-4.4177037947790154e-6
G2,14035774,2.0028251666871517,1.1672194715598228,2.002747765209456,1.1672147019317036,-7.740147769563777e-5,-4.7696281191278445e-6
G2,14035775,1.880471829141196,1.1887867582722478,1.8804280751007914,1.1887836087055341,-4.3754040404575534e-5,-3.1495667136560712e-6
G2,14035776,1.3415107652265947,1.5889667652727624,1.3415082981584556,1.588957442821084,-2.4670681391114613e-6,-9.322451678395183e-6
G2,14035777,1.4874726831304161,1.3759274412352436,1.4874675836465856,1.3759247443939528,-5.099483830539597e-6,-2.6968412907280026e-6
G2,14035778,1.5762424279459526,1.558800706390961,1.576233379046907,1.5587924508461877,-9.048899045627223e-6,-8.25554477335011e-6
G2,14035781,1.454234765052328,1.2581587729701915,1.454230718824288,1.2581574905714938,-4.0462280399555794e-6,-1.2823986976773227e-6
G2,14035782,1.4522357695125963,2.072301790903519,1.4522262207747658,2.072196480550152,-9.548737830433751e-6,-0.00010531035336702743
G2,14035786,2.2701609698492744,1.2636215850570354,2.2699259421990954,1.2636090428306925,-0.0002350276501790205,-1.2542226342837637e-5
G2,14035788,2.047452500402781,0.9833237148776665,2.0473582157797394,0.9833185032448164,-9.428462304139629e-5,-5.2116328500551035e-6
G2,14035789,1.8976135728880381,1.2679681859343677,1.8975660121749935,1.2679643450452422,-4.756071304456988e-5,-3.840889125417135e-6
G2,14035790,1.4132291557300547,1.377529669548341,1.4132259536488962,1.3775270767695247,-3.2020811584487774e-6,-2.592778816312702e-6
G2,14035791,1.588417250399849,1.5548917722022095,1.588407574005044,1.5548836558509704,-9.676394804980504e-6,-8.11635123909582e-6
G2,14035793,1.2150364688379494,1.4837439439454676,1.2150354123882718,1.483739084960272,-1.0564496775167243e-6,-4.858985195532739e-6
G2,14035794,1.3472268585335025,1.4971988494151478,1.3472245690157572,1.4971934673599123,-2.289517745390768e-6,-5.382055235481076e-6
G2,14035795,1.58325722881035,1.255783982091613,1.5832482780981838,1.2557823973129107,-8.95071216611143e-6,-1.5847787022682525e-6
G2,14035797,1.8659529032121718,1.1102806204747224,1.8659121577094588,1.1102779043363415,-4.074550271293553e-5,-2.716138380876032e-6
G2,14035799,2.1029204143005433,1.2482774979424696,2.102800657565677,1.2482702557859073,-0.00011975673486652738,-7.242156562226043e-6
G2,14035800,1.2230458413624201,1.391143697192869,1.2230448912507823,1.3911410403966034,-9.501116378096697e-7,-2.656796265654293e-6
G2,14035801,1.2559318527360914,1.391083351852297,1.2559306830873482,1.3910806784411154,-1.1696487431933633e-6,-2.6734111815418515e-6
G2,14035802,1.0704274141721986,1.379117823583184,1.0704270221613987,1.3791154209938594,-3.9201079982120746e-7,-2.4025893246015784e-6
G2,14035803,1.6333149536479676,1.3401242622782403,1.6333029277252191,1.3401216464402494,-1.2025922748515327e-5,-2.615837990882497e-6
G2,14035804,1.7940119621930628,1.041528723828179,1.7939835545043803,1.0415268098884318,-2.840768868250798e-5,-1.9139397471334973e-6
G2,14035805,1.3397400898230092,1.7235338707253385,1.339737022237691,1.7235141175674311,-3.0675853182060564e-6,-1.9753157907365093e-5
G2,14035808,1.4204128448350206,1.4527604315476415,1.4204093826778794,1.4527562623505677,-3.462157141198574e-6,-4.169197073800035e-6
G2,14035809,1.4086962359027335,1.6239393278937577,1.408692544235003,1.6239278449834282,-3.6916677306209067e-6,-1.1482910329485563e-5
G2,14035811,2.661120202556214,0.9276457305826459,2.6602075924304467,0.9276075049603313,-0.0009126101257672659,-3.822562231459159e-5
G2,14035812,1.5888631432317624,1.3587129397302207,1.5888538087695585,1.3587102343050876,-9.334462203858251e-6,-2.705425133031625e-6
G2,14035813,1.5852594305616485,1.2955866478823792,1.5852503470612498,1.2955847156108558,-9.083500398743283e-6,-1.9322715234526555e-6
G2,14035814,1.3249968850247014,1.297127174724234,1.3249951532912652,1.2971257213590568,-1.7317334362054737e-6,-1.4533651770953782e-6
G2,14035815,1.580892497516154,1.3427903033200494,1.5808836033105094,1.342787846337186,-8.894205644649489e-6,-2.4569828633858037e-6
G2,14035817,2.2210649861204024,1.0164107011987658,2.220870963163437,1.0164008576859282,-0.00019402295696524519,-9.843512837504065e-6
G2,14035818,2.1174373073520707,1.2861142477025098,2.1173099789374548,1.2861063463530067,-0.0001273284146159348,-7.901349503125488e-6
G2,14035820,1.6237824196682726,1.3067543088817302,1.6237710571317419,1.3067521228655266,-1.136253653077901e-5,-2.1860162036091424e-6
G2,14035821,2.108688347180134,1.1156425208748748,2.108565689833216,1.1156357460440267,-0.00012265734691796482,-6.774830848099711e-6
G2,14035823,1.2108712309182208,1.8222873907995207,1.2108685547250788,1.8222545484862915,-2.676193141981642e-6,-3.284231322919773e-5
G2,14035824,1.788042989498949,1.1329169113246242,1.7880154217934343,1.132914846837634,-2.7567705514597307e-5,-2.0644869902497476e-6
G2,14035826,0.8852839961106687,2.4876913534623197,0.8852608227302936,2.487174179620216,-2.3173380375052233e-5,-0.000517173842103702
G2,14035827,1.4046450737069567,1.2377374825681324,1.4046421578350963,1.237736422583361,-2.9158718604094247e-6,-1.0599847715120347e-6
G2,14297746,1.4009318421425458,1.1773954415831103,1.400929024228835,1.177394709773694,-2.817913710817521e-6,-7.318094161767874e-7
G2,14343735,1.2118550005496465,1.4974939490494126,1.2118539323705682,1.4974886518926422,-1.0681790783007017e-6,-5.297156770334155e-6
G2,14501655,1.089880522951752,1.7351565905562507,1.089878945550432,1.7351357023338145,-1.5774013200076098e-6,-2.0888222436177273e-5
G2,15017622,0.9745600416108811,1.7662945440424376,0.9745584131541777,1.7662699404623816,-1.6284567033730823e-6,-2.460358005595964e-5
G2,15305942,0.8236623858243384,1.9018559946989415,0.8236595359152009,1.9018075501519145,-2.8499091374589725e-6,-4.8444547027015616e-5
G2,15332289,1.6154402274779665,1.1671867901795123,1.6154294709413735,1.1671855822549497,-1.0756536592992916e-5,-1.2079245625962187e-6
G2,15336943,1.8463928088440253,1.3278282594710566,1.8463556939368528,1.327824377694779,-3.711490717250854e-5,-3.881776277747662e-6
G2,15363335,1.8008789471317894,1.0021461822779973,1.800849528264087,1.0021442608319975,-2.9418867702357687e-5,-1.921445999863991e-6
G2,15366428,1.5542279067556302,1.6646855387933375,1.5542195123858307,1.6646708174264202,-8.394369799491486e-6,-1.4721366917269663e-5
G2,15368752,1.4798439514244919,1.3160933206797,1.479839146645634,1.3160914524848535,-4.804778857891989e-6,-1.8681948465992804e-6
G2,15374710,1.6047204249586609,1.0154851648444179,1.6047103494273651,1.0154843485704212,-1.0075531295727913e-5,-8.162739966177668e-7
G2,15395623,1.3414730034019091,1.6287253654603095,1.34147038876534,1.6287136472269563,-2.614636569031603e-6,-1.1718233353219532e-5
G2,15399013,1.2928709036844857,1.739777595756347,1.292868259393507,1.7397561017383496,-2.6442909786261737e-6,-2.1494017997447656e-5
G2,15416466,1.7992949601861707,1.4274343905266573,1.7992655315771835,1.4274292713042736,-2.942860898724753e-5,-5.119222383775934e-6
G2,15416481,1.835113072670592,1.2026040287507114,1.8350780561182283,1.202601278150208,-3.501655236370915e-5,-2.7506005033650638e-6
G2,15422405,1.6697757387513121,1.2633916207268916,1.66976105062408,1.2633896277917926,-1.4688127232043158e-5,-1.9929350989489336e-6
G2,15456958,1.4851790809800225,1.3635854698086198,1.4851740671657723,1.363582971362307,-5.01381425022096e-6,-2.4984463127264434e-6
G2,15457468,2.4135389621335084,0.7010583197991114,2.413139691028792,0.7010399005127996,-0.00039927110471627003,-1.8419286311743832e-5
G2,15490658,1.5162136176474281,1.139462903162533,1.5162076913963005,1.1394620999619736,-5.92625112760814e-6,-8.032005593960889e-7
G2,15490775,1.142509066020817,1.3950291207247594,1.1425084731620387,1.3950264241455899,-5.928587782921824e-7,-2.6965791695143793e-6
G2,15530801,1.4465512297813092,1.3690643441636359,1.4465472850425425,1.3690618346556251,-3.944738766747946e-6,-2.5095080107284673e-6
G2,15547533,1.2708080527884194,1.6741041620563597,1.2708059788677,1.6740891123917312,-2.0739207193809506e-6,-1.5049664628508097e-5
G2,15588896,1.6138631360038989,1.1427145035734803,1.6138524848684188,1.1427133901201243,-1.065113548004426e-5,-1.1134533559609139e-6
G2,15588927,1.2660978113476302,1.4531793238282522,1.2660964689639487,1.4531753000537815,-1.3423836815462664e-6,-4.023774470729435e-6
G2,15588942,1.5780849549111018,1.238178936243098,1.578076283188228,1.2381774920771547,-8.671722873776488e-6,-1.4441659432762322e-6
G2,15680573,0.7791514931095812,2.228856928332809,0.7791414922845374,2.228656862475665,-1.0000825043765538e-5,-0.00020006585714371639
G2,15881894,1.5114944508389065,1.5280592958173849,1.511488270546554,1.5280525338123383,-6.1802923525533515e-6,-6.762005046567765e-6
G3,12473322,1.5460440345273911,1.1682608967308374,1.5460369444159634,1.1682603332211627,-7.090111427743295e-6,-5.635096747003132e-7
G3,12473328,1.530340910124074,1.075201149287511,1.5303344760409374,1.0752008631167491,-6.434083136497293e-6,-2.8617076197612334e-7
G3,12473330,2.0815020462691565,1.0340685517638974,2.0813927986780865,1.0340670550569375,-0.00010924759107000526,-1.496706959924765e-6
G3,12473331,1.4998990093618008,1.812357953145864,1.4998932304548032,1.8123266917945733,-5.778906997599975e-6,-3.126135129072338e-5
G3,12473333,1.1228128619782198,1.614824695980507,1.1228124086617817,1.614814017816046,-4.5331643816481915e-7,-1.0678164461097595e-5
G3,12473334,1.6629606913286024,1.0746644022562302,1.6629466367094163,1.0746640233393665,-1.4054619186021355e-5,-3.789168636636475e-7
G3,12473335,1.7017677050768296,1.0076803988653746,1.70175028248236,1.0076800841328362,-1.7422594469573838e-5,-3.147325384755817e-7
G3,12473336,1.770371397749085,0.9971427623755257,1.7703462725495211,0.9971423676581874,-2.512519956376913e-5,-3.947173382590208e-7
G3,12473337,1.154620166466546,2.0260788548098327,1.1546186170373367,2.0259930362763447,-1.5494292093798379e-6,-8.581853348799129e-5
G3,12476452,1.9042124688312128,0.9328288553398062,1.904163476656357,0.9328282420603029,-4.8992174855655435e-5,-6.132795032920413e-7
G3,12476453,1.441995674860707,1.2859075666296151,1.441992005583001,1.2859063075928316,-3.6692777061198e-6,-1.25903678349637e-6
G3,12476454,1.735122087294917,1.0300991026581976,1.7351012252498568,1.0300987166063713,-2.0862045060132672e-5,-3.860518262843726e-7
G3,12476455,1.3531040528147944,1.320830069881446,1.3531020491376304,1.3208284734491296,-2.0036771639642126e-6,-1.5964323163419891e-6
G3,12476457,1.225393330434967,1.0676904787471229,1.2253925710337858,1.0676902751894803,-7.594011810496681e-7,-2.0355764251966946e-7
G3,12476459,1.458949640721623,1.0946095727417557,1.4589455534836528,1.0946092741277123,-4.0872379700740424e-6,-2.986140434924067e-7
G3,12476460,1.5845978481401282,0.8035232402892534,1.5845889115363458,0.8035231379844457,-8.936603782316865e-6,-1.023048076254085e-7
G3,12476461,1.364132346894314,1.3223794662259905,1.3641301814819675,1.3223778496851775,-2.1654123465442154e-6,-1.6165408129875658e-6
G3,12476463,1.020555596755592,1.604285384434179,1.020555354468312,1.6042753456737286,-2.422872800167397e-7,-1.0038760450248319e-5
G3,12476464,1.4250825280040476,1.4212409827214534,1.4250792210173187,1.4212377578865891,-3.3069867289015065e-6,-3.2248348642571756e-6
G3,12476465,1.052142340324215,1.7024354834122337,1.0521419607847515,1.7024179962723573,-3.79539463413181e-7,-1.748713987637096e-5
G3,12476466,2.020672368774346,1.013677682552459,2.020588589081699,1.0136765451189054,-8.377969264694585e-5,-1.137433553566325e-6
G3,12476468,1.4893665818468098,1.1664364364584483,1.4893616044779285,1.1664359072490733,-4.977368881275979e-6,-5.292093749886817e-7
G3,12476469,1.9142094677140558,0.7916406667103282,1.9141580877173696,0.7916401211052919,-5.137999668614057e-5,-5.456050362617759e-7
G3,12476471,1.7780496477199788,1.082310607473702,1.7780234972108755,1.082310061281002,-2.615050910326211e-5,-5.461926999572597e-7
G3,12476472,1.1743714728117578,1.2349771070964546,1.174370963785522,1.2349762839648297,-5.090262358287134e-7,-8.231316248608067e-7
G3,12476473,1.097279317830203,1.215115866196973,1.0972790542073527,1.2151151659025292,-2.6362285021619414e-7,-7.002944437672909e-7
G3,12476475,1.5027939253925404,1.2868914653324253,1.502788494628715,1.2868901735878095,-5.4307638253092705e-6,-1.2917446157167944e-6
G3,12476476,1.2193244993386168,1.23044038946417,1.2193237683219962,1.2304395923578728,-7.310166205698465e-7,-7.971062971900977e-7
G3,12476477,1.2994448209855665,1.4382510346457316,1.2994434333097271,1.4382474532498077,-1.3876758393482902e-6,-3.5813959238240045e-6
G3,12476479,1.4723905285445613,1.215594208780918,1.4723860618322921,1.215593451785055,-4.466712269168838e-6,-7.569958628828033e-7
G3,12476480,0.9427355722515695,1.120323021794283,0.9427355127632331,1.120322707476417,-5.948833636804096e-8,-3.143178659570367e-7
G3,12476481,1.0138516788281973,1.073677917009172,1.01385156021318,1.0736777098211512,-1.1861501736376567e-7,-2.0718802073993459e-7
G3,12476482,0.9696329384997328,1.6278830489413805,0.9696327323098375,1.627871536896432,-2.061898952687713e-7,-1.151204494842517e-5
G3,12476483,1.122803140515277,1.518358285874916,1.122802746375464,1.5183523118510278,-3.9413981300917555e-7,-5.9740238882444174e-6
G3,12476484,1.491663387076184,1.2543709599756017,1.491658329456927,1.254369943056418,-5.057619256954027e-6,-1.016919183749465e-6
G3,12476485,1.725666375117611,1.0485962772983553,1.7256465430047097,1.048595874925233,-1.9832112901241317e-5,-4.023731221547422e-7
G3,12476486,1.3667519039842386,1.2656958111199965,1.3667497060514968,1.2656947447961953,-2.197932741809794e-6,-1.066323801257596e-6
G3,12476488,1.730964194338567,0.7548472042862252,1.7309437929155485,0.7548469951923291,-2.0401423018512332e-5,-2.090938960863653e-7
G3,12476491,1.3268525749393765,1.0863894917247037,1.3268509311843755,1.0863892408840992,-1.6437550010017787e-6,-2.50840604509861e-7
G3,12476492,1.374689376580516,1.349685251681468,1.37468704107655,1.3496832857784253,-2.3355039660000187e-6,-1.9659030425778212e-6
G3,12476493,0.9915216209837198,1.6422889264621912,0.9915213827477524,1.6422764240858614,-2.382359673980261e-7,-1.250237632977047e-5
G3,12476494,1.4619702643673884,1.1654539126221086,1.4619660927774,1.1654533975375694,-4.171589988333224e-6,-5.150845392432046e-7
G3,12476496,1.1594118465406558,1.7202311139998903,1.1594111604405042,1.7202118496096572,-6.861001515812148e-7,-1.9264390233031392e-5
G3,12476497,1.8166202652805468,1.0007007042327591,1.8165884073702463,1.0007002241367753,-3.185791030047014e-5,-4.800959838568986e-7
G3,12476498,1.3437998854140047,1.1817705676455552,1.3437980235383027,1.1817700137800125,-1.8618757020583132e-6,-5.538655427628214e-7
G3,12476499,1.63726740987872,0.9844680691991967,1.6372552608409672,0.9844678421333669,-1.2149037752928749e-5,-2.2706582980536183e-7
G3,12476500,1.5394777712990975,1.2182410455683506,1.5394709571908716,1.218240242760612,-6.814108225894344e-6,-8.028077385091592e-7
G3,12476501,1.314052192056153,1.3948925289684622,1.314050662924143,1.3948898515897084,-1.5291320099031225e-6,-2.677378753812576e-6
G3,12476502,1.4386753858396932,1.2140155194121087,1.438671803451198,1.2140147827766308,-3.5823884951824425e-6,-7.366354779492212e-7
G3,12476505,1.3412262792240655,1.057394403615592,1.3412244560741469,1.0573942054282475,-1.8231499185894506e-6,-1.9818734453558307e-7
G3,12476506,1.838787423129325,0.8944045139690079,1.8387518176935442,0.8944040843677451,-3.560543578084996e-5,-4.296012627857948e-7
G3,12476507,1.2003995553738018,1.3576983440263206,1.2003989108340725,1.3576962873122254,-6.445397293664001e-7,-2.0567140952554297e-6
G3,12476508,1.369395935509445,1.3144329059179365,1.3693936902494004,1.3144313783989852,-2.2452600445532767e-6,-1.5275189513275222e-6
G3,12476509,1.6668995756349474,1.06499604680402,1.6668852074967726,1.0649956827300187,-1.4368138174791767e-5,-3.6407400139104595e-7
G3,12476511,1.3205438941354017,1.424070136080543,1.320542284000619,1.424066873913221,-1.6101347828367807e-6,-3.262167322048981e-6
G3,12476513,0.996708800274112,1.2998910847480594,0.9967086870133887,1.2998897386340766,-1.1326072335560156e-7,-1.3461139827253277e-6
G3,12476514,1.439328544457372,0.897926488356211,1.4393249555720846,0.8979264154202988,-3.5888852873977584e-6,-7.293591219870166e-8
G3,12476515,1.1863273643229524,1.4712700210130667,1.1863267571827574,1.471265588608043,-6.071401950080713e-7,-4.4324050236799195e-6
G3,12476516,1.622633652425571,1.0230941803150926,1.6226224829353524,1.0230939211961785,-1.1169490218509992e-5,-2.5911891410324017e-7
G3,12476517,1.581157794480597,1.1565759795973862,1.5811490328846143,1.1565754398620123,-8.761595982731407e-6,-5.397353739500232e-7
G3,12476520,1.3297367525308845,1.239897565304449,1.3297350657541944,1.2398966946738563,-1.6867766901018655e-6,-8.706305927308478e-7
G3,12476521,1.2044314546612565,1.4792760942257006,1.2044307557721154,1.4792714258278017,-6.988891410042442e-7,-4.668397898921484e-6
G3,12476522,1.4363401906636444,1.2995774804448013,1.4363366542713283,1.299576092043918,-3.5363923160947053e-6,-1.3884008831510641e-6
G3,12476523,2.017831295700577,0.8780098030898648,2.0177485694057786,0.8780088484376918,-8.272629479844085e-5,-9.54652172979742e-7
G3,12476524,1.415505750455104,0.800805451239902,1.415502691741432,0.8008054098357867,-3.058713672121627e-6,-4.140411524744536e-8
G3,12476529,1.8226403910861027,0.9519000988579731,1.8226075513843203,0.9518996582430771,-3.2839701782361175e-5,-4.4061489601343595e-7
G3,12476531,1.7977602907663346,1.0748349369776686,1.7977313454451613,1.0748343717759006,-2.89453211732571e-5,-5.652017680546351e-7
G3,12476533,1.5292459672424834,1.0968279525570444,1.5292395759584247,1.0968276204728304,-6.391284058659963e-6,-3.3208421390540366e-7
G3,12476538,1.2182720430780238,1.4922190377514875,1.2182712628904009,1.492213965589979,-7.801876229507343e-7,-5.072161508357098e-6
G3,12476539,1.2250595702750116,1.3155924347180408,1.2250587961185573,1.3155909139884048,-7.741564542751433e-7,-1.520729635995366e-6
G3,12476541,1.6199592117701649,1.1447592451479327,1.619948209904364,1.144758718779321,-1.1001865800830402e-5,-5.263686118084365e-7
G3,12476544,1.1146535427577788,1.5843021040337881,1.1146531342980797,1.584293178992572,-4.084596991749123e-7,-8.925041216079066e-6
G3,12476545,1.6472577367514192,1.264195637014504,1.6472448621254725,1.2641944395927454,-1.287462594667943e-5,-1.1974217586363523e-6
G3,12476546,1.5378936317049068,0.9177567940235463,1.5378868931595093,0.9177566771392388,-6.738545397455553e-6,-1.1688430745504519e-7
G3,12476548,1.3889448819058732,1.259228540762439,1.3889423184093717,1.2592275202138252,-2.563496501517548e-6,-1.0205486138392672e-6
G3,12476549,1.3558841742913965,1.5947648147687354,1.3558820212062501,1.594755294171823,-2.153085146394673e-6,-9.520596912393486e-6
G3,12476550,1.4051832097915151,1.2974347920578022,1.4051803404745262,1.2974334339535445,-2.8693169888960313e-6,-1.3581042577204272e-6
G3,12476551,1.287022244990255,1.5048280966550898,1.2870209510937276,1.5048225958750794,-1.29389652747669e-6,-5.500780010381234e-6
G3,12476552,1.3637564631644994,1.4064179072795273,1.3637542857789562,1.4064150024548936,-2.1773855432005718e-6,-2.9048246337204375e-6
G3,12476553,1.5983880271695754,1.0656169301005396,1.5983783289143363,1.0656166222562693,-9.698255239110054e-6,-3.0784427029750816e-7
G3,12476554,1.4798511588323704,1.2476216555246586,1.479846469442267,1.247620692386735,-4.689390103340685e-6,-9.63137923637447e-7
G3,12476555,1.6818470443582383,0.9773825761508209,1.6818314306842066,0.9773823150923101,-1.561367403168923e-5,-2.6105851080870934e-7
G3,12476556,1.4863555420282835,1.2367346421667784,1.486350654328911,1.236733750656931,-4.887699372568832e-6,-8.915098475004157e-7
G3,12476560,1.0762644308500369,1.0554648552822978,1.0762642180187492,1.0554646791994706,-2.1283128770477333e-7,-1.760828272079351e-7
G3,12476561,1.6093576397127776,1.093353858600517,1.6093472971024383,1.0933534855747515,-1.0342610339275637e-5,-3.7302576538778e-7
G3,12476562,1.7484585351671145,1.008988046552744,1.7484361410949552,1.0089876704412626,-2.2394072159315215e-5,-3.761114815148403e-7
G3,12476564,1.236909122693533,1.3076327521200537,1.2369082751071763,1.3076313167089626,-8.475863566559383e-7,-1.435411091099681e-6
G3,12476565,1.4661395743939387,0.9412182382629344,1.4661352937878709,0.9412181356223444,-4.280606067830206e-6,-1.0264059002729198e-7
G3,12476567,1.2663277745172279,1.6057329625803929,1.2663265970027087,1.6057228248937538,-1.1775145192238767e-6,-1.0137686639044574e-5
G3,12476574,1.0506002006482242,1.2424742481618145,1.0506000247510394,1.2424733795291276,-1.758971848175861e-7,-8.686326868900807e-7
G3,12476575,2.067102755643712,0.9238553095879241,2.067000073150335,0.9238540722457835,-0.000102682493376971,-1.2373421405253993e-6
G3,12476580,1.3315209684025593,1.0434720435085059,1.3315192689569768,1.0434718687847926,-1.6994455824814736e-6,-1.7472371327542646e-7
G3,12476581,1.4168357629549126,1.2351115050679615,1.4168326655568246,1.235110647610922,-3.097398088014458e-6,-8.574570395936121e-7
G3,12476582,1.7400665441630196,0.777570248127839,1.7400451269257613,0.7775700227713446,-2.1417237258347654e-5,-2.2535649446542294e-7
G3,12476583,1.0459796543438418,1.8732338776642143,1.045978979291036,1.8731916845717058,-6.750528058763194e-7,-4.2193092508524543e-5
G3,12476584,2.076515800732237,0.7773520171008781,2.0764088679510184,0.7773508883043544,-0.00010693278121864935,-1.1287965236972397e-6
G3,12476585,1.3772066590182717,1.0205161233374136,1.3772043071299702,1.0205159720907346,-2.3518883014439496e-6,-1.5124667895882737e-7
G3,12476586,0.9646578957637335,1.260584880726593,0.9646578140611434,1.2605838819935336,-8.170259013784431e-8,-9.987330593652644e-7
G3,12476588,1.4635875236192433,0.8989981450415576,1.4635833138019256,0.8989980648788393,-4.209817317635256e-6,-8.016271835220579e-8
G3,12476589,0.9980875625798605,1.5334034353461832,0.99808738751679,1.5333968799133915,-1.7506307048442693e-7,-6.555432791710558e-6
G3,12476590,1.6489027257661464,0.9607306203202436,1.648889744816598,0.9607304043981274,-1.2980949548380138e-5,-2.1592211618681745e-7
G3,12476591,1.350565910249635,1.107562868478326,1.3505639595592056,1.1075625649618661,-1.9506904294086524e-6,-3.0351645996518073e-7
G3,12476593,1.0770895037216117,1.4867941096882407,1.0770892326134718,1.486789216964672,-2.7110813993758143e-7,-4.8927235687390436e-6
G3,12476594,1.2640403578339303,1.5154245729405618,1.2640392558751776,1.515418697342681,-1.1019587526917007e-6,-5.87559788067793e-6
G3,12476595,1.0048274412566036,1.3207022832035709,1.0048273170663686,1.3207007132149124,-1.2419023498466686e-7,-1.5699886584119582e-6
G3,12476596,1.9763262738492677,1.0232778935610083,1.9762576633400626,1.023276928649493,-6.8610509205147e-5,-9.649115153553822e-7
G3,12476597,1.2457382601029958,1.4977386998388613,1.2457373027309482,1.4977334443757644,-9.573720476385716e-7,-5.255463096931479e-6
G3,12476598,1.2120672374855255,1.2318043796604095,1.212066547306222,1.2318035744956914,-6.901793034863601e-7,-8.051647180096211e-7
G3,12476600,1.7862311529292012,1.0540689174339462,1.7862038729692618,1.054068413527208,-2.7279959939452425e-5,-5.039067381140683e-7
G3,12476603,1.510507300840807,1.1549047519210904,1.5105016118203707,1.1549042575022135,-5.689020436294712e-6,-4.944188769506752e-7
G3,12476604,1.5635810192765434,1.0467731688793422,1.5635731373581425,1.0467729152369711,-7.881918400842736e-6,-2.5364237110636623e-7
G3,12476606,1.3172911095315356,1.1512279211939154,1.3172895743545687,1.1512274921875543,-1.5351769668825455e-6,-4.2900636110232426e-7
G3,12476607,1.4511362446500882,1.1341147615109772,1.4511323600185668,1.1341143598005499,-3.884631521344772e-6,-4.017104273668082e-7
G3,12476609,1.4153237145706654,1.185575403696138,1.4153206523207889,1.1855748175227496,-3.0622498765620065e-6,-5.861733882728259e-7
G3,12476611,1.0408276238187026,1.5866732885975774,1.0408273652316231,1.5866642391906762,-2.585870795268619e-7,-9.049406901162627e-6
G3,12476613,1.5807011738104135,1.1403168831516481,1.5806924368150839,1.1403164004966757,-8.736995329661212e-6,-4.826549724334939e-7
G3,12476614,1.5261180183266703,0.7653313016998529,1.5261117532219939,0.7653312332026616,-6.26510467638397e-6,-6.849719125234799e-8
G3,12476615,1.508008139229155,1.0530478213339738,1.508002542409074,1.0530475851777763,-5.596820081166243e-6,-2.3615619748618144e-7
G3,12476616,2.479944026379257,0.7698969596083571,2.479440413674511,0.7698914912212903,-0.0005036127047461925,-5.468387066831504e-6
G3,12476617,1.2697145767847198,1.36283652840401,1.269713478673503,1.3628343895947408,-1.0981112168462204e-6,-2.138809269247588e-6
G3,12476619,1.4306258959281843,1.1895597599097636,1.4306225019973342,1.1895591510935173,-3.3939308501373944e-6,-6.088162463058211e-7
G3,12476620,0.935399658371636,1.9940596050609174,0.9353987434114955,1.993985242261274,-9.149601404301322e-7,-7.436279964334602e-5
G3,12476621,1.4885079061839708,1.3651778201401437,1.488502931840255,1.3651755925231488,-4.974343715824503e-6,-2.2276169948654e-6
G3,12476622,1.3088250384699645,1.4076891778386789,1.3088235627258593,1.4076862577269593,-1.4757441051393982e-6,-2.920111719539875e-6
G3,12476623,1.7093591460477062,0.9623191447546131,1.7093409882391275,0.9623188672624025,-1.8157808578722623e-5,-2.7749221065409557e-7
G3,12476625,1.2554895754607227,1.5720073521656017,1.25548850693344,1.571999048862528,-1.0685272826549408e-6,-8.303303073775581e-6
G3,12476626,1.5846851078838522,1.1346912838078713,1.5846761616824427,1.1346908165847205,-8.946201409454346e-6,-4.6722315083513877e-7
G3,12476627,2.125701947110086,0.9325415992251954,2.1255702453875305,0.9325400034437111,-0.00013170172255572155,-1.5957814842870732e-6
G3,12476629,1.5712912329672464,0.9527357403319375,1.5712829782148345,0.9527355849183228,-8.254752411840371e-6,-1.5541361475523985e-7
G3,12476632,2.540304759468116,0.6896000292282803,2.539687068181569,0.6895937282429677,-0.0006176912865467621,-6.300985312623908e-6
G3,12476633,1.714851372145159,1.2361679465976256,1.7148326537462153,1.2361668742333765,-1.8718398943740056e-5,-1.0723642491772267e-6
G3,12476634,1.7250190052787313,0.9220678494996609,1.7249992438223196,0.9220675829405024,-1.9761456411693246e-5,-2.6655915852380474e-7
G3,12476635,1.4225746495732257,1.0271796020552766,1.422571439702902,1.0271794323050918,-3.209870323761521e-6,-1.6975018479747916e-7
G3,12476636,1.7389883917973734,1.056871235285695,1.7389670946068791,1.0568708004902905,-2.1297190494262708e-5,-4.347954045691438e-7
G3,12476637,1.113265408677206,1.350373733056024,1.1132650905329988,1.3503717848436856,-3.1814420720088776e-7,-1.9482123383429695e-6
G3,12476638,1.7480736703446127,1.253731738578629,1.7480513089841325,1.2537304930442166,-2.236136048017201e-5,-1.2455344124973067e-6
G3,12476639,1.0078652984723575,1.5872962240097424,1.0078650829586802,1.5872871417094547,-2.1551367734851112e-7,-9.082300287621692e-6
G3,12476640,1.8118735662747074,1.31070364803323,1.8118424435084421,1.3107017611836085,-3.1122766265268e-5,-1.8868496214352604e-6
G3,12476641,1.1912379101651693,1.4563926464704133,1.1912372853533386,1.4563886225101932,-6.248118307183859e-7,-4.023960220145284e-6
G3,12476642,1.7763782744834509,0.7551901713815093,1.7763523530909107,0.7551899060892242,-2.5921392540206867e-5,-2.652922851398287e-7
G3,12476643,1.6056290478109467,0.9301041687304222,1.605618930877353,0.9301040069557773,-1.0116933593762312e-5,-1.6177464490230165e-7
G3,12476644,1.5594051888827751,0.9680774560762319,1.5593975046032775,0.9680772955292796,-7.684279497599533e-6,-1.6054695228806537e-7
G3,12476645,1.3637057814780869,1.7994949683974837,1.3637032322079832,1.7994657346489589,-2.5492701036800014e-6,-2.9233748524815084e-5
G3,12476646,1.709426412536772,1.0389006782578403,1.7094082469022138,1.0389003118953983,-1.8165634558142685e-5,-3.663624419392164e-7
G3,12476647,1.8262391896627712,1.2759591740797598,1.826205733471293,1.275957595663172,-3.345619147832046e-5,-1.5784165878773848e-6
G3,12476648,1.4549409789755765,1.2193227476667199,1.4549369910061765,1.2193219755271034,-3.987969400043312e-6,-7.721396164672711e-7
G3,12476649,1.1048474692779056,1.505007861370318,1.1048471289788004,1.5050023678753925,-3.402991051171256e-7,-5.493494925401521e-6
G3,12476650,1.726428500152428,1.1682710453067622,1.7264085819404071,1.1682703154122174,-1.9918212020852977e-5,-7.298945448042105e-7
G3,12476651,1.4853039125656944,1.0107665711757736,1.4852990676588094,1.0107664023158514,-4.8449068850153765e-6,-1.688599222671172e-7
G3,12476652,1.2169585996785206,1.1510744346338364,1.2169578870296527,1.151074016331913,-7.126488679176646e-7,-4.183019233217067e-7
G3,12476653,1.0892333281498234,1.602008232309245,1.0892329698445153,1.601998324986461,-3.583053080902232e-7,-9.907322783941908e-6
G3,12476654,1.583891229778396,1.1980892579019788,1.5838823219971319,1.198088536333124,-8.907781264166914e-6,-7.215688548889432e-7
G3,12476655,1.3553995363580398,1.3243679183499188,1.3553974994194367,1.3243662802636345,-2.0369386031227066e-6,-1.6380862843945465e-6
G3,12476656,1.8952643732401007,1.1985430365365741,1.8952174277449778,1.1985418054502324,-4.6945495122852066e-5,-1.2310863417575035e-6
G3,12476657,1.7041321970804737,0.9797680482802519,1.7041145485449265,0.9797677609937732,-1.7648535547198918e-5,-2.8728647871734125e-7
G3,12476658,1.6289222098824832,1.0697146894600855,1.6289106269798663,1.0697143507781162,-1.1582902616824597e-5,-3.386819693584897e-7
G3,12476659,1.0508502887535887,1.6434819467141668,1.0508499713834063,1.6434693580319204,-3.173701823566688e-7,-1.258868224640608e-5
G3,12476660,1.8266212329656113,1.0966349644831528,1.8265877262806929,1.0966342912766969,-3.350668491841624e-5,-6.732064559145101e-7
G3,12476661,1.1203865595299112,1.4882962593565505,1.1203861851069976,1.4882913180146036,-3.7442291356271085e-7,-4.941341946951283e-6
G3,12476662,1.0523881039358343,1.7417031393872258,1.0523876732297708,1.7416815324929151,-4.307060634811677e-7,-2.1606894310632896e-5
G3,12476663,1.5565008437199832,0.9199393012813086,1.5564932939135971,0.9199391741823385,-7.549806386064617e-6,-1.2709897012630478e-7
G3,12476664,1.593115799120749,1.1460722553032712,1.5931063945561044,1.1460717448333173,-9.404564644599489e-6,-5.104699538627244e-7
G3,12476665,2.4405471187981713,0.8541563267151013,2.4401078786643815,0.8541512566961782,-0.00043924013378981996,-5.070018923136743e-6
G3,12476666,1.9751417274380816,0.8476770052623352,1.975073488876963,0.8476762400544422,-6.823856111859428e-5,-7.652078930497908e-7
G3,12476667,1.6557521494107423,1.0934395210128378,1.655738652987212,1.0934391084638893,-1.3496423530323653e-5,-4.125489485584666e-7
G3,12476668,1.2940818983092377,0.9554703969657221,1.2940806098277529,0.9554703185782352,-1.288481484840176e-6,-7.83874869458856e-8
G3,12476669,1.6352449126401556,0.9253525605284609,1.635232903975484,0.9253523801555065,-1.200866467154782e-5,-1.8037295446138302e-7
G3,12476670,1.590948345195212,0.8034296808779287,1.5909390657619473,0.8034295750386695,-9.279433264675063e-6,-1.0583925913465464e-7
G3,12476671,1.9777678617323304,1.0384726309046939,1.977698798015003,1.0384716330001447,-6.906371732751104e-5,-9.979045492158889e-7
G3,12476672,1.3093080394795205,1.6970459704389211,1.3093063653327564,1.6970289719961025,-1.674146764107931e-6,-1.699844281866092e-5
G3,12476673,1.1002069689459824,1.710631652595284,1.1002064800068172,1.7106133659281049,-4.889391651552444e-7,-1.828666717917926e-5
G3,12476674,1.3455023973322642,1.5568542759723358,1.3455004161579962,1.5568466832956764,-1.9811742679731736e-6,-7.592676659395892e-6
G3,12476675,1.179341999725998,1.4710810345137202,1.1793414238855802,1.4710766079577293,-5.758404177935716e-7,-4.426555990866277e-6
G3,12476676,1.1450375567617939,1.5691339232462838,1.1450370657567013,1.569125770043819,-4.910050925843734e-7,-8.153202464722398e-6
G3,12476677,1.1089244708072625,1.3116254641798213,1.108924169691704,1.3116239932280198,-3.0111555848755245e-7,-1.470951801474385e-6
G3,12476678,2.028069916062439,1.2193334662130983,2.0279833328874064,1.2193315723917153,-8.658317503273949e-5,-1.8938213830477224e-6
G3,12476679,1.0115541032547015,1.3437002520205896,1.0115539683699624,1.3436983970024234,-1.348847391557939e-7,-1.855018166185829e-6
G3,12476680,1.3631310509879189,1.3412763621474955,1.3631288975105704,1.3412745120933798,-2.153477348443289e-6,-1.8500541156818429e-6
G3,12476681,1.4149358289641052,1.321097780010796,1.4149327605277982,1.3210961661193799,-3.0684363070410114e-6,-1.6138914160634954e-6
G3,12476682,1.5093843940465932,1.2008214582699432,1.509378742186036,1.2008207652686755,-5.651860557120969e-6,-6.930012677042185e-7
G3,12476684,1.4802122353465361,1.2250752934548683,1.4802075371634227,1.2250744779491927,-4.698183113438503e-6,-8.155056756553591e-7
G3,12476685,1.3322516030196796,1.1881014167925688,1.3322498892038017,1.1881008361640817,-1.7138158778795543e-6,-5.80628487067969e-7
G3,12476686,1.147884965423334,1.2638943357472001,1.1478845542923075,1.263893307020045,-4.1113102655643274e-7,-1.0287271550168953e-6
G3,12476688,1.8184854987257633,1.0750962932863355,1.8184533375501202,1.075095687061032,-3.216117564308618e-5,-6.062253035121756e-7
G3,12476689,1.2509551463785131,1.2177045468529555,1.250954211309866,1.2177038234055042,-9.350686471787384e-7,-7.234474512785027e-7
G3,12476690,1.6324278763418727,1.2349448857134468,1.6324160486551533,1.2349439138511926,-1.1827686719367847e-5,-9.718622542287392e-7
G3,12476691,1.298614780136549,1.151497164514469,1.2986134427143712,1.1514967370132922,-1.3374221778938988e-6,-4.275011766807779e-7
G3,12476692,1.7722185929022831,1.0371030299239103,1.7721932240171876,1.037102578138026,-2.5368885095522486e-5,-4.517858842589817e-7
G3,12476693,1.4732599830581818,1.0554537720328774,1.4732554985708166,1.0554535452836606,-4.4844873652305495e-6,-2.2674921673626613e-7
G3,12476695,1.3813107590321694,1.283296838529556,1.3813083244632662,1.2832956196680794,-2.43456890314242e-6,-1.2188614766373007e-6
G3,12476696,1.7178694380667126,1.102428965266482,1.7178504202847706,1.1024284615406517,-1.9017781941910172e-5,-5.037258303808301e-7
G3,12476697,1.1887943872427265,1.5001506447898074,1.1887937571180014,1.500145313193343,-6.301247250650732e-7,-5.331596464319688e-6
G3,12476698,1.294163643542835,1.2015513717073978,1.2941623469928607,1.2015507309909148,-1.2965499742723097e-6,-6.407164829802525e-7
G3,12476699,1.6503911409122982,1.4085688627640713,1.6503780069698266,1.4085657596657686,-1.313394247159927e-5,-3.103098302759122e-6
G3,12476700,1.2121167358369194,1.2399824711370353,1.2121160447114483,1.239981612770211,-6.911254710750825e-7,-8.58366824285639e-7
G3,12476701,1.3327605764228772,1.31106816682853,1.3327588442114815,1.311066682953075,-1.7322113956552698e-6,-1.483875454955097e-6
G3,12476705,1.4298848663736232,1.138274822838845,1.4298814919387506,1.1382744143923238,-3.374434872638332e-6,-4.084465212716992e-7
G3,12476707,1.2969202459976845,1.1491969231915522,1.2969189254533666,1.1491965039356675,-1.3205443178954113e-6,-4.192558846760619e-7
G3,12476708,1.5691282493316143,0.8424188308520116,1.5691201017292635,0.8424187274664889,-8.147602350794259e-6,-1.0338552269839596e-7
G3,12476710,1.6414834540082615,1.082944262618685,1.641471006967033,1.0829438864955934,-1.2447041228380584e-5,-3.76123091561098e-7
G3,12476711,1.5641043367171854,0.9967037687464966,1.5640964307609584,0.9967035792858163,-7.90595622701673e-6,-1.8946068025549323e-7
G3,12476712,1.5412904808730579,1.5571808814319323,1.5412834891006395,1.5571731992366136,-6.99177241836324e-6,-7.682195318770013e-6
G3,12476713,1.6596035456579041,0.9034891342140732,1.6595897562547524,0.903488945751825,-1.3789403151776014e-5,-1.8846224814073054e-7
G3,12476714,1.6807367754586762,1.0352567693838246,1.680721256637421,1.0352564407668827,-1.5518821255167126e-5,-3.286169418803553e-7
G3,12476715,1.5940938256826471,1.2012771638768491,1.5940843633218167,1.2012764188641893,-9.462360830436722e-6,-7.45012659786326e-7
G3,12476716,1.4410674062472122,1.3541373682437232,1.4410637483193174,1.3541353216925565,-3.6579278948067895e-6,-2.0465511667566716e-6
G3,12476717,1.650099184560982,1.2437299211538093,1.6500861032602907,1.2437288733660732,-1.3081300691331066e-5,-1.0477877361303456e-6
G3,12476718,1.2437652565039063,1.5914698573431703,1.2437642588244529,1.5914605366555152,-9.976794534960476e-7,-9.320687655023363e-6
G3,12476719,1.423180056226581,1.2874581087567867,1.4231768181788431,1.2874568412023235,-3.23804773794123e-6,-1.2675544631690627e-6
G3,12476720,1.369777540889532,0.9896394219481774,1.369775308685588,0.9896393053766044,-2.232203944130262e-6,-1.1657157306110832e-7
G3,12476721,1.6816206433367638,1.0857733785421455,1.6816050470138373,1.085772957085835,-1.5596322926469952e-5,-4.2145631051759835e-7
G3,12476722,1.7818072866183754,1.4936403952120116,1.7817805446598753,1.4936348925806038,-2.6741958500053897e-5,-5.502631407861003e-6
G3,12476723,1.033653509017661,1.1139804461539344,1.0336533645833643,1.113980147950749,-1.4443429674493302e-7,-2.9820318547812974e-7
G3,12476724,1.4873824919704437,1.1177306645620384,1.4873775794895798,1.1177302978520895,-4.912480863872304e-6,-3.6670994885135144e-7
G3,12476725,1.6613871106846598,1.3162603780286135,1.6613731600011632,1.3162586696620475,-1.3950683496632976e-5,-1.708366565988939e-6
G3,12476726,1.1863073754610693,1.152586406084191,1.1863068192996467,1.1525859843669364,-5.561614226934353e-7,-4.21717254672771e-7
G3,12476727,1.0226457591086084,1.1863475205628842,1.022645626072562,1.1863469677787335,-1.3303604640135802e-7,-5.527841506758335e-7
G3,12476728,1.4120363937689517,1.3259640235377006,1.4120333838922,1.3259623533913776,-3.0098767518360603e-6,-1.6701463230184288e-6
G3,12476729,1.4843580777234395,1.3946599710486962,1.4843532259095646,1.3946572515859381,-4.851813874884314e-6,-2.7194627580939823e-6
G3,12476730,1.5634726002630135,1.0485350798666289,1.5634647234604337,1.0485348234965588,-7.876802579742659e-6,-2.56370070061962e-7
G3,12476731,1.4708032464997722,1.1261241441433123,1.4707988305487372,1.1261237598621878,-4.41595103506387e-6,-3.842811244769706e-7
G3,12476735,1.5113779119835358,1.0320706574704472,1.5113721958203357,1.0320704514703167,-5.716163200109037e-6,-2.0600013050930954e-7
G3,12476737,1.5578787745430904,1.3111813860484276,1.5578711408174826,1.3111798209015417,-7.633725607858466e-6,-1.565146885873503e-6
G3,12476738,1.381689641912562,1.1418672482692431,1.381687211962801,1.1418668399547007,-2.4299497609625575e-6,-4.083145423994239e-7
G3,12476739,1.5499319688438553,0.9107581537107876,1.5499247147618218,0.9107580346085149,-7.254082033503195e-6,-1.1910227271094698e-7
G3,12476740,1.3053474508644785,1.3951339375817846,1.305346014978638,1.395131257067718,-1.4358858404506236e-6,-2.6805140667107707e-6
G3,12476741,1.3759521081863482,0.9395140866426154,1.3759497777489045,0.9395140068500205,-2.3304374436872166e-6,-7.979259486479151e-8
G3,12476742,1.329053914075889,1.165220527992188,1.3290522407545315,1.1652200453418649,-1.6733213574759986e-6,-4.826503230415113e-7
G3,12476743,1.1971336852754886,1.4544042214204622,1.197133032523209,1.4544002490987158,-6.527522795618523e-7,-3.972321746426033e-6
G3,12476744,1.5899413084593472,1.0715935013782614,1.5899320814084237,1.0715931880372742,-9.2270509235437e-6,-3.1334098715696257e-7
G3,12476745,1.4116419722161702,1.1004948221071353,1.4116389892056214,1.1004945232844687,-2.983010548796017e-6,-2.9882266661118706e-7
G3,12476746,1.1123206338463345,1.41420577231906,1.1123203048392356,1.4142027366208274,-3.290070988981597e-7,-3.035698232567441e-6
G3,12476747,1.4583730423997576,1.4407922731673963,1.4583689226996734,1.4407885924425694,-4.119700084181943e-6,-3.680724826926607e-6
G3,12476748,1.4574431235005345,0.8731523159854866,1.4574390793925247,0.8731522472586905,-4.044108009804148e-6,-6.872679614300381e-8
G3,12476749,1.4930344922362149,1.4278869686903843,1.4930293561717183,1.4278835725474937,-5.13606449659143e-6,-3.3961428906881252e-6
G3,12476750,1.2810260595766738,1.1945488783961136,1.2810248850867971,1.1945482740455908,-1.1744898766874456e-6,-6.043505227371071e-7
G3,12476751,1.341854959076626,1.1634613071935138,1.3418531239766527,1.163460829350529,-1.8350999733129925e-6,-4.778429847362986e-7
G3,12476752,1.199781474786619,1.4473769297160468,1.1997808110935957,1.4473731363949216,-6.636930232062355e-7,-3.7933211252116905e-6
G3,12476755,1.3364534313463863,1.1694435842372854,1.3364516658514516,1.1694430836600114,-1.7654949346912474e-6,-5.005772740762637e-7
G3,12476756,1.3965917262326835,1.3210515631614963,1.396589016501082,1.321049954656022,-2.70973160154675e-6,-1.6085054743708582e-6
G3,12476757,1.490955406833639,1.0257550001337021,1.490950383518053,1.0257548108305585,-5.023315585939159e-6,-1.893031436051018e-7
G3,12476758,1.7883770524929157,0.9069034870522613,1.7883494711802643,0.9069031408311621,-2.7581312651348e-5,-3.462210992344339e-7
G3,12476760,1.4827082418298385,1.3477889571066755,1.4827034514102275,1.3477869836196783,-4.79041961098936e-6,-1.973486997153273e-6
G3,12476761,1.2468439465921677,1.2418912900175079,1.2468430388512115,1.2418904160135118,-9.077409561797367e-7,-8.740039960652979e-7
G3,12476762,1.4019824806756018,1.265786901620228,1.4019796769892354,1.2657858265816972,-2.8036863664038236e-6,-1.0750385308622157e-6
G3,12476763,1.7422889944220517,1.2342960510904988,1.7422673102755994,1.2342949510475227,-2.168414645220551e-5,-1.1000429760432695e-6
G3,12476764,1.601082615195018,1.1920008277145646,1.6010727565446536,1.1920001236565505,-9.858650364291677e-6,-7.040580141115527e-7
G3,12476766,1.280906976551115,1.2972268622283831,1.2809057935750954,1.2972255286331327,-1.1829760195869454e-6,-1.3335952504522908e-6
G3,12476767,1.5278026804792342,1.2811673760424793,1.527796332945165,1.2811661238354919,-6.347534069250926e-6,-1.2522069874343345e-6
G3,12476768,1.4521987110259857,1.4346670521557428,1.4521947549757133,1.434663518511402,-3.956050272480027e-6,-3.5336443406919216e-6
G3,12476769,1.6974993721341731,1.2131636242601782,1.697482343010887,1.2131627152880613,-1.7029123286160797e-5,-9.089721169086573e-7
G3,12476770,1.888773785448907,0.9453317026213272,1.888728292610581,0.9453311190187326,-4.549283832600004e-5,-5.836025945837875e-7
G3,12476771,1.7536711822825541,1.1468416344520678,1.7536481587727175,1.1468409459250413,-2.3023509836628264e-5,-6.885270265044596e-7
G3,12476772,1.7379756541646036,1.0682846466067728,1.7379544712537862,1.068284191821785,-2.1182910817429956e-5,-4.547849878910881e-7
G3,12476773,1.6764568512959777,1.3042024386834035,1.6764416780989104,1.3042008438962713,-1.5173197067230859e-5,-1.5947871321309037e-6
G3,12476774,1.3662140246674412,1.1566754410460547,1.366211843228149,1.1566749844070876,-2.1814392923147352e-6,-4.5663896708347806e-7
G3,12476775,1.6675743483593357,1.146892208469844,1.6675599227953297,1.1468916308602113,-1.4425564005993152e-5,-5.776096327902991e-7
G3,12476776,1.4824055616321474,1.2731154197365735,1.4824007920297855,1.2731142584064863,-4.769602361953673e-6,-1.1613300872070909e-6
G3,12476777,1.4016322468327649,1.2171785735274414,1.4016294543653374,1.2171778292400808,-2.792467427514822e-6,-7.442873606322564e-7
G3,12476778,1.51523720548845,1.2465094641558359,1.51523133863436,1.2465084932823225,-5.866854089875417e-6,-9.708735133617807e-7
G3,12476779,1.4004434879386487,1.27520564777748,1.4004407124447276,1.2752044952898138,-2.775493921136629e-6,-1.1524876661894723e-6
G3,12476780,1.1929254302502372,1.1034775289745598,1.1929248449640248,1.1034772520604033,-5.852862123845171e-7,-2.769141564940014e-7
G3,12476781,1.3820878495150148,1.350942575187545,1.3820853913014588,1.350940590133561,-2.458213556044697e-6,-1.985053984077112e-6
G3,12476782,1.5014581700171739,1.5973323304518694,1.5014526615690442,1.5973226147524426,-5.5084481296319154e-6,-9.715699426759983e-6
G3,12476784,1.6865251291038714,1.2751734494176676,1.6865090905246465,1.2751721179692606,-1.6038579224941785e-5,-1.3314484070825472e-6
G3,12476785,1.5266094305753106,0.9762866981160048,1.52660314531693,0.9762865468615168,-6.285258380644976e-6,-1.5125448793451568e-7
G3,12476786,1.467312304861299,1.3563725287250659,1.4673079636803934,1.3563704406849735,-4.3411809056426165e-6,-2.0880400923850573e-6
G3,12476787,1.4827651544566964,1.4570835617837865,1.4827603316378548,1.4570794599017276,-4.822818841621057e-6,-4.1018820589044935e-6
G3,12476788,1.5454590668623092,1.3103659564168824,1.545451987831173,1.310364407680059,-7.079031136170144e-6,-1.548736823453467e-6
G3,12476790,1.715672977117604,1.1957799531798463,1.7156541788395157,1.1957791130707687,-1.87982780883722e-5,-8.401090776377629e-7
G3,12476791,1.6906056897324653,1.18785023872718,1.6905892950120145,1.1878494687990078,-1.6394720450785272e-5,-7.699281723283491e-7
G3,12476792,1.3658751420456208,1.345293534781695,1.3658729461554109,1.3452916307434037,-2.195890209888418e-6,-1.9040382912560716e-6
G3,12476794,1.5727065226996533,1.0554212366441136,1.5726981959980786,1.0554209635201097,-8.326701574690176e-6,-2.7312400385781643e-7
G3,12476795,1.512989511709051,1.4421680114661215,1.5129836866268083,1.442164273098526,-5.825082242782997e-6,-3.7383675954849593e-6
G3,12476796,1.6094374054495328,1.1493790450323496,1.6094270557219168,1.1493785109901833,-1.034972761604358e-5,-5.34042166266957e-7
G3,12476797,1.533993825352417,1.311846165816892,1.5339872262653884,1.3118446075962447,-6.599087028602568e-6,-1.5582206474018534e-6
G3,12476798,1.41945694331314,1.5269822091868517,1.419453713452115,1.5269758650138001,-3.2298610250780513e-6,-6.344173051564539e-6
G3,12476799,1.6334579562167553,1.4092430519334702,1.633446026590475,1.409239952679546,-1.1929626280160477e-5,-3.099253924165879e-6
G3,12476800,1.4683705273269423,1.3988656915910687,1.4683661463657234,1.3988629008297144,-4.380961218908297e-6,-2.790761354232174e-6
G3,12477123,1.2945909315176496,1.4645325794745279,1.2945895826952605,1.4645283260553585,-1.34882238911338e-6,-4.253419169319983e-6
G3,12477126,1.0397302052497002,1.5407689060997385,1.0397299746390538,1.5407620459205198,-2.3061064635676587e-7,-6.860179218692863e-6
G3,12477128,1.4033823805499843,1.4561327714954861,1.4033795085577685,1.4561287226318842,-2.8719922158249034e-6,-4.048863601946451e-6
G3,12477129,0.9590698552297977,2.213412767076974,0.9590675241434083,2.2132245486167044,-2.3310863893621914e-6,-0.00018821846026950695
G3,12477131,1.7638443309896457,1.520029126123902,1.7638199543637343,1.5200227319402406,-2.4376625911370908e-5,-6.394183661440067e-6
G3,12477132,1.7782423447795956,1.1442352152501274,1.7782161656025859,1.1442344949038372,-2.617917700975525e-5,-7.20346290172813e-7
G3,12477133,1.2685432106487102,1.319342688923837,1.2685421296341655,1.319341121887373,-1.0810145447681663e-6,-1.5670364641451329e-6
G3,12477134,1.7040132526399072,1.235523940929227,1.703995604380993,1.2355228872312751,-1.764825891426014e-5,-1.0536979517805634e-6
G3,12477135,1.6295809943590525,1.2961883523878046,1.6295693509839155,1.2961868874059497,-1.1643375136927148e-5,-1.464981854937264e-6
G3,12640468,0.9614385550641139,1.6623233654736056,0.9614383267171086,1.6623093631157608,-2.2834700530438568e-7,-1.4002357844766777e-5
G3,13171689,1.6084469296780581,1.3747349614730102,1.6084366111944943,1.3747325084549191,-1.0318483563809266e-5,-2.4530180910975474e-6
G3,13175771,1.2060208372912495,1.298196328199447,1.206020172904174,1.2981949918393212,-6.643870755773662e-7,-1.336360125892e-6
G3,13179032,1.338180306222396,1.1242445838219046,1.3381785206806414,1.1242442375440251,-1.7855417546730479e-6,-3.462778794816046e-7
G3,13179034,1.3420314771459765,1.5933339904695434,1.342029516721885,1.5933245525232085,-1.960424091507207e-6,-9.43794633490036e-6
G3,13197505,1.090046943153675,1.3358725096813566,1.090046683099652,1.3358707547363886,-2.6005402298245883e-7,-1.7549449680132057e-6
G3,13217663,1.0636905684298101,1.4252778613545956,1.0636903421238102,1.4252745918783827,-2.2630599993966882e-7,-3.2694762128748778e-6
G3,13315347,1.6865720994910343,0.8429291486235163,1.6865560733157676,0.8429289606313309,-1.6026175266636855e-5,-1.8799218537424167e-7
G3,13324922,0.8953007413679511,1.650228764630183,0.8953005648450657,1.6502156862504718,-1.7652288542002736e-7,-1.3078379711206622e-5
G3,13343733,0.9679959429527909,2.101925531274848,0.9679944439188223,2.101806356876001,-1.4990339686216103e-6,-0.00011917439884712167
G3,13343736,1.32295115621859,1.1095545436235124,1.322949557848535,1.1095542393556952,-1.5983700549782043e-6,-3.042678171638613e-7
G3,13391276,1.61221834637945,1.1366967198678213,1.612207828225345,1.1366962263217333,-1.0518154105021438e-5,-4.935460879984532e-7
G3,13399583,1.134166688436588,1.4360912718775942,1.1341662911542143,1.4360877550599938,-3.972823736653197e-7,-3.5168176004685137e-6
G3,13415294,1.744791063983766,1.033176706729641,1.7447691003465338,1.0331763026843528,-2.1963637232280675e-5,-4.0404528811599505e-7
G3,13436762,1.22848657424256,1.2279428939471626,1.2284857886294451,1.2279421116425417,-7.856131147843115e-7,-7.823046208610407e-7
G3,13480337,1.3639869406549052,0.9418429498366722,1.363984798138078,0.9418428707318671,-2.142516827285945e-6,-7.910480503969808e-8
G3,14032707,3.595776694617534,0.5131362081520645,3.5859393413524927,0.513043621582595,-0.009837353265041315,-9.25865694695327e-5
G3,14032708,1.098779886128475,2.2816552861282466,1.0987764121847443,2.2814097604552392,-3.473943730680773e-6,-0.00024552567300739625
G3,14032710,2.0625395405819047,0.9567289596107259,2.062438865520812,0.9567277027512366,-0.00010067506109256996,-1.256859489262574e-6
G3,14032715,1.8333756732051054,1.2276952863714505,1.8333410049995984,1.2276940528769973,-3.466820550701577e-5,-1.2334944532454983e-6
G3,14032717,0.9649194731091082,2.1375974827175903,0.9649177438401226,2.1374590987674598,-1.7292689855619159e-6,-0.0001383839501305495
G3,14032718,1.3893181999864073,1.1300895216773188,1.3893156386934165,1.1300891487037712,-2.5612929908103155e-6,-3.72973547602129e-7
G3,14032719,2.194297927376207,0.6612022449201191,2.194123535815455,0.6612005696843343,-0.0001743915607521629,-1.675235784870388e-6
G3,14032720,2.421156608591148,0.8228156324658565,2.420746391100298,0.8228110153770762,-0.00041021749084979575,-4.617088780300982e-6
G3,14035482,1.3391443726618812,1.3625743062277986,1.3391425505228058,1.3625721615005086,-1.822139075402518e-6,-2.1447272899877134e-6
G3,14035484,1.9025324976325602,0.8992670333506417,1.9024838974790679,0.8992664520988211,-4.860015349228419e-5,-5.812518206749218e-7
G3,14035486,1.745309470085959,1.2194921100266942,1.7452874370636309,1.219491097591233,-2.2033022328171725e-5,-1.0124354612450759e-6
G3,14035487,1.5719623034969528,1.20908562367324,1.5719540067506914,1.2090848526959361,-8.296746261349242e-6,-7.70977303776732e-7
G3,14035488,1.9637449192960508,0.7278175952386925,1.963680155443704,0.7278169461146935,-6.476385234677196e-5,-6.491239989969699e-7
G3,14035489,1.6719872902016812,1.0301673764421522,1.6719725085049015,1.0301670641394751,-1.4781696779708753e-5,-3.1230267705240067e-7
G3,14035491,1.1271430058526872,1.4472375351259301,1.1271426264301219,1.4472337492090837,-3.7942256536638297e-7,-3.7859168464660087e-6
G3,14035492,1.1875816600874904,1.5275812508475277,1.1875810227261523,1.5275749208062612,-6.373613381516208e-7,-6.3300412664890615e-6
G3,14035493,1.4357489882815466,1.3811837913783442,1.4357454505889298,1.3811813269269566,-3.537692616850663e-6,-2.464451387629296e-6
G3,14035494,1.679871906630793,0.9452921130883744,1.6798564633313844,0.9452918804112193,-1.5443299408612887e-5,-2.326771550986706e-7
G3,14035495,0.8788938776290122,1.7655469481451205,0.8788935817624843,1.7655224490476265,-2.958665278329775e-7,-2.4499097494024014e-5
G3,14035496,1.0141957830857522,1.7505031694340916,1.0141953973939488,1.7504805318702175,-3.856918033839918e-7,-2.2637563874106092e-5
G3,14035497,1.3502265709724426,1.4267752318542066,1.3502245839954075,1.4267719049817593,-1.986977035128845e-6,-3.3268724473067834e-6
G3,14035498,1.8152849046503927,0.8622958461802757,1.8152532623750925,0.8622954792277189,-3.164227530016994e-5,-3.66952556785094e-7
G3,14035499,1.8300899429112667,1.1150706264500565,1.8300558474503932,1.1150698961571097,-3.409546087351778e-5,-7.30292946782285e-7
G3,14035500,2.246941785638318,0.8786222945899166,2.246727040216817,0.8786198045161885,-0.00021474542150112796,-2.490073728100839e-6
G3,14035502,1.5157741858188376,1.1602177086882095,1.515768305711922,1.1602171920940993,-5.8801069156011465e-6,-5.165941101559213e-7
G3,14035503,2.156550467139116,0.9901426083440212,2.1564008344356824,0.9901406930017739,-0.0001496327034335998,-1.915342247360563e-6
G3,14035504,1.4434598980052427,1.3532906934408266,1.4434561822088665,1.3532886581215535,-3.7157963761469404e-6,-2.035319273119285e-6
G3,14035505,1.5364029993170258,1.2510145950976606,1.5363963096657536,1.2510135811118077,-6.689651272262509e-6,-1.013985852837962e-6
G3,14035506,1.3424664805793192,1.413017490340765,1.342464602865763,1.4130144576090455,-1.877713556197591e-6,-3.0327317195322223e-6
G3,14035507,0.9108131992297788,1.7813924828950944,0.9108128616878657,1.7813658784155804,-3.3754191308688064e-7,-2.6604479514080737e-5
G3,14035508,1.4994768437888837,1.25418473853347,1.4994715293563745,1.2541837195860883,-5.314432509173628e-6,-1.0189473815813699e-6
G3,14035509,1.4449969457515963,1.5451175572170974,1.4449931198638428,1.5451104594805911,-3.825887753494683e-6,-7.097736506311847e-6
G3,14035510,1.0659087190952587,1.4790737851824047,1.0659084721012841,1.4790691291286948,-2.4699397460636874e-7,-4.656053709917174e-6
G3,14035511,1.3382813722180507,1.484337570490399,1.3382795244221186,1.4843327318152808,-1.8477959320417625e-6,-4.838675118135072e-6
G3,14035512,1.5740962894101231,1.1589964809923559,1.574087889280065,1.1589959368321467,-8.400130058205946e-6,-5.441602091149633e-7
G3,14035513,1.5092435014194947,1.0748218244380283,1.5092378604096708,1.0748215486882924,-5.641009823920129e-6,-2.7574973593402774e-7
G3,14035514,1.0799635988780667,1.6574125183217023,1.0799632144522344,1.6573988953684458,-3.844258322782679e-7,-1.3622953256575698e-5
G3,14035516,1.5976923973405635,1.1853730833448626,1.5976827334895043,1.1853724129558054,-9.663851059160677e-6,-6.703890571557736e-7
G3,14035517,2.07671823572662,0.9551346026611782,2.0766112089660798,0.9551332711739371,-0.00010702676054030746,-1.3314872411296363e-6
G3,14035518,1.632448774443033,1.115270093246603,1.6324369530112586,1.1152696466880394,-1.1821431774361457e-5,-4.465585636825864e-7
G3,14035519,2.174446170602405,0.8800814406826071,2.1742852056747686,0.88007957813926,-0.00016096492763661985,-1.8625433471086694e-6
G3,14035521,1.5418365151767561,1.356027135395578,1.541829582734894,1.356025016392181,-6.9324418621175e-6,-2.119003396972019e-6
G3,14035522,1.143632782844403,1.6131213197556966,1.1436322657632672,1.6131107458679566,-5.170811359089811e-7,-1.057388774006185e-5
G3,14035523,1.4966987504987177,1.3176287832033362,1.496693520306417,1.3176271795314665,-5.230192300809122e-6,-1.603671869743195e-6
G3,14035524,1.620201842745949,1.1885752834922774,1.6201908228614372,1.1885745805717511,-1.101988451179814e-5,-7.029205262298888e-7
G3,14035525,1.4510615123109427,1.0662443368419336,1.4510576318223847,1.0662440986032533,-3.880488558039019e-6,-2.3823868033900908e-7
G3,14035526,1.0706394762367557,1.7763178545948082,1.0706389576958586,1.7762919383756595,-5.185408971097871e-7,-2.5916219148713893e-5
G3,14035527,1.5755273214516785,1.2625647990166455,1.5755188407166618,1.2625636738012183,-8.480735016691554e-6,-1.125215427277837e-6
G3,14035528,1.3442570284180888,1.2774438681757032,1.3442551523187753,1.2774427083610362,-1.8760993134581128e-6,-1.1598146669733467e-6
G3,14035529,2.91669680385403,0.5936384137126455,2.9147584362055907,0.5936197295221187,-0.0019383676484392431,-1.8684190526752076e-5
G3,14035530,1.1889528373698717,1.4637049596551455,1.1889522207996717,1.463700739284399,-6.165702000071605e-7,-4.220370746432778e-6
G3,14035531,1.5604554727060915,1.308487173904975,1.5604477196825777,1.308485636098449,-7.75302351385676e-6,-1.5378065261195673e-6
G3,14035532,2.006866133111343,0.9603629099669151,2.0067873599564328,0.9603619128290982,-7.877315491011672e-5,-9.971378168716072e-7
G3,14035534,1.5735882802288197,1.1041874397345834,1.5735799080125727,1.1041870653254415,-8.372216246943509e-6,-3.744091419122242e-7
G3,14035535,1.1501837545125682,1.8115346364066098,1.150182949307259,1.8115035836585773,-8.05205309095669e-7,-3.105274803250069e-5
G3,14035536,1.8049489395117828,0.977232645766104,1.804918913970913,0.9772322142364009,-3.0025540869837997e-5,-4.315297030821341e-7
G3,14035538,1.403755236881951,1.3639883070764525,1.4037523838485433,1.363986126895365,-2.8530334077458974e-6,-2.180181087441113e-6
G3,14035539,1.3612327927128662,1.4354549185084118,1.361230644630571,1.435451392136894,-2.1480822951502887e-6,-3.526371517681426e-6
G3,14035541,1.9017131309757664,1.0103736890009103,1.90166471969261,1.0103729942761905,-4.84112831564687e-5,-6.947247197519602e-7
G3,14035542,1.3906686766918,1.2024619246656685,1.3906660875067416,1.2024612627923819,-2.589185058354815e-6,-6.61873286622594e-7
G3,14035543,1.2484431376737413,1.352082501292092,1.248442204296596,1.3520805209822169,-9.333771453512441e-7,-1.9803098751935977e-6
G3,14035544,1.9195645443647766,0.8696436783834763,1.9195118436806033,0.869643071685039,-5.270068417329021e-5,-6.066984373775952e-7
G3,14035545,1.5483668160860702,1.3978701705499705,1.5483595920125126,1.397867358288582,-7.2240735575768156e-6,-2.8122613884296044e-6
G3,14035546,2.246319442395017,0.7208050751266764,2.2461052174721545,0.7208028911498683,-0.00021422492286227168,-2.1839768080678112e-6
G3,14035548,1.0371246026839511,1.7482058672858287,1.0371241877117912,1.7481835026028905,-4.149721599677747e-7,-2.236468293825844e-5
G3,14035549,1.734777375054763,1.0792539743181693,1.7347565501570401,1.079253501608214,-2.0824897722926394e-5,-4.727099551793401e-7
G3,14035550,1.306277939566164,1.4263562854807348,1.3062764854892452,1.4263529753278308,-1.4540769186499602e-6,-3.3101529040013844e-6
G3,14035551,2.419579887717489,0.7729590866396042,2.4191719568037735,0.7729546715430428,-0.00040793091371549295,-4.415096561460885e-6
G3,14035552,2.1598518725532223,0.9024493425856613,2.1597002031929953,0.9024475546662967,-0.0001516693602270358,-1.7879193646708202e-6
G3,14035553,1.672771630251986,1.1140910839491993,1.672756781369602,1.114090602363713,-1.484888238389992e-5,-4.815854863782221e-7
G3,14035554,1.4828405598940875,1.190964539767067,1.4828357844488549,1.1909639065883713,-4.77544523258544e-6,-6.33178695697012e-7
G3,14035555,0.9786056170816455,1.790355911069874,0.9786052098662267,1.7903280467167655,-4.072154188294874e-7,-2.7864353108419948e-5
G3,14035556,1.4178475069465106,1.1258704137420634,1.4178443950798862,1.1258700464083353,-3.1118666243834525e-6,-3.673337281018263e-7
G3,14035559,1.2211004641735463,1.38966255944798,1.2210997000135826,1.3896599867582033,-7.641599637508989e-7,-2.5726897765476764e-6
G3,14035560,1.6137896318709712,1.0320326633535641,1.6137790204022742,1.0320323987586968,-1.0611468697074855e-5,-2.6459486734964344e-7
G3,14035561,1.5052152312166396,1.0213830088028926,1.5052097326154423,1.021382819475313,-5.498601197251318e-6,-1.893275796138738e-7
G3,14035562,1.2601250633287282,1.475788513836516,1.2601240093696253,1.4757839439976461,-1.0539591028813078e-6,-4.5698388699833e-6
G3,14035563,1.4542051165195604,1.2487265184215552,1.4542011450678594,1.24872555691004,-3.9714517010569494e-6,-9.615115152961096e-7
G3,14035565,1.2085640153483805,1.3054335863729727,1.2085633365045005,1.3054321762462289,-6.788438799976149e-7,-1.4101267438171305e-6
G3,14035566,1.6948512520253365,1.112722167073241,1.6948344742753512,1.1127216647787297,-1.6777749985319446e-5,-5.022945113175581e-7
G3,14035567,1.4757397528728036,1.1840558242507975,1.4757351908687988,1.1840552257779933,-4.5620040047822386e-6,-5.984728042029985e-7
G3,14035568,1.4598985247249585,1.3261674019211651,1.4598943926305683,1.326165714086829,-4.132094390207897e-6,-1.6878343360726689e-6
G3,14035569,1.1362521319953096,1.504445259976546,1.1362517036588111,1.5044397847061814,-4.2833649849249866e-7,-5.475270364652118e-6
G3,14035570,1.5692570202055118,1.039032320659082,1.569248864438136,1.0390320755142495,-8.15576737589474e-6,-2.451448324336525e-7
G3,14035571,1.3566514553076567,1.0126523299690606,1.3566494205024346,1.0126521917495963,-2.034805222095315e-6,-1.3821946431846754e-7
G3,14035572,0.9203352776880974,1.7000984992933217,0.9203350406618496,1.7000812359251012,-2.3702624785126858e-7,-1.726336822049923e-5
G3,14035573,1.3788631255505719,1.205536557092998,1.3788607392991477,1.205535881840851,-2.3862514242356525e-6,-6.752521468644801e-7
G3,14035574,1.6117229323203213,1.2040727938327294,1.6117124403967933,1.204072020798738,-1.0491923527977676e-5,-7.730339912637163e-7
G3,14035575,0.8632628762730695,2.0192333917957854,0.8632619293067352,2.019150147856188,-9.469663343475432e-7,-8.324393959746601e-5
G3,14035576,1.8035442335497955,1.0177163657556492,1.8035144215787706,1.0177158882047548,-2.9811971024917838e-5,-4.775508943843931e-7
G3,14035580,0.9751215367255732,1.7157064776279887,0.9751212403605416,1.7156876837748822,-2.963650316267774e-7,-1.8793853106435776e-5
G3,14035582,1.2356501621804095,1.200882379881024,1.2356493331313185,1.200881748480012,-8.290490909335091e-7,-6.314010119190527e-7
G3,14035583,2.0118898951422963,0.9331631056680643,2.0118093315571532,0.9331621196682505,-8.05635851430786e-5,-9.859998137962123e-7
G3,14035585,1.518046391944199,0.9163215182047967,1.5180404334584958,0.9163214107459857,-5.9584857032835e-6,-1.074588109606367e-7
G3,14035586,1.0652826602696217,1.7848213128676076,1.0652821378051271,1.7847942303581674,-5.224644945567292e-7,-2.7082509440168323e-5
G3,14035587,1.084589202995031,1.4662614138727064,1.0845889239229052,1.4662571274979974,-2.79072125852764e-7,-4.286374708950547e-6
G3,14035588,2.059050282622081,0.8703668128024685,2.0589511205135644,0.870365677542407,-9.916210851645957e-5,-1.1352600615133213e-6
G3,14035590,0.8984020431705172,1.5253659069516692,0.8984019410239943,1.5253596706541146,-1.0214652290674309e-7,-6.23629755458488e-6
G3,14035591,1.3434215887875145,1.4542534989707534,1.3434196853443265,1.4542495129975719,-1.9034431879560998e-6,-3.985973181519498e-6
G3,14035593,1.4548077337689436,1.2403509382441789,1.4548037474386328,1.2403500345475507,-3.986330310734587e-6,-9.036966281961156e-7
G3,14035594,1.0552612133114878,1.640630583966696,1.0552608909866923,1.6406181980530905,-3.2232479552085636e-7,-1.2385913605417187e-5
G3,14035595,1.321126655373081,1.418238757931184,1.3211250402154986,1.418235620616339,-1.615157582346427e-6,-3.1373148450253296e-6
G3,14035596,1.345780624437479,1.3676988914447707,1.3457787134469257,1.3676966673660116,-1.9109905533554183e-6,-2.2240787591609745e-6
G3,14035597,1.5320885980577135,0.8126698749772127,1.5320820968540518,0.8126697960360681,-6.501203661635202e-6,-7.894114451012513e-8
G3,14035598,2.49310168916447,0.6768643660154808,2.4925748685793527,0.6768590791121207,-0.0005268205851174379,-5.28690336010218e-6
G3,14035602,1.2395853579531402,1.4937581021392414,1.2395844444263997,1.4937529782400039,-9.135267404758451e-7,-5.123899237569063e-6
G3,14035603,0.8913992102948914,2.2783657809615723,0.8913963657195118,2.278123328851416,-2.844575379690184e-6,-0.00024245211015605506
G3,14035604,1.5855068167454727,0.8927900035451949,1.5854978314610129,0.8927898735226235,-8.985284459805953e-6,-1.3002257137628703e-7
G3,14035605,1.1555020016688828,1.2954734906179586,1.1555015602200627,1.2954721839552181,-4.41448820165391e-7,-1.3066627404523246e-6
G3,14035606,1.6509626383723839,1.1197488354442011,1.6509495014116233,1.119748359794779,-1.3136960760551375e-5,-4.756494220714558e-7
G3,14035607,1.6545957802460753,1.0381858339282348,1.6545823730949543,1.038185526580177,-1.3407151121080929e-5,-3.073480578930088e-7
G3,14035608,1.9728721603142692,0.6755575858920139,1.9728046265072745,0.6755569410809825,-6.753380699464628e-5,-6.44811031347281e-7
G3,14035610,1.1736291442858837,1.707157360052692,1.1736284177260883,1.7071394119609757,-7.265597954386749e-7,-1.794809171618006e-5
G3,14035611,1.6367694909901307,1.12230940137492,1.6367573730819311,1.1223089313037764,-1.2117908199549277e-5,-4.700711435656757e-7
G3,14035612,1.2384549941492762,1.515823163743838,1.2384540780902487,1.515817276166915,-9.160590275225644e-7,-5.887576922880555e-6
G3,14035613,1.4919459519060834,1.3545952778562154,1.4919408701107073,1.354593205114447,-5.081795376060683e-6,-2.072741768444075e-6
G3,14035614,0.7217318227526529,1.9810601647709483,0.7217311231889251,1.9809900593741585,-6.995637278350841e-7,-7.010539678975469e-5
G3,14035615,1.835644201310881,1.0642316533146436,1.8356091472630582,1.064231033120536,-3.5054047822669077e-5,-6.201941076255935e-7
G3,14035616,1.5091969469207547,1.0027218925457135,1.5091913090184363,1.0027217233255121,-5.637902318333943e-6,-1.6922020140697214e-7
G3,14035617,1.7144240955776477,0.9500964632620684,1.7144054320113697,0.95009618975739,-1.866356627799881e-5,-2.7350467846076754e-7
G3,14035618,1.4801530577489574,1.2575450277109583,1.4801483582395814,1.2575439917503328,-4.699509376093758e-6,-1.0359606255061493e-6
G3,14035619,1.4896053955237056,1.2119059029040549,1.4896004075640252,1.2119051597297859,-4.987959680402554e-6,-7.431742690133802e-7
G3,14035620,2.4607269317584004,0.7269442475117347,2.4602556530210364,0.7269393182760564,-0.0004712787373639671,-4.9292356782970614e-6
G3,14035622,1.2492634872775776,1.541492791576147,1.2492624831026609,1.5414858898705055,-1.004174916774403e-6,-6.901705641437772e-6
G3,14035623,1.2866379398878038,1.5239644336130547,1.2866366401200626,1.5239582344776845,-1.2997677412140973e-6,-6.199135370144049e-6
G3,14035624,2.297549565549307,0.709648658037486,2.297288739824009,0.7096460123808521,-0.00026082572529784187,-2.645656633881721e-6
G3,14035625,1.606051303336562,1.1289885134357993,1.6060411571769038,1.1289880486054646,-1.0146159658219744e-5,-4.648303346677096e-7
G3,14035626,1.1014262843741078,1.2433544002548176,1.1014260089096686,1.2433535243577163,-2.7546443925885455e-7,-8.758971012934325e-7
G3,14035627,1.371694930969426,1.1324044341274577,1.3716926650733077,1.1324040578056829,-2.265896118291977e-6,-3.763217748531389e-7
G3,14035628,0.9259734056815947,1.8948603493105476,0.9259728234684494,1.8948135038185525,-5.822131452504209e-7,-4.6845491995073374e-5
G3,14035629,1.9094669036797607,0.9229256257754839,1.9094166684976361,0.9229250066557663,-5.023518212454725e-5,-6.191197176041996e-7
G3,14035630,1.8416986640106783,1.1701886289526988,1.8416625318424424,1.170187677490767,-3.6132168235836204e-5,-9.514619319084261e-7
G3,14035631,1.7937302217468738,0.773185383442534,1.7937018712133828,0.7731850876736474,-2.8350533491039442e-5,-2.957688866045416e-7
G3,14035632,1.7080691881130332,1.2660978340381466,1.7080511424460871,1.2660965509922992,-1.804566694607601e-5,-1.2830458473445105e-6
G3,14035634,0.9694619941800179,1.7914431006776608,0.9694615942140565,1.7914150802305393,-3.999659613507234e-7,-2.802044712146845e-5
G3,14035635,0.9564613428128285,1.6132093981213855,0.9564611580207782,1.6131988234764458,-1.84792050217375e-7,-1.0574644939698175e-5
G3,14035636,1.4538087016279047,1.506528419832196,1.453804674350616,1.5065228203486996,-4.027277288543019e-6,-5.599483496432356e-6
G3,14035637,2.146161689840327,0.8696069512309489,2.1460183173855536,0.869605308384557,-0.00014337245477324956,-1.6428463919249126e-6
G3,14035638,1.603434185303746,1.0509636295364537,1.6034241958591413,1.0509633436346821,-9.989444604618924e-6,-2.8590177159060204e-7
G3,14035640,1.3495492017082742,1.3965517453290517,1.3495472325187468,1.396549031345747,-1.969189527439852e-6,-2.7139833047584716e-6
G3,14035641,1.0168805558504916,1.4521778350358074,1.0168803908074202,1.4521739269597667,-1.6504307143172525e-7,-3.908076040781694e-6
G3,14035642,1.6974667279336737,1.380946457044735,1.6974496753316877,1.380943805403574,-1.7052601986033977e-5,-2.6516411608668022e-6
G3,14035643,1.406263789770813,1.48459578717445,1.4062608502837872,1.4845909248491518,-2.9394870257881678e-6,-4.862325298171655e-6
G3,14035644,1.8908489962154302,1.1563939366047462,1.8908030400925007,1.156392911625362,-4.5956122929569077e-5,-1.024979384256497e-6
G3,14035645,1.6562637932674837,1.3495582052447763,1.6562502324044768,1.3495560850574062,-1.3560863006967239e-5,-2.1201873701137686e-6
G3,14035647,0.9914840273557942,1.5358036667324275,0.9914838578321292,1.5357970136368528,-1.6952366499456417e-7,-6.6530955746824105e-6
G3,14035648,2.5426851352513293,0.59550167301266,2.5420625306801448,0.5954958841143108,-0.0006226045711845707,-5.7888983492349055e-6
G3,14035650,1.546898706045783,1.5090073727103464,1.5468915028304722,1.5090016393407333,-7.203215310891409e-6,-5.733369613070138e-6
G3,14035652,0.8826945942993107,2.1031095352205127,0.8826932074724007,2.1029897629321397,-1.3868269100880681e-6,-0.00011977228837301013
G3,14035653,1.269466272721205,1.384147578147091,1.2694651721324957,1.3841450969936127,-1.1005887092796485e-6,-2.4811534784507927e-6
G3,14035654,2.2145503318372426,1.2633445326350337,2.2143612451504073,1.2633408532152688,-0.0001890866868352603,-3.679419764868186e-6
G3,14035655,1.9792613310757823,1.0438472682108118,1.9791917953276632,1.043846254045098,-6.953574811907615e-5,-1.0141657138529325e-6
G3,14035662,1.6883825506557815,1.5096220963294296,1.688366276723147,1.5096162060102918,-1.6273932634369714e-5,-5.890319137780153e-6
G3,14035664,1.422161757167343,1.4565641272447016,1.4221585018100684,1.4565600615552543,-3.2553572746341075e-6,-4.065689447330101e-6
G3,14035665,1.5177377075080583,0.7751848091281498,1.517731760976144,0.7751847424144616,-5.946531914213793e-6,-6.671368824040513e-8
G3,14035666,1.4328376158145915,1.419385364309829,1.4328341353053777,1.4193821765969212,-3.48050921372689e-6,-3.1877129078594635e-6
G3,14035667,1.4051963595048393,1.0219383570668021,1.4051935063127212,1.0219381981982694,-2.8531921181240705e-6,-1.588685327735817e-7
G3,14035668,1.3823046036066116,2.150056932393189,1.382300027511092,2.149911198226556,-4.576095519626122e-6,-0.00014573416663310468
G3,14035669,1.5691358233769162,1.5086819321689722,1.5691275924341574,1.5086761951298944,-8.230942758702398e-6,-5.7370390778022085e-6
G3,14035671,1.3448209841036944,1.21563300172966,1.3448191063056416,1.2156322780015898,-1.8777980528295046e-6,-7.23728070139984e-7
G3,14035672,1.7495820784379286,1.023067385540301,1.749559550648376,1.0230669892354445,-2.2527789552473365e-5,-3.963048564870064e-7
G3,14035674,1.5602665309117414,0.9324438186649929,1.5602588068011818,0.9324436825504411,-7.724110559603758e-6,-1.36114551851918e-7
G3,14035675,1.6406227603593229,1.5097703140649348,1.6406102916776526,1.5097644754002033,-1.2468681670263493e-5,-5.8386647314723206e-6
G3,14035677,1.5497532036890107,1.4151829087818428,1.5497459135465115,1.415179755047778,-7.29014249922777e-6,-3.153734064786917e-6
G3,14035678,1.8483108022963757,1.285365193152628,1.8482734536562269,1.2853634754825096,-3.734864014881545e-5,-1.7176701183618803e-6
G3,14035679,1.130602330973844,1.500536396905126,1.1306019218056522,1.500531055391803,-4.0916819177283514e-7,-5.341513322987268e-6
G3,14035680,1.5423100480623806,1.4642313047762496,1.5423030630522354,1.4642269786662918,-6.985010145177384e-6,-4.326109957819568e-6
G3,14035681,1.223240732900246,2.1070277241327444,1.2232383236885516,2.106905940243689,-2.409211694365254e-6,-0.00012178388905548232
G3,14035682,1.6943939931703909,1.4120960726071567,1.6943772161172752,1.4120928458385948,-1.6777053115646368e-5,-3.2267685619036257e-6
G3,14035684,2.083738849366666,1.1322592340303919,2.083628546969745,1.132257444887436,-0.00011030239692111365,-1.7891429557881366e-6
G3,14035685,1.6701814553233074,1.0498146724782937,1.6701668214575942,1.0498143318354072,-1.463386571320946e-5,-3.406428865648792e-7
G3,14035687,1.4757074284853648,2.1483799376040285,1.4757006717300656,2.148235168805601,-6.756755299264228e-6,-0.00014476879842728607
G3,14035689,1.513130530868106,1.6488674372909404,1.5131245624972132,1.6488543719818234,-5.968370892839303e-6,-1.3065309117044066e-5
G3,14035690,1.687605469157394,1.0555265098971967,1.6875893489979235,1.0555261413252415,-1.612015947061174e-5,-3.6857195517825403e-7
G3,14035691,1.6118372775491279,1.419053269042787,1.6118267412631802,1.419049987702519,-1.0536285947715385e-5,-3.28134026816862e-6
G3,14035692,1.7661746973974277,1.3680684025814125,1.766150083807818,1.3680658521568112,-2.461358960981208e-5,-2.5504246012886256e-6
G3,14035694,2.2554852308185165,1.3067138702723058,2.255263211062755,1.3067092601558585,-0.00022201975576141564,-4.610116447256729e-6
G3,14035696,1.6024991229086074,1.2390262904786726,1.602489178125821,1.2390253167474268,-9.944782786375228e-6,-9.73731245856868e-7
G3,14035697,1.2816232699774095,1.6309251575123367,1.2816219407072535,1.6309134260196276,-1.3292701559475262e-6,-1.1731492709055047e-5
G3,14035698,1.9504902997413667,1.040196073552775,1.9504293809216384,1.040195174707581,-6.091881972825064e-5,-8.988451940528108e-7
G3,14035699,1.2956903877264514,1.6001536496906175,1.2956889526595397,1.6001438338991372,-1.4350669117479953e-6,-9.815791480294322e-6
G3,14035701,1.3356361698743062,1.0119447991326795,1.3356344195650571,1.011944665014968,-1.7503092490933625e-6,-1.3411771160320995e-7
G3,14035702,1.521360393296617,1.8292076167400861,1.5213538014101504,1.8291735783938086,-6.591886466678076e-6,-3.403834627757618e-5
G3,14035703,1.3334801660119429,2.1135057431082895,1.333476647955205,2.1133805734920212,-3.5180567379278216e-6,-0.0001251696162682947
G3,14035704,1.450977974211044,1.6513411203531279,1.450973909153936,1.6513279011035447,-4.0650571080380615e-6,-1.3219249583196202e-5
G3,14035705,1.3217744828626987,1.3928083606170745,1.3217728669321498,1.3928057199425934,-1.615930548926059e-6,-2.6406744810802962e-6
G3,14035707,1.885156168670489,1.3391312270764306,1.8851114357638443,1.3391288043512808,-4.4732906644640025e-5,-2.4227251498309954e-6
G3,14035710,2.0278125852601834,1.026259921933079,2.0277261103883553,1.0262587282027928,-8.647487182811275e-5,-1.1937302861753096e-6
G3,14035711,1.3268084840865326,1.2320648090494657,1.326806833350994,1.2320639899036478,-1.6507355387052058e-6,-8.191458178430366e-7
G3,14035712,1.5881834784631879,1.244406861916689,1.588174337033917,1.244405862180082,-9.141429270886903e-6,-9.997366070546576e-7
G3,14035713,1.2264712669597055,1.7618728064504834,1.2264701850810227,1.7618487629089774,-1.0818786828625804e-6,-2.4043541505980315e-5
G3,14035714,1.7334157338673453,1.3225640538201666,1.7333950387409358,1.3225621788828583,-2.069512640945348e-5,-1.8749373082993515e-6
G3,14035718,1.6930278522085846,1.4147581523740662,1.6930111994533117,1.4147548727200945,-1.6652755272961173e-5,-3.279653971732799e-6
G3,14035720,2.670799596082369,1.0731236904682961,2.669858948299869,1.0731108495741282,-0.0009406477825000259,-1.2840894167975847e-5
G3,14035721,1.7032254640005577,1.4763191320716387,1.7032078332137754,1.476314304270631,-1.763078678229668e-5,-4.827801007634136e-6
G3,14035722,1.7238029518534153,1.2871753526638514,1.7237833012323789,1.2871738639921355,-1.9650621036371163e-5,-1.4886717158990592e-6
G3,14035723,1.2043948248869523,1.4448965978833597,1.2043941382957364,1.4448928657557616,-6.86591215881549e-7,-3.732127598077284e-6
G3,14035724,1.1382762181541621,1.8372965825072078,1.138275398987339,1.8372612354666245,-8.191668230406179e-7,-3.534704058338889e-5
G3,14035726,1.6806756339344286,1.3128945033530444,1.6806601001221146,1.3128928104781608,-1.5533812314005857e-5,-1.6928748836075869e-6
G3,14035727,1.4561586933663462,1.1597417559815189,1.4561546774119227,1.159741264850583,-4.015954423453039e-6,-4.911309359201255e-7
G3,14035728,1.0453608958481249,1.8817877686278486,1.0453601995586783,1.8817437850628418,-6.962894465445402e-7,-4.3983565006788794e-5
G3,14035732,1.836851638934344,1.2432273004682286,1.8368163622443132,1.243225954703856,-3.5276690030894287e-5,-1.3457643726066948e-6
G3,14035733,1.6008010680064497,1.2727071884380858,1.600791217978346,1.2727059621846506,-9.85002810383051e-6,-1.2262534352380783e-6
G3,14035734,1.1525439291223571,1.717580434656923,1.152543272380864,1.7175614443096638,-6.567414931879512e-7,-1.8990347259162377e-5
G3,14035735,1.6948266858798542,1.1102966321888204,1.694809910486231,1.1102961364414223,-1.6775393623102985e-5,-4.957473980216065e-7
G3,14035736,1.8685889699617397,1.0036373733020827,1.868547723205412,1.003636775499624,-4.124675632777297e-5,-5.978024586461572e-7
G3,14035737,1.651708877585463,1.087671771235794,1.6516956861825882,1.087671375577058,-1.3191402874701552e-5,-3.9565873599656243e-7
G3,14035739,1.1987210143498725,2.0532102569653246,1.1987191038161709,2.0531135724497496,-1.910533701687811e-6,-9.668451557498514e-5
G3,14035740,1.5443877584452088,1.4654989502357383,1.5443806841679895,1.4654945877663084,-7.074277219354386e-6,-4.362469429919358e-6
G3,14035741,1.692783803773637,1.140051929462723,1.6927672142823562,1.1400513473279876,-1.658949128069409e-5,-5.821347353052175e-7
G3,14035742,2.095810643342399,1.1223007585840508,2.0956945156260227,1.122298928205507,-0.00011612771637636854,-1.8303785438433806e-6
G3,14035744,1.4278875614996656,1.3574418527484498,1.4278842084662904,1.3574397628361865,-3.3530333751752295e-6,-2.0899122632478395e-6
G3,14035745,1.769541967823155,1.1943131193988195,1.7695169435065494,1.1943122040143723,-2.5024316605559704e-5,-9.15384447131018e-7
G3,14035746,1.617581631515461,1.319799362338776,1.617570762722212,1.3197976564382274,-1.0868793248963726e-5,-1.705900548598649e-6
G3,14035749,1.7176432232892933,1.4258392323337643,1.7176241821309814,1.4258356807664947,-1.904115831186104e-5,-3.5515672696107004e-6
G3,14035751,1.0690343822656518,1.5942342763964956,1.0690340709092423,1.5942248124191851,-3.113564095436061e-7,-9.46397731049764e-6
G3,14035752,1.840938281621471,0.9767922990132053,1.8409022921315032,0.9767917967838112,-3.598948996774709e-5,-5.022293940726286e-7
G3,14035756,1.714197762220545,1.2266020927338903,1.7141791108455409,1.2266010825871645,-1.865137500423053e-5,-1.01014672582167e-6
G3,14035760,1.8240147597678378,1.3322225347352912,1.8239816661125694,1.3322203672781783,-3.309365526837915e-5,-2.1674571129004505e-6
G3,14035761,1.4138421211584766,1.278431109730627,1.4138390811941233,1.2784299259229395,-3.039964353357405e-6,-1.1838076874326475e-6
G3,14035767,1.2114085349117674,2.029747945908251,1.2114066810394186,2.0296607187520608,-1.8538723487449005e-6,-8.722715619002841e-5
G3,14035768,1.4242624341233605,1.5294658474871161,1.424259099347489,1.5294594040473932,-3.334775871444151e-6,-6.443439722891853e-6
G3,14035769,2.0335647548799836,1.1573503464608652,2.0334760498677693,1.1573487467908203,-8.870501221425187e-5,-1.599670044871715e-6
G3,14035770,1.6713454648685449,1.3375668231359432,1.6713307112596332,1.3375648467538508,-1.4753608911677318e-5,-1.9763820924278974e-6
G3,14035771,1.326370631786982,2.028907071026458,1.3263677633543292,2.0288201513277784,-2.8684326527361748e-6,-8.691969867946625e-5
G3,14035772,1.6003439847799947,1.4438032592682262,1.600334122151153,1.4437994227462287,-9.862628841839083e-6,-3.836521997424569e-6
G3,14035774,2.002800401748975,1.1682819454866868,2.002723045859974,1.1682804509636402,-7.735588900104062e-5,-1.4945230466523185e-6
G3,14035775,1.8801119413049143,1.1888640148648584,1.880068307171803,1.18886287766223,-4.363413311136988e-5,-1.137202628287426e-6
G3,14035776,1.3381169566178936,1.584448502556958,1.3381150540626146,1.5844395479378934,-1.90255527909855e-6,-8.954619064471814e-6
G3,14035777,1.4830738067022389,1.3720392268892212,1.4830689999513946,1.3720368945895525,-4.806750844243979e-6,-2.332299668728055e-6
G3,14035778,1.5734233560394282,1.5560787657945911,1.5734148837752995,1.5560711118906556,-8.472264128700502e-6,-7.65390393553389e-6
G3,14035781,1.4479893301168067,1.252208306700819,1.4479855170042557,1.2522073221608878,-3.8131125510432184e-6,-9.845399311370073e-7
G3,14035782,1.4541016589969042,2.0701810578492488,1.454096143014478,2.0700769346547316,-5.515982426151922e-6,-0.00010412319451713614
G3,14035786,2.2805993908974767,1.2774048459071676,2.280354838553355,1.2774002264519069,-0.00024455234412146254,-4.619455260757022e-6
G3,14035788,2.0420329094673355,0.9807520523838451,2.04194084454006,0.980750865493031,-9.206492727553695e-5,-1.1868908140755252e-6
G3,14035789,1.8935450723104867,1.267055707065013,1.8934985059956981,1.267054022327696,-4.656631478860973e-5,-1.6847373169870394e-6
G3,14035790,1.4069095753497471,1.371290681942595,1.4069066592352668,1.3712883877615096,-2.916114480333576e-6,-2.294181085327196e-6
G3,14035791,1.5854901701715745,1.5522100584954677,1.5854810762277327,1.5522025703541906,-9.093943841742558e-6,-7.488141277045557e-6
G3,14035793,1.2108170104736116,1.4785509950466496,1.2108162777111082,1.4785463478721128,-7.32762503341533e-7,-4.647174536742682e-6
G3,14035794,1.3494553450381293,1.4993722844755515,1.3494533412288081,1.4993669594528445,-2.0038093211383057e-6,-5.325022707003413e-6
G3,14035795,1.583924951970345,1.256441429561036,1.5839160371329892,1.2564403456833444,-8.914837355877836e-6,-1.0838776915989001e-6
G3,14035797,1.8600749726357035,1.106052090937897,1.860035408570623,1.1060513155000131,-3.9564065080544e-5,-7.754378839042175e-7
G3,14035799,2.1002464981504576,1.250004108728051,2.1001281539092145,1.2500015529418542,-0.00011834424124312903,-2.555786196678511e-6
G3,14035800,1.2143367822250801,1.3824449597555934,1.2143360584621554,1.3824425127637137,-7.237629247036637e-7,-2.446991879789806e-6
G3,14035801,1.2522512796367287,1.3869829206526625,1.2522503116823083,1.3869803922934139,-9.679544203944346e-7,-2.5283592486324835e-6
G3,14035802,1.0528019176946974,1.361580500743958,1.0528017236784524,1.361578392864565,-1.9401624506976134e-7,-2.1078793930318085e-6
G3,14035803,1.6305524932335342,1.338409413528228,1.6305407775951815,1.338407468751646,-1.1715638352782776e-5,-1.9447765819968765e-6
G3,14035804,1.790508685553665,1.0375662253312627,1.7904807983016187,1.037565741850275,-2.7887252046276956e-5,-4.834809876896884e-7
G3,14035805,1.3375401738507708,1.7191696035031394,1.3375381356887381,1.7191504285876706,-2.038162032702573e-6,-1.917491546876704e-5
G3,14035808,1.419884308769418,1.4521925483093292,1.4198811038100063,1.4521885971095156,-3.204959411640118e-6,-3.951199813556627e-6
G3,14035809,1.4053979234613985,1.619704713076893,1.4053949132686991,1.6196936904426487,-3.0101926993264527e-6,-1.1022634244239882e-5
G3,14035811,2.655989362809896,0.9263819444622702,2.6550913329396795,0.9263708313446192,-0.0008980298702163658,-1.1113117651007087e-5
G3,14035812,1.5890863924112302,1.35941115271024,1.5890771843227263,1.3594089525335065,-9.208088503909195e-6,-2.2001767334689504e-6
G3,14035813,1.5778686294096105,1.2886815852952693,1.577860026079163,1.2886802339589278,-8.603330447387592e-6,-1.3513363414929813e-6
G3,14035814,1.3192834029721994,1.2914024078592992,1.31928183392675,1.2914011255330975,-1.569045449345552e-6,-1.282326201668127e-6
G3,14035815,1.574537603212866,1.337409932708663,1.5745291612984562,1.3374080463699591,-8.441914409740292e-6,-1.8863387039047552e-6
G3,14035817,2.2078467156300374,1.0082738471684987,2.207662616088586,1.0082714585092085,-0.00018409954145148788,-2.3886592901423143e-6
G3,14035818,2.1137275029895592,1.2865840069895351,2.113602225355417,1.2865810272034488,-0.0001252776341420514,-2.9797860863212122e-6
G3,14035820,1.6241331753196466,1.3080627906532687,1.6241218893501466,1.3080612088650965,-1.1285969500063331e-5,-1.5817881722224314e-6
G3,14035821,2.108426637840757,1.1171014542425974,2.108304140605242,1.1170995575107883,-0.00012249723551471803,-1.8967318091700491e-6
G3,14035823,1.2070434132063592,1.8152221667788404,1.2070423426788797,1.815190524714134,-1.0705274795519415e-6,-3.164206470640529e-5
G3,14035824,1.7834974904972534,1.1293975204803361,1.7834705902244323,1.1293968399399694,-2.6900272821039906e-5,-6.805403667264898e-7
G3,14035826,0.8804182514725333,2.4826698704398633,0.8804122488161613,2.482161522035458,-6.002656371961734e-6,-0.0005083484044052788
G3,14035827,1.400052174713878,1.2331757996238462,1.4000494108972699,1.2331749589747982,-2.763816608242209e-6,-8.406490479284656e-7
G3,14297746,1.393985725167885,1.170305716062736,1.3939830782236304,1.1703052008925088,-2.646944254669492e-6,-5.151702271444236e-7
G3,14343735,1.21011347097578,1.4959752528521368,1.210112734944764,1.4959700588903697,-7.36031015913241e-7,-5.193961767124833e-6
G3,14501655,1.084681265915783,1.7292352537445224,1.0846807890525767,1.7292150371066628,-4.768632062557288e-7,-2.0216637859560294e-5
G3,15017622,0.9675390471659765,1.7605190054511866,0.9675386981183643,1.7604951426092885,-3.490476121470465e-7,-2.386284189803689e-5
G3,15305942,0.8193972989128426,1.8961497798452631,0.8193967841500281,1.8961026438423458,-5.14762814485259e-7,-4.7136002917280706e-5
G3,15332289,1.6105086432440465,1.163680260413458,1.6104982279161915,1.1636796723581493,-1.0415327855062273e-5,-5.880553086701212e-7
G3,15336943,1.8430329811761148,1.3264123633292597,1.8429965901859409,1.3264102207693806,-3.6390990173940096e-5,-2.142559879070305e-6
G3,15363335,1.7950543049330767,0.9982244236489844,1.7950257597620118,0.9982239865365308,-2.854517106487542e-5,-4.371124536772797e-7
G3,15366428,1.5494370139994733,1.6590438337814704,1.5494295772491211,1.659029977468532,-7.436750352196597e-6,-1.3856312938376192e-5
G3,15368752,1.4749289124232738,1.3114890138498332,1.4749243611050686,1.3114874874023543,-4.551318205203714e-6,-1.5264474788612148e-6
G3,15374710,1.598539101667947,1.0082893312677168,1.5985293959643287,1.0082891078771954,-9.705703618356765e-6,-2.2339052141440163e-7
G3,15395623,1.3395720823510557,1.6252821604417307,1.339570127344301,1.6252707939656819,-1.9550067547058347e-6,-1.1366476048824126e-5
G3,15399013,1.2925812734963111,1.7383203048406097,1.2925797114651483,1.7382990664035467,-1.5620311628605776e-6,-2.1238437063031412e-5
G3,15416466,1.799525705988319,1.4297746568327423,1.7994964479826783,1.4297708672445768,-2.925800564068659e-5,-3.7895881654925745e-6
G3,15416481,1.8328651305300647,1.2025208986013085,1.8328305529360356,1.2025198130998855,-3.457759402913929e-5,-1.0855014229704807e-6
G3,15422405,1.66435406006113,1.2595791399603744,1.664339883389398,1.259577961169243,-1.4176671731869206e-5,-1.1787911313732025e-6
G3,15456958,1.4811872152625405,1.3600930303645045,1.481182468658862,1.360090882323386,-4.746603678551509e-6,-2.1480411185326176e-6
G3,15457468,2.4094584221594797,0.6899326734107715,2.409064912255301,0.6899287094414429,-0.000393509904178746,-3.963969328557582e-6
G3,15490658,1.510640454992422,1.1351081968978167,1.510634762156504,1.1351077694299732,-5.69283591800307e-6,-4.274678435667312e-7
G3,15490775,1.1372438607264685,1.389493295411878,1.1372434656486052,1.3894907307230508,-3.9507786331327566e-7,-2.5646888270891566e-6
G3,15530801,1.4412202566274257,1.3639768060956792,1.4412165929757155,1.3639746149082819,-3.6636517102284216e-6,-2.191187397304617e-6
G3,15547533,1.2678183646219459,1.6696077153021827,1.2678171145055777,1.6695931148776813,-1.2501163682010485e-6,-1.4600424501409748e-5
G3,15588896,1.6096319356182538,1.139695108528867,1.6096215746180642,1.1396946072632375,-1.0361000189584857e-5,-5.012656294489659e-7
G3,15588927,1.2629026913283967,1.4493018531460184,1.2629016253428103,1.4492980058654468,-1.0659855864680878e-6,-3.847280571678269e-6
G3,15588942,1.5722544283219386,1.2333231160078448,1.5722461149665496,1.2333222014142409,-8.313355388978039e-6,-9.145936039622882e-7
G3,15680573,0.7755942122199146,2.2233980903424926,0.7755921252214986,2.2232022840260797,-2.0869984160842847e-6,-0.00019580631641291646
G3,15881894,1.5086312924080674,1.525116465413285,1.508625585552205,1.5251101573290053,-5.706855862319671e-6,-6.308084279593729e-6
