draw,theta_index,statistic,observed,replicated,n_steps,protocol
1,1,joint_collapse_95,0.02660300136425648,0.019781718963165076,1466,10a
1,1,joint_direction_asymmetry,-0.0006821282401091415,0.008185538881309684,1466,10a
1,1,joint_improvement_95,0.02592087312414734,0.02796725784447476,1466,10a
1,1,joint_quality_style_lower_95,0.006139154160982265,0.0047748976807639835,1466,10a
1,1,joint_quality_style_upper_95,0.004092769440654843,0.006139154160982265,1466,10a
1,1,kendall_alpha_beta,-0.6078931316903278,-0.6099772313508933,1466,10a
1,1,kendall_alpha_beta_minus_gaussian,0.004791598858335244,0.0027074991977696916,1466,10a
1,1,kendall_quality_style,0.08300918661445555,0.11005405808100799,1466,10a
1,1,kendall_quality_style_minus_gaussian,-0.01332145351891445,0.013723417947637984,1466,10a
1,1,kurtosis_alpha,0.03801759750615741,-0.1588572322055679,1466,10a
1,1,kurtosis_beta,0.15794648831356906,0.10769596902501455,1466,10a
1,1,kurtosis_quality,0.10026535698962125,-0.0793202686404344,1466,10a
1,1,kurtosis_style,-0.09693280518368397,-0.05630741116051308,1466,10a
1,1,lag1_squared_alpha,0.02243175256782225,0.0024198230968621726,1466,10a
1,1,lag1_squared_beta,0.004067448281217082,-0.0015511682506234561,1466,10a
1,1,lag1_squared_quality,0.02046390561145102,0.0064469183505669065,1466,10a
1,1,lag1_squared_style,0.032995795288671796,0.0017304388081919682,1466,10a
2,61,joint_collapse_95,0.030695770804911322,0.0286493860845839,1466,10a
2,61,joint_direction_asymmetry,-0.0013642564802182795,0.003410641200545704,1466,10a
2,61,joint_improvement_95,0.029331514324693043,0.032060027285129605,1466,10a
2,61,joint_quality_style_lower_95,0.002728512960436562,0.0006821282401091405,1466,10a
2,61,joint_quality_style_upper_95,0.002728512960436562,0.0006821282401091405,1466,10a
2,61,kendall_alpha_beta,-0.6691142576442597,-0.6868691477820357,1466,10a
2,61,kendall_alpha_beta_minus_gaussian,0.008376490924847935,-0.009378399212928046,1466,10a
2,61,kendall_quality_style,0.040217163557124125,0.012993495336850236,1466,10a
2,61,kendall_quality_style_minus_gaussian,0.012908661754506626,-0.014315006465767263,1466,10a
2,61,kurtosis_alpha,0.085585154347533,-0.09784268581766664,1466,10a
2,61,kurtosis_beta,0.14339523005016774,-0.21983873486675565,1466,10a
2,61,kurtosis_quality,0.09997540704032604,-0.17325979234381617,1466,10a
2,61,kurtosis_style,-0.007866851001702813,-0.10567081553600577,1466,10a
2,61,lag1_squared_alpha,0.006363518261038817,-0.038102689868221115,1466,10a
2,61,lag1_squared_beta,-0.01793258367981589,0.00216174537331525,1466,10a
2,61,lag1_squared_quality,-0.007864842609150364,-0.024757815600510567,1466,10a
2,61,lag1_squared_style,-0.01445142064376549,-0.030445435237593826,1466,10a
3,122,joint_collapse_95,0.023192360163710776,0.02592087312414734,1466,10a
3,122,joint_direction_asymmetry,-0.000682128240109138,-0.002046384720327421,1466,10a
3,122,joint_improvement_95,0.022510231923601638,0.023874488403819918,1466,10a
3,122,joint_quality_style_lower_95,0.0020463847203274215,0.002728512960436562,1466,10a
3,122,joint_quality_style_upper_95,0.0020463847203274215,0.0034106412005457027,1466,10a
3,122,kendall_alpha_beta,-0.5583235941872431,-0.5820607257099488,1466,10a
3,122,kendall_alpha_beta_minus_gaussian,0.003040609123429072,-0.020696522399276662,1466,10a
3,122,kendall_quality_style,0.08356792646983502,0.045988946263194386,1466,10a
3,122,kendall_quality_style_minus_gaussian,0.021316080436988606,-0.016262899769652027,1466,10a
3,122,kurtosis_alpha,-0.19717033372710002,-0.1257576824704021,1466,10a
3,122,kurtosis_beta,-0.04570598819496263,-0.09587009283824077,1466,10a
3,122,kurtosis_quality,-0.10268195885989773,-0.06344234599662091,1466,10a
3,122,kurtosis_style,-0.13947048964398956,0.05873277718854508,1466,10a
3,122,lag1_squared_alpha,0.049627734258260635,-0.016839455663625814,1466,10a
3,122,lag1_squared_beta,-0.018909636885346113,-0.01225692954760714,1466,10a
3,122,lag1_squared_quality,0.033141034046181496,-0.01276652490866421,1466,10a
3,122,lag1_squared_style,0.00847592035127253,0.024192463488897354,1466,10a
4,182,joint_collapse_95,0.03274215552523874,0.030695770804911322,1466,10a
4,182,joint_direction_asymmetry,-0.001364256480218276,0.002046384720327421,1466,10a
4,182,joint_improvement_95,0.03137789904502047,0.03274215552523874,1466,10a
4,182,joint_quality_style_lower_95,0.008867667121418827,0.007503410641200546,1466,10a
4,182,joint_quality_style_upper_95,0.006139154160982265,0.010231923601637109,1466,10a
4,182,kendall_alpha_beta,-0.6817846150980822,-0.6706265801861535,1466,10a
4,182,kendall_alpha_beta_minus_gaussian,-0.006584807935200665,0.004573226976728018,1466,10a
4,182,kendall_quality_style,0.2515754135838971,0.2212861260237744,1466,10a
4,182,kendall_quality_style_minus_gaussian,0.01671051041718677,-0.013578777142935955,1466,10a
4,182,kurtosis_alpha,0.20388382226271284,-0.05852159297056847,1466,10a
4,182,kurtosis_beta,0.13514267529088952,0.03344042784259793,1466,10a
4,182,kurtosis_quality,0.20442561184440722,-0.01296104465083392,1466,10a
4,182,kurtosis_style,0.0887097114790878,-0.22447220315143035,1466,10a
4,182,lag1_squared_alpha,0.0835059506090559,0.04013131516580008,1466,10a
4,182,lag1_squared_beta,-0.014190997495329344,0.04236060735579383,1466,10a
4,182,lag1_squared_quality,0.0350826120992636,0.04201300808483708,1466,10a
4,182,lag1_squared_style,0.006479083829382666,0.0002075736998754679,1466,10a
5,242,joint_collapse_95,0.02592087312414734,0.02660300136425648,1466,10a
5,242,joint_direction_asymmetry,0.0075034106412005495,0.002046384720327421,1466,10a
5,242,joint_improvement_95,0.03342428376534789,0.0286493860845839,1466,10a
5,242,joint_quality_style_lower_95,0.0006821282401091405,0.002728512960436562,1466,10a
5,242,joint_quality_style_upper_95,0.0006821282401091405,0.0034106412005457027,1466,10a
5,242,kendall_alpha_beta,-0.659254361662996,-0.670647067314184,1466,10a
5,242,kendall_alpha_beta_minus_gaussian,0.00935969653983193,-0.0020330091113560655,1466,10a
5,242,kendall_quality_style,-0.11516280282536129,-0.09113326411167355,1466,10a
5,242,kendall_quality_style_minus_gaussian,-0.02686565723426594,-0.002836118520578204,1466,10a
5,242,kurtosis_alpha,-0.026415888413130695,0.0200658778647389,1466,10a
5,242,kurtosis_beta,-0.13571827312424656,-0.22222453114579066,1466,10a
5,242,kurtosis_quality,-0.06249515039466713,-0.1455366837905503,1466,10a
5,242,kurtosis_style,-0.03346452164426328,0.06846898911225274,1466,10a
5,242,lag1_squared_alpha,0.0005064860551761808,0.04869593423924521,1466,10a
5,242,lag1_squared_beta,0.011508123137915808,0.0036935372410887876,1466,10a
5,242,lag1_squared_quality,0.011422717823292612,0.021902843044257117,1466,10a
5,242,lag1_squared_style,0.017606832966960615,0.057779589906856776,1466,10a
6,302,joint_collapse_95,0.029331514324693043,0.0286493860845839,1466,10a
6,302,joint_direction_asymmetry,-0.004092769440654842,-0.002046384720327421,1466,10a
6,302,joint_improvement_95,0.0252387448840382,0.02660300136425648,1466,10a
6,302,joint_quality_style_lower_95,0.001364256480218281,0.0020463847203274215,1466,10a
6,302,joint_quality_style_upper_95,0.0006821282401091405,0.0020463847203274215,1466,10a
6,302,kendall_alpha_beta,-0.6074740767987932,-0.6190455792037026,1466,10a
6,302,kendall_alpha_beta_minus_gaussian,0.013593496339660227,0.0020219939347507765,1466,10a
6,302,kendall_quality_style,-0.08362007552300388,-0.06456145905600907,1466,10a
6,302,kendall_quality_style_minus_gaussian,-0.0032249783312264108,0.015833638135768394,1466,10a
6,302,kurtosis_alpha,-0.07245298231384423,0.0724385188470884,1466,10a
6,302,kurtosis_beta,0.0761778502331456,-0.089446765293272,1466,10a
6,302,kurtosis_quality,0.014790928298356487,-0.042833388461735566,1466,10a
6,302,kurtosis_style,0.1009846503399654,0.06443685444852898,1466,10a
6,302,lag1_squared_alpha,-0.007326398956835019,0.002286185932921622,1466,10a
6,302,lag1_squared_beta,-0.015911106434676307,0.023347126630955218,1466,10a
6,302,lag1_squared_quality,-0.007075871597902943,0.025050451565513034,1466,10a
6,302,lag1_squared_style,0.006210324676521784,-0.016073321548285363,1466,10a
7,363,joint_collapse_95,0.02660300136425648,0.02796725784447476,1466,10a
7,363,joint_direction_asymmetry,0.0013642564802182795,0.0020463847203274245,1466,10a
7,363,joint_improvement_95,0.02796725784447476,0.030013642564802184,1466,10a
7,363,joint_quality_style_lower_95,0.0,0.0006821282401091405,1466,10a
7,363,joint_quality_style_upper_95,0.0,0.001364256480218281,1466,10a
7,363,kendall_alpha_beta,-0.6293226676103163,-0.6384543393134019,1466,10a
7,363,kendall_alpha_beta_minus_gaussian,0.002464155976295679,-0.006667515726789919,1466,10a
7,363,kendall_quality_style,-0.15471972212004537,-0.15818204675721348,1466,10a
7,363,kendall_quality_style_minus_gaussian,0.011887380670092651,0.008425056032924538,1466,10a
7,363,kurtosis_alpha,-0.16428427798243606,0.05335460433106176,1466,10a
7,363,kurtosis_beta,-0.0063074315885325305,0.2246172903355772,1466,10a
7,363,kurtosis_quality,-0.04742533964160911,0.14270223111822178,1466,10a
7,363,kurtosis_style,0.052409615668538745,-0.0454984426712457,1466,10a
7,363,lag1_squared_alpha,-0.013444224073170563,-0.02221660634851218,1466,10a
7,363,lag1_squared_beta,-0.006212084135241618,-0.011011007802528446,1466,10a
7,363,lag1_squared_quality,-0.0036302036683422013,-0.004521293930201647,1466,10a
7,363,lag1_squared_style,-0.037121368428015014,-0.01469703861023421,1466,10a
8,423,joint_collapse_95,0.0286493860845839,0.02592087312414734,1466,10a
8,423,joint_direction_asymmetry,0.0006821282401091415,0.001364256480218283,1466,10a
8,423,joint_improvement_95,0.029331514324693043,0.027285129604365622,1466,10a
8,423,joint_quality_style_lower_95,0.0,0.0,1466,10a
8,423,joint_quality_style_upper_95,0.0,0.0,1466,10a
8,423,kendall_alpha_beta,-0.6406539118774124,-0.6546522077208536,1466,10a
8,423,kendall_alpha_beta_minus_gaussian,0.005691557484696963,-0.008306738358744292,1466,10a
8,423,kendall_quality_style,-0.22457710377195972,-0.21513626268223063,1466,10a
8,423,kendall_quality_style_minus_gaussian,-0.015819989719466077,-0.006379148629736986,1466,10a
8,423,kurtosis_alpha,0.10605064293718369,-0.201633999175717,1466,10a
8,423,kurtosis_beta,0.11282093599389942,-0.14231746109330734,1466,10a
8,423,kurtosis_quality,0.15626257753886108,-0.17169866726987326,1466,10a
8,423,kurtosis_style,-0.17526050550650663,-0.30000647212226994,1466,10a
8,423,lag1_squared_alpha,0.03531031466199921,0.014670277116832888,1466,10a
8,423,lag1_squared_beta,0.0311569319462862,0.029994267865064084,1466,10a
8,423,lag1_squared_quality,0.04258970010057983,0.03432334712914879,1466,10a
8,423,lag1_squared_style,0.010030113004681129,-0.006164873266689392,1466,10a
9,483,joint_collapse_95,0.013642564802182811,0.02660300136425648,1466,10a
9,483,joint_direction_asymmetry,0.012278308321964528,-0.0027285129604365625,1466,10a
9,483,joint_improvement_95,0.02592087312414734,0.023874488403819918,1466,10a
9,483,joint_quality_style_lower_95,0.0034106412005457027,0.0034106412005457027,1466,10a
9,483,joint_quality_style_upper_95,0.001364256480218281,0.002728512960436562,1466,10a
9,483,kendall_alpha_beta,-0.5285762842868384,-0.5485363343871787,1466,10a
9,483,kendall_alpha_beta_minus_gaussian,0.008650826542504375,-0.011309223557835923,1466,10a
9,483,kendall_quality_style,-0.022773305272176136,-0.017109545604812704,1466,10a
9,483,kendall_quality_style_minus_gaussian,-0.010225533157903808,-0.0045617734905403756,1466,10a
9,483,kurtosis_alpha,0.10332017089216361,0.1442471384688253,1466,10a
9,483,kurtosis_beta,0.1741824250935955,0.023159093373994022,1466,10a
9,483,kurtosis_quality,0.14860927982894268,0.09844714984628089,1466,10a
9,483,kurtosis_style,-0.17592374149634216,-0.14754603041037573,1466,10a
9,483,lag1_squared_alpha,-0.01893422187246547,0.0214530057517094,1466,10a
9,483,lag1_squared_beta,-0.0012166357443157561,-0.06279065525357098,1466,10a
9,483,lag1_squared_quality,-0.008121847905802537,-0.027033719672871496,1466,10a
9,483,lag1_squared_style,-0.029758817895757943,0.03640172011613753,1466,10a
10,544,joint_collapse_95,0.02660300136425648,0.030013642564802184,1466,10a
10,544,joint_direction_asymmetry,-0.0013642564802182795,-0.005457025920873125,1466,10a
10,544,joint_improvement_95,0.0252387448840382,0.02455661664392906,1466,10a
10,544,joint_quality_style_lower_95,0.0020463847203274215,0.0034106412005457027,1466,10a
10,544,joint_quality_style_upper_95,0.0020463847203274215,0.001364256480218281,1466,10a
10,544,kendall_alpha_beta,-0.6121153425308121,-0.6276613477736546,1466,10a
10,544,kendall_alpha_beta_minus_gaussian,0.016160259115817865,0.0006142538729754232,1466,10a
10,544,kendall_quality_style,0.01974679772220389,-0.011840628768583938,1466,10a
10,544,kendall_quality_style_minus_gaussian,0.03223901341147196,0.000651586920684127,1466,10a
10,544,kurtosis_alpha,0.1901066966167364,-0.0622848796865787,1466,10a
10,544,kurtosis_beta,0.30977821717712617,0.09154875468811685,1466,10a
10,544,kurtosis_quality,0.30789278199043135,0.03282362999871857,1466,10a
10,544,kurtosis_style,0.25078842268642054,0.11861688470403786,1466,10a
10,544,lag1_squared_alpha,0.04056743495976828,-0.02728939500345662,1466,10a
10,544,lag1_squared_beta,0.06576013757977882,-0.0028046254623942755,1466,10a
10,544,lag1_squared_quality,0.06510982569233827,-0.026515247124800738,1466,10a
10,544,lag1_squared_style,0.007414262128022259,-0.01407717264941018,1466,10a
11,604,joint_collapse_95,0.0286493860845839,0.0252387448840382,1466,10a
11,604,joint_direction_asymmetry,-0.005457025920873125,-0.0006821282401091415,1466,10a
11,604,joint_improvement_95,0.023192360163710776,0.02455661664392906,1466,10a
11,604,joint_quality_style_lower_95,0.0047748976807639835,0.002728512960436562,1466,10a
11,604,joint_quality_style_upper_95,0.0034106412005457027,0.0047748976807639835,1466,10a
11,604,kendall_alpha_beta,-0.5874507028481764,-0.5991712025478537,1466,10a
11,604,kendall_alpha_beta_minus_gaussian,-7.769435799276359e-6,-0.011728269135476643,1466,10a
11,604,kendall_quality_style,0.08033654763955689,0.0761478611903953,1466,10a
11,604,kendall_quality_style_minus_gaussian,-0.01574627574426793,-0.019934962193429523,1466,10a
11,604,kurtosis_alpha,0.14604111279020104,0.06987499406338404,1466,10a
11,604,kurtosis_beta,0.05460731154625931,-0.0355018909642677,1466,10a
11,604,kurtosis_quality,0.17029706172617676,0.054436498945898304,1466,10a
11,604,kurtosis_style,-0.07751811963672717,-0.18736679310091953,1466,10a
11,604,lag1_squared_alpha,0.07913837992321676,-0.010802920573146916,1466,10a
11,604,lag1_squared_beta,0.05158027826517741,-0.03371442544542968,1466,10a
11,604,lag1_squared_quality,0.07616337008566434,-0.031002757285382123,1466,10a
11,604,lag1_squared_style,0.004170022799531444,-0.000447317921847842,1466,10a
12,664,joint_collapse_95,0.023874488403819918,0.02455661664392906,1466,10a
12,664,joint_direction_asymmetry,0.005457025920873125,0.0047748976807639835,1466,10a
12,664,joint_improvement_95,0.029331514324693043,0.029331514324693043,1466,10a
12,664,joint_quality_style_lower_95,0.004092769440654843,0.005457025920873124,1466,10a
12,664,joint_quality_style_upper_95,0.0047748976807639835,0.002728512960436562,1466,10a
12,664,kendall_alpha_beta,-0.5883968356699523,-0.5844837942161112,1466,10a
12,664,kendall_alpha_beta_minus_gaussian,0.005751188342657976,0.009664229796499058,1466,10a
12,664,kendall_quality_style,0.10698657627497454,0.11528200066117544,1466,10a
12,664,kendall_quality_style_minus_gaussian,0.01132172791676371,0.01961715230296461,1466,10a
12,664,kurtosis_alpha,0.1357330920079156,0.021023615328096046,1466,10a
12,664,kurtosis_beta,0.20944057255836146,0.06774396040633146,1466,10a
12,664,kurtosis_quality,0.21320597366821792,0.06603836716485079,1466,10a
12,664,kurtosis_style,-0.09879364307701444,0.040567829832657054,1466,10a
12,664,lag1_squared_alpha,0.0833012049844767,-0.0030138977965745895,1466,10a
12,664,lag1_squared_beta,0.056424356561095006,-0.028001421021759166,1466,10a
12,664,lag1_squared_quality,0.09546027538385939,-0.019716511859207607,1466,10a
12,664,lag1_squared_style,0.03233399774294233,0.0031081863138857613,1466,10a
13,725,joint_collapse_95,0.029331514324693043,0.032060027285129605,1466,10a
13,725,joint_direction_asymmetry,0.0013642564802182795,-0.006821282401091405,1466,10a
13,725,joint_improvement_95,0.030695770804911322,0.0252387448840382,1466,10a
13,725,joint_quality_style_lower_95,0.002728512960436562,0.0006821282401091405,1466,10a
13,725,joint_quality_style_upper_95,0.001364256480218281,0.004092769440654843,1466,10a
13,725,kendall_alpha_beta,-0.6812351875736256,-0.6757893364498602,1466,10a
13,725,kendall_alpha_beta_minus_gaussian,-0.006812021427919257,-0.0013661703041538686,1466,10a
13,725,kendall_quality_style,-0.08166448602917553,-0.05213694713855355,1466,10a
13,725,kendall_quality_style_minus_gaussian,-0.02555854265904379,0.0039689962315781965,1466,10a
13,725,kurtosis_alpha,0.14323821018438343,0.01961492434514911,1466,10a
13,725,kurtosis_beta,-0.18592923870935607,-0.031154578100439867,1466,10a
13,725,kurtosis_quality,-0.04262888841141166,-0.04480670483157878,1466,10a
13,725,kurtosis_style,-0.2238580382925015,0.04868541446365793,1466,10a
13,725,lag1_squared_alpha,-0.007520415952966235,-0.0237244044719485,1466,10a
13,725,lag1_squared_beta,-0.00879788577331198,-0.012408878409438058,1466,10a
13,725,lag1_squared_quality,-0.0062328079358993805,-0.013971493075166805,1466,10a
13,725,lag1_squared_style,0.009693160272423115,-0.0319325219623755,1466,10a
14,785,joint_collapse_95,0.0252387448840382,0.027285129604365622,1466,10a
14,785,joint_direction_asymmetry,0.002046384720327421,-0.001364256480218283,1466,10a
14,785,joint_improvement_95,0.027285129604365622,0.02592087312414734,1466,10a
14,785,joint_quality_style_lower_95,0.006139154160982265,0.0047748976807639835,1466,10a
14,785,joint_quality_style_upper_95,0.0034106412005457027,0.0034106412005457027,1466,10a
14,785,kendall_alpha_beta,-0.6170769524465822,-0.62193240178983,1466,10a
14,785,kendall_alpha_beta_minus_gaussian,0.005483485434837232,0.0006280360915894567,1466,10a
14,785,kendall_quality_style,0.11274904665012175,0.07488324665105295,1466,10a
14,785,kendall_quality_style_minus_gaussian,0.010381226157452836,-0.02748457384161597,1466,10a
14,785,kurtosis_alpha,0.05370718248674633,0.004170688384208976,1466,10a
14,785,kurtosis_beta,-0.0003895398688258389,0.2325752549060076,1466,10a
14,785,kurtosis_quality,0.05548227355238522,0.13860871274691444,1466,10a
14,785,kurtosis_style,0.31366271216920527,-0.06916425669484427,1466,10a
14,785,lag1_squared_alpha,-0.015737021034348892,0.04724309012680966,1466,10a
14,785,lag1_squared_beta,-0.01789307512238781,0.02058253864166972,1466,10a
14,785,lag1_squared_quality,-0.0065755253932653504,0.034099167373422126,1466,10a
14,785,lag1_squared_style,0.005955815782768477,-0.02654153637406616,1466,10a
15,845,joint_collapse_95,0.030013642564802184,0.032060027285129605,1466,10a
15,845,joint_direction_asymmetry,-0.0061391541609822665,-0.006821282401091405,1466,10a
15,845,joint_improvement_95,0.023874488403819918,0.0252387448840382,1466,10a
15,845,joint_quality_style_lower_95,0.0034106412005457027,0.0034106412005457027,1466,10a
15,845,joint_quality_style_upper_95,0.0034106412005457027,0.0020463847203274215,1466,10a
15,845,kendall_alpha_beta,-0.6409872933244556,-0.6306953051883653,1466,10a
15,845,kendall_alpha_beta_minus_gaussian,-0.008972625409786716,0.001319362726303619,1466,10a
15,845,kendall_quality_style,0.048911155706829246,0.06794556011342423,1466,10a
15,845,kendall_quality_style_minus_gaussian,-0.003366967056397052,0.015667437350197932,1466,10a
15,845,kurtosis_alpha,0.060883665534524845,-0.05997586726362236,1466,10a
15,845,kurtosis_beta,-0.07415651921955435,-0.13553940127959985,1466,10a
15,845,kurtosis_quality,0.011284425884545701,-0.06889979945617508,1466,10a
15,845,kurtosis_style,-0.0839183696504433,-0.04003901259595466,1466,10a
15,845,lag1_squared_alpha,0.008916433648413375,-0.032384069460983704,1466,10a
15,845,lag1_squared_beta,0.002986049410660883,-0.0475538048824085,1466,10a
15,845,lag1_squared_quality,0.0054674165596764485,-0.046570648013302185,1466,10a
15,845,lag1_squared_style,-0.03620316510444759,0.0002165190442364562,1466,10a
16,905,joint_collapse_95,0.027285129604365622,0.030695770804911322,1466,10a
16,905,joint_direction_asymmetry,0.000682128240109138,-0.000682128240109138,1466,10a
16,905,joint_improvement_95,0.02796725784447476,0.030013642564802184,1466,10a
16,905,joint_quality_style_lower_95,0.0034106412005457027,0.002728512960436562,1466,10a
16,905,joint_quality_style_upper_95,0.005457025920873124,0.0006821282401091405,1466,10a
16,905,kendall_alpha_beta,-0.6189561808268418,-0.6428795589680074,1466,10a
16,905,kendall_alpha_beta_minus_gaussian,0.009144702450316622,-0.014778675690849008,1466,10a
16,905,kendall_quality_style,0.031860277786831426,0.023970871028872853,1466,10a
16,905,kendall_quality_style_minus_gaussian,-0.0017960554931497966,-0.009685462251108369,1466,10a
16,905,kurtosis_alpha,0.19123218655787122,0.0646966281332606,1466,10a
16,905,kurtosis_beta,0.42321591427301364,0.27065300995003394,1466,10a
16,905,kurtosis_quality,0.35148132059928816,0.21189873234316003,1466,10a
16,905,kurtosis_style,0.26861554358869943,-0.04513218707968614,1466,10a
16,905,lag1_squared_alpha,-0.009839141884923424,-0.005259213031384546,1466,10a
16,905,lag1_squared_beta,0.004974962376635377,0.015203072751761009,1466,10a
16,905,lag1_squared_quality,-0.0001313824025110034,0.005934785867911622,1466,10a
16,905,lag1_squared_style,0.028768484584981085,-0.005397976278751082,1466,10a
17,966,joint_collapse_95,0.0286493860845839,0.029331514324693043,1466,10a
17,966,joint_direction_asymmetry,-0.004092769440654842,0.0006821282401091415,1466,10a
17,966,joint_improvement_95,0.02455661664392906,0.030013642564802184,1466,10a
17,966,joint_quality_style_lower_95,0.005457025920873124,0.008185538881309686,1466,10a
17,966,joint_quality_style_upper_95,0.006139154160982265,0.0047748976807639835,1466,10a
17,966,kendall_alpha_beta,-0.6391658013959185,-0.6380166597600212,1466,10a
17,966,kendall_alpha_beta_minus_gaussian,-0.006114033696875465,-0.0049648920609781655,1466,10a
17,966,kendall_quality_style,0.15649465239396743,0.09220045723544834,1466,10a
17,966,kendall_quality_style_minus_gaussian,0.01523438813819225,-0.049059807020326834,1466,10a
17,966,kurtosis_alpha,-0.12594413245252145,0.05774960543359153,1466,10a
17,966,kurtosis_beta,0.15640149692876193,0.016639087298398803,1466,10a
17,966,kurtosis_quality,-0.013128766509036272,-0.01918792611698228,1466,10a
17,966,kurtosis_style,-0.131728346006037,-0.1004958342250366,1466,10a
17,966,lag1_squared_alpha,0.0052130512477596425,-0.019597710154887763,1466,10a
17,966,lag1_squared_beta,0.036348392915823396,-0.015795987538259854,1466,10a
17,966,lag1_squared_quality,0.01811044411613605,-0.015106669926294275,1466,10a
17,966,lag1_squared_style,0.03158897784884771,0.00018698863654829218,1466,10a
18,1026,joint_collapse_95,0.021828103683492497,0.027285129604365622,1466,10a
18,1026,joint_direction_asymmetry,0.004092769440654842,-0.0006821282401091415,1466,10a
18,1026,joint_improvement_95,0.02592087312414734,0.02660300136425648,1466,10a
18,1026,joint_quality_style_lower_95,0.0,0.001364256480218281,1466,10a
18,1026,joint_quality_style_upper_95,0.001364256480218281,0.001364256480218281,1466,10a
18,1026,kendall_alpha_beta,-0.5881360904041086,-0.5821855109443168,1466,10a
18,1026,kendall_alpha_beta_minus_gaussian,-0.0027351598219399476,0.0032154196378518796,1466,10a
18,1026,kendall_quality_style,-0.11219775665948073,-0.14166383416601103,1466,10a
18,1026,kendall_quality_style_minus_gaussian,-0.02731143537070059,-0.05677751287723089,1466,10a
18,1026,kurtosis_alpha,0.06250859922826058,0.0671991362912121,1466,10a
18,1026,kurtosis_beta,0.11298762992671652,-0.01432213064268062,1466,10a
18,1026,kurtosis_quality,0.11533983142642379,0.024784052450527394,1466,10a
18,1026,kurtosis_style,-0.09408810975042892,0.253976741288922,1466,10a
18,1026,lag1_squared_alpha,-0.006877155071899568,0.004482143356488679,1466,10a
18,1026,lag1_squared_beta,0.0007179791369822004,-0.00693223159748889,1466,10a
18,1026,lag1_squared_quality,-0.0016962507776659465,0.0014984033632507426,1466,10a
18,1026,lag1_squared_style,-0.04002055042594305,-0.02397650117735442,1466,10a
19,1086,joint_collapse_95,0.0286493860845839,0.027285129604365622,1466,10a
19,1086,joint_direction_asymmetry,-0.008867667121418826,-0.0027285129604365625,1466,10a
19,1086,joint_improvement_95,0.019781718963165076,0.02455661664392906,1466,10a
19,1086,joint_quality_style_lower_95,0.001364256480218281,0.0034106412005457027,1466,10a
19,1086,joint_quality_style_upper_95,0.0020463847203274215,0.002728512960436562,1466,10a
19,1086,kendall_alpha_beta,-0.5852082935619201,-0.5930548635976327,1466,10a
19,1086,kendall_alpha_beta_minus_gaussian,-0.0060162111266381935,-0.013862781162350846,1466,10a
19,1086,kendall_quality_style,-0.01141598647849551,-0.05226545730529075,1466,10a
19,1086,kendall_quality_style_minus_gaussian,0.012573609435497391,-0.02827586139129785,1466,10a
19,1086,kurtosis_alpha,0.10860732158949826,0.2732796798271604,1466,10a
19,1086,kurtosis_beta,0.13626653964049718,-0.0957877933988982,1466,10a
19,1086,kurtosis_quality,0.12532664492103507,0.01983131228795676,1466,10a
19,1086,kurtosis_style,-0.05686701722592069,-0.07077360559047108,1466,10a
19,1086,lag1_squared_alpha,0.08539457428812612,-0.005739993617016449,1466,10a
19,1086,lag1_squared_beta,0.05136457882673193,0.004607237094042218,1466,10a
19,1086,lag1_squared_quality,0.08633871603292956,-0.0022198188849725763,1466,10a
19,1086,lag1_squared_style,-0.01221408729786497,-0.005438651374712564,1466,10a
20,1147,joint_collapse_95,0.02660300136425648,0.029331514324693043,1466,10a
20,1147,joint_direction_asymmetry,0.0,-0.002046384720327421,1466,10a
20,1147,joint_improvement_95,0.02660300136425648,0.027285129604365622,1466,10a
20,1147,joint_quality_style_lower_95,0.0006821282401091405,0.001364256480218281,1466,10a
20,1147,joint_quality_style_upper_95,0.001364256480218281,0.0,1466,10a
20,1147,kendall_alpha_beta,-0.6087051669468126,-0.6043972826618367,1466,10a
20,1147,kendall_alpha_beta_minus_gaussian,-0.005015218096381502,-0.0007073338114055305,1466,10a
20,1147,kendall_quality_style,-0.09001950933328362,-0.09215948297938725,1466,10a
20,1147,kendall_quality_style_minus_gaussian,-0.007682844656367441,-0.009822818302471073,1466,10a
20,1147,kurtosis_alpha,0.00043946129992367133,-0.04967147834936503,1466,10a
20,1147,kurtosis_beta,0.027527492395456044,0.09854445485962238,1466,10a
20,1147,kurtosis_quality,0.03168244388389052,0.02600419741846771,1466,10a
20,1147,kurtosis_style,-0.08224113176818726,-0.07069279003218432,1466,10a
20,1147,lag1_squared_alpha,0.07043592952373119,0.026810687493919825,1466,10a
20,1147,lag1_squared_beta,0.011286677726409178,-0.01747615150402789,1466,10a
20,1147,lag1_squared_quality,0.042994058151697434,0.01820490117795298,1466,10a
20,1147,lag1_squared_style,-0.029484996222711408,0.012275110371959995,1466,10a
21,1207,joint_collapse_95,0.0252387448840382,0.0252387448840382,1466,10a
21,1207,joint_direction_asymmetry,0.0013642564802182795,0.0,1466,10a
21,1207,joint_improvement_95,0.02660300136425648,0.0252387448840382,1466,10a
21,1207,joint_quality_style_lower_95,0.004092769440654843,0.002728512960436562,1466,10a
21,1207,joint_quality_style_upper_95,0.002728512960436562,0.001364256480218281,1466,10a
21,1207,kendall_alpha_beta,-0.5997429796665255,-0.6027527250208364,1466,10a
21,1207,kendall_alpha_beta_minus_gaussian,-0.004134265937389636,-0.007144011291700614,1466,10a
21,1207,kendall_quality_style,-0.022028318798336777,-0.03725025492505907,1466,10a
21,1207,kendall_quality_style_minus_gaussian,0.004097682202557969,-0.011124253924164322,1466,10a
21,1207,kurtosis_alpha,0.08087815575833135,0.20790053215516613,1466,10a
21,1207,kurtosis_beta,0.17341679507798835,0.03448531556754775,1466,10a
21,1207,kurtosis_quality,0.10939656652807006,0.11667169246075915,1466,10a
21,1207,kurtosis_style,0.19470793135136155,-0.016797600629522513,1466,10a
21,1207,lag1_squared_alpha,0.04603195675890952,0.03116066640121686,1466,10a
21,1207,lag1_squared_beta,0.010573557469441946,-0.018326067967260527,1466,10a
21,1207,lag1_squared_quality,0.030314153660155083,0.00035662526734168287,1466,10a
21,1207,lag1_squared_style,-0.044628921812715654,0.0005536133325314264,1466,10a
22,1267,joint_collapse_95,0.029331514324693043,0.0252387448840382,1466,10a
22,1267,joint_direction_asymmetry,-0.004092769440654842,0.000682128240109138,1466,10a
22,1267,joint_improvement_95,0.0252387448840382,0.02592087312414734,1466,10a
22,1267,joint_quality_style_lower_95,0.004092769440654843,0.002728512960436562,1466,10a
22,1267,joint_quality_style_upper_95,0.002728512960436562,0.0020463847203274215,1466,10a
22,1267,kendall_alpha_beta,-0.6551234116655569,-0.6620443360075243,1466,10a
22,1267,kendall_alpha_beta_minus_gaussian,0.013618890657005056,0.006697966315037607,1466,10a
22,1267,kendall_quality_style,-0.06217563987353847,-0.03144308536148133,1466,10a
22,1267,kendall_quality_style_minus_gaussian,0.009964960901244713,0.040697515413301855,1466,10a
22,1267,kurtosis_alpha,0.23305101537541395,-0.12804578225347774,1466,10a
22,1267,kurtosis_beta,-0.036520327428060106,0.025264909416143677,1466,10a
22,1267,kurtosis_quality,0.05794713556780051,-0.04208400573479354,1466,10a
22,1267,kurtosis_style,-0.03736064667679617,0.27800379764314265,1466,10a
22,1267,lag1_squared_alpha,0.05037678934319279,0.004725413237586449,1466,10a
22,1267,lag1_squared_beta,0.054695612765244324,0.014285672719310256,1466,10a
22,1267,lag1_squared_quality,0.059359112028577646,0.008949895202522665,1466,10a
22,1267,lag1_squared_style,-0.02441054551565831,0.032260349918367286,1466,10a
23,1328,joint_collapse_95,0.030013642564802184,0.020463847203274217,1466,10a
23,1328,joint_direction_asymmetry,-0.007503410641200546,-0.0006821282401091415,1466,10a
23,1328,joint_improvement_95,0.022510231923601638,0.019781718963165076,1466,10a
23,1328,joint_quality_style_lower_95,0.001364256480218281,0.002728512960436562,1466,10a
23,1328,joint_quality_style_upper_95,0.0047748976807639835,0.0020463847203274215,1466,10a
23,1328,kendall_alpha_beta,-0.5590909302552975,-0.5434033775824259,1466,10a
23,1328,kendall_alpha_beta_minus_gaussian,-0.006493729341953469,0.009193823330918227,1466,10a
23,1328,kendall_quality_style,-0.0004870349072725322,0.009333749284114568,1466,10a
23,1328,kendall_quality_style_minus_gaussian,0.00877353814538099,0.01859432233676809,1466,10a
23,1328,kurtosis_alpha,0.13436831422547257,0.003026827379316366,1466,10a
23,1328,kurtosis_beta,0.24786603491864811,-0.005256632380267856,1466,10a
23,1328,kurtosis_quality,0.22844009549259203,0.016967294674924638,1466,10a
23,1328,kurtosis_style,0.01735731465404111,-0.018855567789863414,1466,10a
23,1328,lag1_squared_alpha,0.03392733308817331,-0.02920132207067617,1466,10a
23,1328,lag1_squared_beta,0.036947498861543464,0.007389316126778469,1466,10a
23,1328,lag1_squared_quality,0.041804396661639175,-0.010741288231331591,1466,10a
23,1328,lag1_squared_style,0.07038047929008127,-0.010909860619337719,1466,10a
24,1388,joint_collapse_95,0.0252387448840382,0.02660300136425648,1466,10a
24,1388,joint_direction_asymmetry,0.0034106412005457006,0.0006821282401091415,1466,10a
24,1388,joint_improvement_95,0.0286493860845839,0.027285129604365622,1466,10a
24,1388,joint_quality_style_lower_95,0.0006821282401091405,0.0006821282401091405,1466,10a
24,1388,joint_quality_style_upper_95,0.0006821282401091405,0.0,1466,10a
24,1388,kendall_alpha_beta,-0.6072114690667647,-0.606807313904707,1466,10a
24,1388,kendall_alpha_beta_minus_gaussian,0.006625477459929363,0.007029632621987081,1466,10a
24,1388,kendall_quality_style,-0.16566916081929883,-0.17120068538755584,1466,10a
24,1388,kendall_quality_style_minus_gaussian,-0.0025252584575089776,-0.008056783025765984,1466,10a
24,1388,kurtosis_alpha,0.25752420178511404,0.2344831728015775,1466,10a
24,1388,kurtosis_beta,-0.14685017216273932,-0.059559513299834776,1466,10a
24,1388,kurtosis_quality,0.05313142596952014,0.09620707757675939,1466,10a
24,1388,kurtosis_style,-0.08434026061181132,0.15887808280385407,1466,10a
24,1388,lag1_squared_alpha,0.004644718608279565,0.013757473903963816,1466,10a
24,1388,lag1_squared_beta,-0.01828595539896603,-0.015107869732764524,1466,10a
24,1388,lag1_squared_quality,-0.008205756664842901,-0.012691691593238108,1466,10a
24,1388,lag1_squared_style,-0.022834143332954703,-0.03185085782706449,1466,10a
25,1448,joint_collapse_95,0.03137789904502047,0.02796725784447476,1466,10a
25,1448,joint_direction_asymmetry,-0.0040927694406548455,-0.000682128240109138,1466,10a
25,1448,joint_improvement_95,0.027285129604365622,0.027285129604365622,1466,10a
25,1448,joint_quality_style_lower_95,0.005457025920873124,0.0034106412005457027,1466,10a
25,1448,joint_quality_style_upper_95,0.0020463847203274215,0.002728512960436562,1466,10a
25,1448,kendall_alpha_beta,-0.6456639459139819,-0.6315445897685421,1466,10a
25,1448,kendall_alpha_beta_minus_gaussian,-0.00570479375928179,0.008414562386158009,1466,10a
25,1448,kendall_quality_style,0.09636493162421023,0.08499271310105272,1466,10a
25,1448,kendall_quality_style_minus_gaussian,0.026819139615016724,0.015446921091859217,1466,10a
25,1448,kurtosis_alpha,-0.06354728414972977,0.03249335058075342,1466,10a
25,1448,kurtosis_beta,-0.0915686742185402,0.14393929039558717,1466,10a
25,1448,kurtosis_quality,-0.0625760018844046,0.10801345322211908,1466,10a
25,1448,kurtosis_style,-0.020570578995600552,-0.047256303047091386,1466,10a
25,1448,lag1_squared_alpha,-0.014733169496128417,-0.022939655097806287,1466,10a
25,1448,lag1_squared_beta,-0.030332721853530448,0.00528125016319095,1466,10a
25,1448,lag1_squared_quality,-0.014437926306575264,-0.012881866843159452,1466,10a
25,1448,lag1_squared_style,-0.010994198661780372,0.010587868718991362,1466,10a
26,1508,joint_collapse_95,0.02660300136425648,0.0286493860845839,1466,10a
26,1508,joint_direction_asymmetry,-0.0006821282401091415,-0.0013642564802182795,1466,10a
26,1508,joint_improvement_95,0.02592087312414734,0.027285129604365622,1466,10a
26,1508,joint_quality_style_lower_95,0.008867667121418827,0.0068212824010914054,1466,10a
26,1508,joint_quality_style_upper_95,0.004092769440654843,0.004092769440654843,1466,10a
26,1508,kendall_alpha_beta,-0.6337963113857215,-0.631136709674115,1466,10a
26,1508,kendall_alpha_beta_minus_gaussian,-0.00730520133436241,-0.004645599622755903,1466,10a
26,1508,kendall_quality_style,0.17460713603918632,0.20574012078093207,1466,10a
26,1508,kendall_quality_style_minus_gaussian,-0.025371448174949074,0.005761536566796677,1466,10a
26,1508,kurtosis_alpha,0.060186035931091286,-0.173899926256897,1466,10a
26,1508,kurtosis_beta,0.044724528547100295,-0.013542922781692557,1466,10a
26,1508,kurtosis_quality,0.044453445925067836,-0.1042581162024594,1466,10a
26,1508,kurtosis_style,-0.1954078354383424,-0.21848220315193156,1466,10a
26,1508,lag1_squared_alpha,0.00517481480131086,0.013823249663134408,1466,10a
26,1508,lag1_squared_beta,0.03145597474216401,-0.04439058974475266,1466,10a
26,1508,lag1_squared_quality,0.01910944054029478,-0.007386777643946308,1466,10a
26,1508,lag1_squared_style,0.044797271147848476,0.01064484150344824,1466,10a
27,1569,joint_collapse_95,0.023874488403819918,0.0286493860845839,1466,10a
27,1569,joint_direction_asymmetry,-0.0034106412005457006,-0.0013642564802182795,1466,10a
27,1569,joint_improvement_95,0.020463847203274217,0.027285129604365622,1466,10a
27,1569,joint_quality_style_lower_95,0.002728512960436562,0.001364256480218281,1466,10a
27,1569,joint_quality_style_upper_95,0.0020463847203274215,0.0020463847203274215,1466,10a
27,1569,kendall_alpha_beta,-0.6188928569765655,-0.6309635003189473,1466,10a
27,1569,kendall_alpha_beta_minus_gaussian,-0.004201475393786236,-0.016272118736168073,1466,10a
27,1569,kendall_quality_style,0.013075443848972634,0.01540352657972055,1466,10a
27,1569,kendall_quality_style_minus_gaussian,0.0022552048735414738,0.0045832876042893895,1466,10a
27,1569,kurtosis_alpha,0.07410238266388358,-0.10879232121593585,1466,10a
27,1569,kurtosis_beta,0.044690669111424164,-0.1132718876297023,1466,10a
27,1569,kurtosis_quality,0.049987637793171835,-0.09038318475593465,1466,10a
27,1569,kurtosis_style,0.11848561480967534,-0.04160524053958037,1466,10a
27,1569,lag1_squared_alpha,0.11555298540647069,-0.0029722479907693137,1466,10a
27,1569,lag1_squared_beta,0.06670462673712736,-0.009457669885162886,1466,10a
27,1569,lag1_squared_quality,0.0982594975106991,-0.0014175492751671791,1466,10a
27,1569,lag1_squared_style,0.038577096492986296,0.02815419593090898,1466,10a
28,1629,joint_collapse_95,0.03274215552523874,0.030013642564802184,1466,10a
28,1629,joint_direction_asymmetry,-0.0034106412005457006,0.000682128240109138,1466,10a
28,1629,joint_improvement_95,0.029331514324693043,0.030695770804911322,1466,10a
28,1629,joint_quality_style_lower_95,0.002728512960436562,0.001364256480218281,1466,10a
28,1629,joint_quality_style_upper_95,0.0020463847203274215,0.0006821282401091405,1466,10a
28,1629,kendall_alpha_beta,-0.6766609706242521,-0.6981892172520243,1466,10a
28,1629,kendall_alpha_beta_minus_gaussian,0.01305043772844483,-0.008477808899327366,1466,10a
28,1629,kendall_quality_style,-0.05497907053625051,-0.07301891800027005,1466,10a
28,1629,kendall_quality_style_minus_gaussian,-0.002361003981440221,-0.020400851445459764,1466,10a
28,1629,kurtosis_alpha,0.20358759375252422,-0.10983969306843999,1466,10a
28,1629,kurtosis_beta,-0.017088670576673515,-0.2341767616787389,1466,10a
28,1629,kurtosis_quality,0.10132369043147404,-0.2026893958611793,1466,10a
28,1629,kurtosis_style,-0.14033971009565605,0.035870886397375124,1466,10a
28,1629,lag1_squared_alpha,0.03402858072584627,0.007497740910340313,1466,10a
28,1629,lag1_squared_beta,0.04317350799419927,0.03094839273744456,1466,10a
28,1629,lag1_squared_quality,0.03962336898352071,0.024090731022486298,1466,10a
28,1629,lag1_squared_style,0.014215459403663588,-0.006176252447530159,1466,10a
29,1689,joint_collapse_95,0.027285129604365622,0.019099590723055934,1466,10a
29,1689,joint_direction_asymmetry,0.0013642564802182795,0.006821282401091405,1466,10a
29,1689,joint_improvement_95,0.0286493860845839,0.02592087312414734,1466,10a
29,1689,joint_quality_style_lower_95,0.001364256480218281,0.001364256480218281,1466,10a
29,1689,joint_quality_style_upper_95,0.006139154160982265,0.0006821282401091405,1466,10a
29,1689,kendall_alpha_beta,-0.6093831046380065,-0.6122494400961032,1466,10a
29,1689,kendall_alpha_beta_minus_gaussian,0.0034489690502716996,0.0005826335921750303,1466,10a
29,1689,kendall_quality_style,-0.0146604025720658,-0.013496361206691843,1466,10a
29,1689,kendall_quality_style_minus_gaussian,-0.024107985425693947,-0.02294394406031999,1466,10a
29,1689,kurtosis_alpha,0.2462603785499069,-0.019161625534063198,1466,10a
29,1689,kurtosis_beta,0.196712022933494,0.04377723069995243,1466,10a
29,1689,kurtosis_quality,0.2391160853434009,-0.025467171239912823,1466,10a
29,1689,kurtosis_style,0.11487894535772725,-0.031144217789007556,1466,10a
29,1689,lag1_squared_alpha,0.07359913953857607,-0.00907404588092552,1466,10a
29,1689,lag1_squared_beta,0.07026597096925218,-0.023468314170556205,1466,10a
29,1689,lag1_squared_quality,0.07711985832836889,-0.029966844361990826,1466,10a
29,1689,lag1_squared_style,-0.010300410811639613,0.004176982888321586,1466,10a
30,1750,joint_collapse_95,0.030695770804911322,0.02592087312414734,1466,10a
30,1750,joint_direction_asymmetry,-0.0027285129604365625,0.0,1466,10a
30,1750,joint_improvement_95,0.02796725784447476,0.02592087312414734,1466,10a
30,1750,joint_quality_style_lower_95,0.0006821282401091405,0.0,1466,10a
30,1750,joint_quality_style_upper_95,0.001364256480218281,0.001364256480218281,1466,10a
30,1750,kendall_alpha_beta,-0.6377410147647007,-0.6560341576298256,1466,10a
30,1750,kendall_alpha_beta_minus_gaussian,0.027974373266512753,0.009681230401387797,1466,10a
30,1750,kendall_quality_style,-0.18414482537051446,-0.16075038762577476,1466,10a
30,1750,kendall_quality_style_minus_gaussian,-0.030764357862081648,-0.007369920117341944,1466,10a
30,1750,kurtosis_alpha,0.2387796668487545,0.10700176977437215,1466,10a
30,1750,kurtosis_beta,0.22650323274766837,0.04245778693330271,1466,10a
30,1750,kurtosis_quality,0.2729228917426716,0.06950068712518709,1466,10a
30,1750,kurtosis_style,-0.12163898550234054,-0.06312606195106252,1466,10a
30,1750,lag1_squared_alpha,0.027019928905974197,-0.020243977056654355,1466,10a
30,1750,lag1_squared_beta,0.019831023804973615,-0.04776607650486617,1466,10a
30,1750,lag1_squared_quality,0.028705179298110336,-0.03542094896920485,1466,10a
30,1750,lag1_squared_style,-0.026860739367204123,-0.01693601656182425,1466,10a
31,1810,joint_collapse_95,0.02660300136425648,0.0252387448840382,1466,10a
31,1810,joint_direction_asymmetry,-0.005457025920873125,-0.001364256480218283,1466,10a
31,1810,joint_improvement_95,0.021145975443383355,0.023874488403819918,1466,10a
31,1810,joint_quality_style_lower_95,0.0020463847203274215,0.0,1466,10a
31,1810,joint_quality_style_upper_95,0.001364256480218281,0.001364256480218281,1466,10a
31,1810,kendall_alpha_beta,-0.5838356559838711,-0.5685764705334568,1466,10a
31,1810,kendall_alpha_beta_minus_gaussian,-0.028679810301929787,-0.013420624851515517,1466,10a
31,1810,kendall_quality_style,-0.052885658544762126,-0.06499355121083572,1466,10a
31,1810,kendall_quality_style_minus_gaussian,-0.005022979937074901,-0.017130872603148495,1466,10a
31,1810,kurtosis_alpha,0.013108640547290662,-0.12795827896177592,1466,10a
31,1810,kurtosis_beta,0.09619863580988719,-0.025299921168076,1466,10a
31,1810,kurtosis_quality,0.09695264222286681,-0.07355590622529506,1466,10a
31,1810,kurtosis_style,-0.1664279558027939,-0.0656253519399832,1466,10a
31,1810,lag1_squared_alpha,-0.0090006279421082,-0.017620208279757823,1466,10a
31,1810,lag1_squared_beta,-0.0015377450171575834,-0.00025427531164650443,1466,10a
31,1810,lag1_squared_quality,-0.0016349546333034193,-0.0002661592438197806,1466,10a
31,1810,lag1_squared_style,-0.01529637811509555,-0.001289865808729564,1466,10a
32,1870,joint_collapse_95,0.027285129604365622,0.02455661664392906,1466,10a
32,1870,joint_direction_asymmetry,0.000682128240109138,-0.003410641200545704,1466,10a
32,1870,joint_improvement_95,0.02796725784447476,0.021145975443383355,1466,10a
32,1870,joint_quality_style_lower_95,0.0047748976807639835,0.008185538881309686,1466,10a
32,1870,joint_quality_style_upper_95,0.005457025920873124,0.006139154160982265,1466,10a
32,1870,kendall_alpha_beta,-0.5955282186907793,-0.5753800595057945,1466,10a
32,1870,kendall_alpha_beta_minus_gaussian,-0.000854999072154361,0.019293160112830443,1466,10a
32,1870,kendall_quality_style,0.09754573518524556,0.11723386522263457,1466,10a
32,1870,kendall_quality_style_minus_gaussian,0.01894066961988003,0.038628799657269036,1466,10a
32,1870,kurtosis_alpha,0.23708766660917213,0.009335108199080455,1466,10a
32,1870,kurtosis_beta,0.26980093401588423,-0.1568394220138476,1466,10a
32,1870,kurtosis_quality,0.30879166568802274,-0.10260872351291628,1466,10a
32,1870,kurtosis_style,0.053018365932921085,-0.09366538818377279,1466,10a
32,1870,lag1_squared_alpha,0.027962181341217703,-0.013282985881339523,1466,10a
32,1870,lag1_squared_beta,-0.01611555005906188,0.035250109616813304,1466,10a
32,1870,lag1_squared_quality,0.007540713109133332,0.016302371003564523,1466,10a
32,1870,lag1_squared_style,0.012309697505107733,-0.0009249517255362323,1466,10a
33,1930,joint_collapse_95,0.03274215552523874,0.0286493860845839,1466,10a
33,1930,joint_direction_asymmetry,-0.002728512960436559,0.002046384720327421,1466,10a
33,1930,joint_improvement_95,0.030013642564802184,0.030695770804911322,1466,10a
33,1930,joint_quality_style_lower_95,0.0006821282401091405,0.0006821282401091405,1466,10a
33,1930,joint_quality_style_upper_95,0.0006821282401091405,0.0,1466,10a
33,1930,kendall_alpha_beta,-0.6578891739496855,-0.6698834561784988,1466,10a
33,1930,kendall_alpha_beta_minus_gaussian,0.005716488557537591,-0.006277793671275678,1466,10a
33,1930,kendall_quality_style,-0.15461728647989226,-0.14445567097672374,1466,10a
33,1930,kendall_quality_style_minus_gaussian,0.0027146666201007807,0.0128762821232693,1466,10a
33,1930,kurtosis_alpha,0.16252534562874832,-0.17822122427179954,1466,10a
33,1930,kurtosis_beta,0.16388531819872876,-0.1278672845982376,1466,10a
33,1930,kurtosis_quality,0.18980551466518092,-0.14970486613854073,1466,10a
33,1930,kurtosis_style,-0.14167131648606057,-0.28824955689028275,1466,10a
33,1930,lag1_squared_alpha,0.030572300033516152,-0.002751150106948989,1466,10a
33,1930,lag1_squared_beta,0.02104949617829268,-0.008872433429384615,1466,10a
33,1930,lag1_squared_quality,0.022302987129045784,-0.006870495467707633,1466,10a
33,1930,lag1_squared_style,-0.008964024520579724,0.010014415955237412,1466,10a
34,1991,joint_collapse_95,0.03137789904502047,0.023874488403819918,1466,10a
34,1991,joint_direction_asymmetry,-0.0040927694406548455,-0.002046384720327421,1466,10a
34,1991,joint_improvement_95,0.027285129604365622,0.021828103683492497,1466,10a
34,1991,joint_quality_style_lower_95,0.0006821282401091405,0.0020463847203274215,1466,10a
34,1991,joint_quality_style_upper_95,0.0006821282401091405,0.0006821282401091405,1466,10a
34,1991,kendall_alpha_beta,-0.5872923932224856,-0.5824611559396375,1466,10a
34,1991,kendall_alpha_beta_minus_gaussian,0.00831835655802815,0.013149593840876217,1466,10a
34,1991,kendall_quality_style,-0.12517169610139267,-0.09911951911123107,1466,10a
34,1991,kendall_quality_style_minus_gaussian,-0.016813032555180712,0.00923914443498089,1466,10a
34,1991,kurtosis_alpha,0.30282171007744463,0.04701452644307924,1466,10a
34,1991,kurtosis_beta,0.0713049422654457,-0.05313045696168439,1466,10a
34,1991,kurtosis_quality,0.23288186435194413,-0.018053273822163707,1466,10a
34,1991,kurtosis_style,-0.04306325803132438,0.11025000908245763,1466,10a
34,1991,lag1_squared_alpha,0.05894472693184967,0.01743360421745291,1466,10a
34,1991,lag1_squared_beta,0.05044305844776271,-0.018377836314119704,1466,10a
34,1991,lag1_squared_quality,0.07053761612260624,0.004112889481660827,1466,10a
34,1991,lag1_squared_style,-0.025923321623643653,-0.0120571117998707,1466,10a
35,2051,joint_collapse_95,0.02592087312414734,0.0252387448840382,1466,10a
35,2051,joint_direction_asymmetry,0.0,0.0,1466,10a
35,2051,joint_improvement_95,0.02592087312414734,0.0252387448840382,1466,10a
35,2051,joint_quality_style_lower_95,0.0034106412005457027,0.001364256480218281,1466,10a
35,2051,joint_quality_style_upper_95,0.004092769440654843,0.002728512960436562,1466,10a
35,2051,kendall_alpha_beta,-0.5931442619744935,-0.5824667433381914,1466,10a
35,2051,kendall_alpha_beta_minus_gaussian,0.002025943247243922,0.012703461883546097,1466,10a
35,2051,kendall_quality_style,0.04047604635678337,0.02228906406418063,1466,10a
35,2051,kendall_quality_style_minus_gaussian,0.017016278166510888,-0.0011707041260918503,1466,10a
35,2051,kurtosis_alpha,0.01598171005636395,0.008893505960962056,1466,10a
35,2051,kurtosis_beta,0.13470800774027225,0.20904177061158435,1466,10a
35,2051,kurtosis_quality,0.10502717897717462,0.1785006811826828,1466,10a
35,2051,kurtosis_style,-0.13807330678031482,-0.07899837196991744,1466,10a
35,2051,lag1_squared_alpha,0.013659970361837354,0.04070055748282564,1466,10a
35,2051,lag1_squared_beta,-0.014236416869434755,0.03653392241828972,1466,10a
35,2051,lag1_squared_quality,-0.0061876971101216295,0.04169818028534907,1466,10a
35,2051,lag1_squared_style,0.004705745065437268,0.0185295764815529,1466,10a
36,2111,joint_collapse_95,0.023192360163710776,0.023874488403819918,1466,10a
36,2111,joint_direction_asymmetry,0.005457025920873125,0.0006821282401091415,1466,10a
36,2111,joint_improvement_95,0.0286493860845839,0.02455661664392906,1466,10a
36,2111,joint_quality_style_lower_95,0.0068212824010914054,0.002728512960436562,1466,10a
36,2111,joint_quality_style_upper_95,0.002728512960436562,0.0034106412005457027,1466,10a
36,2111,kendall_alpha_beta,-0.5948987051203851,-0.6062951357039423,1466,10a
36,2111,kendall_alpha_beta_minus_gaussian,0.010125399750413488,-0.001271030833143727,1466,10a
36,2111,kendall_quality_style,0.04483607969492809,0.05062462459665962,1466,10a
36,2111,kendall_quality_style_minus_gaussian,-0.022894418936405925,-0.017105874034674395,1466,10a
36,2111,kurtosis_alpha,0.07949823124804212,-0.05177128487958926,1466,10a
36,2111,kurtosis_beta,-0.026375927762482654,0.022969425233343888,1466,10a
36,2111,kurtosis_quality,0.058238635295886354,-0.03814292777410344,1466,10a
36,2111,kurtosis_style,0.12311499157476158,-0.02495510320994354,1466,10a
36,2111,lag1_squared_alpha,0.09488389647070594,0.04019571859121892,1466,10a
36,2111,lag1_squared_beta,0.07351158339549055,-0.006959058646057094,1466,10a
36,2111,lag1_squared_quality,0.09870565177400059,0.024920674043494746,1466,10a
36,2111,lag1_squared_style,-0.01838036786757431,-0.007094783379451722,1466,10a
37,2172,joint_collapse_95,0.02660300136425648,0.02660300136425648,1466,10a
37,2172,joint_direction_asymmetry,-0.0047748976807639835,-0.002046384720327421,1466,10a
37,2172,joint_improvement_95,0.021828103683492497,0.02455661664392906,1466,10a
37,2172,joint_quality_style_lower_95,0.0020463847203274215,0.0006821282401091405,1466,10a
37,2172,joint_quality_style_upper_95,0.0020463847203274215,0.0034106412005457027,1466,10a
37,2172,kendall_alpha_beta,-0.6115584651416173,-0.6179765236137431,1466,10a
37,2172,kendall_alpha_beta_minus_gaussian,0.01113872711992192,0.004720668647796078,1466,10a
37,2172,kendall_quality_style,-0.005782026270085616,-0.016224874167128478,1466,10a
37,2172,kendall_quality_style_minus_gaussian,0.024952180803011603,0.01450933290596874,1466,10a
37,2172,kurtosis_alpha,-0.1941391826324339,-0.12640801615348307,1466,10a
37,2172,kurtosis_beta,-0.2580648194129833,-0.01563614717331685,1466,10a
37,2172,kurtosis_quality,-0.22973792665340342,-0.06880272892561479,1466,10a
37,2172,kurtosis_style,-0.13003493463511928,-0.016270207069067233,1466,10a
37,2172,lag1_squared_alpha,0.07606776290851813,0.008599641645308444,1466,10a
37,2172,lag1_squared_beta,0.06038429382862601,-0.007383416912538307,1466,10a
37,2172,lag1_squared_quality,0.0734249877369664,-0.003438179998711093,1466,10a
37,2172,lag1_squared_style,-0.0008556881117943188,-0.02937671857816692,1466,10a
38,2232,joint_collapse_95,0.02796725784447476,0.03137789904502047,1466,10a
38,2232,joint_direction_asymmetry,-0.0034106412005457006,-0.0054570259208731285,1466,10a
38,2232,joint_improvement_95,0.02455661664392906,0.02592087312414734,1466,10a
38,2232,joint_quality_style_lower_95,0.006139154160982265,0.0006821282401091405,1466,10a
38,2232,joint_quality_style_upper_95,0.0047748976807639835,0.004092769440654843,1466,10a
38,2232,kendall_alpha_beta,-0.6175295317294396,-0.6212619139633746,1466,10a
38,2232,kendall_alpha_beta_minus_gaussian,-0.0017038312627222219,-0.005436213496657238,1466,10a
38,2232,kendall_quality_style,0.06115687087056321,0.09648226699383988,1466,10a
38,2232,kendall_quality_style_minus_gaussian,-0.023150759985537936,0.01217463613773874,1466,10a
38,2232,kurtosis_alpha,0.10453702846782376,-0.14862410855137398,1466,10a
38,2232,kurtosis_beta,-0.030591932676934164,0.0611686527948927,1466,10a
38,2232,kurtosis_quality,0.03074753575032574,-0.007270869264444091,1466,10a
38,2232,kurtosis_style,0.23528373435510375,-0.020395925851691032,1466,10a
38,2232,lag1_squared_alpha,0.026396574900560944,-0.020698193843422967,1466,10a
38,2232,lag1_squared_beta,-0.012832873178367173,-0.023125131631122838,1466,10a
38,2232,lag1_squared_quality,0.009124049621457395,-0.02754274463262488,1466,10a
38,2232,lag1_squared_style,0.021033125603504902,-0.02124639751899057,1466,10a
39,2292,joint_collapse_95,0.02455661664392906,0.021145975443383355,1466,10a
39,2292,joint_direction_asymmetry,0.0027285129604365625,0.0006821282401091415,1466,10a
39,2292,joint_improvement_95,0.027285129604365622,0.021828103683492497,1466,10a
39,2292,joint_quality_style_lower_95,0.0006821282401091405,0.002728512960436562,1466,10a
39,2292,joint_quality_style_upper_95,0.0034106412005457027,0.0,1466,10a
39,2292,kendall_alpha_beta,-0.5582751700664434,-0.5420270150720077,1466,10a
39,2292,kendall_alpha_beta_minus_gaussian,-0.015741825438064905,0.0005063295563708659,1466,10a
39,2292,kendall_quality_style,-0.09134931018908699,-0.0985998910457282,1466,10a
39,2292,kendall_quality_style_minus_gaussian,-0.00448191196405813,-0.011732492820699339,1466,10a
39,2292,kurtosis_alpha,0.03330526435119063,-0.09942386791680669,1466,10a
39,2292,kurtosis_beta,0.03027512467088611,-0.006593226775622796,1466,10a
39,2292,kurtosis_quality,0.055044837609950825,-0.11849182679119563,1466,10a
39,2292,kurtosis_style,-0.15858733852862628,0.06747380434643846,1466,10a
39,2292,lag1_squared_alpha,-0.004407557590671727,-0.01842043616980446,1466,10a
39,2292,lag1_squared_beta,-0.022540468218692673,-0.014516145944923918,1466,10a
39,2292,lag1_squared_quality,-0.014500522919152012,-0.025533648107346815,1466,10a
39,2292,lag1_squared_style,-0.008842851032806987,0.009600186864958409,1466,10a
40,2353,joint_collapse_95,0.02796725784447476,0.021828103683492497,1466,10a
40,2353,joint_direction_asymmetry,-0.000682128240109138,0.0027285129604365625,1466,10a
40,2353,joint_improvement_95,0.027285129604365622,0.02455661664392906,1466,10a
40,2353,joint_quality_style_lower_95,0.0,0.0006821282401091405,1466,10a
40,2353,joint_quality_style_upper_95,0.0,0.0006821282401091405,1466,10a
40,2353,kendall_alpha_beta,-0.5914065810242632,-0.5820849377703485,1466,10a
40,2353,kendall_alpha_beta_minus_gaussian,-0.0038437622583793463,0.005477880995535367,1466,10a
40,2353,kendall_quality_style,-0.13199577220176106,-0.13431826753395515,1466,10a
40,2353,kendall_quality_style_minus_gaussian,0.004989608354104336,0.00266711302191025,1466,10a
40,2353,kurtosis_alpha,0.14313908282275234,0.08930661718555122,1466,10a
40,2353,kurtosis_beta,0.029825903116505792,-0.06054775310179972,1466,10a
40,2353,kurtosis_quality,0.14182979792819905,0.00869670628799124,1466,10a
40,2353,kurtosis_style,0.03461806059480477,-0.25105601865304017,1466,10a
40,2353,lag1_squared_alpha,0.020721023425683348,-0.03302819195074195,1466,10a
40,2353,lag1_squared_beta,-0.001920611755743705,0.015187838362164858,1466,10a
40,2353,lag1_squared_quality,0.0070756125771615054,-0.005022481661224122,1466,10a
40,2353,lag1_squared_style,0.021889207172479226,0.04631992763088643,1466,10a
41,2413,joint_collapse_95,0.02660300136425648,0.030013642564802184,1466,10a
41,2413,joint_direction_asymmetry,0.0013642564802182795,-0.0047748976807639835,1466,10a
41,2413,joint_improvement_95,0.02796725784447476,0.0252387448840382,1466,10a
41,2413,joint_quality_style_lower_95,0.0006821282401091405,0.001364256480218281,1466,10a
41,2413,joint_quality_style_upper_95,0.0006821282401091405,0.0020463847203274215,1466,10a
41,2413,kendall_alpha_beta,-0.6133631948744931,-0.6127727930939755,1466,10a
41,2413,kendall_alpha_beta_minus_gaussian,0.012830439066872978,0.013420840847390592,1466,10a
41,2413,kendall_quality_style,-0.10527124491895945,-0.08053955645367816,1466,10a
41,2413,kendall_quality_style_minus_gaussian,-0.0016541859085123095,0.023077502556768978,1466,10a
41,2413,kurtosis_alpha,0.04518248663924229,-0.2858935568059686,1466,10a
41,2413,kurtosis_beta,-0.03707354042345745,0.027796979388186926,1466,10a
41,2413,kurtosis_quality,0.01447986847883076,-0.12570015276955226,1466,10a
41,2413,kurtosis_style,-0.06410078968063804,-0.11777018962203689,1466,10a
41,2413,lag1_squared_alpha,0.03541401402299878,-0.03239314490623415,1466,10a
41,2413,lag1_squared_beta,0.018356672100022307,-0.01453323117140569,1466,10a
41,2413,lag1_squared_quality,0.03861894269927555,-0.010721930064582863,1466,10a
41,2413,lag1_squared_style,-0.005233197904766162,-0.02694543046465775,1466,10a
42,2473,joint_collapse_95,0.030695770804911322,0.030013642564802184,1466,10a
42,2473,joint_direction_asymmetry,0.002728512960436566,0.0,1466,10a
42,2473,joint_improvement_95,0.03342428376534789,0.030013642564802184,1466,10a
42,2473,joint_quality_style_lower_95,0.001364256480218281,0.0020463847203274215,1466,10a
42,2473,joint_quality_style_upper_95,0.002728512960436562,0.0020463847203274215,1466,10a
42,2473,kendall_alpha_beta,-0.6718502204694345,-0.6947753167356556,1466,10a
42,2473,kendall_alpha_beta_minus_gaussian,0.001855617703208745,-0.021069478563012334,1466,10a
42,2473,kendall_quality_style,-0.05845443243671111,-0.06681318067318842,1466,10a
42,2473,kendall_quality_style_minus_gaussian,0.02037386822672535,0.012015119990248041,1466,10a
42,2473,kurtosis_alpha,0.0872245496536741,-0.1712416584391927,1466,10a
42,2473,kurtosis_beta,0.24821911347067394,-0.11027824391939767,1466,10a
42,2473,kurtosis_quality,0.1835291580599101,-0.14348443421431378,1466,10a
42,2473,kurtosis_style,0.0349787474860519,0.1447017071365546,1466,10a
42,2473,lag1_squared_alpha,-0.024416919391430522,-0.01010740512893619,1466,10a
42,2473,lag1_squared_beta,-0.027173213457704945,0.013294148441730567,1466,10a
42,2473,lag1_squared_quality,-0.028355295231391908,0.0013895216581640143,1466,10a
42,2473,lag1_squared_style,-0.01776967115921854,-0.020653608628076595,1466,10a
43,2533,joint_collapse_95,0.023874488403819918,0.0286493860845839,1466,10a
43,2533,joint_direction_asymmetry,0.0047748976807639835,-0.005457025920873125,1466,10a
43,2533,joint_improvement_95,0.0286493860845839,0.023192360163710776,1466,10a
43,2533,joint_quality_style_lower_95,0.005457025920873124,0.0034106412005457027,1466,10a
43,2533,joint_quality_style_upper_95,0.005457025920873124,0.0034106412005457027,1466,10a
43,2533,kendall_alpha_beta,-0.6098505836503405,-0.5888363776895176,1466,10a
43,2533,kendall_alpha_beta_minus_gaussian,0.0009537489264334065,0.021967954887256336,1466,10a
43,2533,kendall_quality_style,0.06654126061023702,0.10878385614311192,1466,10a
43,2533,kendall_quality_style_minus_gaussian,-0.0077776250013750076,0.0344649705314999,1466,10a
43,2533,kurtosis_alpha,0.09388325094879013,0.007337246465321634,1466,10a
43,2533,kurtosis_beta,0.1547951565723067,-0.08811155007998428,1466,10a
43,2533,kurtosis_quality,0.09614678036101942,-0.034338967613819715,1466,10a
43,2533,kurtosis_style,-0.00325968773240648,-0.061710678120488804,1466,10a
43,2533,lag1_squared_alpha,0.006784016828210379,0.007112978930743703,1466,10a
43,2533,lag1_squared_beta,0.006444707971605189,0.004248632068041243,1466,10a
43,2533,lag1_squared_quality,0.0029540034409209106,0.020424162093872412,1466,10a
43,2533,lag1_squared_style,-0.0020086493151620565,0.024516355982952622,1466,10a
44,2594,joint_collapse_95,0.027285129604365622,0.030013642564802184,1466,10a
44,2594,joint_direction_asymmetry,0.0013642564802182795,-0.0027285129604365625,1466,10a
44,2594,joint_improvement_95,0.0286493860845839,0.027285129604365622,1466,10a
44,2594,joint_quality_style_lower_95,0.010914051841746248,0.0047748976807639835,1466,10a
44,2594,joint_quality_style_upper_95,0.007503410641200546,0.008185538881309686,1466,10a
44,2594,kendall_alpha_beta,-0.6671810177446467,-0.6434215366277256,1466,10a
44,2594,kendall_alpha_beta_minus_gaussian,-0.02340627382607674,0.0003532072908443151,1466,10a
44,2594,kendall_quality_style,0.22225460843976552,0.18807835395238603,1466,10a
44,2594,kendall_quality_style_minus_gaussian,0.0218438954707367,-0.012332359016642785,1466,10a
44,2594,kurtosis_alpha,-0.041349091459773835,0.006718827171415587,1466,10a
44,2594,kurtosis_beta,0.03458120670443732,0.06641982362632781,1466,10a
44,2594,kurtosis_quality,-0.030053767651786245,0.03752381530611659,1466,10a
44,2594,kurtosis_style,0.0859997691276364,0.006591275939970664,1466,10a
44,2594,lag1_squared_alpha,0.06294206883272765,0.04828343438903631,1466,10a
44,2594,lag1_squared_beta,0.0413550405608663,0.01442528805733325,1466,10a
44,2594,lag1_squared_quality,0.0643141559633368,0.03801061379433162,1466,10a
44,2594,lag1_squared_style,0.021641267432846042,-0.010320919846529313,1466,10a
45,2654,joint_collapse_95,0.0286493860845839,0.027285129604365622,1466,10a
45,2654,joint_direction_asymmetry,-0.0006821282401091415,0.002046384720327421,1466,10a
45,2654,joint_improvement_95,0.02796725784447476,0.029331514324693043,1466,10a
45,2654,joint_quality_style_lower_95,0.005457025920873124,0.005457025920873124,1466,10a
45,2654,joint_quality_style_upper_95,0.001364256480218281,0.006139154160982265,1466,10a
45,2654,kendall_alpha_beta,-0.6429577825477606,-0.6351428744371861,1466,10a
45,2654,kendall_alpha_beta_minus_gaussian,-0.008978899157476405,-0.0011639910469019021,1466,10a
45,2654,kendall_quality_style,0.09133627292579471,0.09711923042897253,1466,10a
45,2654,kendall_quality_style_minus_gaussian,0.023838953173246608,0.029621910676424418,1466,10a
45,2654,kurtosis_alpha,0.06469867756510483,0.03909457863458199,1466,10a
45,2654,kurtosis_beta,0.22921709899138154,-0.013571375486866266,1466,10a
45,2654,kurtosis_quality,0.12284936847495453,0.048872947502477615,1466,10a
45,2654,kurtosis_style,-0.16250716515170271,-0.08035414995358892,1466,10a
45,2654,lag1_squared_alpha,0.005178575720921396,-0.028163513160063,1466,10a
45,2654,lag1_squared_beta,-0.01826333633769816,-0.04679608005699877,1466,10a
45,2654,lag1_squared_quality,0.0026634364662389835,-0.046435574502191906,1466,10a
45,2654,lag1_squared_style,0.007839114935575906,0.021058078063756112,1466,10a
46,2714,joint_collapse_95,0.021828103683492497,0.02796725784447476,1466,10a
46,2714,joint_direction_asymmetry,0.0047748976807639835,0.0,1466,10a
46,2714,joint_improvement_95,0.02660300136425648,0.02796725784447476,1466,10a
46,2714,joint_quality_style_lower_95,0.0020463847203274215,0.0020463847203274215,1466,10a
46,2714,joint_quality_style_upper_95,0.001364256480218281,0.005457025920873124,1466,10a
46,2714,kendall_alpha_beta,-0.5847296397524782,-0.6079881174657422,1466,10a
46,2714,kendall_alpha_beta_minus_gaussian,-0.0030505798915207993,-0.026309057604784858,1466,10a
46,2714,kendall_quality_style,0.061641112078558824,0.07489628391434522,1466,10a
46,2714,kendall_quality_style_minus_gaussian,0.0025782448671963984,0.015833416702982793,1466,10a
46,2714,kurtosis_alpha,0.047160878448520904,0.039934871784337744,1466,10a
46,2714,kurtosis_beta,0.27994151993408556,0.13709228270674734,1466,10a
46,2714,kurtosis_quality,0.2144554402689196,0.07306744195000725,1466,10a
46,2714,kurtosis_style,-0.26038160379219377,0.05186506255555123,1466,10a
46,2714,lag1_squared_alpha,0.04606135512840089,0.007021671442113582,1466,10a
46,2714,lag1_squared_beta,0.01642833323756452,-0.011215712599173363,1466,10a
46,2714,lag1_squared_quality,0.043347923316054957,-0.01695447400099214,1466,10a
46,2714,lag1_squared_style,0.03209561687306745,0.01704640258445085,1466,10a
47,2775,joint_collapse_95,0.02592087312414734,0.02592087312414734,1466,10a
47,2775,joint_direction_asymmetry,0.0,-0.0027285129604365625,1466,10a
47,2775,joint_improvement_95,0.02592087312414734,0.023192360163710776,1466,10a
47,2775,joint_quality_style_lower_95,0.0006821282401091405,0.001364256480218281,1466,10a
47,2775,joint_quality_style_upper_95,0.0006821282401091405,0.001364256480218281,1466,10a
47,2775,kendall_alpha_beta,-0.6113703560569728,-0.5835395238605199,1466,10a
47,2775,kendall_alpha_beta_minus_gaussian,-0.002978966146930606,0.024851866049522275,1466,10a
47,2775,kendall_quality_style,-0.04231802541335106,-0.03651830571451198,1466,10a
47,2775,kendall_quality_style_minus_gaussian,0.0055002588339642805,0.01129997853280336,1466,10a
47,2775,kurtosis_alpha,0.04490398750792357,-0.07312767496898642,1466,10a
47,2775,kurtosis_beta,-0.05335156933575025,-0.08502023143649495,1466,10a
47,2775,kurtosis_quality,0.026066260089270266,-0.03947927063174461,1466,10a
47,2775,kurtosis_style,-0.03259524292716165,-0.12016905833638392,1466,10a
47,2775,lag1_squared_alpha,0.04476130383521439,-0.03673077719627859,1466,10a
47,2775,lag1_squared_beta,0.05509160751348682,-0.0640088561544856,1466,10a
47,2775,lag1_squared_quality,0.06225669340478425,-0.06387740140669812,1466,10a
47,2775,lag1_squared_style,-0.018450228543645777,0.016233493788001308,1466,10a
48,2835,joint_collapse_95,0.02455661664392906,0.027285129604365622,1466,10a
48,2835,joint_direction_asymmetry,0.002046384720327421,-0.0047748976807639835,1466,10a
48,2835,joint_improvement_95,0.02660300136425648,0.022510231923601638,1466,10a
48,2835,joint_quality_style_lower_95,0.002728512960436562,0.0006821282401091405,1466,10a
48,2835,joint_quality_style_upper_95,0.0034106412005457027,0.0034106412005457027,1466,10a
48,2835,kendall_alpha_beta,-0.6150375519744469,-0.61555718003995,1466,10a
48,2835,kendall_alpha_beta_minus_gaussian,0.0072921554191603954,0.006772527353657298,1466,10a
48,2835,kendall_quality_style,-0.0185995185524912,-0.05123178857283883,1466,10a
48,2835,kendall_quality_style_minus_gaussian,0.008211363893884695,-0.024420906126462937,1466,10a
48,2835,kurtosis_alpha,-0.009249961434923737,-0.11573020796001154,1466,10a
48,2835,kurtosis_beta,-0.17002136763944797,-0.06512094283129466,1466,10a
48,2835,kurtosis_quality,-0.13487368517992504,-0.11322500037866678,1466,10a
48,2835,kurtosis_style,0.03090487746219539,-0.09933236765281706,1466,10a
48,2835,lag1_squared_alpha,0.026524613429516262,-0.000249430925079485,1466,10a
48,2835,lag1_squared_beta,0.03861648519007755,0.0017298028582657214,1466,10a
48,2835,lag1_squared_quality,0.01204435132611049,-0.006775114636350655,1466,10a
48,2835,lag1_squared_style,-0.0118189021824665,-6.731216237979435e-5,1466,10a
49,2895,joint_collapse_95,0.0286493860845839,0.02660300136425648,1466,10a
49,2895,joint_direction_asymmetry,-0.0006821282401091415,0.0,1466,10a
49,2895,joint_improvement_95,0.02796725784447476,0.02660300136425648,1466,10a
49,2895,joint_quality_style_lower_95,0.0,0.001364256480218281,1466,10a
49,2895,joint_quality_style_upper_95,0.0020463847203274215,0.002728512960436562,1466,10a
49,2895,kendall_alpha_beta,-0.6065726431654475,-0.6308573397464252,1466,10a
49,2895,kendall_alpha_beta_minus_gaussian,0.017394445164194305,-0.006890251416783455,1466,10a
49,2895,kendall_quality_style,-0.08138139116911658,-0.12542312903631347,1466,10a
49,2895,kendall_quality_style_minus_gaussian,0.01484142062231085,-0.029200317244886045,1466,10a
49,2895,kurtosis_alpha,0.19427573487652738,0.027287073094927727,1466,10a
49,2895,kurtosis_beta,0.23387900394381145,-0.1662208319885674,1466,10a
49,2895,kurtosis_quality,0.26894117748489776,-0.06320504884137845,1466,10a
49,2895,kurtosis_style,-0.03865350055032257,0.023086893855068347,1466,10a
49,2895,lag1_squared_alpha,0.009686318901454499,-0.038380659662262354,1466,10a
49,2895,lag1_squared_beta,0.024067498673813276,-0.013178812673113546,1466,10a
49,2895,lag1_squared_quality,0.01942916435890501,-0.02376769619055065,1466,10a
49,2895,lag1_squared_style,0.01994263321913595,0.06457642258138908,1466,10a
50,2956,joint_collapse_95,0.02455661664392906,0.023192360163710776,1466,10a
50,2956,joint_direction_asymmetry,-0.0006821282401091415,0.0047748976807639835,1466,10a
50,2956,joint_improvement_95,0.023874488403819918,0.02796725784447476,1466,10a
50,2956,joint_quality_style_lower_95,0.004092769440654843,0.005457025920873124,1466,10a
50,2956,joint_quality_style_upper_95,0.007503410641200546,0.0034106412005457027,1466,10a
50,2956,kendall_alpha_beta,-0.5747877952590923,-0.5822357975313011,1466,10a
50,2956,kendall_alpha_beta_minus_gaussian,0.005050979495738739,-0.002397022776470026,1466,10a
50,2956,kendall_quality_style,0.06847450050985016,0.056878786044540885,1466,10a
50,2956,kendall_quality_style_minus_gaussian,0.009521842649375452,-0.0020738718159338185,1466,10a
50,2956,kurtosis_alpha,0.0653987911601619,-0.0231584306905388,1466,10a
50,2956,kurtosis_beta,-0.09044493834952716,0.07504145987409361,1466,10a
50,2956,kurtosis_quality,-0.03374849853108586,-0.002167791296748156,1466,10a
50,2956,kurtosis_style,-0.0135509777136682,0.04361411801141779,1466,10a
50,2956,lag1_squared_alpha,0.008863512815516322,0.07897441777399793,1466,10a
50,2956,lag1_squared_beta,-0.017451011024310396,0.015030593390411772,1466,10a
50,2956,lag1_squared_quality,-0.0018742048965315462,0.05413279462230258,1466,10a
50,2956,lag1_squared_style,-0.01616688066642648,-0.03987700563775867,1466,10a
51,3016,joint_collapse_95,0.021145975443383355,0.029331514324693043,1466,10a
51,3016,joint_direction_asymmetry,0.012278308321964533,-0.007503410641200546,1466,10a
51,3016,joint_improvement_95,0.03342428376534789,0.021828103683492497,1466,10a
51,3016,joint_quality_style_lower_95,0.001364256480218281,0.0006821282401091405,1466,10a
51,3016,joint_quality_style_upper_95,0.0006821282401091405,0.0,1466,10a
51,3016,kendall_alpha_beta,-0.5962713426984341,-0.6062001499285279,1466,10a
51,3016,kendall_alpha_beta_minus_gaussian,0.0025797605580756278,-0.007349046672018189,1466,10a
51,3016,kendall_quality_style,-0.1832117298120306,-0.20009498577541462,1466,10a
51,3016,kendall_quality_style_minus_gaussian,0.006577515331425088,-0.010305740631958937,1466,10a
51,3016,kurtosis_alpha,0.1662846451660851,-0.15345592228174754,1466,10a
51,3016,kurtosis_beta,0.16188479366482023,-0.08567830469963678,1466,10a
51,3016,kurtosis_quality,0.13727583012643763,-0.13374914540409621,1466,10a
51,3016,kurtosis_style,0.02327552142934186,-0.05628778304548554,1466,10a
51,3016,lag1_squared_alpha,-0.015996927752183594,0.007826661178435014,1466,10a
51,3016,lag1_squared_beta,0.012692585261508757,0.022981906117129015,1466,10a
51,3016,lag1_squared_quality,-0.0004101986621546422,0.01202452415117451,1466,10a
51,3016,lag1_squared_style,-0.035908971858079806,-0.0040271937223562435,1466,10a
52,3076,joint_collapse_95,0.02592087312414734,0.027285129604365622,1466,10a
52,3076,joint_direction_asymmetry,0.0,0.0,1466,10a
52,3076,joint_improvement_95,0.02592087312414734,0.027285129604365622,1466,10a
52,3076,joint_quality_style_lower_95,0.004092769440654843,0.0047748976807639835,1466,10a
52,3076,joint_quality_style_upper_95,0.004092769440654843,0.004092769440654843,1466,10a
52,3076,kendall_alpha_beta,-0.5979419748660189,-0.5941462687818075,1466,10a
52,3076,kendall_alpha_beta_minus_gaussian,0.002242826385334018,0.006038532469545332,1466,10a
52,3076,kendall_quality_style,0.08545832964720235,0.07802895203683957,1466,10a
52,3076,kendall_quality_style_minus_gaussian,0.013522002243215675,0.0060926246328529,1466,10a
52,3076,kurtosis_alpha,0.10770453966478888,0.3496167586825192,1466,10a
52,3076,kurtosis_beta,0.2037239923263252,0.20686403392685504,1466,10a
52,3076,kurtosis_quality,0.2182751731252237,0.3026046814885692,1466,10a
52,3076,kurtosis_style,0.057978280876415766,0.14457358299457246,1466,10a
52,3076,lag1_squared_alpha,-0.008313063059580595,0.013522757339496958,1466,10a
52,3076,lag1_squared_beta,0.024780277882802175,0.026686066355046244,1466,10a
52,3076,lag1_squared_quality,0.004214265523910263,0.014023051954081215,1466,10a
52,3076,lag1_squared_style,0.02640745702332744,0.0004309779121666503,1466,10a
53,3136,joint_collapse_95,0.030695770804911322,0.030695770804911322,1466,10a
53,3136,joint_direction_asymmetry,0.0,-0.0047748976807639835,1466,10a
53,3136,joint_improvement_95,0.030695770804911322,0.02592087312414734,1466,10a
53,3136,joint_quality_style_lower_95,0.0020463847203274215,0.0034106412005457027,1466,10a
53,3136,joint_quality_style_upper_95,0.004092769440654843,0.002728512960436562,1466,10a
53,3136,kendall_alpha_beta,-0.6443285576596249,-0.6423059193831513,1466,10a
53,3136,kendall_alpha_beta_minus_gaussian,0.0029924857901477697,0.0050151240666214125,1466,10a
53,3136,kendall_quality_style,0.043889946873152064,0.04828164213643493,1466,10a
53,3136,kendall_quality_style_minus_gaussian,-0.00827676322675197,-0.003885067963469102,1466,10a
53,3136,kurtosis_alpha,0.04474341571907203,0.0634070731787677,1466,10a
53,3136,kurtosis_beta,0.16129215148611076,0.025802121748215612,1466,10a
53,3136,kurtosis_quality,0.16336398238698102,0.030598808168157188,1466,10a
53,3136,kurtosis_style,0.016277484299173306,0.06887915849539361,1466,10a
53,3136,lag1_squared_alpha,-0.018346255743974037,-0.010809516657325153,1466,10a
53,3136,lag1_squared_beta,-0.03670495336428547,0.007083687607677855,1466,10a
53,3136,lag1_squared_quality,-0.034664615720128494,-0.0019843185785464574,1466,10a
53,3136,lag1_squared_style,0.01632299160918461,0.002811232511936685,1466,10a
54,3197,joint_collapse_95,0.02660300136425648,0.029331514324693043,1466,10a
54,3197,joint_direction_asymmetry,0.0,-0.0006821282401091415,1466,10a
54,3197,joint_improvement_95,0.02660300136425648,0.0286493860845839,1466,10a
54,3197,joint_quality_style_lower_95,0.010231923601637109,0.009549795361527967,1466,10a
54,3197,joint_quality_style_upper_95,0.008185538881309686,0.007503410641200546,1466,10a
54,3197,kendall_alpha_beta,-0.6330978865664971,-0.6312037584567605,1466,10a
54,3197,kendall_alpha_beta_minus_gaussian,-0.0024590537037959548,-0.0005649255940592957,1466,10a
54,3197,kendall_quality_style,0.20680917637089147,0.21134428153038842,1466,10a
54,3197,kendall_quality_style_minus_gaussian,0.0068167509637398205,0.011351856123236775,1466,10a
54,3197,kurtosis_alpha,0.08984431161777495,0.15154073951121072,1466,10a
54,3197,kurtosis_beta,0.05918004112552744,-0.03584329895128269,1466,10a
54,3197,kurtosis_quality,0.05682177955371204,0.09116746666916553,1466,10a
54,3197,kurtosis_style,-0.14142582614619137,0.017375776079482375,1466,10a
54,3197,lag1_squared_alpha,0.08024971475464682,-0.030313313238993823,1466,10a
54,3197,lag1_squared_beta,0.03349133543279354,0.007063743138571658,1466,10a
54,3197,lag1_squared_quality,0.06885950892976508,-0.01609902551832571,1466,10a
54,3197,lag1_squared_style,0.0027200972797423078,0.03106640828289376,1466,10a
55,3257,joint_collapse_95,0.02796725784447476,0.02455661664392906,1466,10a
55,3257,joint_direction_asymmetry,-0.004092769440654842,0.005457025920873125,1466,10a
55,3257,joint_improvement_95,0.023874488403819918,0.030013642564802184,1466,10a
55,3257,joint_quality_style_lower_95,0.0006821282401091405,0.0020463847203274215,1466,10a
55,3257,joint_quality_style_upper_95,0.001364256480218281,0.0006821282401091405,1466,10a
55,3257,kendall_alpha_beta,-0.5843292095227897,-0.5733257593041827,1466,10a
55,3257,kendall_alpha_beta_minus_gaussian,-0.00532115646452036,0.005682293754086576,1466,10a
55,3257,kendall_quality_style,-0.07116948907896381,-0.08637838794239383,1466,10a
55,3257,kendall_quality_style_minus_gaussian,0.020842261903115,0.00563336303968498,1466,10a
55,3257,kurtosis_alpha,-0.14901807682443113,-0.13386651979505304,1466,10a
55,3257,kurtosis_beta,0.07997913466974138,-0.09345647644251587,1466,10a
55,3257,kurtosis_quality,-0.001573306854517842,-0.05763546194881508,1466,10a
55,3257,kurtosis_style,0.15617350743403913,-0.05910918103651808,1466,10a
55,3257,lag1_squared_alpha,0.02281045875986346,0.010872698164311313,1466,10a
55,3257,lag1_squared_beta,0.02396061432631546,-0.004319163769761386,1466,10a
55,3257,lag1_squared_quality,0.0227858519574375,-0.006304721792178302,1466,10a
55,3257,lag1_squared_style,-0.040951166971674786,0.015812835739006496,1466,10a
56,3317,joint_collapse_95,0.0252387448840382,0.0252387448840382,1466,10a
56,3317,joint_direction_asymmetry,0.002728512960436559,-0.003410641200545704,1466,10a
56,3317,joint_improvement_95,0.02796725784447476,0.021828103683492497,1466,10a
56,3317,joint_quality_style_lower_95,0.0,0.0020463847203274215,1466,10a
56,3317,joint_quality_style_upper_95,0.001364256480218281,0.004092769440654843,1466,10a
56,3317,kendall_alpha_beta,-0.5947757823522017,-0.6016315203777081,1466,10a
56,3317,kendall_alpha_beta_minus_gaussian,-0.00016949125884291316,-0.0070252292843492326,1466,10a
56,3317,kendall_quality_style,-0.08168683562339063,-0.06544985542606252,1466,10a
56,3317,kendall_quality_style_minus_gaussian,0.003976153842767727,0.020213134040095837,1466,10a
56,3317,kurtosis_alpha,-0.024623116109930177,-0.04254130755354346,1466,10a
56,3317,kurtosis_beta,0.2916704343839793,-0.1168093538022803,1466,10a
56,3317,kurtosis_quality,0.1541739324155289,-0.15882316835110544,1466,10a
56,3317,kurtosis_style,-0.016678917334026266,-0.014914110820640758,1466,10a
56,3317,lag1_squared_alpha,0.01777931658560716,0.0074722114422408085,1466,10a
56,3317,lag1_squared_beta,0.0316341159936369,0.009232739633264465,1466,10a
56,3317,lag1_squared_quality,0.017441293631381364,-0.0008938628321078846,1466,10a
56,3317,lag1_squared_style,0.03236704946512278,0.015543936894214884,1466,10a
57,3378,joint_collapse_95,0.023192360163710776,0.0252387448840382,1466,10a
57,3378,joint_direction_asymmetry,-0.000682128240109138,-0.0027285129604365625,1466,10a
57,3378,joint_improvement_95,0.022510231923601638,0.022510231923601638,1466,10a
57,3378,joint_quality_style_lower_95,0.002728512960436562,0.002728512960436562,1466,10a
57,3378,joint_quality_style_upper_95,0.004092769440654843,0.004092769440654843,1466,10a
57,3378,kendall_alpha_beta,-0.5706344956674381,-0.5745400872565407,1466,10a
57,3378,kendall_alpha_beta_minus_gaussian,0.003694413794966711,-0.00021117779413593052,1466,10a
57,3378,kendall_quality_style,0.028269442982925885,0.018033328832373408,1466,10a
57,3378,kendall_quality_style_minus_gaussian,0.014735939992377383,0.004499825841824906,1466,10a
57,3378,kurtosis_alpha,-0.06418072107869399,0.03292907485829666,1466,10a
57,3378,kurtosis_beta,-0.013954697030522656,-0.06582201433585899,1466,10a
57,3378,kurtosis_quality,-0.07216693714669509,-0.023811490989421813,1466,10a
57,3378,kurtosis_style,-0.025377836802114917,-0.09786811904615655,1466,10a
57,3378,lag1_squared_alpha,0.045885895048921245,0.022697397441023354,1466,10a
57,3378,lag1_squared_beta,0.0029248337445116385,0.07432251823483195,1466,10a
57,3378,lag1_squared_quality,0.02610847503328831,0.05076678697774172,1466,10a
57,3378,lag1_squared_style,-0.010334899363529838,-0.011131072920102294,1466,10a
58,3438,joint_collapse_95,0.027285129604365622,0.021828103683492497,1466,10a
58,3438,joint_direction_asymmetry,-0.008867667121418829,0.0,1466,10a
58,3438,joint_improvement_95,0.018417462482946793,0.021828103683492497,1466,10a
58,3438,joint_quality_style_lower_95,0.0,0.0020463847203274215,1466,10a
58,3438,joint_quality_style_upper_95,0.0006821282401091405,0.0006821282401091405,1466,10a
58,3438,kendall_alpha_beta,-0.5781663089179536,-0.5773933854513453,1466,10a
58,3438,kendall_alpha_beta_minus_gaussian,-0.01976529417661277,-0.01899237071000448,1466,10a
58,3438,kendall_quality_style,-0.10687855323626771,-0.08823526672843851,1466,10a
58,3438,kendall_quality_style_minus_gaussian,-0.01404953268970377,0.0045937538181254345,1466,10a
58,3438,kurtosis_alpha,-0.08652225234292521,-0.04963023527007726,1466,10a
58,3438,kurtosis_beta,0.03024682429675085,-0.1016397041783832,1466,10a
58,3438,kurtosis_quality,-0.01246726598497716,-0.0867868246871133,1466,10a
58,3438,kurtosis_style,0.25912435634191633,0.025157732357295792,1466,10a
58,3438,lag1_squared_alpha,0.06213154355783688,0.005697637627822942,1466,10a
58,3438,lag1_squared_beta,0.024874844409632755,-0.018080574795630525,1466,10a
58,3438,lag1_squared_quality,0.053155096162475705,-1.5827342987701005e-5,1466,10a
58,3438,lag1_squared_style,0.02404710016366661,-0.011377094245165845,1466,10a
59,3498,joint_collapse_95,0.02660300136425648,0.03137789904502047,1466,10a
59,3498,joint_direction_asymmetry,-0.003410641200545704,-0.001364256480218283,1466,10a
59,3498,joint_improvement_95,0.023192360163710776,0.030013642564802184,1466,10a
59,3498,joint_quality_style_lower_95,0.0,0.0006821282401091405,1466,10a
59,3498,joint_quality_style_upper_95,0.0,0.0,1466,10a
59,3498,kendall_alpha_beta,-0.6556355898663215,-0.6608430453184584,1466,10a
59,3498,kendall_alpha_beta_minus_gaussian,-0.0017946215066566573,-0.007002076958793513,1466,10a
59,3498,kendall_quality_style,-0.2523893113065665,-0.293127034162286,1466,10a
59,3498,kendall_quality_style_minus_gaussian,0.010791660781049872,-0.029946062074669655,1466,10a
59,3498,kurtosis_alpha,0.2426817264171932,-0.08655748765039917,1466,10a
59,3498,kurtosis_beta,-0.00485616989046278,-0.1148552704788588,1466,10a
59,3498,kurtosis_quality,0.10097743037919171,-0.1279514198776055,1466,10a
59,3498,kurtosis_style,0.022450969468530424,0.05524646679842027,1466,10a
59,3498,lag1_squared_alpha,0.0020276131534429226,0.0011483589009346489,1466,10a
59,3498,lag1_squared_beta,0.0012203628890932496,-0.02179499816276263,1466,10a
59,3498,lag1_squared_quality,-0.0036679480935654734,-0.0017677884031475103,1466,10a
59,3498,lag1_squared_style,-0.023612809592004794,-0.042199421309026486,1466,10a
60,3558,joint_collapse_95,0.0252387448840382,0.0252387448840382,1466,10a
60,3558,joint_direction_asymmetry,0.000682128240109138,0.0013642564802182795,1466,10a
60,3558,joint_improvement_95,0.02592087312414734,0.02660300136425648,1466,10a
60,3558,joint_quality_style_lower_95,0.006139154160982265,0.004092769440654843,1466,10a
60,3558,joint_quality_style_upper_95,0.005457025920873124,0.001364256480218281,1466,10a
60,3558,kendall_alpha_beta,-0.5828373741089263,-0.5830739073143703,1466,10a
60,3558,kendall_alpha_beta_minus_gaussian,-0.007767368419247411,-0.008003901624691334,1466,10a
60,3558,kendall_quality_style,0.054336519702564146,0.04612118136230092,1466,10a
60,3558,kendall_quality_style_minus_gaussian,0.0007346582659489564,-0.0074806800743142665,1466,10a
60,3558,kurtosis_alpha,0.24163371775716413,0.046113895926136905,1466,10a
60,3558,kurtosis_beta,-0.1614535040235765,0.09878583196078683,1466,10a
60,3558,kurtosis_quality,0.03382067182142112,0.07000627841615392,1466,10a
60,3558,kurtosis_style,-0.0451547274091193,-0.05645004074754034,1466,10a
60,3558,lag1_squared_alpha,0.04521982368330312,0.02994371556530638,1466,10a
60,3558,lag1_squared_beta,0.0360646522849458,0.05322814940253988,1466,10a
60,3558,lag1_squared_quality,0.040983461802014176,0.05087631062846351,1466,10a
60,3558,lag1_squared_style,0.02274860099365962,-0.05353725881086607,1466,10a
61,3619,joint_collapse_95,0.027285129604365622,0.027285129604365622,1466,10a
61,3619,joint_direction_asymmetry,-0.0027285129604365625,-0.0047748976807639835,1466,10a
61,3619,joint_improvement_95,0.02455661664392906,0.022510231923601638,1466,10a
61,3619,joint_quality_style_lower_95,0.0047748976807639835,0.0034106412005457027,1466,10a
61,3619,joint_quality_style_upper_95,0.004092769440654843,0.004092769440654843,1466,10a
61,3619,kendall_alpha_beta,-0.6002626077320283,-0.620179821110123,1466,10a
61,3619,kendall_alpha_beta_minus_gaussian,0.026900701030052265,0.006983487651957554,1466,10a
61,3619,kendall_quality_style,0.030379617170075757,0.042794816756608234,1466,10a
61,3619,kendall_quality_style_minus_gaussian,0.00610146000053401,0.018516659587066487,1466,10a
61,3619,kurtosis_alpha,0.14805767702688577,-0.023305635121540824,1466,10a
61,3619,kurtosis_beta,0.11913937559137056,0.012240415817599715,1466,10a
61,3619,kurtosis_quality,0.15456334329100097,-0.028662271857189836,1466,10a
61,3619,kurtosis_style,-0.1691653614275066,-0.039716268322715464,1466,10a
61,3619,lag1_squared_alpha,0.05530344956410378,-0.016978289262837384,1466,10a
61,3619,lag1_squared_beta,-0.0036240197973586774,0.008601874851224343,1466,10a
61,3619,lag1_squared_quality,0.016440372447684017,-0.010164701281621039,1466,10a
61,3619,lag1_squared_style,-0.006063570045329239,-0.024565672696575377,1466,10a
62,3679,joint_collapse_95,0.029331514324693043,0.02455661664392906,1466,10a
62,3679,joint_direction_asymmetry,-0.002046384720327421,0.005457025920873125,1466,10a
62,3679,joint_improvement_95,0.027285129604365622,0.030013642564802184,1466,10a
62,3679,joint_quality_style_lower_95,0.0,0.001364256480218281,1466,10a
62,3679,joint_quality_style_upper_95,0.0006821282401091405,0.0,1466,10a
62,3679,kendall_alpha_beta,-0.6065037319166173,-0.63797568550396,1466,10a
62,3679,kendall_alpha_beta_minus_gaussian,0.014814301641129846,-0.016657651946212826,1466,10a
62,3679,kendall_quality_style,-0.22655318039381855,-0.25912212656388967,1466,10a
62,3679,kendall_quality_style_minus_gaussian,0.006732490809907898,-0.025836455360163213,1466,10a
62,3679,kurtosis_alpha,0.015088707137664414,0.1067886264811162,1466,10a
62,3679,kurtosis_beta,-0.04597391808705398,-0.3107793048398326,1466,10a
62,3679,kurtosis_quality,0.016600361683891673,-0.19226512793148887,1466,10a
62,3679,kurtosis_style,-0.058836471371916055,-0.10095004570356725,1466,10a
62,3679,lag1_squared_alpha,0.037579906690005924,-0.03302266740832402,1466,10a
62,3679,lag1_squared_beta,0.006163362897606275,-0.03799320217815197,1466,10a
62,3679,lag1_squared_quality,0.022841243399855198,-0.047817993163660644,1466,10a
62,3679,lag1_squared_style,0.007662671321334485,0.0027411810638346907,1466,10a
63,3739,joint_collapse_95,0.023874488403819918,0.023192360163710776,1466,10a
63,3739,joint_direction_asymmetry,-0.0027285129604365625,-0.002728512960436559,1466,10a
63,3739,joint_improvement_95,0.021145975443383355,0.020463847203274217,1466,10a
63,3739,joint_quality_style_lower_95,0.0034106412005457027,0.0,1466,10a
63,3739,joint_quality_style_upper_95,0.0020463847203274215,0.0020463847203274215,1466,10a
63,3739,kendall_alpha_beta,-0.5444146967206627,-0.5243000619270006,1466,10a
63,3739,kendall_alpha_beta_minus_gaussian,-0.010504621333886188,0.009610013459775857,1466,10a
63,3739,kendall_quality_style,-0.06191675707387945,-0.07113782715382566,1466,10a
63,3739,kendall_quality_style_minus_gaussian,-0.008426611411173034,-0.017647681491119248,1466,10a
63,3739,kurtosis_alpha,-0.05982774834009286,0.14689511314616555,1466,10a
63,3739,kurtosis_beta,0.27545119432547827,0.004838262762785206,1466,10a
63,3739,kurtosis_quality,0.060092546673372826,0.16912376885620617,1466,10a
63,3739,kurtosis_style,0.3623138562945978,-0.03848940474478724,1466,10a
63,3739,lag1_squared_alpha,-0.015110797195004804,-0.005912022406440155,1466,10a
63,3739,lag1_squared_beta,-0.03289344566628348,0.05314646919339423,1466,10a
63,3739,lag1_squared_quality,-0.03722385622735591,0.021765292722195847,1466,10a
63,3739,lag1_squared_style,-0.008890808053667452,-0.005100670590124785,1466,10a
64,3800,joint_collapse_95,0.02592087312414734,0.0252387448840382,1466,10a
64,3800,joint_direction_asymmetry,0.0006821282401091415,0.0,1466,10a
64,3800,joint_improvement_95,0.02660300136425648,0.0252387448840382,1466,10a
64,3800,joint_quality_style_lower_95,0.0020463847203274215,0.004092769440654843,1466,10a
64,3800,joint_quality_style_upper_95,0.001364256480218281,0.004092769440654843,1466,10a
64,3800,kendall_alpha_beta,-0.5950439774827838,-0.6045909791450348,1466,10a
64,3800,kendall_alpha_beta_minus_gaussian,0.013386285868982828,0.0038392842067318522,1466,10a
64,3800,kendall_quality_style,0.02082144071071712,0.07459456439244028,1466,10a
64,3800,kendall_quality_style_minus_gaussian,-0.029900954043226978,0.023872169638496178,1466,10a
64,3800,kurtosis_alpha,-0.028631177109937234,-0.18038728635294898,1466,10a
64,3800,kurtosis_beta,0.08707008167212749,-0.028464144516743062,1466,10a
64,3800,kurtosis_quality,0.09899309285800051,-0.12481783410103864,1466,10a
64,3800,kurtosis_style,0.00292823787556884,-0.046624369250501285,1466,10a
64,3800,lag1_squared_alpha,0.05083112101401948,0.0611991507474602,1466,10a
64,3800,lag1_squared_beta,0.04824103355840273,0.032999780904681725,1466,10a
64,3800,lag1_squared_quality,0.05226194091142871,0.06204138628665473,1466,10a
64,3800,lag1_squared_style,-0.02602198032397021,0.006126664580206754,1466,10a
65,3860,joint_collapse_95,0.02796725784447476,0.023874488403819918,1466,10a
65,3860,joint_direction_asymmetry,-0.0013642564802182795,0.001364256480218283,1466,10a
65,3860,joint_improvement_95,0.02660300136425648,0.0252387448840382,1466,10a
65,3860,joint_quality_style_lower_95,0.0034106412005457027,0.0,1466,10a
65,3860,joint_quality_style_upper_95,0.001364256480218281,0.0020463847203274215,1466,10a
65,3860,kendall_alpha_beta,-0.6222061843189659,-0.5837127332156875,1466,10a
65,3860,kendall_alpha_beta_minus_gaussian,-0.01835119252793549,0.02014225857534291,1466,10a
65,3860,kendall_quality_style,-0.0792060306655058,-0.0967765366510065,1466,10a
65,3860,kendall_quality_style_minus_gaussian,-0.01378291318331272,-0.031353419168813415,1466,10a
65,3860,kurtosis_alpha,0.12775005683067508,0.39725902431683124,1466,10a
65,3860,kurtosis_beta,0.10521244713545874,0.12374487313457827,1466,10a
65,3860,kurtosis_quality,0.1365122890077739,0.3151157400931117,1466,10a
65,3860,kurtosis_style,0.06922644589506444,-0.23529323467259777,1466,10a
65,3860,lag1_squared_alpha,0.00747977705774172,0.033119063030325545,1466,10a
65,3860,lag1_squared_beta,-0.010014713963190145,0.025171927190169287,1466,10a
65,3860,lag1_squared_quality,0.0016273931729944551,0.03387348710247146,1466,10a
65,3860,lag1_squared_style,0.0008608124595825404,-0.047032060237221354,1466,10a
66,3920,joint_collapse_95,0.022510231923601638,0.017053206002728513,1466,10a
66,3920,joint_direction_asymmetry,0.0013642564802182795,0.0027285129604365625,1466,10a
66,3920,joint_improvement_95,0.023874488403819918,0.019781718963165076,1466,10a
66,3920,joint_quality_style_lower_95,0.001364256480218281,0.0047748976807639835,1466,10a
66,3920,joint_quality_style_upper_95,0.0034106412005457027,0.0047748976807639835,1466,10a
66,3920,kendall_alpha_beta,-0.5474579664662964,-0.5278946216632754,1466,10a
66,3920,kendall_alpha_beta_minus_gaussian,0.004238005511843501,0.023801350314864522,1466,10a
66,3920,kendall_quality_style,-0.021089635841299303,0.027587780359362823,1466,10a
66,3920,kendall_quality_style_minus_gaussian,-0.020919983518367255,0.027757432682294872,1466,10a
66,3920,kurtosis_alpha,0.39220821573447795,-0.0669605788366665,1466,10a
66,3920,kurtosis_beta,0.022326090352916772,-0.0630396298069904,1466,10a
66,3920,kurtosis_quality,0.2578950826164723,-0.10860194125303746,1466,10a
66,3920,kurtosis_style,-0.11530923206022248,0.05047102324626751,1466,10a
66,3920,lag1_squared_alpha,0.04961286293326987,-0.04657003235456855,1466,10a
66,3920,lag1_squared_beta,-0.0320991400835491,-0.027371044131567632,1466,10a
66,3920,lag1_squared_quality,0.02280071111945298,-0.04923079232162983,1466,10a
66,3920,lag1_squared_style,-0.031874427382923995,-0.00660001217897428,1466,10a
67,3981,joint_collapse_95,0.027285129604365622,0.03137789904502047,1466,10a
67,3981,joint_direction_asymmetry,0.0027285129604365625,-0.001364256480218283,1466,10a
67,3981,joint_improvement_95,0.030013642564802184,0.030013642564802184,1466,10a
67,3981,joint_quality_style_lower_95,0.004092769440654843,0.0006821282401091405,1466,10a
67,3981,joint_quality_style_upper_95,0.0020463847203274215,0.002728512960436562,1466,10a
67,3981,kendall_alpha_beta,-0.6660579506353337,-0.6806242986650775,1466,10a
67,3981,kendall_alpha_beta_minus_gaussian,0.018835680120772413,0.004269332091028644,1466,10a
67,3981,kendall_quality_style,-0.00996512532069338,-0.06895687925166105,1466,10a
67,3981,kendall_quality_style_minus_gaussian,0.049050905255849465,-0.009940848675118207,1466,10a
67,3981,kurtosis_alpha,-0.1254732939208396,0.24193671653054283,1466,10a
67,3981,kurtosis_beta,0.14893856068999023,0.0018718710400751348,1466,10a
67,3981,kurtosis_quality,0.012839676694876179,0.1482601544926463,1466,10a
67,3981,kurtosis_style,0.09726346265790875,-0.0050865151178491885,1466,10a
67,3981,lag1_squared_alpha,-0.0006991356550894267,0.019646775291449012,1466,10a
67,3981,lag1_squared_beta,0.0016047162321543148,0.012886235780536597,1466,10a
67,3981,lag1_squared_quality,-0.0005946145554326641,0.016390917375307065,1466,10a
67,3981,lag1_squared_style,0.00940117980932204,-0.015937304932124464,1466,10a
68,4041,joint_collapse_95,0.023192360163710776,0.019099590723055934,1466,10a
68,4041,joint_direction_asymmetry,-0.0047748976807639835,0.004092769440654842,1466,10a
68,4041,joint_improvement_95,0.018417462482946793,0.023192360163710776,1466,10a
68,4041,joint_quality_style_lower_95,0.004092769440654843,0.005457025920873124,1466,10a
68,4041,joint_quality_style_upper_95,0.004092769440654843,0.002728512960436562,1466,10a
68,4041,kendall_alpha_beta,-0.5625513924262813,-0.5466440687436269,1466,10a
68,4041,kendall_alpha_beta_minus_gaussian,-0.005322665253393755,0.010584658429260596,1466,10a
68,4041,kendall_quality_style,0.04975671535463688,0.06871289618147869,1466,10a
68,4041,kendall_quality_style_minus_gaussian,0.011512087723734625,0.03046826855057643,1466,10a
68,4041,kurtosis_alpha,-0.11168277286882633,-0.1465400152592693,1466,10a
68,4041,kurtosis_beta,-0.0005697112034628304,0.01123510016774043,1466,10a
68,4041,kurtosis_quality,-0.11641756005555992,-0.13192323941638096,1466,10a
68,4041,kurtosis_style,-0.13600397848234547,-0.05792206583620407,1466,10a
68,4041,lag1_squared_alpha,0.02135494939336448,-0.023366327718200627,1466,10a
68,4041,lag1_squared_beta,0.06687628946769836,-0.04570768847878582,1466,10a
68,4041,lag1_squared_quality,0.04621402873149084,-0.060213459669525966,1466,10a
68,4041,lag1_squared_style,0.0023540151313451367,-0.049295593985755,1466,10a
69,4101,joint_collapse_95,0.021828103683492497,0.022510231923601638,1466,10a
69,4101,joint_direction_asymmetry,0.0013642564802182795,0.0027285129604365625,1466,10a
69,4101,joint_improvement_95,0.023192360163710776,0.0252387448840382,1466,10a
69,4101,joint_quality_style_lower_95,0.002728512960436562,0.0034106412005457027,1466,10a
69,4101,joint_quality_style_upper_95,0.0034106412005457027,0.0020463847203274215,1466,10a
69,4101,kendall_alpha_beta,-0.5621919364526538,-0.5559973739226798,1466,10a
69,4101,kendall_alpha_beta_minus_gaussian,-0.0074144153648122435,-0.0012198528348382753,1466,10a
69,4101,kendall_quality_style,0.04692576675404736,0.030418728959952346,1466,10a
69,4101,kendall_quality_style_minus_gaussian,0.02127590504926382,0.004768867255168806,1466,10a
69,4101,kurtosis_alpha,0.00267372296122792,-0.023158184142035854,1466,10a
69,4101,kurtosis_beta,0.16162182218513754,0.10538387228737855,1466,10a
69,4101,kurtosis_quality,0.06756830600076746,0.08602600229935442,1466,10a
69,4101,kurtosis_style,0.05405442104688429,-0.05732761432153888,1466,10a
69,4101,lag1_squared_alpha,-0.0025474111277966702,0.02922762320936513,1466,10a
69,4101,lag1_squared_beta,-0.03599784945556203,-0.02082355686192009,1466,10a
69,4101,lag1_squared_quality,-0.031803497156428356,0.00563792997050996,1466,10a
69,4101,lag1_squared_style,0.007902462657232903,0.04417002852570157,1466,10a
70,4161,joint_collapse_95,0.0286493860845839,0.030013642564802184,1466,10a
70,4161,joint_direction_asymmetry,0.002728512960436566,-0.0020463847203274245,1466,10a
70,4161,joint_improvement_95,0.03137789904502047,0.02796725784447476,1466,10a
70,4161,joint_quality_style_lower_95,0.004092769440654843,0.005457025920873124,1466,10a
70,4161,joint_quality_style_upper_95,0.0068212824010914054,0.005457025920873124,1466,10a
70,4161,kendall_alpha_beta,-0.6497725463172059,-0.687284477741201,1466,10a
70,4161,kendall_alpha_beta_minus_gaussian,0.015915400320350992,-0.021596531103644123,1466,10a
70,4161,kendall_quality_style,0.06319254641032923,0.09000460960380685,1466,10a
70,4161,kendall_quality_style_minus_gaussian,-0.0196280067198341,0.007184056473643521,1466,10a
70,4161,kurtosis_alpha,0.273392048966262,0.019303461779442976,1466,10a
70,4161,kurtosis_beta,0.15937928460401452,-0.019391881556270807,1466,10a
70,4161,kurtosis_quality,0.23878374363813393,-0.0019908687555614257,1466,10a
70,4161,kurtosis_style,0.007055957498006471,0.1057213175049605,1466,10a
70,4161,lag1_squared_alpha,0.04128288365108931,0.011837960215652634,1466,10a
70,4161,lag1_squared_beta,-0.003224143920366337,-0.022327458191025665,1466,10a
70,4161,lag1_squared_quality,0.019743409293066092,-0.011684779661960744,1466,10a
70,4161,lag1_squared_style,-0.023017337006287497,0.0262152276352448,1466,10a
71,4222,joint_collapse_95,0.02455661664392906,0.021828103683492497,1466,10a
71,4222,joint_direction_asymmetry,0.0013642564802182795,0.0006821282401091415,1466,10a
71,4222,joint_improvement_95,0.02592087312414734,0.022510231923601638,1466,10a
71,4222,joint_quality_style_lower_95,0.006139154160982265,0.0020463847203274215,1466,10a
71,4222,joint_quality_style_upper_95,0.0034106412005457027,0.0,1466,10a
71,4222,kendall_alpha_beta,-0.6098952828387709,-0.5925035736069917,1466,10a
71,4222,kendall_alpha_beta_minus_gaussian,-0.015546045047472479,0.0018456641843067612,1466,10a
71,4222,kendall_quality_style,0.008374579199046384,-0.01685625020370729,1466,10a
71,4222,kendall_quality_style_minus_gaussian,0.006212212325456176,-0.019018617077297496,1466,10a
71,4222,kurtosis_alpha,0.10012509879467224,0.07677502811156378,1466,10a
71,4222,kurtosis_beta,-0.14749797274526566,-0.08186411344471045,1466,10a
71,4222,kurtosis_quality,-0.08652892293710313,0.0049118584578882185,1466,10a
71,4222,kurtosis_style,0.06733194135393683,0.12382202246708829,1466,10a
71,4222,lag1_squared_alpha,0.09233131918102701,-0.041266637288856975,1466,10a
71,4222,lag1_squared_beta,0.06485539666286035,-0.008628887513018211,1466,10a
71,4222,lag1_squared_quality,0.08666910212242333,-0.026463298305862405,1466,10a
71,4222,lag1_squared_style,0.03486664581098458,0.003771869269335011,1466,10a
72,4282,joint_collapse_95,0.023192360163710776,0.02455661664392906,1466,10a
72,4282,joint_direction_asymmetry,0.0020463847203274245,-0.0006821282401091415,1466,10a
72,4282,joint_improvement_95,0.0252387448840382,0.023874488403819918,1466,10a
72,4282,joint_quality_style_lower_95,0.0034106412005457027,0.004092769440654843,1466,10a
72,4282,joint_quality_style_upper_95,0.004092769440654843,0.002728512960436562,1466,10a
72,4282,kendall_alpha_beta,-0.5943306529340826,-0.6169242302194451,1466,10a
72,4282,kendall_alpha_beta_minus_gaussian,0.011811265114543668,-0.01078231217081882,1466,10a
72,4282,kendall_quality_style,0.0020831684274732476,0.01648375696678761,1466,10a
72,4282,kendall_quality_style_minus_gaussian,-0.01104400190343456,0.0033565866358798036,1466,10a
72,4282,kurtosis_alpha,0.22520936571449912,-0.08202612830248013,1466,10a
72,4282,kurtosis_beta,0.06929859347085365,-0.16284552620933868,1466,10a
72,4282,kurtosis_quality,0.14616081008298742,-0.15339647171677706,1466,10a
72,4282,kurtosis_style,-0.039889198331842124,0.0917184510608835,1466,10a
72,4282,lag1_squared_alpha,0.052344394844243226,0.031625941155599434,1466,10a
72,4282,lag1_squared_beta,0.026277453605739954,0.015680150538730588,1466,10a
72,4282,lag1_squared_quality,0.044126126169146275,0.0368341646930375,1466,10a
72,4282,lag1_squared_style,-0.019462977316337872,-0.009526264841300473,1466,10a
73,4342,joint_collapse_95,0.02660300136425648,0.02455661664392906,1466,10a
73,4342,joint_direction_asymmetry,0.0006821282401091415,0.0,1466,10a
73,4342,joint_improvement_95,0.027285129604365622,0.02455661664392906,1466,10a
73,4342,joint_quality_style_lower_95,0.0020463847203274215,0.0020463847203274215,1466,10a
73,4342,joint_quality_style_upper_95,0.0020463847203274215,0.001364256480218281,1466,10a
73,4342,kendall_alpha_beta,-0.6471334317336301,-0.6161885560765288,1466,10a
73,4342,kendall_alpha_beta_minus_gaussian,-0.024577920625644678,0.006366955031456678,1466,10a
73,4342,kendall_quality_style,-0.045193673202371,-0.06095199959025743,1466,10a
73,4342,kendall_quality_style_minus_gaussian,-0.0051028285295299305,-0.020861154917416365,1466,10a
73,4342,kurtosis_alpha,0.03647019908990856,-0.010289537661107406,1466,10a
73,4342,kurtosis_beta,-0.15964119140108934,-0.19255057757981664,1466,10a
73,4342,kurtosis_quality,-0.11711922190599289,-0.1360605817309688,1466,10a
73,4342,kurtosis_style,0.03808638444228851,-0.08373639617092765,1466,10a
73,4342,lag1_squared_alpha,0.0029424559818951464,0.01096836192868768,1466,10a
73,4342,lag1_squared_beta,-0.010694325082386977,0.03938241069116561,1466,10a
73,4342,lag1_squared_quality,-0.0018664429855991633,0.024719197794986127,1466,10a
73,4342,lag1_squared_style,-0.03568867129870955,-0.0037232301299146052,1466,10a
74,4403,joint_collapse_95,0.03137789904502047,0.032060027285129605,1466,10a
74,4403,joint_direction_asymmetry,-0.002728512960436566,-0.000682128240109138,1466,10a
74,4403,joint_improvement_95,0.0286493860845839,0.03137789904502047,1466,10a
74,4403,joint_quality_style_lower_95,0.0,0.001364256480218281,1466,10a
74,4403,joint_quality_style_upper_95,0.001364256480218281,0.0034106412005457027,1466,10a
74,4403,kendall_alpha_beta,-0.6711145463265182,-0.6851910657497124,1466,10a
74,4403,kendall_alpha_beta_minus_gaussian,0.014097100575441002,2.0581152246790246e-5,1466,10a
74,4403,kendall_quality_style,-0.07706233208703295,-0.10147740130093252,1466,10a
74,4403,kendall_quality_style_minus_gaussian,0.004809910224328473,-0.019605158989571103,1466,10a
74,4403,kurtosis_alpha,0.06350944160042182,0.04720604525239391,1466,10a
74,4403,kurtosis_beta,0.06070087426654425,-0.13465129969363243,1466,10a
74,4403,kurtosis_quality,0.07768790297193329,-0.08185985718127631,1466,10a
74,4403,kurtosis_style,0.15482890726715892,0.2174269091364045,1466,10a
74,4403,lag1_squared_alpha,0.010310509073402484,0.025531806751463694,1466,10a
74,4403,lag1_squared_beta,-0.0013106940452333677,-0.0182207499857963,1466,10a
74,4403,lag1_squared_quality,0.00828380425350095,0.0028907564741458293,1466,10a
74,4403,lag1_squared_style,0.024611575224410966,-0.020398240974223165,1466,10a
75,4463,joint_collapse_95,0.02455661664392906,0.02796725784447476,1466,10a
75,4463,joint_direction_asymmetry,-0.001364256480218283,-0.002728512960436559,1466,10a
75,4463,joint_improvement_95,0.023192360163710776,0.0252387448840382,1466,10a
75,4463,joint_quality_style_lower_95,0.0020463847203274215,0.002728512960436562,1466,10a
75,4463,joint_quality_style_upper_95,0.0020463847203274215,0.0006821282401091405,1466,10a
75,4463,kendall_alpha_beta,-0.5584316172259498,-0.5840852264526073,1466,10a
75,4463,kendall_alpha_beta_minus_gaussian,0.012910367678730106,-0.012743241547927386,1466,10a
75,4463,kendall_quality_style,-0.0886338344919424,-0.0876038906918597,1466,10a
75,4463,kendall_quality_style_minus_gaussian,-0.0023234300177165657,-0.0012934862176338657,1466,10a
75,4463,kurtosis_alpha,0.05505618795774225,0.08945054352266935,1466,10a
75,4463,kurtosis_beta,-0.0013285857749263386,0.121279378044155,1466,10a
75,4463,kurtosis_quality,0.04205014686663011,0.09027639896068207,1466,10a
75,4463,kurtosis_style,-0.09431026997335179,-0.016468101122845802,1466,10a
75,4463,lag1_squared_alpha,0.037891759792840554,-0.055214875425560084,1466,10a
75,4463,lag1_squared_beta,-0.023041540160435463,-0.039899695263354906,1466,10a
75,4463,lag1_squared_quality,-0.004487784928125964,-0.055982176308805275,1466,10a
75,4463,lag1_squared_style,0.01907577485043263,-0.025679844408994,1466,10a
76,4523,joint_collapse_95,0.032060027285129605,0.023192360163710776,1466,10a
76,4523,joint_direction_asymmetry,-0.007503410641200546,0.0027285129604365625,1466,10a
76,4523,joint_improvement_95,0.02455661664392906,0.02592087312414734,1466,10a
76,4523,joint_quality_style_lower_95,0.0020463847203274215,0.001364256480218281,1466,10a
76,4523,joint_quality_style_upper_95,0.0006821282401091405,0.001364256480218281,1466,10a
76,4523,kendall_alpha_beta,-0.6331686602815119,-0.6167212214053239,1466,10a
76,4523,kendall_alpha_beta_minus_gaussian,-0.01824299564210674,-0.0017955567659188043,1466,10a
76,4523,kendall_quality_style,-0.15212716919108438,-0.09405733602149291,1466,10a
76,4523,kendall_quality_style_minus_gaussian,-0.06050998647507083,-0.0024401533054793645,1466,10a
76,4523,kurtosis_alpha,0.14189884639233963,0.11473265045737957,1466,10a
76,4523,kurtosis_beta,-0.018182968701930147,-0.159201241999523,1466,10a
76,4523,kurtosis_quality,0.05340164292176253,-0.02866893112476454,1466,10a
76,4523,kurtosis_style,-0.07384691635381069,-0.11967184056998903,1466,10a
76,4523,lag1_squared_alpha,0.02284966324715734,-0.03003575921439811,1466,10a
76,4523,lag1_squared_beta,-0.011171431272559415,-0.01524184782357452,1466,10a
76,4523,lag1_squared_quality,0.004244131830124498,-0.017956766643392234,1466,10a
76,4523,lag1_squared_style,-0.043317435290307835,0.018922957684392554,1466,10a
77,4584,joint_collapse_95,0.023192360163710776,0.023192360163710776,1466,10a
77,4584,joint_direction_asymmetry,0.003410641200545704,0.0040927694406548455,1466,10a
77,4584,joint_improvement_95,0.02660300136425648,0.027285129604365622,1466,10a
77,4584,joint_quality_style_lower_95,0.0,0.001364256480218281,1466,10a
77,4584,joint_quality_style_upper_95,0.0006821282401091405,0.0,1466,10a
77,4584,kendall_alpha_beta,-0.5705171602978083,-0.5675595639966662,1466,10a
77,4584,kendall_alpha_beta_minus_gaussian,-0.0011764918767557253,0.0017811044243863927,1466,10a
77,4584,kendall_quality_style,-0.17320656146836844,-0.18146287406469286,1466,10a
77,4584,kendall_quality_style_minus_gaussian,0.006302030106018347,-0.001954282490306075,1466,10a
77,4584,kurtosis_alpha,-0.05897762911028881,0.25292585926410194,1466,10a
77,4584,kurtosis_beta,-0.04154663370783673,0.07854220775068121,1466,10a
77,4584,kurtosis_quality,-0.04439767446799747,0.193477796733736,1466,10a
77,4584,kurtosis_style,-0.05672594143830123,-0.16361426246365252,1466,10a
77,4584,lag1_squared_alpha,0.02205657388612597,-0.03866613585381984,1466,10a
77,4584,lag1_squared_beta,0.01566826292763328,-0.037709175424601116,1466,10a
77,4584,lag1_squared_quality,0.022756800427316804,-0.04644888732921534,1466,10a
77,4584,lag1_squared_style,-0.011843014710226385,-0.0196465787828573,1466,10a
78,4644,joint_collapse_95,0.0252387448840382,0.021145975443383355,1466,10a
78,4644,joint_direction_asymmetry,-0.0020463847203274245,0.0040927694406548455,1466,10a
78,4644,joint_improvement_95,0.023192360163710776,0.0252387448840382,1466,10a
78,4644,joint_quality_style_lower_95,0.002728512960436562,0.0020463847203274215,1466,10a
78,4644,joint_quality_style_upper_95,0.0020463847203274215,0.002728512960436562,1466,10a
78,4644,kendall_alpha_beta,-0.5889648878562548,-0.5863946845215091,1466,10a
78,4644,kendall_alpha_beta_minus_gaussian,-0.003977293189868059,-0.0014070898551223898,1466,10a
78,4644,kendall_quality_style,-0.020339061968906114,-0.05986804427082126,1466,10a
78,4644,kendall_quality_style_minus_gaussian,0.032413937627014444,-0.007115044674900706,1466,10a
78,4644,kurtosis_alpha,-0.18008580518593886,0.17988826638809918,1466,10a
78,4644,kurtosis_beta,0.04281174947466759,-0.037975408135366706,1466,10a
78,4644,kurtosis_quality,-0.10056489610590624,0.06121392808155024,1466,10a
78,4644,kurtosis_style,-0.11055809779318793,0.139881175957707,1466,10a
78,4644,lag1_squared_alpha,0.031034403292259413,-0.017495840021310202,1466,10a
78,4644,lag1_squared_beta,0.07019676509781578,0.00341585896263123,1466,10a
78,4644,lag1_squared_quality,0.05337825780254122,0.001690271647763385,1466,10a
78,4644,lag1_squared_style,-0.033200003448338844,-0.0070770751360489555,1466,10a
79,4704,joint_collapse_95,0.02592087312414734,0.027285129604365622,1466,10a
79,4704,joint_direction_asymmetry,0.0027285129604365625,0.0061391541609822665,1466,10a
79,4704,joint_improvement_95,0.0286493860845839,0.03342428376534789,1466,10a
79,4704,joint_quality_style_lower_95,0.001364256480218281,0.001364256480218281,1466,10a
79,4704,joint_quality_style_upper_95,0.001364256480218281,0.001364256480218281,1466,10a
79,4704,kendall_alpha_beta,-0.6448500481913124,-0.6276650727060238,1466,10a
79,4704,kendall_alpha_beta_minus_gaussian,-0.004018333212841396,0.013166642272447238,1466,10a
79,4704,kendall_quality_style,-0.01725109303484218,-0.06888610553664631,1466,10a
79,4704,kendall_quality_style_minus_gaussian,-0.005616291605972925,-0.05725130410777706,1466,10a
79,4704,kurtosis_alpha,-0.059746896547383965,0.10089433988005103,1466,10a
79,4704,kurtosis_beta,-0.08551230985110703,-0.0575646445940472,1466,10a
79,4704,kurtosis_quality,-0.0462100932532854,0.07886790797613585,1466,10a
79,4704,kurtosis_style,-0.24685142612957645,-0.15203476669126337,1466,10a
79,4704,lag1_squared_alpha,-0.006027077045646716,-0.047413726547076804,1466,10a
79,4704,lag1_squared_beta,0.01815610277874768,0.0015607562799231434,1466,10a
79,4704,lag1_squared_quality,0.00808897755313658,-0.020257029785561913,1466,10a
79,4704,lag1_squared_style,0.010865333490111477,-0.01743793349850838,1466,10a
80,4764,joint_collapse_95,0.032060027285129605,0.027285129604365622,1466,10a
80,4764,joint_direction_asymmetry,-0.0027285129604365625,-0.001364256480218283,1466,10a
80,4764,joint_improvement_95,0.029331514324693043,0.02592087312414734,1466,10a
80,4764,joint_quality_style_lower_95,0.0068212824010914054,0.0034106412005457027,1466,10a
80,4764,joint_quality_style_upper_95,0.0034106412005457027,0.005457025920873124,1466,10a
80,4764,kendall_alpha_beta,-0.6275142129450713,-0.6492212563265649,1466,10a
80,4764,kendall_alpha_beta_minus_gaussian,0.012461841943062657,-0.009245201438430994,1466,10a
80,4764,kendall_quality_style,0.09671135033454548,0.05773365802327146,1466,10a
80,4764,kendall_quality_style_minus_gaussian,0.008857192144472698,-0.030120500166801317,1466,10a
80,4764,kurtosis_alpha,0.0712353545193758,0.10795622150721274,1466,10a
80,4764,kurtosis_beta,0.04684924508215893,-0.029828545497253778,1466,10a
80,4764,kurtosis_quality,0.12081483433585083,0.04028188276258504,1466,10a
80,4764,kurtosis_style,0.02727147075780767,-0.007810762843053265,1466,10a
80,4764,lag1_squared_alpha,0.03844963692162129,0.01023398429290741,1466,10a
80,4764,lag1_squared_beta,0.025153248122974082,0.061754976994493276,1466,10a
80,4764,lag1_squared_quality,0.03468428437912531,0.03174108457649691,1466,10a
80,4764,lag1_squared_style,-0.0071647043789992565,-0.03736822874037988,1466,10a
81,4825,joint_collapse_95,0.029331514324693043,0.0252387448840382,1466,10a
81,4825,joint_direction_asymmetry,-0.0027285129604365625,-0.0006821282401091415,1466,10a
81,4825,joint_improvement_95,0.02660300136425648,0.02455661664392906,1466,10a
81,4825,joint_quality_style_lower_95,0.004092769440654843,0.002728512960436562,1466,10a
81,4825,joint_quality_style_upper_95,0.001364256480218281,0.0034106412005457027,1466,10a
81,4825,kendall_alpha_beta,-0.5885942570855198,-0.5844241952982041,1466,10a
81,4825,kendall_alpha_beta_minus_gaussian,-0.0008216648751158129,0.0033483969121999024,1466,10a
81,4825,kendall_quality_style,0.041614013195572896,-0.015498512355134997,1466,10a
81,4825,kendall_quality_style_minus_gaussian,0.021905303883170992,-0.0352072216675369,1466,10a
81,4825,kurtosis_alpha,0.1540056067436728,-0.025787300742144303,1466,10a
81,4825,kurtosis_beta,0.06635724418678413,-0.16823399830986618,1466,10a
81,4825,kurtosis_quality,0.1266802362861572,-0.12855865138493883,1466,10a
81,4825,kurtosis_style,0.20492652853186977,0.05763558919532796,1466,10a
81,4825,lag1_squared_alpha,0.09100277404209596,-0.04180774100696817,1466,10a
81,4825,lag1_squared_beta,0.015898077906900506,-0.023018366532164835,1466,10a
81,4825,lag1_squared_quality,0.05837750753332806,-0.03660468843649459,1466,10a
81,4825,lag1_squared_style,-0.007306829046394067,-0.0027116190239395562,1466,10a
82,4885,joint_collapse_95,0.0252387448840382,0.027285129604365622,1466,10a
82,4885,joint_direction_asymmetry,-0.0040927694406548455,-0.005457025920873125,1466,10a
82,4885,joint_improvement_95,0.021145975443383355,0.021828103683492497,1466,10a
82,4885,joint_quality_style_lower_95,0.0034106412005457027,0.0020463847203274215,1466,10a
82,4885,joint_quality_style_upper_95,0.0034106412005457027,0.0047748976807639835,1466,10a
82,4885,kendall_alpha_beta,-0.580891096946021,-0.5831800678868924,1466,10a
82,4885,kendall_alpha_beta_minus_gaussian,0.004972644284382821,0.0026836733435114946,1466,10a
82,4885,kendall_quality_style,0.04044624689782972,0.040552407470351826,1466,10a
82,4885,kendall_quality_style_minus_gaussian,0.007426697858156701,0.0075328584306788085,1466,10a
82,4885,kurtosis_alpha,0.03992621951633213,0.018476804830931393,1466,10a
82,4885,kurtosis_beta,-0.09510068845524522,-0.02596740146811305,1466,10a
82,4885,kurtosis_quality,-0.05211443249030001,-0.0349288305696267,1466,10a
82,4885,kurtosis_style,0.1558812458269485,0.13424803301075672,1466,10a
82,4885,lag1_squared_alpha,-0.022279026302054483,-0.007270113128780659,1466,10a
82,4885,lag1_squared_beta,-0.009112962259038826,-0.0023036551563928543,1466,10a
82,4885,lag1_squared_quality,-0.020692347522293812,-0.005531440125736383,1466,10a
82,4885,lag1_squared_style,0.015687333582794002,-0.04272387273458504,1466,10a
83,4945,joint_collapse_95,0.030013642564802184,0.02592087312414734,1466,10a
83,4945,joint_direction_asymmetry,-0.0006821282401091415,0.0040927694406548455,1466,10a
83,4945,joint_improvement_95,0.029331514324693043,0.030013642564802184,1466,10a
83,4945,joint_quality_style_lower_95,0.0020463847203274215,0.002728512960436562,1466,10a
83,4945,joint_quality_style_upper_95,0.001364256480218281,0.0006821282401091405,1466,10a
83,4945,kendall_alpha_beta,-0.6194162099744376,-0.63009372861074,1466,10a
83,4945,kendall_alpha_beta_minus_gaussian,0.0001888591571519438,-0.010488659479150453,1466,10a
83,4945,kendall_quality_style,-0.10143270211250233,-0.10594545767778407,1466,10a
83,4945,kendall_quality_style_minus_gaussian,-0.02196387798263738,-0.026476633547919126,1466,10a
83,4945,kurtosis_alpha,0.14251833370506928,-0.18351232888935076,1466,10a
83,4945,kurtosis_beta,-0.013592666648745144,-0.1418122808659108,1466,10a
83,4945,kurtosis_quality,0.0488061508643014,-0.1962802353616948,1466,10a
83,4945,kurtosis_style,0.06858939897178651,0.057210716828203445,1466,10a
83,4945,lag1_squared_alpha,0.01333423467382724,-0.0018022447704987515,1466,10a
83,4945,lag1_squared_beta,-0.027894619112876752,0.024418193613572697,1466,10a
83,4945,lag1_squared_quality,-0.012361519084634105,0.01755714644368474,1466,10a
83,4945,lag1_squared_style,-0.0191155376551263,-0.0025723947601723383,1466,10a
84,5006,joint_collapse_95,0.032060027285129605,0.02660300136425648,1466,10a
84,5006,joint_direction_asymmetry,-0.0027285129604365625,0.002046384720327421,1466,10a
84,5006,joint_improvement_95,0.029331514324693043,0.0286493860845839,1466,10a
84,5006,joint_quality_style_lower_95,0.002728512960436562,0.0034106412005457027,1466,10a
84,5006,joint_quality_style_upper_95,0.0020463847203274215,0.0034106412005457027,1466,10a
84,5006,kendall_alpha_beta,-0.6454348625732764,-0.662351642927983,1466,10a
84,5006,kendall_alpha_beta_minus_gaussian,0.005646525482285725,-0.011270254872420837,1466,10a
84,5006,kendall_quality_style,-0.02013046575623112,0.005934748497222642,1466,10a
84,5006,kendall_quality_style_minus_gaussian,-0.030029022806929255,-0.003963808553475492,1466,10a
84,5006,kurtosis_alpha,0.1560209161525563,-0.06827153767904015,1466,10a
84,5006,kurtosis_beta,-0.04803071768228406,0.012744753367414763,1466,10a
84,5006,kurtosis_quality,0.06725101816761647,-0.040465905777903544,1466,10a
84,5006,kurtosis_style,-0.17379912055405766,-0.033597765997174456,1466,10a
84,5006,lag1_squared_alpha,0.026664512538366693,0.036157371147025094,1466,10a
84,5006,lag1_squared_beta,-0.016185334242020795,0.05186698126463206,1466,10a
84,5006,lag1_squared_quality,0.006137326170272806,0.05972423946049294,1466,10a
84,5006,lag1_squared_style,0.0036650438449798515,0.05451458141836131,1466,10a
85,5066,joint_collapse_95,0.02592087312414734,0.023192360163710776,1466,10a
85,5066,joint_direction_asymmetry,-0.0027285129604365625,0.0006821282401091415,1466,10a
85,5066,joint_improvement_95,0.023192360163710776,0.023874488403819918,1466,10a
85,5066,joint_quality_style_lower_95,0.0034106412005457027,0.004092769440654843,1466,10a
85,5066,joint_quality_style_upper_95,0.002728512960436562,0.004092769440654843,1466,10a
85,5066,kendall_alpha_beta,-0.5952283616350591,-0.6043283714130065,1466,10a
85,5066,kendall_alpha_beta_minus_gaussian,0.0035408087517316833,-0.005559201026215765,1466,10a
85,5066,kendall_quality_style,-0.07629872095134771,-0.0582830855477281,1466,10a
85,5066,kendall_quality_style_minus_gaussian,-0.01783753837820798,0.0001780970254116332,1466,10a
85,5066,kurtosis_alpha,0.19789166835639627,-0.03646848961118554,1466,10a
85,5066,kurtosis_beta,0.10873404315916035,-0.10967468414553228,1466,10a
85,5066,kurtosis_quality,0.1654356280684084,-0.09716940548476094,1466,10a
85,5066,kurtosis_style,0.09922727697303468,-0.02272540183075078,1466,10a
85,5066,lag1_squared_alpha,0.03695047432777062,0.030607978187410102,1466,10a
85,5066,lag1_squared_beta,0.054431536948497894,0.0024813028394125632,1466,10a
85,5066,lag1_squared_quality,0.057606854046540305,0.02202937305192027,1466,10a
85,5066,lag1_squared_style,-0.039271472389581154,-0.02207164117593659,1466,10a
86,5126,joint_collapse_95,0.02455661664392906,0.029331514324693043,1466,10a
86,5126,joint_direction_asymmetry,-0.002046384720327421,-0.001364256480218283,1466,10a
86,5126,joint_improvement_95,0.022510231923601638,0.02796725784447476,1466,10a
86,5126,joint_quality_style_lower_95,0.002728512960436562,0.001364256480218281,1466,10a
86,5126,joint_quality_style_upper_95,0.001364256480218281,0.001364256480218281,1466,10a
86,5126,kendall_alpha_beta,-0.5802131592548272,-0.6028346735329586,1466,10a
86,5126,kendall_alpha_beta_minus_gaussian,0.02092108902963774,-0.0017004252484936755,1466,10a
86,5126,kendall_quality_style,-0.07387192751281613,-0.07764528400281234,1466,10a
86,5126,kendall_quality_style_minus_gaussian,0.014619177569966058,0.010845821079969842,1466,10a
86,5126,kurtosis_alpha,0.1941575159190223,-0.05640754522311875,1466,10a
86,5126,kurtosis_beta,-0.00818762218396163,0.12490522327320797,1466,10a
86,5126,kurtosis_quality,0.03592974794429038,0.04524582148914469,1466,10a
86,5126,kurtosis_style,-0.15469580514983505,-0.007916850287955413,1466,10a
86,5126,lag1_squared_alpha,0.0632765025379564,0.004305208650883382,1466,10a
86,5126,lag1_squared_beta,0.05077578933021812,-0.010177009087698193,1466,10a
86,5126,lag1_squared_quality,0.08785202494259457,-0.005462235911388803,1466,10a
86,5126,lag1_squared_style,0.004112350873913562,-0.0015901888120990403,1466,10a
87,5186,joint_collapse_95,0.02455661664392906,0.021145975443383355,1466,10a
87,5186,joint_direction_asymmetry,0.0013642564802182795,0.007503410641200546,1466,10a
87,5186,joint_improvement_95,0.02592087312414734,0.0286493860845839,1466,10a
87,5186,joint_quality_style_lower_95,0.004092769440654843,0.0034106412005457027,1466,10a
87,5186,joint_quality_style_upper_95,0.002728512960436562,0.0034106412005457027,1466,10a
87,5186,kendall_alpha_beta,-0.6181124836452188,-0.6049448477201085,1466,10a
87,5186,kendall_alpha_beta_minus_gaussian,-0.023407925966401733,-0.010240290041291455,1466,10a
87,5186,kendall_quality_style,0.11222755611843427,0.09899287141067847,1466,10a
87,5186,kendall_quality_style_minus_gaussian,0.003647738994222771,-0.009586945713533024,1466,10a
87,5186,kurtosis_alpha,-0.24787274066652376,-0.1378121598164599,1466,10a
87,5186,kurtosis_beta,-0.17631619750217586,-0.056662702233561735,1466,10a
87,5186,kurtosis_quality,-0.21341442749579276,-0.11782074295836198,1466,10a
87,5186,kurtosis_style,0.24956124797514878,0.11632734788451415,1466,10a
87,5186,lag1_squared_alpha,0.008477806567727142,-0.04547538756515478,1466,10a
87,5186,lag1_squared_beta,0.007566152721169421,-0.010374398288667569,1466,10a
87,5186,lag1_squared_quality,0.00030575643194315807,-0.031988027503444746,1466,10a
87,5186,lag1_squared_style,-0.021411722239263645,0.014299822144111553,1466,10a
88,5247,joint_collapse_95,0.020463847203274217,0.019099590723055934,1466,10a
88,5247,joint_direction_asymmetry,0.002728512960436559,0.004092769440654842,1466,10a
88,5247,joint_improvement_95,0.023192360163710776,0.023192360163710776,1466,10a
88,5247,joint_quality_style_lower_95,0.001364256480218281,0.001364256480218281,1466,10a
88,5247,joint_quality_style_upper_95,0.001364256480218281,0.0006821282401091405,1466,10a
88,5247,kendall_alpha_beta,-0.5665985314454134,-0.5716122904143521,1466,10a
88,5247,kendall_alpha_beta_minus_gaussian,0.0007430784515163324,-0.004270680517422409,1466,10a
88,5247,kendall_quality_style,-0.12186209369136147,-0.1639203050719611,1466,10a
88,5247,kendall_quality_style_minus_gaussian,0.015423960577897022,-0.026634250802702597,1466,10a
88,5247,kurtosis_alpha,0.09581897163029884,-0.15088385573448093,1466,10a
88,5247,kurtosis_beta,0.17193078139691398,-0.0015643504433793254,1466,10a
88,5247,kurtosis_quality,0.17143905792698577,-0.10183568621856143,1466,10a
88,5247,kurtosis_style,0.065454682555385,0.009305275995699525,1466,10a
88,5247,lag1_squared_alpha,0.034059696676634596,0.04221017762315261,1466,10a
88,5247,lag1_squared_beta,0.04560030551613636,0.06318418519298231,1466,10a
88,5247,lag1_squared_quality,0.04329590252294961,0.06645635970137768,1466,10a
88,5247,lag1_squared_style,0.007273354341892512,0.01741106744146529,1466,10a
89,5307,joint_collapse_95,0.019781718963165076,0.020463847203274217,1466,10a
89,5307,joint_direction_asymmetry,0.0027285129604365625,-0.0020463847203274245,1466,10a
89,5307,joint_improvement_95,0.022510231923601638,0.018417462482946793,1466,10a
89,5307,joint_quality_style_lower_95,0.0006821282401091405,0.001364256480218281,1466,10a
89,5307,joint_quality_style_upper_95,0.0020463847203274215,0.0,1466,10a
89,5307,kendall_alpha_beta,-0.5346982106356131,-0.5132928867760245,1466,10a
89,5307,kendall_alpha_beta_minus_gaussian,-0.0031329217115454444,0.018272402148043154,1466,10a
89,5307,kendall_quality_style,-0.13189333656160795,-0.15652817678529019,1466,10a
89,5307,kendall_quality_style_minus_gaussian,0.01738730840185712,-0.0072475318218251095,1466,10a
89,5307,kurtosis_alpha,0.32199303059874085,-0.08035127954929333,1466,10a
89,5307,kurtosis_beta,0.1768780346358656,-0.0586672718187593,1466,10a
89,5307,kurtosis_quality,0.29700726029684166,-0.12853495401904702,1466,10a
89,5307,kurtosis_style,0.04064599735625585,-0.05474905099343674,1466,10a
89,5307,lag1_squared_alpha,0.05139289961064977,-0.003824050842510571,1466,10a
89,5307,lag1_squared_beta,0.025618337090806513,0.01715623093751336,1466,10a
89,5307,lag1_squared_quality,0.05622587963531769,0.0072334255830174225,1466,10a
89,5307,lag1_squared_style,0.02235615158267867,0.048151240047548484,1466,10a
90,5367,joint_collapse_95,0.029331514324693043,0.0252387448840382,1466,10a
90,5367,joint_direction_asymmetry,-0.0006821282401091415,-0.0006821282401091415,1466,10a
90,5367,joint_improvement_95,0.0286493860845839,0.02455661664392906,1466,10a
90,5367,joint_quality_style_lower_95,0.008185538881309686,0.007503410641200546,1466,10a
90,5367,joint_quality_style_upper_95,0.0047748976807639835,0.0068212824010914054,1466,10a
90,5367,kendall_alpha_beta,-0.6401398712104633,-0.6393855724057009,1466,10a
90,5367,kendall_alpha_beta_minus_gaussian,0.004225608650406443,0.004979907455168853,1466,10a
90,5367,kendall_quality_style,0.12505436073176301,0.116568964794733,1466,10a
90,5367,kendall_quality_style_minus_gaussian,0.00873623834837689,0.00025084241134687435,1466,10a
90,5367,kurtosis_alpha,0.29744029646548986,0.0027904516210424113,1466,10a
90,5367,kurtosis_beta,0.2818050507765282,-0.22657218592312534,1466,10a
90,5367,kurtosis_quality,0.3400556726270598,-0.16477898792901202,1466,10a
90,5367,kurtosis_style,-0.004600594754742282,-0.12098362574936905,1466,10a
90,5367,lag1_squared_alpha,0.030875916649673537,0.03385233126270529,1466,10a
90,5367,lag1_squared_beta,0.024787004585575048,0.014264250694071258,1466,10a
90,5367,lag1_squared_quality,0.032085869178656815,0.029589907791457974,1466,10a
90,5367,lag1_squared_style,-0.0035206971297612613,9.586413659471266e-5,1466,10a
91,5428,joint_collapse_95,0.027285129604365622,0.02796725784447476,1466,10a
91,5428,joint_direction_asymmetry,0.0,0.0020463847203274245,1466,10a
91,5428,joint_improvement_95,0.027285129604365622,0.030013642564802184,1466,10a
91,5428,joint_quality_style_lower_95,0.0034106412005457027,0.006139154160982265,1466,10a
91,5428,joint_quality_style_upper_95,0.008185538881309686,0.0068212824010914054,1466,10a
91,5428,kendall_alpha_beta,-0.6645493530258091,-0.638143307460574,1466,10a
91,5428,kendall_alpha_beta_minus_gaussian,-0.015834968816190176,0.010571076749044894,1466,10a
91,5428,kendall_quality_style,0.13458646266453722,0.17211888121656294,1466,10a
91,5428,kendall_quality_style_minus_gaussian,-0.031159643458728986,0.006372775093296729,1466,10a
91,5428,kurtosis_alpha,0.08315589373509757,-0.02032919982760939,1466,10a
91,5428,kurtosis_beta,0.1294177588164107,-0.06929324589416153,1466,10a
91,5428,kurtosis_quality,0.07388032953245904,-0.02408821230653091,1466,10a
91,5428,kurtosis_style,0.02102360008751658,-0.009084841077728001,1466,10a
91,5428,lag1_squared_alpha,0.024525990863806153,0.016181003237931032,1466,10a
91,5428,lag1_squared_beta,0.023644551661776654,0.002330069942288207,1466,10a
91,5428,lag1_squared_quality,0.027505659262169992,-0.0003219467274094303,1466,10a
91,5428,lag1_squared_style,-0.019470918228804764,0.040691917799548095,1466,10a
92,5488,joint_collapse_95,0.022510231923601638,0.027285129604365622,1466,10a
92,5488,joint_direction_asymmetry,0.0013642564802182795,-0.0027285129604365625,1466,10a
92,5488,joint_improvement_95,0.023874488403819918,0.02455661664392906,1466,10a
92,5488,joint_quality_style_lower_95,0.001364256480218281,0.0006821282401091405,1466,10a
92,5488,joint_quality_style_upper_95,0.001364256480218281,0.0006821282401091405,1466,10a
92,5488,kendall_alpha_beta,-0.5920938310463801,-0.5866461174564299,1466,10a
92,5488,kendall_alpha_beta_minus_gaussian,-0.005104137395317454,0.00034357619463276645,1466,10a
92,5488,kendall_quality_style,-0.16843306063724284,-0.17708235359851754,1466,10a
92,5488,kendall_quality_style_minus_gaussian,0.018299035989718382,0.00964974302844368,1466,10a
92,5488,kurtosis_alpha,-0.07009115741739391,0.036437453414207344,1466,10a
92,5488,kurtosis_beta,-0.1975916422895172,-0.08682885062412105,1466,10a
92,5488,kurtosis_quality,-0.13264426698103993,-0.008257192602756813,1466,10a
92,5488,kurtosis_style,-0.02290702212635276,0.0007744658825403761,1466,10a
92,5488,lag1_squared_alpha,0.027194671430902376,-0.015147603925830337,1466,10a
92,5488,lag1_squared_beta,-0.0011774716484598674,0.025568567918858684,1466,10a
92,5488,lag1_squared_quality,0.00043246795479171034,-0.0010246583858839141,1466,10a
92,5488,lag1_squared_style,0.028279470739007113,0.014824182493233074,1466,10a
93,5548,joint_collapse_95,0.02592087312414734,0.021828103683492497,1466,10a
93,5548,joint_direction_asymmetry,0.0006821282401091415,0.008185538881309688,1466,10a
93,5548,joint_improvement_95,0.02660300136425648,0.030013642564802184,1466,10a
93,5548,joint_quality_style_lower_95,0.0047748976807639835,0.007503410641200546,1466,10a
93,5548,joint_quality_style_upper_95,0.005457025920873124,0.0068212824010914054,1466,10a
93,5548,kendall_alpha_beta,-0.5718134367622887,-0.5603331952004247,1466,10a
93,5548,kendall_alpha_beta_minus_gaussian,0.010234769999548643,0.021715011561412645,1466,10a
93,5548,kendall_quality_style,0.11375291592362025,0.13120608653949128,1466,10a
93,5548,kendall_quality_style_minus_gaussian,-0.022431035844267727,-0.0049778652283966884,1466,10a
93,5548,kurtosis_alpha,0.03262900516360778,0.11370020454673924,1466,10a
93,5548,kurtosis_beta,0.01793580295204622,-0.07814552381461626,1466,10a
93,5548,kurtosis_quality,0.07651241359470395,0.029699627589403477,1466,10a
93,5548,kurtosis_style,-0.07179637145921891,0.05274714817187531,1466,10a
93,5548,lag1_squared_alpha,-0.008804978740199731,-0.027890216098565557,1466,10a
93,5548,lag1_squared_beta,-0.005209420357190875,-0.03248285500058566,1466,10a
93,5548,lag1_squared_quality,-0.0008147612165809604,-0.0321978200777787,1466,10a
93,5548,lag1_squared_style,-0.011892245850471939,0.05128679574767244,1466,10a
94,5609,joint_collapse_95,0.030013642564802184,0.03274215552523874,1466,10a
94,5609,joint_direction_asymmetry,0.0,-0.000682128240109138,1466,10a
94,5609,joint_improvement_95,0.030013642564802184,0.032060027285129605,1466,10a
94,5609,joint_quality_style_lower_95,0.0020463847203274215,0.001364256480218281,1466,10a
94,5609,joint_quality_style_upper_95,0.0,0.0020463847203274215,1466,10a
94,5609,kendall_alpha_beta,-0.6737201365187713,-0.66326983875699,1466,10a
94,5609,kendall_alpha_beta_minus_gaussian,-0.00732704382083027,0.003123253940951032,1466,10a
94,5609,kendall_quality_style,-0.0858494475459679,-0.06567707630058339,1466,10a
94,5609,kendall_quality_style_minus_gaussian,-0.025301818547936915,-0.005129447302552402,1466,10a
94,5609,kurtosis_alpha,0.14075695137405653,0.10597969127313434,1466,10a
94,5609,kurtosis_beta,0.0932733467235356,0.1254270229968375,1466,10a
94,5609,kurtosis_quality,0.12047683620315164,0.17568137056542854,1466,10a
94,5609,kurtosis_style,0.10630279573454748,-0.10116930237184807,1466,10a
94,5609,lag1_squared_alpha,0.005413254218063001,-0.022376031907630222,1466,10a
94,5609,lag1_squared_beta,-0.009271085633813052,0.015138289194956769,1466,10a
94,5609,lag1_squared_quality,-0.006003779749400929,-0.0030024205989426112,1466,10a
94,5609,lag1_squared_style,0.013018850696499041,0.02543986044059752,1466,10a
95,5669,joint_collapse_95,0.023874488403819918,0.02592087312414734,1466,10a
95,5669,joint_direction_asymmetry,0.002046384720327421,-0.0013642564802182795,1466,10a
95,5669,joint_improvement_95,0.02592087312414734,0.02455661664392906,1466,10a
95,5669,joint_quality_style_lower_95,0.002728512960436562,0.0020463847203274215,1466,10a
95,5669,joint_quality_style_upper_95,0.002728512960436562,0.0020463847203274215,1466,10a
95,5669,kendall_alpha_beta,-0.5712826338996781,-0.5667773281991348,1466,10a
95,5669,kendall_alpha_beta_minus_gaussian,0.002594973417351376,0.007100279117894681,1466,10a
95,5669,kendall_quality_style,0.031880764914862025,-0.015653097048456743,1466,10a
95,5669,kendall_quality_style_minus_gaussian,0.01732813510936056,-0.03020572685395821,1466,10a
95,5669,kurtosis_alpha,0.0654697726764435,-0.05563348505393151,1466,10a
95,5669,kurtosis_beta,0.14293465014244777,-0.009519377694561015,1466,10a
95,5669,kurtosis_quality,0.10843355717411285,-0.004054139495983211,1466,10a
95,5669,kurtosis_style,0.09033513246461222,-0.020938771648385757,1466,10a
95,5669,lag1_squared_alpha,0.06117038981284036,-0.013580173019058851,1466,10a
95,5669,lag1_squared_beta,0.0433651182245081,-0.008332434582962102,1466,10a
95,5669,lag1_squared_quality,0.06324081592121959,-0.007982646803643979,1466,10a
95,5669,lag1_squared_style,0.007236437046220053,0.013656943952368519,1466,10a
96,5729,joint_collapse_95,0.02796725784447476,0.027285129604365622,1466,10a
96,5729,joint_direction_asymmetry,-0.0034106412005457006,-0.002046384720327421,1466,10a
96,5729,joint_improvement_95,0.02455661664392906,0.0252387448840382,1466,10a
96,5729,joint_quality_style_lower_95,0.002728512960436562,0.0006821282401091405,1466,10a
96,5729,joint_quality_style_upper_95,0.0006821282401091405,0.0006821282401091405,1466,10a
96,5729,kendall_alpha_beta,-0.6332636460569263,-0.6116720755788778,1466,10a
96,5729,kendall_alpha_beta_minus_gaussian,-0.005575509973836823,0.01601606050421167,1466,10a
96,5729,kendall_quality_style,-0.09131764826394861,-0.0876485898802899,1466,10a
96,5729,kendall_quality_style_minus_gaussian,-0.003928798009876347,-0.00025973962621762825,1466,10a
96,5729,kurtosis_alpha,0.12075913235112301,-0.048039385341640095,1466,10a
96,5729,kurtosis_beta,0.2413041386564756,0.0013214607374303355,1466,10a
96,5729,kurtosis_quality,0.1795187363545132,0.007634608255661757,1466,10a
96,5729,kurtosis_style,0.24770788624495887,0.030808760164696025,1466,10a
96,5729,lag1_squared_alpha,0.052790974258217195,-0.02616210381977689,1466,10a
96,5729,lag1_squared_beta,-0.016271720916648753,0.0006385652559053049,1466,10a
96,5729,lag1_squared_quality,0.021848381050003512,-0.017471217154928147,1466,10a
96,5729,lag1_squared_style,-0.01987126046224016,-0.024499802481044802,1466,10a
97,5789,joint_collapse_95,0.030695770804911322,0.02660300136425648,1466,10a
97,5789,joint_direction_asymmetry,-0.005457025920873122,0.0027285129604365625,1466,10a
97,5789,joint_improvement_95,0.0252387448840382,0.029331514324693043,1466,10a
97,5789,joint_quality_style_lower_95,0.008867667121418827,0.008185538881309686,1466,10a
97,5789,joint_quality_style_upper_95,0.007503410641200546,0.006139154160982265,1466,10a
97,5789,kendall_alpha_beta,-0.6473066410887978,-0.6271491695728899,1466,10a
97,5789,kendall_alpha_beta_minus_gaussian,-0.0006324902328687099,0.019524981283039144,1466,10a
97,5789,kendall_quality_style,0.17385469970060852,0.15647602773212144,1466,10a
97,5789,kendall_quality_style_minus_gaussian,0.005610890646196187,-0.011767781322290893,1466,10a
97,5789,kurtosis_alpha,0.09406165949341716,0.18060964690410009,1466,10a
97,5789,kurtosis_beta,-0.09512219108465203,0.07413727187735564,1466,10a
97,5789,kurtosis_quality,0.04070468890159429,0.1181872707909406,1466,10a
97,5789,kurtosis_style,-0.2455539893409595,-0.03799220501341427,1466,10a
97,5789,lag1_squared_alpha,0.019544087813828524,-0.025195616667292395,1466,10a
97,5789,lag1_squared_beta,0.08326065673500611,-0.020971656430911607,1466,10a
97,5789,lag1_squared_quality,0.05937233208524145,-0.022520062539801076,1466,10a
97,5789,lag1_squared_style,0.025194246493889984,0.0018554343353070631,1466,10a
98,5850,joint_collapse_95,0.02592087312414734,0.023192360163710776,1466,10a
98,5850,joint_direction_asymmetry,0.002046384720327421,0.0027285129604365625,1466,10a
98,5850,joint_improvement_95,0.02796725784447476,0.02592087312414734,1466,10a
98,5850,joint_quality_style_lower_95,0.001364256480218281,0.004092769440654843,1466,10a
98,5850,joint_quality_style_upper_95,0.0020463847203274215,0.0020463847203274215,1466,10a
98,5850,kendall_alpha_beta,-0.5913078703164796,-0.5936378155134121,1466,10a
98,5850,kendall_alpha_beta_minus_gaussian,-0.0066087028049579555,-0.008938648001890481,1466,10a
98,5850,kendall_quality_style,-0.029010704524395914,-0.05205686109261576,1466,10a
98,5850,kendall_quality_style_minus_gaussian,0.004199207884253646,-0.0188469486839662,1466,10a
98,5850,kurtosis_alpha,0.41097713990946483,0.22537837866786692,1466,10a
98,5850,kurtosis_beta,0.5112875745238377,0.004935489035847507,1466,10a
98,5850,kurtosis_quality,0.58545223406963,0.07516336507239219,1466,10a
98,5850,kurtosis_style,0.14767516789460222,-0.0006673511388992637,1466,10a
98,5850,lag1_squared_alpha,0.012881411143589152,0.005793163511096077,1466,10a
98,5850,lag1_squared_beta,0.009551831096561164,0.00640739422851092,1466,10a
98,5850,lag1_squared_quality,0.015963898729611067,0.011317003840918638,1466,10a
98,5850,lag1_squared_style,0.0025968121242973138,-0.02297036536573126,1466,10a
99,5910,joint_collapse_95,0.027285129604365622,0.030695770804911322,1466,10a
99,5910,joint_direction_asymmetry,0.0034106412005457006,-0.0047748976807639835,1466,10a
99,5910,joint_improvement_95,0.030695770804911322,0.02592087312414734,1466,10a
99,5910,joint_quality_style_lower_95,0.004092769440654843,0.0,1466,10a
99,5910,joint_quality_style_upper_95,0.0034106412005457027,0.002728512960436562,1466,10a
99,5910,kendall_alpha_beta,-0.6594908948684401,-0.667758382261872,1466,10a
99,5910,kendall_alpha_beta_minus_gaussian,0.0049707454800432815,-0.003296741913388579,1466,10a
99,5910,kendall_quality_style,0.02230582625984201,0.027246949047581404,1466,10a
99,5910,kendall_quality_style_minus_gaussian,0.01740868966433469,0.022349812452074083,1466,10a
99,5910,kurtosis_alpha,0.15845724413049123,-0.11060316054875674,1466,10a
99,5910,kurtosis_beta,0.1735381553886728,0.05019899564880825,1466,10a
99,5910,kurtosis_quality,0.20448969409349926,-0.02021617356063521,1466,10a
99,5910,kurtosis_style,-0.17654047718023724,-0.0924255944173531,1466,10a
99,5910,lag1_squared_alpha,0.09849653983119369,0.0006412285452986659,1466,10a
99,5910,lag1_squared_beta,0.11850356417878907,-0.026683698777679052,1466,10a
99,5910,lag1_squared_quality,0.1181471616553976,-0.014625710782935473,1466,10a
99,5910,lag1_squared_style,-0.04040826329981561,0.006602520213425894,1466,10a
100,5970,joint_collapse_95,0.02592087312414734,0.029331514324693043,1466,10a
100,5970,joint_direction_asymmetry,0.0,0.0006821282401091415,1466,10a
100,5970,joint_improvement_95,0.02592087312414734,0.030013642564802184,1466,10a
100,5970,joint_quality_style_lower_95,0.002728512960436562,0.002728512960436562,1466,10a
100,5970,joint_quality_style_upper_95,0.0034106412005457027,0.004092769440654843,1466,10a
100,5970,kendall_alpha_beta,-0.6061088890854824,-0.5800734742909823,1466,10a
100,5970,kendall_alpha_beta_minus_gaussian,-0.014897310086943172,0.01113810470755694,1466,10a
100,5970,kendall_quality_style,0.03204466193910671,0.036568592301496006,1466,10a
100,5970,kendall_quality_style_minus_gaussian,0.03170351108895138,0.03622744145134067,1466,10a
100,5970,kurtosis_alpha,0.2764477970883594,0.17917794664335407,1466,10a
100,5970,kurtosis_beta,0.13979052614412923,0.019396899559580127,1466,10a
100,5970,kurtosis_quality,0.23360499988147376,0.14685132496053477,1466,10a
100,5970,kurtosis_style,0.00847021779179924,0.10797896477903235,1466,10a
100,5970,lag1_squared_alpha,0.055467726189069866,-0.002819526922351934,1466,10a
100,5970,lag1_squared_beta,0.03549439496124593,-0.015301661084162236,1466,10a
100,5970,lag1_squared_quality,0.04599979072248461,-0.0076220493141960196,1466,10a
100,5970,lag1_squared_style,-0.013194528156458933,0.008019383447115334,1466,10a
101,6031,joint_collapse_95,0.027285129604365622,0.020463847203274217,1466,10a
101,6031,joint_direction_asymmetry,-0.0047748976807639835,0.0,1466,10a
101,6031,joint_improvement_95,0.022510231923601638,0.020463847203274217,1466,10a
101,6031,joint_quality_style_lower_95,0.004092769440654843,0.0006821282401091405,1466,10a
101,6031,joint_quality_style_upper_95,0.001364256480218281,0.0034106412005457027,1466,10a
101,6031,kendall_alpha_beta,-0.536020561626678,-0.5545241631706623,1466,10a
101,6031,kendall_alpha_beta_minus_gaussian,0.011363601833764059,-0.0071399997102202795,1466,10a
101,6031,kendall_quality_style,-0.05852893108409507,-0.05504053192034242,1466,10a
101,6031,kendall_quality_style_minus_gaussian,-0.004164828601310337,-0.0006764294375576838,1466,10a
101,6031,kurtosis_alpha,0.174080896293201,0.022085044448523217,1466,10a
101,6031,kurtosis_beta,0.01090143183819503,-0.09096744564419623,1466,10a
101,6031,kurtosis_quality,0.12460942884763693,-0.06904599589750848,1466,10a
101,6031,kurtosis_style,0.04948404183803756,0.010473587308524657,1466,10a
101,6031,lag1_squared_alpha,0.06660551839016438,0.0005237863043805663,1466,10a
101,6031,lag1_squared_beta,-0.01822696079065952,0.039239857773603184,1466,10a
101,6031,lag1_squared_quality,0.017303104192934994,0.020546406929800726,1466,10a
101,6031,lag1_squared_style,-0.02255707815807987,-0.013159200195735781,1466,10a
102,6091,joint_collapse_95,0.023192360163710776,0.023192360163710776,1466,10a
102,6091,joint_direction_asymmetry,0.0,-0.000682128240109138,1466,10a
102,6091,joint_improvement_95,0.023192360163710776,0.022510231923601638,1466,10a
102,6091,joint_quality_style_lower_95,0.006139154160982265,0.0020463847203274215,1466,10a
102,6091,joint_quality_style_upper_95,0.004092769440654843,0.002728512960436562,1466,10a
102,6091,kendall_alpha_beta,-0.5739198860170696,-0.5769314938375649,1466,10a
102,6091,kendall_alpha_beta_minus_gaussian,0.013194796081193894,0.010183188260698528,1466,10a
102,6091,kendall_quality_style,0.03641400760817437,0.055092680973511055,1466,10a
102,6091,kendall_quality_style_minus_gaussian,-0.006186032080122021,0.012492641285214663,1466,10a
102,6091,kurtosis_alpha,0.09734064276757648,-0.05495559098974345,1466,10a
102,6091,kurtosis_beta,0.09468977183650784,0.09826189245973982,1466,10a
102,6091,kurtosis_quality,0.09890752656338764,0.05251243381479709,1466,10a
102,6091,kurtosis_style,0.12105988318146021,-0.037818722918657066,1466,10a
102,6091,lag1_squared_alpha,0.03101382690495561,0.031944399818582235,1466,10a
102,6091,lag1_squared_beta,0.019229178423390048,-0.015209743134199245,1466,10a
102,6091,lag1_squared_quality,0.0303967781243635,0.0023975029181559243,1466,10a
102,6091,lag1_squared_style,0.04619478213357983,-0.0027451584267704668,1466,10a
103,6151,joint_collapse_95,0.02592087312414734,0.0286493860845839,1466,10a
103,6151,joint_direction_asymmetry,0.0027285129604365625,0.002728512960436566,1466,10a
103,6151,joint_improvement_95,0.0286493860845839,0.03137789904502047,1466,10a
103,6151,joint_quality_style_lower_95,0.007503410641200546,0.0068212824010914054,1466,10a
103,6151,joint_quality_style_upper_95,0.007503410641200546,0.008185538881309686,1466,10a
103,6151,kendall_alpha_beta,-0.6439467520917823,-0.6572540729807375,1466,10a
103,6151,kendall_alpha_beta_minus_gaussian,0.012550894785434252,-0.0007564261035208908,1466,10a
103,6151,kendall_quality_style,0.1778515521327566,0.17585126345049795,1466,10a
103,6151,kendall_quality_style_minus_gaussian,0.012930045703674564,0.010929757021415909,1466,10a
103,6151,kurtosis_alpha,0.13075123313308534,-0.00447362128977824,1466,10a
103,6151,kurtosis_beta,0.0762140385587835,0.13928435543745454,1466,10a
103,6151,kurtosis_quality,0.09476409647778761,0.059439473924241426,1466,10a
103,6151,kurtosis_style,0.06631767276785583,-0.1311068086081808,1466,10a
103,6151,lag1_squared_alpha,-0.019169622573583737,-0.012152039773693389,1466,10a
103,6151,lag1_squared_beta,-0.02461011846614012,0.012553501813452285,1466,10a
103,6151,lag1_squared_quality,-0.027498256352718787,0.0024190700919379275,1466,10a
103,6151,lag1_squared_style,-0.017293825481100186,-0.03319109614100326,1466,10a
104,6212,joint_collapse_95,0.02592087312414734,0.02455661664392906,1466,10a
104,6212,joint_direction_asymmetry,-0.000682128240109138,0.002046384720327421,1466,10a
104,6212,joint_improvement_95,0.0252387448840382,0.02660300136425648,1466,10a
104,6212,joint_quality_style_lower_95,0.0034106412005457027,0.001364256480218281,1466,10a
104,6212,joint_quality_style_upper_95,0.004092769440654843,0.002728512960436562,1466,10a
104,6212,kendall_alpha_beta,-0.5878902448677417,-0.6072431309919029,1466,10a
104,6212,kendall_alpha_beta_minus_gaussian,0.004406242284986872,-0.014946643839174323,1466,10a
104,6212,kendall_quality_style,0.060484520577923306,0.12155106183853348,1466,10a
104,6212,kendall_quality_style_minus_gaussian,-0.006982991626786547,0.05408354963382363,1466,10a
104,6212,kurtosis_alpha,-0.04703271742633053,-0.1196734203312908,1466,10a
104,6212,kurtosis_beta,0.06164418866259247,0.0288267509786988,1466,10a
104,6212,kurtosis_quality,0.005121436908343657,-0.016825551128408556,1466,10a
104,6212,kurtosis_style,0.04799895872738391,-0.05042822799621227,1466,10a
104,6212,lag1_squared_alpha,0.012428523192041234,-0.06554719137116126,1466,10a
104,6212,lag1_squared_beta,0.04494270395831853,-0.010280658386010073,1466,10a
104,6212,lag1_squared_quality,0.030890206611723016,-0.04054664370224696,1466,10a
104,6212,lag1_squared_style,-0.008173894476298089,-0.048824043594861824,1466,10a
105,6272,joint_collapse_95,0.030013642564802184,0.02592087312414734,1466,10a
105,6272,joint_direction_asymmetry,-0.001364256480218283,0.0006821282401091415,1466,10a
105,6272,joint_improvement_95,0.0286493860845839,0.02660300136425648,1466,10a
105,6272,joint_quality_style_lower_95,0.009549795361527967,0.006139154160982265,1466,10a
105,6272,joint_quality_style_upper_95,0.005457025920873124,0.006139154160982265,1466,10a
105,6272,kendall_alpha_beta,-0.6076323864244839,-0.6095414142636972,1466,10a
105,6272,kendall_alpha_beta_minus_gaussian,-0.017773238419083404,-0.01968226625829672,1466,10a
105,6272,kendall_quality_style,0.21578253844828632,0.19406804520205434,1466,10a
105,6272,kendall_quality_style_minus_gaussian,0.04731785348949108,0.0256033602432591,1466,10a
105,6272,kurtosis_alpha,0.008812042805186326,-0.16119624969580482,1466,10a
105,6272,kurtosis_beta,0.1965885666839431,-0.12696629910866575,1466,10a
105,6272,kurtosis_quality,0.1312902259607971,-0.15750676753419146,1466,10a
105,6272,kurtosis_style,0.11326452797558684,-0.056662780951412195,1466,10a
105,6272,lag1_squared_alpha,0.04272164857052593,-0.00834499612690923,1466,10a
105,6272,lag1_squared_beta,0.01625471261061563,0.008049204933322791,1466,10a
105,6272,lag1_squared_quality,0.032065973790309885,0.009434268719084482,1466,10a
105,6272,lag1_squared_style,-0.022902218409118203,-0.0271179407297996,1466,10a
106,6332,joint_collapse_95,0.027285129604365622,0.027285129604365622,1466,10a
106,6332,joint_direction_asymmetry,0.002046384720327421,0.0013642564802182795,1466,10a
106,6332,joint_improvement_95,0.029331514324693043,0.0286493860845839,1466,10a
106,6332,joint_quality_style_lower_95,0.001364256480218281,0.0006821282401091405,1466,10a
106,6332,joint_quality_style_upper_95,0.0020463847203274215,0.0020463847203274215,1466,10a
106,6332,kendall_alpha_beta,-0.6482117996545125,-0.647982716313807,1466,10a
106,6332,kendall_alpha_beta_minus_gaussian,-0.002137134576866373,-0.0019080512361608903,1466,10a
106,6332,kendall_quality_style,-0.040921175774902396,-0.031962713426984424,1466,10a
106,6332,kendall_quality_style_minus_gaussian,0.00029902290216355515,0.009257485250081528,1466,10a
106,6332,kurtosis_alpha,0.044989615770119507,-0.08510754579046331,1466,10a
106,6332,kurtosis_beta,-0.0662839869267362,0.14104022072213374,1466,10a
106,6332,kurtosis_quality,-0.0013553121587825956,0.030077178513577607,1466,10a
106,6332,kurtosis_style,-0.035406009317316745,-0.19225725368170954,1466,10a
106,6332,lag1_squared_alpha,0.00460879061222049,-0.004359151057194962,1466,10a
106,6332,lag1_squared_beta,-0.0033201347506910126,-0.03234865672204261,1466,10a
106,6332,lag1_squared_quality,0.003925342944188486,-0.021461774155455384,1466,10a
106,6332,lag1_squared_style,0.008390196314657514,0.012290721857822536,1466,10a
107,6392,joint_collapse_95,0.021145975443383355,0.027285129604365622,1466,10a
107,6392,joint_direction_asymmetry,0.0027285129604365625,-0.0040927694406548455,1466,10a
107,6392,joint_improvement_95,0.023874488403819918,0.023192360163710776,1466,10a
107,6392,joint_quality_style_lower_95,0.005457025920873124,0.005457025920873124,1466,10a
107,6392,joint_quality_style_upper_95,0.0047748976807639835,0.002728512960436562,1466,10a
107,6392,kendall_alpha_beta,-0.6111449976486365,-0.6125697842798541,1466,10a
107,6392,kendall_alpha_beta_minus_gaussian,-0.0025980173092710057,-0.004022803940488595,1466,10a
107,6392,kendall_quality_style,0.08302594881011693,0.1246110937798286,1466,10a
107,6392,kendall_quality_style_minus_gaussian,-0.02298887625918558,0.01859626871052608,1466,10a
107,6392,kurtosis_alpha,-0.2827459244223234,-0.010889686998499126,1466,10a
107,6392,kurtosis_beta,-0.2671120739675281,0.046894055990057915,1466,10a
107,6392,kurtosis_quality,-0.3422375764837793,0.04800435383498547,1466,10a
107,6392,kurtosis_style,-0.11969993200952,-0.055397713238467094,1466,10a
107,6392,lag1_squared_alpha,0.05655301768508777,-0.042945854515326926,1466,10a
107,6392,lag1_squared_beta,0.008818076630222839,-0.02059397818452837,1466,10a
107,6392,lag1_squared_quality,0.04114645537978166,-0.037524805635391595,1466,10a
107,6392,lag1_squared_style,-0.05519935335179692,0.013560226950386592,1466,10a
108,6453,joint_collapse_95,0.0252387448840382,0.019781718963165076,1466,10a
108,6453,joint_direction_asymmetry,0.0013642564802182795,0.004092769440654842,1466,10a
108,6453,joint_improvement_95,0.02660300136425648,0.023874488403819918,1466,10a
108,6453,joint_quality_style_lower_95,0.001364256480218281,0.0,1466,10a
108,6453,joint_quality_style_upper_95,0.0006821282401091405,0.0020463847203274215,1466,10a
108,6453,kendall_alpha_beta,-0.565719447406283,-0.5380227127751211,1466,10a
108,6453,kendall_alpha_beta_minus_gaussian,-0.00805626165569262,0.019640472975469225,1466,10a
108,6453,kendall_quality_style,-0.08719973552980176,-0.08671549432180625,1466,10a
108,6453,kendall_quality_style_minus_gaussian,-0.013767884353335369,-0.013283643145339863,1466,10a
108,6453,kurtosis_alpha,0.07999342632947037,0.015873538283339705,1466,10a
108,6453,kurtosis_beta,-0.04655045863382634,0.15411745572820656,1466,10a
108,6453,kurtosis_quality,0.04406216387227824,0.10175864745576213,1466,10a
108,6453,kurtosis_style,0.028484992682566546,0.36823163615548893,1466,10a
108,6453,lag1_squared_alpha,-0.015327432514359106,-0.004829366153888285,1466,10a
108,6453,lag1_squared_beta,0.015111526874980736,-0.032690314081992924,1466,10a
108,6453,lag1_squared_quality,0.006257525341555933,-0.031668791782566756,1466,10a
108,6453,lag1_squared_style,-0.017339559342479723,-0.018155578693219446,1466,10a
109,6513,joint_collapse_95,0.030013642564802184,0.02796725784447476,1466,10a
109,6513,joint_direction_asymmetry,0.002728512960436559,0.0020463847203274245,1466,10a
109,6513,joint_improvement_95,0.03274215552523874,0.030013642564802184,1466,10a
109,6513,joint_quality_style_lower_95,0.0006821282401091405,0.0020463847203274215,1466,10a
109,6513,joint_quality_style_upper_95,0.001364256480218281,0.0,1466,10a
109,6513,kendall_alpha_beta,-0.6354147945001374,-0.6388380073474291,1466,10a
109,6513,kendall_alpha_beta_minus_gaussian,0.014474311043454091,0.011051098196162346,1466,10a
109,6513,kendall_quality_style,-0.1119835730482519,-0.11388701348891139,1466,10a
109,6513,kendall_quality_style_minus_gaussian,-0.006702008725024647,-0.008605449165684134,1466,10a
109,6513,kurtosis_alpha,0.24290909181501696,0.09530416421715904,1466,10a
109,6513,kurtosis_beta,0.15001268783588317,-0.017957770634143166,1466,10a
109,6513,kurtosis_quality,0.21668510947933228,0.0687981500718724,1466,10a
109,6513,kurtosis_style,0.09509582551583495,-0.0984550319659383,1466,10a
109,6513,lag1_squared_alpha,0.022096013577138886,-0.00029900878840518626,1466,10a
109,6513,lag1_squared_beta,0.044641985299466794,0.02096810275550802,1466,10a
109,6513,lag1_squared_quality,0.055163656980120476,0.015308362296671532,1466,10a
109,6513,lag1_squared_style,0.017403918483913483,-0.05911952577613124,1466,10a
110,6573,joint_collapse_95,0.02796725784447476,0.02592087312414734,1466,10a
110,6573,joint_direction_asymmetry,-0.002728512960436559,-0.0027285129604365625,1466,10a
110,6573,joint_improvement_95,0.0252387448840382,0.023192360163710776,1466,10a
110,6573,joint_quality_style_lower_95,0.0034106412005457027,0.002728512960436562,1466,10a
110,6573,joint_quality_style_upper_95,0.0020463847203274215,0.0034106412005457027,1466,10a
110,6573,kendall_alpha_beta,-0.6196974423683119,-0.6252364168013074,1466,10a
110,6573,kendall_alpha_beta_minus_gaussian,0.008680634222672845,0.003141659789677398,1466,10a
110,6573,kendall_quality_style,0.04185054640101693,0.0036942016771508435,1466,10a
110,6573,kendall_quality_style_minus_gaussian,0.002120933167520142,-0.036035411556345945,1466,10a
110,6573,kurtosis_alpha,0.15060960117338107,-0.21368663364037754,1466,10a
110,6573,kurtosis_beta,0.10812504559211567,-0.08520495788423821,1466,10a
110,6573,kurtosis_quality,0.19181789810833338,-0.20080713003395667,1466,10a
110,6573,kurtosis_style,0.1021592443016841,-0.18660705961949997,1466,10a
110,6573,lag1_squared_alpha,-0.004110691272674229,0.012446577367183817,1466,10a
110,6573,lag1_squared_beta,0.006013419950064097,0.035313372324993986,1466,10a
110,6573,lag1_squared_quality,-0.0009005832829938113,0.04115220097166551,1466,10a
110,6573,lag1_squared_style,0.0073411758076394155,-0.004189955385247201,1466,10a
111,6634,joint_collapse_95,0.027285129604365622,0.0286493860845839,1466,10a
111,6634,joint_direction_asymmetry,0.0013642564802182795,-0.004092769440654842,1466,10a
111,6634,joint_improvement_95,0.0286493860845839,0.02455661664392906,1466,10a
111,6634,joint_quality_style_lower_95,0.0047748976807639835,0.005457025920873124,1466,10a
111,6634,joint_quality_style_upper_95,0.0034106412005457027,0.005457025920873124,1466,10a
111,6634,kendall_alpha_beta,-0.6378620750666997,-0.6243871322211305,1466,10a
111,6634,kendall_alpha_beta_minus_gaussian,-0.006732155273465823,0.006742787572103337,1466,10a
111,6634,kendall_quality_style,0.11472139833961137,0.12887055394400493,1466,10a
111,6634,kendall_quality_style_minus_gaussian,-0.0006441632191872687,0.01350499238520629,1466,10a
111,6634,kurtosis_alpha,-0.02356722874695505,-0.10383087924521428,1466,10a
111,6634,kurtosis_beta,-0.05305763237686412,0.02021471384770157,1466,10a
111,6634,kurtosis_quality,-0.036269957763622074,-0.0814858439805386,1466,10a
111,6634,kurtosis_style,0.04942557339204923,-0.10732354338156824,1466,10a
111,6634,lag1_squared_alpha,0.10026723450765437,0.012247057826310666,1466,10a
111,6634,lag1_squared_beta,0.04940741341876446,0.02977946377186108,1466,10a
111,6634,lag1_squared_quality,0.09046296341597557,0.014744146460446863,1466,10a
111,6634,lag1_squared_style,-0.016957835717139328,0.025617152373806983,1466,10a
112,6694,joint_collapse_95,0.029331514324693043,0.02660300136425648,1466,10a
112,6694,joint_direction_asymmetry,-0.001364256480218283,-0.006139154160982263,1466,10a
112,6694,joint_improvement_95,0.02796725784447476,0.020463847203274217,1466,10a
112,6694,joint_quality_style_lower_95,0.001364256480218281,0.0020463847203274215,1466,10a
112,6694,joint_quality_style_upper_95,0.0047748976807639835,0.001364256480218281,1466,10a
112,6694,kendall_alpha_beta,-0.6134619055822768,-0.5929896772811718,1466,10a
112,6694,kendall_alpha_beta_minus_gaussian,-0.004549354473466827,0.01592287382763813,1466,10a
112,6694,kendall_quality_style,0.04795198562176106,0.03870484101523031,1466,10a
112,6694,kendall_quality_style_minus_gaussian,-0.000977997991883292,-0.010225142598414047,1466,10a
112,6694,kurtosis_alpha,-0.03422593120414419,-0.07869887094556427,1466,10a
112,6694,kurtosis_beta,0.038713140963164694,0.014358503739815287,1466,10a
112,6694,kurtosis_quality,-0.00290614436871639,-0.03680824601476074,1466,10a
112,6694,kurtosis_style,0.04999991065643172,0.00883423784946702,1466,10a
112,6694,lag1_squared_alpha,0.003694577792214244,-0.0002550044410563205,1466,10a
112,6694,lag1_squared_beta,-0.03739816860751533,-0.01773030448124539,1466,10a
112,6694,lag1_squared_quality,-0.03521208208607771,-0.006795601637443772,1466,10a
112,6694,lag1_squared_style,-0.001408933609036544,-0.00013586872306443478,1466,10a
113,6754,joint_collapse_95,0.029331514324693043,0.027285129604365622,1466,10a
113,6754,joint_direction_asymmetry,-0.0027285129604365625,-0.0006821282401091415,1466,10a
113,6754,joint_improvement_95,0.02660300136425648,0.02660300136425648,1466,10a
113,6754,joint_quality_style_lower_95,0.0020463847203274215,0.0020463847203274215,1466,10a
113,6754,joint_quality_style_upper_95,0.0006821282401091405,0.002728512960436562,1466,10a
113,6754,kendall_alpha_beta,-0.5987819471152727,-0.6220404248285367,1466,10a
113,6754,kendall_alpha_beta_minus_gaussian,0.008396370936641251,-0.014862106776622808,1466,10a
113,6754,kendall_quality_style,-0.03640097034488221,-0.02341213117349339,1466,10a
113,6754,kendall_quality_style_minus_gaussian,-0.010179686276918825,0.002809152894469997,1466,10a
113,6754,kurtosis_alpha,0.3163549433349657,-0.11415264771374245,1466,10a
113,6754,kurtosis_beta,0.15127601606263497,-0.23894433515936075,1466,10a
113,6754,kurtosis_quality,0.2843824134972115,-0.1838518847559456,1466,10a
113,6754,kurtosis_style,-0.0862386583043464,0.1499174628717701,1466,10a
113,6754,lag1_squared_alpha,-0.006426248935834534,0.003209756058345737,1466,10a
113,6754,lag1_squared_beta,0.009096989086915794,-0.008565867238743634,1466,10a
113,6754,lag1_squared_quality,-0.013539298001714984,0.001082810237753493,1466,10a
113,6754,lag1_squared_style,0.012161303990267443,-0.002944723911394345,1466,10a
114,6815,joint_collapse_95,0.030013642564802184,0.030013642564802184,1466,10a
114,6815,joint_direction_asymmetry,0.0,0.000682128240109138,1466,10a
114,6815,joint_improvement_95,0.030013642564802184,0.030695770804911322,1466,10a
114,6815,joint_quality_style_lower_95,0.0006821282401091405,0.0,1466,10a
114,6815,joint_quality_style_upper_95,0.0,0.0,1466,10a
114,6815,kendall_alpha_beta,-0.6667992121768038,-0.6558777104703193,1466,10a
114,6815,kendall_alpha_beta_minus_gaussian,-0.011669932433553742,-0.0007484307270692048,1466,10a
114,6815,kendall_quality_style,-0.15793992615321573,-0.1300364577755635,1466,10a
114,6815,kendall_quality_style_minus_gaussian,-0.013771230324207823,0.014132238053444407,1466,10a
114,6815,kurtosis_alpha,0.2683863941863329,0.20148608651146604,1466,10a
114,6815,kurtosis_beta,0.2706872952660597,0.29607876783576526,1466,10a
114,6815,kurtosis_quality,0.32161712825296584,0.28319469760567273,1466,10a
114,6815,kurtosis_style,0.045842217737567914,-0.05245312934029789,1466,10a
114,6815,lag1_squared_alpha,0.013590122516796881,-0.024052689048457438,1466,10a
114,6815,lag1_squared_beta,-0.015472004878320584,-0.04565046592159917,1466,10a
114,6815,lag1_squared_quality,0.0005623926415919756,-0.037758230344166234,1466,10a
114,6815,lag1_squared_style,-0.0291387340246815,-0.006851806937371364,1466,10a
115,6875,joint_collapse_95,0.030695770804911322,0.029331514324693043,1466,10a
115,6875,joint_direction_asymmetry,0.000682128240109145,-0.002046384720327421,1466,10a
115,6875,joint_improvement_95,0.03137789904502047,0.027285129604365622,1466,10a
115,6875,joint_quality_style_lower_95,0.002728512960436562,0.0020463847203274215,1466,10a
115,6875,joint_quality_style_upper_95,0.0,0.002728512960436562,1466,10a
115,6875,kendall_alpha_beta,-0.6485191065749711,-0.6492659555149951,1466,10a
115,6875,kendall_alpha_beta_minus_gaussian,-0.0019169338402126312,-0.002663782780236601,1466,10a
115,6875,kendall_quality_style,-0.10184430713929848,-0.09672997499639147,1466,10a
115,6875,kendall_quality_style_minus_gaussian,0.014508529633613099,0.019622861776520117,1466,10a
115,6875,kurtosis_alpha,0.1591549810594941,0.1711335307819679,1466,10a
115,6875,kurtosis_beta,0.20267449686067618,0.006144766163754145,1466,10a
115,6875,kurtosis_quality,0.2087104438137759,0.08058210556000622,1466,10a
115,6875,kurtosis_style,0.02676783924812076,-0.14083357091632065,1466,10a
115,6875,lag1_squared_alpha,-0.0002068339984403808,-0.022436623499676966,1466,10a
115,6875,lag1_squared_beta,-0.03377682110323228,-0.00583018585145499,1466,10a
115,6875,lag1_squared_quality,-0.025707143073991013,-0.016687270892628232,1466,10a
115,6875,lag1_squared_style,-0.016859979093619224,-0.030726763406160335,1466,10a
116,6935,joint_collapse_95,0.019099590723055934,0.0252387448840382,1466,10a
116,6935,joint_direction_asymmetry,0.006821282401091405,-0.001364256480218283,1466,10a
116,6935,joint_improvement_95,0.02592087312414734,0.023874488403819918,1466,10a
116,6935,joint_quality_style_lower_95,0.0068212824010914054,0.0047748976807639835,1466,10a
116,6935,joint_quality_style_upper_95,0.0020463847203274215,0.005457025920873124,1466,10a
116,6935,kendall_alpha_beta,-0.6276483105103623,-0.6037547318281502,1466,10a
116,6935,kendall_alpha_beta_minus_gaussian,-0.02817379619666205,-0.004280217514449958,1466,10a
116,6935,kendall_quality_style,0.03609925082297727,0.07921534299642874,1466,10a
116,6935,kendall_quality_style_minus_gaussian,-0.03641399493240133,0.006702097241050142,1466,10a
116,6935,kurtosis_alpha,-0.06239934135895897,-0.18147304799288477,1466,10a
116,6935,kurtosis_beta,-0.09384461195488614,-0.1922670527950192,1466,10a
116,6935,kurtosis_quality,-0.07444974328973641,-0.22887903921809816,1466,10a
116,6935,kurtosis_style,-0.001323419003880666,0.215875933802808,1466,10a
116,6935,lag1_squared_alpha,0.02026294722600212,0.008293148399769728,1466,10a
116,6935,lag1_squared_beta,-0.00821715232213151,0.0033777925201009204,1466,10a
116,6935,lag1_squared_quality,0.015194296969348112,0.008579740167703392,1466,10a
116,6935,lag1_squared_style,-0.05582276043374128,0.017763607937622033,1466,10a
117,6995,joint_collapse_95,0.02592087312414734,0.02455661664392906,1466,10a
117,6995,joint_direction_asymmetry,0.0047748976807639835,0.0013642564802182795,1466,10a
117,6995,joint_improvement_95,0.030695770804911322,0.02592087312414734,1466,10a
117,6995,joint_quality_style_lower_95,0.0,0.0,1466,10a
117,6995,joint_quality_style_upper_95,0.0,0.0006821282401091405,1466,10a
117,6995,kendall_alpha_beta,-0.5976104558851603,-0.6190697912641023,1466,10a
117,6995,kendall_alpha_beta_minus_gaussian,0.0011470482828139783,-0.02031228709612809,1466,10a
117,6995,kendall_quality_style,-0.15719493967937637,-0.18324152927098414,1466,10a
117,6995,kendall_quality_style_minus_gaussian,0.020791850877417695,-0.005254738714190077,1466,10a
117,6995,kurtosis_alpha,0.10202850610316627,0.04475764384744618,1466,10a
117,6995,kurtosis_beta,0.077604545902342,-0.22774507458813043,1466,10a
117,6995,kurtosis_quality,0.1453789251309674,-0.11473665465649052,1466,10a
117,6995,kurtosis_style,0.13621513206933278,-0.06631450026871111,1466,10a
117,6995,lag1_squared_alpha,0.06582180070191943,-0.015917682740511356,1466,10a
117,6995,lag1_squared_beta,0.049571872777390245,-0.00802549565677397,1466,10a
117,6995,lag1_squared_quality,0.056698546637177175,-0.01664775486215704,1466,10a
117,6995,lag1_squared_style,0.012411021408089943,-0.04742713356735109,1466,10a
118,7056,joint_collapse_95,0.027285129604365622,0.02592087312414734,1466,10a
118,7056,joint_direction_asymmetry,-0.0047748976807639835,0.003410641200545704,1466,10a
118,7056,joint_improvement_95,0.022510231923601638,0.029331514324693043,1466,10a
118,7056,joint_quality_style_lower_95,0.0006821282401091405,0.0020463847203274215,1466,10a
118,7056,joint_quality_style_upper_95,0.0006821282401091405,0.001364256480218281,1466,10a
118,7056,kendall_alpha_beta,-0.6062671987111734,-0.6048554493432479,1466,10a
118,7056,kendall_alpha_beta_minus_gaussian,0.0035529569807958294,0.0049647063487213705,1466,10a
118,7056,kendall_quality_style,-0.03255870260605587,-0.010548077236472775,1466,10a
118,7056,kendall_quality_style_minus_gaussian,0.002862353260806111,0.024872978630389203,1466,10a
118,7056,kurtosis_alpha,0.04853502390523712,0.07010415884049559,1466,10a
118,7056,kurtosis_beta,0.013287252136051642,0.10877922331961143,1466,10a
118,7056,kurtosis_quality,0.05066843629383566,0.1263888778619937,1466,10a
118,7056,kurtosis_style,-0.02574094146876993,0.10513017609614916,1466,10a
118,7056,lag1_squared_alpha,-0.005084337713545581,0.039679199057317094,1466,10a
118,7056,lag1_squared_beta,0.020775883420787004,-0.013047862738055938,1466,10a
118,7056,lag1_squared_quality,0.014281374508131597,0.012705184326136154,1466,10a
118,7056,lag1_squared_style,0.011254914211384328,-0.007053871343373092,1466,10a
119,7116,joint_collapse_95,0.02660300136425648,0.030013642564802184,1466,10a
119,7116,joint_direction_asymmetry,0.0006821282401091415,-0.0047748976807639835,1466,10a
119,7116,joint_improvement_95,0.027285129604365622,0.0252387448840382,1466,10a
119,7116,joint_quality_style_lower_95,0.0,0.0006821282401091405,1466,10a
119,7116,joint_quality_style_upper_95,0.0020463847203274215,0.001364256480218281,1466,10a
119,7116,kendall_alpha_beta,-0.5947273582314021,-0.5754284836265942,1466,10a
119,7116,kendall_alpha_beta_minus_gaussian,-0.0089424245622165,0.010356450042591447,1466,10a
119,7116,kendall_quality_style,-0.06883395648347768,-0.06835344020785117,1466,10a
119,7116,kendall_quality_style_minus_gaussian,0.015233846330102843,0.01571436260572935,1466,10a
119,7116,kurtosis_alpha,0.08432039155453541,0.05490496544754109,1466,10a
119,7116,kurtosis_beta,0.055431563713216114,-0.093538814631422,1466,10a
119,7116,kurtosis_quality,0.06478835889458923,0.019852797995007165,1466,10a
119,7116,kurtosis_style,0.012295945080474713,0.03846405421385679,1466,10a
119,7116,lag1_squared_alpha,-0.0036575728437518063,0.013745970099047228,1466,10a
119,7116,lag1_squared_beta,0.003416086277770959,0.017665510746888533,1466,10a
119,7116,lag1_squared_quality,0.009355380255568748,0.030535824719460886,1466,10a
119,7116,lag1_squared_style,-0.037186716326688005,0.0012104784103833342,1466,10a
120,7176,joint_collapse_95,0.02660300136425648,0.030695770804911322,1466,10a
120,7176,joint_direction_asymmetry,0.006139154160982263,0.0,1466,10a
120,7176,joint_improvement_95,0.03274215552523874,0.030695770804911322,1466,10a
120,7176,joint_quality_style_lower_95,0.0020463847203274215,0.002728512960436562,1466,10a
120,7176,joint_quality_style_upper_95,0.0,0.0006821282401091405,1466,10a
120,7176,kendall_alpha_beta,-0.6662460597199782,-0.6633368875396357,1466,10a
120,7176,kendall_alpha_beta_minus_gaussian,-0.0014691783629423583,0.0014399938174001203,1466,10a
120,7176,kendall_quality_style,-0.053604570492016945,-0.059076496142366874,1466,10a
120,7176,kendall_quality_style_minus_gaussian,-0.010960425590151715,-0.016432351240501644,1466,10a
120,7176,kurtosis_alpha,-0.011381207230779289,0.056261614706058616,1466,10a
120,7176,kurtosis_beta,-0.04280466831616847,0.09607520853392382,1466,10a
120,7176,kurtosis_quality,-0.022961475018952626,0.08646498855476858,1466,10a
120,7176,kurtosis_style,-0.07927775541556459,-0.11167007253520067,1466,10a
120,7176,lag1_squared_alpha,0.03640051000510317,-0.013108694037558951,1466,10a
120,7176,lag1_squared_beta,0.03217136150228109,0.005818585563987122,1466,10a
120,7176,lag1_squared_quality,0.03524075636735174,0.0004422697816851247,1466,10a
120,7176,lag1_squared_style,-0.006475655430117113,-0.007748717286713752,1466,10a
121,7237,joint_collapse_95,0.030013642564802184,0.02592087312414734,1466,10a
121,7237,joint_direction_asymmetry,-0.003410641200545704,0.001364256480218283,1466,10a
121,7237,joint_improvement_95,0.02660300136425648,0.027285129604365622,1466,10a
121,7237,joint_quality_style_lower_95,0.0006821282401091405,0.0034106412005457027,1466,10a
121,7237,joint_quality_style_upper_95,0.0034106412005457027,0.0020463847203274215,1466,10a
121,7237,kendall_alpha_beta,-0.6354501813576447,-0.6540618059403358,1466,10a
121,7237,kendall_alpha_beta_minus_gaussian,0.005379945577492329,-0.013231679005198727,1466,10a
121,7237,kendall_quality_style,0.0446312084146222,0.031580907859141694,1466,10a
121,7237,kendall_quality_style_minus_gaussian,0.014258391411134618,0.0012080908556541085,1466,10a
121,7237,kurtosis_alpha,-0.0065096723801030265,-0.07672068839484902,1466,10a
121,7237,kurtosis_beta,0.11828009203355139,-0.060144100005595114,1466,10a
121,7237,kurtosis_quality,0.07449104136847096,-0.08305185494185396,1466,10a
121,7237,kurtosis_style,0.051505903213332704,0.059544727137434084,1466,10a
121,7237,lag1_squared_alpha,0.04640615092680832,0.030421475360265786,1466,10a
121,7237,lag1_squared_beta,0.023313341999325356,0.04471747472602719,1466,10a
121,7237,lag1_squared_quality,0.04458942314492325,0.04831012578149576,1466,10a
121,7237,lag1_squared_style,0.001366755917160357,0.005348148625682557,1466,10a
122,7297,joint_collapse_95,0.02592087312414734,0.02592087312414734,1466,10a
122,7297,joint_direction_asymmetry,0.0027285129604365625,-0.0027285129604365625,1466,10a
122,7297,joint_improvement_95,0.0286493860845839,0.023192360163710776,1466,10a
122,7297,joint_quality_style_lower_95,0.0020463847203274215,0.002728512960436562,1466,10a
122,7297,joint_quality_style_upper_95,0.0020463847203274215,0.001364256480218281,1466,10a
122,7297,kendall_alpha_beta,-0.6246516024193436,-0.5967723461020911,1466,10a
122,7297,kendall_alpha_beta_minus_gaussian,-0.01894625787406279,0.008932998443189732,1466,10a
122,7297,kendall_quality_style,-0.018262412173079,-0.04156186414240426,1466,10a
122,7297,kendall_quality_style_minus_gaussian,-0.002456082174434413,-0.02575553414375967,1466,10a
122,7297,kurtosis_alpha,0.09508303229516857,-0.026527264532626216,1466,10a
122,7297,kurtosis_beta,-0.0472847431013399,-0.05034892566522009,1466,10a
122,7297,kurtosis_quality,0.03568333678307267,-0.031077985329212243,1466,10a
122,7297,kurtosis_style,0.04681621218524823,-0.06090251535631053,1466,10a
122,7297,lag1_squared_alpha,0.068855084540795,-0.015351620062042515,1466,10a
122,7297,lag1_squared_beta,0.037129425230650034,-0.020315060084587503,1466,10a
122,7297,lag1_squared_quality,0.055157108311247996,-0.032577341949066974,1466,10a
122,7297,lag1_squared_style,-0.024799718000937585,-0.049303093486420674,1466,10a
123,7357,joint_collapse_95,0.02592087312414734,0.03137789904502047,1466,10a
123,7357,joint_direction_asymmetry,0.002046384720327421,-0.0020463847203274245,1466,10a
123,7357,joint_improvement_95,0.02796725784447476,0.029331514324693043,1466,10a
123,7357,joint_quality_style_lower_95,0.0,0.0006821282401091405,1466,10a
123,7357,joint_quality_style_upper_95,0.0034106412005457027,0.0020463847203274215,1466,10a
123,7357,kendall_alpha_beta,-0.6561924672555164,-0.6487742644422612,1466,10a
123,7357,kendall_alpha_beta_minus_gaussian,0.0037434596664899233,0.01116166247974515,1466,10a
123,7357,kendall_quality_style,-0.03995269335891116,-0.06323724559875954,1466,10a
123,7357,kendall_quality_style_minus_gaussian,0.022885936715518487,-0.00039861552432989,1466,10a
123,7357,kurtosis_alpha,-0.13536464377914204,0.07395974916109305,1466,10a
123,7357,kurtosis_beta,-0.05828653774848913,0.02653969050595606,1466,10a
123,7357,kurtosis_quality,-0.12653607775918463,0.07118395530806643,1466,10a
123,7357,kurtosis_style,-0.09276621763556792,-0.2404465491109682,1466,10a
123,7357,lag1_squared_alpha,0.09306991105700446,0.014446822309437694,1466,10a
123,7357,lag1_squared_beta,0.05667068387909404,0.007302575355234176,1466,10a
123,7357,lag1_squared_quality,0.08881158109233268,0.01892739573831105,1466,10a
123,7357,lag1_squared_style,0.017812320210086934,0.038714133347085296,1466,10a
124,7417,joint_collapse_95,0.03274215552523874,0.036834924965893585,1466,10a
124,7417,joint_direction_asymmetry,-0.001364256480218276,-0.002728512960436559,1466,10a
124,7417,joint_improvement_95,0.03137789904502047,0.034106412005457026,1466,10a
124,7417,joint_quality_style_lower_95,0.0006821282401091405,0.0,1466,10a
124,7417,joint_quality_style_upper_95,0.0006821282401091405,0.0,1466,10a
124,7417,kendall_alpha_beta,-0.7016012553022084,-0.6916519609440841,1466,10a
124,7417,kendall_alpha_beta_minus_gaussian,0.003476619718536411,0.013425914076660717,1466,10a
124,7417,kendall_quality_style,-0.1599662893620588,-0.18377233213359467,1466,10a
124,7417,kendall_quality_style_minus_gaussian,0.0186384872366768,-0.005167555534859064,1466,10a
124,7417,kurtosis_alpha,0.23622496116679415,0.13569047602783213,1466,10a
124,7417,kurtosis_beta,0.04019651735623819,-0.07810190035971143,1466,10a
124,7417,kurtosis_quality,0.12353418666240135,0.06673311018738959,1466,10a
124,7417,kurtosis_style,-0.06984396282008376,0.06244416489410831,1466,10a
124,7417,lag1_squared_alpha,0.058907569925231676,-0.012835517172868453,1466,10a
124,7417,lag1_squared_beta,0.0242504582484202,-0.017878260230515464,1466,10a
124,7417,lag1_squared_quality,0.040759044786457976,-0.016319937343812763,1466,10a
124,7417,lag1_squared_style,0.011455100242262503,0.020809702555813932,1466,10a
125,7478,joint_collapse_95,0.0286493860845839,0.022510231923601638,1466,10a
125,7478,joint_direction_asymmetry,0.0,0.002046384720327421,1466,10a
125,7478,joint_improvement_95,0.0286493860845839,0.02455661664392906,1466,10a
125,7478,joint_quality_style_lower_95,0.001364256480218281,0.005457025920873124,1466,10a
125,7478,joint_quality_style_upper_95,0.001364256480218281,0.0034106412005457027,1466,10a
125,7478,kendall_alpha_beta,-0.6338037612504599,-0.6355488920654284,1466,10a
125,7478,kendall_alpha_beta_minus_gaussian,0.00020863480782129518,-0.0015364960071472256,1466,10a
125,7478,kendall_quality_style,0.014163124100778024,0.032301682272581234,1466,10a
125,7478,kendall_quality_style_minus_gaussian,-0.017974636252483314,0.00016392191931989541,1466,10a
125,7478,kurtosis_alpha,0.04628512636805038,-0.14039960711663957,1466,10a
125,7478,kurtosis_beta,-0.017871948177707875,-0.1856013517346624,1466,10a
125,7478,kurtosis_quality,0.051742623734400084,-0.19705413258139748,1466,10a
125,7478,kurtosis_style,0.024876729122421448,0.12620154546338602,1466,10a
125,7478,lag1_squared_alpha,0.05488083055523817,0.005421389109698373,1466,10a
125,7478,lag1_squared_beta,0.04127007024242997,-0.022660795219179814,1466,10a
125,7478,lag1_squared_quality,0.04540214004021672,-0.012531172771380567,1466,10a
125,7478,lag1_squared_style,-0.049909939626662445,0.006018324196611841,1466,10a
126,7538,joint_collapse_95,0.0252387448840382,0.022510231923601638,1466,10a
126,7538,joint_direction_asymmetry,0.0061391541609822665,-0.0006821282401091415,1466,10a
126,7538,joint_improvement_95,0.03137789904502047,0.021828103683492497,1466,10a
126,7538,joint_quality_style_lower_95,0.0020463847203274215,0.0020463847203274215,1466,10a
126,7538,joint_quality_style_upper_95,0.001364256480218281,0.002728512960436562,1466,10a
126,7538,kendall_alpha_beta,-0.6483049229637425,-0.6372232491653824,1466,10a
126,7538,kendall_alpha_beta_minus_gaussian,0.003447635256974668,0.014529309055334783,1466,10a
126,7538,kendall_quality_style,0.018947799729011172,-0.03134064972132844,1466,10a
126,7538,kendall_quality_style_minus_gaussian,0.01054855466929285,-0.03973989478104676,1466,10a
126,7538,kurtosis_alpha,0.09834116834120366,-0.014871319271206662,1466,10a
126,7538,kurtosis_beta,0.15755104685055166,-0.24244473941427236,1466,10a
126,7538,kurtosis_quality,0.1457051703942427,-0.17025585216681582,1466,10a
126,7538,kurtosis_style,-0.19494741121895665,-0.09717878923167023,1466,10a
126,7538,lag1_squared_alpha,0.017431130563785802,-0.013121618970375828,1466,10a
126,7538,lag1_squared_beta,0.0005920082407264268,-0.0027961271505038596,1466,10a
126,7538,lag1_squared_quality,0.0018987343582603374,-0.018991587790293536,1466,10a
126,7538,lag1_squared_style,0.002831938137249016,0.0667604543309993,1466,10a
127,7598,joint_collapse_95,0.02660300136425648,0.0286493860845839,1466,10a
127,7598,joint_direction_asymmetry,-0.0027285129604365625,0.0006821282401091415,1466,10a
127,7598,joint_improvement_95,0.023874488403819918,0.029331514324693043,1466,10a
127,7598,joint_quality_style_lower_95,0.004092769440654843,0.001364256480218281,1466,10a
127,7598,joint_quality_style_upper_95,0.0047748976807639835,0.0,1466,10a
127,7598,kendall_alpha_beta,-0.6277842705418379,-0.6312018959905759,1466,10a
127,7598,kendall_alpha_beta_minus_gaussian,-0.00763692831373064,-0.011054553762468555,1466,10a
127,7598,kendall_quality_style,-0.001371706344956758,-0.03488306040443456,1466,10a
127,7598,kendall_quality_style_minus_gaussian,0.007189113944566476,-0.026322240114911327,1466,10a
127,7598,kurtosis_alpha,0.088533967498865,-0.05350118457937114,1466,10a
127,7598,kurtosis_beta,0.016345642473550193,0.015801274550042876,1466,10a
127,7598,kurtosis_quality,0.03468634169796303,0.01581426627847282,1466,10a
127,7598,kurtosis_style,0.12848209749801942,0.12920172147608922,1466,10a
127,7598,lag1_squared_alpha,0.009877802305422524,-0.0062942831213327645,1466,10a
127,7598,lag1_squared_beta,0.07306696709471124,-0.009357780071508205,1466,10a
127,7598,lag1_squared_quality,0.04597636964024702,-0.006763600382294681,1466,10a
127,7598,lag1_squared_style,0.008535389135533769,0.07372858745575098,1466,10a
128,7659,joint_collapse_95,0.027285129604365622,0.022510231923601638,1466,10a
128,7659,joint_direction_asymmetry,-0.0006821282401091415,0.005457025920873122,1466,10a
128,7659,joint_improvement_95,0.02660300136425648,0.02796725784447476,1466,10a
128,7659,joint_quality_style_lower_95,0.0047748976807639835,0.0047748976807639835,1466,10a
128,7659,joint_quality_style_upper_95,0.0047748976807639835,0.0034106412005457027,1466,10a
128,7659,kendall_alpha_beta,-0.5935297924747054,-0.580747687049807,1466,10a
128,7659,kendall_alpha_beta_minus_gaussian,0.016343477388594874,0.02912558281349331,1466,10a
128,7659,kendall_quality_style,0.029100102901256752,0.048156856902066836,1466,10a
128,7659,kendall_quality_style_minus_gaussian,-0.03579878228562845,-0.01674202828481837,1466,10a
128,7659,kurtosis_alpha,0.15127574515118347,0.10135162016493293,1466,10a
128,7659,kurtosis_beta,-0.0413307665496534,0.007405983065271737,1466,10a
128,7659,kurtosis_quality,0.07479151923103,0.11349849182160332,1466,10a
128,7659,kurtosis_style,-0.13055545416637226,-0.03220552909237995,1466,10a
128,7659,lag1_squared_alpha,0.07870239623281876,-0.021794306497556117,1466,10a
128,7659,lag1_squared_beta,0.07435592077039824,-0.00837472955151055,1466,10a
128,7659,lag1_squared_quality,0.08227532834310895,-0.010218418649891037,1466,10a
128,7659,lag1_squared_style,0.005154510483197417,-0.013118180579529832,1466,10a
129,7719,joint_collapse_95,0.029331514324693043,0.02660300136425648,1466,10a
129,7719,joint_direction_asymmetry,-0.001364256480218283,-0.0013642564802182795,1466,10a
129,7719,joint_improvement_95,0.02796725784447476,0.0252387448840382,1466,10a
129,7719,joint_quality_style_lower_95,0.0006821282401091405,0.0034106412005457027,1466,10a
129,7719,joint_quality_style_upper_95,0.001364256480218281,0.001364256480218281,1466,10a
129,7719,kendall_alpha_beta,-0.6156745154095795,-0.6135736535533527,1466,10a
129,7719,kendall_alpha_beta_minus_gaussian,2.031271618563313e-5,0.0021211745724124542,1466,10a
129,7719,kendall_quality_style,-0.04718837448607571,-0.02040611075155163,1466,10a
129,7719,kendall_quality_style_minus_gaussian,0.006265873550874199,0.03304813728539828,1466,10a
129,7719,kurtosis_alpha,-0.05343878756614817,-0.1966957828665632,1466,10a
129,7719,kurtosis_beta,0.12692681156893837,-0.14339852252409147,1466,10a
129,7719,kurtosis_quality,0.08607422287618105,-0.18514860504797914,1466,10a
129,7719,kurtosis_style,-0.08494938293384502,-0.05171776914395343,1466,10a
129,7719,lag1_squared_alpha,0.06535789579497384,0.022298146562350893,1466,10a
129,7719,lag1_squared_beta,0.047585390052295,-0.007605043194495861,1466,10a
129,7719,lag1_squared_quality,0.056112057101328876,0.006020285506597007,1466,10a
129,7719,lag1_squared_style,-0.02921220414881663,0.017332966412979763,1466,10a
130,7779,joint_collapse_95,0.0286493860845839,0.0252387448840382,1466,10a
130,7779,joint_direction_asymmetry,-0.0006821282401091415,0.002046384720327421,1466,10a
130,7779,joint_improvement_95,0.02796725784447476,0.027285129604365622,1466,10a
130,7779,joint_quality_style_lower_95,0.001364256480218281,0.0006821282401091405,1466,10a
130,7779,joint_quality_style_upper_95,0.0,0.0006821282401091405,1466,10a
130,7779,kendall_alpha_beta,-0.626327821985482,-0.6156856902066872,1466,10a
130,7779,kendall_alpha_beta_minus_gaussian,-0.019781321797895934,-0.009139190019101129,1466,10a
130,7779,kendall_quality_style,-0.15476069637610634,-0.15427273023574162,1466,10a
130,7779,kendall_quality_style_minus_gaussian,-0.006180815746951479,-0.005692849606586753,1466,10a
130,7779,kurtosis_alpha,-0.01627206020051375,-0.10170654987525163,1466,10a
130,7779,kurtosis_beta,-0.04289833884350802,-0.008804226520315428,1466,10a
130,7779,kurtosis_quality,-0.02030454863979747,-0.06736820717075132,1466,10a
130,7779,kurtosis_style,-0.030570990506775697,0.17621871034792003,1466,10a
130,7779,lag1_squared_alpha,-0.021023076140251687,-0.010514295043422661,1466,10a
130,7779,lag1_squared_beta,0.040457862013429144,-0.006945844902128212,1466,10a
130,7779,lag1_squared_quality,-3.715354638486258e-5,-0.00891666091765676,1466,10a
130,7779,lag1_squared_style,0.02917685731268274,-0.013835894841334611,1466,10a
131,7840,joint_collapse_95,0.02660300136425648,0.02455661664392906,1466,10a
131,7840,joint_direction_asymmetry,-0.0027285129604365625,-0.001364256480218283,1466,10a
131,7840,joint_improvement_95,0.023874488403819918,0.023192360163710776,1466,10a
131,7840,joint_quality_style_lower_95,0.0047748976807639835,0.001364256480218281,1466,10a
131,7840,joint_quality_style_upper_95,0.0020463847203274215,0.001364256480218281,1466,10a
131,7840,kendall_alpha_beta,-0.5986292248881355,-0.567676899366296,1466,10a
131,7840,kendall_alpha_beta_minus_gaussian,-0.03541986734587299,-0.004467541824033416,1466,10a
131,7840,kendall_quality_style,-0.06870172138437103,-0.09884201164972595,1466,10a
131,7840,kendall_quality_style_minus_gaussian,0.02097642518001694,-0.00916386508533798,1466,10a
131,7840,kurtosis_alpha,0.12523269323584962,-0.0612989566831601,1466,10a
131,7840,kurtosis_beta,-0.04924228609265757,-0.12165695082764438,1466,10a
131,7840,kurtosis_quality,0.01780597884697155,-0.1336882511406201,1466,10a
131,7840,kurtosis_style,0.00671819381559402,-0.12043959617777844,1466,10a
131,7840,lag1_squared_alpha,0.035539239893430004,0.022635475148879734,1466,10a
131,7840,lag1_squared_beta,0.03319551205110597,0.02708774091498209,1466,10a
131,7840,lag1_squared_quality,0.04564216634409838,0.03896177814809381,1466,10a
131,7840,lag1_squared_style,-0.011016652934926738,-0.00766821975323435,1466,10a
132,7900,joint_collapse_95,0.027285129604365622,0.02796725784447476,1466,10a
132,7900,joint_direction_asymmetry,0.000682128240109138,0.0006821282401091415,1466,10a
132,7900,joint_improvement_95,0.02796725784447476,0.0286493860845839,1466,10a
132,7900,joint_quality_style_lower_95,0.006139154160982265,0.0047748976807639835,1466,10a
132,7900,joint_quality_style_upper_95,0.002728512960436562,0.005457025920873124,1466,10a
132,7900,kendall_alpha_beta,-0.6417993285809405,-0.6317606358459553,1466,10a
132,7900,kendall_alpha_beta_minus_gaussian,-0.006890943378010217,0.003147749356974927,1466,10a
132,7900,kendall_quality_style,0.13050766172026684,0.12520522049271543,1466,10a
132,7900,kendall_quality_style_minus_gaussian,0.011569308294724995,0.0062668670671735816,1466,10a
132,7900,kurtosis_alpha,0.1745707432789012,0.070932054834282,1466,10a
132,7900,kurtosis_beta,0.08298980049223603,-0.019693962475057614,1466,10a
132,7900,kurtosis_quality,0.14468244025444532,0.0011468072777551797,1466,10a
132,7900,kurtosis_style,0.08689826539895051,-0.03110223616352359,1466,10a
132,7900,lag1_squared_alpha,0.007026068082103655,-0.06988043898659269,1466,10a
132,7900,lag1_squared_beta,0.035667437274977606,-0.03420510307884491,1466,10a
132,7900,lag1_squared_quality,0.027523896383001983,-0.05938125428036306,1466,10a
132,7900,lag1_squared_style,-0.017677144772575877,-0.0038039141173167416,1466,10a
133,7960,joint_collapse_95,0.0286493860845839,0.023874488403819918,1466,10a
133,7960,joint_direction_asymmetry,-0.005457025920873125,0.0006821282401091415,1466,10a
133,7960,joint_improvement_95,0.023192360163710776,0.02455661664392906,1466,10a
133,7960,joint_quality_style_lower_95,0.002728512960436562,0.0020463847203274215,1466,10a
133,7960,joint_quality_style_upper_95,0.0020463847203274215,0.0006821282401091405,1466,10a
133,7960,kendall_alpha_beta,-0.5957293650387161,-0.5932578724117541,1466,10a
133,7960,kendall_alpha_beta_minus_gaussian,0.008189465634327209,0.01066095826128921,1466,10a
133,7960,kendall_quality_style,-0.03430383342102439,-0.04366086353244647,1466,10a
133,7960,kendall_quality_style_minus_gaussian,0.011675637557973496,0.002318607446551414,1466,10a
133,7960,kurtosis_alpha,0.15382613307588944,-0.12538749631548018,1466,10a
133,7960,kurtosis_beta,0.2221927591844719,-0.17065052955468785,1466,10a
133,7960,kurtosis_quality,0.2274441729976946,-0.13386208744210704,1466,10a
133,7960,kurtosis_style,-0.25832383191748276,0.048265951199105483,1466,10a
133,7960,lag1_squared_alpha,0.09246714409225879,0.0301005431464665,1466,10a
133,7960,lag1_squared_beta,0.003094411049509764,0.01784845887231984,1466,10a
133,7960,lag1_squared_quality,0.04881719868820397,0.02939774277913888,1466,10a
133,7960,lag1_squared_style,-0.0032671649497498646,-0.028380774399194852,1466,10a
134,8020,joint_collapse_95,0.02455661664392906,0.030695770804911322,1466,10a
134,8020,joint_direction_asymmetry,0.005457025920873125,-0.004092769440654842,1466,10a
134,8020,joint_improvement_95,0.030013642564802184,0.02660300136425648,1466,10a
134,8020,joint_quality_style_lower_95,0.0020463847203274215,0.001364256480218281,1466,10a
134,8020,joint_quality_style_upper_95,0.001364256480218281,0.0020463847203274215,1466,10a
134,8020,kendall_alpha_beta,-0.6409612187978713,-0.6306971676545499,1466,10a
134,8020,kendall_alpha_beta_minus_gaussian,-0.005641613309267268,0.004622437834054138,1466,10a
134,8020,kendall_quality_style,-0.08528325782585,-0.10124459302785782,1466,10a
134,8020,kendall_quality_style_minus_gaussian,0.009756568044897745,-0.006204767157110075,1466,10a
134,8020,kurtosis_alpha,0.018517454880442763,0.06446487435255221,1466,10a
134,8020,kurtosis_beta,-0.05491837817112488,0.1890530432638049,1466,10a
134,8020,kurtosis_quality,-0.02481278703032519,0.16587543074314404,1466,10a
134,8020,kurtosis_style,-0.015323781053322882,0.13924385910025006,1466,10a
134,8020,lag1_squared_alpha,0.05655475443538527,0.043396975899426614,1466,10a
134,8020,lag1_squared_beta,0.039920850609506876,0.04788356179502134,1466,10a
134,8020,lag1_squared_quality,0.06060679759423497,0.05293692822693258,1466,10a
134,8020,lag1_squared_style,-0.0021391713401927004,0.009848959006603895,1466,10a
135,8081,joint_collapse_95,0.0252387448840382,0.0286493860845839,1466,10a
135,8081,joint_direction_asymmetry,0.000682128240109138,-0.002046384720327421,1466,10a
135,8081,joint_improvement_95,0.02592087312414734,0.02660300136425648,1466,10a
135,8081,joint_quality_style_lower_95,0.0,0.0006821282401091405,1466,10a
135,8081,joint_quality_style_upper_95,0.0006821282401091405,0.0006821282401091405,1466,10a
135,8081,kendall_alpha_beta,-0.605179518459368,-0.5975583068319916,1466,10a
135,8081,kendall_alpha_beta_minus_gaussian,-0.0067253882643766305,0.0008958233629997592,1466,10a
135,8081,kendall_quality_style,-0.17010741773719662,-0.139317126773417,1466,10a
135,8081,kendall_quality_style_minus_gaussian,-0.012527977951651448,0.018262313012128162,1466,10a
135,8081,kurtosis_alpha,-0.009866981818792642,-0.04264821288648468,1466,10a
135,8081,kurtosis_beta,0.006940058531925697,-0.03638528223359394,1466,10a
135,8081,kurtosis_quality,0.02739375162786528,-0.016599159192676627,1466,10a
135,8081,kurtosis_style,0.3729959098785729,-0.017677458951032232,1466,10a
135,8081,lag1_squared_alpha,0.023589978558914475,0.00911610028671702,1466,10a
135,8081,lag1_squared_beta,0.056182807484694175,0.018464393360290026,1466,10a
135,8081,lag1_squared_quality,0.04384355568760042,0.004960079308428681,1466,10a
135,8081,lag1_squared_style,-0.02344441381820996,-0.0003089503400755998,1466,10a
136,8141,joint_collapse_95,0.02796725784447476,0.02796725784447476,1466,10a
136,8141,joint_direction_asymmetry,-0.0013642564802182795,0.0006821282401091415,1466,10a
136,8141,joint_improvement_95,0.02660300136425648,0.0286493860845839,1466,10a
136,8141,joint_quality_style_lower_95,0.006139154160982265,0.006139154160982265,1466,10a
136,8141,joint_quality_style_upper_95,0.004092769440654843,0.006139154160982265,1466,10a
136,8141,kendall_alpha_beta,-0.6094613282177594,-0.6065000069842481,1466,10a
136,8141,kendall_alpha_beta_minus_gaussian,-0.011112861453122402,-0.008151540219611064,1466,10a
136,8141,kendall_quality_style,0.05174769170597249,0.06582607359535131,1466,10a
136,8141,kendall_quality_style_minus_gaussian,-0.0013406974568204583,0.012737684432558363,1466,10a
136,8141,kurtosis_alpha,-0.02253875775581049,0.04985613604062644,1466,10a
136,8141,kurtosis_beta,-0.04438563175027932,-0.02070599734492884,1466,10a
136,8141,kurtosis_quality,-0.03122853584308327,0.02607467140435249,1466,10a
136,8141,kurtosis_style,-0.19383192575720587,0.1152542855324099,1466,10a
136,8141,lag1_squared_alpha,0.02395580011644123,-0.02165360523791923,1466,10a
136,8141,lag1_squared_beta,0.014865412323868017,-0.011356085987741673,1466,10a
136,8141,lag1_squared_quality,0.015046975780677076,-0.030072106856896694,1466,10a
136,8141,lag1_squared_style,-0.042755020953472465,-0.02260972487181597,1466,10a
137,8201,joint_collapse_95,0.02455661664392906,0.023874488403819918,1466,10a
137,8201,joint_direction_asymmetry,-0.004092769440654842,0.002046384720327421,1466,10a
137,8201,joint_improvement_95,0.020463847203274217,0.02592087312414734,1466,10a
137,8201,joint_quality_style_lower_95,0.0020463847203274215,0.004092769440654843,1466,10a
137,8201,joint_quality_style_upper_95,0.0006821282401091405,0.001364256480218281,1466,10a
137,8201,kendall_alpha_beta,-0.5589344830957912,-0.5460108302408635,1466,10a
137,8201,kendall_alpha_beta_minus_gaussian,0.005309700499345205,0.018233353354272896,1466,10a
137,8201,kendall_quality_style,0.01466785243680424,0.011594783232216965,1466,10a
137,8201,kendall_quality_style_minus_gaussian,-0.00868147732519222,-0.011754546529779496,1466,10a
137,8201,kurtosis_alpha,0.0037079895730842694,0.07559658441929917,1466,10a
137,8201,kurtosis_beta,0.028485832454911097,0.12461330223988787,1466,10a
137,8201,kurtosis_quality,-0.01266078212234989,0.1434468400033726,1466,10a
137,8201,kurtosis_style,-0.028219304357260278,0.10963878756056378,1466,10a
137,8201,lag1_squared_alpha,0.039713554338957534,0.049082569818049794,1466,10a
137,8201,lag1_squared_beta,0.04955637183823385,7.670638552857247e-5,1466,10a
137,8201,lag1_squared_quality,0.06594328786146539,0.03450680303675545,1466,10a
137,8201,lag1_squared_style,0.02284356659725754,-0.009912288041997725,1466,10a
138,8262,joint_collapse_95,0.022510231923601638,0.02455661664392906,1466,10a
138,8262,joint_direction_asymmetry,0.005457025920873122,-0.0027285129604365625,1466,10a
138,8262,joint_improvement_95,0.02796725784447476,0.021828103683492497,1466,10a
138,8262,joint_quality_style_lower_95,0.0034106412005457027,0.0006821282401091405,1466,10a
138,8262,joint_quality_style_upper_95,0.0006821282401091405,0.001364256480218281,1466,10a
138,8262,kendall_alpha_beta,-0.5817310691952748,-0.5903021385767964,1466,10a
138,8262,kendall_alpha_beta_minus_gaussian,-6.824640414004879e-5,-0.008639315785661572,1466,10a
138,8262,kendall_quality_style,-0.09311865306445521,-0.15663247489162768,1466,10a
138,8262,kendall_quality_style_minus_gaussian,0.038758824313416956,-0.02475499751375551,1466,10a
138,8262,kurtosis_alpha,0.010540527581858417,-0.03004619845445422,1466,10a
138,8262,kurtosis_beta,-0.08932576042387019,-0.148591428258543,1466,10a
138,8262,kurtosis_quality,-0.052930366444347676,-0.12717131931765158,1466,10a
138,8262,kurtosis_style,-0.07766967979197847,-0.1253286733366874,1466,10a
138,8262,lag1_squared_alpha,0.03149099432353187,-0.000976947761285369,1466,10a
138,8262,lag1_squared_beta,0.01591517489143132,0.01551853383620035,1466,10a
138,8262,lag1_squared_quality,0.027452705867515092,0.00658985178402292,1466,10a
138,8262,lag1_squared_style,0.011253923166555572,0.006264835897580496,1466,10a
139,8322,joint_collapse_95,0.030695770804911322,0.0286493860845839,1466,10a
139,8322,joint_direction_asymmetry,-0.0027285129604365625,-0.002046384720327421,1466,10a
139,8322,joint_improvement_95,0.02796725784447476,0.02660300136425648,1466,10a
139,8322,joint_quality_style_lower_95,0.004092769440654843,0.0020463847203274215,1466,10a
139,8322,joint_quality_style_upper_95,0.0047748976807639835,0.006139154160982265,1466,10a
139,8322,kendall_alpha_beta,-0.6501748390130793,-0.657455219328674,1466,10a
139,8322,kendall_alpha_beta_minus_gaussian,0.0010271057965918207,-0.006253274519002927,1466,10a
139,8322,kendall_quality_style,0.07739757600026076,0.05586560444011934,1466,10a
139,8322,kendall_quality_style_minus_gaussian,-0.004287320746408696,-0.025819292306550112,1466,10a
139,8322,kurtosis_alpha,0.05210344238838527,-0.14052079267236772,1466,10a
139,8322,kurtosis_beta,-0.04516984517122813,-0.21657202497834405,1466,10a
139,8322,kurtosis_quality,0.052964404305651414,-0.22322621889902727,1466,10a
139,8322,kurtosis_style,-0.11627564120934553,0.20289549920090932,1466,10a
139,8322,lag1_squared_alpha,0.04010725706833057,0.007581487063524506,1466,10a
139,8322,lag1_squared_beta,0.03360820970579124,-0.012775059009357385,1466,10a
139,8322,lag1_squared_quality,0.038300205795926405,0.004266950200373601,1466,10a
139,8322,lag1_squared_style,-0.00946910731206303,0.03970223782659956,1466,10a
140,8382,joint_collapse_95,0.030013642564802184,0.0286493860845839,1466,10a
140,8382,joint_direction_asymmetry,-0.001364256480218283,-0.0013642564802182795,1466,10a
140,8382,joint_improvement_95,0.0286493860845839,0.027285129604365622,1466,10a
140,8382,joint_quality_style_lower_95,0.006139154160982265,0.005457025920873124,1466,10a
140,8382,joint_quality_style_upper_95,0.002728512960436562,0.005457025920873124,1466,10a
140,8382,kendall_alpha_beta,-0.6207162113712872,-0.6246180780280208,1466,10a
140,8382,kendall_alpha_beta_minus_gaussian,0.015436046781724166,0.011534180124990523,1466,10a
140,8382,kendall_quality_style,0.08730775856850848,0.12448072114690667,1466,10a
140,8382,kendall_quality_style_minus_gaussian,-0.03322804503797967,0.003944917540418522,1466,10a
140,8382,kurtosis_alpha,0.2567852018055987,0.1268959176033131,1466,10a
140,8382,kurtosis_beta,0.29189269850484356,-0.10952661742548475,1466,10a
140,8382,kurtosis_quality,0.34949663085313576,0.03520415259479881,1466,10a
140,8382,kurtosis_style,0.05483270354490477,-0.1633510341066553,1466,10a
140,8382,lag1_squared_alpha,0.06564678477207214,-0.015269214791473813,1466,10a
140,8382,lag1_squared_beta,0.04481824531738804,0.006278687562226524,1466,10a
140,8382,lag1_squared_quality,0.053829727945855506,-0.011355263706176944,1466,10a
140,8382,lag1_squared_style,0.001311124675766835,-0.004512513631849245,1466,10a
141,8443,joint_collapse_95,0.030695770804911322,0.034106412005457026,1466,10a
141,8443,joint_direction_asymmetry,-0.0047748976807639835,-0.0047748976807639835,1466,10a
141,8443,joint_improvement_95,0.02592087312414734,0.029331514324693043,1466,10a
141,8443,joint_quality_style_lower_95,0.006139154160982265,0.004092769440654843,1466,10a
141,8443,joint_quality_style_upper_95,0.0034106412005457027,0.0020463847203274215,1466,10a
141,8443,kendall_alpha_beta,-0.6539575078339983,-0.6576805777370105,1466,10a
141,8443,kendall_alpha_beta_minus_gaussian,0.005947081578163482,0.002224011675151294,1466,10a
141,8443,kendall_quality_style,0.13095092867220126,0.1130936028942725,1466,10a
141,8443,kendall_quality_style_minus_gaussian,0.002188758901991328,-0.01566856687593743,1466,10a
141,8443,kurtosis_alpha,0.00683902526198743,0.044920342574723104,1466,10a
141,8443,kurtosis_beta,-0.0050859088621257875,0.036381302649276304,1466,10a
141,8443,kurtosis_quality,0.04242521464540561,0.10173698436191625,1466,10a
141,8443,kurtosis_style,-0.07039065937117073,-0.061661131092468846,1466,10a
141,8443,lag1_squared_alpha,0.020960834715458298,0.008223602881379896,1466,10a
141,8443,lag1_squared_beta,0.05274023711610496,0.0023093907299882085,1466,10a
141,8443,lag1_squared_quality,0.03845258615291105,0.008722573779948246,1466,10a
141,8443,lag1_squared_style,0.016078342318791024,-0.0076754168443127985,1466,10a
142,8503,joint_collapse_95,0.0286493860845839,0.0286493860845839,1466,10a
142,8503,joint_direction_asymmetry,-0.0047748976807639835,0.0006821282401091415,1466,10a
142,8503,joint_improvement_95,0.023874488403819918,0.029331514324693043,1466,10a
142,8503,joint_quality_style_lower_95,0.0,0.0006821282401091405,1466,10a
142,8503,joint_quality_style_upper_95,0.001364256480218281,0.001364256480218281,1466,10a
142,8503,kendall_alpha_beta,-0.6623758549883829,-0.6419352886124161,1466,10a
142,8503,kendall_alpha_beta_minus_gaussian,-0.022123714783763293,-0.0016831484077964864,1466,10a
142,8503,kendall_quality_style,-0.1372237147819284,-0.12875321857437516,1466,10a
142,8503,kendall_quality_style_minus_gaussian,0.002640884085903683,0.01111138029345693,1466,10a
142,8503,kurtosis_alpha,-0.09906572455806018,-0.08175409468843542,1466,10a
142,8503,kurtosis_beta,-0.08017313321681874,-0.054628567701933584,1466,10a
142,8503,kurtosis_quality,-0.10208935710042644,-0.05067128972801793,1466,10a
142,8503,kurtosis_style,0.2202816321194656,-3.389695880784416e-5,1466,10a
142,8503,lag1_squared_alpha,0.0023233006243059883,-0.0010906626684450403,1466,10a
142,8503,lag1_squared_beta,-0.01013857742545759,0.01947038514912059,1466,10a
142,8503,lag1_squared_quality,0.0028354557166413693,0.011317939579415681,1466,10a
142,8503,lag1_squared_style,0.01210275944680098,-0.022263300497281806,1466,10a
143,8563,joint_collapse_95,0.03137789904502047,0.029331514324693043,1466,10a
143,8563,joint_direction_asymmetry,0.001364256480218276,-0.001364256480218283,1466,10a
143,8563,joint_improvement_95,0.03274215552523874,0.02796725784447476,1466,10a
143,8563,joint_quality_style_lower_95,0.002728512960436562,0.004092769440654843,1466,10a
143,8563,joint_quality_style_upper_95,0.0020463847203274215,0.006139154160982265,1466,10a
143,8563,kendall_alpha_beta,-0.6637391802355088,-0.6526090823163493,1466,10a
143,8563,kendall_alpha_beta_minus_gaussian,-0.016258113371032668,-0.005128015451873136,1466,10a
143,8563,kendall_quality_style,0.014960259627786132,0.02666399713180212,1466,10a
143,8563,kendall_quality_style_minus_gaussian,-0.0072203811643854685,0.004483356339630519,1466,10a
143,8563,kurtosis_alpha,0.0535553471390009,-0.08385454669000847,1466,10a
143,8563,kurtosis_beta,-0.17701172352131866,0.030212902081353743,1466,10a
143,8563,kurtosis_quality,-0.052087651255953826,-0.06665207544109197,1466,10a
143,8563,kurtosis_style,-0.07336092540867423,0.038726736323386746,1466,10a
143,8563,lag1_squared_alpha,-0.027514860628211787,-0.0198231420094932,1466,10a
143,8563,lag1_squared_beta,-0.04400887944724676,0.0034265083148808306,1466,10a
143,8563,lag1_squared_quality,-0.0439207387451703,-0.0068475073787164255,1466,10a
143,8563,lag1_squared_style,-0.007422403217081717,0.0090844537293723,1466,10a
144,8623,joint_collapse_95,0.023874488403819918,0.02796725784447476,1466,10a
144,8623,joint_direction_asymmetry,0.0027285129604365625,0.0,1466,10a
144,8623,joint_improvement_95,0.02660300136425648,0.02796725784447476,1466,10a
144,8623,joint_quality_style_lower_95,0.0034106412005457027,0.0,1466,10a
144,8623,joint_quality_style_upper_95,0.002728512960436562,0.0006821282401091405,1466,10a
144,8623,kendall_alpha_beta,-0.6158067505086862,-0.6222192215822582,1466,10a
144,8623,kendall_alpha_beta_minus_gaussian,0.01241533094997116,0.006002859876399147,1466,10a
144,8623,kendall_quality_style,-0.07780173116231848,-0.09659960236346965,1466,10a
144,8623,kendall_quality_style_minus_gaussian,0.014272438982180086,-0.004525432218971087,1466,10a
144,8623,kurtosis_alpha,-0.041302230809018514,-0.1355921407836007,1466,10a
144,8623,kurtosis_beta,0.07027142094711847,-0.0499121577765127,1466,10a
144,8623,kurtosis_quality,-0.022317409461942272,-0.09537616885077815,1466,10a
144,8623,kurtosis_style,-0.046774096858576364,-0.17583893220423397,1466,10a
144,8623,lag1_squared_alpha,0.02797777995142432,0.0005235116757948607,1466,10a
144,8623,lag1_squared_beta,0.002876919229419228,0.015677655553474192,1466,10a
144,8623,lag1_squared_quality,0.022807002354058213,0.0002230879042667413,1466,10a
144,8623,lag1_squared_style,-0.001351641020321003,-0.010268999100085502,1466,10a
145,8684,joint_collapse_95,0.02660300136425648,0.030695770804911322,1466,10a
145,8684,joint_direction_asymmetry,0.0006821282401091415,0.0,1466,10a
145,8684,joint_improvement_95,0.027285129604365622,0.030695770804911322,1466,10a
145,8684,joint_quality_style_lower_95,0.0047748976807639835,0.002728512960436562,1466,10a
145,8684,joint_quality_style_upper_95,0.001364256480218281,0.007503410641200546,1466,10a
145,8684,kendall_alpha_beta,-0.6416298441581421,-0.6727646913660723,1466,10a
145,8684,kendall_alpha_beta_minus_gaussian,0.020186439174798676,-0.010948408033131574,1466,10a
145,8684,kendall_quality_style,0.10457468256591962,0.08250259581224484,1466,10a
145,8684,kendall_quality_style_minus_gaussian,0.018118194753592276,-0.003953892000082504,1466,10a
145,8684,kurtosis_alpha,0.11001052593869698,-0.061735792731387296,1466,10a
145,8684,kurtosis_beta,0.15336269249676526,-0.15438041316844364,1466,10a
145,8684,kurtosis_quality,0.15784706654041392,-0.11146714434395744,1466,10a
145,8684,kurtosis_style,0.009849600584030949,-0.1299773620989555,1466,10a
145,8684,lag1_squared_alpha,0.015178703374552183,0.022091022075195775,1466,10a
145,8684,lag1_squared_beta,-0.0002739485424828827,0.02915102314111608,1466,10a
145,8684,lag1_squared_quality,0.010105085295892612,0.022877714226304968,1466,10a
145,8684,lag1_squared_style,0.006807773624055578,0.01792618328099263,1466,10a
146,8744,joint_collapse_95,0.029331514324693043,0.034106412005457026,1466,10a
146,8744,joint_direction_asymmetry,0.0034106412005457006,-0.004092769440654842,1466,10a
146,8744,joint_improvement_95,0.03274215552523874,0.030013642564802184,1466,10a
146,8744,joint_quality_style_lower_95,0.0047748976807639835,0.0047748976807639835,1466,10a
146,8744,joint_quality_style_upper_95,0.006139154160982265,0.004092769440654843,1466,10a
146,8744,kendall_alpha_beta,-0.677180598689755,-0.6978260363460276,1466,10a
146,8744,kendall_alpha_beta_minus_gaussian,0.003006283387171349,-0.01763915426910123,1466,10a
146,8744,kendall_quality_style,0.15750410906601975,0.12918531072920203,1466,10a
146,8744,kendall_quality_style_minus_gaussian,0.007690824228946097,-0.02062797410787162,1466,10a
146,8744,kurtosis_alpha,0.04080892687890225,-0.04345287804101483,1466,10a
146,8744,kurtosis_beta,0.18509049669983746,-0.15325346560226238,1466,10a
146,8744,kurtosis_quality,0.10893517554778054,-0.11634981115454446,1466,10a
146,8744,kurtosis_style,0.31633539429329094,-0.10131677030969088,1466,10a
146,8744,lag1_squared_alpha,0.044096562715260815,-0.018348924455032573,1466,10a
146,8744,lag1_squared_beta,0.09218150901767116,0.00473272875516853,1466,10a
146,8744,lag1_squared_quality,0.07528532924438416,-0.008424446175947026,1466,10a
146,8744,lag1_squared_style,-0.0204761045732181,-0.04151578791039115,1466,10a
147,8804,joint_collapse_95,0.0252387448840382,0.0252387448840382,1466,10a
147,8804,joint_direction_asymmetry,-0.0006821282401091415,0.005457025920873122,1466,10a
147,8804,joint_improvement_95,0.02455661664392906,0.030695770804911322,1466,10a
147,8804,joint_quality_style_lower_95,0.0034106412005457027,0.002728512960436562,1466,10a
147,8804,joint_quality_style_upper_95,0.0034106412005457027,0.0034106412005457027,1466,10a
147,8804,kendall_alpha_beta,-0.5929971271459102,-0.5946770716444179,1466,10a
147,8804,kendall_alpha_beta_minus_gaussian,0.0036519542535816685,0.0019720097550740556,1466,10a
147,8804,kendall_quality_style,0.06504197533163536,0.0393734663755011,1466,10a
147,8804,kendall_quality_style_minus_gaussian,0.01845817352975692,-0.007210335426377341,1466,10a
147,8804,kurtosis_alpha,0.17300431654555215,-0.02182050717054773,1466,10a
147,8804,kurtosis_beta,0.28586699382938274,-0.05773086945162875,1466,10a
147,8804,kurtosis_quality,0.2564476189657072,-0.002790558539896182,1466,10a
147,8804,kurtosis_style,-0.031432760073715205,-0.026883944531803206,1466,10a
147,8804,lag1_squared_alpha,-0.008592757470997083,-0.014419439441351546,1466,10a
147,8804,lag1_squared_beta,-0.0002966128573479114,-0.023665356950990046,1466,10a
147,8804,lag1_squared_quality,-0.011903302398873088,-0.02899514141074038,1466,10a
147,8804,lag1_squared_style,-0.021384441227086486,0.0076816896723691215,1466,10a
148,8865,joint_collapse_95,0.029331514324693043,0.0286493860845839,1466,10a
148,8865,joint_direction_asymmetry,-0.002046384720327421,0.001364256480218283,1466,10a
148,8865,joint_improvement_95,0.027285129604365622,0.030013642564802184,1466,10a
148,8865,joint_quality_style_lower_95,0.009549795361527967,0.008185538881309686,1466,10a
148,8865,joint_quality_style_upper_95,0.004092769440654843,0.0068212824010914054,1466,10a
148,8865,kendall_alpha_beta,-0.6201183597260311,-0.631108772681346,1466,10a
148,8865,kendall_alpha_beta_minus_gaussian,0.007866162300516844,-0.003124250654798044,1466,10a
148,8865,kendall_quality_style,0.17803221135266267,0.21195703290512136,1466,10a
148,8865,kendall_quality_style_minus_gaussian,-0.011437100152442647,0.022487721400016036,1466,10a
148,8865,kurtosis_alpha,0.099393880240644,0.1207954621545686,1466,10a
148,8865,kurtosis_beta,0.36028698507406354,0.21964647807944715,1466,10a
148,8865,kurtosis_quality,0.26274281340506,0.1382036271985836,1466,10a
148,8865,kurtosis_style,-0.10205127863955354,-0.18082615092472265,1466,10a
148,8865,lag1_squared_alpha,0.012639295917449436,0.059064092649341496,1466,10a
148,8865,lag1_squared_beta,0.0006281001259461913,0.027358276694062624,1466,10a
148,8865,lag1_squared_quality,0.013472445819382194,0.05124214115160341,1466,10a
148,8865,lag1_squared_style,-0.02914374882511115,0.04748797093224815,1466,10a
149,8925,joint_collapse_95,0.030695770804911322,0.02592087312414734,1466,10a
149,8925,joint_direction_asymmetry,-0.0034106412005457006,-0.0034106412005457006,1466,10a
149,8925,joint_improvement_95,0.027285129604365622,0.022510231923601638,1466,10a
149,8925,joint_quality_style_lower_95,0.001364256480218281,0.002728512960436562,1466,10a
149,8925,joint_quality_style_upper_95,0.002728512960436562,0.0020463847203274215,1466,10a
149,8925,kendall_alpha_beta,-0.6007691985342392,-0.5767098603615979,1466,10a
149,8925,kendall_alpha_beta_minus_gaussian,-0.010152125060513661,0.013907213112127614,1466,10a
149,8925,kendall_quality_style,-0.06173237292160416,-0.03719810587189021,1466,10a
149,8925,kendall_quality_style_minus_gaussian,0.0045730271583736826,0.029107294208087636,1466,10a
149,8925,kurtosis_alpha,0.011489474362813112,0.030198429359352907,1466,10a
149,8925,kurtosis_beta,0.02195005005173467,0.07733968959570037,1466,10a
149,8925,kurtosis_quality,0.006291927379746376,0.06430859106206954,1466,10a
149,8925,kurtosis_style,-0.1148200426917847,-0.15883966130784355,1466,10a
149,8925,lag1_squared_alpha,0.0001951297433525107,-0.01460759619541126,1466,10a
149,8925,lag1_squared_beta,-0.008847646463853304,0.01188939188193393,1466,10a
149,8925,lag1_squared_quality,0.0018809540788213312,-0.013462304239695232,1466,10a
149,8925,lag1_squared_style,-0.0287570416368652,0.0072587731705350345,1466,10a
150,8985,joint_collapse_95,0.030013642564802184,0.023192360163710776,1466,10a
150,8985,joint_direction_asymmetry,-0.007503410641200546,0.0040927694406548455,1466,10a
150,8985,joint_improvement_95,0.022510231923601638,0.027285129604365622,1466,10a
150,8985,joint_quality_style_lower_95,0.0006821282401091405,0.0006821282401091405,1466,10a
150,8985,joint_quality_style_upper_95,0.0020463847203274215,0.0006821282401091405,1466,10a
150,8985,kendall_alpha_beta,-0.5881062909451551,-0.598098422025525,1466,10a
150,8985,kendall_alpha_beta_minus_gaussian,0.0014532492091998694,-0.008538881871170023,1466,10a
150,8985,kendall_quality_style,-0.1642797610455886,-0.16581443318169753,1466,10a
150,8985,kendall_quality_style_minus_gaussian,-0.0053284457332763435,-0.00686311786938526,1466,10a
150,8985,kurtosis_alpha,0.09107132479539626,0.3597572288568345,1466,10a
150,8985,kurtosis_beta,0.031114272105778884,0.2710791792309175,1466,10a
150,8985,kurtosis_quality,0.05432512227936748,0.3608532946854752,1466,10a
150,8985,kurtosis_style,-0.1734021031416324,-0.030139692565796405,1466,10a
150,8985,lag1_squared_alpha,0.05189789821551761,-0.0004267156190717774,1466,10a
150,8985,lag1_squared_beta,0.023515124261265036,0.006040076880960013,1466,10a
150,8985,lag1_squared_quality,0.050696806798402175,-0.0044736023179253945,1466,10a
150,8985,lag1_squared_style,0.007352163075631796,-0.00941534761656268,1466,10a
151,9045,joint_collapse_95,0.02660300136425648,0.029331514324693043,1466,10a
151,9045,joint_direction_asymmetry,-0.0006821282401091415,-0.004092769440654842,1466,10a
151,9045,joint_improvement_95,0.02592087312414734,0.0252387448840382,1466,10a
151,9045,joint_quality_style_lower_95,0.0034106412005457027,0.0020463847203274215,1466,10a
151,9045,joint_quality_style_upper_95,0.0020463847203274215,0.0020463847203274215,1466,10a
151,9045,kendall_alpha_beta,-0.6260503145239769,-0.6258249561156406,1466,10a
151,9045,kendall_alpha_beta_minus_gaussian,0.0013389964934494847,0.0015643549017857472,1466,10a
151,9045,kendall_quality_style,-0.004647784363665197,-0.03102775540231595,1466,10a
151,9045,kendall_quality_style_minus_gaussian,-0.0016461257502025863,-0.028026096788853337,1466,10a
151,9045,kurtosis_alpha,0.02542238883382142,-0.05559324951567479,1466,10a
151,9045,kurtosis_beta,0.03134925474966277,-0.21061113510399831,1466,10a
151,9045,kurtosis_quality,0.006193177821713913,-0.1309631330838612,1466,10a
151,9045,kurtosis_style,-0.028214019807622392,0.10900004300126165,1466,10a
151,9045,lag1_squared_alpha,0.0716982556680958,-0.048433414138473706,1466,10a
151,9045,lag1_squared_beta,0.02928830079801937,-0.03317416747664756,1466,10a
151,9045,lag1_squared_quality,0.0536798623321288,-0.048435807358995796,1466,10a
151,9045,lag1_squared_style,-0.031613182963998045,0.03724313905005507,1466,10a
152,9106,joint_collapse_95,0.023874488403819918,0.022510231923601638,1466,10a
152,9106,joint_direction_asymmetry,0.004092769440654842,0.005457025920873122,1466,10a
152,9106,joint_improvement_95,0.02796725784447476,0.02796725784447476,1466,10a
152,9106,joint_quality_style_lower_95,0.0047748976807639835,0.0020463847203274215,1466,10a
152,9106,joint_quality_style_upper_95,0.002728512960436562,0.0034106412005457027,1466,10a
152,9106,kendall_alpha_beta,-0.6274695137566408,-0.5925203358026532,1466,10a
152,9106,kendall_alpha_beta_minus_gaussian,-0.008207015303195453,0.02674216265079221,1466,10a
152,9106,kendall_quality_style,0.009346786547406727,0.01942272860608374,1466,10a
152,9106,kendall_quality_style_minus_gaussian,0.0030802142805641834,0.013156156339241196,1466,10a
152,9106,kurtosis_alpha,0.1135008615569193,0.24565125417145994,1466,10a
152,9106,kurtosis_beta,0.05193636313816841,0.07507245280142838,1466,10a
152,9106,kurtosis_quality,0.03840690018922954,0.2239670010370336,1466,10a
152,9106,kurtosis_style,-0.03387064611296342,-0.23006041481206818,1466,10a
152,9106,lag1_squared_alpha,0.030591777353916175,-0.014370999506066446,1466,10a
152,9106,lag1_squared_beta,0.02331116241191275,-0.029041087122583693,1466,10a
152,9106,lag1_squared_quality,0.03778670548229728,-0.010347870150219292,1466,10a
152,9106,lag1_squared_style,-0.021106303211940555,0.012672736365729135,1466,10a
153,9166,joint_collapse_95,0.02660300136425648,0.02660300136425648,1466,10a
153,9166,joint_direction_asymmetry,-0.002046384720327421,-0.0013642564802182795,1466,10a
153,9166,joint_improvement_95,0.02455661664392906,0.0252387448840382,1466,10a
153,9166,joint_quality_style_lower_95,0.001364256480218281,0.0,1466,10a
153,9166,joint_quality_style_upper_95,0.0006821282401091405,0.0006821282401091405,1466,10a
153,9166,kendall_alpha_beta,-0.5824890929324065,-0.592650708435575,1466,10a
153,9166,kendall_alpha_beta_minus_gaussian,-0.0012739083925893402,-0.01143552389575786,1466,10a
153,9166,kendall_quality_style,-0.08032351037626473,-0.09819387341748587,1466,10a
153,9166,kendall_quality_style_minus_gaussian,0.03303065764386599,0.015160294602644855,1466,10a
153,9166,kurtosis_alpha,-0.10239110374571281,-0.018980518236297872,1466,10a
153,9166,kurtosis_beta,0.28073593014706644,0.10917535585209981,1466,10a
153,9166,kurtosis_quality,0.14926303097030136,0.07372955253341562,1466,10a
153,9166,kurtosis_style,-0.08554597217137605,0.01781084662238852,1466,10a
153,9166,lag1_squared_alpha,0.014476773648010397,0.022762207432915543,1466,10a
153,9166,lag1_squared_beta,0.055391065313711234,0.040618278111024024,1466,10a
153,9166,lag1_squared_quality,0.04191031362846521,0.03738172442504361,1466,10a
153,9166,lag1_squared_style,-0.015648176046419143,-0.055761215014138575,1466,10a
154,9226,joint_collapse_95,0.02660300136425648,0.027285129604365622,1466,10a
154,9226,joint_direction_asymmetry,0.0013642564802182795,-0.001364256480218283,1466,10a
154,9226,joint_improvement_95,0.02796725784447476,0.02592087312414734,1466,10a
154,9226,joint_quality_style_lower_95,0.0034106412005457027,0.001364256480218281,1466,10a
154,9226,joint_quality_style_upper_95,0.002728512960436562,0.001364256480218281,1466,10a
154,9226,kendall_alpha_beta,-0.6466827149169574,-0.6427119370113936,1466,10a
154,9226,kendall_alpha_beta_minus_gaussian,-0.007633461000794206,-0.0036626830952304346,1466,10a
154,9226,kendall_quality_style,-0.09834845811080739,-0.05557319724913734,1466,10a
154,9226,kendall_quality_style_minus_gaussian,-0.019892985234739202,0.022882275626930848,1466,10a
154,9226,kurtosis_alpha,0.19551761867772566,-0.14949220179576939,1466,10a
154,9226,kurtosis_beta,-0.03961803780076867,0.10622664922578151,1466,10a
154,9226,kurtosis_quality,0.08785976543141416,-0.029736090952302785,1466,10a
154,9226,kurtosis_style,-0.16600735479835427,-0.18783672081398572,1466,10a
154,9226,lag1_squared_alpha,0.03518541281076127,-0.01153736980052697,1466,10a
154,9226,lag1_squared_beta,0.05597454824829371,-0.0182175998150123,1466,10a
154,9226,lag1_squared_quality,0.050357779555909074,-0.023625726981288304,1466,10a
154,9226,lag1_squared_style,0.007667208612783694,-0.001785060046208265,1466,10a
155,9287,joint_collapse_95,0.02660300136425648,0.022510231923601638,1466,10a
155,9287,joint_direction_asymmetry,-0.0013642564802182795,0.0013642564802182795,1466,10a
155,9287,joint_improvement_95,0.0252387448840382,0.023874488403819918,1466,10a
155,9287,joint_quality_style_lower_95,0.004092769440654843,0.006139154160982265,1466,10a
155,9287,joint_quality_style_upper_95,0.006139154160982265,0.002728512960436562,1466,10a
155,9287,kendall_alpha_beta,-0.5765422384049839,-0.5764621523590463,1466,10a
155,9287,kendall_alpha_beta_minus_gaussian,0.0009821166869830034,0.0010622027329205697,1466,10a
155,9287,kendall_quality_style,0.07045802699644732,0.06226690071658392,1466,10a
155,9287,kendall_quality_style_minus_gaussian,-0.0003386762670529314,-0.008529802546916335,1466,10a
155,9287,kurtosis_alpha,0.14247968406755795,0.41078264553589383,1466,10a
155,9287,kurtosis_beta,0.09529695865669519,0.12887931955879406,1466,10a
155,9287,kurtosis_quality,0.16291836467583787,0.3412145390187411,1466,10a
155,9287,kurtosis_style,0.18792047823380642,-0.06020533596948496,1466,10a
155,9287,lag1_squared_alpha,0.04816252855866375,0.03589856287117865,1466,10a
155,9287,lag1_squared_beta,0.004362231288064733,0.0383611080049495,1466,10a
155,9287,lag1_squared_quality,0.04057829909005235,0.04252454556867175,1466,10a
155,9287,lag1_squared_style,-0.021868385170749138,0.02603495381266641,1466,10a
156,9347,joint_collapse_95,0.02660300136425648,0.02592087312414734,1466,10a
156,9347,joint_direction_asymmetry,-0.0013642564802182795,0.0027285129604365625,1466,10a
156,9347,joint_improvement_95,0.0252387448840382,0.0286493860845839,1466,10a
156,9347,joint_quality_style_lower_95,0.0068212824010914054,0.007503410641200546,1466,10a
156,9347,joint_quality_style_upper_95,0.007503410641200546,0.008185538881309686,1466,10a
156,9347,kendall_alpha_beta,-0.6445259790751925,-0.6404751151236909,1466,10a
156,9347,kendall_alpha_beta_minus_gaussian,-0.013743488838396045,-0.009692624886894485,1466,10a
156,9347,kendall_quality_style,0.15842789229358056,0.19218322942324073,1466,10a
156,9347,kendall_quality_style_minus_gaussian,0.006340486156619529,0.0400958232862797,1466,10a
156,9347,kurtosis_alpha,0.03797610683031882,-0.04653495847039446,1466,10a
156,9347,kurtosis_beta,0.08235724288706914,0.17022641769406066,1466,10a
156,9347,kurtosis_quality,0.044619931319217265,0.024607916443859512,1466,10a
156,9347,kurtosis_style,-0.05904686316486485,0.0957826512650306,1466,10a
156,9347,lag1_squared_alpha,0.047893011345715664,-0.025204351346197588,1466,10a
156,9347,lag1_squared_beta,0.06083503350672882,-0.05274356932899601,1466,10a
156,9347,lag1_squared_quality,0.06440830985001016,-0.040943976660936264,1466,10a
156,9347,lag1_squared_style,-0.002904492430092102,0.004431732345385568,1466,10a
157,9407,joint_collapse_95,0.0252387448840382,0.0252387448840382,1466,10a
157,9407,joint_direction_asymmetry,0.0034106412005457006,0.0034106412005457006,1466,10a
157,9407,joint_improvement_95,0.0286493860845839,0.0286493860845839,1466,10a
157,9407,joint_quality_style_lower_95,0.0020463847203274215,0.001364256480218281,1466,10a
157,9407,joint_quality_style_upper_95,0.002728512960436562,0.001364256480218281,1466,10a
157,9407,kendall_alpha_beta,-0.6162556048591743,-0.6185929999208453,1466,10a
157,9407,kendall_alpha_beta_minus_gaussian,0.015613975766676225,0.013276580705005259,1466,10a
157,9407,kendall_quality_style,-0.036292947306175494,-0.031212139554591234,1466,10a
157,9407,kendall_quality_style_minus_gaussian,0.004277501335953254,0.009358309087537514,1466,10a
157,9407,kurtosis_alpha,0.01265223334460952,0.08110300433422823,1466,10a
157,9407,kurtosis_beta,-0.012436996380609688,0.026544429102384637,1466,10a
157,9407,kurtosis_quality,-0.014803133287559778,0.05403454346809422,1466,10a
157,9407,kurtosis_style,-0.025498087608137876,0.17286854747981106,1466,10a
157,9407,lag1_squared_alpha,0.059156833195564855,0.026668376217087127,1466,10a
157,9407,lag1_squared_beta,0.0308607271548954,0.021627455004249983,1466,10a
157,9407,lag1_squared_quality,0.05023222331884171,0.018124461671244114,1466,10a
157,9407,lag1_squared_style,0.02751416071733013,0.022465107141758686,1466,10a
158,9468,joint_collapse_95,0.023192360163710776,0.02660300136425648,1466,10a
158,9468,joint_direction_asymmetry,0.0020463847203274245,-0.003410641200545704,1466,10a
158,9468,joint_improvement_95,0.0252387448840382,0.023192360163710776,1466,10a
158,9468,joint_quality_style_lower_95,0.0020463847203274215,0.002728512960436562,1466,10a
158,9468,joint_quality_style_upper_95,0.0020463847203274215,0.002728512960436562,1466,10a
158,9468,kendall_alpha_beta,-0.5896353756827102,-0.5963160418868645,1466,10a
158,9468,kendall_alpha_beta_minus_gaussian,-0.003970874491618259,-0.010651540695772566,1466,10a
158,9468,kendall_quality_style,-0.009475296714144044,0.026852106216446514,1466,10a
158,9468,kendall_quality_style_minus_gaussian,-0.012497886668715798,0.02382951626187476,1466,10a
158,9468,kurtosis_alpha,-0.14468268857551259,-0.022827398649763797,1466,10a
158,9468,kurtosis_beta,-0.2023468275706266,-0.013859146474588524,1466,10a
158,9468,kurtosis_quality,-0.207831524531648,-0.012257855379743887,1466,10a
158,9468,kurtosis_style,-0.11216546598129318,-0.17206888900355377,1466,10a
158,9468,lag1_squared_alpha,0.05168788714031691,-0.03354091021292279,1466,10a
158,9468,lag1_squared_beta,0.08092604294332506,-0.03076738382920727,1466,10a
158,9468,lag1_squared_quality,0.07073603805271385,-0.02531514140906999,1466,10a
158,9468,lag1_squared_style,-0.003337500450945805,-0.02433947826348575,1466,10a
159,9528,joint_collapse_95,0.027285129604365622,0.02455661664392906,1466,10a
159,9528,joint_direction_asymmetry,0.000682128240109138,-0.001364256480218283,1466,10a
159,9528,joint_improvement_95,0.02796725784447476,0.023192360163710776,1466,10a
159,9528,joint_quality_style_lower_95,0.002728512960436562,0.0034106412005457027,1466,10a
159,9528,joint_quality_style_upper_95,0.001364256480218281,0.0020463847203274215,1466,10a
159,9528,kendall_alpha_beta,-0.6224967290437633,-0.6087647658647197,1466,10a
159,9528,kendall_alpha_beta_minus_gaussian,-0.0037669603458019285,0.009965002833241643,1466,10a
159,9528,kendall_quality_style,-0.011183178205420807,-0.003405519418538061,1466,10a
159,9528,kendall_quality_style_minus_gaussian,-0.006366308766550721,0.0014113500203320256,1466,10a
159,9528,kurtosis_alpha,0.11237039881606758,-0.18369595542297068,1466,10a
159,9528,kurtosis_beta,0.015491035612901882,-0.13159765916523547,1466,10a
159,9528,kurtosis_quality,0.07908303332630462,-0.18076855907188083,1466,10a
159,9528,kurtosis_style,0.03206209274237892,-0.11922599237097753,1466,10a
159,9528,lag1_squared_alpha,-0.003583183862075129,0.017399446504820903,1466,10a
159,9528,lag1_squared_beta,-0.008495408531676848,0.009406315293570054,1466,10a
159,9528,lag1_squared_quality,-0.010165939149157586,0.0034123045431774363,1466,10a
159,9528,lag1_squared_style,-0.056883014858000104,-0.0056625764884968175,1466,10a
160,9588,joint_collapse_95,0.0286493860845839,0.0286493860845839,1466,10a
160,9588,joint_direction_asymmetry,-0.002046384720327421,-0.0013642564802182795,1466,10a
160,9588,joint_improvement_95,0.02660300136425648,0.027285129604365622,1466,10a
160,9588,joint_quality_style_lower_95,0.0068212824010914054,0.004092769440654843,1466,10a
160,9588,joint_quality_style_upper_95,0.008867667121418827,0.008185538881309686,1466,10a
160,9588,kendall_alpha_beta,-0.6504150971508924,-0.6577699761138711,1466,10a
160,9588,kendall_alpha_beta_minus_gaussian,-0.006081459150131363,-0.013436338113110069,1466,10a
160,9588,kendall_quality_style,0.10795878362333489,0.12096438499038498,1466,10a
160,9588,kendall_quality_style_minus_gaussian,-0.02192589018486185,-0.008920288817811761,1466,10a
160,9588,kurtosis_alpha,0.17474404559061352,-0.029954468234140386,1466,10a
160,9588,kurtosis_beta,0.08022515630571281,-0.14699153771166884,1466,10a
160,9588,kurtosis_quality,0.12343282607353467,-0.11018401456219928,1466,10a
160,9588,kurtosis_style,-0.0369796317607336,0.4207387743131119,1466,10a
160,9588,lag1_squared_alpha,-0.022289926376868743,-0.014188605166047726,1466,10a
160,9588,lag1_squared_beta,0.02961988894310683,0.003306330982287288,1466,10a
160,9588,lag1_squared_quality,0.003271850365934953,-0.005700029375232986,1466,10a
160,9588,lag1_squared_style,-0.014116777501470376,-0.022039490002326606,1466,10a
161,9648,joint_collapse_95,0.02796725784447476,0.023874488403819918,1466,10a
161,9648,joint_direction_asymmetry,-0.002728512960436559,-0.0034106412005457006,1466,10a
161,9648,joint_improvement_95,0.0252387448840382,0.020463847203274217,1466,10a
161,9648,joint_quality_style_lower_95,0.004092769440654843,0.002728512960436562,1466,10a
161,9648,joint_quality_style_upper_95,0.004092769440654843,0.004092769440654843,1466,10a
161,9648,kendall_alpha_beta,-0.5915499909204773,-0.5919057219617356,1466,10a
161,9648,kendall_alpha_beta_minus_gaussian,-0.0036691509299640046,-0.004024881971222305,1466,10a
161,9648,kendall_quality_style,0.09688083475734399,0.09031564145663484,1466,10a
161,9648,kendall_quality_style_minus_gaussian,0.00380267250711272,-0.002762520793596429,1466,10a
161,9648,kurtosis_alpha,0.10478920589041918,0.03537680232851681,1466,10a
161,9648,kurtosis_beta,0.011224783696842433,-0.2772429798857958,1466,10a
161,9648,kurtosis_quality,0.09561517109951057,-0.15885743153598098,1466,10a
161,9648,kurtosis_style,-0.024890796473865606,-0.1640986401585831,1466,10a
161,9648,lag1_squared_alpha,0.010119172241919517,-0.0002465265968539201,1466,10a
161,9648,lag1_squared_beta,-0.03790478787587622,-0.009727362874505869,1466,10a
161,9648,lag1_squared_quality,-0.01817289300553977,-0.01114068718924498,1466,10a
161,9648,lag1_squared_style,-0.023188170896933355,-0.02899919070367762,1466,10a
162,9709,joint_collapse_95,0.02592087312414734,0.022510231923601638,1466,10a
162,9709,joint_direction_asymmetry,-0.0013642564802182795,0.0047748976807639835,1466,10a
162,9709,joint_improvement_95,0.02455661664392906,0.027285129604365622,1466,10a
162,9709,joint_quality_style_lower_95,0.0047748976807639835,0.005457025920873124,1466,10a
162,9709,joint_quality_style_upper_95,0.004092769440654843,0.002728512960436562,1466,10a
162,9709,kendall_alpha_beta,-0.6056116106141949,-0.602402581378132,1466,10a
162,9709,kendall_alpha_beta_minus_gaussian,-0.001591913968436942,0.0016171152676259792,1466,10a
162,9709,kendall_quality_style,0.06349054099986495,0.0972812649870326,1466,10a
162,9709,kendall_quality_style_minus_gaussian,-0.02940657787052922,0.004384146116638427,1466,10a
162,9709,kurtosis_alpha,0.29305475387863256,-0.06565885565671303,1466,10a
162,9709,kurtosis_beta,-0.05106450497860049,-0.11273098044396379,1466,10a
162,9709,kurtosis_quality,0.13279294743328052,-0.061694553887686965,1466,10a
162,9709,kurtosis_style,0.09699227620205653,0.1570110330007548,1466,10a
162,9709,lag1_squared_alpha,0.05513398821641014,-0.027843340798848797,1466,10a
162,9709,lag1_squared_beta,0.03141993618699822,-0.01258893734616532,1466,10a
162,9709,lag1_squared_quality,0.04712790069648485,-0.03118853828548308,1466,10a
162,9709,lag1_squared_style,-0.0026335575892701994,-0.026211396251181757,1466,10a
163,9769,joint_collapse_95,0.0252387448840382,0.02796725784447476,1466,10a
163,9769,joint_direction_asymmetry,0.0047748976807639835,-0.002046384720327421,1466,10a
163,9769,joint_improvement_95,0.030013642564802184,0.02592087312414734,1466,10a
163,9769,joint_quality_style_lower_95,0.002728512960436562,0.001364256480218281,1466,10a
163,9769,joint_quality_style_upper_95,0.0034106412005457027,0.0034106412005457027,1466,10a
163,9769,kendall_alpha_beta,-0.5915574407852158,-0.5822953964492081,1466,10a
163,9769,kendall_alpha_beta_minus_gaussian,0.003023899148930087,0.012285943484937722,1466,10a
163,9769,kendall_quality_style,-0.0024556616643929274,0.01180710437726118,1466,10a
163,9769,kendall_quality_style_minus_gaussian,0.0003307037480609694,0.014593469789715076,1466,10a
163,9769,kurtosis_alpha,0.2541780188017384,-0.07675846872986591,1466,10a
163,9769,kurtosis_beta,-0.012961564484201826,0.06302577832783163,1466,10a
163,9769,kurtosis_quality,0.14360350994668147,0.09591567721776872,1466,10a
163,9769,kurtosis_style,-0.14406659489688067,-0.13585658856134675,1466,10a
163,9769,lag1_squared_alpha,-0.03684837257749757,0.0007539949744029598,1466,10a
163,9769,lag1_squared_beta,0.01926790617031638,-0.04975971867365348,1466,10a
163,9769,lag1_squared_quality,-0.004677568255201763,-0.017647219178502073,1466,10a
163,9769,lag1_squared_style,-0.001928627273630537,-0.02033902940419732,1466,10a
164,9829,joint_collapse_95,0.029331514324693043,0.0286493860845839,1466,10a
164,9829,joint_direction_asymmetry,-0.003410641200545704,0.0006821282401091415,1466,10a
164,9829,joint_improvement_95,0.02592087312414734,0.029331514324693043,1466,10a
164,9829,joint_quality_style_lower_95,0.0020463847203274215,0.0020463847203274215,1466,10a
164,9829,joint_quality_style_upper_95,0.001364256480218281,0.001364256480218281,1466,10a
164,9829,kendall_alpha_beta,-0.6391844260577644,-0.6482136621206971,1466,10a
164,9829,kendall_alpha_beta_minus_gaussian,0.007487055704276435,-0.0015421803586562755,1466,10a
164,9829,kendall_quality_style,-0.07609571213722655,-0.0750843929989895,1466,10a
164,9829,kendall_quality_style_minus_gaussian,0.013627890980115298,0.014639210118352342,1466,10a
164,9829,kurtosis_alpha,0.15103944629182076,-0.06119245284539909,1466,10a
164,9829,kurtosis_beta,0.1895842402117207,-0.12370870963897085,1466,10a
164,9829,kurtosis_quality,0.16983600146118327,-0.1033340810023633,1466,10a
164,9829,kurtosis_style,-0.0014729777175372938,-0.00927446599692372,1466,10a
164,9829,lag1_squared_alpha,0.014009746585282288,0.00618592666300216,1466,10a
164,9829,lag1_squared_beta,-0.008546959266247484,-0.010886883628294848,1466,10a
164,9829,lag1_squared_quality,-0.0023643186786038387,-0.00423429065550707,1466,10a
164,9829,lag1_squared_style,-0.010893720367411763,0.0009403821378043793,1466,10a
165,9890,joint_collapse_95,0.032060027285129605,0.030013642564802184,1466,10a
165,9890,joint_direction_asymmetry,0.0,-0.0006821282401091415,1466,10a
165,9890,joint_improvement_95,0.032060027285129605,0.029331514324693043,1466,10a
165,9890,joint_quality_style_lower_95,0.0006821282401091405,0.0006821282401091405,1466,10a
165,9890,joint_quality_style_upper_95,0.0,0.0020463847203274215,1466,10a
165,9890,kendall_alpha_beta,-0.6635566585494181,-0.6579022112129778,1466,10a
165,9890,kendall_alpha_beta_minus_gaussian,-0.0053451582382385565,0.00030928909820182593,1466,10a
165,9890,kendall_quality_style,-0.15811127304219874,-0.116865096918084,1466,10a
165,9890,kendall_quality_style_minus_gaussian,-0.03954499744770468,0.0017011786764100645,1466,10a
165,9890,kurtosis_alpha,0.1537528050989052,-0.045271117157743124,1466,10a
165,9890,kurtosis_beta,-0.05053715901343914,-0.06127500914038553,1466,10a
165,9890,kurtosis_quality,0.09274551015202892,-0.08193586295961097,1466,10a
165,9890,kurtosis_style,0.0479142492588851,-0.09356004309059252,1466,10a
165,9890,lag1_squared_alpha,0.054435392036287174,0.021239895171423332,1466,10a
165,9890,lag1_squared_beta,0.0811996817322253,0.034122586287651704,1466,10a
165,9890,lag1_squared_quality,0.0712168670550529,0.0366676151419703,1466,10a
165,9890,lag1_squared_style,-0.004825899158169713,-0.04250201773989894,1466,10a
166,9950,joint_collapse_95,0.027285129604365622,0.02592087312414734,1466,10a
166,9950,joint_direction_asymmetry,0.0034106412005457006,0.0027285129604365625,1466,10a
166,9950,joint_improvement_95,0.030695770804911322,0.0286493860845839,1466,10a
166,9950,joint_quality_style_lower_95,0.001364256480218281,0.0047748976807639835,1466,10a
166,9950,joint_quality_style_upper_95,0.0020463847203274215,0.001364256480218281,1466,10a
166,9950,kendall_alpha_beta,-0.6089472875508104,-0.6054607508532424,1466,10a
166,9950,kendall_alpha_beta_minus_gaussian,0.008219801915245739,0.011706338612813783,1466,10a
166,9950,kendall_quality_style,0.0019192714032285618,-0.011916989882152507,1466,10a
166,9950,kendall_quality_style_minus_gaussian,-0.0046515741382875285,-0.018487835423668598,1466,10a
166,9950,kurtosis_alpha,0.03584264755255573,0.06771769834058672,1466,10a
166,9950,kurtosis_beta,0.13850251355315724,0.07791500075502844,1466,10a
166,9950,kurtosis_quality,0.11111494712622516,0.12436050238437968,1466,10a
166,9950,kurtosis_style,0.02898726365569626,-0.10736887303661868,1466,10a
166,9950,lag1_squared_alpha,-0.04514624600228287,0.006787795988808071,1466,10a
166,9950,lag1_squared_beta,0.014700384942814775,-0.000644210368096841,1466,10a
166,9950,lag1_squared_quality,-0.020621567145897537,-0.0006459194088875691,1466,10a
166,9950,lag1_squared_style,0.020912661538614766,-0.005657782835063278,1466,10a
167,10010,joint_collapse_95,0.034788540245566164,0.032060027285129605,1466,10a
167,10010,joint_direction_asymmetry,-0.006139154160982263,-0.000682128240109138,1466,10a
167,10010,joint_improvement_95,0.0286493860845839,0.03137789904502047,1466,10a
167,10010,joint_quality_style_lower_95,0.0034106412005457027,0.0047748976807639835,1466,10a
167,10010,joint_quality_style_upper_95,0.005457025920873124,0.0020463847203274215,1466,10a
167,10010,kendall_alpha_beta,-0.7078218923587669,-0.7026311991022913,1466,10a
167,10010,kendall_alpha_beta_minus_gaussian,-0.007880684333928967,-0.0026899910774533797,1466,10a
167,10010,kendall_quality_style,0.03249724122196407,0.030718586015672678,1466,10a
167,10010,kendall_quality_style_minus_gaussian,0.0034708441497742805,0.0016921889434828898,1466,10a
167,10010,kurtosis_alpha,0.12422938647553883,-0.13870417648390898,1466,10a
167,10010,kurtosis_beta,-0.012757794376199172,-0.0341776060470127,1466,10a
167,10010,kurtosis_quality,0.05711097207872928,-0.09216902086522794,1466,10a
167,10010,kurtosis_style,0.07272537665815104,-0.061279371823468765,1466,10a
167,10010,lag1_squared_alpha,-0.005167441834232503,-0.009818804543828335,1466,10a
167,10010,lag1_squared_beta,0.0443904112207641,0.0009388733796138699,1466,10a
167,10010,lag1_squared_quality,0.01904993897123316,-0.00677314474061819,1466,10a
167,10010,lag1_squared_style,-0.0010346820987745609,-0.016596017087568332,1466,10a
168,10071,joint_collapse_95,0.029331514324693043,0.023192360163710776,1466,10a
168,10071,joint_direction_asymmetry,-0.0047748976807639835,0.003410641200545704,1466,10a
168,10071,joint_improvement_95,0.02455661664392906,0.02660300136425648,1466,10a
168,10071,joint_quality_style_lower_95,0.001364256480218281,0.0006821282401091405,1466,10a
168,10071,joint_quality_style_upper_95,0.001364256480218281,0.0,1466,10a
168,10071,kendall_alpha_beta,-0.6054551634546885,-0.5808203232310063,1466,10a
168,10071,kendall_alpha_beta_minus_gaussian,-0.008401858095694714,0.016232982127987516,1466,10a
168,10071,kendall_quality_style,-0.175253411805242,-0.1724634374607137,1466,10a
168,10071,kendall_quality_style_minus_gaussian,0.0035020574606960397,0.006292031805224363,1466,10a
168,10071,kurtosis_alpha,0.1565560577783378,0.09835994218318955,1466,10a
168,10071,kurtosis_beta,-0.009309505904905091,0.16218586136212387,1466,10a
168,10071,kurtosis_quality,0.11143326394198638,0.18464148081384035,1466,10a
168,10071,kurtosis_style,0.0016652095329221517,-0.08385256280090747,1466,10a
168,10071,lag1_squared_alpha,0.038559472138262364,0.0011429965657311324,1466,10a
168,10071,lag1_squared_beta,0.021489067942290604,-0.003830914345284051,1466,10a
168,10071,lag1_squared_quality,0.0351205468254274,-0.0039014830141676803,1466,10a
168,10071,lag1_squared_style,-0.051185261204467994,0.0038833994017971334,1466,10a
169,10131,joint_collapse_95,0.03615279672578445,0.0286493860845839,1466,10a
169,10131,joint_direction_asymmetry,-0.006821282401091405,0.001364256480218283,1466,10a
169,10131,joint_improvement_95,0.029331514324693043,0.030013642564802184,1466,10a
169,10131,joint_quality_style_lower_95,0.0,0.0,1466,10a
169,10131,joint_quality_style_upper_95,0.002728512960436562,0.0006821282401091405,1466,10a
169,10131,kendall_alpha_beta,-0.6673132528437531,-0.6542871643486723,1466,10a
169,10131,kendall_alpha_beta_minus_gaussian,-0.006826817999751933,0.006199270495328868,1466,10a
169,10131,kendall_quality_style,-0.05884555033547678,-0.07053625057620039,1466,10a
169,10131,kendall_quality_style_minus_gaussian,0.01120187700557436,-0.0004888232351492466,1466,10a
169,10131,kurtosis_alpha,-0.04479060055712347,-0.14226528435246255,1466,10a
169,10131,kurtosis_beta,0.09636669276012588,-0.08111083041922784,1466,10a
169,10131,kurtosis_quality,0.045489280514184216,-0.0987968196717266,1466,10a
169,10131,kurtosis_style,0.06793075666826764,-0.12415644467420339,1466,10a
169,10131,lag1_squared_alpha,0.042587501105224065,0.016561099753491123,1466,10a
169,10131,lag1_squared_beta,0.05594214959155232,0.020091954670821165,1466,10a
169,10131,lag1_squared_quality,0.06422039761302853,0.023826422190054097,1466,10a
169,10131,lag1_squared_style,-0.027850632956788322,0.008433286759789289,1466,10a
170,10191,joint_collapse_95,0.02592087312414734,0.02796725784447476,1466,10a
170,10191,joint_direction_asymmetry,-0.0027285129604365625,-0.0034106412005457006,1466,10a
170,10191,joint_improvement_95,0.023192360163710776,0.02455661664392906,1466,10a
170,10191,joint_quality_style_lower_95,0.0020463847203274215,0.002728512960436562,1466,10a
170,10191,joint_quality_style_upper_95,0.004092769440654843,0.0020463847203274215,1466,10a
170,10191,kendall_alpha_beta,-0.652082004386108,-0.6172259497413499,1466,10a
170,10191,kendall_alpha_beta_minus_gaussian,-0.015565442274035446,0.019290612370722604,1466,10a
170,10191,kendall_quality_style,0.024237203693270426,0.014127737243270655,1466,10a
170,10191,kendall_quality_style_minus_gaussian,-0.005240170106392793,-0.015349636556392564,1466,10a
170,10191,kurtosis_alpha,-0.19513500124945526,0.13745314067266223,1466,10a
170,10191,kurtosis_beta,-0.12048951788197515,0.1006238960140835,1466,10a
170,10191,kurtosis_quality,-0.17175489054738202,0.1609332424345169,1466,10a
170,10191,kurtosis_style,-0.012240774638993202,0.0715416923528438,1466,10a
170,10191,lag1_squared_alpha,0.03418342414136532,0.03315069820235838,1466,10a
170,10191,lag1_squared_beta,0.01370792628610758,0.014290991063823057,1466,10a
170,10191,lag1_squared_quality,0.03172048787707774,0.029860716664372247,1466,10a
170,10191,lag1_squared_style,0.004461225845616117,-0.04312062962042869,1466,10a
171,10251,joint_collapse_95,0.02592087312414734,0.023192360163710776,1466,10a
171,10251,joint_direction_asymmetry,0.003410641200545704,0.0020463847203274245,1466,10a
171,10251,joint_improvement_95,0.029331514324693043,0.0252387448840382,1466,10a
171,10251,joint_quality_style_lower_95,0.002728512960436562,0.0006821282401091405,1466,10a
171,10251,joint_quality_style_upper_95,0.0006821282401091405,0.0006821282401091405,1466,10a
171,10251,kendall_alpha_beta,-0.6326266826217937,-0.5956008548719787,1466,10a
171,10251,kendall_alpha_beta_minus_gaussian,-0.017112450038580085,0.019913377711234914,1466,10a
171,10251,kendall_quality_style,-0.04425871517770252,-0.043500691440571115,1466,10a
171,10251,kendall_quality_style_minus_gaussian,0.006711883685142243,0.007469907422273651,1466,10a
171,10251,kurtosis_alpha,-0.24010237717394478,0.05309722651787041,1466,10a
171,10251,kurtosis_beta,-0.11034710910639545,0.08019322051383204,1466,10a
171,10251,kurtosis_quality,-0.19199939263679866,0.10488997912272868,1466,10a
171,10251,kurtosis_style,-0.053536283382889405,-0.04873433006483108,1466,10a
171,10251,lag1_squared_alpha,0.08867640597617464,0.025006595944604568,1466,10a
171,10251,lag1_squared_beta,0.040169694502242455,-0.02834304271549152,1466,10a
171,10251,lag1_squared_quality,0.07551945997529454,-0.008211371742910102,1466,10a
171,10251,lag1_squared_style,0.047111394872254006,0.002279952881307797,1466,10a
172,10312,joint_collapse_95,0.02660300136425648,0.03137789904502047,1466,10a
172,10312,joint_direction_asymmetry,-0.003410641200545704,-0.0034106412005457075,1466,10a
172,10312,joint_improvement_95,0.023192360163710776,0.02796725784447476,1466,10a
172,10312,joint_quality_style_lower_95,0.001364256480218281,0.0006821282401091405,1466,10a
172,10312,joint_quality_style_upper_95,0.0020463847203274215,0.0006821282401091405,1466,10a
172,10312,kendall_alpha_beta,-0.6076212116273765,-0.608986399340687,1466,10a
172,10312,kendall_alpha_beta_minus_gaussian,-0.008766441843586548,-0.01013162955689706,1466,10a
172,10312,kendall_quality_style,-0.1319194110881925,-0.09634258202999502,1466,10a
172,10312,kendall_quality_style_minus_gaussian,-0.012502997511011235,0.023073831547186244,1466,10a
172,10312,kurtosis_alpha,0.11892531212132518,-0.05695777331451435,1466,10a
172,10312,kurtosis_beta,0.08302443570276452,0.025227899344549165,1466,10a
172,10312,kurtosis_quality,0.11220366495256107,0.011782470099904518,1466,10a
172,10312,kurtosis_style,-0.1669432961402566,-0.06895456275428202,1466,10a
172,10312,lag1_squared_alpha,0.027407907079249682,-0.020010807448383017,1466,10a
172,10312,lag1_squared_beta,0.027188302739414926,-0.01985718148563022,1466,10a
172,10312,lag1_squared_quality,0.03780014610581843,-0.01581804522090618,1466,10a
172,10312,lag1_squared_style,0.007842844742911637,0.0005895775252210405,1466,10a
173,10372,joint_collapse_95,0.02660300136425648,0.030013642564802184,1466,10a
173,10372,joint_direction_asymmetry,-0.002046384720327421,-0.0040927694406548455,1466,10a
173,10372,joint_improvement_95,0.02455661664392906,0.02592087312414734,1466,10a
173,10372,joint_quality_style_lower_95,0.004092769440654843,0.001364256480218281,1466,10a
173,10372,joint_quality_style_upper_95,0.002728512960436562,0.0020463847203274215,1466,10a
173,10372,kendall_alpha_beta,-0.609487402744344,-0.587717035512574,1466,10a
173,10372,kendall_alpha_beta_minus_gaussian,-0.02118668870041729,0.0005836785313526605,1466,10a
173,10372,kendall_quality_style,0.007502945024654428,0.005435607559750255,1466,10a
173,10372,kendall_quality_style_minus_gaussian,0.009254621834239134,0.00718728436933496,1466,10a
173,10372,kurtosis_alpha,0.1381959445910388,0.08018442138087423,1466,10a
173,10372,kurtosis_beta,-0.01932976695201072,-0.03832023576131549,1466,10a
173,10372,kurtosis_quality,0.059459534861192154,0.055466449422354014,1466,10a
173,10372,kurtosis_style,-0.1822629091340442,-0.05503365374880653,1466,10a
173,10372,lag1_squared_alpha,-0.0004912277103403173,0.0034465547564456103,1466,10a
173,10372,lag1_squared_beta,-0.02633286832502606,-0.043617209667428984,1466,10a
173,10372,lag1_squared_quality,-0.019974155442867094,-0.012575595507328664,1466,10a
173,10372,lag1_squared_style,-0.01839607657962283,-0.0016614755128874588,1466,10a
174,10432,joint_collapse_95,0.02592087312414734,0.0252387448840382,1466,10a
174,10432,joint_direction_asymmetry,-0.0013642564802182795,-0.0006821282401091415,1466,10a
174,10432,joint_improvement_95,0.02455661664392906,0.02455661664392906,1466,10a
174,10432,joint_quality_style_lower_95,0.0047748976807639835,0.0034106412005457027,1466,10a
174,10432,joint_quality_style_upper_95,0.001364256480218281,0.004092769440654843,1466,10a
174,10432,kendall_alpha_beta,-0.6261993118187448,-0.6199488753032327,1466,10a
174,10432,kendall_alpha_beta_minus_gaussian,-0.010914288113794024,-0.004663851598281976,1466,10a
174,10432,kendall_quality_style,0.09450619037198105,0.0895334056591035,1466,10a
174,10432,kendall_quality_style_minus_gaussian,0.014866397706486414,0.009893612993608872,1466,10a
174,10432,kurtosis_alpha,0.01540190326164792,-0.08320856692157053,1466,10a
174,10432,kurtosis_beta,-0.12580003594211497,-0.18191250568503747,1466,10a
174,10432,kurtosis_quality,-0.07880807363849751,-0.11258744586338754,1466,10a
174,10432,kurtosis_style,0.07027669234590528,-0.1263273173081978,1466,10a
174,10432,lag1_squared_alpha,0.008007334154620873,0.056362637259685364,1466,10a
174,10432,lag1_squared_beta,-0.02233492749670221,-0.009342763418240519,1466,10a
174,10432,lag1_squared_quality,-0.004788407985010381,0.027525132077168567,1466,10a
174,10432,lag1_squared_style,-0.031285628557990046,0.00992102997857361,1466,10a
175,10493,joint_collapse_95,0.02592087312414734,0.03137789904502047,1466,10a
175,10493,joint_direction_asymmetry,0.0006821282401091415,-0.0034106412005457075,1466,10a
175,10493,joint_improvement_95,0.02660300136425648,0.02796725784447476,1466,10a
175,10493,joint_quality_style_lower_95,0.004092769440654843,0.002728512960436562,1466,10a
175,10493,joint_quality_style_upper_95,0.0020463847203274215,0.0034106412005457027,1466,10a
175,10493,kendall_alpha_beta,-0.6214984471688185,-0.626212349082037,1466,10a
175,10493,kendall_alpha_beta_minus_gaussian,-0.005566068484491593,-0.010279970397710114,1466,10a
175,10493,kendall_quality_style,0.02011742849293896,0.0432473960394657,1466,10a
175,10493,kendall_quality_style_minus_gaussian,-0.03260154236495987,-0.00947157481843313,1466,10a
175,10493,kurtosis_alpha,0.15475438260058505,-0.019868353133563055,1466,10a
175,10493,kurtosis_beta,-0.04227587104637909,0.07511573294872065,1466,10a
175,10493,kurtosis_quality,0.01676752717048835,0.028158170025690765,1466,10a
175,10493,kurtosis_style,-0.14691520178657758,0.27633863490902666,1466,10a
175,10493,lag1_squared_alpha,0.01237849870586605,0.010648475216278156,1466,10a
175,10493,lag1_squared_beta,0.009109850106660796,-0.00298514492784131,1466,10a
175,10493,lag1_squared_quality,0.01184616752565958,0.007352774982706629,1466,10a
175,10493,lag1_squared_style,0.012761213711877516,0.050673999391682385,1466,10a
176,10553,joint_collapse_95,0.020463847203274217,0.023192360163710776,1466,10a
176,10553,joint_direction_asymmetry,0.004092769440654842,-0.000682128240109138,1466,10a
176,10553,joint_improvement_95,0.02455661664392906,0.022510231923601638,1466,10a
176,10553,joint_quality_style_lower_95,0.004092769440654843,0.0020463847203274215,1466,10a
176,10553,joint_quality_style_upper_95,0.0034106412005457027,0.001364256480218281,1466,10a
176,10553,kendall_alpha_beta,-0.5584912161438569,-0.5645814805674934,1466,10a
176,10553,kendall_alpha_beta_minus_gaussian,-0.01680024151643711,-0.02289050594007358,1466,10a
176,10553,kendall_quality_style,-4.935535389183343e-5,-0.020622156828965066,1466,10a
176,10553,kendall_quality_style_minus_gaussian,-0.0012541182648637354,-0.021826919739936966,1466,10a
176,10553,kurtosis_alpha,-0.015820580714925647,-0.11134570578463032,1466,10a
176,10553,kurtosis_beta,-0.1275208829618193,-0.023946036937926962,1466,10a
176,10553,kurtosis_quality,-0.11167766718109862,-0.08270588006966317,1466,10a
176,10553,kurtosis_style,0.09449695678481973,-0.11507096554927054,1466,10a
176,10553,lag1_squared_alpha,0.029270677501748752,0.03366197510292222,1466,10a
176,10553,lag1_squared_beta,-0.02468467072375788,0.01858248459886955,1466,10a
176,10553,lag1_squared_quality,0.011606630055407087,0.009310489887785461,1466,10a
176,10553,lag1_squared_style,-0.004361990337899705,-0.011121294908971537,1466,10a
177,10613,joint_collapse_95,0.0252387448840382,0.021145975443383355,1466,10a
177,10613,joint_direction_asymmetry,0.002728512960436559,0.0040927694406548455,1466,10a
177,10613,joint_improvement_95,0.02796725784447476,0.0252387448840382,1466,10a
177,10613,joint_quality_style_lower_95,0.001364256480218281,0.004092769440654843,1466,10a
177,10613,joint_quality_style_upper_95,0.005457025920873124,0.004092769440654843,1466,10a
177,10613,kendall_alpha_beta,-0.5722827782408075,-0.5809227588711592,1466,10a
177,10613,kendall_alpha_beta_minus_gaussian,0.019432118502061058,0.010792137871709406,1466,10a
177,10613,kendall_quality_style,0.0663904008492846,0.040574757064567035,1466,10a
177,10613,kendall_quality_style_minus_gaussian,0.011963237295869983,-0.013852406488847585,1466,10a
177,10613,kurtosis_alpha,0.049150937425996855,-0.266095380066516,1466,10a
177,10613,kurtosis_beta,0.16339873399633253,-0.27492965914707,1466,10a
177,10613,kurtosis_quality,0.16781399157804433,-0.32930199724103204,1466,10a
177,10613,kurtosis_style,-0.05749981586623765,0.21038677638919712,1466,10a
177,10613,lag1_squared_alpha,0.0235599211633105,0.01587223446710526,1466,10a
177,10613,lag1_squared_beta,-0.00021405775520915357,0.007924915673882092,1466,10a
177,10613,lag1_squared_quality,0.006668372928195754,0.010528987271936553,1466,10a
177,10613,lag1_squared_style,-0.022650889479925388,0.005124781942510198,1466,10a
178,10673,joint_collapse_95,0.02796725784447476,0.030013642564802184,1466,10a
178,10673,joint_direction_asymmetry,-0.0034106412005457006,0.000682128240109138,1466,10a
178,10673,joint_improvement_95,0.02455661664392906,0.030695770804911322,1466,10a
178,10673,joint_quality_style_lower_95,0.0020463847203274215,0.002728512960436562,1466,10a
178,10673,joint_quality_style_upper_95,0.0047748976807639835,0.0006821282401091405,1466,10a
178,10673,kendall_alpha_beta,-0.634243303270025,-0.6576060790896265,1466,10a
178,10673,kendall_alpha_beta_minus_gaussian,0.02977687944321994,0.0064141036236183835,1466,10a
178,10673,kendall_quality_style,-0.03811257676852797,-0.059035521886305675,1466,10a
178,10673,kendall_quality_style_minus_gaussian,0.013540897690841137,-0.007382047426936565,1466,10a
178,10673,kurtosis_alpha,0.2699943027320266,-0.012655932907885248,1466,10a
178,10673,kurtosis_beta,0.36751244712208697,0.24459024623574877,1466,10a
178,10673,kurtosis_quality,0.3818114706249869,0.15852832614559498,1466,10a
178,10673,kurtosis_style,-0.09165635564345243,-0.027005116873993984,1466,10a
178,10673,lag1_squared_alpha,-0.007243665494515062,-0.0003061208597687685,1466,10a
178,10673,lag1_squared_beta,0.00024460347008417485,-0.018633116024558864,1466,10a
178,10673,lag1_squared_quality,0.0017301534398745974,-0.015204636053853596,1466,10a
178,10673,lag1_squared_style,-0.04500080813122668,0.02520068042343603,1466,10a
179,10734,joint_collapse_95,0.030695770804911322,0.0286493860845839,1466,10a
179,10734,joint_direction_asymmetry,0.002728512960436566,0.001364256480218283,1466,10a
179,10734,joint_improvement_95,0.03342428376534789,0.030013642564802184,1466,10a
179,10734,joint_quality_style_lower_95,0.0006821282401091405,0.0020463847203274215,1466,10a
179,10734,joint_quality_style_upper_95,0.0006821282401091405,0.0,1466,10a
179,10734,kendall_alpha_beta,-0.6720513668173713,-0.677426444226122,1466,10a
179,10734,kendall_alpha_beta_minus_gaussian,0.0029310204328140133,-0.002444056975936637,1466,10a
179,10734,kendall_quality_style,-0.15839250543607308,-0.17218406753302395,1466,10a
179,10734,kendall_quality_style_minus_gaussian,-0.003646297054963582,-0.017437859151914453,1466,10a
179,10734,kurtosis_alpha,0.16006068701876197,-0.08812929775470169,1466,10a
179,10734,kurtosis_beta,0.07123712488678846,0.03766205534842593,1466,10a
179,10734,kurtosis_quality,0.12874379150985948,-0.026894559182695676,1466,10a
179,10734,kurtosis_style,0.0696598158068591,-0.05416934461546541,1466,10a
179,10734,lag1_squared_alpha,0.027164935059538275,-0.008016208131657944,1466,10a
179,10734,lag1_squared_beta,0.011670525076804978,0.004146266932090515,1466,10a
179,10734,lag1_squared_quality,0.02029371236794337,-0.0030150041973905787,1466,10a
179,10734,lag1_squared_style,-0.00040359162188411464,0.023415045587011133,1466,10a
180,10794,joint_collapse_95,0.02660300136425648,0.021828103683492497,1466,10a
180,10794,joint_direction_asymmetry,0.0006821282401091415,0.003410641200545704,1466,10a
180,10794,joint_improvement_95,0.027285129604365622,0.0252387448840382,1466,10a
180,10794,joint_quality_style_lower_95,0.0006821282401091405,0.0006821282401091405,1466,10a
180,10794,joint_quality_style_upper_95,0.0006821282401091405,0.0,1466,10a
180,10794,kendall_alpha_beta,-0.5882720504355843,-0.5933100214649227,1466,10a
180,10794,kendall_alpha_beta_minus_gaussian,-0.003426949250549538,-0.008464920279887989,1466,10a
180,10794,kendall_quality_style,-0.19577033929477716,-0.21841420316712368,1466,10a
180,10794,kendall_quality_style_minus_gaussian,0.010611983790498852,-0.012031880081847662,1466,10a
180,10794,kurtosis_alpha,0.29691511950313165,-0.0766149486618719,1466,10a
180,10794,kurtosis_beta,0.3268864626385848,-0.23546569013399665,1466,10a
180,10794,kurtosis_quality,0.3389540716709596,-0.22958926673875268,1466,10a
180,10794,kurtosis_style,-0.10065179450402306,0.09453136483661995,1466,10a
180,10794,lag1_squared_alpha,-0.00020676409139922403,-0.03241080673033065,1466,10a
180,10794,lag1_squared_beta,-0.008966589542030359,-0.019151210107662603,1466,10a
180,10794,lag1_squared_quality,-0.01063930205323818,-0.023153133060919744,1466,10a
180,10794,lag1_squared_style,-0.0034825624949892074,0.0020841507524506473,1466,10a
181,10854,joint_collapse_95,0.02455661664392906,0.027285129604365622,1466,10a
181,10854,joint_direction_asymmetry,0.0013642564802182795,-0.0040927694406548455,1466,10a
181,10854,joint_improvement_95,0.02592087312414734,0.023192360163710776,1466,10a
181,10854,joint_quality_style_lower_95,0.0020463847203274215,0.001364256480218281,1466,10a
181,10854,joint_quality_style_upper_95,0.0006821282401091405,0.0006821282401091405,1466,10a
181,10854,kendall_alpha_beta,-0.5726850709366809,-0.5501753046296254,1466,10a
181,10854,kendall_alpha_beta_minus_gaussian,0.0038149455904721297,0.02632471189752761,1466,10a
181,10854,kendall_quality_style,-0.016709115375123984,-0.031573457994403364,1466,10a
181,10854,kendall_quality_style_minus_gaussian,0.0062723790619548525,-0.008591963557324528,1466,10a
181,10854,kurtosis_alpha,0.13097045163642562,0.14717787239927116,1466,10a
181,10854,kurtosis_beta,0.31553363351922226,0.021053740003629695,1466,10a
181,10854,kurtosis_quality,0.29899515160728196,0.0544367409167239,1466,10a
181,10854,kurtosis_style,-0.0982863904914848,-0.012229138589290756,1466,10a
181,10854,lag1_squared_alpha,-0.018959999437066822,0.015582372629929767,1466,10a
181,10854,lag1_squared_beta,0.009925476629649179,-0.007310271420206537,1466,10a
181,10854,lag1_squared_quality,-0.017850491361082268,0.006982655805154399,1466,10a
181,10854,lag1_squared_style,0.02196984158235204,-0.03596077990355035,1466,10a
182,10915,joint_collapse_95,0.017053206002728513,0.02592087312414734,1466,10a
182,10915,joint_direction_asymmetry,0.008185538881309688,0.0,1466,10a
182,10915,joint_improvement_95,0.0252387448840382,0.02592087312414734,1466,10a
182,10915,joint_quality_style_lower_95,0.0006821282401091405,0.0,1466,10a
182,10915,joint_quality_style_upper_95,0.0,0.0006821282401091405,1466,10a
182,10915,kendall_alpha_beta,-0.5835916729136887,-0.573379770823536,1466,10a
182,10915,kendall_alpha_beta_minus_gaussian,0.010044620237456892,0.02025652232760966,1466,10a
182,10915,kendall_quality_style,-0.16557045011151517,-0.1750448155925668,1466,10a
182,10915,kendall_quality_style_minus_gaussian,-0.005642422471875713,-0.01511678795292734,1466,10a
182,10915,kurtosis_alpha,0.05810713843745585,0.05925311805048139,1466,10a
182,10915,kurtosis_beta,-0.10595565997292988,-0.12149896259202242,1466,10a
182,10915,kurtosis_quality,-0.024520226642874565,0.0009030028442293947,1466,10a
182,10915,kurtosis_style,0.03612990122243431,0.30645861363965166,1466,10a
182,10915,lag1_squared_alpha,0.0640463665275231,0.010051394961854391,1466,10a
182,10915,lag1_squared_beta,0.05599495353849075,-0.010627557477949199,1466,10a
182,10915,lag1_squared_quality,0.07025100561854573,-0.0015323606927518253,1466,10a
182,10915,lag1_squared_style,0.007174389746470831,0.01108490061161064,1466,10a
183,10975,joint_collapse_95,0.02796725784447476,0.02660300136425648,1466,10a
183,10975,joint_direction_asymmetry,-0.0034106412005457006,-0.0013642564802182795,1466,10a
183,10975,joint_improvement_95,0.02455661664392906,0.0252387448840382,1466,10a
183,10975,joint_quality_style_lower_95,0.001364256480218281,0.001364256480218281,1466,10a
183,10975,joint_quality_style_upper_95,0.001364256480218281,0.001364256480218281,1466,10a
183,10975,kendall_alpha_beta,-0.6091130470412396,-0.616488413132249,1466,10a
183,10975,kendall_alpha_beta_minus_gaussian,0.003546361237843132,-0.0038290048531662846,1466,10a
183,10975,kendall_quality_style,-0.09494945732391535,-0.11052153709334211,1466,10a
183,10975,kendall_quality_style_minus_gaussian,0.007851947497254638,-0.007720132272172123,1466,10a
183,10975,kurtosis_alpha,-0.057376999823231856,-0.1537576065897679,1466,10a
183,10975,kurtosis_beta,-0.01227315907359916,-0.0468503761084853,1466,10a
183,10975,kurtosis_quality,-0.03108355224670234,-0.09007468810618713,1466,10a
183,10975,kurtosis_style,-0.14746788056877724,-0.17610888766681176,1466,10a
183,10975,lag1_squared_alpha,-0.019686342628971926,0.0036362868433916333,1466,10a
183,10975,lag1_squared_beta,0.021443108431521404,0.005610597631453209,1466,10a
183,10975,lag1_squared_quality,-0.005676478746589721,-0.005084882464534173,1466,10a
183,10975,lag1_squared_style,0.05321753247101329,-0.003906984449530256,1466,10a
184,11035,joint_collapse_95,0.03274215552523874,0.029331514324693043,1466,10a
184,11035,joint_direction_asymmetry,-0.0047748976807639835,0.0006821282401091415,1466,10a
184,11035,joint_improvement_95,0.02796725784447476,0.030013642564802184,1466,10a
184,11035,joint_quality_style_lower_95,0.0,0.0020463847203274215,1466,10a
184,11035,joint_quality_style_upper_95,0.0020463847203274215,0.0,1466,10a
184,11035,kendall_alpha_beta,-0.6684027955617431,-0.6650131071057741,1466,10a
184,11035,kendall_alpha_beta_minus_gaussian,0.002747041676352091,0.006136730132321078,1466,10a
184,11035,kendall_quality_style,-0.06654312307642174,-0.0972831274532171,1466,10a
184,11035,kendall_quality_style_minus_gaussian,0.025638935565858223,-0.005101068810937137,1466,10a
184,11035,kurtosis_alpha,0.003281943223723438,-0.20507173352201402,1466,10a
184,11035,kurtosis_beta,-0.057239598078948184,-0.173072619844842,1466,10a
184,11035,kurtosis_quality,-0.03825727727337647,-0.17257914246060224,1466,10a
184,11035,kurtosis_style,-0.0159945854334147,0.3268528343409942,1466,10a
184,11035,lag1_squared_alpha,0.020308249092682158,-0.05829683541777496,1466,10a
184,11035,lag1_squared_beta,0.011570975843146715,-0.04184395883572368,1466,10a
184,11035,lag1_squared_quality,0.0171429962965398,-0.054663747253013414,1466,10a
184,11035,lag1_squared_style,-0.029038009015066094,-0.02829536324466958,1466,10a
185,11096,joint_collapse_95,0.030013642564802184,0.02796725784447476,1466,10a
185,11096,joint_direction_asymmetry,0.004092769440654842,0.001364256480218283,1466,10a
185,11096,joint_improvement_95,0.034106412005457026,0.029331514324693043,1466,10a
185,11096,joint_quality_style_lower_95,0.005457025920873124,0.001364256480218281,1466,10a
185,11096,joint_quality_style_upper_95,0.0047748976807639835,0.002728512960436562,1466,10a
185,11096,kendall_alpha_beta,-0.6558851603350577,-0.6651509296034344,1466,10a
185,11096,kendall_alpha_beta_minus_gaussian,0.004522522993434697,-0.004743246274941937,1466,10a
185,11096,kendall_quality_style,0.05570729481442849,-0.005424432762642706,1466,10a
185,11096,kendall_quality_style_minus_gaussian,0.04089737292946931,-0.02023435464760188,1466,10a
185,11096,kurtosis_alpha,0.3679709725719529,-0.0025697665217903065,1466,10a
185,11096,kurtosis_beta,0.5464395446417045,0.0313743106517701,1466,10a
185,11096,kurtosis_quality,0.5309568174426484,0.010224039381782735,1466,10a
185,11096,kurtosis_style,-0.00040244131479560963,-0.018453563896582814,1466,10a
185,11096,lag1_squared_alpha,0.045747837113366566,-0.03290099536174011,1466,10a
185,11096,lag1_squared_beta,0.018710532105043358,-0.020133070673205352,1466,10a
185,11096,lag1_squared_quality,0.040387486263127506,-0.029476598129947035,1466,10a
185,11096,lag1_squared_style,0.01940198419959172,0.0340719047094006,1466,10a
186,11156,joint_collapse_95,0.0252387448840382,0.027285129604365622,1466,10a
186,11156,joint_direction_asymmetry,-0.0040927694406548455,-0.0061391541609822665,1466,10a
186,11156,joint_improvement_95,0.021145975443383355,0.021145975443383355,1466,10a
186,11156,joint_quality_style_lower_95,0.0006821282401091405,0.0,1466,10a
186,11156,joint_quality_style_upper_95,0.001364256480218281,0.0006821282401091405,1466,10a
186,11156,kendall_alpha_beta,-0.570917590527497,-0.5760058481438197,1466,10a
186,11156,kendall_alpha_beta_minus_gaussian,-0.0005667956920848427,-0.005655053308407543,1466,10a
186,11156,kendall_quality_style,-0.038779339662614154,-0.04968966657199125,1466,10a
186,11156,kendall_quality_style_minus_gaussian,0.01822338122003813,0.007313054310661031,1466,10a
186,11156,kurtosis_alpha,-0.07413448503621511,-0.20008053839121898,1466,10a
186,11156,kurtosis_beta,0.12657499219305857,-0.23475989229476513,1466,10a
186,11156,kurtosis_quality,-0.02865324354072163,-0.2230129447253013,1466,10a
186,11156,kurtosis_style,0.08152560586112267,0.09925529386307419,1466,10a
186,11156,lag1_squared_alpha,0.05441347663034889,-0.01099097456251212,1466,10a
186,11156,lag1_squared_beta,0.05663593858569577,-0.03984785029932992,1466,10a
186,11156,lag1_squared_quality,0.07685061634028958,-0.030022376131701275,1466,10a
186,11156,lag1_squared_style,0.005032378299555359,-0.007820963022432516,1466,10a
187,11216,joint_collapse_95,0.02796725784447476,0.02796725784447476,1466,10a
187,11216,joint_direction_asymmetry,0.0,-0.000682128240109138,1466,10a
187,11216,joint_improvement_95,0.02796725784447476,0.027285129604365622,1466,10a
187,11216,joint_quality_style_lower_95,0.002728512960436562,0.0034106412005457027,1466,10a
187,11216,joint_quality_style_upper_95,0.001364256480218281,0.0020463847203274215,1466,10a
187,11216,kendall_alpha_beta,-0.6530914610581602,-0.6368451685299088,1466,10a
187,11216,kendall_alpha_beta_minus_gaussian,-0.02299334902552097,-0.006747056497269588,1466,10a
187,11216,kendall_quality_style,-0.008609249938305918,0.004001508597609504,1466,10a
187,11216,kendall_quality_style_minus_gaussian,-0.0031785708918772356,0.009432187644038187,1466,10a
187,11216,kurtosis_alpha,-0.13992922620256287,-0.05113107086787405,1466,10a
187,11216,kurtosis_beta,-0.0541317492242972,-0.1840711175686911,1466,10a
187,11216,kurtosis_quality,-0.1100427300860356,-0.09787986819271133,1466,10a
187,11216,kurtosis_style,0.07482236759267336,0.07185421659193558,1466,10a
187,11216,lag1_squared_alpha,0.007951644792395024,-0.05879493140257814,1466,10a
187,11216,lag1_squared_beta,0.002197484592464036,-0.03993936598307483,1466,10a
187,11216,lag1_squared_quality,-0.007537232389599977,-0.05360657045864272,1466,10a
187,11216,lag1_squared_style,0.007969957060470613,0.01632779286256137,1466,10a
188,11276,joint_collapse_95,0.030013642564802184,0.022510231923601638,1466,10a
188,11276,joint_direction_asymmetry,-0.003410641200545704,0.004092769440654842,1466,10a
188,11276,joint_improvement_95,0.02660300136425648,0.02660300136425648,1466,10a
188,11276,joint_quality_style_lower_95,0.0034106412005457027,0.005457025920873124,1466,10a
188,11276,joint_quality_style_upper_95,0.004092769440654843,0.0034106412005457027,1466,10a
188,11276,kendall_alpha_beta,-0.6153225093006904,-0.6319338452011232,1466,10a
188,11276,kendall_alpha_beta_minus_gaussian,0.014379779507582291,-0.0022315563928504423,1466,10a
188,11276,kendall_quality_style,0.024751244360219582,0.04581014950947293,1466,10a
188,11276,kendall_quality_style_minus_gaussian,0.013263451625501282,0.034322356774754634,1466,10a
188,11276,kurtosis_alpha,0.043290480690961086,-0.1062481338491521,1466,10a
188,11276,kurtosis_beta,-0.1255226848919322,-0.03377925801504755,1466,10a
188,11276,kurtosis_quality,-0.03472096277514636,-0.1195337793635316,1466,10a
188,11276,kurtosis_style,-0.03522232515016954,0.14382123075776487,1466,10a
188,11276,lag1_squared_alpha,0.029663489311296812,-0.043120705894423204,1466,10a
188,11276,lag1_squared_beta,0.03722030090587756,-0.024792241795297716,1466,10a
188,11276,lag1_squared_quality,0.03338985127815711,-0.031324810698767504,1466,10a
188,11276,lag1_squared_style,0.003482290404802567,-0.03798362519291938,1466,10a
189,11337,joint_collapse_95,0.023874488403819918,0.02455661664392906,1466,10a
189,11337,joint_direction_asymmetry,0.001364256480218283,0.0006821282401091415,1466,10a
189,11337,joint_improvement_95,0.0252387448840382,0.0252387448840382,1466,10a
189,11337,joint_quality_style_lower_95,0.005457025920873124,0.002728512960436562,1466,10a
189,11337,joint_quality_style_upper_95,0.0006821282401091405,0.0047748976807639835,1466,10a
189,11337,kendall_alpha_beta,-0.5758773379770823,-0.5561947953382471,1466,10a
189,11337,kendall_alpha_beta_minus_gaussian,-0.012216542417258225,0.007466000221576952,1466,10a
189,11337,kendall_quality_style,0.032940508173898486,0.04398865758093584,1466,10a
189,11337,kendall_quality_style_minus_gaussian,-0.012014039923442542,-0.0009658905164051865,1466,10a
189,11337,kurtosis_alpha,-0.14872271053313035,-0.016996782443613245,1466,10a
189,11337,kurtosis_beta,0.0028805788916335118,0.026891388911564285,1466,10a
189,11337,kurtosis_quality,-0.027615094232452897,0.020395880409960654,1466,10a
189,11337,kurtosis_style,0.011761680067417402,-0.1360386370158304,1466,10a
189,11337,lag1_squared_alpha,0.03733845519370238,0.02662018446310196,1466,10a
189,11337,lag1_squared_beta,-0.012485888997757022,0.005488625072358378,1466,10a
189,11337,lag1_squared_quality,0.022673277588782445,0.02543208756984156,1466,10a
189,11337,lag1_squared_style,-0.005457833726669322,0.05784145660059847,1466,10a
190,11397,joint_collapse_95,0.034106412005457026,0.0286493860845839,1466,10a
190,11397,joint_direction_asymmetry,-0.004092769440654842,0.002728512960436566,1466,10a
190,11397,joint_improvement_95,0.030013642564802184,0.03137789904502047,1466,10a
190,11397,joint_quality_style_lower_95,0.0,0.0006821282401091405,1466,10a
190,11397,joint_quality_style_upper_95,0.0006821282401091405,0.0006821282401091405,1466,10a
190,11397,kendall_alpha_beta,-0.6949392137599002,-0.7007389334587395,1466,10a
190,11397,kendall_alpha_beta_minus_gaussian,0.005528075238997898,-0.0002716444598414025,1466,10a
190,11397,kendall_quality_style,-0.19570329051213164,-0.18637978479203232,1466,10a
190,11397,kendall_quality_style_minus_gaussian,-0.009149085106893079,0.00017442061320624425,1466,10a
190,11397,kurtosis_alpha,0.2019831984182887,-0.0344590492758603,1466,10a
190,11397,kurtosis_beta,0.13831131387066486,0.18960828865331214,1466,10a
190,11397,kurtosis_quality,0.20148422572886782,0.06814970790370856,1466,10a
190,11397,kurtosis_style,-0.07570602333846743,0.15258914530821732,1466,10a
190,11397,lag1_squared_alpha,0.016453271260098316,0.004633203593145809,1466,10a
190,11397,lag1_squared_beta,0.007526435934395119,0.013343111472160687,1466,10a
190,11397,lag1_squared_quality,0.01199948359521014,0.007772751844947388,1466,10a
190,11397,lag1_squared_style,0.039678635984199864,-0.00876835508762516,1466,10a
191,11457,joint_collapse_95,0.019099590723055934,0.02592087312414734,1466,10a
191,11457,joint_direction_asymmetry,0.002046384720327421,-0.0034106412005457006,1466,10a
191,11457,joint_improvement_95,0.021145975443383355,0.022510231923601638,1466,10a
191,11457,joint_quality_style_lower_95,0.0006821282401091405,0.0006821282401091405,1466,10a
191,11457,joint_quality_style_upper_95,0.0006821282401091405,0.0,1466,10a
191,11457,kendall_alpha_beta,-0.5670585605930092,-0.5708952409332817,1466,10a
191,11457,kendall_alpha_beta_minus_gaussian,-0.008212646908405286,-0.0120493272486778,1466,10a
191,11457,kendall_quality_style,-0.11509947897508477,-0.07872365192369468,1466,10a
191,11457,kendall_quality_style_minus_gaussian,-0.023420540481265018,0.012955286570125069,1466,10a
191,11457,kurtosis_alpha,0.0670540228535681,-0.022906653678466782,1466,10a
191,11457,kurtosis_beta,0.10990104427386704,-0.040417227131240185,1466,10a
191,11457,kurtosis_quality,0.06736220550856409,-0.04913413428200375,1466,10a
191,11457,kurtosis_style,-0.022402037439136713,-0.1730919929311514,1466,10a
191,11457,lag1_squared_alpha,0.0785654776260007,-0.03729082176618028,1466,10a
191,11457,lag1_squared_beta,0.02708347802130843,-0.034953369576051045,1466,10a
191,11457,lag1_squared_quality,0.058677603371590926,-0.04778799667042273,1466,10a
191,11457,lag1_squared_style,0.02595677840810308,-0.04987361776591539,1466,10a
192,11518,joint_collapse_95,0.03137789904502047,0.0286493860845839,1466,10a
192,11518,joint_direction_asymmetry,-0.0061391541609822665,-0.0006821282401091415,1466,10a
192,11518,joint_improvement_95,0.0252387448840382,0.02796725784447476,1466,10a
192,11518,joint_quality_style_lower_95,0.0034106412005457027,0.0,1466,10a
192,11518,joint_quality_style_upper_95,0.001364256480218281,0.001364256480218281,1466,10a
192,11518,kendall_alpha_beta,-0.6062131871918202,-0.5951091637992447,1466,10a
192,11518,kendall_alpha_beta_minus_gaussian,-0.0029549928486615196,0.008149030543913915,1466,10a
192,11518,kendall_quality_style,-0.05197118764812436,-0.08475245496323947,1466,10a
192,11518,kendall_quality_style_minus_gaussian,0.0034659751390734225,-0.02931529217604168,1466,10a
192,11518,kurtosis_alpha,0.039582844858325306,0.34996535949679997,1466,10a
192,11518,kurtosis_beta,-0.006849667535633763,0.05508015970674851,1466,10a
192,11518,kurtosis_quality,0.06395745440809764,0.249563057673305,1466,10a
192,11518,kurtosis_style,-0.1871795836128025,-0.23503126390614026,1466,10a
192,11518,lag1_squared_alpha,0.014175278134147628,-0.003070532677840444,1466,10a
192,11518,lag1_squared_beta,0.004768705316403297,0.03854712657180886,1466,10a
192,11518,lag1_squared_quality,0.01850859505619823,0.025814379036703406,1466,10a
192,11518,lag1_squared_style,-0.034965648124375505,0.0004862763489866487,1466,10a
193,11578,joint_collapse_95,0.027285129604365622,0.0252387448840382,1466,10a
193,11578,joint_direction_asymmetry,0.002046384720327421,-0.001364256480218283,1466,10a
193,11578,joint_improvement_95,0.029331514324693043,0.023874488403819918,1466,10a
193,11578,joint_quality_style_lower_95,0.0,0.002728512960436562,1466,10a
193,11578,joint_quality_style_upper_95,0.004092769440654843,0.001364256480218281,1466,10a
193,11578,kendall_alpha_beta,-0.6285199446847543,-0.6105378336724574,1466,10a
193,11578,kendall_alpha_beta_minus_gaussian,-0.01478870410621913,0.0031934069060777226,1466,10a
193,11578,kendall_quality_style,-0.02918205141337893,-0.01394149062481076,1466,10a
193,11578,kendall_quality_style_minus_gaussian,-0.007377200976968607,0.007863359811599562,1466,10a
193,11578,kurtosis_alpha,0.14045412922749234,-0.11611626230804273,1466,10a
193,11578,kurtosis_beta,0.041326187749842536,-0.1161136436589465,1466,10a
193,11578,kurtosis_quality,0.11197667272833023,-0.17964361786590022,1466,10a
193,11578,kurtosis_style,0.2155308104992404,-0.19285818445519087,1466,10a
193,11578,lag1_squared_alpha,0.031673490196246074,-0.02607543770772903,1466,10a
193,11578,lag1_squared_beta,0.020498580403585504,-0.01919216413331587,1466,10a
193,11578,lag1_squared_quality,0.040452778377339994,-0.02928991103586903,1466,10a
193,11578,lag1_squared_style,-0.05736354643148423,-0.029930347020646616,1466,10a
194,11638,joint_collapse_95,0.030013642564802184,0.027285129604365622,1466,10a
194,11638,joint_direction_asymmetry,-0.001364256480218283,0.0013642564802182795,1466,10a
194,11638,joint_improvement_95,0.0286493860845839,0.0286493860845839,1466,10a
194,11638,joint_quality_style_lower_95,0.004092769440654843,0.0047748976807639835,1466,10a
194,11638,joint_quality_style_upper_95,0.0020463847203274215,0.001364256480218281,1466,10a
194,11638,kendall_alpha_beta,-0.6377317024337776,-0.651970256415032,1466,10a
194,11638,kendall_alpha_beta_minus_gaussian,0.012972811096964687,-0.0012657428842897112,1466,10a
194,11638,kendall_quality_style,0.07283453384799488,0.07132966117083939,1466,10a
194,11638,kendall_quality_style_minus_gaussian,0.007703266037404913,0.006198393360249424,1466,10a
194,11638,kurtosis_alpha,0.1209500672099817,0.08854142034431822,1466,10a
194,11638,kurtosis_beta,0.18376803407106346,0.1090062788314965,1466,10a
194,11638,kurtosis_quality,0.19302452668486803,0.09977657803022577,1466,10a
194,11638,kurtosis_style,-0.04149155128808335,0.1570979930982559,1466,10a
194,11638,lag1_squared_alpha,-0.0180429388555645,0.01820971477676512,1466,10a
194,11638,lag1_squared_beta,0.0008775355670902791,0.009557619758516808,1466,10a
194,11638,lag1_squared_quality,-0.009914713806700615,0.015823627264838293,1466,10a
194,11638,lag1_squared_style,0.0048619691352277585,0.012495773980566937,1466,10a
195,11699,joint_collapse_95,0.0286493860845839,0.032060027285129605,1466,10a
195,11699,joint_direction_asymmetry,-0.0006821282401091415,-0.007503410641200546,1466,10a
195,11699,joint_improvement_95,0.02796725784447476,0.02455661664392906,1466,10a
195,11699,joint_quality_style_lower_95,0.0047748976807639835,0.001364256480218281,1466,10a
195,11699,joint_quality_style_upper_95,0.0047748976807639835,0.0,1466,10a
195,11699,kendall_alpha_beta,-0.6593065107161649,-0.650236300397171,1466,10a
195,11699,kendall_alpha_beta_minus_gaussian,-0.0034399081888548677,0.005630302130139042,1466,10a
195,11699,kendall_quality_style,0.0011817347941276424,-0.01832201109098608,1466,10a
195,11699,kendall_quality_style_minus_gaussian,0.0251921516506383,0.005688405765524578,1466,10a
195,11699,kurtosis_alpha,-0.027198370383135106,-0.05575465100328536,1466,10a
195,11699,kurtosis_beta,0.2046866069675537,0.0571403600576148,1466,10a
195,11699,kurtosis_quality,0.06100788829316928,0.025910863721612998,1466,10a
195,11699,kurtosis_style,-0.2166092168837177,0.03420988883158316,1466,10a
195,11699,lag1_squared_alpha,-0.0024064472650095494,0.03355932157399998,1466,10a
195,11699,lag1_squared_beta,-0.00799280258527856,0.03953882791689002,1466,10a
195,11699,lag1_squared_quality,-0.007333578962105921,0.03865480931045592,1466,10a
195,11699,lag1_squared_style,0.014755421483898567,-0.0073915031825068514,1466,10a
196,11759,joint_collapse_95,0.027285129604365622,0.0252387448840382,1466,10a
196,11759,joint_direction_asymmetry,-0.002046384720327421,0.0,1466,10a
196,11759,joint_improvement_95,0.0252387448840382,0.0252387448840382,1466,10a
196,11759,joint_quality_style_lower_95,0.002728512960436562,0.0020463847203274215,1466,10a
196,11759,joint_quality_style_upper_95,0.0047748976807639835,0.0020463847203274215,1466,10a
196,11759,kendall_alpha_beta,-0.5667531161387351,-0.5910061507945745,1466,10a
196,11759,kendall_alpha_beta_minus_gaussian,0.010633701238795035,-0.013619333417044355,1466,10a
196,11759,kendall_quality_style,-0.0048656929072632416,0.0008017916924696333,1466,10a
196,11759,kendall_quality_style_minus_gaussian,-0.016925730513974106,-0.011258245914241231,1466,10a
196,11759,kurtosis_alpha,0.07407133725450965,-0.11979687522577898,1466,10a
196,11759,kurtosis_beta,0.021988505817332804,-0.1820917537796669,1466,10a
196,11759,kurtosis_quality,0.07320240358913921,-0.17467174751823444,1466,10a
196,11759,kurtosis_style,-0.1902877391510116,-0.02282974569018803,1466,10a
196,11759,lag1_squared_alpha,0.05275565754384166,0.014770240316198358,1466,10a
196,11759,lag1_squared_beta,0.04290390139683648,0.014824936914658386,1466,10a
196,11759,lag1_squared_quality,0.06037874743534247,0.008962947373700951,1466,10a
196,11759,lag1_squared_style,0.0055147387618733595,0.03782683167842914,1466,10a
197,11819,joint_collapse_95,0.0286493860845839,0.02660300136425648,1466,10a
197,11819,joint_direction_asymmetry,-0.006139154160982263,0.0013642564802182795,1466,10a
197,11819,joint_improvement_95,0.022510231923601638,0.02796725784447476,1466,10a
197,11819,joint_quality_style_lower_95,0.001364256480218281,0.0006821282401091405,1466,10a
197,11819,joint_quality_style_upper_95,0.001364256480218281,0.001364256480218281,1466,10a
197,11819,kendall_alpha_beta,-0.6018345291918294,-0.5739198860170696,1466,10a
197,11819,kendall_alpha_beta_minus_gaussian,-0.018469432976085165,0.009445210198674725,1466,10a
197,11819,kendall_quality_style,-0.07487765925249912,-0.086957614925804,1466,10a
197,11819,kendall_quality_style_minus_gaussian,0.00416246428275617,-0.007917491390548717,1466,10a
197,11819,kurtosis_alpha,0.10039223645704176,0.0783824159517339,1466,10a
197,11819,kurtosis_beta,0.0006340239524842417,-0.19529882651510988,1466,10a
197,11819,kurtosis_quality,0.055933082197335615,-0.056462463733465196,1466,10a
197,11819,kurtosis_style,-0.23501676846486808,0.0674433132930794,1466,10a
197,11819,lag1_squared_alpha,0.03259627435895182,0.030214944045745828,1466,10a
197,11819,lag1_squared_beta,0.005858769459211266,0.03454002527011667,1466,10a
197,11819,lag1_squared_quality,0.030917520052526355,0.04047927137071718,1466,10a
197,11819,lag1_squared_style,0.01793829800047617,-0.0509512428054045,1466,10a
198,11879,joint_collapse_95,0.027285129604365622,0.02660300136425648,1466,10a
198,11879,joint_direction_asymmetry,0.0061391541609822665,0.0006821282401091415,1466,10a
198,11879,joint_improvement_95,0.03342428376534789,0.027285129604365622,1466,10a
198,11879,joint_quality_style_lower_95,0.0020463847203274215,0.0047748976807639835,1466,10a
198,11879,joint_quality_style_upper_95,0.0034106412005457027,0.0047748976807639835,1466,10a
198,11879,kendall_alpha_beta,-0.6306431561351964,-0.6435705339224935,1466,10a
198,11879,kendall_alpha_beta_minus_gaussian,4.743492464098775e-5,-0.012879942862656146,1466,10a
198,11879,kendall_quality_style,0.07462436385139382,0.09079057033370741,1466,10a
198,11879,kendall_quality_style_minus_gaussian,0.0005420489456425953,0.01670825542795619,1466,10a
198,11879,kurtosis_alpha,0.022780677916818703,-0.05910982521003616,1466,10a
198,11879,kurtosis_beta,0.13939516218801584,0.006308119483463326,1466,10a
198,11879,kurtosis_quality,0.12175549650126305,-0.03472187901537893,1466,10a
198,11879,kurtosis_style,-0.050474796014992496,-0.06618641016003846,1466,10a
198,11879,lag1_squared_alpha,0.0822159117855632,0.007587407474408404,1466,10a
198,11879,lag1_squared_beta,0.06909234941183356,-0.04149581379133339,1466,10a
198,11879,lag1_squared_quality,0.08681769540037561,-0.01712799465051353,1466,10a
198,11879,lag1_squared_style,-0.03204887823116829,0.01599077944043609,1466,10a
199,11940,joint_collapse_95,0.0252387448840382,0.02455661664392906,1466,10a
199,11940,joint_direction_asymmetry,0.0061391541609822665,0.005457025920873125,1466,10a
199,11940,joint_improvement_95,0.03137789904502047,0.030013642564802184,1466,10a
199,11940,joint_quality_style_lower_95,0.0047748976807639835,0.004092769440654843,1466,10a
199,11940,joint_quality_style_upper_95,0.002728512960436562,0.0034106412005457027,1466,10a
199,11940,kendall_alpha_beta,-0.6362920160730832,-0.6275179378774405,1466,10a
199,11940,kendall_alpha_beta_minus_gaussian,-0.01242644449339414,-0.0036523662977514526,1466,10a
199,11940,kendall_quality_style,-0.0006341697358558385,-0.005195349421937001,1466,10a
199,11940,kendall_quality_style_minus_gaussian,0.008234469604084176,0.0036732899180030136,1466,10a
199,11940,kurtosis_alpha,-0.05182367139207411,0.07394177666383372,1466,10a
199,11940,kurtosis_beta,0.03769330885865374,-0.12788039172508814,1466,10a
199,11940,kurtosis_quality,-0.0528325520864068,-0.04832663460489872,1466,10a
199,11940,kurtosis_style,0.027177992799469752,-0.07305823494842034,1466,10a
199,11940,lag1_squared_alpha,0.028014454178768328,0.002334824243785285,1466,10a
199,11940,lag1_squared_beta,0.028505288789423468,-0.03137254050021983,1466,10a
199,11940,lag1_squared_quality,0.03384253672043852,-0.012101804899913039,1466,10a
199,11940,lag1_squared_style,-0.0005741666425257363,-0.042317189900437244,1466,10a
200,12000,joint_collapse_95,0.02455661664392906,0.019099590723055934,1466,10a
200,12000,joint_direction_asymmetry,-0.0027285129604365625,0.003410641200545704,1466,10a
200,12000,joint_improvement_95,0.021828103683492497,0.022510231923601638,1466,10a
200,12000,joint_quality_style_lower_95,0.001364256480218281,0.0034106412005457027,1466,10a
200,12000,joint_quality_style_upper_95,0.0020463847203274215,0.001364256480218281,1466,10a
200,12000,kendall_alpha_beta,-0.5956418291280399,-0.5748511191093686,1466,10a
200,12000,kendall_alpha_beta_minus_gaussian,-0.012386793831555054,0.008403916187116223,1466,10a
200,12000,kendall_quality_style,-0.12364447383002197,-0.11933472707886139,1466,10a
200,12000,kendall_quality_style_minus_gaussian,0.01247644759693084,0.01678619434809142,1466,10a
200,12000,kurtosis_alpha,-0.054436973512902664,-0.03812550772543544,1466,10a
200,12000,kurtosis_beta,0.04533281907696596,-0.18531749626329974,1466,10a
200,12000,kurtosis_quality,0.0007258631835456164,-0.19063437596191868,1466,10a
200,12000,kurtosis_style,-0.03721750150911474,-0.07392712754646169,1466,10a
200,12000,lag1_squared_alpha,0.023423789220456216,-0.01876792893514927,1466,10a
200,12000,lag1_squared_beta,0.01002831317284587,-0.03532295944910642,1466,10a
200,12000,lag1_squared_quality,0.02541025932990695,-0.030744852739839783,1466,10a
200,12000,lag1_squared_style,0.03265425125439656,-0.05373138568417714,1466,10a
1,1,joint_collapse_95,0.034788540245566164,0.032060027285129605,1466,10b
1,1,joint_direction_asymmetry,-0.002046384720327421,-0.0027285129604365625,1466,10b
1,1,joint_improvement_95,0.03274215552523874,0.029331514324693043,1466,10b
1,1,joint_quality_style_lower_95,0.0034106412005457027,0.0006821282401091405,1466,10b
1,1,joint_quality_style_upper_95,0.001364256480218281,0.0006821282401091405,1466,10b
1,1,kendall_alpha_beta,-0.7179164590792899,-0.7014541204736251,1466,10b
1,1,kendall_alpha_beta_minus_gaussian,-0.009686789753154623,0.006775548852510194,1466,10b
1,1,kendall_quality_style,0.03210426085701379,-0.0456127280939056,1466,10b
1,1,kendall_quality_style_minus_gaussian,0.06276831499060435,-0.014948673960315028,1466,10b
1,1,kurtosis_alpha,0.08406593612631852,-0.13044092211232794,1466,10b
1,1,kurtosis_beta,-0.032252217132691996,-0.19231658882944425,1466,10b
1,1,kurtosis_quality,0.050583514777016614,-0.16784558586722254,1466,10b
1,1,kurtosis_style,0.04647237174031238,-0.04647566929813918,1466,10b
1,1,lag1_squared_alpha,0.029717508482191186,-0.05101134336746184,1466,10b
1,1,lag1_squared_beta,0.034451120332042576,-0.025005930104543436,1466,10b
1,1,lag1_squared_quality,0.03312067883778068,-0.04382361693658784,1466,10b
1,1,lag1_squared_style,-0.057615755302807554,0.024699550080737938,1466,10b
2,61,joint_collapse_95,0.03137789904502047,0.02592087312414734,1466,10b
2,61,joint_direction_asymmetry,-0.001364256480218283,-0.002046384720327421,1466,10b
2,61,joint_improvement_95,0.030013642564802184,0.023874488403819918,1466,10b
2,61,joint_quality_style_lower_95,0.0006821282401091405,0.001364256480218281,1466,10b
2,61,joint_quality_style_upper_95,0.0034106412005457027,0.0020463847203274215,1466,10b
2,61,kendall_alpha_beta,-0.622716500053546,-0.6135345417634761,1466,10b
2,61,kendall_alpha_beta_minus_gaussian,-0.004664255726934852,0.004517702563134995,1466,10b
2,61,kendall_quality_style,-0.07176175332566626,-0.07831390936308313,1466,10b
2,61,kendall_quality_style_minus_gaussian,0.004035515513242813,-0.002516640524174066,1466,10b
2,61,kurtosis_alpha,0.2367034057196089,-0.22551944993554685,1466,10b
2,61,kurtosis_beta,0.006904854431723617,0.004019567636570187,1466,10b
2,61,kurtosis_quality,0.14246753758461006,-0.09913738957022966,1466,10b
2,61,kurtosis_style,0.21653636433783552,0.16096707703075275,1466,10b
2,61,lag1_squared_alpha,0.012767013963181745,-0.010999640924811828,1466,10b
2,61,lag1_squared_beta,0.030255234642591614,0.030158112305920956,1466,10b
2,61,lag1_squared_quality,0.030829799329427823,0.013733555143931455,1466,10b
2,61,lag1_squared_style,0.014017172110450789,0.08285783269410299,1466,10b
3,122,joint_collapse_95,0.030013642564802184,0.0286493860845839,1466,10b
3,122,joint_direction_asymmetry,0.000682128240109138,0.001364256480218283,1466,10b
3,122,joint_improvement_95,0.030695770804911322,0.030013642564802184,1466,10b
3,122,joint_quality_style_lower_95,0.005457025920873124,0.006139154160982265,1466,10b
3,122,joint_quality_style_upper_95,0.005457025920873124,0.0068212824010914054,1466,10b
3,122,kendall_alpha_beta,-0.6734929156442504,-0.6780187084728242,1466,10b
3,122,kendall_alpha_beta_minus_gaussian,0.004419440245659545,-0.00010635258291424865,1466,10b
3,122,kendall_quality_style,0.10265634239578336,0.13813632321238167,1466,10b
3,122,kendall_quality_style_minus_gaussian,-0.016344408338007974,0.019135572478590337,1466,10b
3,122,kurtosis_alpha,-0.02515459942658138,0.12309330900014226,1466,10b
3,122,kurtosis_beta,0.03482224978370585,0.05951783930435228,1466,10b
3,122,kurtosis_quality,-0.007164770447104285,0.0896278719518846,1466,10b
3,122,kurtosis_style,-0.0988903442303033,0.06083791908895719,1466,10b
3,122,lag1_squared_alpha,0.047690893116966206,-0.006652565791367533,1466,10b
3,122,lag1_squared_beta,0.031114133937280533,0.008121436327558212,1466,10b
3,122,lag1_squared_quality,0.04142952949641022,0.0002987416886585589,1466,10b
3,122,lag1_squared_style,0.03293665560564316,0.015532196905304904,1466,10b
4,182,joint_collapse_95,0.034106412005457026,0.03342428376534789,1466,10b
4,182,joint_direction_asymmetry,0.001364256480218283,-0.000682128240109145,1466,10b
4,182,joint_improvement_95,0.03547066848567531,0.03274215552523874,1466,10b
4,182,joint_quality_style_lower_95,0.002728512960436562,0.0,1466,10b
4,182,joint_quality_style_upper_95,0.0034106412005457027,0.001364256480218281,1466,10b
4,182,kendall_alpha_beta,-0.7292383910154632,-0.7372283709473899,1466,10b
4,182,kendall_alpha_beta_minus_gaussian,-0.003159410858378231,-0.01114939079030497,1466,10b
4,182,kendall_quality_style,-0.008855095474672892,-0.024924453715387207,1466,10b
4,182,kendall_quality_style_minus_gaussian,0.010556288592808407,-0.005513069647905908,1466,10b
4,182,kurtosis_alpha,0.0955198996763511,-0.25333614208599986,1466,10b
4,182,kurtosis_beta,-0.02946245805575609,-0.2142094633938485,1466,10b
4,182,kurtosis_quality,0.014317874875076075,-0.24860635383330054,1466,10b
4,182,kurtosis_style,-0.02286237912510014,-0.08346038316146176,1466,10b
4,182,lag1_squared_alpha,0.02455929531819852,-0.006394973099585018,1466,10b
4,182,lag1_squared_beta,0.015582724951422168,-0.019775058817489387,1466,10b
4,182,lag1_squared_quality,0.02072048223247291,-0.015907672375659397,1466,10b
4,182,lag1_squared_style,0.010322627560964567,0.04298155130512234,1466,10b
5,242,joint_collapse_95,0.02660300136425648,0.027285129604365622,1466,10b
5,242,joint_direction_asymmetry,0.0006821282401091415,0.000682128240109138,1466,10b
5,242,joint_improvement_95,0.027285129604365622,0.02796725784447476,1466,10b
5,242,joint_quality_style_lower_95,0.0047748976807639835,0.002728512960436562,1466,10b
5,242,joint_quality_style_upper_95,0.002728512960436562,0.002728512960436562,1466,10b
5,242,kendall_alpha_beta,-0.6500947529671415,-0.6510278485256251,1466,10b
5,242,kendall_alpha_beta_minus_gaussian,-0.006930332096135361,-0.007863427654619004,1466,10b
5,242,kendall_quality_style,0.047503131271272814,0.02010997862820052,1466,10b
5,242,kendall_quality_style_minus_gaussian,0.018341062061007052,-0.009052090582065242,1466,10b
5,242,kurtosis_alpha,0.12370737608939342,-0.024167846569916218,1466,10b
5,242,kurtosis_beta,-0.10329150867827819,0.018960588589833627,1466,10b
5,242,kurtosis_quality,0.019149940699545898,-0.009474602671406984,1466,10b
5,242,kurtosis_style,-0.10837597058632564,-0.19845851046444984,1466,10b
5,242,lag1_squared_alpha,0.012344052886931377,0.02635676337542504,1466,10b
5,242,lag1_squared_beta,0.033887703283365274,0.007457820205359972,1466,10b
5,242,lag1_squared_quality,0.028384737333719837,0.02276900554042934,1466,10b
5,242,lag1_squared_style,-0.01573458478005961,-0.03866306595559167,1466,10b
6,302,joint_collapse_95,0.02660300136425648,0.02455661664392906,1466,10b
6,302,joint_direction_asymmetry,0.0006821282401091415,0.002046384720327421,1466,10b
6,302,joint_improvement_95,0.027285129604365622,0.02660300136425648,1466,10b
6,302,joint_quality_style_lower_95,0.0034106412005457027,0.001364256480218281,1466,10b
6,302,joint_quality_style_upper_95,0.001364256480218281,0.0006821282401091405,1466,10b
6,302,kendall_alpha_beta,-0.6178740879735902,-0.6109736507596535,1466,10b
6,302,kendall_alpha_beta_minus_gaussian,-0.010716911632648207,-0.0038164744187114685,1466,10b
6,302,kendall_quality_style,-0.08954085552384194,-0.09321922623842371,1466,10b
6,302,kendall_quality_style_minus_gaussian,0.029191316882358292,0.025512946167776523,1466,10b
6,302,kurtosis_alpha,-0.028875132646264845,-0.25990308337718204,1466,10b
6,302,kurtosis_beta,0.07062665218144026,-0.2003339597774012,1466,10b
6,302,kurtosis_quality,-0.017881981255992496,-0.2408172095054355,1466,10b
6,302,kurtosis_style,-0.09995907458969144,-0.033885703172666926,1466,10b
6,302,lag1_squared_alpha,-0.0260390044538212,-0.031050938898598043,1466,10b
6,302,lag1_squared_beta,-0.035838497343660895,-0.006047845395630962,1466,10b
6,302,lag1_squared_quality,-0.04025171882122297,-0.0070288897809456,1466,10b
6,302,lag1_squared_style,-0.02139447621185626,-0.023645701401830064,1466,10b
7,363,joint_collapse_95,0.03819918144611187,0.03819918144611187,1466,10b
7,363,joint_direction_asymmetry,0.000682128240109138,0.001364256480218283,1466,10b
7,363,joint_improvement_95,0.038881309686221006,0.03956343792633015,1466,10b
7,363,joint_quality_style_lower_95,0.0,0.0,1466,10b
7,363,joint_quality_style_upper_95,0.0,0.0006821282401091405,1466,10b
7,363,kendall_alpha_beta,-0.8079052377205276,-0.8121255860948275,1466,10b
7,363,kendall_alpha_beta_minus_gaussian,0.005047383128088279,0.0008270347537883138,1466,10b
7,363,kendall_quality_style,-0.3369601758168079,-0.325751854317895,1466,10b
7,363,kendall_quality_style_minus_gaussian,-0.010912834105654523,0.000295487393258409,1466,10b
7,363,kurtosis_alpha,0.11944308081084465,0.13098258682228892,1466,10b
7,363,kurtosis_beta,0.11202400862544648,0.09370491176732854,1466,10b
7,363,kurtosis_quality,0.1301797188646856,0.1263110604293085,1466,10b
7,363,kurtosis_style,-0.11584094213919904,-0.10080155746431974,1466,10b
7,363,lag1_squared_alpha,0.0046906898414469335,0.011176469834122257,1466,10b
7,363,lag1_squared_beta,0.006163944446349103,0.007136675263031673,1466,10b
7,363,lag1_squared_quality,0.005491632689517051,0.008874357546531356,1466,10b
7,363,lag1_squared_style,-0.040083570801486085,0.05640046541877145,1466,10b
8,423,joint_collapse_95,0.03751705320600273,0.03547066848567531,1466,10b
8,423,joint_direction_asymmetry,-0.003410641200545704,-0.002046384720327421,1466,10b
8,423,joint_improvement_95,0.034106412005457026,0.03342428376534789,1466,10b
8,423,joint_quality_style_lower_95,0.0006821282401091405,0.0,1466,10b
8,423,joint_quality_style_upper_95,0.0006821282401091405,0.0,1466,10b
8,423,kendall_alpha_beta,-0.7638895743799152,-0.7569332631804404,1466,10b
8,423,kendall_alpha_beta_minus_gaussian,0.004559498137123863,0.011515809336598681,1466,10b
8,423,kendall_quality_style,-0.2833025250385297,-0.3135825002677295,1466,10b
8,423,kendall_quality_style_minus_gaussian,0.015984653473802013,-0.014295321755397772,1466,10b
8,423,kurtosis_alpha,-0.011247238377507962,-0.014009735443297089,1466,10b
8,423,kurtosis_beta,-0.025299776717868205,0.08300307689591468,1466,10b
8,423,kurtosis_quality,-0.0038468751424924896,0.04247269659712183,1466,10b
8,423,kurtosis_style,-0.025168655181990296,-0.10989070868788176,1466,10b
8,423,lag1_squared_alpha,0.048402634645089156,-0.007083850958794829,1466,10b
8,423,lag1_squared_beta,0.03017734897483656,-0.03224157285896988,1466,10b
8,423,lag1_squared_quality,0.03659750475111628,-0.025109064405561456,1466,10b
8,423,lag1_squared_style,-0.0012354201497434187,0.03289726899597562,1466,10b
9,483,joint_collapse_95,0.034788540245566164,0.03547066848567531,1466,10b
9,483,joint_direction_asymmetry,0.003410641200545704,0.002046384720327421,1466,10b
9,483,joint_improvement_95,0.03819918144611187,0.03751705320600273,1466,10b
9,483,joint_quality_style_lower_95,0.0034106412005457027,0.008867667121418827,1466,10b
9,483,joint_quality_style_upper_95,0.0034106412005457027,0.0034106412005457027,1466,10b
9,483,kendall_alpha_beta,-0.7756137990119616,-0.765940149649158,1466,10b
9,483,kendall_alpha_beta_minus_gaussian,-0.0076778065655951355,0.001995842797208436,1466,10b
9,483,kendall_quality_style,0.09441120459656649,0.09084830678542988,1466,10b
9,483,kendall_quality_style_minus_gaussian,0.008593003958009313,0.005030106146872701,1466,10b
9,483,kurtosis_alpha,-0.09304754225569756,0.10493098639238285,1466,10b
9,483,kurtosis_beta,-8.005454270199053e-5,0.024115638775742188,1466,10b
9,483,kurtosis_quality,-0.04486173929191706,0.05794755019318032,1466,10b
9,483,kurtosis_style,-0.05073096896824891,0.2289700168148574,1466,10b
9,483,lag1_squared_alpha,0.05665705485304975,0.0324922042716459,1466,10b
9,483,lag1_squared_beta,0.030772202305058175,0.030961566085438052,1466,10b
9,483,lag1_squared_quality,0.0459377441391969,0.036257052591568736,1466,10b
9,483,lag1_squared_style,0.02420330854267571,0.02539726855043787,1466,10b
10,544,joint_collapse_95,0.023874488403819918,0.02592087312414734,1466,10b
10,544,joint_direction_asymmetry,0.004092769440654842,0.001364256480218283,1466,10b
10,544,joint_improvement_95,0.02796725784447476,0.027285129604365622,1466,10b
10,544,joint_quality_style_lower_95,0.008867667121418827,0.008185538881309686,1466,10b
10,544,joint_quality_style_upper_95,0.005457025920873124,0.011596180081855388,1466,10b
10,544,kendall_alpha_beta,-0.5946174727265108,-0.5783078563479831,1466,10b
10,544,kendall_alpha_beta_minus_gaussian,-0.00887583091196531,0.00743378546656237,1466,10b
10,544,kendall_quality_style,0.1750448155925669,0.206751439919169,1466,10b
10,544,kendall_quality_style_minus_gaussian,-0.024037037984648207,0.007669586341953888,1466,10b
10,544,kurtosis_alpha,0.10289688445086975,-0.003983694408640215,1466,10b
10,544,kurtosis_beta,0.03671189776424155,-0.069415846974195,1466,10b
10,544,kurtosis_quality,0.05646228474766479,-0.04029382592225117,1466,10b
10,544,kurtosis_style,-0.00011603768888202026,-0.11458218028704747,1466,10b
10,544,lag1_squared_alpha,0.014722043869772728,0.026103770276634037,1466,10b
10,544,lag1_squared_beta,0.022267932321066223,0.027752036416852942,1466,10b
10,544,lag1_squared_quality,0.018513775777847356,0.03520221616463601,1466,10b
10,544,lag1_squared_style,-0.004869717616281046,0.022657225207449682,1466,10b
11,604,joint_collapse_95,0.0252387448840382,0.02660300136425648,1466,10b
11,604,joint_direction_asymmetry,0.004092769440654842,0.004774897680763987,1466,10b
11,604,joint_improvement_95,0.029331514324693043,0.03137789904502047,1466,10b
11,604,joint_quality_style_lower_95,0.001364256480218281,0.0,1466,10b
11,604,joint_quality_style_upper_95,0.0,0.0006821282401091405,1466,10b
11,604,kendall_alpha_beta,-0.6428963211636689,-0.6371115011943065,1466,10b
11,604,kendall_alpha_beta_minus_gaussian,-0.003849417590372717,0.0019354023789897035,1466,10b
11,604,kendall_quality_style,-0.1714223188635231,-0.23282037910499187,1466,10b
11,604,kendall_quality_style_minus_gaussian,0.041207355682996744,-0.020190704558472022,1466,10b
11,604,kurtosis_alpha,0.1402267646722244,0.2216995903788188,1466,10b
11,604,kurtosis_beta,0.20173124022938227,-0.010628527900102824,1466,10b
11,604,kurtosis_quality,0.19326068295210552,0.07756113263444542,1466,10b
11,604,kurtosis_style,-0.07561736237580119,-0.049514953053804156,1466,10b
11,604,lag1_squared_alpha,-0.017336479627809348,0.034743410361223574,1466,10b
11,604,lag1_squared_beta,-0.021874296655966064,0.023958084389620125,1466,10b
11,604,lag1_squared_quality,-0.020973173266708008,0.03277066396544481,1466,10b
11,604,lag1_squared_style,-0.03838683952905286,0.04547571807588981,1466,10b
12,664,joint_collapse_95,0.029331514324693043,0.023874488403819918,1466,10b
12,664,joint_direction_asymmetry,-0.001364256480218283,0.0006821282401091415,1466,10b
12,664,joint_improvement_95,0.02796725784447476,0.02455661664392906,1466,10b
12,664,joint_quality_style_lower_95,0.001364256480218281,0.0020463847203274215,1466,10b
12,664,joint_quality_style_upper_95,0.0020463847203274215,0.0020463847203274215,1466,10b
12,664,kendall_alpha_beta,-0.6447420251526059,-0.6152573229842295,1466,10b
12,664,kendall_alpha_beta_minus_gaussian,-0.021403551433082146,0.008081150735294251,1466,10b
12,664,kendall_quality_style,-0.10109187080072068,-0.1282764272311181,1466,10b
12,664,kendall_quality_style_minus_gaussian,0.007125826819579378,-0.020058729610818032,1466,10b
12,664,kurtosis_alpha,0.1395128115432076,-0.10208579071930979,1466,10b
12,664,kurtosis_beta,0.09337854784229283,-0.28310403497641845,1466,10b
12,664,kurtosis_quality,0.12145034864293391,-0.2608556551343395,1466,10b
12,664,kurtosis_style,0.1314462917809851,-0.22212799107506154,1466,10b
12,664,lag1_squared_alpha,0.019627991531269595,0.024951972824554622,1466,10b
12,664,lag1_squared_beta,0.022737217406708334,0.02347374719345975,1466,10b
12,664,lag1_squared_quality,0.02965892741310119,0.023412739642576005,1466,10b
12,664,lag1_squared_style,0.0257367400938833,-0.014471645214772308,1466,10b
13,725,joint_collapse_95,0.034106412005457026,0.03274215552523874,1466,10b
13,725,joint_direction_asymmetry,-0.002728512960436559,0.003410641200545704,1466,10b
13,725,joint_improvement_95,0.03137789904502047,0.03615279672578445,1466,10b
13,725,joint_quality_style_lower_95,0.008185538881309686,0.010914051841746248,1466,10b
13,725,joint_quality_style_upper_95,0.010914051841746248,0.007503410641200546,1466,10b
13,725,kendall_alpha_beta,-0.7061531226573667,-0.70521071476796,1466,10b
13,725,kendall_alpha_beta_minus_gaussian,0.006381392600149249,0.007323800489555943,1466,10b
13,725,kendall_quality_style,0.24090348234614867,0.25773645172254844,1466,10b
13,725,kendall_quality_style_minus_gaussian,0.00314386944272807,0.019976838819127846,1466,10b
13,725,kurtosis_alpha,0.20058404870102153,0.05178237746881509,1466,10b
13,725,kurtosis_beta,0.1053726831798012,0.12416979374908088,1466,10b
13,725,kurtosis_quality,0.15031237802363862,0.10734500096723787,1466,10b
13,725,kurtosis_style,0.02661748771160566,-0.05309255922728662,1466,10b
13,725,lag1_squared_alpha,-0.007063373527913005,0.006604039761469265,1466,10b
13,725,lag1_squared_beta,-0.020265041043834284,-0.011301007105102673,1466,10b
13,725,lag1_squared_quality,-0.013216202980323485,-0.0005723189849526642,1466,10b
13,725,lag1_squared_style,0.02565756409242293,0.01963051852207636,1466,10b
14,785,joint_collapse_95,0.034788540245566164,0.03137789904502047,1466,10b
14,785,joint_direction_asymmetry,0.000682128240109145,0.003410641200545697,1466,10b
14,785,joint_improvement_95,0.03547066848567531,0.034788540245566164,1466,10b
14,785,joint_quality_style_lower_95,0.0006821282401091405,0.002728512960436562,1466,10b
14,785,joint_quality_style_upper_95,0.004092769440654843,0.0020463847203274215,1466,10b
14,785,kendall_alpha_beta,-0.706384068464257,-0.6916389236807918,1466,10b
14,785,kendall_alpha_beta_minus_gaussian,-0.015003562281050264,-0.0002584174975850395,1466,10b
14,785,kendall_quality_style,0.0038674110323184685,-0.010048936299000388,1466,10b
14,785,kendall_quality_style_minus_gaussian,0.010514711080380197,-0.00340163625093866,1466,10b
14,785,kurtosis_alpha,-0.10833660663163114,0.11176801102153533,1466,10b
14,785,kurtosis_beta,0.04506720922901808,-0.03781340975923886,1466,10b
14,785,kurtosis_quality,-0.03727645128235979,0.06059290164838549,1466,10b
14,785,kurtosis_style,-0.1487626158683697,0.2058685337034194,1466,10b
14,785,lag1_squared_alpha,0.0038765624432615703,0.03080210084438441,1466,10b
14,785,lag1_squared_beta,0.003068819737082184,-0.0012502929975279076,1466,10b
14,785,lag1_squared_quality,0.009200169869016185,0.019429514933417172,1466,10b
14,785,lag1_squared_style,-0.013441878598210619,-0.04740803779642483,1466,10b
15,845,joint_collapse_95,0.030695770804911322,0.034106412005457026,1466,10b
15,845,joint_direction_asymmetry,0.001364256480218283,-0.002046384720327421,1466,10b
15,845,joint_improvement_95,0.032060027285129605,0.032060027285129605,1466,10b
15,845,joint_quality_style_lower_95,0.0006821282401091405,0.0,1466,10b
15,845,joint_quality_style_upper_95,0.0,0.0006821282401091405,1466,10b
15,845,kendall_alpha_beta,-0.7403349645433,-0.7463451429209988,1466,10b
15,845,kendall_alpha_beta_minus_gaussian,-0.007079842140283454,-0.01309002051798236,1466,10b
15,845,kendall_quality_style,-0.29244537153872296,-0.26643603127080717,1466,10b
15,845,kendall_quality_style_minus_gaussian,-0.015870578735395324,0.010138761532520468,1466,10b
15,845,kurtosis_alpha,-0.006828135868510277,-0.21080211743067023,1466,10b
15,845,kurtosis_beta,-0.06486072761524442,-0.15488138054534106,1466,10b
15,845,kurtosis_quality,-0.05723276244480635,-0.19814784176577716,1466,10b
15,845,kurtosis_style,-0.21435929609063908,0.09509239147052018,1466,10b
15,845,lag1_squared_alpha,0.057465787287960535,0.0026677531607647454,1466,10b
15,845,lag1_squared_beta,-0.01864810238459385,-0.019947425089288425,1466,10b
15,845,lag1_squared_quality,0.01777478464596633,-0.011131068121567762,1466,10b
15,845,lag1_squared_style,-0.042104078393216664,-0.0024609549948370274,1466,10b
16,905,joint_collapse_95,0.02796725784447476,0.03137789904502047,1466,10b
16,905,joint_direction_asymmetry,0.0061391541609822665,-0.0020463847203274245,1466,10b
16,905,joint_improvement_95,0.034106412005457026,0.029331514324693043,1466,10b
16,905,joint_quality_style_lower_95,0.001364256480218281,0.001364256480218281,1466,10b
16,905,joint_quality_style_upper_95,0.002728512960436562,0.0006821282401091405,1466,10b
16,905,kendall_alpha_beta,-0.7009140052800917,-0.6950900735208527,1466,10b
16,905,kendall_alpha_beta_minus_gaussian,-0.003906134961734198,0.0019177967975048116,1466,10b
16,905,kendall_quality_style,-0.030753972873180047,-0.028515288519292747,1466,10b
16,905,kendall_quality_style_minus_gaussian,-0.004202261682034882,-0.001963577328147583,1466,10b
16,905,kurtosis_alpha,0.046484271093406804,-0.20439658575887432,1466,10b
16,905,kurtosis_beta,-0.08293031929120742,-0.14831390466994154,1466,10b
16,905,kurtosis_quality,-0.0011288739512065327,-0.17500402255051029,1466,10b
16,905,kurtosis_style,-0.10482654543023084,-0.005981572685774594,1466,10b
16,905,lag1_squared_alpha,-0.015731067414454084,-0.030208520396252703,1466,10b
16,905,lag1_squared_beta,0.014176136820556039,-0.049636788717465095,1466,10b
16,905,lag1_squared_quality,-0.003579233224564242,-0.04639648657519842,1466,10b
16,905,lag1_squared_style,0.0013365187928358225,-0.006880406376827959,1466,10b
17,966,joint_collapse_95,0.030695770804911322,0.02796725784447476,1466,10b
17,966,joint_direction_asymmetry,-0.0047748976807639835,-0.000682128240109138,1466,10b
17,966,joint_improvement_95,0.02592087312414734,0.027285129604365622,1466,10b
17,966,joint_quality_style_lower_95,0.0,0.0006821282401091405,1466,10b
17,966,joint_quality_style_upper_95,0.0,0.0020463847203274215,1466,10b
17,966,kendall_alpha_beta,-0.6317662232445092,-0.634327114248332,1466,10b
17,966,kendall_alpha_beta_minus_gaussian,0.008759003959497025,0.006198112955674184,1466,10b
17,966,kendall_quality_style,-0.13365895450460719,-0.09857381651914388,1466,10b
17,966,kendall_quality_style_minus_gaussian,-0.00024936618497423124,0.03483577180048908,1466,10b
17,966,kurtosis_alpha,0.15460245301134634,0.1112786808350692,1466,10b
17,966,kurtosis_beta,0.22204620418108423,0.2866901532037467,1466,10b
17,966,kurtosis_quality,0.21815763184319215,0.21873783489215715,1466,10b
17,966,kurtosis_style,0.11291773820674456,0.029275399276369907,1466,10b
17,966,lag1_squared_alpha,0.01188022260466487,0.01730351657535042,1466,10b
17,966,lag1_squared_beta,-0.023404027380726566,-0.004507193174153613,1466,10b
17,966,lag1_squared_quality,-0.004911811531367866,-0.0008183743737100213,1466,10b
17,966,lag1_squared_style,-0.007278827216173066,-0.0541325887252174,1466,10b
18,1026,joint_collapse_95,0.027285129604365622,0.023874488403819918,1466,10b
18,1026,joint_direction_asymmetry,-0.002046384720327421,0.001364256480218283,1466,10b
18,1026,joint_improvement_95,0.0252387448840382,0.0252387448840382,1466,10b
18,1026,joint_quality_style_lower_95,0.0068212824010914054,0.010231923601637109,1466,10b
18,1026,joint_quality_style_upper_95,0.008867667121418827,0.005457025920873124,1466,10b
18,1026,kendall_alpha_beta,-0.6159780973976692,-0.6005643272539334,1466,10b
18,1026,kendall_alpha_beta_minus_gaussian,-0.02672745991558112,-0.011313689771845326,1466,10b
18,1026,kendall_quality_style,0.1508774543812189,0.18005298716295182,1466,10b
18,1026,kendall_quality_style_minus_gaussian,-0.004450119735028152,0.024725413046704753,1466,10b
18,1026,kurtosis_alpha,0.15072679230453545,-0.07707660519791615,1466,10b
18,1026,kurtosis_beta,-0.2030252896793061,0.08404906362588616,1466,10b
18,1026,kurtosis_quality,-0.0021589207639247654,-0.04555578158737594,1466,10b
18,1026,kurtosis_style,0.016944633393971564,0.05392364790787241,1466,10b
18,1026,lag1_squared_alpha,0.032111993914979674,0.02528382971554257,1466,10b
18,1026,lag1_squared_beta,0.01740309752809937,-0.03811982879805452,1466,10b
18,1026,lag1_squared_quality,0.031992049489740826,-0.01153753951191841,1466,10b
18,1026,lag1_squared_style,0.013194576949401467,0.026548943973848493,1466,10b
19,1086,joint_collapse_95,0.027285129604365622,0.027285129604365622,1466,10b
19,1086,joint_direction_asymmetry,0.0013642564802182795,-0.0006821282401091415,1466,10b
19,1086,joint_improvement_95,0.0286493860845839,0.02660300136425648,1466,10b
19,1086,joint_quality_style_lower_95,0.001364256480218281,0.0006821282401091405,1466,10b
19,1086,joint_quality_style_upper_95,0.0034106412005457027,0.0,1466,10b
19,1086,kendall_alpha_beta,-0.645436725039461,-0.6541791413099656,1466,10b
19,1086,kendall_alpha_beta_minus_gaussian,-0.005531101987537035,-0.014273518258041573,1466,10b
19,1086,kendall_quality_style,-0.050747547364843104,-0.06928653576633503,1466,10b
19,1086,kendall_quality_style_minus_gaussian,0.006630596713792125,-0.011908391687699804,1466,10b
19,1086,kurtosis_alpha,0.14432679491456923,-0.13308525006008676,1466,10b
19,1086,kurtosis_beta,0.19404912818925002,-0.02500743942252681,1466,10b
19,1086,kurtosis_quality,0.16592365813069865,-0.07773093773335171,1466,10b
19,1086,kurtosis_style,0.03999695907579248,-0.10969495426322418,1466,10b
19,1086,lag1_squared_alpha,0.01979703714393434,0.02539249603908406,1466,10b
19,1086,lag1_squared_beta,0.0336100062802781,0.02102841123312075,1466,10b
19,1086,lag1_squared_quality,0.026265102668462235,0.02430418036034107,1466,10b
19,1086,lag1_squared_style,-0.007723071437747071,0.0009804301840954158,1466,10b
20,1147,joint_collapse_95,0.030695770804911322,0.02592087312414734,1466,10b
20,1147,joint_direction_asymmetry,-0.000682128240109138,0.00954979536152797,1466,10b
20,1147,joint_improvement_95,0.030013642564802184,0.03547066848567531,1466,10b
20,1147,joint_quality_style_lower_95,0.005457025920873124,0.008867667121418827,1466,10b
20,1147,joint_quality_style_upper_95,0.006139154160982265,0.0047748976807639835,1466,10b
20,1147,kendall_alpha_beta,-0.6757092504039224,-0.6690546587263524,1466,10b
20,1147,kendall_alpha_beta_minus_gaussian,-0.008079097199361063,-0.0014245055217910751,1466,10b
20,1147,kendall_quality_style,0.1170736931307591,0.168844665664039,1466,10b
20,1147,kendall_quality_style_minus_gaussian,-0.043044648758669785,0.008726323774610106,1466,10b
20,1147,kurtosis_alpha,0.01712055330016593,0.08910213641474307,1466,10b
20,1147,kurtosis_beta,0.1485642267523204,0.06676577938567618,1466,10b
20,1147,kurtosis_quality,0.10291918202833861,0.09762384239638378,1466,10b
20,1147,kurtosis_style,-0.0015362803799092717,-0.10773417541939878,1466,10b
20,1147,lag1_squared_alpha,0.06170459084129776,0.0016850474068614235,1466,10b
20,1147,lag1_squared_beta,0.034129872754265426,-0.004134668276852059,1466,10b
20,1147,lag1_squared_quality,0.061302459905044154,-0.0010660780112021438,1466,10b
20,1147,lag1_squared_style,0.0041402510217548325,0.01020940174741906,1466,10b
21,1207,joint_collapse_95,0.0286493860845839,0.029331514324693043,1466,10b
21,1207,joint_direction_asymmetry,0.0,-0.0006821282401091415,1466,10b
21,1207,joint_improvement_95,0.0286493860845839,0.0286493860845839,1466,10b
21,1207,joint_quality_style_lower_95,0.0,0.0,1466,10b
21,1207,joint_quality_style_upper_95,0.0,0.0,1466,10b
21,1207,kendall_alpha_beta,-0.6312875694350675,-0.6417471795277716,1466,10b
21,1207,kendall_alpha_beta_minus_gaussian,0.00865757748530327,-0.0018020326074008608,1466,10b
21,1207,kendall_quality_style,-0.31105513365522963,-0.35449157001243203,1466,10b
21,1207,kendall_quality_style_minus_gaussian,0.01120085395882553,-0.03223558239837687,1466,10b
21,1207,kurtosis_alpha,0.19621495808701273,0.01599876500539299,1466,10b
21,1207,kurtosis_beta,0.21084965472562223,-0.02889726225638123,1466,10b
21,1207,kurtosis_quality,0.22841372488560063,0.01757196746097689,1466,10b
21,1207,kurtosis_style,0.20544465138219925,-0.033625517868995036,1466,10b
21,1207,lag1_squared_alpha,0.017958275009911727,-0.015757536202140526,1466,10b
21,1207,lag1_squared_beta,-0.020938236159811795,-0.007349943134116763,1466,10b
21,1207,lag1_squared_quality,-0.0025187719350312178,-0.004111577392075108,1466,10b
21,1207,lag1_squared_style,0.006144334649546536,-0.01291546945432064,1466,10b
22,1267,joint_collapse_95,0.0286493860845839,0.0252387448840382,1466,10b
22,1267,joint_direction_asymmetry,0.0006821282401091415,0.0,1466,10b
22,1267,joint_improvement_95,0.029331514324693043,0.0252387448840382,1466,10b
22,1267,joint_quality_style_lower_95,0.006139154160982265,0.006139154160982265,1466,10b
22,1267,joint_quality_style_upper_95,0.0034106412005457027,0.005457025920873124,1466,10b
22,1267,kendall_alpha_beta,-0.6474593633159349,-0.632954476670283,1466,10b
22,1267,kendall_alpha_beta_minus_gaussian,-0.003440128088398331,0.011064758557253529,1466,10b
22,1267,kendall_quality_style,0.11500263073348571,0.10688600310100616,1466,10b
22,1267,kendall_quality_style_minus_gaussian,-0.004677581056542146,-0.012794208689021702,1466,10b
22,1267,kurtosis_alpha,0.21573067246342026,-0.08489650362438628,1466,10b
22,1267,kurtosis_beta,0.05523360867213478,-0.061184918308494485,1466,10b
22,1267,kurtosis_quality,0.1757141788563361,-0.09554024885940349,1466,10b
22,1267,kurtosis_style,-0.1487687819561656,-0.0390857280896606,1466,10b
22,1267,lag1_squared_alpha,0.04001402517964907,0.01130327557726678,1466,10b
22,1267,lag1_squared_beta,0.014092806090699603,-0.03857059444281587,1466,10b
22,1267,lag1_squared_quality,0.02517167261052419,-0.024081578423770896,1466,10b
22,1267,lag1_squared_style,-0.06558512705993019,0.03546652982643334,1466,10b
23,1328,joint_collapse_95,0.021828103683492497,0.02592087312414734,1466,10b
23,1328,joint_direction_asymmetry,-0.0013642564802182795,-0.002046384720327421,1466,10b
23,1328,joint_improvement_95,0.020463847203274217,0.023874488403819918,1466,10b
23,1328,joint_quality_style_lower_95,0.0020463847203274215,0.001364256480218281,1466,10b
23,1328,joint_quality_style_upper_95,0.004092769440654843,0.0006821282401091405,1466,10b
23,1328,kendall_alpha_beta,-0.568140653446261,-0.5517323263599496,1466,10b
23,1328,kendall_alpha_beta_minus_gaussian,-0.006099698398308151,0.010308628688003196,1466,10b
23,1328,kendall_quality_style,-0.024529610884252318,-0.04120613310114596,1466,10b
23,1328,kendall_quality_style_minus_gaussian,0.012510328821289683,-0.004166193395603958,1466,10b
23,1328,kurtosis_alpha,0.350594389914034,-0.061243204577401844,1466,10b
23,1328,kurtosis_beta,0.059078381789614554,-0.022824339687180117,1466,10b
23,1328,kurtosis_quality,0.21617544038854897,0.07131742233350558,1466,10b
23,1328,kurtosis_style,-0.0810657670839885,0.013684555967733214,1466,10b
23,1328,lag1_squared_alpha,0.023567382358150233,-0.001411872810659826,1466,10b
23,1328,lag1_squared_beta,0.018265334516177928,0.02855312432534589,1466,10b
23,1328,lag1_squared_quality,0.019162208171637784,0.015789500970564686,1466,10b
23,1328,lag1_squared_style,-0.04221529040015844,0.03044838396543843,1466,10b
24,1388,joint_collapse_95,0.03274215552523874,0.021145975443383355,1466,10b
24,1388,joint_direction_asymmetry,-0.008185538881309684,0.001364256480218283,1466,10b
24,1388,joint_improvement_95,0.02455661664392906,0.022510231923601638,1466,10b
24,1388,joint_quality_style_lower_95,0.0,0.0006821282401091405,1466,10b
24,1388,joint_quality_style_upper_95,0.0006821282401091405,0.0,1466,10b
24,1388,kendall_alpha_beta,-0.6111896968370667,-0.6019816640204125,1466,10b
24,1388,kendall_alpha_beta_minus_gaussian,0.00023719352583850828,0.009445226342492674,1466,10b
24,1388,kendall_quality_style,-0.1738118629783627,-0.18380399405873282,1466,10b
24,1388,kendall_quality_style_minus_gaussian,0.015171670231789613,0.005179539151419499,1466,10b
24,1388,kurtosis_alpha,0.10039154966020547,-0.09387660663877462,1466,10b
24,1388,kurtosis_beta,0.11708806548400608,0.017057064054434967,1466,10b
24,1388,kurtosis_quality,0.15810486878739782,-0.05485909461252403,1466,10b
24,1388,kurtosis_style,-0.2500655749482039,-0.13971066142090383,1466,10b
24,1388,lag1_squared_alpha,0.053607997878676567,-0.002248568625086744,1466,10b
24,1388,lag1_squared_beta,0.04006528394284485,-0.04568682153717482,1466,10b
24,1388,lag1_squared_quality,0.04978450559034773,-0.03955229307627336,1466,10b
24,1388,lag1_squared_style,-0.0031778170909975687,0.03707365319568844,1466,10b
25,1448,joint_collapse_95,0.036834924965893585,0.042974079126875855,1466,10b
25,1448,joint_direction_asymmetry,0.00613915416098227,-0.002046384720327421,1466,10b
25,1448,joint_improvement_95,0.042974079126875855,0.040927694406548434,1466,10b
25,1448,joint_quality_style_lower_95,0.0068212824010914054,0.006139154160982265,1466,10b
25,1448,joint_quality_style_upper_95,0.0068212824010914054,0.006139154160982265,1466,10b
25,1448,kendall_alpha_beta,-0.8351791925277856,-0.829312424046301,1466,10b
25,1448,kendall_alpha_beta_minus_gaussian,-0.0015073351545836777,0.004359433326900919,1466,10b
25,1448,kendall_quality_style,0.23363427682766136,0.2215189342968492,1466,10b
25,1448,kendall_quality_style_minus_gaussian,0.01230098726054521,0.00018564472973306434,1466,10b
25,1448,kurtosis_alpha,-0.027682312183084257,0.06727498152463118,1466,10b
25,1448,kurtosis_beta,0.07127846233045698,0.08488494568271188,1466,10b
25,1448,kurtosis_quality,0.017649226436332377,0.08277660301234047,1466,10b
25,1448,kurtosis_style,0.014427686535511075,-0.09969227824335336,1466,10b
25,1448,lag1_squared_alpha,0.020906033742373077,-0.021185537009217516,1466,10b
25,1448,lag1_squared_beta,0.03790041295777015,-0.024146634308195823,1466,10b
25,1448,lag1_squared_quality,0.03099197945719203,-0.021639171697575618,1466,10b
25,1448,lag1_squared_style,0.01564765587678935,-0.03157834070007036,1466,10b
26,1508,joint_collapse_95,0.0286493860845839,0.0252387448840382,1466,10b
26,1508,joint_direction_asymmetry,-0.0013642564802182795,0.002046384720327421,1466,10b
26,1508,joint_improvement_95,0.027285129604365622,0.027285129604365622,1466,10b
26,1508,joint_quality_style_lower_95,0.004092769440654843,0.0006821282401091405,1466,10b
26,1508,joint_quality_style_upper_95,0.0034106412005457027,0.0020463847203274215,1466,10b
26,1508,kendall_alpha_beta,-0.6401342838119095,-0.6307642164371954,1466,10b
26,1508,kendall_alpha_beta_minus_gaussian,-0.018736921121441652,-0.009366853746727521,1466,10b
26,1508,kendall_quality_style,0.008106384068464312,-0.02658763601823355,1466,10b
26,1508,kendall_quality_style_minus_gaussian,0.017410613839257717,-0.017283406247440146,1466,10b
26,1508,kurtosis_alpha,0.19700376385495932,0.012801883071339226,1466,10b
26,1508,kurtosis_beta,0.01159321469568253,-0.13008070701944074,1466,10b
26,1508,kurtosis_quality,0.08905243879717784,-0.05813033936182466,1466,10b
26,1508,kurtosis_style,0.17540103752317027,0.028590704245788245,1466,10b
26,1508,lag1_squared_alpha,-0.022544909392240648,-0.0017478115960214303,1466,10b
26,1508,lag1_squared_beta,-0.019726876354714512,-0.008737546500958208,1466,10b
26,1508,lag1_squared_quality,-0.026657817738460574,-0.00727345883729485,1466,10b
26,1508,lag1_squared_style,0.05447681777046418,0.030313333091951625,1466,10b
27,1569,joint_collapse_95,0.030695770804911322,0.03615279672578445,1466,10b
27,1569,joint_direction_asymmetry,0.004774897680763987,-0.001364256480218283,1466,10b
27,1569,joint_improvement_95,0.03547066848567531,0.034788540245566164,1466,10b
27,1569,joint_quality_style_lower_95,0.002728512960436562,0.001364256480218281,1466,10b
27,1569,joint_quality_style_upper_95,0.002728512960436562,0.001364256480218281,1466,10b
27,1569,kendall_alpha_beta,-0.7578123472195708,-0.7615037551974446,1466,10b
27,1569,kendall_alpha_beta_minus_gaussian,0.0059119118906666435,0.002220503912792826,1466,10b
27,1569,kendall_quality_style,-0.02301170094380467,-0.030845233716225273,1466,10b
27,1569,kendall_quality_style_minus_gaussian,-0.009178733564074826,-0.01701226633649543,1466,10b
27,1569,kurtosis_alpha,0.2980771138256757,0.15908581494330098,1466,10b
27,1569,kurtosis_beta,0.1743203357112839,0.21761447773507792,1466,10b
27,1569,kurtosis_quality,0.2633451204571111,0.18706192406934763,1466,10b
27,1569,kurtosis_style,-0.11939862654527955,-0.01813134564503871,1466,10b
27,1569,lag1_squared_alpha,-0.001028467162103147,-0.003483705118334667,1466,10b
27,1569,lag1_squared_beta,0.013214004587170558,0.005572994085398193,1466,10b
27,1569,lag1_squared_quality,0.008072645806027035,0.0026752847539553972,1466,10b
27,1569,lag1_squared_style,0.011496779972775158,-0.018228482920092777,1466,10b
28,1629,joint_collapse_95,0.0252387448840382,0.0252387448840382,1466,10b
28,1629,joint_direction_asymmetry,0.0,-0.001364256480218283,1466,10b
28,1629,joint_improvement_95,0.0252387448840382,0.023874488403819918,1466,10b
28,1629,joint_quality_style_lower_95,0.0006821282401091405,0.0020463847203274215,1466,10b
28,1629,joint_quality_style_upper_95,0.002728512960436562,0.0,1466,10b
28,1629,kendall_alpha_beta,-0.6192374132207161,-0.5936508527767044,1466,10b
28,1629,kendall_alpha_beta_minus_gaussian,-0.010789181180229424,0.014797379263782329,1466,10b
28,1629,kendall_quality_style,-0.0480655960590215,-0.03934925431510128,1466,10b
28,1629,kendall_quality_style_minus_gaussian,0.0038231820445253084,0.012539523788445528,1466,10b
28,1629,kurtosis_alpha,-0.21855015611011153,0.13787105626320972,1466,10b
28,1629,kurtosis_beta,-0.07170647610056857,0.24533210364736835,1466,10b
28,1629,kurtosis_quality,-0.17692466515085403,0.20477553329503317,1466,10b
28,1629,kurtosis_style,0.07821717094030944,-0.09066042237189365,1466,10b
28,1629,lag1_squared_alpha,-0.021729350710675385,-0.029267063794927183,1466,10b
28,1629,lag1_squared_beta,-0.05603684402893628,0.009963081052680456,1466,10b
28,1629,lag1_squared_quality,-0.04554909347979877,-0.004422576581840228,1466,10b
28,1629,lag1_squared_style,-0.01621911217382854,-0.025305392559792774,1466,10b
29,1689,joint_collapse_95,0.030013642564802184,0.029331514324693043,1466,10b
29,1689,joint_direction_asymmetry,-0.001364256480218283,-0.0006821282401091415,1466,10b
29,1689,joint_improvement_95,0.0286493860845839,0.0286493860845839,1466,10b
29,1689,joint_quality_style_lower_95,0.0047748976807639835,0.004092769440654843,1466,10b
29,1689,joint_quality_style_upper_95,0.008185538881309686,0.0068212824010914054,1466,10b
29,1689,kendall_alpha_beta,-0.6949652882864845,-0.7078591416824589,1466,10b
29,1689,kendall_alpha_beta_minus_gaussian,0.006049111226882009,-0.006844742169092366,1466,10b
29,1689,kendall_quality_style,0.10936867052507582,0.13368689149737623,1466,10b
29,1689,kendall_quality_style_minus_gaussian,0.0002467714612536531,0.02456499243355406,1466,10b
29,1689,kurtosis_alpha,0.12402327402348723,0.03433334617807304,1466,10b
29,1689,kurtosis_beta,0.07677351359712592,0.12275735203008598,1466,10b
29,1689,kurtosis_quality,0.1067949444605909,0.05535045098825453,1466,10b
29,1689,kurtosis_style,0.04491691165549705,0.027867589843783236,1466,10b
29,1689,lag1_squared_alpha,0.06725583654523679,0.02657334999973883,1466,10b
29,1689,lag1_squared_beta,0.052488156650757484,-0.012900629250612465,1466,10b
29,1689,lag1_squared_quality,0.07191514675185144,0.011135612480468437,1466,10b
29,1689,lag1_squared_style,-0.05574632414868538,0.025319800436333462,1466,10b
30,1750,joint_collapse_95,0.04024556616643929,0.03615279672578445,1466,10b
30,1750,joint_direction_asymmetry,-0.005457025920873125,-0.002728512960436559,1466,10b
30,1750,joint_improvement_95,0.034788540245566164,0.03342428376534789,1466,10b
30,1750,joint_quality_style_lower_95,0.001364256480218281,0.002728512960436562,1466,10b
30,1750,joint_quality_style_upper_95,0.001364256480218281,0.0006821282401091405,1466,10b
30,1750,kendall_alpha_beta,-0.7734887250953351,-0.7732652291531832,1466,10b
30,1750,kendall_alpha_beta_minus_gaussian,-0.0007584136971527933,-0.0005349177550009188,1466,10b
30,1750,kendall_quality_style,-0.025334196275998755,-0.03056027638998171,1466,10b
30,1750,kendall_quality_style_minus_gaussian,-0.005769579933869447,-0.010995660047852403,1466,10b
30,1750,kurtosis_alpha,0.1615967309564459,0.3031500851064588,1466,10b
30,1750,kurtosis_beta,0.05073517392632887,0.26874971231494227,1466,10b
30,1750,kurtosis_quality,0.1211882020537729,0.3171386083987411,1466,10b
30,1750,kurtosis_style,-0.048379973572285184,0.2857191034306239,1466,10b
30,1750,lag1_squared_alpha,0.031403569341070824,0.027467021437336522,1466,10b
30,1750,lag1_squared_beta,0.0029029747463998642,0.005943005762206424,1466,10b
30,1750,lag1_squared_quality,0.01625291322965178,0.019383761708001747,1466,10b
30,1750,lag1_squared_style,0.05104835517454521,-0.007349707544512569,1466,10b
31,1810,joint_collapse_95,0.0286493860845839,0.02660300136425648,1466,10b
31,1810,joint_direction_asymmetry,0.001364256480218283,0.0,1466,10b
31,1810,joint_improvement_95,0.030013642564802184,0.02660300136425648,1466,10b
31,1810,joint_quality_style_lower_95,0.0,0.0006821282401091405,1466,10b
31,1810,joint_quality_style_upper_95,0.001364256480218281,0.0,1466,10b
31,1810,kendall_alpha_beta,-0.6787730072775866,-0.6414100731483594,1466,10b
31,1810,kendall_alpha_beta_minus_gaussian,-0.03286450937793306,0.004498424751294139,1466,10b
31,1810,kendall_quality_style,-0.17422905540371292,-0.15945969855984798,1466,10b
31,1810,kendall_quality_style_minus_gaussian,-0.010981058828350987,0.0037882980155139467,1466,10b
31,1810,kurtosis_alpha,-0.07536258129130724,-0.010390512987608957,1466,10b
31,1810,kurtosis_beta,-0.21353741813142024,0.13198754091167553,1466,10b
31,1810,kurtosis_quality,-0.1584052202095796,0.04888560823311794,1466,10b
31,1810,kurtosis_style,0.16224504435330545,0.22207706151987905,1466,10b
31,1810,lag1_squared_alpha,0.028144614772779276,-0.0517214763091601,1466,10b
31,1810,lag1_squared_beta,0.03804399012501667,0.013010598731922809,1466,10b
31,1810,lag1_squared_quality,0.04039062032848943,-0.01943698114136358,1466,10b
31,1810,lag1_squared_style,-0.0009477925645257084,0.0025680548725962767,1466,10b
32,1870,joint_collapse_95,0.029331514324693043,0.030013642564802184,1466,10b
32,1870,joint_direction_asymmetry,0.0020463847203274245,-0.001364256480218283,1466,10b
32,1870,joint_improvement_95,0.03137789904502047,0.0286493860845839,1466,10b
32,1870,joint_quality_style_lower_95,0.001364256480218281,0.0,1466,10b
32,1870,joint_quality_style_upper_95,0.0,0.0034106412005457027,1466,10b
32,1870,kendall_alpha_beta,-0.6805963616723083,-0.67328618189776,1466,10b
32,1870,kendall_alpha_beta_minus_gaussian,-0.0019067012868961841,0.0054034784876521025,1466,10b
32,1870,kendall_quality_style,-0.17143163119444615,-0.18684912627055117,1466,10b
32,1870,kendall_quality_style_minus_gaussian,0.015462688927819518,4.519385171450341e-5,1466,10b
32,1870,kurtosis_alpha,0.11383175513290356,-0.04502617700801759,1466,10b
32,1870,kurtosis_beta,0.18427369010118255,-0.14930857767228956,1466,10b
32,1870,kurtosis_quality,0.17684109057159247,-0.18752611595972146,1466,10b
32,1870,kurtosis_style,-0.24519738983851536,0.07858395789143469,1466,10b
32,1870,lag1_squared_alpha,0.0012725498428780484,0.00900702498026911,1466,10b
32,1870,lag1_squared_beta,-0.03250344958452784,0.019631040987765074,1466,10b
32,1870,lag1_squared_quality,-0.019083473046257713,0.009640515028677564,1466,10b
32,1870,lag1_squared_style,0.05370961378098665,0.015097665570664534,1466,10b
33,1930,joint_collapse_95,0.023192360163710776,0.023874488403819918,1466,10b
33,1930,joint_direction_asymmetry,0.0006821282401091415,0.0006821282401091415,1466,10b
33,1930,joint_improvement_95,0.023874488403819918,0.02455661664392906,1466,10b
33,1930,joint_quality_style_lower_95,0.0034106412005457027,0.0034106412005457027,1466,10b
33,1930,joint_quality_style_upper_95,0.0047748976807639835,0.001364256480218281,1466,10b
33,1930,kendall_alpha_beta,-0.6147172077906959,-0.6118769468591836,1466,10b
33,1930,kendall_alpha_beta_minus_gaussian,-0.0007667202147971786,0.002073540716715172,1466,10b
33,1930,kendall_quality_style,0.04652719899054336,0.07065172347964555,1466,10b
33,1930,kendall_quality_style_minus_gaussian,-0.00930956972489961,0.014814954764202574,1466,10b
33,1930,kurtosis_alpha,-0.04415455934230916,-0.15813441548573026,1466,10b
33,1930,kurtosis_beta,-0.19535412953062536,0.018155992000457477,1466,10b
33,1930,kurtosis_quality,-0.1253671386288353,-0.09632803459993777,1466,10b
33,1930,kurtosis_style,-0.10731769086154808,0.07372706619141134,1466,10b
33,1930,lag1_squared_alpha,0.05332504179215715,-0.02195599485623324,1466,10b
33,1930,lag1_squared_beta,0.04971965060985596,-0.013228418958062938,1466,10b
33,1930,lag1_squared_quality,0.05228382491012182,-0.017054710119284788,1466,10b
33,1930,lag1_squared_style,-0.048900671378008104,-0.0444207805077365,1466,10b
34,1991,joint_collapse_95,0.034788540245566164,0.03274215552523874,1466,10b
34,1991,joint_direction_asymmetry,0.001364256480218283,0.002046384720327421,1466,10b
34,1991,joint_improvement_95,0.03615279672578445,0.034788540245566164,1466,10b
34,1991,joint_quality_style_lower_95,0.002728512960436562,0.001364256480218281,1466,10b
34,1991,joint_quality_style_upper_95,0.0006821282401091405,0.001364256480218281,1466,10b
34,1991,kendall_alpha_beta,-0.7341161899529263,-0.7474216483756966,1466,10b
34,1991,kendall_alpha_beta_minus_gaussian,0.004910876690426225,-0.008394581732344086,1466,10b
34,1991,kendall_quality_style,-0.008495639501045371,0.012021287988490004,1466,10b
34,1991,kendall_quality_style_minus_gaussian,0.013523346886344718,0.03404027437588009,1466,10b
34,1991,kurtosis_alpha,-0.0802243495002215,-0.04705031489718925,1466,10b
34,1991,kurtosis_beta,0.08996584994299006,-0.017570907282772108,1466,10b
34,1991,kurtosis_quality,-0.010511820016368745,-0.03067768991053832,1466,10b
34,1991,kurtosis_style,-0.2095749779669176,0.1989704429472785,1466,10b
34,1991,lag1_squared_alpha,0.031452312809003506,0.0008763193000215645,1466,10b
34,1991,lag1_squared_beta,0.00764357416893659,-0.002962662985365435,1466,10b
34,1991,lag1_squared_quality,0.01748986417210755,0.001668555868168206,1466,10b
34,1991,lag1_squared_style,0.019891305572216484,-0.002693389099020974,1466,10b
35,2051,joint_collapse_95,0.0286493860845839,0.02660300136425648,1466,10b
35,2051,joint_direction_asymmetry,-0.004092769440654842,-0.0006821282401091415,1466,10b
35,2051,joint_improvement_95,0.02455661664392906,0.02592087312414734,1466,10b
35,2051,joint_quality_style_lower_95,0.0,0.001364256480218281,1466,10b
35,2051,joint_quality_style_upper_95,0.001364256480218281,0.0,1466,10b
35,2051,kendall_alpha_beta,-0.6087535910676123,-0.590484660262887,1466,10b
35,2051,kendall_alpha_beta_minus_gaussian,-0.007130062123550718,0.01113886868117453,1466,10b
35,2051,kendall_quality_style,-0.10051636874967995,-0.056152424232547515,1466,10b
35,2051,kendall_quality_style_minus_gaussian,-0.020088525773082955,0.024275418744049482,1466,10b
35,2051,kurtosis_alpha,0.1081176667654673,0.1990841303232349,1466,10b
35,2051,kurtosis_beta,0.08056437377674275,0.40549069385735237,1466,10b
35,2051,kurtosis_quality,0.10119247433486134,0.4187563771244336,1466,10b
35,2051,kurtosis_style,0.14038281481345027,-0.16343815877824452,1466,10b
35,2051,lag1_squared_alpha,0.040657929800446156,0.03472563827442597,1466,10b
35,2051,lag1_squared_beta,0.039051324089462956,0.039058094488199205,1466,10b
35,2051,lag1_squared_quality,0.048606428217901086,0.04520052100461151,1466,10b
35,2051,lag1_squared_style,0.05416606594507995,-0.03209925635454508,1466,10b
36,2111,joint_collapse_95,0.02660300136425648,0.030695770804911322,1466,10b
36,2111,joint_direction_asymmetry,0.002046384720327421,-0.0027285129604365625,1466,10b
36,2111,joint_improvement_95,0.0286493860845839,0.02796725784447476,1466,10b
36,2111,joint_quality_style_lower_95,0.0034106412005457027,0.0006821282401091405,1466,10b
36,2111,joint_quality_style_upper_95,0.002728512960436562,0.0,1466,10b
36,2111,kendall_alpha_beta,-0.6207869850863019,-0.6207366984993179,1466,10b
36,2111,kendall_alpha_beta_minus_gaussian,-0.005122882400299789,-0.005072595813315761,1466,10b
36,2111,kendall_quality_style,-0.05525285306538663,-0.04146501590080498,1466,10b
36,2111,kendall_quality_style_minus_gaussian,-0.003203777800286925,0.010584059364294726,1466,10b
36,2111,kurtosis_alpha,0.15095668093725534,0.07332100116786,1466,10b
36,2111,kurtosis_beta,0.0025747301694876157,0.13308374743832374,1466,10b
36,2111,kurtosis_quality,0.06099134912188697,0.18885928203287783,1466,10b
36,2111,kurtosis_style,-0.05514104490907412,-0.04415980784706397,1466,10b
36,2111,lag1_squared_alpha,0.0460267451362808,0.022602579295756892,1466,10b
36,2111,lag1_squared_beta,0.047103986645276756,-0.0017334226191998555,1466,10b
36,2111,lag1_squared_quality,0.04575531379214225,0.01229748544826528,1466,10b
36,2111,lag1_squared_style,-0.017627746823983652,-0.011994742845351522,1466,10b
37,2172,joint_collapse_95,0.032060027285129605,0.02660300136425648,1466,10b
37,2172,joint_direction_asymmetry,-0.0027285129604365625,0.004092769440654842,1466,10b
37,2172,joint_improvement_95,0.029331514324693043,0.030695770804911322,1466,10b
37,2172,joint_quality_style_lower_95,0.0006821282401091405,0.0,1466,10b
37,2172,joint_quality_style_upper_95,0.0,0.0006821282401091405,1466,10b
37,2172,kendall_alpha_beta,-0.6689484981538303,-0.6733420558832979,1466,10b
37,2172,kendall_alpha_beta_minus_gaussian,-0.002138144634616923,-0.006531702364084513,1466,10b
37,2172,kendall_quality_style,-0.16015998584525692,-0.13856841536720843,1466,10b
37,2172,kendall_quality_style_minus_gaussian,-0.004785450541838127,0.016806119936210367,1466,10b
37,2172,kurtosis_alpha,-0.009172658967417924,-0.14152082058005977,1466,10b
37,2172,kurtosis_beta,-0.12251923160531764,0.04875388482870058,1466,10b
37,2172,kurtosis_quality,-0.07786350000181619,-0.055148912019331586,1466,10b
37,2172,kurtosis_style,-0.04759332973820252,0.057369735208822714,1466,10b
37,2172,lag1_squared_alpha,0.01917257163477748,-0.00283851107013777,1466,10b
37,2172,lag1_squared_beta,0.03493643141707965,0.03105286416368794,1466,10b
37,2172,lag1_squared_quality,0.030515491792901923,0.018435794518791748,1466,10b
37,2172,lag1_squared_style,0.019899792730976203,0.004780060656950506,1466,10b
38,2232,joint_collapse_95,0.0286493860845839,0.023874488403819918,1466,10b
38,2232,joint_direction_asymmetry,-0.002046384720327421,0.003410641200545704,1466,10b
38,2232,joint_improvement_95,0.02660300136425648,0.027285129604365622,1466,10b
38,2232,joint_quality_style_lower_95,0.001364256480218281,0.0006821282401091405,1466,10b
38,2232,joint_quality_style_upper_95,0.0020463847203274215,0.0,1466,10b
38,2232,kendall_alpha_beta,-0.6172836861930726,-0.629689573448682,1466,10b
38,2232,kendall_alpha_beta_minus_gaussian,-0.002543831774957761,-0.014949719030567188,1466,10b
38,2232,kendall_quality_style,-0.16740870423571375,-0.1697647239592306,1466,10b
38,2232,kendall_quality_style_minus_gaussian,0.00012847672983298808,-0.0022275429936838564,1466,10b
38,2232,kurtosis_alpha,-0.02056705041702367,-0.23413470569754713,1466,10b
38,2232,kurtosis_beta,0.2402711109853679,0.06331802502351636,1466,10b
38,2232,kurtosis_quality,0.1286124668232378,-0.11363128226454311,1466,10b
38,2232,kurtosis_style,-0.08688257479376738,0.0799858521477339,1466,10b
38,2232,lag1_squared_alpha,0.011505249623626786,0.014503814453678588,1466,10b
38,2232,lag1_squared_beta,-0.008610431694145142,0.028112423235347794,1466,10b
38,2232,lag1_squared_quality,-0.003631357715510489,0.027881849503292765,1466,10b
38,2232,lag1_squared_style,-0.03526141710863488,-0.03707138763058246,1466,10b
39,2292,joint_collapse_95,0.032060027285129605,0.027285129604365622,1466,10b
39,2292,joint_direction_asymmetry,-0.003410641200545704,0.002046384720327421,1466,10b
39,2292,joint_improvement_95,0.0286493860845839,0.029331514324693043,1466,10b
39,2292,joint_quality_style_lower_95,0.0006821282401091405,0.0,1466,10b
39,2292,joint_quality_style_upper_95,0.0006821282401091405,0.0,1466,10b
39,2292,kendall_alpha_beta,-0.6807695710274759,-0.6770409137259101,1466,10b
39,2292,kendall_alpha_beta_minus_gaussian,-0.0007638483024843268,0.0029648089990814697,1466,10b
39,2292,kendall_quality_style,-0.18797033091367932,-0.18339425149812127,1466,10b
39,2292,kendall_quality_style_minus_gaussian,0.004725825463568478,0.009301904879126521,1466,10b
39,2292,kurtosis_alpha,0.442652881666739,-0.02133413510164539,1466,10b
39,2292,kurtosis_beta,0.377130339554133,-0.04726641973703494,1466,10b
39,2292,kurtosis_quality,0.4293497825053949,-0.058368020443173574,1466,10b
39,2292,kurtosis_style,0.019784078952016948,0.009766557029351919,1466,10b
39,2292,lag1_squared_alpha,0.022882312503934008,0.056650454230399896,1466,10b
39,2292,lag1_squared_beta,0.004927358677945758,0.0020045461222024,1466,10b
39,2292,lag1_squared_quality,0.016727639306106355,0.025079397538665674,1466,10b
39,2292,lag1_squared_style,-0.04000080303206719,0.012205442775154453,1466,10b
40,2353,joint_collapse_95,0.02660300136425648,0.02660300136425648,1466,10b
40,2353,joint_direction_asymmetry,-0.002046384720327421,0.0013642564802182795,1466,10b
40,2353,joint_improvement_95,0.02455661664392906,0.02796725784447476,1466,10b
40,2353,joint_quality_style_lower_95,0.010231923601637109,0.010231923601637109,1466,10b
40,2353,joint_quality_style_upper_95,0.007503410641200546,0.005457025920873124,1466,10b
40,2353,kendall_alpha_beta,-0.6082470002654015,-0.5600128510166738,1466,10b
40,2353,kendall_alpha_beta_minus_gaussian,-0.032630528848226814,0.015603620400500895,1466,10b
40,2353,kendall_quality_style,0.20703080984685873,0.19037849969036502,1466,10b
40,2353,kendall_quality_style_minus_gaussian,-0.006420792736577446,-0.023073102893071157,1466,10b
40,2353,kurtosis_alpha,0.01819041715300962,0.3259814139531909,1466,10b
40,2353,kurtosis_beta,-0.15816255180976269,0.1292790243459483,1466,10b
40,2353,kurtosis_quality,-0.09318389887847811,0.3017377353671127,1466,10b
40,2353,kurtosis_style,0.00618838533997268,-0.06440528384648658,1466,10b
40,2353,lag1_squared_alpha,0.05123026743124208,0.086576064277747,1466,10b
40,2353,lag1_squared_beta,0.013908879295084256,0.05953686796422468,1466,10b
40,2353,lag1_squared_quality,0.054044014003590386,0.08934748236212355,1466,10b
40,2353,lag1_squared_style,-0.018579328834407778,-0.01591460181360493,1466,10b
41,2413,joint_collapse_95,0.030695770804911322,0.034106412005457026,1466,10b
41,2413,joint_direction_asymmetry,0.005457025920873125,-0.003410641200545704,1466,10b
41,2413,joint_improvement_95,0.03615279672578445,0.030695770804911322,1466,10b
41,2413,joint_quality_style_lower_95,0.0006821282401091405,0.001364256480218281,1466,10b
41,2413,joint_quality_style_upper_95,0.0006821282401091405,0.0,1466,10b
41,2413,kendall_alpha_beta,-0.7289012846360508,-0.7357588851277419,1466,10b
41,2413,kendall_alpha_beta_minus_gaussian,0.005107433315550525,-0.0017501671761406268,1466,10b
41,2413,kendall_quality_style,-0.15136728298776836,-0.1444668457738314,1466,10b
41,2413,kendall_quality_style_minus_gaussian,-0.029997226207743505,-0.023096788993806544,1466,10b
41,2413,kurtosis_alpha,0.047600156185653386,-0.03660585636089708,1466,10b
41,2413,kurtosis_beta,0.14342921394607755,-0.0469158477938203,1466,10b
41,2413,kurtosis_quality,0.10473923321309231,-0.03570686763767883,1466,10b
41,2413,kurtosis_style,0.11710036065986218,-0.07286069067439715,1466,10b
41,2413,lag1_squared_alpha,-0.02435147046559959,-0.015862486103444002,1466,10b
41,2413,lag1_squared_beta,-0.012879909034659093,-0.016587454283170846,1466,10b
41,2413,lag1_squared_quality,-0.022638046467881836,-0.017357710867965555,1466,10b
41,2413,lag1_squared_style,-0.0040000214191640345,0.0037234119453705924,1466,10b
42,2473,joint_collapse_95,0.017735334242837655,0.01296043656207367,1466,10b
42,2473,joint_direction_asymmetry,-0.0006821282401091415,0.005457025920873123,1466,10b
42,2473,joint_improvement_95,0.017053206002728513,0.018417462482946793,1466,10b
42,2473,joint_quality_style_lower_95,0.007503410641200546,0.004092769440654843,1466,10b
42,2473,joint_quality_style_upper_95,0.005457025920873124,0.0068212824010914054,1466,10b
42,2473,kendall_alpha_beta,-0.44015011477447863,-0.4475850797833951,1466,10b
42,2473,kendall_alpha_beta_minus_gaussian,-0.009443023159704633,-0.016877988168621127,1466,10b
42,2473,kendall_quality_style,0.10544259180794247,0.11880019928388175,1466,10b
42,2473,kendall_quality_style_minus_gaussian,0.00029401585942827324,0.013651623335367555,1466,10b
42,2473,kurtosis_alpha,0.05348167093448053,0.14109266390850195,1466,10b
42,2473,kurtosis_beta,0.16871778547463911,0.025127172623787608,1466,10b
42,2473,kurtosis_quality,0.10715651601105369,0.009382184288324158,1466,10b
42,2473,kurtosis_style,-0.09073188743232796,-0.0384975264555667,1466,10b
42,2473,lag1_squared_alpha,0.018842347375526387,-0.023226771858233287,1466,10b
42,2473,lag1_squared_beta,0.0008613701073605977,-0.0321884098765723,1466,10b
42,2473,lag1_squared_quality,0.010835693028594745,-0.040247068146593956,1466,10b
42,2473,lag1_squared_style,0.0004961230355117639,0.0011793226123607186,1466,10b
43,2533,joint_collapse_95,0.0252387448840382,0.02455661664392906,1466,10b
43,2533,joint_direction_asymmetry,0.002046384720327421,0.0047748976807639835,1466,10b
43,2533,joint_improvement_95,0.027285129604365622,0.029331514324693043,1466,10b
43,2533,joint_quality_style_lower_95,0.0020463847203274215,0.001364256480218281,1466,10b
43,2533,joint_quality_style_upper_95,0.004092769440654843,0.0006821282401091405,1466,10b
43,2533,kendall_alpha_beta,-0.6367036210998793,-0.6060399778366523,1466,10b
43,2533,kendall_alpha_beta_minus_gaussian,-0.018138014416040904,0.01252562884718611,1466,10b
43,2533,kendall_quality_style,-0.03423305970600965,-0.07596347703812012,1466,10b
43,2533,kendall_quality_style_minus_gaussian,0.02326199891706881,-0.01846841841504166,1466,10b
43,2533,kurtosis_alpha,0.25745306339317064,0.04629740652878844,1466,10b
43,2533,kurtosis_beta,0.14821919702740027,0.09215140160273494,1466,10b
43,2533,kurtosis_quality,0.20204307520762788,0.09286703338845514,1466,10b
43,2533,kurtosis_style,0.1390385684959945,0.0035037142761447093,1466,10b
43,2533,lag1_squared_alpha,-0.01667389012479497,0.01609042159342654,1466,10b
43,2533,lag1_squared_beta,-0.03886672544118175,0.005606636855821856,1466,10b
43,2533,lag1_squared_quality,-0.029878040508106867,0.0051254584766498015,1466,10b
43,2533,lag1_squared_style,0.006327874879355931,-0.04172472656786441,1466,10b
44,2594,joint_collapse_95,0.04024556616643929,0.040927694406548434,1466,10b
44,2594,joint_direction_asymmetry,-0.001364256480218283,-0.003410641200545704,1466,10b
44,2594,joint_improvement_95,0.038881309686221006,0.03751705320600273,1466,10b
44,2594,joint_quality_style_lower_95,0.0,0.0,1466,10b
44,2594,joint_quality_style_upper_95,0.0,0.0,1466,10b
44,2594,kendall_alpha_beta,-0.7933556518864455,-0.7753847156712561,1466,10b
44,2594,kendall_alpha_beta_minus_gaussian,-0.016566734388372972,0.0014042018268164425,1466,10b
44,2594,kendall_quality_style,-0.3843096536278514,-0.4010494996950211,1466,10b
44,2594,kendall_quality_style_minus_gaussian,-0.0029815638618228557,-0.019721409928992573,1466,10b
44,2594,kurtosis_alpha,0.24223128198004407,0.05669974457137483,1466,10b
44,2594,kurtosis_beta,0.21491695813595335,0.03333594679377638,1466,10b
44,2594,kurtosis_quality,0.23834563068163828,0.050816370861058946,1466,10b
44,2594,kurtosis_style,-0.05005624949184062,-0.01310682399240326,1466,10b
44,2594,lag1_squared_alpha,0.006873979062538586,0.005074208700202381,1466,10b
44,2594,lag1_squared_beta,-0.019530131691512097,0.009509670664836337,1466,10b
44,2594,lag1_squared_quality,-0.006846413588152304,0.011033239904562968,1466,10b
44,2594,lag1_squared_style,-0.02291262335120829,-0.02499532326875513,1466,10b
45,2654,joint_collapse_95,0.030013642564802184,0.02660300136425648,1466,10b
45,2654,joint_direction_asymmetry,-0.005457025920873125,0.002046384720327421,1466,10b
45,2654,joint_improvement_95,0.02455661664392906,0.0286493860845839,1466,10b
45,2654,joint_quality_style_lower_95,0.0,0.0,1466,10b
45,2654,joint_quality_style_upper_95,0.0,0.0,1466,10b
45,2654,kendall_alpha_beta,-0.6560788568182558,-0.6566841583282503,1466,10b
45,2654,kendall_alpha_beta_minus_gaussian,-0.00921487136705279,-0.009820172877047284,1466,10b
45,2654,kendall_quality_style,-0.41927373131131596,-0.45282233469448574,1466,10b
45,2654,kendall_quality_style_minus_gaussian,0.004704206251922416,-0.028844397131247368,1466,10b
45,2654,kurtosis_alpha,0.11906687171494612,0.06616276547539535,1466,10b
45,2654,kurtosis_beta,0.06744073007304019,-0.09909691453762104,1466,10b
45,2654,kurtosis_quality,0.08302928384573427,-0.03249568640238598,1466,10b
45,2654,kurtosis_style,0.04349018006876815,0.016069212170753744,1466,10b
45,2654,lag1_squared_alpha,0.03930048329248851,0.0004879023075673349,1466,10b
45,2654,lag1_squared_beta,0.03309896143415431,-0.021565955129391627,1466,10b
45,2654,lag1_squared_quality,0.04133086199100452,-0.0111910775309569,1466,10b
45,2654,lag1_squared_style,0.027095232949635027,-0.0004265247273568771,1466,10b
46,2714,joint_collapse_95,0.0252387448840382,0.030695770804911322,1466,10b
46,2714,joint_direction_asymmetry,0.0013642564802182795,-0.0034106412005457006,1466,10b
46,2714,joint_improvement_95,0.02660300136425648,0.027285129604365622,1466,10b
46,2714,joint_quality_style_lower_95,0.001364256480218281,0.001364256480218281,1466,10b
46,2714,joint_quality_style_upper_95,0.0020463847203274215,0.001364256480218281,1466,10b
46,2714,kendall_alpha_beta,-0.630106765874032,-0.6270579087298447,1466,10b
46,2714,kendall_alpha_beta_minus_gaussian,0.009640258907951949,0.012689116052139293,1466,10b
46,2714,kendall_quality_style,-0.060128789536664895,-0.1090744008679092,1466,10b
46,2714,kendall_quality_style_minus_gaussian,0.034062371246006695,-0.014883240085237615,1466,10b
46,2714,kurtosis_alpha,-0.0031379316555320003,-0.1086120747229935,1466,10b
46,2714,kurtosis_beta,0.0728036433176773,-0.10691742301041351,1466,10b
46,2714,kurtosis_quality,0.0668488820862172,-0.10382428913120156,1466,10b
46,2714,kurtosis_style,-0.15602076492183103,-0.18465404731294255,1466,10b
46,2714,lag1_squared_alpha,0.054718140724147296,0.0022367451819343296,1466,10b
46,2714,lag1_squared_beta,0.02935946625239512,-0.019712186058179097,1466,10b
46,2714,lag1_squared_quality,0.0474964900728849,-0.01409832328865617,1466,10b
46,2714,lag1_squared_style,0.0344824832377851,-0.011293200440581488,1466,10b
47,2775,joint_collapse_95,0.023874488403819918,0.020463847203274217,1466,10b
47,2775,joint_direction_asymmetry,0.0006821282401091415,-0.005457025920873125,1466,10b
47,2775,joint_improvement_95,0.02455661664392906,0.015006821282401092,1466,10b
47,2775,joint_quality_style_lower_95,0.006139154160982265,0.006139154160982265,1466,10b
47,2775,joint_quality_style_upper_95,0.008185538881309686,0.008185538881309686,1466,10b
47,2775,kendall_alpha_beta,-0.4806121926348774,-0.46712793745838543,1466,10b
47,2775,kendall_alpha_beta_minus_gaussian,-0.006353841521711423,0.007130413654780565,1466,10b
47,2775,kendall_quality_style,0.21963784345040482,0.20883553957973455,1466,10b
47,2775,kendall_quality_style_minus_gaussian,0.016251161347301063,0.005448857476630792,1466,10b
47,2775,kurtosis_alpha,0.0511879212906603,-0.04017677174087364,1466,10b
47,2775,kurtosis_beta,0.055890244151677315,-0.03328595860748207,1466,10b
47,2775,kurtosis_quality,0.1250764504503601,-0.09009745666256785,1466,10b
47,2775,kurtosis_style,-0.22452341302311796,-0.10290509807389148,1466,10b
47,2775,lag1_squared_alpha,-0.018525375342688676,0.007356006944521868,1466,10b
47,2775,lag1_squared_beta,-0.03207245886048247,-0.013383216057612031,1466,10b
47,2775,lag1_squared_quality,-0.022350614159187453,0.0036404496668471895,1466,10b
47,2775,lag1_squared_style,0.01706790782996491,-0.04542577383180873,1466,10b
48,2835,joint_collapse_95,0.023874488403819918,0.02796725784447476,1466,10b
48,2835,joint_direction_asymmetry,0.010231923601637109,0.001364256480218283,1466,10b
48,2835,joint_improvement_95,0.034106412005457026,0.029331514324693043,1466,10b
48,2835,joint_quality_style_lower_95,0.0068212824010914054,0.0047748976807639835,1466,10b
48,2835,joint_quality_style_upper_95,0.0047748976807639835,0.006139154160982265,1466,10b
48,2835,kendall_alpha_beta,-0.6633946239913582,-0.6625732764039503,1466,10b
48,2835,kendall_alpha_beta_minus_gaussian,0.0005854118734317515,0.0014067594608396794,1466,10b
48,2835,kendall_quality_style,0.16863234451899478,0.17122303498177116,1466,10b
48,2835,kendall_quality_style_minus_gaussian,-0.01894682611411322,-0.01635613565133684,1466,10b
48,2835,kurtosis_alpha,-0.031031904221654028,0.0639699779894376,1466,10b
48,2835,kurtosis_beta,-0.15361050976568436,-0.03576726429655075,1466,10b
48,2835,kurtosis_quality,-0.09615780602990309,-0.011736014242334392,1466,10b
48,2835,kurtosis_style,0.07129698691378206,-0.024786561282694297,1466,10b
48,2835,lag1_squared_alpha,0.010731735728954743,0.030677889970078146,1466,10b
48,2835,lag1_squared_beta,0.022859025790457586,0.051563551707657806,1466,10b
48,2835,lag1_squared_quality,0.01313424397893362,0.03856600062057823,1466,10b
48,2835,lag1_squared_style,0.0011385091145383046,-0.015469543983369416,1466,10b
49,2895,joint_collapse_95,0.040927694406548434,0.04160982264665757,1466,10b
49,2895,joint_direction_asymmetry,0.000682128240109138,-0.002728512960436566,1466,10b
49,2895,joint_improvement_95,0.04160982264665757,0.038881309686221006,1466,10b
49,2895,joint_quality_style_lower_95,0.0,0.0,1466,10b
49,2895,joint_quality_style_upper_95,0.0,0.0,1466,10b
49,2895,kendall_alpha_beta,-0.850849983004996,-0.8470449645898617,1466,10b
49,2895,kendall_alpha_beta_minus_gaussian,-0.004908984982320952,-0.0011039665671865873,1466,10b
49,2895,kendall_quality_style,-0.2735189901708348,-0.2772215729458163,1466,10b
49,2895,kendall_quality_style_minus_gaussian,-0.019240256619005303,-0.02294283939398678,1466,10b
49,2895,kurtosis_alpha,0.19722462401483876,-0.034305743137155176,1466,10b
49,2895,kurtosis_beta,0.2002830339921613,-0.009667184175703891,1466,10b
49,2895,kurtosis_quality,0.2017920440250789,-0.011250703529507078,1466,10b
49,2895,kurtosis_style,0.06791525416528765,0.026093915400871914,1466,10b
49,2895,lag1_squared_alpha,-0.014752424521125204,-0.028313505649933218,1466,10b
49,2895,lag1_squared_beta,-0.011518484132548582,-0.023395121304756458,1466,10b
49,2895,lag1_squared_quality,-0.012822307236587492,-0.026523669410888615,1466,10b
49,2895,lag1_squared_style,-0.029056053352019006,0.05378861003923018,1466,10b
50,2956,joint_collapse_95,0.023192360163710776,0.019781718963165076,1466,10b
50,2956,joint_direction_asymmetry,0.0006821282401091415,0.0006821282401091415,1466,10b
50,2956,joint_improvement_95,0.023874488403819918,0.020463847203274217,1466,10b
50,2956,joint_quality_style_lower_95,0.0034106412005457027,0.004092769440654843,1466,10b
50,2956,joint_quality_style_upper_95,0.0006821282401091405,0.0020463847203274215,1466,10b
50,2956,kendall_alpha_beta,-0.5211487691426602,-0.5186120901992373,1466,10b
50,2956,kendall_alpha_beta_minus_gaussian,-0.014312075283631986,-0.011775396340209077,1466,10b
50,2956,kendall_quality_style,0.014807537400649107,-0.01720639384641176,1466,10b
50,2956,kendall_quality_style_minus_gaussian,0.013310859868620909,-0.018703071378439958,1466,10b
50,2956,kurtosis_alpha,-0.01733875763539805,-0.1253693458735472,1466,10b
50,2956,kurtosis_beta,0.00831505859749404,-0.0943273979629149,1466,10b
50,2956,kurtosis_quality,0.04946859254587288,-0.21134850237478853,1466,10b
50,2956,kurtosis_style,-0.043975620674820526,0.2054939992805851,1466,10b
50,2956,lag1_squared_alpha,0.0600169330070535,0.023025495825545396,1466,10b
50,2956,lag1_squared_beta,-0.012858466927743933,0.01821181649259593,1466,10b
50,2956,lag1_squared_quality,0.02026321609334751,0.023904942373985542,1466,10b
50,2956,lag1_squared_style,-0.004628396468410714,0.05193625743137601,1466,10b
51,3016,joint_collapse_95,0.03547066848567531,0.034788540245566164,1466,10b
51,3016,joint_direction_asymmetry,-0.000682128240109145,-0.005457025920873122,1466,10b
51,3016,joint_improvement_95,0.034788540245566164,0.029331514324693043,1466,10b
51,3016,joint_quality_style_lower_95,0.0,0.0,1466,10b
51,3016,joint_quality_style_upper_95,0.0,0.0,1466,10b
51,3016,kendall_alpha_beta,-0.741735539114118,-0.738507885216209,1466,10b
51,3016,kendall_alpha_beta_minus_gaussian,-0.002036576508068877,0.001191077389840145,1466,10b
51,3016,kendall_quality_style,-0.3823224022088849,-0.3971308708426262,1466,10b
51,3016,kendall_quality_style_minus_gaussian,0.017175397044424223,0.0023669284106829225,1466,10b
51,3016,kurtosis_alpha,-0.05276066596577511,-0.027958549020436596,1466,10b
51,3016,kurtosis_beta,0.13136033340892483,0.06683489234304352,1466,10b
51,3016,kurtosis_quality,0.0693574158741126,0.009997298931774257,1466,10b
51,3016,kurtosis_style,-0.06912525790294488,0.11373893000165447,1466,10b
51,3016,lag1_squared_alpha,0.0007713947510144835,0.020149496619048274,1466,10b
51,3016,lag1_squared_beta,0.009281097622196576,0.043138668661267976,1466,10b
51,3016,lag1_squared_quality,0.007146037416938679,0.03540888220503687,1466,10b
51,3016,lag1_squared_style,0.009096817055675806,0.01781534697688266,1466,10b
52,3076,joint_collapse_95,0.032060027285129605,0.03547066848567531,1466,10b
52,3076,joint_direction_asymmetry,0.00477489768076398,-0.0075034106412005495,1466,10b
52,3076,joint_improvement_95,0.036834924965893585,0.02796725784447476,1466,10b
52,3076,joint_quality_style_lower_95,0.0,0.0,1466,10b
52,3076,joint_quality_style_upper_95,0.0,0.0,1466,10b
52,3076,kendall_alpha_beta,-0.743868062895483,-0.7383570254552565,1466,10b
52,3076,kendall_alpha_beta_minus_gaussian,-0.0019344431287109387,0.0035765943115155796,1466,10b
52,3076,kendall_quality_style,-0.35487337558027465,-0.3623567647099908,1466,10b
52,3076,kendall_quality_style_minus_gaussian,0.0008102889502750732,-0.0066731001794410605,1466,10b
52,3076,kurtosis_alpha,0.3009112461039436,0.03229688977835554,1466,10b
52,3076,kurtosis_beta,0.11719859192940651,0.014337064443904257,1466,10b
52,3076,kurtosis_quality,0.1986339840740987,0.02726648467467996,1466,10b
52,3076,kurtosis_style,0.13113410212550303,0.0028457669069643643,1466,10b
52,3076,lag1_squared_alpha,0.0056869877610248075,-0.04045020380096197,1466,10b
52,3076,lag1_squared_beta,-0.024474823785406507,-0.041745000680879094,1466,10b
52,3076,lag1_squared_quality,-0.011236086317223613,-0.041700271773579385,1466,10b
52,3076,lag1_squared_style,-0.00854928542595795,-0.01869631523876956,1466,10b
53,3136,joint_collapse_95,0.032060027285129605,0.029331514324693043,1466,10b
53,3136,joint_direction_asymmetry,0.0,-0.0006821282401091415,1466,10b
53,3136,joint_improvement_95,0.032060027285129605,0.0286493860845839,1466,10b
53,3136,joint_quality_style_lower_95,0.0034106412005457027,0.0034106412005457027,1466,10b
53,3136,joint_quality_style_upper_95,0.0034106412005457027,0.0034106412005457027,1466,10b
53,3136,kendall_alpha_beta,-0.6964645735650863,-0.6729956371729626,1466,10b
53,3136,kendall_alpha_beta_minus_gaussian,-0.015350172860838951,0.008118763531284712,1466,10b
53,3136,kendall_quality_style,0.05272176152051744,0.07699528330438754,1466,10b
53,3136,kendall_quality_style_minus_gaussian,0.009020222438487178,0.03329374422235728,1466,10b
53,3136,kurtosis_alpha,0.04523361383687474,0.07092132641834059,1466,10b
53,3136,kurtosis_beta,0.13891552965884957,0.19028022958793667,1466,10b
53,3136,kurtosis_quality,0.09535086268516135,0.14031220249733867,1466,10b
53,3136,kurtosis_style,-0.07165749527685428,0.041518306957775586,1466,10b
53,3136,lag1_squared_alpha,-0.014794951691164435,-0.007810070559624256,1466,10b
53,3136,lag1_squared_beta,0.025190723130633422,-0.01640607348909631,1466,10b
53,3136,lag1_squared_quality,0.012468671893924749,-0.006160695535644619,1466,10b
53,3136,lag1_squared_style,-0.01726880777461367,-0.0667312779587169,1466,10b
54,3197,joint_collapse_95,0.034106412005457026,0.032060027285129605,1466,10b
54,3197,joint_direction_asymmetry,-0.0047748976807639835,0.002728512960436559,1466,10b
54,3197,joint_improvement_95,0.029331514324693043,0.034788540245566164,1466,10b
54,3197,joint_quality_style_lower_95,0.0,0.0,1466,10b
54,3197,joint_quality_style_upper_95,0.0,0.0,1466,10b
54,3197,kendall_alpha_beta,-0.6849657073413762,-0.6803188542108032,1466,10b
54,3197,kendall_alpha_beta_minus_gaussian,0.0024660371888286514,0.007112890319401655,1466,10b
54,3197,kendall_quality_style,-0.30228850532432516,-0.3110290591286451,1466,10b
54,3197,kendall_quality_style_minus_gaussian,-0.002111957260206687,-0.010852511064526615,1466,10b
54,3197,kurtosis_alpha,-0.07703251696855906,0.06446928278450859,1466,10b
54,3197,kurtosis_beta,0.034025686915636566,0.08492937676250323,1466,10b
54,3197,kurtosis_quality,-0.0010626298580671545,0.09342405098737938,1466,10b
54,3197,kurtosis_style,-0.02524650800910999,-0.04945456999869835,1466,10b
54,3197,lag1_squared_alpha,0.036640286595931694,-0.001355458685874494,1466,10b
54,3197,lag1_squared_beta,0.011236249489342594,0.01996174437467518,1466,10b
54,3197,lag1_squared_quality,0.017553213825821982,0.01390164377169008,1466,10b
54,3197,lag1_squared_style,-0.022850247485778935,0.013577192381702055,1466,10b
55,3257,joint_collapse_95,0.03342428376534789,0.034106412005457026,1466,10b
55,3257,joint_direction_asymmetry,0.002046384720327421,-0.000682128240109138,1466,10b
55,3257,joint_improvement_95,0.03547066848567531,0.03342428376534789,1466,10b
55,3257,joint_quality_style_lower_95,0.0020463847203274215,0.001364256480218281,1466,10b
55,3257,joint_quality_style_upper_95,0.002728512960436562,0.0,1466,10b
55,3257,kendall_alpha_beta,-0.7448570324395047,-0.7458981510366953,1466,10b
55,3257,kendall_alpha_beta_minus_gaussian,-0.0009521508539325207,-0.001993269451123103,1466,10b
55,3257,kendall_quality_style,-0.10215906392449559,-0.13245952628172586,1466,10b
55,3257,kendall_quality_style_minus_gaussian,0.004707387904000382,-0.02559307445322989,1466,10b
55,3257,kurtosis_alpha,0.24612503997527213,-0.1948689378756301,1466,10b
55,3257,kurtosis_beta,0.15455287954127428,-0.08099783673179362,1466,10b
55,3257,kurtosis_quality,0.21238587265927844,-0.15538571428759207,1466,10b
55,3257,kurtosis_style,0.03599994524657779,-0.04045534926574579,1466,10b
55,3257,lag1_squared_alpha,0.12236909738894837,-0.012391167634165905,1466,10b
55,3257,lag1_squared_beta,0.077330053778157,-0.015854480059774113,1466,10b
55,3257,lag1_squared_quality,0.10464550663244215,-0.014728615059723161,1466,10b
55,3257,lag1_squared_style,-0.025621547996870973,0.05448152719965901,1466,10b
56,3317,joint_collapse_95,0.03342428376534789,0.027285129604365622,1466,10b
56,3317,joint_direction_asymmetry,-0.0061391541609822665,0.0013642564802182795,1466,10b
56,3317,joint_improvement_95,0.027285129604365622,0.0286493860845839,1466,10b
56,3317,joint_quality_style_lower_95,0.0,0.0020463847203274215,1466,10b
56,3317,joint_quality_style_upper_95,0.001364256480218281,0.0020463847203274215,1466,10b
56,3317,kendall_alpha_beta,-0.649647761082838,-0.6267524642755704,1466,10b
56,3317,kendall_alpha_beta_minus_gaussian,-0.015900801329991276,0.0069944954772762635,1466,10b
56,3317,kendall_quality_style,-0.12102957130684588,-0.11910936867052513,1466,10b
56,3317,kendall_quality_style_minus_gaussian,0.008895174040662368,0.010815376676983124,1466,10b
56,3317,kurtosis_alpha,0.26514729851425356,0.0317087557709943,1466,10b
56,3317,kurtosis_beta,0.19858556328056043,0.025944286968265562,1466,10b
56,3317,kurtosis_quality,0.24210106301916934,0.028591584905180767,1466,10b
56,3317,kurtosis_style,-0.011568051050284911,-0.08215291378660172,1466,10b
56,3317,lag1_squared_alpha,0.03937454676093557,0.004610756304534505,1466,10b
56,3317,lag1_squared_beta,-0.02536678278873029,0.0026163125578144257,1466,10b
56,3317,lag1_squared_quality,-0.006435611308299397,-0.008219697830186555,1466,10b
56,3317,lag1_squared_style,0.024485570545301965,-0.04201645139292189,1466,10b
57,3378,joint_collapse_95,0.034106412005457026,0.03342428376534789,1466,10b
57,3378,joint_direction_asymmetry,-0.0061391541609822665,-0.0040927694406548455,1466,10b
57,3378,joint_improvement_95,0.02796725784447476,0.029331514324693043,1466,10b
57,3378,joint_quality_style_lower_95,0.0,0.0020463847203274215,1466,10b
57,3378,joint_quality_style_upper_95,0.0006821282401091405,0.001364256480218281,1466,10b
57,3378,kendall_alpha_beta,-0.6748730030870378,-0.6696692725672699,1466,10b
57,3378,kendall_alpha_beta_minus_gaussian,0.0015617995953219888,0.006765530115089846,1466,10b
57,3378,kendall_quality_style,-0.11401924858801782,-0.10715978563014206,1466,10b
57,3378,kendall_quality_style_minus_gaussian,0.010576359318740555,0.017435822276616317,1466,10b
57,3378,kurtosis_alpha,0.01061751896972618,0.10236876814769902,1466,10b
57,3378,kurtosis_beta,0.3689319736001955,-0.04322878759951809,1466,10b
57,3378,kurtosis_quality,0.25450282071322317,0.04292746992313079,1466,10b
57,3378,kurtosis_style,-0.06079815834700453,-0.03483782425352855,1466,10b
57,3378,lag1_squared_alpha,0.019558154550614576,0.009590569558951972,1466,10b
57,3378,lag1_squared_beta,0.008359594419249565,-0.018028151233860198,1466,10b
57,3378,lag1_squared_quality,0.015909596473692764,-0.007741424303096258,1466,10b
57,3378,lag1_squared_style,0.013262262764749958,-0.029140910589239417,1466,10b
58,3438,joint_collapse_95,0.029331514324693043,0.023874488403819918,1466,10b
58,3438,joint_direction_asymmetry,-0.0027285129604365625,0.0061391541609822665,1466,10b
58,3438,joint_improvement_95,0.02660300136425648,0.030013642564802184,1466,10b
58,3438,joint_quality_style_lower_95,0.0006821282401091405,0.001364256480218281,1466,10b
58,3438,joint_quality_style_upper_95,0.001364256480218281,0.0020463847203274215,1466,10b
58,3438,kendall_alpha_beta,-0.6410655169042088,-0.6216046077413406,1466,10b
58,3438,kendall_alpha_beta_minus_gaussian,-0.01919081636807829,0.0002700927947898446,1466,10b
58,3438,kendall_quality_style,-0.13299964147525944,-0.12194031727111465,1466,10b
58,3438,kendall_quality_style_minus_gaussian,0.002771406203830429,0.013830730407975222,1466,10b
58,3438,kurtosis_alpha,-0.22289715318121717,-0.06460857876632176,1466,10b
58,3438,kurtosis_beta,0.004915766256743392,-0.014126414221912409,1466,10b
58,3438,kurtosis_quality,-0.11257592001002559,-0.07735868430642956,1466,10b
58,3438,kurtosis_style,-0.03652976172921596,0.290734495002535,1466,10b
58,3438,lag1_squared_alpha,-0.009350513087844093,0.023074056663717393,1466,10b
58,3438,lag1_squared_beta,-0.014847899513709725,0.004492357661836178,1466,10b
58,3438,lag1_squared_quality,-0.013642678593520328,0.017255248229799226,1466,10b
58,3438,lag1_squared_style,0.014687640332605143,-0.00021517282181744257,1466,10b
59,3498,joint_collapse_95,0.02796725784447476,0.03342428376534789,1466,10b
59,3498,joint_direction_asymmetry,0.0020463847203274245,-0.001364256480218283,1466,10b
59,3498,joint_improvement_95,0.030013642564802184,0.032060027285129605,1466,10b
59,3498,joint_quality_style_lower_95,0.0,0.0006821282401091405,1466,10b
59,3498,joint_quality_style_upper_95,0.0,0.0,1466,10b
59,3498,kendall_alpha_beta,-0.7293575888512773,-0.7122452495471878,1466,10b
59,3498,kendall_alpha_beta_minus_gaussian,-0.016705407816101525,0.0004069314879879826,1466,10b
59,3498,kendall_quality_style,-0.25715163734058444,-0.2526575064371488,1466,10b
59,3498,kendall_quality_style_minus_gaussian,-0.00626619272906731,-0.0017720618256316656,1466,10b
59,3498,kurtosis_alpha,-0.1443636120610825,-0.006482978813442841,1466,10b
59,3498,kurtosis_beta,-0.14937628739105557,0.12898366866661615,1466,10b
59,3498,kurtosis_quality,-0.17778518924537412,0.08389962311466759,1466,10b
59,3498,kurtosis_style,0.10334529088238087,-0.03535156145495222,1466,10b
59,3498,lag1_squared_alpha,0.03795257980156167,0.008151267991932882,1466,10b
59,3498,lag1_squared_beta,0.062429985753347295,0.012363882756595841,1466,10b
59,3498,lag1_squared_quality,0.06114591101663217,0.010152518560448067,1466,10b
59,3498,lag1_squared_style,-0.01720236161678351,0.04005855331730117,1466,10b
60,3558,joint_collapse_95,0.030013642564802184,0.02796725784447476,1466,10b
60,3558,joint_direction_asymmetry,-0.0040927694406548455,0.0,1466,10b
60,3558,joint_improvement_95,0.02592087312414734,0.02796725784447476,1466,10b
60,3558,joint_quality_style_lower_95,0.0,0.0006821282401091405,1466,10b
60,3558,joint_quality_style_upper_95,0.001364256480218281,0.0006821282401091405,1466,10b
60,3558,kendall_alpha_beta,-0.6595821557114854,-0.6836601185459728,1466,10b
60,3558,kendall_alpha_beta_minus_gaussian,0.014912910468135476,-0.0091650523663519,1466,10b
60,3558,kendall_quality_style,-0.1432934920775344,-0.18943609180095833,1466,10b
60,3558,kendall_quality_style_minus_gaussian,0.03051824341169851,-0.01562435631172543,1466,10b
60,3558,kurtosis_alpha,-0.04830714588784479,-0.13604619879943636,1466,10b
60,3558,kurtosis_beta,-0.0009154811753786518,-0.12160838189595502,1466,10b
60,3558,kurtosis_quality,-0.020816117176804205,-0.1415135449627436,1466,10b
60,3558,kurtosis_style,-0.2272892239451334,-0.07740828807097211,1466,10b
60,3558,lag1_squared_alpha,0.008170530691684004,0.010577183453365903,1466,10b
60,3558,lag1_squared_beta,-0.002897243844013146,0.020497547685620978,1466,10b
60,3558,lag1_squared_quality,-0.006911563159508375,0.018643083215493267,1466,10b
60,3558,lag1_squared_style,0.01244773491687704,0.013684314365592443,1466,10b
61,3619,joint_collapse_95,0.02796725784447476,0.030013642564802184,1466,10b
61,3619,joint_direction_asymmetry,0.001364256480218283,-0.0027285129604365625,1466,10b
61,3619,joint_improvement_95,0.029331514324693043,0.027285129604365622,1466,10b
61,3619,joint_quality_style_lower_95,0.007503410641200546,0.006139154160982265,1466,10b
61,3619,joint_quality_style_upper_95,0.0068212824010914054,0.0047748976807639835,1466,10b
61,3619,kendall_alpha_beta,-0.6440529126643044,-0.6546075085324232,1466,10b
61,3619,kendall_alpha_beta_minus_gaussian,0.006039623507075098,-0.004514972361043701,1466,10b
61,3619,kendall_quality_style,0.19799412391918758,0.2342507531347634,1466,10b
61,3619,kendall_quality_style_minus_gaussian,-0.011968012660747873,0.024288616554827946,1466,10b
61,3619,kurtosis_alpha,-0.04955183775792227,0.1222337754414915,1466,10b
61,3619,kurtosis_beta,0.17020145256785657,0.013702285572469108,1466,10b
61,3619,kurtosis_quality,0.05610926926264259,0.1390300235572841,1466,10b
61,3619,kurtosis_style,-0.009448500062019694,0.04772931740715647,1466,10b
61,3619,lag1_squared_alpha,-0.005747220484525887,-0.039227021583415525,1466,10b
61,3619,lag1_squared_beta,-0.0004784079671939495,-0.03060158424486385,1466,10b
61,3619,lag1_squared_quality,0.004404334738243554,-0.03800123196210325,1466,10b
61,3619,lag1_squared_style,0.019273233933148573,-0.00501936764437156,1466,10b
62,3679,joint_collapse_95,0.030013642564802184,0.03342428376534789,1466,10b
62,3679,joint_direction_asymmetry,0.004092769440654842,-0.0054570259208731285,1466,10b
62,3679,joint_improvement_95,0.034106412005457026,0.02796725784447476,1466,10b
62,3679,joint_quality_style_lower_95,0.0006821282401091405,0.0,1466,10b
62,3679,joint_quality_style_upper_95,0.0006821282401091405,0.0006821282401091405,1466,10b
62,3679,kendall_alpha_beta,-0.706953983116744,-0.7166332198781016,1466,10b
62,3679,kendall_alpha_beta_minus_gaussian,0.003909874787033085,-0.005769361974324538,1466,10b
62,3679,kendall_quality_style,-0.14832215077595,-0.14843017381465673,1466,10b
62,3679,kendall_quality_style_minus_gaussian,-0.0005294769144258693,-0.0006374999531325864,1466,10b
62,3679,kurtosis_alpha,-0.0968054166826966,-0.14797367761429525,1466,10b
62,3679,kurtosis_beta,0.03213979621821439,0.01699086843526665,1466,10b
62,3679,kurtosis_quality,-0.033116559841604776,-0.07110289355621191,1466,10b
62,3679,kurtosis_style,-0.13735734387460052,0.09727841793539671,1466,10b
62,3679,lag1_squared_alpha,-0.014509386738394687,0.014264995397906556,1466,10b
62,3679,lag1_squared_beta,-0.013716770116662079,0.027997536719403797,1466,10b
62,3679,lag1_squared_quality,-0.018426203243799018,0.027906461925954914,1466,10b
62,3679,lag1_squared_style,-0.02532276008765113,-0.005459518239984245,1466,10b
63,3739,joint_collapse_95,0.03547066848567531,0.03137789904502047,1466,10b
63,3739,joint_direction_asymmetry,0.002046384720327421,0.001364256480218276,1466,10b
63,3739,joint_improvement_95,0.03751705320600273,0.03274215552523874,1466,10b
63,3739,joint_quality_style_lower_95,0.0,0.0006821282401091405,1466,10b
63,3739,joint_quality_style_upper_95,0.002728512960436562,0.0,1466,10b
63,3739,kendall_alpha_beta,-0.765183988378211,-0.747466347564127,1466,10b
63,3739,kendall_alpha_beta_minus_gaussian,-0.013513517676984499,0.0042041231370995025,1466,10b
63,3739,kendall_quality_style,-0.23427496519516322,-0.194269191549991,1466,10b
63,3739,kendall_quality_style_minus_gaussian,-0.01391959319940586,0.026086180445766355,1466,10b
63,3739,kurtosis_alpha,0.3386874001399276,-0.07351652712135115,1466,10b
63,3739,kurtosis_beta,0.10997229078120085,0.057475252593228277,1466,10b
63,3739,kurtosis_quality,0.21202998085046865,-0.015700089178963594,1466,10b
63,3739,kurtosis_style,0.009695738638834772,0.042868549216156904,1466,10b
63,3739,lag1_squared_alpha,0.0038088606197106516,0.0108576888206323,1466,10b
63,3739,lag1_squared_beta,0.011109309806024273,-0.01920358446187989,1466,10b
63,3739,lag1_squared_quality,0.012037256046285829,-0.002345082355889518,1466,10b
63,3739,lag1_squared_style,-0.007913832872313032,-0.0002976735122732266,1466,10b
64,3800,joint_collapse_95,0.034788540245566164,0.032060027285129605,1466,10b
64,3800,joint_direction_asymmetry,-0.000682128240109138,0.002728512960436559,1466,10b
64,3800,joint_improvement_95,0.034106412005457026,0.034788540245566164,1466,10b
64,3800,joint_quality_style_lower_95,0.0020463847203274215,0.002728512960436562,1466,10b
64,3800,joint_quality_style_upper_95,0.002728512960436562,0.0034106412005457027,1466,10b
64,3800,kendall_alpha_beta,-0.7192388100703546,-0.7117312088802388,1466,10b
64,3800,kendall_alpha_beta_minus_gaussian,-0.01428177169933409,-0.006774170509218247,1466,10b
64,3800,kendall_quality_style,0.02807760896591216,0.03755756184551773,1466,10b
64,3800,kendall_quality_style_minus_gaussian,0.018194128628569506,0.027674081508175075,1466,10b
64,3800,kurtosis_alpha,0.0425342424851034,0.033236397008765906,1466,10b
64,3800,kurtosis_beta,0.10880554500601658,0.0953906482655853,1466,10b
64,3800,kurtosis_quality,0.10033656567218596,0.07848250726871253,1466,10b
64,3800,kurtosis_style,-0.17667797190352896,-0.26500392615899493,1466,10b
64,3800,lag1_squared_alpha,-0.0006214010145584772,-0.031514620620989316,1466,10b
64,3800,lag1_squared_beta,0.05266214177133131,-0.002919212398828607,1466,10b
64,3800,lag1_squared_quality,0.02542924239635148,-0.017231828279516304,1466,10b
64,3800,lag1_squared_style,0.01023070751592741,-0.006703198269391323,1466,10b
65,3860,joint_collapse_95,0.02660300136425648,0.022510231923601638,1466,10b
65,3860,joint_direction_asymmetry,0.0013642564802182795,0.0034106412005457006,1466,10b
65,3860,joint_improvement_95,0.02796725784447476,0.02592087312414734,1466,10b
65,3860,joint_quality_style_lower_95,0.001364256480218281,0.0047748976807639835,1466,10b
65,3860,joint_quality_style_upper_95,0.0020463847203274215,0.0006821282401091405,1466,10b
65,3860,kendall_alpha_beta,-0.6279965916868822,-0.6305835572172893,1466,10b
65,3860,kendall_alpha_beta_minus_gaussian,-0.00011597354030934426,-0.0027029390707165035,1466,10b
65,3860,kendall_quality_style,-0.05814526305006784,-0.021287057256866637,1466,10b
65,3860,kendall_quality_style_minus_gaussian,-0.013394618137848195,0.02346358765535301,1466,10b
65,3860,kurtosis_alpha,0.01404979286964858,-0.010680681490970567,1466,10b
65,3860,kurtosis_beta,0.01185956871543592,0.011635290023079836,1466,10b
65,3860,kurtosis_quality,0.016261548224551614,-0.028255873092109862,1466,10b
65,3860,kurtosis_style,0.07870859606057845,-0.1602834001711524,1466,10b
65,3860,lag1_squared_alpha,0.0003251947671826586,-0.013709718791698822,1466,10b
65,3860,lag1_squared_beta,0.01791527397909541,-0.01678012262384365,1466,10b
65,3860,lag1_squared_quality,0.008257159251839659,-0.028424579523922154,1466,10b
65,3860,lag1_squared_style,-0.0410477362937745,-0.028604488043807132,1466,10b
66,3920,joint_collapse_95,0.027285129604365622,0.02455661664392906,1466,10b
66,3920,joint_direction_asymmetry,-0.005457025920873125,0.0006821282401091415,1466,10b
66,3920,joint_improvement_95,0.021828103683492497,0.0252387448840382,1466,10b
66,3920,joint_quality_style_lower_95,0.0020463847203274215,0.0020463847203274215,1466,10b
66,3920,joint_quality_style_upper_95,0.0020463847203274215,0.004092769440654843,1466,10b
66,3920,kendall_alpha_beta,-0.5519837592948702,-0.5512313229562926,1466,10b
66,3920,kendall_alpha_beta_minus_gaussian,0.0035074058468711478,0.004259842185448726,1466,10b
66,3920,kendall_quality_style,-0.03342847431426321,0.0016231392798774502,1466,10b
66,3920,kendall_quality_style_minus_gaussian,-0.031003348694016136,0.0040482649001245255,1466,10b
66,3920,kurtosis_alpha,0.17604003452650163,0.1600446159615232,1466,10b
66,3920,kurtosis_beta,0.013128950729712763,0.01771469907989598,1466,10b
66,3920,kurtosis_quality,0.1190436534868291,0.11226911489133329,1466,10b
66,3920,kurtosis_style,-0.30270834151317905,0.006203158829305888,1466,10b
66,3920,lag1_squared_alpha,-0.0237022716856879,0.004326659556758909,1466,10b
66,3920,lag1_squared_beta,-0.02246159010253608,0.007734045254563178,1466,10b
66,3920,lag1_squared_quality,-0.03731022733117635,-0.009918161053784225,1466,10b
66,3920,lag1_squared_style,0.014178807179752862,0.012003123912607189,1466,10b
67,3981,joint_collapse_95,0.03274215552523874,0.030695770804911322,1466,10b
67,3981,joint_direction_asymmetry,0.000682128240109145,-0.002046384720327421,1466,10b
67,3981,joint_improvement_95,0.03342428376534789,0.0286493860845839,1466,10b
67,3981,joint_quality_style_lower_95,0.001364256480218281,0.0020463847203274215,1466,10b
67,3981,joint_quality_style_upper_95,0.002728512960436562,0.0020463847203274215,1466,10b
67,3981,kendall_alpha_beta,-0.6984667247135294,-0.6870516694681261,1466,10b
67,3981,kendall_alpha_beta_minus_gaussian,-0.009667592212384557,0.001747463033018759,1466,10b
67,3981,kendall_quality_style,0.05333078796288104,0.025265285027168738,1466,10b
67,3981,kendall_quality_style_minus_gaussian,0.012391736587861642,-0.015673766347850664,1466,10b
67,3981,kurtosis_alpha,-0.14844879726861437,0.12175770973076894,1466,10b
67,3981,kurtosis_beta,-0.04009898568482306,0.20782472550405462,1466,10b
67,3981,kurtosis_quality,-0.0766902369713316,0.19408540001402308,1466,10b
67,3981,kurtosis_style,0.013675720936139779,-0.10972415745291375,1466,10b
67,3981,lag1_squared_alpha,0.04441180062359587,0.058201236845522496,1466,10b
67,3981,lag1_squared_beta,0.046953770700351415,0.07406491276442105,1466,10b
67,3981,lag1_squared_quality,0.048177329891268966,0.07349743267374961,1466,10b
67,3981,lag1_squared_style,0.009376837913379628,0.041153466368334966,1466,10b
68,4041,joint_collapse_95,0.0286493860845839,0.030013642564802184,1466,10b
68,4041,joint_direction_asymmetry,0.0006821282401091415,-0.0006821282401091415,1466,10b
68,4041,joint_improvement_95,0.029331514324693043,0.029331514324693043,1466,10b
68,4041,joint_quality_style_lower_95,0.0,0.0,1466,10b
68,4041,joint_quality_style_upper_95,0.0,0.0,1466,10b
68,4041,kendall_alpha_beta,-0.6769738649432646,-0.6799631231695449,1466,10b
68,4041,kendall_alpha_beta_minus_gaussian,-0.0032683556495632926,-0.0062576138758435595,1466,10b
68,4041,kendall_quality_style,-0.3329931228436134,-0.3331421201383813,1466,10b
68,4041,kendall_quality_style_minus_gaussian,-0.007179943900555208,-0.007328941195323124,1466,10b
68,4041,kurtosis_alpha,-0.035992532870332106,-0.030071385901763392,1466,10b
68,4041,kurtosis_beta,-0.1273124814877593,0.0033997605288895727,1466,10b
68,4041,kurtosis_quality,-0.10056223226904892,-0.004187154149775996,1466,10b
68,4041,kurtosis_style,-0.0576925743083061,0.1173600415611995,1466,10b
68,4041,lag1_squared_alpha,0.021954543824807226,-0.005995357583398724,1466,10b
68,4041,lag1_squared_beta,0.010641818300389698,0.010780774744421347,1466,10b
68,4041,lag1_squared_quality,0.009055775957470485,0.0016668081184699145,1466,10b
68,4041,lag1_squared_style,0.06282847606873422,0.03869737122965945,1466,10b
69,4101,joint_collapse_95,0.027285129604365622,0.02455661664392906,1466,10b
69,4101,joint_direction_asymmetry,-0.002046384720327421,-0.003410641200545704,1466,10b
69,4101,joint_improvement_95,0.0252387448840382,0.021145975443383355,1466,10b
69,4101,joint_quality_style_lower_95,0.0,0.0,1466,10b
69,4101,joint_quality_style_upper_95,0.0006821282401091405,0.0006821282401091405,1466,10b
69,4101,kendall_alpha_beta,-0.5794346483896651,-0.548720718539454,1466,10b
69,4101,kendall_alpha_beta_minus_gaussian,-0.006712252912126182,0.02400167693808486,1466,10b
69,4101,kendall_quality_style,-0.2204051795184594,-0.22242968026111787,1466,10b
69,4101,kendall_quality_style_minus_gaussian,-0.0006626780446030434,-0.0026871787872615183,1466,10b
69,4101,kurtosis_alpha,0.34777006731259386,-0.083404017467688,1466,10b
69,4101,kurtosis_beta,0.15461454040324663,0.046414732123489344,1466,10b
69,4101,kurtosis_quality,0.3086126824020612,0.025373341605952948,1466,10b
69,4101,kurtosis_style,0.01395824038203708,-0.025673948757529708,1466,10b
69,4101,lag1_squared_alpha,0.030950247245055303,0.022171841190546028,1466,10b
69,4101,lag1_squared_beta,-0.004821894432899407,0.013661603741262783,1466,10b
69,4101,lag1_squared_quality,0.0125036283223698,0.014327927163722087,1466,10b
69,4101,lag1_squared_style,0.07891141360258921,0.0018246137996937256,1466,10b
70,4161,joint_collapse_95,0.023192360163710776,0.020463847203274217,1466,10b
70,4161,joint_direction_asymmetry,0.0006821282401091415,0.005457025920873122,1466,10b
70,4161,joint_improvement_95,0.023874488403819918,0.02592087312414734,1466,10b
70,4161,joint_quality_style_lower_95,0.005457025920873124,0.002728512960436562,1466,10b
70,4161,joint_quality_style_upper_95,0.002728512960436562,0.0047748976807639835,1466,10b
70,4161,kendall_alpha_beta,-0.5395368977831996,-0.569155697516867,1466,10b
70,4161,kendall_alpha_beta_minus_gaussian,0.01184117177602284,-0.017777627957644593,1466,10b
70,4161,kendall_quality_style,0.08775847538518133,0.07471003729588532,1466,10b
70,4161,kendall_quality_style_minus_gaussian,0.018312135130224394,0.005263697040928383,1466,10b
70,4161,kurtosis_alpha,0.08279270172599196,0.0328829112500828,1466,10b
70,4161,kurtosis_beta,0.2629671320018838,-0.10053231322061773,1466,10b
70,4161,kurtosis_quality,0.25783161277959854,-0.009936250861161344,1466,10b
70,4161,kurtosis_style,-0.08956285704912847,-0.09093060608578662,1466,10b
70,4161,lag1_squared_alpha,0.036365114075633184,0.027498087557889513,1466,10b
70,4161,lag1_squared_beta,-0.0132851760852111,0.03985897911436385,1466,10b
70,4161,lag1_squared_quality,0.022122769794137846,0.04326800783459918,1466,10b
70,4161,lag1_squared_style,-0.012606820820021734,0.010808044781163158,1466,10b
71,4222,joint_collapse_95,0.030013642564802184,0.03274215552523874,1466,10b
71,4222,joint_direction_asymmetry,0.002046384720327421,0.000682128240109145,1466,10b
71,4222,joint_improvement_95,0.032060027285129605,0.03342428376534789,1466,10b
71,4222,joint_quality_style_lower_95,0.004092769440654843,0.0068212824010914054,1466,10b
71,4222,joint_quality_style_upper_95,0.005457025920873124,0.0068212824010914054,1466,10b
71,4222,kendall_alpha_beta,-0.6717850341529736,-0.6704496458986167,1466,10b
71,4222,kendall_alpha_beta_minus_gaussian,0.010273960169729479,0.011609348424086452,1466,10b
71,4222,kendall_quality_style,0.12280822651313739,0.15991972770744378,1466,10b
71,4222,kendall_quality_style_minus_gaussian,-0.01852906505759569,0.018582436136710706,1466,10b
71,4222,kurtosis_alpha,0.1044315120799566,0.07997258564856358,1466,10b
71,4222,kurtosis_beta,-0.04896654256712463,0.032372431041581606,1466,10b
71,4222,kurtosis_quality,0.04604708528041801,0.05733870411655584,1466,10b
71,4222,kurtosis_style,-0.09283758588307256,-0.2563197192684128,1466,10b
71,4222,lag1_squared_alpha,0.029198832263172086,0.009263254380107324,1466,10b
71,4222,lag1_squared_beta,0.010472224273443347,0.035321229579600634,1466,10b
71,4222,lag1_squared_quality,0.02226892196570765,0.02479929316969853,1466,10b
71,4222,lag1_squared_style,-0.017947814646008663,-0.01586821703794287,1466,10b
72,4282,joint_collapse_95,0.032060027285129605,0.0286493860845839,1466,10b
72,4282,joint_direction_asymmetry,-0.0047748976807639835,0.0006821282401091415,1466,10b
72,4282,joint_improvement_95,0.027285129604365622,0.029331514324693043,1466,10b
72,4282,joint_quality_style_lower_95,0.0006821282401091405,0.0,1466,10b
72,4282,joint_quality_style_upper_95,0.0,0.0,1466,10b
72,4282,kendall_alpha_beta,-0.7179667456662739,-0.7067472493702536,1466,10b
72,4282,kendall_alpha_beta_minus_gaussian,-0.012723968122816398,-0.0015044718267960278,1466,10b
72,4282,kendall_quality_style,-0.31444854704356784,-0.3136439616518212,1466,10b
72,4282,kendall_quality_style_minus_gaussian,0.0022533884915301727,0.003057973883276832,1466,10b
72,4282,kurtosis_alpha,0.07199451090828646,-0.1197693053055624,1466,10b
72,4282,kurtosis_beta,0.11326864623883903,-0.18402424626071534,1466,10b
72,4282,kurtosis_quality,0.08515533905289896,-0.17655775876368685,1466,10b
72,4282,kurtosis_style,-0.005474338695661718,-0.07286465220158167,1466,10b
72,4282,lag1_squared_alpha,0.057369913760772495,0.025127013797331177,1466,10b
72,4282,lag1_squared_beta,0.016004977354191655,0.06872300801601193,1466,10b
72,4282,lag1_squared_quality,0.03384310096077347,0.05950110327755859,1466,10b
72,4282,lag1_squared_style,-0.03390932006913985,-0.0332024254363185,1466,10b
73,4342,joint_collapse_95,0.03751705320600273,0.034788540245566164,1466,10b
73,4342,joint_direction_asymmetry,-0.006139154160982263,-0.000682128240109138,1466,10b
73,4342,joint_improvement_95,0.03137789904502047,0.034106412005457026,1466,10b
73,4342,joint_quality_style_lower_95,0.0034106412005457027,0.0,1466,10b
73,4342,joint_quality_style_upper_95,0.001364256480218281,0.001364256480218281,1466,10b
73,4342,kendall_alpha_beta,-0.763297310133213,-0.7690951673658675,1466,10b
73,4342,kendall_alpha_beta_minus_gaussian,-0.0018873151304550362,-0.007685172363109505,1466,10b
73,4342,kendall_quality_style,-0.07495960776462152,-0.041690374309141465,1466,10b
73,4342,kendall_quality_style_minus_gaussian,-0.019685290672076035,0.013583942783404017,1466,10b
73,4342,kurtosis_alpha,-0.012374348244491351,-0.11560871456899102,1466,10b
73,4342,kurtosis_beta,0.04280784346612698,-0.16145189931017212,1466,10b
73,4342,kurtosis_quality,0.019995616155787488,-0.1412541560784213,1466,10b
73,4342,kurtosis_style,-0.18454788187363658,0.1363013770871242,1466,10b
73,4342,lag1_squared_alpha,0.03437338535939872,0.0025940013664651324,1466,10b
73,4342,lag1_squared_beta,0.012935586477859957,-0.01657501130480953,1466,10b
73,4342,lag1_squared_quality,0.02547136668007446,-0.0016845614717350473,1466,10b
73,4342,lag1_squared_style,-0.003683189179778103,-0.0063506164040458375,1466,10b
74,4403,joint_collapse_95,0.023874488403819918,0.0252387448840382,1466,10b
74,4403,joint_direction_asymmetry,0.003410641200545704,0.0,1466,10b
74,4403,joint_improvement_95,0.027285129604365622,0.0252387448840382,1466,10b
74,4403,joint_quality_style_lower_95,0.002728512960436562,0.0047748976807639835,1466,10b
74,4403,joint_quality_style_upper_95,0.0006821282401091405,0.0034106412005457027,1466,10b
74,4403,kendall_alpha_beta,-0.5708356420153746,-0.581647258216968,1466,10b
74,4403,kendall_alpha_beta_minus_gaussian,-0.0024057694289134623,-0.013217385630506895,1466,10b
74,4403,kendall_quality_style,-0.021123160232622062,0.018487770581415375,1466,10b
74,4403,kendall_quality_style_minus_gaussian,-0.02021155709851493,0.019399373715522507,1466,10b
74,4403,kurtosis_alpha,0.1451121608195236,0.03503100454475794,1466,10b
74,4403,kurtosis_beta,0.08683194477923184,-0.10648400196060681,1466,10b
74,4403,kurtosis_quality,0.1699117515225983,-0.03726537232154037,1466,10b
74,4403,kurtosis_style,-0.010138994078102925,0.020723149644018335,1466,10b
74,4403,lag1_squared_alpha,0.045689218292536235,0.07606903069093629,1466,10b
74,4403,lag1_squared_beta,0.0032317023925266686,0.04362546351784288,1466,10b
74,4403,lag1_squared_quality,0.0227274815953073,0.06647922528602479,1466,10b
74,4403,lag1_squared_style,-0.0284369507517229,-0.02118419425300247,1466,10b
75,4463,joint_collapse_95,0.02796725784447476,0.027285129604365622,1466,10b
75,4463,joint_direction_asymmetry,-0.000682128240109138,0.0034106412005457006,1466,10b
75,4463,joint_improvement_95,0.027285129604365622,0.030695770804911322,1466,10b
75,4463,joint_quality_style_lower_95,0.0006821282401091405,0.001364256480218281,1466,10b
75,4463,joint_quality_style_upper_95,0.0,0.0006821282401091405,1466,10b
75,4463,kendall_alpha_beta,-0.6456099343946287,-0.6448723977855277,1466,10b
75,4463,kendall_alpha_beta_minus_gaussian,-0.0023497496521467376,-0.0016122130430458181,1466,10b
75,4463,kendall_quality_style,-0.08680675516485148,-0.09179816453957512,1466,10b
75,4463,kendall_quality_style_minus_gaussian,0.013065153862083276,0.008073744487359633,1466,10b
75,4463,kurtosis_alpha,-0.05846084132518614,-0.14049441460419576,1466,10b
75,4463,kurtosis_beta,0.13572336116993444,-0.012187875358793399,1466,10b
75,4463,kurtosis_quality,0.0692289491163387,-0.05043784865696477,1466,10b
75,4463,kurtosis_style,-0.08755273993634516,-0.0439674907676717,1466,10b
75,4463,lag1_squared_alpha,0.06107752868921369,0.005971869362917873,1466,10b
75,4463,lag1_squared_beta,-0.01999238955177692,-0.021685762686301457,1466,10b
75,4463,lag1_squared_quality,0.020301994879186876,-0.009222751377785584,1466,10b
75,4463,lag1_squared_style,-0.018102122592960308,-0.016054524337859036,1466,10b
76,4523,joint_collapse_95,0.03274215552523874,0.02796725784447476,1466,10b
76,4523,joint_direction_asymmetry,-0.0034106412005457006,0.008867667121418826,1466,10b
76,4523,joint_improvement_95,0.029331514324693043,0.036834924965893585,1466,10b
76,4523,joint_quality_style_lower_95,0.0020463847203274215,0.0,1466,10b
76,4523,joint_quality_style_upper_95,0.0,0.0006821282401091405,1466,10b
76,4523,kendall_alpha_beta,-0.7276646070894774,-0.7267072994705941,1466,10b
76,4523,kendall_alpha_beta_minus_gaussian,-0.0031380483789216207,-0.002180740760038269,1466,10b
76,4523,kendall_quality_style,-0.1905852334368554,-0.21338181953633906,1466,10b
76,4523,kendall_quality_style_minus_gaussian,0.033410393239272,0.01061380713978835,1466,10b
76,4523,kurtosis_alpha,0.09352718565209805,-0.08585074657821545,1466,10b
76,4523,kurtosis_beta,0.0012666292004905877,-0.14857481457794863,1466,10b
76,4523,kurtosis_quality,0.019230299256100647,-0.11761555095981846,1466,10b
76,4523,kurtosis_style,0.041968374441558876,0.053362092803480365,1466,10b
76,4523,lag1_squared_alpha,0.028523649510107885,-0.009864639196675946,1466,10b
76,4523,lag1_squared_beta,0.023729739340876858,-0.01115842899804773,1466,10b
76,4523,lag1_squared_quality,0.02123166304164467,-0.01631227812752213,1466,10b
76,4523,lag1_squared_style,0.05402571957231415,-0.022316647955885515,1466,10b
77,4584,joint_collapse_95,0.030695770804911322,0.03547066848567531,1466,10b
77,4584,joint_direction_asymmetry,0.002728512960436566,-0.002046384720327421,1466,10b
77,4584,joint_improvement_95,0.03342428376534789,0.03342428376534789,1466,10b
77,4584,joint_quality_style_lower_95,0.0,0.0,1466,10b
77,4584,joint_quality_style_upper_95,0.0,0.0,1466,10b
77,4584,kendall_alpha_beta,-0.7556090497231909,-0.7566129189966895,1466,10b
77,4584,kendall_alpha_beta_minus_gaussian,0.0033888040115593876,0.0023849347380607844,1466,10b
77,4584,kendall_quality_style,-0.4403158742649078,-0.46317019681611415,1466,10b
77,4584,kendall_quality_style_minus_gaussian,0.021069298737688535,-0.0017850238135178054,1466,10b
77,4584,kurtosis_alpha,-0.1505151820265298,0.06961004884185229,1466,10b
77,4584,kurtosis_beta,-0.1254195068951125,0.023542310405766376,1466,10b
77,4584,kurtosis_quality,-0.14148387745387003,0.03167564806291301,1466,10b
77,4584,kurtosis_style,0.14494540095907293,0.08977734077268673,1466,10b
77,4584,lag1_squared_alpha,0.027182003779124494,-0.032058252119142934,1466,10b
77,4584,lag1_squared_beta,0.07386612290098558,-0.02166255726826178,1466,10b
77,4584,lag1_squared_quality,0.05645375957663927,-0.024401532843744106,1466,10b
77,4584,lag1_squared_style,0.026514383266662542,-0.02237994236747431,1466,10b
78,4644,joint_collapse_95,0.02455661664392906,0.018417462482946793,1466,10b
78,4644,joint_direction_asymmetry,-0.0027285129604365625,0.0006821282401091415,1466,10b
78,4644,joint_improvement_95,0.021828103683492497,0.019099590723055934,1466,10b
78,4644,joint_quality_style_lower_95,0.0,0.0,1466,10b
78,4644,joint_quality_style_upper_95,0.001364256480218281,0.0,1466,10b
78,4644,kendall_alpha_beta,-0.5247638160069656,-0.5496538140979377,1466,10b
78,4644,kendall_alpha_beta_minus_gaussian,0.012958753910884524,-0.011931244180087508,1466,10b
78,4644,kendall_quality_style,-0.21842537796423134,-0.24383127918833725,1466,10b
78,4644,kendall_quality_style_minus_gaussian,0.005397561695344083,-0.020008339528761826,1466,10b
78,4644,kurtosis_alpha,0.15939672735438037,-0.2541948439667454,1466,10b
78,4644,kurtosis_beta,0.01413299346478114,-0.28409652750820724,1466,10b
78,4644,kurtosis_quality,0.09468795817663445,-0.33452252446987973,1466,10b
78,4644,kurtosis_style,-0.06847215225030334,-0.062144189177855136,1466,10b
78,4644,lag1_squared_alpha,-0.03856267572802658,-0.021844908708287973,1466,10b
78,4644,lag1_squared_beta,0.008600887312497049,-6.0860545875751024e-5,1466,10b
78,4644,lag1_squared_quality,-0.012528618889784885,-0.01664483776478556,1466,10b
78,4644,lag1_squared_style,0.00020206264062751157,-0.020518306829653974,1466,10b
79,4704,joint_collapse_95,0.03274215552523874,0.030013642564802184,1466,10b
79,4704,joint_direction_asymmetry,-0.0034106412005457006,0.004092769440654842,1466,10b
79,4704,joint_improvement_95,0.029331514324693043,0.034106412005457026,1466,10b
79,4704,joint_quality_style_lower_95,0.0020463847203274215,0.001364256480218281,1466,10b
79,4704,joint_quality_style_upper_95,0.0034106412005457027,0.001364256480218281,1466,10b
79,4704,kendall_alpha_beta,-0.694823740856455,-0.7050263306156848,1466,10b
79,4704,kendall_alpha_beta_minus_gaussian,0.0022111277046044098,-0.007991462054625309,1466,10b
79,4704,kendall_quality_style,0.013138767699248932,-0.028584199768122875,1466,10b
79,4704,kendall_quality_style_minus_gaussian,0.013715588980647944,-0.028007378486723862,1466,10b
79,4704,kurtosis_alpha,0.08055340078889861,-0.23390691604065417,1466,10b
79,4704,kurtosis_beta,0.0741010495339367,-0.16558895568202914,1466,10b
79,4704,kurtosis_quality,0.08779036662856354,-0.18625472807450594,1466,10b
79,4704,kurtosis_style,0.13429814473597768,-0.21178133094251494,1466,10b
79,4704,lag1_squared_alpha,0.023957199139263197,-0.03850758185418522,1466,10b
79,4704,lag1_squared_beta,0.020075602026826216,-0.050910058169442184,1466,10b
79,4704,lag1_squared_quality,0.025586862695695246,-0.0457044314152056,1466,10b
79,4704,lag1_squared_style,-0.029367123359439685,-0.0195311518054574,1466,10b
80,4764,joint_collapse_95,0.03274215552523874,0.03137789904502047,1466,10b
80,4764,joint_direction_asymmetry,-0.0047748976807639835,0.002046384720327421,1466,10b
80,4764,joint_improvement_95,0.02796725784447476,0.03342428376534789,1466,10b
80,4764,joint_quality_style_lower_95,0.0,0.0,1466,10b
80,4764,joint_quality_style_upper_95,0.0,0.0006821282401091405,1466,10b
80,4764,kendall_alpha_beta,-0.7006197356229251,-0.710362296234559,1466,10b
80,4764,kendall_alpha_beta_minus_gaussian,0.0028738480597978455,-0.006868712551836076,1466,10b
80,4764,kendall_quality_style,-0.27976570175397764,-0.30976258212311825,1466,10b
80,4764,kendall_quality_style_minus_gaussian,0.01755898907853315,-0.012437891290607461,1466,10b
80,4764,kurtosis_alpha,0.05407926140210817,-0.05277340250014184,1466,10b
80,4764,kurtosis_beta,0.007068216194964894,-0.0839826721990633,1466,10b
80,4764,kurtosis_quality,0.027258180327998094,-0.1136453550414509,1466,10b
80,4764,kurtosis_style,-0.0825312363247881,0.1778336394868658,1466,10b
80,4764,lag1_squared_alpha,0.01967103771897434,-0.008585009967173962,1466,10b
80,4764,lag1_squared_beta,-0.014519105527009123,0.009824561852301622,1466,10b
80,4764,lag1_squared_quality,0.004047897304071729,-0.009214982533303826,1466,10b
80,4764,lag1_squared_style,-0.01622313346812346,0.005868392487154422,1466,10b
81,4825,joint_collapse_95,0.029331514324693043,0.030013642564802184,1466,10b
81,4825,joint_direction_asymmetry,0.0006821282401091415,0.000682128240109138,1466,10b
81,4825,joint_improvement_95,0.030013642564802184,0.030695770804911322,1466,10b
81,4825,joint_quality_style_lower_95,0.002728512960436562,0.006139154160982265,1466,10b
81,4825,joint_quality_style_upper_95,0.0047748976807639835,0.002728512960436562,1466,10b
81,4825,kendall_alpha_beta,-0.6779069605017485,-0.6742844637727046,1466,10b
81,4825,kendall_alpha_beta_minus_gaussian,-0.0006504833906960661,0.0029720133383478453,1466,10b
81,4825,kendall_quality_style,0.010596501357272192,0.01692329898635281,1466,10b
81,4825,kendall_quality_style_minus_gaussian,-0.006640577987000729,-0.0003137803579201133,1466,10b
81,4825,kurtosis_alpha,0.26335714927069853,0.192619030679265,1466,10b
81,4825,kurtosis_beta,0.15309922963336398,0.055038362650647876,1466,10b
81,4825,kurtosis_quality,0.19754217746721592,0.15565066437891595,1466,10b
81,4825,kurtosis_style,0.06945298191636162,-0.2265283276446075,1466,10b
81,4825,lag1_squared_alpha,0.01183649536379386,-0.024624959884580654,1466,10b
81,4825,lag1_squared_beta,-0.015023155832877918,-0.05517934863092179,1466,10b
81,4825,lag1_squared_quality,0.00016734404679905667,-0.05305974680432576,1466,10b
81,4825,lag1_squared_style,0.060346874034161835,-0.016097720814139484,1466,10b
82,4885,joint_collapse_95,0.0286493860845839,0.02660300136425648,1466,10b
82,4885,joint_direction_asymmetry,-0.0013642564802182795,0.004092769440654842,1466,10b
82,4885,joint_improvement_95,0.027285129604365622,0.030695770804911322,1466,10b
82,4885,joint_quality_style_lower_95,0.0006821282401091405,0.002728512960436562,1466,10b
82,4885,joint_quality_style_upper_95,0.001364256480218281,0.0006821282401091405,1466,10b
82,4885,kendall_alpha_beta,-0.6087796655941966,-0.6163990147553884,1466,10b
82,4885,kendall_alpha_beta_minus_gaussian,-0.010395792223378941,-0.01801514138457072,1466,10b
82,4885,kendall_quality_style,-0.06496933915043601,-0.03216013484255176,1466,10b
82,4885,kendall_quality_style_minus_gaussian,-0.030748117619280847,0.002061086688603407,1466,10b
82,4885,kurtosis_alpha,0.1428569966330948,-0.09826030032998379,1466,10b
82,4885,kurtosis_beta,0.06894611739849843,-0.04792915846533896,1466,10b
82,4885,kurtosis_quality,0.1825599818250918,-0.04123570557300216,1466,10b
82,4885,kurtosis_style,-0.16445896145526318,0.06517593630006457,1466,10b
82,4885,lag1_squared_alpha,0.06629889243035275,-0.05270220417589185,1466,10b
82,4885,lag1_squared_beta,0.05379562793586342,-0.01792451610643011,1466,10b
82,4885,lag1_squared_quality,0.07076102466520132,-0.025968553446261283,1466,10b
82,4885,lag1_squared_style,0.016305000926701764,-0.0427250971012946,1466,10b
83,4945,joint_collapse_95,0.03137789904502047,0.030695770804911322,1466,10b
83,4945,joint_direction_asymmetry,0.001364256480218276,0.006821282401091408,1466,10b
83,4945,joint_improvement_95,0.03274215552523874,0.03751705320600273,1466,10b
83,4945,joint_quality_style_lower_95,0.0,0.0006821282401091405,1466,10b
83,4945,joint_quality_style_upper_95,0.0,0.0,1466,10b
83,4945,kendall_alpha_beta,-0.7264651788665961,-0.7186670329516829,1466,10b
83,4945,kendall_alpha_beta_minus_gaussian,-0.00023925704782112867,0.007558888867092106,1466,10b
83,4945,kendall_quality_style,-0.29699165149532747,-0.3206039977836652,1466,10b
83,4945,kendall_quality_style_minus_gaussian,0.01950440421280808,-0.004107942075529669,1466,10b
83,4945,kurtosis_alpha,-0.11370683096942136,-0.02944711989731763,1466,10b
83,4945,kurtosis_beta,0.11476664887095378,0.12975932124830347,1466,10b
83,4945,kurtosis_quality,0.012471798036929549,0.0676607720325082,1466,10b
83,4945,kurtosis_style,-0.18597047966841407,-0.010257025277088161,1466,10b
83,4945,lag1_squared_alpha,0.0029788797121769323,0.022097108581205366,1466,10b
83,4945,lag1_squared_beta,-0.01802236760615143,0.028868707557627986,1466,10b
83,4945,lag1_squared_quality,-0.007294258944519262,0.028799639530205517,1466,10b
83,4945,lag1_squared_style,-0.0064993893234387866,-0.0007954937632641091,1466,10b
84,5006,joint_collapse_95,0.036834924965893585,0.034788540245566164,1466,10b
84,5006,joint_direction_asymmetry,-0.005457025920873118,0.000682128240109145,1466,10b
84,5006,joint_improvement_95,0.03137789904502047,0.03547066848567531,1466,10b
84,5006,joint_quality_style_lower_95,0.0,0.0,1466,10b
84,5006,joint_quality_style_upper_95,0.0,0.0,1466,10b
84,5006,kendall_alpha_beta,-0.7008078447075696,-0.7067528367688074,1466,10b
84,5006,kendall_alpha_beta_minus_gaussian,0.0006762673407229025,-0.005268724720514872,1466,10b
84,5006,kendall_quality_style,-0.40457514818246576,-0.420914564019947,1466,10b
84,5006,kendall_quality_style_minus_gaussian,2.189745517422459e-5,-0.016317518382306995,1466,10b
84,5006,kurtosis_alpha,0.31830074009399834,0.17255167816767303,1466,10b
84,5006,kurtosis_beta,0.16257904273216495,-0.03845596299515419,1466,10b
84,5006,kurtosis_quality,0.2569204584033882,0.06352739289017695,1466,10b
84,5006,kurtosis_style,0.02726400556154074,-0.15728891686948465,1466,10b
84,5006,lag1_squared_alpha,0.016267286947312765,-0.006235441733308465,1466,10b
84,5006,lag1_squared_beta,-0.04682785368863481,0.0017944017047188253,1466,10b
84,5006,lag1_squared_quality,-0.023574683397325002,0.0007971331970964361,1466,10b
84,5006,lag1_squared_style,-0.007535891282049595,0.020166719906148985,1466,10b
85,5066,joint_collapse_95,0.030013642564802184,0.023192360163710776,1466,10b
85,5066,joint_direction_asymmetry,-0.0020463847203274245,0.001364256480218283,1466,10b
85,5066,joint_improvement_95,0.02796725784447476,0.02455661664392906,1466,10b
85,5066,joint_quality_style_lower_95,0.0,0.001364256480218281,1466,10b
85,5066,joint_quality_style_upper_95,0.0020463847203274215,0.0006821282401091405,1466,10b
85,5066,kendall_alpha_beta,-0.6072990049774409,-0.6017656179429993,1466,10b
85,5066,kendall_alpha_beta_minus_gaussian,-0.009803752107404806,-0.004270365072963189,1466,10b
85,5066,kendall_quality_style,-0.09873585107720384,-0.10601809385898342,1466,10b
85,5066,kendall_quality_style_minus_gaussian,-0.013191156548431254,-0.020473399330210834,1466,10b
85,5066,kurtosis_alpha,0.27546685711163743,-0.09990667983945967,1466,10b
85,5066,kurtosis_beta,0.27206172231930514,-0.09653047598485864,1466,10b
85,5066,kurtosis_quality,0.3077882688097797,-0.16837351942442114,1466,10b
85,5066,kurtosis_style,0.17071178760091055,0.1569579850044156,1466,10b
85,5066,lag1_squared_alpha,0.007932759946118868,-0.054382189130869646,1466,10b
85,5066,lag1_squared_beta,0.035042904158321966,0.0013145766163572372,1466,10b
85,5066,lag1_squared_quality,0.022022373999341642,-0.03645015784241198,1466,10b
85,5066,lag1_squared_style,-0.032467128084823285,-0.022146941392248338,1466,10b
86,5126,joint_collapse_95,0.02796725784447476,0.0252387448840382,1466,10b
86,5126,joint_direction_asymmetry,0.0006821282401091415,0.005457025920873122,1466,10b
86,5126,joint_improvement_95,0.0286493860845839,0.030695770804911322,1466,10b
86,5126,joint_quality_style_lower_95,0.0,0.0,1466,10b
86,5126,joint_quality_style_upper_95,0.0006821282401091405,0.0,1466,10b
86,5126,kendall_alpha_beta,-0.6578165377684861,-0.6437027690216,1466,10b
86,5126,kendall_alpha_beta_minus_gaussian,-0.02920524031720073,-0.01509147157031454,1466,10b
86,5126,kendall_quality_style,-0.23082754028747177,-0.2316116385511875,1466,10b
86,5126,kendall_quality_style_minus_gaussian,0.015722160363260296,0.014938062099544569,1466,10b
86,5126,kurtosis_alpha,-0.07756015844170827,0.06787833880750549,1466,10b
86,5126,kurtosis_beta,-0.18097605056271382,0.1660074948600112,1466,10b
86,5126,kurtosis_quality,-0.183089793090641,0.09398075340752099,1466,10b
86,5126,kurtosis_style,0.01085277889367875,0.16869958045473243,1466,10b
86,5126,lag1_squared_alpha,-0.0015611949200542469,-0.007615526326857018,1466,10b
86,5126,lag1_squared_beta,-0.007147392428941123,-0.014578852066786704,1466,10b
86,5126,lag1_squared_quality,-0.006665002355410703,-0.011333695923931962,1466,10b
86,5126,lag1_squared_style,0.0029437354552164815,0.011346230534323348,1466,10b
87,5186,joint_collapse_95,0.034106412005457026,0.03819918144611187,1466,10b
87,5186,joint_direction_asymmetry,0.003410641200545704,-0.002728512960436559,1466,10b
87,5186,joint_improvement_95,0.03751705320600273,0.03547066848567531,1466,10b
87,5186,joint_quality_style_lower_95,0.0,0.0,1466,10b
87,5186,joint_quality_style_upper_95,0.0,0.0,1466,10b
87,5186,kendall_alpha_beta,-0.7682943069064903,-0.7677523292467721,1466,10b
87,5186,kendall_alpha_beta_minus_gaussian,0.004709003529082767,0.005250981188800963,1466,10b
87,5186,kendall_quality_style,-0.5166024891860557,-0.5296621020724592,1466,10b
87,5186,kendall_quality_style_minus_gaussian,-0.002036532005531,-0.01509614489193456,1466,10b
87,5186,kurtosis_alpha,0.052433668065135386,0.060403441570234584,1466,10b
87,5186,kurtosis_beta,-0.060666408393376337,-0.051439889963747376,1466,10b
87,5186,kurtosis_quality,-0.02063249298872094,0.004376356912731083,1466,10b
87,5186,kurtosis_style,-0.03904032665418766,-0.07390254484010361,1466,10b
87,5186,lag1_squared_alpha,0.03693409623216047,-0.00794536787530331,1466,10b
87,5186,lag1_squared_beta,0.06372161382716865,-0.004385570504767248,1466,10b
87,5186,lag1_squared_quality,0.05276691902433774,-0.006964476744014642,1466,10b
87,5186,lag1_squared_style,0.04124800435969653,0.027348051059717826,1466,10b
88,5247,joint_collapse_95,0.027285129604365622,0.022510231923601638,1466,10b
88,5247,joint_direction_asymmetry,-0.0027285129604365625,0.002046384720327421,1466,10b
88,5247,joint_improvement_95,0.02455661664392906,0.02455661664392906,1466,10b
88,5247,joint_quality_style_lower_95,0.010231923601637109,0.007503410641200546,1466,10b
88,5247,joint_quality_style_upper_95,0.008867667121418827,0.0047748976807639835,1466,10b
88,5247,kendall_alpha_beta,-0.5764789145547076,-0.548502809995856,1466,10b
88,5247,kendall_alpha_beta_minus_gaussian,-0.004135225984652879,0.0238408785741987,1466,10b
88,5247,kendall_quality_style,0.23153155250524982,0.20793596841257356,1466,10b
88,5247,kendall_quality_style_minus_gaussian,0.010451986460507628,-0.01314359763216863,1466,10b
88,5247,kurtosis_alpha,0.2034666333052666,0.018117903586242434,1466,10b
88,5247,kurtosis_beta,0.09179174907431475,0.05949186059215572,1466,10b
88,5247,kurtosis_quality,0.1853666689771507,0.0662837750940315,1466,10b
88,5247,kurtosis_style,-0.11526804112679079,-0.10340982558847367,1466,10b
88,5247,lag1_squared_alpha,0.04245726939928509,-0.04548366364780223,1466,10b
88,5247,lag1_squared_beta,0.022379392826884243,-0.01118678294803333,1466,10b
88,5247,lag1_squared_quality,0.05651943856009059,-0.021038240770545395,1466,10b
88,5247,lag1_squared_style,-0.007466918034486268,-0.025121902080631343,1466,10b
89,5307,joint_collapse_95,0.030695770804911322,0.03342428376534789,1466,10b
89,5307,joint_direction_asymmetry,-0.002046384720327421,-0.004774897680763987,1466,10b
89,5307,joint_improvement_95,0.0286493860845839,0.0286493860845839,1466,10b
89,5307,joint_quality_style_lower_95,0.0006821282401091405,0.0,1466,10b
89,5307,joint_quality_style_upper_95,0.0,0.0,1466,10b
89,5307,kendall_alpha_beta,-0.6777933500644879,-0.685049518319683,1466,10b
89,5307,kendall_alpha_beta_minus_gaussian,0.0063741418562638374,-0.0008820263989312016,1466,10b
89,5307,kendall_quality_style,-0.2232994519693252,-0.2393408732172706,1466,10b
89,5307,kendall_quality_style_minus_gaussian,0.01657606110798099,0.0005346398600356017,1466,10b
89,5307,kurtosis_alpha,0.32265634795611264,0.20021693956889886,1466,10b
89,5307,kurtosis_beta,0.20646929204449105,0.2328866357129038,1466,10b
89,5307,kurtosis_quality,0.3108953052743715,0.25962229972949524,1466,10b
89,5307,kurtosis_style,-0.06193762335375963,0.016240358679502354,1466,10b
89,5307,lag1_squared_alpha,0.0705585447044863,0.020835968809235345,1466,10b
89,5307,lag1_squared_beta,0.06257486157137312,0.012059828486644346,1466,10b
89,5307,lag1_squared_quality,0.07364272615756769,0.015210969872419976,1466,10b
89,5307,lag1_squared_style,0.017355263106211435,0.01361420859729727,1466,10b
90,5367,joint_collapse_95,0.023874488403819918,0.0286493860845839,1466,10b
90,5367,joint_direction_asymmetry,0.0027285129604365625,-0.0034106412005457006,1466,10b
90,5367,joint_improvement_95,0.02660300136425648,0.0252387448840382,1466,10b
90,5367,joint_quality_style_lower_95,0.0034106412005457027,0.0006821282401091405,1466,10b
90,5367,joint_quality_style_upper_95,0.0,0.001364256480218281,1466,10b
90,5367,kendall_alpha_beta,-0.6065540185036016,-0.5954295079829957,1466,10b
90,5367,kendall_alpha_beta_minus_gaussian,-0.009456653800423376,0.0016678567201825478,1466,10b
90,5367,kendall_quality_style,-0.012373294097379084,-0.038092089640497484,1466,10b
90,5367,kendall_quality_style_minus_gaussian,0.01735211608205794,-0.008366679461060459,1466,10b
90,5367,kurtosis_alpha,0.18938820067397755,0.14128687837244147,1466,10b
90,5367,kurtosis_beta,0.26667807934165344,-0.056365591547442584,1466,10b
90,5367,kurtosis_quality,0.23596065150348933,0.08154915659792561,1466,10b
90,5367,kurtosis_style,-0.054987208147516675,-0.1167249040926297,1466,10b
90,5367,lag1_squared_alpha,0.04841796211963268,-0.031984531056041515,1466,10b
90,5367,lag1_squared_beta,0.031736023223686786,-0.0048221305817586855,1466,10b
90,5367,lag1_squared_quality,0.04932178211954593,-0.021528606395476792,1466,10b
90,5367,lag1_squared_style,-0.026090681121206657,-0.019653384053630152,1466,10b
91,5428,joint_collapse_95,0.02796725784447476,0.02592087312414734,1466,10b
91,5428,joint_direction_asymmetry,0.0034106412005457075,0.003410641200545704,1466,10b
91,5428,joint_improvement_95,0.03137789904502047,0.029331514324693043,1466,10b
91,5428,joint_quality_style_lower_95,0.004092769440654843,0.001364256480218281,1466,10b
91,5428,joint_quality_style_upper_95,0.002728512960436562,0.001364256480218281,1466,10b
91,5428,kendall_alpha_beta,-0.6617593786812808,-0.6505268451219683,1466,10b
91,5428,kendall_alpha_beta_minus_gaussian,-0.006219196931491533,0.005013336627820886,1466,10b
91,5428,kendall_quality_style,-0.08464629439071736,-0.09606879950085911,1466,10b
91,5428,kendall_quality_style_minus_gaussian,0.0066837759311949435,-0.004738729178946813,1466,10b
91,5428,kurtosis_alpha,0.1093112982741471,0.0814193016125433,1466,10b
91,5428,kurtosis_beta,0.06608491496457569,0.24842575554693447,1466,10b
91,5428,kurtosis_quality,0.050810904648860955,0.1501266679467923,1466,10b
91,5428,kurtosis_style,-0.14702660528341882,-0.10416620695236656,1466,10b
91,5428,lag1_squared_alpha,-0.009605952445248065,-0.02036260291654156,1466,10b
91,5428,lag1_squared_beta,-0.026166774429654052,0.028467597702658425,1466,10b
91,5428,lag1_squared_quality,-0.015471245615624246,0.012685918230783088,1466,10b
91,5428,lag1_squared_style,-0.029929712130148823,0.001217890134428266,1466,10b
92,5488,joint_collapse_95,0.03274215552523874,0.034788540245566164,1466,10b
92,5488,joint_direction_asymmetry,0.0,0.004774897680763987,1466,10b
92,5488,joint_improvement_95,0.03274215552523874,0.03956343792633015,1466,10b
92,5488,joint_quality_style_lower_95,0.0006821282401091405,0.0,1466,10b
92,5488,joint_quality_style_upper_95,0.0,0.0,1466,10b
92,5488,kendall_alpha_beta,-0.7769007631455191,-0.7672438759783768,1466,10b
92,5488,kendall_alpha_beta_minus_gaussian,-0.0050213350852083005,0.004635552081934002,1466,10b
92,5488,kendall_quality_style,-0.23857167468303153,-0.24057196336529008,1466,10b
92,5488,kendall_quality_style_minus_gaussian,0.018334991638316922,0.016334702956058378,1466,10b
92,5488,kurtosis_alpha,-0.059995161008609355,0.0015034422413333637,1466,10b
92,5488,kurtosis_beta,0.04081635946402695,-0.03458618481566322,1466,10b
92,5488,kurtosis_quality,-0.016972159248417107,-0.007593203607341614,1466,10b
92,5488,kurtosis_style,0.031124472382644264,-0.2193454496211591,1466,10b
92,5488,lag1_squared_alpha,0.006062962013290149,-0.0388905176155494,1466,10b
92,5488,lag1_squared_beta,0.01964109853830857,-0.018478231218141503,1466,10b
92,5488,lag1_squared_quality,0.015273332951744153,-0.02584795832879849,1466,10b
92,5488,lag1_squared_style,0.03250616116086492,-0.050868831284452576,1466,10b
93,5548,joint_collapse_95,0.038881309686221006,0.03615279672578445,1466,10b
93,5548,joint_direction_asymmetry,-0.003410641200545697,-0.001364256480218283,1466,10b
93,5548,joint_improvement_95,0.03547066848567531,0.034788540245566164,1466,10b
93,5548,joint_quality_style_lower_95,0.0,0.0,1466,10b
93,5548,joint_quality_style_upper_95,0.0,0.0,1466,10b
93,5548,kendall_alpha_beta,-0.7554991642182998,-0.766727972845243,1466,10b
93,5548,kendall_alpha_beta_minus_gaussian,0.00980992384346191,-0.001418884783481289,1466,10b
93,5548,kendall_quality_style,-0.2847645609934395,-0.3320786519469756,1466,10b
93,5548,kendall_quality_style_minus_gaussian,0.010151265316653557,-0.03716282563688256,1466,10b
93,5548,kurtosis_alpha,0.027962253546804927,0.00019946685953575738,1466,10b
93,5548,kurtosis_beta,0.0324262847975767,-0.04450268049719286,1466,10b
93,5548,kurtosis_quality,0.05304401180605911,-0.019811792657895566,1466,10b
93,5548,kurtosis_style,-0.181458260913276,-0.034941458088773025,1466,10b
93,5548,lag1_squared_alpha,0.025094868531138414,-0.003921662033346275,1466,10b
93,5548,lag1_squared_beta,0.024255146295981446,-0.028592262267302385,1466,10b
93,5548,lag1_squared_quality,0.026949780420196832,-0.019978336352577616,1466,10b
93,5548,lag1_squared_style,-0.06340403826446273,-0.014098292588252832,1466,10b
94,5609,joint_collapse_95,0.030695770804911322,0.03137789904502047,1466,10b
94,5609,joint_direction_asymmetry,0.000682128240109145,0.001364256480218276,1466,10b
94,5609,joint_improvement_95,0.03137789904502047,0.03274215552523874,1466,10b
94,5609,joint_quality_style_lower_95,0.013642564802182811,0.01296043656207367,1466,10b
94,5609,joint_quality_style_upper_95,0.015006821282401092,0.01296043656207367,1466,10b
94,5609,kendall_alpha_beta,-0.7193598703723536,-0.7198850858364103,1466,10b
94,5609,kendall_alpha_beta_minus_gaussian,0.0027190566093159285,0.0021938411452592232,1466,10b
94,5609,kendall_quality_style,0.33822665282233466,0.3236323677998222,1466,10b
94,5609,kendall_quality_style_minus_gaussian,0.017616338295532663,0.0030220532730201866,1466,10b
94,5609,kurtosis_alpha,0.31316699795872305,-0.08340297980396949,1466,10b
94,5609,kurtosis_beta,0.20399356323922913,-0.03569010919808546,1466,10b
94,5609,kurtosis_quality,0.29464606521451,-0.05194938235732138,1466,10b
94,5609,kurtosis_style,-0.020928677358644343,-0.058380017677413854,1466,10b
94,5609,lag1_squared_alpha,0.017047437183160766,-0.020974405809729757,1466,10b
94,5609,lag1_squared_beta,0.004893088289089714,-0.04252960763143919,1466,10b
94,5609,lag1_squared_quality,0.014071798362689302,-0.02885917190342788,1466,10b
94,5609,lag1_squared_style,0.030939516973734357,-0.03611854710208276,1466,10b
95,5669,joint_collapse_95,0.0286493860845839,0.021828103683492497,1466,10b
95,5669,joint_direction_asymmetry,-0.0047748976807639835,0.0,1466,10b
95,5669,joint_improvement_95,0.023874488403819918,0.021828103683492497,1466,10b
95,5669,joint_quality_style_lower_95,0.0047748976807639835,0.005457025920873124,1466,10b
95,5669,joint_quality_style_upper_95,0.005457025920873124,0.0068212824010914054,1466,10b
95,5669,kendall_alpha_beta,-0.5703067016189487,-0.5615400732880445,1466,10b
95,5669,kendall_alpha_beta_minus_gaussian,-0.013356526589970663,-0.004589898259066416,1466,10b
95,5669,kendall_quality_style,0.13251167533489472,0.12552183974409714,1466,10b
95,5669,kendall_quality_style_minus_gaussian,0.01036408892930768,0.0033742533385101026,1466,10b
95,5669,kurtosis_alpha,0.1063056093512218,0.009265770341288171,1466,10b
95,5669,kurtosis_beta,0.07295454089934639,0.03463247610390585,1466,10b
95,5669,kurtosis_quality,0.1285577600103558,-0.01914169719330827,1466,10b
95,5669,kurtosis_style,-0.08723772558402176,0.14150045404567324,1466,10b
95,5669,lag1_squared_alpha,0.04065560960425109,-0.018024431345249024,1466,10b
95,5669,lag1_squared_beta,0.034029271179341944,-0.003055025982372955,1466,10b
95,5669,lag1_squared_quality,0.03863364588504616,-0.0015629671966110132,1466,10b
95,5669,lag1_squared_style,-0.02973703303135058,0.0016806948520685218,1466,10b
96,5729,joint_collapse_95,0.0286493860845839,0.02660300136425648,1466,10b
96,5729,joint_direction_asymmetry,-0.0027285129604365625,0.0027285129604365625,1466,10b
96,5729,joint_improvement_95,0.02592087312414734,0.029331514324693043,1466,10b
96,5729,joint_quality_style_lower_95,0.011596180081855388,0.008867667121418827,1466,10b
96,5729,joint_quality_style_upper_95,0.01227830832196453,0.0068212824010914054,1466,10b
96,5729,kendall_alpha_beta,-0.6298795449995112,-0.6190139172785645,1466,10b
96,5729,kendall_alpha_beta_minus_gaussian,-0.006991865276896214,0.003873762444050466,1466,10b
96,5729,kendall_quality_style,0.2750480749083899,0.26301281842351554,1466,10b
96,5729,kendall_quality_style_minus_gaussian,-0.015319085293173496,-0.027354341778047853,1466,10b
96,5729,kurtosis_alpha,0.10039352164460613,-0.037253423150700904,1466,10b
96,5729,kurtosis_beta,-0.03088447158553098,-0.08693374225968942,1466,10b
96,5729,kurtosis_quality,0.05778148251694182,-0.033596085644191476,1466,10b
96,5729,kurtosis_style,-0.12847909336576357,0.05511710464373909,1466,10b
96,5729,lag1_squared_alpha,0.0034025524654295045,0.02313215376007678,1466,10b
96,5729,lag1_squared_beta,-0.010714427554762438,-0.02868347643254653,1466,10b
96,5729,lag1_squared_quality,-0.002647962419011125,0.004392266594724006,1466,10b
96,5729,lag1_squared_style,-0.011647592971788771,-0.0064723467354951755,1466,10b
97,5789,joint_collapse_95,0.029331514324693043,0.02796725784447476,1466,10b
97,5789,joint_direction_asymmetry,-0.001364256480218283,0.0020463847203274245,1466,10b
97,5789,joint_improvement_95,0.02796725784447476,0.030013642564802184,1466,10b
97,5789,joint_quality_style_lower_95,0.0,0.0,1466,10b
97,5789,joint_quality_style_upper_95,0.0,0.0,1466,10b
97,5789,kendall_alpha_beta,-0.6317736731092476,-0.6447085007612829,1466,10b
97,5789,kendall_alpha_beta_minus_gaussian,-0.0017214239569876,-0.014656251609022952,1466,10b
97,5789,kendall_quality_style,-0.26310035433419166,-0.24946710186293175,1466,10b
97,5789,kendall_quality_style_minus_gaussian,-0.007766661688520138,0.005866590782739767,1466,10b
97,5789,kurtosis_alpha,0.20475114208124134,0.025419671077779427,1466,10b
97,5789,kurtosis_beta,0.07059303143051743,0.1621904296251131,1466,10b
97,5789,kurtosis_quality,0.18492195222660923,0.08334147546671922,1466,10b
97,5789,kurtosis_style,0.045831022928454423,0.06778161774733427,1466,10b
97,5789,lag1_squared_alpha,0.033580037558089255,0.008653977383554168,1466,10b
97,5789,lag1_squared_beta,0.032852932165063485,-0.005830268344522389,1466,10b
97,5789,lag1_squared_quality,0.035017454435278185,-0.005071599051658651,1466,10b
97,5789,lag1_squared_style,0.0317889896190899,0.03724080533945599,1466,10b
98,5850,joint_collapse_95,0.038881309686221006,0.03342428376534789,1466,10b
98,5850,joint_direction_asymmetry,-0.007503410641200539,0.002046384720327421,1466,10b
98,5850,joint_improvement_95,0.03137789904502047,0.03547066848567531,1466,10b
98,5850,joint_quality_style_lower_95,0.0,0.0,1466,10b
98,5850,joint_quality_style_upper_95,0.0,0.0,1466,10b
98,5850,kendall_alpha_beta,-0.7555028891506688,-0.7460303861358017,1466,10b
98,5850,kendall_alpha_beta_minus_gaussian,-0.00407733201880589,0.005395170996061127,1466,10b
98,5850,kendall_quality_style,-0.26596855225847316,-0.2526034949177953,1466,10b
98,5850,kendall_quality_style_minus_gaussian,0.001015693076496238,0.01438075041717407,1466,10b
98,5850,kurtosis_alpha,0.0411828683007367,-0.08128979546787862,1466,10b
98,5850,kurtosis_beta,0.0007470683778549869,0.014185216002441603,1466,10b
98,5850,kurtosis_quality,0.02621494521584644,-0.014265382431362106,1466,10b
98,5850,kurtosis_style,0.06138396183563666,-0.08827868166079123,1466,10b
98,5850,lag1_squared_alpha,0.03383658125047746,-0.008908255545023712,1466,10b
98,5850,lag1_squared_beta,0.007747487212056787,-0.027836551842781502,1466,10b
98,5850,lag1_squared_quality,0.023556063315060823,-0.02005415218155466,1466,10b
98,5850,lag1_squared_style,0.015624656065730182,-0.025553580083848247,1466,10b
99,5910,joint_collapse_95,0.02660300136425648,0.023192360163710776,1466,10b
99,5910,joint_direction_asymmetry,-0.0027285129604365625,0.0,1466,10b
99,5910,joint_improvement_95,0.023874488403819918,0.023192360163710776,1466,10b
99,5910,joint_quality_style_lower_95,0.0006821282401091405,0.0,1466,10b
99,5910,joint_quality_style_upper_95,0.0,0.0020463847203274215,1466,10b
99,5910,kendall_alpha_beta,-0.6006798001573783,-0.5729979652556934,1466,10b
99,5910,kendall_alpha_beta_minus_gaussian,-0.023593223188091206,0.004088611713593759,1466,10b
99,5910,kendall_quality_style,-0.17348406892987356,-0.16420712486438926,1466,10b
99,5910,kendall_quality_style_minus_gaussian,0.013144176020116777,0.02242112008560107,1466,10b
99,5910,kurtosis_alpha,-0.10256505816410977,-0.019677260207415337,1466,10b
99,5910,kurtosis_beta,-0.007335092392732889,-0.04982834346535103,1466,10b
99,5910,kurtosis_quality,-0.017896828255792308,-0.050756502093570965,1466,10b
99,5910,kurtosis_style,0.10050616359331643,-0.024963775524482035,1466,10b
99,5910,lag1_squared_alpha,0.03595704499201704,0.022331648766089337,1466,10b
99,5910,lag1_squared_beta,-0.005861097529265546,-0.01599269435485936,1466,10b
99,5910,lag1_squared_quality,0.004013013034902406,0.00010858276849723213,1466,10b
99,5910,lag1_squared_style,0.0005674374906607579,-0.040302815629729476,1466,10b
100,5970,joint_collapse_95,0.03274215552523874,0.034106412005457026,1466,10b
100,5970,joint_direction_asymmetry,0.002728512960436566,-0.002046384720327421,1466,10b
100,5970,joint_improvement_95,0.03547066848567531,0.032060027285129605,1466,10b
100,5970,joint_quality_style_lower_95,0.0,0.0,1466,10b
100,5970,joint_quality_style_upper_95,0.0006821282401091405,0.0006821282401091405,1466,10b
100,5970,kendall_alpha_beta,-0.6882157108335001,-0.7103269093770517,1466,10b
100,5970,kendall_alpha_beta_minus_gaussian,0.018734363122520414,-0.003376835421031177,1466,10b
100,5970,kendall_quality_style,-0.23683213126661662,-0.24479603667195926,1466,10b
100,5970,kendall_quality_style_minus_gaussian,0.006217002796296278,-0.0017469026090463635,1466,10b
100,5970,kurtosis_alpha,-0.07606948893579712,0.18164555879476252,1466,10b
100,5970,kurtosis_beta,-0.06250430357973569,0.13724687647898426,1466,10b
100,5970,kurtosis_quality,-0.042863499323360976,0.17511505133703764,1466,10b
100,5970,kurtosis_style,-0.024317114711307486,0.08608767052685584,1466,10b
100,5970,lag1_squared_alpha,0.029065255346752875,-0.059188328036470735,1466,10b
100,5970,lag1_squared_beta,0.0339997572011038,-0.06586647733029946,1466,10b
100,5970,lag1_squared_quality,0.03286191166791022,-0.06794207705242397,1466,10b
100,5970,lag1_squared_style,0.007550788117151873,-0.049585985705109005,1466,10b
101,6031,joint_collapse_95,0.029331514324693043,0.03274215552523874,1466,10b
101,6031,joint_direction_asymmetry,0.0006821282401091415,-0.000682128240109138,1466,10b
101,6031,joint_improvement_95,0.030013642564802184,0.032060027285129605,1466,10b
101,6031,joint_quality_style_lower_95,0.0020463847203274215,0.0020463847203274215,1466,10b
101,6031,joint_quality_style_upper_95,0.0006821282401091405,0.004092769440654843,1466,10b
101,6031,kendall_alpha_beta,-0.6834366226038209,-0.678687333833095,1466,10b
101,6031,kendall_alpha_beta_minus_gaussian,0.001631246475620407,0.006380535246346297,1466,10b
101,6031,kendall_quality_style,-0.03387174126619774,-0.060516182503061344,1466,10b
101,6031,kendall_quality_style_minus_gaussian,0.02521451326341736,-0.0014299279734462447,1466,10b
101,6031,kurtosis_alpha,-0.07940534784978137,0.11757212289937957,1466,10b
101,6031,kurtosis_beta,-0.05646949078542596,0.10733231703370327,1466,10b
101,6031,kurtosis_quality,-0.09686845285870938,0.11689247344243547,1466,10b
101,6031,kurtosis_style,-0.191997440778779,-0.22030715666514755,1466,10b
101,6031,lag1_squared_alpha,0.04972625489762924,-0.022022865601916745,1466,10b
101,6031,lag1_squared_beta,0.008697456438011293,-0.010216307424082888,1466,10b
101,6031,lag1_squared_quality,0.031137866673362845,-0.02044818861895119,1466,10b
101,6031,lag1_squared_style,0.022641097722158835,-0.0042199072476260405,1466,10b
102,6091,joint_collapse_95,0.021145975443383355,0.023192360163710776,1466,10b
102,6091,joint_direction_asymmetry,0.009549795361527967,0.0020463847203274245,1466,10b
102,6091,joint_improvement_95,0.030695770804911322,0.0252387448840382,1466,10b
102,6091,joint_quality_style_lower_95,0.0020463847203274215,0.002728512960436562,1466,10b
102,6091,joint_quality_style_upper_95,0.0020463847203274215,0.002728512960436562,1466,10b
102,6091,kendall_alpha_beta,-0.5700962429400891,-0.5728135811034181,1466,10b
102,6091,kendall_alpha_beta_minus_gaussian,0.0028008274982085357,8.348933487956067e-5,1466,10b
102,6091,kendall_quality_style,-0.03680512550693993,-0.014680889700096289,1466,10b
102,6091,kendall_quality_style_minus_gaussian,-0.009651515474116,0.01247272033272764,1466,10b
102,6091,kurtosis_alpha,0.05500988770730331,-0.050140301267830534,1466,10b
102,6091,kurtosis_beta,0.052271802771731934,0.27103436397939573,1466,10b
102,6091,kurtosis_quality,0.09140455685501525,0.1034298670477023,1466,10b
102,6091,kurtosis_style,0.018039466606916132,0.18045360883276063,1466,10b
102,6091,lag1_squared_alpha,-0.01797918668867852,-0.0028246902503210325,1466,10b
102,6091,lag1_squared_beta,0.0391117609562011,0.025931453674120142,1466,10b
102,6091,lag1_squared_quality,0.01866619717211099,0.020034919645406785,1466,10b
102,6091,lag1_squared_style,0.007189676055237346,-0.0038211635674404686,1466,10b
103,6151,joint_collapse_95,0.03274215552523874,0.030695770804911322,1466,10b
103,6151,joint_direction_asymmetry,0.0,0.0,1466,10b
103,6151,joint_improvement_95,0.03274215552523874,0.030695770804911322,1466,10b
103,6151,joint_quality_style_lower_95,0.005457025920873124,0.004092769440654843,1466,10b
103,6151,joint_quality_style_upper_95,0.004092769440654843,0.0006821282401091405,1466,10b
103,6151,kendall_alpha_beta,-0.6741745782678132,-0.6682482108684213,1466,10b
103,6151,kendall_alpha_beta_minus_gaussian,0.005754374173271293,0.011680741572663189,1466,10b
103,6151,kendall_quality_style,0.15878548580102347,0.136864258808301,1466,10b
103,6151,kendall_quality_style_minus_gaussian,0.025046171493113223,0.0031249445003907472,1466,10b
103,6151,kurtosis_alpha,-0.12667886383832583,-0.030387565842774134,1466,10b
103,6151,kurtosis_beta,-0.02771431652874634,0.047705944522995036,1466,10b
103,6151,kurtosis_quality,-0.062043549106300944,0.015412377033599434,1466,10b
103,6151,kurtosis_style,0.0016512445646714724,-0.2804315622785736,1466,10b
103,6151,lag1_squared_alpha,0.013489498645232868,0.01691728451637326,1466,10b
103,6151,lag1_squared_beta,-0.0033817180189824455,0.024470980059111355,1466,10b
103,6151,lag1_squared_quality,0.008249285572410866,0.02783254486623992,1466,10b
103,6151,lag1_squared_style,0.01028837257715977,0.0030775741415437485,1466,10b
104,6212,joint_collapse_95,0.03615279672578445,0.03615279672578445,1466,10b
104,6212,joint_direction_asymmetry,0.0,-0.000682128240109138,1466,10b
104,6212,joint_improvement_95,0.03615279672578445,0.03547066848567531,1466,10b
104,6212,joint_quality_style_lower_95,0.0,0.0,1466,10b
104,6212,joint_quality_style_upper_95,0.0,0.0,1466,10b
104,6212,kendall_alpha_beta,-0.7779474691412633,-0.7859579362012208,1466,10b
104,6212,kendall_alpha_beta_minus_gaussian,0.0029659333949406674,-0.005044533665016782,1466,10b
104,6212,kendall_quality_style,-0.438678766488646,-0.4782468605804375,1466,10b
104,6212,kendall_quality_style_minus_gaussian,0.02091150704188449,-0.018656587049907025,1466,10b
104,6212,kurtosis_alpha,0.003095466872582886,-0.07428013311153991,1466,10b
104,6212,kurtosis_beta,0.008325214520480184,-0.11733854094846174,1466,10b
104,6212,kurtosis_quality,0.015968562639020245,-0.10303585833390327,1466,10b
104,6212,kurtosis_style,0.035116933378240844,-0.06653517188033842,1466,10b
104,6212,lag1_squared_alpha,-0.0017211584909343006,-0.007311805458598386,1466,10b
104,6212,lag1_squared_beta,-0.03340558585883781,-0.028333176983942457,1466,10b
104,6212,lag1_squared_quality,-0.02236444816936063,-0.019852214103077755,1466,10b
104,6212,lag1_squared_style,0.0072729394314478306,-0.041733336862845825,1466,10b
105,6272,joint_collapse_95,0.02455661664392906,0.020463847203274217,1466,10b
105,6272,joint_direction_asymmetry,-0.002046384720327421,-0.0006821282401091415,1466,10b
105,6272,joint_improvement_95,0.022510231923601638,0.019781718963165076,1466,10b
105,6272,joint_quality_style_lower_95,0.0,0.0020463847203274215,1466,10b
105,6272,joint_quality_style_upper_95,0.002728512960436562,0.0006821282401091405,1466,10b
105,6272,kendall_alpha_beta,-0.556723735734673,-0.5419934906806849,1466,10b
105,6272,kendall_alpha_beta_minus_gaussian,-0.009424345335570572,0.0053058997184175505,1466,10b
105,6272,kendall_quality_style,-0.05709483212195421,-0.06463409523720842,1466,10b
105,6272,kendall_quality_style_minus_gaussian,0.01492862150886276,0.007389358393608547,1466,10b
105,6272,kurtosis_alpha,0.026432160757526635,-0.11258825339105227,1466,10b
105,6272,kurtosis_beta,-0.04334111191930967,-0.25701930707509524,1466,10b
105,6272,kurtosis_quality,-0.030337854839034062,-0.2697226255862408,1466,10b
105,6272,kurtosis_style,-0.051610562067270216,0.138576344234568,1466,10b
105,6272,lag1_squared_alpha,0.022009428372854307,0.00347801260792007,1466,10b
105,6272,lag1_squared_beta,0.0036112655765463617,-0.016765613602494185,1466,10b
105,6272,lag1_squared_quality,0.001246316588421452,-0.010411610468758084,1466,10b
105,6272,lag1_squared_style,0.0022180513162162905,0.019630674939935748,1466,10b
106,6332,joint_collapse_95,0.021828103683492497,0.021145975443383355,1466,10b
106,6332,joint_direction_asymmetry,0.004092769440654842,-0.002046384720327421,1466,10b
106,6332,joint_improvement_95,0.02592087312414734,0.019099590723055934,1466,10b
106,6332,joint_quality_style_lower_95,0.001364256480218281,0.0006821282401091405,1466,10b
106,6332,joint_quality_style_upper_95,0.0034106412005457027,0.0020463847203274215,1466,10b
106,6332,kendall_alpha_beta,-0.5344989267538611,-0.5139801367981414,1466,10b
106,6332,kendall_alpha_beta_minus_gaussian,-0.01206511140466704,0.008453678551052723,1466,10b
106,6332,kendall_quality_style,0.01866284240276761,0.0326928001713469,1466,10b
106,6332,kendall_quality_style_minus_gaussian,-0.03482699631588466,-0.020797038547305365,1466,10b
106,6332,kurtosis_alpha,0.12704172463623342,0.10333258990329508,1466,10b
106,6332,kurtosis_beta,0.05464336329813513,-0.04320572867405481,1466,10b
106,6332,kurtosis_quality,0.14878951858028966,0.08115716160492115,1466,10b
106,6332,kurtosis_style,-0.23224766975663336,-0.008409585481340631,1466,10b
106,6332,lag1_squared_alpha,0.03339639714403794,-0.01651491974623612,1466,10b
106,6332,lag1_squared_beta,0.0022013077853076457,-0.03750957903887838,1466,10b
106,6332,lag1_squared_quality,0.030354482504850056,-0.023640896468842727,1466,10b
106,6332,lag1_squared_style,-0.050191901216340644,0.01839467027296542,1466,10b
107,6392,joint_collapse_95,0.023874488403819918,0.021828103683492497,1466,10b
107,6392,joint_direction_asymmetry,0.0027285129604365625,-0.0013642564802182795,1466,10b
107,6392,joint_improvement_95,0.02660300136425648,0.020463847203274217,1466,10b
107,6392,joint_quality_style_lower_95,0.0006821282401091405,0.001364256480218281,1466,10b
107,6392,joint_quality_style_upper_95,0.001364256480218281,0.0,1466,10b
107,6392,kendall_alpha_beta,-0.5740409463190683,-0.5684665850285655,1466,10b
107,6392,kendall_alpha_beta_minus_gaussian,-0.0180462495053747,-0.012471888214871885,1466,10b
107,6392,kendall_quality_style,-0.1863350856036019,-0.21888540711182713,1466,10b
107,6392,kendall_quality_style_minus_gaussian,0.03132314482273238,-0.0012271766854928534,1466,10b
107,6392,kurtosis_alpha,-0.1060217876351941,0.010430094060460249,1466,10b
107,6392,kurtosis_beta,-0.08837072557026904,0.00467630190715429,1466,10b
107,6392,kurtosis_quality,-0.15103053883731832,-0.06913889010018126,1466,10b
107,6392,kurtosis_style,-0.05156165680822378,-0.10668009060955619,1466,10b
107,6392,lag1_squared_alpha,-0.019015412896971146,-0.024012910071906673,1466,10b
107,6392,lag1_squared_beta,-0.01829644978975611,0.007044596079071673,1466,10b
107,6392,lag1_squared_quality,-0.017745554083993968,-0.009780435927935502,1466,10b
107,6392,lag1_squared_style,-0.036136864157987766,0.03731808132525382,1466,10b
108,6453,joint_collapse_95,0.021828103683492497,0.017053206002728513,1466,10b
108,6453,joint_direction_asymmetry,0.0,0.002046384720327421,1466,10b
108,6453,joint_improvement_95,0.021828103683492497,0.019099590723055934,1466,10b
108,6453,joint_quality_style_lower_95,0.001364256480218281,0.0006821282401091405,1466,10b
108,6453,joint_quality_style_upper_95,0.001364256480218281,0.001364256480218281,1466,10b
108,6453,kendall_alpha_beta,-0.4876448649479208,-0.46891218006323077,1466,10b
108,6453,kendall_alpha_beta_minus_gaussian,-0.013515285173171854,0.005217399711518189,1466,10b
108,6453,kendall_quality_style,-0.14187243037868602,-0.11400807379091016,1466,10b
108,6453,kendall_quality_style_minus_gaussian,-0.009741530313839147,0.018122826273936715,1466,10b
108,6453,kurtosis_alpha,0.19678434726860017,0.18718962398747196,1466,10b
108,6453,kurtosis_beta,-0.04551653080514484,0.025209868828303783,1466,10b
108,6453,kurtosis_quality,0.043609713519842774,0.05657037433026346,1466,10b
108,6453,kurtosis_style,-0.2727759856819465,-0.20164461929934951,1466,10b
108,6453,lag1_squared_alpha,0.029207817244908483,-0.0266772158393145,1466,10b
108,6453,lag1_squared_beta,0.03148593951259043,-0.00949092748888049,1466,10b
108,6453,lag1_squared_quality,0.025709944210528232,-0.0170235388944865,1466,10b
108,6453,lag1_squared_style,-0.016997698633870278,0.023187080717419026,1466,10b
109,6513,joint_collapse_95,0.034788540245566164,0.03137789904502047,1466,10b
109,6513,joint_direction_asymmetry,-0.002728512960436559,0.003410641200545697,1466,10b
109,6513,joint_improvement_95,0.032060027285129605,0.034788540245566164,1466,10b
109,6513,joint_quality_style_lower_95,0.001364256480218281,0.002728512960436562,1466,10b
109,6513,joint_quality_style_upper_95,0.0020463847203274215,0.004092769440654843,1466,10b
109,6513,kendall_alpha_beta,-0.7115728992545478,-0.6891134195344766,1466,10b
109,6513,kendall_alpha_beta_minus_gaussian,-0.001355850628420363,0.021103629091650866,1466,10b
109,6513,kendall_quality_style,0.030515577201551403,0.022562846593316532,1466,10b
109,6513,kendall_quality_style_minus_gaussian,-0.0011606407662638,-0.00911337137449867,1466,10b
109,6513,kurtosis_alpha,-0.06318928960600312,0.11948971223006666,1466,10b
109,6513,kurtosis_beta,-0.10789583058296248,-0.02028942363789321,1466,10b
109,6513,kurtosis_quality,-0.07448076636786816,0.07108321210563817,1466,10b
109,6513,kurtosis_style,0.13808113463141547,-0.09296960686052236,1466,10b
109,6513,lag1_squared_alpha,0.0027469573555279846,0.017218797446400577,1466,10b
109,6513,lag1_squared_beta,-0.010988420225892031,-0.05508947212540736,1466,10b
109,6513,lag1_squared_quality,0.0018684639924769983,-0.021551263861837755,1466,10b
109,6513,lag1_squared_style,0.013228395874817936,-0.05061526264921858,1466,10b
110,6573,joint_collapse_95,0.0286493860845839,0.029331514324693043,1466,10b
110,6573,joint_direction_asymmetry,0.0006821282401091415,-0.0006821282401091415,1466,10b
110,6573,joint_improvement_95,0.029331514324693043,0.0286493860845839,1466,10b
110,6573,joint_quality_style_lower_95,0.0006821282401091405,0.0,1466,10b
110,6573,joint_quality_style_upper_95,0.0,0.0006821282401091405,1466,10b
110,6573,kendall_alpha_beta,-0.6494633769305627,-0.6522105145528452,1466,10b
110,6573,kendall_alpha_beta_minus_gaussian,-0.008812846909032945,-0.01155998453131546,1466,10b
110,6573,kendall_quality_style,-0.16670282955175098,-0.1887171798537033,1466,10b
110,6573,kendall_quality_style_minus_gaussian,0.033710577877613945,0.011696227575661633,1466,10b
110,6573,kurtosis_alpha,0.062410493573972214,-0.09499434055915312,1466,10b
110,6573,kurtosis_beta,0.08651729181491108,-0.13826099883477294,1466,10b
110,6573,kurtosis_quality,0.07322123982156326,-0.12566571439489493,1466,10b
110,6573,kurtosis_style,-0.13478808129799758,-0.09665883753977189,1466,10b
110,6573,lag1_squared_alpha,-0.01883397687672306,-0.03968160956599766,1466,10b
110,6573,lag1_squared_beta,0.01405599462283071,-0.025541972591359055,1466,10b
110,6573,lag1_squared_quality,0.0033428319620283442,-0.037884289401403926,1466,10b
110,6573,lag1_squared_style,-0.034150473649237206,0.0023861334687235694,1466,10b
111,6634,joint_collapse_95,0.0252387448840382,0.023192360163710776,1466,10b
111,6634,joint_direction_asymmetry,0.000682128240109138,0.005457025920873125,1466,10b
111,6634,joint_improvement_95,0.02592087312414734,0.0286493860845839,1466,10b
111,6634,joint_quality_style_lower_95,0.0020463847203274215,0.0006821282401091405,1466,10b
111,6634,joint_quality_style_upper_95,0.0020463847203274215,0.0,1466,10b
111,6634,kendall_alpha_beta,-0.6197197919625272,-0.6038664797992261,1466,10b
111,6634,kendall_alpha_beta_minus_gaussian,0.0001199444044536202,0.015973256567754723,1466,10b
111,6634,kendall_quality_style,-0.12602470561393875,-0.12066080300229554,1466,10b
111,6634,kendall_quality_style_minus_gaussian,0.019160465670728904,0.024524368282372117,1466,10b
111,6634,kurtosis_alpha,0.04631333729746512,-0.018875255484942954,1466,10b
111,6634,kurtosis_beta,-0.04094557874789828,0.15260298220234914,1466,10b
111,6634,kurtosis_quality,-0.02177828035870677,0.09029767744342632,1466,10b
111,6634,kurtosis_style,-0.0030628997181185724,0.015817632062215203,1466,10b
111,6634,lag1_squared_alpha,0.000919664474039279,0.020750955867322195,1466,10b
111,6634,lag1_squared_beta,0.022402035727200054,-0.006501068599382218,1466,10b
111,6634,lag1_squared_quality,0.0016009268178885077,0.006997582141271569,1466,10b
111,6634,lag1_squared_style,0.03376989035207579,-0.037559714747729483,1466,10b
112,6694,joint_collapse_95,0.017053206002728513,0.018417462482946793,1466,10b
112,6694,joint_direction_asymmetry,0.004092769440654842,0.003410641200545704,1466,10b
112,6694,joint_improvement_95,0.021145975443383355,0.021828103683492497,1466,10b
112,6694,joint_quality_style_lower_95,0.004092769440654843,0.004092769440654843,1466,10b
112,6694,joint_quality_style_upper_95,0.005457025920873124,0.004092769440654843,1466,10b
112,6694,kendall_alpha_beta,-0.5414626878180744,-0.513017241780704,1466,10b
112,6694,kendall_alpha_beta_minus_gaussian,-0.050107602248083194,-0.02166215621071277,1466,10b
112,6694,kendall_quality_style,0.13337958457691756,0.1152112269461607,1466,10b
112,6694,kendall_quality_style_minus_gaussian,-0.005330452718420697,-0.023498810349177557,1466,10b
112,6694,kurtosis_alpha,-0.1983532030905537,-0.16295420903660807,1466,10b
112,6694,kurtosis_beta,0.1172674392674744,-0.06052751192825667,1466,10b
112,6694,kurtosis_quality,-0.18076581243815149,-0.14063921510266209,1466,10b
112,6694,kurtosis_style,0.17855088217087633,0.08229660074661282,1466,10b
112,6694,lag1_squared_alpha,0.00554459613195939,-0.00014099313039902863,1466,10b
112,6694,lag1_squared_beta,-0.013383300415792611,-0.007196740639968562,1466,10b
112,6694,lag1_squared_quality,0.00055727765806178,-0.0065634247422959565,1466,10b
112,6694,lag1_squared_style,-0.02713281506035481,0.03686551732641782,1466,10b
113,6754,joint_collapse_95,0.02796725784447476,0.0286493860845839,1466,10b
113,6754,joint_direction_asymmetry,-0.0013642564802182795,-0.0047748976807639835,1466,10b
113,6754,joint_improvement_95,0.02660300136425648,0.023874488403819918,1466,10b
113,6754,joint_quality_style_lower_95,0.0006821282401091405,0.0006821282401091405,1466,10b
113,6754,joint_quality_style_upper_95,0.0006821282401091405,0.0,1466,10b
113,6754,kendall_alpha_beta,-0.5852921045402268,-0.6098654833798174,1466,10b
113,6754,kendall_alpha_beta_minus_gaussian,-0.0024164232631858074,-0.02698980210277635,1466,10b
113,6754,kendall_quality_style,-0.15733648710940584,-0.1470668485675306,1466,10b
113,6754,kendall_quality_style_minus_gaussian,0.005899040811059436,0.016168679352934673,1466,10b
113,6754,kurtosis_alpha,0.09632081563559991,-0.20971518507523967,1466,10b
113,6754,kurtosis_beta,-0.08463011735721349,-0.17303897027458603,1466,10b
113,6754,kurtosis_quality,0.02718149563277894,-0.19896029884628286,1466,10b
113,6754,kurtosis_style,0.05412833035175568,0.05767827610498433,1466,10b
113,6754,lag1_squared_alpha,0.018624759395742853,-0.012232411616567374,1466,10b
113,6754,lag1_squared_beta,0.010491710035892549,0.005902161831544822,1466,10b
113,6754,lag1_squared_quality,0.004526423902893864,0.0006343467799678715,1466,10b
113,6754,lag1_squared_style,0.010310883737652496,-0.03122601364404331,1466,10b
114,6815,joint_collapse_95,0.0286493860845839,0.02592087312414734,1466,10b
114,6815,joint_direction_asymmetry,-0.002046384720327421,0.0006821282401091415,1466,10b
114,6815,joint_improvement_95,0.02660300136425648,0.02660300136425648,1466,10b
114,6815,joint_quality_style_lower_95,0.0,0.0006821282401091405,1466,10b
114,6815,joint_quality_style_upper_95,0.0,0.0,1466,10b
114,6815,kendall_alpha_beta,-0.652888452244039,-0.6489064995413678,1466,10b
114,6815,kendall_alpha_beta_minus_gaussian,0.0005438911548704128,0.004525843857541623,1466,10b
114,6815,kendall_quality_style,-0.38802713613230955,-0.3933333022922303,1466,10b
114,6815,kendall_quality_style_minus_gaussian,0.01952316912052815,0.014217002960607406,1466,10b
114,6815,kurtosis_alpha,-0.07113054793045848,-0.011377923485233588,1466,10b
114,6815,kurtosis_beta,-0.09251322343431179,-0.055021277911110555,1466,10b
114,6815,kurtosis_quality,-0.0792674671177287,-0.04391636831605661,1466,10b
114,6815,kurtosis_style,-0.14156064142149383,0.0769171699747111,1466,10b
114,6815,lag1_squared_alpha,0.04203748398007462,0.0060470104382317575,1466,10b
114,6815,lag1_squared_beta,0.05336577634657905,0.024063944246656806,1466,10b
114,6815,lag1_squared_quality,0.05876339940441806,0.024932527193714842,1466,10b
114,6815,lag1_squared_style,0.006116114784721414,0.0026712363255221258,1466,10b
115,6875,joint_collapse_95,0.030013642564802184,0.030695770804911322,1466,10b
115,6875,joint_direction_asymmetry,0.001364256480218283,-0.0027285129604365625,1466,10b
115,6875,joint_improvement_95,0.03137789904502047,0.02796725784447476,1466,10b
115,6875,joint_quality_style_lower_95,0.0034106412005457027,0.008867667121418827,1466,10b
115,6875,joint_quality_style_upper_95,0.004092769440654843,0.0047748976807639835,1466,10b
115,6875,kendall_alpha_beta,-0.6834738719275129,-0.6871969418305248,1466,10b
115,6875,kendall_alpha_beta_minus_gaussian,-0.0007257503516649999,-0.004448820254676966,1466,10b
115,6875,kendall_quality_style,0.1251139596496701,0.13373904055054497,1466,10b
115,6875,kendall_quality_style_minus_gaussian,-0.0022133452859434133,0.006411735614931469,1466,10b
115,6875,kurtosis_alpha,0.2938377512423971,0.09787998825060606,1466,10b
115,6875,kurtosis_beta,0.17789774781829504,-0.19331788877869238,1466,10b
115,6875,kurtosis_quality,0.2837590739524849,-0.08015919494613932,1466,10b
115,6875,kurtosis_style,0.011842521210509549,0.00723618042694163,1466,10b
115,6875,lag1_squared_alpha,0.051111287757588296,0.007037842643686152,1466,10b
115,6875,lag1_squared_beta,0.05502423693333348,0.007403373808462348,1466,10b
115,6875,lag1_squared_quality,0.05563661167852526,0.013203017717909852,1466,10b
115,6875,lag1_squared_style,-0.020049489352890977,-0.0144377005362587,1466,10b
116,6935,joint_collapse_95,0.019099590723055934,0.021828103683492497,1466,10b
116,6935,joint_direction_asymmetry,0.0027285129604365625,0.004092769440654842,1466,10b
116,6935,joint_improvement_95,0.021828103683492497,0.02592087312414734,1466,10b
116,6935,joint_quality_style_lower_95,0.0020463847203274215,0.001364256480218281,1466,10b
116,6935,joint_quality_style_upper_95,0.001364256480218281,0.002728512960436562,1466,10b
116,6935,kendall_alpha_beta,-0.49102710353915135,-0.5439881919643896,1466,10b
116,6935,kendall_alpha_beta_minus_gaussian,0.014618116662626468,-0.03834297176261181,1466,10b
116,6935,kendall_quality_style,-0.09811006243917886,-0.08888899235923242,1466,10b
116,6935,kendall_quality_style_minus_gaussian,0.004161288678247513,0.013382358758193949,1466,10b
116,6935,kurtosis_alpha,0.2651828300398247,0.008545481875368743,1466,10b
116,6935,kurtosis_beta,0.18606959915357546,0.08107708335908992,1466,10b
116,6935,kurtosis_quality,0.2539486294623279,0.005241081420683802,1466,10b
116,6935,kurtosis_style,-0.01637426944611331,0.03821652196614833,1466,10b
116,6935,lag1_squared_alpha,0.01221584616179872,-0.060136785024990154,1466,10b
116,6935,lag1_squared_beta,-0.0035310697050678842,-0.058710095932387865,1466,10b
116,6935,lag1_squared_quality,0.018735803682533896,-0.06156074967856297,1466,10b
116,6935,lag1_squared_style,-0.010778582606860432,-0.004643682154849484,1466,10b
117,6995,joint_collapse_95,0.0252387448840382,0.02455661664392906,1466,10b
117,6995,joint_direction_asymmetry,0.0013642564802182795,0.0047748976807639835,1466,10b
117,6995,joint_improvement_95,0.02660300136425648,0.029331514324693043,1466,10b
117,6995,joint_quality_style_lower_95,0.008185538881309686,0.0047748976807639835,1466,10b
117,6995,joint_quality_style_upper_95,0.007503410641200546,0.002728512960436562,1466,10b
117,6995,kendall_alpha_beta,-0.6288160768081055,-0.6258994547630246,1466,10b
117,6995,kendall_alpha_beta_minus_gaussian,-0.006516115678650514,-0.003599493633569595,1466,10b
117,6995,kendall_quality_style,0.14374793382657647,0.14862759523022406,1466,10b
117,6995,kendall_quality_style_minus_gaussian,0.015201516233288997,0.020081177636936592,1466,10b
117,6995,kurtosis_alpha,0.2082881280770268,0.06759755863976302,1466,10b
117,6995,kurtosis_beta,0.05551112109679224,0.08798414512936148,1466,10b
117,6995,kurtosis_quality,0.10654652547450905,0.0968694529259242,1466,10b
117,6995,kurtosis_style,0.19228706042488408,-0.13790204365037795,1466,10b
117,6995,lag1_squared_alpha,-0.010378102378938709,-0.044969071941956734,1466,10b
117,6995,lag1_squared_beta,0.0036730350903827706,0.014002401469046343,1466,10b
117,6995,lag1_squared_quality,-0.00030479367530676947,-0.01604068375421757,1466,10b
117,6995,lag1_squared_style,-0.061530369413958064,0.00504563529527478,1466,10b
118,7056,joint_collapse_95,0.03274215552523874,0.02660300136425648,1466,10b
118,7056,joint_direction_asymmetry,-0.006821282401091405,0.003410641200545704,1466,10b
118,7056,joint_improvement_95,0.02592087312414734,0.030013642564802184,1466,10b
118,7056,joint_quality_style_lower_95,0.0034106412005457027,0.001364256480218281,1466,10b
118,7056,joint_quality_style_upper_95,0.001364256480218281,0.0034106412005457027,1466,10b
118,7056,kendall_alpha_beta,-0.6274713762228254,-0.6371115011943065,1466,10b
118,7056,kendall_alpha_beta_minus_gaussian,0.004225698686990298,-0.0054144262844907365,1466,10b
118,7056,kendall_quality_style,-0.04335541907817242,-0.05895916077273733,1466,10b
118,7056,kendall_quality_style_minus_gaussian,-0.0036713828444784255,-0.019275124539043335,1466,10b
118,7056,kurtosis_alpha,0.25559234016686805,-0.1161190042312974,1466,10b
118,7056,kurtosis_beta,0.07579320431682612,0.14678151885802615,1466,10b
118,7056,kurtosis_quality,0.20011909403065564,0.02737542687739314,1466,10b
118,7056,kurtosis_style,-0.0015092738110284998,0.06475805261341971,1466,10b
118,7056,lag1_squared_alpha,0.07800859091854083,-0.00841250581456051,1466,10b
118,7056,lag1_squared_beta,0.05371382048868273,-0.004038666513266178,1466,10b
118,7056,lag1_squared_quality,0.07745013810869197,-0.007792019735140957,1466,10b
118,7056,lag1_squared_style,-0.005968166727047288,-0.011531613501637155,1466,10b
119,7116,joint_collapse_95,0.023192360163710776,0.023192360163710776,1466,10b
119,7116,joint_direction_asymmetry,0.0006821282401091415,0.0061391541609822665,1466,10b
119,7116,joint_improvement_95,0.023874488403819918,0.029331514324693043,1466,10b
119,7116,joint_quality_style_lower_95,0.0,0.001364256480218281,1466,10b
119,7116,joint_quality_style_upper_95,0.001364256480218281,0.001364256480218281,1466,10b
119,7116,kendall_alpha_beta,-0.5768197458664892,-0.5755830683199159,1466,10b
119,7116,kendall_alpha_beta_minus_gaussian,-0.0032814419231891323,-0.0020447643766158263,1466,10b
119,7116,kendall_quality_style,-0.14383174480488337,-0.176259143544925,1466,10b
119,7116,kendall_quality_style_minus_gaussian,-0.003634019422852075,-0.03606141816289371,1466,10b
119,7116,kurtosis_alpha,0.052954208659924173,0.3451874963251349,1466,10b
119,7116,kurtosis_beta,-0.12740966457929837,0.024725850096398272,1466,10b
119,7116,kurtosis_quality,-0.02696562286147941,0.1881268601745516,1466,10b
119,7116,kurtosis_style,0.008683251581846019,7.751319427606873e-5,1466,10b
119,7116,lag1_squared_alpha,-0.010917412381220805,-0.02998752190342484,1466,10b
119,7116,lag1_squared_beta,0.004849241758710106,-0.013763174002978667,1466,10b
119,7116,lag1_squared_quality,0.0011799536378524504,-0.025470629048351394,1466,10b
119,7116,lag1_squared_style,-0.042355405395114835,-0.005025205484655563,1466,10b
120,7176,joint_collapse_95,0.029331514324693043,0.022510231923601638,1466,10b
120,7176,joint_direction_asymmetry,-0.004092769440654842,0.006821282401091405,1466,10b
120,7176,joint_improvement_95,0.0252387448840382,0.029331514324693043,1466,10b
120,7176,joint_quality_style_lower_95,0.0,0.0,1466,10b
120,7176,joint_quality_style_upper_95,0.0,0.0,1466,10b
120,7176,kendall_alpha_beta,-0.5916636013577379,-0.5647658647197686,1466,10b
120,7176,kendall_alpha_beta_minus_gaussian,-0.01030113975408431,0.01659659688388493,1466,10b
120,7176,kendall_quality_style,-0.2431719661589895,-0.21703970312289012,1466,10b
120,7176,kendall_quality_style_minus_gaussian,-0.007393338169245145,0.018738924866854245,1466,10b
120,7176,kurtosis_alpha,0.02549571995490707,-0.17954524388129833,1466,10b
120,7176,kurtosis_beta,-0.030676494475536664,0.049067514974306725,1466,10b
120,7176,kurtosis_quality,0.02904002842256226,-0.015211245922548411,1466,10b
120,7176,kurtosis_style,-0.007252190899104338,-0.18362389962410397,1466,10b
120,7176,lag1_squared_alpha,0.05523731182414258,0.0015384192130273068,1466,10b
120,7176,lag1_squared_beta,0.028956577891700825,-0.005603093564734561,1466,10b
120,7176,lag1_squared_quality,0.05364111657676081,-0.007779389341506764,1466,10b
120,7176,lag1_squared_style,-0.0039445315711095835,-0.03910133948780762,1466,10b
121,7237,joint_collapse_95,0.034788540245566164,0.034106412005457026,1466,10b
121,7237,joint_direction_asymmetry,0.002046384720327421,-0.001364256480218283,1466,10b
121,7237,joint_improvement_95,0.036834924965893585,0.03274215552523874,1466,10b
121,7237,joint_quality_style_lower_95,0.0,0.0,1466,10b
121,7237,joint_quality_style_upper_95,0.0,0.0,1466,10b
121,7237,kendall_alpha_beta,-0.7325815178168171,-0.7198310743170568,1466,10b
121,7237,kendall_alpha_beta_minus_gaussian,-0.004541177815500674,0.008209265684259615,1466,10b
121,7237,kendall_quality_style,-0.27922372409425944,-0.28390037668378576,1466,10b
121,7237,kendall_quality_style_minus_gaussian,-0.010391502299293476,-0.015068154888819796,1466,10b
121,7237,kurtosis_alpha,0.15559167834459942,0.04499168956487276,1466,10b
121,7237,kurtosis_beta,0.04252506463601957,0.05309996145187634,1466,10b
121,7237,kurtosis_quality,0.11141058996307462,0.05921674548908129,1466,10b
121,7237,kurtosis_style,0.12873540070748835,-0.05613305409878988,1466,10b
121,7237,lag1_squared_alpha,0.004413142762470269,0.012821571581018541,1466,10b
121,7237,lag1_squared_beta,0.020654066593314088,0.0030933014246547416,1466,10b
121,7237,lag1_squared_quality,0.013639193756779647,0.004990024863384987,1466,10b
121,7237,lag1_squared_style,0.008887391181254305,0.020671251569775187,1466,10b
122,7297,joint_collapse_95,0.030695770804911322,0.032060027285129605,1466,10b
122,7297,joint_direction_asymmetry,0.002728512960436566,0.001364256480218283,1466,10b
122,7297,joint_improvement_95,0.03342428376534789,0.03342428376534789,1466,10b
122,7297,joint_quality_style_lower_95,0.006139154160982265,0.0034106412005457027,1466,10b
122,7297,joint_quality_style_upper_95,0.0006821282401091405,0.002728512960436562,1466,10b
122,7297,kendall_alpha_beta,-0.7475222215496651,-0.7514483002667982,1466,10b
122,7297,kendall_alpha_beta_minus_gaussian,0.0002963287912833845,-0.0036297499258497457,1466,10b
122,7297,kendall_quality_style,0.0031205620922944988,0.001753511912799377,1466,10b
122,7297,kendall_quality_style_minus_gaussian,0.0024574979027034444,0.0010904477232083227,1466,10b
122,7297,kurtosis_alpha,0.025810409579153593,-0.1899526731854766,1466,10b
122,7297,kurtosis_beta,0.10352562077369498,-0.201022440467844,1466,10b
122,7297,kurtosis_quality,0.05731507153072979,-0.210155310400995,1466,10b
122,7297,kurtosis_style,-0.056212442202600243,0.24338559807179783,1466,10b
122,7297,lag1_squared_alpha,0.06865219244146102,-0.0021876094990485326,1466,10b
122,7297,lag1_squared_beta,0.06340812604316844,-0.019288654778267186,1466,10b
122,7297,lag1_squared_quality,0.06834226098577188,-0.013077293689536631,1466,10b
122,7297,lag1_squared_style,-0.02931377713969266,-0.006231778543291692,1466,10b
123,7357,joint_collapse_95,0.032060027285129605,0.03274215552523874,1466,10b
123,7357,joint_direction_asymmetry,0.002728512960436559,-0.000682128240109138,1466,10b
123,7357,joint_improvement_95,0.034788540245566164,0.032060027285129605,1466,10b
123,7357,joint_quality_style_lower_95,0.0,0.0,1466,10b
123,7357,joint_quality_style_upper_95,0.0006821282401091405,0.0,1466,10b
123,7357,kendall_alpha_beta,-0.7302292230256695,-0.7356340998933739,1466,10b
123,7357,kendall_alpha_beta_minus_gaussian,-0.0073732628192886285,-0.01277813968699304,1466,10b
123,7357,kendall_quality_style,-0.3096228971592734,-0.3314025767219664,1466,10b
123,7357,kendall_quality_style_minus_gaussian,-0.007959171442100621,-0.02973885100479362,1466,10b
123,7357,kurtosis_alpha,-0.08375700100161065,-0.06714621241015672,1466,10b
123,7357,kurtosis_beta,-0.09842170038293752,-0.08320520338834658,1466,10b
123,7357,kurtosis_quality,-0.07992808446741106,-0.0983801750388249,1466,10b
123,7357,kurtosis_style,-0.044965127586454656,0.15122884355931276,1466,10b
123,7357,lag1_squared_alpha,0.038643900651814285,-0.02713617546696302,1466,10b
123,7357,lag1_squared_beta,0.004229469826097601,-0.042177069765176406,1466,10b
123,7357,lag1_squared_quality,0.024373333230861927,-0.03896159984573872,1466,10b
123,7357,lag1_squared_style,-0.031239175899979422,0.010999010546064019,1466,10b
124,7417,joint_collapse_95,0.023874488403819918,0.027285129604365622,1466,10b
124,7417,joint_direction_asymmetry,0.0,-0.001364256480218283,1466,10b
124,7417,joint_improvement_95,0.023874488403819918,0.02592087312414734,1466,10b
124,7417,joint_quality_style_lower_95,0.0,0.0,1466,10b
124,7417,joint_quality_style_upper_95,0.0,0.0,1466,10b
124,7417,kendall_alpha_beta,-0.6169540296783986,-0.6214425731832807,1466,10b
124,7417,kendall_alpha_beta_minus_gaussian,-0.009838740871793816,-0.014327284376675853,1466,10b
124,7417,kendall_quality_style,-0.2703807346497866,-0.2672946281819071,1466,10b
124,7417,kendall_quality_style_minus_gaussian,-0.01086889830197707,-0.007782791834097524,1466,10b
124,7417,kurtosis_alpha,0.007632150741759602,0.04931184959982371,1466,10b
124,7417,kurtosis_beta,-0.027088870917995056,0.04929872879570407,1466,10b
124,7417,kurtosis_quality,0.012586522412608936,0.06933887469649713,1466,10b
124,7417,kurtosis_style,-0.05181543953693568,-0.033408293494311625,1466,10b
124,7417,lag1_squared_alpha,0.037835509757692246,-0.009700616015576915,1466,10b
124,7417,lag1_squared_beta,0.0030070075976791444,-0.011922267967214274,1466,10b
124,7417,lag1_squared_quality,0.016321531257286217,-0.009465344531383207,1466,10b
124,7417,lag1_squared_style,-0.03737231409971327,-0.008570332187837182,1466,10b
125,7478,joint_collapse_95,0.02592087312414734,0.021828103683492497,1466,10b
125,7478,joint_direction_asymmetry,-0.0013642564802182795,0.005457025920873125,1466,10b
125,7478,joint_improvement_95,0.02455661664392906,0.027285129604365622,1466,10b
125,7478,joint_quality_style_lower_95,0.0006821282401091405,0.002728512960436562,1466,10b
125,7478,joint_quality_style_upper_95,0.0006821282401091405,0.001364256480218281,1466,10b
125,7478,kendall_alpha_beta,-0.6073418416996867,-0.6157844009144708,1466,10b
125,7478,kendall_alpha_beta_minus_gaussian,-0.0028817701577221744,-0.01132432937250627,1466,10b
125,7478,kendall_quality_style,-0.08985374984285444,-0.10130232947958029,1466,10b
125,7478,kendall_quality_style_minus_gaussian,0.009289439761370463,-0.0021591398753553898,1466,10b
125,7478,kurtosis_alpha,-0.09805899503604554,0.0823590693283367,1466,10b
125,7478,kurtosis_beta,0.002110085157068564,0.2099449184691351,1466,10b
125,7478,kurtosis_quality,-0.07725625666042646,0.11252883939497904,1466,10b
125,7478,kurtosis_style,0.1952964886512989,0.04541204024897283,1466,10b
125,7478,lag1_squared_alpha,0.0011480201680259504,0.028177101674381626,1466,10b
125,7478,lag1_squared_beta,-0.0029430267504137243,0.03254752226222198,1466,10b
125,7478,lag1_squared_quality,0.0037303459405048207,0.029509675679293444,1466,10b
125,7478,lag1_squared_style,0.008272781559553452,-0.0213104247672386,1466,10b
126,7538,joint_collapse_95,0.0286493860845839,0.02592087312414734,1466,10b
126,7538,joint_direction_asymmetry,0.0006821282401091415,0.0040927694406548455,1466,10b
126,7538,joint_improvement_95,0.029331514324693043,0.030013642564802184,1466,10b
126,7538,joint_quality_style_lower_95,0.0006821282401091405,0.0006821282401091405,1466,10b
126,7538,joint_quality_style_upper_95,0.0,0.0,1466,10b
126,7538,kendall_alpha_beta,-0.6654135373354628,-0.6584497762712496,1466,10b
126,7538,kendall_alpha_beta_minus_gaussian,-0.011193518787733447,-0.004229757723520189,1466,10b
126,7538,kendall_quality_style,-0.2203250934725216,-0.24936094129040964,1466,10b
126,7538,kendall_quality_style_minus_gaussian,0.029801821873962464,0.0007659740560744255,1466,10b
126,7538,kurtosis_alpha,-0.060352860416749365,-0.0522597342298492,1466,10b
126,7538,kurtosis_beta,0.17381073551883608,-0.047255188171521745,1466,10b
126,7538,kurtosis_quality,0.05340825660781778,-0.06651745817939636,1466,10b
126,7538,kurtosis_style,0.057181575044011446,-0.021840121084133912,1466,10b
126,7538,lag1_squared_alpha,-0.0006429279450752953,-0.04509198576480212,1466,10b
126,7538,lag1_squared_beta,-0.027999173388944792,-0.024173880573549935,1466,10b
126,7538,lag1_squared_quality,-0.019480089424421455,-0.04041720838488955,1466,10b
126,7538,lag1_squared_style,-0.0038540381400529373,0.012971058426232354,1466,10b
127,7598,joint_collapse_95,0.030695770804911322,0.0286493860845839,1466,10b
127,7598,joint_direction_asymmetry,0.003410641200545704,0.002728512960436566,1466,10b
127,7598,joint_improvement_95,0.034106412005457026,0.03137789904502047,1466,10b
127,7598,joint_quality_style_lower_95,0.0,0.0006821282401091405,1466,10b
127,7598,joint_quality_style_upper_95,0.0,0.001364256480218281,1466,10b
127,7598,kendall_alpha_beta,-0.7097011207390267,-0.6806205737327082,1466,10b
127,7598,kendall_alpha_beta_minus_gaussian,-0.020713968593839782,0.008366578412478676,1466,10b
127,7598,kendall_quality_style,-0.09692180901340519,-0.09824974740302372,1466,10b
127,7598,kendall_quality_style_minus_gaussian,-0.01912979909077464,-0.020457737480393173,1466,10b
127,7598,kurtosis_alpha,0.08644615339509842,0.08232796999768954,1466,10b
127,7598,kurtosis_beta,0.14208483392095905,0.06126390830994355,1466,10b
127,7598,kurtosis_quality,0.13614113662772231,0.09620516913936727,1466,10b
127,7598,kurtosis_style,0.06878732995738757,-0.20522856512488863,1466,10b
127,7598,lag1_squared_alpha,0.005187185495523394,0.0233795244167028,1466,10b
127,7598,lag1_squared_beta,0.023588941775666263,0.01735040559605214,1466,10b
127,7598,lag1_squared_quality,0.015901430857943447,0.022025217681724416,1466,10b
127,7598,lag1_squared_style,0.01701747012935151,0.02457040287177668,1466,10b
128,7659,joint_collapse_95,0.03137789904502047,0.03274215552523874,1466,10b
128,7659,joint_direction_asymmetry,-0.001364256480218283,-0.002728512960436559,1466,10b
128,7659,joint_improvement_95,0.030013642564802184,0.030013642564802184,1466,10b
128,7659,joint_quality_style_lower_95,0.0006821282401091405,0.001364256480218281,1466,10b
128,7659,joint_quality_style_upper_95,0.0006821282401091405,0.0,1466,10b
128,7659,kendall_alpha_beta,-0.6873180021325238,-0.655067537680019,1466,10b
128,7659,kendall_alpha_beta_minus_gaussian,-0.019083872559114146,0.013166591893390645,1466,10b
128,7659,kendall_quality_style,-0.15193906010643987,-0.15141011971001395,1466,10b
128,7659,kendall_quality_style_minus_gaussian,-0.0068400538514762355,-0.00631111345505031,1466,10b
128,7659,kurtosis_alpha,0.009802834199989618,0.2675621634923453,1466,10b
128,7659,kurtosis_beta,-0.18996936702115752,0.1979262013537011,1466,10b
128,7659,kurtosis_quality,-0.10454720124585304,0.2993636226101626,1466,10b
128,7659,kurtosis_style,-0.18924536149846372,0.01592882584165345,1466,10b
128,7659,lag1_squared_alpha,-0.006121399121969103,0.0022039734579278793,1466,10b
128,7659,lag1_squared_beta,-0.025641756187761093,0.015379513340813604,1466,10b
128,7659,lag1_squared_quality,-0.019765363684019037,0.0073007240211042,1466,10b
128,7659,lag1_squared_style,0.0018131947571011578,0.02144874331206817,1466,10b
129,7719,joint_collapse_95,0.040927694406548434,0.034788540245566164,1466,10b
129,7719,joint_direction_asymmetry,-0.003410641200545704,0.002728512960436566,1466,10b
129,7719,joint_improvement_95,0.03751705320600273,0.03751705320600273,1466,10b
129,7719,joint_quality_style_lower_95,0.005457025920873124,0.005457025920873124,1466,10b
129,7719,joint_quality_style_upper_95,0.006139154160982265,0.002728512960436562,1466,10b
129,7719,kendall_alpha_beta,-0.8027778683143285,-0.7901484851165672,1466,10b
129,7719,kendall_alpha_beta_minus_gaussian,-0.00688667631812101,0.005742706879640291,1466,10b
129,7719,kendall_quality_style,0.1419953531468694,0.15545353379677695,1466,10b
129,7719,kendall_quality_style_minus_gaussian,-0.0051344617846678375,0.008323718865239721,1466,10b
129,7719,kurtosis_alpha,0.11934608504726985,0.012062606121252983,1466,10b
129,7719,kurtosis_beta,0.020499638285386368,0.09657816034908917,1466,10b
129,7719,kurtosis_quality,0.0809163771486352,0.060913467644732044,1466,10b
129,7719,kurtosis_style,0.11581675797033819,0.20703189055278148,1466,10b
129,7719,lag1_squared_alpha,0.024242771770949714,0.045545343532595865,1466,10b
129,7719,lag1_squared_beta,0.05622874766260673,0.06239873646439185,1466,10b
129,7719,lag1_squared_quality,0.042551236532487435,0.05594683100368524,1466,10b
129,7719,lag1_squared_style,-0.02039682968195974,-0.001303997270156009,1466,10b
130,7779,joint_collapse_95,0.03342428376534789,0.030013642564802184,1466,10b
130,7779,joint_direction_asymmetry,-0.000682128240109145,0.0,1466,10b
130,7779,joint_improvement_95,0.03274215552523874,0.030013642564802184,1466,10b
130,7779,joint_quality_style_lower_95,0.0006821282401091405,0.0,1466,10b
130,7779,joint_quality_style_upper_95,0.0,0.0,1466,10b
130,7779,kendall_alpha_beta,-0.7241780703919094,-0.7344551587985231,1466,10b
130,7779,kendall_alpha_beta_minus_gaussian,0.001494888707726738,-0.008782199698886939,1466,10b
130,7779,kendall_quality_style,-0.2861912100908417,-0.3230699030120734,1466,10b
130,7779,kendall_quality_style_minus_gaussian,0.027386295296923935,-0.009492397624307758,1466,10b
130,7779,kurtosis_alpha,-0.02701371449646972,-0.1921970459993485,1466,10b
130,7779,kurtosis_beta,0.09843293733906888,-0.11410058234475651,1466,10b
130,7779,kurtosis_quality,0.03911536463145149,-0.1747297577643261,1466,10b
130,7779,kurtosis_style,0.1277406898017821,-0.04808210829377613,1466,10b
130,7779,lag1_squared_alpha,-0.020187533495953393,0.004454715283065889,1466,10b
130,7779,lag1_squared_beta,0.019520727523601393,0.00939616679904801,1466,10b
130,7779,lag1_squared_quality,-0.0007799622575975758,0.009119668333323052,1466,10b
130,7779,lag1_squared_style,0.02434611632417295,0.024017730364377998,1466,10b
131,7840,joint_collapse_95,0.029331514324693043,0.029331514324693043,1466,10b
131,7840,joint_direction_asymmetry,-0.001364256480218283,-0.0006821282401091415,1466,10b
131,7840,joint_improvement_95,0.02796725784447476,0.0286493860845839,1466,10b
131,7840,joint_quality_style_lower_95,0.0006821282401091405,0.0,1466,10b
131,7840,joint_quality_style_upper_95,0.0006821282401091405,0.0,1466,10b
131,7840,kendall_alpha_beta,-0.6530840111934217,-0.6289054751849661,1466,10b
131,7840,kendall_alpha_beta_minus_gaussian,-0.023175545638987716,0.0010029903694679376,1466,10b
131,7840,kendall_quality_style,-0.22005689834193953,-0.21244686151167058,1466,10b
131,7840,kendall_quality_style_minus_gaussian,0.0009859716264536134,0.008596008456722565,1466,10b
131,7840,kurtosis_alpha,-0.028848535434666367,0.011179303260674622,1466,10b
131,7840,kurtosis_beta,0.10633435687474124,-0.0037570302355636187,1466,10b
131,7840,kurtosis_quality,0.03325585953046062,0.07186115210745347,1466,10b
131,7840,kurtosis_style,0.09923475486689526,0.12678988097777077,1466,10b
131,7840,lag1_squared_alpha,-0.010205366370752342,0.010440784113939063,1466,10b
131,7840,lag1_squared_beta,-0.027527564180150923,6.494594438132882e-5,1466,10b
131,7840,lag1_squared_quality,-0.03515657135634622,0.010389997236300063,1466,10b
131,7840,lag1_squared_style,-0.008507980656722878,-0.008240839372200036,1466,10b
132,7900,joint_collapse_95,0.030695770804911322,0.032060027285129605,1466,10b
132,7900,joint_direction_asymmetry,0.001364256480218283,0.000682128240109138,1466,10b
132,7900,joint_improvement_95,0.032060027285129605,0.03274215552523874,1466,10b
132,7900,joint_quality_style_lower_95,0.0034106412005457027,0.004092769440654843,1466,10b
132,7900,joint_quality_style_upper_95,0.0006821282401091405,0.0020463847203274215,1466,10b
132,7900,kendall_alpha_beta,-0.7048084220720867,-0.7051585657147912,1466,10b
132,7900,kendall_alpha_beta_minus_gaussian,-0.008513249198875417,-0.008863392841579887,1466,10b
132,7900,kendall_quality_style,-0.13073674506097244,-0.10259488101169167,1466,10b
132,7900,kendall_quality_style_minus_gaussian,-0.01626346356040906,0.011878400488871704,1466,10b
132,7900,kurtosis_alpha,0.09586489336723236,-0.11364157383558338,1466,10b
132,7900,kurtosis_beta,0.1116551196725939,-0.10890633275595762,1466,10b
132,7900,kurtosis_quality,0.09602855627191564,-0.1491522981737683,1466,10b
132,7900,kurtosis_style,-0.22202059643528482,0.13675318773179024,1466,10b
132,7900,lag1_squared_alpha,-0.00602083627965151,-0.011765294704746493,1466,10b
132,7900,lag1_squared_beta,-0.02162898355080622,0.03586053333527498,1466,10b
132,7900,lag1_squared_quality,-0.01535416101332448,0.01857154466390354,1466,10b
132,7900,lag1_squared_style,0.028691791863871264,-0.026780725089951236,1466,10b
133,7960,joint_collapse_95,0.020463847203274217,0.01637107776261937,1466,10b
133,7960,joint_direction_asymmetry,-0.0047748976807639835,0.002046384720327421,1466,10b
133,7960,joint_improvement_95,0.015688949522510234,0.018417462482946793,1466,10b
133,7960,joint_quality_style_lower_95,0.0047748976807639835,0.005457025920873124,1466,10b
133,7960,joint_quality_style_upper_95,0.006139154160982265,0.005457025920873124,1466,10b
133,7960,kendall_alpha_beta,-0.44936559745587124,-0.42926586239168585,1466,10b
133,7960,kendall_alpha_beta_minus_gaussian,-0.006708713976106784,0.013391021088078603,1466,10b
133,7960,kendall_quality_style,0.11587612737406239,0.0822642001406162,1466,10b
133,7960,kendall_quality_style_minus_gaussian,0.01250331098462533,-0.021108616248820863,1466,10b
133,7960,kurtosis_alpha,0.280760623532057,0.19101199876456354,1466,10b
133,7960,kurtosis_beta,0.22250276727611107,-0.03467416390576483,1466,10b
133,7960,kurtosis_quality,0.32641762583457545,0.08479946369134117,1466,10b
133,7960,kurtosis_style,0.04022500767463333,-0.10661183767182081,1466,10b
133,7960,lag1_squared_alpha,0.02297598755866581,-0.021889516231691747,1466,10b
133,7960,lag1_squared_beta,-0.021514089614838538,0.020110980718302092,1466,10b
133,7960,lag1_squared_quality,0.008371997271651511,0.0037266481653720233,1466,10b
133,7960,lag1_squared_style,0.03266524546750573,-0.014362672104071854,1466,10b
134,8020,joint_collapse_95,0.0252387448840382,0.023874488403819918,1466,10b
134,8020,joint_direction_asymmetry,0.000682128240109138,0.001364256480218283,1466,10b
134,8020,joint_improvement_95,0.02592087312414734,0.0252387448840382,1466,10b
134,8020,joint_quality_style_lower_95,0.0,0.0,1466,10b
134,8020,joint_quality_style_upper_95,0.0,0.0,1466,10b
134,8020,kendall_alpha_beta,-0.5952488487630896,-0.5961949815848655,1466,10b
134,8020,kendall_alpha_beta_minus_gaussian,-0.0007992797217604153,-0.0017454125435363288,1466,10b
134,8020,kendall_quality_style,-0.2974125688530467,-0.31403135461821763,1466,10b
134,8020,kendall_quality_style_minus_gaussian,0.012638335683753388,-0.003980450081417564,1466,10b
134,8020,kurtosis_alpha,0.14925349436955537,-0.007077636112277297,1466,10b
134,8020,kurtosis_beta,-0.07786659511902139,-0.09665794686707452,1466,10b
134,8020,kurtosis_quality,0.012889163650960711,-0.04339209831711255,1466,10b
134,8020,kurtosis_style,-0.02766960969183918,-0.16627642895650885,1466,10b
134,8020,lag1_squared_alpha,-0.023151847945463502,-0.037699583544258466,1466,10b
134,8020,lag1_squared_beta,-0.017138681894353674,0.00026140987353226577,1466,10b
134,8020,lag1_squared_quality,-0.034688557452674386,-0.020816653928859473,1466,10b
134,8020,lag1_squared_style,0.016021289393342554,-0.01324199400037356,1466,10b
135,8081,joint_collapse_95,0.0286493860845839,0.030013642564802184,1466,10b
135,8081,joint_direction_asymmetry,-0.0006821282401091415,-0.0047748976807639835,1466,10b
135,8081,joint_improvement_95,0.02796725784447476,0.0252387448840382,1466,10b
135,8081,joint_quality_style_lower_95,0.0,0.0006821282401091405,1466,10b
135,8081,joint_quality_style_upper_95,0.0,0.0,1466,10b
135,8081,kendall_alpha_beta,-0.6720979284719861,-0.6772048107501547,1466,10b
135,8081,kendall_alpha_beta_minus_gaussian,0.006228787184688445,0.001121904906519866,1466,10b
135,8081,kendall_quality_style,-0.23409430597525716,-0.22117437805269846,1466,10b
135,8081,kendall_quality_style_minus_gaussian,-0.011815188244132774,0.00110473967842592,1466,10b
135,8081,kurtosis_alpha,-0.06649660681896741,-0.06004956821969243,1466,10b
135,8081,kurtosis_beta,0.016394021057489105,-0.06324891570451019,1466,10b
135,8081,kurtosis_quality,0.0072032839710152174,-0.06251666130620048,1466,10b
135,8081,kurtosis_style,0.004927138831565259,-0.06486434027671262,1466,10b
135,8081,lag1_squared_alpha,-0.0015220077226720222,-0.0072758349364138615,1466,10b
135,8081,lag1_squared_beta,-0.015496934665571543,-0.02545944779921592,1466,10b
135,8081,lag1_squared_quality,-0.009066159720337825,-0.021755304832365603,1466,10b
135,8081,lag1_squared_style,-0.010413038322748114,-0.045821083304040645,1466,10b
136,8141,joint_collapse_95,0.03547066848567531,0.032060027285129605,1466,10b
136,8141,joint_direction_asymmetry,-0.002728512960436566,0.000682128240109138,1466,10b
136,8141,joint_improvement_95,0.03274215552523874,0.03274215552523874,1466,10b
136,8141,joint_quality_style_lower_95,0.0006821282401091405,0.001364256480218281,1466,10b
136,8141,joint_quality_style_upper_95,0.001364256480218281,0.0,1466,10b
136,8141,kendall_alpha_beta,-0.7328385381502918,-0.7357272232026038,1466,10b
136,8141,kendall_alpha_beta_minus_gaussian,-0.007869838113722771,-0.010758523166034761,1466,10b
136,8141,kendall_quality_style,-0.11243242739874004,-0.11352383258291465,1466,10b
136,8141,kendall_quality_style_minus_gaussian,0.01175804341861346,0.01066663823443885,1466,10b
136,8141,kurtosis_alpha,-0.09451231519133962,-0.20319940706584028,1466,10b
136,8141,kurtosis_beta,0.004311294199918603,-0.16847538847506316,1466,10b
136,8141,kurtosis_quality,-0.06156303833331478,-0.1811422218509935,1466,10b
136,8141,kurtosis_style,0.13149177349587093,0.07302309789213801,1466,10b
136,8141,lag1_squared_alpha,0.020793830136346638,-0.009408080322232008,1466,10b
136,8141,lag1_squared_beta,0.014999649444037772,-0.02592532268773119,1466,10b
136,8141,lag1_squared_quality,0.01801045106608011,-0.014545007876799887,1466,10b
136,8141,lag1_squared_style,0.015255065223994236,-0.04809115939996705,1466,10b
137,8201,joint_collapse_95,0.02592087312414734,0.02796725784447476,1466,10b
137,8201,joint_direction_asymmetry,0.001364256480218283,-0.002728512960436559,1466,10b
137,8201,joint_improvement_95,0.027285129604365622,0.0252387448840382,1466,10b
137,8201,joint_quality_style_lower_95,0.0,0.0,1466,10b
137,8201,joint_quality_style_upper_95,0.0,0.0,1466,10b
137,8201,kendall_alpha_beta,-0.5893913926125278,-0.5881677523292468,1466,10b
137,8201,kendall_alpha_beta_minus_gaussian,0.0006554211213093408,0.0018790614045903764,1466,10b
137,8201,kendall_quality_style,-0.24603643915090156,-0.26460708947753164,1466,10b
137,8201,kendall_quality_style_minus_gaussian,0.012229668617852574,-0.0063409817087775044,1466,10b
137,8201,kurtosis_alpha,0.15263175975362175,-0.0812420592410632,1466,10b
137,8201,kurtosis_beta,0.12393543978618782,0.16233375471647715,1466,10b
137,8201,kurtosis_quality,0.20194857677924105,0.08630174283953984,1466,10b
137,8201,kurtosis_style,0.02254882053492313,0.03259442543199409,1466,10b
137,8201,lag1_squared_alpha,-0.005506556398047563,-0.02042219972832556,1466,10b
137,8201,lag1_squared_beta,-0.015360226221659692,-0.004636364704684039,1466,10b
137,8201,lag1_squared_quality,-0.009814884951155366,-0.006879611850767867,1466,10b
137,8201,lag1_squared_style,0.0035358099807065624,0.0014574599408235015,1466,10b
138,8262,joint_collapse_95,0.03342428376534789,0.03137789904502047,1466,10b
138,8262,joint_direction_asymmetry,0.0,0.001364256480218276,1466,10b
138,8262,joint_improvement_95,0.03342428376534789,0.03274215552523874,1466,10b
138,8262,joint_quality_style_lower_95,0.0006821282401091405,0.0020463847203274215,1466,10b
138,8262,joint_quality_style_upper_95,0.0006821282401091405,0.002728512960436562,1466,10b
138,8262,kendall_alpha_beta,-0.7053541246641741,-0.7037952404676653,1466,10b
138,8262,kendall_alpha_beta_minus_gaussian,-0.020334978142093285,-0.018776093945584438,1466,10b
138,8262,kendall_quality_style,-0.08424958909339808,-0.09983470612611689,1466,10b
138,8262,kendall_quality_style_minus_gaussian,0.027248213417676248,0.011663096384957439,1466,10b
138,8262,kurtosis_alpha,-0.03875561086911583,-0.024731535499751267,1466,10b
138,8262,kurtosis_beta,-0.20420771780205094,-0.03426128848790988,1466,10b
138,8262,kurtosis_quality,-0.1280976170870458,-0.019633016175025553,1466,10b
138,8262,kurtosis_style,-0.009879480367364746,-0.060967429711227705,1466,10b
138,8262,lag1_squared_alpha,0.03161027518810989,-0.03330842050971011,1466,10b
138,8262,lag1_squared_beta,-0.00395428945610407,-0.008432155826099373,1466,10b
138,8262,lag1_squared_quality,0.015055854251921914,-0.021995779878670983,1466,10b
138,8262,lag1_squared_style,-0.00980113325185828,0.0030028580075259184,1466,10b
139,8322,joint_collapse_95,0.0286493860845839,0.03137789904502047,1466,10b
139,8322,joint_direction_asymmetry,-0.0006821282401091415,0.0,1466,10b
139,8322,joint_improvement_95,0.02796725784447476,0.03137789904502047,1466,10b
139,8322,joint_quality_style_lower_95,0.0,0.0,1466,10b
139,8322,joint_quality_style_upper_95,0.0006821282401091405,0.0,1466,10b
139,8322,kendall_alpha_beta,-0.6823061056297697,-0.6640576619530751,1466,10b
139,8322,kendall_alpha_beta_minus_gaussian,-0.011779638532604442,0.006468805144090095,1466,10b
139,8322,kendall_quality_style,-0.22395131513393451,-0.18753823875885245,1466,10b
139,8322,kendall_quality_style_minus_gaussian,-0.022404613172403443,0.014008463202678623,1466,10b
139,8322,kurtosis_alpha,0.27045710537687784,0.21837873896738902,1466,10b
139,8322,kurtosis_beta,0.12779599345983028,0.014097041793761367,1466,10b
139,8322,kurtosis_quality,0.2214848533749687,0.1217223541578556,1466,10b
139,8322,kurtosis_style,0.04685064820633311,0.011381820466869641,1466,10b
139,8322,lag1_squared_alpha,0.030330948147024764,0.008990190122078474,1466,10b
139,8322,lag1_squared_beta,0.0070852485963425246,0.015469181923604969,1466,10b
139,8322,lag1_squared_quality,0.022503033205202874,0.011518391915057043,1466,10b
139,8322,lag1_squared_style,-0.023336866902951264,-0.03316060998258003,1466,10b
140,8382,joint_collapse_95,0.02592087312414734,0.02592087312414734,1466,10b
140,8382,joint_direction_asymmetry,0.003410641200545704,0.001364256480218283,1466,10b
140,8382,joint_improvement_95,0.029331514324693043,0.027285129604365622,1466,10b
140,8382,joint_quality_style_lower_95,0.001364256480218281,0.0006821282401091405,1466,10b
140,8382,joint_quality_style_upper_95,0.001364256480218281,0.0020463847203274215,1466,10b
140,8382,kendall_alpha_beta,-0.6279071933100215,-0.6250240956562632,1466,10b
140,8382,kendall_alpha_beta_minus_gaussian,-0.0029851423331318516,-0.00010204467937346973,1466,10b
140,8382,kendall_quality_style,-0.02411800585745616,-0.07545688623590929,1466,10b
140,8382,kendall_quality_style_minus_gaussian,0.020154586993489404,-0.03118429338496373,1466,10b
140,8382,kurtosis_alpha,0.039761686798470475,0.1633068317626476,1466,10b
140,8382,kurtosis_beta,0.03336454579418291,0.13618749993303503,1466,10b
140,8382,kurtosis_quality,0.037580400515836665,0.16293278399860744,1466,10b
140,8382,kurtosis_style,-0.1577938412494846,0.06434684662785539,1466,10b
140,8382,lag1_squared_alpha,0.013253244582765332,-0.005118279186746562,1466,10b
140,8382,lag1_squared_beta,0.0031941056776858675,-0.02123024577908012,1466,10b
140,8382,lag1_squared_quality,0.011261487348644596,-0.014335000449906057,1466,10b
140,8382,lag1_squared_style,-0.019765358103020172,0.018702081711602207,1466,10b
141,8443,joint_collapse_95,0.03956343792633015,0.03751705320600273,1466,10b
141,8443,joint_direction_asymmetry,0.002046384720327421,0.000682128240109138,1466,10b
141,8443,joint_improvement_95,0.04160982264665757,0.03819918144611187,1466,10b
141,8443,joint_quality_style_lower_95,0.006139154160982265,0.004092769440654843,1466,10b
141,8443,joint_quality_style_upper_95,0.002728512960436562,0.004092769440654843,1466,10b
141,8443,kendall_alpha_beta,-0.8210933607736683,-0.8227956548663913,1466,10b
141,8443,kendall_alpha_beta_minus_gaussian,0.0015375581380900893,-0.00016473595463284418,1466,10b
141,8443,kendall_quality_style,0.08345059110020536,0.12839562506693236,1466,10b
141,8443,kendall_quality_style_minus_gaussian,-0.019978624907361603,0.024966409059365396,1466,10b
141,8443,kurtosis_alpha,-0.036716998891312524,0.047751876681017436,1466,10b
141,8443,kurtosis_beta,0.15265458745583915,0.11988929165452378,1466,10b
141,8443,kurtosis_quality,0.060104902461023624,0.0835866864970658,1466,10b
141,8443,kurtosis_style,0.047632871162567536,0.0054928964755092125,1466,10b
141,8443,lag1_squared_alpha,0.004689362770781843,-0.050954623972165006,1466,10b
141,8443,lag1_squared_beta,0.010904619090766343,-0.048562935764713766,1466,10b
141,8443,lag1_squared_quality,0.007612824060259339,-0.051870647894776675,1466,10b
141,8443,lag1_squared_style,0.03481749599909444,-0.021531433114999443,1466,10b
142,8503,joint_collapse_95,0.021145975443383355,0.019781718963165076,1466,10b
142,8503,joint_direction_asymmetry,0.0040927694406548455,0.0013642564802182795,1466,10b
142,8503,joint_improvement_95,0.0252387448840382,0.021145975443383355,1466,10b
142,8503,joint_quality_style_lower_95,0.0,0.0,1466,10b
142,8503,joint_quality_style_upper_95,0.0,0.0006821282401091405,1466,10b
142,8503,kendall_alpha_beta,-0.5699863574351978,-0.5304815871936825,1466,10b
142,8503,kendall_alpha_beta_minus_gaussian,-0.010933585801617074,0.028571184439898145,1466,10b
142,8503,kendall_quality_style,-0.33225372376832785,-0.3386550200447924,1466,10b
142,8503,kendall_quality_style_minus_gaussian,-0.0002583367983655105,-0.006659633074830085,1466,10b
142,8503,kurtosis_alpha,-0.0111152535041521,-0.15337866386224075,1466,10b
142,8503,kurtosis_beta,-0.157481681347166,-0.1248998928198164,1466,10b
142,8503,kurtosis_quality,-0.10228234909490297,-0.1525222393096093,1466,10b
142,8503,kurtosis_style,-0.21989642792012631,-0.3462222440011926,1466,10b
142,8503,lag1_squared_alpha,0.007549188227098702,-0.008856998820528818,1466,10b
142,8503,lag1_squared_beta,0.014593376663647713,-0.010974300829568741,1466,10b
142,8503,lag1_squared_quality,0.009933234293109189,-0.024846031433155783,1466,10b
142,8503,lag1_squared_style,0.0008006806770471721,0.0027919782250838345,1466,10b
143,8563,joint_collapse_95,0.023192360163710776,0.02455661664392906,1466,10b
143,8563,joint_direction_asymmetry,0.0040927694406548455,-0.0047748976807639835,1466,10b
143,8563,joint_improvement_95,0.027285129604365622,0.019781718963165076,1466,10b
143,8563,joint_quality_style_lower_95,0.0006821282401091405,0.0006821282401091405,1466,10b
143,8563,joint_quality_style_upper_95,0.0006821282401091405,0.0006821282401091405,1466,10b
143,8563,kendall_alpha_beta,-0.5943343778664518,-0.598770772318165,1466,10b
143,8563,kendall_alpha_beta_minus_gaussian,-0.000529768821541543,-0.00496616327325472,1466,10b
143,8563,kendall_quality_style,-0.12010951301165429,-0.13626826962922944,1466,10b
143,8563,kendall_quality_style_minus_gaussian,0.009738286737457164,-0.0064204698801179905,1466,10b
143,8563,kurtosis_alpha,-0.07967309080472251,0.06740444698374448,1466,10b
143,8563,kurtosis_beta,-0.19623538461718093,-0.13371798671399437,1466,10b
143,8563,kurtosis_quality,-0.1291940909791438,-0.0731519715640605,1466,10b
143,8563,kurtosis_style,0.05988587570764814,-0.07028106213825813,1466,10b
143,8563,lag1_squared_alpha,0.027645839975068233,-0.023488974806483702,1466,10b
143,8563,lag1_squared_beta,0.07247476657550725,-0.011883118697300288,1466,10b
143,8563,lag1_squared_quality,0.06627921593770443,-0.02082288413457693,1466,10b
143,8563,lag1_squared_style,-0.054193673282385724,0.05550159395518602,1466,10b
144,8623,joint_collapse_95,0.019781718963165076,0.022510231923601638,1466,10b
144,8623,joint_direction_asymmetry,0.0047748976807639835,-0.001364256480218283,1466,10b
144,8623,joint_improvement_95,0.02455661664392906,0.021145975443383355,1466,10b
144,8623,joint_quality_style_lower_95,0.001364256480218281,0.0,1466,10b
144,8623,joint_quality_style_upper_95,0.001364256480218281,0.001364256480218281,1466,10b
144,8623,kendall_alpha_beta,-0.5119165242656063,-0.49977696967439433,1466,10b
144,8623,kendall_alpha_beta_minus_gaussian,-0.006341568334806147,0.005797986256405818,1466,10b
144,8623,kendall_quality_style,-0.06877249509938577,-0.05407949936908962,1466,10b
144,8623,kendall_quality_style_minus_gaussian,-0.004110364444076628,0.010582631286219515,1466,10b
144,8623,kurtosis_alpha,0.0037092079673679557,0.023402484887770747,1466,10b
144,8623,kurtosis_beta,-0.09185192048267465,0.07889138697926468,1466,10b
144,8623,kurtosis_quality,-0.06984500633740875,0.11873587444773159,1466,10b
144,8623,kurtosis_style,-0.08632629623570409,-0.002350127543997882,1466,10b
144,8623,lag1_squared_alpha,0.03398750561370206,-0.041529429498666004,1466,10b
144,8623,lag1_squared_beta,0.02877030732246392,-0.016989151715732967,1466,10b
144,8623,lag1_squared_quality,0.03373150279541634,-0.030191947855670708,1466,10b
144,8623,lag1_squared_style,-0.0157870737050907,0.02497568171108146,1466,10b
145,8684,joint_collapse_95,0.0252387448840382,0.027285129604365622,1466,10b
145,8684,joint_direction_asymmetry,0.0034106412005457006,-0.0040927694406548455,1466,10b
145,8684,joint_improvement_95,0.0286493860845839,0.023192360163710776,1466,10b
145,8684,joint_quality_style_lower_95,0.0,0.0006821282401091405,1466,10b
145,8684,joint_quality_style_upper_95,0.0,0.0,1466,10b
145,8684,kendall_alpha_beta,-0.6324124990105648,-0.6189952926167184,1466,10b
145,8684,kendall_alpha_beta_minus_gaussian,-0.000372050376980293,0.013045156016866177,1466,10b
145,8684,kendall_quality_style,-0.21600230945806898,-0.20825258766395516,1466,10b
145,8684,kendall_quality_style_minus_gaussian,-0.008069436053674522,-0.000319714259560705,1466,10b
145,8684,kurtosis_alpha,0.19122097079529965,-0.054140779936837635,1466,10b
145,8684,kurtosis_beta,-0.016196126521477616,-0.02818194976931121,1466,10b
145,8684,kurtosis_quality,0.06390279184359038,-0.005506485363768743,1466,10b
145,8684,kurtosis_style,0.07423101751266747,-0.254907099120405,1466,10b
145,8684,lag1_squared_alpha,0.022715346085333255,-0.01889820409808551,1466,10b
145,8684,lag1_squared_beta,-0.008970950954177723,-0.003977419562663651,1466,10b
145,8684,lag1_squared_quality,0.008702327149401484,-0.013410854773241491,1466,10b
145,8684,lag1_squared_style,-0.0017402079013615376,0.03514825413338234,1466,10b
146,8744,joint_collapse_95,0.027285129604365622,0.023192360163710776,1466,10b
146,8744,joint_direction_asymmetry,0.0,0.0027285129604365625,1466,10b
146,8744,joint_improvement_95,0.027285129604365622,0.02592087312414734,1466,10b
146,8744,joint_quality_style_lower_95,0.0006821282401091405,0.001364256480218281,1466,10b
146,8744,joint_quality_style_upper_95,0.0,0.0,1466,10b
146,8744,kendall_alpha_beta,-0.5918386731790901,-0.5874227658554074,1466,10b
146,8744,kendall_alpha_beta_minus_gaussian,-0.0034803160203866756,0.0009355913032960128,1466,10b
146,8744,kendall_quality_style,-0.19905386717822404,-0.25706596389609304,1466,10b
146,8744,kendall_quality_style_minus_gaussian,0.042226389101121864,-0.015785707616747136,1466,10b
146,8744,kurtosis_alpha,-0.016467413329111835,0.1953952141052291,1466,10b
146,8744,kurtosis_beta,0.2415518578335094,0.006830328093816895,1466,10b
146,8744,kurtosis_quality,0.1326194941849801,0.04025705263338386,1466,10b
146,8744,kurtosis_style,0.13558171420982212,0.2620827634985705,1466,10b
146,8744,lag1_squared_alpha,0.03666730533708357,0.02881665476015335,1466,10b
146,8744,lag1_squared_beta,-0.019116440090846464,-0.005909449259506884,1466,10b
146,8744,lag1_squared_quality,0.0049457645037609315,0.009688035524490197,1466,10b
146,8744,lag1_squared_style,0.01575836854200221,-0.01201782478406171,1466,10b
147,8804,joint_collapse_95,0.034788540245566164,0.03547066848567531,1466,10b
147,8804,joint_direction_asymmetry,-0.001364256480218276,0.001364256480218276,1466,10b
147,8804,joint_improvement_95,0.03342428376534789,0.036834924965893585,1466,10b
147,8804,joint_quality_style_lower_95,0.0,0.0,1466,10b
147,8804,joint_quality_style_upper_95,0.0,0.0,1466,10b
147,8804,kendall_alpha_beta,-0.7658302641442667,-0.7547765273386755,1466,10b
147,8804,kendall_alpha_beta_minus_gaussian,-0.016570120750435735,-0.0055163839448445495,1466,10b
147,8804,kendall_quality_style,-0.32777449259436886,-0.35221377386866815,1466,10b
147,8804,kendall_quality_style_minus_gaussian,0.00017751690948158982,-0.024261764364817695,1466,10b
147,8804,kurtosis_alpha,-0.19593172824716643,0.15860876430627702,1466,10b
147,8804,kurtosis_beta,-0.15233323339997984,0.07353264167479567,1466,10b
147,8804,kurtosis_quality,-0.19562443288363962,0.11586623175791111,1466,10b
147,8804,kurtosis_style,-0.0544087568847873,-0.0020525355483460572,1466,10b
147,8804,lag1_squared_alpha,0.0703271804076805,0.00011352802580115033,1466,10b
147,8804,lag1_squared_beta,0.054343249491159026,-0.0007716996738593789,1466,10b
147,8804,lag1_squared_quality,0.06681728855594647,0.0005730609741346144,1466,10b
147,8804,lag1_squared_style,-0.023890486466648337,-0.005701453424029184,1466,10b
148,8865,joint_collapse_95,0.034788540245566164,0.03137789904502047,1466,10b
148,8865,joint_direction_asymmetry,-0.006139154160982263,-0.0034106412005457075,1466,10b
148,8865,joint_improvement_95,0.0286493860845839,0.02796725784447476,1466,10b
148,8865,joint_quality_style_lower_95,0.0,0.0,1466,10b
148,8865,joint_quality_style_upper_95,0.0,0.0006821282401091405,1466,10b
148,8865,kendall_alpha_beta,-0.6648380352844219,-0.673127872272069,1466,10b
148,8865,kendall_alpha_beta_minus_gaussian,-0.005095201717198128,-0.013385038704845309,1466,10b
148,8865,kendall_quality_style,-0.3073823503392017,-0.35765590006006454,1466,10b
148,8865,kendall_quality_style_minus_gaussian,0.011307135119506928,-0.038966414601355914,1466,10b
148,8865,kurtosis_alpha,0.20694520322457777,0.15085570964364559,1466,10b
148,8865,kurtosis_beta,-0.031018825220344937,0.0440511956194487,1466,10b
148,8865,kurtosis_quality,0.10543356136539694,0.12002031237661814,1466,10b
148,8865,kurtosis_style,0.015470624391697108,-0.16631409938860342,1466,10b
148,8865,lag1_squared_alpha,0.00848483825576351,-0.020297060884540002,1466,10b
148,8865,lag1_squared_beta,-0.017281418708112645,0.01654920396412495,1466,10b
148,8865,lag1_squared_quality,-0.01759589878072875,0.005057057343793168,1466,10b
148,8865,lag1_squared_style,0.03730254098628285,0.0029075748772931513,1466,10b
149,8925,joint_collapse_95,0.0286493860845839,0.029331514324693043,1466,10b
149,8925,joint_direction_asymmetry,-0.0027285129604365625,-0.008185538881309688,1466,10b
149,8925,joint_improvement_95,0.02592087312414734,0.021145975443383355,1466,10b
149,8925,joint_quality_style_lower_95,0.0006821282401091405,0.001364256480218281,1466,10b
149,8925,joint_quality_style_upper_95,0.0,0.0,1466,10b
149,8925,kendall_alpha_beta,-0.6076379738230377,-0.5993965609561902,1466,10b
149,8925,kendall_alpha_beta_minus_gaussian,0.005843340099413452,0.014084752966260994,1466,10b
149,8925,kendall_quality_style,-0.1898719088881542,-0.20154025953466292,1466,10b
149,8925,kendall_quality_style_minus_gaussian,0.003017366148297229,-0.0086509844982115,1466,10b
149,8925,kurtosis_alpha,0.036201439507285826,0.08387981171523018,1466,10b
149,8925,kurtosis_beta,0.009195359078077114,0.007676423603337312,1466,10b
149,8925,kurtosis_quality,0.06913253647949436,0.040865477845553055,1466,10b
149,8925,kurtosis_style,0.05066851071641176,0.08151430574269547,1466,10b
149,8925,lag1_squared_alpha,-0.0006383705228317425,-0.026662580552063244,1466,10b
149,8925,lag1_squared_beta,-0.031408492614384644,-0.01662063068955028,1466,10b
149,8925,lag1_squared_quality,-0.011656116116092402,-0.030955059428317683,1466,10b
149,8925,lag1_squared_style,0.03486646222566149,0.006405665144827312,1466,10b
150,8985,joint_collapse_95,0.02796725784447476,0.02592087312414734,1466,10b
150,8985,joint_direction_asymmetry,-0.002728512960436559,0.0040927694406548455,1466,10b
150,8985,joint_improvement_95,0.0252387448840382,0.030013642564802184,1466,10b
150,8985,joint_quality_style_lower_95,0.0,0.0,1466,10b
150,8985,joint_quality_style_upper_95,0.0006821282401091405,0.0,1466,10b
150,8985,kendall_alpha_beta,-0.6334890044652626,-0.6435984709152625,1466,10b
150,8985,kendall_alpha_beta_minus_gaussian,-0.002159878393276915,-0.012269344843276797,1466,10b
150,8985,kendall_quality_style,-0.19033752543430382,-0.2035051613594141,1466,10b
150,8985,kendall_quality_style_minus_gaussian,0.01954886438946926,0.0063812284643589845,1466,10b
150,8985,kurtosis_alpha,-0.04056371783688073,-0.13626554128773893,1466,10b
150,8985,kurtosis_beta,-0.10016821796593822,0.10303183130815396,1466,10b
150,8985,kurtosis_quality,-0.06533413037906621,-2.9901963187306535e-5,1466,10b
150,8985,kurtosis_style,-0.06107960435842452,-0.0735209312211107,1466,10b
150,8985,lag1_squared_alpha,-0.013253468095178675,0.00442742140726286,1466,10b
150,8985,lag1_squared_beta,-0.004985676450751023,0.007419299114866599,1466,10b
150,8985,lag1_squared_quality,-0.006814763662965912,-0.0033299458767432734,1466,10b
150,8985,lag1_squared_style,-0.015617704246492985,0.006621135127797029,1466,10b
151,9045,joint_collapse_95,0.020463847203274217,0.020463847203274217,1466,10b
151,9045,joint_direction_asymmetry,-0.0020463847203274245,-0.0006821282401091415,1466,10b
151,9045,joint_improvement_95,0.018417462482946793,0.019781718963165076,1466,10b
151,9045,joint_quality_style_lower_95,0.008867667121418827,0.006139154160982265,1466,10b
151,9045,joint_quality_style_upper_95,0.008185538881309686,0.009549795361527967,1466,10b
151,9045,kendall_alpha_beta,-0.5237785713953131,-0.5035782631571595,1466,10b
151,9045,kendall_alpha_beta_minus_gaussian,-0.02719369776429198,-0.006993389526138316,1466,10b
151,9045,kendall_quality_style,0.21570803980090236,0.22577094459628722,1466,10b
151,9045,kendall_quality_style_minus_gaussian,-0.007419773186919665,0.002643131608465188,1466,10b
151,9045,kurtosis_alpha,-0.038289301103247464,-0.0513245110387035,1466,10b
151,9045,kurtosis_beta,-0.09405790575008943,0.09603104606524804,1466,10b
151,9045,kurtosis_quality,-0.11466305112628161,-0.016596781444213615,1466,10b
151,9045,kurtosis_style,-0.06315312349524982,0.09153487996529464,1466,10b
151,9045,lag1_squared_alpha,0.05050136464589566,-0.017838268027001072,1466,10b
151,9045,lag1_squared_beta,0.023821683309575396,0.009421758078995847,1466,10b
151,9045,lag1_squared_quality,0.046531349121643806,-0.010662097626490336,1466,10b
151,9045,lag1_squared_style,-0.020243410553601023,-0.011607424468762142,1466,10b
152,9106,joint_collapse_95,0.027285129604365622,0.030013642564802184,1466,10b
152,9106,joint_direction_asymmetry,-0.001364256480218283,-0.003410641200545704,1466,10b
152,9106,joint_improvement_95,0.02592087312414734,0.02660300136425648,1466,10b
152,9106,joint_quality_style_lower_95,0.001364256480218281,0.0,1466,10b
152,9106,joint_quality_style_upper_95,0.0006821282401091405,0.001364256480218281,1466,10b
152,9106,kendall_alpha_beta,-0.6441013367851041,-0.6501133776289874,1466,10b
152,9106,kendall_alpha_beta_minus_gaussian,-0.0016873618751583885,-0.007699402719041681,1466,10b
152,9106,kendall_quality_style,-0.11979475622645719,-0.1403638327691612,1466,10b
152,9106,kendall_quality_style_minus_gaussian,0.00319318770185259,-0.017375888840851422,1466,10b
152,9106,kurtosis_alpha,-0.11938918346500582,-0.012168538640302096,1466,10b
152,9106,kurtosis_beta,-0.0454192709315584,-0.1473416236895071,1466,10b
152,9106,kurtosis_quality,-0.11245818126922247,-0.10935867558514056,1466,10b
152,9106,kurtosis_style,0.04275864152727138,0.059667096876423464,1466,10b
152,9106,lag1_squared_alpha,0.06366461182965011,-0.03386081870016272,1466,10b
152,9106,lag1_squared_beta,0.019511482985650436,-0.036264973765358414,1466,10b
152,9106,lag1_squared_quality,0.04035788181177867,-0.04773813553133057,1466,10b
152,9106,lag1_squared_style,-0.01215072086671966,0.00034879485429486785,1466,10b
153,9166,joint_collapse_95,0.027285129604365622,0.0252387448840382,1466,10b
153,9166,joint_direction_asymmetry,-0.001364256480218283,0.005457025920873122,1466,10b
153,9166,joint_improvement_95,0.02592087312414734,0.030695770804911322,1466,10b
153,9166,joint_quality_style_lower_95,0.0,0.0020463847203274215,1466,10b
153,9166,joint_quality_style_upper_95,0.0034106412005457027,0.0020463847203274215,1466,10b
153,9166,kendall_alpha_beta,-0.6491914568676111,-0.6417807039190944,1466,10b
153,9166,kendall_alpha_beta_minus_gaussian,0.010858237584094432,0.018268990532611218,1466,10b
153,9166,kendall_quality_style,-0.029975462008017928,-0.0339685895077968,1466,10b
153,9166,kendall_quality_style_minus_gaussian,-0.002254677046086905,-0.006247804545865775,1466,10b
153,9166,kurtosis_alpha,0.002131089205783976,-0.041998297659575634,1466,10b
153,9166,kurtosis_beta,-0.12431756561926255,-0.03757775472095748,1466,10b
153,9166,kurtosis_quality,-0.06599702759678383,-0.04652479380436869,1466,10b
153,9166,kurtosis_style,-0.055245701298137995,-0.007130794213884961,1466,10b
153,9166,lag1_squared_alpha,0.017410287432760286,-0.011365922899799505,1466,10b
153,9166,lag1_squared_beta,0.027867439874428836,-0.004288441302832005,1466,10b
153,9166,lag1_squared_quality,0.02794915599345427,-0.008354597832549689,1466,10b
153,9166,lag1_squared_style,0.030432099637095054,0.00718698040466812,1466,10b
154,9226,joint_collapse_95,0.0252387448840382,0.0252387448840382,1466,10b
154,9226,joint_direction_asymmetry,-0.0040927694406548455,-0.001364256480218283,1466,10b
154,9226,joint_improvement_95,0.021145975443383355,0.023874488403819918,1466,10b
154,9226,joint_quality_style_lower_95,0.0006821282401091405,0.0,1466,10b
154,9226,joint_quality_style_upper_95,0.001364256480218281,0.0,1466,10b
154,9226,kendall_alpha_beta,-0.5804720420544864,-0.5911458357584196,1466,10b
154,9226,kendall_alpha_beta_minus_gaussian,0.004479723699988503,-0.006194070003944674,1466,10b
154,9226,kendall_quality_style,-0.1806527012743926,-0.22119114024835995,1466,10b
154,9226,kendall_quality_style_minus_gaussian,0.024238298433199718,-0.016300140540767644,1466,10b
154,9226,kurtosis_alpha,0.24228452439678705,0.08969313303313298,1466,10b
154,9226,kurtosis_beta,0.25497611804318376,0.07529120374640952,1466,10b
154,9226,kurtosis_quality,0.25136539069261543,0.11832360920321161,1466,10b
154,9226,kurtosis_style,0.3237169332713514,0.13470537129151472,1466,10b
154,9226,lag1_squared_alpha,0.06165614735004196,0.020987181103528436,1466,10b
154,9226,lag1_squared_beta,0.02405800530629906,0.058507719909693355,1466,10b
154,9226,lag1_squared_quality,0.05048502554698133,0.034800056294638386,1466,10b
154,9226,lag1_squared_style,-0.03193565030527925,-0.019177219841128374,1466,10b
155,9287,joint_collapse_95,0.02592087312414734,0.027285129604365622,1466,10b
155,9287,joint_direction_asymmetry,0.0027285129604365625,-0.0040927694406548455,1466,10b
155,9287,joint_improvement_95,0.0286493860845839,0.023192360163710776,1466,10b
155,9287,joint_quality_style_lower_95,0.001364256480218281,0.0,1466,10b
155,9287,joint_quality_style_upper_95,0.0006821282401091405,0.0006821282401091405,1466,10b
155,9287,kendall_alpha_beta,-0.6108898397813465,-0.6134954299735995,1466,10b
155,9287,kendall_alpha_beta_minus_gaussian,0.0011790484523086509,-0.001426541739944387,1466,10b
155,9287,kendall_quality_style,-0.2220422872947212,-0.2267524642755705,1466,10b
155,9287,kendall_quality_style_minus_gaussian,-0.017404677265399876,-0.022114854246249177,1466,10b
155,9287,kurtosis_alpha,0.11331194275771272,-0.07222164788920482,1466,10b
155,9287,kurtosis_beta,-0.16166163038927417,-0.07861811390857154,1466,10b
155,9287,kurtosis_quality,-0.015601824850655532,-0.0944351872041933,1466,10b
155,9287,kurtosis_style,-0.01880215797262741,0.021649283045617196,1466,10b
155,9287,lag1_squared_alpha,-0.018257585986272522,-0.005355803697851043,1466,10b
155,9287,lag1_squared_beta,-0.018285938985914303,-0.02469710730249784,1466,10b
155,9287,lag1_squared_quality,-0.016745768188713445,-0.020933599454216953,1466,10b
155,9287,lag1_squared_style,0.04682805958442138,0.016511582748558552,1466,10b
156,9347,joint_collapse_95,0.030695770804911322,0.03274215552523874,1466,10b
156,9347,joint_direction_asymmetry,0.007503410641200546,0.002046384720327421,1466,10b
156,9347,joint_improvement_95,0.03819918144611187,0.034788540245566164,1466,10b
156,9347,joint_quality_style_lower_95,0.0006821282401091405,0.0,1466,10b
156,9347,joint_quality_style_upper_95,0.0,0.0,1466,10b
156,9347,kendall_alpha_beta,-0.7518058937742411,-0.7311418314561227,1466,10b
156,9347,kendall_alpha_beta_minus_gaussian,-0.013535566896072604,0.007128495422045855,1466,10b
156,9347,kendall_quality_style,-0.1406562399601432,-0.1748157322518613,1466,10b
156,9347,kendall_quality_style_minus_gaussian,0.012487949230744921,-0.021671543060973186,1466,10b
156,9347,kurtosis_alpha,-0.1273110301644098,0.29095249982279947,1466,10b
156,9347,kurtosis_beta,-0.0777151143181043,0.4708853015977499,1466,10b
156,9347,kurtosis_quality,-0.10437661569343204,0.44081000242411106,1466,10b
156,9347,kurtosis_style,0.09398640058378316,-0.13755255499648955,1466,10b
156,9347,lag1_squared_alpha,0.002711733908396899,-0.01163572718744486,1466,10b
156,9347,lag1_squared_beta,-0.02787539415045479,-0.011699742521569922,1466,10b
156,9347,lag1_squared_quality,-0.013560692018019868,-0.015703999702645292,1466,10b
156,9347,lag1_squared_style,-0.0270720534448658,-0.013216738681662026,1466,10b
157,9407,joint_collapse_95,0.034788540245566164,0.032060027285129605,1466,10b
157,9407,joint_direction_asymmetry,0.002046384720327421,0.004092769440654842,1466,10b
157,9407,joint_improvement_95,0.036834924965893585,0.03615279672578445,1466,10b
157,9407,joint_quality_style_lower_95,0.0,0.0,1466,10b
157,9407,joint_quality_style_upper_95,0.0,0.0,1466,10b
157,9407,kendall_alpha_beta,-0.7234368088504393,-0.7229320805144133,1466,10b
157,9407,kendall_alpha_beta_minus_gaussian,0.007820099177853534,0.008324827513879529,1466,10b
157,9407,kendall_quality_style,-0.31378550908185066,-0.31801516978707345,1466,10b
157,9407,kendall_quality_style_minus_gaussian,0.010771432756144006,0.006541772050921213,1466,10b
157,9407,kurtosis_alpha,0.22077530086898278,-0.03278727712165885,1466,10b
157,9407,kurtosis_beta,0.33200423957471026,0.1334837744182682,1466,10b
157,9407,kurtosis_quality,0.30700116915195963,0.0855098695569132,1466,10b
157,9407,kurtosis_style,-0.10106226284524311,-0.16940262559339203,1466,10b
157,9407,lag1_squared_alpha,-0.028559552055939654,-0.02386456239684732,1466,10b
157,9407,lag1_squared_beta,-0.030579991450549942,-0.02013959143762254,1466,10b
157,9407,lag1_squared_quality,-0.0338781284426978,-0.01908367966427299,1466,10b
157,9407,lag1_squared_style,-0.01860457382750953,-0.03371604228746184,1466,10b
158,9468,joint_collapse_95,0.03547066848567531,0.030695770804911322,1466,10b
158,9468,joint_direction_asymmetry,-0.002728512960436566,0.001364256480218283,1466,10b
158,9468,joint_improvement_95,0.03274215552523874,0.032060027285129605,1466,10b
158,9468,joint_quality_style_lower_95,0.0006821282401091405,0.0006821282401091405,1466,10b
158,9468,joint_quality_style_upper_95,0.001364256480218281,0.0006821282401091405,1466,10b
158,9468,kendall_alpha_beta,-0.7252769254408225,-0.7242190446479706,1466,10b
158,9468,kendall_alpha_beta_minus_gaussian,-0.00355860003705033,-0.0025007192441984794,1466,10b
158,9468,kendall_quality_style,-0.06918782505855137,-0.07731376502195375,1466,10b
158,9468,kendall_quality_style_minus_gaussian,0.00980519674477845,0.001679256781376065,1466,10b
158,9468,kurtosis_alpha,0.044168158571258775,-0.21501038456418975,1466,10b
158,9468,kurtosis_beta,0.1925766954322108,-0.07748603241929297,1466,10b
158,9468,kurtosis_quality,0.13932868843521806,-0.1435178353506874,1466,10b
158,9468,kurtosis_style,0.10946645910974162,-0.28923652812394485,1466,10b
158,9468,lag1_squared_alpha,0.014836716128968608,0.017415728620470403,1466,10b
158,9468,lag1_squared_beta,0.0063144872033828285,0.035554320864164414,1466,10b
158,9468,lag1_squared_quality,0.008246184534279293,0.032864973243069306,1466,10b
158,9468,lag1_squared_style,0.04964954530483323,-0.01996085319572183,1466,10b
159,9528,joint_collapse_95,0.019781718963165076,0.02660300136425648,1466,10b
159,9528,joint_direction_asymmetry,0.0006821282401091415,-0.006821282401091405,1466,10b
159,9528,joint_improvement_95,0.020463847203274217,0.019781718963165076,1466,10b
159,9528,joint_quality_style_lower_95,0.0,0.0,1466,10b
159,9528,joint_quality_style_upper_95,0.0,0.0,1466,10b
159,9528,kendall_alpha_beta,-0.5749777668099214,-0.5640823396300212,1466,10b
159,9528,kendall_alpha_beta_minus_gaussian,-0.016165495330418445,-0.005270068150518226,1466,10b
159,9528,kendall_quality_style,-0.34500416726808814,-0.34352164418514786,1466,10b
159,9528,kendall_quality_style_minus_gaussian,-0.009763327575316838,-0.008280804492376559,1466,10b
159,9528,kurtosis_alpha,-0.04655465640422385,-0.037652254218354386,1466,10b
159,9528,kurtosis_beta,0.13353175846338772,-0.005326936982978481,1466,10b
159,9528,kurtosis_quality,0.005083543366162235,0.0008406022803981728,1466,10b
159,9528,kurtosis_style,0.2185025457045322,-0.07752732700537557,1466,10b
159,9528,lag1_squared_alpha,0.03879631016673137,-0.00297748237975471,1466,10b
159,9528,lag1_squared_beta,0.006725028340788229,-0.00148511066903119,1466,10b
159,9528,lag1_squared_quality,0.029077234572267012,0.013108372837528835,1466,10b
159,9528,lag1_squared_style,-0.04569867109042093,-0.00875747191507181,1466,10b
160,9588,joint_collapse_95,0.034788540245566164,0.03274215552523874,1466,10b
160,9588,joint_direction_asymmetry,-0.001364256480218276,-0.002046384720327421,1466,10b
160,9588,joint_improvement_95,0.03342428376534789,0.030695770804911322,1466,10b
160,9588,joint_quality_style_lower_95,0.0,0.0,1466,10b
160,9588,joint_quality_style_upper_95,0.0006821282401091405,0.0006821282401091405,1466,10b
160,9588,kendall_alpha_beta,-0.715258719833868,-0.7009419422728607,1466,10b
160,9588,kendall_alpha_beta_minus_gaussian,-0.02358492309316107,-0.009268145532153715,1466,10b
160,9588,kendall_quality_style,-0.16370239652836305,-0.1574687222085125,1466,10b
160,9588,kendall_quality_style_minus_gaussian,-0.012933572126996085,-0.006699897807145527,1466,10b
160,9588,kurtosis_alpha,0.1894352378772779,-0.044185450621832434,1466,10b
160,9588,kurtosis_beta,0.07944068953720684,-0.02024586752477875,1466,10b
160,9588,kurtosis_quality,0.15658877062077448,-0.055362227010308906,1466,10b
160,9588,kurtosis_style,0.18560041667710037,-0.07985490703223475,1466,10b
160,9588,lag1_squared_alpha,0.004513859264208372,-0.0311945920418802,1466,10b
160,9588,lag1_squared_beta,0.006250525392154686,-0.019636384244039955,1466,10b
160,9588,lag1_squared_quality,0.006180050354980124,-0.029800147888791196,1466,10b
160,9588,lag1_squared_style,0.014611841875567886,-0.037117430490481974,1466,10b
161,9648,joint_collapse_95,0.029331514324693043,0.02660300136425648,1466,10b
161,9648,joint_direction_asymmetry,-0.004092769440654842,-0.0006821282401091415,1466,10b
161,9648,joint_improvement_95,0.0252387448840382,0.02592087312414734,1466,10b
161,9648,joint_quality_style_lower_95,0.0034106412005457027,0.0020463847203274215,1466,10b
161,9648,joint_quality_style_upper_95,0.0034106412005457027,0.0020463847203274215,1466,10b
161,9648,kendall_alpha_beta,-0.5889034264721631,-0.5847296397524782,1466,10b
161,9648,kendall_alpha_beta_minus_gaussian,-0.011559920234946008,-0.007386133515261073,1466,10b
161,9648,kendall_quality_style,0.04076100368302693,0.019499089719652307,1466,10b
161,9648,kendall_quality_style_minus_gaussian,-0.014559861728444264,-0.03582177569181889,1466,10b
161,9648,kurtosis_alpha,0.0011280616611428762,0.15569702930620055,1466,10b
161,9648,kurtosis_beta,-0.1321373936790362,0.06554457825924587,1466,10b
161,9648,kurtosis_quality,-0.06166644947283917,0.07843782178299907,1466,10b
161,9648,kurtosis_style,-0.008108641892778934,0.0892005880678699,1466,10b
161,9648,lag1_squared_alpha,0.04463465193101448,0.001591841117614433,1466,10b
161,9648,lag1_squared_beta,0.04263701156118927,0.029009970755682037,1466,10b
161,9648,lag1_squared_quality,0.044062518052932834,0.018255987741700362,1466,10b
161,9648,lag1_squared_style,0.0239047151095724,-0.03733976946308388,1466,10b
162,9709,joint_collapse_95,0.023192360163710776,0.0252387448840382,1466,10b
162,9709,joint_direction_asymmetry,0.003410641200545704,-0.0040927694406548455,1466,10b
162,9709,joint_improvement_95,0.02660300136425648,0.021145975443383355,1466,10b
162,9709,joint_quality_style_lower_95,0.002728512960436562,0.0020463847203274215,1466,10b
162,9709,joint_quality_style_upper_95,0.0,0.002728512960436562,1466,10b
162,9709,kendall_alpha_beta,-0.5603406450651631,-0.5481899156768435,1466,10b
162,9709,kendall_alpha_beta_minus_gaussian,-0.0005571291331107897,0.011593600255208836,1466,10b
162,9709,kendall_quality_style,-0.004426150887697933,0.0194357658693759,1466,10b
162,9709,kendall_quality_style_minus_gaussian,-0.02661099596580718,-0.002749079208733348,1466,10b
162,9709,kurtosis_alpha,0.07731783001141945,-0.0674809412624029,1466,10b
162,9709,kurtosis_beta,0.12257814969969649,0.11804781586017965,1466,10b
162,9709,kurtosis_quality,0.10743577331624188,0.08789899321018568,1466,10b
162,9709,kurtosis_style,0.15003474157344865,-0.01933430701259997,1466,10b
162,9709,lag1_squared_alpha,0.037523616975018846,-0.04390632302589862,1466,10b
162,9709,lag1_squared_beta,0.000810625621307673,-0.0004682908538105793,1466,10b
162,9709,lag1_squared_quality,0.02342583579414617,-0.03015709507056144,1466,10b
162,9709,lag1_squared_style,-0.008413144785724143,0.032371794038579024,1466,10b
163,9769,joint_collapse_95,0.02796725784447476,0.0252387448840382,1466,10b
163,9769,joint_direction_asymmetry,-0.000682128240109138,-0.003410641200545704,1466,10b
163,9769,joint_improvement_95,0.027285129604365622,0.021828103683492497,1466,10b
163,9769,joint_quality_style_lower_95,0.0,0.0,1466,10b
163,9769,joint_quality_style_upper_95,0.0,0.0,1466,10b
163,9769,kendall_alpha_beta,-0.599050142245855,-0.6116776629774316,1466,10b
163,9769,kendall_alpha_beta_minus_gaussian,0.011397521901422625,-0.0012299988301540665,1466,10b
163,9769,kendall_quality_style,-0.31587519614097004,-0.32990701637573383,1466,10b
163,9769,kendall_quality_style_minus_gaussian,0.012948020582533415,-0.0010837996522303772,1466,10b
163,9769,kurtosis_alpha,0.1414197984702259,-0.11886167492112998,1466,10b
163,9769,kurtosis_beta,0.14033941332854338,0.011643067464904178,1466,10b
163,9769,kurtosis_quality,0.12869608386276266,-0.06322579263452299,1466,10b
163,9769,kurtosis_style,0.06234601101876702,-0.1654609323195939,1466,10b
163,9769,lag1_squared_alpha,-0.0062135897250752345,0.0072261565443392725,1466,10b
163,9769,lag1_squared_beta,0.04306754081028987,0.03729230203417112,1466,10b
163,9769,lag1_squared_quality,0.020584950810751724,0.03034964518774319,1466,10b
163,9769,lag1_squared_style,0.02091899714984721,0.010871256786822806,1466,10b
164,9829,joint_collapse_95,0.03342428376534789,0.036834924965893585,1466,10b
164,9829,joint_direction_asymmetry,0.004092769440654842,-0.003410641200545697,1466,10b
164,9829,joint_improvement_95,0.03751705320600273,0.03342428376534789,1466,10b
164,9829,joint_quality_style_lower_95,0.001364256480218281,0.0,1466,10b
164,9829,joint_quality_style_upper_95,0.0006821282401091405,0.0,1466,10b
164,9829,kendall_alpha_beta,-0.7692907263152504,-0.7691435914866671,1466,10b
164,9829,kendall_alpha_beta_minus_gaussian,0.005568211943979717,0.005715346772563024,1466,10b
164,9829,kendall_quality_style,-0.17966931912892448,-0.1973497106193165,1466,10b
164,9829,kendall_quality_style_minus_gaussian,0.005070860743432382,-0.01260953074695964,1466,10b
164,9829,kurtosis_alpha,0.1538429096958822,0.06488955288231057,1466,10b
164,9829,kurtosis_beta,0.24277787448818478,-0.08486253325223547,1466,10b
164,9829,kurtosis_quality,0.21321371060865557,-0.005586971655991313,1466,10b
164,9829,kurtosis_style,0.146858740821044,0.09598536657070555,1466,10b
164,9829,lag1_squared_alpha,0.07469421834241291,0.009194488725385903,1466,10b
164,9829,lag1_squared_beta,0.06399984424389983,-0.01790950958270694,1466,10b
164,9829,lag1_squared_quality,0.07650083815746628,-0.006985946780756293,1466,10b
164,9829,lag1_squared_style,-0.014487223646078226,-0.023175354300658434,1466,10b
165,9890,joint_collapse_95,0.02660300136425648,0.021828103683492497,1466,10b
165,9890,joint_direction_asymmetry,-0.004092769440654842,0.0,1466,10b
165,9890,joint_improvement_95,0.022510231923601638,0.021828103683492497,1466,10b
165,9890,joint_quality_style_lower_95,0.0,0.0,1466,10b
165,9890,joint_quality_style_upper_95,0.0,0.0006821282401091405,1466,10b
165,9890,kendall_alpha_beta,-0.5523339029375749,-0.5451298837355485,1466,10b
165,9890,kendall_alpha_beta_minus_gaussian,-0.008243243115794496,-0.0010392239137680948,1466,10b
165,9890,kendall_quality_style,-0.29281972724182737,-0.3158863709380777,1466,10b
165,9890,kendall_quality_style_minus_gaussian,0.013503157159710066,-0.009563486536540267,1466,10b
165,9890,kurtosis_alpha,0.008933113017572047,-0.05510984956810505,1466,10b
165,9890,kurtosis_beta,0.05099531604226826,-0.1679130266912119,1466,10b
165,9890,kurtosis_quality,0.06701998163879086,-0.09379977171963061,1466,10b
165,9890,kurtosis_style,0.04844679767202553,-0.04790233130404786,1466,10b
165,9890,lag1_squared_alpha,0.028616792707889582,-0.038659587626114156,1466,10b
165,9890,lag1_squared_beta,0.007930854859208513,-0.031197192197311246,1466,10b
165,9890,lag1_squared_quality,0.022794404967111524,-0.04187428767490573,1466,10b
165,9890,lag1_squared_style,-0.04565878242771603,0.028805568090198224,1466,10b
166,9950,joint_collapse_95,0.03274215552523874,0.034106412005457026,1466,10b
166,9950,joint_direction_asymmetry,-0.000682128240109138,-0.002728512960436559,1466,10b
166,9950,joint_improvement_95,0.032060027285129605,0.03137789904502047,1466,10b
166,9950,joint_quality_style_lower_95,0.004092769440654843,0.0,1466,10b
166,9950,joint_quality_style_upper_95,0.0006821282401091405,0.001364256480218281,1466,10b
166,9950,kendall_alpha_beta,-0.7111650191601209,-0.7010462403791982,1466,10b
166,9950,kendall_alpha_beta_minus_gaussian,-0.008793171105097586,0.0013256076758251245,1466,10b
166,9950,kendall_quality_style,-0.06384254710875403,-0.09127853647407225,1466,10b
166,9950,kendall_quality_style_minus_gaussian,0.024861743687249915,-0.0025742456780682987,1466,10b
166,9950,kurtosis_alpha,-0.1564146686719039,0.05320896388342211,1466,10b
166,9950,kurtosis_beta,-0.006438015559465438,0.16079185822322772,1466,10b
166,9950,kurtosis_quality,-0.09344183069189382,0.13381723588433747,1466,10b
166,9950,kurtosis_style,0.03006415035099863,-0.03389684518637548,1466,10b
166,9950,lag1_squared_alpha,0.06473307461026942,0.02474198005157031,1466,10b
166,9950,lag1_squared_beta,0.037276916931508884,0.0349319224106023,1466,10b
166,9950,lag1_squared_quality,0.05277103869188058,0.032475041702728816,1466,10b
166,9950,lag1_squared_style,0.012752372038170388,-0.012533771753512418,1466,10b
167,10010,joint_collapse_95,0.023874488403819918,0.021145975443383355,1466,10b
167,10010,joint_direction_asymmetry,-0.0027285129604365625,-0.0027285129604365625,1466,10b
167,10010,joint_improvement_95,0.021145975443383355,0.018417462482946793,1466,10b
167,10010,joint_quality_style_lower_95,0.0,0.0006821282401091405,1466,10b
167,10010,joint_quality_style_upper_95,0.001364256480218281,0.0006821282401091405,1466,10b
167,10010,kendall_alpha_beta,-0.5301314435509781,-0.5206421783404496,1466,10b
167,10010,kendall_alpha_beta_minus_gaussian,0.0024502181484882257,0.011939483359016734,1466,10b
167,10010,kendall_quality_style,-0.16990813385544468,-0.13274634607415403,1466,10b
167,10010,kendall_quality_style_minus_gaussian,-0.017651713824373416,0.01951007395691723,1466,10b
167,10010,kurtosis_alpha,0.12845549436312131,0.15405733949752776,1466,10b
167,10010,kurtosis_beta,0.09844613450993256,-0.04576200487295923,1466,10b
167,10010,kurtosis_quality,0.14344081228556282,0.001555043052432925,1466,10b
167,10010,kurtosis_style,-0.1270052640930932,0.13432159659867704,1466,10b
167,10010,lag1_squared_alpha,-0.015777773387386042,0.0437202812233782,1466,10b
167,10010,lag1_squared_beta,-0.020505476062262103,-0.014885918902627688,1466,10b
167,10010,lag1_squared_quality,-0.015062787688979791,0.018851034618120516,1466,10b
167,10010,lag1_squared_style,-0.007668800007273268,-0.017997912085957437,1466,10b
168,10071,joint_collapse_95,0.023192360163710776,0.01637107776261937,1466,10b
168,10071,joint_direction_asymmetry,-0.0047748976807639835,0.002046384720327421,1466,10b
168,10071,joint_improvement_95,0.018417462482946793,0.018417462482946793,1466,10b
168,10071,joint_quality_style_lower_95,0.0,0.0,1466,10b
168,10071,joint_quality_style_upper_95,0.0006821282401091405,0.0020463847203274215,1466,10b
168,10071,kendall_alpha_beta,-0.4576759215715489,-0.4628498526323632,1466,10b
168,10071,kendall_alpha_beta_minus_gaussian,0.008960014916599812,0.0037860838557854937,1466,10b
168,10071,kendall_quality_style,-0.16983549767424533,-0.12719247191168193,1466,10b
168,10071,kendall_quality_style_minus_gaussian,-0.004896514787683076,0.037746510974880326,1466,10b
168,10071,kurtosis_alpha,-0.09131674135278312,0.01539613745527424,1466,10b
168,10071,kurtosis_beta,-0.02005156725230206,0.14613910951045472,1466,10b
168,10071,kurtosis_quality,0.03216027308777303,0.06969156432739076,1466,10b
168,10071,kurtosis_style,-0.0681654270206411,-0.21168726238857172,1466,10b
168,10071,lag1_squared_alpha,0.02676506420729947,-0.06217762275106077,1466,10b
168,10071,lag1_squared_beta,0.032419108978656117,0.004485862151612246,1466,10b
168,10071,lag1_squared_quality,0.04941065167793566,-0.01629043030625964,1466,10b
168,10071,lag1_squared_style,-0.0036770338617445712,-0.01460961444071411,1466,10b
169,10131,joint_collapse_95,0.02592087312414734,0.0252387448840382,1466,10b
169,10131,joint_direction_asymmetry,0.003410641200545704,0.0,1466,10b
169,10131,joint_improvement_95,0.029331514324693043,0.0252387448840382,1466,10b
169,10131,joint_quality_style_lower_95,0.0006821282401091405,0.0,1466,10b
169,10131,joint_quality_style_upper_95,0.0,0.0,1466,10b
169,10131,kendall_alpha_beta,-0.5796078577448329,-0.5859886668932668,1466,10b
169,10131,kendall_alpha_beta_minus_gaussian,0.001502316189513575,-0.0048784929589202886,1466,10b
169,10131,kendall_quality_style,-0.3438531631660062,-0.345611331244267,1466,10b
169,10131,kendall_quality_style_minus_gaussian,0.0018498444055793373,9.167632731854614e-5,1466,10b
169,10131,kurtosis_alpha,0.044330311165012404,0.09607391990552205,1466,10b
169,10131,kurtosis_beta,0.2011016306732829,-0.09662666054962799,1466,10b
169,10131,kurtosis_quality,0.0675766929582009,0.014345079652415826,1466,10b
169,10131,kurtosis_style,0.16547056713112873,-0.23597892130638964,1466,10b
169,10131,lag1_squared_alpha,0.0002737488186365694,-0.00437837773473897,1466,10b
169,10131,lag1_squared_beta,0.03965006772930337,-0.001097483377301412,1466,10b
169,10131,lag1_squared_quality,0.022472817094562544,-0.0018208369614735873,1466,10b
169,10131,lag1_squared_style,-0.009166231100543895,0.0059726678263324375,1466,10b
170,10191,joint_collapse_95,0.0286493860845839,0.02455661664392906,1466,10b
170,10191,joint_direction_asymmetry,0.002046384720327421,0.0027285129604365625,1466,10b
170,10191,joint_improvement_95,0.030695770804911322,0.027285129604365622,1466,10b
170,10191,joint_quality_style_lower_95,0.001364256480218281,0.0020463847203274215,1466,10b
170,10191,joint_quality_style_upper_95,0.004092769440654843,0.001364256480218281,1466,10b
170,10191,kendall_alpha_beta,-0.6454888740926297,-0.6340905810428878,1466,10b
170,10191,kendall_alpha_beta_minus_gaussian,-0.017576832932599817,-0.006178539882857992,1466,10b
170,10191,kendall_quality_style,-0.018809977231350805,-0.0382820611913266,1466,10b
170,10191,kendall_quality_style_minus_gaussian,0.027174682570056986,0.007702598610081192,1466,10b
170,10191,kurtosis_alpha,0.08868163341530755,-0.09890695049067899,1466,10b
170,10191,kurtosis_beta,0.2839797998756808,-0.24895258919511187,1466,10b
170,10191,kurtosis_quality,0.18587811238131113,-0.15462308629997779,1466,10b
170,10191,kurtosis_style,0.15764866128795108,-0.2639026657897241,1466,10b
170,10191,lag1_squared_alpha,-0.026586842267220124,-0.021900854187824385,1466,10b
170,10191,lag1_squared_beta,-0.010168520603540652,-0.047485246252560544,1466,10b
170,10191,lag1_squared_quality,-0.010039472280446717,-0.034514551898831604,1466,10b
170,10191,lag1_squared_style,-0.0358772979981879,-0.030913740347442126,1466,10b
171,10251,joint_collapse_95,0.0252387448840382,0.021145975443383355,1466,10b
171,10251,joint_direction_asymmetry,-0.01159618008185539,0.0006821282401091415,1466,10b
171,10251,joint_improvement_95,0.013642564802182811,0.021828103683492497,1466,10b
171,10251,joint_quality_style_lower_95,0.0006821282401091405,0.0006821282401091405,1466,10b
171,10251,joint_quality_style_upper_95,0.0006821282401091405,0.0,1466,10b
171,10251,kendall_alpha_beta,-0.5491509482280963,-0.5139838617305104,1466,10b
171,10251,kendall_alpha_beta_minus_gaussian,-0.02311023985882188,0.012056846638764052,1466,10b
171,10251,kendall_quality_style,-0.2083401235746314,-0.21939758531259157,1466,10b
171,10251,kendall_quality_style_minus_gaussian,0.029913661916450562,0.01885620017849038,1466,10b
171,10251,kurtosis_alpha,-0.02292890580278817,0.06778012544314205,1466,10b
171,10251,kurtosis_beta,-0.10108979871084944,-0.024060179009836702,1466,10b
171,10251,kurtosis_quality,-0.13890040190378894,0.018653250555139333,1466,10b
171,10251,kurtosis_style,-0.09262866001077352,0.30303361367286996,1466,10b
171,10251,lag1_squared_alpha,0.02212810412055471,-0.012535738446936444,1466,10b
171,10251,lag1_squared_beta,0.04327869068550816,0.0018715245420772796,1466,10b
171,10251,lag1_squared_quality,0.051066425420022966,0.0008634410024065505,1466,10b
171,10251,lag1_squared_style,0.006352569669600365,-0.04726620137025621,1466,10b
172,10312,joint_collapse_95,0.022510231923601638,0.021145975443383355,1466,10b
172,10312,joint_direction_asymmetry,0.006821282401091405,0.0,1466,10b
172,10312,joint_improvement_95,0.029331514324693043,0.021145975443383355,1466,10b
172,10312,joint_quality_style_lower_95,0.008185538881309686,0.005457025920873124,1466,10b
172,10312,joint_quality_style_upper_95,0.007503410641200546,0.0068212824010914054,1466,10b
172,10312,kendall_alpha_beta,-0.5725174489800668,-0.5651700198818266,1466,10b
172,10312,kendall_alpha_beta_minus_gaussian,-0.009647969019711988,-0.0023005399214717226,1466,10b
172,10312,kendall_quality_style,0.20140057457081795,0.18651201989113886,1466,10b
172,10312,kendall_quality_style_minus_gaussian,-0.010859693561463712,-0.0257482482411428,1466,10b
172,10312,kurtosis_alpha,-0.03162834866873965,-0.08247515464005906,1466,10b
172,10312,kurtosis_beta,0.11155022123714398,-0.10033568233715728,1466,10b
172,10312,kurtosis_quality,-0.016237292637752088,-0.09233060714659391,1466,10b
172,10312,kurtosis_style,0.06163668380326115,-0.16399242948491644,1466,10b
172,10312,lag1_squared_alpha,-0.034066748581226526,-0.04007370585167001,1466,10b
172,10312,lag1_squared_beta,-0.00790830896620751,-0.04229507572833161,1466,10b
172,10312,lag1_squared_quality,-0.013769306417353262,-0.054650404132955355,1466,10b
172,10312,lag1_squared_style,-0.025028695502616098,0.06272770610898472,1466,10b
173,10372,joint_collapse_95,0.022510231923601638,0.0252387448840382,1466,10b
173,10372,joint_direction_asymmetry,0.0,0.000682128240109138,1466,10b
173,10372,joint_improvement_95,0.022510231923601638,0.02592087312414734,1466,10b
173,10372,joint_quality_style_lower_95,0.0006821282401091405,0.0006821282401091405,1466,10b
173,10372,joint_quality_style_upper_95,0.0,0.0,1466,10b
173,10372,kendall_alpha_beta,-0.6194013102449609,-0.6263892833695739,1466,10b
173,10372,kendall_alpha_beta_minus_gaussian,-0.004534563044935602,-0.01152253616954857,1466,10b
173,10372,kendall_quality_style,-0.16749437768020514,-0.1390023699882199,1466,10b
173,10372,kendall_quality_style_minus_gaussian,0.0064934667412132885,0.03498547443319852,1466,10b
173,10372,kurtosis_alpha,0.1674552933644553,-0.0600853642359791,1466,10b
173,10372,kurtosis_beta,-0.024395010618658564,0.22541361249447434,1466,10b
173,10372,kurtosis_quality,0.033070897848922254,0.08316484127080193,1466,10b
173,10372,kurtosis_style,-0.06618290490754486,0.013077695674110323,1466,10b
173,10372,lag1_squared_alpha,0.03118222005889447,0.025171991725842405,1466,10b
173,10372,lag1_squared_beta,0.022380386321151448,0.01172908734936349,1466,10b
173,10372,lag1_squared_quality,0.025325175522355345,0.014787668362552348,1466,10b
173,10372,lag1_squared_style,0.01608719607705078,0.04060229079665221,1466,10b
174,10432,joint_collapse_95,0.02660300136425648,0.027285129604365622,1466,10b
174,10432,joint_direction_asymmetry,0.003410641200545704,0.0040927694406548455,1466,10b
174,10432,joint_improvement_95,0.030013642564802184,0.03137789904502047,1466,10b
174,10432,joint_quality_style_lower_95,0.0006821282401091405,0.001364256480218281,1466,10b
174,10432,joint_quality_style_upper_95,0.0006821282401091405,0.0,1466,10b
174,10432,kendall_alpha_beta,-0.6551271365979261,-0.6444831423529467,1466,10b
174,10432,kendall_alpha_beta_minus_gaussian,-0.013051679912894465,-0.0024076856679150493,1466,10b
174,10432,kendall_quality_style,-0.2110630491365142,-0.22146119784512663,1466,10b
174,10432,kendall_quality_style_minus_gaussian,0.014428103765496358,0.004029955056883916,1466,10b
174,10432,kurtosis_alpha,-0.1959970436742542,-0.13658632217506828,1466,10b
174,10432,kurtosis_beta,-0.11831494544586985,-0.0025130258599839195,1466,10b
174,10432,kurtosis_quality,-0.1859302202827502,-0.0926542575691407,1466,10b
174,10432,kurtosis_style,0.09831400225492182,-0.1054700906829944,1466,10b
174,10432,lag1_squared_alpha,0.030608523789141952,-0.008128471025890411,1466,10b
174,10432,lag1_squared_beta,0.012239156560184443,0.008476900141890375,1466,10b
174,10432,lag1_squared_quality,0.025314857324258505,-0.0008315410723171363,1466,10b
174,10432,lag1_squared_style,0.0011673671442131526,-0.010777816151491598,1466,10b
175,10493,joint_collapse_95,0.03547066848567531,0.0286493860845839,1466,10b
175,10493,joint_direction_asymmetry,-0.004092769440654842,0.002046384720327421,1466,10b
175,10493,joint_improvement_95,0.03137789904502047,0.030695770804911322,1466,10b
175,10493,joint_quality_style_lower_95,0.001364256480218281,0.001364256480218281,1466,10b
175,10493,joint_quality_style_upper_95,0.0,0.0034106412005457027,1466,10b
175,10493,kendall_alpha_beta,-0.7107962508555703,-0.6927210165340436,1466,10b
175,10493,kendall_alpha_beta_minus_gaussian,-0.013771026933233177,0.004304207388293513,1466,10b
175,10493,kendall_quality_style,-0.07411963551536771,-0.08985747477522366,1466,10b
175,10493,kendall_quality_style_minus_gaussian,-0.0010205309189906947,-0.01675837017884664,1466,10b
175,10493,kurtosis_alpha,-0.048137588072382886,-0.05270512489395429,1466,10b
175,10493,kurtosis_beta,0.02670316466857603,-0.035516483355386264,1466,10b
175,10493,kurtosis_quality,-0.04095243614355981,-0.05921873620092688,1466,10b
175,10493,kurtosis_style,-0.03928112702986608,-0.06274352384601567,1466,10b
175,10493,lag1_squared_alpha,0.016592817965344127,-0.010614122936981213,1466,10b
175,10493,lag1_squared_beta,-0.0028961546026403757,-0.015672234223412004,1466,10b
175,10493,lag1_squared_quality,0.005758587116333791,-0.016524207619240134,1466,10b
175,10493,lag1_squared_style,0.00967723656931798,-0.015985953981343653,1466,10b
176,10553,joint_collapse_95,0.0252387448840382,0.034106412005457026,1466,10b
176,10553,joint_direction_asymmetry,0.0061391541609822665,-0.000682128240109138,1466,10b
176,10553,joint_improvement_95,0.03137789904502047,0.03342428376534789,1466,10b
176,10553,joint_quality_style_lower_95,0.005457025920873124,0.001364256480218281,1466,10b
176,10553,joint_quality_style_upper_95,0.004092769440654843,0.0020463847203274215,1466,10b
176,10553,kendall_alpha_beta,-0.7246772113293818,-0.725010592776425,1466,10b
176,10553,kendall_alpha_beta_minus_gaussian,-0.00027979115098231144,-0.0006131725980255132,1466,10b
176,10553,kendall_quality_style,0.019191782799193535,-0.011328450567819282,1466,10b
176,10553,kendall_quality_style_minus_gaussian,0.014011983251468903,-0.016508250115543913,1466,10b
176,10553,kurtosis_alpha,0.09995127879647736,-0.05182370340981368,1466,10b
176,10553,kurtosis_beta,-0.010382769764792243,-0.0531455423495073,1466,10b
176,10553,kurtosis_quality,-0.011166913394136557,-0.044076236446351835,1466,10b
176,10553,kurtosis_style,0.14733202515377242,0.08572809925275449,1466,10b
176,10553,lag1_squared_alpha,0.004727571704377921,0.039965071325921885,1466,10b
176,10553,lag1_squared_beta,-0.004426241347132599,0.0430169977959325,1466,10b
176,10553,lag1_squared_quality,0.003066627973266422,0.03995616158226004,1466,10b
176,10553,lag1_squared_style,-0.008512523247846389,0.030266705354070087,1466,10b
177,10613,joint_collapse_95,0.029331514324693043,0.03137789904502047,1466,10b
177,10613,joint_direction_asymmetry,0.0020463847203274245,0.002046384720327421,1466,10b
177,10613,joint_improvement_95,0.03137789904502047,0.03342428376534789,1466,10b
177,10613,joint_quality_style_lower_95,0.001364256480218281,0.0,1466,10b
177,10613,joint_quality_style_upper_95,0.0,0.0006821282401091405,1466,10b
177,10613,kendall_alpha_beta,-0.7198571488436414,-0.7150482611550084,1466,10b
177,10613,kendall_alpha_beta_minus_gaussian,-0.006906489823854445,-0.002097602135221477,1466,10b
177,10613,kendall_quality_style,-0.18594210523865184,-0.2084686337413686,1466,10b
177,10613,kendall_quality_style_minus_gaussian,0.026174952126646694,0.0036484236239299472,1466,10b
177,10613,kurtosis_alpha,-0.09917800123778653,-0.15355515155055377,1466,10b
177,10613,kurtosis_beta,-0.06824344590113274,-0.034982403274581575,1466,10b
177,10613,kurtosis_quality,-0.08600601357809001,-0.0784039749980634,1466,10b
177,10613,kurtosis_style,-0.14470908697826657,0.10432918890300158,1466,10b
177,10613,lag1_squared_alpha,0.004294051683824716,-0.0025594555062262224,1466,10b
177,10613,lag1_squared_beta,0.004147838170000613,-0.0011743849929863343,1466,10b
177,10613,lag1_squared_quality,0.0027880782955201806,-0.002899735589011608,1466,10b
177,10613,lag1_squared_style,0.06843720611176551,-0.002614230113424572,1466,10b
178,10673,joint_collapse_95,0.03547066848567531,0.03274215552523874,1466,10b
178,10673,joint_direction_asymmetry,-0.000682128240109145,0.0,1466,10b
178,10673,joint_improvement_95,0.034788540245566164,0.03274215552523874,1466,10b
178,10673,joint_quality_style_lower_95,0.001364256480218281,0.0020463847203274215,1466,10b
178,10673,joint_quality_style_upper_95,0.0068212824010914054,0.0034106412005457027,1466,10b
178,10673,kendall_alpha_beta,-0.7332240686505036,-0.7326020049448476,1466,10b
178,10673,kendall_alpha_beta_minus_gaussian,-0.0028460081768161283,-0.002223944471160144,1466,10b
178,10673,kendall_quality_style,0.02952102025897596,-0.020990925133515637,1466,10b
178,10673,kendall_quality_style_minus_gaussian,0.020141891535644805,-0.030370053856846792,1466,10b
178,10673,kurtosis_alpha,0.10046448792230134,0.20951154113187975,1466,10b
178,10673,kurtosis_beta,-0.013865584919007468,0.13471576700045107,1466,10b
178,10673,kurtosis_quality,0.05045033780602859,0.16383728504244077,1466,10b
178,10673,kurtosis_style,-0.10268118645852509,0.17239043282375066,1466,10b
178,10673,lag1_squared_alpha,0.025811797996259638,-0.015033032011781858,1466,10b
178,10673,lag1_squared_beta,0.017765331270891273,-0.010231888585225932,1466,10b
178,10673,lag1_squared_quality,0.02214697317867744,-0.013714969090181108,1466,10b
178,10673,lag1_squared_style,-0.05146975593926372,0.005665822969741069,1466,10b
179,10734,joint_collapse_95,0.029331514324693043,0.030013642564802184,1466,10b
179,10734,joint_direction_asymmetry,-0.0027285129604365625,0.001364256480218283,1466,10b
179,10734,joint_improvement_95,0.02660300136425648,0.03137789904502047,1466,10b
179,10734,joint_quality_style_lower_95,0.006139154160982265,0.0034106412005457027,1466,10b
179,10734,joint_quality_style_upper_95,0.002728512960436562,0.0034106412005457027,1466,10b
179,10734,kendall_alpha_beta,-0.6290712346753955,-0.6165573243810791,1466,10b
179,10734,kendall_alpha_beta_minus_gaussian,0.009522172114756255,0.02203608240907262,1466,10b
179,10734,kendall_quality_style,0.08038869669272564,0.07745344998579873,1466,10b
179,10734,kendall_quality_style_minus_gaussian,-0.004278846379431961,-0.007214093086358869,1466,10b
179,10734,kurtosis_alpha,0.03599748518989099,0.17992933384676446,1466,10b
179,10734,kurtosis_beta,0.21278448614067846,0.07478609510091294,1466,10b
179,10734,kurtosis_quality,0.1289259601539885,0.1833020594918655,1466,10b
179,10734,kurtosis_style,-0.05674272264785962,-0.055487906469333215,1466,10b
179,10734,lag1_squared_alpha,0.02719999364544081,0.024581793812700876,1466,10b
179,10734,lag1_squared_beta,-0.017816039091760563,0.005365271666360741,1466,10b
179,10734,lag1_squared_quality,0.011205218336700757,0.01995221180231369,1466,10b
179,10734,lag1_squared_style,-0.015732802720364075,0.06587236166586377,1466,10b
180,10794,joint_collapse_95,0.03342428376534789,0.030013642564802184,1466,10b
180,10794,joint_direction_asymmetry,0.004092769440654842,0.004092769440654842,1466,10b
180,10794,joint_improvement_95,0.03751705320600273,0.034106412005457026,1466,10b
180,10794,joint_quality_style_lower_95,0.002728512960436562,0.0068212824010914054,1466,10b
180,10794,joint_quality_style_upper_95,0.001364256480218281,0.0020463847203274215,1466,10b
180,10794,kendall_alpha_beta,-0.7743156600812966,-0.7708142236542517,1466,10b
180,10794,kendall_alpha_beta_minus_gaussian,-0.0061639941851504565,-0.0026625577581055326,1466,10b
180,10794,kendall_quality_style,0.052544827232980595,0.08179858359446657,1466,10b
180,10794,kendall_quality_style_minus_gaussian,-0.003524400067178031,0.02572935629430794,1466,10b
180,10794,kurtosis_alpha,-0.06555666323872078,-0.14725635442715213,1466,10b
180,10794,kurtosis_beta,-0.05228391985423597,-0.20930667451466656,1466,10b
180,10794,kurtosis_quality,-0.05379533993634977,-0.20362649737614857,1466,10b
180,10794,kurtosis_style,-0.053016228302908086,0.09397545153175635,1466,10b
180,10794,lag1_squared_alpha,-0.010090956479058104,-0.014929532454008828,1466,10b
180,10794,lag1_squared_beta,-0.006740251060297428,-0.008880897016279149,1466,10b
180,10794,lag1_squared_quality,-0.012364793624297833,-0.0177939255749984,1466,10b
180,10794,lag1_squared_style,0.05067357333655396,-0.015063293189252711,1466,10b
181,10854,joint_collapse_95,0.038881309686221006,0.038881309686221006,1466,10b
181,10854,joint_direction_asymmetry,-0.005457025920873118,0.000682128240109145,1466,10b
181,10854,joint_improvement_95,0.03342428376534789,0.03956343792633015,1466,10b
181,10854,joint_quality_style_lower_95,0.0,0.0,1466,10b
181,10854,joint_quality_style_upper_95,0.0,0.0,1466,10b
181,10854,kendall_alpha_beta,-0.81436240798253,-0.8306962364214574,1466,10b
181,10854,kendall_alpha_beta_minus_gaussian,0.008031578573052922,-0.008302249865874467,1466,10b
181,10854,kendall_quality_style,-0.41106956776816017,-0.4016678384683079,1466,10b
181,10854,kendall_quality_style_minus_gaussian,0.0022657456456309233,0.011667474945483203,1466,10b
181,10854,kurtosis_alpha,0.03771736754665955,-0.34910318670855656,1466,10b
181,10854,kurtosis_beta,-0.06648017736888612,-0.2658191399485643,1466,10b
181,10854,kurtosis_quality,-0.023424618687677867,-0.31653627528772077,1466,10b
181,10854,kurtosis_style,-0.1452198630759325,0.04156748400718957,1466,10b
181,10854,lag1_squared_alpha,-0.006220631390052772,0.018272946073128883,1466,10b
181,10854,lag1_squared_beta,0.003820143320841491,0.00867465342174267,1466,10b
181,10854,lag1_squared_quality,-0.0020293157354932725,0.01434065510614556,1466,10b
181,10854,lag1_squared_style,0.02775081869012136,-0.020708147821595045,1466,10b
182,10915,joint_collapse_95,0.029331514324693043,0.03137789904502047,1466,10b
182,10915,joint_direction_asymmetry,0.0006821282401091415,-0.002728512960436566,1466,10b
182,10915,joint_improvement_95,0.030013642564802184,0.0286493860845839,1466,10b
182,10915,joint_quality_style_lower_95,0.0006821282401091405,0.0020463847203274215,1466,10b
182,10915,joint_quality_style_upper_95,0.002728512960436562,0.001364256480218281,1466,10b
182,10915,kendall_alpha_beta,-0.6707811648794753,-0.6805367627544012,1466,10b
182,10915,kendall_alpha_beta_minus_gaussian,0.00832646534944248,-0.0014291325254834897,1466,10b
182,10915,kendall_quality_style,-0.06608681886119516,-0.057623772518380134,1466,10b
182,10915,kendall_quality_style_minus_gaussian,0.0020778489669313616,0.01054089530974639,1466,10b
182,10915,kurtosis_alpha,0.01088491110816836,0.012450203519880354,1466,10b
182,10915,kurtosis_beta,0.05641528416654307,0.1267966850170894,1466,10b
182,10915,kurtosis_quality,0.06054161209927278,0.07146687510170935,1466,10b
182,10915,kurtosis_style,-0.2667441422288901,0.18214592837548027,1466,10b
182,10915,lag1_squared_alpha,-0.024757093191740114,0.02370078102488472,1466,10b
182,10915,lag1_squared_beta,-0.053623702640926654,-0.017335700886583635,1466,10b
182,10915,lag1_squared_quality,-0.043762921854861025,0.003376287482588575,1466,10b
182,10915,lag1_squared_style,-0.027788803458576924,-0.005565209275366069,1466,10b
183,10975,joint_collapse_95,0.02796725784447476,0.023874488403819918,1466,10b
183,10975,joint_direction_asymmetry,-0.004092769440654842,-0.002046384720327421,1466,10b
183,10975,joint_improvement_95,0.023874488403819918,0.021828103683492497,1466,10b
183,10975,joint_quality_style_lower_95,0.0020463847203274215,0.0,1466,10b
183,10975,joint_quality_style_upper_95,0.0,0.002728512960436562,1466,10b
183,10975,kendall_alpha_beta,-0.5948726305938008,-0.5799915257788602,1466,10b
183,10975,kendall_alpha_beta_minus_gaussian,-0.02871805800766225,-0.013836953192721602,1466,10b
183,10975,kendall_quality_style,-0.0611550084043786,-0.07672522570762075,1466,10b
183,10975,kendall_quality_style_minus_gaussian,-1.0889226905973215e-5,-0.015581106530148124,1466,10b
183,10975,kurtosis_alpha,0.02348693572254934,-0.013965697900446994,1466,10b
183,10975,kurtosis_beta,0.08281446098675493,-0.17768164281712773,1466,10b
183,10975,kurtosis_quality,0.07872296154972913,-0.1083166761536063,1466,10b
183,10975,kurtosis_style,-0.05531462535968856,0.006194337814865225,1466,10b
183,10975,lag1_squared_alpha,0.028467223093172934,0.020184505703464726,1466,10b
183,10975,lag1_squared_beta,0.03878125106388572,0.021965113379757834,1466,10b
183,10975,lag1_squared_quality,0.03910082714510043,0.03384525459211799,1466,10b
183,10975,lag1_squared_style,0.004873803880539376,-0.009396035373855586,1466,10b
184,11035,joint_collapse_95,0.023192360163710776,0.017735334242837655,1466,10b
184,11035,joint_direction_asymmetry,-0.0034106412005457006,-0.003410641200545704,1466,10b
184,11035,joint_improvement_95,0.019781718963165076,0.01432469304229195,1466,10b
184,11035,joint_quality_style_lower_95,0.004092769440654843,0.0020463847203274215,1466,10b
184,11035,joint_quality_style_upper_95,0.0,0.0,1466,10b
184,11035,kendall_alpha_beta,-0.48559987707723185,-0.4507251977706279,1466,10b
184,11035,kendall_alpha_beta_minus_gaussian,-0.023571219456964443,0.011303459849639486,1466,10b
184,11035,kendall_quality_style,-0.12652570901759574,-0.0822642001406162,1466,10b
184,11035,kendall_quality_style_minus_gaussian,-0.012130046935990998,0.03213146194098855,1466,10b
184,11035,kurtosis_alpha,0.05876379385602748,-0.09709042273604807,1466,10b
184,11035,kurtosis_beta,-0.09279818948048302,-0.10709128532452938,1466,10b
184,11035,kurtosis_quality,-0.017925625059384664,-0.15987375124829972,1466,10b
184,11035,kurtosis_style,0.019646582874115914,0.0016396234772728668,1466,10b
184,11035,lag1_squared_alpha,0.014536168979768987,-0.02589927722153292,1466,10b
184,11035,lag1_squared_beta,0.05581072397701544,0.010968368724849822,1466,10b
184,11035,lag1_squared_quality,0.03325348657405553,-0.00107351714434398,1466,10b
184,11035,lag1_squared_style,0.02805549414326809,0.011019084722354097,1466,10b
185,11096,joint_collapse_95,0.029331514324693043,0.0286493860845839,1466,10b
185,11096,joint_direction_asymmetry,0.0006821282401091415,0.001364256480218283,1466,10b
185,11096,joint_improvement_95,0.030013642564802184,0.030013642564802184,1466,10b
185,11096,joint_quality_style_lower_95,0.002728512960436562,0.0034106412005457027,1466,10b
185,11096,joint_quality_style_upper_95,0.0006821282401091405,0.0,1466,10b
185,11096,kendall_alpha_beta,-0.6584348765417727,-0.6639030772597534,1466,10b
185,11096,kendall_alpha_beta_minus_gaussian,-0.0007189726012257758,-0.006187173319206485,1466,10b
185,11096,kendall_quality_style,0.004854518110155581,0.007247787157364405,1466,10b
185,11096,kendall_quality_style_minus_gaussian,-0.015839645954608572,-0.013446376907399749,1466,10b
185,11096,kurtosis_alpha,0.010410197828153223,0.06161931986034075,1466,10b
185,11096,kurtosis_beta,0.02340294389248454,-0.01744840139284687,1466,10b
185,11096,kurtosis_quality,0.018448116753857047,0.015217954583095938,1466,10b
185,11096,kurtosis_style,0.06409692277176138,-0.10325726056182072,1466,10b
185,11096,lag1_squared_alpha,0.004415547830684638,0.004310924812787159,1466,10b
185,11096,lag1_squared_beta,0.03062559856478005,0.011201716710009387,1466,10b
185,11096,lag1_squared_quality,0.018841566320869394,0.013167328382970366,1466,10b
185,11096,lag1_squared_style,-0.03439602557912131,0.003390711272703801,1466,10b
186,11156,joint_collapse_95,0.02660300136425648,0.0286493860845839,1466,10b
186,11156,joint_direction_asymmetry,0.0013642564802182795,-0.0006821282401091415,1466,10b
186,11156,joint_improvement_95,0.02796725784447476,0.02796725784447476,1466,10b
186,11156,joint_quality_style_lower_95,0.002728512960436562,0.0006821282401091405,1466,10b
186,11156,joint_quality_style_upper_95,0.0,0.0006821282401091405,1466,10b
186,11156,kendall_alpha_beta,-0.6318779712155851,-0.6321051920901062,1466,10b
186,11156,kendall_alpha_beta_minus_gaussian,0.0009999115482844934,0.0007726906737633987,1466,10b
186,11156,kendall_quality_style,-0.09068068482881597,-0.11600091260843048,1466,10b
186,11156,kendall_quality_style_minus_gaussian,0.00848874690979766,-0.016831480869816853,1466,10b
186,11156,kurtosis_alpha,0.16711436427420168,0.1287339405164154,1466,10b
186,11156,kurtosis_beta,0.2408800048541262,0.012404679831257148,1466,10b
186,11156,kurtosis_quality,0.24762642031097348,0.08343134030819632,1466,10b
186,11156,kurtosis_style,-0.006358932708008247,-0.007725809887447532,1466,10b
186,11156,lag1_squared_alpha,0.0026004141355004166,-0.013882171496927399,1466,10b
186,11156,lag1_squared_beta,0.011280207431961162,0.010889320689788108,1466,10b
186,11156,lag1_squared_quality,0.0045581474145017,-0.0008263942304954487,1466,10b
186,11156,lag1_squared_style,-0.02087880568318495,-0.046950744986608735,1466,10b
187,11216,joint_collapse_95,0.032060027285129605,0.02455661664392906,1466,10b
187,11216,joint_direction_asymmetry,-0.003410641200545704,0.002046384720327421,1466,10b
187,11216,joint_improvement_95,0.0286493860845839,0.02660300136425648,1466,10b
187,11216,joint_quality_style_lower_95,0.0034106412005457027,0.006139154160982265,1466,10b
187,11216,joint_quality_style_upper_95,0.002728512960436562,0.0034106412005457027,1466,10b
187,11216,kendall_alpha_beta,-0.6642867452937808,-0.6519423194222629,1466,10b
187,11216,kendall_alpha_beta_minus_gaussian,-0.020750948177480022,-0.00840652230596206,1466,10b
187,11216,kendall_quality_style,0.10076407675223142,0.07270043628270373,1466,10b
187,11216,kendall_quality_style_minus_gaussian,0.029204524959098574,0.0011408844895708786,1466,10b
187,11216,kurtosis_alpha,-0.04163085430312341,-0.20196653849790813,1466,10b
187,11216,kurtosis_beta,0.05019904851384105,-0.17202177457728585,1466,10b
187,11216,kurtosis_quality,0.03025333932221219,-0.24401992742189593,1466,10b
187,11216,kurtosis_style,-0.0607301800087221,-0.11259865065256269,1466,10b
187,11216,lag1_squared_alpha,-0.00825253229555324,-0.027078605023197016,1466,10b
187,11216,lag1_squared_beta,0.03141328642966543,-0.04310248333649507,1466,10b
187,11216,lag1_squared_quality,0.013044448976165373,-0.03774375865624481,1466,10b
187,11216,lag1_squared_style,0.06579664632070796,0.019916994221990676,1466,10b
188,11276,joint_collapse_95,0.0252387448840382,0.019781718963165076,1466,10b
188,11276,joint_direction_asymmetry,-0.0040927694406548455,0.0006821282401091415,1466,10b
188,11276,joint_improvement_95,0.021145975443383355,0.020463847203274217,1466,10b
188,11276,joint_quality_style_lower_95,0.005457025920873124,0.008185538881309686,1466,10b
188,11276,joint_quality_style_upper_95,0.008185538881309686,0.005457025920873124,1466,10b
188,11276,kendall_alpha_beta,-0.521960804399145,-0.5070461751928816,1466,10b
188,11276,kendall_alpha_beta_minus_gaussian,0.012025287308697452,0.02693991651496086,1466,10b
188,11276,kendall_quality_style,0.15555038203837612,0.13517313951268572,1466,10b
188,11276,kendall_quality_style_minus_gaussian,0.004809785438315506,-0.015567457087374892,1466,10b
188,11276,kurtosis_alpha,0.14456498045073252,0.15201502091666352,1466,10b
188,11276,kurtosis_beta,-0.08790810044301622,0.22008120748122018,1466,10b
188,11276,kurtosis_quality,0.0824093076320116,0.23575029228331745,1466,10b
188,11276,kurtosis_style,0.03301511051996053,-0.11350322353277464,1466,10b
188,11276,lag1_squared_alpha,-0.01177168392244122,-0.019177759734831667,1466,10b
188,11276,lag1_squared_beta,-0.010322300513544946,0.023910388284736944,1466,10b
188,11276,lag1_squared_quality,-0.010614056481899605,0.005137777503824364,1466,10b
188,11276,lag1_squared_style,-0.020251763899157765,0.016750007844804522,1466,10b
189,11337,joint_collapse_95,0.030695770804911322,0.030013642564802184,1466,10b
189,11337,joint_direction_asymmetry,-0.002046384720327421,-0.0006821282401091415,1466,10b
189,11337,joint_improvement_95,0.0286493860845839,0.029331514324693043,1466,10b
189,11337,joint_quality_style_lower_95,0.0034106412005457027,0.0034106412005457027,1466,10b
189,11337,joint_quality_style_upper_95,0.002728512960436562,0.0034106412005457027,1466,10b
189,11337,kendall_alpha_beta,-0.6847757357905471,-0.6868412107892665,1466,10b
189,11337,kendall_alpha_beta_minus_gaussian,0.00018713173623818857,-0.0018783432624812635,1466,10b
189,11337,kendall_quality_style,0.0745573150687483,0.06952679390414818,1466,10b
189,11337,kendall_quality_style_minus_gaussian,0.01894327281092486,0.013912751646324738,1466,10b
189,11337,kurtosis_alpha,0.03718884388086563,-0.03976861772832452,1466,10b
189,11337,kurtosis_beta,-0.16821269356761892,0.09812256214506965,1466,10b
189,11337,kurtosis_quality,-0.05611575800747337,0.03900961568350381,1466,10b
189,11337,kurtosis_style,-0.02128853753134985,0.033100853850786205,1466,10b
189,11337,lag1_squared_alpha,0.02800266383105815,0.0006308155314989981,1466,10b
189,11337,lag1_squared_beta,0.030368302660905053,0.02800904338986775,1466,10b
189,11337,lag1_squared_quality,0.039071003884637884,0.018707965541568016,1466,10b
189,11337,lag1_squared_style,0.032168143334415825,0.016170329982713377,1466,10b
190,11397,joint_collapse_95,0.023192360163710776,0.022510231923601638,1466,10b
190,11397,joint_direction_asymmetry,0.0020463847203274245,0.002046384720327421,1466,10b
190,11397,joint_improvement_95,0.0252387448840382,0.02455661664392906,1466,10b
190,11397,joint_quality_style_lower_95,0.0,0.0006821282401091405,1466,10b
190,11397,joint_quality_style_upper_95,0.001364256480218281,0.001364256480218281,1466,10b
190,11397,kendall_alpha_beta,-0.5649409365411209,-0.5759089999022204,1466,10b
190,11397,kendall_alpha_beta_minus_gaussian,0.006566889207318294,-0.004401174153781273,1466,10b
190,11397,kendall_quality_style,-0.09765003329158306,-0.1222271370635426,1466,10b
190,11397,kendall_quality_style_minus_gaussian,0.003995112332737166,-0.020581991439222375,1466,10b
190,11397,kurtosis_alpha,-0.1836487219097882,-0.009867638072480034,1466,10b
190,11397,kurtosis_beta,-0.04419447092790385,-0.14854969096059323,1466,10b
190,11397,kurtosis_quality,-0.09587036073865685,-0.04870637033896141,1466,10b
190,11397,kurtosis_style,0.0496972383636316,-0.04410272209823729,1466,10b
190,11397,lag1_squared_alpha,-0.0035434254485323243,0.00995812978855164,1466,10b
190,11397,lag1_squared_beta,0.024004714842488166,-0.022632462573540606,1466,10b
190,11397,lag1_squared_quality,0.012704648898715826,-0.017303207832969226,1466,10b
190,11397,lag1_squared_style,-0.01457719574126841,0.04487990737767528,1466,10b
191,11457,joint_collapse_95,0.02796725784447476,0.02660300136425648,1466,10b
191,11457,joint_direction_asymmetry,0.0047748976807639835,0.003410641200545704,1466,10b
191,11457,joint_improvement_95,0.03274215552523874,0.030013642564802184,1466,10b
191,11457,joint_quality_style_lower_95,0.001364256480218281,0.001364256480218281,1466,10b
191,11457,joint_quality_style_upper_95,0.001364256480218281,0.0006821282401091405,1466,10b
191,11457,kendall_alpha_beta,-0.6587440459284162,-0.6551755607187257,1466,10b
191,11457,kendall_alpha_beta_minus_gaussian,-0.006824746389570202,-0.0032562611798797603,1466,10b
191,11457,kendall_quality_style,-0.06744083177739801,-0.08125474346856398,1466,10b
191,11457,kendall_quality_style_minus_gaussian,0.0017887614066373209,-0.012025150284528649,1466,10b
191,11457,kurtosis_alpha,0.14787190480586032,0.0989958365369672,1466,10b
191,11457,kurtosis_beta,0.043591085885189784,0.16958750385185617,1466,10b
191,11457,kurtosis_quality,0.12277185050118611,0.159979334444329,1466,10b
191,11457,kurtosis_style,0.4124217517745934,-0.17078072943190925,1466,10b
191,11457,lag1_squared_alpha,0.02442935229565674,0.04238583825070637,1466,10b
191,11457,lag1_squared_beta,-0.04121640382497481,0.028063823613438878,1466,10b
191,11457,lag1_squared_quality,-0.008425916834229925,0.028082540230109924,1466,10b
191,11457,lag1_squared_style,-0.038264079372820295,0.015732291909855707,1466,10b
192,11518,joint_collapse_95,0.032060027285129605,0.03751705320600273,1466,10b
192,11518,joint_direction_asymmetry,0.002728512960436559,-0.000682128240109145,1466,10b
192,11518,joint_improvement_95,0.034788540245566164,0.036834924965893585,1466,10b
192,11518,joint_quality_style_lower_95,0.0,0.0,1466,10b
192,11518,joint_quality_style_upper_95,0.0006821282401091405,0.0,1466,10b
192,11518,kendall_alpha_beta,-0.7219095865790686,-0.7368279407177014,1466,10b
192,11518,kendall_alpha_beta_minus_gaussian,0.010275115919378797,-0.004643238219254053,1466,10b
192,11518,kendall_quality_style,-0.27865939684032615,-0.2842877696501822,1466,10b
192,11518,kendall_quality_style_minus_gaussian,0.00516911478334714,-0.0004592580265089241,1466,10b
192,11518,kurtosis_alpha,0.14145718519963113,0.006450021781033044,1466,10b
192,11518,kurtosis_beta,0.0942185502160866,0.08767113898748224,1466,10b
192,11518,kurtosis_quality,0.113028594491972,0.06703563608602536,1466,10b
192,11518,kurtosis_style,-0.007365950371738261,-0.19904261149524505,1466,10b
192,11518,lag1_squared_alpha,0.013268669169756667,-0.009614272501519259,1466,10b
192,11518,lag1_squared_beta,5.1485637530575856e-5,0.01182923826875792,1466,10b
192,11518,lag1_squared_quality,0.001164875541057688,0.0013094828095282327,1466,10b
192,11518,lag1_squared_style,0.010867495907201893,-0.002419200893344904,1466,10b
193,11578,joint_collapse_95,0.02592087312414734,0.03274215552523874,1466,10b
193,11578,joint_direction_asymmetry,0.0040927694406548455,-0.002046384720327421,1466,10b
193,11578,joint_improvement_95,0.030013642564802184,0.030695770804911322,1466,10b
193,11578,joint_quality_style_lower_95,0.008185538881309686,0.007503410641200546,1466,10b
193,11578,joint_quality_style_upper_95,0.008185538881309686,0.008867667121418827,1466,10b
193,11578,kendall_alpha_beta,-0.6733066690257905,-0.6625919010657964,1466,10b
193,11578,kendall_alpha_beta_minus_gaussian,-0.010431818059487008,0.00028294990050714564,1466,10b
193,11578,kendall_quality_style,0.1718432362212423,0.19583180067886896,1466,10b
193,11578,kendall_quality_style_minus_gaussian,-0.031405585759661736,-0.007417021302035087,1466,10b
193,11578,kurtosis_alpha,0.11803811829171496,0.18697858972116332,1466,10b
193,11578,kurtosis_beta,0.0740539582305706,0.09025950841739849,1466,10b
193,11578,kurtosis_quality,0.0887031279385555,0.13700732887813194,1466,10b
193,11578,kurtosis_style,-0.03360870831118623,-0.16872154351723756,1466,10b
193,11578,lag1_squared_alpha,0.054817938104065565,-0.027625087946223908,1466,10b
193,11578,lag1_squared_beta,0.039453228243051766,0.011848706602042196,1466,10b
193,11578,lag1_squared_quality,0.0544388231497446,-0.0032860189618049,1466,10b
193,11578,lag1_squared_style,-0.005472273914491474,-0.02917724257607035,1466,10b
194,11638,joint_collapse_95,0.02592087312414734,0.02660300136425648,1466,10b
194,11638,joint_direction_asymmetry,-0.002046384720327421,-0.0006821282401091415,1466,10b
194,11638,joint_improvement_95,0.023874488403819918,0.02592087312414734,1466,10b
194,11638,joint_quality_style_lower_95,0.0020463847203274215,0.001364256480218281,1466,10b
194,11638,joint_quality_style_upper_95,0.001364256480218281,0.001364256480218281,1466,10b
194,11638,kendall_alpha_beta,-0.5980686225665715,-0.5782743319566603,1466,10b
194,11638,kendall_alpha_beta_minus_gaussian,-0.018047170902325105,0.001747119707586009,1466,10b
194,11638,kendall_quality_style,-0.07550717282289354,-0.05120012664770046,1466,10b
194,11638,kendall_quality_style_minus_gaussian,-0.031405807916260735,-0.007098761741067654,1466,10b
194,11638,kurtosis_alpha,0.031133908867527094,0.08999898780460613,1466,10b
194,11638,kurtosis_beta,-0.04897935343017279,0.003682568108909212,1466,10b
194,11638,kurtosis_quality,-0.02743449644515028,0.07219725915212116,1466,10b
194,11638,kurtosis_style,-0.1868369603029385,-0.08020035018551352,1466,10b
194,11638,lag1_squared_alpha,-0.016175852689126483,-0.04814349662643983,1466,10b
194,11638,lag1_squared_beta,0.0309461417859337,-0.013972686953668276,1466,10b
194,11638,lag1_squared_quality,0.015450846294262324,-0.02345193867141373,1466,10b
194,11638,lag1_squared_style,-0.0021188418931360063,-0.017737053295876125,1466,10b
195,11699,joint_collapse_95,0.019781718963165076,0.017735334242837655,1466,10b
195,11699,joint_direction_asymmetry,-0.002046384720327421,0.006821282401091405,1466,10b
195,11699,joint_improvement_95,0.017735334242837655,0.02455661664392906,1466,10b
195,11699,joint_quality_style_lower_95,0.0034106412005457027,0.0020463847203274215,1466,10b
195,11699,joint_quality_style_upper_95,0.001364256480218281,0.0047748976807639835,1466,10b
195,11699,kendall_alpha_beta,-0.4865907090874382,-0.49536292481689626,1466,10b
195,11699,kendall_alpha_beta_minus_gaussian,-0.006435173875365852,-0.015207389604823929,1466,10b
195,11699,kendall_quality_style,0.022100954979536125,0.01829779903058637,1466,10b
195,11699,kendall_quality_style_minus_gaussian,0.008976159122343185,0.0051730031733934305,1466,10b
195,11699,kurtosis_alpha,0.056747774429603215,0.1596849068083417,1466,10b
195,11699,kurtosis_beta,0.050496587799673254,0.044748198626896496,1466,10b
195,11699,kurtosis_quality,0.061119816178691,0.14140305632302796,1466,10b
195,11699,kurtosis_style,0.05915336885731426,0.21876358055321,1466,10b
195,11699,lag1_squared_alpha,0.01932831673893677,-0.006208570033807092,1466,10b
195,11699,lag1_squared_beta,0.06314247645793988,0.0108034609905382,1466,10b
195,11699,lag1_squared_quality,0.06355212516503664,-0.01940672316647908,1466,10b
195,11699,lag1_squared_style,0.03370164667764576,-0.009535389362823225,1466,10b
196,11759,joint_collapse_95,0.021145975443383355,0.019099590723055934,1466,10b
196,11759,joint_direction_asymmetry,0.003410641200545704,0.003410641200545704,1466,10b
196,11759,joint_improvement_95,0.02455661664392906,0.022510231923601638,1466,10b
196,11759,joint_quality_style_lower_95,0.002728512960436562,0.0,1466,10b
196,11759,joint_quality_style_upper_95,0.0006821282401091405,0.0,1466,10b
196,11759,kendall_alpha_beta,-0.5422728606083747,-0.533340472787041,1466,10b
196,11759,kendall_alpha_beta_minus_gaussian,-0.01487255492446038,-0.005940167103126726,1466,10b
196,11759,kendall_quality_style,-0.17074624363851387,-0.14711713515451486,1466,10b
196,11759,kendall_quality_style_minus_gaussian,-0.04398085780778385,-0.020351749323784835,1466,10b
196,11759,kurtosis_alpha,0.238947650689465,-0.13185940047190892,1466,10b
196,11759,kurtosis_beta,-0.1528874286724955,-0.10125223459378674,1466,10b
196,11759,kurtosis_quality,0.002234878851588906,-0.141808460598579,1466,10b
196,11759,kurtosis_style,-0.12634391207272344,0.07773169303770944,1466,10b
196,11759,lag1_squared_alpha,0.03640175919889888,-0.0016938291119593866,1466,10b
196,11759,lag1_squared_beta,-0.0004359711292988568,0.008881928378728443,1466,10b
196,11759,lag1_squared_quality,0.0061647381957840135,-0.0026633357552439197,1466,10b
196,11759,lag1_squared_style,0.013011573640963494,0.033088399712261955,1466,10b
197,11819,joint_collapse_95,0.023192360163710776,0.02455661664392906,1466,10b
197,11819,joint_direction_asymmetry,0.003410641200545704,-0.0061391541609822665,1466,10b
197,11819,joint_improvement_95,0.02660300136425648,0.018417462482946793,1466,10b
197,11819,joint_quality_style_lower_95,0.0006821282401091405,0.001364256480218281,1466,10b
197,11819,joint_quality_style_upper_95,0.001364256480218281,0.002728512960436562,1466,10b
197,11819,kendall_alpha_beta,-0.5525220120222192,-0.5553082614343783,1466,10b
197,11819,kendall_alpha_beta_minus_gaussian,0.009216500555673135,0.006430251143514032,1466,10b
197,11819,kendall_quality_style,-0.07538983745326377,-0.07331318765743666,1466,10b
197,11819,kendall_quality_style_minus_gaussian,-0.0076703299439417755,-0.005593680148114663,1466,10b
197,11819,kurtosis_alpha,0.2571509244864081,-0.0151360417032107,1466,10b
197,11819,kurtosis_beta,0.28770676852608057,-0.00995322539290866,1466,10b
197,11819,kurtosis_quality,0.4117212446908365,-0.008895059877403355,1466,10b
197,11819,kurtosis_style,0.08667142373464465,-0.11820483682908156,1466,10b
197,11819,lag1_squared_alpha,-0.02945053351956835,0.00765772821575211,1466,10b
197,11819,lag1_squared_beta,0.011742336506245891,0.024788502874361885,1466,10b
197,11819,lag1_squared_quality,-0.013758249303723498,0.014535945481098846,1466,10b
197,11819,lag1_squared_style,0.04938593528878276,0.02728938836989988,1466,10b
198,11879,joint_collapse_95,0.029331514324693043,0.030695770804911322,1466,10b
198,11879,joint_direction_asymmetry,0.0040927694406548455,0.002728512960436566,1466,10b
198,11879,joint_improvement_95,0.03342428376534789,0.03342428376534789,1466,10b
198,11879,joint_quality_style_lower_95,0.001364256480218281,0.001364256480218281,1466,10b
198,11879,joint_quality_style_upper_95,0.0034106412005457027,0.0020463847203274215,1466,10b
198,11879,kendall_alpha_beta,-0.6956059766539864,-0.7264633164004115,1466,10b
198,11879,kendall_alpha_beta_minus_gaussian,0.02003886724718551,-0.010818472499239618,1466,10b
198,11879,kendall_quality_style,-0.007454520903854789,-0.013058681653311144,1466,10b
198,11879,kendall_quality_style_minus_gaussian,0.011763141450274243,0.006158980700817888,1466,10b
198,11879,kurtosis_alpha,0.19054237714642142,0.16241834211399198,1466,10b
198,11879,kurtosis_beta,0.2604555179325079,0.11994729934324022,1466,10b
198,11879,kurtosis_quality,0.24097927273488695,0.1302451874553716,1466,10b
198,11879,kurtosis_style,0.07153977225428854,0.05556259240217676,1466,10b
198,11879,lag1_squared_alpha,0.03186323150037363,-0.016204309397254268,1466,10b
198,11879,lag1_squared_beta,0.01954883811724189,-0.002320643953617055,1466,10b
198,11879,lag1_squared_quality,0.02179007403589616,-0.01208364233161774,1466,10b
198,11879,lag1_squared_style,-0.03503129488007688,-0.030124324967849843,1466,10b
199,11940,joint_collapse_95,0.03137789904502047,0.030695770804911322,1466,10b
199,11940,joint_direction_asymmetry,-0.002728512960436566,-0.0027285129604365625,1466,10b
199,11940,joint_improvement_95,0.0286493860845839,0.02796725784447476,1466,10b
199,11940,joint_quality_style_lower_95,0.0,0.0,1466,10b
199,11940,joint_quality_style_upper_95,0.0006821282401091405,0.0006821282401091405,1466,10b
199,11940,kendall_alpha_beta,-0.6475990482797798,-0.6369569165009847,1466,10b
199,11940,kendall_alpha_beta_minus_gaussian,-0.007432649053382034,0.003209482725412993,1466,10b
199,11940,kendall_quality_style,-0.14708733569556132,-0.13117442461435314,1466,10b
199,11940,kendall_quality_style_minus_gaussian,-0.0038757650154945256,0.012037146065713655,1466,10b
199,11940,kurtosis_alpha,0.12519402356786413,-0.06586192286633086,1466,10b
199,11940,kurtosis_beta,0.08700375568273078,0.013393664064724753,1466,10b
199,11940,kurtosis_quality,0.14402991044249847,-0.010655689397832901,1466,10b
199,11940,kurtosis_style,0.06873778634160432,0.051077969768747344,1466,10b
199,11940,lag1_squared_alpha,0.054104085787553574,0.005098253481944924,1466,10b
199,11940,lag1_squared_beta,0.018677214069634282,0.059911752392617916,1466,10b
199,11940,lag1_squared_quality,0.04283269309901705,0.03807221788499008,1466,10b
199,11940,lag1_squared_style,0.004364918187959216,-0.002231879735919753,1466,10b
200,12000,joint_collapse_95,0.02660300136425648,0.023874488403819918,1466,10b
200,12000,joint_direction_asymmetry,0.002046384720327421,-0.0027285129604365625,1466,10b
200,12000,joint_improvement_95,0.0286493860845839,0.021145975443383355,1466,10b
200,12000,joint_quality_style_lower_95,0.002728512960436562,0.0006821282401091405,1466,10b
200,12000,joint_quality_style_upper_95,0.001364256480218281,0.0006821282401091405,1466,10b
200,12000,kendall_alpha_beta,-0.5783618678673366,-0.5671032597814396,1466,10b
200,12000,kendall_alpha_beta_minus_gaussian,-0.009539890785064342,0.0017187173008326173,1466,10b
200,12000,kendall_quality_style,-0.06171561072594267,-0.09847510581136021,1466,10b
200,12000,kendall_quality_style_minus_gaussian,0.013099339474387628,-0.02366015561102991,1466,10b
200,12000,kurtosis_alpha,0.06419262551737592,0.018859109382904027,1466,10b
200,12000,kurtosis_beta,0.15382505563708992,-0.18268692655575158,1466,10b
200,12000,kurtosis_quality,0.17460867307337624,-0.07700448178211383,1466,10b
200,12000,kurtosis_style,0.018506677791541915,-0.12127363798439772,1466,10b
200,12000,lag1_squared_alpha,0.0031386938647676777,0.010137966789236452,1466,10b
200,12000,lag1_squared_beta,-0.0007041101378363999,0.012439962998881691,1466,10b
200,12000,lag1_squared_quality,-0.004520969585476663,0.022021246424821322,1466,10b
200,12000,lag1_squared_style,0.026051003873994158,0.03905194599760231,1466,10b
