league,rung,protocol,match_id,axis,observed,predicted,variance,logpd,cover90
irl_first_division,R2,10b,13366705,supremacy,0.15437598530789665,-0.11588333891736038,0.14414334091298012,-0.20382427423540567,true
irl_first_division,R2,10b,13366705,level,0.22554805700314423,0.24483788952008384,0.03199278736314346,0.796368528690819,true
irl_first_division,R2,10b,13366707,supremacy,-0.14468897758702098,0.015252105557014561,0.13792144819155033,-0.02114116164391465,true
irl_first_division,R2,10b,13366707,level,0.2955315073868765,0.39411833841280075,0.030865364976304682,0.6626740367548452,true
irl_first_division,R2,10b,13366710,supremacy,-0.31778623542855367,0.07807381777823375,0.14115754330886346,-0.49507112736542935,true
irl_first_division,R2,10b,13366710,level,0.26735843126082887,0.3590692207851805,0.032416210144698504,0.6658773479352861,true
irl_first_division,R2,10b,13366712,supremacy,0.4985939060594325,0.39289177765490524,0.12394079386352042,0.07996341641607789,true
irl_first_division,R2,10b,13366712,level,0.23102192616016,0.352528736536192,0.029691180649619703,0.5908896621805525,true
irl_first_division,R2,10b,13366716,supremacy,0.626490296846242,0.4587830797520791,0.09158459431598392,0.12275712336598807,true
irl_first_division,R2,10b,13366716,level,0.27306882723244796,0.2798833570499085,0.022563474760694827,0.9757438389296983,true
irl_first_division,R2,10b,13366719,supremacy,-1.0400413411307528,-0.20318211200683983,1.2871441808763073,-1.3172008174631489,true
irl_first_division,R2,10b,13366719,level,0.1431418708161862,0.12846704484520863,0.2838592429337806,-0.2896794658645826,true
irl_first_division,R2,10b,13366725,supremacy,-0.8253584894017978,-1.0850460284852337,0.058907835932989094,-0.07544733717974644,true
irl_first_division,R2,10b,13366725,level,0.07992288149809465,0.1450372925938398,0.02992873827618995,0.7646964920399326,true
irl_first_division,R2,10b,13366728,supremacy,0.5782453380798819,0.21208163453203346,0.061668197974886686,-0.6130196332107052,true
irl_first_division,R2,10b,13366728,level,0.22133026693866606,0.2497322442066794,0.014757999839696272,1.1617164559935413,true
irl_first_division,R2,10b,13366730,supremacy,-0.03514683790367895,0.12321567322917235,0.10628360557794234,0.08390355827598203,true
irl_first_division,R2,10b,13366730,level,0.1495257250181054,0.307400287981387,0.0243676347915201,0.42688738409105265,true
irl_first_division,R2,10b,13366732,supremacy,-0.21125519714085658,-0.36857578799888646,0.08866706175665398,0.15292912753614304,true
irl_first_division,R2,10b,13366732,level,0.27904861223748517,0.2954558094496552,0.02184328150642191,0.9868304214371898,true
irl_first_division,R2,10b,13366734,supremacy,0.9368245846544433,0.6246841558115884,0.0544749301606422,-0.358210883148104,true
irl_first_division,R2,10b,13366734,level,0.19624924584103792,0.320948594975305,0.01320539102478721,0.6558545767040115,true
irl_first_division,R2,10b,13366738,supremacy,0.17823987932323893,-0.24422420438492518,0.06974413160558789,-0.8669823328076895,true
irl_first_division,R2,10b,13366738,level,0.16898272938993347,0.22739629529284228,0.015339183001672599,1.0585106829037574,true
irl_first_division,R2,10b,13366740,supremacy,0.49075991632010274,0.5821144463711512,0.05280322820367789,0.4726269953797028,true
irl_first_division,R2,10b,13366740,level,0.10053827379626927,0.1513092272481094,0.012769916696402258,1.160464821150398,true
irl_first_division,R2,10b,13366744,supremacy,0.027064977506780913,0.21804677389742205,0.04890782404064206,0.2170848147616104,true
irl_first_division,R2,10b,13366744,level,0.16439095358643424,0.16296297028983683,0.011763778124819671,1.3023398561631259,true
irl_first_division,R2,10b,13366746,supremacy,-0.2643607393890862,-0.7751475335681536,0.04907143167923511,-2.070101048734143,false
irl_first_division,R2,10b,13366746,level,0.16634395198172763,0.116520780280357,0.014697789877063966,1.106644222565133,true
irl_first_division,R2,10b,13366748,supremacy,-0.37808989598885234,-0.434312358446838,0.03859862114573298,0.6673842203209871,true
irl_first_division,R2,10b,13366748,level,0.1521526257004276,0.23188673712749586,0.013237124174605243,1.0032863510746983,true
irl_first_division,R2,10b,13366752,supremacy,-0.21265454594182243,-0.09683686621914839,0.04153068330544879,0.5102309866917688,true
irl_first_division,R2,10b,13366752,level,0.25400304609630053,0.2190965920230795,0.013577836990179282,1.1858502271044666,true
irl_first_division,R2,10b,13366755,supremacy,0.5918258201620001,0.4071632090486446,0.039526039312004324,0.2650945197807317,true
irl_first_division,R2,10b,13366755,level,0.17411053603890136,0.2231111821697024,0.011086436923079646,1.223789552266445,true
irl_first_division,R2,10b,13366758,supremacy,0.14621702056872093,-0.21871554668071905,0.0417571147813185,-0.9256435735454995,false
irl_first_division,R2,10b,13366758,level,0.07609071123831071,0.19113309182964738,0.010382985995685913,0.7275261829725447,true
irl_first_division,R2,10b,13366760,supremacy,0.12840074242010402,0.32160867697235396,0.044857335044618835,0.21710633819879277,true
irl_first_division,R2,10b,13366760,level,0.19501242109545935,0.1920256878437035,0.013183290196435805,1.2451257106790568,true
irl_first_division,R2,10b,13366765,supremacy,0.13785274195699895,0.3424778993843631,0.038115912958064935,0.16535842409058232,true
irl_first_division,R2,10b,13366765,level,0.17267241623120533,0.15338781142547953,0.009999064693187367,1.3650967888445744,true
irl_first_division,R2,10b,13366767,supremacy,-0.8596119421907429,-0.20559065103022628,0.03911854472788217,-4.765636338075993,false
irl_first_division,R2,10b,13366767,level,0.17339788560896977,0.1690334778138399,0.009949074150585345,1.3852420801735175,true
irl_first_division,R2,10b,13366771,supremacy,-0.14750427635576785,-0.01948935092957263,0.04344119635219632,0.4606142593353669,true
irl_first_division,R2,10b,13366771,level,0.15988009175210574,0.15816610192562952,0.01014850160490137,1.3761313328938884,true
irl_first_division,R2,10b,13366773,supremacy,-0.5362833972910228,-0.30909492600704414,0.045030876946354895,0.05816256648742735,true
irl_first_division,R2,10b,13366773,level,0.24592530021827355,0.3080346677201581,0.010835993948115005,1.1655042836154472,true
irl_first_division,R2,10b,13366812,supremacy,0.6545156821813888,0.497828681238403,0.03843231395588667,0.3910864928555204,true
irl_first_division,R2,10b,13366812,level,0.1124604678586843,0.13089988184342513,0.009613098049431786,1.385691003051247,true
irl_first_division,R2,10b,13366775,supremacy,0.4351134501278019,0.3428596766249724,0.036924008093792135,0.6152611723171665,true
irl_first_division,R2,10b,13366775,level,0.25882323998781465,0.18757005984442898,0.009993919035667237,1.1299454567788012,true
irl_first_division,R2,10b,13366783,supremacy,-0.710779316049772,-0.31713693215758954,0.04706707954227188,-1.036948723526856,false
irl_first_division,R2,10b,13366783,level,0.13790031874638312,0.10791646302622239,0.011369627994096194,1.2799297673781878,true
irl_first_division,R2,10b,13366786,supremacy,-0.18178158575628856,-0.23159312870075222,0.04053076489974453,0.6532997280853582,true
irl_first_division,R2,10b,13366786,level,0.25461132533756115,0.22249573183303228,0.010013026487602779,1.331492182896866,true
irl_first_division,R2,10b,13366788,supremacy,0.7546669254963009,0.4537019568230005,0.043178801482633505,-0.3966290419705254,true
irl_first_division,R2,10b,13366788,level,0.21654463093584603,0.15844801841061307,0.010302947985155402,1.2049254985357873,true
irl_first_division,R2,10b,13366790,supremacy,-0.024395558667808404,0.02033345405123685,0.041614131288360307,0.6466806803818932,true
irl_first_division,R2,10b,13366790,level,0.22127843889499363,0.24349983439602269,0.01002219460898894,1.3579032141966279,true
irl_first_division,R2,10b,13366798,supremacy,0.5183809625911844,0.40802311542340947,0.0433760514111651,0.509598517454608,true
irl_first_division,R2,10b,13366798,level,0.25048181473261655,0.21721992894056688,0.011021251137238348,1.2848346327822877,true
irl_first_division,R2,10b,13366802,supremacy,0.31896366089480277,0.20298932155823257,0.044351819205548884,0.4872332043999551,true
irl_first_division,R2,10b,13366802,level,0.1620415017565876,0.14593383674457885,0.01098452357209705,1.324885328823886,true
irl_first_division,R2,10b,13366806,supremacy,0.706797574673384,0.7012229480588492,0.04337191107959154,0.6496748399513124,true
irl_first_division,R2,10b,13366806,level,0.24025773914400236,0.2611288809827632,0.01060876342056774,1.3335684958959373,true
irl_first_division,R2,10b,13366810,supremacy,-0.3297203782345505,-0.46420707659879284,0.04344472210289871,0.44103712019081964,true
irl_first_division,R2,10b,13366810,level,0.2360250908273759,0.20777493907735275,0.010604373025544442,1.3166765354663377,true
irl_first_division,R2,10b,13366815,supremacy,0.27317025700281256,0.1315901352433451,0.03883162698153314,0.4472210049899325,true
irl_first_division,R2,10b,13366815,level,0.23873400305443096,0.2055557376081828,0.009797280955026223,1.3377079450462954,true
irl_first_division,R2,10b,13366819,supremacy,0.1855280099120336,0.28452096104027885,0.04497195235750864,0.5229671980439401,true
irl_first_division,R2,10b,13366819,level,0.26314777085905283,0.2664925575890358,0.010668946561517081,1.3507461339655649,true
irl_first_division,R2,10b,13366825,supremacy,-1.0030438816809777,-0.6985260158546739,0.04502785499287715,-0.39841004900441257,true
irl_first_division,R2,10b,13366825,level,0.2133614084506028,0.20314782615819477,0.010778290359834075,1.3413328961721218,true
irl_first_division,R2,10b,13366827,supremacy,0.7080525881979622,0.7123559188871507,0.03736376476527581,0.724340601470561,true
irl_first_division,R2,10b,13366827,level,0.28930345444126093,0.21561203876112747,0.0099293817098794,1.1137376899518998,true
irl_first_division,R2,10b,13366829,supremacy,-0.17752877001792264,-0.011145502040301486,0.04453653161368728,0.3259900076317539,true
irl_first_division,R2,10b,13366829,level,0.24223390086873525,0.1871672919071728,0.010513417685645059,1.2144004992382897,true
irl_first_division,R2,10b,13366831,supremacy,0.40618562327072705,0.49021007348342227,0.042965459772662085,0.5725805624428653,true
irl_first_division,R2,10b,13366831,level,0.2345571436542036,0.15777846948024454,0.010405073876578203,1.080518758167389,true
irl_first_division,R2,10b,13366837,supremacy,0.049394626283431026,0.04866560305567791,0.03857040931338791,0.7086895244225992,true
irl_first_division,R2,10b,13366837,level,0.197806776669042,0.17572497212909333,0.01037164938061293,1.3418943946703854,true
irl_first_division,R2,10b,13366839,supremacy,0.0023453039947232968,-0.14294595452672632,0.03789463332771342,0.43900481272215325,true
irl_first_division,R2,10b,13366839,level,0.23859766212475542,0.27821059874666854,0.009806199198989354,1.3134218933899287,true
irl_first_division,R2,10b,13366841,supremacy,0.7169762745883687,0.7964438056137169,0.04437677972368392,0.5674278566461587,true
irl_first_division,R2,10b,13366841,level,0.18060913586799093,0.18958216608553535,0.010619330939459479,1.3498101227460764,true
irl_first_division,R2,10b,13366845,supremacy,0.28616797174632613,0.03216911320314919,0.04056155625758328,-0.11174917708261567,true
irl_first_division,R2,10b,13366845,level,0.25480954706287273,0.2470734148315351,0.009783816452526954,1.391515780179178,true
irl_first_division,R2,10b,13366851,supremacy,-0.13356067205479122,0.15953780548934232,0.03863892285036637,-0.40385131690457665,true
irl_first_division,R2,10b,13366851,level,0.2532376720837909,0.2103617749943766,0.009973203908929189,1.2928240713328547,true
irl_first_division,R2,10b,13366853,supremacy,0.2730258144319803,-0.1871669085586075,0.04045063180115689,-1.9328280390142671,false
irl_first_division,R2,10b,13366853,level,0.24849931132254752,0.18502306973920335,0.0101094106582049,1.1789244247758077,true
irl_first_division,R2,10b,13366855,supremacy,-0.8506239486373433,-0.3601192307812124,0.04329666885413752,-2.1275443449390083,false
irl_first_division,R2,10b,13366855,level,0.25873966609831844,0.24494859444413117,0.01106761463795796,1.3243351335571694,true
irl_first_division,R2,10b,13366856,supremacy,1.2068103063972937,1.3189480534777434,0.04878830930860789,0.4623219475086865,true
irl_first_division,R2,10b,13366856,level,0.25482256116873336,0.18589326220504354,0.011435033303549107,1.108848589727632,true
irl_first_division,R2,10b,13366857,supremacy,-0.29562510022302546,-0.32503655875326726,0.037271721708436886,0.7142172260276731,true
irl_first_division,R2,10b,13366857,level,0.17073822593848853,0.16378731688037854,0.01003811548621204,1.3793378242271435,true
irl_first_division,R2,10b,13366858,supremacy,0.6703846815339293,0.523320834741842,0.03703629961809535,0.4370090786747552,true
irl_first_division,R2,10b,13366858,level,0.34421312795469466,0.28180466907425245,0.0100112368415715,1.1885628276699545,true
irl_first_division,R2,10b,13366860,supremacy,0.677697885461474,0.36539910002188314,0.04212214389764357,-0.4930586001519047,true
irl_first_division,R2,10b,13366860,level,0.31652621563334243,0.20314888767352074,0.010136838794142303,0.7428062764141976,true
irl_first_division,R2,10b,13366861,supremacy,0.316254126825084,0.7219045521218905,0.041559020425391724,-1.308360084710567,false
irl_first_division,R2,10b,13366861,level,0.3222614410978791,0.29258284153251757,0.00984143394779273,1.3468878373619688,true
irl_first_division,R2,10b,13366862,supremacy,0.6357589815434224,0.449615347683509,0.03949062465564113,0.2582026692394215,true
irl_first_division,R2,10b,13366862,level,0.2711611587079097,0.2692099303270563,0.009837559816702604,1.391641751228359,true
irl_first_division,R2,10b,13366863,supremacy,0.5872603615784642,0.5808673068205759,0.03860828196114746,0.7076763948054796,true
irl_first_division,R2,10b,13366863,level,0.18892075191301022,0.19336085859836613,0.009419938651462838,1.4124783917675316,true
irl_first_division,R2,10b,13366865,supremacy,-0.022424323866246987,-0.03685364620342624,0.04465769692193091,0.6330946433672158,true
irl_first_division,R2,10b,13366865,level,0.27201741870475715,0.23255789745523758,0.010911395047973234,1.2686853794632058,true
irl_first_division,R2,10b,13366866,supremacy,0.9309151602810389,0.9688924417939505,0.050108731285152586,0.5634500281498376,true
irl_first_division,R2,10b,13366866,level,0.22113775455706547,0.16757224228343298,0.012029617752683477,1.1719949047138887,true
irl_first_division,R2,10b,13366868,supremacy,0.012412127982538712,0.2975555672788528,0.04549710794233905,-0.26742317922433523,true
irl_first_division,R2,10b,13366868,level,0.4171968826799247,0.3277932676483484,0.010916042742065105,0.9737095272039618,true
irl_first_division,R2,10b,13366869,supremacy,-0.9030327800834299,-0.7400164425100771,0.044367750382964144,0.33920471976879096,true
irl_first_division,R2,10b,13366869,level,0.26014283041199504,0.27796147998891935,0.011179205159603786,1.3137107571002018,true
irl_first_division,R2,10b,13366870,supremacy,0.4128400035018559,0.2791429774963705,0.04470495050402171,0.43497623046954426,true
irl_first_division,R2,10b,13366870,level,0.46092571326991244,0.21463846342823656,0.010924823945145754,-1.436707255269197,false
irl_first_division,R2,10b,13366871,supremacy,0.47286796184035773,1.073393163747307,0.043862413300781,-3.466518598362791,false
irl_first_division,R2,10b,13366871,level,0.3319830318788567,0.3124999139983901,0.010928471486134739,1.3218862752598453,true
irl_first_division,R2,10b,13366872,supremacy,-0.17176325269060716,0.0015672854044422868,0.04209756189125721,0.3081126558334838,true
irl_first_division,R2,10b,13366872,level,0.3054129818386726,0.31575254367655425,0.010556500228245835,1.351504662713256,true
irl_first_division,R2,10b,13366873,supremacy,-0.21791120150615545,-0.1582819729696806,0.04180024580647534,0.6259566088580394,true
irl_first_division,R2,10b,13366873,level,0.25085629314885716,0.2022817570603167,0.010597098862202246,1.2433220127543771,true
irl_first_division,R2,10b,13366875,supremacy,0.13121996298715313,0.22031610926790632,0.03940465467814922,0.597271426639248,true
irl_first_division,R2,10b,13366875,level,0.2879925619883143,0.253482113076222,0.009669672305897367,1.3388590908969746,true
irl_first_division,R2,10b,13366876,supremacy,0.9140501810666707,0.7801733583691715,0.039457472156399165,0.47020939592164335,true
irl_first_division,R2,10b,13366876,level,0.19195345784099,0.2495276602545202,0.009942446120822956,1.2198337110245505,true
irl_first_division,R2,10b,13366877,supremacy,-0.8347485482319695,-1.0116088458025476,0.04238111453664639,0.2925605185148199,true
irl_first_division,R2,10b,13366877,level,0.25492039762818935,0.29973796060299995,0.010351789285831928,1.2693416968012492,true
irl_first_division,R2,10b,13366878,supremacy,0.2153928047645231,-0.10608645232558828,0.04279135366763007,-0.5508199917458831,true
irl_first_division,R2,10b,13366878,level,0.3141935124661337,0.2966369394451359,0.010652819628193103,1.337559586175141,true
irl_first_division,R2,10b,13366706,supremacy,-0.27398388789105044,-0.2436079971228562,0.03793066900529748,0.7048961980740825,true
irl_first_division,R2,10b,13366706,level,0.3665689405175769,0.35289575123706596,0.010445542151873446,1.3529023709948131,true
irl_first_division,R2,10b,13366709,supremacy,0.18245820186485012,0.41072538961409544,0.03877139073374311,0.03413442186263704,true
irl_first_division,R2,10b,13366709,level,0.20219785748812666,0.2569435403361533,0.010635766954198517,1.211931084858813,true
irl_first_division,R2,10b,13366711,supremacy,0.4668962899988768,0.7978892725766723,0.041079103000327244,-0.6562910332883387,true
irl_first_division,R2,10b,13366711,level,0.37183708944488786,0.37727919960235173,0.010362743143311287,1.3644016218807862,true
irl_first_division,R2,10b,13366715,supremacy,-0.25853842883763045,-0.45412022001960867,0.040874444328362264,0.21176295509884874,true
irl_first_division,R2,10b,13366715,level,0.27839373433487563,0.1972233012842919,0.010777949579707007,1.040534288147867,true
irl_first_division,R2,10b,13366718,supremacy,1.1294580211977256,1.0346042336299976,0.033652806629441256,0.6432134525002118,true
irl_first_division,R2,10b,13366718,level,0.3353551398841143,0.2907475949952955,0.008377334215857665,1.353411327721223,true
irl_first_division,R2,10b,13366720,supremacy,0.1654231100677866,0.17755009678168454,0.03527455756874317,0.7512735694328899,true
irl_first_division,R2,10b,13366720,level,0.38323575487746664,0.3106961962810457,0.008821756343257714,1.1480893895952873,true
irl_first_division,R2,10b,13366722,supremacy,-0.7195802844158068,-0.6513420121464032,0.03497162798089515,0.6910957040666512,true
irl_first_division,R2,10b,13366722,level,0.19987534646480998,0.19935801577272855,0.008922554930830794,1.4406329424405557,true
irl_first_division,R2,10b,13366724,supremacy,0.07558944543856583,0.17517765307264035,0.03567422106624887,0.6087196488608515,true
irl_first_division,R2,10b,13366724,level,0.23755671203542167,0.31094208103814835,0.008861478837659448,1.1402158165514216,true
irl_first_division,R2,10b,13366726,supremacy,-0.4589420216940638,-0.4048027508752423,0.03742160893837507,0.6846522725882014,true
irl_first_division,R2,10b,13366726,level,0.4108244989772417,0.28325412386571314,0.009265690189170936,0.5435830411994601,true
irl_first_division,R2,10b,13366727,supremacy,-0.3151469221320766,-0.30383299078705067,0.0360125770893705,0.7412277588543131,true
irl_first_division,R2,10b,13366727,level,0.4254752690505663,0.30315317994404356,0.00885456059433791,0.5995582706542935,true
irl_first_division,R2,10b,13366729,supremacy,0.5276770265973229,0.5960336643655314,0.034718840607270984,0.6940054334009402,true
irl_first_division,R2,10b,13366729,level,0.21204794912382396,0.27529277830810156,0.009104687499344552,1.21088237316769,true
irl_first_division,R2,10b,13366733,supremacy,0.08823087353241299,-0.031255393275819,0.03652911931763791,0.540465239990064,true
irl_first_division,R2,10b,13366733,level,0.38139969393297646,0.2578290922512102,0.008827213953670796,0.5810979219357497,true
irl_first_division,R2,10b,13366735,supremacy,-0.14227887405162037,-0.28472625127963985,0.044561197300484204,0.4088288497209773,true
irl_first_division,R2,10b,13366735,level,0.36907486928396194,0.3771311125212128,0.011054809861188536,1.3305707868313437,true
irl_first_division,R2,10b,13366739,supremacy,-0.5738468352310386,-0.7556098632496198,0.04217051982708231,0.27236165411920377,true
irl_first_division,R2,10b,13366739,level,0.2344972548221974,0.3107789273748389,0.010386038938187805,1.0845773106025118,true
irl_first_division,R2,10b,13366741,supremacy,-0.2971715109036702,-0.10872395006450464,0.04275093914040149,0.24190196838161598,true
irl_first_division,R2,10b,13366741,level,0.2411152854024527,0.16981079718479153,0.010331574893208857,1.1212788996914322,true
irl_first_division,R2,10b,13366743,supremacy,-0.49834069786871005,-0.26141018119177273,0.0433432831600095,0.0027880419826249447,true
irl_first_division,R2,10b,13366743,level,0.3659099948202171,0.4255321070244889,0.010641382194923443,1.185536916908933,true
irl_first_division,R2,10b,13366745,supremacy,0.21319121659959772,0.25229713624413164,0.0414825270638907,0.6538702181645887,true
irl_first_division,R2,10b,13366745,level,0.3636507114621562,0.41961399603131616,0.010185735408519359,1.220705996526905,true
irl_first_division,R2,10b,13366747,supremacy,1.0596634939269882,1.1021531198759362,0.04064416014842931,0.6603020813781745,true
irl_first_division,R2,10b,13366747,level,0.2814583781977259,0.3101841558380629,0.010017653661433923,1.3415788479085307,true
irl_first_division,R2,10b,13366749,supremacy,-0.2291105062337627,0.18069280300164692,0.04178601510545918,-1.3408508167144253,false
irl_first_division,R2,10b,13366749,level,0.3160076198158698,0.30171880140845275,0.010151069588925601,1.3660929751575206,true
irl_first_division,R2,10b,13366751,supremacy,-0.24829375568013512,-0.40710351623498214,0.04384380985977468,0.35700430945289024,true
irl_first_division,R2,10b,13366751,level,0.24926869203412227,0.20748272191245756,0.010808973078514729,1.2639814488193308,true
irl_first_division,R2,10b,13366754,supremacy,-0.4068392837337821,-0.1298166537031985,0.038519278949403594,-0.28678485115730523,true
irl_first_division,R2,10b,13366754,level,0.2775371688291715,0.2674378816516904,0.010218176712587998,1.3678641333175665,true
irl_first_division,R2,10b,13366759,supremacy,1.1972677135584595,1.1804983769209336,0.040748926035588884,0.6777738357167209,true
irl_first_division,R2,10b,13366759,level,0.3113161816374128,0.32128819591191826,0.010151679277088627,1.3712217728788216,true
irl_first_division,R2,10b,13366761,supremacy,-0.20158120787776573,-0.2737701042281039,0.04215984854275884,0.6024016359074412,true
irl_first_division,R2,10b,13366761,level,0.33626096786877624,0.3320089524620133,0.010160030273393614,1.37481865221434,true
irl_first_division,R2,10b,13366764,supremacy,0.47268116165411594,0.6500283387373527,0.03803776670825415,0.3022178516912215,true
irl_first_division,R2,10b,13366764,level,0.3413985422049129,0.3330121083555432,0.010054305361371502,1.377441018132589,true
irl_first_division,R2,10b,13366766,supremacy,-0.22876174802819454,-0.20058030041386643,0.037923389522412324,0.7066840453226471,true
irl_first_division,R2,10b,13366766,level,0.39024002470560515,0.3091333758834365,0.010230586243428375,1.0507471118063,true
irl_first_division,R2,10b,13366768,supremacy,1.4917826477228546,0.9367915780127593,0.04088658810567447,-3.0871627290283334,false
irl_first_division,R2,10b,13366768,level,0.28667155131153566,0.3175872991459107,0.009939880202625831,1.3385834035300597,true
irl_first_division,R2,10b,13366770,supremacy,0.13736253908323562,0.06189190089767477,0.042196660099470304,0.596277241925675,true
irl_first_division,R2,10b,13366770,level,0.11983206994445082,0.2780098314981332,0.010357616462646574,0.15826133772677786,true
irl_first_division,R2,10b,13366774,supremacy,-0.26518911892911223,-0.35010314073077964,0.03765571721203577,0.6249557216803329,true
irl_first_division,R2,10b,13366774,level,0.36449523459025823,0.374863799321195,0.010108533981364909,1.3729314561812753,true
irl_first_division,R2,10b,13366776,supremacy,0.3111783543662634,0.4869239270162902,0.04420773847093404,0.291155473258089,true
irl_first_division,R2,10b,13366776,level,0.30507044594751215,0.2488107448378071,0.01026106004660264,1.2165296953822247,true
irl_first_division,R2,10b,13366778,supremacy,0.5564003737806291,0.21839145379470698,0.04117771625996951,-0.7112893397007715,false
irl_first_division,R2,10b,13366778,level,0.27130695493428414,0.26399474572279813,0.009982677580684468,1.3818353725640058,true
irl_first_division,R2,10b,13366780,supremacy,0.3318903514834087,0.18528025109956636,0.03918255471774984,0.42653641664520436,true
irl_first_division,R2,10b,13366780,level,0.2437950874383121,0.2789578331229746,0.009794393420896608,1.3309153491352415,true
irl_first_division,R2,10b,13366782,supremacy,-0.7054902291022229,-0.5456575951178524,0.039774719076925535,0.3721837991451119,true
irl_first_division,R2,10b,13366782,level,0.30254346664263276,0.33368590356731553,0.010015055660316144,1.334474673017517,true
irl_first_division,R2,10b,13366787,supremacy,1.3173960614280602,1.2504537359539196,0.038332296184322434,0.6533397208852588,true
irl_first_division,R2,10b,13366787,level,0.21306204816356558,0.2205362572838856,0.00980594026909231,1.3905964629317284,true
irl_first_division,R2,10b,13366789,supremacy,0.32924279307369425,-0.0028544978421685685,0.03906823738465705,-0.7092026916754013,false
irl_first_division,R2,10b,13366789,level,0.2866190128845251,0.28878232915803803,0.009744959544183446,1.3963238946128271,true
irl_first_division,R2,10b,13366791,supremacy,0.13696389415180085,0.2788622269984987,0.0427703746890197,0.42162977354454945,true
irl_first_division,R2,10b,13366791,level,0.29777625223498977,0.34061962136435875,0.010608486146697543,1.2675984879139721,true
irl_first_division,R2,10b,13366795,supremacy,0.7866260743493181,0.7375942011878109,0.04303840486857202,0.6259626877560813,true
irl_first_division,R2,10b,13366795,level,0.4464212329449808,0.38301635557487257,0.010527912116644972,1.166994569942355,true
irl_first_division,R2,10b,13366797,supremacy,-0.7217523528361116,-0.6289781485461305,0.042879126248163535,0.5553823995889133,true
irl_first_division,R2,10b,13366797,level,0.22400223976216604,0.26532614575650604,0.010228394682449196,1.2888785867678125,true
irl_first_division,R2,10b,13366799,supremacy,-0.4740379341467277,-0.1424114337404636,0.03933584379977361,-0.6990414768646761,false
irl_first_division,R2,10b,13366799,level,0.2688825630078228,0.3043736078895103,0.009569747505101006,1.3398233915839457,true
irl_first_division,R2,10b,13366803,supremacy,-0.06610424853180857,-0.1870346414038713,0.041383398178680454,0.4968080673341725,true
irl_first_division,R2,10b,13366803,level,0.21345373759772804,0.25773397884197763,0.01021335538165892,1.2771019877718797,true
irl_first_division,R2,10b,13366807,supremacy,0.8780695543508803,0.8619805812880703,0.038965198330805695,0.7002830390693003,true
irl_first_division,R2,10b,13366807,level,0.22381433382163143,0.3472722581999158,0.009869016624083085,0.6180314081564021,true
irl_first_division,R2,10b,13366809,supremacy,0.7586965883902218,0.7159219479349996,0.04191909378653835,0.6452445710497644,true
irl_first_division,R2,10b,13366809,level,0.43510821754965195,0.3527830468263975,0.010086264949548937,1.0433783963393028,true
irl_first_division,R2,10b,13366814,supremacy,0.8876682340394442,0.8681566434732416,0.03939952651534806,0.6932309030326432,true
irl_first_division,R2,10b,13366814,level,0.21614212037681588,0.24735217718441044,0.009556459238578799,1.355366627157477,true
irl_first_division,R2,10b,13366816,supremacy,0.49429109263349297,0.4938456843992336,0.04097365686222959,0.6784720130353432,true
irl_first_division,R2,10b,13366816,level,0.3151393172669009,0.34309665366070274,0.010058304204055707,1.3418857179571555,true
irl_first_division,R2,10b,13366818,supremacy,0.545931280587895,0.37889956996972096,0.041949490381349264,0.3341680463811952,true
irl_first_division,R2,10b,13366818,level,0.2940019171158676,0.3490318908700369,0.010197179872928328,1.225396471680631,true
irl_first_division,R2,10b,13366820,supremacy,0.5239450025746795,0.8210163184196463,0.040154550844574644,-0.41032498405844964,true
irl_first_division,R2,10b,13366820,level,0.22238303040718546,0.19300600837620502,0.009898143739083057,1.3451709785237351,true
irl_first_division,R2,10b,13366824,supremacy,-1.0722262467931671,-1.023835658232633,0.03968211419796841,0.66498373065694,true
irl_first_division,R2,10b,13366824,level,0.29549782854727824,0.2907133518992143,0.009783062554614558,1.393442875204684,true
irl_first_division,R2,10b,14505913,supremacy,-0.3456922778321288,-0.064159549021987,0.0410412106805399,-0.2879722857130438,true
irl_first_division,R2,10b,14505913,level,0.21150687233888757,0.28061288980317856,0.009804214176591122,1.149982495525366,true
irl_first_division,R2,10b,13366828,supremacy,0.7383961036525577,0.7847090633709913,0.03685667310461216,0.7023230419604543,true
irl_first_division,R2,10b,13366828,level,0.40566818117641457,0.3817029718066303,0.010280414936074816,1.3418855226350572,true
irl_first_division,R2,10b,13366830,supremacy,1.1085559287638553,0.8333614791553698,0.04258865823577718,-0.22996466316817998,true
irl_first_division,R2,10b,13366830,level,0.24296821327355858,0.2098691623052301,0.010529879510338312,1.3058097855397037,true
irl_first_division,R2,10b,13366832,supremacy,0.8259605389218718,0.7167036287432268,0.03722774247097449,0.5660870249441523,true
irl_first_division,R2,10b,13366832,level,0.235705096942754,0.26286212404389625,0.010134740991121688,1.3405695428348967,true
irl_first_division,R2,10b,13366834,supremacy,0.00937826586152983,0.07213470924828574,0.038481778782198314,0.6586747845476589,true
irl_first_division,R2,10b,13366834,level,0.11900019956193744,0.24964915119627576,0.010182743095353712,0.5364509087931303,true
irl_first_division,R2,10b,13366836,supremacy,-1.3120064537066196,-1.2295354827700216,0.038684368506607836,0.619311622608227,true
irl_first_division,R2,10b,13366836,level,0.3414483829252515,0.32173745580182206,0.009227801043806647,1.402777078608189,true
irl_first_division,R2,10b,13366838,supremacy,1.0199561261366046,0.6234094656561708,0.038463491350785195,-1.334052161028594,false
irl_first_division,R2,10b,13366838,level,0.38497552932283485,0.39625427576974215,0.009869559644517911,1.3837669185753172,true
irl_first_division,R2,10b,13366842,supremacy,0.46020951006326805,0.4535395477003596,0.03806821242198563,0.7146649743990006,true
irl_first_division,R2,10b,13366842,level,0.32285506799190705,0.2610179722135675,0.00897420458452411,1.2247165314208588,true
irl_first_division,R2,10b,13366846,supremacy,1.3286962958668838,1.1959968818066058,0.04146549927886012,0.4601734670385192,true
irl_first_division,R2,10b,13366846,level,0.3129902361754479,0.24263967044211898,0.009984488055635878,1.1365781991288098,true
irl_first_division,R2,10b,13366850,supremacy,0.4011303247430274,-0.033470175081582954,0.03686848963517889,-1.8302438846239246,false
irl_first_division,R2,10b,13366850,level,0.41497620302077864,0.3735969759046498,0.009440875421854983,1.321732459032137,true
irl_first_division,R2,10b,13366852,supremacy,0.8341958380197668,0.9753358934836254,0.039057844671327335,0.44740424748166957,true
irl_first_division,R2,10b,13366852,level,0.3472194189072206,0.28592712751389293,0.010321855269576297,1.1858272241906715,true
irl_first_division,R2,10b,13366854,supremacy,-0.8604576940991295,-1.0243913426535498,0.03757806219643034,0.3641500343867865,true
irl_first_division,R2,10b,13366854,level,0.36477226294545795,0.3052550298572048,0.009735634819588085,1.2151181808189901,true
irl_first_division,R2,10b,14795883,supremacy,0.019604730224386968,0.09139647895170985,0.04372260893965177,0.5870660492971206,true
irl_first_division,R2,10b,14795883,level,0.2772287383274291,0.15184430265551552,0.010246318768803352,0.6043137633535263,true
irl_first_division,R2,10b,13243122,supremacy,-0.6852367662447562,-0.03537314846761408,0.037746837039230305,-4.874658886568581,false
irl_first_division,R2,10b,13243122,level,0.4019689789392123,0.31371554868725354,0.009500426396364725,0.9993592717993799,true
irl_first_division,R2,10b,13243123,supremacy,-0.4371039401051641,-0.27951363361224696,0.04014119631688173,0.37939567254691164,true
irl_first_division,R2,10b,13243123,level,0.3181612430502928,0.23425294121000065,0.009830071119783845,1.0341004480042255,true
irl_first_division,R2,10b,13243127,supremacy,0.5604695605227524,0.2835730397808075,0.041797460417003524,-0.24865980575176927,true
irl_first_division,R2,10b,13243127,level,0.36331498787300726,0.2883459953469975,0.010069721242258092,1.1011008251358105,true
irl_first_division,R6,10b,13366705,supremacy,0.15437598530789665,-0.08231941782165744,0.2803467740874664,-0.38299493421263753,true
irl_first_division,R6,10b,13366705,level,0.22554805700314423,0.22921228371733754,0.013007948982867657,1.2516427003926038,true
irl_first_division,R6,10b,13366707,supremacy,-0.14468897758702098,-0.009080642499448732,0.268578303533644,-0.2958672654022003,true
irl_first_division,R6,10b,13366707,level,0.2955315073868765,0.37818440944541754,0.012640265475535383,0.9962676123341812,true
irl_first_division,R6,10b,13366710,supremacy,-0.31778623542855367,0.21176707506568365,0.26997065007007026,-0.7835826950520859,true
irl_first_division,R6,10b,13366710,level,0.26735843126082887,0.33911948801032343,0.013261287153589651,1.0483535917771845,true
irl_first_division,R6,10b,13366712,supremacy,0.4985939060594325,0.3472689132613115,0.23113738318750138,-0.23610304975905216,true
irl_first_division,R6,10b,13366712,level,0.23102192616016,0.3345973327968758,0.0126944844868284,0.8418149125877217,true
irl_first_division,R6,10b,13366716,supremacy,0.626490296846242,0.49380694841949224,0.1611541835927781,-0.06086288171793175,true
irl_first_division,R6,10b,13366716,level,0.27306882723244796,0.2843801585226208,0.010418112330967205,1.3570256093218536,true
irl_first_division,R6,10b,13366719,supremacy,-1.0400413411307528,-0.22935775533334485,2.133407442121266,-1.4518264983103997,true
irl_first_division,R6,10b,13366719,level,0.1431418708161862,0.1525555037188678,0.18413732818564044,-0.07314243381891705,true
irl_first_division,R6,10b,13366725,supremacy,-0.8253584894017978,-1.0653083134673842,0.06766549468378075,0.0022057342151249326,true
irl_first_division,R6,10b,13366725,level,0.07992288149809465,0.1524275340835941,0.015755188709192305,0.9895226944254285,true
irl_first_division,R6,10b,13366728,supremacy,0.5782453380798819,0.25444395150868027,0.08136263527730976,-0.30884014206474086,true
irl_first_division,R6,10b,13366728,level,0.22133026693866606,0.2560287695706452,0.00874740569243353,1.3817409148942459,true
irl_first_division,R6,10b,13366730,supremacy,-0.03514683790367895,0.06987013097068429,0.19498884961885438,-0.12981206714122673,true
irl_first_division,R6,10b,13366730,level,0.1495257250181054,0.2953926556506123,0.010936875113123148,0.366143235433793,true
irl_first_division,R6,10b,13366732,supremacy,-0.21125519714085658,-0.4228794595428822,0.14677769416243322,-0.11208053513066052,true
irl_first_division,R6,10b,13366732,level,0.27904861223748517,0.3028073676449856,0.010640889375817204,1.326063045837772,true
irl_first_division,R6,10b,13366734,supremacy,0.9368245846544433,0.5884093029289381,0.07188265385917667,-0.4469629616393791,true
irl_first_division,R6,10b,13366734,level,0.19624924584103792,0.3220577694315204,0.007974504678730293,0.5044151073893053,true
irl_first_division,R6,10b,13366738,supremacy,0.17823987932323893,-0.2918253934271003,0.09838245968695747,-0.8824634771765074,true
irl_first_division,R6,10b,13366738,level,0.16898272938993347,0.23445824314838462,0.008787941358240845,1.2043326439927295,true
irl_first_division,R6,10b,13366740,supremacy,0.49075991632010274,0.60187586302334,0.06479172955925466,0.354069802572643,true
irl_first_division,R6,10b,13366740,level,0.10053827379626927,0.17606698704871987,0.007991546842685576,1.1388331482010576,true
irl_first_division,R6,10b,13366744,supremacy,0.027064977506780913,0.22797231296969123,0.061255689481030794,0.1479412824787858,true
irl_first_division,R6,10b,13366744,level,0.16439095358643424,0.17608180176010996,0.007664788954405076,1.5077047858183499,true
irl_first_division,R6,10b,13366746,supremacy,-0.2643607393890862,-0.7796872165417617,0.0597047556812865,-1.7337217171813653,false
irl_first_division,R6,10b,13366746,level,0.16634395198172763,0.11695887670853974,0.009318454020542231,1.2880775249997813,true
irl_first_division,R6,10b,13366748,supremacy,-0.37808989598885234,-0.4699496241934583,0.04847079860384965,0.5074140825406364,true
irl_first_division,R6,10b,13366748,level,0.1521526257004276,0.2232868257857491,0.00768234910736173,1.186145224550339,true
irl_first_division,R6,10b,13366752,supremacy,-0.21265454594182243,-0.11209783278853061,0.05299865521100845,0.45441046717613376,true
irl_first_division,R6,10b,13366752,level,0.25400304609630053,0.24864863542054455,0.007943938191279146,1.4969300306420916,true
irl_first_division,R6,10b,13366755,supremacy,0.5918258201620001,0.43691148497525445,0.049776889226418694,0.34010352910216457,true
irl_first_division,R6,10b,13366755,level,0.17411053603890136,0.22804023209191399,0.007186418615753657,1.3464878695008828,true
irl_first_division,R6,10b,13366758,supremacy,0.14621702056872093,-0.22640043921977254,0.05400206163387724,-0.7451134012769451,true
irl_first_division,R6,10b,13366758,level,0.07609071123831071,0.19477265289335824,0.006857162006807945,0.5452344917853562,true
irl_first_division,R6,10b,13366760,supremacy,0.12840074242010402,0.30352344052332325,0.06121982681611154,0.22722947566817808,true
irl_first_division,R6,10b,13366760,level,0.19501242109545935,0.21340438029050962,0.007930451967620636,1.4782571761286634,true
irl_first_division,R6,10b,13366765,supremacy,0.13785274195699895,0.28930967742812397,0.04810650888028494,0.35980936871985003,true
irl_first_division,R6,10b,13366765,level,0.17267241623120533,0.16170653007205105,0.00645751891650251,1.5930056160086172,true
irl_first_division,R6,10b,13366767,supremacy,-0.8596119421907429,-0.23272379655860895,0.049392485504422746,-3.3931840892208274,false
irl_first_division,R6,10b,13366767,level,0.17339788560896977,0.1858132217660648,0.006414013924959451,1.5936805489315835,true
irl_first_division,R6,10b,13366771,supremacy,-0.14750427635576785,0.009900921963142073,0.05898908738462591,0.286254568123143,true
irl_first_division,R6,10b,13366771,level,0.15988009175210574,0.16757187491472075,0.0064792431353639275,1.5960716342452486,true
irl_first_division,R6,10b,13366773,supremacy,-0.5362833972910228,-0.3341826095007866,0.0609943818293994,0.1447245333033378,true
irl_first_division,R6,10b,13366773,level,0.24592530021827355,0.3191003743049972,0.0068243180543279755,1.1823759346106928,true
irl_first_division,R6,10b,13366812,supremacy,0.6545156821813888,0.5500123099035574,0.050443667029914235,0.46626148387355437,true
irl_first_division,R6,10b,13366812,level,0.1124604678586843,0.14199050094859297,0.0062659605786037145,1.5477890238278045,true
irl_first_division,R6,10b,13366775,supremacy,0.4351134501278019,0.3719121722975933,0.04569223702168468,0.580265050127867,true
irl_first_division,R6,10b,13366775,level,0.25882323998781465,0.19511462307964622,0.006399879554348328,1.2897007511111864,true
irl_first_division,R6,10b,13366783,supremacy,-0.710779316049772,-0.2394299086983906,0.06541614667860526,-1.2535756175339519,false
irl_first_division,R6,10b,13366783,level,0.13790031874638312,0.1061942583519033,0.007235835748411676,1.4759511995410115,true
irl_first_division,R6,10b,13366786,supremacy,-0.18178158575628856,-0.30930829281733035,0.05472774144961738,0.38517222690871056,true
irl_first_division,R6,10b,13366786,level,0.25461132533756115,0.2307459069525258,0.006333186571685291,1.5670711849877144,true
irl_first_division,R6,10b,13366788,supremacy,0.7546669254963009,0.4342694786964738,0.05650537693017317,-0.39058946240406867,true
irl_first_division,R6,10b,13366788,level,0.21654463093584603,0.15556364725709682,0.0066507938133077114,1.3080043414414755,true
irl_first_division,R6,10b,13366790,supremacy,-0.024395558667808404,0.04778387197384126,0.055473062781732765,0.4800317732414854,true
irl_first_division,R6,10b,13366790,level,0.22127843889499363,0.23790031956245872,0.006363978205945023,1.5879051716486998,true
irl_first_division,R6,10b,13366798,supremacy,0.5183809625911844,0.40151080382723,0.06058832346869614,0.37017129148374317,true
irl_first_division,R6,10b,13366798,level,0.25048181473261655,0.22923320461899063,0.006518814216032894,1.5629620663819832,true
irl_first_division,R6,10b,13366802,supremacy,0.31896366089480277,0.25078398747086994,0.062135481847423436,0.43287460520090026,true
irl_first_division,R6,10b,13366802,level,0.1620415017565876,0.15942169044831145,0.006493618098101081,1.5990007009357343,true
irl_first_division,R6,10b,13366806,supremacy,0.706797574673384,0.7241376739536397,0.05989710592295888,0.48611504884969525,true
irl_first_division,R6,10b,13366806,level,0.24025773914400236,0.2663493853763171,0.006471084700600176,1.5486660056907295,true
irl_first_division,R6,10b,13366810,supremacy,-0.3297203782345505,-0.48631430154894173,0.0611131017237531,0.2779507667632666,true
irl_first_division,R6,10b,13366810,level,0.2360250908273759,0.21454632391558548,0.006403791102840947,1.5704733695009034,true
irl_first_division,R6,10b,13366815,supremacy,0.27317025700281256,0.11687616190821112,0.05312403651690335,0.3187110695606108,true
irl_first_division,R6,10b,13366815,level,0.23873400305443096,0.20051590919652956,0.006086732544809827,1.5118992647960408,true
irl_first_division,R6,10b,13366819,supremacy,0.1855280099120336,0.28690960676787436,0.06331322055802985,0.3797223410664663,true
irl_first_division,R6,10b,13366819,level,0.26314777085905283,0.2686285972080324,0.006493650618956394,1.5972136835781279,true
irl_first_division,R6,10b,13366825,supremacy,-1.0030438816809777,-0.742602976718385,0.0631800840452765,-0.07485012847592643,true
irl_first_division,R6,10b,13366825,level,0.2133614084506028,0.18774080722622424,0.0066014968099695195,1.5415737504737232,true
irl_first_division,R6,10b,13366827,supremacy,0.7080525881979622,0.6758665641158932,0.045536799264050465,0.6143039612016878,true
irl_first_division,R6,10b,13366827,level,0.28930345444126093,0.21260681069814658,0.006050684027263185,1.1487616934023637,true
irl_first_division,R6,10b,13366829,supremacy,-0.17752877001792264,0.027486428931276563,0.060075279516029714,0.13731853046302267,true
irl_first_division,R6,10b,13366829,level,0.24223390086873525,0.19758644926056193,0.006457656566577239,1.4479623371671044,true
irl_first_division,R6,10b,13366831,supremacy,0.40618562327072705,0.4952803009235536,0.062460802628518414,0.40412676123480573,true
irl_first_division,R6,10b,13366831,level,0.2345571436542036,0.16547999238593036,0.0061985805788550286,1.2378801126184305,true
irl_first_division,R6,10b,13366837,supremacy,0.049394626283431026,0.03390083709676889,0.050020722857008405,0.5763208374237258,true
irl_first_division,R6,10b,13366837,level,0.197806776669042,0.17476344830412144,0.006231395902187601,1.5775324985414592,true
irl_first_division,R6,10b,13366839,supremacy,0.0023453039947232968,-0.1499218233417047,0.05017695922921552,0.3461260305765017,true
irl_first_division,R6,10b,13366839,level,0.23859766212475542,0.27422443990684164,0.006173030656654354,1.5220366841312696,true
irl_first_division,R6,10b,13366841,supremacy,0.7169762745883687,0.7806349842629718,0.0598929573459118,0.4548290276492645,true
irl_first_division,R6,10b,13366841,level,0.18060913586799093,0.19418024773747924,0.006544075296199844,1.5815871588656631,true
irl_first_division,R6,10b,13366845,supremacy,0.28616797174632613,0.045131502478322705,0.05665341446886003,0.0037085378360706134,true
irl_first_division,R6,10b,13366845,level,0.25480954706287273,0.23493287958537792,0.006015682412329468,1.60491654537358,true
irl_first_division,R6,10b,13366851,supremacy,-0.13356067205479122,0.1657378034749509,0.04903693293713332,-0.32473663677283304,true
irl_first_division,R6,10b,13366851,level,0.2532376720837909,0.20704529031833058,0.006194374292576368,1.4508865793722165,true
irl_first_division,R6,10b,13366853,supremacy,0.2730258144319803,-0.17353600809485822,0.05247939268451063,-1.3452308700843634,false
irl_first_division,R6,10b,13366853,level,0.24849931132254752,0.19132083170722808,0.006351940930121488,1.3532061756305753,true
irl_first_division,R6,10b,13366855,supremacy,-0.8506239486373433,-0.3838041412914004,0.06050232451878976,-1.3173303813553385,false
irl_first_division,R6,10b,13366855,level,0.25873966609831844,0.24604389584748876,0.006491836380180704,1.5872521315206134,true
irl_first_division,R6,10b,13366856,supremacy,1.2068103063972937,1.358005660595828,0.07081872709235286,0.24347913483502204,true
irl_first_division,R6,10b,13366856,level,0.25482256116873336,0.179657682550766,0.006782852950695295,1.1612665604190635,true
irl_first_division,R6,10b,13366857,supremacy,-0.29562510022302546,-0.37611901208430343,0.04724501797835098,0.5386945697276346,true
irl_first_division,R6,10b,13366857,level,0.17073822593848853,0.14659125336651568,0.006241379183286192,1.5726279838044968,true
irl_first_division,R6,10b,13366858,supremacy,0.6703846815339293,0.4725025166730318,0.047075845951953285,0.19316266850902242,true
irl_first_division,R6,10b,13366858,level,0.34421312795469466,0.2861159201211441,0.006201699363837686,1.3504015725713625,true
irl_first_division,R6,10b,13366860,supremacy,0.677697885461474,0.384805138870964,0.05811742099972664,-0.23433533102195114,true
irl_first_division,R6,10b,13366860,level,0.31652621563334243,0.18825254689767623,0.006212552106178867,0.2973879383769664,true
irl_first_division,R6,10b,13366861,supremacy,0.316254126825084,0.7540513217111967,0.05599131757346526,-1.1892315779484217,false
irl_first_division,R6,10b,13366861,level,0.3222614410978791,0.28134967508522474,0.006185671863885695,1.4885269673957644,true
irl_first_division,R6,10b,13366862,supremacy,0.6357589815434224,0.46818940637709094,0.053023404667873524,0.28478779449503655,true
irl_first_division,R6,10b,13366862,level,0.2711611587079097,0.2661322639616939,0.006104810364656587,1.6283292843098933,true
irl_first_division,R6,10b,13366863,supremacy,0.5872603615784642,0.6211116237230554,0.05214421693713067,0.5469445932011046,true
irl_first_division,R6,10b,13366863,level,0.18892075191301022,0.19204542862378693,0.005963298372817289,1.64130859186836,true
irl_first_division,R6,10b,13366865,supremacy,-0.022424323866246987,-0.1254313004293625,0.06452232059016177,0.36921049889730484,true
irl_first_division,R6,10b,13366865,level,0.27201741870475715,0.2336005970645836,0.006385612737357786,1.4923546476729843,true
irl_first_division,R6,10b,13366866,supremacy,0.9309151602810389,1.033084815780858,0.07350248797803631,0.3152707357994782,true
irl_first_division,R6,10b,13366866,level,0.22113775455706547,0.15197896643759773,0.006921463626907393,1.2221105541004802,true
irl_first_division,R6,10b,13366868,supremacy,0.012412127982538712,0.32258720002428587,0.06498719807912093,-0.2923677932683677,true
irl_first_division,R6,10b,13366868,level,0.4171968826799247,0.3020910540588367,0.0064605912165688634,0.5766809096376413,true
irl_first_division,R6,10b,13366869,supremacy,-0.9030327800834299,-0.7206697162190261,0.06231180439694471,0.202009836056253,true
irl_first_division,R6,10b,13366869,level,0.26014283041199504,0.27158714859731425,0.006578734215524942,1.583063700768394,true
irl_first_division,R6,10b,13366870,supremacy,0.4128400035018559,0.2812856562668219,0.06493108000851683,0.3150073216434963,true
irl_first_division,R6,10b,13366870,level,0.46092571326991244,0.20842572603497006,0.0063446099214409385,-3.413305265174966,false
irl_first_division,R6,10b,13366871,supremacy,0.47286796184035773,1.0585128598256832,0.05990072642078242,-2.374308274889089,false
irl_first_division,R6,10b,13366871,level,0.3319830318788567,0.29193273358386373,0.006594226145221033,1.4702183359261611,true
irl_first_division,R6,10b,13366872,supremacy,-0.17176325269060716,-0.046828015130151446,0.05728718902811063,0.3746675750992252,true
irl_first_division,R6,10b,13366872,level,0.3054129818386726,0.2856986727657922,0.0063104484681759,1.5830412510708047,true
irl_first_division,R6,10b,13366873,supremacy,-0.21791120150615545,-0.16698851436203022,0.057234259783177116,0.4887092079598814,true
irl_first_division,R6,10b,13366873,level,0.25085629314885716,0.19405501759929206,0.006387123681461737,1.3552276154035097,true
irl_first_division,R6,10b,13366875,supremacy,0.13121996298715313,0.30680811619012915,0.051455569970285164,0.26498925130082385,true
irl_first_division,R6,10b,13366875,level,0.2879925619883143,0.22979579612339357,0.006115797306154809,1.3526068466848198,true
irl_first_division,R6,10b,13366876,supremacy,0.9140501810666707,0.7414247748745912,0.051935759597397824,0.2730469547318719,true
irl_first_division,R6,10b,13366876,level,0.19195345784099,0.2454762281137466,0.006182319145879869,1.3924085278944278,true
irl_first_division,R6,10b,13366877,supremacy,-0.8347485482319695,-1.0166997901342523,0.055980543402819244,0.22674271751409125,true
irl_first_division,R6,10b,13366877,level,0.25492039762818935,0.26059751697269357,0.006447892410867281,1.6005632048160616,true
irl_first_division,R6,10b,13366878,supremacy,0.2153928047645231,-0.1139966901125691,0.05978820818901671,-0.4178132636337484,true
irl_first_division,R6,10b,13366878,level,0.3141935124661337,0.2839248865251113,0.006361528656654852,1.5377945692115222,true
irl_first_division,R6,10b,13366706,supremacy,-0.27398388789105044,-0.3185167815530271,0.04884821884996168,0.5702807527847246,true
irl_first_division,R6,10b,13366706,level,0.3665689405175769,0.3170800074674985,0.006215991709262195,1.424372142231666,true
irl_first_division,R6,10b,13366709,supremacy,0.18245820186485012,0.3934714472965263,0.04910003771618246,0.13458195894025904,true
irl_first_division,R6,10b,13366709,level,0.20219785748812666,0.2406582508806236,0.006460679349566691,1.4875945995882778,true
irl_first_division,R6,10b,13366711,supremacy,0.4668962899988768,0.8887784214899043,0.05464364777656803,-1.0940704566788515,false
irl_first_division,R6,10b,13366711,level,0.37183708944488786,0.33788577695662564,0.006249594404980989,1.526459508771688,true
irl_first_division,R6,10b,13366715,supremacy,-0.25853842883763045,-0.45178382333542244,0.05385497671849955,0.19508481202457228,true
irl_first_division,R6,10b,13366715,level,0.27839373433487563,0.19664067518100642,0.0063442824922476625,1.0844230488949234,true
irl_first_division,R6,10b,13366718,supremacy,1.1294580211977256,1.0484223186245567,0.0411500016476747,0.5965362985418292,true
irl_first_division,R6,10b,13366718,level,0.3353551398841143,0.27719898670552123,0.005605118643054407,1.3713981413687346,true
irl_first_division,R6,10b,13366720,supremacy,0.1654231100677866,0.14326483491639286,0.0432649817495208,0.6455931104784024,true
irl_first_division,R6,10b,13366720,level,0.38323575487746664,0.2920418669341089,0.005792669870081264,0.9388106619033363,true
irl_first_division,R6,10b,13366722,supremacy,-0.7195802844158068,-0.6217381615462174,0.042022707398037804,0.551930376220573,true
irl_first_division,R6,10b,13366722,level,0.19987534646480998,0.2045027636384903,0.005802076809891169,1.6539858575759236,true
irl_first_division,R6,10b,13366724,supremacy,0.07558944543856583,0.20304154589570148,0.04479526210857174,0.4525736764940489,true
irl_first_division,R6,10b,13366724,level,0.23755671203542167,0.2915434796855039,0.005781536563990497,1.4055458434041557,true
irl_first_division,R6,10b,13366726,supremacy,-0.4589420216940638,-0.38722272390320667,0.049462390609181325,0.5323371650446901,true
irl_first_division,R6,10b,13366726,level,0.4108244989772417,0.2722947662162931,0.005970320355957983,0.03438159891537662,false
irl_first_division,R6,10b,13366727,supremacy,-0.3151469221320766,-0.3076479960129286,0.04599230805061424,0.6200906829856636,true
irl_first_division,R6,10b,13366727,level,0.4254752690505663,0.3008058059696388,0.005725784900052903,0.30521396405642376,false
irl_first_division,R6,10b,13366729,supremacy,0.5276770265973229,0.5836174068601114,0.04380159406965339,0.6093823996596781,true
irl_first_division,R6,10b,13366729,level,0.21204794912382396,0.2514917812372621,0.00581600350606714,1.5208794297776345,true
irl_first_division,R6,10b,13366733,supremacy,0.08823087353241299,-0.00017801355001867414,0.04655911801936054,0.5306399680087837,true
irl_first_division,R6,10b,13366733,level,0.38139969393297646,0.2562145696204098,0.005753324844099667,0.2981145888335517,false
irl_first_division,R6,10b,13366735,supremacy,-0.14227887405162037,-0.2989342369953079,0.06416594912141355,0.2629728130652951,true
irl_first_division,R6,10b,13366735,level,0.36907486928396194,0.3634271880025668,0.006431657920796538,1.6018432999238006,true
irl_first_division,R6,10b,13366739,supremacy,-0.5738468352310386,-0.7513660939616054,0.06002407186571558,0.22506252226947665,true
irl_first_division,R6,10b,13366739,level,0.2344972548221974,0.2886900304195409,0.0062569128893036376,1.38340667535371,true
irl_first_division,R6,10b,13366741,supremacy,-0.2971715109036702,-0.11339773615215515,0.06069715829845319,0.20378324009307325,true
irl_first_division,R6,10b,13366741,level,0.2411152854024527,0.1753830792422585,0.006231370958527228,1.273449725128924,true
irl_first_division,R6,10b,13366743,supremacy,-0.49834069786871005,-0.2348557126524895,0.061542585089352286,-0.08896052851413394,true
irl_first_division,R6,10b,13366743,level,0.3659099948202171,0.3847019046794694,0.00635866554731382,1.582261757717684,true
irl_first_division,R6,10b,13366745,supremacy,0.21319121659959772,0.286103214300523,0.057780731246132436,0.4606085568687922,true
irl_first_division,R6,10b,13366745,level,0.3636507114621562,0.4005708757495469,0.006154533091634269,1.5156052630050783,true
irl_first_division,R6,10b,13366747,supremacy,1.0596634939269882,1.109189481761713,0.056085542402154326,0.4996332651477131,true
irl_first_division,R6,10b,13366747,level,0.2814583781977259,0.30432084970104234,0.006077595373405092,1.5896329501912168,true
irl_first_division,R6,10b,13366749,supremacy,-0.2291105062337627,0.1506444508069622,0.057811301383041795,-0.7409336179201849,true
irl_first_division,R6,10b,13366749,level,0.3160076198158698,0.28889563119156697,0.006147744987363259,1.5671135431535288,true
irl_first_division,R6,10b,13366751,supremacy,-0.24829375568013512,-0.4047148705416454,0.0636758219635172,0.2659106161397553,true
irl_first_division,R6,10b,13366751,level,0.24926869203412227,0.1972607205020254,0.006317925799186086,1.399183729418144,true
irl_first_division,R6,10b,13366754,supremacy,-0.4068392837337821,-0.09581866457572014,0.04978441207127889,-0.3904391022708129,true
irl_first_division,R6,10b,13366754,level,0.2775371688291715,0.25852089660853583,0.006159886534352394,1.5965572269679802,true
irl_first_division,R6,10b,13366759,supremacy,1.1972677135584595,1.1610165835284665,0.05460208497089107,0.5228692420248493,true
irl_first_division,R6,10b,13366759,level,0.3113161816374128,0.30688458933553125,0.00623335740671542,1.618406242073655,true
irl_first_division,R6,10b,13366761,supremacy,-0.20158120787776573,-0.26948217428282795,0.057515545327701464,0.46883064693887044,true
irl_first_division,R6,10b,13366761,level,0.33626096786877624,0.3244351613151215,0.0062330036746922396,1.6087914488645625,true
irl_first_division,R6,10b,13366764,supremacy,0.47268116165411594,0.7016400058183593,0.048723028884554896,0.05390248147448973,true
irl_first_division,R6,10b,13366764,level,0.3413985422049129,0.3263018674739068,0.006145806362336201,1.6085122494703596,true
irl_first_division,R6,10b,13366766,supremacy,-0.22876174802819454,-0.17161780682519523,0.04870820496797652,0.5584950303936214,true
irl_first_division,R6,10b,13366766,level,0.39024002470560515,0.3061902512846812,0.006188803676412076,1.052830727209773,true
irl_first_division,R6,10b,13366768,supremacy,1.4917826477228546,0.8779709830917154,0.053412845501728035,-2.980998042898091,false
irl_first_division,R6,10b,13366768,level,0.28667155131153566,0.3014930059437632,0.006208374022981677,1.604297719453163,true
irl_first_division,R6,10b,13366770,supremacy,0.13736253908323562,0.0035331467928385596,0.05824989110065895,0.34883117315317924,true
irl_first_division,R6,10b,13366770,level,0.11983206994445082,0.268067779703304,0.006273316477961054,-0.1345857914088211,false
irl_first_division,R6,10b,13366774,supremacy,-0.26518911892911223,-0.370006247885614,0.048309097649498756,0.4824173394666502,true
irl_first_division,R6,10b,13366774,level,0.36449523459025823,0.3715080517673833,0.006158678315581401,1.6220153008959644,true
irl_first_division,R6,10b,13366776,supremacy,0.3111783543662634,0.4663220593631925,0.06215926751832461,0.2764770728450743,true
irl_first_division,R6,10b,13366776,level,0.30507044594751215,0.23543852724288555,0.006220940867510516,1.2312783019232634,true
irl_first_division,R6,10b,13366778,supremacy,0.5564003737806291,0.23975811600385494,0.056673229196689455,-0.36827695252401793,true
irl_first_division,R6,10b,13366778,level,0.27130695493428414,0.27891829830874093,0.006134538500555125,1.6232498463893117,true
irl_first_division,R6,10b,13366780,supremacy,0.3318903514834087,0.1705541976219203,0.0528337648955194,0.3050312963504873,true
irl_first_division,R6,10b,13366780,level,0.2437950874383121,0.27966922422346185,0.005979688887676737,1.5331444136496035,true
irl_first_division,R6,10b,13366782,supremacy,-0.7054902291022229,-0.5710022261429823,0.05368499095640425,0.37491725637731155,true
irl_first_division,R6,10b,13366782,level,0.30254346664263276,0.327273308702389,0.0061265849561196505,1.5787095952839545,true
irl_first_division,R6,10b,13366787,supremacy,1.3173960614280602,1.2581214301329129,0.05099639339295142,0.5346133128278875,true
irl_first_division,R6,10b,13366787,level,0.21306204816356558,0.2216391009448237,0.0060627723963976995,1.627788500263792,true
irl_first_division,R6,10b,13366789,supremacy,0.32924279307369425,0.02697836847009072,0.05221887842505163,-0.31759856941795417,true
irl_first_division,R6,10b,13366789,level,0.2866190128845251,0.2992642394474156,0.006052657658496617,1.6214811588121631,true
irl_first_division,R6,10b,13366791,supremacy,0.13696389415180085,0.29779957220661224,0.05989479109117792,0.2726980499773024,true
irl_first_division,R6,10b,13366791,level,0.29777625223498977,0.3190026989679051,0.006293149508807347,1.5794104572272087,true
irl_first_division,R6,10b,13366795,supremacy,0.7866260743493181,0.7813098433357932,0.06038368511502856,0.4843456063036763,true
irl_first_division,R6,10b,13366795,level,0.4464212329449808,0.37666533515543266,0.0063071587651153055,1.2283534094613064,true
irl_first_division,R6,10b,13366797,supremacy,-0.7217523528361116,-0.5971272711872927,0.05989199241346339,0.3590058669907905,true
irl_first_division,R6,10b,13366797,level,0.22400223976216604,0.25694295402455464,0.006219641536502578,1.5338520049589024,true
irl_first_division,R6,10b,13366799,supremacy,-0.4740379341467277,-0.16579502490045653,0.053167342620744316,-0.3453173914391394,true
irl_first_division,R6,10b,13366799,level,0.2688825630078228,0.30320149095455123,0.005996472791056041,1.541146591580181,true
irl_first_division,R6,10b,13366803,supremacy,-0.06610424853180857,-0.23130029137029073,0.05682382242300373,0.274835474751437,true
irl_first_division,R6,10b,13366803,level,0.21345373759772804,0.2663041437751701,0.0061920111824015685,1.3977632381408667,true
irl_first_division,R6,10b,13366807,supremacy,0.8780695543508803,0.9027847110502406,0.050871011942797244,0.5642886785655628,true
irl_first_division,R6,10b,13366807,level,0.22381433382163143,0.3431450546742792,0.006106460573666083,0.4643018922374589,true
irl_first_division,R6,10b,13366809,supremacy,0.7586965883902218,0.7161577535365758,0.057636591909274434,0.4921623369656666,true
irl_first_division,R6,10b,13366809,level,0.43510821754965195,0.3425834060223158,0.006179815534055378,0.931649564530417,true
irl_first_division,R6,10b,13366814,supremacy,0.8876682340394442,0.866022424395849,0.051213093079978504,0.5623670678553253,true
irl_first_division,R6,10b,13366814,level,0.21614212037681588,0.25287390071670024,0.006041832493001437,1.5239286002049537,true
irl_first_division,R6,10b,13366816,supremacy,0.49429109263349297,0.4893639219244496,0.05636551149610823,0.5187950162843245,true
irl_first_division,R6,10b,13366816,level,0.3151393172669009,0.3356521504688109,0.006118980778038611,1.594858457804123,true
irl_first_division,R6,10b,13366818,supremacy,0.545931280587895,0.3615562066742487,0.05738765125514089,0.213844370008337,true
irl_first_division,R6,10b,13366818,level,0.2940019171158676,0.3560279613998861,0.006199271217891718,1.312426264910784,true
irl_first_division,R6,10b,13366820,supremacy,0.5239450025746795,0.8493777678929293,0.05460401776328216,-0.43488286951824273,true
irl_first_division,R6,10b,13366820,level,0.22238303040718546,0.19433489348347144,0.006101543876967231,1.5662010643116018,true
irl_first_division,R6,10b,13366824,supremacy,-1.0722262467931671,-1.0200419628812514,0.05241570946860814,0.5293589935066066,true
irl_first_division,R6,10b,13366824,level,0.29549782854727824,0.29120045214727475,0.0060613657319219345,1.6324481616143263,true
irl_first_division,R6,10b,14505913,supremacy,-0.3456922778321288,-0.1288257488466793,0.05392377293653142,0.10506473120871918,true
irl_first_division,R6,10b,14505913,level,0.21150687233888757,0.278640167491097,0.006120485738225541,1.2609385025612054,true
irl_first_division,R6,10b,13366828,supremacy,0.7383961036525577,0.7881314628934606,0.04702871818167063,0.5832609984331946,true
irl_first_division,R6,10b,13366828,level,0.40566818117641457,0.3841494807497323,0.006189311065384886,1.5861196212685762,true
irl_first_division,R6,10b,13366830,supremacy,1.1085559287638553,0.8266172336407616,0.058135649175881474,-0.18010519373959943,true
irl_first_division,R6,10b,13366830,level,0.24296821327355858,0.21977165318995628,0.0063315194662515615,1.5696767802546985,true
irl_first_division,R6,10b,13366832,supremacy,0.8259605389218718,0.7321823484154915,0.0479874437062338,0.5078376405282843,true
irl_first_division,R6,10b,13366832,level,0.235705096942754,0.2500698544539801,0.006136062099587321,1.6110332889445527,true
irl_first_division,R6,10b,13366834,supremacy,0.00937826586152983,0.11558606703433011,0.05088390925402694,0.459324237978169,true
irl_first_division,R6,10b,13366834,level,0.11900019956193744,0.2626191633933096,0.006120634265550027,-0.055883081136101076,false
irl_first_division,R6,10b,13366836,supremacy,-1.3120064537066196,-1.2720568084594488,0.04980020270432863,0.5649058074125066,true
irl_first_division,R6,10b,13366836,level,0.3414483829252515,0.3179917941697252,0.005973339712256645,1.5952304072771277,true
irl_first_division,R6,10b,13366838,supremacy,1.0199561261366046,0.6506462160563736,0.04944000066534197,-0.7947875692338686,false
irl_first_division,R6,10b,13366838,level,0.38497552932283485,0.3824325479114719,0.00609972041535734,1.630287551859354,true
irl_first_division,R6,10b,13366842,supremacy,0.46020951006326805,0.47390999841422315,0.050043171651255214,0.5766206588159855,true
irl_first_division,R6,10b,13366842,level,0.32285506799190705,0.2857909456843143,0.005816231819190346,1.5365166578441691,true
irl_first_division,R6,10b,13366846,supremacy,1.3286962958668838,1.194299909047595,0.0568639073386271,0.35578748812056893,true
irl_first_division,R6,10b,13366846,level,0.3129902361754479,0.2455557726134013,0.006173993530068403,1.2564950592373612,true
irl_first_division,R6,10b,13366850,supremacy,0.4011303247430274,-0.00583960864824673,0.04772837800009795,-1.132897875590129,false
irl_first_division,R6,10b,13366850,level,0.41497620302077864,0.3811711856964049,0.0059349173234238,1.5482366420723233,true
irl_first_division,R6,10b,13366852,supremacy,0.8341958380197668,0.9848242092883557,0.05131690039577025,0.3448624278860033,true
irl_first_division,R6,10b,13366852,level,0.3472194189072206,0.28269703036497684,0.006222600083879516,1.286327576054707,true
irl_first_division,R6,10b,13366854,supremacy,-0.8604576940991295,-1.0687158287584764,0.04827402139861878,0.14727088961299595,true
irl_first_division,R6,10b,13366854,level,0.36477226294545795,0.2986540963343176,0.006091145491861204,1.2726712869977965,true
irl_first_division,R6,10b,14795883,supremacy,0.019604730224386968,0.05925053385913803,0.06110462928279713,0.4657838297067004,true
irl_first_division,R6,10b,14795883,level,0.2772287383274291,0.1649311847158314,0.006242500319185887,0.6091774314137921,true
irl_first_division,R6,10b,13243122,supremacy,-0.6852367662447562,-0.03013597026263365,0.04965729589829564,-3.7388218649700744,false
irl_first_division,R6,10b,13243122,level,0.4019689789392123,0.3050744610882725,0.0060102404445129005,0.8571608058184643,true
irl_first_division,R6,10b,13243123,supremacy,-0.4371039401051641,-0.26014123238220765,0.052272387112266575,0.2571605926841032,true
irl_first_division,R6,10b,13243123,level,0.3181612430502928,0.2257307496989855,0.006148135230851229,0.93206897460498,true
irl_first_division,R6,10b,13243127,supremacy,0.5604695605227524,0.21563301868227178,0.058555395734195104,-0.5154299494667876,true
irl_first_division,R6,10b,13243127,level,0.36331498787300726,0.2992694564074567,0.006151375388069368,1.2931936990809028,true
irl_first_division,C0,10b,13366705,supremacy,0.15437598530789665,-0.08385627958672229,0.281521783119072,-0.38596548846298107,true
irl_first_division,C0,10b,13366705,level,0.22554805700314423,0.23003970592767137,0.01343957007675188,1.2350868544636284,true
irl_first_division,C0,10b,13366707,supremacy,-0.14468897758702098,-0.00858623705613859,0.2697128733583026,-0.298080014876963,true
irl_first_division,C0,10b,13366707,level,0.2955315073868765,0.38181687810580106,0.013052558730437775,0.965247561138155,true
irl_first_division,C0,10b,13366710,supremacy,-0.31778623542855367,0.21363119809431594,0.2710685349827265,-0.7871564921384645,true
irl_first_division,C0,10b,13366710,level,0.26735843126082887,0.33934232801932185,0.013701171002440535,1.0371021577348478,true
irl_first_division,C0,10b,13366712,supremacy,0.4985939060594325,0.3551433212472748,0.23216691303569295,-0.23310658170011933,true
irl_first_division,C0,10b,13366712,level,0.23102192616016,0.33550857735015216,0.01308657440121374,0.8320212322225273,true
irl_first_division,C0,10b,13366716,supremacy,0.626490296846242,0.4877969863562878,0.16192647000549906,-0.0680288841180623,true
irl_first_division,C0,10b,13366716,level,0.27306882723244796,0.286765160302881,0.010696164954921705,1.3412274661059325,true
irl_first_division,C0,10b,13366719,supremacy,-1.0400413411307528,-0.20154867830274648,2.141922889148419,-1.4639117275342328,true
irl_first_division,C0,10b,13366719,level,0.1431418708161862,0.15188929441254873,0.18655646367861062,-0.0796329459462406,true
irl_first_division,C0,10b,13366725,supremacy,-0.8253584894017978,-1.0659415689237173,0.06764085776994844,-1.6524473801293738e-5,true
irl_first_division,C0,10b,13366725,level,0.07992288149809465,0.15337611267613802,0.016075673516783573,0.9784736679595953,true
irl_first_division,C0,10b,13366728,supremacy,0.5782453380798819,0.25178618938582376,0.08143789721876168,-0.3193177507302325,true
irl_first_division,C0,10b,13366728,level,0.22133026693866606,0.2542544354822111,0.008886150214151761,1.38169831037156,true
irl_first_division,C0,10b,13366730,supremacy,-0.03514683790367895,0.07913771324188362,0.19579374072216799,-0.13694564638939144,true
irl_first_division,C0,10b,13366730,level,0.1495257250181054,0.29553670296026235,0.011237878483245641,0.3767517899569057,true
irl_first_division,C0,10b,13366732,supremacy,-0.21125519714085658,-0.4214729936794876,0.14736257409100087,-0.11145038397123785,true
irl_first_division,C0,10b,13366732,level,0.27904861223748517,0.30304053184107244,0.010899639760397708,1.3141691343735797,true
irl_first_division,C0,10b,13366734,supremacy,0.9368245846544433,0.586390734670401,0.0719528627469629,-0.45642993197534265,true
irl_first_division,C0,10b,13366734,level,0.19624924584103792,0.322898760768164,0.008084595340426395,0.497942652640913,true
irl_first_division,C0,10b,13366738,supremacy,0.17823987932323893,-0.29365943245804743,0.09853970461381559,-0.8902360154494653,true
irl_first_division,C0,10b,13366738,level,0.16898272938993347,0.23463112996733917,0.008931170934974295,1.1988916969125554,true
irl_first_division,C0,10b,13366740,supremacy,0.49075991632010274,0.6001476719938796,0.06480741115948238,0.35691189510375887,true
irl_first_division,C0,10b,13366740,level,0.10053827379626927,0.17243752146228025,0.008088505852272786,1.1701585810187958,true
irl_first_division,C0,10b,13366744,supremacy,0.027064977506780913,0.2296288972166849,0.06128572251338661,0.14240463742098797,true
irl_first_division,C0,10b,13366744,level,0.16439095358643424,0.17461523437815313,0.007738963499746267,1.5050513536468157,true
irl_first_division,C0,10b,13366746,supremacy,-0.2643607393890862,-0.7806363267698728,0.05971749231901898,-1.7415518404223786,false
irl_first_division,C0,10b,13366746,level,0.16634395198172763,0.11621083596312454,0.009410448381189535,1.2804895083812478,true
irl_first_division,C0,10b,13366748,supremacy,-0.37808989598885234,-0.4692364087934126,0.04849608579959491,0.5085443932383658,true
irl_first_division,C0,10b,13366748,level,0.1521526257004276,0.2241646479808749,0.007795967021656942,1.1755451885856338,true
irl_first_division,C0,10b,13366752,supremacy,-0.21265454594182243,-0.11365950316557394,0.05303962048720814,0.4570355685107004,true
irl_first_division,C0,10b,13366752,level,0.25400304609630053,0.24736272764778772,0.00806316755400695,1.4885515936026108,true
irl_first_division,C0,10b,13366755,supremacy,0.5918258201620001,0.4355282992288367,0.049803035934479156,0.3356458538908238,true
irl_first_division,C0,10b,13366755,level,0.17411053603890136,0.22802689535905876,0.007255698037977834,1.3437220476873517,true
irl_first_division,C0,10b,13366758,supremacy,0.14621702056872093,-0.2290203975599702,0.054046191155572125,-0.7625987733092761,true
irl_first_division,C0,10b,13366758,level,0.07609071123831071,0.19475686478104454,0.006912275626743321,0.5496919608808204,true
irl_first_division,C0,10b,13366760,supremacy,0.12840074242010402,0.3019408725500576,0.06130493297707136,0.23138290252496385,true
irl_first_division,C0,10b,13366760,level,0.19501242109545935,0.21254770582053648,0.008035756249413429,1.4738561738029854,true
irl_first_division,C0,10b,13366765,supremacy,0.13785274195699895,0.2897015269207349,0.04813426155325319,0.35842389790014795,true
irl_first_division,C0,10b,13366765,level,0.17267241623120533,0.16105393652468047,0.006510639030988367,1.5878534933147144,true
irl_first_division,C0,10b,13366767,supremacy,-0.8596119421907429,-0.23273106383525938,0.04941942794142756,-3.3911957233879537,false
irl_first_division,C0,10b,13366767,level,0.17339788560896977,0.18539834521742324,0.006467551319676377,1.590406970806359,true
irl_first_division,C0,10b,13366771,supremacy,-0.14750427635576785,0.010635986253769936,0.059069206178142514,0.2838974334002944,true
irl_first_division,C0,10b,13366771,level,0.15988009175210574,0.16728629422429142,0.006534908266709501,1.5921631185858525,true
irl_first_division,C0,10b,13366773,supremacy,-0.5362833972910228,-0.33451776569824,0.06107224586516711,0.1456217171680949,true
irl_first_division,C0,10b,13366773,level,0.24592530021827355,0.3187659622065486,0.006890063974844601,1.1848689666056362,true
irl_first_division,C0,10b,13366812,supremacy,0.6545156821813888,0.5514675305862015,0.0504970700367709,0.4688375110695362,true
irl_first_division,C0,10b,13366812,level,0.1124604678586843,0.1392384774815239,0.006314258862242697,1.556752759388912,true
irl_first_division,C0,10b,13366775,supremacy,0.4351134501278019,0.3724154887477442,0.04570793706782389,0.5808014658080297,true
irl_first_division,C0,10b,13366775,level,0.25882323998781465,0.19190479292166407,0.006454088860915617,1.2556642250156955,true
irl_first_division,C0,10b,13366783,supremacy,-0.710779316049772,-0.24088251233462768,0.06551868211394052,-1.2412670751766601,false
irl_first_division,C0,10b,13366783,level,0.13790031874638312,0.10503675766483607,0.00729508125327566,1.467315531714791,true
irl_first_division,C0,10b,13366786,supremacy,-0.18178158575628856,-0.3090499352396753,0.05479626215151465,0.3853330633671088,true
irl_first_division,C0,10b,13366786,level,0.25461132533756115,0.23019854928597566,0.00639016858024353,1.5609259243758729,true
irl_first_division,C0,10b,13366788,supremacy,0.7546669254963009,0.43659706552083427,0.056546531540655365,-0.3771519896301321,true
irl_first_division,C0,10b,13366788,level,0.21654463093584603,0.15789599714894684,0.006703311387531132,1.3270738769537882,true
irl_first_division,C0,10b,13366790,supremacy,-0.024395558667808404,0.048026621782331885,0.05552425022708883,0.479297808440051,true
irl_first_division,C0,10b,13366790,level,0.22127843889499363,0.23777252580987474,0.006421767197558766,1.583910188314789,true
irl_first_division,C0,10b,13366798,supremacy,0.5183809625911844,0.40290209239697133,0.06067932556300954,0.3722536239686822,true
irl_first_division,C0,10b,13366798,level,0.25048181473261655,0.22626827627437482,0.006597685832941872,1.5471477274150374,true
irl_first_division,C0,10b,13366802,supremacy,0.31896366089480277,0.25017875108957416,0.062230859000048044,0.431498994044465,true
irl_first_division,C0,10b,13366802,level,0.1620415017565876,0.15941051619242044,0.006573344856876843,1.5929011726530826,true
irl_first_division,C0,10b,13366806,supremacy,0.706797574673384,0.7240778863004214,0.05998424255809678,0.48540909099979934,true
irl_first_division,C0,10b,13366806,level,0.24025773914400236,0.2647822353670637,0.006542984883052072,1.5497808647108489,true
irl_first_division,C0,10b,13366810,supremacy,-0.3297203782345505,-0.4880099096964127,0.061212866889910414,0.27310101276668397,true
irl_first_division,C0,10b,13366810,level,0.2360250908273759,0.2141338610960213,0.0064783546206315145,1.5637191238539818,true
irl_first_division,C0,10b,13366815,supremacy,0.27317025700281256,0.11744491987677849,0.053204646590793825,0.31996903291728107,true
irl_first_division,C0,10b,13366815,level,0.23873400305443096,0.20002506239163498,0.00614819413161204,1.505004442326883,true
irl_first_division,C0,10b,13366819,supremacy,0.1855280099120336,0.28698351277460166,0.06341260879814518,0.3789470814897953,true
irl_first_division,C0,10b,13366819,level,0.26314777085905283,0.26899117769244923,0.006566003504539838,1.5913862634741767,true
irl_first_division,C0,10b,13366825,supremacy,-1.0030438816809777,-0.7449369415476674,0.06328133580620872,-0.06522926334499068,true
irl_first_division,C0,10b,13366825,level,0.2133614084506028,0.18925810240724872,0.006669221891033131,1.5426315008725977,true
irl_first_division,C0,10b,13366827,supremacy,0.7080525881979622,0.6755133865680119,0.04552814394819369,0.6141457963143516,true
irl_first_division,C0,10b,13366827,level,0.28930345444126093,0.21264481499294566,0.006115265609242601,1.1490632577139257,true
irl_first_division,C0,10b,13366829,supremacy,-0.17752877001792264,0.027688818398193177,0.06013940879635837,0.13646781784518658,true
irl_first_division,C0,10b,13366829,level,0.24223390086873525,0.1977782020513461,0.006530225416835019,1.4453982418339646,true
irl_first_division,C0,10b,13366831,supremacy,0.40618562327072705,0.49452721323372983,0.06258290099127793,0.40434187090905127,true
irl_first_division,C0,10b,13366831,level,0.2345571436542036,0.16471397360980172,0.0062692622386430795,1.2280633178032045,true
irl_first_division,C0,10b,13366837,supremacy,0.049394626283431026,0.03382355161045347,0.050060646699955864,0.5758998577103414,true
irl_first_division,C0,10b,13366837,level,0.197806776669042,0.1739767437948552,0.006303730671508601,1.5693258802822716,true
irl_first_division,C0,10b,13366839,supremacy,0.0023453039947232968,-0.14828981616591816,0.050234892856312274,0.3507357844690717,true
irl_first_division,C0,10b,13366839,level,0.23859766212475542,0.27505027929459214,0.006232320614494322,1.5134597117462056,true
irl_first_division,C0,10b,13366841,supremacy,0.7169762745883687,0.7833263097529941,0.05996162993659032,0.45137714248145855,true
irl_first_division,C0,10b,13366841,level,0.18060913586799093,0.1926822791944953,0.006615571724942818,1.579209502800515,true
irl_first_division,C0,10b,13366845,supremacy,0.28616797174632613,0.04664138851024391,0.05674306919701345,0.01012175745747923,true
irl_first_division,C0,10b,13366845,level,0.25480954706287273,0.23527769751778443,0.006079015187830309,1.601139878581862,true
irl_first_division,C0,10b,13366851,supremacy,-0.13356067205479122,0.16533648556467845,0.049064234968983086,-0.32206022966333836,true
irl_first_division,C0,10b,13366851,level,0.2532376720837909,0.20671731880219965,0.00625947721141834,1.4450214412658817,true
irl_first_division,C0,10b,13366853,supremacy,0.2730258144319803,-0.17428837538652037,0.05252270582576359,-1.3504787684098067,false
irl_first_division,C0,10b,13366853,level,0.24849931132254752,0.19067164324765104,0.006415988538126761,1.3449405404656631,true
irl_first_division,C0,10b,13366855,supremacy,-0.8506239486373433,-0.3842014009973084,0.060594798606443095,-1.312286439195199,false
irl_first_division,C0,10b,13366855,level,0.25873966609831844,0.24491048179743935,0.006576973907382054,1.578612649804647,true
irl_first_division,C0,10b,13366856,supremacy,1.2068103063972937,1.3581926382918241,0.07094731843146859,0.24246588678826608,true
irl_first_division,C0,10b,13366856,level,0.25482256116873336,0.1811300158448485,0.006867529999394231,1.1761551625139626,true
irl_first_division,C0,10b,13366857,supremacy,-0.29562510022302546,-0.37642284816957367,0.04727337585201119,0.5379173504567893,true
irl_first_division,C0,10b,13366857,level,0.17073822593848853,0.14684464991515092,0.006307787140784059,1.5687928204231838,true
irl_first_division,C0,10b,13366858,supremacy,0.6703846815339293,0.47187624078749774,0.047104615086524554,0.19047611814963483,true
irl_first_division,C0,10b,13366858,level,0.34421312795469466,0.28607915966684827,0.006267190626231156,1.3476519489428023,true
irl_first_division,C0,10b,13366860,supremacy,0.677697885461474,0.3842645007096391,0.058200808176977925,-0.23671803696807747,true
irl_first_division,C0,10b,13366860,level,0.31652621563334243,0.1890423693446033,0.00628143321611183,0.32247577876149736,true
irl_first_division,C0,10b,13366861,supremacy,0.316254126825084,0.7535153643466728,0.05606229682264875,-1.1835152403134979,false
irl_first_division,C0,10b,13366861,level,0.3222614410978791,0.28335163140616193,0.006247668254515743,1.497671882207661,true
irl_first_division,C0,10b,13366862,supremacy,0.6357589815434224,0.4683011403247004,0.053090025015089845,0.2848447905007656,true
irl_first_division,C0,10b,13366862,level,0.2711611587079097,0.26669286472276477,0.006167696960603517,1.6236577880525025,true
irl_first_division,C0,10b,13366863,supremacy,0.5872603615784642,0.6218081725646843,0.05221557606949833,0.5458196121951044,true
irl_first_division,C0,10b,13366863,level,0.18892075191301022,0.19069013138048702,0.006019530144674207,1.6371744571571902,true
irl_first_division,C0,10b,13366865,supremacy,-0.022424323866246987,-0.12642626357809206,0.06464174091642716,0.36684469921144314,true
irl_first_division,C0,10b,13366865,level,0.27201741870475715,0.2328289132868917,0.006468771852281382,1.4827419125533599,true
irl_first_division,C0,10b,13366866,supremacy,0.9309151602810389,1.033455911261073,0.07364868631618182,0.3139024288118647,true
irl_first_division,C0,10b,13366866,level,0.22113775455706547,0.15345416318950425,0.007018297338178126,1.2343126928346604,true
irl_first_division,C0,10b,13366868,supremacy,0.012412127982538712,0.3208739861343991,0.06509862238776781,-0.283816976599065,true
irl_first_division,C0,10b,13366868,level,0.4171968826799247,0.30547248531071186,0.006543027574169649,0.6418732726366181,true
irl_first_division,C0,10b,13366869,supremacy,-0.9030327800834299,-0.7209228332989476,0.06241166437814205,0.20237523590219264,true
irl_first_division,C0,10b,13366869,level,0.26014283041199504,0.27174953004805363,0.006662914951595162,1.5765512218343165,true
irl_first_division,C0,10b,13366870,supremacy,0.4128400035018559,0.28062520225689536,0.06505819711769102,0.3129509519058695,true
irl_first_division,C0,10b,13366870,level,0.46092571326991244,0.20669306053393177,0.006428470923129907,-3.4226155319678457,false
irl_first_division,C0,10b,13366871,supremacy,0.47286796184035773,1.055698115507876,0.05998784798871544,-2.343463570915832,false
irl_first_division,C0,10b,13366871,level,0.3319830318788567,0.29220098620415735,0.00667166678006761,1.4673973662219737,true
irl_first_division,C0,10b,13366872,supremacy,-0.17176325269060716,-0.0510561860734528,0.05736714208943233,0.3832124780050157,true
irl_first_division,C0,10b,13366872,level,0.3054129818386726,0.28994213934192603,0.006388549441304055,1.5889529901378643,true
irl_first_division,C0,10b,13366873,supremacy,-0.21791120150615545,-0.16568317076804584,0.057318773989173524,0.4868302894890113,true
irl_first_division,C0,10b,13366873,level,0.25085629314885716,0.19579185967116913,0.006462501233676348,1.367339691276222,true
irl_first_division,C0,10b,13366875,supremacy,0.13121996298715313,0.30935398610566983,0.05150295564970781,0.25606213703475245,true
irl_first_division,C0,10b,13366875,level,0.2879925619883143,0.23270241831208402,0.0061764236810400944,1.3770960934848886,true
irl_first_division,C0,10b,13366876,supremacy,0.9140501810666707,0.7389601071779187,0.051988042748892044,0.264590070535601,true
irl_first_division,C0,10b,13366876,level,0.19195345784099,0.24602029121376348,0.006248810970998081,1.3848412094468245,true
irl_first_division,C0,10b,13366877,supremacy,-0.8347485482319695,-1.0112871879862873,0.05603664751383204,0.2438512554428438,true
irl_first_division,C0,10b,13366877,level,0.25492039762818935,0.26063889078469304,0.006516687675591483,1.5952469628435528,true
irl_first_division,C0,10b,13366878,supremacy,0.2153928047645231,-0.12209190715559415,0.05988365841934117,-0.4622394459016641,true
irl_first_division,C0,10b,13366878,level,0.3141935124661337,0.2838325788712437,0.006440824496745651,1.5320527295599344,true
irl_first_division,C0,10b,13366706,supremacy,-0.27398388789105044,-0.3156520513434802,0.04888492071185915,0.5724462178628701,true
irl_first_division,C0,10b,13366706,level,0.3665689405175769,0.32053159172416334,0.00629310082687367,1.4468184097930357,true
irl_first_division,C0,10b,13366709,supremacy,0.18245820186485012,0.3946456172027209,0.049128150912111396,0.12949794767936784,true
irl_first_division,C0,10b,13366709,level,0.20219785748812666,0.24078537020154409,0.006535705658243831,1.4823865218014955,true
irl_first_division,C0,10b,13366711,supremacy,0.4668962899988768,0.8846314856352422,0.05470115592594769,-1.0610582151221903,false
irl_first_division,C0,10b,13366711,level,0.37183708944488786,0.34009673762212334,0.006323570915406409,1.5331387637073193,true
irl_first_division,C0,10b,13366715,supremacy,-0.25853842883763045,-0.45440798150140665,0.05390014437872902,0.18548404104145622,true
irl_first_division,C0,10b,13366715,level,0.27839373433487563,0.1960034054591643,0.006424663844203653,1.0765773432003929,true
irl_first_division,C0,10b,13366718,supremacy,1.1294580211977256,1.0456405989806878,0.04115828576113441,0.5908808379006227,true
irl_first_division,C0,10b,13366718,level,0.3353551398841143,0.2781145644833806,0.005645369750066697,1.3793291524754934,true
irl_first_division,C0,10b,13366720,supremacy,0.1654231100677866,0.14364184663311494,0.0432736307453615,0.6456857074350888,true
irl_first_division,C0,10b,13366720,level,0.38323575487746664,0.29422557858785736,0.005839697542688842,0.9742415703100502,true
irl_first_division,C0,10b,13366722,supremacy,-0.7195802844158068,-0.6227353112153897,0.04201633694110136,0.5542991085417828,true
irl_first_division,C0,10b,13366722,level,0.19987534646480998,0.20285891194872507,0.005849833913391235,1.6509716238043861,true
irl_first_division,C0,10b,13366724,supremacy,0.07558944543856583,0.20327414899494212,0.04481374236208424,0.4517800782995234,true
irl_first_division,C0,10b,13366724,level,0.23755671203542167,0.2922698874180588,0.0058303195355984576,1.3966821477637184,true
irl_first_division,C0,10b,13366726,supremacy,-0.4589420216940638,-0.38573001149312414,0.049513764773954146,0.5296874055972836,true
irl_first_division,C0,10b,13366726,level,0.4108244989772417,0.2734614392380497,0.006021914293036926,0.07057437456391513,false
irl_first_division,C0,10b,13366727,supremacy,-0.3151469221320766,-0.30838121008665603,0.0460209840354152,0.6198930467554553,true
irl_first_division,C0,10b,13366727,level,0.4254752690505663,0.30214383109879595,0.005773812297856105,0.34106308036634614,true
irl_first_division,C0,10b,13366729,supremacy,0.5276770265973229,0.5811232758009603,0.04382530864882292,0.6122437353303346,true
irl_first_division,C0,10b,13366729,level,0.21204794912382396,0.2526668880929851,0.005868521106763252,1.5095658860402164,true
irl_first_division,C0,10b,13366733,supremacy,0.08823087353241299,0.003035421126645399,0.04658785707551122,0.5363704619079147,true
irl_first_division,C0,10b,13366733,level,0.38139969393297646,0.2563800530628897,0.005800968197742135,0.30874548849019146,true
irl_first_division,C0,10b,13366735,supremacy,-0.14227887405162037,-0.30038408418220164,0.0642795090484921,0.2588767723784733,true
irl_first_division,C0,10b,13366735,level,0.36907486928396194,0.36362267647955304,0.006516055210314946,1.5955235119457578,true
irl_first_division,C0,10b,13366739,supremacy,-0.5738468352310386,-0.7530630452450657,0.06012694610166311,0.2196214068250193,true
irl_first_division,C0,10b,13366739,level,0.2344972548221974,0.2909861830351528,0.006329418077126835,1.3602581478018771,true
irl_first_division,C0,10b,13366741,supremacy,-0.2971715109036702,-0.11122847689319162,0.060799364498968,0.19681413134449333,true
irl_first_division,C0,10b,13366741,level,0.2411152854024527,0.17412791401259653,0.006303981197944861,1.258437784438954,true
irl_first_division,C0,10b,13366743,supremacy,-0.49834069786871005,-0.2348560438123793,0.06164587668038472,-0.08885252111421749,true
irl_first_division,C0,10b,13366743,level,0.3659099948202171,0.3882262722428138,0.006435820820414474,1.5653084468809977,true
irl_first_division,C0,10b,13366745,supremacy,0.21319121659959772,0.28732480875211486,0.05787904341934507,0.45828491311821185,true
irl_first_division,C0,10b,13366745,level,0.3636507114621562,0.402658128987281,0.00622633328171285,1.4983563259731785,true
irl_first_division,C0,10b,13366747,supremacy,1.0596634939269882,1.1068654645036637,0.056173709950747795,0.5008831070889983,true
irl_first_division,C0,10b,13366747,level,0.2814583781977259,0.3042925693607019,0.006146084479590428,1.5846142287855305,true
irl_first_division,C0,10b,13366749,supremacy,-0.2291105062337627,0.1520852991038556,0.057903427300712094,-0.7492129219353314,true
irl_first_division,C0,10b,13366749,level,0.3160076198158698,0.2888784876682986,0.006219021240818934,1.5619603582083785,true
irl_first_division,C0,10b,13366751,supremacy,-0.24829375568013512,-0.40465743096550216,0.06380064484130125,0.26544811713330096,true
irl_first_division,C0,10b,13366751,level,0.24926869203412227,0.19784466586612978,0.006399148429029025,1.400233021333656,true
irl_first_division,C0,10b,13366754,supremacy,-0.4068392837337821,-0.09654279816660752,0.049823070237913505,-0.38555824751663015,true
irl_first_division,C0,10b,13366754,level,0.2775371688291715,0.2611461606903072,0.006232525951254839,1.598494784101084,true
irl_first_division,C0,10b,13366759,supremacy,1.1972677135584595,1.1635934750090053,0.054666183665120285,0.5239448291727342,true
irl_first_division,C0,10b,13366759,level,0.3113161816374128,0.3067087535131833,0.00630185973903043,1.612832417063201,true
irl_first_division,C0,10b,13366761,supremacy,-0.20158120787776573,-0.27075849589032996,0.05758828355172053,0.4667303124058342,true
irl_first_division,C0,10b,13366761,level,0.33626096786877624,0.3266507644571655,0.006303255270628779,1.6070799449112712,true
irl_first_division,C0,10b,13366764,supremacy,0.47268116165411594,0.7001702532621049,0.048755354174509095,0.06080745626379214,true
irl_first_division,C0,10b,13366764,level,0.3413985422049129,0.3248502399648427,0.006214267396479222,1.5994815097565365,true
irl_first_division,C0,10b,13366766,supremacy,-0.22876174802819454,-0.17051833728191748,0.0487425014636578,0.556865300875183,true
irl_first_division,C0,10b,13366766,level,0.39024002470560515,0.3072644194855713,0.006260478910451045,1.0679366117489504,true
irl_first_division,C0,10b,13366768,supremacy,1.4917826477228546,0.8785499253396635,0.05345529773346623,-2.971949648174277,false
irl_first_division,C0,10b,13366768,level,0.28667155131153566,0.302826324555666,0.0062742609394903365,1.5959138509794055,true
irl_first_division,C0,10b,13366770,supremacy,0.13736253908323562,0.006127113806808637,0.058332780141017615,0.3542321466665159,true
irl_first_division,C0,10b,13366770,level,0.11983206994445082,0.2677873720478094,0.00634605081749734,-0.1137326905209699,false
irl_first_division,C0,10b,13366774,supremacy,-0.26518911892911223,-0.37054559640643336,0.04834277603351483,0.48097567956064413,true
irl_first_division,C0,10b,13366774,level,0.36449523459025823,0.3714498057868523,0.00622843744630921,1.616493681087014,true
irl_first_division,C0,10b,13366776,supremacy,0.3111783543662634,0.4653271879005394,0.062251539180254244,0.2784938584937855,true
irl_first_division,C0,10b,13366776,level,0.30507044594751215,0.23691777558975124,0.006293261109657588,1.2461708240219627,true
irl_first_division,C0,10b,13366778,supremacy,0.5564003737806291,0.23770834898310667,0.05675013983680316,-0.37923009848471456,true
irl_first_division,C0,10b,13366778,level,0.27130695493428414,0.2782620274699535,0.006202388765199821,1.6185723063169504,true
irl_first_division,C0,10b,13366780,supremacy,0.3318903514834087,0.1696080399662314,0.05289328676039769,0.30185107120818055,true
irl_first_division,C0,10b,13366780,level,0.2437950874383121,0.2794230039028837,0.006044807969943884,1.5303443135610004,true
irl_first_division,C0,10b,13366782,supremacy,-0.7054902291022229,-0.5721455033191521,0.053746472290067314,0.37738629480823493,true
irl_first_division,C0,10b,13366782,level,0.30254346664263276,0.32766009999721585,0.006194633165359469,1.5721787621398047,true
irl_first_division,C0,10b,13366787,supremacy,1.3173960614280602,1.2590481089955654,0.05105573088218412,0.5351393509393204,true
irl_first_division,C0,10b,13366787,level,0.21306204816356558,0.22229708030289377,0.0061283487902029764,1.6215181288959348,true
irl_first_division,C0,10b,13366789,supremacy,0.32924279307369425,0.02689244569671906,0.05228067447611892,-0.31765272400299494,true
irl_first_division,C0,10b,13366789,level,0.2866190128845251,0.29938096090504185,0.0061166644866823385,1.6161172321434822,true
irl_first_division,C0,10b,13366791,supremacy,0.13696389415180085,0.3001854380062514,0.05998937141989376,0.2658054667776337,true
irl_first_division,C0,10b,13366791,level,0.29777625223498977,0.32173412205716584,0.006371439953029493,1.5639832022117555,true
irl_first_division,C0,10b,13366795,supremacy,0.7866260743493181,0.7827017273145688,0.060481953208890715,0.4836392782173571,true
irl_first_division,C0,10b,13366795,level,0.4464212329449808,0.37667164629220246,0.00638430330009054,1.227004943084716,true
irl_first_division,C0,10b,13366797,supremacy,-0.7217523528361116,-0.600347252888124,0.0599857418931217,0.36502980954431385,true
irl_first_division,C0,10b,13366797,level,0.22400223976216604,0.25643315248353693,0.006291376756661142,1.5317613892164812,true
irl_first_division,C0,10b,13366799,supremacy,-0.4740379341467277,-0.16839639178576696,0.05323931342448447,-0.32978811569885313,true
irl_first_division,C0,10b,13366799,level,0.2688825630078228,0.30240669623879857,0.006057285795321575,1.541538307800881,true
irl_first_division,C0,10b,13366803,supremacy,-0.06610424853180857,-0.23177508217858628,0.056901214297329576,0.27310115735397034,true
irl_first_division,C0,10b,13366803,level,0.21345373759772804,0.2676443516170848,0.006263717592053209,1.38313685595103,true
irl_first_division,C0,10b,13366807,supremacy,0.8780695543508803,0.9037145089164152,0.05091692114059585,0.5633832489981396,true
irl_first_division,C0,10b,13366807,level,0.22381433382163143,0.34149324398283537,0.006172992507760855,0.5031606462139644,true
irl_first_division,C0,10b,13366809,supremacy,0.7586965883902218,0.7138459565429149,0.057717479006701634,0.48973299478378063,true
irl_first_division,C0,10b,13366809,level,0.43510821754965195,0.34450654259875324,0.006248726036452714,0.9619233377944028,true
irl_first_division,C0,10b,13366814,supremacy,0.8876682340394442,0.8677421564772816,0.05125276115642457,0.5626809240211804,true
irl_first_division,C0,10b,13366814,level,0.21614212037681588,0.2537852698847751,0.006102022518817774,1.5145193747293526,true
irl_first_division,C0,10b,13366816,supremacy,0.49429109263349297,0.49386836370862464,0.056446512181065576,0.5182907720240101,true
irl_first_division,C0,10b,13366816,level,0.3151393172669009,0.3375099733951918,0.006188378133050563,1.5831682241286393,true
irl_first_division,C0,10b,13366818,supremacy,0.545931280587895,0.35643539248789785,0.057461747692901084,0.19692201499532946,true
irl_first_division,C0,10b,13366818,level,0.2940019171158676,0.35354806128918037,0.006271212604674737,1.33425426495121,true
irl_first_division,C0,10b,13366820,supremacy,0.5239450025746795,0.8489395651800903,0.05467422872013119,-0.43167349955089307,true
irl_first_division,C0,10b,13366820,level,0.22238303040718546,0.19492467699800903,0.006168382015816485,1.564105834674455,true
irl_first_division,C0,10b,13366824,supremacy,-1.0722262467931671,-1.0248378989198594,0.052468589678541525,0.5334317581126702,true
irl_first_division,C0,10b,13366824,level,0.29549782854727824,0.2912388124263875,0.006126205855312792,1.6271708395402456,true
irl_first_division,C0,10b,14505913,supremacy,-0.3456922778321288,-0.1311198898845404,0.053972980371506,0.11417548853924098,true
irl_first_division,C0,10b,14505913,level,0.21150687233888757,0.27840566051079146,0.006185530878912172,1.2620652067962763,true
irl_first_division,C0,10b,13366828,supremacy,0.7383961036525577,0.788953542588619,0.04706015222915433,0.5820684835656879,true
irl_first_division,C0,10b,13366828,level,0.40566818117641457,0.3837987380892857,0.0062630610289234195,1.5794225705012588,true
irl_first_division,C0,10b,13366830,supremacy,1.1085559287638553,0.8245665066681562,0.05821123744884134,-0.18983569363244657,true
irl_first_division,C0,10b,13366830,level,0.24296821327355858,0.22019742819304333,0.006407907279963162,1.5657142346194344,true
irl_first_division,C0,10b,13366832,supremacy,0.8259605389218718,0.7332903204044381,0.04802414557582744,0.5096761930516682,true
irl_first_division,C0,10b,13366832,level,0.235705096942754,0.25141768553809585,0.006207259576348578,1.6021925223591285,true
irl_first_division,C0,10b,13366834,supremacy,0.00937826586152983,0.11846554359938041,0.05093706814321012,0.45283250823857935,true
irl_first_division,C0,10b,13366834,level,0.11900019956193744,0.2618046292212339,0.0061932701264221564,-0.02318486444430956,false
irl_first_division,C0,10b,13366836,supremacy,-1.3120064537066196,-1.2757640972703115,0.04983461700941365,0.5674055001050297,true
irl_first_division,C0,10b,13366836,level,0.3414483829252515,0.3176560264818535,0.00602766615470221,1.5898026567634955,true
irl_first_division,C0,10b,13366838,supremacy,1.0199561261366046,0.6493476339473664,0.04947382476701224,-0.8038971351773527,false
irl_first_division,C0,10b,13366838,level,0.38497552932283485,0.3843252206371575,0.006165161982000128,1.6254476032541842,true
irl_first_division,C0,10b,13366842,supremacy,0.46020951006326805,0.4691270673403401,0.050091407663014946,0.5772205843296805,true
irl_first_division,C0,10b,13366842,level,0.32285506799190705,0.28393448616263633,0.00586675640280864,1.5211868573869924,true
irl_first_division,C0,10b,13366846,supremacy,1.3286962958668838,1.1939423763617287,0.056942762387094586,0.35446956801674623,true
irl_first_division,C0,10b,13366846,level,0.3129902361754479,0.24613881804095902,0.00624016398260981,1.2613433544262498,true
irl_first_division,C0,10b,13366850,supremacy,0.4011303247430274,-0.007498150064097209,0.04776618865276413,-1.1460800118045285,false
irl_first_division,C0,10b,13366850,level,0.41497620302077864,0.379629424297244,0.0059936699154479,1.5353609665672014,true
irl_first_division,C0,10b,13366852,supremacy,0.8341958380197668,0.9853824650553005,0.05136169937453812,0.34297871515187794,true
irl_first_division,C0,10b,13366852,level,0.3472194189072206,0.28148242341662,0.006295742411723929,1.2718058827065621,true
irl_first_division,C0,10b,13366854,supremacy,-0.8604576940991295,-1.069516949152043,0.048308764390810624,0.1437739840987966,true
irl_first_division,C0,10b,13366854,level,0.36477226294545795,0.3003925153306453,0.006154329595850782,1.2896265510918723,true
irl_first_division,C0,10b,14795883,supremacy,0.019604730224386968,0.0633224399318297,0.061197396909034085,0.46227142417337397,true
irl_first_division,C0,10b,14795883,level,0.2772287383274291,0.16416406603291267,0.00631366746353422,0.6012040089214286,true
irl_first_division,C0,10b,13243122,supremacy,-0.6852367662447562,-0.030225125256507,0.049709316154776195,-3.7336484461880994,false
irl_first_division,C0,10b,13243122,level,0.4019689789392123,0.30736814536957485,0.0060682921660741755,0.8960169458305365,true
irl_first_division,C0,10b,13243123,supremacy,-0.4371039401051641,-0.25944283488793807,0.052313060718290255,0.25463741104991633,true
irl_first_division,C0,10b,13243123,level,0.3181612430502928,0.22523076178876733,0.006212742265186186,0.9266087308798103,true
irl_first_division,C0,10b,13243127,supremacy,0.5604695605227524,0.21848215380619956,0.058648970780903795,-0.4979255214282683,true
irl_first_division,C0,10b,13243127,level,0.36331498787300726,0.29782072847066865,0.006219100887718431,1.2762616302621417,true
irl_first_division,R2,10a,9414146,supremacy,0.6728028259853156,0.15000000000000002,1.079194977909198,-1.0836789412112482,true
irl_first_division,R2,10a,9414146,level,0.15950367307610366,0.37510459245033817,0.48646541114396613,-0.6064208362591799,true
irl_first_division,R2,10a,9414147,supremacy,-0.18584588367360777,0.15000000000000002,1.0791949779091976,-1.0093039021479953,true
irl_first_division,R2,10a,9414147,level,0.08089560729632356,0.37510459245033817,0.48646541114396613,-0.6476109903711645,true
irl_first_division,R2,10a,9429529,supremacy,-0.38564021772926543,0.3002527319279231,0.8953968711568937,-1.1263986758093916,true
irl_first_division,R2,10a,9429529,level,0.31528618671596675,0.14782457755994727,0.21506415751650917,-0.21572682088881878,true
irl_first_division,R2,10a,9429531,supremacy,0.4155696160072648,0.3002527319279231,0.8953968711568937,-0.8711201678305719,true
irl_first_division,R2,10a,9429531,level,0.07351951000582144,0.14782457755994727,0.21506415751650917,-0.16336535876286845,true
irl_first_division,R2,10a,9445955,supremacy,-0.23694664823922973,0.3729753523177315,0.7914081535465509,-1.0369949854939888,true
irl_first_division,R2,10a,9445955,level,0.17422626186123763,0.19338225014455662,0.2111421503385154,-0.142195664990689,true
irl_first_division,R2,10a,9460690,supremacy,-0.2932374636094678,0.23672941293134875,0.3420406730800742,-0.7930980786301058,true
irl_first_division,R2,10a,9460690,level,0.12911065483846534,0.0684729215943094,0.08592956066541914,0.28678010582307867,true
irl_first_division,R2,10a,9460691,supremacy,0.9961170579070444,0.5335297681573552,0.36417060554298525,-0.7076726053204023,true
irl_first_division,R2,10a,9460691,level,0.13361097431632962,0.20182698695497017,0.08562610884515823,0.2827710538658475,true
irl_first_division,R2,10a,9473532,supremacy,0.22267040845156552,0.3428352349444323,0.6132681673427385,-0.6862346994851809,true
irl_first_division,R2,10a,9473532,level,0.29310881825443297,0.15587851371944408,0.15134116874994719,-0.037046795632176575,true
irl_first_division,R2,10a,9473533,supremacy,-0.10148444930284027,-0.7809145350618464,0.10613768421347824,-1.9720823538020504,false
irl_first_division,R2,10a,9473533,level,0.15129341742406618,0.17879997087967486,0.020092290136334602,1.0159426448044553,true
irl_first_division,R2,10a,9487696,supremacy,0.5013596881416774,0.7984553500517231,0.13521162603912107,-0.24488029657565408,true
irl_first_division,R2,10a,9487696,level,0.19495163039866176,0.11607842464928908,0.025836473063118863,0.7886540347490739,true
irl_first_division,R2,10a,9487698,supremacy,1.4626097626021168,1.4424947305196307,0.09838551677078122,0.2384360325938629,true
irl_first_division,R2,10a,9487698,level,-0.07511828790675501,0.11989976479265463,0.01972409106146942,0.07991748441077662,true
irl_first_division,R2,10a,9490033,supremacy,-0.5265484539060864,0.05657572749271371,0.14858291501619375,-1.1098885606614213,true
irl_first_division,R2,10a,9490033,level,0.2565425143873346,0.14379770674913764,0.01760257572227643,0.7398502470120835,true
irl_first_division,R2,10a,9500162,supremacy,0.2395222002546128,1.1495001023102454,0.07868099029870645,-4.909895390179421,false
irl_first_division,R2,10a,9500162,level,0.4185923659117076,0.15416373571606917,0.017398988107998184,-0.9026510285805844,false
irl_first_division,R2,10a,9513358,supremacy,-0.8773838195736987,-0.6648719015832606,0.05041855819498592,0.126895433709807,true
irl_first_division,R2,10a,9513358,level,0.2068608809597288,0.14309319314555807,0.011752922113830323,1.1298963687012862,true
irl_first_division,R2,10a,9522728,supremacy,0.5148910333486545,0.7484191204148238,0.0508352441091211,0.03425087062248677,true
irl_first_division,R2,10a,9522728,level,0.35147322029495065,0.49717218698324606,0.014091369264070286,0.45892413886520333,true
irl_first_division,R2,10a,9522730,supremacy,-0.17364360318731492,-0.2722820508398194,0.05500681220956902,0.44277114815176144,true
irl_first_division,R2,10a,9522730,level,0.2975205804008185,0.19416821286601182,0.012878552084778519,0.8424481090541662,true
irl_first_division,R2,10a,9522731,supremacy,0.5035524305942137,0.43739537192802086,0.06055553932441082,0.44702026626495395,true
irl_first_division,R2,10a,9522731,level,0.38173174021953266,0.22910800911958587,0.015028639569528338,0.40497317356798757,true
irl_first_division,R2,10a,9533822,supremacy,0.6270937298294735,0.38238907571603564,0.03976179645196637,-0.0595028866709002,true
irl_first_division,R2,10a,9533822,level,0.2683860240747232,0.1915880224123569,0.010762209114970486,1.0729074207975386,true
irl_first_division,R2,10a,9533823,supremacy,-0.5705484103860962,-0.765892530525773,0.06095262610068053,0.16686617955509614,true
irl_first_division,R2,10a,9533823,level,0.22813294184216273,0.02304737911110294,0.014442368197135503,-0.25627938469005884,false
irl_first_division,R2,10a,9536038,supremacy,-0.26435499056803136,-0.17794206778562893,0.042874672765816545,0.5687168345282911,true
irl_first_division,R2,10a,9536038,level,0.15607434873672593,0.2558142523911367,0.010593659014514575,0.885282858360114,true
irl_first_division,R2,10a,9557712,supremacy,-0.1766729271359399,-0.26382164087317284,0.0534132740268201,0.4748138528413214,true
irl_first_division,R2,10a,9557712,level,0.1747231154170635,0.2277231432726587,0.011970667255461365,1.1763808881356623,true
irl_first_division,R2,10a,9557714,supremacy,0.4795110764248244,0.2217771296597636,0.0553184847470052,-0.07201762258869071,true
irl_first_division,R2,10a,9557714,level,0.3705665866135626,0.4293729036419965,0.011686770721208162,1.157757472617172,true
irl_first_division,R2,10a,9557715,supremacy,0.8442055622422894,0.7077729175346312,0.0578457285406373,0.3451569826226073,true
irl_first_division,R2,10a,9557715,level,0.3267392346111248,0.33054125145125035,0.01291273838781673,1.255272226786557,true
irl_first_division,R2,10a,9568638,supremacy,0.15209065128744903,0.14178378613356474,0.04539821314529769,0.6260327370153896,true
irl_first_division,R2,10a,9568638,level,0.28732305093535726,0.36124408927511875,0.01160210554639629,1.0738575226815137,true
irl_first_division,R2,10a,9568639,supremacy,0.12098613354373142,0.2096212621695544,0.0460789827319886,0.5345136802835637,true
irl_first_division,R2,10a,9568639,level,0.23562387068337098,0.3589693586033651,0.012186758200827486,0.6605575387776829,true
irl_first_division,R2,10a,9581631,supremacy,1.23913928509764,0.7505788577817993,0.04339482891624824,-2.1004583914462476,false
irl_first_division,R2,10a,9581631,level,0.011438969992675019,0.15036752468029424,0.01053623330815152,0.44158771233482386,true
irl_first_division,R2,10a,9581632,supremacy,-0.44678681346367266,-0.658724281454001,0.05320091932979032,0.12575169880198628,true
irl_first_division,R2,10a,9581632,level,0.26370759935077587,0.21101214732473064,0.01207939939851238,1.174248439089455,true
irl_first_division,R2,10a,9596800,supremacy,0.38680050632917007,0.44283563372627394,0.048850263977188724,0.5584208473255907,true
irl_first_division,R2,10a,9596800,level,0.09707660474580208,0.09240375818988214,0.01053887866606349,1.3563675821379035,true
irl_first_division,R2,10a,9596802,supremacy,-0.06791446033913517,0.21360383515264147,0.04516867139037613,-0.24755833232932756,true
irl_first_division,R2,10a,9596802,level,0.3361576764678069,0.3897229132616816,0.010739993881937387,1.2143747410204448,true
irl_first_division,R2,10a,9607257,supremacy,-0.41187836746483153,-0.2905657546944765,0.045648835912213095,0.4632548142077647,true
irl_first_division,R2,10a,9607257,level,0.16450015114570127,0.13009239139956377,0.011524649122225634,1.2613314781230034,true
irl_first_division,R2,10a,9607258,supremacy,1.0165535526054124,0.8754220319701533,0.04721502549575063,0.39665327679502194,true
irl_first_division,R2,10a,9607258,level,0.2736925252635806,0.2799497317460844,0.011981384863593306,1.2916281199978785,true
irl_first_division,R2,10a,9607259,supremacy,-0.8520885891255778,-1.0048817247359958,0.042225422960966874,0.38698608511891,true
irl_first_division,R2,10a,9607259,level,0.35853041263612184,0.12832010754772216,0.011583596175209147,-0.9774349611965216,false
irl_first_division,R2,10a,9622165,supremacy,-0.0701223321308137,0.14214464095833837,0.04014630039800899,0.12751057283530753,true
irl_first_division,R2,10a,9622165,level,0.11861511200494634,0.26907606650609456,0.010062625117695678,0.2556447029793434,true
irl_first_division,R2,10a,9622558,supremacy,-0.7994247046657417,-0.602023488583328,0.047403223910371495,0.1945751044307394,true
irl_first_division,R2,10a,9622558,level,0.3853577352238914,0.3529235855956854,0.011241663164077584,1.2783366294572602,true
irl_first_division,R2,10a,9622559,supremacy,-0.0943865662458297,-0.4126768854315226,0.041689038223418434,-0.5452323494157219,true
irl_first_division,R2,10a,9622559,level,0.3162052240350296,0.3372667778149009,0.010406644073924318,1.3424040977909077,true
irl_first_division,R2,10a,9633808,supremacy,0.09120716137276802,0.2986722758905468,0.04550820674233928,0.15309153905388045,true
irl_first_division,R2,10a,9633808,level,0.3060209295819438,0.38050924046903506,0.011850963577739015,1.0646392712535608,true
irl_first_division,R2,10a,9633810,supremacy,0.12055894389855404,-0.1381213215756854,0.045612943293124195,-0.10867081584152061,true
irl_first_division,R2,10a,9633810,level,0.36455369553138833,0.21540079216536198,0.01135353306850672,0.34045365904864555,true
irl_first_division,R2,10a,9633811,supremacy,1.5438402291382463,1.391403073720253,0.049602052741229974,0.34868786883150416,true
irl_first_division,R2,10a,9633811,level,0.15323312318141336,0.2678101806208833,0.01170787501307835,0.7441641599028743,true
irl_first_division,R2,10a,9633816,supremacy,0.29840630930198897,-0.6221562506221543,0.04181304598329577,-9.465289739151174,false
irl_first_division,R2,10a,9633816,level,0.2797918462745368,0.3573254267166649,0.010188620619298011,1.0792950310633385,true
irl_first_division,R2,10a,9633818,supremacy,0.8072193849737709,0.6582437233582612,0.050723070619186295,0.35297498100726277,true
irl_first_division,R2,10a,9633818,level,0.17355902628644687,0.17474016072687806,0.011997220256004849,1.2925434757339602,true
irl_first_division,R2,10a,9633819,supremacy,0.7450810244950468,0.7772465416500396,0.04714372577688919,0.5973655954060719,true
irl_first_division,R2,10a,9633819,level,0.21711898920641037,0.17561643267384378,0.011075994877490121,1.2547924894010356,true
irl_first_division,R2,10a,9633821,supremacy,0.6630795521653648,0.6986920651649279,0.04419548508403737,0.6262795907334556,true
irl_first_division,R2,10a,9633821,level,0.3899327718417737,0.4549272800333946,0.011094397979932641,1.1413397198059396,true
irl_first_division,R2,10a,9633823,supremacy,-0.5401166377161035,-0.45097662783750925,0.04988111118385383,0.5004691067895556,true
irl_first_division,R2,10a,9633823,level,0.433940884604317,0.32785543092714037,0.011642494800524095,0.8242872736080911,true
irl_first_division,R2,10a,9633825,supremacy,0.37175200607460523,0.3690065968366858,0.046134690436165415,0.6190748330781093,true
irl_first_division,R2,10a,9633825,level,0.21248503844700672,0.15526897928930755,0.01065589543109723,1.198273712041419,true
irl_first_division,R2,10a,9633827,supremacy,-0.4575680760501651,-0.7339753050330432,0.04167611919944869,-0.24662856896875007,true
irl_first_division,R2,10a,9633827,level,0.38007740324927597,0.31306225605029275,0.010788334581271167,1.1375635217061997,true
irl_first_division,R2,10a,9633829,supremacy,0.5574924355755364,0.43436224538200374,0.047750112179293897,0.4431943864520128,true
irl_first_division,R2,10a,9633829,level,0.32262051936802816,0.3103457825488034,0.011515479466449874,1.306550993489239,true
irl_first_division,R2,10a,9633831,supremacy,0.5170911332098479,0.4427699981966059,0.0488839276294549,0.5337173590480714,true
irl_first_division,R2,10a,9633831,level,0.24287411697196742,0.22577298111019056,0.011378606374949654,1.3062208068836203,true
irl_first_division,R2,10a,9633832,supremacy,0.13119038721114626,0.0608008783337991,0.0440787478896305,0.5857475985506803,true
irl_first_division,R2,10a,9633832,level,0.3037467492833686,0.2968456309038921,0.010919907486722807,1.3374646868468636,true
irl_first_division,R2,10a,9633833,supremacy,0.7758911273496815,0.7899778225371883,0.04169065863956911,0.6674207117103228,true
irl_first_division,R2,10a,9633833,level,0.36180971693021974,0.31758570631503247,0.010866333091119618,1.2521125923668692,true
irl_first_division,R2,10a,9633834,supremacy,-0.3873101803723949,-0.31367494569288007,0.046367987369062405,0.5581658036305212,true
irl_first_division,R2,10a,9633834,level,0.2562429734414134,0.18248033455920507,0.011491590256547161,1.0773962043028655,true
irl_first_division,R2,10a,9633835,supremacy,0.6555784262498106,0.8320846905825239,0.050659163518439576,0.2648881618014239,true
irl_first_division,R2,10a,9633835,level,0.20044636431154747,0.2585852178693224,0.012312361640292896,1.142371667338949,true
irl_first_division,R2,10a,9633842,supremacy,-0.9649088557350136,-0.6610079844475321,0.04774868836350549,-0.36513906475091706,true
irl_first_division,R2,10a,9633842,level,0.19503930687425167,0.23397608538553924,0.011773843679160026,1.237615805943666,true
irl_first_division,R2,10a,9633845,supremacy,1.1695346586118807,0.9336428537146182,0.052661579928004576,0.02467021944875747,true
irl_first_division,R2,10a,9633845,level,0.13478755480571333,0.21647354563840557,0.01260484347893314,1.0032145221771618,true
irl_first_division,R2,10a,9633847,supremacy,-0.8071548816103564,-0.8101025642015871,0.048306782534627946,0.596063184433813,true
irl_first_division,R2,10a,9633847,level,0.2291482780163837,0.2544165481801087,0.012429443593090173,1.2492206406669526,true
irl_first_division,R2,10a,9633851,supremacy,0.9505760326867412,1.098726958657858,0.04857279515894697,0.3674711935086763,true
irl_first_division,R2,10a,9633851,level,0.39580833699034434,0.34505369097979427,0.01254596611557142,1.1675756728235442,true
irl_first_division,R2,10a,9633854,supremacy,-0.6917319805218912,-1.0737668574328945,0.044236455449490064,-1.0095003137800993,false
irl_first_division,R2,10a,9633854,level,0.24510907721631764,0.22896826963998984,0.01081095445164517,1.3326099936032196,true
irl_first_division,R2,10a,9633856,supremacy,0.40728307745200326,0.10361873095320573,0.04324163861998155,-0.4147040611806032,true
irl_first_division,R2,10a,9633856,level,0.2814956162663708,0.32718030989561486,0.0122479205637743,1.1970591597122726,true
irl_first_division,R2,10a,9633857,supremacy,0.3678806481594493,0.3790093632824369,0.06393279377553615,0.4550543071531342,true
irl_first_division,R2,10a,9633857,level,0.39329494711861585,0.3183771260653978,0.014140583112900687,1.0119546691539842,true
irl_first_division,R2,10a,9889523,supremacy,-0.017882282824889018,0.13893555795902715,0.05331139134429842,0.3162207470811451,true
irl_first_division,R2,10a,9889523,level,0.18968562927708763,0.2103110704180483,0.013261007912392056,1.226485272171303,true
irl_first_division,R2,10a,9889533,supremacy,0.5667837274789935,0.6347656372121795,0.047366551255477174,0.5571961028760058,true
irl_first_division,R2,10a,9889533,level,0.33950125588860725,0.286037228090421,0.011331556133798049,1.195017639894804,true
irl_first_division,R2,10a,9633860,supremacy,0.3975601438876519,-0.12899376040927163,0.05044058617706018,-2.1738312047582187,false
irl_first_division,R2,10a,9633860,level,0.3355746443780758,0.23647692041297927,0.011860994612613335,0.8843344393329571,true
irl_first_division,R2,10a,9633861,supremacy,0.6931400952276409,0.45658901336596025,0.043756407074123205,0.006211843164649289,true
irl_first_division,R2,10a,9633861,level,0.40794204044440857,0.3822734004305849,0.01100002882744655,1.306041188938877,true
irl_first_division,R2,10a,10033634,supremacy,-0.12244261612203378,0.4004189299687007,0.12852898293657894,-0.9566499709985294,true
irl_first_division,R2,10a,10033634,level,0.13327522390341737,0.2127084125327963,0.030585264781358437,0.7215317078287947,true
irl_first_division,R2,10a,10033670,supremacy,-0.9486150776332716,-0.18862364620847621,0.7778928745247207,-1.1646062791075256,true
irl_first_division,R2,10a,10033670,level,0.21549754669864088,0.3384156029436548,0.18273360616186823,-0.11041677533780413,true
irl_first_division,R2,10a,10033636,supremacy,1.2321060074505261,0.7461257860293107,0.12674159047551292,-0.8178616668154606,true
irl_first_division,R2,10a,10033636,level,0.15902449244153669,0.007990092186743042,0.02962759311745717,0.4556173757341497,true
irl_first_division,R2,10a,10033649,supremacy,0.3865988085181362,0.4257938250437287,0.10093955444003563,0.22006842401989296,true
irl_first_division,R2,10a,10033649,level,0.14186060466963446,0.2766169199628046,0.024640163832492193,0.5642610937240595,true
irl_first_division,R2,10a,10033647,supremacy,-0.2747769846947954,0.01707394716286506,0.7399871589715128,-0.825930313411216,true
irl_first_division,R2,10a,10033647,level,0.19514305085153183,0.16368289312328377,0.1783371851236203,-0.05967383842433413,true
irl_first_division,R2,10a,10033613,supremacy,-0.277587417441006,0.0954739073111994,0.055428316979747365,-0.7280543076797807,true
irl_first_division,R2,10a,10033613,level,0.1977539165711117,0.19535941491058717,0.021844913039871884,0.9928238303896747,true
irl_first_division,R2,10a,10033630,supremacy,1.230723772579175,1.0505956272248798,0.1117522168626297,0.031627025578379625,true
irl_first_division,R2,10a,10033630,level,0.14488296613417145,0.18195131956513574,0.02652694154056333,0.8699592842778787,true
irl_first_division,R2,10a,10033627,supremacy,-0.05440823538174572,0.6090480212416365,0.07539543126673359,-2.5455381969751514,false
irl_first_division,R2,10a,10033627,level,0.3782857966769282,0.2917389953687708,0.019243510153340082,0.8617320438320795,true
irl_first_division,R2,10a,10033631,supremacy,0.8457620812732367,0.6825437392651061,0.10814160772008691,0.070045447955744,true
irl_first_division,R2,10a,10033631,level,0.08166384504804788,0.1793321497231107,0.02309137255053588,0.7586584534567637,true
irl_first_division,R2,10a,10033656,supremacy,-0.017408468952932993,-0.3911584033436114,0.05714917692895316,-0.710037091040987,true
irl_first_division,R2,10a,10033656,level,0.24393649029177317,0.09847486106506419,0.015607998503809546,0.48321907200751213,true
irl_first_division,R2,10a,10033660,supremacy,0.34197458730196306,0.1752160701106483,0.05788130501753672,0.26552266924286655,true
irl_first_division,R2,10a,10033660,level,0.1983833404000389,0.2365935136646471,0.016592257986511545,1.0864740606723824,true
irl_first_division,R2,10a,10033643,supremacy,-0.344562467481127,-0.38417425307812103,0.05283618652341063,0.5364922889229852,true
irl_first_division,R2,10a,10033643,level,0.2049343991273865,0.19434021941541618,0.014299421979163951,1.2009050317738836,true
irl_first_division,R2,10a,10033646,supremacy,-0.964760514165333,-0.316725072087801,0.06529274770470776,-2.770401680674279,false
irl_first_division,R2,10a,10033646,level,0.326084829518856,0.29714210817417197,0.015532855859717226,1.1364955362395683,true
irl_first_division,R2,10a,10033653,supremacy,-0.5145935336950218,-0.4023095205308684,0.10624479551604438,0.14273293721333566,true
irl_first_division,R2,10a,10033653,level,0.13862305112621034,0.1225904157159057,0.02377954266029774,0.9451215177256951,true
irl_first_division,R2,10a,10033615,supremacy,1.7151829701112749,1.340904018953715,0.03603362333290239,-1.2010929526684637,false
irl_first_division,R2,10a,10033615,level,0.15370103558344134,0.32913302258707344,0.010523190869657403,-0.10416389253157421,false
irl_first_division,R2,10a,10033666,supremacy,-0.22598086272575607,-0.14960481838976153,0.039495324257002036,0.6229999764462644,true
irl_first_division,R2,10a,10033666,level,0.22594538850971121,0.19111139861990886,0.011829638765196666,1.2483483106376583,true
irl_first_division,R2,10a,10033671,supremacy,-0.7155806381780627,-0.7955912154424749,0.04022466892372223,0.6081246655425057,true
irl_first_division,R2,10a,10033671,level,0.22443272553371416,0.12059943359479827,0.011650822776693787,0.8445643902084341,true
irl_first_division,R2,10a,10033617,supremacy,0.9844499875358264,1.1505214264253458,0.037637131936995916,0.35455374461533895,true
irl_first_division,R2,10a,10033617,level,0.20206104310725115,0.24012781136859818,0.009896520398386753,1.3156359637493513,true
irl_first_division,R2,10a,10033618,supremacy,0.6513309901947999,0.9197971591389988,0.041643780173833855,-0.19500123478293108,true
irl_first_division,R2,10a,10033618,level,0.2072146813358845,0.2785255579598622,0.009936453008919696,1.1309458994353057,true
irl_first_division,R2,10a,10033652,supremacy,-0.49065986100147296,-0.5175814603462151,0.03699062861000574,0.7198101019674801,true
irl_first_division,R2,10a,10033652,level,0.3815134169150073,0.24643915457560467,0.009980004116209744,0.470566752625326,true
irl_first_division,R2,10a,10197094,supremacy,0.7064431482086072,0.7315220047746951,0.039501620847707364,0.6888072000315352,true
irl_first_division,R2,10a,10197094,level,0.31448269961714465,0.2771756017629555,0.010021968865382966,1.3131108921687746,true
irl_first_division,R2,10a,10033637,supremacy,0.1332615845360044,0.35520171200510875,0.041421375530292875,0.07845119161700442,true
irl_first_division,R2,10a,10033637,level,0.22850546119665807,0.1791729639358648,0.009693070315929316,1.2736955964516725,true
irl_first_division,R2,10a,10033673,supremacy,0.8105189901612714,1.0490140830890344,0.03669365995691165,-0.041427427170284914,true
irl_first_division,R2,10a,10033673,level,0.33920400809713575,0.32271930706081786,0.009515957954726581,1.3941756160996046,true
irl_first_division,R2,10a,10209434,supremacy,1.130137500459973,0.7075284433382512,0.03919111902671102,-1.5778432058061247,false
irl_first_division,R2,10a,10209434,level,0.2614220342866177,0.23216310427641929,0.01020732865081183,1.331451307253822,true
irl_first_division,R2,10a,10033645,supremacy,-0.542586468016833,-0.3571852859902884,0.030390786841470563,0.2623427311122706,true
irl_first_division,R2,10a,10033645,level,0.2943599017822616,0.3053650003409887,0.007477998183819973,1.5208586373509014,true
irl_first_division,R2,10a,10033655,supremacy,1.2430667443255672,0.8717156873684496,0.03976139506089904,-1.0406234275339195,false
irl_first_division,R2,10a,10033655,level,0.09379053918475605,0.15561193280464863,0.009668188505494866,1.2028660509327045,true
irl_first_division,R2,10a,10033658,supremacy,0.391015121960514,0.4664670575784986,0.04110060877964228,0.6076708236453383,true
irl_first_division,R2,10a,10033658,level,0.195650994041129,0.19963912985236892,0.010226347172480568,1.371677723991496,true
irl_first_division,R2,10a,10033641,supremacy,-0.14515734609353914,0.1268844871063559,0.03968565554436425,-0.23796774507586949,true
irl_first_division,R2,10a,10033641,level,0.20655807913790625,0.12742298359106047,0.009465494561999983,1.0803130037349802,true
irl_first_division,R2,10a,10033642,supremacy,-0.283902974900499,-0.13238010304130512,0.03677643620265132,0.4203651836020372,true
irl_first_division,R2,10a,10033642,level,0.1788585370374507,0.2313799405645552,0.008807409498095595,1.290541453516178,true
irl_first_division,R2,10a,10033657,supremacy,0.19777596220618962,0.2843277315072318,0.03716409171698036,0.6264820211009494,true
irl_first_division,R2,10a,10033657,level,0.3358856045876967,0.3466680809676145,0.009263074972566648,1.415645523387393,true
irl_first_division,R2,10a,10033620,supremacy,-1.574603796276603,-1.1563596527300422,0.04087594925154625,-1.4600761782334866,false
irl_first_division,R2,10a,10033620,level,0.05442672910078722,0.14180377320282392,0.009560590144115661,1.0068321311557198,true
irl_first_division,R2,10a,10033625,supremacy,0.7116841182012039,0.7674784396667795,0.03793720384669519,0.6759445650595131,true
irl_first_division,R2,10a,10033625,level,0.10733288877553249,0.1909003136368146,0.009115783338380576,1.0468902127190791,true
irl_first_division,R2,10a,10033621,supremacy,0.7651328247726488,0.8734915028431307,0.03375838418235866,0.6014182290770116,true
irl_first_division,R2,10a,10033621,level,0.16969463390194642,0.12812718662095793,0.009021975432080297,1.339349446876735,true
irl_first_division,R2,10a,10033650,supremacy,0.5822033064944099,0.6999071521514721,0.0325207265989535,0.5809946691438257,true
irl_first_division,R2,10a,10033650,level,0.2031376136118155,0.18810819568016257,0.008654034226642418,1.4428755504317439,true
irl_first_division,R2,10a,10033654,supremacy,-0.4338919999906782,-0.3077044731850717,0.03872286978004191,0.5011181353576577,true
irl_first_division,R2,10a,10033654,level,0.1527761587547819,0.14596909690977392,0.009423111190543228,1.4108978109708192,true
irl_first_division,R2,10a,10033629,supremacy,1.3910075656397183,1.5136885087460876,0.04070254902390058,0.4969083500994363,true
irl_first_division,R2,10a,10033629,level,0.41465419304272966,0.36971678499971167,0.009655719142865865,1.2965952779090097,true
irl_first_division,R2,10a,10033633,supremacy,0.6787307158423067,0.37025824421791365,0.035511209262315574,-0.5897770600370228,true
irl_first_division,R2,10a,10033633,level,0.19578338355020436,0.18561755123968382,0.008815831089001046,1.4408032778341475,true
irl_first_division,R2,10a,10033663,supremacy,1.1470234017822283,1.16707241335277,0.03654018055875308,0.7302325744210271,true
irl_first_division,R2,10a,10033663,level,0.16513287808101557,0.11134984699110301,0.008855270019882889,1.2811054384411358,true
irl_first_division,R2,10a,10033638,supremacy,-1.4494879616698493,-1.4026160345727658,0.037161896268055994,0.697737589251361,true
irl_first_division,R2,10a,10033638,level,0.25975572749903775,0.24181209032920614,0.009199865283701779,1.407845836413331,true
irl_first_division,R2,10a,10033659,supremacy,-0.5128977554706939,-0.6591642647182933,0.03783975108704524,0.43556831949501523,true
irl_first_division,R2,10a,10033659,level,0.16709331918185397,0.23232363316009003,0.009264060388678184,1.192217296907912,true
irl_first_division,R2,10a,10033672,supremacy,-0.9875845423467051,-0.9136691812665647,0.03485505105733855,0.6809657722778064,true
irl_first_division,R2,10a,10033672,level,0.17645691293968058,0.16441529900422072,0.008645463907127279,1.4480357890398623,true
irl_first_division,R2,10a,10033725,supremacy,0.28702998556669923,0.22820474996140835,0.03562173040945079,0.6998895856325402,true
irl_first_division,R2,10a,10033725,level,0.17725077564193076,0.16744968869719673,0.008508200019438458,1.458778683940951,true
irl_first_division,R2,10a,10033729,supremacy,1.176436522971171,1.403283804563555,0.03372244094033561,0.01286855161762912,true
irl_first_division,R2,10a,10033729,level,0.266827575774574,0.2514528072298303,0.008743457023435347,1.4372685431771912,true
irl_first_division,R2,10a,10033730,supremacy,-0.6053954735419003,-0.6717106362647779,0.033785604792623936,0.7098392333787583,true
irl_first_division,R2,10a,10033730,level,0.4166990873308061,0.3652720683003609,0.008353517553710638,1.3152968736393014,true
irl_first_division,R2,10a,10209386,supremacy,-0.17807034901207175,-0.04535350042660927,0.035078638629098866,0.5050818452875359,true
irl_first_division,R2,10a,10209386,level,0.25444246558026606,0.25088260855222294,0.009043955701158596,1.4331901675801546,true
irl_first_division,R2,10a,10033693,supremacy,1.712294446801579,1.3685461745109828,0.035765611014787924,-0.9054605939263405,false
irl_first_division,R2,10a,10033693,level,0.2741240544828557,0.30356533108113454,0.0089889615681355,1.3887263744841687,true
irl_first_division,R2,10a,10033822,supremacy,0.35644258993443,0.6842618803883163,0.03506323757238439,-0.7760899325084548,false
irl_first_division,R2,10a,10033822,level,0.29831023867144196,0.22202665722121692,0.008895130988735352,1.1150876388720143,true
irl_first_division,R2,10a,10033703,supremacy,-0.34217540777218136,-0.218972246940258,0.03546978912532835,0.5366273550928873,true
irl_first_division,R2,10a,10033703,level,0.26117314051724244,0.2857485166282827,0.008739293664513537,1.416470764317802,true
irl_first_division,R2,10a,10033692,supremacy,0.5379064884481125,0.7460584424497246,0.03732522622504775,0.14470288566112333,true
irl_first_division,R2,10a,10033692,level,0.36273246149325283,0.30133112509677634,0.009055593983416696,1.2250822844439686,true
irl_first_division,R2,10a,10033713,supremacy,-0.310104197628654,-0.45482468240821355,0.03246757533551864,0.4722806892673167,true
irl_first_division,R2,10a,10033713,level,0.36946464872378837,0.2722694494311579,0.008650011346268499,0.9100955313500788,true
irl_first_division,R2,10a,10033717,supremacy,0.07247121392178811,-0.07464150368159642,0.03913646936365817,0.42491576558780003,true
irl_first_division,R2,10a,10033717,level,0.14182019372525265,0.06699701658575623,0.009546768009744232,1.1136229460615295,true
irl_first_division,R2,10a,10033755,supremacy,1.1132903241039978,0.9215955267632084,0.032827483556416404,0.22960895771065593,true
irl_first_division,R2,10a,10033755,level,0.23941155021752727,0.2606551431172917,0.008765080447494605,1.4238076129644373,true
irl_first_division,R2,10a,10033690,supremacy,0.3199210726791888,0.5165238463467812,0.041655917138274656,0.20626589135078427,true
irl_first_division,R2,10a,10033690,level,0.29814976400116067,0.23504477271555163,0.009989618395770866,1.1848469883582817,true
irl_first_division,R2,10a,10033829,supremacy,-0.047695781342193655,-0.0625544797109765,0.04102595444484605,0.6751459085829722,true
irl_first_division,R2,10a,10033829,level,0.5075489888941842,0.40916802961437504,0.009832515136881076,0.8999077295551348,true
irl_first_division,R2,10a,10033701,supremacy,0.6115116650222681,0.638064964003386,0.04139939787793001,0.6647903830792278,true
irl_first_division,R2,10a,10033701,level,0.4370854327227349,0.3773634203948111,0.01018577896088449,1.1993595830879618,true
irl_first_division,R2,10a,10033828,supremacy,-0.8196280876103009,-0.6816881546801825,0.04388563329269657,0.42736138828631043,true
irl_first_division,R2,10a,10033828,level,0.09226984764902652,0.14160859573338452,0.010649198430455784,1.2379012402795309,true
irl_first_division,R2,10a,10033715,supremacy,-0.8730063064426916,-0.6109977488152072,0.04440391598200272,-0.1347250650151378,true
irl_first_division,R2,10a,10033715,level,0.20935896233989704,0.21111274122925752,0.010616949915902722,1.3535683694798346,true
irl_first_division,R2,10a,10033687,supremacy,1.4716918166578152,1.5759484741370196,0.042826389575408186,0.5294605418147327,true
irl_first_division,R2,10a,10033687,level,0.4078635096644342,0.22016416074715084,0.01054534576151829,-0.3133579330587233,false
irl_first_division,R2,10a,10033705,supremacy,1.295058943082296,1.0098750536135972,0.04482068510996906,-0.2736760880031597,true
irl_first_division,R2,10a,10033705,level,0.2881918325821903,0.1916615871623411,0.010709197503001408,0.9143369050671519,true
irl_first_division,R2,10a,10033681,supremacy,-0.7218263917140496,-0.9500978293613598,0.04229401319490922,0.046597123654261274,true
irl_first_division,R2,10a,10033681,level,0.31956320695215573,0.21802910062744574,0.010330479066048774,0.8684209161234993,true
irl_first_division,R2,10a,10033735,supremacy,-1.0992313196508625,-1.2347561313355881,0.04320202581389454,0.4394246562192936,true
irl_first_division,R2,10a,10033735,level,0.41038658121170013,0.41689446303148364,0.010640520730373026,1.350614241644255,true
irl_first_division,R2,10a,10033750,supremacy,-0.6682983749388384,-0.5657827894349702,0.04281922624843271,0.533726733034459,true
irl_first_division,R2,10a,10033750,level,0.23077195369811693,0.1487446168248744,0.010842299492298414,1.0329229482053257,true
irl_first_division,R2,10a,10033678,supremacy,-0.9082008051123616,-1.019245323661813,0.03827000670630509,0.5515020939420117,true
irl_first_division,R2,10a,10033678,level,0.18446297469185027,0.2073551620680838,0.009990555390464152,1.3578916305258226,true
irl_first_division,R2,10a,10033680,supremacy,-0.1215228928953683,0.14559513312729525,0.04289097492509747,-0.1761754503267393,true
irl_first_division,R2,10a,10033680,level,0.21001884300618417,0.14911881050396525,0.011379450056147076,1.1560735184544064,true
irl_first_division,R2,10a,10033695,supremacy,-0.16291829711008077,-0.04831994973464998,0.04255368721464534,0.505247470905673,true
irl_first_division,R2,10a,10033695,level,0.3535229292042093,0.35378197058879846,0.010659131304064845,1.3517274965153405,true
irl_first_division,R2,10a,10033720,supremacy,1.5047556829661608,1.2740659050505747,0.036926415312148686,0.009883328584372353,true
irl_first_division,R2,10a,10033720,level,0.281462593907424,0.26179365132430826,0.008792805186619637,1.4259731259571282,true
irl_first_division,R2,10a,10033723,supremacy,-0.3467865284772339,0.14100715011575682,0.03723079530505142,-2.4691378832260877,false
irl_first_division,R2,10a,10033723,level,0.2601640985708152,0.3059434817047804,0.009009484246684449,1.3194920963019527,true
irl_first_division,R2,10a,10033739,supremacy,-0.18533878693409966,-0.14289093400601383,0.03622124866892233,0.7152437230906801,true
irl_first_division,R2,10a,10033739,level,0.42943276487174165,0.34755690106624915,0.009059126774933507,1.0630580791525015,true
irl_first_division,R2,10a,10033677,supremacy,0.06950234699515115,0.16554975757938314,0.03554452830449064,0.6197777051182065,true
irl_first_division,R2,10a,10033677,level,0.2500034716472211,0.2419223676726482,0.009005004515820807,1.43242286908133,true
irl_first_division,R2,10a,10033708,supremacy,-1.1521736743994762,-1.1701862845720417,0.03736920853932402,0.7201743780626737,true
irl_first_division,R2,10a,10033708,level,0.3784927550509781,0.36384215002705655,0.009456135666640914,1.4002579454446094,true
irl_first_division,R2,10a,10033710,supremacy,0.24618364756020802,0.2436725367610633,0.036535493901350934,0.7357106991935385,true
irl_first_division,R2,10a,10033710,level,0.13522524775209355,0.1662050802772439,0.009075239636150149,1.3792868204201445,true
irl_first_division,R2,10a,10033736,supremacy,1.2607690844486614,0.8099415814651991,0.03712710797188967,-2.009391453673854,false
irl_first_division,R2,10a,10033736,level,0.33844598008639937,0.4287528513739012,0.009104578079295406,0.9826806268336723,true
irl_first_division,R2,10a,10033698,supremacy,-1.0651120306503037,-1.2917167221089463,0.03553583578476749,0.027162606147857482,true
irl_first_division,R2,10a,10033698,level,0.4119278214453807,0.30875816802956735,0.009013530962601116,0.8451312828626032,true
irl_first_division,R2,10a,10033728,supremacy,1.0592480654205594,0.7838409352296914,0.03696388860972333,-0.2960206353825682,true
irl_first_division,R2,10a,10033728,level,0.26519637074165403,0.26851840675585953,0.00916071325058325,1.4268747349105406,true
irl_first_division,R2,10a,10033751,supremacy,-0.27819123148028113,-0.0633315410976738,0.03568816771544956,0.10075090415612997,true
irl_first_division,R2,10a,10033751,level,0.31138393615527477,0.340422831945997,0.00893543156521806,1.39274071884547,true
irl_first_division,R2,10a,10033682,supremacy,1.8244721357969558,1.6371285775158648,0.04361160602131342,0.24488905118265963,true
irl_first_division,R2,10a,10033682,level,0.21857224384767304,0.38738262563673487,0.01097081588943244,0.03855835622509973,true
irl_first_division,R2,10a,10033707,supremacy,-0.7890161787176987,-0.8987088699163204,0.04354667813698532,0.5098662020013536,true
irl_first_division,R2,10a,10033707,level,0.2324272524344954,0.2963356782485047,0.010603680108807051,1.1617503666122657,true
irl_first_division,R2,10a,10033741,supremacy,0.8432380193990261,0.8530378357831838,0.0407415952705249,0.6801357187556016,true
irl_first_division,R2,10a,10033741,level,0.36879601903979087,0.3277759474799986,0.010202839573154626,1.2911463663364426,true
irl_first_division,R2,10a,10033697,supremacy,-0.5224762531607573,-0.15703775589320415,0.04162032858197136,-0.9336829903988901,false
irl_first_division,R2,10a,10033697,level,0.22820508892243105,0.24477637149242737,0.010529251071851209,1.3448202906208422,true
irl_first_division,R2,10a,10033722,supremacy,1.3188559294252404,1.213010995172466,0.04173352428352839,0.5350643032706712,true
irl_first_division,R2,10a,10033722,level,0.2716835847621611,0.16988607433380815,0.00997762003140899,0.8654679665917222,true
irl_first_division,R2,10a,10033726,supremacy,0.222217604630151,0.3221525919724407,0.0428831015582949,0.5392556946577712,true
irl_first_division,R2,10a,10033726,level,0.18299030526012725,0.22662819306696208,0.010149495164397289,1.2824162869324487,true
irl_first_division,R2,10a,10557926,supremacy,0.2288585464624905,0.26923455509590766,0.03705451525573085,0.7067463824524509,true
irl_first_division,R2,10a,10557926,level,0.29139235046900486,0.18242301431906882,0.010135561700152243,0.7911390599065733,true
irl_first_division,R2,10a,10033679,supremacy,-0.5912181782760731,-0.3194814079847774,0.03939662450913824,-0.23904815918114708,true
irl_first_division,R2,10a,10033679,level,0.39833538324335777,0.39595529969661447,0.010560366117772807,1.3561169220373648,true
irl_first_division,R2,10a,10033699,supremacy,1.8053468926769605,1.237012675526357,0.04180018909185801,-3.1951754546363955,false
irl_first_division,R2,10a,10033699,level,0.10731615310708276,0.18725474200440873,0.00987778136342718,1.0663329314105354,true
irl_first_division,R2,10a,10033754,supremacy,-1.2814893151258264,-1.2865418123738885,0.042255471232401476,0.6627701210854671,true
irl_first_division,R2,10a,10033754,level,0.3401614630875207,0.30073454742470773,0.010011321507786733,1.3054446165363702,true
irl_first_division,R2,10a,10033688,supremacy,0.8451681656894967,0.9353025386647776,0.043283124796569705,0.5572081218061368,true
irl_first_division,R2,10a,10033688,level,0.2859097961888699,0.23288496972586764,0.010803182181163051,1.2148889216019427,true
irl_first_division,R2,10a,10033712,supremacy,0.6090344605084739,0.6042927678193211,0.0432016381933546,0.6517396808919266,true
irl_first_division,R2,10a,10033712,level,0.36299613241363604,0.3840431762722136,0.010632469633165414,1.332151479075872,true
irl_first_division,R2,10a,10033685,supremacy,0.18037811746408552,0.14174349386667257,0.04023868135021961,0.6689774738107129,true
irl_first_division,R2,10a,10033685,level,0.27374195379546634,0.25909667582177076,0.00957246777825621,1.394290406734238,true
irl_first_division,R2,10a,10033742,supremacy,-1.111585006992845,-1.2770575107109812,0.04493296156784532,0.32766438581725643,true
irl_first_division,R2,10a,10033742,level,0.3224661449507186,0.2742274537792609,0.010783461403122627,1.238036922124417,true
irl_first_division,R2,10a,10033684,supremacy,0.006809982885385535,0.42822060142826746,0.046463292472847945,-1.2954374466620031,false
irl_first_division,R2,10a,10033684,level,0.49192743356224045,0.4696911247188327,0.011913266758633217,1.2753605713323675,true
irl_first_division,R2,10a,10033752,supremacy,0.0314889481553523,0.12165239765933009,0.04002269271846399,0.5886553224334201,true
irl_first_division,R2,10a,10033752,level,0.20332753998671704,0.1865321606224885,0.010421799486694257,1.349455847578129,true
irl_first_division,R2,10a,10657017,supremacy,0.43792117742742154,0.47261502642253794,0.05094837900942606,0.5577200587593623,true
irl_first_division,R2,10a,10657017,level,0.3046473471943932,0.2817808774109155,0.011804478116924366,1.2785522917764682,true
irl_first_division,R2,10a,10657118,supremacy,-0.8171345063548787,-1.231292798544638,0.0530226054484928,-1.0679102791226351,false
irl_first_division,R2,10a,10657118,level,0.32067281237929046,0.21711730737506466,0.012352087898964359,0.8439403183615409,true
irl_first_division,R2,10a,10033700,supremacy,-0.35075241955388003,-0.5956652624010726,0.046485480753024055,-0.029803328642711513,true
irl_first_division,R2,10a,10033700,level,0.4267488430836345,0.3912766734097684,0.011504639610291079,1.2588783687396685,true
irl_first_division,R2,10a,10033756,supremacy,1.5819715763383515,1.549666494638176,0.04359986962210449,0.6354438906693896,true
irl_first_division,R2,10a,10033756,level,0.29591653770069426,0.40929932161884214,0.010587400639408578,0.7479862805158081,true
irl_first_division,R2,10a,10033746,supremacy,-0.55507442804648,-0.5005282293640666,0.040411075159426546,0.6485743868523545,true
irl_first_division,R2,10a,10033746,level,0.32759528775334784,0.29547806083289446,0.010106985514092712,1.3272958287769347,true
irl_first_division,R2,10a,10033694,supremacy,1.0051030623673916,1.4712657877127224,0.04561471513303017,-1.7571671273054392,false
irl_first_division,R2,10a,10033694,level,0.37990301525549935,0.33372489836598934,0.011393270905922362,1.224845286143808,true
irl_first_division,R2,10a,10033719,supremacy,-0.39597687581263685,-0.5362788677963896,0.03896313797602674,0.4510250442503995,true
irl_first_division,R2,10a,10033719,level,0.415273308799644,0.3586941996942274,0.010504917283572723,1.2066508462374055,true
irl_first_division,R2,10a,10033823,supremacy,0.8076965134366265,1.0802223682664946,0.04348891578021252,-0.20521361036721875,true
irl_first_division,R2,10a,10033823,level,0.26265011158036533,0.2816116129034166,0.010890954468594602,1.3244665253382912,true
irl_first_division,R2,10a,10033744,supremacy,0.31418211314954025,0.37109251986366093,0.045114115622578055,0.594445938358115,true
irl_first_division,R2,10a,10033744,level,0.47099622461734064,0.3368330034476251,0.01105745585741498,0.5194665930188007,true
irl_first_division,R2,10a,10033745,supremacy,-0.45767427350357326,-1.0699662095119138,0.044821265595635706,-3.548584631414725,false
irl_first_division,R2,10a,10033745,level,0.3718670895326941,0.37731578894380424,0.011315040068888949,1.320560799533828,true
irl_first_division,R2,10a,10173609,supremacy,1.745584422446367,1.1785463161884615,0.04492889515527021,-2.945835610101327,false
irl_first_division,R2,10a,10173609,level,0.1358521851045299,0.2891261331242661,0.010592557192406177,0.24592885614146875,true
irl_first_division,R2,10a,10173610,supremacy,0.5924166701980584,0.7267263805036068,0.042483557200026056,0.44807372551998376,true
irl_first_division,R2,10a,10173610,level,0.32442775799434054,0.25900866913720766,0.010392777946991047,1.1584878087478696,true
irl_first_division,R2,10a,10173612,supremacy,0.8937714730088098,1.1668618615348019,0.03898364411040456,-0.25316595925659924,true
irl_first_division,R2,10a,10173612,level,0.4951558157028576,0.3909074644456646,0.009625422412602197,0.8382031811460402,true
irl_first_division,R2,10a,11052201,supremacy,-0.4559863640730495,0.9512759649584677,0.9233495649202966,-1.9514578617180445,true
irl_first_division,R2,10a,11052201,level,0.3179033250227805,0.2950934368830891,0.21314183205290504,-0.1472603325060732,true
irl_first_division,R2,10a,11052202,supremacy,-0.07777700853079991,0.7205701005284779,0.1344589068060119,-2.2857753196476556,false
irl_first_division,R2,10a,11052202,level,0.269819935144039,0.2541803994436239,0.03036020323107795,0.8243445643111555,true
irl_first_division,R2,10a,11052204,supremacy,-0.42981951646478656,-0.26901001838565475,0.9231427780483316,-0.8929591849002271,true
irl_first_division,R2,10a,11052204,level,0.303246784972723,0.1545583250478384,0.21317714234998017,-0.1979768256227893,true
irl_first_division,R2,10a,11054711,supremacy,0.6081982986929222,0.4500026777641688,0.12467160904584415,0.021730434836597493,true
irl_first_division,R2,10a,11054711,level,0.4206436328503971,0.4787149045365998,0.028545927548582484,0.8001144744468809,true
irl_first_division,R2,10a,11066556,supremacy,0.16846936236052623,-0.0593806315539005,0.11820956947590125,-0.07088186694969667,true
irl_first_division,R2,10a,11066556,level,0.40096511150408054,0.45031961295640754,0.028793569497281624,0.8125642669175305,true
irl_first_division,R2,10a,11066559,supremacy,1.206405350008593,1.1932770688794596,0.1082136313766573,0.19208908586768128,true
irl_first_division,R2,10a,11066559,level,0.1171609265188421,0.24961319188486558,0.02571423325329568,0.5702904733734885,true
irl_first_division,R2,10a,11068249,supremacy,-0.4116406132943257,-0.4986791388080559,0.11215809109771846,0.14121196391190824,true
irl_first_division,R2,10a,11068249,level,0.2807131624267707,0.1293277769190539,0.026588123021207794,0.4637336368809996,true
irl_first_division,R2,10a,11068250,supremacy,0.2664469589661652,0.2689627918843392,0.09854423714647069,0.23965421397518935,true
irl_first_division,R2,10a,11068250,level,0.26018368405258624,0.2531453395283183,0.022596857896691983,0.9749375411957029,true
irl_first_division,R2,10a,11068252,supremacy,-0.044723864427978766,0.361479873607605,0.060938290926803446,-0.8738324569169129,false
irl_first_division,R2,10a,11068252,level,0.2715117993522559,0.3781263535085625,0.014761678531886618,0.8039160576271398,true
irl_first_division,R2,10a,11068253,supremacy,-0.6285860251139858,-0.676376775810345,0.057547362271738456,0.48879081585007195,true
irl_first_division,R2,10a,11068253,level,0.35245892530913375,0.42645832489991237,0.013959049347814723,1.020733128506002,true
irl_first_division,R2,10a,11068254,supremacy,0.45268441086583644,-0.13291636976375346,0.06068276040604798,-2.343473072371015,false
irl_first_division,R2,10a,11068254,level,0.24359319474995994,0.3162437809382748,0.01429632533393739,1.020341183899937,true
irl_first_division,R2,10a,11068255,supremacy,1.8527086943595048,1.7452820604493837,0.04965774904865805,0.46616167100941996,true
irl_first_division,R2,10a,11068255,level,0.15925384771510553,0.23319946213911713,0.01920936566175492,0.9149149216840293,true
irl_first_division,R2,10a,11068256,supremacy,0.08721435483987353,0.20005922313489088,0.05376758306614733,0.4241869915504871,true
irl_first_division,R2,10a,11068256,level,0.26798079606255165,0.29478139842003853,0.021942194991048963,0.9743659833410642,true
irl_first_division,R2,10a,10987619,supremacy,0.08949996342209354,0.3639580496067023,0.04433056087772483,-0.210506526273339,true
irl_first_division,R2,10a,10987619,level,0.30379210135968243,0.32715468739256626,0.010429242933021249,1.3364649577581216,true
irl_first_division,R2,10a,10987620,supremacy,-0.7871546335573449,-0.7678285711505466,0.04259757132840325,0.654656472113739,true
irl_first_division,R2,10a,10987620,level,0.23526386052442305,0.2411303976767987,0.011891188480614136,1.2955931424572698,true
irl_first_division,R2,10a,11068258,supremacy,0.013347148100222112,0.2975586699335523,0.0434157875590018,-0.28073532246405886,true
irl_first_division,R2,10a,11068258,level,0.19196966065972298,0.36370735630524215,0.017132849636325415,0.25370091898411695,true
irl_first_division,R2,10a,11068260,supremacy,1.7518605968626964,0.9566560947962495,0.043237130334075724,-6.660993608942122,false
irl_first_division,R2,10a,11068260,level,0.04505287837385896,0.1717612705809736,0.00980441226197334,0.5747579790340449,true
irl_first_division,R2,10a,11068261,supremacy,-0.9363510357958409,-0.5064138757331149,0.04310120811580498,-1.4911610061524185,false
irl_first_division,R2,10a,11068261,level,0.30587101478109957,0.3697718808615321,0.010730642022104192,1.1581229020244987,true
irl_first_division,R2,10a,11068263,supremacy,-0.11766157395541127,0.4113502116155405,0.04451083133975833,-2.5065830083660843,false
irl_first_division,R2,10a,11068263,level,0.19063390021721757,0.3172601035879524,0.010070021842272278,0.5840225839272815,true
irl_first_division,R2,10a,11068264,supremacy,-1.0267297607615715,-0.8261864635713815,0.0362948689209851,0.18506097598645277,true
irl_first_division,R2,10a,11068264,level,0.17796358719849728,0.259226807082054,0.010040082874658268,1.0527790715340388,true
irl_first_division,R2,10a,11068265,supremacy,-0.2166126663756007,0.11027703338078731,0.043776905016097496,-0.5750849741258074,true
irl_first_division,R2,10a,11068265,level,0.3294083696596089,0.3179573419654374,0.011050673344292328,1.3277604819333195,true
irl_first_division,R2,10a,11068266,supremacy,1.1579584519979254,1.1506574843958373,0.045882906006434965,0.6213119202004728,true
irl_first_division,R2,10a,11068266,level,0.19619631810543828,0.28404989234145517,0.011559831863769313,0.9773317270204172,true
irl_first_division,R2,10a,11068268,supremacy,0.733908768019476,0.8108279465714757,0.039789625258343064,0.6187879790594852,true
irl_first_division,R2,10a,11068268,level,0.25740399338621733,0.19748091106180193,0.010222488968321133,1.197012869690464,true
irl_first_division,R2,10a,11068269,supremacy,0.20072620752939432,0.45043364237148953,0.039956666648235384,-0.08922648845790249,true
irl_first_division,R2,10a,11068269,level,0.34049483863301055,0.36081247269230415,0.009670920383833381,1.379034708175733,true
irl_first_division,R2,10a,11068272,supremacy,0.272033546337051,0.36103757293034827,0.04167359746927271,0.5749604279371001,true
irl_first_division,R2,10a,11068272,level,0.16656748739320537,0.21427837214888026,0.010095296864747534,1.2661622470566258,true
irl_first_division,R2,10a,11068274,supremacy,0.0869291551813135,0.2542513852975788,0.037725164880388434,0.3487137045623626,true
irl_first_division,R2,10a,11068274,level,0.35959574132136457,0.355813133151866,0.01042755218986452,1.3620272572115502,true
irl_first_division,R2,10a,11068275,supremacy,1.0935695906025384,1.1033775843554434,0.03852500822850735,0.7080368115377264,true
irl_first_division,R2,10a,11068275,level,0.15304495546221747,0.18580635798782885,0.01045073760254666,1.310251929575861,true
irl_first_division,R2,10a,11068276,supremacy,2.2840320111166363,1.8900795513722937,0.0456251762418165,-1.07609008488311,false
irl_first_division,R2,10a,11068276,level,0.08869869915114204,0.30143956371657366,0.011077218034864472,-0.71037810344121,false
irl_first_division,R2,10a,11068277,supremacy,-0.31199810714354825,0.15512841701256358,0.04185831270237077,-1.9387037738808386,false
irl_first_division,R2,10a,11068277,level,0.1532956627092047,0.1887735488517371,0.010506959122292638,1.2990227370026208,true
irl_first_division,R2,10a,11068279,supremacy,0.22070665952052138,0.13389105400759552,0.038687142990422835,0.6097764769286653,true
irl_first_division,R2,10a,11068279,level,0.29122561313073914,0.255373789479836,0.009555220174402537,1.339136078903105,true
irl_first_division,R2,10a,11068280,supremacy,-2.2081129069695886,-1.871639344820151,0.03924048286948789,-0.7424875462286846,false
irl_first_division,R2,10a,11068280,level,0.007754336205704204,0.10990319493200895,0.009640791979810406,0.8607791684970243,true
irl_first_division,R2,10a,11068281,supremacy,1.2936637263189685,1.1652321182742431,0.03898952910313236,0.491765521715705,true
irl_first_division,R2,10a,11068281,level,0.24527115188570786,0.2836290170235246,0.009551865336369814,1.3295531549962618,true
irl_first_division,R2,10a,11068283,supremacy,-0.37305828485561177,-0.19830577610816214,0.03939085010547023,0.31053866043495304,true
irl_first_division,R2,10a,11068283,level,0.17350561601904418,0.2601950625997098,0.009446837601238434,1.0143437491625633,true
irl_first_division,R2,10a,11232357,supremacy,-1.458413777263075,-0.8244518282530389,0.038136980489996586,-4.55491862933952,false
irl_first_division,R2,10a,11232357,level,0.2299498613528233,0.1776814156464148,0.009451151018246028,1.2673386854580835,true
irl_first_division,R2,10a,11068285,supremacy,-0.8061677640254569,-0.6141551345067843,0.03787551238714537,0.23107580427880947,true
irl_first_division,R2,10a,11068285,level,0.296125501013566,0.21760301954270472,0.009317573169392655,1.0881196549961227,true
irl_first_division,R2,10a,11068286,supremacy,1.6555582582338764,1.3339909268726695,0.03713844856613502,-0.664550293783768,false
irl_first_division,R2,10a,11068286,level,0.17830414657153992,0.1821940588472335,0.009171796358462353,1.4260476367368151,true
irl_first_division,R2,10a,11068287,supremacy,0.7537350565433116,1.2310296337096638,0.03786718628819474,-2.2901181612186536,false
irl_first_division,R2,10a,11068287,level,0.26207518143242936,0.16566204173415683,0.009352343774881311,0.9201649742126796,true
irl_first_division,R2,10a,11068288,supremacy,0.1386072663665657,0.1931212515691144,0.04050609343886919,0.6475298413132838,true
irl_first_division,R2,10a,11068288,level,0.054604669883566125,0.17777361348504556,0.010006912528698376,0.625295592811384,true
irl_first_division,R2,10a,11068289,supremacy,-1.600055851917723,-1.385364659363622,0.03678586894021718,0.10588746010572414,true
irl_first_division,R2,10a,11068289,level,0.11504889385642181,0.03407221319758813,0.009206371050299153,1.068867044387686,true
irl_first_division,R2,10a,11068290,supremacy,0.6189580454378208,0.607922984692696,0.033306028636098106,0.7802418099798304,true
irl_first_division,R2,10a,11068290,level,0.33823727689540256,0.3003937523183419,0.00869724836478887,1.3711032612742549,true
irl_first_division,R2,10a,11068291,supremacy,1.257043510834131,0.9993285620485185,0.03495113316731646,-0.19217713291088667,true
irl_first_division,R2,10a,11068291,level,0.2922056065445033,0.2691460408843966,0.009330081152198619,1.3898210578481314,true
irl_first_division,R2,10a,11068293,supremacy,0.00852992085264026,-0.12323581738749428,0.04020049937609017,0.47205419714036845,true
irl_first_division,R2,10a,11068293,level,0.32875696854855835,0.23995105090992994,0.00964672763009139,0.9928646385624329,true
irl_first_division,R2,10a,11068294,supremacy,0.5996624644473583,0.3634330835804137,0.038128523001271425,-0.017334529377528995,true
irl_first_division,R2,10a,11068294,level,0.24917218177394615,0.23266780984526497,0.009343528933563015,1.4030204726757556,true
irl_first_division,R2,10a,11068295,supremacy,0.35502615273951893,0.2722257304828288,0.034127787063624945,0.6694384559554362,true
irl_first_division,R2,10a,11068295,level,0.22544407762783988,0.08832924501955583,0.008655527340246843,0.3698012328604694,true
irl_first_division,R2,10a,11068297,supremacy,-0.032558495776971175,-0.053746680036736605,0.035871399896271264,0.7387113277969299,true
irl_first_division,R2,10a,11068297,level,0.36694033974463736,0.31894783977461594,0.009143358497604628,1.3024715008867471,true
irl_first_division,R2,10a,11068299,supremacy,1.1754060838295666,1.0917471102437764,0.033923113708037356,0.669733649173151,true
irl_first_division,R2,10a,11068299,level,0.3444864724195052,0.2991069212839218,0.008390038741776532,1.3486934054073976,true
irl_first_division,R2,10a,11068300,supremacy,0.7191997298043326,0.6931693106933574,0.03385269300076987,0.7639220185620733,true
irl_first_division,R2,10a,11068300,level,0.2525639775888376,0.23740230483226873,0.00843911239424653,1.4548808402412574,true
irl_first_division,R2,10a,11068303,supremacy,-0.029908095530991025,0.07602348329823572,0.033220246417440175,0.6144638583450586,true
irl_first_division,R2,10a,11068303,level,0.20596995408618812,0.18540032924911737,0.008197365737425168,1.4572250322984446,true
irl_first_division,R2,10a,11068304,supremacy,0.034967544040460596,0.21397028071838375,0.034836093994553466,0.2997158146157452,true
irl_first_division,R2,10a,11068304,level,0.4356219064588095,0.3900879912473545,0.009052608279338736,1.3188966192278675,true
irl_first_division,R2,10a,11068305,supremacy,-1.336567781369735,-1.048025151679145,0.03559644770536341,-0.4206382796440481,true
irl_first_division,R2,10a,11068305,level,0.25899612261049565,0.2682854955506878,0.008570251188248654,1.455756167343491,true
irl_first_division,R2,10a,11068306,supremacy,-0.9400266139396953,-1.3868041197535486,0.034918793929415326,-2.0997784453917268,false
irl_first_division,R2,10a,11068306,level,0.2867993106834311,0.17712810653102878,0.009017138767470602,0.7684360150749344,true
irl_first_division,R2,10a,11068308,supremacy,-1.4487602119251333,-1.314464900189774,0.036342155016283684,0.4903189218884926,true
irl_first_division,R2,10a,11068308,level,0.24471628617942032,0.1859849297023472,0.008948750354938168,1.2464528883170147,true
irl_first_division,R2,10a,11068309,supremacy,0.7205934062241455,0.5166185139930846,0.03571565687188222,0.164686294772439,true
irl_first_division,R2,10a,11068309,level,0.30661987536798785,0.33715566878584946,0.008830218501084272,1.393051287244302,true
irl_first_division,R2,10a,11068310,supremacy,1.4376303338838583,1.3834618720322913,0.03598488534218003,0.7026194025711704,true
irl_first_division,R2,10a,11068310,level,0.27955563921569027,0.29209470987908925,0.008841030095328356,1.4363454411929015,true
irl_first_division,R2,10a,11068312,supremacy,1.0141813046031118,0.401542992388575,0.03457294536433961,-4.664622747940428,false
irl_first_division,R2,10a,11068312,level,0.2676960467292567,0.25167064000996586,0.008628140194958667,1.4425422876022715,true
irl_first_division,R2,10a,11068313,supremacy,-1.1935118835216976,-1.3825002076295867,0.038524550180170536,0.24573507356550178,true
irl_first_division,R2,10a,11068313,level,0.2611693900449152,0.15719911751413057,0.009607101717760691,0.8410926675431813,true
irl_first_division,R2,10a,11068314,supremacy,0.4243758300429382,0.44191194334503237,0.03733537008253049,0.7208502544251713,true
irl_first_division,R2,10a,11068314,level,0.39724518182284024,0.29054989561664984,0.009035017805188297,0.8043983484854363,true
irl_first_division,R2,10a,11068315,supremacy,-0.9794823914055762,-0.7468974294328734,0.035658576050361046,-0.010579636518992741,true
irl_first_division,R2,10a,11068315,level,0.22958666546820022,0.20654168004164578,0.008704735628703192,1.4225007672838537,true
irl_first_division,R2,10a,11068316,supremacy,1.3955401864941126,1.2550155518172206,0.03509903597159103,0.4745457877126704,true
irl_first_division,R2,10a,11068316,level,0.340996054331248,0.31815056855203594,0.009103466517570602,1.40194567221743,true
irl_first_division,R2,10a,11068318,supremacy,1.1839793843593949,0.733998172855675,0.037737980057918064,-1.963143854558818,false
irl_first_division,R2,10a,11068318,level,0.24899364359031345,0.17672334150412647,0.009278617778350737,1.1396294373633622,true
irl_first_division,R2,10a,11068319,supremacy,-0.13505860969161781,-0.10257345280669028,0.03492125027334321,0.7432818369234898,true
irl_first_division,R2,10a,11068319,level,0.3814123803076459,0.40356310970700854,0.00919554922422744,1.398900383602976,true
irl_first_division,R2,10a,11068320,supremacy,0.726575405761201,0.2987841507901697,0.03883477826092932,-1.6509234799677341,false
irl_first_division,R2,10a,11068320,level,0.2839718936748502,0.24875352741416443,0.009581306548895552,1.3403053914745735,true
irl_first_division,R2,10a,11068321,supremacy,1.8892662532192466,1.8831176966045289,0.03556571422936594,0.7487165836860619,true
irl_first_division,R2,10a,11068321,level,0.13937130796178887,0.15204747918785977,0.008821108446767457,1.437257337795903,true
irl_first_division,R2,10a,11068322,supremacy,-2.15103979150316,-2.2353222921609976,0.036918614724958054,0.634375766068529,true
irl_first_division,R2,10a,11068322,level,0.2351404237514284,0.2566795654112549,0.00902967364120602,1.408991547892907,true
irl_first_division,R2,10a,11068325,supremacy,-1.2474004988410923,-1.0295078701429703,0.03647913063098551,0.08582429703775896,true
irl_first_division,R2,10a,11068325,level,0.41535825619494093,0.3587390635629218,0.008821104042525008,1.2646574388118454,true
irl_first_division,R2,10a,11068326,supremacy,-0.04513474196418393,0.35395860123844464,0.03855914537750493,-1.3564976240316797,false
irl_first_division,R2,10a,11068326,level,0.401369410462321,0.3260801325756686,0.009144489868587666,1.118423959695332,true
irl_first_division,R2,10a,11068327,supremacy,1.3301808319020907,1.1032409692113365,0.0361963656735913,0.02903885846321641,true
irl_first_division,R2,10a,11068327,level,0.326188368687474,0.3015036115553417,0.008818489845303812,1.411964945717451,true
irl_first_division,R2,10a,11068330,supremacy,0.6075225609113944,0.2172741093069846,0.0390647756701973,-1.246919258497723,false
irl_first_division,R2,10a,11068330,level,0.4109130903196591,0.4385670690293464,0.00932014896251318,1.3778234959593336,true
irl_first_division,R2,10a,11068331,supremacy,2.0690890712616774,1.6467730856928648,0.036721905250877374,-1.6951454708998372,false
irl_first_division,R2,10a,11068331,level,0.07926124796340567,0.2709922050605083,0.009564216434621298,-0.5158615167639695,false
irl_first_division,R2,10a,11068332,supremacy,-0.9911663974465631,-0.9698563639239256,0.038258271143414624,0.70682432482598,true
irl_first_division,R2,10a,11068332,level,0.4230779610966185,0.32515642891771884,0.009783613742288685,0.904549639385041,true
irl_first_division,R2,10a,11068333,supremacy,2.522003576858854,1.8223107870237252,0.04095059537579493,-5.298812839390784,false
irl_first_division,R2,10a,11068333,level,-0.022178574649156846,0.14197356045852505,0.009872494307355352,0.025366002971049406,false
irl_first_division,R2,10a,11068335,supremacy,0.1519135952723425,0.27223787828883106,0.0367041185340605,0.5362697092550217,true
irl_first_division,R2,10a,11068335,level,0.3933573012057603,0.49098710682409674,0.00927848342053661,0.9074512105861251,true
irl_first_division,R2,10a,11068336,supremacy,2.5549090125137965,3.033347114460396,0.037988386435138466,-2.296503721086607,false
irl_first_division,R2,10a,11068336,level,0.32005951042449443,0.07190756444262825,0.009508129916133885,-1.8293837059151798,false
irl_first_division,R2,10a,11068337,supremacy,-0.26204432305375946,-0.3403974215438617,0.03734925471501839,0.6425961410553429,true
irl_first_division,R2,10a,11068337,level,0.3559322397366273,0.2684432540680829,0.009304571078681989,1.0083656582617075,true
irl_first_division,R2,10a,11068338,supremacy,2.0946090986649493,1.7514031867065942,0.04140504291081193,-0.7491771117155371,false
irl_first_division,R2,10a,11068338,level,0.20410141537479642,0.2992055351007249,0.009879667118158617,0.9319518051981777,true
irl_first_division,R2,10a,11068340,supremacy,-1.2374915423781574,-1.1188624442617634,0.03716549940272684,0.5379216866492866,true
irl_first_division,R2,10a,11068340,level,0.22069955247417425,0.28466419864609804,0.009167721295956721,1.203948983386733,true
irl_first_division,R2,10a,11068341,supremacy,-0.7316217003635448,-0.9198221665094803,0.03611730238082489,0.2512144791204299,true
irl_first_division,R2,10a,11068341,level,0.33869629521335676,0.3311869546873565,0.009323902560053776,1.415624512109506,true
irl_first_division,R2,10a,11068344,supremacy,-0.8688595328331395,-0.6969592867846176,0.038494698928433824,0.3258637204736112,true
irl_first_division,R2,10a,11068344,level,0.22715008898808092,0.17680780065990048,0.00947925073658109,1.2767078647108356,true
irl_first_division,R2,10a,11068345,supremacy,-1.0179258793947805,-1.1451391990789928,0.03761974809426749,0.5060850013265815,true
irl_first_division,R2,10a,11068345,level,0.3872455061727698,0.2975568145319612,0.00979256203131948,0.9834045203099657,true
irl_first_division,R2,10a,11068348,supremacy,-0.32511004859452625,-0.4222058026134508,0.0371864481365308,0.6002058706399805,true
irl_first_division,R2,10a,11068348,level,0.2747969401241621,0.2706500768014005,0.009468670156754788,1.4100367987286595,true
irl_first_division,R2,10a,11068349,supremacy,0.873667741428046,0.7552297972875723,0.04216355145793049,0.4978142028770266,true
irl_first_division,R2,10a,11068349,level,0.4023585823199476,0.1545029635281733,0.01033179902866141,-1.6056513961683578,false
irl_first_division,R2,10a,11068350,supremacy,-0.7559054975716861,-0.9717328986139503,0.04807333861040497,0.11409186118709924,true
irl_first_division,R2,10a,11068350,level,0.474987141372859,0.4073999171694888,0.011327151331768676,1.1196969467503812,true
irl_first_division,R2,10a,11068351,supremacy,1.4118496301838428,1.1373921331533725,0.04411173555086001,-0.21224329720938728,true
irl_first_division,R2,10a,11068351,level,0.2295455605686002,0.1795569155108974,0.010473255244686189,1.2412292433737329,true
irl_first_division,R2,10a,11068352,supremacy,-0.47046237661191814,-0.4773752566311068,0.042642667793734046,0.6579511048337632,true
irl_first_division,R2,10a,11068352,level,0.28900120626903164,0.27320337871977923,0.010249267398916254,1.3591609087640548,true
irl_first_division,R2,10a,11068354,supremacy,-0.1098226715534123,-0.37602699689132035,0.0442716758629175,-0.16057295554500062,true
irl_first_division,R2,10a,11068354,level,0.34107054785187485,0.28509700236544,0.01057927538235233,1.2074163294430333,true
irl_first_division,R2,10a,11068355,supremacy,-0.1990556737191468,0.3129933028332354,0.04075572301651452,-2.5355134647240503,false
irl_first_division,R2,10a,11068355,level,0.5161185558298962,0.3994597675055668,0.010484252013259227,0.7109679041718399,true
irl_first_division,R2,10a,11068357,supremacy,0.24177233092537573,0.4559529649223759,0.04649786530118477,0.12195149559375762,true
irl_first_division,R2,10a,11068357,level,0.317206407935266,0.29294107657954627,0.011468637560579795,1.2894607543223155,true
irl_first_division,R2,10a,11068358,supremacy,2.2584834857611824,2.548870261574245,0.04165646391444522,-0.3419307639345228,true
irl_first_division,R2,10a,11068358,level,0.3065545761471278,0.35540933483406245,0.010324498457103731,1.2520907832790793,true
irl_first_division,R2,10a,11068359,supremacy,-1.5677687089274768,-1.8249853538687657,0.03879509254742519,-0.14689812716809525,true
irl_first_division,R2,10a,11068359,level,0.18683555611160435,0.16354536553271637,0.010018932893969996,1.3556304133326866,true
irl_first_division,R2,10a,11068360,supremacy,0.7642917205759675,0.9468304889410186,0.036982755407004575,0.27922757932773234,true
irl_first_division,R2,10a,11068360,level,0.3764728576599346,0.4096177009356887,0.009264058345490406,1.362575373949301,true
irl_first_division,R2,10a,11068361,supremacy,0.5151818942415596,0.6998250066761877,0.039580036344358804,0.2650913857200634,true
irl_first_division,R2,10a,11068361,level,0.3662299430085123,0.2878619039932595,0.009703904658342116,1.0822275978461344,true
irl_first_division,R2,10a,11068362,supremacy,1.752461724024994,1.7766326651060003,0.040933943239675585,0.6718229855621983,true
irl_first_division,R2,10a,11068362,level,0.24834281154232923,0.24491585666368526,0.009884768278057732,1.3888475527151625,true
irl_first_division,R2,10a,11068363,supremacy,-0.9324059190992362,-0.8715109742537208,0.040083087023264574,0.6432055223181121,true
irl_first_division,R2,10a,11068363,level,0.3447751662399995,0.3512246611549673,0.010094809730439802,1.3768681385359098,true
irl_first_division,R2,10a,11068365,supremacy,0.39962390404334885,-0.0008041136689658224,0.04130492130868437,-1.2665141077939646,false
irl_first_division,R2,10a,11068365,level,0.34784923148098046,0.33401209476246174,0.009981824968547867,1.3749653893488596,true
irl_first_division,R2,10a,11068366,supremacy,-0.17126935028033244,-0.045636006677074015,0.03760589472453262,0.5115014802049503,true
irl_first_division,R2,10a,11068366,level,0.17670439193991416,0.21519598512886318,0.009369223403951299,1.3371564682435861,true
irl_first_division,R2,10a,11068368,supremacy,0.057031218682385976,-0.05517214556434022,0.04064543228569656,0.527624906124549,true
irl_first_division,R2,10a,11068368,level,0.35528319083662396,0.2707980751086541,0.009817892803058073,1.0293293945999789,true
irl_first_division,R2,10a,11068369,supremacy,-0.3645406867095652,-0.5047313517356073,0.039453211860368265,0.44830884667470733,true
irl_first_division,R2,10a,11068369,level,0.411604096367512,0.4451633890313542,0.009627543336168054,1.344135264596369,true
irl_first_division,R2,10a,11068371,supremacy,-0.8332221466792392,-0.8952845214126592,0.04014371885114487,0.6407317542655139,true
irl_first_division,R2,10a,11068371,level,0.4114528948829433,0.32262914483910554,0.009795805046373257,0.9912560060009956,true
irl_first_division,R2,10a,11068374,supremacy,0.04850229592647398,0.10092037636075032,0.03736593896995884,0.6877924808154636,true
irl_first_division,R2,10a,11068374,level,0.3416532506013449,0.25626443120382536,0.009584021895441622,1.0245047055867342,true
irl_first_division,R2,10a,11519242,supremacy,-1.2648578262107355,-1.1360398234995133,0.04161398136047034,0.47133996498929254,true
irl_first_division,R2,10a,11519242,level,0.33211986882648203,0.3569118559023336,0.010316892630452379,1.338259633653529,true
irl_first_division,R2,10a,11068375,supremacy,0.334535450588741,0.5004530734182109,0.04498721195203881,0.3257890504469764,true
irl_first_division,R2,10a,11068375,level,0.3829651555744691,0.35375822068019447,0.010693250606135768,1.310245649120052,true
irl_first_division,R2,10a,11068376,supremacy,-0.6867312239413863,-0.9241633551013568,0.041286196329570535,-0.008047338342403454,true
irl_first_division,R2,10a,11068376,level,0.41568261095313686,0.3635499378301781,0.010598024926389227,1.226382537425045,true
irl_first_division,R2,10a,11068377,supremacy,0.7477953255527734,1.0251413399149294,0.040465283502823635,-0.2657374757188128,true
irl_first_division,R2,10a,11068377,level,0.4780201251976314,0.4372263394915149,0.00979583276519147,1.30901971098919,true
irl_first_division,R2,10a,11068379,supremacy,-1.0812416856849114,-1.514268307281098,0.0400869140551281,-1.6494046498695916,false
irl_first_division,R2,10a,11068379,level,0.29931702372010616,0.2048421165008213,0.009798854176395172,0.938370061261405,true
irl_first_division,R2,10a,11068380,supremacy,-1.0237993619885748,-1.0745582448818969,0.0381385918497783,0.6805481144805665,true
irl_first_division,R2,10a,11068380,level,0.34147981920688275,0.2812510014067271,0.009331491981248857,1.2238723831562057,true
irl_first_division,R2,10a,11068382,supremacy,-0.918833850713632,-0.6024401198853859,0.03912233660907627,-0.5777918066546466,true
irl_first_division,R2,10a,11068382,level,0.4215877469355296,0.3598266888507442,0.009599174494874463,1.2054153285872171,true
irl_first_division,R2,10a,11068384,supremacy,-1.1608100572078315,-1.26212881925525,0.03772370881927012,0.5837331811620635,true
irl_first_division,R2,10a,11068384,level,0.31121278463094937,0.28807658056892294,0.0093965156649113,1.3862865251186511,true
irl_first_division,R2,10a,11068381,supremacy,-0.04717600839596803,-0.15767706578704777,0.03884626179415745,0.5479689762046442,true
irl_first_division,R2,10a,11068381,level,0.48095492160187137,0.4565106963869571,0.009330654132997052,1.386267345545127,true
irl_first_division,R2,10a,11068385,supremacy,1.3899293089958298,1.558220160932083,0.038306964074394045,0.3424540344476175,true
irl_first_division,R2,10a,11068385,level,0.3480056675430958,0.477416723689566,0.00949259255564236,0.5275626997944157,true
irl_first_division,R2,10a,11068386,supremacy,0.2747610245660766,0.41219177415743924,0.03803731773036573,0.4673831257946745,true
irl_first_division,R2,10a,11068386,level,0.37366085544796135,0.39784270686339895,0.00948664158675297,1.3791764941417683,true
irl_first_division,R2,10a,11068388,supremacy,0.8509723870215261,1.164837042412679,0.035261667009609754,-0.6433162497182628,false
irl_first_division,R2,10a,11068388,level,0.42779158613743945,0.34441601840843156,0.00972356618024535,1.040207340335479,true
irl_first_division,R2,10a,11068390,supremacy,0.6072473133312107,0.6589743999314701,0.03908878447044872,0.6677954933640853,true
irl_first_division,R2,10a,11068390,level,0.3486349526825439,0.33509129136469884,0.009930281507559452,1.3779087632551488,true
irl_first_division,R2,10a,11068391,supremacy,-2.081658991169818,-2.071777196531396,0.038802859899857545,0.704433848144224,true
irl_first_division,R2,10a,11068391,level,0.2254042897440358,0.24021957016359635,0.01011620693420933,1.3670211550039724,true
irl_first_division,R2,10a,11068392,supremacy,-0.15671260175634127,-0.3144435445228423,0.03675884488687489,0.39434063632167193,true
irl_first_division,R2,10a,11068392,level,0.43820304676041605,0.40548823732998657,0.009224466812064819,1.3659974535845236,true
irl_first_division,R2,10a,11068387,supremacy,1.9508114724945371,1.7457230016436154,0.040267360425373155,0.1648933748873338,true
irl_first_division,R2,10a,11068387,level,0.21728796466228678,0.2065254912211894,0.009572862830050946,1.3994229948548278,true
irl_first_division,R2,10a,11068395,supremacy,-0.05342258204794137,0.029253877305101483,0.03905618212075889,0.6149312839945595,true
irl_first_division,R2,10a,11068395,level,0.41089678202636126,0.4329096581699119,0.009371205698414709,1.390264202096473,true
irl_first_division,R2,10a,11068396,supremacy,1.0020076801369227,1.1633656712049034,0.037037770949172044,0.37748553966668796,true
irl_first_division,R2,10a,11068396,level,0.3904226282577317,0.33195425057789746,0.009397988926004214,1.2328145044929049,true
irl_first_division,R2,10a,11068398,supremacy,0.6604026503239057,0.8577946385253321,0.03870107427179881,0.20361375453666852,true
irl_first_division,R2,10a,11068398,level,0.37640111004195537,0.27852109727246555,0.0093060272456411,0.9048610900018039,true
irl_first_division,R2,10a,11068399,supremacy,0.06066259651561268,0.22880082828545212,0.041829012423368256,0.3302151103345777,true
irl_first_division,R2,10a,11068399,level,0.3776270939435837,0.3770180852274628,0.00985170959140505,1.391097781216415,true
irl_first_division,R2,10a,11068400,supremacy,0.20968836778592392,0.5362371189471202,0.03670152873568211,-0.7191900606048361,false
irl_first_division,R2,10a,11068400,level,0.472026905153682,0.48024982934574634,0.009342112038733169,1.414054021081692,true
irl_first_division,R2,10a,11068401,supremacy,0.4844942674024214,0.45173058070518113,0.038437256502092315,0.6964617160380416,true
irl_first_division,R2,10a,11068401,level,0.388359596344561,0.40582031556159387,0.00935134454517006,1.4008778154586248,true
irl_first_division,R2,10a,11068404,supremacy,0.7379408613862263,0.5021084638065657,0.03513701338034392,-0.036117679513269496,true
irl_first_division,R2,10a,11068404,level,0.3709324632747156,0.318568343247891,0.008568032951181331,1.300906564361368,true
irl_first_division,R2,10a,11708120,supremacy,0.5586475351086804,0.43328747460645434,0.0448872586880221,0.457810827897768,true
irl_first_division,R2,10a,11708120,level,0.47227130887098323,0.26341025523872863,0.010375390919077201,-0.7370104041972829,false
irl_first_division,R2,10a,11068405,supremacy,-0.3336454627662522,-0.023803414961337144,0.03641572664983406,-0.5807018465640602,true
irl_first_division,R2,10a,11068405,level,0.39487519022903417,0.403590011635097,0.009568279267467922,1.401743669531677,true
irl_first_division,R2,10a,11068406,supremacy,-1.136460031293525,-1.7871905207316727,0.04600776232779458,-3.9814086352433837,false
irl_first_division,R2,10a,11068406,level,0.4632748612760193,0.3524171797721474,0.01052519171115858,0.774243252035588,true
irl_first_division,R2,10a,11068407,supremacy,-0.740490080125514,-1.0903876415334524,0.03626018558505062,-0.9486129593863069,false
irl_first_division,R2,10a,11068407,level,0.4437913416765105,0.26543723725203455,0.009336089095111702,-0.285618740753792,false
irl_first_division,R2,10a,11068409,supremacy,-0.4309102444267066,-0.5596822145926085,0.0344834632866452,0.5242618832917163,true
irl_first_division,R2,10a,11068409,level,0.5234664900518365,0.4280147730160931,0.008943319712656966,0.9301093756984896,true
irl_first_division,R2,10a,10949426,supremacy,0.6294791516336175,0.6191933650480799,0.03565747801684349,0.7464761394381721,true
irl_first_division,R2,10a,10949426,level,0.4390162695556054,0.4667277623178423,0.009061426524214378,1.3905524298306304,true
irl_first_division,R2,10a,10949428,supremacy,0.44241593781302574,0.851119682879138,0.03490785909845162,-1.6339834288450108,false
irl_first_division,R2,10a,10949428,level,0.5658993937570665,0.4684152000138549,0.009102957724782035,0.9086569812155759,true
irl_first_division,R2,10a,10949429,supremacy,0.5767953389996305,1.141130897045955,0.03974815208964366,-3.312498898008213,false
irl_first_division,R2,10a,10949429,level,0.520290421589405,0.3562758103130532,0.009530844243284958,-0.003576749015522074,false
irl_first_division,R2,10a,10949430,supremacy,0.7417431632951473,0.7447949490630368,0.035209243581476146,0.754152523517051,true
irl_first_division,R2,10a,10949430,level,0.4213982484702285,0.36725880517038434,0.008894475402610375,1.2774542780253544,true
irl_first_division,R2,10a,11909439,supremacy,0.48635720566833485,-0.12965272617753726,0.44792434408771775,-0.9409582546525832,true
irl_first_division,R2,10a,11909439,level,0.3501652145962923,0.3428766036629656,0.08949311674521625,0.28756144495432384,true
irl_first_division,R2,10a,11909442,supremacy,0.20574103592829535,0.36535850874896947,0.12316867297747655,0.024735527595921236,true
irl_first_division,R2,10a,11909442,level,0.2945107373480558,0.3410764000225981,0.02837948282453033,0.8239029142644765,true
irl_first_division,R2,10a,11909443,supremacy,-0.06571576047971811,-0.09663418887137187,0.13099423539399926,0.0937136257949441,true
irl_first_division,R2,10a,11909443,level,0.4116182543783079,0.5108672755004575,0.02873964612540525,0.6844278541019254,true
irl_first_division,R2,10a,11909444,supremacy,-0.3436414254337328,-1.2031345506377962,0.2687591719354421,-1.6363003224875898,false
irl_first_division,R2,10a,11909444,level,0.3108454120222444,0.13656127221212183,0.05558478731379163,0.2527534429506997,true
irl_first_division,R2,10a,11909445,supremacy,-0.6656948126164172,-0.7267007911128416,0.12446413134681922,0.10797930802661061,true
irl_first_division,R2,10a,11909445,level,0.2969688310166721,0.4226657149163937,0.027811989268769904,0.5881606224603662,true
irl_first_division,R2,10a,11909446,supremacy,0.07143086262247206,-0.08674111859768752,0.13591163926087446,-0.013102496422046361,true
irl_first_division,R2,10a,11909446,level,0.30872119075076776,0.3760466134525831,0.03296255437083778,0.7184975250058911,true
irl_first_division,R2,10a,11909449,supremacy,0.8537083762729825,0.5347913445672259,0.08999136350691822,-0.2800168241736043,true
irl_first_division,R2,10a,11909449,level,0.2567231151430085,0.25124952313229254,0.021646142436336488,0.9968334312251166,true
irl_first_division,R2,10a,11909450,supremacy,0.0031961015525586167,-0.2998455635209618,0.08201781994890511,-0.22837244433429232,true
irl_first_division,R2,10a,11909450,level,0.3487402731006001,0.4136305196156298,0.020462629056359705,0.9227503428334869,true
irl_first_division,R2,10a,11909451,supremacy,-0.721543131434097,-0.5449745457792231,0.05915290512201132,0.23135187320544426,true
irl_first_division,R2,10a,11909451,level,0.29263486983227005,0.3267168785435602,0.014195364221185072,1.1675672042549565,true
irl_first_division,R2,10a,11915723,supremacy,0.2774041104797999,0.17506703688522213,0.04963013272405166,0.4771307696214716,true
irl_first_division,R2,10a,11915723,level,0.31248912724221845,0.38164187922145676,0.019554285987761655,0.9260642389389226,true
irl_first_division,R2,10a,11915780,supremacy,0.5364035004481882,1.0452745081047219,0.05649485020618039,-1.773934814482947,false
irl_first_division,R2,10a,11915780,level,0.37939221725728034,0.31753779886255035,0.013984492838758453,1.0791713032739065,true
irl_first_division,R2,10a,11915781,supremacy,0.03320239243148737,0.115150218973329,0.04246438216150369,0.5815347598964099,true
irl_first_division,R2,10a,11915781,level,0.3609414851286224,0.39279245133196367,0.02040939614189355,1.0020880535234886,true
irl_first_division,R2,10a,11915784,supremacy,-0.5749661056109666,-0.46741689982961443,0.05513044139031589,0.4251838690048553,true
irl_first_division,R2,10a,11915784,level,0.30090990840479864,0.2813376874554514,0.019834009512756823,1.0315831042320411,true
irl_first_division,R2,10a,11915782,supremacy,-0.19758894124243515,-0.16693268149734317,0.04392674627428614,0.6329799854381776,true
irl_first_division,R2,10a,11915782,level,0.29038903964615814,0.32125710618209474,0.01102311884622853,1.2917217550677762,true
irl_first_division,R2,10a,11915785,supremacy,0.5143942964175614,0.44148025024492993,0.045180053251962005,0.5707749194374061,true
irl_first_division,R2,10a,11915785,level,0.2245296973363073,0.3290298353196994,0.01085643501543064,0.8396197419424732,true
irl_first_division,R2,10a,11915765,supremacy,-0.13530833167669393,0.2900261546808839,0.04949168025221383,-1.2436383035523675,false
irl_first_division,R2,10a,11915765,level,0.20288093918785569,0.4155792910754597,0.011739859155858762,-0.6233501657394678,false
irl_first_division,R2,10a,11915768,supremacy,0.7398946114451175,0.6106595374681294,0.03888994581778227,0.48984086605810095,true
irl_first_division,R2,10a,11915768,level,0.21401518616735127,0.27704402278124474,0.010917631241399939,1.1578129545849496,true
irl_first_division,R2,10a,11915769,supremacy,0.064819357722842,0.006817524123293284,0.04834400784662413,0.5609734496868695,true
irl_first_division,R2,10a,11915769,level,0.20147461544758816,0.32343536427035324,0.010991068917062086,0.6597380085871857,true
irl_first_division,R2,10a,11915773,supremacy,-0.5016341214572628,-0.23670522884313988,0.040537585157893324,-0.18188237983598698,true
irl_first_division,R2,10a,11915773,level,0.22507070017504216,0.2880881104245704,0.011249289825153858,1.148277953014242,true
irl_first_division,R2,10a,11909448,supremacy,0.009669280144797732,0.41729436469520814,0.04403975457891199,-1.244064296752931,false
irl_first_division,R2,10a,11909448,level,0.32737502496004245,0.28639566551126994,0.010716477866959673,1.2706961628366422,true
irl_first_division,R2,10a,11915772,supremacy,0.08062042455936191,0.6368340050912865,0.04202141386856756,-3.01529213875898,false
irl_first_division,R2,10a,11915772,level,0.3486599783917843,0.3331227561671552,0.009974255053002895,1.3728340482331032,true
irl_first_division,R2,10a,11915774,supremacy,0.9569919882150348,0.9859478689398636,0.0396688308340617,0.684088192363946,true
irl_first_division,R2,10a,11915774,level,0.1915979245992453,0.2896286463310402,0.009980957669858168,0.9031817320446853,true
irl_first_division,R2,10a,11915775,supremacy,0.1642700197845114,0.33977304258928087,0.04109335520771579,0.30224348527158235,true
irl_first_division,R2,10a,11915775,level,0.2706804376310568,0.30767530152782646,0.009634222685653629,1.3312492146742765,true
irl_first_division,R2,10a,11915776,supremacy,0.02224665569651399,0.24969709638996176,0.042803739413246826,0.052313481741476875,true
irl_first_division,R2,10a,11915776,level,0.14894984471715694,0.21592490697106131,0.010851767348152984,1.1360963993990423,true
irl_first_division,R2,10a,11915743,supremacy,0.30971163762511134,0.12815474489509593,0.03589160540306435,0.2854866238611628,true
irl_first_division,R2,10a,11915743,level,0.28025989616036595,0.32830844969786654,0.009104191727754507,1.3037803989222494,true
irl_first_division,R2,10a,11915759,supremacy,0.5181889159799303,0.8006185866672164,0.03997008890153764,-0.306954231252914,true
irl_first_division,R2,10a,11915759,level,0.2272042397344291,0.21785571768122836,0.00987414047515578,1.3855540314052026,true
irl_first_division,R2,10a,11915778,supremacy,-0.02056136577611606,0.0071517560388730805,0.03676849325750461,0.7221744908561801,true
irl_first_division,R2,10a,11915778,level,0.30685105564414017,0.3219623372074964,0.009546041383464751,1.3949153307506548,true
irl_first_division,R2,10a,11915749,supremacy,1.0153178431847998,0.8548516997528445,0.03596014249149426,0.3857068078304269,true
irl_first_division,R2,10a,11915749,level,0.07771592653703463,0.2432563261339094,0.00920666149780764,-0.06327432273321798,false
irl_first_division,R2,10a,11915750,supremacy,0.05394210317699333,-0.4470309275827646,0.03815526782633244,-2.574743757113952,false
irl_first_division,R2,10a,11915750,level,0.11355972592852442,0.24502101184152206,0.0093317010793771,0.4922433425280871,true
irl_first_division,R2,10a,11915753,supremacy,0.23324898387423798,0.09081922020526068,0.037863249879239703,0.4500603908997043,true
irl_first_division,R2,10a,11915753,level,0.18071900096561383,0.21320993908386449,0.009535555210530934,1.352071435475853,true
irl_first_division,R2,10a,11915767,supremacy,0.10816771083496352,0.3217748518207926,0.03508644047053744,0.10580888346213668,true
irl_first_division,R2,10a,11915767,level,0.31200310298807743,0.3562272053728527,0.009367427723960653,1.3119277207414612,true
irl_first_division,R2,10a,11915755,supremacy,-0.24257525498714366,0.0238670270556115,0.031811757319524396,-0.3107847152570443,true
irl_first_division,R2,10a,11915755,level,0.0892087639558147,0.26743648159188044,0.00835026471207398,-0.428250169392115,false
irl_first_division,R2,10a,11915757,supremacy,-0.7489802686691676,-0.516255469731889,0.03433410542858539,-0.02186273146707518,true
irl_first_division,R2,10a,11915757,level,0.08984936791201217,0.14574525380472175,0.008418837019686008,1.2841461519208472,true
irl_first_division,R2,10a,11915760,supremacy,0.3011625138018706,0.6262095997075325,0.034820239638888084,-0.757318270328328,false
irl_first_division,R2,10a,11915760,level,0.22995376979578128,0.2854107741214261,0.008468647496234355,1.2851733860083079,true
irl_first_division,R2,10a,11915766,supremacy,-0.2770760830120664,0.14995313266831808,0.031891434407679026,-2.055209698258425,false
irl_first_division,R2,10a,11915766,level,0.27589262526526415,0.27511018969390466,0.00770945236088133,1.5136758237606263,true
irl_first_division,R2,10a,11915726,supremacy,-0.0381135616358331,-0.019197218817241957,0.03375258735726066,0.7701098183107726,true
irl_first_division,R2,10a,11915726,level,0.21300940545390062,0.21650155296937465,0.008453077551728604,1.4669524746092095,true
irl_first_division,R2,10a,11915763,supremacy,0.327395111149111,0.21483994786731142,0.03425136558743814,0.5831392509788644,true
irl_first_division,R2,10a,11915763,level,0.27499023908972503,0.3801766451941298,0.008536972681645355,0.8147204482812712,true
irl_first_division,R2,10a,11915685,supremacy,-1.6667797490014022,-0.7577831818044454,0.03489721345837571,-11.079956894877807,false
irl_first_division,R2,10a,11915685,level,-0.0613267290491924,0.1179339292658077,0.008669792998642302,-0.3982215786921133,false
irl_first_division,R2,10a,11915665,supremacy,-0.5747616457377566,-0.7062726312881307,0.03712044817214366,0.49489538350002693,true
irl_first_division,R2,10a,11915665,level,0.09765972662086048,0.06629401375338473,0.009210165597675974,1.37137638250333,true
irl_first_division,R2,10a,11915727,supremacy,0.6812841247095927,0.5379895322848571,0.033907636254506046,0.47033556147943245,true
irl_first_division,R2,10a,11915727,level,0.2185074235562643,0.3007666240108241,0.008876286044115556,1.0620871705833146,true
irl_first_division,R2,10a,11915729,supremacy,0.23393711132889752,0.05368248388776198,0.04042276679796449,0.28334362967619126,true
irl_first_division,R2,10a,11915729,level,0.19096673465124947,0.27221570569986847,0.009773872655238297,1.0573764953264106,true
irl_first_division,R2,10a,11915731,supremacy,-0.1603519475291839,0.10174733484039797,0.03722887473180571,-0.1962208748308204,true
irl_first_division,R2,10a,11915731,level,0.24455628615890296,0.2609998976820708,0.009137181308651598,1.4139668650806638,true
irl_first_division,R2,10a,11915736,supremacy,-0.08855205843056796,0.0016142977802091618,0.03771903679803186,0.6120865048310559,true
irl_first_division,R2,10a,11915736,level,0.21653036214976015,0.29620844735907564,0.009016110361058205,1.0833629685026165,true
irl_first_division,R2,10a,11915738,supremacy,-0.9657794190207744,-1.1860274432294426,0.035502117386838394,0.06695562638542818,true
irl_first_division,R2,10a,11915738,level,0.05469102222053063,0.08816788849368068,0.008720084946742175,1.3878648884446627,true
irl_first_division,R2,10a,11915739,supremacy,0.39461483655900215,0.44690429041981405,0.036212725748045654,0.7024820653994849,true
irl_first_division,R2,10a,11915739,level,0.1331417952971873,0.2430057516740846,0.008939852402350984,0.7646075203060292,true
irl_first_division,R2,10a,11915742,supremacy,0.6796553846750514,0.6422423429887859,0.038366387361633336,0.6931065401219357,true
irl_first_division,R2,10a,11915742,level,0.21914927338858975,0.16186357085000064,0.009338514720822838,1.2421602702792067,true
irl_first_division,R2,10a,11915707,supremacy,0.3832789832305284,0.37879480433144286,0.03770401414969832,0.7197891697274778,true
irl_first_division,R2,10a,11915707,level,0.21654887672686532,0.22995803737686749,0.009151336311000902,1.4181651422214123,true
irl_first_division,R2,10a,11915709,supremacy,-0.008848718950583034,0.17150027544791624,0.03782201442707312,0.2885089455180245,true
irl_first_division,R2,10a,11915709,level,0.1878793092822896,0.2432386373497144,0.00919016543313736,1.2591365533069756,true
irl_first_division,R2,10a,11915711,supremacy,0.13972529095094496,0.06940915188722852,0.036326202744328025,0.6706144470955181,true
irl_first_division,R2,10a,11915711,level,0.17435679259865283,0.15403660080752563,0.009181569718339774,1.4038541975552343,true
irl_first_division,R2,10a,11915715,supremacy,0.36319874978318634,0.10393724982684549,0.03579126585031654,-0.1929202175997936,true
irl_first_division,R2,10a,11915715,level,0.16493244249029265,0.22900836015498965,0.008815244829116657,1.2138215100182328,true
irl_first_division,R2,10a,11915710,supremacy,-0.11180129471561134,-0.037231695896136285,0.036417077509309025,0.6610737991834363,true
irl_first_division,R2,10a,11915710,level,0.20576003602905432,0.2845216044542528,0.00964641628945899,1.0801075638923723,true
irl_first_division,R2,10a,11915712,supremacy,0.44068997335390114,0.7227546015188581,0.0368190856968057,-0.3484931575759559,true
irl_first_division,R2,10a,11915712,level,0.18947925611284028,0.13618063971723937,0.009208318854433503,1.2706367522864357,true
irl_first_division,R2,10a,11915713,supremacy,-0.2689046146231482,-0.2510480560311762,0.035791149980390166,0.7416343716747,true
irl_first_division,R2,10a,11915713,level,0.19208551719690214,0.21907934342770918,0.00885134009816977,1.4034932959441746,true
irl_first_division,R2,10a,11915716,supremacy,-0.5363691303429606,-0.8704549146004474,0.036405389442877745,-0.7953422190284238,false
irl_first_division,R2,10a,11915716,level,0.1178364170604929,0.08913574530418211,0.00885015588988546,1.3981840525776277,true
irl_first_division,R2,10a,11915719,supremacy,0.40641909777592333,0.25188005960503385,0.03199420239825129,0.42893296964516403,true
irl_first_division,R2,10a,11915719,level,0.19423992877769436,0.18667532157281078,0.008015380202790336,1.4906884031122183,true
irl_first_division,R2,10a,11915720,supremacy,-0.5355712780142112,-0.48840038875352004,0.033109600934959904,0.7514255297984499,true
irl_first_division,R2,10a,11915720,level,0.11108483462187994,0.13020226393646525,0.008504978743133607,1.443127233800128,true
irl_first_division,R2,10a,11915697,supremacy,-0.24851147465507273,-0.11770991872839487,0.03333967295415678,0.5249781667739271,true
irl_first_division,R2,10a,11915697,level,0.33188246199296967,0.18730678804723044,0.008053763859479035,0.19420740576397066,true
irl_first_division,R2,10a,11915691,supremacy,-0.09537133877442852,-0.03215496164905007,0.03387385929103579,0.714629187199607,true
irl_first_division,R2,10a,11915691,level,0.2920828273074817,0.249912521426297,0.008472880766530327,1.361561080775199,true
irl_first_division,R2,10a,11915695,supremacy,1.462255260306509,1.1482208027858545,0.037987400257318615,-0.5817190839656868,true
irl_first_division,R2,10a,11915695,level,0.13989370537238077,0.09925816120091108,0.009076353618316386,1.3411385894490528,true
irl_first_division,R2,10a,11915698,supremacy,-0.146685484200607,-0.15334501940678208,0.03467326405917796,0.7613151221726947,true
irl_first_division,R2,10a,11915698,level,0.18510132683851682,0.1439416855088718,0.008930109283842472,1.3453706274589838,true
irl_first_division,R2,10a,11915702,supremacy,0.037480430063524806,-0.18749945829580572,0.03570495726195605,0.03848589654695855,true
irl_first_division,R2,10a,11915702,level,0.32986330999705615,0.23330122001064685,0.008795777429752058,0.917762682719359,true
irl_first_division,R2,10a,11915696,supremacy,-0.6038153278290006,-0.792333800633042,0.03489693146825057,0.24953708236648742,true
irl_first_division,R2,10a,11915696,level,0.16202040871975731,0.1357068311652467,0.008906587010625657,1.4026731949331082,true
irl_first_division,R2,10a,11915701,supremacy,0.16683413179495366,0.23601245492600226,0.03643320408704846,0.6715219186966004,true
irl_first_division,R2,10a,11915701,level,0.22705609738171817,0.2567326946326577,0.009030500683517378,1.3858726532018024,true
irl_first_division,R2,10a,11915708,supremacy,0.2932633957137003,0.16860748506601764,0.03644548424091938,0.5238475898941714,true
irl_first_division,R2,10a,11915708,level,0.37213682770037304,0.23383938250357322,0.009018967880667125,0.3749431063265194,true
irl_first_division,R2,10a,11915704,supremacy,0.42961285336691984,0.37778570452542515,0.03909543345298702,0.6675837514590555,true
irl_first_division,R2,10a,11915704,level,0.20164457816188222,0.27712136242079694,0.009511800988021318,1.1092157934684854,true
irl_first_division,R2,10a,11915705,supremacy,0.04574574443478027,0.16704965639114033,0.037615504758967064,0.5256382063211646,true
irl_first_division,R2,10a,11915705,level,0.18741443941517966,0.19957185477166872,0.009197340344023315,1.4174468507394713,true
irl_first_division,R2,10a,11915706,supremacy,-0.0042022302947866685,0.1352215824703543,0.039318732130381104,0.4518908906815985,true
irl_first_division,R2,10a,11915706,level,0.1382396090139467,0.18203364603460037,0.009575485461190886,1.3051887073058446,true
irl_first_division,R2,10a,11915718,supremacy,0.6917277683485118,0.8032550989315311,0.03466541180388305,0.5826621927723212,true
irl_first_division,R2,10a,11915718,level,0.1088530488753137,0.1605087891761549,0.009057928045050033,1.2858271909766104,true
irl_first_division,R2,10a,11915681,supremacy,-0.21533018920736274,0.0773575237165027,0.040916087943287126,-0.3676735868120765,true
irl_first_division,R2,10a,11915681,level,0.28485867342335536,0.1918828641573418,0.009807109308305174,0.9526590704945672,true
irl_first_division,R2,10a,11915682,supremacy,-0.3346024559984039,-0.2471702157159546,0.036685729776633313,0.6295575788496826,true
irl_first_division,R2,10a,11915682,level,0.17707844783863147,0.25208769315103674,0.00914081579892323,1.1208025403886734,true
irl_first_division,R2,10a,11915684,supremacy,0.9079417852702085,0.682253979060162,0.0378605830301223,0.04531873189681723,true
irl_first_division,R2,10a,11915684,level,0.15135459730868447,0.23463217997489805,0.009245412230613155,1.0478160743916665,true
irl_first_division,R2,10a,12258661,supremacy,1.26409009745032,1.321094350294647,0.034559290608601856,0.7165877097646028,true
irl_first_division,R2,10a,12258661,level,0.1586886279623366,0.14137701645290396,0.009141578768127122,1.412130862815846,true
irl_first_division,R2,10a,11915686,supremacy,1.3429653865287479,1.1614803181708613,0.03273246075987846,0.28763365811448194,true
irl_first_division,R2,10a,11915686,level,0.12822234217563877,0.14093868342364166,0.008131175274118375,1.4771428295531122,true
irl_first_division,R2,10a,11915687,supremacy,0.1721613349196274,0.26036798747697576,0.03342786229324038,0.6638680542077422,true
irl_first_division,R2,10a,11915687,level,0.2152657247357307,0.2422891473929384,0.008198414716618183,1.4384317155562536,true
irl_first_division,R2,10a,11915688,supremacy,-0.096844225746824,-0.07404581120563297,0.03243267188113542,0.7873429269322283,true
irl_first_division,R2,10a,11915688,level,0.10749307624689561,0.22792564698445036,0.0081010077965811,0.5937473548078163,true
irl_first_division,R2,10a,11915689,supremacy,0.0188948022349682,0.06795765327981182,0.03367824540335647,0.7407754005444727,true
irl_first_division,R2,10a,11915689,level,0.24016967827087238,0.20064003289631327,0.00839822710080268,1.3778976791534499,true
irl_first_division,R2,10a,11915663,supremacy,-0.2090138540947739,-0.15094889684145277,0.040261539912535546,0.6453703011707561,true
irl_first_division,R2,10a,11915663,level,0.2115207974457765,0.22286147215139152,0.009678451141695618,1.3933439768012463,true
irl_first_division,R2,10a,11915692,supremacy,0.9810042581790459,0.9104611328609075,0.038662847125533695,0.6431440634720456,true
irl_first_division,R2,10a,11915692,level,0.10801793956117664,0.11615729267599267,0.009864435087747044,1.387113193689359,true
irl_first_division,R2,10a,11915693,supremacy,0.3390163940561437,0.5233741714203454,0.04148646319938565,0.26263045180818767,true
irl_first_division,R2,10a,11915693,level,0.22566989011832367,0.21361638769255498,0.01023860978353583,1.3647611315784198,true
irl_first_division,R2,10a,11915694,supremacy,-0.2947450488223843,-0.3357319811145235,0.038836789287984924,0.6836270613910173,true
irl_first_division,R2,10a,11915694,level,0.33027639446384405,0.24581875182806395,0.009948947278135715,1.0277209014710973,true
irl_first_division,R2,10a,11915664,supremacy,0.21915164193623532,0.1338945304467874,0.03923579097302751,0.6075150299414992,true
irl_first_division,R2,10a,11915664,level,0.3800403768079975,0.2540163932487932,0.009498967774642514,0.5733596276921508,true
irl_first_division,R2,10a,11915671,supremacy,0.27460413749141144,0.41007004457869656,0.038367063824958775,0.47218882588507005,true
irl_first_division,R2,10a,11915671,level,0.28281652619016195,0.26036258036705656,0.009332981749311575,1.3911511873861928,true
irl_first_division,R2,10a,11915673,supremacy,0.4933012459053863,0.6076061351657471,0.040655269469839106,0.5216871254527555,true
irl_first_division,R2,10a,11915673,level,0.19855673735781895,0.12042037511711023,0.01029280576002153,1.0726360085101216,true
irl_first_division,R2,10a,11915679,supremacy,0.7676146513381013,0.5631870352637491,0.038319002235086774,0.16666684845952318,true
irl_first_division,R2,10a,11915679,level,0.2745799424158467,0.262427958284996,0.00945242592840874,1.4039921357304177,true
irl_first_division,R2,10a,11915667,supremacy,0.673314745440224,0.5875109936460182,0.0372347094150457,0.627455235220187,true
irl_first_division,R2,10a,11915667,level,0.21756911327323666,0.2769490591352371,0.009221069455982847,1.2330022153216293,true
irl_first_division,R2,10a,11915670,supremacy,-0.2911962863520535,-0.37453037667602657,0.038500139650067766,0.6194192704425634,true
irl_first_division,R2,10a,11915670,level,0.20011954149683892,0.19608730040661845,0.009441838645440973,1.4115027333451617,true
irl_first_division,R2,10a,11915653,supremacy,1.6299785296166331,1.416216053955921,0.04779925367361004,0.12345177680951397,true
irl_first_division,R2,10a,11915653,level,0.07787003506368395,0.07364025616634678,0.011877447593359618,1.2968652341109708,true
irl_first_division,R2,10a,11915654,supremacy,0.16879707282582615,-0.03443671444876281,0.04827743450799577,0.1686797697312004,true
irl_first_division,R2,10a,11915654,level,0.17519891176014152,0.20279076455126405,0.011427900148320756,1.2836009489679288,true
irl_first_division,R2,10a,11915680,supremacy,-0.1967744592676405,-0.15425662933033937,0.04397012260471008,0.622627167926254,true
irl_first_division,R2,10a,11915680,level,0.2598764246451434,0.30364271425719064,0.011493421191401357,1.2307219435396706,true
irl_first_division,R2,10a,11915652,supremacy,-0.6554895633154222,-0.4627667276283249,0.043642763218084246,0.221396309782662,true
irl_first_division,R2,10a,11915652,level,0.2667084840584169,0.26739622295925425,0.011198202874269342,1.32704133361915,true
irl_first_division,R2,10a,11915655,supremacy,0.5157409117348958,0.3720688996943424,0.039607655189155266,0.43485141623999113,true
irl_first_division,R2,10a,11915655,level,0.3474805654460415,0.31533031925936217,0.01025218363928676,1.3207831032861048,true
irl_first_division,R2,10a,11915656,supremacy,0.005051948113222626,-0.029159043224418202,0.044172661870068304,0.6276381406219154,true
irl_first_division,R2,10a,11915656,level,0.18007583099754662,0.1839030244672271,0.010974573279897246,1.3364812338223928,true
irl_first_division,R2,10a,11915658,supremacy,0.8695833401571769,1.020258919453076,0.04802368384477318,0.36271764567633835,true
irl_first_division,R2,10a,11915658,level,0.24356683978339125,0.08439421821741,0.011174490719361954,0.1944722941589918,true
irl_first_division,R2,10a,11915660,supremacy,0.0817757822972956,-0.07659446949561616,0.0439139265773573,0.3582517987166652,true
irl_first_division,R2,10a,11915660,level,0.2785053623636091,0.278611619091236,0.010388874391594721,1.3645708311449776,true
irl_first_division,R2,10a,11915672,supremacy,0.0612073442410461,-0.025970115688846107,0.0445297273456354,0.5515253728190362,true
irl_first_division,R2,10a,11915672,level,0.19424990109344947,0.24660217991266153,0.010587269632867276,1.225676321217346,true
irl_first_division,R2,10a,11915639,supremacy,0.5389805218920887,0.4782635721199263,0.04644237568784462,0.5761434650263719,true
irl_first_division,R2,10a,11915639,level,0.17494255638595935,0.18084612843493858,0.012316389055960705,1.2780588274104094,true
irl_first_division,R2,10a,11915638,supremacy,-0.1140992883276391,0.045885658962457776,0.04553267526756449,0.34466009470256237,true
irl_first_division,R2,10a,11915638,level,0.2778593907012685,0.2252352249889215,0.01176433646445578,1.184703730016485,true
irl_first_division,R2,10a,11915641,supremacy,0.2551626830329253,0.30772628229614374,0.0468017428261575,0.5824614805318475,true
irl_first_division,R2,10a,11915641,level,0.27405993941441353,0.2444436875364937,0.010965015572575988,1.2975878017095526,true
irl_first_division,R2,10a,11915642,supremacy,1.7076539148340475,1.6413156962619078,0.04705513447316445,0.562517379512692,true
irl_first_division,R2,10a,11915642,level,0.24500578287747332,0.2010750522491988,0.01185532975926129,1.2171561838007479,true
irl_first_division,R2,10a,11915643,supremacy,-0.48230518724379834,-0.4442862204490125,0.04253348036522703,0.6428015243605698,true
irl_first_division,R2,10a,11915643,level,0.25570726061191246,0.20505983158994542,0.010419096258960807,1.240019888236037,true
irl_first_division,R2,10a,11915648,supremacy,-0.59228891406394,-0.532748815474103,0.04715943773304332,0.5705865165438033,true
irl_first_division,R2,10a,11915648,level,0.38631557009498907,0.25755478586168296,0.01114151718488128,0.5855657016451696,true
irl_first_division,R2,10a,11915649,supremacy,-0.46485692602514467,-0.514558742078391,0.04115363655143606,0.6462701728138667,true
irl_first_division,R2,10a,11915649,level,0.09741751984829997,0.1788088551343314,0.010204684268395,1.0489319236942862,true
irl_first_division,R2,10a,11915614,supremacy,-0.5976794478069117,-1.121102814040863,0.03862636698923971,-2.838466313425509,false
irl_first_division,R2,10a,11915614,level,0.2575801271474764,0.1280065797862665,0.010836548719338389,0.5688157867447379,true
irl_first_division,R2,10a,11915636,supremacy,0.6469333365943535,0.6574734981124429,0.04120039566874595,0.6743669489245467,true
irl_first_division,R2,10a,11915636,level,0.31699345007783297,0.27598558635628806,0.010238919248266767,1.289720836451157,true
irl_first_division,R2,10a,11915611,supremacy,0.7912329734552482,0.4970913133617661,0.04371000123300961,-0.34354638538465576,true
irl_first_division,R2,10a,11915611,level,0.263649060469658,0.28392929995918226,0.010678385428772794,1.3315703109057813,true
irl_first_division,R2,10a,11915615,supremacy,0.6092743341055179,0.6423428870136128,0.04632744503968883,0.6052696562176175,true
irl_first_division,R2,10a,11915615,level,0.2351889926127781,0.246653507687703,0.011414974852064004,1.311718932677487,true
irl_first_division,R2,10a,11915618,supremacy,0.7596654462326646,1.0563445626292187,0.03858647092754164,-0.4320474910571398,true
irl_first_division,R2,10a,11915618,level,0.19048053174632543,0.15071053183902994,0.00996525815794862,1.3060283262300723,true
irl_first_division,R2,10a,11915621,supremacy,0.33808597111873684,0.09604278549411224,0.0650696785761696,-0.0029607631208540264,true
irl_first_division,R2,10a,11915621,level,0.3766107327365212,0.2568502687161967,0.014869992161377785,0.7030009784265088,true
irl_first_division,R2,10a,11915650,supremacy,-0.12224674869857066,0.03672815977471844,0.056592882505117174,0.29370950693401904,true
irl_first_division,R2,10a,11915650,level,0.33541143122017403,0.19750792656265453,0.013296895449813786,0.5260679214352258,true
irl_first_division,R2,10a,11915633,supremacy,-0.2775455830433478,-0.10789604783845125,0.03660082156959027,0.34173000908263007,true
irl_first_division,R2,10a,11915633,level,0.22979230807552156,0.24399074518242822,0.009687566530069996,1.3891126115712966,true
irl_first_division,R2,10a,11915634,supremacy,0.213134369569435,0.6004003434468614,0.0644852147867575,-0.7111418309523492,true
irl_first_division,R2,10a,11915634,level,0.41982007496762375,0.29281272169185235,0.014566196813968438,0.6418783534889625,true
irl_first_division,R2,10a,11915610,supremacy,0.2967882259953998,0.3094727353390844,0.03871917170486258,0.7046939307219591,true
irl_first_division,R2,10a,11915610,level,0.3588846503983727,0.3002121761653396,0.009573269041095733,1.2256563489830163,true
irl_first_division,R2,10a,11915616,supremacy,1.0454013503090303,1.2201635117314389,0.04163014113122876,0.3037035618038986,true
irl_first_division,R2,10a,11915616,level,0.3206102432045642,0.24435300313538488,0.010198983634423578,1.0887094741253827,true
irl_first_division,R2,10a,11915613,supremacy,-0.41593374260566673,-0.45601677364523996,0.04670851825357858,0.5957771540481244,true
irl_first_division,R2,10a,11915613,level,0.24400368103708647,0.2712047484438464,0.01151175694905092,1.281118051470087,true
irl_first_division,R2,10a,11915635,supremacy,-0.01400557616575504,-0.41634706472513194,0.04105844421981489,-1.293879262295663,false
irl_first_division,R2,10a,11915635,level,0.30311193015420457,0.2915994583143161,0.010704382027364512,1.3434217270563362,true
irl_first_division,R2,10a,11915631,supremacy,0.031022298751553767,-0.1447112763658321,0.039383042039817365,0.3061954693203935,true
irl_first_division,R2,10a,11915631,level,0.3847972316583711,0.3811546222652694,0.01034792272207885,1.3659050840940405,true
irl_first_division,R2,10a,11915612,supremacy,0.6627264991584422,-0.28090251649500375,0.04644276847636676,-8.970547676520548,false
irl_first_division,R2,10a,11915612,level,0.3511556351750605,0.2922463784992247,0.011633298691160254,1.1588495632127194,true
irl_first_division,R2,10a,11915624,supremacy,0.15684138990552132,0.3936877255789705,0.04195594153519988,-0.0018839462737701984,true
irl_first_division,R2,10a,11915624,level,0.3368343459691268,0.28846759056742344,0.0103710851124265,1.2526462980832391,true
irl_first_division,R2,10a,11915628,supremacy,0.3885779623927387,0.7197838568642208,0.038815174857125156,-0.7075394456867495,false
irl_first_division,R2,10a,11915628,level,0.36019451037287803,0.30337808009199285,0.009941325398177173,1.2242309640719689,true
irl_first_division,R2,10a,13366705,supremacy,0.15437598530789665,-0.11913447439942698,0.13087356978132972,-0.18797920581727307,true
irl_first_division,R2,10a,13366705,level,0.22554805700314423,0.24335642142734612,0.02910411954921359,0.8440509090298777,true
irl_first_division,R2,10a,13366707,supremacy,-0.14468897758702098,0.018648779595363818,0.12524205682592096,0.013304307918686656,true
irl_first_division,R2,10a,13366707,level,0.2955315073868765,0.3924485456936125,0.028092523629473926,0.7000092163290841,true
irl_first_division,R2,10a,13366710,supremacy,-0.31778623542855367,0.06053199987390456,0.12844396696813806,-0.44995561565601483,true
irl_first_division,R2,10a,13366710,level,0.26735843126082887,0.3572482751892955,0.029519558098564602,0.705551056702132,true
irl_first_division,R2,10a,13366712,supremacy,0.4985939060594325,0.3966706001353006,0.11325570185911607,0.12425263468312431,true
irl_first_division,R2,10a,13366712,level,0.23102192616016,0.3510933923366185,0.027149686879340204,0.6187439506445984,true
irl_first_division,R2,10a,13366716,supremacy,0.626490296846242,0.4556795426674724,0.08438814972769987,0.14435588092606397,true
irl_first_division,R2,10a,13366716,level,0.27306882723244796,0.2799507112766077,0.020785206115063848,1.0166790819645568,true
irl_first_division,R2,10a,13366719,supremacy,-1.0400413411307528,-0.20511362866476365,1.2083560109252216,-1.3020204487413993,true
irl_first_division,R2,10a,13366719,level,0.1431418708161862,0.13113863372179296,0.2683282337825937,-0.26143485859764226,true
irl_first_division,R2,10a,13366725,supremacy,-0.8253584894017978,-1.0884067068908299,0.05700316858122867,-0.09354869408350419,true
irl_first_division,R2,10a,13366725,level,0.07992288149809465,0.14571110413229565,0.0279994045092112,0.7915585156633523,true
irl_first_division,R2,10a,13366728,supremacy,0.5782453380798819,0.20657037561771452,0.058547212248748086,-0.6797287453872312,true
irl_first_division,R2,10a,13366728,level,0.22133026693866606,0.2506333353615101,0.014051827684167184,1.1830092002336663,true
irl_first_division,R2,10a,13366730,supremacy,-0.03514683790367895,0.12873181344290224,0.09735337681809272,0.10783380567305051,true
irl_first_division,R2,10a,13366730,level,0.1495257250181054,0.30612162230186424,0.022380989640257254,0.43299599789429666,true
irl_first_division,R2,10a,13366732,supremacy,-0.21125519714085658,-0.3636970805473172,0.08225919786745114,0.18874965013773246,true
irl_first_division,R2,10a,13366732,level,0.27904861223748517,0.2963812671506091,0.020258819133658346,1.0232294290178705,true
irl_first_division,R2,10a,13366734,supremacy,0.9368245846544433,0.6285472065922043,0.05173283865887923,-0.35662386911913835,true
irl_first_division,R2,10a,13366734,level,0.19624924584103792,0.32077532504785994,0.012573032158020428,0.6524951434224805,true
irl_first_division,R2,10a,13366738,supremacy,0.17823987932323893,-0.23814828209231087,0.06572818002913962,-0.8767347180485883,true
irl_first_division,R2,10a,13366738,level,0.16898272938993347,0.22824629829722798,0.0145121954134644,1.0764368707781033,true
irl_first_division,R2,10a,13366740,supremacy,0.49075991632010274,0.5796201615746884,0.05059821159981398,0.4949531022790824,true
irl_first_division,R2,10a,13366740,level,0.10053827379626927,0.15434151557634673,0.012212634345489838,1.165187446565068,true
irl_first_division,R2,10a,13366744,supremacy,0.027064977506780913,0.21578800039418286,0.04685772390677544,0.23133306058376624,true
irl_first_division,R2,10a,13366744,level,0.16439095358643424,0.16395257006427694,0.011291697535315774,1.3228967343477191,true
irl_first_division,R2,10a,13366746,supremacy,-0.2643607393890862,-0.774293956436245,0.047214198512323335,-2.146154916413919,false
irl_first_division,R2,10a,13366746,level,0.16634395198172763,0.1164042298821277,0.014035251909144767,1.1253061770972739,true
irl_first_division,R2,10a,13366748,supremacy,-0.37808989598885234,-0.42946971930989986,0.03701322945117802,0.6936400179378275,true
irl_first_division,R2,10a,13366748,level,0.1521526257004276,0.2306640350480444,0.012524677366375477,1.0250128069662225,true
irl_first_division,R2,10a,13366752,supremacy,-0.21265454594182243,-0.09489449989036478,0.03977445100844822,0.5190008894759436,true
irl_first_division,R2,10a,13366752,level,0.25400304609630053,0.2226749052908888,0.012875913926082928,1.2191479407995227,true
irl_first_division,R2,10a,13366755,supremacy,0.5918258201620001,0.4041694331521443,0.037878564063074216,0.25290674110334344,true
irl_first_division,R2,10a,13366755,level,0.17411053603890136,0.2235162396034349,0.010632417693546677,1.2381984492212226,true
irl_first_division,R2,10a,13366758,supremacy,0.14621702056872093,-0.21629227386565453,0.03990313156826161,-0.9549383639636327,false
irl_first_division,R2,10a,13366758,level,0.07609071123831071,0.19146517685451236,0.009966602134594021,0.7175255937585988,true
irl_first_division,R2,10a,13366760,supremacy,0.12840074242010402,0.32386181122950347,0.04267101600620557,0.21050959829890337,true
irl_first_division,R2,10a,13366760,level,0.19501242109545935,0.19423710283829895,0.012528853002594154,1.2708980046127671,true
irl_first_division,R2,10a,13366765,supremacy,0.13785274195699895,0.3476648278871277,0.036523134050613595,0.13331921168771355,true
irl_first_division,R2,10a,13366765,level,0.17267241623120533,0.154323391654847,0.009556965576694585,1.3886892438528224,true
irl_first_division,R2,10a,13366767,supremacy,-0.8596119421907429,-0.20227680112313984,0.037464637654279036,-5.043390718289348,false
irl_first_division,R2,10a,13366767,level,0.17339788560896977,0.1706806403604894,0.009507914306624465,1.4084885602645816,true
irl_first_division,R2,10a,13366771,supremacy,-0.14750427635576785,-0.023049146698295775,0.04132726423853302,0.486782479124388,true
irl_first_division,R2,10a,13366771,level,0.15988009175210574,0.1589592140632111,0.009682944030004952,1.3997123219495542,true
irl_first_division,R2,10a,13366773,supremacy,-0.5362833972910228,-0.30566843670728727,0.04281519645065285,0.035413309686083694,true
irl_first_division,R2,10a,13366773,level,0.24592530021827355,0.3091431067838216,0.010328939994166314,1.1740034223198683,true
irl_first_division,R2,10a,13366812,supremacy,0.6545156821813888,0.4923435151176119,0.036714019858815755,0.3751885226056322,true
irl_first_division,R2,10a,13366812,level,0.1124604678586843,0.1320333659299211,0.009198166926461256,1.4046122865860362,true
irl_first_division,R2,10a,13366775,supremacy,0.4351134501278019,0.339830656670776,0.03544870602376472,0.6228401295726153,true
irl_first_division,R2,10a,13366775,level,0.25882323998781465,0.1885079703829822,0.009540498000643369,1.1480478643431486,true
irl_first_division,R2,10a,13366783,supremacy,-0.710779316049772,-0.32435407002742933,0.044691145023606035,-1.0355756270274952,false
irl_first_division,R2,10a,13366783,level,0.13790031874638312,0.10757279955079208,0.010836263479554827,1.301051076745093,true
irl_first_division,R2,10a,13366786,supremacy,-0.18178158575628856,-0.22260022099535753,0.0385650838248508,0.68716351830829,true
irl_first_division,R2,10a,13366786,level,0.25461132533756115,0.22320665108820067,0.009543677110872513,1.3553291575485464,true
irl_first_division,R2,10a,13366788,supremacy,0.7546669254963009,0.4566635010142758,0.041143663020109744,-0.4028147954599438,true
irl_first_division,R2,10a,13366788,level,0.21654463093584603,0.1577328562351642,0.009847675448967978,1.215705080408846,true
irl_first_division,R2,10a,13366790,supremacy,-0.024395558667808404,0.017332217619746737,0.03958087793550146,0.6737704836183449,true
irl_first_division,R2,10a,13366790,level,0.22127843889499363,0.2426357794924953,0.009566101199759196,1.3819849744288213,true
irl_first_division,R2,10a,13366798,supremacy,0.5183809625911844,0.4091153220689942,0.04109512540292276,0.531734054253235,true
irl_first_division,R2,10a,13366798,level,0.25048181473261655,0.21848773707037475,0.010421782615665537,1.3138803682937936,true
irl_first_division,R2,10a,13366802,supremacy,0.31896366089480277,0.19848536852473966,0.04198973993206469,0.4933863886598918,true
irl_first_division,R2,10a,13366802,level,0.1620415017565876,0.14739408508333052,0.010390351411361853,1.3541759638633517,true
irl_first_division,R2,10a,13366806,supremacy,0.706797574673384,0.6987376663800675,0.041126417898671386,0.6758239773514917,true
irl_first_division,R2,10a,13366806,level,0.24025773914400236,0.2616290933719376,0.010078055995856913,1.357099047799379,true
irl_first_division,R2,10a,13366810,supremacy,-0.3297203782345505,-0.46111999028023287,0.041114860608578496,0.46678327699209377,true
irl_first_division,R2,10a,13366810,level,0.2360250908273759,0.20842393880625326,0.010062524822636303,1.3426755564071193,true
irl_first_division,R2,10a,13366815,supremacy,0.27317025700281256,0.1333136265988164,0.03690669352055871,0.46575172456789693,true
irl_first_division,R2,10a,13366815,level,0.23873400305443096,0.20483281219276073,0.009324798953006468,1.3569749065284065,true
irl_first_division,R2,10a,13366819,supremacy,0.1855280099120336,0.2828777149277258,0.04255250581306794,0.5482136002735628,true
irl_first_division,R2,10a,13366819,level,0.26314777085905283,0.26658256075195985,0.010131848451368608,1.376515006288992,true
irl_first_division,R2,10a,13366825,supremacy,-1.0030438816809777,-0.6935837175114922,0.04264187591886415,-0.46438477105117004,true
irl_first_division,R2,10a,13366825,level,0.2133614084506028,0.2013465788635626,0.01023286954993629,1.3650830334832458,true
irl_first_division,R2,10a,13366827,supremacy,0.7080525881979622,0.7146558751951255,0.035774054225461316,0.7457182344122547,true
irl_first_division,R2,10a,13366827,level,0.28930345444126093,0.21504294529221255,0.009421338148836889,1.1207838756990465,true
irl_first_division,R2,10a,13366829,supremacy,-0.17752877001792264,-0.015365680697374012,0.042267002967229086,0.3518554085910449,true
irl_first_division,R2,10a,13366829,level,0.24223390086873525,0.18795312057501123,0.010006924051779019,1.2360822561949485,true
irl_first_division,R2,10a,13366831,supremacy,0.40618562327072705,0.48988739083230337,0.04056388609300604,0.5971425936348628,true
irl_first_division,R2,10a,13366831,level,0.2345571436542036,0.15866374788542414,0.009841126180394559,1.0990143753890322,true
irl_first_division,R2,10a,13366837,supremacy,0.049394626283431026,0.04864753529500507,0.03680161459355213,0.7321606636094055,true
irl_first_division,R2,10a,13366837,level,0.197806776669042,0.1754588945489602,0.00982958574850748,1.3668363928902447,true
irl_first_division,R2,10a,13366839,supremacy,0.0023453039947232968,-0.14205266237172534,0.036136506621808166,0.4527871814167227,true
irl_first_division,R2,10a,13366839,level,0.23859766212475542,0.27771659500587453,0.009349555174293034,1.3354370907626292,true
irl_first_division,R2,10a,13366841,supremacy,0.7169762745883687,0.7967064816085296,0.04213762169639035,0.5890383336004357,true
irl_first_division,R2,10a,13366841,level,0.18060913586799093,0.18955322180398748,0.010106961511552964,1.3743693801880152,true
irl_first_division,R2,10a,13366845,supremacy,0.28616797174632613,0.03050335458376488,0.03843344542242338,-0.13988319319098208,true
irl_first_division,R2,10a,13366845,level,0.25480954706287273,0.24576655130738473,0.009300580108326878,1.4155044458928192,true
irl_first_division,R2,10a,13366851,supremacy,-0.13356067205479122,0.1582686350296217,0.03693911911873531,-0.422462773114585,true
irl_first_division,R2,10a,13366851,level,0.2532376720837909,0.20969313275381096,0.009498721489244459,1.3095509162503853,true
irl_first_division,R2,10a,13366853,supremacy,0.2730258144319803,-0.18762659840189344,0.03859413334593375,-2.040741886212318,false
irl_first_division,R2,10a,13366853,level,0.24849931132254752,0.18545737627362435,0.009643781717219538,1.195728133298374,true
irl_first_division,R2,10a,13366855,supremacy,-0.8506239486373433,-0.3568240464667787,0.04100706988680458,-2.295058797032193,false
irl_first_division,R2,10a,13366855,level,0.25873966609831844,0.24526933711194487,0.01046773739761988,1.3521230615390425,true
irl_first_division,R2,10a,13366856,supremacy,1.2068103063972937,1.3138424211091038,0.04599339075557207,0.49615199425939205,true
irl_first_division,R2,10a,13366856,level,0.25482256116873336,0.18505749421533063,0.010830077753554754,1.1190695939274702,true
irl_first_division,R2,10a,13366857,supremacy,-0.29562510022302546,-0.3191127722919583,0.03567266174383997,0.7400143950730578,true
irl_first_division,R2,10a,13366857,level,0.17073822593848853,0.16162179433757698,0.009564879710083025,1.4015455884440047,true
irl_first_division,R2,10a,13366858,supremacy,0.6703846815339293,0.5294163693286252,0.03543480500437152,0.47068864702502833,true
irl_first_division,R2,10a,13366858,level,0.34421312795469466,0.2821422533372174,0.00953122388729706,1.2055382293934784,true
irl_first_division,R2,10a,13366860,supremacy,0.677697885461474,0.3615478090363189,0.03994229470227298,-0.5599696776224508,true
irl_first_division,R2,10a,13366860,level,0.31652621563334243,0.20140961404603197,0.009638387377532955,0.7146115187553987,true
irl_first_division,R2,10a,13366861,supremacy,0.316254126825084,0.7169945684296306,0.03950533772285503,-1.33582566708257,false
irl_first_division,R2,10a,13366861,level,0.3222614410978791,0.2909242935795845,0.009387068531147472,1.3629656843773923,true
irl_first_division,R2,10a,13366862,supremacy,0.6357589815434224,0.4478014840726048,0.037575805691933056,0.25166891932716895,true
irl_first_division,R2,10a,13366862,level,0.2711611587079097,0.26874991632115236,0.009362535287085139,1.416270549757746,true
irl_first_division,R2,10a,13366863,supremacy,0.5872603615784642,0.5752598773471151,0.036731414407466634,0.7311625894307603,true
irl_first_division,R2,10a,13366863,level,0.18892075191301022,0.19348932199527602,0.008987872748152569,1.4358398973405133,true
irl_first_division,R2,10a,13366865,supremacy,-0.022424323866246987,-0.02615896224824843,0.04213590697629644,0.6643234626560981,true
irl_first_division,R2,10a,13366865,level,0.27201741870475715,0.23280890102572502,0.010311725443700022,1.2937565487957698,true
irl_first_division,R2,10a,13366866,supremacy,0.9309151602810389,0.9619946377790578,0.047197834143954176,0.5975322834923109,true
irl_first_division,R2,10a,13366866,level,0.22113775455706547,0.16567822054970216,0.011351165061291541,1.1847967883378412,true
irl_first_division,R2,10a,13366868,supremacy,0.012412127982538712,0.29651479351622095,0.042969333283845765,-0.28451271651851573,true
irl_first_division,R2,10a,13366868,level,0.4171968826799247,0.32486729941112935,0.01033646147046624,0.9547371441870474,true
irl_first_division,R2,10a,13366869,supremacy,-0.9030327800834299,-0.7417623197605243,0.042012441111841325,0.35642692969793643,true
irl_first_division,R2,10a,13366869,level,0.26014283041199504,0.27707112300215975,0.010570700310475495,1.342341297538188,true
irl_first_division,R2,10a,13366870,supremacy,0.4128400035018559,0.2791419942939616,0.04217834207619699,0.45208595312638367,true
irl_first_division,R2,10a,13366870,level,0.46092571326991244,0.21417107683261788,0.010311647705980947,-1.584080160184953,false
irl_first_division,R2,10a,13366871,supremacy,0.47286796184035773,1.0740924310629159,0.04163640845136296,-3.6703510148176606,false
irl_first_division,R2,10a,13366871,level,0.3319830318788567,0.31067341809177024,0.010367789760591883,1.3436876360904528,true
irl_first_division,R2,10a,13366872,supremacy,-0.17176325269060716,0.007282622792331439,0.03997064050377732,0.2898543507166882,true
irl_first_division,R2,10a,13366872,level,0.3054129818386726,0.3124396877137391,0.01000724391657859,1.3808175523429498,true
irl_first_division,R2,10a,13366873,supremacy,-0.21791120150615545,-0.15757786258531242,0.03968577426390964,0.6485810397457085,true
irl_first_division,R2,10a,13366873,level,0.25085629314885716,0.20126280460771281,0.010050708481757265,1.258762282092217,true
irl_first_division,R2,10a,13366875,supremacy,0.13121996298715313,0.2093218484177214,0.037578523627556704,0.64056064312331,true
irl_first_division,R2,10a,13366875,level,0.2879925619883143,0.2508625968932023,0.00923347948215053,1.3488670241101066,true
irl_first_division,R2,10a,13366876,supremacy,0.9140501810666707,0.783435493296048,0.03760275249471956,0.49455276910521745,true
irl_first_division,R2,10a,13366876,level,0.19195345784099,0.24925512147784873,0.009475505751521368,1.2373225440452897,true
irl_first_division,R2,10a,13366877,supremacy,-0.8347485482319695,-1.0109456099088983,0.04034376969447728,0.3014597892004552,true
irl_first_division,R2,10a,13366877,level,0.25492039762818935,0.2959436439221788,0.009867976189053843,1.3050205947976692,true
irl_first_division,R2,10a,13366878,supremacy,0.2153928047645231,-0.10558313374004744,0.04053276039362197,-0.5870085521294922,true
irl_first_division,R2,10a,13366878,level,0.3141935124661337,0.2952118158639084,0.010100679516738528,1.3608020844367932,true
irl_first_division,R2,10a,13366706,supremacy,-0.27398388789105044,-0.2337020603550645,0.03622525397378318,0.7176645246900006,true
irl_first_division,R2,10a,13366706,level,0.3665689405175769,0.3490639606045058,0.009893254443928148,1.373526000594011,true
irl_first_division,R2,10a,13366709,supremacy,0.18245820186485012,0.4132705454854103,0.03709489939031324,0.010117652256253051,true
irl_first_division,R2,10a,13366709,level,0.20219785748812666,0.2555015830257706,0.010101521213121606,1.237959494447434,true
irl_first_division,R2,10a,13366711,supremacy,0.4668962899988768,0.7869260425705273,0.03906969806518079,-0.6084567012089206,true
irl_first_division,R2,10a,13366711,level,0.37183708944488786,0.3731772221783055,0.009832288019566121,1.392011943828177,true
irl_first_division,R2,10a,13366715,supremacy,-0.25853842883763045,-0.4544785323005265,0.03890723680761174,0.21096358496713202,true
irl_first_division,R2,10a,13366715,level,0.27839373433487563,0.19701045215260493,0.010191259490769586,1.0492268752021336,true
irl_first_division,R2,10a,13366718,supremacy,1.1294580211977256,1.0324106774147517,0.03232743323551235,0.65131236109561,true
irl_first_division,R2,10a,13366718,level,0.3353551398841143,0.2894008278430317,0.008055305436154347,1.3606924023397,true
irl_first_division,R2,10a,13366720,supremacy,0.1654231100677866,0.18136725920377927,0.03384942109303073,0.7702230581957653,true
irl_first_division,R2,10a,13366720,level,0.38323575487746664,0.3090321378723548,0.008463873878563774,1.141760405104855,true
irl_first_division,R2,10a,13366722,supremacy,-0.7195802844158068,-0.6555018576438745,0.03360356170311596,0.716527693565132,true
irl_first_division,R2,10a,13366722,level,0.19987534646480998,0.2002465995237951,0.008544264279049987,1.4623009340718187,true
irl_first_division,R2,10a,13366724,supremacy,0.07558944543856583,0.17364084685585318,0.03415168758606843,0.6287775820899194,true
irl_first_division,R2,10a,13366724,level,0.23755671203542167,0.30910934455813754,0.008495858055541622,1.163839419355359,true
irl_first_division,R2,10a,13366726,supremacy,-0.4589420216940638,-0.40898430988014334,0.03569624908303695,0.7124578220008707,true
irl_first_division,R2,10a,13366726,level,0.4108244989772417,0.28264017912101924,0.008861540959892611,0.5169702720093131,true
irl_first_division,R2,10a,13366727,supremacy,-0.3151469221320766,-0.3034394907389886,0.03443333110807385,0.7634363147344873,true
irl_first_division,R2,10a,13366727,level,0.4254752690505663,0.30307650240110073,0.008471106804429876,0.5823404761659587,true
irl_first_division,R2,10a,13366729,supremacy,0.5276770265973229,0.597164157468326,0.0332582915996853,0.7101967130719334,true
irl_first_division,R2,10a,13366729,level,0.21204794912382396,0.27322022651540645,0.008697902128472018,1.238286101975822,true
irl_first_division,R2,10a,13366733,supremacy,0.08823087353241299,-0.035113211561300484,0.03493281186937285,0.5404683317791851,true
irl_first_division,R2,10a,13366733,level,0.38139969393297646,0.25756702392341535,0.00845816202926146,0.5608801100996207,true
irl_first_division,R2,10a,13366735,supremacy,-0.14227887405162037,-0.28217060737173016,0.042077511374974036,0.4326389701295238,true
irl_first_division,R2,10a,13366735,level,0.36907486928396194,0.37632026668057356,0.010435576866446888,1.3598134643384483,true
irl_first_division,R2,10a,13366739,supremacy,-0.5738468352310386,-0.7550895461587829,0.039889378957492894,0.2801338485864403,true
irl_first_division,R2,10a,13366739,level,0.2344972548221974,0.3085069629825919,0.009848591341872895,1.1131926381477255,true
irl_first_division,R2,10a,13366741,supremacy,-0.2971715109036702,-0.10892216699360227,0.04043887245583557,0.24687812305821455,true
irl_first_division,R2,10a,13366741,level,0.2411152854024527,0.17049844340491443,0.00980026683096967,1.1393157997964845,true
irl_first_division,R2,10a,13366743,supremacy,-0.49834069786871005,-0.2639252698737782,0.040995393311754585,0.0080047707241927,true
irl_first_division,R2,10a,13366743,level,0.3659099948202171,0.4211937573344502,0.010083853763467904,1.2279273859023188,true
irl_first_division,R2,10a,13366745,supremacy,0.21319121659959772,0.2477275964747646,0.03932403647497842,0.683855325255724,true
irl_first_division,R2,10a,13366745,level,0.3636507114621562,0.41811358283437866,0.0096646407170351,1.2472456121862137,true
irl_first_division,R2,10a,13366747,supremacy,1.0596634939269882,1.1023308713056785,0.03856329646369461,0.6851845120409318,true
irl_first_division,R2,10a,13366747,level,0.2814583781977259,0.30984123698024024,0.009505863793290562,1.3666115373884702,true
irl_first_division,R2,10a,13366749,supremacy,-0.2291105062337627,0.18373006582523968,0.03962083457206073,-1.4555934168014244,false
irl_first_division,R2,10a,13366749,level,0.3160076198158698,0.3007005356972298,0.00963548827391629,1.3900540834087778,true
irl_first_division,R2,10a,13366751,supremacy,-0.24829375568013512,-0.4080938764117771,0.041377033953819614,0.3649981852302249,true
irl_first_division,R2,10a,13366751,level,0.24926869203412227,0.2063462732862632,0.010209349970769555,1.283059340999489,true
irl_first_division,R2,10a,13366754,supremacy,-0.4068392837337821,-0.13355479792189678,0.036760592957164814,-0.28309572771895575,true
irl_first_division,R2,10a,13366754,level,0.2775371688291715,0.2668188498016686,0.009692385226742067,1.3933424080785481,true
irl_first_division,R2,10a,13366759,supremacy,1.1972677135584595,1.1826342237633467,0.038743423217815876,0.7036950440796907,true
irl_first_division,R2,10a,13366759,level,0.3113161816374128,0.3200763870064225,0.009652984908530532,1.397330515705322,true
irl_first_division,R2,10a,13366761,supremacy,-0.20158120787776573,-0.27381039833236465,0.040003956086914635,0.6252431802559529,true
irl_first_division,R2,10a,13366761,level,0.33626096786877624,0.3319167647318333,0.009666017990310832,1.3996546803206293,true
irl_first_division,R2,10a,13366764,supremacy,0.47268116165411594,0.6437730691260842,0.036338328997293445,0.335726192274954,true
irl_first_division,R2,10a,13366764,level,0.3413985422049129,0.3326067473407725,0.009552562722293656,1.4024885657481205,true
irl_first_division,R2,10a,13366766,supremacy,-0.22876174802819454,-0.204109838226745,0.03622053448211703,0.7317368840984434,true
irl_first_division,R2,10a,13366766,level,0.39024002470560515,0.3092279132798924,0.009707138100450069,1.0604601002241534,true
irl_first_division,R2,10a,13366768,supremacy,1.4917826477228546,0.9434866970624075,0.03893361805692164,-3.156772274151848,false
irl_first_division,R2,10a,13366768,level,0.28667155131153566,0.3162295059945012,0.009481339209192488,1.3642030454027356,true
irl_first_division,R2,10a,13366770,supremacy,0.13736253908323562,0.06876587431262318,0.04000587245375782,0.6316158327212777,true
irl_first_division,R2,10a,13366770,level,0.11983206994445082,0.27741881539821467,0.009831608533623706,0.12919177743851917,true
irl_first_division,R2,10a,13366774,supremacy,-0.26518911892911223,-0.34823566981437915,0.035974496616134555,0.6476781580637316,true
irl_first_division,R2,10a,13366774,level,0.36449523459025823,0.37493688796109603,0.009601022158010314,1.398326378861857,true
irl_first_division,R2,10a,13366776,supremacy,0.3111783543662634,0.490051986422,0.04180198148646208,0.2857607806718459,true
irl_first_division,R2,10a,13366776,level,0.30507044594751215,0.2476305099421306,0.009744856492620566,1.2272827541932831,true
irl_first_division,R2,10a,13366778,supremacy,0.5564003737806291,0.21669093821800406,0.03906830942600975,-0.7746490690887192,false
irl_first_division,R2,10a,13366778,level,0.27130695493428414,0.26624112684492707,0.009496842517463591,1.4081083049258536,true
irl_first_division,R2,10a,13366780,supremacy,0.3318903514834087,0.18813009152639187,0.037258145710446694,0.44865489555161286,true
irl_first_division,R2,10a,13366780,level,0.2437950874383121,0.27924994132882464,0.009301526612439187,1.3522777750857253,true
irl_first_division,R2,10a,13366782,supremacy,-0.7054902291022229,-0.5419647421034047,0.03781915790154039,0.36499894552908296,true
irl_first_division,R2,10a,13366782,level,0.30254346664263276,0.33312991647427775,0.009519597298264182,1.3591257271449604,true
irl_first_division,R2,10a,13366787,supremacy,1.3173960614280602,1.248260508739351,0.03652000880254591,0.6705691510401499,true
irl_first_division,R2,10a,13366787,level,0.21306204816356558,0.2207260062478773,0.009335460769986259,1.4148831707574159,true
irl_first_division,R2,10a,13366789,supremacy,0.32924279307369425,-0.007851087168505966,0.037187042168999505,-0.8008889194691743,false
irl_first_division,R2,10a,13366789,level,0.2866190128845251,0.2899621138622217,0.009281642603697765,1.420317772295973,true
irl_first_division,R2,10a,13366791,supremacy,0.13696389415180085,0.27585283255424314,0.04051253173465652,0.4460572551328442,true
irl_first_division,R2,10a,13366791,level,0.29777625223498977,0.3385488505048784,0.010042591912241591,1.298753771559611,true
irl_first_division,R2,10a,13366795,supremacy,0.7866260743493181,0.732128530104206,0.040746350825213495,0.6448111989927564,true
irl_first_division,R2,10a,13366795,level,0.4464212329449808,0.38292125044819747,0.009983285986849305,1.1825330313914615,true
irl_first_division,R2,10a,13366797,supremacy,-0.7217523528361116,-0.6308011143262043,0.04060230692213729,0.5811589567097698,true
irl_first_division,R2,10a,13366797,level,0.22400223976216604,0.264627862827787,0.009716413762605819,1.3131002315793239,true
irl_first_division,R2,10a,13366799,supremacy,-0.4740379341467277,-0.13768355662612558,0.037403063880360764,-0.7883035134810593,false
irl_first_division,R2,10a,13366799,level,0.2688825630078228,0.304680462935212,0.009123198783509867,1.3592963892806949,true
irl_first_division,R2,10a,13366803,supremacy,-0.06610424853180857,-0.18094605239548311,0.03926465143436983,0.5318313162568333,true
irl_first_division,R2,10a,13366803,level,0.21345373759772804,0.2584875230662711,0.009696671751108249,1.2944736320362835,true
irl_first_division,R2,10a,13366807,supremacy,0.8780695543508803,0.8566504146133938,0.03715811698045901,0.7211746443500383,true
irl_first_division,R2,10a,13366807,level,0.22381433382163143,0.34725610807361995,0.009398328760612432,0.6040039485016943,true
irl_first_division,R2,10a,13366809,supremacy,0.7586965883902218,0.7173543059623061,0.039763445397388186,0.6719731856617623,true
irl_first_division,R2,10a,13366809,level,0.43510821754965195,0.35191252504557896,0.009589955426211147,1.043707397587102,true
irl_first_division,R2,10a,13366814,supremacy,0.8876682340394442,0.8665243653075965,0.037560473250102255,0.7160117338658919,true
irl_first_division,R2,10a,13366814,level,0.21614212037681588,0.24815704279134612,0.009126413373855377,1.3731994830951548,true
irl_first_division,R2,10a,13366816,supremacy,0.49429109263349297,0.4935552728630367,0.038884265485349956,0.7046373029263964,true
irl_first_division,R2,10a,13366816,level,0.3151393172669009,0.3422628088626945,0.00955327999841421,1.3679925791000582,true
irl_first_division,R2,10a,13366818,supremacy,0.545931280587895,0.38219270285386564,0.03979307894073078,0.35622093663835064,true
irl_first_division,R2,10a,13366818,level,0.2940019171158676,0.3501946935253528,0.009689415300054599,1.2364799249377432,true
irl_first_division,R2,10a,13366820,supremacy,0.5239450025746795,0.8174243362691422,0.03815073258544521,-0.41464681294011696,true
irl_first_division,R2,10a,13366820,level,0.22238303040718546,0.1931160193621206,0.009421278076670744,1.3679950372521754,true
irl_first_division,R2,10a,13366824,supremacy,-1.0722262467931671,-1.022994061411867,0.037785451968494366,0.6869037288845109,true
irl_first_division,R2,10a,13366824,level,0.29549782854727824,0.290961427013751,0.009316775864799232,1.417926388109593,true
irl_first_division,R2,10a,14505913,supremacy,-0.3456922778321288,-0.055886894127911146,0.03907515263184925,-0.37249183912780237,true
irl_first_division,R2,10a,14505913,level,0.21150687233888757,0.2803821112175888,0.009349952997364727,1.1635731070888338,true
irl_first_division,R2,10a,13366828,supremacy,0.7383961036525577,0.7835080241686669,0.03524901234666922,0.7248530831155371,true
irl_first_division,R2,10a,13366828,level,0.40566818117641457,0.38241678481929453,0.009750803319293344,1.368542069976289,true
irl_first_division,R2,10a,13366830,supremacy,1.1085559287638553,0.8350647320801683,0.0404160587015614,-0.24001750104689157,true
irl_first_division,R2,10a,13366830,level,0.24296821327355858,0.21091909839229425,0.009988040885400666,1.3328260928131863,true
irl_first_division,R2,10a,13366832,supremacy,0.8259605389218718,0.7146127181920449,0.035562345043518184,0.5749770992292726,true
irl_first_division,R2,10a,13366832,level,0.235705096942754,0.2615312633127164,0.009618307022725425,1.368431987239394,true
irl_first_division,R2,10a,13366834,supremacy,0.00937826586152983,0.06553131062275558,0.03665911107520653,0.6911015502800404,true
irl_first_division,R2,10a,13366834,level,0.11900019956193744,0.2509882756609497,0.009655064048276082,0.49903642972278905,true
irl_first_division,R2,10a,13366836,supremacy,-1.3120064537066196,-1.222420424588523,0.036925040898200034,0.6218191521710628,true
irl_first_division,R2,10a,13366836,level,0.3414483829252515,0.3216553599383271,0.008843259265346931,1.4229609374500052,true
irl_first_division,R2,10a,13366838,supremacy,1.0199561261366046,0.6207726772394647,0.03672887591229501,-1.4360815998132181,false
irl_first_division,R2,10a,13366838,level,0.38497552932283485,0.39503518247744324,0.009392768625592712,1.4095821140829023,true
irl_first_division,R2,10a,13366842,supremacy,0.46020951006326805,0.4540412261771589,0.03628095771397011,0.7387682464871073,true
irl_first_division,R2,10a,13366842,level,0.32285506799190705,0.2635545318624259,0.00859473920883301,1.2547880251870256,true
irl_first_division,R2,10a,13366846,supremacy,1.3286962958668838,1.1956519781629424,0.039356610962062666,0.4737301585760959,true
irl_first_division,R2,10a,13366846,level,0.3129902361754479,0.24294331052142604,0.00950377599328009,1.1509564921520958,true
irl_first_division,R2,10a,13366850,supremacy,0.4011303247430274,-0.03548866870497869,0.03520177306002122,-1.9533725202550198,false
irl_first_division,R2,10a,13366850,level,0.41497620302077864,0.37465410153581563,0.009003235996707437,1.3458533230238505,true
irl_first_division,R2,10a,13366852,supremacy,0.8341958380197668,0.9726692424340457,0.03722824807166969,0.4688738176818807,true
irl_first_division,R2,10a,13366852,level,0.3472194189072206,0.2858896537698493,0.009791148323877785,1.2021211353461465,true
irl_first_division,R2,10a,13366854,supremacy,-0.8604576940991295,-1.0183972053913093,0.035906017970387394,0.39712302336907884,true
irl_first_division,R2,10a,13366854,level,0.36477226294545795,0.30418761852971654,0.009283194939761666,1.2231403223317368,true
irl_first_division,R2,10a,14795883,supremacy,0.019604730224386968,0.09450980678194454,0.0414017422511498,0.6055175475321138,true
irl_first_division,R2,10a,14795883,level,0.2772287383274291,0.1530410389186292,0.009735433213651452,0.6049678598461026,true
irl_first_division,R2,10a,13243122,supremacy,-0.6852367662447562,-0.03561361105269306,0.036006099802638254,-5.117165504380031,false
irl_first_division,R2,10a,13243122,level,0.4019689789392123,0.3129006588356157,0.009067655598071656,0.9951391911073071,true
irl_first_division,R2,10a,13243123,supremacy,-0.4371039401051641,-0.2814786260723585,0.03825461662934959,0.3962538372416032,true
irl_first_division,R2,10a,13243123,level,0.3181612430502928,0.2332026763669549,0.009377230977633454,1.030930673187577,true
irl_first_division,R2,10a,13243127,supremacy,0.5604695605227524,0.29135350029221635,0.03960036664397672,-0.21890916466774157,true
irl_first_division,R2,10a,13243127,level,0.36331498787300726,0.2898416753213423,0.009565681132427409,1.123676571541918,true
irl_first_division,R6,10a,9414146,supremacy,0.6728028259853156,0.15000000000000002,1.0761177575221808,-1.0826133164642957,true
irl_first_division,R6,10a,9414146,level,0.15950367307610366,0.37510459245033817,0.48569610604721186,-0.6057051765828424,true
irl_first_division,R6,10a,9414147,supremacy,-0.18584588367360777,0.15000000000000002,1.0761177575221803,-1.0080255977153012,true
irl_first_division,R6,10a,9414147,level,0.08089560729632356,0.37510459245033817,0.48569610604721175,-0.646960572715712,true
irl_first_division,R6,10a,9429529,supremacy,-0.38564021772926543,0.3007560582562922,0.8993383141050794,-1.1278274744805605,true
irl_first_division,R6,10a,9429529,level,0.31528618671596675,0.1475395960698949,0.21313296199646994,-0.21203158890452167,true
irl_first_division,R6,10a,9429531,supremacy,0.4155696160072648,0.3007560582562922,0.8993383141050793,-0.8732193434464045,true
irl_first_division,R6,10a,9429531,level,0.07351951000582144,0.1475395960698949,0.21313296199646997,-0.1588724123037123,true
irl_first_division,R6,10a,9445955,supremacy,-0.23694664823922973,0.3739358701918053,0.8026769435444991,-1.0414951149592533,true
irl_first_division,R6,10a,9445955,level,0.17422626186123763,0.19344478051733988,0.20835943560026488,-0.13557954821729212,true
irl_first_division,R6,10a,9460690,supremacy,-0.2932374636094678,0.2356076838738672,0.35946624071195965,-0.7963883509161442,true
irl_first_division,R6,10a,9460690,level,0.12911065483846534,0.06790707486534109,0.0821691814334087,0.3077552582108599,true
irl_first_division,R6,10a,9460691,supremacy,0.9961170579070444,0.535580294423624,0.37690867692968394,-0.712422434015101,true
irl_first_division,R6,10a,9460691,level,0.13361097431632962,0.2015990787745207,0.08207105441029526,0.3029855553075125,true
irl_first_division,R6,10a,9473532,supremacy,0.22267040845156552,0.34372635871926616,0.6326888849610011,-0.7016314584366852,true
irl_first_division,R6,10a,9473532,level,0.29310881825443297,0.15408501948639658,0.1470903757656185,-0.02628429349695338,true
irl_first_division,R6,10a,9473533,supremacy,-0.10148444930284027,-0.7709119328788596,0.1242276111034485,-1.679796370314714,false
irl_first_division,R6,10a,9473533,level,0.15129341742406618,0.17943006320019783,0.014425760069548998,1.1729918708614544,true
irl_first_division,R6,10a,9487696,supremacy,0.5013596881416774,0.7760816481619319,0.15700785646821896,-0.2335539717408559,true
irl_first_division,R6,10a,9487696,level,0.19495163039866176,0.11215437368942835,0.017997723586758507,0.8993649980644913,true
irl_first_division,R6,10a,9487698,supremacy,1.4626097626021168,1.382243714154195,0.12680980349207435,0.08812883156687945,true
irl_first_division,R6,10a,9487698,level,-0.07511828790675501,0.12288616527346563,0.013623520407186724,-0.2098596338177745,false
irl_first_division,R6,10a,9490033,supremacy,-0.5265484539060864,0.03705813908660481,0.18342436464815665,-0.9368568520666429,true
irl_first_division,R6,10a,9490033,level,0.2565425143873346,0.13948602677294697,0.011626592849533667,0.7190295145807437,true
irl_first_division,R6,10a,9500162,supremacy,0.2395222002546128,1.2044444158289933,0.10689740121665375,-4.155988713210586,false
irl_first_division,R6,10a,9500162,level,0.4185923659117076,0.15338560257258413,0.011763465888776414,-1.6870969591315261,false
irl_first_division,R6,10a,9513358,supremacy,-0.8773838195736987,-0.6361556064399692,0.06982517095412033,-0.0047492467684397965,true
irl_first_division,R6,10a,9513358,level,0.2068608809597288,0.14194495943529,0.007526630086035107,1.245770936201855,true
irl_first_division,R6,10a,9522728,supremacy,0.5148910333486545,0.8492498550799448,0.06736344886500023,-0.39990803606236236,true
irl_first_division,R6,10a,9522728,level,0.35147322029495065,0.4828015266665552,0.00881145725411759,0.4682366559669109,true
irl_first_division,R6,10a,9522730,supremacy,-0.17364360318731492,-0.2852025599378726,0.08561485568014586,0.23732721397071677,true
irl_first_division,R6,10a,9522730,level,0.2975205804008185,0.1809077396958108,0.007797102765246435,0.6360368693668925,true
irl_first_division,R6,10a,9522731,supremacy,0.5035524305942137,0.4619423334004318,0.07957527197427569,0.33570840185961714,true
irl_first_division,R6,10a,9522731,level,0.38173174021953266,0.2336010595744339,0.010085579610504764,0.2915604247867103,true
irl_first_division,R6,10a,9533822,supremacy,0.6270937298294735,0.427967479031094,0.0559400669087273,0.16839022378962976,true
irl_first_division,R6,10a,9533822,level,0.2683860240747232,0.16438389844606488,0.006547572890923488,0.769403214620352,true
irl_first_division,R6,10a,9533823,supremacy,-0.5705484103860962,-0.77115506389838,0.0929046418403897,0.05256985347596821,true
irl_first_division,R6,10a,9533823,level,0.22813294184216273,0.03948853992653498,0.008791694967010853,-0.5758468815587823,false
irl_first_division,R6,10a,9536038,supremacy,-0.26435499056803136,-0.1331076608130052,0.05869865185883086,0.3519994043664241,true
irl_first_division,R6,10a,9536038,level,0.15607434873672593,0.25417488936316374,0.0064781465828969665,0.8579387459403778,true
irl_first_division,R6,10a,9557712,supremacy,-0.1766729271359399,-0.33385934795370886,0.07951041261918022,0.19162193417711415,true
irl_first_division,R6,10a,9557712,level,0.1747231154170635,0.20014672069660056,0.007041068003571867,1.5131599085012013,true
irl_first_division,R6,10a,9557714,supremacy,0.4795110764248244,0.17165019257314923,0.08188105414870245,-0.2464508398026708,true
irl_first_division,R6,10a,9557714,level,0.3705665866135626,0.41323695465657473,0.007020256788771461,1.4308601687234608,true
irl_first_division,R6,10a,9557715,supremacy,0.8442055622422894,0.7061522463895749,0.08071831394384171,0.2213993991513481,true
irl_first_division,R6,10a,9557715,level,0.3267392346111248,0.34318576141738033,0.007946828582836196,1.4815340136246444,true
irl_first_division,R6,10a,9568638,supremacy,0.15209065128744903,0.1378889975560481,0.06087104868759233,0.47890359693919193,true
irl_first_division,R6,10a,9568638,level,0.28732305093535726,0.35846812874515177,0.007338236323550798,1.193509826546344,true
irl_first_division,R6,10a,9568639,supremacy,0.12098613354373142,0.17595097987943614,0.06509720241545343,0.42379352505245305,true
irl_first_division,R6,10a,9568639,level,0.23562387068337098,0.360486676741155,0.0072917471267145845,0.47250134796164955,true
irl_first_division,R6,10a,9581631,supremacy,1.23913928509764,0.7615986016731475,0.06174233179059671,-1.373294182251339,false
irl_first_division,R6,10a,9581631,level,0.011438969992675019,0.14705688582664855,0.006349160167529545,0.16238004391875105,false
irl_first_division,R6,10a,9581632,supremacy,-0.44678681346367266,-0.6469605508393342,0.08319073009747927,0.08354187682214942,true
irl_first_division,R6,10a,9581632,level,0.26370759935077587,0.18485815066359507,0.0068838897506311135,1.1187685046664124,true
irl_first_division,R6,10a,9596800,supremacy,0.38680050632917007,0.37972383923699554,0.0681793329348179,0.42350110391815454,true
irl_first_division,R6,10a,9596800,level,0.09707660474580208,0.09638326555845281,0.006469873033779841,1.6013237134522091,true
irl_first_division,R6,10a,9596802,supremacy,-0.06791446033913517,0.23971794315386796,0.06402556092359737,-0.2837639142514252,true
irl_first_division,R6,10a,9596802,level,0.3361576764678069,0.3840314844380804,0.006487105612567371,1.423380333472847,true
irl_first_division,R6,10a,9607257,supremacy,-0.41187836746483153,-0.3007060344055421,0.06487662597252958,0.3534431661024853,true
irl_first_division,R6,10a,9607257,level,0.16450015114570127,0.14499537157751524,0.006683846799041668,1.5566328697931346,true
irl_first_division,R6,10a,9607258,supremacy,1.0165535526054124,0.8941006407359267,0.06996950507373001,0.3037575622142781,true
irl_first_division,R6,10a,9607258,level,0.2736925252635806,0.2751249133527679,0.006801507581272015,1.5762161314423042,true
irl_first_division,R6,10a,9607259,supremacy,-0.8520885891255778,-1.0548916690704568,0.05563453799933078,0.15590071145617723,true
irl_first_division,R6,10a,9607259,level,0.35853041263612184,0.11455087874245246,0.006645403987933733,-2.890759095662158,false
irl_first_division,R6,10a,9622165,supremacy,-0.0701223321308137,0.14496085726218025,0.053987684946700615,0.11212287576891433,true
irl_first_division,R6,10a,9622165,level,0.11861511200494634,0.2537416855063403,0.006272378964614043,0.16133768323043896,false
irl_first_division,R6,10a,9622558,supremacy,-0.7994247046657417,-0.6627012015270167,0.06938235223524278,0.28041050650344856,true
irl_first_division,R6,10a,9622558,level,0.3853577352238914,0.3407818989395955,0.006607272461805444,1.4404886309455263,true
irl_first_division,R6,10a,9622559,supremacy,-0.0943865662458297,-0.3651286631945476,0.05718783732934514,-0.1291132691623511,true
irl_first_division,R6,10a,9622559,level,0.3162052240350296,0.323459363668418,0.0064984181421563385,1.5951108408396957,true
irl_first_division,R6,10a,9633808,supremacy,0.09120716137276802,0.23810770507219037,0.06478706770042669,0.2828422942849693,true
irl_first_division,R6,10a,9633808,level,0.3060209295819438,0.36864331615665497,0.0068502258528015236,1.2865622359917168,true
irl_first_division,R6,10a,9633810,supremacy,0.12055894389855404,-0.1313309446494526,0.06741320766093305,-0.04107547555888513,true
irl_first_division,R6,10a,9633810,level,0.36455369553138833,0.23619843951460662,0.006648577429505403,0.3487454058638213,true
irl_first_division,R6,10a,9633811,supremacy,1.5438402291382463,1.4049691420379729,0.07469096719860813,0.24915971784303048,true
irl_first_division,R6,10a,9633811,level,0.15323312318141336,0.2412518527544469,0.00669985735779098,1.0057272046947814,true
irl_first_division,R6,10a,9633816,supremacy,0.29840630930198897,-0.6807422392358278,0.05766919003393148,-7.804762857960402,false
irl_first_division,R6,10a,9633816,level,0.2797918462745368,0.34701890108687805,0.006176655644003016,1.2586991685681652,true
irl_first_division,R6,10a,9633818,supremacy,0.8072193849737709,0.6305323085590834,0.07984090741375519,0.1494177999554629,true
irl_first_division,R6,10a,9633818,level,0.17355902628644687,0.1715045861960217,0.006758827384502736,1.5792021628016428,true
irl_first_division,R6,10a,9633819,supremacy,0.7450810244950468,0.9402455515673389,0.06685981880900248,0.14879634857290047,true
irl_first_division,R6,10a,9633819,level,0.21711898920641037,0.16664225626210086,0.006556654511394579,1.4004000337876825,true
irl_first_division,R6,10a,9633821,supremacy,0.6630795521653648,0.7696672996887879,0.061525477839867816,0.38288624333749244,true
irl_first_division,R6,10a,9633821,level,0.3899327718417737,0.46800813779396677,0.006570287592270329,1.1297717232949966,true
irl_first_division,R6,10a,9633823,supremacy,-0.5401166377161035,-0.481624448975758,0.07773483058247828,0.33628093753278043,true
irl_first_division,R6,10a,9633823,level,0.433940884604317,0.3411247542508507,0.006602714718749923,0.9388280538208154,true
irl_first_division,R6,10a,9633825,supremacy,0.37175200607460523,0.2451731962095461,0.06520691064032577,0.3232998062848016,true
irl_first_division,R6,10a,9633825,level,0.21248503844700672,0.16063244554219464,0.0063145096747234545,1.4006161765198797,true
irl_first_division,R6,10a,9633827,supremacy,-0.4575680760501651,-0.7852687840568241,0.0552037596969665,-0.44322534016169257,true
irl_first_division,R6,10a,9633827,level,0.38007740324927597,0.3242465066889085,0.00634943655128109,1.365294207916213,true
irl_first_division,R6,10a,9633829,supremacy,0.5574924355755364,0.4651176170117527,0.07136418739957588,0.34125538395058264,true
irl_first_division,R6,10a,9633829,level,0.32262051936802816,0.30619863867515146,0.0066153174799340395,1.5698623522112198,true
irl_first_division,R6,10a,9633831,supremacy,0.5170911332098479,0.4149293595922322,0.07478920963926025,0.30782600154755657,true
irl_first_division,R6,10a,9633831,level,0.24287411697196742,0.22141363391812935,0.006606105232014825,1.5560838946861364,true
irl_first_division,R6,10a,9633832,supremacy,0.13119038721114626,0.07465585736455027,0.06403940182438378,0.43023525012804775,true
irl_first_division,R6,10a,9633832,level,0.3037467492833686,0.29754079139507156,0.006399432396641069,1.60382529072804,true
irl_first_division,R6,10a,9633833,supremacy,0.7758911273496815,0.7671545830340152,0.05801720844637333,0.5039114763472848,true
irl_first_division,R6,10a,9633833,level,0.36180971693021974,0.32102304348905975,0.006446947847659428,1.4741170699756403,true
irl_first_division,R6,10a,9633834,supremacy,-0.3873101803723949,-0.2362656737567192,0.0686497622706358,0.2542647801369411,true
irl_first_division,R6,10a,9633834,level,0.2562429734414134,0.16983431723981748,0.006578228223012647,1.0255437045288507,true
irl_first_division,R6,10a,9633835,supremacy,0.6555784262498106,0.8417404641839964,0.07479842507278267,0.14587602520000376,true
irl_first_division,R6,10a,9633835,level,0.20044636431154747,0.24366798496779812,0.00686201562995985,1.4358189792293172,true
irl_first_division,R6,10a,9633842,supremacy,-0.9649088557350136,-0.6260754862446927,0.07195898033382059,-0.40084163639201775,true
irl_first_division,R6,10a,9633842,level,0.19503930687425167,0.2196271910361538,0.006708001302021656,1.5382256824994973,true
irl_first_division,R6,10a,9633845,supremacy,1.1695346586118807,0.9191255077676316,0.08267810934206757,-0.05174839476838011,true
irl_first_division,R6,10a,9633845,level,0.13478755480571333,0.20935970368281703,0.006923523416614671,1.1658744379546448,true
irl_first_division,R6,10a,9633847,supremacy,-0.8071548816103564,-0.8275904680940878,0.07003682474744814,0.4074471375312174,true
irl_first_division,R6,10a,9633847,level,0.2291482780163837,0.25228287113629166,0.006937182787683915,1.5279158152223216,true
irl_first_division,R6,10a,9633851,supremacy,0.9505760326867412,1.1222524087518766,0.07396266653038344,0.1839179656466714,true
irl_first_division,R6,10a,9633851,level,0.39580833699034434,0.3448529794898091,0.006916736153457262,1.3802739205311318,true
irl_first_division,R6,10a,9633854,supremacy,-0.6917319805218912,-1.1078672833375862,0.063837623682954,-0.8995530318177729,false
irl_first_division,R6,10a,9633854,level,0.24510907721631764,0.22924732276138268,0.006393104419570962,1.5876520387366355,true
irl_first_division,R6,10a,9633856,supremacy,0.40728307745200326,0.05489673589348859,0.056343671070102436,-0.5827486669810611,true
irl_first_division,R6,10a,9633856,level,0.2814956162663708,0.33322417596696985,0.006801685355312095,1.3796494177447762,true
irl_first_division,R6,10a,9633857,supremacy,0.3678806481594493,0.3755343404790528,0.1092169830593684,0.1880026422314227,true
irl_first_division,R6,10a,9633857,level,0.39329494711861585,0.3069172413229463,0.007433051753546947,1.0300835851975725,true
irl_first_division,R6,10a,9889523,supremacy,-0.017882282824889018,0.10911780569876176,0.08098531367409138,0.23822527120991333,true
irl_first_division,R6,10a,9889523,level,0.18968562927708763,0.20800935143556754,0.0072491714475815296,1.5213370911694333,true
irl_first_division,R6,10a,9889533,supremacy,0.5667837274789935,0.6319015817790432,0.06995855146460121,0.3806815822616194,true
irl_first_division,R6,10a,9889533,level,0.33950125588860725,0.29588137889214694,0.0066021801761084785,1.4471432835444331,true
irl_first_division,R6,10a,9633860,supremacy,0.3975601438876519,-0.13096008079307636,0.07523412879647132,-1.4817923175690118,false
irl_first_division,R6,10a,9633860,level,0.3355746443780758,0.23074937460156494,0.006869905857766772,0.7716195262199466,true
irl_first_division,R6,10a,9633861,supremacy,0.6931400952276409,0.42941564794703824,0.06085586278062059,-0.09075198150802821,true
irl_first_division,R6,10a,9633861,level,0.40794204044440857,0.3659929731511516,0.006510834976503854,1.4630671127849648,true
irl_first_division,R6,10a,10033634,supremacy,-0.12244261612203378,0.35796406062128616,0.25573780318034245,-0.6883622397632937,true
irl_first_division,R6,10a,10033634,level,0.13327522390341737,0.2022330687754076,0.01289550537528878,1.0721259799528113,true
irl_first_division,R6,10a,10033670,supremacy,-0.9486150776332716,-0.21207368797180476,1.0374987246741456,-1.1987877415527413,true
irl_first_division,R6,10a,10033670,level,0.21549754669864088,0.3467822482486269,0.15460114640535338,-0.041227553172663356,true
irl_first_division,R6,10a,10033636,supremacy,1.2321060074505261,0.7169531594639165,0.22351039849490745,-0.7634590135154844,true
irl_first_division,R6,10a,10033636,level,0.15902449244153669,0.020721935879232906,0.015015631167703731,0.5434703895732782,true
irl_first_division,R6,10a,10033649,supremacy,0.3865988085181362,0.5075623376500793,0.19741530457435824,-0.1447750955244712,true
irl_first_division,R6,10a,10033649,level,0.14186060466963446,0.2630860131035294,0.010958242356778027,0.6673659326317536,true
irl_first_division,R6,10a,10033647,supremacy,-0.2747769846947954,0.03118127621308303,0.9557639464395897,-0.945287912227064,true
irl_first_division,R6,10a,10033647,level,0.19514305085153183,0.17606032813067765,0.15265253370852766,0.019664205261893608,true
irl_first_division,R6,10a,10033613,supremacy,-0.277587417441006,0.0676579782296951,0.07393387182795069,-0.42273422220692947,true
irl_first_division,R6,10a,10033613,level,0.1977539165711117,0.20130863601519372,0.010318618407059589,1.3673518756407168,true
irl_first_division,R6,10a,10033630,supremacy,1.230723772579175,1.0063047975687847,0.21968475497615186,-0.2757852960014593,true
irl_first_division,R6,10a,10033630,level,0.14488296613417145,0.18790433096790524,0.0117492961884713,1.2242786617677341,true
irl_first_division,R6,10a,10033627,supremacy,-0.05440823538174572,0.6198937517548816,0.10710210172488724,-1.9246144135172212,false
irl_first_division,R6,10a,10033627,level,0.3782857966769282,0.30891853266102226,0.010207427482921255,1.1376795228397834,true
irl_first_division,R6,10a,10033631,supremacy,0.8457620812732367,0.6798867952856635,0.2093041371116135,-0.2026838699723098,true
irl_first_division,R6,10a,10033631,level,0.08166384504804788,0.18668099518341255,0.010711513971679229,0.8344782267002326,true
irl_first_division,R6,10a,10033656,supremacy,-0.017408468952932993,-0.3765393501282765,0.07956930502849138,-0.4638320282509161,true
irl_first_division,R6,10a,10033656,level,0.24393649029177317,0.09746154084628414,0.009346633233518607,0.2696962955026696,true
irl_first_division,R6,10a,10033660,supremacy,0.34197458730196306,0.22974877264393206,0.07145249187485178,0.31228979668316414,true
irl_first_division,R6,10a,10033660,level,0.1983833404000389,0.2285275923231663,0.010964209699132388,1.2961826767710507,true
irl_first_division,R6,10a,10033643,supremacy,-0.344562467481127,-0.3315640337285483,0.06920906223007048,0.41515255652629046,true
irl_first_division,R6,10a,10033643,level,0.2049343991273865,0.19339458015910535,0.008467742299627816,1.4589439271562221,true
irl_first_division,R6,10a,10033646,supremacy,-0.964760514165333,-0.30739314182032584,0.09022472188811555,-2.1109657130625576,false
irl_first_division,R6,10a,10033646,level,0.326084829518856,0.3185220446812014,0.008830058450482087,1.4426195952308487,true
irl_first_division,R6,10a,10033653,supremacy,-0.5145935336950218,-0.40111957410701454,0.20825401662986434,-0.16535516268271755,true
irl_first_division,R6,10a,10033653,level,0.13862305112621034,0.13220633162498988,0.010857639806216825,1.340608527800394,true
irl_first_division,R6,10a,10033615,supremacy,1.7151829701112749,1.4058501561328773,0.042978681291125725,-0.45860199007804314,true
irl_first_division,R6,10a,10033615,level,0.15370103558344134,0.3208756058902183,0.006823823091340324,-0.47304790968881516,false
irl_first_division,R6,10a,10033666,supremacy,-0.22598086272575607,-0.15102447601001617,0.045387641222781376,0.5654250215811623,true
irl_first_division,R6,10a,10033666,level,0.22594538850971121,0.19807223836294371,0.00791161719227615,1.4516735264267584,true
irl_first_division,R6,10a,10033671,supremacy,-0.7155806381780627,-0.7796821418552304,0.04460421681461202,0.5899642067049973,true
irl_first_division,R6,10a,10033671,level,0.22443272553371416,0.11700795863808258,0.007555829946751262,0.7601253170723377,true
irl_first_division,R6,10a,10033617,supremacy,0.9844499875358264,1.1777609708391588,0.04774531780843727,0.21066037402013782,true
irl_first_division,R6,10a,10033617,level,0.20206104310725115,0.2390210211703988,0.006439773251737784,1.497629702279686,true
irl_first_division,R6,10a,10033618,supremacy,0.6513309901947999,0.9389748565123517,0.05111855581908181,-0.2414199953213143,true
irl_first_division,R6,10a,10033618,level,0.2072146813358845,0.26125054828997407,0.006811641370674769,1.3612927891412805,true
irl_first_division,R6,10a,10033652,supremacy,-0.49065986100147296,-0.5454606697708979,0.04785120224391165,0.5695111187257793,true
irl_first_division,R6,10a,10033652,level,0.3815134169150073,0.251865048705028,0.00640861870037996,0.29470363296977586,true
irl_first_division,R6,10a,10197094,supremacy,0.7064431482086072,0.7674993651276566,0.05240982133642014,0.5198275715187866,true
irl_first_division,R6,10a,10197094,level,0.31448269961714465,0.2761694141174326,0.006410099301018737,1.4915021068439325,true
irl_first_division,R6,10a,10033637,supremacy,0.1332615845360044,0.33040403963561915,0.05557169875962038,0.17641736015890697,true
irl_first_division,R6,10a,10033637,level,0.22850546119665807,0.17046500013824106,0.006235659394468652,1.3496815525431058,true
irl_first_division,R6,10a,10033673,supremacy,0.8105189901612714,1.0938990032387117,0.047008218349903125,-0.2443730990360644,true
irl_first_division,R6,10a,10033673,level,0.33920400809713575,0.3250377385374475,0.006281949986277489,1.6001258849501774,true
irl_first_division,R6,10a,10209434,supremacy,1.130137500459973,0.6737783323537674,0.05306082096021665,-1.4132800030485901,false
irl_first_division,R6,10a,10209434,level,0.2614220342866177,0.23545533569972232,0.006432399711043747,1.5518533028135892,true
irl_first_division,R6,10a,10033645,supremacy,-0.542586468016833,-0.35419883491594284,0.0354777206180431,0.250314998046854,true
irl_first_division,R6,10a,10033645,level,0.2943599017822616,0.3015525571694495,0.005166131638690076,1.7088699553989166,true
irl_first_division,R6,10a,10033655,supremacy,1.2430667443255672,0.9397171679255644,0.056371667612277854,-0.2972429526871794,true
irl_first_division,R6,10a,10033655,level,0.09379053918475605,0.1579036841470493,0.005906041249971892,1.2989604801548909,true
irl_first_division,R6,10a,10033658,supremacy,0.391015121960514,0.4376136068103664,0.05815117041767636,0.48474563807048243,true
irl_first_division,R6,10a,10033658,level,0.195650994041129,0.19357768134610412,0.006309003396382193,1.6136095705267153,true
irl_first_division,R6,10a,10033641,supremacy,-0.14515734609353914,0.021865317837223702,0.05477800673753256,0.27866177383609436,true
irl_first_division,R6,10a,10033641,level,0.20655807913790625,0.1375664580813522,0.005843284499468885,1.2450007752661274,true
irl_first_division,R6,10a,10033642,supremacy,-0.283902974900499,-0.15584882772546804,0.04872507986012026,0.4235729210675174,true
irl_first_division,R6,10a,10033642,level,0.1788585370374507,0.22548957852152685,0.005619171071102178,1.4783617253148171,true
irl_first_division,R6,10a,10033657,supremacy,0.19777596220618962,0.23485507413627404,0.048558553972919694,0.5793971935889158,true
irl_first_division,R6,10a,10033657,level,0.3358856045876967,0.3423330583810612,0.0057400207840958084,1.6575866532151033,true
irl_first_division,R6,10a,10033620,supremacy,-1.574603796276603,-1.271907993156391,0.05552378389263138,-0.29856123383271016,true
irl_first_division,R6,10a,10033620,level,0.05442672910078722,0.15546471216848423,0.005898565514093352,0.7822322500410266,true
irl_first_division,R6,10a,10033625,supremacy,0.7116841182012039,0.7675391644042703,0.05236145589306457,0.5260628676740486,true
irl_first_division,R6,10a,10033625,level,0.10733288877553249,0.1879945081102688,0.005673233062944449,1.0936389772414512,true
irl_first_division,R6,10a,10033621,supremacy,0.7651328247726488,0.8978953425348621,0.04127260997428395,0.46130950039195184,true
irl_first_division,R6,10a,10033621,level,0.16969463390194642,0.14372069365254814,0.0056944945508512965,1.605952535428678,true
irl_first_division,R6,10a,10033650,supremacy,0.5822033064944099,0.7218783913097501,0.039818137485967894,0.44779992017501247,true
irl_first_division,R6,10a,10033650,level,0.2031376136118155,0.190681952916329,0.0055230063337683094,1.6664327350521422,true
irl_first_division,R6,10a,10033654,supremacy,-0.4338919999906782,-0.2581653038756292,0.05299706734318439,0.2584851517310567,true
irl_first_division,R6,10a,10033654,level,0.1527761587547819,0.15829663479963602,0.005805123602447487,1.6529437596927745,true
irl_first_division,R6,10a,10033629,supremacy,1.3910075656397183,1.519011133544432,0.05667764388471379,0.3717044189850891,true
irl_first_division,R6,10a,10033629,level,0.41465419304272966,0.35328742922327006,0.005935863466424742,1.3272187095457046,true
irl_first_division,R6,10a,10033633,supremacy,0.6787307158423067,0.33223897717754514,0.04567099760327105,-0.6901554770728628,true
irl_first_division,R6,10a,10033633,level,0.19578338355020436,0.19223382808958944,0.005575310860728971,1.6746351455027093,true
irl_first_division,R6,10a,10033663,supremacy,1.1470234017822283,1.2117605468259791,0.04777463971204024,0.5578305167505875,true
irl_first_division,R6,10a,10033663,level,0.16513287808101557,0.11600193163016476,0.005609140450282688,1.4575692559568354,true
irl_first_division,R6,10a,10033638,supremacy,-1.4494879616698493,-1.4505586198012903,0.049946983119793176,0.5794465783962105,true
irl_first_division,R6,10a,10033638,level,0.25975572749903775,0.24886675139598577,0.005671297174888376,1.6567766720137738,true
irl_first_division,R6,10a,10033659,supremacy,-0.5128977554706939,-0.6647794946240564,0.050289794562577844,0.3466866922195049,true
irl_first_division,R6,10a,10033659,level,0.16709331918185397,0.21765838643773505,0.005789890404055382,1.4360815246237912,true
irl_first_division,R6,10a,10033672,supremacy,-0.9875845423467051,-0.9262441627207704,0.04474204468200686,0.5924341083887552,true
irl_first_division,R6,10a,10033672,level,0.17645691293968058,0.17617500035763295,0.00548717049265026,1.6837254995701856,true
irl_first_division,R6,10a,10033725,supremacy,0.28702998556669923,0.26237332903582244,0.04576066733233532,0.6165839199343469,true
irl_first_division,R6,10a,10033725,level,0.17725077564193076,0.1687497220904885,0.00543409430423178,1.6819431836194405,true
irl_first_division,R6,10a,10033729,supremacy,1.176436522971171,1.3598565271371021,0.04200044681397004,0.2655925490960389,true
irl_first_division,R6,10a,10033729,level,0.266827575774574,0.2415923777187285,0.005611374453979398,1.6157980134898247,true
irl_first_division,R6,10a,10033730,supremacy,-0.6053954735419003,-0.6789663170733293,0.04204288558014369,0.6012232071546089,true
irl_first_division,R6,10a,10033730,level,0.4166990873308061,0.3573109514560786,0.005377189340560451,1.3659013478607653,true
irl_first_division,R6,10a,10209386,supremacy,-0.17807034901207175,-0.025929188423319205,0.04506293676512231,0.37408011057574275,true
irl_first_division,R6,10a,10209386,level,0.25444246558026606,0.23512937561984362,0.00572250949326834,1.6301451916155378,true
irl_first_division,R6,10a,10033693,supremacy,1.712294446801579,1.4092493107144461,0.04703976508983447,-0.3667141506696614,true
irl_first_division,R6,10a,10033693,level,0.2741240544828557,0.30427534037786325,0.005606286737844755,1.59191618128738,true
irl_first_division,R6,10a,10033822,supremacy,0.35644258993443,0.67589767161419,0.04489199631929069,-0.5038247724907363,true
irl_first_division,R6,10a,10033822,level,0.29831023867144196,0.2103286313275292,0.005648503506316809,0.9840390020105985,true
irl_first_division,R6,10a,10033703,supremacy,-0.34217540777218136,-0.18945138700732844,0.045516891629353594,0.36967789841732124,true
irl_first_division,R6,10a,10033703,level,0.26117314051724244,0.2735286613425781,0.0055523654762613655,1.6640798874658866,true
irl_first_division,R6,10a,10033692,supremacy,0.5379064884481125,0.7350058180131299,0.05123781218282885,0.18760376396105838,true
irl_first_division,R6,10a,10033692,level,0.36273246149325283,0.3026954471495394,0.005592111328409874,1.3519813816342983,true
irl_first_division,R6,10a,10033713,supremacy,-0.310104197628654,-0.39595737103083656,0.0391263621110491,0.6073490438869513,true
irl_first_division,R6,10a,10033713,level,0.36946464872378837,0.2654187448312136,0.005419668216651413,0.6911936850882918,true
irl_first_division,R6,10a,10033717,supremacy,0.07247121392178811,-0.02737797539790368,0.055726046397303976,0.435261052599653,true
irl_first_division,R6,10a,10033717,level,0.14182019372525265,0.08038982234073776,0.005763851501029706,1.3317777387366796,true
irl_first_division,R6,10a,10033755,supremacy,1.1132903241039978,0.9466106126882865,0.039701810059586604,0.34435583497153455,true
irl_first_division,R6,10a,10033755,level,0.23941155021752727,0.2503484805657543,0.005496251686947775,1.672024293792317,true
irl_first_division,R6,10a,10033690,supremacy,0.3199210726791888,0.5492293742335851,0.06124859409733799,0.04821556345885614,true
irl_first_division,R6,10a,10033690,level,0.29814976400116067,0.2306655270451316,0.005875753672835418,1.2619867815824057,true
irl_first_division,R6,10a,10033829,supremacy,-0.047695781342193655,-0.09142227146503745,0.060403666475620066,0.468587300133094,true
irl_first_division,R6,10a,10033829,level,0.5075489888941842,0.38784561928188965,0.005828280027561811,0.4243221118251115,true
irl_first_division,R6,10a,10033701,supremacy,0.6115116650222681,0.5931266659420005,0.06131881936776652,0.4741395524125239,true
irl_first_division,R6,10a,10033701,level,0.4370854327227349,0.3656513631268543,0.005951701146275517,1.2144141951858898,true
irl_first_division,R6,10a,10033828,supremacy,-0.8196280876103009,-0.7566250360707388,0.06542987350474036,0.41411651777322955,true
irl_first_division,R6,10a,10033828,level,0.09226984764902652,0.1414048601602787,0.006111356848383046,1.432343138793263,true
irl_first_division,R6,10a,10033715,supremacy,-0.8730063064426916,-0.6787034571516041,0.06704223103208953,0.15071195074583787,true
irl_first_division,R6,10a,10033715,level,0.20935896233989704,0.19657432008869963,0.006073436445267818,1.6195209182921104,true
irl_first_division,R6,10a,10033687,supremacy,1.4716918166578152,1.5879329616962718,0.06057980063104039,0.3714359961679763,true
irl_first_division,R6,10a,10033687,level,0.4078635096644342,0.2024938139954114,0.00615144415707559,-1.8016002825782582,false
irl_first_division,R6,10a,10033705,supremacy,1.295058943082296,1.01735551763566,0.06881234069212325,-0.1411111794172164,true
irl_first_division,R6,10a,10033705,level,0.2881918325821903,0.19199350710550894,0.0061349371668815,0.8737246319659677,true
irl_first_division,R6,10a,10033681,supremacy,-0.7218263917140496,-0.9656596866577181,0.0595000431506133,-0.007668173989158866,true
irl_first_division,R6,10a,10033681,level,0.31956320695215573,0.19771684748711868,0.006098893415581216,0.4137355085358312,true
irl_first_division,R6,10a,10033735,supremacy,-1.0992313196508625,-1.263891921247572,0.06201731618051577,0.2526391953271345,true
irl_first_division,R6,10a,10033735,level,0.41038658121170013,0.40104896904274945,0.00616917722210682,1.6180897037904958,true
irl_first_division,R6,10a,10033750,supremacy,-0.6682983749388384,-0.6370657439733272,0.060973916173688844,0.4717168862613885,true
irl_first_division,R6,10a,10033750,level,0.23077195369811693,0.16796153545541406,0.006216788922732069,1.3040144045333601,true
irl_first_division,R6,10a,10033678,supremacy,-0.9082008051123616,-1.032383355043429,0.051722312699943485,0.41291658947765275,true
irl_first_division,R6,10a,10033678,level,0.18446297469185027,0.18279409206452804,0.005986395485523793,1.6399617435621177,true
irl_first_division,R6,10a,10033680,supremacy,-0.1215228928953683,0.13809109886189652,0.05678844007746369,-0.07815285520676296,true
irl_first_division,R6,10a,10033680,level,0.21001884300618417,0.15762742936397284,0.006417345460101311,1.3915742415064634,true
irl_first_division,R6,10a,10033695,supremacy,-0.16291829711008077,-0.008784914872616678,0.060022669839414594,0.2896768892799879,true
irl_first_division,R6,10a,10033695,level,0.3535229292042093,0.3212593679800219,0.006110066877200032,1.5447880874350466,true
irl_first_division,R6,10a,10033720,supremacy,1.5047556829661608,1.2446310952384676,0.04690108265090252,-0.11043776794707005,true
irl_first_division,R6,10a,10033720,level,0.281462593907424,0.2470397642523391,0.005633785188360575,1.5653853625967846,true
irl_first_division,R6,10a,10033723,supremacy,-0.3467865284772339,0.22940959646002324,0.04783386239397388,-2.8692933267299727,false
irl_first_division,R6,10a,10033723,level,0.2601640985708152,0.29363533914172313,0.00566452711984756,1.5689379475563796,true
irl_first_division,R6,10a,10033739,supremacy,-0.18533878693409966,-0.06925297595154323,0.045490250628654735,0.47807136941442807,true
irl_first_division,R6,10a,10033739,level,0.42943276487174165,0.3451137082642069,0.0056522258320707815,1.039984880790137,true
irl_first_division,R6,10a,10033677,supremacy,0.06950234699515115,0.22204790940880634,0.04575519965676674,0.3689967236991558,true
irl_first_division,R6,10a,10033677,level,0.2500034716472211,0.23668044395086874,0.005643337485726896,1.6539745035122904,true
irl_first_division,R6,10a,10033708,supremacy,-1.1521736743994762,-1.2354274506473315,0.04868808253903251,0.5210424156868575,true
irl_first_division,R6,10a,10033708,level,0.3784927550509781,0.34433116756487614,0.005821734476749094,1.553910918031977,true
irl_first_division,R6,10a,10033710,supremacy,0.24618364756020802,0.20874428003532616,0.04828035505932027,0.5819104103427338,true
irl_first_division,R6,10a,10033710,level,0.13522524775209355,0.1527456369861822,0.005679114219006271,1.6395157727946243,true
irl_first_division,R6,10a,10033736,supremacy,1.2607690844486614,0.7868694708358226,0.047628635141336084,-1.7544021536473482,false
irl_first_division,R6,10a,10033736,level,0.33844598008639937,0.4176586698136724,0.005708144980082499,1.1143695231723405,true
irl_first_division,R6,10a,10033698,supremacy,-1.0651120306503037,-1.3021526693776013,0.046362897127856954,0.010727819338054667,true
irl_first_division,R6,10a,10033698,level,0.4119278214453807,0.3086543476721293,0.0056471882412605316,0.7250486541323755,true
irl_first_division,R6,10a,10033728,supremacy,1.0592480654205594,0.750286123220305,0.04846335813764419,-0.3903066987953687,true
irl_first_division,R6,10a,10033728,level,0.26519637074165403,0.27000223217002567,0.005710313724184018,1.6617797914116776,true
irl_first_division,R6,10a,10033751,supremacy,-0.27819123148028113,-0.04273956470212181,0.04684759082381282,0.01981014336127762,true
irl_first_division,R6,10a,10033751,level,0.31138393615527477,0.3239754332375676,0.0056362237147612486,1.656267066893704,true
irl_first_division,R6,10a,10033682,supremacy,1.8244721357969558,1.6130651766796755,0.0635016604748645,0.10750266386605345,true
irl_first_division,R6,10a,10033682,level,0.21857224384767304,0.37271819437243336,0.006276431627781619,-0.27633454848984096,false
irl_first_division,R6,10a,10033707,supremacy,-0.7890161787176987,-0.9483757233736523,0.06471647478194234,0.25372564409501175,true
irl_first_division,R6,10a,10033707,level,0.2324272524344954,0.28265706466564355,0.006169985757251003,1.4206305610583898,true
irl_first_division,R6,10a,10033741,supremacy,0.8432380193990261,0.8974717296464191,0.05817743553282557,0.4779116584388797,true
irl_first_division,R6,10a,10033741,level,0.36879601903979087,0.33135701412247537,0.006018996226191108,1.5210409096482214,true
irl_first_division,R6,10a,10033697,supremacy,-0.5224762531607573,-0.14012522602270963,0.059476939284987845,-0.7368383376121515,true
irl_first_division,R6,10a,10033697,level,0.22820508892243105,0.2434475848812156,0.006090933106968528,1.6124663687145842,true
irl_first_division,R6,10a,10033722,supremacy,1.3188559294252404,1.1868265689916315,0.0593760867002347,0.3462023094573039,true
irl_first_division,R6,10a,10033722,level,0.2716835847621611,0.18554289926040984,0.005946278402250629,1.019618368033337,true
irl_first_division,R6,10a,10033726,supremacy,0.222217604630151,0.3856765851574728,0.06412765710686442,0.24617584708517182,true
irl_first_division,R6,10a,10033726,level,0.18299030526012725,0.21277036422252818,0.005965442817248982,1.567615015959995,true
irl_first_division,R6,10a,10557926,supremacy,0.2288585464624905,0.29725734610659127,0.047803505324859386,0.55245601527493,true
irl_first_division,R6,10a,10557926,level,0.29139235046900486,0.19522892715677231,0.006058802973621623,0.8710451112928475,true
irl_first_division,R6,10a,10033679,supremacy,-0.5912181782760731,-0.33173614531159085,0.05207833637353188,-0.08787432511464499,true
irl_first_division,R6,10a,10033679,level,0.39833538324335777,0.3958291209869824,0.006135564028299298,1.6273762207957319,true
irl_first_division,R6,10a,10033699,supremacy,1.8053468926769605,1.2790754607196755,0.058458843684787085,-1.8680822741126264,false
irl_first_division,R6,10a,10033699,level,0.10731615310708276,0.1778544010930741,0.005978408672571645,1.2247273756261117,true
irl_first_division,R6,10a,10033754,supremacy,-1.2814893151258264,-1.2935680592346792,0.06040731844563041,0.48317637181276507,true
irl_first_division,R6,10a,10033754,level,0.3401614630875207,0.29508112669732944,0.00599948082017769,1.4697349223916658,true
irl_first_division,R6,10a,10033688,supremacy,0.8451681656894967,0.9600785560993428,0.06429019490068749,0.350541827046398,true
irl_first_division,R6,10a,10033688,level,0.2859097961888699,0.22931168548559921,0.00622540643896296,1.3633396603257248,true
irl_first_division,R6,10a,10033712,supremacy,0.6090344605084739,0.6184133317278624,0.0615717649616314,0.47412308942992987,true
irl_first_division,R6,10a,10033712,level,0.36299613241363604,0.37133455256182957,0.00622252029809638,1.6152646933553427,true
irl_first_division,R6,10a,10033685,supremacy,0.18037811746408552,0.15737177936532315,0.05816708447113647,0.4987295365854224,true
irl_first_division,R6,10a,10033685,level,0.27374195379546634,0.2503141929144208,0.005773672656164608,1.61075364352187,true
irl_first_division,R6,10a,10033742,supremacy,-1.111585006992845,-1.2958499237401493,0.0657789949667389,0.18370066540334062,true
irl_first_division,R6,10a,10033742,level,0.3224661449507186,0.27408440658332384,0.006275011128171326,1.4301344686040816,true
irl_first_division,R6,10a,10033684,supremacy,0.006809982885385535,0.4869231836018423,0.0696574849192609,-1.2414425964807738,false
irl_first_division,R6,10a,10033684,level,0.49192743356224045,0.47377970640300143,0.006637047546394934,1.5637947664164056,true
irl_first_division,R6,10a,10033752,supremacy,0.0314889481553523,0.12668350249046184,0.05523171887401073,0.4471341808565381,true
irl_first_division,R6,10a,10033752,level,0.20332753998671704,0.17612606071124032,0.006137950235897112,1.5674194498350866,true
irl_first_division,R6,10a,10657017,supremacy,0.43792117742742154,0.47090977192029526,0.07877986308947746,0.3447035085557305,true
irl_first_division,R6,10a,10657017,level,0.3046473471943932,0.27709405438651,0.006669672179271365,1.5292406133252725,true
irl_first_division,R6,10a,10657118,supremacy,-0.8171345063548787,-1.3212608920709554,0.08329838616159105,-1.201775700969913,false
irl_first_division,R6,10a,10657118,level,0.32067281237929046,0.22447967358718518,0.006841111013943274,0.8971762240927013,true
irl_first_division,R6,10a,10033700,supremacy,-0.35075241955388003,-0.5460336527851497,0.06651550616574504,0.14956088136839396,true
irl_first_division,R6,10a,10033700,level,0.4267488430836345,0.38899345798382845,0.006622310036793084,1.4820907040478888,true
irl_first_division,R6,10a,10033756,supremacy,1.5819715763383515,1.5275875638032699,0.06384348842716574,0.43355875106590314,true
irl_first_division,R6,10a,10033756,level,0.29591653770069426,0.39624529736103015,0.006230178624298709,0.8124058323177552,true
irl_first_division,R6,10a,10033746,supremacy,-0.55507442804648,-0.4789622739396413,0.05464264346801462,0.481523209912629,true
irl_first_division,R6,10a,10033746,level,0.32759528775334784,0.2942245603031549,0.006133613491038539,1.537268173445448,true
irl_first_division,R6,10a,10033694,supremacy,1.0051030623673916,1.4020298877398139,0.0654934084914129,-0.758835349683914,true
irl_first_division,R6,10a,10033694,level,0.37990301525549935,0.32660626969301915,0.006539301127652533,1.378833845097165,true
irl_first_division,R6,10a,10033719,supremacy,-0.39597687581263685,-0.5536144720676135,0.052608727511029484,0.3173242391873876,true
irl_first_division,R6,10a,10033719,level,0.415273308799644,0.3619159192613586,0.006177721033153867,1.3940387168206057,true
irl_first_division,R6,10a,10033823,supremacy,0.8076965134366265,1.0615558822879996,0.06164918041320833,-0.0484626854143575,true
irl_first_division,R6,10a,10033823,level,0.26265011158036533,0.28242802075645335,0.006317252876392361,1.5823367749088773,true
irl_first_division,R6,10a,10033744,supremacy,0.31418211314954025,0.40765509399938465,0.06260233881502508,0.39675446643677215,true
irl_first_division,R6,10a,10033744,level,0.47099622461734064,0.3268035909255427,0.006494359946829577,-0.0012642579568251655,false
irl_first_division,R6,10a,10033745,supremacy,-0.45767427350357326,-1.0214228476579095,0.06641486336996712,-1.9556518275513473,false
irl_first_division,R6,10a,10033745,level,0.3718670895326941,0.373078415507392,0.006439810714477746,1.6035756075449097,true
irl_first_division,R6,10a,10173609,supremacy,1.745584422446367,1.1044881610017934,0.06142370467586679,-2.8696086569660406,false
irl_first_division,R6,10a,10173609,level,0.1358521851045299,0.2644624918110354,0.006395843483413332,0.3140399158034155,true
irl_first_division,R6,10a,10173610,supremacy,0.5924166701980584,0.7099214023137654,0.06016487065369555,0.3716487409535272,true
irl_first_division,R6,10a,10173610,level,0.32442775799434054,0.24246311906324935,0.006250932189159772,1.081197791807076,true
irl_first_division,R6,10a,10173612,supremacy,0.8937714730088098,1.1305612791706716,0.05467364612579746,0.02148367989999711,true
irl_first_division,R6,10a,10173612,level,0.4951558157028576,0.39395582129860895,0.005943975550606623,0.7822526174378908,true
irl_first_division,R6,10a,11052201,supremacy,-0.4559863640730495,1.0032874695789593,1.4006966069364397,-1.8475737598046074,true
irl_first_division,R6,10a,11052201,level,0.3179033250227805,0.30407233964517655,0.16324086598992182,-0.013260233671568478,true
irl_first_division,R6,10a,11052202,supremacy,-0.07777700853079991,0.8232634396794963,0.2737923855491798,-1.753891066011903,false
irl_first_division,R6,10a,11052202,level,0.269819935144039,0.24544892265986856,0.012833607741488635,1.2357651706890915,true
irl_first_division,R6,10a,11052204,supremacy,-0.42981951646478656,-0.20611115723689097,1.3985783552191173,-1.1045581992738478,true
irl_first_division,R6,10a,11052204,level,0.303246784972723,0.16138530088836184,0.16328653680779373,-0.07443799084233282,true
irl_first_division,R6,10a,11054711,supremacy,0.6081982986929222,0.3710149265659422,0.25789188198673085,-0.3503999806681991,true
irl_first_division,R6,10a,11054711,level,0.4206436328503971,0.45838886773490917,0.011980425062020853,1.2338424617405357,true
irl_first_division,R6,10a,11066556,supremacy,0.16846936236052623,0.011142973421233271,0.210506580660945,-0.19860989474867674,true
irl_first_division,R6,10a,11066556,level,0.40096511150408054,0.46462675140754905,0.014643623810480004,1.0545554058863231,true
irl_first_division,R6,10a,11066559,supremacy,1.206405350008593,1.2018791082851683,0.20827970321209413,-0.1345510265214448,true
irl_first_division,R6,10a,11066559,level,0.1171609265188421,0.23898452646843318,0.011482431537461639,0.668282337940985,true
irl_first_division,R6,10a,11068249,supremacy,-0.4116406132943257,-0.4620551325731331,0.19574678270205306,-0.10996396460730917,true
irl_first_division,R6,10a,11068249,level,0.2807131624267707,0.16061375889728477,0.013832318724845326,0.7000523894848072,true
irl_first_division,R6,10a,11068250,supremacy,0.2664469589661652,0.300320649074019,0.1895456790745893,-0.09040269866697426,true
irl_first_division,R6,10a,11068250,level,0.26018368405258624,0.24226592659950813,0.01040773223721797,1.3482411608558502,true
irl_first_division,R6,10a,11068252,supremacy,-0.044723864427978766,0.3463477309520498,0.07833002900424409,-0.621761165490357,true
irl_first_division,R6,10a,11068252,level,0.2715117993522559,0.3476072769160816,0.009256040523407536,1.1095040146578858,true
irl_first_division,R6,10a,11068253,supremacy,-0.6285860251139858,-0.6507004767547657,0.07468394548659893,0.37503240786468706,true
irl_first_division,R6,10a,11068253,level,0.35245892530913375,0.4258615944093328,0.008218216968370133,1.1539570686140832,true
irl_first_division,R6,10a,11068254,supremacy,0.45268441086583644,-0.1039247941586125,0.0807035951336463,-1.579907261762983,false
irl_first_division,R6,10a,11068254,level,0.24359319474995994,0.30481947219027783,0.008423341083696322,1.2469197871266913,true
irl_first_division,R6,10a,11068255,supremacy,1.8527086943595048,1.7590858923162591,0.060213616180895935,0.4132054084396848,true
irl_first_division,R6,10a,11068255,level,0.15925384771510553,0.22234572939174757,0.010194844625205639,1.1787726100731726,true
irl_first_division,R6,10a,11068256,supremacy,0.08721435483987353,0.16820631873054714,0.0723083872132764,0.3491098628141567,true
irl_first_division,R6,10a,11068256,level,0.26798079606255165,0.317571359726224,0.010614832341656756,1.2379739146872624,true
irl_first_division,R6,10a,10987619,supremacy,0.08949996342209354,0.41200289793961464,0.05808267570872557,-0.3913402691503989,true
irl_first_division,R6,10a,10987619,level,0.30379210135968243,0.3423209480546575,0.006562941543196194,1.481124630741754,true
irl_first_division,R6,10a,10987620,supremacy,-0.7871546335573449,-0.7606798778993504,0.05359183137818754,0.5377014166699902,true
irl_first_division,R6,10a,10987620,level,0.23526386052442305,0.26359448384940665,0.007397786898781595,1.4801010726287516,true
irl_first_division,R6,10a,11068258,supremacy,0.013347148100222112,0.2800816600766327,0.05439867992226162,-0.1171740947016382,true
irl_first_division,R6,10a,11068258,level,0.19196966065972298,0.3519415901789129,0.009475602570466295,0.060215300358318125,true
irl_first_division,R6,10a,11068260,supremacy,1.7518605968626964,1.0037866608862125,0.05886314698936624,-4.256191221637317,false
irl_first_division,R6,10a,11068260,level,0.04505287837385896,0.19106910465044416,0.006312388315706323,-0.07511917722574069,false
irl_first_division,R6,10a,11068261,supremacy,-0.9363510357958409,-0.49864330997318956,0.05525402322911964,-1.2047337622329206,false
irl_first_division,R6,10a,11068261,level,0.30587101478109957,0.3745742719134203,0.006911317183788887,1.2268801182218771,true
irl_first_division,R6,10a,11068263,supremacy,-0.11766157395541127,0.4159492786429566,0.05984295689275329,-1.889987545436834,false
irl_first_division,R6,10a,11068263,level,0.19063390021721757,0.3261226752161045,0.006630145814791489,0.204751316603748,false
irl_first_division,R6,10a,11068264,supremacy,-1.0267297607615715,-0.8389678505772646,0.04795916130057779,0.232216734649477,true
irl_first_division,R6,10a,11068264,level,0.17796358719849728,0.28040192728392743,0.006341258343844523,0.7839926706925975,true
irl_first_division,R6,10a,11068265,supremacy,-0.2166126663756007,0.15148426471456788,0.06042234929876679,-0.6369757954742117,true
irl_first_division,R6,10a,11068265,level,0.3294083696596089,0.31838738396101346,0.006837049786786494,1.5648783042479841,true
irl_first_division,R6,10a,11068266,supremacy,1.1579584519979254,1.1779553818591773,0.0632160417283506,0.458497276725217,true
irl_first_division,R6,10a,11068266,level,0.19619631810543828,0.28549871630592494,0.007236804164448446,0.9943520130026828,true
irl_first_division,R6,10a,11068268,supremacy,0.733908768019476,0.7834837068820821,0.05145594128687298,0.5406947912279839,true
irl_first_division,R6,10a,11068268,level,0.25740399338621733,0.2110079276332335,0.006560118907190415,1.4303679811778434,true
irl_first_division,R6,10a,11068269,supremacy,0.20072620752939432,0.49158432392444296,0.05253662821147834,-0.2509539337725877,true
irl_first_division,R6,10a,11068269,level,0.34049483863301055,0.3672192193463056,0.006150906212118279,1.5685835167603328,true
irl_first_division,R6,10a,11068272,supremacy,0.272033546337051,0.47797235834844987,0.05881775924029532,0.13719007104317327,true
irl_first_division,R6,10a,11068272,level,0.16656748739320537,0.2198745233665516,0.006275096165824942,1.3902226664684534,true
irl_first_division,R6,10a,11068274,supremacy,0.0869291551813135,0.3172633002521673,0.049980154184595366,0.04837725439445406,true
irl_first_division,R6,10a,11068274,level,0.35959574132136457,0.37677674086992047,0.006254216069524546,1.594712182139424,true
irl_first_division,R6,10a,11068275,supremacy,1.0935695906025384,1.1638010465266242,0.05081539624165557,0.5223063142740676,true
irl_first_division,R6,10a,11068275,level,0.15304495546221747,0.1873527421698769,0.006261640113876635,1.5237311359815446,true
irl_first_division,R6,10a,11068276,supremacy,2.2840320111166363,1.8921530602014012,0.0644495168023148,-0.7393927275714685,true
irl_first_division,R6,10a,11068276,level,0.08869869915114204,0.2930658782152064,0.006793835555991094,-1.4968805321798162,false
irl_first_division,R6,10a,11068277,supremacy,-0.31199810714354825,0.14103144450971186,0.05913152583903056,-1.2403605447220782,false
irl_first_division,R6,10a,11068277,level,0.1532956627092047,0.20146175607340822,0.006342737724183908,1.4283996975794397,true
irl_first_division,R6,10a,11068279,supremacy,0.22070665952052138,0.17437379826156588,0.05298774296472675,0.5296519027317256,true
irl_first_division,R6,10a,11068279,level,0.29122561313073914,0.26257242294392047,0.005883318489559815,1.5791046222020206,true
irl_first_division,R6,10a,11068280,supremacy,-2.2081129069695886,-1.992918341785186,0.054156813655053954,0.1114545068728614,true
irl_first_division,R6,10a,11068280,level,0.007754336205704204,0.13060361755713062,0.005934681842964011,0.37302818374496205,true
irl_first_division,R6,10a,11068281,supremacy,1.2936637263189685,1.1293811319488236,0.053325234399523774,0.2936761217535173,true
irl_first_division,R6,10a,11068281,level,0.24527115188570786,0.3098315227051167,0.005938418126295683,1.2932790112010775,true
irl_first_division,R6,10a,11068283,supremacy,-0.37305828485561177,-0.2502821421996373,0.05543124556898493,0.3913973144473677,true
irl_first_division,R6,10a,11068283,level,0.17350561601904418,0.2570684292162339,0.005853063337872055,1.0549531728495745,true
irl_first_division,R6,10a,11232357,supremacy,-1.458413777263075,-0.8339707520790438,0.048703097206336664,-3.4110563821224753,false
irl_first_division,R6,10a,11232357,level,0.2299498613528233,0.18854952379347778,0.006015945638955781,1.4952785878457384,true
irl_first_division,R6,10a,11068285,supremacy,-0.8061677640254569,-0.6002154872291092,0.048877871868583736,0.156375458903234,true
irl_first_division,R6,10a,11068285,level,0.296125501013566,0.2250121209600449,0.005958640539187705,1.2181667026204526,true
irl_first_division,R6,10a,11068286,supremacy,1.6555582582338764,1.3531707003498794,0.04872572633622654,-0.3464597199321995,true
irl_first_division,R6,10a,11068286,level,0.17830414657153992,0.19688411161191902,0.005725086097268172,1.6323609751495307,true
irl_first_division,R6,10a,11068287,supremacy,0.7537350565433116,1.2833712617455955,0.04952407231951496,-2.2483929433584104,false
irl_first_division,R6,10a,11068287,level,0.26207518143242936,0.17631295357454438,0.00584591415831141,1.022982109381052,true
irl_first_division,R6,10a,11068288,supremacy,0.1386072663665657,0.11990767323332777,0.05596879067289838,0.5194181560786058,true
irl_first_division,R6,10a,11068288,level,0.054604669883566125,0.20044041530485945,0.006022576462307171,-0.1285133324425658,false
irl_first_division,R6,10a,11068289,supremacy,-1.600055851917723,-1.47443233056933,0.0484320972540657,0.431936130621988,true
irl_first_division,R6,10a,11068289,level,0.11504889385642181,0.06740014712683784,0.005714877533787634,1.4647629768513084,true
irl_first_division,R6,10a,11068290,supremacy,0.6189580454378208,0.6908964012671622,0.04004863703641487,0.6252812592140963,true
irl_first_division,R6,10a,11068290,level,0.33823727689540256,0.28425733955133364,0.005563416682414302,1.4149584168225782,true
irl_first_division,R6,10a,11068291,supremacy,1.257043510834131,1.0133192637344834,0.043440415514442526,-0.03446849616644965,true
irl_first_division,R6,10a,11068291,level,0.2922056065445033,0.2712545472364488,0.005828255189063679,1.6159234687088684,true
irl_first_division,R6,10a,11068293,supremacy,0.00852992085264026,-0.199688142260902,0.05537446259558742,0.13641092750797568,true
irl_first_division,R6,10a,11068293,level,0.32875696854855835,0.26838048220028793,0.005917688619850843,1.337964117329502,true
irl_first_division,R6,10a,11068294,supremacy,0.5996624644473583,0.43008440190247943,0.05030234346037162,0.2900745100931068,true
irl_first_division,R6,10a,11068294,level,0.24917218177394615,0.24610454000749404,0.005783696434829096,1.6566040759268874,true
irl_first_division,R6,10a,11068295,supremacy,0.35502615273951893,0.29210648947631956,0.04255954617992772,0.612977073608132,true
irl_first_division,R6,10a,11068295,level,0.22544407762783988,0.10964085170902621,0.005585773264888167,0.4744220573001461,true
irl_first_division,R6,10a,11068297,supremacy,-0.032558495776971175,-0.11965224546471614,0.047131730831084545,0.5279965053262563,true
irl_first_division,R6,10a,11068297,level,0.36694033974463736,0.3257150293830995,0.005669257347905431,1.5175203723351238,true
irl_first_division,R6,10a,11068299,supremacy,1.1754060838295666,1.0744540950695414,0.04132334069866482,0.5509136459265864,true
irl_first_division,R6,10a,11068299,level,0.3444864724195052,0.30350436573753764,0.0054569495805031135,1.5326047617343206,true
irl_first_division,R6,10a,11068300,supremacy,0.7191997298043326,0.711383604033496,0.041178313437135614,0.675241437773676,true
irl_first_division,R6,10a,11068300,level,0.2525639775888376,0.2372575926840207,0.005531864510587441,1.6585006551671713,true
irl_first_division,R6,10a,11068303,supremacy,-0.029908095530991025,0.10545028911933776,0.041439783445460635,0.451751962161999,true
irl_first_division,R6,10a,11068303,level,0.20596995408618812,0.19559705823982743,0.005337325425588225,1.687497099886968,true
irl_first_division,R6,10a,11068304,supremacy,0.034967544040460596,0.2554107919258244,0.04562103123386986,0.09215794988746917,true
irl_first_division,R6,10a,11068304,level,0.4356219064588095,0.3889331505658249,0.005580112203596005,1.4800124333595637,true
irl_first_division,R6,10a,11068305,supremacy,-1.336567781369735,-1.0691235117703983,0.045375626096497076,-0.16070767230616845,true
irl_first_division,R6,10a,11068305,level,0.25899612261049565,0.26268933840116093,0.005531057497821225,1.678516569969557,true
irl_first_division,R6,10a,11068306,supremacy,-0.9400266139396953,-1.4470516277841812,0.046348782094734586,-2.156417514654672,false
irl_first_division,R6,10a,11068306,level,0.2867993106834311,0.1661837894189172,0.005585675656653895,0.37256745293246984,true
irl_first_division,R6,10a,11068308,supremacy,-1.4487602119251333,-1.36686550547563,0.04912998818763473,0.5194492193797975,true
irl_first_division,R6,10a,11068308,level,0.24471628617942032,0.19187159207095475,0.005589996748054444,1.4246677034876818,true
irl_first_division,R6,10a,11068309,supremacy,0.7205934062241455,0.5538331396679387,0.04651162435113404,0.31614134483739775,true
irl_first_division,R6,10a,11068309,level,0.30661987536798785,0.3323594532788802,0.0055565434795006585,1.6178342600197826,true
irl_first_division,R6,10a,11068310,supremacy,1.4376303338838583,1.3590719676016916,0.04852717267703039,0.5302899257641168,true
irl_first_division,R6,10a,11068310,level,0.27955563921569027,0.2783924106196751,0.005544297922788698,1.678432080786151,true
irl_first_division,R6,10a,11068312,supremacy,1.0141813046031118,0.4442168484971331,0.04622372482680534,-2.89579822044619,false
irl_first_division,R6,10a,11068312,level,0.2676960467292567,0.23921041055922723,0.005430812609214297,1.614188452533877,true
irl_first_division,R6,10a,11068313,supremacy,-1.1935118835216976,-1.4236792143323513,0.0529714569309373,0.050010173371277444,true
irl_first_division,R6,10a,11068313,level,0.2611693900449152,0.16925245478773804,0.005893899096936273,0.931245610126143,true
irl_first_division,R6,10a,11068314,supremacy,0.4243758300429382,0.4227642272909976,0.04972604666521774,0.581648553765916,true
irl_first_division,R6,10a,11068314,level,0.39724518182284024,0.2924175900017037,0.005639874248083655,0.6957999750554853,true
irl_first_division,R6,10a,11068315,supremacy,-0.9794823914055762,-0.7267598297131638,0.04643599113156744,-0.07180510260883888,true
irl_first_division,R6,10a,11068315,level,0.22958666546820022,0.2012195094488804,0.005499765537068263,1.6094291167102979,true
irl_first_division,R6,10a,11068316,supremacy,1.3955401864941126,1.1733632508008616,0.045521364737735166,0.083656757367911,true
irl_first_division,R6,10a,11068316,level,0.340996054331248,0.29193500337642,0.005555053003146888,1.4609367212399662,true
irl_first_division,R6,10a,11068318,supremacy,1.1839793843593949,0.7274960820191274,0.05215573157785784,-1.4398203697877865,false
irl_first_division,R6,10a,11068318,level,0.24899364359031345,0.18156761380052358,0.005709516744540426,1.2657410642321558,true
irl_first_division,R6,10a,11068319,supremacy,-0.13505860969161781,-0.068117851926976,0.045078850952658525,0.5810299856445152,true
irl_first_division,R6,10a,11068319,level,0.3814123803076459,0.3923893399561448,0.005614160953281367,1.6615618080319647,true
irl_first_division,R6,10a,11068320,supremacy,0.726575405761201,0.22835176845493704,0.05288080252959468,-1.7961217909834963,false
irl_first_division,R6,10a,11068320,level,0.2839718936748502,0.24811536872686843,0.0058196352303164466,1.543858890690749,true
irl_first_division,R6,10a,11068321,supremacy,1.8892662532192466,1.9293943268349265,0.0469846502592965,0.5928925808350297,true
irl_first_division,R6,10a,11068321,level,0.13937130796178887,0.14519649823990793,0.005537170232784281,1.6761332193576197,true
irl_first_division,R6,10a,11068322,supremacy,-2.15103979150316,-2.3811718707162184,0.048182946243223404,0.04785646382670361,true
irl_first_division,R6,10a,11068322,level,0.2351404237514284,0.2442610618350185,0.005637711419607779,1.6628223605115746,true
irl_first_division,R6,10a,11068325,supremacy,-1.2474004988410923,-1.1424373533407524,0.04881365355800704,0.47808386842313944,true
irl_first_division,R6,10a,11068325,level,0.41535825619494093,0.3442732779874008,0.005481064151055898,1.2233320742451506,true
irl_first_division,R6,10a,11068326,supremacy,-0.04513474196418393,0.4534736384478549,0.05357146120402574,-1.7759306821391465,false
irl_first_division,R6,10a,11068326,level,0.401369410462321,0.3206851221593996,0.005610128892541678,1.0924557515097408,true
irl_first_division,R6,10a,11068327,supremacy,1.3301808319020907,1.1706166654484902,0.047846784705441577,0.33487200325065736,true
irl_first_division,R6,10a,11068327,level,0.326188368687474,0.29237712380376246,0.0055158642850746415,1.5774965375037868,true
irl_first_division,R6,10a,11068330,supremacy,0.6075225609113944,0.20095982511322108,0.05496046269064821,-0.9721148938813335,false
irl_first_division,R6,10a,11068330,level,0.4109130903196591,0.41739051297406743,0.005662473792853608,1.6643038451005532,true
irl_first_division,R6,10a,11068331,supremacy,2.0690890712616774,1.6677429931262027,0.04973512830101516,-1.0377818635746727,false
irl_first_division,R6,10a,11068331,level,0.07926124796340567,0.26687957679673974,0.005697965975433881,-1.423992983932576,false
irl_first_division,R6,10a,11068332,supremacy,-0.9911663974465631,-0.9164974134927107,0.05357426018760806,0.4923698903032243,true
irl_first_division,R6,10a,11068332,level,0.4230779610966185,0.3193686976821109,0.005845899857531192,0.7321410613159229,true
irl_first_division,R6,10a,11068333,supremacy,2.522003576858854,1.8379733185151723,0.05877243060092068,-3.482483038659363,false
irl_first_division,R6,10a,11068333,level,-0.022178574649156846,0.13342849092491615,0.005867183725667193,-0.4132219859815742,false
irl_first_division,R6,10a,11068335,supremacy,0.1519135952723425,0.2787777348798921,0.04939002917024735,0.4221320396112289,true
irl_first_division,R6,10a,11068335,level,0.3933573012057603,0.46947198216608965,0.005639053105571506,1.1563915324670635,true
irl_first_division,R6,10a,11068336,supremacy,2.5549090125137965,3.162065799156499,0.05217103435836641,-2.9753134482657297,false
irl_first_division,R6,10a,11068336,level,0.32005951042449443,0.09153331148201249,0.005782375029872163,-2.858278978472461,false
irl_first_division,R6,10a,11068337,supremacy,-0.26204432305375946,-0.39948801849236015,0.05057511142786143,0.3864497699436287,true
irl_first_division,R6,10a,11068337,level,0.3559322397366273,0.28234580581187707,0.005674330851621157,1.1898172490738794,true
irl_first_division,R6,10a,11068338,supremacy,2.0946090986649493,1.7398429913816724,0.06084516613515102,-0.5534833665385535,true
irl_first_division,R6,10a,11068338,level,0.20410141537479642,0.27451607253064625,0.005828370439708557,1.2282178763104263,true
irl_first_division,R6,10a,11068340,supremacy,-1.2374915423781574,-1.0290486150433362,0.0493187072301208,0.14530082771655195,true
irl_first_division,R6,10a,11068340,level,0.22069955247417425,0.26294886504775045,0.005684468521721809,1.5090631379712516,true
irl_first_division,R6,10a,11068341,supremacy,-0.7316217003635448,-0.9125864049179089,0.04663796341929394,0.2626418923556977,true
irl_first_division,R6,10a,11068341,level,0.33869629521335676,0.3055920510235668,0.005702540890815531,1.5683952285126168,true
irl_first_division,R6,10a,11068344,supremacy,-0.8688595328331395,-0.7306535956783639,0.05196385233369046,0.37587486244165347,true
irl_first_division,R6,10a,11068344,level,0.22715008898808092,0.19777521454495545,0.005777542991104523,1.5832742308071426,true
irl_first_division,R6,10a,11068345,supremacy,-1.0179258793947805,-1.1355889849970104,0.04992529532575135,0.44102198387027225,true
irl_first_division,R6,10a,11068345,level,0.3872455061727698,0.2913956600163509,0.005829922642960387,0.8655028569457626,true
irl_first_division,R6,10a,11068348,supremacy,-0.32511004859452625,-0.46270037568159395,0.04858313302157781,0.3984688978675335,true
irl_first_division,R6,10a,11068348,level,0.2747969401241621,0.27299461485542775,0.0057830852572889925,1.6571895938775372,true
irl_first_division,R6,10a,11068349,supremacy,0.873667741428046,0.6193063492800877,0.06007995730748775,-0.051345811374721606,true
irl_first_division,R6,10a,11068349,level,0.4023585823199476,0.1686493641024969,0.0060762633278217,-2.861794334851996,false
irl_first_division,R6,10a,11068350,supremacy,-0.7559054975716861,-0.9817536532738456,0.07471594367927463,0.036750285684216344,true
irl_first_division,R6,10a,11068350,level,0.474987141372859,0.3994469387024655,0.006391163816898716,1.161058136280664,true
irl_first_division,R6,10a,11068351,supremacy,1.4118496301838428,1.1168507714155962,0.06627871815783051,-0.21849810922877078,true
irl_first_division,R6,10a,11068351,level,0.2295455605686002,0.1785840898068727,0.0060833246771362735,1.418705186649903,true
irl_first_division,R6,10a,11068352,supremacy,-0.47046237661191814,-0.4798261304531299,0.06280070005577185,0.4642579154053841,true
irl_first_division,R6,10a,11068352,level,0.28900120626903164,0.24838822997519885,0.006026517352725078,1.5000081079457732,true
irl_first_division,R6,10a,11068354,supremacy,-0.1098226715534123,-0.38658575304876164,0.0650372576306799,-0.14141737452242253,true
irl_first_division,R6,10a,11068354,level,0.34107054785187485,0.28006211622351995,0.00616167477662415,1.3237341906344524,true
irl_first_division,R6,10a,11068355,supremacy,-0.1990556737191468,0.2569588315666831,0.056160250698628664,-1.3305570720632613,false
irl_first_division,R6,10a,11068355,level,0.5161185558298962,0.3912534328724184,0.006091178231635593,0.3516921437969467,true
irl_first_division,R6,10a,11068357,supremacy,0.24177233092537573,0.4419033548317297,0.06926982475421453,0.12682998286286518,true
irl_first_division,R6,10a,11068357,level,0.317206407935266,0.27930202447160324,0.006471076343675589,1.4902552587956823,true
irl_first_division,R6,10a,11068358,supremacy,2.2584834857611824,2.5666784503768723,0.058871049376191614,-0.3094490807178276,true
irl_first_division,R6,10a,11068358,level,0.3065545761471278,0.3315508243300788,0.0060691951997511534,1.5818520259652935,true
irl_first_division,R6,10a,11068359,supremacy,-1.5677687089274768,-1.8533929591488958,0.053905130014801496,-0.215384743132345,true
irl_first_division,R6,10a,11068359,level,0.18683555611160435,0.15309474828175573,0.005942108547280283,1.5481126278264155,true
irl_first_division,R6,10a,11068360,supremacy,0.7642917205759675,0.9582672133418637,0.04752222655504697,0.2084572516540497,true
irl_first_division,R6,10a,11068360,level,0.3764728576599346,0.3859300451449933,0.005828508073933308,1.6458860802284851,true
irl_first_division,R6,10a,11068361,supremacy,0.5151818942415596,0.6274973844583507,0.05424146287931997,0.4219328450814066,true
irl_first_division,R6,10a,11068361,level,0.3662299430085123,0.26927236636577323,0.005948614463450568,0.8531951288610387,true
irl_first_division,R6,10a,11068362,supremacy,1.752461724024994,1.785304550718682,0.056172193528906816,0.5111268855860068,true
irl_first_division,R6,10a,11068362,level,0.24834281154232923,0.23953236820686563,0.005996470198741735,1.6328811412677733,true
irl_first_division,R6,10a,11068363,supremacy,-0.9324059190992362,-0.8038558534193521,0.05621929038348029,0.3733389463660275,true
irl_first_division,R6,10a,11068363,level,0.3447751662399995,0.3411374965773575,0.0060191709016466175,1.6363651354445143,true
irl_first_division,R6,10a,11068365,supremacy,0.39962390404334885,0.03693279813012451,0.0583756292631441,-0.6252203797497302,true
irl_first_division,R6,10a,11068365,level,0.34784923148098046,0.33159077649216123,0.006001873580659955,1.6168820275313514,true
irl_first_division,R6,10a,11068366,supremacy,-0.17126935028033244,-0.033850072347239246,0.047983303432077226,0.40273516865437387,true
irl_first_division,R6,10a,11068366,level,0.17670439193991416,0.21394885941906372,0.005872935704882571,1.5316649466185268,true
irl_first_division,R6,10a,11068368,supremacy,0.057031218682385976,-0.0011344864073943861,0.05535166555622675,0.4975243270588018,true
irl_first_division,R6,10a,11068368,level,0.35528319083662396,0.2692113197310768,0.005980018991234845,1.0213005230193128,true
irl_first_division,R6,10a,11068369,supremacy,-0.3645406867095652,-0.529048575023588,0.05422401121612177,0.28883050282491474,true
irl_first_division,R6,10a,11068369,level,0.411604096367512,0.41029978772820175,0.005920879369446125,1.6455529534176625,true
irl_first_division,R6,10a,11068371,supremacy,-0.8332221466792392,-0.9152105261229723,0.05554631267870682,0.4658216223051216,true
irl_first_division,R6,10a,11068371,level,0.4114528948829433,0.31410463418666607,0.005955243805200143,0.8471442698440592,true
irl_first_division,R6,10a,11068374,supremacy,0.04850229592647398,0.13065694367709085,0.05072795664065109,0.5051752098213974,true
irl_first_division,R6,10a,11068374,level,0.3416532506013449,0.24196374635907267,0.005844863772878972,0.8020095681262109,true
irl_first_division,R6,10a,11519242,supremacy,-1.2648578262107355,-1.0941059002482783,0.0584938845426753,0.2512534839821332,true
irl_first_division,R6,10a,11519242,level,0.33211986882648203,0.3498677957131131,0.0061333690840027445,1.602388709891294,true
irl_first_division,R6,10a,11068375,supremacy,0.334535450588741,0.5207110428162569,0.06708855289292642,0.17360701563806447,true
irl_first_division,R6,10a,11068375,level,0.3829651555744691,0.35526367165388884,0.006238406162396511,1.5580728753067645,true
irl_first_division,R6,10a,11068376,supremacy,-0.6867312239413863,-0.8540898005315889,0.059235028693797626,0.2577608656979482,true
irl_first_division,R6,10a,11068376,level,0.41568261095313686,0.3386768075189913,0.0061259645876238986,1.1446742538107084,true
irl_first_division,R6,10a,11068377,supremacy,0.7477953255527734,0.9742563385243468,0.05790853001783338,0.06269988304187302,true
irl_first_division,R6,10a,11068377,level,0.4780201251976314,0.4346096272034452,0.0058621132673878,1.48995091895654,true
irl_first_division,R6,10a,11068379,supremacy,-1.0812416856849114,-1.4867513501760066,0.05754340870387345,-0.9201484464750294,false
irl_first_division,R6,10a,11068379,level,0.29931702372010616,0.19592037848023247,0.005893958560768404,0.7410408893743852,true
irl_first_division,R6,10a,11068380,supremacy,-1.0237993619885748,-1.0532517804097634,0.05260950769534767,0.5452464929863973,true
irl_first_division,R6,10a,11068380,level,0.34147981920688275,0.26315751614640526,0.005686905441969301,1.1265131727158526,true
irl_first_division,R6,10a,11068382,supremacy,-0.918833850713632,-0.6097001710476866,0.05383805653843659,-0.3455612320215473,true
irl_first_division,R6,10a,11068382,level,0.4215877469355296,0.3351059455704829,0.005830873013661192,1.0120193604099814,true
irl_first_division,R6,10a,11068384,supremacy,-1.1608100572078315,-1.2225407531316104,0.05205674321200941,0.5221707339706825,true
irl_first_division,R6,10a,11068384,level,0.31121278463094937,0.28121600774162864,0.005779726417899841,1.579919304103023,true
irl_first_division,R6,10a,11068381,supremacy,-0.04717600839596803,-0.26323956265132925,0.04840492703598102,0.11292024848227089,true
irl_first_division,R6,10a,11068381,level,0.48095492160187137,0.4493201611443475,0.0058369708107409626,1.5671073163040181,true
irl_first_division,R6,10a,11068385,supremacy,1.3899293089958298,1.56236692488541,0.0509492983741356,0.27771653781838634,true
irl_first_division,R6,10a,11068385,level,0.3480056675430958,0.461774309449533,0.005868226642161298,0.5473336226513341,true
irl_first_division,R6,10a,11068386,supremacy,0.2747610245660766,0.40100709827814485,0.052226487695955635,0.4045581194003045,true
irl_first_division,R6,10a,11068386,level,0.37366085544796135,0.3819672417127671,0.005804666424491964,1.64966487729297,true
irl_first_division,R6,10a,11068388,supremacy,0.8509723870215261,1.1697316962366024,0.0449480683847641,-0.49809135841516516,true
irl_first_division,R6,10a,11068388,level,0.42779158613743945,0.3410937235862683,0.005858333306927238,1.0094828294890759,true
irl_first_division,R6,10a,11068390,supremacy,0.6072473133312107,0.6648010934762973,0.05145170051499744,0.5324275717694488,true
irl_first_division,R6,10a,11068390,level,0.3486349526825439,0.3183537376487289,0.00595608752635331,1.5657561678503833,true
irl_first_division,R6,10a,11068391,supremacy,-2.081658991169818,-1.999852430159145,0.05223699120386317,0.492986437195591,true
irl_first_division,R6,10a,11068391,level,0.2254042897440358,0.23518679944551946,0.006019251867675368,1.6295083328155444,true
irl_first_division,R6,10a,11068392,supremacy,-0.15671260175634127,-0.3240453653556302,0.047922944853991935,0.30800361928158804,true
irl_first_division,R6,10a,11068392,level,0.43820304676041605,0.41882380373646105,0.005751416213147122,1.6275671246825079,true
irl_first_division,R6,10a,11068387,supremacy,1.9508114724945371,1.7168119600200447,0.05465292833758713,0.03349682972142087,true
irl_first_division,R6,10a,11068387,level,0.21728796466228678,0.19930952781868344,0.005869529086271256,1.6225178207910131,true
irl_first_division,R6,10a,11068395,supremacy,-0.05342258204794137,-0.000276736166218261,0.055053229047537657,0.5051365741343488,true
irl_first_division,R6,10a,11068395,level,0.41089678202636126,0.4128039487265012,0.005729746960552435,1.6617860180244244,true
irl_first_division,R6,10a,11068396,supremacy,1.0020076801369227,1.1670227470645937,0.0475065169365696,0.3179136886676768,true
irl_first_division,R6,10a,11068396,level,0.3904226282577317,0.3289682115034577,0.005792479189374718,1.3306633242457389,true
irl_first_division,R6,10a,11068398,supremacy,0.6604026503239057,0.8726432335077496,0.0523818481205386,0.12568123107179696,true
irl_first_division,R6,10a,11068398,level,0.37640111004195537,0.28020794957365247,0.0057865749066537304,0.857635052922666,true
irl_first_division,R6,10a,11068399,supremacy,0.06066259651561268,0.2857440690127748,0.05969325767133714,0.0659795553285456,true
irl_first_division,R6,10a,11068399,level,0.3776270939435837,0.35614521486244627,0.0059087300263741096,1.6076737029670396,true
irl_first_division,R6,10a,11068400,supremacy,0.20968836778592392,0.5890308483532024,0.04794742997181927,-0.9007227832437985,false
irl_first_division,R6,10a,11068400,level,0.472026905153682,0.4678927700702585,0.005745349121737015,1.6592563834069904,true
irl_first_division,R6,10a,11068401,supremacy,0.4844942674024214,0.4182688611851054,0.05143854998032077,0.5221136672009783,true
irl_first_division,R6,10a,11068401,level,0.388359596344561,0.386184511360316,0.005780230380078265,1.6573080969845075,true
irl_first_division,R6,10a,11068404,supremacy,0.7379408613862263,0.5702238980763799,0.045191894304315076,0.3182631444892554,true
irl_first_division,R6,10a,11068404,level,0.3709324632747156,0.3162480752937301,0.0055040060889249166,1.4105459355491923,true
irl_first_division,R6,10a,11708120,supremacy,0.5586475351086804,0.46029049630778823,0.06876493576450737,0.34925026524863756,true
irl_first_division,R6,10a,11708120,level,0.47227130887098323,0.2528175327309904,0.006064184170563982,-2.3371132477020646,false
irl_first_division,R6,10a,11068405,supremacy,-0.3336454627662522,-0.024315806029356568,0.04613142585784798,-0.4178976163584016,true
irl_first_division,R6,10a,11068405,level,0.39487519022903417,0.3878809463819329,0.005843039158299798,1.6481274432989959,true
irl_first_division,R6,10a,11068406,supremacy,-1.136460031293525,-1.7429675302256604,0.07095742806916158,-2.188157587688333,false
irl_first_division,R6,10a,11068406,level,0.4632748612760193,0.34085676032026396,0.006128061727411878,0.40574850836337717,true
irl_first_division,R6,10a,11068407,supremacy,-0.740490080125514,-1.0386848491137848,0.04770225967025725,-0.3295828578191047,true
irl_first_division,R6,10a,11068407,level,0.4437913416765105,0.26177460955679066,0.00574281497189684,-1.2235174660300778,false
irl_first_division,R6,10a,11068409,supremacy,-0.4309102444267066,-0.5642271191268624,0.044420925433910435,0.43802728771103316,true
irl_first_division,R6,10a,11068409,level,0.5234664900518365,0.4177897674982807,0.005595170143622932,0.6760220747357473,true
irl_first_division,R6,10a,10949426,supremacy,0.6294791516336175,0.6047078160516326,0.045642227067522995,0.6178003917872065,true
irl_first_division,R6,10a,10949426,level,0.4390162695556054,0.45187240585036703,0.0056588490892043875,1.6537251435966556,true
irl_first_division,R6,10a,10949428,supremacy,0.44241593781302574,0.744469822628706,0.04205575400178249,-0.41926847158331393,true
irl_first_division,R6,10a,10949428,level,0.5658993937570665,0.4386715344532724,0.0056267176819728764,0.23277714963356866,false
irl_first_division,R6,10a,10949429,supremacy,0.5767953389996305,1.112449741332639,0.055182749732387903,-2.0701626553008516,false
irl_first_division,R6,10a,10949429,level,0.520290421589405,0.3561021730296936,0.005834235725377773,-0.6572420764830573,false
irl_first_division,R6,10a,10949430,supremacy,0.7417431632951473,0.7948964144184067,0.04534896669421452,0.5965951077192607,true
irl_first_division,R6,10a,10949430,level,0.4213982484702285,0.35289143821651847,0.005588274266926907,1.2546903957365514,true
irl_first_division,R6,10a,11909439,supremacy,0.48635720566833485,-0.08144101469587378,1.0166822357764775,-1.085763242049071,true
irl_first_division,R6,10a,11909439,level,0.3501652145962923,0.34355336059888464,0.03212415434909853,0.7994545646076207,true
irl_first_division,R6,10a,11909442,supremacy,0.20574103592829535,0.3376481462976125,0.2531817587618489,-0.26647636576171363,true
irl_first_division,R6,10a,11909442,level,0.2945107373480558,0.3282817590872281,0.01193079771617107,1.2475818455664696,true
irl_first_division,R6,10a,11909443,supremacy,-0.06571576047971811,-0.1126553460496666,0.2718680093197885,-0.27177143363019995,true
irl_first_division,R6,10a,11909443,level,0.4116182543783079,0.48917849264866764,0.012061698830262542,1.0405541165581664,true
irl_first_division,R6,10a,11909444,supremacy,-0.3436414254337328,-1.2154840206648285,0.5931345831119563,-1.2985279150776787,true
irl_first_division,R6,10a,11909444,level,0.3108454120222444,0.15230930066892573,0.02103484631504271,0.4144188501056145,true
irl_first_division,R6,10a,11909445,supremacy,-0.6656948126164172,-0.6743870939949415,0.2569202425290673,-0.23959078316776616,true
irl_first_division,R6,10a,11909445,level,0.2969688310166721,0.40316668296190494,0.011772384288914549,0.8230591869234656,true
irl_first_division,R6,10a,11909446,supremacy,0.07143086262247206,-0.13575668894669035,0.2665568401720004,-0.3383753363735351,true
irl_first_division,R6,10a,11909446,level,0.30872119075076776,0.37010008634655434,0.014598865235908694,1.0654376962966197,true
irl_first_division,R6,10a,11909449,supremacy,0.8537083762729825,0.46637662717107536,0.14854245420187692,-0.4704895809934936,true
irl_first_division,R6,10a,11909449,level,0.2567231151430085,0.24736099084697885,0.011469917953207863,1.3112543804183043,true
irl_first_division,R6,10a,11909450,supremacy,0.0031961015525586167,-0.2724037307203697,0.153636218388643,-0.229546621391698,true
irl_first_division,R6,10a,11909450,level,0.3487402731006001,0.41599950801472985,0.009559160300998792,1.1695677151951964,true
irl_first_division,R6,10a,11909451,supremacy,-0.721543131434097,-0.49774165891088207,0.07124855824240077,0.05035628706943318,true
irl_first_division,R6,10a,11909451,level,0.29263486983227005,0.34796676371523894,0.008547533291713937,1.2830240519318954,true
irl_first_division,R6,10a,11915723,supremacy,0.2774041104797999,0.22515620907099865,0.06107489705805025,0.4565403162511499,true
irl_first_division,R6,10a,11915723,level,0.31248912724221845,0.3682480904580633,0.009528639178536392,1.2446451274467107,true
irl_first_division,R6,10a,11915780,supremacy,0.5364035004481882,1.059972299106276,0.07660118901245055,-1.4236624408521616,false
irl_first_division,R6,10a,11915780,level,0.37939221725728034,0.3473137446612725,0.008026016397603138,1.4294891488267623,true
irl_first_division,R6,10a,11915781,supremacy,0.03320239243148737,0.1193489127341324,0.052417976201036366,0.48452539986762677,true
irl_first_division,R6,10a,11915781,level,0.3609414851286224,0.3845709252879017,0.009780060081973371,1.3662209443290823,true
irl_first_division,R6,10a,11915784,supremacy,-0.5749661056109666,-0.42604996771359693,0.07241748918297468,0.24060289319775285,true
irl_first_division,R6,10a,11915784,level,0.30090990840479864,0.2834629348456586,0.01021078138208124,1.3583113653928356,true
irl_first_division,R6,10a,11915782,supremacy,-0.19758894124243515,-0.11525315567356831,0.054160547728996214,0.4763786048242774,true
irl_first_division,R6,10a,11915782,level,0.29038903964615814,0.3285995659868024,0.007061594987429722,1.4542244166943494,true
irl_first_division,R6,10a,11915785,supremacy,0.5143942964175614,0.4158183944495447,0.05881541161914122,0.41512947294433533,true
irl_first_division,R6,10a,11915785,level,0.2245296973363073,0.32225530830825894,0.007146686807077773,0.8834522579324551,true
irl_first_division,R6,10a,11915765,supremacy,-0.13530833167669393,0.24281128799540141,0.06742899130562592,-0.6307836960173483,true
irl_first_division,R6,10a,11915765,level,0.20288093918785569,0.41626950306182686,0.0072282177348339735,-1.6038432206051976,false
irl_first_division,R6,10a,11915768,supremacy,0.7398946114451175,0.6068844566882714,0.049901372096233125,0.4026481751289268,true
irl_first_division,R6,10a,11915768,level,0.21401518616735127,0.28205269009650347,0.006679604852936812,1.2388995266509235,true
irl_first_division,R6,10a,11915769,supremacy,0.064819357722842,0.013083329859630954,0.06562427468362393,0.42257277750936084,true
irl_first_division,R6,10a,11915769,level,0.20147461544758816,0.3281867831126566,0.006977955114932659,0.4130827394490546,true
irl_first_division,R6,10a,11915773,supremacy,-0.5016341214572628,-0.24547796659610013,0.051748756700568145,-0.07224710812241453,true
irl_first_division,R6,10a,11915773,level,0.22507070017504216,0.2879502921830708,0.0070475371929079374,1.27808759932324,true
irl_first_division,R6,10a,11909448,supremacy,0.009669280144797732,0.43239004357732863,0.0589182399183399,-1.0195838259004582,false
irl_first_division,R6,10a,11909448,level,0.32737502496004245,0.3016091295568517,0.006644080107730644,1.53811561450836,true
irl_first_division,R6,10a,11915772,supremacy,0.08062042455936191,0.6685161846844295,0.0578163634353468,-2.482655338934877,false
irl_first_division,R6,10a,11915772,level,0.3486599783917843,0.3433295750099869,0.0063560597381235925,1.6079996557211111,true
irl_first_division,R6,10a,11915774,supremacy,0.9569919882150348,1.066862818047652,0.052773110352126035,0.4375655788231678,true
irl_first_division,R6,10a,11915774,level,0.1915979245992453,0.3025780630321536,0.006327869792243369,0.639255275314889,true
irl_first_division,R6,10a,11915775,supremacy,0.1642700197845114,0.3257060456462985,0.055866712976705334,0.2902068109584015,true
irl_first_division,R6,10a,11915775,level,0.2706804376310568,0.3207415731124923,0.0061606816905546615,1.4224492863346805,true
irl_first_division,R6,10a,11915776,supremacy,0.02224665569651399,0.27948879402509186,0.055639895382133514,-0.06917003498551644,true
irl_first_division,R6,10a,11915776,level,0.14894984471715694,0.23538828927228417,0.006832156551200886,1.0273219732511458,true
irl_first_division,R6,10a,11915743,supremacy,0.30971163762511134,0.18722566295256696,0.04617569379214901,0.45625874567605207,true
irl_first_division,R6,10a,11915743,level,0.28025989616036595,0.3345655157075443,0.005863799556035188,1.3990735437618256,true
irl_first_division,R6,10a,11915759,supremacy,0.5181889159799303,0.8329751356158385,0.05363509082952751,-0.3799083141144941,true
irl_first_division,R6,10a,11915759,level,0.2272042397344291,0.2301624613392073,0.0062327068418199265,1.619331716094412,true
irl_first_division,R6,10a,11915778,supremacy,-0.02056136577611606,-0.008949914531821812,0.04663525891866846,0.6123151291709684,true
irl_first_division,R6,10a,11915778,level,0.30685105564414017,0.34288242157755794,0.006043692526270288,1.5280253843286864,true
irl_first_division,R6,10a,11915749,supremacy,1.0153178431847998,0.811013420542015,0.04620802383635404,0.16670600142680603,true
irl_first_division,R6,10a,11915749,level,0.07771592653703463,0.25323820646190376,0.00593343170785262,-0.9515049613276392,false
irl_first_division,R6,10a,11915750,supremacy,0.05394210317699333,-0.4354360431933705,0.05101690323149079,-1.7783121509300568,false
irl_first_division,R6,10a,11915750,level,0.11355972592852442,0.25157298333237293,0.005983416673518975,0.04873900209692561,false
irl_first_division,R6,10a,11915753,supremacy,0.23324898387423798,0.05630331350828338,0.04885311699131898,0.27008198371879266,true
irl_first_division,R6,10a,11915753,level,0.18071900096561383,0.23258295910038215,0.00612894382260116,1.4089879450136338,true
irl_first_division,R6,10a,11915767,supremacy,0.10816771083496352,0.31698551489496074,0.04383070624105544,0.14734796536641004,true
irl_first_division,R6,10a,11915767,level,0.31200310298807743,0.3704836533510266,0.005974508252943836,1.35497429644381,true
irl_first_division,R6,10a,11915755,supremacy,-0.24257525498714366,0.0021331426605419868,0.03779575236481669,-0.07334086569294196,true
irl_first_division,R6,10a,11915755,level,0.0892087639558147,0.29445005745647423,0.005395085757685248,-2.211727196051959,false
irl_first_division,R6,10a,11915757,supremacy,-0.7489802686691676,-0.5093964460749781,0.0432639338387138,-0.012095382404911703,true
irl_first_division,R6,10a,11915757,level,0.08984936791201217,0.15897441792908867,0.005483851756997491,1.248367689678784,true
irl_first_division,R6,10a,11915760,supremacy,0.3011625138018706,0.5661790721553216,0.04342047533215814,-0.15928977682109213,true
irl_first_division,R6,10a,11915760,level,0.22995376979578128,0.2890065093469844,0.005506654435185198,1.3653230261172482,true
irl_first_division,R6,10a,11915766,supremacy,-0.2770760830120664,0.17626143703068378,0.039707499806966286,-1.8936910124353186,false
irl_first_division,R6,10a,11915766,level,0.27589262526526415,0.2853038082819803,0.005166504330833804,1.7052693537857566,true
irl_first_division,R6,10a,11915726,supremacy,-0.0381135616358331,0.05979245829632443,0.0429398467160062,0.5434225189487465,true
irl_first_division,R6,10a,11915726,level,0.21300940545390062,0.24441928134294044,0.005445872314574093,1.596929574412512,true
irl_first_division,R6,10a,11915763,supremacy,0.327395111149111,0.23494253055820974,0.04352979915783277,0.5500365996218184,true
irl_first_division,R6,10a,11915763,level,0.27499023908972503,0.3715386459899753,0.005465886041857438,0.832969325671006,true
irl_first_division,R6,10a,11915685,supremacy,-1.6667797490014022,-0.8782570907280633,0.04494650197007624,-6.284553454194461,false
irl_first_division,R6,10a,11915685,level,-0.0613267290491924,0.1478434912380575,0.00554629335355503,-2.2658979850787633,false
irl_first_division,R6,10a,11915665,supremacy,-0.5747616457377566,-0.7680416374286443,0.050797654570891256,0.2033085022304102,true
irl_first_division,R6,10a,11915665,level,0.09765972662086048,0.10723085100465393,0.005692437051395239,1.6573235487384799,true
irl_first_division,R6,10a,11915727,supremacy,0.6812841247095927,0.5055306440827582,0.04359484170015752,0.2931928444136047,true
irl_first_division,R6,10a,11915727,level,0.2185074235562643,0.30093214933142093,0.005577652551584459,1.0665322829545183,true
irl_first_division,R6,10a,11915729,supremacy,0.23393711132889752,0.0354453256089019,0.05828046655711991,0.16429365689094744,true
irl_first_division,R6,10a,11915729,level,0.19096673465124947,0.29513765637387906,0.005907102915569139,0.7283416392986326,true
irl_first_division,R6,10a,11915731,supremacy,-0.1603519475291839,0.026588514437885236,0.05066312234045275,0.22744673330382814,true
irl_first_division,R6,10a,11915731,level,0.24455628615890296,0.267032034794639,0.005705553251090739,1.6199500408203713,true
irl_first_division,R6,10a,11915736,supremacy,-0.08855205843056796,-0.03017964421084529,0.04991197487971952,0.5456751510367729,true
irl_first_division,R6,10a,11915736,level,0.21653036214976015,0.3137976183111223,0.005618314497028633,0.829951952657177,true
irl_first_division,R6,10a,11915738,supremacy,-0.9657794190207744,-1.2466542096229611,0.047104175743373514,-0.22864781851539462,true
irl_first_division,R6,10a,11915738,level,0.05469102222053063,0.10937132019743362,0.005541899234734471,1.4090132249116354,true
irl_first_division,R6,10a,11915739,supremacy,0.39461483655900215,0.5507014867508904,0.04857712964157188,0.3425960973103175,true
irl_first_division,R6,10a,11915739,level,0.1331417952971873,0.2608558958368884,0.005572000052075933,0.21241425202654307,false
irl_first_division,R6,10a,11915742,supremacy,0.6796553846750514,0.7949597865864193,0.05292940410241245,0.4248667833013784,true
irl_first_division,R6,10a,11915742,level,0.21914927338858975,0.17996211931235886,0.0057073793973065855,1.5295286362860046,true
irl_first_division,R6,10a,11915707,supremacy,0.3832789832305284,0.3745203624960448,0.05012774230496374,0.5768866301023425,true
irl_first_division,R6,10a,11915707,level,0.21654887672686532,0.2366186461593887,0.005688730159125366,1.6302926311886057,true
irl_first_division,R6,10a,11915709,supremacy,-0.008848718950583034,0.15132170310953175,0.05294687837168095,0.30802753562896945,true
irl_first_division,R6,10a,11915709,level,0.1878793092822896,0.27164799537181034,0.005624162907280707,1.0475597394827219,true
irl_first_division,R6,10a,11915711,supremacy,0.13972529095094496,-0.027740637938772794,0.04842896239291532,0.3053439600432215,true
irl_first_division,R6,10a,11915711,level,0.17435679259865283,0.1747909942960606,0.005639970037155235,1.6699830159789948,true
irl_first_division,R6,10a,11915715,supremacy,0.36319874978318634,0.11751343170034476,0.047272720155189886,-0.03146425196114633,true
irl_first_division,R6,10a,11915715,level,0.16493244249029265,0.24815890578557437,0.005505043814360426,1.0529887522597223,true
irl_first_division,R6,10a,11915710,supremacy,-0.11180129471561134,-0.04918756156528892,0.04867541843310611,0.5520803747421358,true
irl_first_division,R6,10a,11915710,level,0.20576003602905432,0.30354298604509006,0.005735446240291769,0.8280613064949902,true
irl_first_division,R6,10a,11915712,supremacy,0.44068997335390114,0.7960963486990378,0.047872784052431935,-0.7185985832844215,true
irl_first_division,R6,10a,11915712,level,0.18947925611284028,0.16288699450171581,0.005728619674599072,1.600481142397701,true
irl_first_division,R6,10a,11915713,supremacy,-0.2689046146231482,-0.20160469978023138,0.04746301636390512,0.5572499375698344,true
irl_first_division,R6,10a,11915713,level,0.19208551719690214,0.21579107426308977,0.005533138216484225,1.6287808187335928,true
irl_first_division,R6,10a,11915716,supremacy,-0.5363691303429606,-0.8898408622261439,0.047243078726886586,-0.7150480453492847,true
irl_first_division,R6,10a,11915716,level,0.1178364170604929,0.11779934696299738,0.005579002541989644,1.675433980879564,true
irl_first_division,R6,10a,11915719,supremacy,0.40641909777592333,0.29525351514027937,0.03848529048490846,0.5492489762452148,true
irl_first_division,R6,10a,11915719,level,0.19423992877769436,0.19271125478168002,0.005267420022516541,1.7039469440273507,true
irl_first_division,R6,10a,11915720,supremacy,-0.5355712780142112,-0.42868581124446525,0.041204213877102026,0.5370361394451666,true
irl_first_division,R6,10a,11915720,level,0.11108483462187994,0.14991309686575222,0.005419661668716989,1.5508331059811296,true
irl_first_division,R6,10a,11915697,supremacy,-0.24851147465507273,-0.12704501912649113,0.040509418416779845,0.5020648251480078,true
irl_first_division,R6,10a,11915697,level,0.33188246199296967,0.20027115595192302,0.005303616487205355,0.06775175864436056,false
irl_first_division,R6,10a,11915691,supremacy,-0.09537133877442852,-0.03596864855364018,0.04318850380060904,0.6112998637164422,true
irl_first_division,R6,10a,11915691,level,0.2920828273074817,0.2450465028693349,0.005447941373308465,1.4842695760830087,true
irl_first_division,R6,10a,11915695,supremacy,1.462255260306509,1.174724916429716,0.05111896317025438,-0.24077887165612322,true
irl_first_division,R6,10a,11915695,level,0.13989370537238077,0.12450237744491982,0.005626891835000571,1.6501104237279645,true
irl_first_division,R6,10a,11915698,supremacy,-0.146685484200607,-0.11675697379188232,0.04545482326584864,0.6167268246902533,true
irl_first_division,R6,10a,11915698,level,0.18510132683851682,0.16505102839363953,0.005535649290701078,1.6430232629506882,true
irl_first_division,R6,10a,11915702,supremacy,0.037480430063524806,-0.2133322447031517,0.04730497345666118,-0.058277534352678906,true
irl_first_division,R6,10a,11915702,level,0.32986330999705615,0.2360433454808355,0.005594364551544218,0.8873581035628391,true
irl_first_division,R6,10a,11915696,supremacy,-0.6038153278290006,-0.7816149975190825,0.04604524368765705,0.2768479560172932,true
irl_first_division,R6,10a,11915696,level,0.16202040871975731,0.13395780657186726,0.005533177764296052,1.6083954502777886,true
irl_first_division,R6,10a,11915701,supremacy,0.16683413179495366,0.17257253051635274,0.04841261509007863,0.5947188059775452,true
irl_first_division,R6,10a,11915701,level,0.22705609738171817,0.25716279337436354,0.005608293365407766,1.5920058074927486,true
irl_first_division,R6,10a,11915708,supremacy,0.2932633957137003,0.183870364627954,0.05007853530914633,0.4586621831622142,true
irl_first_division,R6,10a,11915708,level,0.37213682770037304,0.2449516293344941,0.005557348095767931,0.22200145610601352,false
irl_first_division,R6,10a,11915704,supremacy,0.42961285336691984,0.41174947666344336,0.054837743073026995,0.5298402622100558,true
irl_first_division,R6,10a,11915704,level,0.20164457816188222,0.2845956706465885,0.005701733631674395,1.0611511981482837,true
irl_first_division,R6,10a,11915705,supremacy,0.04574574443478027,0.13035937115995616,0.052695772972216254,0.4847394152132889,true
irl_first_division,R6,10a,11915705,level,0.18741443941517966,0.20780402097920844,0.005605585914998979,1.6359751028516092,true
irl_first_division,R6,10a,11915706,supremacy,-0.0042022302947866685,0.1773145495278564,0.05529637587392934,0.23066045900602505,true
irl_first_division,R6,10a,11915706,level,0.1382396090139467,0.20386044212581894,0.00577569587579618,1.285332682920799,true
irl_first_division,R6,10a,11915718,supremacy,0.6917277683485118,0.7686700153976174,0.04482207438400434,0.56754862207909,true
irl_first_division,R6,10a,11915718,level,0.1088530488753137,0.14269945684796223,0.005549324205788972,1.5748831148910438,true
irl_first_division,R6,10a,11915681,supremacy,-0.21533018920736274,0.06025631115065391,0.059527252416816646,-0.14620363257103586,true
irl_first_division,R6,10a,11915681,level,0.28485867342335536,0.20399537454272437,0.005867579684237964,1.093014386613143,true
irl_first_division,R6,10a,11915682,supremacy,-0.3346024559984039,-0.29406204142531756,0.04852472955055463,0.5769674044725087,true
irl_first_division,R6,10a,11915682,level,0.17707844783863147,0.26991115484746986,0.005609630404536208,0.9045612793466105,true
irl_first_division,R6,10a,11915684,supremacy,0.9079417852702085,0.7162500028113916,0.05355231192558466,0.20152695970926437,true
irl_first_division,R6,10a,11915684,level,0.15135459730868447,0.226258874561764,0.005563820602363384,1.1725881383888979,true
irl_first_division,R6,10a,12258661,supremacy,1.26409009745032,1.328575203682112,0.04456777068570604,0.5897818733131164,true
irl_first_division,R6,10a,12258661,level,0.1586886279623366,0.12641787728264203,0.005569093474261072,1.5828246792167933,true
irl_first_division,R6,10a,11915686,supremacy,1.3429653865287479,1.1931383947177954,0.04010478502041878,0.40932283616702625,true
irl_first_division,R6,10a,11915686,level,0.12822234217563877,0.1447281060772695,0.005282157898619539,1.6769830270441635,true
irl_first_division,R6,10a,11915687,supremacy,0.1721613349196274,0.19528462046118247,0.04114903921998809,0.6698418690033078,true
irl_first_division,R6,10a,11915687,level,0.2152657247357307,0.2558755217752937,0.005292330165064292,1.5460035977823703,true
irl_first_division,R6,10a,11915688,supremacy,-0.096844225746824,-0.07423089615305853,0.04021346320229975,0.681480080826928,true
irl_first_division,R6,10a,11915688,level,0.10749307624689561,0.2188375751000632,0.00522774697141109,0.5221993404606176,true
irl_first_division,R6,10a,11915689,supremacy,0.0188948022349682,0.033082934455823776,0.04119204738640529,0.6733730293386362,true
irl_first_division,R6,10a,11915689,level,0.24016967827087238,0.20067568607547387,0.005364287476321385,1.5496721829935916,true
irl_first_division,R6,10a,11915663,supremacy,-0.2090138540947739,-0.16575175052293512,0.05758901662525581,0.4920234636098566,true
irl_first_division,R6,10a,11915663,level,0.2115207974457765,0.21613748598831956,0.005786236005339507,1.6553563405231708,true
irl_first_division,R6,10a,11915692,supremacy,0.9810042581790459,0.9197766696394709,0.05553019871746498,0.49272084454331955,true
irl_first_division,R6,10a,11915692,level,0.10801793956117664,0.12695262248867267,0.005788342680992404,1.6260467676230816,true
irl_first_division,R6,10a,11915693,supremacy,0.3390163940561437,0.5832225999313632,0.060562525471129475,-0.00925525857919296,true
irl_first_division,R6,10a,11915693,level,0.22566989011832367,0.2257917073418698,0.005943223557929977,1.6438120215062955,true
irl_first_division,R6,10a,11915694,supremacy,-0.2947450488223843,-0.38949239243483236,0.055111505721635104,0.4488153417966312,true
irl_first_division,R6,10a,11915694,level,0.33027639446384405,0.24891892808845906,0.005838634696280724,1.085859695502763,true
irl_first_division,R6,10a,11915664,supremacy,0.21915164193623532,0.16179928995862766,0.05434608567121779,0.5069903531178813,true
irl_first_division,R6,10a,11915664,level,0.3800403768079975,0.2529131930150193,0.005796745615363162,0.26229128697726667,false
irl_first_division,R6,10a,11915671,supremacy,0.27460413749141144,0.41149090501825114,0.05342315353941263,0.370443708761538,true
irl_first_division,R6,10a,11915671,level,0.28281652619016195,0.25642503481325574,0.005658053582794836,1.6068487440465562,true
irl_first_division,R6,10a,11915673,supremacy,0.4933012459053863,0.642604869708217,0.05827660197087637,0.31108214699204084,true
irl_first_division,R6,10a,11915673,level,0.19855673735781895,0.14003854814765207,0.005960594301328377,1.3551025811567845,true
irl_first_division,R6,10a,11915679,supremacy,0.7676146513381013,0.5577294490198469,0.0528008784008954,0.13452495320798308,true
irl_first_division,R6,10a,11915679,level,0.2745799424158467,0.2580424111367447,0.005738776480343854,1.6374878461220992,true
irl_first_division,R6,10a,11915667,supremacy,0.673314745440224,0.6215735841209449,0.05018248657335564,0.5504319355374366,true
irl_first_division,R6,10a,11915667,level,0.21756911327323666,0.2701253484821794,0.005676326912589979,1.4234818926387247,true
irl_first_division,R6,10a,11915670,supremacy,-0.2911962863520535,-0.38261597314055895,0.05089116655086626,0.4879823440901012,true
irl_first_division,R6,10a,11915670,level,0.20011954149683892,0.19730141547434965,0.0057915400243789645,1.6560543471883817,true
irl_first_division,R6,10a,11915653,supremacy,1.6299785296166331,1.4264348969892697,0.0733473591014134,0.10491252924926564,true
irl_first_division,R6,10a,11915653,level,0.07787003506368395,0.07728748961574206,0.006528824691298842,1.5967996464487797,true
irl_first_division,R6,10a,11915654,supremacy,0.16879707282582615,-0.012698757599259508,0.0757341076306884,0.15384856494861254,true
irl_first_division,R6,10a,11915654,level,0.17519891176014152,0.19973522686049516,0.006443023973935205,1.5567205299160398,true
irl_first_division,R6,10a,11915680,supremacy,-0.1967744592676405,-0.16232255629083506,0.06564669603508941,0.4337551550480365,true
irl_first_division,R6,10a,11915680,level,0.2598764246451434,0.29596374974836787,0.006411829063900066,1.5043127205682145,true
irl_first_division,R6,10a,11915652,supremacy,-0.6554895633154222,-0.47017072414626837,0.06385752367527192,0.18770801871158227,true
irl_first_division,R6,10a,11915652,level,0.2667084840584169,0.26093700768312217,0.006293944735335197,1.6124989078610068,true
irl_first_division,R6,10a,11915655,supremacy,0.5157409117348958,0.39394113799323505,0.054193366270591764,0.40178715113144503,true
irl_first_division,R6,10a,11915655,level,0.3474805654460415,0.30595756055250606,0.00605596921611625,1.4920647845028459,true
irl_first_division,R6,10a,11915656,supremacy,0.005051948113222626,-0.03543926379905987,0.06547311094157783,0.43159863799965936,true
irl_first_division,R6,10a,11915656,level,0.18007583099754662,0.1897189764842835,0.006266325664832335,1.609924185054365,true
irl_first_division,R6,10a,11915658,supremacy,0.8695833401571769,1.0462727281352229,0.07307977880666232,0.17556695999962102,true
irl_first_division,R6,10a,11915658,level,0.24356683978339125,0.100177704820375,0.0063892914466893505,-0.0013494304583616668,false
irl_first_division,R6,10a,11915660,supremacy,0.0817757822972956,-0.06996540449533745,0.06500991095583171,0.27057787379892595,true
irl_first_division,R6,10a,11915660,level,0.2785053623636091,0.2657633812269965,0.006151864459420964,1.6133656626198505,true
irl_first_division,R6,10a,11915672,supremacy,0.0612073442410461,-0.03570277057392149,0.0648118603749257,0.37674223814076213,true
irl_first_division,R6,10a,11915672,level,0.19424990109344947,0.24431187084745365,0.0062061962060136495,1.4202538343765125,true
irl_first_division,R6,10a,11915639,supremacy,0.5389805218920887,0.4668133051152537,0.0670180818057633,0.393601890838466,true
irl_first_division,R6,10a,11915639,level,0.17494255638595935,0.18483768471707376,0.006697962772101974,1.5767281932344286,true
irl_first_division,R6,10a,11915638,supremacy,-0.1140992883276391,-0.0068681045642272065,0.06614640479380565,0.3520865896661256,true
irl_first_division,R6,10a,11915638,level,0.2778593907012685,0.22541585368309353,0.006530342942161265,1.3861289673886412,true
irl_first_division,R6,10a,11915641,supremacy,0.2551626830329253,0.30912586717408597,0.07123943163000675,0.3814775697804583,true
irl_first_division,R6,10a,11915641,level,0.27405993941441353,0.24205548410133088,0.006402394436080154,1.526610730242448,true
irl_first_division,R6,10a,11915642,supremacy,1.7076539148340475,1.686929345974745,0.07025528634448498,0.40581456369707025,true
irl_first_division,R6,10a,11915642,level,0.24500578287747332,0.18259078498327508,0.006683643995561689,1.29367719161911,true
irl_first_division,R6,10a,11915643,supremacy,-0.48230518724379834,-0.43613542016052087,0.06205109341237032,0.453783490000518,true
irl_first_division,R6,10a,11915643,level,0.25570726061191246,0.20563519054933949,0.00624174264621601,1.418467075268378,true
irl_first_division,R6,10a,11915648,supremacy,-0.59228891406394,-0.5604315111038781,0.0717518963173118,0.3912597183869654,true
irl_first_division,R6,10a,11915648,level,0.38631557009498907,0.25962907875939084,0.006392024899813069,0.35198453625392156,true
irl_first_division,R6,10a,11915649,supremacy,-0.46485692602514467,-0.5042273956014852,0.05377600840047819,0.5281134465369445,true
irl_first_division,R6,10a,11915649,level,0.09741751984829997,0.16419366503831861,0.006244252599273422,1.2620557527708876,true
irl_first_division,R6,10a,11915614,supremacy,-0.5976794478069117,-1.1148073809377728,0.05024163256277649,-2.0848345102205967,false
irl_first_division,R6,10a,11915614,level,0.2575801271474764,0.12118958215394116,0.006252788421271497,0.13089854558845548,false
irl_first_division,R6,10a,11915636,supremacy,0.6469333365943535,0.6698308308758932,0.058204094837820644,0.4984573133476089,true
irl_first_division,R6,10a,11915636,level,0.31699345007783297,0.2629316348743373,0.00615535283780972,1.3888684521693706,true
irl_first_division,R6,10a,11915611,supremacy,0.7912329734552482,0.4355382700171005,0.06031382536363579,-0.5636783944354606,true
irl_first_division,R6,10a,11915611,level,0.263649060469658,0.25604641755791285,0.006352654539534132,1.6059534312100943,true
irl_first_division,R6,10a,11915615,supremacy,0.6092743341055179,0.6377049375504562,0.06882618668892924,0.41327492727122295,true
irl_first_division,R6,10a,11915615,level,0.2351889926127781,0.2566495560577997,0.006539187032665673,1.560817616601963,true
irl_first_division,R6,10a,11915618,supremacy,0.7596654462326646,1.044915302170777,0.05132949969165084,-0.22679329357487488,true
irl_first_division,R6,10a,11915618,level,0.19048053174632543,0.13867236573588096,0.00610114158709177,1.4107352678106477,true
irl_first_division,R6,10a,11915621,supremacy,0.33808597111873684,0.052981758279954494,0.11189604662202265,-0.18705999527218764,true
irl_first_division,R6,10a,11915621,level,0.3766107327365212,0.25708213816774084,0.007643545885416278,0.5834234119901418,true
irl_first_division,R6,10a,11915650,supremacy,-0.12224674869857066,0.08898659775462209,0.09460645893634617,0.024259738647309792,true
irl_first_division,R6,10a,11915650,level,0.33541143122017403,0.2039618230411138,0.007070979601355894,0.3351145791294847,true
irl_first_division,R6,10a,11915633,supremacy,-0.2775455830433478,-0.09276404010781297,0.04672090537241716,0.24743703039262188,true
irl_first_division,R6,10a,11915633,level,0.22979230807552156,0.22995238132641235,0.005979055617413576,1.6408056475284991,true
irl_first_division,R6,10a,11915634,supremacy,0.213134369569435,0.6323002483691118,0.1121673625275726,-0.6082617279581064,true
irl_first_division,R6,10a,11915634,level,0.41982007496762375,0.2863815427866325,0.007547520271312284,0.344747323165687,true
irl_first_division,R6,10a,11915610,supremacy,0.2967882259953998,0.304656896053618,0.051465328005321775,0.5638834062400474,true
irl_first_division,R6,10a,11915610,level,0.3588846503983727,0.2917645940098881,0.005890285928264258,1.2658689000926284,true
irl_first_division,R6,10a,11915616,supremacy,1.0454013503090303,1.1956951074173743,0.056110638878673,0.31999358461118743,true
irl_first_division,R6,10a,11915616,level,0.3206102432045642,0.22128505937584667,0.006279224628624606,0.83074974229517,true
irl_first_division,R6,10a,11915613,supremacy,-0.41593374260566673,-0.41507740673134097,0.06574992748072123,0.4420042457185256,true
irl_first_division,R6,10a,11915613,level,0.24400368103708647,0.23323562529306308,0.006606923410751888,1.5821050922924074,true
irl_first_division,R6,10a,11915635,supremacy,-0.01400557616575504,-0.43709710022389087,0.05771403916845758,-1.0436160936953758,false
irl_first_division,R6,10a,11915635,level,0.30311193015420457,0.28509082139288255,0.006343640362163295,1.5856153915094104,true
irl_first_division,R6,10a,11915631,supremacy,0.031022298751553767,-0.10696208708701893,0.05217003808524248,0.37520767728720905,true
irl_first_division,R6,10a,11915631,level,0.3847972316583711,0.368704338418133,0.0061532021593615725,1.6054083691464558,true
irl_first_division,R6,10a,11915612,supremacy,0.6627264991584422,-0.3170530799585727,0.06893027527195275,-6.544935129824914,false
irl_first_division,R6,10a,11915612,level,0.3511556351750605,0.28851015471120045,0.006679320477220654,1.2916543699224592,true
irl_first_division,R6,10a,11915624,supremacy,0.15684138990552132,0.4129130942810857,0.060607178467330936,-0.0582325087797102,true
irl_first_division,R6,10a,11915624,level,0.3368343459691268,0.27393265647329307,0.006187901078893806,1.3039347825501613,true
irl_first_division,R6,10a,11915628,supremacy,0.3885779623927387,0.6307421157883317,0.05173221328952181,-0.004899683525432907,true
irl_first_division,R6,10a,11915628,level,0.36019451037287803,0.29870849568999647,0.006039522535101909,1.322794104108611,true
irl_first_division,R6,10a,13366705,supremacy,0.15437598530789665,-0.08236589267410671,0.2708671108282841,-0.36933301985607414,true
irl_first_division,R6,10a,13366705,level,0.22554805700314423,0.22890715200073034,0.012197645422544437,1.2838551102273565,true
irl_first_division,R6,10a,13366707,supremacy,-0.14468897758702098,-0.009179375879817986,0.2595129594295096,-0.2798436655671751,true
irl_first_division,R6,10a,13366707,level,0.2955315073868765,0.37907442727252105,0.011854952414919316,1.0041990043167603,true
irl_first_division,R6,10a,13366710,supremacy,-0.31778623542855367,0.21463708846130675,0.2607634350262197,-0.7904151436335064,true
irl_first_division,R6,10a,13366710,level,0.26735843126082887,0.33833289144140166,0.012436232021262698,1.0721038869109532,true
irl_first_division,R6,10a,13366712,supremacy,0.4985939060594325,0.349802651071932,0.22325613807453962,-0.21880245012848087,true
irl_first_division,R6,10a,13366712,level,0.23102192616016,0.33417604623328273,0.011916948052615374,0.8495028733323833,true
irl_first_division,R6,10a,13366716,supremacy,0.626490296846242,0.4919005316798958,0.15558455757584655,-0.04686959427790249,true
irl_first_division,R6,10a,13366716,level,0.27306882723244796,0.28561081802898797,0.009796456629938093,1.3859002390516988,true
irl_first_division,R6,10a,13366719,supremacy,-1.0400413411307528,-0.21792546023149467,2.082387660958224,-1.4479796572315147,true
irl_first_division,R6,10a,13366719,level,0.1431418708161862,0.15333868953589666,0.18081535080828093,-0.06408658572746695,true
irl_first_division,R6,10a,13366725,supremacy,-0.8253584894017978,-1.0654799776701265,0.06468461019994576,0.004489296872297155,true
irl_first_division,R6,10a,13366725,level,0.07992288149809465,0.1530997821594841,0.014851418713812655,1.0056103554123397,true
irl_first_division,R6,10a,13366728,supremacy,0.5782453380798819,0.25377532405818926,0.07798519715733379,-0.3183253694701791,true
irl_first_division,R6,10a,13366728,level,0.22133026693866606,0.25542619720002746,0.00824725453253924,1.409518958421237,true
irl_first_division,R6,10a,13366730,supremacy,-0.03514683790367895,0.0728812398587606,0.18826364506666876,-0.11497651119268859,true
irl_first_division,R6,10a,13366730,level,0.1495257250181054,0.29503865173500143,0.010274288049815866,0.3396799338129113,true
irl_first_division,R6,10a,13366732,supremacy,-0.21125519714085658,-0.42345619512942123,0.14149925891345447,-0.10032297237747334,true
irl_first_division,R6,10a,13366732,level,0.27904861223748517,0.30311247536740143,0.010011006464993888,1.3541748962415983,true
irl_first_division,R6,10a,13366734,supremacy,0.9368245846544433,0.586874928719833,0.06889519103477645,-0.4701299169748441,true
irl_first_division,R6,10a,13366734,level,0.19624924584103792,0.322573786056414,0.007521741188923697,0.46525601095162417,true
irl_first_division,R6,10a,13366738,supremacy,0.17823987932323893,-0.29330941564349766,0.09443355184967578,-0.9163382117198686,true
irl_first_division,R6,10a,13366738,level,0.16898272938993347,0.23474998833247002,0.008282717381819056,1.21674768029378,true
irl_first_division,R6,10a,13366740,supremacy,0.49075991632010274,0.6013873514218782,0.06200845315381362,0.372620191181263,true
irl_first_division,R6,10a,13366740,level,0.10053827379626927,0.1753002378439773,0.0075401964133305485,1.1541780097754386,true
irl_first_division,R6,10a,13366744,supremacy,0.027064977506780913,0.22877737052081581,0.05866718278429587,0.15223011960228772,true
irl_first_division,R6,10a,13366744,level,0.16439095358643424,0.1761071871422062,0.0072361649045208695,1.5359084223585489,true
irl_first_division,R6,10a,13366746,supremacy,-0.2643607393890862,-0.7801918200535436,0.05714776223969732,-1.8158960836264613,false
irl_first_division,R6,10a,13366746,level,0.16634395198172763,0.11670668046002008,0.008798959730895471,1.3076138315325454,true
irl_first_division,R6,10a,13366748,supremacy,-0.37808989598885234,-0.4701980485726367,0.04642685422664279,0.5246314998841319,true
irl_first_division,R6,10a,13366748,level,0.1521526257004276,0.2235091103620488,0.007244405304459502,1.1933981447269684,true
irl_first_division,R6,10a,13366752,supremacy,-0.21265454594182243,-0.1130643027188176,0.0507917574117662,0.4734359798182384,true
irl_first_division,R6,10a,13366752,level,0.25400304609630053,0.2490500376880827,0.0074907510411481235,1.5264670682614792,true
irl_first_division,R6,10a,13366755,supremacy,0.5918258201620001,0.4369072894130129,0.047677675422716934,0.3510199586911169,true
irl_first_division,R6,10a,13366755,level,0.17411053603890136,0.22830506202869696,0.0067849946701800485,1.3611454360927824,true
irl_first_division,R6,10a,13366758,supremacy,0.14621702056872093,-0.22750626199220905,0.051758277354578594,-0.7875970931538154,true
irl_first_division,R6,10a,13366758,level,0.07609071123831071,0.19493369348724365,0.006476563410990312,0.5104776773639932,true
irl_first_division,R6,10a,13366760,supremacy,0.12840074242010402,0.30247371558576175,0.05875960896886423,0.24036967465278547,true
irl_first_division,R6,10a,13366760,level,0.19501242109545935,0.21388293626831345,0.007480018140896629,1.5050183239200932,true
irl_first_division,R6,10a,13366765,supremacy,0.13785274195699895,0.28849792101211474,0.04608258440832459,0.3734900323069761,true
irl_first_division,R6,10a,13366765,level,0.17267241623120533,0.161743139760788,0.006098810582593798,1.6210994054277648,true
irl_first_division,R6,10a,13366767,supremacy,-0.8596119421907429,-0.23319028898438643,0.04731077714058553,-3.5405198044441866,false
irl_first_division,R6,10a,13366767,level,0.17339788560896977,0.18637478891609227,0.00605747528701047,1.6203923771760302,true
irl_first_division,R6,10a,13366771,supremacy,-0.14750427635576785,0.010732949633188438,0.056609043771489426,0.29569731206120764,true
irl_first_division,R6,10a,13366771,level,0.15988009175210574,0.16789833598469295,0.006118376358305504,1.6240366981564984,true
irl_first_division,R6,10a,13366773,supremacy,-0.5362833972910228,-0.3347005245293523,0.058521604442644974,0.15305604057512223,true
irl_first_division,R6,10a,13366773,level,0.24592530021827355,0.3194016183799661,0.0064425426245219315,1.1844837829605919,true
irl_first_division,R6,10a,13366812,supremacy,0.6545156821813888,0.5516743918736,0.048374591031490125,0.4861347509074536,true
irl_first_division,R6,10a,13366812,level,0.1124604678586843,0.14130405566831872,0.00591857997222742,1.5756077088999065,true
irl_first_division,R6,10a,13366775,supremacy,0.4351134501278019,0.3726903179708215,0.04374761186927302,0.6011850490756261,true
irl_first_division,R6,10a,13366775,level,0.25882323998781465,0.1940142497649046,0.006043924700371166,1.287938989206891,true
irl_first_division,R6,10a,13366783,supremacy,-0.710779316049772,-0.238513348926385,0.06281108531748664,-1.3105707976385692,false
irl_first_division,R6,10a,13366783,level,0.13790031874638312,0.10569126593668353,0.006833778191193377,1.4980961934088453,true
irl_first_division,R6,10a,13366786,supremacy,-0.18178158575628856,-0.3105557994417534,0.05250749166374348,0.39655230016228016,true
irl_first_division,R6,10a,13366786,level,0.25461132533756115,0.23088492973970892,0.00597992077213576,1.5936661067463245,true
irl_first_division,R6,10a,13366788,supremacy,0.7546669254963009,0.43511837835838557,0.05414878251664227,-0.40380555315004707,true
irl_first_division,R6,10a,13366788,level,0.21654463093584603,0.15661433065811328,0.0062816018549312885,1.3302408479683254,true
irl_first_division,R6,10a,13366790,supremacy,-0.024395558667808404,0.04842312761316389,0.05318380132025049,0.49821089518858075,true
irl_first_division,R6,10a,13366790,level,0.22127843889499363,0.23770380965434412,0.006008725342040127,1.6158827017470583,true
irl_first_division,R6,10a,13366798,supremacy,0.5183809625911844,0.4020866222108761,0.05816711680376382,0.38702454960761634,true
irl_first_division,R6,10a,13366798,level,0.25048181473261655,0.22844012910375522,0.006149783185896653,1.5872304462017828,true
irl_first_division,R6,10a,13366802,supremacy,0.31896366089480277,0.25144332372547834,0.05965486739128084,0.4524398011328561,true
irl_first_division,R6,10a,13366802,level,0.1620415017565876,0.15992738645048923,0.006125796379210498,1.6283199133838315,true
irl_first_division,R6,10a,13366806,supremacy,0.706797574673384,0.7245120652587609,0.05748926619758043,0.5064107457553514,true
irl_first_division,R6,10a,13366806,level,0.24025773914400236,0.265889125816163,0.0061067543093726116,1.5764511204381466,true
irl_first_division,R6,10a,13366810,supremacy,-0.3297203782345505,-0.4874489683121397,0.058679109806524264,0.2869111417069925,true
irl_first_division,R6,10a,13366810,level,0.2360250908273759,0.2147022145889031,0.006042529030643206,1.59790570481606,true
irl_first_division,R6,10a,13366815,supremacy,0.27317025700281256,0.11689034307116425,0.05099100600067504,0.329627029082616,true
irl_first_division,R6,10a,13366815,level,0.23873400305443096,0.20019841815815667,0.0057458958785381615,1.5314742744205252,true
irl_first_division,R6,10a,13366819,supremacy,0.1855280099120336,0.28682873480825305,0.06079044438038837,0.39681942934210523,true
irl_first_division,R6,10a,13366819,level,0.26314777085905283,0.2689103709786085,0.006127688549272196,1.6258206709640488,true
irl_first_division,R6,10a,13366825,supremacy,-1.0030438816809777,-0.7444767789884484,0.060663426606129944,-0.06877960918389636,true
irl_first_division,R6,10a,13366825,level,0.2133614084506028,0.1878678536716974,0.006231170037485065,1.5680062186949444,true
irl_first_division,R6,10a,13366827,supremacy,0.7080525881979622,0.6748510525464767,0.04354324758307113,0.6354037727368727,true
irl_first_division,R6,10a,13366827,level,0.28930345444126093,0.21261821577965484,0.005710899725412442,1.1488909763998874,true
irl_first_division,R6,10a,13366829,supremacy,-0.17752877001792264,0.028225750360823587,0.0576093608948907,0.1406656364468042,true
irl_first_division,R6,10a,13366829,level,0.24223390086873525,0.19817907663825077,0.006093784300731116,1.472057972634433,true
irl_first_division,R6,10a,13366831,supremacy,0.40618562327072705,0.4950511787017173,0.06002706257124811,0.4217619660655616,true
irl_first_division,R6,10a,13366831,level,0.2345571436542036,0.16544622169886428,0.0058486585869415575,1.243506871007943,true
irl_first_division,R6,10a,13366837,supremacy,0.049394626283431026,0.03338410459634733,0.04793714564921667,0.597320086566851,true
irl_first_division,R6,10a,13366837,level,0.197806776669042,0.17446626166627838,0.005880261555429707,1.6028157458856254,true
irl_first_division,R6,10a,13366839,supremacy,0.0023453039947232968,-0.14930145348662607,0.048124801624293195,0.3591121271401321,true
irl_first_division,R6,10a,13366839,level,0.23859766212475542,0.274460515875321,0.005828187447664213,1.5432478074115215,true
irl_first_division,R6,10a,13366841,supremacy,0.7169762745883687,0.7813979468600899,0.057444658953735524,0.473405046842005,true
irl_first_division,R6,10a,13366841,level,0.18060913586799093,0.1939039690024052,0.006175888912864086,1.6103028029670594,true
irl_first_division,R6,10a,13366845,supremacy,0.28616797174632613,0.04603617225811102,0.05439327734567357,0.006759925852069193,true
irl_first_division,R6,10a,13366845,level,0.25480954706287273,0.23464246908824263,0.00567787161827287,1.6308354343449722,true
irl_first_division,R6,10a,13366851,supremacy,-0.13356067205479122,0.16559246366099675,0.04696874617205738,-0.3424845278677877,true
irl_first_division,R6,10a,13366851,level,0.2532376720837909,0.20693215390264647,0.005846976472229938,1.4686169515954022,true
irl_first_division,R6,10a,13366853,supremacy,0.2730258144319803,-0.173513121647228,0.0502948590487891,-1.406292675148358,false
irl_first_division,R6,10a,13366853,level,0.24849931132254752,0.1913717985314044,0.005996326887783414,1.3672362380245502,true
irl_first_division,R6,10a,13366855,supremacy,-0.8506239486373433,-0.3843847916846939,0.058086121663315275,-1.3672023242595703,false
irl_first_division,R6,10a,13366855,level,0.25873966609831844,0.2455649621846608,0.006123025661433657,1.614737145699645,true
irl_first_division,R6,10a,13366856,supremacy,1.2068103063972937,1.358670736649688,0.06803743636881086,0.25543284839633995,true
irl_first_division,R6,10a,13366856,level,0.25482256116873336,0.18009885511790108,0.006398208728233753,1.1705866780807472,true
irl_first_division,R6,10a,13366857,supremacy,-0.29562510022302546,-0.37715245448142665,0.04525842766735047,0.5553140289238719,true
irl_first_division,R6,10a,13366857,level,0.17073822593848853,0.14619325600819166,0.005891172106678114,1.5970795561399633,true
irl_first_division,R6,10a,13366858,supremacy,0.6703846815339293,0.47139124451762143,0.04509783011244024,0.1914943985859907,true
irl_first_division,R6,10a,13366858,level,0.34421312795469466,0.2863255603941408,0.005853768997912855,1.3651729156530334,true
irl_first_division,R6,10a,13366860,supremacy,0.677697885461474,0.38463749801118885,0.05577873554441504,-0.24562402715179776,true
irl_first_division,R6,10a,13366860,level,0.31652621563334243,0.18807939395972162,0.00586285573917411,0.24357721036323854,false
irl_first_division,R6,10a,13366861,supremacy,0.316254126825084,0.7542006427103164,0.053710774234563635,-1.242330243125057,false
irl_first_division,R6,10a,13366861,level,0.3222614410978791,0.28196276295207773,0.005839396430065444,1.5135713348473587,true
irl_first_division,R6,10a,13366862,supremacy,0.6357589815434224,0.4686070148413397,0.050865057579760155,0.29570490234610247,true
irl_first_division,R6,10a,13366862,level,0.2711611587079097,0.26630459919528027,0.005762662348504399,1.6571928509721936,true
irl_first_division,R6,10a,13366863,supremacy,0.5872603615784642,0.6220192767698186,0.05003342655376515,0.5665196995427378,true
irl_first_division,R6,10a,13366863,level,0.18892075191301022,0.19134363469748122,0.005630368250098427,1.6703303696603085,true
irl_first_division,R6,10a,13366865,supremacy,-0.022424323866246987,-0.12738115683019924,0.06198821941239382,0.3826118443360518,true
irl_first_division,R6,10a,13366865,level,0.27201741870475715,0.23326163962741775,0.00602307486546041,1.512452146506439,true
irl_first_division,R6,10a,13366866,supremacy,0.9309151602810389,1.034465777711043,0.07064016312830716,0.33024283311867,true
irl_first_division,R6,10a,13366866,level,0.22113775455706547,0.15209910537629495,0.006526544798123666,1.2318503132022571,true
irl_first_division,R6,10a,13366868,supremacy,0.012412127982538712,0.3224928125383432,0.06241652869986391,-0.3022048749949078,true
irl_first_division,R6,10a,13366868,level,0.4171968826799247,0.30264211752976333,0.006094084831517495,0.5545968762571696,true
irl_first_division,R6,10a,13366869,supremacy,-0.9030327800834299,-0.7204146722324334,0.05983310381052851,0.21047292474782986,true
irl_first_division,R6,10a,13366869,level,0.26014283041199504,0.2715118488189169,0.00620558818065099,1.611799633763034,true
irl_first_division,R6,10a,13366870,supremacy,0.4128400035018559,0.28103698226684093,0.062395896518391315,0.3289811860152001,true
irl_first_division,R6,10a,13366870,level,0.46092571326991244,0.2073960397968898,0.005984007643270605,-3.7303626058205275,false
irl_first_division,R6,10a,13366871,supremacy,0.47286796184035773,1.0568246891353617,0.05748222493007989,-2.4569805825120605,false
irl_first_division,R6,10a,13366871,level,0.3319830318788567,0.2911676702518585,0.006222517580152564,1.486991708503265,true
irl_first_division,R6,10a,13366872,supremacy,-0.17176325269060716,-0.04962042218418944,0.05496853122044793,0.3958549307520136,true
irl_first_division,R6,10a,13366872,level,0.3054129818386726,0.2863908068293176,0.005953751431470191,1.6125405220770146,true
irl_first_division,R6,10a,13366873,supremacy,-0.21791120150615545,-0.1666091093215533,0.054929201074149926,0.5079593098166492,true
irl_first_division,R6,10a,13366873,level,0.25085629314885716,0.19454588677670603,0.0060269314743464555,1.37376237057403,true
irl_first_division,R6,10a,13366875,supremacy,0.13121996298715313,0.3093579747349394,0.04932384269635522,0.26405365150338245,true
irl_first_division,R6,10a,13366875,level,0.2879925619883143,0.2301717234977091,0.005773664899885832,1.3687598308076572,true
irl_first_division,R6,10a,13366876,supremacy,0.9140501810666707,0.7394661315416863,0.049793361737076255,0.27493748709225785,true
irl_first_division,R6,10a,13366876,level,0.19195345784099,0.24551456050229564,0.005835290180660976,1.407163136157608,true
irl_first_division,R6,10a,13366877,supremacy,-0.8347485482319695,-1.0142827614127499,0.053668301827527326,0.24323387452075895,true
irl_first_division,R6,10a,13366877,level,0.25492039762818935,0.25898274555556605,0.006085998416155231,1.6305879207451275,true
irl_first_division,R6,10a,13366878,supremacy,0.2153928047645231,-0.11787888452239145,0.057402378759684736,-0.4575725474589596,true
irl_first_division,R6,10a,13366878,level,0.3141935124661337,0.28342561531008514,0.0060015025942178795,1.5600652978657537,true
irl_first_division,R6,10a,13366706,supremacy,-0.27398388789105044,-0.31838549992724885,0.04680818302019084,0.5908507014322019,true
irl_first_division,R6,10a,13366706,level,0.3665689405175769,0.3171877494036863,0.00586470222641922,1.4425667597902045,true
irl_first_division,R6,10a,13366709,supremacy,0.18245820186485012,0.39376209423376307,0.04703113827192917,0.1348557143772917,true
irl_first_division,R6,10a,13366709,level,0.20219785748812666,0.23999510474471547,0.006096792295596872,1.5138951306991928,true
irl_first_division,R6,10a,13366711,supremacy,0.4668962899988768,0.888376596867618,0.05239362754363624,-1.1397516193618416,false
irl_first_division,R6,10a,13366711,level,0.37183708944488786,0.3372988178555544,0.005897130865676928,1.5465643926349566,true
irl_first_division,R6,10a,13366715,supremacy,-0.25853842883763045,-0.4529745618423535,0.05162107422356251,0.1967921679198572,true
irl_first_division,R6,10a,13366715,level,0.27839373433487563,0.19640958940410796,0.005984763774127865,1.0787880385949933,true
irl_first_division,R6,10a,13366718,supremacy,1.1294580211977256,1.0473508125937605,0.039384705859439026,0.6126638816731553,true
irl_first_division,R6,10a,13366718,level,0.3353551398841143,0.2770413960889844,0.0052952059316211065,1.3804465310961824,true
irl_first_division,R6,10a,13366720,supremacy,0.1654231100677866,0.14279398173318283,0.041406863401983386,0.6670322962714214,true
irl_first_division,R6,10a,13366720,level,0.38323575487746664,0.29214540636847236,0.005471157340681187,0.9269036729121147,true
irl_first_division,R6,10a,13366722,supremacy,-0.7195802844158068,-0.621775246744228,0.040187843246127765,0.5691429163423125,true
irl_first_division,R6,10a,13366722,level,0.19987534646480998,0.2038552721138978,0.005479718311962612,1.6829669456650844,true
irl_first_division,R6,10a,13366724,supremacy,0.07558944543856583,0.20391351009720005,0.04289297098762495,0.4636298309128055,true
irl_first_division,R6,10a,13366724,level,0.23755671203542167,0.2910473503241955,0.005460099318408533,1.4241912996537978,true
irl_first_division,R6,10a,13366726,supremacy,-0.4589420216940638,-0.3864971402500314,0.04743480947367976,0.5499401631214392,true
irl_first_division,R6,10a,13366726,level,0.4108244989772417,0.27214116671888217,0.0056377785746349295,-0.03553688845966674,false
irl_first_division,R6,10a,13366727,supremacy,-0.3151469221320766,-0.3080767297543453,0.04406153446425967,0.6415782747169186,true
irl_first_division,R6,10a,13366727,level,0.4254752690505663,0.3012191189817017,0.005407398097296941,0.2634192326356062,false
irl_first_division,R6,10a,13366729,supremacy,0.5276770265973229,0.5822025103288584,0.04195653184497308,0.6311921798427476,true
irl_first_division,R6,10a,13366729,level,0.21204794912382396,0.25092225582998107,0.005491793976187543,1.5457234534583986,true
irl_first_division,R6,10a,13366733,supremacy,0.08823087353241299,0.0017830145473672343,0.04460353241699704,0.5522585809119733,true
irl_first_division,R6,10a,13366733,level,0.38139969393297646,0.25624295203117897,0.005433513924133578,0.24720226650341726,false
irl_first_division,R6,10a,13366735,supremacy,-0.14227887405162037,-0.29975833543361596,0.06164287168503758,0.2731033848318576,true
irl_first_division,R6,10a,13366735,level,0.36907486928396194,0.3627510738655869,0.006065872937662338,1.630303532669772,true
irl_first_division,R6,10a,13366739,supremacy,-0.5738468352310386,-0.7519774231794094,0.057653201047896924,0.23253196587855185,true
irl_first_division,R6,10a,13366739,level,0.2344972548221974,0.28877167465601317,0.00590366701663659,1.3976706579971077,true
irl_first_division,R6,10a,13366741,supremacy,-0.2971715109036702,-0.11254959393585501,0.058295060994127096,0.20982930439779235,true
irl_first_division,R6,10a,13366741,level,0.2411152854024527,0.1750054032914254,0.00587945242733742,1.2775301169049469,true
irl_first_division,R6,10a,13366743,supremacy,-0.49834069786871005,-0.2343609413681172,0.05910619092079785,-0.09422122424438006,true
irl_first_division,R6,10a,13366743,level,0.3659099948202171,0.384618107351155,0.0059988298214256625,1.6099850838198215,true
irl_first_division,R6,10a,13366745,supremacy,0.21319121659959772,0.2871809876361676,0.05548048929670148,0.4775863591066438,true
irl_first_division,R6,10a,13366745,level,0.3636507114621562,0.4005014610420811,0.0058076475264482565,1.5384384195086307,true
irl_first_division,R6,10a,13366747,supremacy,1.0596634939269882,1.1083808660791488,0.05383867855748291,0.5199014253555274,true
irl_first_division,R6,10a,13366747,level,0.2814583781977259,0.30399669673287777,0.005735598107669863,1.617310365502867,true
irl_first_division,R6,10a,13366749,supremacy,-0.2291105062337627,0.15076557925744624,0.055496116332615586,-0.7733610092735559,true
irl_first_division,R6,10a,13366749,level,0.3160076198158698,0.2882530923810622,0.005801279620612458,1.5895081337003862,true
irl_first_division,R6,10a,13366751,supremacy,-0.24829375568013512,-0.4047670299398423,0.061191171084361416,0.2778770422344605,true
irl_first_division,R6,10a,13366751,level,0.24926869203412227,0.19709981071933777,0.005959351884494072,1.4141119180570634,true
irl_first_division,R6,10a,13366754,supremacy,-0.4068392837337821,-0.09553834976492542,0.047706458380048805,-0.4132667418777476,true
irl_first_division,R6,10a,13366754,level,0.2775371688291715,0.25912993810628393,0.005812644421200099,1.625775686954097,true
irl_first_division,R6,10a,13366759,supremacy,1.1972677135584595,1.161800122791068,0.05236722024030487,0.5437878392139917,true
irl_first_division,R6,10a,13366759,level,0.3113161816374128,0.30613464941517443,0.005883058606081482,1.646618877661787,true
irl_first_division,R6,10a,13366761,supremacy,-0.20158120787776573,-0.2699900987737967,0.055180623275781895,0.4872290106657431,true
irl_first_division,R6,10a,13366761,level,0.33626096786877624,0.3247815177639447,0.0058819035663361914,1.637796917030732,true
irl_first_division,R6,10a,13366764,supremacy,0.47268116165411594,0.7018470734792425,0.046679086317782385,0.050758394056006795,true
irl_first_division,R6,10a,13366764,level,0.3413985422049129,0.3253094665343251,0.00580029336794489,1.6336706109679513,true
irl_first_division,R6,10a,13366766,supremacy,-0.22876174802819454,-0.17060391618543877,0.046668628381606896,0.577165258222547,true
irl_first_division,R6,10a,13366766,level,0.39024002470560515,0.3063574519984616,0.005840257764925161,1.05015648093824,true
irl_first_division,R6,10a,13366768,supremacy,1.4917826477228546,0.8772044640827168,0.05118368663511012,-3.1224854561038287,false
irl_first_division,R6,10a,13366768,level,0.28667155131153566,0.30127543789795685,0.005859948305930906,1.6326711568346286,true
irl_first_division,R6,10a,13366770,supremacy,0.13736253908323562,0.00374382326209044,0.055904316241801984,0.3634351019824029,true
irl_first_division,R6,10a,13366770,level,0.11983206994445082,0.2673802443026249,0.005919495395565811,-0.1930648396835002,false
irl_first_division,R6,10a,13366774,supremacy,-0.26518911892911223,-0.3706427245834746,0.046286031233764166,0.49739136395458905,true
irl_first_division,R6,10a,13366774,level,0.36449523459025823,0.3711927392443069,0.005812169772187977,1.6511032795396514,true
irl_first_division,R6,10a,13366776,supremacy,0.3111783543662634,0.4657131851681053,0.0596699775642663,0.2904154790822795,true
irl_first_division,R6,10a,13366776,level,0.30507044594751215,0.23548198443818705,0.005869630307110316,1.2375339976968458,true
irl_first_division,R6,10a,13366778,supremacy,0.5564003737806291,0.23938709217759047,0.05438913839989204,-0.38701712071653005,true
irl_first_division,R6,10a,13366778,level,0.27130695493428414,0.27888965445454517,0.005789126871472543,1.6519823897238437,true
irl_first_division,R6,10a,13366780,supremacy,0.3318903514834087,0.1700082725093877,0.05068096830075903,0.3136269101958731,true
irl_first_division,R6,10a,13366780,level,0.2437950874383121,0.2795079617312002,0.0056432007641651055,1.556709321072974,true
irl_first_division,R6,10a,13366782,supremacy,-0.7054902291022229,-0.5717985232358089,0.05149866030350659,0.3906278386879647,true
irl_first_division,R6,10a,13366782,level,0.30254346664263276,0.32710263369230785,0.0057815738114078054,1.605439505583974,true
irl_first_division,R6,10a,13366787,supremacy,1.3173960614280602,1.2585077659726722,0.0489128852636529,0.5544696169718987,true
irl_first_division,R6,10a,13366787,level,0.21306204816356558,0.22192056244517874,0.005722208101376964,1.655904819929475,true
irl_first_division,R6,10a,13366789,supremacy,0.32924279307369425,0.027212660136872735,0.05008659951387477,-0.3325824265896733,true
irl_first_division,R6,10a,13366789,level,0.2866190128845251,0.29962358514190585,0.0057129837572755275,1.6487671119013199,true
irl_first_division,R6,10a,13366791,supremacy,0.13696389415180085,0.29906424200779236,0.057508797848651635,0.2805135880504741,true
irl_first_division,R6,10a,13366791,level,0.29777625223498977,0.3191982005159609,0.005936674706721423,1.6057149532291346,true
irl_first_division,R6,10a,13366795,supremacy,0.7866260743493181,0.7826379231884885,0.057978214531222816,0.504768275453526,true
irl_first_division,R6,10a,13366795,level,0.4464212329449808,0.3761706094327079,0.005950393386693905,1.2285193612430652,true
irl_first_division,R6,10a,13366797,supremacy,-0.7217523528361116,-0.5978082313667811,0.05749695711448241,0.3754821516486515,true
irl_first_division,R6,10a,13366797,level,0.22400223976216604,0.2563376145298392,0.005868916492229238,1.5610266202143612,true
irl_first_division,R6,10a,13366799,supremacy,-0.4740379341467277,-0.16712006213387634,0.05101215207691042,-0.3543883264933052,true
irl_first_division,R6,10a,13366799,level,0.2688825630078228,0.3026487524192535,0.005660699496704729,1.5674573623862196,true
irl_first_division,R6,10a,13366803,supremacy,-0.06610424853180857,-0.23215108783623337,0.05452993398675007,0.2827530369221831,true
irl_first_division,R6,10a,13366803,level,0.21345373759772804,0.2671915305734394,0.005842763606469348,1.4052151932275132,true
irl_first_division,R6,10a,13366807,supremacy,0.8780695543508803,0.9038678045493925,0.04876259461023555,0.5846329609398886,true
irl_first_division,R6,10a,13366807,level,0.22381433382163143,0.3421222514844057,0.00576338371526857,0.4448932400863974,true
irl_first_division,R6,10a,13366809,supremacy,0.7586965883902218,0.7153074574696009,0.05531296799443555,0.5114175545432255,true
irl_first_division,R6,10a,13366809,level,0.43510821754965195,0.34287673517692346,0.005831954301464389,0.9239494982441923,true
irl_first_division,R6,10a,13366814,supremacy,0.8876682340394442,0.8665265565214937,0.04907554898620704,0.5837047404195999,true
irl_first_division,R6,10a,13366814,level,0.21614212037681588,0.2533792771554235,0.005703667105639156,1.5428305566230933,true
irl_first_division,R6,10a,13366816,supremacy,0.49429109263349297,0.49123372326485093,0.05409912335813803,0.5394437230647797,true
irl_first_division,R6,10a,13366816,level,0.3151393172669009,0.3361194896043891,0.005774238111654493,1.6201211667303683,true
irl_first_division,R6,10a,13366818,supremacy,0.545931280587895,0.35904495222983424,0.05506140289418934,0.2135550651025262,true
irl_first_division,R6,10a,13366818,level,0.2940019171158676,0.35504017850273006,0.005849552214627401,1.3332988951535363,true
irl_first_division,R6,10a,13366820,supremacy,0.5239450025746795,0.8497127187724032,0.052392293972828734,-0.45722895532341634,true
irl_first_division,R6,10a,13366820,level,0.22238303040718546,0.19462100990337494,0.0057583343965381065,1.5926919945907176,true
irl_first_division,R6,10a,13366824,supremacy,-1.0722262467931671,-1.0219896859178208,0.050254230910266734,0.5512822874526585,true
irl_first_division,R6,10a,13366824,level,0.29549782854727824,0.2911540740136386,0.005721069309599495,1.6612122309938646,true
irl_first_division,R6,10a,14505913,supremacy,-0.3456922778321288,-0.1308735297437446,0.05168812382256137,0.11592568917107338,true
irl_first_division,R6,10a,14505913,level,0.21150687233888757,0.2784243332170805,0.005776913439060134,1.2704317530200444,true
irl_first_division,R6,10a,13366828,supremacy,0.7383961036525577,0.788502021487727,0.04505803933071557,0.603103738902987,true
irl_first_division,R6,10a,13366828,level,0.40566818117641457,0.3838955893134608,0.0058402762135252705,1.611965870227632,true
irl_first_division,R6,10a,13366830,supremacy,1.1085559287638553,0.8256473042726986,0.0557796295025446,-0.19320719124577446,true
irl_first_division,R6,10a,13366830,level,0.24296821327355858,0.22031528484593,0.005973725323707007,1.598302718351924,true
irl_first_division,R6,10a,13366832,supremacy,0.8259605389218718,0.7329098126826035,0.04598585830508211,0.5266297509704807,true
irl_first_division,R6,10a,13366832,level,0.235705096942754,0.2501204439814405,0.005790426167500555,1.6388925556492646,true
irl_first_division,R6,10a,13366834,supremacy,0.00937826586152983,0.11746979502975274,0.048790879830738876,0.47143417904879814,true
irl_first_division,R6,10a,13366834,level,0.11900019956193744,0.2627540347540445,0.005775442832137649,-0.13092296095249267,false
irl_first_division,R6,10a,13366836,supremacy,-1.3120064537066196,-1.2742350313640443,0.04771269018982763,0.5873896610885916,true
irl_first_division,R6,10a,13366836,level,0.3414483829252515,0.3175542632135859,0.0056402030787027204,1.6193666236003823,true
irl_first_division,R6,10a,13366838,supremacy,1.0199561261366046,0.6505795231044276,0.04736874520388312,-0.8342225866584141,false
irl_first_division,R6,10a,13366838,level,0.38497552932283485,0.38258076938235586,0.005757200399835111,1.6592153877545628,true
irl_first_division,R6,10a,13366842,supremacy,0.46020951006326805,0.4724537621926478,0.04797493327474523,0.5980372803012322,true
irl_first_division,R6,10a,13366842,level,0.32285506799190705,0.28595631440734676,0.0054924307349616935,1.5593087072601584,true
irl_first_division,R6,10a,13366846,supremacy,1.3286962958668838,1.1940049535644428,0.05457028265501332,0.36897059242781327,true
irl_first_division,R6,10a,13366846,level,0.3129902361754479,0.24590000686422706,0.005827036640387077,1.2674594392602165,true
irl_first_division,R6,10a,13366850,supremacy,0.4011303247430274,-0.006024268568106728,0.045740073227237985,-1.1886886192469501,false
irl_first_division,R6,10a,13366850,level,0.41497620302077864,0.38068410403288666,0.005602896595394795,1.5683561685040022,true
irl_first_division,R6,10a,13366852,supremacy,0.8341958380197668,0.9851031664750871,0.049193910943339934,0.35559238482186806,true
irl_first_division,R6,10a,13366852,level,0.3472194189072206,0.2819192810052924,0.0058713458508512385,1.286768495282669,true
irl_first_division,R6,10a,13366854,supremacy,-0.8604576940991295,-1.0697259607994525,0.046255331754229634,0.14446522896322822,true
irl_first_division,R6,10a,13366854,level,0.36477226294545795,0.2992435024663265,0.005749730235763268,1.2869522097579165,true
irl_first_division,R6,10a,14795883,supremacy,0.019604730224386968,0.06051424990795351,0.05866226366746377,0.4847761685804941,true
irl_first_division,R6,10a,14795883,level,0.2772287383274291,0.16518830767680687,0.005890386862232943,0.5827236283195716,true
irl_first_division,R6,10a,13243122,supremacy,-0.6852367662447562,-0.030013039963713073,0.04761546944921086,-3.9048188743473817,false
irl_first_division,R6,10a,13243122,level,0.4019689789392123,0.3056433041335546,0.00567436773115057,0.8493675075425928,true
irl_first_division,R6,10a,13243123,supremacy,-0.4371039401051641,-0.25943274745492795,0.050091384573481876,0.262919960727384,true
irl_first_division,R6,10a,13243123,level,0.3181612430502928,0.2252311225682107,0.005803157383987612,0.9116597047765207,true
irl_first_division,R6,10a,13243127,supremacy,0.5604695605227524,0.2157814908071094,0.05622545061118497,-0.5362944556932658,true
irl_first_division,R6,10a,13243127,level,0.36331498787300726,0.2989297562937571,0.00580498861982272,1.2985203157539669,true
irl_first_division,C0,10a,9414146,supremacy,0.6728028259853156,0.15000000000000002,1.076130363676489,-1.0826176860070023,true
irl_first_division,C0,10a,9414146,level,0.15950367307610366,0.37510459245033817,0.48569925758578913,-0.6057081104245061,true
irl_first_division,C0,10a,9414147,supremacy,-0.18584588367360777,0.15000000000000002,1.0761303636764892,-1.008030841003721,true
irl_first_division,C0,10a,9414147,level,0.08089560729632356,0.37510459245033817,0.4856992575857892,-0.6469632388650326,true
irl_first_division,C0,10a,9429529,supremacy,-0.38564021772926543,0.3007539897954587,0.8993008905905151,-1.1278159893937105,true
irl_first_division,C0,10a,9429529,level,0.31528618671596675,0.1475407652857292,0.21315693057446355,-0.2120794719527337,true
irl_first_division,C0,10a,9429531,supremacy,0.4155696160072648,0.3007539897954588,0.8993008905905148,-0.8731991059386219,true
irl_first_division,C0,10a,9429531,level,0.07351951000582144,0.14754076528572915,0.21315693057446342,-0.15892759901919318,true
irl_first_division,C0,10a,9445955,supremacy,-0.23694664823922973,0.37393100706586885,0.8025881095853489,-1.0414618038022214,true
irl_first_division,C0,10a,9445955,level,0.17422626186123763,0.19344189532862185,0.20840453718998297,-0.13568730890125014,true
irl_first_division,C0,10a,9460690,supremacy,-0.2932374636094678,0.2356242075542163,0.35932987160217744,-0.7963705871022189,true
irl_first_division,C0,10a,9460690,level,0.12911065483846534,0.06791148042655794,0.08222997409016061,0.30740560159631747,true
irl_first_division,C0,10a,9460691,supremacy,0.9961170579070444,0.5356080196744425,0.37680391630183385,-0.7123277808371515,true
irl_first_division,C0,10a,9460691,level,0.13361097431632962,0.2015727300801206,0.08212728289142587,0.3026842014155733,true
irl_first_division,C0,10a,9473532,supremacy,0.22267040845156552,0.34368134521067584,0.6325427528961114,-0.7015100226057255,true
irl_first_division,C0,10a,9473532,level,0.29310881825443297,0.15416513325208453,0.14716119085551221,-0.02641767797530803,true
irl_first_division,C0,10a,9473533,supremacy,-0.10148444930284027,-0.7710784100099434,0.12408715994014054,-1.682170515988314,false
irl_first_division,C0,10a,9473533,level,0.15129341742406618,0.17924928614290642,0.014508524516076659,1.1706374223641756,true
irl_first_division,C0,10a,9487696,supremacy,0.5013596881416774,0.7762980132402681,0.15682377779176998,-0.23362870977291417,true
irl_first_division,C0,10a,9487696,level,0.19495163039866176,0.11159754681550102,0.0181272374196713,0.8945886483560088,true
irl_first_division,C0,10a,9487698,supremacy,1.4626097626021168,1.382882851542875,0.12660411032731433,0.08930324542234702,true
irl_first_division,C0,10a,9487698,level,-0.07511828790675501,0.12344651481861735,0.01372517348735632,-0.211014868089193,false
irl_first_division,C0,10a,9490033,supremacy,-0.5265484539060864,0.03742418201490251,0.18316447967584204,-0.9385032075667235,true
irl_first_division,C0,10a,9490033,level,0.2565425143873346,0.13941787285213936,0.011731472369601054,0.7191271812405939,true
irl_first_division,C0,10a,9500162,supremacy,0.2395222002546128,1.2033443608531575,0.10668577467568711,-4.153692823552275,false
irl_first_division,C0,10a,9500162,level,0.4185923659117076,0.15360280970582862,0.011855789358995648,-1.6628688625289736,false
irl_first_division,C0,10a,9513358,supremacy,-0.8773838195736987,-0.6353796132074083,0.0696813399049035,-0.007269064166712136,true
irl_first_division,C0,10a,9513358,level,0.2068608809597288,0.14117407616488656,0.007602718226137747,1.2369221277351183,true
irl_first_division,C0,10a,9522728,supremacy,0.5148910333486545,0.8485348903298975,0.06724296317175454,-0.39694847590774374,true
irl_first_division,C0,10a,9522728,level,0.35147322029495065,0.4838454781953089,0.008909592439851217,0.4580293908751394,true
irl_first_division,C0,10a,9522730,supremacy,-0.17364360318731492,-0.28589361659620793,0.08539404219700357,0.23752491662985653,true
irl_first_division,C0,10a,9522730,level,0.2975205804008185,0.18115524263392085,0.007894467032951373,0.6442389110561464,true
irl_first_division,C0,10a,9522731,supremacy,0.5035524305942137,0.46265183027739737,0.07942883827225514,0.33697780139881506,true
irl_first_division,C0,10a,9522731,level,0.38173174021953266,0.23326333814601238,0.010167436021420744,0.2913507060756104,true
irl_first_division,C0,10a,9533822,supremacy,0.6270937298294735,0.4275446324733193,0.05582284493196533,0.16718490773346173,true
irl_first_division,C0,10a,9533822,level,0.2683860240747232,0.16546561829118173,0.006631906370759959,0.790383225235378,true
irl_first_division,C0,10a,9533823,supremacy,-0.5705484103860962,-0.7721197627228483,0.09267342568847811,0.051182146190590805,true
irl_first_division,C0,10a,9533823,level,0.22813294184216273,0.03889440257007709,0.008899058509942435,-0.5701130439639899,false
irl_first_division,C0,10a,9536038,supremacy,-0.26435499056803136,-0.13493442010629006,0.058582965274508764,0.3567601767533368,true
irl_first_division,C0,10a,9536038,level,0.15607434873672593,0.25432224666819325,0.006559805342119063,0.8587165774329963,true
irl_first_division,C0,10a,9557712,supremacy,-0.1766729271359399,-0.3344457200712283,0.07932704079993438,0.19125317454539892,true
irl_first_division,C0,10a,9557712,level,0.1747231154170635,0.20164444588102481,0.0071412738491676096,1.5012492105264834,true
irl_first_division,C0,10a,9557714,supremacy,0.4795110764248244,0.175716098368134,0.08169574069478616,-0.23141005497843126,true
irl_first_division,C0,10a,9557714,level,0.3705665866135626,0.41377482433589385,0.007115686808537691,1.4226025914550389,true
irl_first_division,C0,10a,9557715,supremacy,0.8442055622422894,0.7090694216836833,0.08055236425514001,0.2271319278710915,true
irl_first_division,C0,10a,9557715,level,0.3267392346111248,0.34220578029494964,0.008040948401446549,1.4777908478716912,true
irl_first_division,C0,10a,9568638,supremacy,0.15209065128744903,0.13886088527171592,0.06075794106585368,0.4800498501166931,true
irl_first_division,C0,10a,9568638,level,0.28732305093535726,0.358727648621208,0.007417605673031388,1.1893274996367675,true
irl_first_division,C0,10a,9568639,supremacy,0.12098613354373142,0.17614171685249813,0.06496073923406939,0.42463236102782353,true
irl_first_division,C0,10a,9568639,level,0.23562387068337098,0.3603303283253343,0.007389032511900407,0.48259044185925726,true
irl_first_division,C0,10a,9581631,supremacy,1.23913928509764,0.7645277481567936,0.0616157509929529,-1.35342979308806,false
irl_first_division,C0,10a,9581631,level,0.011438969992675019,0.14765629200819222,0.006436098689928605,0.16248665821212604,false
irl_first_division,C0,10a,9581632,supremacy,-0.44678681346367266,-0.6456262648703863,0.08298376992805398,0.08739453432349076,true
irl_first_division,C0,10a,9581632,level,0.26370759935077587,0.1863321971894606,0.0069945340916271765,1.1344009356251963,true
irl_first_division,C0,10a,9596800,supremacy,0.38680050632917007,0.37476660603413675,0.06805043700231447,0.42375050568138206,true
irl_first_division,C0,10a,9596800,level,0.09707660474580208,0.09620228017620161,0.006555260628395497,1.594746860319749,true
irl_first_division,C0,10a,9596802,supremacy,-0.06791446033913517,0.23717733151708642,0.06389211234531375,-0.2720821113284313,true
irl_first_division,C0,10a,9596802,level,0.3361576764678069,0.3843511138031819,0.006573130529740451,1.4167696316210627,true
irl_first_division,C0,10a,9607257,supremacy,-0.41187836746483153,-0.3014453831042199,0.06474127159382477,0.3555536519212512,true
irl_first_division,C0,10a,9607257,level,0.16450015114570127,0.14366783116096674,0.006783871113357633,1.5456785850071577,true
irl_first_division,C0,10a,9607258,supremacy,1.0165535526054124,0.8938261772242059,0.06981014380818652,0.304171076013954,true
irl_first_division,C0,10a,9607258,level,0.2736925252635806,0.2752444191073717,0.0069107581780512226,1.5682251812649155,true
irl_first_division,C0,10a,9607259,supremacy,-0.8520885891255778,-1.053057808329327,0.05554106382676504,0.16278530120318524,true
irl_first_division,C0,10a,9607259,level,0.35853041263612184,0.11667488752160832,0.006749587834687954,-2.752962131891708,false
irl_first_division,C0,10a,9622165,supremacy,-0.0701223321308137,0.14532937088646977,0.0538901160268947,0.11077957019399864,true
irl_first_division,C0,10a,9622165,level,0.11861511200494634,0.2550964432402623,0.006348133057391281,0.14372235515241893,false
irl_first_division,C0,10a,9622558,supremacy,-0.7994247046657417,-0.6662718572480335,0.06922861229875964,0.2881802974127827,true
irl_first_division,C0,10a,9622558,level,0.3853577352238914,0.3413948807507573,0.00670470351478051,1.43940186708313,true
irl_first_division,C0,10a,9622559,supremacy,-0.0943865662458297,-0.3620612002042449,0.057077140162325034,-0.11491953273470235,true
irl_first_division,C0,10a,9622559,level,0.3162052240350296,0.32433376021238436,0.006575174884374481,1.5882640815096665,true
irl_first_division,C0,10a,9633808,supremacy,0.09120716137276802,0.23851081128122226,0.06465216558573274,0.28261980991529545,true
irl_first_division,C0,10a,9633808,level,0.3060209295819438,0.3695863491261666,0.006955368047117689,1.2747186295708541,true
irl_first_division,C0,10a,9633810,supremacy,0.12055894389855404,-0.1319572578901198,0.06725798956769785,-0.04335748243741855,true
irl_first_division,C0,10a,9633810,level,0.36455369553138833,0.23407982102828667,0.0067462444530730845,0.3187491827407527,true
irl_first_division,C0,10a,9633811,supremacy,1.5438402291382463,1.406616916878816,0.07451949233306207,0.2530643642805026,true
irl_first_division,C0,10a,9633811,level,0.15323312318141336,0.24253387174453245,0.00680862568788258,0.990217428701921,true
irl_first_division,C0,10a,9633816,supremacy,0.29840630930198897,-0.6777861350544603,0.057557530902182547,-7.769707104565262,false
irl_first_division,C0,10a,9633816,level,0.2797918462745368,0.347508929599344,0.00626058078090945,1.2515743546880813,true
irl_first_division,C0,10a,9633818,supremacy,0.8072193849737709,0.6294399709931535,0.07963784338878703,0.14776160953327055,true
irl_first_division,C0,10a,9633818,level,0.17355902628644687,0.17237230096457437,0.00687098308909405,1.5711830259311905,true
irl_first_division,C0,10a,9633819,supremacy,0.7450810244950468,0.9417614424618127,0.0667283929322344,0.14476830894276982,true
irl_first_division,C0,10a,9633819,level,0.21711898920641037,0.16657319252290498,0.0066570833236839315,1.395206719946138,true
irl_first_division,C0,10a,9633821,supremacy,0.6630795521653648,0.769761856931922,0.06140218813220065,0.3835395904572101,true
irl_first_division,C0,10a,9633821,level,0.3899327718417737,0.467089350791666,0.006664407339837316,1.1399119016928272,true
irl_first_division,C0,10a,9633823,supremacy,-0.5401166377161035,-0.48149911993143707,0.07754162129945659,0.337375756163524,true
irl_first_division,C0,10a,9633823,level,0.433940884604317,0.3405639443711607,0.006711360825131164,0.9334491911325906,true
irl_first_division,C0,10a,9633825,supremacy,0.37175200607460523,0.2461260363498315,0.06507684568960925,0.32589894360638216,true
irl_first_division,C0,10a,9633825,level,0.21248503844700672,0.15974659715156284,0.006406990885108734,1.3891889046905188,true
irl_first_division,C0,10a,9633827,supremacy,-0.4575680760501651,-0.7833249535395137,0.05510764925216391,-0.43252560878086843,true
irl_first_division,C0,10a,9633827,level,0.38007740324927597,0.3236609679463389,0.006444027369063028,1.3564037883363578,true
irl_first_division,C0,10a,9633829,supremacy,0.5574924355755364,0.4656323315042082,0.07120035763270009,0.34293290798250964,true
irl_first_division,C0,10a,9633829,level,0.32262051936802816,0.30616942251378026,0.0067219869093472885,1.5621163677808587,true
irl_first_division,C0,10a,9633831,supremacy,0.5170911332098479,0.41377250062427645,0.07461020968325568,0.30726370462887354,true
irl_first_division,C0,10a,9633831,level,0.24287411697196742,0.22196563234342284,0.006708514896911612,1.5506674817849158,true
irl_first_division,C0,10a,9633832,supremacy,0.13119038721114626,0.07497031223418293,0.06389806889560043,0.43156220166448256,true
irl_first_division,C0,10a,9633832,level,0.3037467492833686,0.2973768884926195,0.006495798509301347,1.5962381315766652,true
irl_first_division,C0,10a,9633833,supremacy,0.7758911273496815,0.766762782403701,0.057903456529302566,0.504831034606385,true
irl_first_division,C0,10a,9633833,level,0.36180971693021974,0.3199898865873852,0.006540362737142113,1.4622423935223714,true
irl_first_division,C0,10a,9633834,supremacy,-0.3873101803723949,-0.23575181572811635,0.06849596130965593,0.25387804789848567,true
irl_first_division,C0,10a,9633834,level,0.2562429734414134,0.1707577580559929,0.00668527492565661,1.038431846463079,true
irl_first_division,C0,10a,9633835,supremacy,0.6555784262498106,0.8418692935350645,0.07463621669323967,0.14613657969061356,true
irl_first_division,C0,10a,9633835,level,0.20044636431154747,0.24547682137534502,0.006983735417998288,1.4179711023518,true
irl_first_division,C0,10a,9633842,supremacy,-0.9649088557350136,-0.6268311920452369,0.07178799567215274,-0.39798930109677366,true
irl_first_division,C0,10a,9633842,level,0.19503930687425167,0.2200501082842698,0.006816622532537942,1.5293736062255978,true
irl_first_division,C0,10a,9633845,supremacy,1.1695346586118807,0.9212437713356895,0.08247237955650624,-0.04504419799131809,true
irl_first_division,C0,10a,9633845,level,0.13478755480571333,0.21013682712011833,0.007049182200576227,1.1557761022089774,true
irl_first_division,C0,10a,9633847,supremacy,-0.8071548816103564,-0.8269643169600958,0.06988652669703849,0.408695160207171,true
irl_first_division,C0,10a,9633847,level,0.2291482780163837,0.25148331636491483,0.0070596619409736255,1.5224092321603429,true
irl_first_division,C0,10a,9633851,supremacy,0.9505760326867412,1.120552071362621,0.07378606319666993,0.1885729333440258,true
irl_first_division,C0,10a,9633851,level,0.39580833699034434,0.3446956312775067,0.007041449333131227,1.3735227953705123,true
irl_first_division,C0,10a,9633854,supremacy,-0.6917319805218912,-1.1087871812451993,0.06370116275526654,-0.9074045746080588,false
irl_first_division,C0,10a,9633854,level,0.24510907721631764,0.22880963319148245,0.006489024442522991,1.5794121409498083,true
irl_first_division,C0,10a,9633856,supremacy,0.40728307745200326,0.05352357572315486,0.056254503786503825,-0.5923218643429724,true
irl_first_division,C0,10a,9633856,level,0.2814956162663708,0.33277406774041995,0.0069207106757531184,1.3777080850445922,true
irl_first_division,C0,10a,9633857,supremacy,0.3678806481594493,0.3744226993234833,0.10890344407744412,0.18951178138620384,true
irl_first_division,C0,10a,9633857,level,0.39329494711861585,0.30791467057227634,0.007582890744285099,1.0413182051995729,true
irl_first_division,C0,10a,9889523,supremacy,-0.017882282824889018,0.10873966449806777,0.08079371075239201,0.23976698415431819,true
irl_first_division,C0,10a,9889523,level,0.18968562927708763,0.2088290474074536,0.007384228600968907,1.5104514748346194,true
irl_first_division,C0,10a,9889533,supremacy,0.5667837274789935,0.6359783003838352,0.06980863767837037,0.37776727589781023,true
irl_first_division,C0,10a,9889533,level,0.33950125588860725,0.29571528499966354,0.00670607518387392,1.4404863256811515,true
irl_first_division,C0,10a,9633860,supremacy,0.3975601438876519,-0.12808642763768133,0.07506857555628157,-1.4646079962687035,false
irl_first_division,C0,10a,9633860,level,0.3355746443780758,0.23115063312348194,0.006980203678795925,0.7823072253900474,true
irl_first_division,C0,10a,9633861,supremacy,0.6931400952276409,0.42815368920523666,0.0607367441230649,-0.09638569558556487,true
irl_first_division,C0,10a,9633861,level,0.40794204044440857,0.3662141634766367,0.00661015947942871,1.4589276738738708,true
irl_first_division,C0,10a,10033634,supremacy,-0.12244261612203378,0.355994950904265,0.2548598725556639,-0.6844930488563225,true
irl_first_division,C0,10a,10033634,level,0.13327522390341737,0.2043700549476596,0.01330982918713803,1.0508101760971527,true
irl_first_division,C0,10a,10033670,supremacy,-0.9486150776332716,-0.20389535298607364,1.0357302718288937,-1.2042293144039158,true
irl_first_division,C0,10a,10033670,level,0.21549754669864088,0.3458151769198925,0.15526196804118186,-0.04230821789485706,true
irl_first_division,C0,10a,10033636,supremacy,1.2321060074505261,0.7178428986815075,0.2228839601540179,-0.761669568540944,true
irl_first_division,C0,10a,10033636,level,0.15902449244153669,0.01952286749084206,0.015351642405394661,0.5354965593193308,true
irl_first_division,C0,10a,10033649,supremacy,0.3865988085181362,0.5033851959545209,0.1967723204996581,-0.14074151564151915,true
irl_first_division,C0,10a,10033649,level,0.14186060466963446,0.2646949695867024,0.011275297018073002,0.6545462386422287,true
irl_first_division,C0,10a,10033647,supremacy,-0.2747769846947954,0.02923002346896425,0.9543109868346439,-0.9439782009502646,true
irl_first_division,C0,10a,10033647,level,0.19514305085153183,0.17639999884986693,0.1532609554768832,0.01772198536534142,true
irl_first_division,C0,10a,10033613,supremacy,-0.277587417441006,0.06881269262077033,0.07380347343512056,-0.4286864813037674,true
irl_first_division,C0,10a,10033613,level,0.1977539165711117,0.1988723281573619,0.010592863209731107,1.354789818306137,true
irl_first_division,C0,10a,10033630,supremacy,1.230723772579175,1.0008785918278758,0.21895840241395265,-0.28013840693822034,true
irl_first_division,C0,10a,10033630,level,0.14488296613417145,0.18902038788021386,0.012096332224878176,1.2079630592517274,true
irl_first_division,C0,10a,10033627,supremacy,-0.05440823538174572,0.6199175139908798,0.1068964292183806,-1.9278872919215506,false
irl_first_division,C0,10a,10033627,level,0.3782857966769282,0.30725406906376534,0.01043412497863584,1.1206191825296103,true
irl_first_division,C0,10a,10033631,supremacy,0.8457620812732367,0.6743787899694993,0.20862310479495916,-0.20572098740575762,true
irl_first_division,C0,10a,10033631,level,0.08166384504804788,0.18691117715290181,0.010999627454849045,0.8324913094584052,true
irl_first_division,C0,10a,10033656,supremacy,-0.017408468952932993,-0.3773075308439139,0.07940861744382173,-0.46793914198478403,true
irl_first_division,C0,10a,10033656,level,0.24393649029177317,0.09860969241829132,0.009485266443782305,0.2967701070744049,true
irl_first_division,C0,10a,10033660,supremacy,0.34197458730196306,0.2290589409243068,0.07134442688043732,0.3118246261235724,true
irl_first_division,C0,10a,10033660,level,0.1983833404000389,0.22737868678707485,0.011078496982575957,1.2944918642545158,true
irl_first_division,C0,10a,10033643,supremacy,-0.344562467481127,-0.3321915789444188,0.06909580363132314,0.41608466650351716,true
irl_first_division,C0,10a,10033643,level,0.2049343991273865,0.19186273240691845,0.008611110336255886,1.4484910757920213,true
irl_first_division,C0,10a,10033646,supremacy,-0.964760514165333,-0.30753626560227654,0.09005675098914716,-2.1134559976946763,false
irl_first_division,C0,10a,10033646,level,0.326084829518856,0.31757959125849833,0.008991432815324937,1.4327803321255632,true
irl_first_division,C0,10a,10033653,supremacy,-0.5145935336950218,-0.39536196328259365,0.2075658402265004,-0.167030148547486,true
irl_first_division,C0,10a,10033653,level,0.13862305112621034,0.13279825837081904,0.011157794836947989,1.3273495536576596,true
irl_first_division,C0,10a,10033615,supremacy,1.7151829701112749,1.406200839800165,0.042924287012201294,-0.4568536725053456,true
irl_first_division,C0,10a,10033615,level,0.15370103558344134,0.3206679438107027,0.00690624962789191,-0.4495873843250262,false
irl_first_division,C0,10a,10033666,supremacy,-0.22598086272575607,-0.1510150690218612,0.04533703119246553,0.565898217059248,true
irl_first_division,C0,10a,10033666,level,0.22594538850971121,0.1983867203191177,0.007987431787056704,1.4484622643411895,true
irl_first_division,C0,10a,10033671,supremacy,-0.7155806381780627,-0.7804819319123216,0.04456588465416715,0.5891969081007236,true
irl_first_division,C0,10a,10033671,level,0.22443272553371416,0.11656201569841523,0.0076389007206710095,0.7566784474625199,true
irl_first_division,C0,10a,10033617,supremacy,0.9844499875358264,1.1773402438890799,0.047666722421604385,0.21254325124970808,true
irl_first_division,C0,10a,10033617,level,0.20206104310725115,0.23983709963149555,0.0065101547975406245,1.488657142347057,true
irl_first_division,C0,10a,10033618,supremacy,0.6513309901947999,0.940178195860008,0.0510448618890515,-0.24866217808039925,true
irl_first_division,C0,10a,10033618,level,0.2072146813358845,0.2617884934318754,0.006863836355147755,1.3548498454040265,true
irl_first_division,C0,10a,10033652,supremacy,-0.49065986100147296,-0.5462160522292666,0.04776829182221819,0.5694511770186138,true
irl_first_division,C0,10a,10033652,level,0.3815134169150073,0.25008568822911054,0.006481409974317037,0.2679476748873526,true
irl_first_division,C0,10a,10197094,supremacy,0.7064431482086072,0.7675378773597665,0.05231217517981239,0.5206486552406356,true
irl_first_division,C0,10a,10197094,level,0.31448269961714465,0.27540388913559455,0.006482899717450096,1.4825719512998001,true
irl_first_division,C0,10a,10033637,supremacy,0.1332615845360044,0.330938369747797,0.05546840493880251,0.1747947554735576,true
irl_first_division,C0,10a,10033637,level,0.22850546119665807,0.17066696876211024,0.006303911598055319,1.3490193826800274,true
irl_first_division,C0,10a,10033673,supremacy,0.8105189901612714,1.0932471385663318,0.046928582353817826,-0.2410430167098223,true
irl_first_division,C0,10a,10033673,level,0.33920400809713575,0.3244696067082749,0.00634039153297822,1.5943482474072632,true
irl_first_division,C0,10a,10209434,supremacy,1.130137500459973,0.6745343619017748,0.05295868454844992,-1.409592004121176,false
irl_first_division,C0,10a,10209434,level,0.2614220342866177,0.23560777645211142,0.0065053511358130495,1.547409041059622,true
irl_first_division,C0,10a,10033645,supremacy,-0.542586468016833,-0.35461522902074655,0.03543518015619876,0.2525257035627726,true
irl_first_division,C0,10a,10033645,level,0.2943599017822616,0.30176801792783614,0.005205847551253082,1.7047768314129974,true
irl_first_division,C0,10a,10033655,supremacy,1.2430667443255672,0.9371802269439868,0.05625410196495839,-0.31164249734514127,true
irl_first_division,C0,10a,10033655,level,0.09379053918475605,0.15824052360995108,0.005982242266400511,1.293363821519418,true
irl_first_division,C0,10a,10033658,supremacy,0.391015121960514,0.43828453712693416,0.05802756506547697,0.4852271293524708,true
irl_first_division,C0,10a,10033658,level,0.195650994041129,0.19326016606051127,0.00638501085786085,1.6075148958774075,true
irl_first_division,C0,10a,10033641,supremacy,-0.14515734609353914,0.02350510113723636,0.05467418976482468,0.2740928652486718,true
irl_first_division,C0,10a,10033641,level,0.20655807913790625,0.13792503265494266,0.005914854366103868,1.2480136944824,true
irl_first_division,C0,10a,10033642,supremacy,-0.283902974900499,-0.15636152976617243,0.04863937286666724,0.4255037873510328,true
irl_first_division,C0,10a,10033642,level,0.1788585370374507,0.22547051975646093,0.005679669608561505,1.4752246766715178,true
irl_first_division,C0,10a,10033657,supremacy,0.19777596220618962,0.23505424514384463,0.04847838872429246,0.580047168236356,true
irl_first_division,C0,10a,10033657,level,0.3358856045876967,0.34143458541889216,0.005809522309931737,1.6525398698755964,true
irl_first_division,C0,10a,10033620,supremacy,-1.574603796276603,-1.269946761980105,0.0554255160756186,-0.30988398816450413,true
irl_first_division,C0,10a,10033620,level,0.05442672910078722,0.15554479187219306,0.00597294405569826,0.7853875748872112,true
irl_first_division,C0,10a,10033625,supremacy,0.7116841182012039,0.7679985554018631,0.05226031768079035,0.5264789083181355,true
irl_first_division,C0,10a,10033625,level,0.10733288877553249,0.18749711309986364,0.005741670020238175,1.101444389052176,true
irl_first_division,C0,10a,10033621,supremacy,0.7651328247726488,0.8978870392763951,0.04121619311487791,0.46172789839320694,true
irl_first_division,C0,10a,10033621,level,0.16969463390194642,0.14506326008307535,0.005760065879256991,1.6067999248301303,true
irl_first_division,C0,10a,10033650,supremacy,0.5822033064944099,0.721463772605115,0.03976203202020876,0.44961356761825133,true
irl_first_division,C0,10a,10033650,level,0.2031376136118155,0.18905411830556595,0.005584153881331579,1.6572130305131805,true
irl_first_division,C0,10a,10033654,supremacy,-0.4338919999906782,-0.256789466718056,0.05289738917114628,0.2542890013210617,true
irl_first_division,C0,10a,10033654,level,0.1527761587547819,0.15848575195811038,0.005878387114752747,1.6465250712033073,true
irl_first_division,C0,10a,10033629,supremacy,1.3910075656397183,1.5191776248322602,0.05656768874089412,0.37201741444874337,true
irl_first_division,C0,10a,10033629,level,0.41465419304272966,0.35324142455880164,0.0060117518981909045,1.324401382076255,true
irl_first_division,C0,10a,10033633,supremacy,0.6787307158423067,0.33206365399998855,0.04559775399953865,-0.6927968276265992,true
irl_first_division,C0,10a,10033633,level,0.19578338355020436,0.1925957890939156,0.0056388546442498015,1.6691976630533922,true
irl_first_division,C0,10a,10033663,supremacy,1.1470234017822283,1.211616418268955,0.04769564543105308,0.5587807036237215,true
irl_first_division,C0,10a,10033663,level,0.16513287808101557,0.11638559374626636,0.005673789574080341,1.4576003773935011,true
irl_first_division,C0,10a,10033638,supremacy,-1.4494879616698493,-1.4501167128272547,0.04985688529601213,0.5803568380826821,true
irl_first_division,C0,10a,10033638,level,0.25975572749903775,0.24895354882300272,0.005742508980821277,1.6508310590814643,true
irl_first_division,C0,10a,10033659,supremacy,-0.5128977554706939,-0.6654088478030485,0.05020119483341126,0.34525555206613867,true
irl_first_division,C0,10a,10033659,level,0.16709331918185397,0.21724712244846442,0.005859821635137263,1.4362480775341377,true
irl_first_division,C0,10a,10033672,supremacy,-0.9875845423467051,-0.926058967261292,0.04466997138142443,0.5929176536011972,true
irl_first_division,C0,10a,10033672,level,0.17645691293968058,0.17568490076021862,0.005548784427673327,1.6780959597129086,true
irl_first_division,C0,10a,10033725,supremacy,0.28702998556669923,0.2634464658595412,0.04569122816611333,0.6178996236140016,true
irl_first_division,C0,10a,10033725,level,0.17725077564193076,0.16851434226683917,0.005494434595397075,1.6761255731708777,true
irl_first_division,C0,10a,10033729,supremacy,1.176436522971171,1.3604995015209536,0.041939634002623356,0.2629193590558927,true
irl_first_division,C0,10a,10033729,level,0.266827575774574,0.24142077722755423,0.005672196333886647,1.610250069942508,true
irl_first_division,C0,10a,10033730,supremacy,-0.6053954735419003,-0.6783878738343515,0.04198339211581844,0.6028496905892703,true
irl_first_division,C0,10a,10033730,level,0.4166990873308061,0.3573986783536786,0.005434823644701813,1.36500647062633,true
irl_first_division,C0,10a,10209386,supremacy,-0.17807034901207175,-0.026573321405856443,0.0449914576667625,0.37663937359343636,true
irl_first_division,C0,10a,10209386,level,0.25444246558026606,0.23561673557837665,0.005789059125318014,1.6263440520633514,true
irl_first_division,C0,10a,10033693,supremacy,1.712294446801579,1.4081311359072075,0.04695731064444164,-0.3747806257610202,true
irl_first_division,C0,10a,10033693,level,0.2741240544828557,0.3046995457226861,0.005674711064179668,1.5845585099670487,true
irl_first_division,C0,10a,10033822,supremacy,0.35644258993443,0.6760345727615852,0.04482141299516775,-0.5058038856745777,true
irl_first_division,C0,10a,10033822,level,0.29831023867144196,0.21102882599115297,0.005713189432597151,0.9968435429157356,true
irl_first_division,C0,10a,10033703,supremacy,-0.34217540777218136,-0.18891274344685288,0.04544485364379525,0.3682503234034631,true
irl_first_division,C0,10a,10033703,level,0.26117314051724244,0.2733674317851109,0.005615680305378894,1.658917956936623,true
irl_first_division,C0,10a,10033692,supremacy,0.5379064884481125,0.7347638199945182,0.051138690690641274,0.18876931073932557,true
irl_first_division,C0,10a,10033692,level,0.36273246149325283,0.3018213527614742,0.005662735554577166,1.3403909627539676,true
irl_first_division,C0,10a,10033713,supremacy,-0.310104197628654,-0.3956800655898458,0.039077450814861275,0.6084648386328626,true
irl_first_division,C0,10a,10033713,level,0.36946464872378837,0.2662227474978735,0.005483228016080503,0.7121381736394969,true
irl_first_division,C0,10a,10033717,supremacy,0.07247121392178811,-0.02788167018029697,0.05560729606125402,0.43522991946541056,true
irl_first_division,C0,10a,10033717,level,0.14182019372525265,0.08082764972280909,0.0058415554342357585,1.3340244698128672,true
irl_first_division,C0,10a,10033755,supremacy,1.1132903241039978,0.9460251210956213,0.03965089799102636,0.34208262976929604,true
irl_first_division,C0,10a,10033755,level,0.23941155021752727,0.2503883626873495,0.00556089303033244,1.6662260214965798,true
irl_first_division,C0,10a,10033690,supremacy,0.3199210726791888,0.5500979787641438,0.06111065396780941,0.04510850535513278,true
irl_first_division,C0,10a,10033690,level,0.29814976400116067,0.23006729362151015,0.005962432631777535,1.2534975092683536,true
irl_first_division,C0,10a,10033829,supremacy,-0.047695781342193655,-0.09231926536863827,0.06026660159138329,0.4690296781778249,true
irl_first_division,C0,10a,10033829,level,0.5075489888941842,0.3894144649360417,0.005912208470240412,0.4661795818296488,true
irl_first_division,C0,10a,10033701,supremacy,0.6115116650222681,0.5904974970098827,0.06117794259094286,0.47443664643456207,true
irl_first_division,C0,10a,10033701,level,0.4370854327227349,0.3657251916272016,0.006041258917509015,1.2141740513309451,true
irl_first_division,C0,10a,10033828,supremacy,-0.8196280876103009,-0.7541023204620954,0.0652805631450791,0.41270599158428545,true
irl_first_division,C0,10a,10033828,level,0.09226984764902652,0.14214657682967816,0.006208309825894794,1.4216432825190064,true
irl_first_division,C0,10a,10033715,supremacy,-0.8730063064426916,-0.6762317810751068,0.06688839481317442,0.14398741325481246,true
irl_first_division,C0,10a,10033715,level,0.20935896233989704,0.19656137269904897,0.00616996176799467,1.61182055577672,true
irl_first_division,C0,10a,10033687,supremacy,1.4716918166578152,1.5862287665955273,0.060459021821998526,0.37546360147785784,true
irl_first_division,C0,10a,10033687,level,0.4078635096644342,0.20410876952296558,0.006246753207606086,-1.7040976027024177,false
irl_first_division,C0,10a,10033705,supremacy,1.295058943082296,1.0166631602791685,0.06864460443624502,-0.1440645992837848,true
irl_first_division,C0,10a,10033705,level,0.2881918325821903,0.19185281967222895,0.006232218068526234,0.8754580130572034,true
irl_first_division,C0,10a,10033681,supremacy,-0.7218263917140496,-0.9678222155719896,0.05938388909510693,-0.016587213595020023,true
irl_first_division,C0,10a,10033681,level,0.31956320695215573,0.19853078294742565,0.006190738165638437,0.4402858524340809,true
irl_first_division,C0,10a,10033735,supremacy,-1.0992313196508625,-1.2624664971413118,0.06188832418788161,0.2570007190081416,true
irl_first_division,C0,10a,10033735,level,0.41038658121170013,0.40270065862474935,0.00626600298679664,1.6126559687949205,true
irl_first_division,C0,10a,10033750,supremacy,-0.6682983749388384,-0.6348840229617017,0.06084827755571656,0.4715727359705081,true
irl_first_division,C0,10a,10033750,level,0.23077195369811693,0.16695525514928455,0.006317338578978958,1.2909572902798576,true
irl_first_division,C0,10a,10033678,supremacy,-0.9082008051123616,-1.0351416924928392,0.051626949852676386,0.40685540161643097,true
irl_first_division,C0,10a,10033678,level,0.18446297469185027,0.1836162014097447,0.006071916178841912,1.63304294418168,true
irl_first_division,C0,10a,10033680,supremacy,-0.1215228928953683,0.13669388692994477,0.0566957313834469,-0.0719255707654276,true
irl_first_division,C0,10a,10033680,level,0.21001884300618417,0.15843018595363562,0.006525168273704844,1.3931730990291402,true
irl_first_division,C0,10a,10033695,supremacy,-0.16291829711008077,-0.0058677749844709415,0.059904441320462604,0.28269535288755643,true
irl_first_division,C0,10a,10033695,level,0.3535229292042093,0.32289912700965184,0.006207040037370122,1.546552393320225,true
irl_first_division,C0,10a,10033720,supremacy,1.5047556829661608,1.2427496900488704,0.0468324790489409,-0.12125036114162713,true
irl_first_division,C0,10a,10033720,level,0.281462593907424,0.24814568283710906,0.005699610652527688,1.567363647892026,true
irl_first_division,C0,10a,10033723,supremacy,-0.3467865284772339,0.23122036327480544,0.0477624200546175,-2.89561596301602,false
irl_first_division,C0,10a,10033723,level,0.2601640985708152,0.29360626067381623,0.005734700622897606,1.564161603657724,true
irl_first_division,C0,10a,10033739,supremacy,-0.18533878693409966,-0.06984903117441876,0.045425169998337685,0.48009432894170345,true
irl_first_division,C0,10a,10033739,level,0.42943276487174165,0.34558527861074506,0.005723403455324986,1.0484771925378769,true
irl_first_division,C0,10a,10033677,supremacy,0.06950234699515115,0.22236374944568926,0.04568194269607006,0.36833433464211973,true
irl_first_division,C0,10a,10033677,level,0.2500034716472211,0.23650504881617818,0.005713135623023937,1.647608738255507,true
irl_first_division,C0,10a,10033708,supremacy,-1.1521736743994762,-1.2340803807588738,0.048606289280425964,0.5240519358453842,true
irl_first_division,C0,10a,10033708,level,0.3784927550509781,0.34570931512954356,0.005898222578707016,1.5565052935738037,true
irl_first_division,C0,10a,10033710,supremacy,0.24618364756020802,0.20955007572695916,0.04819415349119187,0.5833972044278732,true
irl_first_division,C0,10a,10033710,level,0.13522524775209355,0.153564535686933,0.0057496539483614315,1.6311214691074647,true
irl_first_division,C0,10a,10033736,supremacy,1.2607690844486614,0.7860795006978031,0.04755626798119416,-1.7651081463676634,false
irl_first_division,C0,10a,10033736,level,0.33844598008639937,0.4186913214424853,0.005779748888714348,1.1007006334655938,true
irl_first_division,C0,10a,10033698,supremacy,-1.0651120306503037,-1.3028562874201335,0.046283674075419945,0.006936805086325437,true
irl_first_division,C0,10a,10033698,level,0.4119278214453807,0.3083521649676835,0.005716651486152267,0.724943255173077,true
irl_first_division,C0,10a,10033728,supremacy,1.0592480654205594,0.7520671812126666,0.048380784736711036,-0.3797937890452683,true
irl_first_division,C0,10a,10033728,level,0.26519637074165403,0.2710104189016333,0.0057822351619283155,1.6546209311178486,true
irl_first_division,C0,10a,10033751,supremacy,-0.27819123148028113,-0.04230387255327728,0.046766595884335044,0.017455044993025526,true
irl_first_division,C0,10a,10033751,level,0.31138393615527477,0.32475376703727904,0.005704104461578576,1.6486773575713303,true
irl_first_division,C0,10a,10033682,supremacy,1.8244721357969558,1.6126332342355476,0.0633621855026923,0.10638480784618243,true
irl_first_division,C0,10a,10033682,level,0.21857224384767304,0.3734378895555266,0.0063768921982056215,-0.2718916543025869,false
irl_first_division,C0,10a,10033707,supremacy,-0.7890161787176987,-0.9477932075957602,0.06456724691784926,0.25586153028175573,true
irl_first_division,C0,10a,10033707,level,0.2324272524344954,0.2838004933650876,0.006264907089646838,1.4068228278423531,true
irl_first_division,C0,10a,10033741,supremacy,0.8432380193990261,0.8966755035568919,0.05805334669945522,0.4796636109867035,true
irl_first_division,C0,10a,10033741,level,0.36879601903979087,0.33113213519840246,0.006107805435015621,1.514027856729174,true
irl_first_division,C0,10a,10033697,supremacy,-0.5224762531607573,-0.14008114808583078,0.05935177373070504,-0.738660754727579,true
irl_first_division,C0,10a,10033697,level,0.22820508892243105,0.24385920565656669,0.006185502448025711,1.6040264608552985,true
irl_first_division,C0,10a,10033722,supremacy,1.3188559294252404,1.1852600128561226,0.05925672249369944,0.3434016487662661,true
irl_first_division,C0,10a,10033722,level,0.2716835847621611,0.18551389266911603,0.006032002691267219,1.0209144449615075,true
irl_first_division,C0,10a,10033726,supremacy,0.222217604630151,0.3839398759773887,0.0639799027172459,0.2512615638247382,true
irl_first_division,C0,10a,10033726,level,0.18299030526012725,0.213396379860084,0.006053403741150392,1.5582643250459065,true
irl_first_division,C0,10a,10557926,supremacy,0.2288585464624905,0.29705978249309906,0.04772723278917938,0.5534589465772484,true
irl_first_division,C0,10a,10557926,level,0.29139235046900486,0.19511386279539766,0.006145641770643397,0.8729113592458346,true
irl_first_division,C0,10a,10033679,supremacy,-0.5912181782760731,-0.3330931767113733,0.051990023939084265,-0.08136856425647054,true
irl_first_division,C0,10a,10033679,level,0.39833538324335777,0.39553491532385415,0.006230654850087877,1.6195690288135038,true
irl_first_division,C0,10a,10033699,supremacy,1.8053468926769605,1.2786370881797702,0.05834644369924571,-1.8756390828801246,false
irl_first_division,C0,10a,10033699,level,0.10731615310708276,0.17793506644992138,0.00606221964008208,1.222580560347689,true
irl_first_division,C0,10a,10033754,supremacy,-1.2814893151258264,-1.2921519771176282,0.06028285739513338,0.4844722281400863,true
irl_first_division,C0,10a,10033754,level,0.3401614630875207,0.29589897675472004,0.00608505364232554,1.4710393776141195,true
irl_first_division,C0,10a,10033688,supremacy,0.8451681656894967,0.9606098918291421,0.06414212619434483,0.35050357062579485,true
irl_first_division,C0,10a,10033688,level,0.2859097961888699,0.23012824180834054,0.006323656739709982,1.366763190717272,true
irl_first_division,C0,10a,10033712,supremacy,0.6090344605084739,0.6175821762863392,0.061444010549068284,0.47528137197224607,true
irl_first_division,C0,10a,10033712,level,0.36299613241363604,0.37241846526479927,0.006318462685845026,1.6061756686695894,true
irl_first_division,C0,10a,10033685,supremacy,0.18037811746408552,0.1565776131791679,0.05803931549780324,0.4994987866725442,true
irl_first_division,C0,10a,10033685,level,0.27374195379546634,0.2507026631147772,0.005851382346205002,1.6062425749585292,true
irl_first_division,C0,10a,10033742,supremacy,-1.111585006992845,-1.2947295944271768,0.06563519188380475,0.1873651452182714,true
irl_first_division,C0,10a,10033742,level,0.3224661449507186,0.27523359451366625,0.006373064178804345,1.4338721316091934,true
irl_first_division,C0,10a,10033684,supremacy,0.006809982885385535,0.488190126848229,0.0694962403992779,-1.2528869983086877,false
irl_first_division,C0,10a,10033684,level,0.49192743356224045,0.4731557199848587,0.006753182716723543,1.5538424371851929,true
irl_first_division,C0,10a,10033752,supremacy,0.0314889481553523,0.1258791388356412,0.055126020340473876,0.449317815643147,true
irl_first_division,C0,10a,10033752,level,0.20332753998671704,0.17704916801074172,0.006230838604188752,1.5647695241210808,true
irl_first_division,C0,10a,10657017,supremacy,0.43792117742742154,0.472164010179947,0.07859016321769526,0.345355794974584,true
irl_first_division,C0,10a,10657017,level,0.3046473471943932,0.27808289386259993,0.006784021748414121,1.5256443313533354,true
irl_first_division,C0,10a,10657118,supremacy,-0.8171345063548787,-1.3226961332164113,0.0830899945619468,-1.2130695874442383,false
irl_first_division,C0,10a,10657118,level,0.32067281237929046,0.22307110160267624,0.006964331443449183,0.8806180961704446,true
irl_first_division,C0,10a,10033700,supremacy,-0.35075241955388003,-0.5470133826191008,0.06638029112891657,0.14710495864860218,true
irl_first_division,C0,10a,10033700,level,0.4267488430836345,0.38976065641435076,0.006731820453555381,1.4798999605501442,true
irl_first_division,C0,10a,10033756,supremacy,1.5819715763383515,1.5295113907743891,0.06370430299082959,0.436212696091132,true
irl_first_division,C0,10a,10033756,level,0.29591653770069426,0.3960151249242527,0.00632437038397693,0.8205817158444537,true
irl_first_division,C0,10a,10033746,supremacy,-0.55507442804648,-0.4778707713493292,0.05454519528365309,0.4807869897166992,true
irl_first_division,C0,10a,10033746,level,0.32759528775334784,0.29390322180920087,0.006219912835846238,1.5298094543115264,true
irl_first_division,C0,10a,10033694,supremacy,1.0051030623673916,1.4023163517942745,0.06535502613338849,-0.762065009903848,true
irl_first_division,C0,10a,10033694,level,0.37990301525549935,0.327612230627925,0.006645862555805582,1.3822254379310865,true
irl_first_division,C0,10a,10033719,supremacy,-0.39597687581263685,-0.5549354491318449,0.05251268104120588,0.3138238954660575,true
irl_first_division,C0,10a,10033719,level,0.415273308799644,0.36132791105951995,0.0062708465996046195,1.3849488875680598,true
irl_first_division,C0,10a,10033823,supremacy,0.8076965134366265,1.0609014592894492,0.06152576244500548,-0.04581245650862131,true
irl_first_division,C0,10a,10033823,level,0.26265011158036533,0.2823241422284378,0.006416380831765279,1.5753495475029327,true
irl_first_division,C0,10a,10033744,supremacy,0.31418211314954025,0.40798167946370145,0.062482756130227184,0.3970875035500331,true
irl_first_division,C0,10a,10033744,level,0.47099622461734064,0.32745932939161015,0.006596192226656901,0.02997058574448186,false
irl_first_division,C0,10a,10033745,supremacy,-0.45767427350357326,-1.02084256326218,0.06626295488116674,-1.9550576408402291,false
irl_first_division,C0,10a,10033745,level,0.3718670895326941,0.37419351598084816,0.006545635782729842,1.59512641377327,true
irl_first_division,C0,10a,10173609,supremacy,1.745584422446367,1.1027100215033352,0.06131491731488577,-2.893275954784283,false
irl_first_division,C0,10a,10173609,level,0.1358521851045299,0.2642753187472878,0.006488673742023177,0.32904159594308346,true
irl_first_division,C0,10a,10173610,supremacy,0.5924166701980584,0.7100626943254793,0.06004095188855081,0.37216611918049636,true
irl_first_division,C0,10a,10173610,level,0.32442775799434054,0.2423392969090804,0.0063401779058128984,1.0800719410308766,true
irl_first_division,C0,10a,10173612,supremacy,0.8937714730088098,1.1303781015211598,0.054561416935444765,0.022251028701456343,true
irl_first_division,C0,10a,10173612,level,0.4951558157028576,0.39508726534249544,0.0060203816398065576,0.8057126181079872,true
irl_first_division,C0,10a,11052201,supremacy,-0.4559863640730495,0.9820291260071732,1.397482364274846,-1.8261368137182092,true
irl_first_division,C0,10a,11052201,level,0.3179033250227805,0.30332997382055993,0.1644263726576161,-0.016938166178365854,true
irl_first_division,C0,10a,11052202,supremacy,-0.07777700853079991,0.8222386463411204,0.2728309439730351,-1.7539744354347304,false
irl_first_division,C0,10a,11052202,level,0.269819935144039,0.2459306738533038,0.013244207360361047,1.2216138204345481,true
irl_first_division,C0,10a,11052204,supremacy,-0.42981951646478656,-0.22777975457431238,1.395378909032056,-1.100148406954821,true
irl_first_division,C0,10a,11052204,level,0.303246784972723,0.1602649535840334,0.16447196955031845,-0.07858078502763988,true
irl_first_division,C0,10a,11054711,supremacy,0.6081982986929222,0.3715789873213962,0.25696716474465564,-0.3484763980187602,true
irl_first_division,C0,10a,11054711,level,0.4206436328503971,0.4609339875413214,0.012363576997974055,1.2119127108139558,true
irl_first_division,C0,10a,11066556,supremacy,0.16846936236052623,0.010019868157730483,0.20990063980034881,-0.19818309475408813,true
irl_first_division,C0,10a,11066556,level,0.40096511150408054,0.4645264678353028,0.014963903508775488,1.0471256198418009,true
irl_first_division,C0,10a,11066559,supremacy,1.206405350008593,1.2015807182790494,0.20763413994749216,-0.13300574099882234,true
irl_first_division,C0,10a,11066559,level,0.1171609265188421,0.23736936800854538,0.011818244826616829,0.6887710208755364,true
irl_first_division,C0,10a,11068249,supremacy,-0.4116406132943257,-0.4610749039002423,0.19518762242557663,-0.1083015249860827,true
irl_first_division,C0,10a,11068249,level,0.2807131624267707,0.15715687274168566,0.014117088853090903,0.6705483240025041,true
irl_first_division,C0,10a,11068250,supremacy,0.2664469589661652,0.3037126864389466,0.18892967913650754,-0.08942360069135058,true
irl_first_division,C0,10a,11068250,level,0.26018368405258624,0.24250219646132629,0.010690046364230738,1.3356598601557483,true
irl_first_division,C0,10a,11068252,supremacy,-0.044723864427978766,0.3450065057884034,0.07821079416924381,-0.6157928530999459,true
irl_first_division,C0,10a,11068252,level,0.2715117993522559,0.3500950873395196,0.009379376189134274,1.086485043905671,true
irl_first_division,C0,10a,11068253,supremacy,-0.6285860251139858,-0.6513868561885485,0.07457232051256343,0.37556867680805783,true
irl_first_division,C0,10a,11068253,level,0.35245892530913375,0.4257235485664914,0.008358643427167661,1.1522039421289652,true
irl_first_division,C0,10a,11068254,supremacy,0.45268441086583644,-0.10449100291790736,0.08057284550386118,-1.5861247842675017,false
irl_first_division,C0,10a,11068254,level,0.24359319474995994,0.306875105733049,0.008567140677804322,1.2272534889934208,true
irl_first_division,C0,10a,11068255,supremacy,1.8527086943595048,1.7596203107836323,0.06013371310855983,0.41460229987668684,true
irl_first_division,C0,10a,11068255,level,0.15925384771510553,0.22352769285056084,0.01039588171237317,1.1655436746057528,true
irl_first_division,C0,10a,11068256,supremacy,0.08721435483987353,0.1696330729620213,0.07217962801321008,0.3483050428322261,true
irl_first_division,C0,10a,11068256,level,0.26798079606255165,0.31606333325242386,0.010889573324489761,1.234882832265051,true
irl_first_division,C0,10a,10987619,supremacy,0.08949996342209354,0.4118582099368604,0.057985301939790596,-0.3912003249317517,true
irl_first_division,C0,10a,10987619,level,0.30379210135968243,0.34162193860911005,0.006643155378048877,1.480433465655931,true
irl_first_division,C0,10a,10987620,supremacy,-0.7871546335573449,-0.7610469671927216,0.05351147767160545,0.5386222000355338,true
irl_first_division,C0,10a,10987620,level,0.23526386052442305,0.26375476331560166,0.007502352715177333,1.4732323072465714,true
irl_first_division,C0,10a,11068258,supremacy,0.013347148100222112,0.2799900869187759,0.054314356224665405,-0.11696406239502743,true
irl_first_division,C0,10a,11068258,level,0.19196966065972298,0.35029459884725905,0.009654850807847833,0.1030642138679716,true
irl_first_division,C0,10a,11068260,supremacy,1.7518605968626964,1.0039933016687737,0.05875075748524097,-4.261698278427564,false
irl_first_division,C0,10a,11068260,level,0.04505287837385896,0.18934248297697875,0.006383100178684015,-0.0227168624163423,false
irl_first_division,C0,10a,11068261,supremacy,-0.9363510357958409,-0.49818596511570784,0.055161227165959725,-1.210440844449193,false
irl_first_division,C0,10a,11068261,level,0.30587101478109957,0.3744036981626556,0.006984133129850565,1.2268758851509085,true
irl_first_division,C0,10a,11068263,supremacy,-0.11766157395541127,0.41569441303923704,0.05973133693914214,-1.8912235236444273,false
irl_first_division,C0,10a,11068263,level,0.19063390021721757,0.3262025366161839,0.006695338029841015,0.21172200007696818,false
irl_first_division,C0,10a,11068264,supremacy,-1.0267297607615715,-0.8377218720901607,0.04787286073937361,0.2275516353413638,true
irl_first_division,C0,10a,11068264,level,0.17796358719849728,0.28121628660945486,0.0064183377992394,0.7748391983163372,true
irl_first_division,C0,10a,11068265,supremacy,-0.2166126663756007,0.1484606012181604,0.06030057903537163,-0.6198495818948075,true
irl_first_division,C0,10a,11068265,level,0.3294083696596089,0.31958525353737327,0.00692651905791002,1.5602948932734892,true
irl_first_division,C0,10a,11068266,supremacy,1.1579584519979254,1.1806336942927647,0.06308952573233782,0.4585868289680085,true
irl_first_division,C0,10a,11068266,level,0.19619631810543828,0.2849753368773825,0.00732825612581924,1.001308396719767,true
irl_first_division,C0,10a,11068268,supremacy,0.733908768019476,0.7824421833192171,0.05136880181660527,0.5424963301395831,true
irl_first_division,C0,10a,11068268,level,0.25740399338621733,0.20810071863073504,0.006630764913834903,1.4057809457516288,true
irl_first_division,C0,10a,11068269,supremacy,0.20072620752939432,0.49363875698554066,0.052446868149575596,-0.26291053753989213,true
irl_first_division,C0,10a,11068269,level,0.34049483863301055,0.3676901520827093,0.006221028226239016,1.5615291549590804,true
irl_first_division,C0,10a,11068272,supremacy,0.272033546337051,0.4787896221699512,0.05869479354903253,0.13460799816375402,true
irl_first_division,C0,10a,11068272,level,0.16656748739320537,0.21869362057647582,0.006352339458274703,1.3966587774678807,true
irl_first_division,C0,10a,11068274,supremacy,0.0869291551813135,0.3162200477398384,0.04989151104105443,0.05312731069356236,true
irl_first_division,C0,10a,11068274,level,0.35959574132136457,0.3754378081875256,0.0063391171997469065,1.5917739198780863,true
irl_first_division,C0,10a,11068275,supremacy,1.0935695906025384,1.1625327389835305,0.0507272865798713,0.5248298311426155,true
irl_first_division,C0,10a,11068275,level,0.15304495546221747,0.18862149292143332,0.006346967256842199,1.5112423038482905,true
irl_first_division,C0,10a,11068276,supremacy,2.2840320111166363,1.8916158930836495,0.06431488786927729,-0.7441163665502217,true
irl_first_division,C0,10a,11068276,level,0.08869869915114204,0.2935551873341431,0.006880604034157235,-1.479014161047301,false
irl_first_division,C0,10a,11068277,supremacy,-0.31199810714354825,0.14052642788418868,0.05900980740879383,-1.2390349316850804,false
irl_first_division,C0,10a,11068277,level,0.1532956627092047,0.20088487927495313,0.006426200218627339,1.4285364596443717,true
irl_first_division,C0,10a,11068279,supremacy,0.22070665952052138,0.17446795699454784,0.05288705185535991,0.5306467816101258,true
irl_first_division,C0,10a,11068279,level,0.29122561313073914,0.2631668733793,0.005958081801215636,1.5764954901520114,true
irl_first_division,C0,10a,11068280,supremacy,-2.2081129069695886,-1.9937504776071795,0.0540527528754097,0.11489956406020396,true
irl_first_division,C0,10a,11068280,level,0.007754336205704204,0.12962776308609442,0.006009156256748929,0.4024219150830639,true
irl_first_division,C0,10a,11068281,supremacy,1.2936637263189685,1.1277829075539019,0.05322341040095833,0.2891904707661648,true
irl_first_division,C0,10a,11068281,level,0.24527115188570786,0.3090455782140248,0.006012012094445294,1.2998051003856372,true
irl_first_division,C0,10a,11068283,supremacy,-0.37305828485561177,-0.24957804560558242,0.055316350054747256,0.3905851076914715,true
irl_first_division,C0,10a,11068283,level,0.17350561601904418,0.25685968704676654,0.005925212601846306,1.0590310869855568,true
irl_first_division,C0,10a,11232357,supremacy,-1.458413777263075,-0.8316907278593147,0.04862743922030862,-3.4458394844520024,false
irl_first_division,C0,10a,11232357,level,0.2299498613528233,0.18922099798625353,0.006085962973947307,1.4956624946885086,true
irl_first_division,C0,10a,11068285,supremacy,-0.8061677640254569,-0.5994090777265104,0.04879687289087843,0.15307429108024806,true
irl_first_division,C0,10a,11068285,level,0.296125501013566,0.2258109274088138,0.006025406151483146,1.2266723058564877,true
irl_first_division,C0,10a,11068286,supremacy,1.6555582582338764,1.3507135676934015,0.048644557229088815,-0.36252801194437345,true
irl_first_division,C0,10a,11068286,level,0.17830414657153992,0.19706681391296965,0.005794730741370114,1.6260889279678852,true
irl_first_division,C0,10a,11068287,supremacy,0.7537350565433116,1.286022895572155,0.0494419729613615,-2.2807422800669057,false
irl_first_division,C0,10a,11068287,level,0.26207518143242936,0.17546525953519268,0.005916279728168059,1.0121328683486153,true
irl_first_division,C0,10a,11068288,supremacy,0.1386072663665657,0.12132253262677628,0.05586186836812264,0.5208239885334867,true
irl_first_division,C0,10a,11068288,level,0.054604669883566125,0.19811386927177105,0.006103876741850482,-0.05655654422114598,false
irl_first_division,C0,10a,11068289,supremacy,-1.600055851917723,-1.475294235224046,0.048349954308723256,0.43473981107339554,true
irl_first_division,C0,10a,11068289,level,0.11504889385642181,0.06637627067952923,0.005786118626288677,1.4524920682919842,true
irl_first_division,C0,10a,11068290,supremacy,0.6189580454378208,0.6903112049982943,0.039999133310312615,0.6268679167740643,true
irl_first_division,C0,10a,11068290,level,0.33823727689540256,0.28454594663721083,0.005625071803601285,1.4150802811438272,true
irl_first_division,C0,10a,11068291,supremacy,1.257043510834131,1.01325992952303,0.043377843129064605,-0.03506743830080472,true
irl_first_division,C0,10a,11068291,level,0.2922056065445033,0.27055322980985863,0.0058986029736981796,1.6078409593695793,true
irl_first_division,C0,10a,11068293,supremacy,0.00852992085264026,-0.20089845040898763,0.05526905976324946,0.13204408739848894,true
irl_first_division,C0,10a,11068293,level,0.32875696854855835,0.266261829472879,0.005994054824072965,1.3137620318065861,true
irl_first_division,C0,10a,11068294,supremacy,0.5996624644473583,0.43169806502694996,0.050217734361113466,0.2958578116818178,true
irl_first_division,C0,10a,11068294,level,0.24917218177394615,0.24442512476703143,0.005855578376635027,1.6493175234338138,true
irl_first_division,C0,10a,11068295,supremacy,0.35502615273951893,0.29135571086211276,0.04249679085222157,0.6125279855879388,true
irl_first_division,C0,10a,11068295,level,0.22544407762783988,0.11035900890008743,0.005647007443376888,0.49666899031774747,true
irl_first_division,C0,10a,11068297,supremacy,-0.032558495776971175,-0.11855388319754429,0.04704994235635138,0.5307453834276334,true
irl_first_division,C0,10a,11068297,level,0.36694033974463736,0.32464582437301837,0.005739398449558493,1.50542448921419,true
irl_first_division,C0,10a,11068299,supremacy,1.1754060838295666,1.0749752240374073,0.04127052668899131,0.5526667312485396,true
irl_first_division,C0,10a,11068299,level,0.3444864724195052,0.30264441067544307,0.005514773304763396,1.5224903697488943,true
irl_first_division,C0,10a,11068300,supremacy,0.7191997298043326,0.7122626924751219,0.04112574392757293,0.6760368918681392,true
irl_first_division,C0,10a,11068300,level,0.2525639775888376,0.2371034396065098,0.005589147041551303,1.6531425137568436,true
irl_first_division,C0,10a,11068303,supremacy,-0.029908095530991025,0.10420183813581255,0.04137966681936123,0.4562216869775557,true
irl_first_division,C0,10a,11068303,level,0.20596995408618812,0.19426508060976755,0.005392803522684626,1.6797039246333543,true
irl_first_division,C0,10a,11068304,supremacy,0.034967544040460596,0.25463393280548635,0.04554170134962606,0.09585414886729815,true
irl_first_division,C0,10a,11068304,level,0.4356219064588095,0.38885871824686435,0.005649691539969344,1.475606316250347,true
irl_first_division,C0,10a,11068305,supremacy,-1.336567781369735,-1.06890259067537,0.04530591543916736,-0.16245629697544572,true
irl_first_division,C0,10a,11068305,level,0.25899612261049565,0.26272698996865246,0.0055903090879192326,1.6731768615385674,true
irl_first_division,C0,10a,11068306,supremacy,-0.9400266139396953,-1.4467731505841743,0.046264966391179066,-2.15748563594979,false
irl_first_division,C0,10a,11068306,level,0.2867993106834311,0.16725790727627432,0.005654481677621909,0.405102411390875,true
irl_first_division,C0,10a,11068308,supremacy,-1.4487602119251333,-1.3671093348722996,0.04903685872533435,0.5206748815161157,true
irl_first_division,C0,10a,11068308,level,0.24471628617942032,0.19168495297776747,0.005656404465251852,1.4199486003683803,true
irl_first_division,C0,10a,11068309,supremacy,0.7205934062241455,0.553391584011383,0.04643484014521394,0.3148852748601014,true
irl_first_division,C0,10a,11068309,level,0.30661987536798785,0.3328174950927266,0.005622791775571172,1.6104951961456715,true
irl_first_division,C0,10a,11068310,supremacy,1.4376303338838583,1.3603049870707162,0.04843729354165279,0.5330829510607442,true
irl_first_division,C0,10a,11068310,level,0.27955563921569027,0.27873692037917,0.005611096347723854,1.6725063124572932,true
irl_first_division,C0,10a,11068312,supremacy,1.0141813046031118,0.4449935755717768,0.04613928441447891,-2.891726549905533,false
irl_first_division,C0,10a,11068312,level,0.2676960467292567,0.24004757232383653,0.005493987413761916,1.6135415275977736,true
irl_first_division,C0,10a,11068313,supremacy,-1.1935118835216976,-1.4245752322332583,0.052869435947423854,0.04610073192052577,true
irl_first_division,C0,10a,11068313,level,0.2611693900449152,0.16856336794122617,0.005969827202333006,0.9233118100987259,true
irl_first_division,C0,10a,11068314,supremacy,0.4243758300429382,0.4223552250168438,0.049639812599693474,0.5825013890168148,true
irl_first_division,C0,10a,11068314,level,0.39724518182284024,0.29224598699464205,0.005709200877840081,0.6983676949490545,true
irl_first_division,C0,10a,11068315,supremacy,-0.9794823914055762,-0.7281205588221326,0.04636045925222208,-0.0647138748390812,true
irl_first_division,C0,10a,11068315,level,0.22958666546820022,0.201947635583886,0.005564590824059544,1.6080865749026083,true
irl_first_division,C0,10a,11068316,supremacy,1.3955401864941126,1.1739360601470399,0.04544710831373829,0.08638383260598981,true
irl_first_division,C0,10a,11068316,level,0.340996054331248,0.2947180916952473,0.005626705870620316,1.4808658637684935,true
irl_first_division,C0,10a,11068318,supremacy,1.1839793843593949,0.728783335817406,0.05205305537407458,-1.4315027303309933,false
irl_first_division,C0,10a,11068318,level,0.24899364359031345,0.1795173727369958,0.005781391466361215,1.2401609882283144,true
irl_first_division,C0,10a,11068319,supremacy,-0.13505860969161781,-0.06684792184318933,0.04500557790162356,0.5798556519945788,true
irl_first_division,C0,10a,11068319,level,0.3814123803076459,0.39340574977089326,0.005687346665075702,1.6531714985747388,true
irl_first_division,C0,10a,11068320,supremacy,0.726575405761201,0.2263217359881145,0.05278217365333607,-1.8187750498319835,false
irl_first_division,C0,10a,11068320,level,0.2839718936748502,0.24727392842489945,0.005897079181191943,1.5335234265022635,true
irl_first_division,C0,10a,11068321,supremacy,1.8892662532192466,1.9286968906607032,0.04690270693177394,0.5943269392343647,true
irl_first_division,C0,10a,11068321,level,0.13937130796178887,0.14535674447437252,0.005603346773261487,1.6700602872407413,true
irl_first_division,C0,10a,11068322,supremacy,-2.15103979150316,-2.381192111458857,0.04810467737702986,0.047678297633130695,true
irl_first_division,C0,10a,11068322,level,0.2351404237514284,0.24405101050699585,0.005707416062036121,1.6571001741446536,true
irl_first_division,C0,10a,11068325,supremacy,-1.2474004988410923,-1.1425394381882785,0.04872820711259075,0.4789817692014322,true
irl_first_division,C0,10a,11068325,level,0.41535825619494093,0.3441689720830884,0.005548406710963478,1.2214837491968515,true
irl_first_division,C0,10a,11068326,supremacy,-0.04513474196418393,0.4552859627105188,0.053466747554460264,-1.7964284733679101,false
irl_first_division,C0,10a,11068326,level,0.401369410462321,0.321082502032752,0.005682852608323134,1.0990687821762237,true
irl_first_division,C0,10a,11068327,supremacy,1.3301808319020907,1.1718047514273895,0.047764863886184165,0.3392266524172032,true
irl_first_division,C0,10a,11068327,level,0.326188368687474,0.2932877881948009,0.0055826114789779505,1.5781625757520432,true
irl_first_division,C0,10a,11068330,supremacy,0.6075225609113944,0.20068839627527207,0.054847957123683094,-0.9761875054400762,false
irl_first_division,C0,10a,11068330,level,0.4109130903196591,0.4189172831139162,0.005738633530807686,1.6557464587933324,true
irl_first_division,C0,10a,11068331,supremacy,2.0690890712616774,1.6675050117276031,0.04964075913706545,-1.0418353787838015,false
irl_first_division,C0,10a,11068331,level,0.07926124796340567,0.2662742992231224,0.005777208119160427,-1.3689054847801478,false
irl_first_division,C0,10a,11068332,supremacy,-0.9911663974465631,-0.916486879334631,0.053463729487359286,0.4932802312534935,true
irl_first_division,C0,10a,11068332,level,0.4230779610966185,0.32047098456215395,0.005927682282825532,0.7570694977136125,true
irl_first_division,C0,10a,11068333,supremacy,2.522003576858854,1.8370811325593572,0.05864700165329752,-3.500340956865305,false
irl_first_division,C0,10a,11068333,level,-0.022178574649156846,0.13328600434563903,0.005951628255846994,-0.3873658394250423,false
irl_first_division,C0,10a,11068335,supremacy,0.1519135952723425,0.27746544722997407,0.0492998613710671,0.4261071547433779,true
irl_first_division,C0,10a,11068335,level,0.3933573012057603,0.4717138177220124,0.005714628205421133,1.1262291119460524,true
irl_first_division,C0,10a,11068336,supremacy,2.5549090125137965,3.161745811352053,0.052071115008263544,-2.977404253784867,false
irl_first_division,C0,10a,11068336,level,0.32005951042449443,0.09082675561730369,0.0058608904108450564,-2.832118883331079,false
irl_first_division,C0,10a,11068337,supremacy,-0.26204432305375946,-0.39623612335521746,0.05048183994489803,0.39577665752546687,true
irl_first_division,C0,10a,11068337,level,0.3559322397366273,0.2818421185568524,0.005750230620848134,1.1830038297565006,true
irl_first_division,C0,10a,11068338,supremacy,2.0946090986649493,1.7413766188575202,0.06070908939591453,-0.5457394346846229,true
irl_first_division,C0,10a,11068338,level,0.20410141537479642,0.2758506316689995,0.005913206807099627,1.2110523853670048,true
irl_first_division,C0,10a,11068340,supremacy,-1.2374915423781574,-1.0301491245076793,0.049233608751861294,0.15004993374448405,true
irl_first_division,C0,10a,11068340,level,0.22069955247417425,0.2646480012393658,0.005757091282543619,1.4919762237717318,true
irl_first_division,C0,10a,11068341,supremacy,-0.7316217003635448,-0.9122867556752636,0.04656337182198558,0.26404339421895506,true
irl_first_division,C0,10a,11068341,level,0.33869629521335676,0.30628247036548606,0.005777939392240074,1.566995935754254,true
irl_first_division,C0,10a,11068344,supremacy,-0.8688595328331395,-0.730804691076013,0.05187211994125997,0.37683563001433407,true
irl_first_division,C0,10a,11068344,level,0.22715008898808092,0.19659996378598338,0.005856065709702315,1.5715126350746067,true
irl_first_division,C0,10a,11068345,supremacy,-1.0179258793947805,-1.1358848131077628,0.049838678060808037,0.44094994077440886,true
irl_first_division,C0,10a,11068345,level,0.3872455061727698,0.29276088993443294,0.005913499779113905,0.8914928410842058,true
irl_first_division,C0,10a,11068348,supremacy,-0.32511004859452625,-0.46234465889265164,0.04850336633149932,0.39997785300696775,true
irl_first_division,C0,10a,11068348,level,0.2747969401241621,0.27195648142168083,0.0058608706068674155,1.650101714957346,true
irl_first_division,C0,10a,11068349,supremacy,0.873667741428046,0.6172557343202538,0.059955193433499865,-0.06016175110240285,true
irl_first_division,C0,10a,11068349,level,0.4023585823199476,0.1666428287206297,0.006166803935980624,-2.8795712225674537,false
irl_first_division,C0,10a,11068350,supremacy,-0.7559054975716861,-0.9797637581175898,0.07453127360546927,0.04314517813142649,true
irl_first_division,C0,10a,11068350,level,0.474987141372859,0.4009327869073712,0.006498536806651613,1.177205800078547,true
irl_first_division,C0,10a,11068351,supremacy,1.4118496301838428,1.1186159249718437,0.06612370223546699,-0.21101502449983012,true
irl_first_division,C0,10a,11068351,level,0.2295455605686002,0.17921538679046045,0.006177586170566434,1.4194497209446473,true
irl_first_division,C0,10a,11068352,supremacy,-0.47046237661191814,-0.47635938667548194,0.06265983143859263,0.46580132037401145,true
irl_first_division,C0,10a,11068352,level,0.28900120626903164,0.24911757283173047,0.006116671509339795,1.4993998530613406,true
irl_first_division,C0,10a,11068354,supremacy,-0.1098226715534123,-0.38338908011948547,0.06489470873989504,-0.12805936245842875,true
irl_first_division,C0,10a,11068354,level,0.34107054785187485,0.27955273604594166,0.006257000959901902,1.3156720704927132,true
irl_first_division,C0,10a,11068355,supremacy,-0.1990556737191468,0.2565014237683908,0.05605488886239318,-1.3293788441468193,false
irl_first_division,C0,10a,11068355,level,0.5161185558298962,0.392138921210022,0.006186036499203704,0.3814010084838455,true
irl_first_division,C0,10a,11068357,supremacy,0.24177233092537573,0.4393040687803772,0.06911169660777393,0.1347892412112206,true
irl_first_division,C0,10a,11068357,level,0.317206407935266,0.27963490556649234,0.006580605511768513,1.48561980468819,true
irl_first_division,C0,10a,11068358,supremacy,2.2584834857611824,2.566010247461884,0.058754289524096046,-0.306558333884313,true
irl_first_division,C0,10a,11068358,level,0.3065545761471278,0.3328033627130807,0.006161097704221431,1.5698963631489966,true
irl_first_division,C0,10a,11068359,supremacy,-1.5677687089274768,-1.8530495404355323,0.05379792139713622,-0.21407512432425158,true
irl_first_division,C0,10a,11068359,level,0.18683555611160435,0.15369329852304653,0.00602856112273816,1.5455844770502485,true
irl_first_division,C0,10a,11068360,supremacy,0.7642917205759675,0.9594105423555059,0.04744837128980741,0.20393084681721008,true
irl_first_division,C0,10a,11068360,level,0.3764728576599346,0.3883034932899865,0.005901832582868265,1.6354499835920824,true
irl_first_division,C0,10a,11068361,supremacy,0.5151818942415596,0.6288659930993853,0.054139293417870556,0.4197995234756666,true
irl_first_division,C0,10a,11068361,level,0.3662299430085123,0.2696234874667251,0.006028251105232868,0.8626215126287224,true
irl_first_division,C0,10a,11068362,supremacy,1.752461724024994,1.7859421885695899,0.05606939404652893,0.5116480353489609,true
irl_first_division,C0,10a,11068362,level,0.24834281154232923,0.23930599778549155,0.006080014888123712,1.6257197606813443,true
irl_first_division,C0,10a,11068363,supremacy,-0.9324059190992362,-0.8036478467953959,0.05610559401639581,0.37357635202665485,true
irl_first_division,C0,10a,11068363,level,0.3447751662399995,0.34200267749024954,0.006106364368893246,1.62964392286885,true
irl_first_division,C0,10a,11068365,supremacy,0.39962390404334885,0.0351791364467714,0.058257006698260325,-0.6374416983348314,true
irl_first_division,C0,10a,11068365,level,0.34784923148098046,0.33048980305587744,0.006087292594887033,1.60708503443248,true
irl_first_division,C0,10a,11068366,supremacy,-0.17126935028033244,-0.034254508709730236,0.047911213751126266,0.40434914779920295,true
irl_first_division,C0,10a,11068366,level,0.17670439193991416,0.21360289483429507,0.005948044917950205,1.5289584857358787,true
irl_first_division,C0,10a,11068368,supremacy,0.057031218682385976,-0.0007811946965265437,0.05525104443613606,0.4987492221835702,true
irl_first_division,C0,10a,11068368,level,0.35528319083662396,0.26886059391220984,0.00606258572117781,1.0178907307616991,true
irl_first_division,C0,10a,11068369,supremacy,-0.3645406867095652,-0.530177405477819,0.05412115497455597,0.28586259194351715,true
irl_first_division,C0,10a,11068369,level,0.411604096367512,0.4135031237694198,0.005999801410249379,1.6387753857221599,true
irl_first_division,C0,10a,11068371,supremacy,-0.8332221466792392,-0.9137953801708507,0.055436840495710946,0.4687633895124058,true
irl_first_division,C0,10a,11068371,level,0.4114528948829433,0.3132569013276524,0.0060373525833447945,0.8373899621540417,true
irl_first_division,C0,10a,11068374,supremacy,0.04850229592647398,0.13021267778458293,0.050630580402633116,0.5067269043799211,true
irl_first_division,C0,10a,11068374,level,0.3416532506013449,0.24319826565797353,0.005922663509484627,0.8272161764051329,true
irl_first_division,C0,10a,11519242,supremacy,-1.2648578262107355,-1.095571402806622,0.05837385240059581,0.25603649936286166,true
irl_first_division,C0,10a,11519242,level,0.33211986882648203,0.3496737652635136,0.006222894602138345,1.5960630052558913,true
irl_first_division,C0,10a,11068375,supremacy,0.334535450588741,0.5203714288921304,0.06693272691695407,0.1751120908022008,true
irl_first_division,C0,10a,11068375,level,0.3829651555744691,0.35518347848352494,0.006334553298376051,1.5510079095718892,true
irl_first_division,C0,10a,11068376,supremacy,-0.6867312239413863,-0.8563484556631848,0.05910843816251185,0.25188594756471105,true
irl_first_division,C0,10a,11068376,level,0.41568261095313686,0.3398576271814988,0.006222053202620055,1.158868961131397,true
irl_first_division,C0,10a,11068377,supremacy,0.7477953255527734,0.9755052791415106,0.05778528434188337,0.05791262442818046,true
irl_first_division,C0,10a,11068377,level,0.4780201251976314,0.43490165068569275,0.005944180663429071,1.48734426839634,true
irl_first_division,C0,10a,11068379,supremacy,-1.0812416856849114,-1.4845130482869333,0.05741903930229139,-0.9063975320937114,false
irl_first_division,C0,10a,11068379,level,0.29931702372010616,0.1969226677900251,0.00597600251741805,0.7638376270944636,true
irl_first_division,C0,10a,11068380,supremacy,-1.0237993619885748,-1.053594603709461,0.05250909376778265,0.5459925627854413,true
irl_first_division,C0,10a,11068380,level,0.34147981920688275,0.2627120926263772,0.005762489872676192,1.1209145277466543,true
irl_first_division,C0,10a,11068382,supremacy,-0.918833850713632,-0.6105589998814684,0.053737105299236414,-0.34135636927596424,true
irl_first_division,C0,10a,11068382,level,0.4215877469355296,0.33803637832698463,0.00591021970940009,1.056024702181309,true
irl_first_division,C0,10a,11068384,supremacy,-1.1608100572078315,-1.2221153843629986,0.051954025657350536,0.5235896101336983,true
irl_first_division,C0,10a,11068384,level,0.31121278463094937,0.28144402999915596,0.0058554203289809155,1.5755835541972125,true
irl_first_division,C0,10a,11068381,supremacy,-0.04717600839596803,-0.26328545304290774,0.04834554052078374,0.11273660158284504,true
irl_first_division,C0,10a,11068381,level,0.48095492160187137,0.4501543686605635,0.00591211597056342,1.5662058590196737,true
irl_first_division,C0,10a,11068385,supremacy,1.3899293089958298,1.5604601141945038,0.05086150956742153,0.2845041282639329,true
irl_first_division,C0,10a,11068385,level,0.3480056675430958,0.4630009166899175,0.005945112902819251,0.5314881393911004,true
irl_first_division,C0,10a,11068386,supremacy,0.2747610245660766,0.4035322712935529,0.05212549310960456,0.39905326287724296,true
irl_first_division,C0,10a,11068386,level,0.37366085544796135,0.38246732850117304,0.005881525884203145,1.6424379758808554,true
irl_first_division,C0,10a,11068388,supremacy,0.8509723870215261,1.1702025451662863,0.04487683561804538,-0.5024393233989299,true
irl_first_division,C0,10a,11068388,level,0.42779158613743945,0.3409380997357855,0.005939218079844248,1.009089652222364,true
irl_first_division,C0,10a,11068390,supremacy,0.6072473133312107,0.6652392471367317,0.051365668931930925,0.5327175919808084,true
irl_first_division,C0,10a,11068390,level,0.3486349526825439,0.3198355286661736,0.006040513063154975,1.5670409564637517,true
irl_first_division,C0,10a,11068391,supremacy,-2.081658991169818,-2.0016124637179953,0.052140965921348204,0.4965201424410268,true
irl_first_division,C0,10a,11068391,level,0.2254042897440358,0.23515457211022833,0.0061067749236843535,1.6224558927518093,true
irl_first_division,C0,10a,11068392,supremacy,-0.15671260175634127,-0.3232788986573948,0.047842834313621546,0.3110255905702204,true
irl_first_division,C0,10a,11068392,level,0.43820304676041605,0.41845846460370145,0.005823621058335629,1.620506668395615,true
irl_first_division,C0,10a,11068387,supremacy,1.9508114724945371,1.7164407441294858,0.054555401775260554,0.03190086433485795,true
irl_first_division,C0,10a,11068387,level,0.21728796466228678,0.1995806143091884,0.0059488535710855404,1.6169860055194665,true
irl_first_division,C0,10a,11068395,supremacy,-0.05342258204794137,-0.0006686505012129529,0.054939999719763856,0.5064908448789688,true
irl_first_division,C0,10a,11068395,level,0.41089678202636126,0.4138977071991391,0.005805503532597135,1.6547603252775336,true
irl_first_division,C0,10a,11068396,supremacy,1.0020076801369227,1.1676011259182886,0.04743270874970466,0.3162294941271908,true
irl_first_division,C0,10a,11068396,level,0.3904226282577317,0.32859169529996063,0.005868252479063095,1.3244193729466116,true
irl_first_division,C0,10a,11068398,supremacy,0.6604026503239057,0.8734083253851275,0.05228674986055584,0.12269652787509688,true
irl_first_division,C0,10a,11068398,level,0.37640111004195537,0.2805439821689062,0.005860971078609904,0.8669020566083185,true
irl_first_division,C0,10a,11068399,supremacy,0.06066259651561268,0.28692575512318885,0.05956955766136317,0.061658890954633616,true
irl_first_division,C0,10a,11068399,level,0.3776270939435837,0.3584578688107635,0.005991644486361224,1.6090918477348302,true
irl_first_division,C0,10a,11068400,supremacy,0.20968836778592392,0.5890957821147166,0.04786911071727769,-0.9028751778521678,false
irl_first_division,C0,10a,11068400,level,0.472026905153682,0.46831974173988083,0.005821001282853435,1.6530224897329746,true
irl_first_division,C0,10a,11068401,supremacy,0.4844942674024214,0.4181526537155228,0.0513486166784815,0.5227639415641159,true
irl_first_division,C0,10a,11068401,level,0.388359596344561,0.3878911922623443,0.005855120226407948,1.6512621049389484,true
irl_first_division,C0,10a,11068404,supremacy,0.7379408613862263,0.5692699759903322,0.04511914240286913,0.31501089120347436,true
irl_first_division,C0,10a,11068404,level,0.3709324632747156,0.3166511343042821,0.005566000973385686,1.4119166988359826,true
irl_first_division,C0,10a,11708120,supremacy,0.5586475351086804,0.46091080513178806,0.06859705136335909,0.35118693295578085,true
irl_first_division,C0,10a,11708120,level,0.47227130887098323,0.2527035911330552,0.00615553313891958,-2.2897241636776835,false
irl_first_division,C0,10a,11068405,supremacy,-0.3336454627662522,-0.023987201767230404,0.04606203771243285,-0.42091517250720667,true
irl_first_division,C0,10a,11068405,level,0.39487519022903417,0.38918710052354677,0.0059220733344678075,1.6428641243528515,true
irl_first_division,C0,10a,11068406,supremacy,-1.136460031293525,-1.7422490803719834,0.07078348756032876,-2.1871476479474627,false
irl_first_division,C0,10a,11068406,level,0.4632748612760193,0.3410947106105547,0.006221786248097416,0.42125596587415837,true
irl_first_division,C0,10a,11068407,supremacy,-0.740490080125514,-1.0384275989737892,0.04761876623978526,-0.3287309012843984,true
irl_first_division,C0,10a,11068407,level,0.4437913416765105,0.26255874733326495,0.005817681258400263,-1.1683935946664832,false
irl_first_division,C0,10a,11068409,supremacy,-0.4309102444267066,-0.563395469531073,0.04434815439806161,0.44101105301118637,true
irl_first_division,C0,10a,11068409,level,0.5234664900518365,0.4175479250899783,0.005663938638403216,0.6775135306237243,true
irl_first_division,C0,10a,10949426,supremacy,0.6294791516336175,0.606383346831687,0.04557036332134251,0.6194576516126611,true
irl_first_division,C0,10a,10949426,level,0.4390162695556054,0.45185661739623195,0.00572920058552032,1.6477621377893417,true
irl_first_division,C0,10a,10949428,supremacy,0.44241593781302574,0.7454110112726313,0.042006365165065285,-0.42673460747579606,true
irl_first_division,C0,10a,10949428,level,0.5658993937570665,0.43998403600531877,0.005698049484773892,0.273639902412385,false
irl_first_division,C0,10a,10949429,supremacy,0.5767953389996305,1.1096340592023248,0.05507738430242637,-2.046868624116339,false
irl_first_division,C0,10a,10949429,level,0.520290421589405,0.3576439918566194,0.005912128059395991,-0.5908175457622291,false
irl_first_division,C0,10a,10949430,supremacy,0.7417431632951473,0.7927246593201801,0.045276108084155324,0.5998464481670214,true
irl_first_division,C0,10a,10949430,level,0.4213982484702285,0.35414299318183223,0.005655543546497286,1.2687240330144447,true
irl_first_division,C0,10a,11909439,supremacy,0.48635720566833485,-0.05313271465018471,1.012893072052571,-1.0690161748134488,true
irl_first_division,C0,10a,11909439,level,0.3501652145962923,0.3441811841347664,0.033488528978043525,0.778802985379085,true
irl_first_division,C0,10a,11909442,supremacy,0.20574103592829535,0.33651989668950494,0.252279439629392,-0.2642267287700182,true
irl_first_division,C0,10a,11909442,level,0.2945107373480558,0.32862387978015695,0.012312301621610806,1.2323817814539924,true
irl_first_division,C0,10a,11909443,supremacy,-0.06571576047971811,-0.11055513516501697,0.2708932469645195,-0.26963430374001085,true
irl_first_division,C0,10a,11909443,level,0.4116182543783079,0.4889720049204719,0.012449025899155645,1.0337937834307045,true
irl_first_division,C0,10a,11909444,supremacy,-0.3436414254337328,-1.1990712731805122,0.5910062830371677,-1.2750541207041077,true
irl_first_division,C0,10a,11909444,level,0.3108454120222444,0.15223320187789388,0.02185282513611128,0.4171543033560505,true
irl_first_division,C0,10a,11909445,supremacy,-0.6656948126164172,-0.6691497254748153,0.25604094483352696,-0.23775288953453033,true
irl_first_division,C0,10a,11909445,level,0.2969688310166721,0.40674837475663583,0.012145788620548301,0.7903274095740289,true
irl_first_division,C0,10a,11909446,supremacy,0.07143086262247206,-0.14213378297291906,0.26568857344343255,-0.3420566240187438,true
irl_first_division,C0,10a,11909446,level,0.30872119075076776,0.3706272530823962,0.015025971980876542,1.0525244742287252,true
irl_first_division,C0,10a,11909449,supremacy,0.8537083762729825,0.46965331050072445,0.14818076687274065,-0.46197451639142095,true
irl_first_division,C0,10a,11909449,level,0.2567231151430085,0.24593249186472976,0.011702368954070367,1.3000685018749945,true
irl_first_division,C0,10a,11909450,supremacy,0.0031961015525586167,-0.26995948467788033,0.1532046453765746,-0.2244589923284216,true
irl_first_division,C0,10a,11909450,level,0.3487402731006001,0.4169527286583178,0.009811879982962674,1.1560347391083314,true
irl_first_division,C0,10a,11909451,supremacy,-0.721543131434097,-0.4985445261021283,0.0711715474532483,0.053036799127620604,true
irl_first_division,C0,10a,11909451,level,0.29263486983227005,0.3483824467087247,0.00869151688211225,1.2749822861517606,true
irl_first_division,C0,10a,11915723,supremacy,0.2774041104797999,0.22467144153599372,0.060994547758231495,0.45675192456398694,true
irl_first_division,C0,10a,11915723,level,0.31248912724221845,0.36932262909543156,0.009768168729779312,1.230039264334311,true
irl_first_division,C0,10a,11915780,supremacy,0.5364035004481882,1.0606376811504568,0.07648320802392826,-1.4302096613043744,false
irl_first_division,C0,10a,11915780,level,0.37939221725728034,0.3455532840143569,0.008170132750705883,1.4146197346436502,true
irl_first_division,C0,10a,11915781,supremacy,0.03320239243148737,0.1191599387896286,0.05234004919946897,0.48547457261880167,true
irl_first_division,C0,10a,11915781,level,0.3609414851286224,0.38529393171673243,0.010035302242694905,1.3523367834844482,true
irl_first_division,C0,10a,11915784,supremacy,-0.5749661056109666,-0.42563398578507433,0.07229219307966293,0.24034527903222602,true
irl_first_division,C0,10a,11915784,level,0.30090990840479864,0.28345145178447156,0.010436478125034983,1.3476829982533995,true
irl_first_division,C0,10a,11915782,supremacy,-0.19758894124243515,-0.11535967801509661,0.05408607902165805,0.47714244484783164,true
irl_first_division,C0,10a,11915782,level,0.29038903964615814,0.3283285168766263,0.007151040719434057,1.4506671870918277,true
irl_first_division,C0,10a,11915785,supremacy,0.5143942964175614,0.4167256022628107,0.05871684101612373,0.41734550848365437,true
irl_first_division,C0,10a,11915785,level,0.2245296973363073,0.3228072653610546,0.007222399124649517,0.8776978649526761,true
irl_first_division,C0,10a,11915765,supremacy,-0.13530833167669393,0.24228272221434888,0.06730120407189732,-0.6288806647864933,true
irl_first_division,C0,10a,11915765,level,0.20288093918785569,0.41558139559220275,0.00732890951451024,-1.5474828381320918,false
irl_first_division,C0,10a,11915768,supremacy,0.7398946114451175,0.6072176876044635,0.04981826744985083,0.4040744309357096,true
irl_first_division,C0,10a,11915768,level,0.21401518616735127,0.2828036466692646,0.006769016624949,1.2292383208823017,true
irl_first_division,C0,10a,11915769,supremacy,0.064819357722842,0.012170203232038712,0.06549627129356342,0.4227814970852305,true
irl_first_division,C0,10a,11915769,level,0.20147461544758816,0.32739950560286224,0.007056577889956879,0.43439186653530193,true
irl_first_division,C0,10a,11915773,supremacy,-0.5016341214572628,-0.24508704664582243,0.05166388418741208,-0.07440760206131602,true
irl_first_division,C0,10a,11915773,level,0.22507070017504216,0.28803892545885434,0.007134030036293211,1.2746077209441027,true
irl_first_division,C0,10a,11909448,supremacy,0.009669280144797732,0.4338340279915316,0.05881057651144525,-1.0318423039688327,false
irl_first_division,C0,10a,11909448,level,0.32737502496004245,0.30171298929423385,0.006729299742300708,1.5327727596643974,true
irl_first_division,C0,10a,11915772,supremacy,0.08062042455936191,0.6693307830590609,0.0577010462455082,-2.4959359986116922,false
irl_first_division,C0,10a,11915772,level,0.3486599783917843,0.3427640609953395,0.0064295095003139265,1.601786675770485,true
irl_first_division,C0,10a,11915774,supremacy,0.9569919882150348,1.0676317052373128,0.052676802172384476,0.4366604600275432,true
irl_first_division,C0,10a,11915774,level,0.1915979245992453,0.30124715866880747,0.00639966407542239,0.6674737286662196,true
irl_first_division,C0,10a,11915775,supremacy,0.1642700197845114,0.3259404749421907,0.055760228242053206,0.29003610572593796,true
irl_first_division,C0,10a,11915775,level,0.2706804376310568,0.32030812926249075,0.006230594087420917,1.4225569593573006,true
irl_first_division,C0,10a,11915776,supremacy,0.02224665569651399,0.278778781782998,0.05554610086389487,-0.0660469539823807,true
irl_first_division,C0,10a,11915776,level,0.14894984471715694,0.2351464875626723,0.006912725879127574,1.0308524943764947,true
irl_first_division,C0,10a,11915743,supremacy,0.30971163762511134,0.18660855099829526,0.04610101717591138,0.45516112657021135,true
irl_first_division,C0,10a,11915743,level,0.28025989616036595,0.33398534467728647,0.005927944074988705,1.4016412827369864,true
irl_first_division,C0,10a,11915759,supremacy,0.5181889159799303,0.8317464523565941,0.053536347056797065,-0.37348034459524193,true
irl_first_division,C0,10a,11915759,level,0.2272042397344291,0.22980247322801073,0.0063037186596859385,1.613833781849527,true
irl_first_division,C0,10a,11915778,supremacy,-0.02056136577611606,-0.009893411930240015,0.04656244595210843,0.6133198674950513,true
irl_first_division,C0,10a,11915778,level,0.30685105564414017,0.34068911291525983,0.006113242738458279,1.5360601197570285,true
irl_first_division,C0,10a,11915749,supremacy,1.0153178431847998,0.8099860787119731,0.04613316449488239,0.1622226853398916,true
irl_first_division,C0,10a,11915749,level,0.07771592653703463,0.25355414852262065,0.005995541996428228,-0.9390748472570833,false
irl_first_division,C0,10a,11915750,supremacy,0.05394210317699333,-0.43457138733589473,0.05092219903658707,-1.7734460829941252,false
irl_first_division,C0,10a,11915750,level,0.11355972592852442,0.25178740301802605,0.006049087952161529,0.05566538946472521,false
irl_first_division,C0,10a,11915753,supremacy,0.23324898387423798,0.05686751749608748,0.048775008077045656,0.272412432566131,true
irl_first_division,C0,10a,11915753,level,0.18071900096561383,0.23225795483038483,0.006195417814245312,1.4086608730209056,true
irl_first_division,C0,10a,11915767,supremacy,0.10816771083496352,0.31851066767562247,0.043764468694148524,0.14004760259354887,true
irl_first_division,C0,10a,11915767,level,0.31200310298807743,0.36830072102492684,0.006041850780700105,1.3732949301933202,true
irl_first_division,C0,10a,11915755,supremacy,-0.24257525498714366,0.001938199739497548,0.03774952267536455,-0.07243585925027096,true
irl_first_division,C0,10a,11915755,level,0.0892087639558147,0.2935776452947986,0.005451568653944239,-2.1437118177834016,false
irl_first_division,C0,10a,11915757,supremacy,-0.7489802686691676,-0.5082024815603122,0.04319906788060324,-0.018979538988404876,true
irl_first_division,C0,10a,11915757,level,0.08984936791201217,0.15840109140247938,0.005538796867287886,1.2548302749963907,true
irl_first_division,C0,10a,11915760,supremacy,0.3011625138018706,0.5665923190847925,0.04335975576639168,-0.16225039954578468,true
irl_first_division,C0,10a,11915760,level,0.22995376979578128,0.289230289705453,0.005564093218959577,1.3610238046865422,true
irl_first_division,C0,10a,11915766,supremacy,-0.2770760830120664,0.17596513377466458,0.03964850018317836,-1.8934116424920902,false
irl_first_division,C0,10a,11915766,level,0.27589262526526415,0.28399477213934504,0.005211668131045439,1.7031912478195788,true
irl_first_division,C0,10a,11915726,supremacy,-0.0381135616358331,0.0609479703571047,0.04287163193243966,0.5413854423313684,true
irl_first_division,C0,10a,11915726,level,0.21300940545390062,0.2434733087091885,0.0055041292824662795,1.5978849785524516,true
irl_first_division,C0,10a,11915763,supremacy,0.327395111149111,0.2350784184552348,0.04346192958608752,0.5509523173982953,true
irl_first_division,C0,10a,11915763,level,0.27499023908972503,0.37138281313493926,0.005525816782110615,0.8394855682601658,true
irl_first_division,C0,10a,11915685,supremacy,-1.6667797490014022,-0.8767725439227965,0.04487425729838702,-6.320995421473473,false
irl_first_division,C0,10a,11915685,level,-0.0613267290491924,0.14649854295316247,0.005607054100898684,-2.1785919913588154,false
irl_first_division,C0,10a,11915665,supremacy,-0.5747616457377566,-0.7664476735691692,0.0506992715646013,0.20961586747959693,true
irl_first_division,C0,10a,11915665,level,0.09765972662086048,0.10778012840301152,0.005762809740270697,1.6503400173823888,true
irl_first_division,C0,10a,11915727,supremacy,0.6812841247095927,0.5055145639455475,0.04352350970681741,0.29336606708472446,true
irl_first_division,C0,10a,11915727,level,0.2185074235562643,0.30193308002839553,0.005643423379694295,1.0530608534606172,true
irl_first_division,C0,10a,11915729,supremacy,0.23393711132889752,0.033210992046905585,0.05815392254091404,0.15697578242225974,true
irl_first_division,C0,10a,11915729,level,0.19096673465124947,0.29356530765027716,0.005985878667842495,0.7609625154434876,true
irl_first_division,C0,10a,11915731,supremacy,-0.1603519475291839,0.025950380288894126,0.05056613339378846,0.2300984424511643,true
irl_first_division,C0,10a,11915731,level,0.24455628615890296,0.2655755441922919,0.0057733935226558656,1.6200465630868863,true
irl_first_division,C0,10a,11915736,supremacy,-0.08855205843056796,-0.030014618654404024,0.049829403103695755,0.5462528561241249,true
irl_first_division,C0,10a,11915736,level,0.21653036214976015,0.3132456093679315,0.005687055474993475,0.84346299864356,true
irl_first_division,C0,10a,11915738,supremacy,-0.9657794190207744,-1.2460978422861024,0.04702117246897816,-0.22592410104232052,true
irl_first_division,C0,10a,11915738,level,0.05469102222053063,0.10940704951587638,0.0056040441330701745,1.4060802875246075,true
irl_first_division,C0,10a,11915739,supremacy,0.39461483655900215,0.5495502613693808,0.04849020964502944,0.3467341020107464,true
irl_first_division,C0,10a,11915739,level,0.1331417952971873,0.25972904415038367,0.005639628195072969,0.24933960948539857,false
irl_first_division,C0,10a,11915742,supremacy,0.6796553846750514,0.7955842289785465,0.05282698719110139,0.4242250683390387,true
irl_first_division,C0,10a,11915742,level,0.21914927338858975,0.17771873560339707,0.00577990274498874,1.5092579320986117,true
irl_first_division,C0,10a,11915707,supremacy,0.3832789832305284,0.3768180569011336,0.050040763285822826,0.5781030411418271,true
irl_first_division,C0,10a,11915707,level,0.21654887672686532,0.23626434551755213,0.005759096261184829,1.6258022355886712,true
irl_first_division,C0,10a,11915709,supremacy,-0.008848718950583034,0.1507517861496435,0.05283982117239499,0.31027318016880145,true
irl_first_division,C0,10a,11915709,level,0.1878793092822896,0.2696741252868317,0.005696206733067097,1.0777715698468013,true
irl_first_division,C0,10a,11915711,supremacy,0.13972529095094496,-0.02572904685298885,0.04834431168030728,0.3126380504039443,true
irl_first_division,C0,10a,11915711,level,0.17435679259865283,0.17296386713822665,0.00571211526672597,1.663474568369604,true
irl_first_division,C0,10a,11915715,supremacy,0.36319874978318634,0.1173772301166699,0.047191200077233986,-0.032413423358389704,true
irl_first_division,C0,10a,11915715,level,0.16493244249029265,0.24789109757272432,0.005571851636029829,1.0584944777665006,true
irl_first_division,C0,10a,11915710,supremacy,-0.11180129471561134,-0.04829680999236541,0.04858865146678999,0.5517445050222356,true
irl_first_division,C0,10a,11915710,level,0.20576003602905432,0.30296262202884217,0.005815200948743322,0.8423182682826362,true
irl_first_division,C0,10a,11915712,supremacy,0.44068997335390114,0.7938712367299268,0.047796205131244565,-0.7034179970122802,true
irl_first_division,C0,10a,11915712,level,0.18947925611284028,0.16068617569134958,0.0058003821488345165,1.5845128202393854,true
irl_first_division,C0,10a,11915713,supremacy,-0.2689046146231482,-0.20377676294013836,0.04738072838839696,0.5610701145555587,true
irl_first_division,C0,10a,11915713,level,0.19208551719690214,0.2165272950634814,0.00559941710237063,1.6202629711191174,true
irl_first_division,C0,10a,11915716,supremacy,-0.5363691303429606,-0.8901145004725384,0.0471674888164415,-0.7184179774588204,true
irl_first_division,C0,10a,11915716,level,0.1178364170604929,0.11629228790942656,0.00564476543361069,1.6693635856385927,true
irl_first_division,C0,10a,11915719,supremacy,0.40641909777592333,0.2960096415983767,0.038436205625852864,0.5518614992245514,true
irl_first_division,C0,10a,11915719,level,0.19423992877769436,0.19232888890900507,0.005321035607157158,1.6987619594059007,true
irl_first_division,C0,10a,11915720,supremacy,-0.5355712780142112,-0.43017225641461004,0.04114530662564837,0.5413875644578443,true
irl_first_division,C0,10a,11915720,level,0.11108483462187994,0.14906774858936542,0.005481506129877162,1.5526519507476908,true
irl_first_division,C0,10a,11915697,supremacy,-0.24851147465507273,-0.12551788882958298,0.0404581296991693,0.49785372870719535,true
irl_first_division,C0,10a,11915697,level,0.33188246199296967,0.19911881118313582,0.005357631817503342,0.05071743548421548,false
irl_first_division,C0,10a,11915691,supremacy,-0.09537133877442852,-0.03542433586031141,0.04312036843622407,0.6112714675728569,true
irl_first_division,C0,10a,11915691,level,0.2920828273074817,0.24567978595688786,0.005508039871189698,1.4863711289522883,true
irl_first_division,C0,10a,11915695,supremacy,1.462255260306509,1.1747078851732007,0.051027284873546644,-0.24143016804664197,true
irl_first_division,C0,10a,11915695,level,0.13989370537238077,0.12246670509519017,0.005697400532388882,1.6382815589595485,true
irl_first_division,C0,10a,11915698,supremacy,-0.146685484200607,-0.11663948929434512,0.045375271842876784,0.6175077355472648,true
irl_first_division,C0,10a,11915698,level,0.18510132683851682,0.16378213019253607,0.005604488769414865,1.6326066029057336,true
irl_first_division,C0,10a,11915702,supremacy,0.037480430063524806,-0.21193005798927617,0.04721981175204809,-0.051148728719873304,true
irl_first_division,C0,10a,11915702,level,0.32986330999705615,0.2354495954264452,0.005658050986898887,0.8806767437754144,true
irl_first_division,C0,10a,11915696,supremacy,-0.6038153278290006,-0.7800484178399545,0.045964146713498674,0.2831568763650312,true
irl_first_division,C0,10a,11915696,level,0.16202040871975731,0.1341125576001451,0.0056016912600064285,1.6038858065843815,true
irl_first_division,C0,10a,11915701,supremacy,0.16683413179495366,0.17030847464243903,0.048327769973245185,0.5958110473324353,true
irl_first_division,C0,10a,11915701,level,0.22705609738171817,0.25612083469632424,0.005677462633711702,1.5922910813946556,true
irl_first_division,C0,10a,11915708,supremacy,0.2932633957137003,0.18570731181020594,0.04998033047434592,0.46339569913304546,true
irl_first_division,C0,10a,11915708,level,0.37213682770037304,0.24500701582081685,0.005627267899121527,0.23508481778698753,false
irl_first_division,C0,10a,11915704,supremacy,0.42961285336691984,0.41198182390473953,0.05472895846210238,0.5309026855841933,true
irl_first_division,C0,10a,11915704,level,0.20164457816188222,0.2837787286700179,0.005780630999345567,1.0741807540508814,true
irl_first_division,C0,10a,11915705,supremacy,0.04574574443478027,0.12947249844561584,0.052588272875926635,0.4870410828660129,true
irl_first_division,C0,10a,11915705,level,0.18741443941517966,0.20713560318682384,0.005679179448308624,1.6322944861384403,true
irl_first_division,C0,10a,11915706,supremacy,-0.0042022302947866685,0.17713592082811982,0.05518481885497131,0.2316552024793359,true
irl_first_division,C0,10a,11915706,level,0.1382396090139467,0.20215232097822539,0.005855507688294675,1.3024449719174775,true
irl_first_division,C0,10a,11915718,supremacy,0.6917277683485118,0.7675040854473009,0.04474872396786072,0.5702488261589859,true
irl_first_division,C0,10a,11915718,level,0.1088530488753137,0.14375928785337305,0.005620904759122686,1.5633076087695799,true
irl_first_division,C0,10a,11915681,supremacy,-0.21533018920736274,0.06150648864328606,0.059395696046368046,-0.15232413068115092,true
irl_first_division,C0,10a,11915681,level,0.28485867342335536,0.20264119532156877,0.005949561532344327,1.0751953120177278,true
irl_first_division,C0,10a,11915682,supremacy,-0.3346024559984039,-0.2954170196809921,0.048442135070626266,0.578905319462636,true
irl_first_division,C0,10a,11915682,level,0.17707844783863147,0.2682134801264676,0.005682523806625112,0.935439849713994,true
irl_first_division,C0,10a,11915684,supremacy,0.9079417852702085,0.7178882473366286,0.053441541400453145,0.2077023165081855,true
irl_first_division,C0,10a,11915684,level,0.15135459730868447,0.227073928163546,0.005638909073494571,1.161713807264446,true
irl_first_division,C0,10a,12258661,supremacy,1.26409009745032,1.328390303912411,0.044495300015563954,0.5907871741455875,true
irl_first_division,C0,10a,12258661,level,0.1586886279623366,0.12712376407921133,0.005642423211556585,1.5814921593697124,true
irl_first_division,C0,10a,11915686,supremacy,1.3429653865287479,1.193005601688231,0.04005119722880508,0.4091199373123704,true
irl_first_division,C0,10a,11915686,level,0.12822234217563877,0.14384320214302698,0.005338849698697674,1.6745815779986573,true
irl_first_division,C0,10a,11915687,supremacy,0.1721613349196274,0.19481483348596085,0.04109504871975418,0.670751453702073,true
irl_first_division,C0,10a,11915687,level,0.2152657247357307,0.2556234015635539,0.005350823972191219,1.5441183792851942,true
irl_first_division,C0,10a,11915688,supremacy,-0.096844225746824,-0.07380412536825273,0.040157433048564874,0.6819257649487818,true
irl_first_division,C0,10a,11915688,level,0.10749307624689561,0.21961935119680398,0.00528496580749298,0.5130658352809867,true
irl_first_division,C0,10a,11915689,supremacy,0.0188948022349682,0.03188738910504063,0.0411394385718286,0.674403839365041,true
irl_first_division,C0,10a,11915689,level,0.24016967827087238,0.20054312610138775,0.005426111552884105,1.5446326078793968,true
irl_first_division,C0,10a,11915663,supremacy,-0.2090138540947739,-0.1642866296140399,0.05746732678985316,0.49192507136709873,true
irl_first_division,C0,10a,11915663,level,0.2115207974457765,0.21655312021715137,0.005868248900634055,1.6480032315561628,true
irl_first_division,C0,10a,11915692,supremacy,0.9810042581790459,0.9204516664661841,0.05540922766935415,0.49447933975335256,true
irl_first_division,C0,10a,11915692,level,0.10801793956117664,0.12641401279839415,0.005873454761734659,1.6209087058665632,true
irl_first_division,C0,10a,11915693,supremacy,0.3390163940561437,0.5831458886873254,0.060427483404378826,-0.008929457857459022,true
irl_first_division,C0,10a,11915693,level,0.22566989011832367,0.22491760477764774,0.00603397109277009,1.6361895356987128,true
irl_first_division,C0,10a,11915694,supremacy,-0.2947450488223843,-0.388357446605734,0.0549941088986257,0.4516513468918347,true
irl_first_division,C0,10a,11915694,level,0.33027639446384405,0.24868610174010553,0.00592468023710295,1.0835753128949008,true
irl_first_division,C0,10a,11915664,supremacy,0.21915164193623532,0.1600199760389144,0.05424146871282939,0.505984873634429,true
irl_first_division,C0,10a,11915664,level,0.3800403768079975,0.2525685058514149,0.005873452784059161,0.2664532351356983,false
irl_first_division,C0,10a,11915671,supremacy,0.27460413749141144,0.4128087269141683,0.05331875278613668,0.36767881904406385,true
irl_first_division,C0,10a,11915671,level,0.28281652619016195,0.25674475093289506,0.005734460356564719,1.6024245018609728,true
irl_first_division,C0,10a,11915673,supremacy,0.4933012459053863,0.6422147155648251,0.058152538160552616,0.31274008186716795,true
irl_first_division,C0,10a,11915673,level,0.19855673735781895,0.13873773711371934,0.006052254971873675,1.3391054974772443,true
irl_first_division,C0,10a,11915679,supremacy,0.7676146513381013,0.5570400046533112,0.05269981367515425,0.1319325903231603,true
irl_first_division,C0,10a,11915679,level,0.2745799424158467,0.25812166540662357,0.005816435601310663,1.6313099902201507,true
irl_first_division,C0,10a,11915667,supremacy,0.673314745440224,0.6220263119239089,0.05009157589515267,0.5517557381502547,true
irl_first_division,C0,10a,11915667,level,0.21756911327323666,0.27033169594449824,0.005750606111633702,1.4182345885424559,true
irl_first_division,C0,10a,11915670,supremacy,-0.2911962863520535,-0.3817856707308621,0.050807642408048644,0.49015585029628983,true
irl_first_division,C0,10a,11915670,level,0.20011954149683892,0.1971585074360288,0.005869319823333679,1.6493228180975668,true
irl_first_division,C0,10a,11915653,supremacy,1.6299785296166331,1.4255544919708818,0.07317021982752739,0.10298341032758374,true
irl_first_division,C0,10a,11915653,level,0.07787003506368395,0.07734287352825403,0.006645400010233833,1.587955753375254,true
irl_first_division,C0,10a,11915654,supremacy,0.16879707282582615,-0.011605768836706082,0.07554302656266115,0.1571796454950689,true
irl_first_division,C0,10a,11915654,level,0.17519891176014152,0.1996404149061909,0.006552468172481621,1.5494333172744115,true
irl_first_division,C0,10a,11915680,supremacy,-0.1967744592676405,-0.16029578565092922,0.06549343252459754,0.4338051856380707,true
irl_first_division,C0,10a,11915680,level,0.2598764246451434,0.29615855996590723,0.006522108234554024,1.4964224918968567,true
irl_first_division,C0,10a,11915652,supremacy,-0.6554895633154222,-0.47125493023423876,0.06371680979526334,0.19136132337920841,true
irl_first_division,C0,10a,11915652,level,0.2667084840584169,0.26106446984458415,0.006399645545455583,1.6043290020082868,true
irl_first_division,C0,10a,11915655,supremacy,0.5157409117348958,0.39390162630680026,0.05409179109621255,0.40237917807972545,true
irl_first_division,C0,10a,11915655,level,0.3474805654460415,0.3056913735354023,0.00614627980207172,1.4849510935703985,true
irl_first_division,C0,10a,11915656,supremacy,0.005051948113222626,-0.03534619148995166,0.06532557928065903,0.43275591421114556,true
irl_first_division,C0,10a,11915656,level,0.18007583099754662,0.18868907849032318,0.006368438134331707,1.6034373173434968,true
irl_first_division,C0,10a,11915658,supremacy,0.8695833401571769,1.0461102406058669,0.07291198920464138,0.17661830699472825,true
irl_first_division,C0,10a,11915658,level,0.24356683978339125,0.10001770475703381,0.006494722478298371,0.013051945527625897,false
irl_first_division,C0,10a,11915660,supremacy,0.0817757822972956,-0.07072669499254478,0.06486611075188532,0.26950714277976684,true
irl_first_division,C0,10a,11915660,level,0.2785053623636091,0.2660824196240358,0.006242427912340822,1.6068931719904516,true
irl_first_division,C0,10a,11915672,supremacy,0.0612073442410461,-0.03617799902736507,0.06467529189207634,0.37693010195479726,true
irl_first_division,C0,10a,11915672,level,0.19424990109344947,0.24459133498795554,0.006302208363424075,1.4134277887677411,true
irl_first_division,C0,10a,11915639,supremacy,0.5389805218920887,0.4664710222936966,0.06687674449497569,0.39420512156368614,true
irl_first_division,C0,10a,11915639,level,0.17494255638595935,0.18441317771433954,0.006822286547872344,1.5682682580618144,true
irl_first_division,C0,10a,11915638,supremacy,-0.1140992883276391,-0.006968937905222572,0.06600417848694856,0.3531392824373627,true
irl_first_division,C0,10a,11915638,level,0.2778593907012685,0.22505348134151595,0.006644859133554016,1.3781962027250358,true
irl_first_division,C0,10a,11915641,supremacy,0.2551626830329253,0.307418943400678,0.0710717700802286,0.3838830196613119,true
irl_first_division,C0,10a,11915641,level,0.27405993941441353,0.24160004174975191,0.0065027775279455175,1.5178094141230432,true
irl_first_division,C0,10a,11915642,supremacy,1.7076539148340475,1.687384257913112,0.07009546150367477,0.40707937153089524,true
irl_first_division,C0,10a,11915642,level,0.24500578287747332,0.1828350500577396,0.006799465254968485,1.2922888860367352,true
irl_first_division,C0,10a,11915643,supremacy,-0.48230518724379834,-0.43380357274660514,0.06191665279829005,0.4530479625171365,true
irl_first_division,C0,10a,11915643,level,0.25570726061191246,0.20621440688685064,0.006333627758932727,1.4186265674362049,true
irl_first_division,C0,10a,11915648,supremacy,-0.59228891406394,-0.5571851743950421,0.07158224168344031,0.3909082053009283,true
irl_first_division,C0,10a,11915648,level,0.38631557009498907,0.25908042267838177,0.006495768902259995,0.3532614776522527,true
irl_first_division,C0,10a,11915649,supremacy,-0.46485692602514467,-0.5059437138156777,0.05369212503095421,0.5275855275042275,true
irl_first_division,C0,10a,11915649,level,0.09741751984829997,0.1652503332215472,0.0063321421247593285,1.2487916940379669,true
irl_first_division,C0,10a,11915614,supremacy,-0.5976794478069117,-1.1146237025016004,0.05015794251768961,-2.0865480993173042,false
irl_first_division,C0,10a,11915614,level,0.2575801271474764,0.12162828449346497,0.0063509414242824205,0.1555065750935296,false
irl_first_division,C0,10a,11915636,supremacy,0.6469333365943535,0.6675322534154184,0.058083959324939455,0.5003417333516224,true
irl_first_division,C0,10a,11915636,level,0.31699345007783297,0.26293628295851723,0.006243979246415044,1.38513066485671,true
irl_first_division,C0,10a,11915611,supremacy,0.7912329734552482,0.4350925776709194,0.06020076352602668,-0.5673450463692595,true
irl_first_division,C0,10a,11915611,level,0.263649060469658,0.2582938684406421,0.006448310058053604,1.6008063715718759,true
irl_first_division,C0,10a,11915615,supremacy,0.6092743341055179,0.6380845825637771,0.06866947126638626,0.4142430808478236,true
irl_first_division,C0,10a,11915615,level,0.2351889926127781,0.2562384753679895,0.006646840730229558,1.5545380998675622,true
irl_first_division,C0,10a,11915618,supremacy,0.7596654462326646,1.045454182323359,0.05123766186216017,-0.23032143067572153,true
irl_first_division,C0,10a,11915618,level,0.19048053174632543,0.13842916259650095,0.006183187997511072,1.4049324550702105,true
irl_first_division,C0,10a,11915621,supremacy,0.33808597111873684,0.055802272412675546,0.11157896912453472,-0.17950203199858228,true
irl_first_division,C0,10a,11915621,level,0.3766107327365212,0.2573525091580214,0.0078073331403321535,0.5965634641910067,true
irl_first_division,C0,10a,11915650,supremacy,-0.12224674869857066,0.08826232469045761,0.09434553384800232,0.026607283459647135,true
irl_first_division,C0,10a,11915650,level,0.33541143122017403,0.20357486311346068,0.007209440199693891,0.3418183294713004,true
irl_first_division,C0,10a,11915633,supremacy,-0.2775455830433478,-0.09287848624873513,0.046648203153217244,0.2480993914815679,true
irl_first_division,C0,10a,11915633,level,0.22979230807552156,0.23129570534076346,0.006057708513252159,1.6340867525974692,true
irl_first_division,C0,10a,11915634,supremacy,0.213134369569435,0.6270761522779875,0.11184175377864954,-0.5896312373117212,true
irl_first_division,C0,10a,11915634,level,0.41982007496762375,0.2868827779419446,0.0077055963108546115,0.36724553835443885,true
irl_first_division,C0,10a,11915610,supremacy,0.2967882259953998,0.30445047975208633,0.05137675660683834,0.5647748056241817,true
irl_first_division,C0,10a,11915610,level,0.3588846503983727,0.29233552567675136,0.005967672554430124,1.2706958462761695,true
irl_first_division,C0,10a,11915616,supremacy,1.0454013503090303,1.1954391246872151,0.05600816180889806,0.321225631610047,true
irl_first_division,C0,10a,11915616,level,0.3206102432045642,0.2214067811745281,0.006363526113660284,0.8363872755972781,true
irl_first_division,C0,10a,11915613,supremacy,-0.41593374260566673,-0.41663727396296973,0.06562489965407342,0.44295773926955506,true
irl_first_division,C0,10a,11915613,level,0.24400368103708647,0.2340394080307233,0.0067161311973111025,1.575291307774433,true
irl_first_division,C0,10a,11915635,supremacy,-0.01400557616575504,-0.4354472534741723,0.05759573169189733,-1.0336796555863397,false
irl_first_division,C0,10a,11915635,level,0.30311193015420457,0.28573853216278666,0.006436828969861059,1.5804751590380586,true
irl_first_division,C0,10a,11915631,supremacy,0.031022298751553767,-0.10717309743338327,0.052080346588323834,0.37519427727432486,true
irl_first_division,C0,10a,11915631,level,0.3847972316583711,0.36978359674306427,0.00624331485966849,1.601131424320944,true
irl_first_division,C0,10a,11915612,supremacy,0.6627264991584422,-0.3153511918044766,0.06877235015497954,-6.535553235357332,false
irl_first_division,C0,10a,11915612,level,0.3511556351750605,0.28903067392566073,0.006788708544214524,1.29304916945055,true
irl_first_division,C0,10a,11915624,supremacy,0.15684138990552132,0.4116683097676255,0.06047379931273726,-0.05306594002759746,true
irl_first_division,C0,10a,11915624,level,0.3368343459691268,0.2756381666149828,0.006276431883804207,1.318202186665422,true
irl_first_division,C0,10a,11915628,supremacy,0.3885779623927387,0.631179701798915,0.051641554923681776,-0.00707155785087199,true
irl_first_division,C0,10a,11915628,level,0.36019451037287803,0.2988535618425498,0.006123153076058672,1.321647710986752,true
irl_first_division,C0,10a,13366705,supremacy,0.15437598530789665,-0.08361417372041677,0.26989827530695815,-0.36901061265488033,true
irl_first_division,C0,10a,13366705,level,0.22554805700314423,0.22962975704964955,0.012589352271480853,1.2678517256551158,true
irl_first_division,C0,10a,13366707,supremacy,-0.14468897758702098,-0.008708910551273208,0.25858204041296307,-0.27842119623115635,true
irl_first_division,C0,10a,13366707,level,0.2955315073868765,0.3814204122460798,0.012229871893484175,0.9814046955024365,true
irl_first_division,C0,10a,13366710,supremacy,-0.31778623542855367,0.21450037448609918,0.25984948135200103,-0.7902913094438321,true
irl_first_division,C0,10a,13366710,level,0.26735843126082887,0.3387848201936583,0.012835039839475832,1.0601074110521989,true
irl_first_division,C0,10a,13366712,supremacy,0.4985939060594325,0.35490125322301824,0.22253189268178097,-0.2139885113013822,true
irl_first_division,C0,10a,13366712,level,0.23102192616016,0.33500081535257487,0.012273756598557617,0.8407713840745998,true
irl_first_division,C0,10a,13366716,supremacy,0.626490296846242,0.4879922981307409,0.15515478696337665,-0.04908722363789897,true
irl_first_division,C0,10a,13366716,level,0.27306882723244796,0.2869158119488938,0.010052535426579653,1.3714898172627286,true
irl_first_division,C0,10a,13366719,supremacy,-1.0400413411307528,-0.20156048267937846,2.0766301229445316,-1.4535884472317055,true
irl_first_division,C0,10a,13366719,level,0.1431418708161862,0.15258374640423222,0.18291686072921778,-0.06982044929402276,true
irl_first_division,C0,10a,13366725,supremacy,-0.8253584894017978,-1.0660000703267687,0.06461490313317436,0.002612740036956218,true
irl_first_division,C0,10a,13366725,level,0.07992288149809465,0.1535418820901598,0.015161360938248462,0.9968281896472806,true
irl_first_division,C0,10a,13366728,supremacy,0.5782453380798819,0.2518650234771359,0.07786095920907453,-0.32658948092492435,true
irl_first_division,C0,10a,13366728,level,0.22133026693866606,0.25435075856807393,0.008390911138352823,1.4063922930730566,true
irl_first_division,C0,10a,13366730,supremacy,-0.03514683790367895,0.07877623467176542,0.18765263902861037,-0.11693828054914834,true
irl_first_division,C0,10a,13366730,level,0.1495257250181054,0.2952733566272664,0.010554103103134656,0.35032565218420997,true
irl_first_division,C0,10a,13366732,supremacy,-0.21125519714085658,-0.42196294512784177,0.14113841897709783,-0.09721588797153724,true
irl_first_division,C0,10a,13366732,level,0.27904861223748517,0.30317543804074376,0.010253860602197356,1.3427273542118496,true
irl_first_division,C0,10a,13366734,supremacy,0.9368245846544433,0.5861219336592104,0.06878721056624901,-0.4745757491184879,true
irl_first_division,C0,10a,13366734,level,0.19624924584103792,0.32299918221715,0.007639712543400593,0.4668094538051162,true
irl_first_division,C0,10a,13366738,supremacy,0.17823987932323893,-0.29391820544730046,0.09425331378036284,-0.9206821042037265,true
irl_first_division,C0,10a,13366738,level,0.16898272938993347,0.23477561332484717,0.008430146179950344,1.2122925177402624,true
irl_first_division,C0,10a,13366740,supremacy,0.49075991632010274,0.6002211771888155,0.06192733173741634,0.37521774696049603,true
irl_first_division,C0,10a,13366740,level,0.10053827379626927,0.1729202160511039,0.007648593338642712,1.1751874385106853,true
irl_first_division,C0,10a,13366744,supremacy,0.027064977506780913,0.22967402471973772,0.0585778566067611,0.14936871899538762,true
irl_first_division,C0,10a,13366744,level,0.16439095358643424,0.17501322209116343,0.007325692689524543,1.5315440936169196,true
irl_first_division,C0,10a,13366746,supremacy,-0.2643607393890862,-0.7807045482537671,0.05706792613560002,-1.8230907043560933,false
irl_first_division,C0,10a,13366746,level,0.16634395198172763,0.11623112704608152,0.00890844709131116,1.300488913454475,true
irl_first_division,C0,10a,13366748,supremacy,-0.37808989598885234,-0.4694435922386613,0.04635494003632835,0.526757821514299,true
irl_first_division,C0,10a,13366748,level,0.1521526257004276,0.22406225061448637,0.0073636684995169715,1.1855446285149325,true
irl_first_division,C0,10a,13366752,supremacy,-0.21265454594182243,-0.11380887781191568,0.050707231616321874,0.4755628985934677,true
irl_first_division,C0,10a,13366752,level,0.25400304609630053,0.24797513016467246,0.007615477926597072,1.517462080824906,true
irl_first_division,C0,10a,13366755,supremacy,0.5918258201620001,0.43576648854771854,0.04760401268563356,0.34767740439701633,true
irl_first_division,C0,10a,13366755,level,0.17411053603890136,0.2281949912113879,0.006868416667136378,1.3585317920796667,true
irl_first_division,C0,10a,13366758,supremacy,0.14621702056872093,-0.22904129756873343,0.05167109339302586,-0.8001560279732587,false
irl_first_division,C0,10a,13366758,level,0.07609071123831071,0.19486271567273175,0.006547710781072254,0.5181507454520506,true
irl_first_division,C0,10a,13366760,supremacy,0.12840074242010402,0.3017754916690495,0.05864001327009731,0.24293103669745486,true
irl_first_division,C0,10a,13366760,level,0.19501242109545935,0.2130805666247772,0.00759466887245875,1.4997232692255529,true
irl_first_division,C0,10a,13366765,supremacy,0.13785274195699895,0.289293880473916,0.046010481476816814,0.37127412419934425,true
irl_first_division,C0,10a,13366765,level,0.17267241623120533,0.16124985644278939,0.006166582729934738,1.614787502623043,true
irl_first_division,C0,10a,13366767,supremacy,-0.8596119421907429,-0.23291270975926903,0.04723767471314201,-3.54984624863091,false
irl_first_division,C0,10a,13366767,level,0.17339788560896977,0.18586506495828153,0.006125428921339773,1.6160273947220172,true
irl_first_division,C0,10a,13366771,supremacy,-0.14750427635576785,0.010864311410234001,0.0564975545259104,0.2958785246601503,true
irl_first_division,C0,10a,13366771,level,0.15988009175210574,0.16756828747955455,0.006188392509380839,1.6188256818324152,true
irl_first_division,C0,10a,13366773,supremacy,-0.5362833972910228,-0.3346717293510413,0.0584092401404606,0.15324970758571843,true
irl_first_division,C0,10a,13366773,level,0.24592530021827355,0.3190456769192556,0.00652184538860991,1.1874619051044113,true
irl_first_division,C0,10a,13366812,supremacy,0.6545156821813888,0.5519107562686119,0.04828705253873069,0.48734501859525237,true
irl_first_division,C0,10a,13366812,level,0.1124604678586843,0.13952885221144343,0.005981864120090696,1.5793297477583434,true
irl_first_division,C0,10a,13366775,supremacy,0.4351134501278019,0.37265333681570534,0.043683798066239475,0.6017970030399047,true
irl_first_division,C0,10a,13366775,level,0.25882323998781465,0.19205441390283673,0.006112306685103779,1.2651066541336506,true
irl_first_division,C0,10a,13366783,supremacy,-0.710779316049772,-0.24026996686756993,0.06267848967518586,-1.3000590628826145,false
irl_first_division,C0,10a,13366783,level,0.13790031874638312,0.10501496685116869,0.006909622592369977,1.4902250529126144,true
irl_first_division,C0,10a,13366786,supremacy,-0.18178158575628856,-0.3095995407922211,0.052406593375680564,0.3995510096057584,true
irl_first_division,C0,10a,13366786,level,0.25461132533756115,0.23042885038724337,0.006050273286738761,1.5865596429404554,true
irl_first_division,C0,10a,13366788,supremacy,0.7546669254963009,0.4365610732838564,0.05405886626893791,-0.39603418771749244,true
irl_first_division,C0,10a,13366788,level,0.21654463093584603,0.1579413941226902,0.006349815908324439,1.3402979330767253,true
irl_first_division,C0,10a,13366790,supremacy,-0.024395558667808404,0.04824834596754321,0.053089866343403416,0.49924603252730015,true
irl_first_division,C0,10a,13366790,level,0.22127843889499363,0.23767468082721732,0.006079920437746431,1.6103347266573986,true
irl_first_division,C0,10a,13366798,supremacy,0.5183809625911844,0.4029099705426857,0.05804606076218764,0.3894674972513643,true
irl_first_division,C0,10a,13366798,level,0.25048181473261655,0.22654854343689948,0.006238061339109038,1.5736925625557394,true
irl_first_division,C0,10a,13366802,supremacy,0.31896366089480277,0.2505592865639036,0.05953079976406172,0.45239187991077345,true
irl_first_division,C0,10a,13366802,level,0.1620415017565876,0.15973770006687715,0.006214606775597492,1.6210608615676612,true
irl_first_division,C0,10a,13366806,supremacy,0.706797574673384,0.7242377103943618,0.05737520889544468,0.5074823440208271,true
irl_first_division,C0,10a,13366806,level,0.24025773914400236,0.2649009376094885,0.006189270641716113,1.574470804172766,true
irl_first_division,C0,10a,13366810,supremacy,-0.3297203782345505,-0.4881894293099217,0.05855794840340371,0.2855068502625637,true
irl_first_division,C0,10a,13366810,level,0.2360250908273759,0.21434462592459969,0.006126768383304251,1.5902456450501807,true
irl_first_division,C0,10a,13366815,supremacy,0.27317025700281256,0.11736487923143105,0.0508907064505027,0.3315945359667405,true
irl_first_division,C0,10a,13366815,level,0.23873400305443096,0.1999483135919508,0.005818525095166578,1.5251449943742377,true
irl_first_division,C0,10a,13366819,supremacy,0.1855280099120336,0.286941222067158,0.06066292546638223,0.3975040013871485,true
irl_first_division,C0,10a,13366819,level,0.26314777085905283,0.2690705118573692,0.006210807617873649,1.6189696192765672,true
irl_first_division,C0,10a,13366825,supremacy,-1.0030438816809777,-0.7453106148615307,0.06053710674624374,-0.06533146494720987,true
irl_first_division,C0,10a,13366825,level,0.2133614084506028,0.18892908287218746,0.006310927268360585,1.5665037541536417,true
irl_first_division,C0,10a,13366827,supremacy,0.7080525881979622,0.6751534253179591,0.04349282768991998,0.6361981716571344,true
irl_first_division,C0,10a,13366827,level,0.28930345444126093,0.21263786807859725,0.00578581704478667,1.1493015455153937,true
irl_first_division,C0,10a,13366829,supremacy,-0.17752877001792264,0.02796241509050265,0.05750638410763402,0.14184382286496722,true
irl_first_division,C0,10a,13366829,level,0.24223390086873525,0.19810400645761594,0.006176866821647423,1.4668931227451811,true
irl_first_division,C0,10a,13366831,supremacy,0.40618562327072705,0.4945620244790988,0.05988816607569064,0.42349153375238413,true
irl_first_division,C0,10a,13366831,level,0.2345571436542036,0.16489574477830388,0.005929250305929507,1.2357723346617586,true
irl_first_division,C0,10a,13366837,supremacy,0.049394626283431026,0.03362085429315781,0.04785847841278368,0.5982155069394023,true
irl_first_division,C0,10a,13366837,level,0.197806776669042,0.17399570234360265,0.005961831224578751,1.5947005054060082,true
irl_first_division,C0,10a,13366839,supremacy,0.0023453039947232968,-0.14830250087733002,0.048037750500552145,0.36272753747756137,true
irl_first_division,C0,10a,13366839,level,0.23859766212475542,0.27497974925279345,0.005899474348652462,1.5353232250139226,true
irl_first_division,C0,10a,13366841,supremacy,0.7169762745883687,0.7831824219470882,0.057339788839873077,0.47221996910563446,true
irl_first_division,C0,10a,13366841,level,0.18060913586799093,0.192897703137479,0.006258461661494016,1.6059075220230712,true
irl_first_division,C0,10a,13366845,supremacy,0.28616797174632613,0.046762112158656416,0.05428107299857326,0.009903325704111898,true
irl_first_division,C0,10a,13366845,level,0.25480954706287273,0.23499701987853672,0.005751815250140848,1.6260585428630412,true
irl_first_division,C0,10a,13366851,supremacy,-0.13356067205479122,0.16534559781235514,0.04689727662431295,-0.34160089422965423,true
irl_first_division,C0,10a,13366851,level,0.2532376720837909,0.20672605653750192,0.00592287474277619,1.4629031093926057,true
irl_first_division,C0,10a,13366853,supremacy,0.2730258144319803,-0.17414166474897452,0.050212507923793205,-1.4143179202560066,false
irl_first_division,C0,10a,13366853,level,0.24849931132254752,0.19087362530471835,0.0060721058641938965,1.3596458391074893,true
irl_first_division,C0,10a,13366855,supremacy,-0.8506239486373433,-0.38436537237290447,0.057965463261786275,-1.370213791365644,false
irl_first_division,C0,10a,13366855,level,0.25873966609831844,0.24490975385761266,0.00621594484028328,1.6059950878887723,true
irl_first_division,C0,10a,13366856,supremacy,1.2068103063972937,1.3584389387604663,0.06788497680133265,0.2566920364332852,true
irl_first_division,C0,10a,13366856,level,0.25482256116873336,0.181016493813623,0.006492163934819971,1.1801095763224085,true
irl_first_division,C0,10a,13366857,supremacy,-0.29562510022302546,-0.3767949506710208,0.0451877576561447,0.5566241292461032,true
irl_first_division,C0,10a,13366857,level,0.17073822593848853,0.1465135736676498,0.005968287858141634,1.592546401620139,true
irl_first_division,C0,10a,13366858,supremacy,0.6703846815339293,0.4715211465771186,0.04502698323328292,0.19216362135412335,true
irl_first_division,C0,10a,13366858,level,0.34421312795469466,0.2862228724155353,0.005930010431023621,1.361379423630915,true
irl_first_division,C0,10a,13366860,supremacy,0.677697885461474,0.3842870895944509,0.055668557685310746,-0.24800490447531431,true
irl_first_division,C0,10a,13366860,level,0.31652621563334243,0.18871572657649238,0.005941965840129883,0.2693301470372629,false
irl_first_division,C0,10a,13366861,supremacy,0.316254126825084,0.7536723472796351,0.05361286757573267,-1.2403656847418656,false
irl_first_division,C0,10a,13366861,level,0.3222614410978791,0.2832051253857634,0.005912934430686878,1.5173799396103416,true
irl_first_division,C0,10a,13366862,supremacy,0.6357589815434224,0.46845388994127896,0.05077125431259146,0.2956160490376474,true
irl_first_division,C0,10a,13366862,level,0.2711611587079097,0.2666528235457464,0.005836501705812144,1.6511321046095038,true
irl_first_division,C0,10a,13366863,supremacy,0.5872603615784642,0.6220685763515619,0.049938845478054626,0.5674085676720781,true
irl_first_division,C0,10a,13366863,level,0.18892075191301022,0.19060410039492515,0.005698474832496881,1.6645911900117456,true
irl_first_division,C0,10a,13366865,supremacy,-0.022424323866246987,-0.1270513040700192,0.06185084552571986,0.3840826457166857,true
irl_first_division,C0,10a,13366865,level,0.27201741870475715,0.23282293605181437,0.006113949937031068,1.504021246742631,true
irl_first_division,C0,10a,13366866,supremacy,0.9309151602810389,1.033954029063651,0.07047750349242538,0.3319703588610875,true
irl_first_division,C0,10a,13366866,level,0.22113775455706547,0.15313082826265162,0.006630409627037363,1.2403383701566884,true
irl_first_division,C0,10a,13366868,supremacy,0.012412127982538712,0.32112512947925015,0.062281952569959075,-0.2959957269096989,true
irl_first_division,C0,10a,13366868,level,0.4171968826799247,0.3049190824914728,0.006184818771665221,0.6047573676584399,true
irl_first_division,C0,10a,13366869,supremacy,-0.9030327800834299,-0.720773422102675,0.05970675083378629,0.21203634460559617,true
irl_first_division,C0,10a,13366869,level,0.26014283041199504,0.2716538189129884,0.00629808616028498,1.604296909405961,true
irl_first_division,C0,10a,13366870,supremacy,0.4128400035018559,0.28063890439383726,0.062254357580672604,0.3289561061049666,true
irl_first_division,C0,10a,13366870,level,0.46092571326991244,0.20650252487370527,0.006075280570706791,-3.694596326283695,false
irl_first_division,C0,10a,13366871,supremacy,0.47286796184035773,1.0554808091565584,0.05737366643632323,-2.447985367275206,false
irl_first_division,C0,10a,13366871,level,0.3319830318788567,0.29164596471413406,0.006309541092647991,1.4849696511646262,true
irl_first_division,C0,10a,13366872,supremacy,-0.17176325269060716,-0.05148604070805063,0.05486547536694987,0.40065988665154784,true
irl_first_division,C0,10a,13366872,level,0.3054129818386726,0.28924839618668424,0.006040147466008641,1.614095137216888,true
irl_first_division,C0,10a,13366873,supremacy,-0.21791120150615545,-0.16574387886846464,0.054823275730359285,0.5080616650419297,true
irl_first_division,C0,10a,13366873,level,0.25085629314885716,0.1956390140643235,0.006111558617452875,1.3804070812609082,true
irl_first_division,C0,10a,13366875,supremacy,0.13121996298715313,0.3099742254421968,0.049240981790162744,0.26211975913804286,true
irl_first_division,C0,10a,13366875,level,0.2879925619883143,0.2321671228241061,0.00584584309462857,1.3855185009368713,true
irl_first_division,C0,10a,13366876,supremacy,0.9140501810666707,0.7385708621139602,0.049707818247585724,0.27211807066024707,true
irl_first_division,C0,10a,13366876,level,0.19195345784099,0.24590669917179142,0.005912228498655603,1.4002470617862983,true
irl_first_division,C0,10a,13366877,supremacy,-0.8347485482319695,-1.011191246770558,0.05357750501731574,0.2538418370266169,true
irl_first_division,C0,10a,13366877,level,0.25492039762818935,0.2595967934460739,0.006165863879161819,1.6236516127927236,true
irl_first_division,C0,10a,13366878,supremacy,0.2153928047645231,-0.12233565160935952,0.05728484891001511,-0.48463463190720124,true
irl_first_division,C0,10a,13366878,level,0.3141935124661337,0.2835371176451714,0.006089193188240987,1.5545106152892096,true
irl_first_division,C0,10a,13366706,supremacy,-0.27398388789105044,-0.31606487396782845,0.04673263735398804,0.5937715353213662,true
irl_first_division,C0,10a,13366706,level,0.3665689405175769,0.31968018471443643,0.005949852413891791,1.4584987597007217,true
irl_first_division,C0,10a,13366709,supremacy,0.18245820186485012,0.39456722467351374,0.04695905968098177,0.13126420716271503,true
irl_first_division,C0,10a,13366709,level,0.20219785748812666,0.24032958749696973,0.006181381362708724,1.5065546382070414,true
irl_first_division,C0,10a,13366711,supremacy,0.4668962899988768,0.8851578285595711,0.05230312171805168,-1.1159815915557472,false
irl_first_division,C0,10a,13366711,level,0.37183708944488786,0.33913196951313795,0.005980086698543856,1.5512893523737823,true
irl_first_division,C0,10a,13366715,supremacy,-0.25853842883763045,-0.4544538883759122,0.05153288921224655,0.19141762606342394,true
irl_first_division,C0,10a,13366715,level,0.27839373433487563,0.19602405575484108,0.0060732404264872515,1.074414379893736,true
irl_first_division,C0,10a,13366718,supremacy,1.1294580211977256,1.0456739631509813,0.03933072483064949,0.6096958363470633,true
irl_first_division,C0,10a,13366718,level,0.3353551398841143,0.27777158205819136,0.005349526458092282,1.3865136211009546,true
irl_first_division,C0,10a,13366720,supremacy,0.1654231100677866,0.1433873818045878,0.041351163822660734,0.6680174849109185,true
irl_first_division,C0,10a,13366720,level,0.38323575487746664,0.2937126461749475,0.005531454456812289,0.9552761270017021,true
irl_first_division,C0,10a,13366722,supremacy,-0.7195802844158068,-0.622583580334526,0.04013982867955643,0.5715597410601712,true
irl_first_division,C0,10a,13366722,level,0.19987534646480998,0.20289277230810004,0.0055406685015176775,1.6780598864687657,true
irl_first_division,C0,10a,13366724,supremacy,0.07558944543856583,0.20359636772721812,0.042830260514883145,0.4650293415547977,true
irl_first_division,C0,10a,13366724,level,0.23755671203542167,0.2917626810799991,0.005521761540572622,1.4145263560735386,true
irl_first_division,C0,10a,13366726,supremacy,-0.4589420216940638,-0.38568840758421574,0.04734766448949134,0.549513446160032,true
irl_first_division,C0,10a,13366726,level,0.4108244989772417,0.27305960559350617,0.005702533598736121,0.0003843904085174543,false
irl_first_division,C0,10a,13366727,supremacy,-0.3151469221320766,-0.3084332704848778,0.043991795240424035,0.6424252438701725,true
irl_first_division,C0,10a,13366727,level,0.4254752690505663,0.3020579979229411,0.005468258742504761,0.29271007715092656,false
irl_first_division,C0,10a,13366729,supremacy,0.5276770265973229,0.5809624547110871,0.04189103254665468,0.6335136600995422,true
irl_first_division,C0,10a,13366729,level,0.21204794912382396,0.2519934001484911,0.005556458002337972,1.533874487321717,true
irl_first_division,C0,10a,13366733,supremacy,0.08823087353241299,0.003301137978742652,0.04453327466275363,0.5558357172232307,true
irl_first_division,C0,10a,13366733,level,0.38139969393297646,0.2563584410674126,0.005494244712386551,0.2602073512355614,false
irl_first_division,C0,10a,13366735,supremacy,-0.14227887405162037,-0.3004762701644661,0.06150439580314361,0.2719325261093781,true
irl_first_division,C0,10a,13366735,level,0.36907486928396194,0.3631469497875448,0.006158145901556677,1.6231980850407473,true
irl_first_division,C0,10a,13366739,supremacy,-0.5738468352310386,-0.7530254899369935,0.057527048161158376,0.2297689199759092,true
irl_first_division,C0,10a,13366739,level,0.2344972548221974,0.29042883065046643,0.0059858863185801555,1.3789271255716595,true
irl_first_division,C0,10a,13366741,supremacy,-0.2971715109036702,-0.1112418457364233,0.05816873491196295,0.2061137156116548,true
irl_first_division,C0,10a,13366741,level,0.2411152854024527,0.17423110812873896,0.005961674538196612,1.2670757667107355,true
irl_first_division,C0,10a,13366743,supremacy,-0.49834069786871005,-0.23464979071104275,0.05897831936110898,-0.09312428034745279,true
irl_first_division,C0,10a,13366743,level,0.3659099948202171,0.38723129078259566,0.006085091331468992,1.5946648417340508,true
irl_first_division,C0,10a,13366745,supremacy,0.21319121659959772,0.28756185521701355,0.0553680209759168,0.47799048109250153,true
irl_first_division,C0,10a,13366745,level,0.3636507114621562,0.4020661565706568,0.005888542098659301,1.5231282797454766,true
irl_first_division,C0,10a,13366747,supremacy,1.0596634939269882,1.1069274541322423,0.0537321443308333,0.5221461970851157,true
irl_first_division,C0,10a,13366747,level,0.2814583781977259,0.3040982517818155,0.005813609054729968,1.6107552224478718,true
irl_first_division,C0,10a,13366749,supremacy,-0.2291105062337627,0.1518926757678024,0.05538668906963973,-0.7826846156032194,true
irl_first_division,C0,10a,13366749,level,0.3160076198158698,0.2884776487053265,0.005881784752165781,1.58458131921904,true
irl_first_division,C0,10a,13366751,supremacy,-0.24829375568013512,-0.40468351110378753,0.06105167712332456,0.2787750544626668,true
irl_first_division,C0,10a,13366751,level,0.24926869203412227,0.19759169913480862,0.006048491737475243,1.414276162990838,true
irl_first_division,C0,10a,13366754,supremacy,-0.4068392837337821,-0.09630424052374645,0.0476296705566427,-0.40909915199943336,true
irl_first_division,C0,10a,13366754,level,0.2775371688291715,0.2608418879622642,0.005894141077380292,1.624314826038713,true
irl_first_division,C0,10a,13366759,supremacy,1.1972677135584595,1.1634914623421915,0.05227409515388951,0.545776587744438,true
irl_first_division,C0,10a,13366759,level,0.3113161816374128,0.30627923182242467,0.005961738607688541,1.6401302232356136,true
irl_first_division,C0,10a,13366761,supremacy,-0.20158120787776573,-0.27075102552230934,0.05507588396409982,0.487147938519797,true
irl_first_division,C0,10a,13366761,level,0.33626096786877624,0.3262947549196246,0.00596217993379318,1.6338913976499696,true
irl_first_division,C0,10a,13366764,supremacy,0.47268116165411594,0.7005033551672651,0.046605720196103206,0.05724719038290926,true
irl_first_division,C0,10a,13366764,level,0.3413985422049129,0.3246109385073546,0.0058785327848436125,1.6253149277417709,true
irl_first_division,C0,10a,13366766,supremacy,-0.22876174802819454,-0.17028363678469632,0.046594616608681826,0.5775004141307241,true
irl_first_division,C0,10a,13366766,level,0.39024002470560515,0.3070950157755462,0.00592112117083834,1.0619106983117563,true
irl_first_division,C0,10a,13366768,supremacy,1.4917826477228546,0.8781375175476567,0.05110182069006155,-3.11638318243506,false
irl_first_division,C0,10a,13366768,level,0.28667155131153566,0.30233753556268106,0.005936608530999006,1.6236997895634986,true
irl_first_division,C0,10a,13366770,supremacy,0.13736253908323562,0.005781957179956221,0.055794251633287946,0.3689492626304689,true
irl_first_division,C0,10a,13366770,level,0.11983206994445082,0.2674309010600032,0.006001805287196444,-0.17599622101016887,false
irl_first_division,C0,10a,13366774,supremacy,-0.26518911892911223,-0.37071811755339035,0.04621250829186362,0.4978229964209848,true
irl_first_division,C0,10a,13366774,level,0.36449523459025823,0.37127110753483356,0.0058914623933659805,1.6442904563927112,true
irl_first_division,C0,10a,13366776,supremacy,0.3111783543662634,0.46524418374808985,0.05954784486933282,0.29224478150124567,true
irl_first_division,C0,10a,13366776,level,0.30507044594751215,0.23655453240324814,0.005951616824287673,1.248724864731554,true
irl_first_division,C0,10a,13366778,supremacy,0.5564003737806291,0.23790630499931384,0.054280645840589156,-0.3965337149644237,true
irl_first_division,C0,10a,13366778,level,0.27130695493428414,0.2784349745167814,0.005867214552935356,1.645919227499621,true
irl_first_division,C0,10a,13366780,supremacy,0.3318903514834087,0.16954718124425586,0.050584122709940144,0.31261057588173924,true
irl_first_division,C0,10a,13366780,level,0.2437950874383121,0.27938993107133153,0.005718489514951151,1.552306375534971,true
irl_first_division,C0,10a,13366782,supremacy,-0.7054902291022229,-0.5722770760175544,0.051400310571285024,0.39249407159613425,true
irl_first_division,C0,10a,13366782,level,0.30254346664263276,0.32745313828664857,0.005859740052897035,1.597941154789353,true
irl_first_division,C0,10a,13366787,supremacy,1.3173960614280602,1.2590518773746258,0.04882358074780639,0.5559717491937497,true
irl_first_division,C0,10a,13366787,level,0.21306204816356558,0.22230406458027285,0.0057979991646939484,1.6488167714052289,true
irl_first_division,C0,10a,13366789,supremacy,0.32924279307369425,0.027006498634615295,0.04999521605671077,-0.33457973939258623,true
irl_first_division,C0,10a,13366789,level,0.2866190128845251,0.29958944728388937,0.005787539507459721,1.6425514860030748,true
irl_first_division,C0,10a,13366791,supremacy,0.13696389415180085,0.3003094314537918,0.05738822651718997,0.277552287689671,true
irl_first_division,C0,10a,13366791,level,0.29777625223498977,0.3211360018289574,0.006023464336354507,1.591811805552003,true
irl_first_division,C0,10a,13366795,supremacy,0.7866260743493181,0.7830176496943531,0.057858580623937075,0.5058257002521183,true
irl_first_division,C0,10a,13366795,level,0.4464212329449808,0.3763655759345035,0.006036293721859366,1.229520126424763,true
irl_first_division,C0,10a,13366797,supremacy,-0.7217523528361116,-0.6000760284241424,0.05738065338704666,0.38107749657089784,true
irl_first_division,C0,10a,13366797,level,0.22400223976216604,0.2561853346624593,0.00595025757012087,1.5561876707010796,true
irl_first_division,C0,10a,13366799,supremacy,-0.4740379341467277,-0.1684989759730747,0.05091676175347358,-0.34688903410404803,true
irl_first_division,C0,10a,13366799,level,0.2688825630078228,0.3022716739385623,0.005732495209004415,1.5646256571221813,true
irl_first_division,C0,10a,13366803,supremacy,-0.06610424853180857,-0.23204104526580638,0.054423300076686956,0.28357203747408866,true
irl_first_division,C0,10a,13366803,level,0.21345373759772804,0.26785965273454204,0.005923960067261151,1.3956033452842196,true
irl_first_division,C0,10a,13366807,supremacy,0.8780695543508803,0.9040063027679258,0.04868053273632682,0.585390014441271,true
irl_first_division,C0,10a,13366807,level,0.22381433382163143,0.34128417544508455,0.005840080488676541,0.4711478519191359,true
irl_first_division,C0,10a,13366809,supremacy,0.7586965883902218,0.7138883964637569,0.05520475824166063,0.5112297397441125,true
irl_first_division,C0,10a,13366809,level,0.43510821754965195,0.34418771727555125,0.005910917795595078,0.9472784969361534,true
irl_first_division,C0,10a,13366814,supremacy,0.8876682340394442,0.8676647114267463,0.04899647483538933,0.5849815652457865,true
irl_first_division,C0,10a,13366814,level,0.21614212037681588,0.25387054164186257,0.005775256876641195,1.534912200643572,true
irl_first_division,C0,10a,13366816,supremacy,0.49429109263349297,0.493882494758517,0.05399140442144311,0.540525131929607,true
irl_first_division,C0,10a,13366816,level,0.3151393172669009,0.3373182697183831,0.005853311517756796,1.609415864012532,true
irl_first_division,C0,10a,13366818,supremacy,0.545931280587895,0.35626807395413396,0.0549560693013345,0.20439124961714294,true
irl_first_division,C0,10a,13366818,level,0.2940019171158676,0.35358702473855763,0.005930984308472239,1.3455357642075851,true
irl_first_division,C0,10a,13366820,supremacy,0.5239450025746795,0.8491481346146224,0.052290993791070405,-0.4547090305931418,true
irl_first_division,C0,10a,13366820,level,0.22238303040718546,0.19495083123971524,0.0058353994626036566,1.5884883927903255,true
irl_first_division,C0,10a,13366824,supremacy,-1.0722262467931671,-1.024831578132683,0.05016759417887538,0.5548669584425802,true
irl_first_division,C0,10a,13366824,level,0.29549782854727824,0.29120567939045405,0.005796268998102393,1.6547427164453832,true
irl_first_division,C0,10a,14505913,supremacy,-0.3456922778321288,-0.1315667599206459,0.05160186665850997,0.11889585273620451,true
irl_first_division,C0,10a,14505913,level,0.21150687233888757,0.27833093263512404,0.0058525975076559305,1.2700028823821738,true
irl_first_division,C0,10a,13366828,supremacy,0.7383961036525577,0.7889649050448942,0.04498622478568501,0.6033388681629659,true
irl_first_division,C0,10a,13366828,level,0.40566818117641457,0.38374034778607374,0.0059227332309582355,1.604948197432627,true
irl_first_division,C0,10a,13366830,supremacy,1.1085559287638553,0.8245195586306279,0.05567297971833382,-0.1993668403354314,true
irl_first_division,C0,10a,13366830,level,0.24296821327355858,0.22043560031206016,0.006059101685588541,1.592261141924916,true
irl_first_division,C0,10a,13366832,supremacy,0.8259605389218718,0.7334061370775741,0.045910759960269346,0.5282962172605377,true
irl_first_division,C0,10a,13366832,level,0.235705096942754,0.25108979756221433,0.005870725911874629,1.629791549699964,true
irl_first_division,C0,10a,13366834,supremacy,0.00937826586152983,0.11874644521543568,0.04870519974647559,0.4692523517119054,true
irl_first_division,C0,10a,13366834,level,0.11900019956193744,0.2621127403241491,0.005856788576610606,-0.09736243378715503,false
irl_first_division,C0,10a,13366836,supremacy,-1.3120064537066196,-1.2760288943454419,0.04763775266711116,0.5895406175977714,true
irl_first_division,C0,10a,13366836,level,0.3414483829252515,0.31746639096612456,0.00570703522278412,1.6137009454601725,true
irl_first_division,C0,10a,13366838,supremacy,1.0199561261366046,0.649542969033202,0.04729351557264471,-0.8438259190980049,false
irl_first_division,C0,10a,13366838,level,0.38497552932283485,0.3839178760944746,0.005833041108813315,1.6530739711940383,true
irl_first_division,C0,10a,13366842,supremacy,0.46020951006326805,0.4693429937009065,0.047893150465454004,0.5995819550217069,true
irl_first_division,C0,10a,13366842,level,0.32285506799190705,0.28454195611574856,0.005555631468901243,1.5454243565253085,true
irl_first_division,C0,10a,13366846,supremacy,1.3286962958668838,1.193887101408115,0.05446350567605504,0.3693324262782842,true
irl_first_division,C0,10a,13366846,level,0.3129902361754479,0.2462063497599799,0.0059039040387634965,1.2694086140956036,true
irl_first_division,C0,10a,13366850,supremacy,0.4011303247430274,-0.007282831824118818,0.045664940132248644,-1.2020870346227122,false
irl_first_division,C0,10a,13366850,level,0.41497620302077864,0.3797356143659745,0.0056728523731197356,1.557633233131544,true
irl_first_division,C0,10a,13366852,supremacy,0.8341958380197668,0.9853993771878373,0.049108083865147346,0.35514981318882355,true
irl_first_division,C0,10a,13366852,level,0.3472194189072206,0.28131291727201446,0.005953778705797592,1.2781436936727046,true
irl_first_division,C0,10a,13366854,supremacy,-0.8604576940991295,-1.069792596244359,0.04618105906904989,0.144205382053177,true
irl_first_division,C0,10a,13366854,level,0.36477226294545795,0.30030359016277997,0.005823768289925934,1.2971336875617712,true
irl_first_division,C0,10a,14795883,supremacy,0.019604730224386968,0.06315385041202903,0.05854109830500562,0.483876341956219,true
irl_first_division,C0,10a,14795883,level,0.2772287383274291,0.16453614057019822,0.005971544391501014,0.5780914935353088,true
irl_first_division,C0,10a,13243122,supremacy,-0.6852367662447562,-0.030158013678622475,0.04753155712873004,-3.9098974560030655,false
irl_first_division,C0,10a,13243122,level,0.4019689789392123,0.3071232473354321,0.005744098972793193,0.877813072709452,true
irl_first_division,C0,10a,13243123,supremacy,-0.4371039401051641,-0.2592709132510585,0.05001040262666422,0.2626435157897369,true
irl_first_division,C0,10a,13243123,level,0.3181612430502928,0.22504611488969115,0.0058786265917923925,0.91182406095878,true
irl_first_division,C0,10a,13243127,supremacy,0.5604695605227524,0.2180627051739315,0.056106890710023075,-0.5235035403110109,true
irl_first_division,C0,10a,13243127,level,0.36331498787300726,0.2979954682084136,0.0058830692461298885,1.2862795898544301,true
