parameters,mean,std,ess_bulk,ess_tail,rhat,5.0%,50.0%,95.0%,family,fold,gate_pass
mu,0.21973129875261385,0.005578308131364868,2369.487405386251,3033.3436546080984,1.0010960156837152,0.21067621617452334,0.2197739051228725,0.22876331749059325,gamma,0,true
gamma,0.1759384964565709,0.007840201399318387,2371.610330506861,2992.6379725967063,1.00115270022971,0.16340300711252448,0.17586946596053002,0.18880153326025823,gamma,0,true
sigma_alpha,0.13421764930755745,0.016911031372915372,574.3012117141006,950.6435733845971,1.0086193499951264,0.10860372143501833,0.13283697604923828,0.16439569909195934,gamma,0,true
sigma_beta,0.14541978774334724,0.0189668230249339,577.8455334742101,1149.9724673454768,1.0103726453032311,0.11842333192325735,0.14345798609516236,0.17948209395668688,gamma,0,true
z_alpha[1],0.3643634911721197,0.32296538343815323,547.0494138389402,1084.9842577409888,1.0138294679272164,-0.16071326237080458,0.3626981648814662,0.9041002162337716,gamma,0,true
z_alpha[2],0.17229610568933298,0.325561443548763,651.5367139629077,1325.6454769800253,1.0018739914867207,-0.35580043698921,0.1686729008063902,0.7191012110538564,gamma,0,true
z_alpha[3],-0.6574119279352995,0.325634723720987,665.1679312100166,1235.3277324371306,1.006531449696994,-1.19231530292225,-0.6544518605280272,-0.12981908523270952,gamma,0,true
z_alpha[4],0.2846851680438202,0.33321112397817687,666.5887558010563,1390.5897436329826,1.002114900776186,-0.26560683226989945,0.28637047829189877,0.8341815998912572,gamma,0,true
z_alpha[5],0.8281866289800075,0.3336741580471666,540.0040687802012,1301.940250911169,1.0141704732593035,0.3026682785738273,0.8269813514775788,1.3856276708525634,gamma,0,true
z_alpha[6],-0.38660264405984823,0.34592116575941884,749.3974457136159,1259.31566480929,1.0004399386893406,-0.9683218457116108,-0.3826276596923628,0.1714344993095311,gamma,0,true
z_alpha[7],0.5720975371350245,0.3390471934495606,635.1032063938843,945.4813521758447,1.0034232143850874,0.03305182062488372,0.5655893948390043,1.1482999378478513,gamma,0,true
z_alpha[8],0.9227145667237963,0.34928065586090123,713.395770861389,1335.389738357035,1.0018252237806864,0.3460096547465068,0.9255026232350319,1.501426967515135,gamma,0,true
z_alpha[9],0.6728337571171267,0.33582368786119327,594.5523644177173,1333.857129138534,1.0124519676837889,0.13272924066621009,0.6627189049247286,1.2285874948477582,gamma,0,true
z_alpha[10],-0.5553357778359949,0.3151878196792543,687.3353325142895,1663.617081087814,1.0024705070838176,-1.0783730218519514,-0.552943371899353,-0.03807882384255575,gamma,0,true
z_alpha[11],-0.1276239299406409,0.31995217143946064,669.0040058846294,1332.7917740957234,1.0071868496945546,-0.6486272814477416,-0.13194910777074975,0.407974013925104,gamma,0,true
z_alpha[12],0.05114154323325232,0.3404249957254358,743.7408449938692,1438.8839444428602,1.0026536121772576,-0.5201540315490667,0.05632448620182719,0.606066259602993,gamma,0,true
z_alpha[13],1.0719798152964901,0.3557450568351867,608.8581931346317,967.7483004078346,1.0062101139910704,0.5178120876289402,1.0641878308648982,1.6871039242056638,gamma,0,true
z_alpha[14],-0.6558188799929646,0.31651793014077617,657.3081794223228,1257.8385867004663,1.0028857935655215,-1.18385242967768,-0.6537898140613284,-0.1478042354832411,gamma,0,true
z_alpha[15],2.604883860263504,0.438198991100296,701.6132641415263,1339.26515832476,1.003362033422214,1.8761658810617845,2.601532331633643,3.327627843405165,gamma,0,true
z_alpha[16],-1.1735171523454795,0.35087639050395575,669.6665117287622,1118.7071775540455,1.0023663892985384,-1.7711201942570312,-1.1630796357319975,-0.625267912833868,gamma,0,true
z_alpha[17],-0.4262202408788359,0.3534610670385598,693.9842149940176,1176.9981402817225,1.004278680678177,-1.006938920833533,-0.41948240752737564,0.13396018870252044,gamma,0,true
z_alpha[18],-0.1381343316138637,0.3335978543249273,627.9436911136124,1000.2394863007955,1.0015428791945773,-0.6903173212680704,-0.14136484470332178,0.4145805728351763,gamma,0,true
z_alpha[19],0.473190358842285,0.34520526021533465,771.6626853505998,1383.634259589089,1.00198783766428,-0.0887522140083137,0.47443351549070706,1.044676057288718,gamma,0,true
z_alpha[20],-0.24672141365631062,0.3438754328425352,690.3756215637416,1190.627513285334,1.0017819504422003,-0.820472997655762,-0.24684329395443444,0.31520595316841926,gamma,0,true
z_alpha[21],-0.7342752189779733,0.3592446349465995,622.9129724522178,1194.8926120182275,1.0065686347344287,-1.341641950692158,-0.7240371023641446,-0.15679435321538865,gamma,0,true
z_alpha[22],0.45992133855823075,0.33536415290799154,622.9796785220333,1299.4876170169036,1.0021244871258512,-0.08794873704674787,0.4514754153182561,1.0243928864373664,gamma,0,true
z_alpha[23],0.5882436385029652,0.32242894817186485,551.8142793455447,1255.6584033260317,1.0144410058393483,0.0755820112968003,0.5788385939204103,1.1147004694049607,gamma,0,true
z_alpha[24],2.633936916927766,0.4613356184627212,580.9704528297673,1013.5726734452744,1.0052267201970333,1.9121030607292961,2.603842173895125,3.4362485807829777,gamma,0,true
z_alpha[25],-0.380798738773051,0.32048351358040283,654.0603835221552,1239.5805926723874,1.0078924249241032,-0.9045927813468319,-0.38060712785722106,0.145831425568287,gamma,0,true
z_alpha[26],-2.1992873284514207,0.3863950330683527,680.8735690412897,1394.7372134625598,1.005193021117525,-2.8311552394926407,-2.198263822546397,-1.567350989188385,gamma,0,true
z_alpha[27],-0.848551555306718,0.3369505675473859,675.4395041289562,1285.8635543572518,1.0071795672839159,-1.4072988531142183,-0.8490315989065051,-0.28819047102576917,gamma,0,true
z_alpha[28],-0.7529560067005217,0.31993571192668535,665.4766867502308,1431.0362750779702,1.0031766335782528,-1.2840478889561613,-0.7537191994736718,-0.22762632479445516,gamma,0,true
z_alpha[29],1.2135448236383801,0.36186982752466995,638.1115495042685,827.3234289594641,1.0063975591723244,0.6505344945480193,1.2105122401245294,1.818379326299662,gamma,0,true
z_alpha[30],-0.4486852318998324,0.32009268861702395,665.1371627664556,1501.9111436899786,1.002657875050873,-0.9700678008463719,-0.44991040453796416,0.07403884354072193,gamma,0,true
z_alpha[31],0.11932572813674905,0.3171591153797469,640.5696174464795,1137.9739603815892,1.0069986561382864,-0.40641126982006354,0.11652999698197639,0.6473825759282305,gamma,0,true
z_alpha[32],0.5093800988343251,0.32721156886729863,641.1110945515377,1293.6526283474175,1.0020589274904625,-0.010385824540100468,0.5009535582878124,1.057056936264711,gamma,0,true
z_alpha[33],-0.08495281290947651,0.3224597278875665,657.6062320591813,1071.9942046572473,1.0091870360164412,-0.6045563251252788,-0.09484305152289542,0.4481281126010193,gamma,0,true
z_alpha[34],-0.4709441494775885,0.3133371873795912,669.512820510918,1256.0330475528092,1.0023618168953827,-0.9848295715775516,-0.47426102406939286,0.045374931729999894,gamma,0,true
z_alpha[35],-0.33851266298875676,0.33160679086234474,691.0822183270051,1314.7006407444032,1.0013501237057283,-0.894002901431704,-0.33894659423996565,0.19962151825787222,gamma,0,true
z_alpha[36],-1.139011698140906,0.3768558253044132,657.9466436933403,1091.6772568256351,1.005969334951137,-1.783283044401469,-1.1360183542212816,-0.537795380073339,gamma,0,true
z_alpha[37],-0.8686678283031516,0.34871893764484574,707.6479065421128,1254.8257991741034,1.0008136331620145,-1.4512610847419833,-0.8589063186282927,-0.3037219849705484,gamma,0,true
z_alpha[38],-0.6555743217080028,0.3592350558906991,618.9515837722396,1187.5594270508518,1.0057856995225039,-1.2509713066403987,-0.6566811216618577,-0.07327575517854015,gamma,0,true
z_beta[1],0.19814210462572932,0.319069584696016,599.9778760706841,1051.6611966408884,1.0062282347822558,-0.3218452750400623,0.18864958640383456,0.7415233885893179,gamma,0,true
z_beta[2],-0.2986781757769576,0.30704110552455444,670.444697292076,1523.2550976834323,1.011539561228459,-0.8033860868503075,-0.2979711939460651,0.2071615802665634,gamma,0,true
z_beta[3],1.0280374369516598,0.34250854974452827,605.9469629875643,1228.6374612171776,1.0054573490936118,0.48290335278681396,1.02038272976401,1.6028036442427156,gamma,0,true
z_beta[4],0.286659771599785,0.31836712635241565,472.7232947058251,1038.423544033041,1.0102258543710116,-0.2399887367304404,0.28859197761945937,0.8082128169401331,gamma,0,true
z_beta[5],-0.7387889710748168,0.32665423997211596,565.7050842702979,1066.2139203462245,1.0074509334699098,-1.2797923362751347,-0.7304702536795263,-0.2122166056775186,gamma,0,true
z_beta[6],0.33447136504928343,0.34625769620717944,612.001523200641,1022.9298469343166,1.004499246167899,-0.2280087335667324,0.33449768937578095,0.9063021015065402,gamma,0,true
z_beta[7],-0.3308515451163363,0.3333042767209472,569.7958886847481,808.7559948287347,1.0077635086552423,-0.8929967465019089,-0.329757463352666,0.21693229511506867,gamma,0,true
z_beta[8],-0.5427831328875404,0.33286296264523585,456.5949161038393,1035.8363256894077,1.007008507373816,-1.097656276275414,-0.542788321897962,-0.002969818949883675,gamma,0,true
z_beta[9],0.0804948864174579,0.32289322249405644,611.6295192085329,1063.6606372662652,1.0059746292329144,-0.4383308829791553,0.07757745253632073,0.6177269882082981,gamma,0,true
z_beta[10],0.4077822674230565,0.30926500834186404,683.7448051604649,1238.8487968310023,1.0102697413088897,-0.09468273792827044,0.4038732360603259,0.9207824130609349,gamma,0,true
z_beta[11],1.397871807048341,0.3624648188388007,650.837226787294,1275.2236195452533,1.0047659644115023,0.8245395424540052,1.3840690354355498,2.0029456854288106,gamma,0,true
z_beta[12],0.4634860302155689,0.3241925030845166,475.59806234862276,1002.8316102149562,1.0090399225102684,-0.06402535112994721,0.4670649354514135,1.0030473276685161,gamma,0,true
z_beta[13],-1.3048917424533362,0.36032245473380536,575.6859900253816,1121.927620051554,1.0099308945698926,-1.901716140823429,-1.2921190302099397,-0.7253056278749535,gamma,0,true
z_beta[14],0.46324203209016784,0.30875965529944366,675.2791663551692,1262.674076288184,1.0111805663167759,-0.041276461349881395,0.4657146595533651,0.9683904079302261,gamma,0,true
z_beta[15],-0.831333914242789,0.34468940778183543,449.1701842494191,923.9105846451553,1.0054985398312348,-1.3927287354671605,-0.826519026723637,-0.26963215369040716,gamma,0,true
z_beta[16],1.4379133320752735,0.38108223630158483,519.1545999019003,988.0956773512908,1.005435944587596,0.8217666281923475,1.426019636512765,2.0788033557151464,gamma,0,true
z_beta[17],1.137131408616544,0.34569846560795003,508.11984813298216,1229.10316983445,1.0120287051869463,0.5845955791241597,1.1364305043955172,1.7100966713858916,gamma,0,true
z_beta[18],0.3212973733681904,0.33683995246131143,543.0197894172185,881.3907278937487,1.0059088236189417,-0.22698229319119922,0.3188577907796557,0.8643695292133667,gamma,0,true
z_beta[19],-0.2120442568613759,0.327244096102425,467.7438000028342,991.0720448528457,1.0082227505495927,-0.731270786091747,-0.20808286109040966,0.32351548605091746,gamma,0,true
z_beta[20],-0.5432077019915899,0.3425952019138427,576.1222684452745,1095.431782392107,1.007511267459499,-1.1169837916391372,-0.5388358110416422,0.001405436328336666,gamma,0,true
z_beta[21],-0.38330519889785547,0.3303034403830061,442.1022698004651,942.0836637294219,1.0078144074286095,-0.9297374133907228,-0.3839301855190033,0.1556839566619744,gamma,0,true
z_beta[22],-0.1899597672004192,0.30929413696461017,711.0525185612679,1651.2603540768384,1.0079977755009275,-0.7067472473086288,-0.18995111669775971,0.32271060456560424,gamma,0,true
z_beta[23],-1.6818010561172996,0.3784964280804281,576.1350548917637,1005.0250863941675,1.0087197116331013,-2.3234390667401272,-1.6717826339540989,-1.0773183683475138,gamma,0,true
z_beta[24],-3.0892901024861295,0.47285671872559676,661.9042807757488,1395.346390894462,1.0059866653880318,-3.871651661897641,-3.0930901152217265,-2.323597629393909,gamma,0,true
z_beta[25],0.6166969903892903,0.3293673914698175,626.3115458895587,1191.3816948146964,1.0056875013762778,0.09566139632490893,0.6086295164139448,1.1770401745182386,gamma,0,true
z_beta[26],1.4798457255383566,0.355636054880262,654.665519603452,1218.2380275150638,1.0138774901915468,0.9001812313793653,1.4775233075802783,2.0590367532729057,gamma,0,true
z_beta[27],0.10596428141997591,0.3235138317436398,597.6056776086207,1114.6650136166675,1.006453737970175,-0.43925381575039846,0.0994830901723476,0.6332807237646865,gamma,0,true
z_beta[28],0.688936234844921,0.3183305361648041,694.220200978435,1249.4775552565768,1.012395398048287,0.15763248353787104,0.6921722119817225,1.2127691166955101,gamma,0,true
z_beta[29],-1.3852617416955075,0.36973383155593537,599.3590223517391,1084.6772492445912,1.0089090903737863,-2.0060429709734846,-1.3775266900531133,-0.7913381724289067,gamma,0,true
z_beta[30],0.2685209400668198,0.3032526008356956,691.739239028783,1479.4984869868038,1.0104196409326136,-0.22738452156268954,0.2635393331385062,0.7837299891916801,gamma,0,true
z_beta[31],-0.4308638429157025,0.3271996423370902,587.9757832716155,1142.075891354663,1.005856914170457,-0.9773417288960596,-0.42686739377816885,0.0981782751543557,gamma,0,true
z_beta[32],-0.4301068962942216,0.30751291854897045,687.4106517343148,1515.1924026361776,1.0067385662825639,-0.9283192882297677,-0.43690739632349007,0.0698904190238364,gamma,0,true
z_beta[33],-0.0765610932072258,0.31881737404286703,618.2793106473422,1140.809647075351,1.0053422394431297,-0.6030578473632339,-0.0784762855272591,0.45109460225571035,gamma,0,true
z_beta[34],-0.8265910887285972,0.32046820152801764,693.9269046201839,1373.9612696946765,1.0064248975045533,-1.3441316268996422,-0.8294728450890968,-0.2875860187403766,gamma,0,true
z_beta[35],0.7271593165474487,0.3436112479875402,537.0158708684729,978.5613432726605,1.0057161560504353,0.17256332798933008,0.7274417191633058,1.3028123051385274,gamma,0,true
z_beta[36],1.433123918135508,0.3547549814243463,524.4234628255696,1077.8386537951683,1.0118477945100508,0.8544561801807707,1.4209852182059608,2.0287500213082357,gamma,0,true
z_beta[37],0.48435985801764114,0.3390304910027772,533.839756403959,884.6282710563132,1.0055445700706085,-0.07889931063743487,0.48086916770443733,1.0467188052880918,gamma,0,true
z_beta[38],0.11707196439523075,0.32540742888089447,484.9892244473142,911.1029417589247,1.007681588669063,-0.4098929186546834,0.10399551797444281,0.6659485610327257,gamma,0,true
noise.nu,61.73231489732313,2.818669144414962,2411.260819079242,2544.255030714837,1.0023223643485288,57.21697431437916,61.7032231154472,66.31013845655198,gamma,0,true
mu,0.21768319212462603,0.006123347872812176,2828.239900065665,2629.5132678102295,1.000483089550368,0.20754403607484087,0.2177662227471028,0.22778394765089136,gamma,1,true
gamma,0.1807816164591632,0.008591281485855364,2697.145405638148,2086.819457066791,1.0002473692738132,0.16644919430921418,0.18082162205904662,0.19482415154030103,gamma,1,true
sigma_alpha,0.13773214498235156,0.017545623503850534,707.0910881851037,1141.9293391062752,1.0057704146779727,0.11122083821666445,0.1361813395413075,0.1681563291826816,gamma,1,true
sigma_beta,0.1457536636828868,0.019075477209660005,686.259243688557,1329.8225046286102,1.00194866789067,0.11803725040703425,0.143429097234345,0.18111025844962308,gamma,1,true
z_alpha[1],0.35372887597908914,0.3371651106892717,794.2992670754107,1531.9680878517802,1.0028026210854613,-0.2049877020838012,0.3551981918515573,0.9137877349101837,gamma,1,true
z_alpha[2],0.14490998365694452,0.321683977338972,1008.7723701559786,1584.7240693304161,1.0029677961352788,-0.37278566752981407,0.13761981719694263,0.6973665257720554,gamma,1,true
z_alpha[3],-0.712770631733932,0.34125638474281617,795.384521535755,1524.414786277646,1.0015670582861917,-1.2771649247337549,-0.7037019434178067,-0.159108664314575,gamma,1,true
z_alpha[4],0.2915018040000926,0.3491380752403933,775.5913070722365,1274.4467937951054,1.0032759211018045,-0.2752186443103521,0.2980262461543863,0.8643159402615823,gamma,1,true
z_alpha[5],0.8005782326542226,0.33900359677435854,822.582485898015,1616.991742041067,1.0029830839154734,0.25359879334303354,0.8021361231204479,1.3634368702555972,gamma,1,true
z_alpha[6],-0.40105162780030446,0.35538971200778013,1003.1494519565913,1548.651273889632,1.0026015784505498,-0.9851431877667596,-0.4047082600883736,0.18608252248807194,gamma,1,true
z_alpha[7],0.5754063196077813,0.349458619069185,896.0914742580923,1737.9047192673777,1.0035537448804734,0.028429001993755667,0.5636813912197832,1.1645627551918842,gamma,1,true
z_alpha[8],0.8718069226345467,0.35741920020768375,728.8611402233414,1317.1589830433368,1.0033654834681665,0.2990537375954109,0.8630882783475097,1.462203217388185,gamma,1,true
z_alpha[9],0.6731102609702282,0.33991943329783386,766.716599667175,1674.488175450129,1.0032253237199262,0.10987247646742598,0.6765985958457774,1.235682517579017,gamma,1,true
z_alpha[10],-0.5948895252022018,0.323078728576173,1000.1717913913697,1600.5856761769219,1.0020435150957046,-1.1209330818705936,-0.5912312911824237,-0.0450525279440378,gamma,1,true
z_alpha[11],-0.21978538305557538,0.3406630194431368,828.6632853976664,1429.8931628374332,1.0005360323588608,-0.7857898773549675,-0.21493176705812442,0.33666349305586446,gamma,1,true
z_alpha[12],0.06332215883146047,0.3452083273179728,738.0052104390351,1125.5785524346063,1.0031172104107022,-0.5024159934737544,0.05752855551664228,0.6346129136586508,gamma,1,true
z_alpha[13],1.0156978163764374,0.36296347211258445,850.7932952529474,1592.9531781840703,1.0024416414055877,0.4320660988267993,1.0130198951087235,1.6019505028174992,gamma,1,true
z_alpha[14],-0.6428391763167882,0.32142291711310306,1017.4167335141335,1827.8296391812462,1.0016005075486278,-1.1672841211824607,-0.6485202074194674,-0.10709283089348579,gamma,1,true
z_alpha[15],2.549271340664126,0.45531476074666316,662.0514687625441,1196.5322328073387,1.003860630131063,1.8097095490412853,2.5426005861517904,3.3139449370860095,gamma,1,true
z_alpha[16],-1.1416206626278456,0.36391708944894396,884.5817684611714,1467.0566067295695,1.0011183056351982,-1.7355584208387358,-1.133290320201478,-0.5405763879506147,gamma,1,true
z_alpha[17],-0.43475067667891426,0.35536428686976324,801.745534360977,1348.9722493312638,1.0025070540751757,-1.0127644570193874,-0.4345329495840462,0.16399311269581388,gamma,1,true
z_alpha[18],-0.1378898488681393,0.35565426477811996,943.4707783494634,1730.7834205868553,1.001343493425544,-0.7195858370032131,-0.13207760083348022,0.4490383022749312,gamma,1,true
z_alpha[19],0.49083503286235136,0.35711793605645986,774.1478141276984,1236.6217114957706,1.0029331627587488,-0.0869702198179382,0.4879834971344905,1.0875234113307533,gamma,1,true
z_alpha[20],-0.24395075185598927,0.35181757181745904,949.4118127467057,1781.1565474325,1.0000373674090586,-0.8227896090744751,-0.24788553848350253,0.32898876468428195,gamma,1,true
z_alpha[21],-0.8113700949676619,0.3649558836213291,848.7584357650101,1190.016063511147,1.0027198841014835,-1.4228048306963155,-0.8038250901486585,-0.22170667059905613,gamma,1,true
z_alpha[22],0.36981275270671277,0.3190220138320906,1020.3578643954759,1698.205231821524,1.0042175512829103,-0.14328066769963152,0.35652517804769346,0.9115971187623619,gamma,1,true
z_alpha[23],0.5900705268216282,0.3371886865304296,796.3500413689903,1576.7119486377285,1.0007299478226404,0.034831700566498196,0.5928013036584402,1.1332355624390047,gamma,1,true
z_alpha[24],2.540763987579433,0.44062472901988153,817.5045909099964,1322.9368482440989,1.0065410255486502,1.8320411375071597,2.5256078436321925,3.2911568989157236,gamma,1,true
z_alpha[25],-0.42694008864520533,0.33474605286148507,824.8289134743544,1553.158464253069,1.000907740399511,-0.987103556428906,-0.4198042449882553,0.11694119325034165,gamma,1,true
z_alpha[26],-2.2279729812020133,0.4066503258163255,909.0476243144988,1452.846723217498,1.0024507905263218,-2.9130707930610185,-2.2145979684128156,-1.5754389024079702,gamma,1,true
z_alpha[27],-0.8236173191255165,0.34470580101534665,770.491863471131,1689.4770045675994,1.0006924111633124,-1.3906582148923676,-0.8124695664461352,-0.2600220324781859,gamma,1,true
z_alpha[28],-0.7435013758798402,0.3280224507076251,1013.7328444058487,1845.7989624140955,1.0010176575002991,-1.2777483264698568,-0.7539856455819582,-0.2022757482215157,gamma,1,true
z_alpha[29],1.2007448898462132,0.37947913512947645,900.7306040102816,1566.4811186249638,1.0030251868733262,0.5936840087637764,1.1918351281823707,1.8362944200395108,gamma,1,true
z_alpha[30],-0.44826272410279466,0.3189120103145205,984.9118820468688,1593.5474053010792,1.003472061322148,-0.9757452485806102,-0.4498557888005659,0.08470685904769795,gamma,1,true
z_alpha[31],0.12063672967104805,0.3369174563576824,854.1115112634386,1580.5892311270077,1.0014044559495836,-0.4396714815477591,0.13058814054715862,0.6684714145873978,gamma,1,true
z_alpha[32],0.44411397574665945,0.3265012340802252,1014.3012881091362,1757.8918569962968,1.003928925224675,-0.07895360475664683,0.4362814956817247,0.9860307399090242,gamma,1,true
z_alpha[33],-0.15310411392039042,0.33298460527771223,797.6075848521131,1449.1808532711404,1.0026955499132344,-0.7048490041961376,-0.14955124584035573,0.3915072364432658,gamma,1,true
z_alpha[34],-0.48330135131810514,0.3229868361584203,1000.1692478942368,1598.4145077031267,1.0022636817510873,-1.01258768405432,-0.4867052341156376,0.046762468763523,gamma,1,true
z_alpha[35],-0.30457078860443293,0.3514002048161294,970.9569641249637,1864.4177375544082,1.0012158329883345,-0.8744244669672858,-0.3149761895213876,0.278596017175387,gamma,1,true
z_alpha[36],-1.18749322213307,0.3739598252297271,884.9644156994436,1383.05109478485,1.0026368480365357,-1.811171794944252,-1.1816332837759846,-0.5764072022621791,gamma,1,true
z_alpha[37],-0.9437645163852146,0.3596319462406068,956.5127690122686,1493.9273713210857,1.0005133462171836,-1.533502032543172,-0.9446730336221688,-0.34668392524171754,gamma,1,true
z_alpha[38],-0.6817251605556544,0.35608780277488095,833.0642951114601,1286.0396694503931,1.001737284446068,-1.2565501347652055,-0.6909530551271663,-0.08777168948302577,gamma,1,true
z_beta[1],0.18922850221855836,0.33236799852686866,903.5212869728249,1842.5289942453987,1.0053710818696486,-0.3530620761874537,0.1912729203002116,0.7390514333716216,gamma,1,true
z_beta[2],-0.30101323378353984,0.3238900690037263,692.1134517848652,1655.9038909963858,1.002112706596601,-0.8321659475225736,-0.3061718207219803,0.24529381996820362,gamma,1,true
z_beta[3],1.012680815324767,0.34249720929277816,831.0594927159298,1615.0395641081695,1.0027907414327188,0.46238213851041077,1.0021344300526014,1.592838252843896,gamma,1,true
z_beta[4],0.25455967531205487,0.316491033014208,1019.8681490354595,1616.1943771527285,1.001616396394472,-0.26481797030297377,0.2554645188506302,0.7664730418875612,gamma,1,true
z_beta[5],-0.901895170214696,0.34349281242898194,945.4661773486172,1503.3101229713484,1.0055863730511563,-1.4661349756908357,-0.9033003650517373,-0.3389511133182331,gamma,1,true
z_beta[6],0.3384445768867069,0.33972369146781256,987.776003499036,1755.131466896236,1.0043805169552082,-0.2030328763790166,0.3342806034254469,0.9063489706881264,gamma,1,true
z_beta[7],-0.38187912625697673,0.33090811208871274,846.2724730472663,1570.2222806784216,1.004937976894654,-0.9199899240021469,-0.37943618135770946,0.14897504132218442,gamma,1,true
z_beta[8],-0.5589558497255452,0.33181587659432726,972.0774987257553,1589.8833105061672,1.0032743240515396,-1.0951170902496756,-0.5629414444650058,-0.013560041401860812,gamma,1,true
z_beta[9],0.05888677106921971,0.32413409220018347,897.4734287766564,1510.5373428682012,1.0064739540700387,-0.4760742535035129,0.05932448762716076,0.5794724252994714,gamma,1,true
z_beta[10],0.43034539014546386,0.3197043437063746,636.5445589983236,1364.8218321436673,1.0040713467388491,-0.07984248535216289,0.4165469712771849,0.9661164362414987,gamma,1,true
z_beta[11],1.3800067337753488,0.3631645873143236,821.8706392570613,1534.5824549196527,1.0041130806577796,0.7947730562107586,1.3740043260807298,1.9873525209854368,gamma,1,true
z_beta[12],0.460878890698644,0.31908026869867034,975.1812729026117,1720.7781494528979,1.00153339298097,-0.04628886356235547,0.4530942340245163,1.0076962105983884,gamma,1,true
z_beta[13],-1.3460927769083961,0.36405415710944217,768.1205208746018,1356.0776646389672,1.0060191929850784,-1.9409099214204373,-1.338774756377093,-0.754018483268102,gamma,1,true
z_beta[14],0.46779273796084914,0.3263275876867687,661.1180068870447,1228.5397699131213,1.0032233720536465,-0.0555002250506869,0.46983204905691534,1.0157824684246446,gamma,1,true
z_beta[15],-0.848707677621622,0.34145497570808764,919.9333249098562,1826.976589338006,1.0033306451599644,-1.415516071871171,-0.8495761242022097,-0.2933006563386119,gamma,1,true
z_beta[16],1.438841871898666,0.367427130605158,986.565063611914,1771.1767691164737,1.003644083722424,0.8571318450026337,1.4353593223234768,2.04760724730481,gamma,1,true
z_beta[17],1.1149366595616943,0.3378090319089768,942.0483493804408,1800.4052487671956,1.0015179079817527,0.5797217268241772,1.1008353366560155,1.6846855766635411,gamma,1,true
z_beta[18],0.28928366738661154,0.334759120988976,909.9668773726519,1424.617152833894,1.0042966484658686,-0.2563112522770188,0.28272753884182555,0.8542454456444855,gamma,1,true
z_beta[19],-0.26327733091468347,0.3333492262282187,1033.6818241134977,1707.7414905251508,1.0016476442945976,-0.8263733704319334,-0.2585847902625582,0.2797915129637997,gamma,1,true
z_beta[20],-0.5774385803027127,0.34043276429626984,931.142441649246,1590.2992279244945,1.0054515774011175,-1.155441472106967,-0.5689962298948894,-0.026619294303755238,gamma,1,true
z_beta[21],-0.31116202599211645,0.3302379402240235,980.5302709707398,1753.2364479143428,1.0031049823587839,-0.860196843975088,-0.30862008083656556,0.22347111558120472,gamma,1,true
z_beta[22],-0.14708208633103717,0.317718762674513,696.6876034551617,1347.086635850498,1.0024904693823131,-0.6793208353651817,-0.14333138544173119,0.3688537982951617,gamma,1,true
z_beta[23],-1.6613426688596882,0.3821846174969993,982.1535233895471,1550.2675313535847,1.0051522931329187,-2.308853677537978,-1.6540395977101796,-1.0459579748248318,gamma,1,true
z_beta[24],-3.070948375363751,0.4672534460907492,734.8354450680611,1472.0152386403079,1.0023462761994404,-3.845943362372442,-3.063168104226977,-2.3132713731377352,gamma,1,true
z_beta[25],0.593993176354144,0.33482532581837876,907.1175889113152,1494.2002181302623,1.0040493022736119,0.04652680354816488,0.5913403636309722,1.1434643487088063,gamma,1,true
z_beta[26],1.449186462374317,0.3704398360261963,635.959422689692,1229.204594385624,1.003913786493335,0.8648703836595085,1.4389451222341019,2.082775736152437,gamma,1,true
z_beta[27],0.12617234499515004,0.33753811724854427,955.7227087527251,1534.146889762257,1.003893743726571,-0.43130148028317383,0.12573892861829777,0.6782879043780492,gamma,1,true
z_beta[28],0.7266650006275984,0.3360151189840309,684.6450235372462,1176.9211481895763,1.0033580892898541,0.18767389021667957,0.719538371209422,1.3031688557905916,gamma,1,true
z_beta[29],-1.430862276275856,0.37233716283901014,821.6610279435673,1399.057747890575,1.0047540416166445,-2.0652824198957105,-1.4127650640637377,-0.8443225810541314,gamma,1,true
z_beta[30],0.2514445832835256,0.3205225407796685,691.5064401173681,1191.7286695154917,1.0033120452896125,-0.27259089423062294,0.2487057903802939,0.7827193283724571,gamma,1,true
z_beta[31],-0.4552030431660728,0.3351457390254696,1018.7351287777442,1689.350677725511,1.0026931639306298,-1.0011151785935155,-0.4589339619199098,0.09762639337452103,gamma,1,true
z_beta[32],-0.3863918478892305,0.31853244391530966,678.2049111769009,1454.2355972854768,1.004686569501976,-0.8929101419338593,-0.3892128918908943,0.16143290429692506,gamma,1,true
z_beta[33],0.02226361730779023,0.33146085230018035,946.8046672919734,1841.720474348124,1.005797849894212,-0.5291562335195867,0.023275151038717204,0.5705322495895409,gamma,1,true
z_beta[34],-0.7955552634016609,0.3288437629739808,741.5294632539427,1500.9165738631384,1.0026859456116597,-1.3442077282552116,-0.7943336049317382,-0.24636639599730328,gamma,1,true
z_beta[35],0.681764746960634,0.3384146147482225,974.3133286952689,1830.7285122473095,1.0046646291266463,0.13553397025961633,0.6795519717904652,1.2442779304009817,gamma,1,true
z_beta[36],1.401694547889007,0.3568653506165912,964.0475255684895,1764.379518357777,1.0020506767748265,0.8412028709690582,1.3850255918945389,2.0145212749814343,gamma,1,true
z_beta[37],0.4993092793534039,0.33356214995777334,1007.2924258533528,1679.244101560998,1.0045659626201366,-0.042239747405543225,0.49481972162917554,1.059760334489995,gamma,1,true
z_beta[38],0.11432538432512813,0.31728426789848396,975.8070803414524,1355.2373798777076,1.0021068342228738,-0.39717473493083827,0.10850284887524683,0.6450655813419619,gamma,1,true
noise.nu,59.685609484918395,2.8996029972962782,3416.8118139640474,3096.529540064259,1.0003974617871867,55.06115687300848,59.62407042424648,64.6220619772617,gamma,1,true
mu,0.2241084950056863,0.00584624980135712,2604.212774789493,3197.454303743809,0.9999179790403006,0.21454409527544321,0.2240911816903367,0.2337666606324739,gamma,2,true
gamma,0.17102438372656575,0.008305538479605789,2586.9859887710695,3015.015590050394,0.999690256856929,0.1572845637271653,0.1710883617876849,0.18456912458862174,gamma,2,true
sigma_alpha,0.13639337063148502,0.017925886632938644,659.6946553405492,1347.592347847559,1.0052647315632584,0.11033760085704034,0.1345251924994986,0.16854182585274224,gamma,2,true
sigma_beta,0.14569160520398877,0.01911972506712555,512.1603770954079,692.5840225946342,1.0103254357424993,0.11761371902123005,0.14398011523952597,0.1801291121873324,gamma,2,true
z_alpha[1],0.44391980827001776,0.34027664034627936,652.2265610334314,1329.3432713797963,1.0066969068139773,-0.10757450361092925,0.4454738131885109,0.9972947299895869,gamma,2,true
z_alpha[2],0.14019167198097532,0.3272074906466643,580.2804806484318,1300.5484640859147,1.0008674181537698,-0.3829480000188583,0.14009321371009179,0.6845180120009924,gamma,2,true
z_alpha[3],-0.7623655188956222,0.3507850957778561,554.4356630107227,1424.3331122180307,1.0073279709065794,-1.3377094973851464,-0.7541832312270647,-0.19407773637714335,gamma,2,true
z_alpha[4],0.2772031863236222,0.33857554970062226,707.2206968080143,1388.6757701162949,1.0040147627307756,-0.2810623634406965,0.27985165683356383,0.8272405175656117,gamma,2,true
z_alpha[5],0.7769990830856762,0.3380513437596652,561.8574165728115,1387.5119608036614,1.008295137489793,0.22571276826364575,0.7756443014649506,1.3349082820540334,gamma,2,true
z_alpha[6],-0.4701052851647205,0.355262477122587,909.816423790314,1534.1324110696657,1.002264441687488,-1.0573989025729893,-0.46124361343145215,0.1016846616537644,gamma,2,true
z_alpha[7],0.47849950807473635,0.33960799135741226,788.2684428228443,1428.3087973207612,1.0023389562224725,-0.08097246171957986,0.47944840946998424,1.0418056040838455,gamma,2,true
z_alpha[8],0.9923100925157351,0.35880402609004036,717.6332164042856,1261.4510854969344,1.0022905030503744,0.42036135496326865,0.9883711918451064,1.6013188142967432,gamma,2,true
z_alpha[9],0.6995221144685851,0.35037996065429555,624.1690929433162,1279.2050997425754,1.00939600478337,0.15027698243246015,0.693741957119377,1.3081074999271354,gamma,2,true
z_alpha[10],-0.5391709522564231,0.3256080589702451,682.9365904682959,1362.542011461954,1.002340342486812,-1.0634196749097908,-0.5464020472962237,0.007909699664692547,gamma,2,true
z_alpha[11],-0.07139667522003255,0.34251760442462675,590.6296436559543,1621.2982180860272,1.0074865332968677,-0.6214258552575425,-0.06936305232393972,0.49179987704789135,gamma,2,true
z_alpha[12],0.021298739868576527,0.3413896300621824,698.2391452026521,1346.4981575462136,1.0037394235320705,-0.5528491333782466,0.01765627218017543,0.5746788987644263,gamma,2,true
z_alpha[13],1.1033520382475925,0.368226379127858,975.9131840979243,1906.9223011667905,1.001875696197246,0.5258209064025743,1.0945591107062285,1.7306047216426,gamma,2,true
z_alpha[14],-0.5957826167827196,0.33047575881112656,565.4494216574882,1349.499594800799,1.0024732228033773,-1.1330444662806627,-0.6026253161560418,-0.05216136020809816,gamma,2,true
z_alpha[15],2.5537786807615683,0.4440193269093421,772.2108562498756,1360.7802774658876,1.002862731128472,1.8532607571156516,2.5402330228537178,3.3051487875985748,gamma,2,true
z_alpha[16],-1.1600962020622032,0.3635546612778878,665.9378389060502,1351.9354136872382,1.0016348988577537,-1.7742370642085876,-1.1594662112646463,-0.5605749986500065,gamma,2,true
z_alpha[17],-0.3859066058064921,0.3478101592786368,645.2540310963172,1170.8390712279781,1.0052306272622136,-0.9743020740017612,-0.37552115058757807,0.16255916821369448,gamma,2,true
z_alpha[18],-0.1528649170269093,0.35690866549942996,862.0298033788254,1376.780133931342,1.0015650541713152,-0.7316823253911515,-0.15352440668734674,0.42779147524850003,gamma,2,true
z_alpha[19],0.4261294180846134,0.3447634573183189,682.6757980726811,1500.1863095645137,1.002969411650308,-0.15019408420920521,0.4227974377592286,0.993907601552105,gamma,2,true
z_alpha[20],-0.31517758124227885,0.3528289596432668,837.398956255269,1467.250977650996,1.0008498157601209,-0.8883698433400588,-0.31912044265237033,0.2665242937060867,gamma,2,true
z_alpha[21],-0.7140219913647718,0.36158929069132906,636.2865827128918,1266.038418712061,1.0079047457805563,-1.3021461463305055,-0.71247042218641,-0.13003092313531556,gamma,2,true
z_alpha[22],0.3530916434911947,0.3403125458448023,613.9856756846089,1667.4077636180293,1.0013305271321962,-0.19471215303608352,0.3476631776200475,0.9306497426857515,gamma,2,true
z_alpha[23],0.5979994987060331,0.336334631756907,603.0830071003194,1163.2850602844835,1.0064315590661586,0.0537644039461829,0.5931539506110587,1.1608301736392774,gamma,2,true
z_alpha[24],2.5817932529616248,0.45766938877866153,626.0227929719867,1385.0210696537354,1.0025972919712005,1.8473749368135377,2.573851715294425,3.341530518412238,gamma,2,true
z_alpha[25],-0.35536948960641807,0.3349509304103916,579.304477652886,1431.6989769264508,1.0071962427569772,-0.8944691234965585,-0.3576582509213341,0.195546993679377,gamma,2,true
z_alpha[26],-2.2012308894649633,0.40743503169547424,592.1371500901488,1581.4301856695329,1.005296131119701,-2.8808531828926958,-2.198109020128169,-1.5349152272725102,gamma,2,true
z_alpha[27],-0.8538960866233822,0.3590493394034578,584.7255563058488,1531.7551339040517,1.007064280987768,-1.4484776025525261,-0.855344611525529,-0.2697709746032539,gamma,2,true
z_alpha[28],-0.7457716137517502,0.3352380056487031,601.3092249467059,1377.2041245114958,1.0026222307369674,-1.295809841602133,-0.7435372498340671,-0.19556505131870533,gamma,2,true
z_alpha[29],1.2257971195765685,0.37470455604063146,892.9491723836885,1638.6809035192264,1.0028350074271808,0.6479840604872459,1.2142356804888592,1.8593627773635257,gamma,2,true
z_alpha[30],-0.39562539348935855,0.33320670562875065,624.9570607179022,1334.711234420523,1.0018271568322188,-0.9311124069048018,-0.39930578364841596,0.16744707697506853,gamma,2,true
z_alpha[31],0.06459168193744408,0.3334274152210663,551.5972120031122,1216.0057092419515,1.0068472279864387,-0.48166995812488733,0.07109732750307476,0.614177086626006,gamma,2,true
z_alpha[32],0.4761197003848681,0.3341718215534199,528.9003183127545,1363.045038981831,1.0015922924158798,-0.042168003509869934,0.47023985023094284,1.0497479941133867,gamma,2,true
z_alpha[33],-0.0740814091643533,0.3352181938191634,558.5374679311219,1424.4463030596337,1.0076464945702868,-0.6196339361907135,-0.08402432896733,0.4862861165240235,gamma,2,true
z_alpha[34],-0.48216279463515777,0.3295848510929901,560.9396000656845,1193.9043610833853,1.0018574812913381,-1.0072632497692675,-0.4847575599107346,0.05859834465822077,gamma,2,true
z_alpha[35],-0.38062425497589064,0.33758597881386726,685.7912839009801,1569.7864614102602,1.0015888025795852,-0.9405705426976426,-0.3765279114712038,0.16487854375111083,gamma,2,true
z_alpha[36],-1.1030385191873566,0.37697566123086945,645.3286034394697,1086.4361353815239,1.0079671497418827,-1.748721403704578,-1.096740360272911,-0.49875490059502536,gamma,2,true
z_alpha[37],-0.9163878711177241,0.35251962714082224,743.0132530676332,1482.5402047594775,1.0024631458977427,-1.5003276211894414,-0.9128142386297176,-0.3608929980054231,gamma,2,true
z_alpha[38],-0.705299315500874,0.36382011787697693,645.478979172111,1065.7961767630218,1.0076736842787724,-1.307877473134799,-0.6939362632890471,-0.1228028189197612,gamma,2,true
z_beta[1],0.20193087680832023,0.32895108820790103,667.4902048010348,973.4810470701403,1.0018939458806706,-0.3262389971403847,0.19894261183446532,0.7555548490662505,gamma,2,true
z_beta[2],-0.29158050449255013,0.3152222580102513,734.3530080157127,1069.5776686342263,1.0035924818575221,-0.8148533932435807,-0.29081736377269923,0.22536605441312,gamma,2,true
z_beta[3],1.0998903900332053,0.3395301268953751,676.3336523870546,1244.9711781379247,1.0023160232566128,0.5544814771414439,1.0870678943766099,1.671758772541329,gamma,2,true
z_beta[4],0.22015929726526928,0.331003370999159,632.3910091015641,1288.897737408599,1.0048125896243179,-0.3233550625128315,0.21878890934688414,0.7671811573828866,gamma,2,true
z_beta[5],-0.765868566846813,0.3421467428623631,599.7553121567743,1047.6880761802902,1.0041691002140154,-1.354752693965471,-0.7532732758737892,-0.2250047810230753,gamma,2,true
z_beta[6],0.2826480892845781,0.3476310924995151,807.9113496545601,1564.7512841097302,1.0026931793907061,-0.2844450765806717,0.2804738648515105,0.8522221141249241,gamma,2,true
z_beta[7],-0.2331474653050311,0.3440591099118687,763.5649350969953,1421.322724793155,1.003663527566271,-0.8042706329700401,-0.2306270325540955,0.32958428117086236,gamma,2,true
z_beta[8],-0.588790766540653,0.3465748636601639,588.3319039332346,1061.7150866683517,1.0043148032165068,-1.1550757818558233,-0.5907034031995312,-0.030535861342176413,gamma,2,true
z_beta[9],0.031128909906279992,0.3343092862592653,668.6685573715188,1312.7283964500293,1.0027228114956537,-0.5351889108879395,0.040655274023784584,0.5771234958148188,gamma,2,true
z_beta[10],0.4157313274981269,0.31732247931985547,634.8901459075948,1120.5674672250593,1.0070647104112922,-0.0881221356581525,0.4101666055612498,0.9410209502586732,gamma,2,true
z_beta[11],1.3216643048145351,0.35185504243238486,729.0030838806582,1284.2836720944488,1.0019673589817437,0.7595829956512835,1.3037054577054268,1.908136739878573,gamma,2,true
z_beta[12],0.48288305965684764,0.33301106038425965,639.5223547004875,1460.1167496484402,1.004018253761805,-0.05831804019604718,0.47505146005672677,1.0313241093260421,gamma,2,true
z_beta[13],-1.2940956819586926,0.38534619690077554,726.2129392955576,1475.9103786996748,1.0056663609526866,-1.9426644493190612,-1.2798389654718272,-0.6840199416027528,gamma,2,true
z_beta[14],0.4137453029114538,0.31963869094486697,707.2050084334992,1188.934603021762,1.0059399381128942,-0.09425678719625522,0.4112813031223131,0.9379004261742722,gamma,2,true
z_beta[15],-0.8482375956455566,0.3517214931943939,570.0109541323847,1214.697371613362,1.0070958475945262,-1.4244569586118914,-0.8469623688567371,-0.276808935184468,gamma,2,true
z_beta[16],1.364099684224489,0.36704676033723665,718.3111821931134,925.7467630135553,1.0034392201462157,0.7663861332388897,1.358470382282417,1.9921601680769419,gamma,2,true
z_beta[17],1.1417774276653074,0.35405648536529793,638.4989652608008,1330.8543546472688,1.0057533111306252,0.5731055534584819,1.1397938829569934,1.740870105330494,gamma,2,true
z_beta[18],0.29588307927163415,0.34773214117531653,858.4131117200519,1455.3694400626864,1.0022289450578186,-0.28104926597205027,0.29068806514391937,0.8738467820662107,gamma,2,true
z_beta[19],-0.19583850412575876,0.3380193431588934,669.9453877157841,1377.863875848465,1.0041708582126858,-0.7499210199612306,-0.19820992926082492,0.37695845476506146,gamma,2,true
z_beta[20],-0.4751964473793181,0.3540779858744485,747.6666820775855,1406.8049266349672,1.0062747681507132,-1.07693067028953,-0.4722421955310564,0.09367696269718415,gamma,2,true
z_beta[21],-0.3543206316027678,0.33729437597487505,602.4527651160997,1320.3473188652529,1.004263426785645,-0.9035392905734607,-0.36421347561902007,0.20193482715587513,gamma,2,true
z_beta[22],-0.1297682075214017,0.31923491774180257,706.1828201918154,995.7788339001859,1.0060353430428302,-0.6537368734382797,-0.12744498318705852,0.39328666366742787,gamma,2,true
z_beta[23],-1.7325604896929334,0.4043079739148398,542.348865125828,902.8426079629471,1.0071971228670153,-2.429924784624024,-1.71873851177172,-1.0996010961960758,gamma,2,true
z_beta[24],-3.073500072543318,0.4651067243168767,571.0785835221261,898.5945184842719,1.00583941740658,-3.873120992070143,-3.0593651910543174,-2.328923811986068,gamma,2,true
z_beta[25],0.6048506575547467,0.32659347481489887,708.4005658016359,1404.7136953057106,1.0014813759492842,0.0873700185005038,0.5973268618491842,1.144387719534687,gamma,2,true
z_beta[26],1.5262488356330255,0.37181879241294075,674.0453332808527,1041.255996703135,1.0075345424345492,0.9466437121697848,1.5090001847594696,2.1419463605055986,gamma,2,true
z_beta[27],0.04846354049151599,0.3242066872168854,636.1734691228753,1157.2615142743334,1.0029879202430987,-0.48331254655773337,0.04830966455726119,0.5692065246845246,gamma,2,true
z_beta[28],0.6715929927040919,0.33249361154857743,699.8335972858874,1194.9408819155785,1.0061625739855022,0.1371524360291994,0.6634901375188262,1.2341018701777609,gamma,2,true
z_beta[29],-1.4715446165327053,0.389003229943064,669.639504892823,1269.2873516836262,1.007338467730287,-2.1318665034594018,-1.45913212828681,-0.8444021819136723,gamma,2,true
z_beta[30],0.26517041315684226,0.3149014791744914,720.7658062134071,950.3267373180038,1.0049277394466443,-0.24583015470395073,0.2579417791722417,0.7906323652648559,gamma,2,true
z_beta[31],-0.4990268463024431,0.33897558240982406,604.9091921618801,1130.5599327268726,1.004319580601298,-1.0768162790923717,-0.48989877913220936,0.03887209638428982,gamma,2,true
z_beta[32],-0.3779561281554435,0.30634828453340074,759.7262745529407,1098.8762206529684,1.0042935030785842,-0.88162072807555,-0.3709100784513095,0.11944986355558283,gamma,2,true
z_beta[33],-0.1504565987064247,0.32795905321455343,643.1639648708531,1028.0148330136071,1.0026144753900166,-0.7024091832135926,-0.1430786446523255,0.3962892373148548,gamma,2,true
z_beta[34],-0.7976740051279942,0.3237440381286895,723.8268879242313,1087.1665559652042,1.003554716956133,-1.342733312562784,-0.7918005864422258,-0.2892441431225813,gamma,2,true
z_beta[35],0.7209917697969259,0.3395678417987263,802.3085436521358,1224.5883407886595,1.0026969619949766,0.1635756327076299,0.7170114343554891,1.283756049033261,gamma,2,true
z_beta[36],1.4076136952796212,0.37219027656355397,627.4381167334845,1083.3425688652512,1.0070096650236544,0.8008111804307557,1.399884347509307,2.0428620303171994,gamma,2,true
z_beta[37],0.42819587279209975,0.3339844116887711,776.8631952859045,1306.4976541084518,1.0011617237910828,-0.11173607168607902,0.42549181029472694,0.9878921170777,gamma,2,true
z_beta[38],0.10835420351561928,0.3400849158187331,672.6015804237412,1590.6940357209933,1.0034041517340688,-0.4413520918228005,0.10917462298837849,0.671147142102417,gamma,2,true
noise.nu,60.81249641697272,2.8769270517116174,2960.00320100711,2658.1919397134684,1.0003008321935727,56.12769474771055,60.80937784711721,65.69513714885858,gamma,2,true
mu,0.21884640057213983,0.0061893886476089965,2482.748551293565,2547.184133437627,1.0015933926365506,0.20871684697323767,0.2189144497314488,0.22885591276095943,gamma,3,true
gamma,0.1760096006078061,0.008616276977282306,2416.951244224006,2403.387899706573,1.0014565778853066,0.16238369124590746,0.1759144550002224,0.19066706178107254,gamma,3,true
sigma_alpha,0.13566669848707266,0.01774856075718376,594.543408917408,1278.2584675905503,1.004609038087459,0.10971202988954322,0.13400383081908512,0.16827757576651478,gamma,3,true
sigma_beta,0.14453753901117536,0.01910442152941512,568.529321298469,1304.4844844709044,1.004385209803967,0.11723436492408391,0.14256249145686442,0.17873981631007305,gamma,3,true
z_alpha[1],0.3422874738493976,0.32678062551127623,519.2492383557176,1130.2327973246097,1.002628283449196,-0.1892628853751045,0.33825120289521815,0.8898518029101983,gamma,3,true
z_alpha[2],0.1487784474170627,0.33904275619554364,605.2620209836484,1136.901930982405,1.007001844974149,-0.39084032970133437,0.14239951693971403,0.7030315065177835,gamma,3,true
z_alpha[3],-0.6860911370948058,0.33017054420250225,550.1767006131652,1169.0246165719668,1.0013271950673701,-1.2489182171429412,-0.6778800044249427,-0.15033067283412352,gamma,3,true
z_alpha[4],0.27094735087813154,0.33164979249449805,754.015961639695,1338.6196516042096,1.003704066705518,-0.27686499784319196,0.26622611084394066,0.8140478154237812,gamma,3,true
z_alpha[5],0.8213327221121453,0.34877231707537637,518.3251884408755,868.4372737977752,1.0030461188606754,0.26402863030174395,0.8170490526073972,1.395780633137581,gamma,3,true
z_alpha[6],-0.22541070677037314,0.37481128719865286,674.1989121541653,1173.6916005023356,1.001697086628963,-0.8300164787299942,-0.21362810522864772,0.384623175226332,gamma,3,true
z_alpha[7],0.44372703711261385,0.3624709493394667,678.1955221828177,1294.0857111440405,1.0031968763649621,-0.15547150109385394,0.44860320017319577,1.0537049200544248,gamma,3,true
z_alpha[8],0.8972829478425712,0.3443981912816789,724.9106224523059,1387.4738977077966,1.0031750117287426,0.33946289634217924,0.8879039677439489,1.481573633302101,gamma,3,true
z_alpha[9],0.6353670655956987,0.3507165413816353,544.9717549241302,1053.4521920388838,1.0029954115879387,0.04925062728691068,0.6324512173230514,1.2101728584699836,gamma,3,true
z_alpha[10],-0.5404490547110732,0.34396561213001337,637.4107911033209,1236.8591889067416,1.0077069114331858,-1.1041987677875418,-0.5367679054375933,0.01574842845152979,gamma,3,true
z_alpha[11],-0.16269180591622034,0.3427996109585586,567.0682978243772,1180.0661677131286,1.0014170688013122,-0.7219330676757538,-0.16509354698927606,0.41523950698166295,gamma,3,true
z_alpha[12],0.08514806902254071,0.33339422969705207,767.9428332934722,1417.9460489205512,1.0027969658675069,-0.4726578625235984,0.08702726246239963,0.6311639602312152,gamma,3,true
z_alpha[13],1.1000484033588178,0.37631288644070593,619.8375349400475,1238.5923531094868,1.003519982241677,0.48820183838719616,1.0966864617322096,1.7235197431618259,gamma,3,true
z_alpha[14],-0.6140110497756585,0.3417632162146652,604.5727975647861,1265.5237987985345,1.0068226968470362,-1.188688551877008,-0.6050335351590954,-0.049579834194062665,gamma,3,true
z_alpha[15],2.653697554064069,0.44484068921159303,701.6593255408329,1363.5764799495046,1.0017688724517622,1.9544400985972366,2.64176143090779,3.416566242767367,gamma,3,true
z_alpha[16],-1.1357193728085604,0.35897684437013,626.32562164441,1202.9469094672631,1.0009180382534153,-1.7425343785662104,-1.1201065828395715,-0.5616198820561792,gamma,3,true
z_alpha[17],-0.4521474231923964,0.3392184053427389,741.0757042949347,1404.1439812836045,1.0036752108414355,-1.0089161779600582,-0.451691221578883,0.10483902865113358,gamma,3,true
z_alpha[18],-0.20908541815796367,0.3557519737070178,674.2901604541842,1452.8937649170632,1.0008472385707698,-0.8027051816648633,-0.19805357041185995,0.37893020163627816,gamma,3,true
z_alpha[19],0.48450104827846197,0.34104187935773006,772.3882841937358,1421.1047715956636,1.0023337560717158,-0.07070986801541376,0.4871772227935096,1.0550398875041147,gamma,3,true
z_alpha[20],-0.12040507051171366,0.35775012025538244,708.2426745441327,1514.9311869603014,1.0013791970433745,-0.7115903816061602,-0.11401628193388712,0.4521487795127445,gamma,3,true
z_alpha[21],-0.7433077026292337,0.35091981983189546,781.7078982232945,1704.9810607838301,1.003395401104405,-1.3356320135164719,-0.7334458482397492,-0.1792845638027369,gamma,3,true
z_alpha[22],0.4094021503197305,0.3482415729315082,617.891203364777,1367.9254766904287,1.0071621793882006,-0.15622184011487833,0.40603306188098415,0.9788586300811171,gamma,3,true
z_alpha[23],0.593887998683082,0.341808028185287,513.3672021313014,1197.433904712566,1.0037085249126048,0.032529471642845025,0.5983636649094788,1.1564547288497575,gamma,3,true
z_alpha[24],2.6231206530649596,0.4625483581206762,552.6286019619395,1276.8020203344986,1.0068083264714767,1.8796872402889806,2.6136815570455414,3.3872062471308233,gamma,3,true
z_alpha[25],-0.38936207282094926,0.33903562700543627,584.974696280513,1194.1772595169273,1.0010610511425622,-0.9601659333711831,-0.3794554184135167,0.1483177329158389,gamma,3,true
z_alpha[26],-2.118816723606743,0.42054138000258395,639.386582528515,1142.5947122165367,1.0069525736820912,-2.841523627381922,-2.100385591231313,-1.4560170501693286,gamma,3,true
z_alpha[27],-0.8619392751799183,0.34308712269935326,577.1955226603678,1228.4560024736768,1.0007997101479074,-1.437443420722504,-0.8531177728779836,-0.3095542482129058,gamma,3,true
z_alpha[28],-0.7697027055346102,0.35261586288324404,621.3307380221811,1138.9879326125688,1.0069371379068677,-1.3498010037390094,-0.7643259861571686,-0.19155909233433724,gamma,3,true
z_alpha[29],1.1714112151609932,0.39115169103746383,627.8113287655759,1250.5563296208475,1.003297431646523,0.5193721766263911,1.164853153875907,1.8294109524671802,gamma,3,true
z_alpha[30],-0.43150952615987437,0.34815689622828677,645.1777992414754,1150.195292757222,1.0060489923332347,-1.0146343948207504,-0.42358160088460817,0.14227458487900718,gamma,3,true
z_alpha[31],0.16198167454514895,0.334834198730204,544.7731556271077,1256.49814192287,1.0023165317683542,-0.39377568615008546,0.16293701277515057,0.7135645296478519,gamma,3,true
z_alpha[32],0.5483057746060825,0.35143274895935916,610.3866492367306,1256.1964150165757,1.0056011971113314,-0.028262914312379487,0.5522593922856931,1.1293668804771622,gamma,3,true
z_alpha[33],-0.07140764187518532,0.33434173087303887,557.5758636453374,1258.5725046863954,1.0028274724994723,-0.6199227372702719,-0.06179774528927411,0.4548002747757112,gamma,3,true
z_alpha[34],-0.4341300320206118,0.34050284930285246,593.4086956875491,1078.308211223874,1.0080396684364423,-1.0017925575415974,-0.43253432681369075,0.13148443262812287,gamma,3,true
z_alpha[35],-0.34307593065763387,0.34553532209881743,670.6880848338175,1229.3449432800194,1.0013093461288263,-0.923796330794633,-0.32845306490152004,0.21822127038291622,gamma,3,true
z_alpha[36],-1.1416867958861403,0.367349218165723,760.3555053578223,1508.6644743408701,1.0045206617642164,-1.7670863210382273,-1.126038790723022,-0.5425534748698405,gamma,3,true
z_alpha[37],-0.8931785192141222,0.3584537715103951,657.2952322777695,1315.5791692257949,1.0007217336711003,-1.5020470514284372,-0.8848523805338327,-0.30373483030020854,gamma,3,true
z_alpha[38],-0.6727195167860777,0.34742252453354316,780.1372961938127,1430.1078969238897,1.0050326046951306,-1.2584776206436254,-0.6745899070244072,-0.10974287745868336,gamma,3,true
z_beta[1],0.20263123656751864,0.320996080832723,639.822250748927,1093.2074645460914,1.0030876281144474,-0.33840418905376773,0.21283121294551005,0.7372643239353484,gamma,3,true
z_beta[2],-0.2795858987898367,0.3286005027345694,588.9854762425616,1135.3642592809244,1.0051319113317236,-0.8220318179000197,-0.27923824703970024,0.2709788230175899,gamma,3,true
z_beta[3],1.018744499584151,0.34285124317797344,608.6650343366128,1001.4136972082939,1.0054561844659327,0.44361380860678606,1.015194911593442,1.5876358278231828,gamma,3,true
z_beta[4],0.2815113455101401,0.32241499959600134,576.5870219955798,1332.3284702942597,1.0057973078006799,-0.24634600178470023,0.2840444276124724,0.8041049507162107,gamma,3,true
z_beta[5],-0.7267294351078971,0.3299714106392109,666.2733947685425,1302.2915848348791,1.0041722411660894,-1.2846325334441935,-0.7225201414798416,-0.2006540706783052,gamma,3,true
z_beta[6],0.24841956729494685,0.347337197626693,762.1809182863401,1681.9687182377443,1.0031825622826063,-0.32798293039689647,0.2509125195298413,0.8040336228248873,gamma,3,true
z_beta[7],-0.23672644644779955,0.3362646752403531,721.1445984923155,1612.1777069582797,1.0035360749222344,-0.8087175665311335,-0.23303667800748162,0.31043962401607456,gamma,3,true
z_beta[8],-0.47908730210812944,0.33794974572244674,598.4730744668237,1218.6089394136543,1.0078352107902384,-1.0494888465266117,-0.4792518317311277,0.0653210355059722,gamma,3,true
z_beta[9],0.1919016882495945,0.33075198342520623,682.5965417778043,991.6568134683433,1.0036028818091611,-0.35570879429911,0.191275343697008,0.7351941977604246,gamma,3,true
z_beta[10],0.42993918413630866,0.3313530385599303,534.7341008829468,997.8091475861888,1.0047252469005528,-0.11324203796996332,0.4294679477055048,0.9945020557884212,gamma,3,true
z_beta[11],1.3896256037267731,0.3776622935954217,671.6132569793632,1236.416094298181,1.0050790967347065,0.7670015066551489,1.3853276126472926,2.0163136179336925,gamma,3,true
z_beta[12],0.4548729675516902,0.32875379794007603,617.435061007016,1363.5759488153108,1.004908208968792,-0.08266026759133063,0.44975249261580524,0.9896650974928956,gamma,3,true
z_beta[13],-1.3398295205486466,0.3656988472476107,688.1058805249585,1511.6561715086996,1.005271865183107,-1.956750535127158,-1.3298334465472963,-0.7591968409406047,gamma,3,true
z_beta[14],0.4885747837586522,0.3293190574239247,544.9099267004252,1120.9034725542801,1.0067482387696174,-0.03707681904111415,0.4828137064154989,1.0541166298011648,gamma,3,true
z_beta[15],-0.8485107297319486,0.35078140712359673,637.3137164276249,1390.4834901617703,1.0077631450939157,-1.44147841529969,-0.8441612952905518,-0.2755011572679672,gamma,3,true
z_beta[16],1.3746468698435996,0.3660085930708698,616.3304507569956,1400.3015785993484,1.0029304133796235,0.762594720572776,1.3751214940275598,1.9963369044114647,gamma,3,true
z_beta[17],1.2014503460938564,0.3516985431528872,579.5610253863408,1303.4524809447496,1.0048012595984095,0.623937929082485,1.2001427592917442,1.774645701351775,gamma,3,true
z_beta[18],0.2929330885475282,0.3398333515551962,706.0602696369191,1712.9218538276177,1.0058810463242491,-0.2629637067738546,0.28295646285847764,0.8578797802174742,gamma,3,true
z_beta[19],-0.21651282873901326,0.3364145517820546,626.1934426938578,1300.3193690226508,1.0069546127236135,-0.775572933223718,-0.21546147271656105,0.3312411457259773,gamma,3,true
z_beta[20],-0.5962241904131452,0.3495452311124794,751.1184823108806,1516.3668479247435,1.0040840796070647,-1.1766322153500008,-0.5905890470675114,-0.03871096471729963,gamma,3,true
z_beta[21],-0.5188505460904316,0.34582129682794,650.4175080771727,1359.0261273922677,1.0064893333542755,-1.0901579077389558,-0.519636988548302,0.0532336845841433,gamma,3,true
z_beta[22],-0.1385337880822991,0.32407182888833297,565.4446534719378,1189.625928544427,1.004388874435531,-0.6675554696530118,-0.14460072778523192,0.3994175053476847,gamma,3,true
z_beta[23],-1.6712352404467656,0.3799696430769126,644.3842492979071,1128.8922681233732,1.0070303192273782,-2.301264508992972,-1.665761090927934,-1.0618347813855573,gamma,3,true
z_beta[24],-3.1015210385916223,0.480308504021338,639.5914338281444,1444.3692179716131,1.0019803071098874,-3.8998390917380337,-3.0934785414002506,-2.334060374589542,gamma,3,true
z_beta[25],0.6164577070215292,0.33817705583572466,676.4270477638978,1180.4768604168346,1.0033901479653584,0.05578477495052404,0.6165439614492492,1.1838523849711573,gamma,3,true
z_beta[26],1.4898622512499868,0.37815759930854403,530.0479889815232,1280.3772949995496,1.0063616401288453,0.8888963872937333,1.479003366819144,2.1152744872191795,gamma,3,true
z_beta[27],0.07944787783370641,0.3273833195889904,683.9564440894027,1370.6889655643663,1.003280861178029,-0.46453258638868755,0.08278135897356542,0.6297939342105939,gamma,3,true
z_beta[28],0.6645423015984543,0.33576241305408727,538.7904553293039,1173.7119104755734,1.0061877321294748,0.1256997286590186,0.6537446710503283,1.239471041232993,gamma,3,true
z_beta[29],-1.3646031629701105,0.37139085373497044,694.7587292188452,1401.7463876336626,1.0030535551061863,-1.978799253911538,-1.3538000112686686,-0.7830473296426821,gamma,3,true
z_beta[30],0.25857632303970834,0.3298781961189275,561.6180052601383,1188.1976038035707,1.0049961702097279,-0.28249195905644114,0.25459979426136664,0.8100299934009426,gamma,3,true
z_beta[31],-0.4734636970367531,0.33230222034980866,703.0163550896128,1071.8838474413037,1.0042399171101943,-1.0106131999644126,-0.47568721569769046,0.06856395777579871,gamma,3,true
z_beta[32],-0.48806853250781435,0.33213155555747437,591.5194712051218,1063.3472448030109,1.0054235956595223,-1.0198262531697182,-0.49089804784276125,0.06276960965440599,gamma,3,true
z_beta[33],-0.07887086322551301,0.3272723482499763,672.668961474303,1132.096938397674,1.0033501569278829,-0.6143777979084972,-0.0830417710193002,0.46442300716744234,gamma,3,true
z_beta[34],-0.8370826492554851,0.3309468939468465,610.2310727290886,1150.8132602555424,1.0041638834933861,-1.3836350480681578,-0.8313561420220492,-0.303879346886599,gamma,3,true
z_beta[35],0.7221078173952906,0.34060294872040725,678.2626662144535,1460.3024318484124,1.002965671879225,0.16285424945092158,0.7198323492460333,1.2819314740506054,gamma,3,true
z_beta[36],1.4262374697137785,0.36872677423694117,600.966888862672,1323.0480004218055,1.0035517209185738,0.8221025338716875,1.422395980700962,2.0402774112953113,gamma,3,true
z_beta[37],0.48788744583863547,0.3372222930107424,719.8266462702051,1403.733659732183,1.0041811653321937,-0.06369457907596696,0.480945246912183,1.0378675561608275,gamma,3,true
z_beta[38],0.18975885805785206,0.3333279528776415,636.9274829967363,1492.982883309791,1.0060325071797063,-0.36949580254975817,0.18799740476372312,0.7448532816113339,gamma,3,true
noise.nu,59.79609330448268,2.934591428916003,3055.2448864614075,2598.3317402900793,1.0015289547217179,54.95841901186318,59.818297946400506,64.4886735663974,gamma,3,true
mu,0.22073795328131698,0.006043920319147993,2432.428938029852,2796.2732687765474,1.0018772245459802,0.21079056227076776,0.2208105955028024,0.23078398322901175,gamma,4,true
gamma,0.17446454851622706,0.008490927705991101,2228.1099032691513,2717.406888497818,1.002000362165766,0.1606694980447512,0.17446527936791006,0.18853126948508714,gamma,4,true
sigma_alpha,0.13634713390083847,0.017629905208482233,715.617821322624,1493.4889734563953,1.0072307813055057,0.11149911848949261,0.13431982040004356,0.16819255753597886,gamma,4,true
sigma_beta,0.14530237083831807,0.018996946063925827,459.2184210006549,799.2114657047086,1.0099021725406958,0.1179735892007721,0.143309326838718,0.17942037385604137,gamma,4,true
z_alpha[1],0.3058478580912375,0.33193854950158186,581.4521715455472,1220.8867992013595,1.0034690929991692,-0.2327908672263993,0.3025651293189798,0.8481685515113591,gamma,4,true
z_alpha[2],0.16803101394578482,0.3366597638648786,633.1105136025503,1408.8867656480725,1.0067511540142107,-0.3852216905421001,0.16308187416151504,0.7353095363275174,gamma,4,true
z_alpha[3],-0.6024093133799456,0.33028382781567467,559.6772087449156,1238.2839913771475,1.0014899334054623,-1.1484460327750128,-0.5987485562057722,-0.04979357112184579,gamma,4,true
z_alpha[4],0.2932388412897741,0.3333212668080364,590.7414494949136,1405.505890709765,1.0066654134409705,-0.2617237511713363,0.2857955624145314,0.841375379253834,gamma,4,true
z_alpha[5],0.8006010841026807,0.3342261523813775,629.8323005273992,1516.4932812507795,1.004013466643139,0.2715166845364687,0.7884303493242057,1.356925313531826,gamma,4,true
z_alpha[6],-0.3480033571967473,0.37624767183171837,760.383864462809,1287.8799761135133,1.0037636711599973,-0.9637196970656814,-0.3485113655549259,0.27575216914715706,gamma,4,true
z_alpha[7],0.5147791634491992,0.35400925850982,635.3483992218823,1292.904350425324,1.0059114285327697,-0.048965474236882474,0.5110503362941925,1.103370073679035,gamma,4,true
z_alpha[8],0.9116618256943669,0.34659588318818324,595.5553160029498,1188.1389867819362,1.0072825594947326,0.3331968826554226,0.9149245667903276,1.4928685290683141,gamma,4,true
z_alpha[9],0.6224855687207084,0.3335670367373121,619.9839037664663,1222.6409305800294,1.0047003470088245,0.08870766309106788,0.6132892151674904,1.181915569142368,gamma,4,true
z_alpha[10],-0.5579066893565827,0.3331417973834207,601.0394736127254,1289.8409058859336,1.0088412582139996,-1.1012864236069833,-0.5576448292921853,-0.01086161300390168,gamma,4,true
z_alpha[11],-0.1300088855453285,0.3403591809913886,647.9779645281322,1505.0152444627793,1.0024033230922273,-0.6911765076140859,-0.13462007894601236,0.4382937489820912,gamma,4,true
z_alpha[12],0.07442066840252247,0.3344235793934718,599.72152178271,1471.065015956019,1.0059091506956643,-0.46788442387625373,0.07324715338649421,0.6280152546830624,gamma,4,true
z_alpha[13],1.0064351919850547,0.37206711785477514,635.1295962072754,1388.2623216634995,1.0070712027020432,0.4021061125263877,0.9945918501315938,1.632650798578421,gamma,4,true
z_alpha[14],-0.637958097341233,0.34078379385416135,619.6500363249007,1241.5048398827148,1.0103212814349567,-1.1968782073807285,-0.6364314225355128,-0.07646908169251897,gamma,4,true
z_alpha[15],2.6101481351311873,0.43872010322232313,633.4833814276885,841.7947658450018,1.007438708732474,1.8825324561966137,2.6164062371739494,3.329251840644063,gamma,4,true
z_alpha[16],-1.280089937497864,0.38585016994585675,725.8505982591414,1093.0376586050677,1.002700780095619,-1.9323395138597497,-1.2733262475794802,-0.6489150684579861,gamma,4,true
z_alpha[17],-0.44233749088543556,0.3380514794943212,590.1149117469379,1241.6701255393073,1.0058049413317196,-0.9993374102494821,-0.4367412984302521,0.10051069894115278,gamma,4,true
z_alpha[18],-0.08523671495883621,0.36418839133083714,722.9057879549222,1358.7508764788327,1.004216902192668,-0.6783218207195125,-0.09128338184623039,0.5348926006419781,gamma,4,true
z_alpha[19],0.4611115640302522,0.33830174290694986,631.0587185952714,1388.2642351297616,1.0048636437399234,-0.09952716456112165,0.467490476528698,1.0106783597389457,gamma,4,true
z_alpha[20],-0.319010090506899,0.37071541648204315,711.9365523022708,1266.4367347975494,1.0030928747970405,-0.9216578779765745,-0.318874222842887,0.2945278911949793,gamma,4,true
z_alpha[21],-0.6729468598302849,0.3492216237877907,617.4309038954267,1331.1717262193697,1.0069426353927866,-1.2484771909073753,-0.6727822701568179,-0.10416853385318701,gamma,4,true
z_alpha[22],0.4677028599444323,0.34219330894198696,684.869745447864,1341.5947380054972,1.0053790219050898,-0.06896860241157118,0.4581348419328232,1.0388756704533284,gamma,4,true
z_alpha[23],0.521569347650009,0.3277835256365509,564.4682414333327,1308.729958753389,1.0038605813063124,-0.0028382228891161094,0.5187714889152435,1.0684075627766187,gamma,4,true
z_alpha[24],2.625806791110317,0.46009832199663153,702.2091024204002,1173.7692611824334,1.0056851857498101,1.8898094118257887,2.611348994956878,3.4054385048738447,gamma,4,true
z_alpha[25],-0.4124668465054417,0.33184377351638694,532.000544903031,1130.29112920334,1.0035557944515796,-0.9650572157078978,-0.40989124085736256,0.12780914618969028,gamma,4,true
z_alpha[26],-2.1684953087537133,0.40122655417335334,636.9104680161695,1285.8430341182645,1.0103550961670054,-2.8415790653397446,-2.1542407248869937,-1.5268587166535323,gamma,4,true
z_alpha[27],-0.8624970956756881,0.3506552988826306,529.2855717491183,1295.9292238175804,1.0017460549614012,-1.451291539608288,-0.8536883972193039,-0.3031257922150462,gamma,4,true
z_alpha[28],-0.7408208667155805,0.34648933371681695,664.0436237241701,1181.6129051093214,1.0103150402361747,-1.3262234702843672,-0.7429017860837196,-0.1698203194951604,gamma,4,true
z_alpha[29],1.2013760546882455,0.39399570015416785,676.7120274923437,1722.4663015716633,1.0058469446823515,0.5647339000704769,1.192406397579659,1.8627045543912162,gamma,4,true
z_alpha[30],-0.5433288462662377,0.33061846931621547,635.6652724781178,1193.4798545345393,1.0093731967770256,-1.0811940115194774,-0.5441317075879137,0.014780108335193349,gamma,4,true
z_alpha[31],0.10769380590494933,0.341226185521238,600.6897997155179,1670.225214014589,1.0048230261436797,-0.4388057697465635,0.09555466763463477,0.6846997020899273,gamma,4,true
z_alpha[32],0.45079483713171853,0.338589680857031,650.2896952850759,1306.3791850541693,1.0086440312715492,-0.09909698183146703,0.4489319530987338,1.0229412001896085,gamma,4,true
z_alpha[33],-0.11163789431000518,0.3365614301072153,616.16506290286,1324.2717989954817,1.0029372237833676,-0.6561696191574606,-0.11540629229788593,0.43423070990914314,gamma,4,true
z_alpha[34],-0.40327949598306645,0.3278766751121719,603.3628695999312,1079.3631584653808,1.0098584407040418,-0.9459400515914771,-0.4000476523137976,0.13432828291458287,gamma,4,true
z_alpha[35],-0.2586490723658997,0.35720664706154537,717.9286278991693,1435.909073493778,1.0034933825620964,-0.8510319965046504,-0.2592928583595613,0.31931704192588223,gamma,4,true
z_alpha[36],-1.1107018591666593,0.3629039597386467,592.6620914662071,1062.3255685144406,1.0058313509403416,-1.71063695733963,-1.0974635336361387,-0.5399479046496133,gamma,4,true
z_alpha[37],-0.8099545766230424,0.37333251278358903,750.9066697603386,1412.353710001385,1.0026296203543983,-1.4121211080901939,-0.8140499735067731,-0.19610286700384297,gamma,4,true
z_alpha[38],-0.6328726362428994,0.3540113309243351,605.9881600209826,1220.266271137048,1.0051870860560126,-1.2245319721714794,-0.625763436679752,-0.050962693357330405,gamma,4,true
z_beta[1],0.2500452188644709,0.3216320463134417,590.8809825933963,1033.5355217827207,1.009560481996221,-0.26621630375469857,0.23998255198614413,0.7894459773850897,gamma,4,true
z_beta[2],-0.23803867342762822,0.3156235221336074,634.7774451306373,1345.9393918871838,1.0012622015019637,-0.748762397064726,-0.2410769894822174,0.29537084894552845,gamma,4,true
z_beta[3],0.9384382344392036,0.33531544239231104,552.5582464315274,1075.4914262750585,1.0091451225302963,0.40852530085670163,0.9259216874919416,1.5035910797366228,gamma,4,true
z_beta[4],0.3079094209644481,0.3417410546092898,557.8581846256292,1034.2369620208553,1.0124491721932982,-0.23723073494740893,0.30229742997823417,0.8688810622488761,gamma,4,true
z_beta[5],-0.7629172008112114,0.33568173387992795,608.9224998412586,990.9513428826009,1.0086880406343968,-1.325853432819076,-0.7622738930211056,-0.22520914200580197,gamma,4,true
z_beta[6],0.3504676932945792,0.3505939297919492,693.2541036429468,1182.8375037049177,1.0023753398908721,-0.21135467205215358,0.34871883639786305,0.9256862908379883,gamma,4,true
z_beta[7],-0.35593357271620324,0.3300263072278244,597.0232198062051,1115.4990257550305,1.0025461314639421,-0.9008183687711929,-0.35474152705089645,0.18261906929874477,gamma,4,true
z_beta[8],-0.5601644420735696,0.345541763741886,575.7192049057229,907.97850955036,1.0093461491644138,-1.147031696192346,-0.5582579976417424,0.0042995342548771045,gamma,4,true
z_beta[9],0.03264445110523376,0.3276838952309244,606.5673718787853,909.9906241434301,1.008537148943174,-0.5046864335970972,0.03323462609219871,0.5631348622983704,gamma,4,true
z_beta[10],0.44410765983895706,0.3159870431405882,571.7730395732444,1194.3171829767102,1.0033430987276972,-0.06867420703839199,0.4407055649028477,0.9708254064025954,gamma,4,true
z_beta[11],1.3909269829387567,0.3651888083068296,587.6677311929142,975.852963384779,1.0102187862847156,0.8185333954314814,1.3808279884497896,2.0116278081421988,gamma,4,true
z_beta[12],0.4299256970508818,0.3430970987849423,572.9200844418472,1215.094061730028,1.010764735113339,-0.13702452833935422,0.4290746388473766,0.9916540258727354,gamma,4,true
z_beta[13],-1.3627669270809406,0.36647892304801744,585.7079027398976,1225.771567709718,1.0037102469332362,-1.984559858921774,-1.3443331192527674,-0.7857381037306772,gamma,4,true
z_beta[14],0.41889450825354574,0.3226778207268092,581.8957034410588,1050.1634525240954,1.0020878931689228,-0.10533315597711526,0.4109018834477314,0.9577765827304991,gamma,4,true
z_beta[15],-0.86033519668828,0.36195991802639915,588.534200312886,1020.1957861870007,1.0084389598574606,-1.459397487253931,-0.8548025123145402,-0.2828288380445527,gamma,4,true
z_beta[16],1.456522708381478,0.36911019767091163,579.3005092144675,1173.0440246671692,1.0053989555107878,0.8745818960351237,1.4465439502429462,2.0899791371767766,gamma,4,true
z_beta[17],1.150378184446251,0.36323391828825424,536.5690814187883,1058.9536592640868,1.012868631383498,0.5735301669498214,1.1439194763576,1.7554681707899498,gamma,4,true
z_beta[18],0.3473123406043095,0.3424608574945056,658.2106653386431,1301.5804022701766,1.0020415584679285,-0.21128889844301768,0.34124343375993005,0.9320422297697155,gamma,4,true
z_beta[19],-0.22075815969332008,0.339642606879645,575.3653785547996,1143.6220501713108,1.0096640291587902,-0.7771361996641701,-0.21911616263404315,0.3245302302101541,gamma,4,true
z_beta[20],-0.5403841266872751,0.34450494857362485,689.0317271564564,1069.9166605763685,1.0025963295976545,-1.1051637529241496,-0.5365245251918528,0.018212183035186437,gamma,4,true
z_beta[21],-0.34210699620093366,0.34160013048612975,567.6940756275587,1036.1216890479031,1.0110516188097096,-0.9132554801499232,-0.33693801616653574,0.21479427366704948,gamma,4,true
z_beta[22],-0.20212197545202987,0.3108286296532989,596.2957493469044,1316.8127360854903,1.0031385127883758,-0.7016491486851606,-0.20867080792242237,0.3057642543873133,gamma,4,true
z_beta[23],-1.6935643903137956,0.38799489477144583,585.9458705808564,928.4526441803131,1.009610930305854,-2.338563380511212,-1.6941919561101952,-1.0666511875636648,gamma,4,true
z_beta[24],-3.122088690444422,0.46316176106332846,530.9399968885745,1288.7144102090017,1.008509156182416,-3.8902460667363106,-3.117010942681107,-2.3518036333905203,gamma,4,true
z_beta[25],0.5962635349361156,0.3281853545324931,581.0791436053735,971.9703837195561,1.0100502021992583,0.08335980322158662,0.591064336455488,1.1568843476695547,gamma,4,true
z_beta[26],1.4950925523928267,0.3687082365866247,508.3502711739313,1065.4812848568602,1.0046990188214344,0.910800065789134,1.4796676511945543,2.1220227126014195,gamma,4,true
z_beta[27],0.07927648638012347,0.32197832069841825,598.2462537377618,976.4751544769312,1.0086142990652833,-0.45316778685197556,0.07607489166258005,0.6207243291450865,gamma,4,true
z_beta[28],0.7194506454355698,0.3373413176324159,582.9584144123461,1293.1925953557957,1.003761788201733,0.177908971222008,0.7090134489396458,1.2966407551720212,gamma,4,true
z_beta[29],-1.3275755652283967,0.37399127353295175,616.3969517452834,1223.0648675480365,1.0042680652656286,-1.9666415914669344,-1.3201266813685595,-0.7348487584850677,gamma,4,true
z_beta[30],0.32197593972452604,0.3177201629483597,573.3811799778093,1185.0341999943291,1.0025198115227656,-0.1893313669356247,0.3127695993378994,0.8474664330551746,gamma,4,true
z_beta[31],-0.3083299562704584,0.3296293444720051,618.1709991316064,967.8946094062748,1.0095444680904975,-0.840779287577357,-0.3111213778398394,0.23829546681380157,gamma,4,true
z_beta[32],-0.31609852505979735,0.3093050381463638,580.5677668068134,1230.7320100362804,1.002741964052003,-0.81187809117801,-0.31907770573942595,0.19388174407974887,gamma,4,true
z_beta[33],-0.07851635459865873,0.33295020582905543,631.6945115569013,1215.7863693986612,1.0082108357295088,-0.6165697273278892,-0.07702495503092333,0.47193093848805645,gamma,4,true
z_beta[34],-0.8570734017143093,0.31852785441048387,618.7675750980048,1270.6220224152598,1.0036562627630174,-1.3667721790771379,-0.8603511161364337,-0.32412539844973576,gamma,4,true
z_beta[35],0.6805102001838869,0.3431543716978861,627.0816796258166,1124.3429826217844,1.003752207370151,0.13109611338772972,0.6734973713239147,1.259060030661149,gamma,4,true
z_beta[36],1.431151924612318,0.37574690995589627,509.2192168450934,996.5765184485124,1.0147140801949597,0.8272893512144721,1.4288537483826778,2.0611711682111165,gamma,4,true
z_beta[37],0.4532848552278642,0.3359954134192174,655.755095989451,1210.7123376720892,1.0026554988186487,-0.08233309373620157,0.4415124640413999,1.0237052700430298,gamma,4,true
z_beta[38],0.13739147527650064,0.3475182463571749,584.3143999574118,1064.0921059497916,1.0117184269768935,-0.4192890986865513,0.14619761024084893,0.7107506326989327,gamma,4,true
noise.nu,60.01945279704272,2.793664686339896,2939.4912799068843,3005.42566027543,1.000146815833379,55.59908958596606,59.973856199134076,64.62694576290771,gamma,4,true
mu,0.21795627653113547,0.006082386177873645,2734.079778082598,2614.2210681979473,1.0003255348437288,0.20808958841623845,0.21807396768051535,0.2278513272905258,gamma,5,true
gamma,0.17756155050514524,0.008714458093856726,2725.5652216477274,2820.2335967412023,1.0010799708795777,0.1634405359830398,0.17745838495165747,0.1921879440424164,gamma,5,true
sigma_alpha,0.13479582329071949,0.017597537989728185,815.6892303178063,1202.2469598141486,1.006012445292765,0.10851985304027983,0.13299568273719148,0.16687669478420147,gamma,5,true
sigma_beta,0.14548838134265796,0.018928455169989648,704.8650308565984,1271.5449649608672,1.0040283427134968,0.11790803101978144,0.1437671630564505,0.17864723509004263,gamma,5,true
z_alpha[1],0.3292512169616888,0.3383844241257846,969.4360770698346,1824.5567256210954,1.0049123757119576,-0.22278439622084534,0.3304593764422341,0.8872316198717443,gamma,5,true
z_alpha[2],0.15145316349434165,0.3428411586692266,790.6822325639043,1763.6935986141345,1.002060412387414,-0.4131971925844408,0.14665070396171637,0.7250291089595936,gamma,5,true
z_alpha[3],-0.650956961626909,0.34579309805054015,911.6080756536733,1586.6926230715067,1.0047792889522424,-1.2186876794764772,-0.6526199299535302,-0.08961388230358379,gamma,5,true
z_alpha[4],0.31045403266973165,0.34923238948555935,582.1191126442925,871.2310438279756,1.005468915508354,-0.25255059079031966,0.30471709937525493,0.8811902817196816,gamma,5,true
z_alpha[5],0.7950242952190596,0.35836584643385855,1002.0448177700139,1749.1319279881288,1.005167382405175,0.22320693143718187,0.7912811464410872,1.3889301607274334,gamma,5,true
z_alpha[6],-0.3706989777959317,0.3745455167174523,892.960812315517,1554.543865455746,1.0036628832577983,-0.9818841971027664,-0.37264035169343446,0.2513087064396915,gamma,5,true
z_alpha[7],0.5685726783213068,0.35271144817370775,826.1822870983747,1371.448771749386,1.0033464371373926,-0.00035806150149315534,0.5700969038088993,1.1483997086656246,gamma,5,true
z_alpha[8],0.9616987232396602,0.35449730779832983,717.7427244991463,760.156990082801,1.0046409767971884,0.4007565003789647,0.9550456630615671,1.5458267420617497,gamma,5,true
z_alpha[9],0.634461557184724,0.35056090098676723,987.1637579708931,1562.6242282153482,1.0040273637695925,0.0754814910382761,0.6342428744545794,1.2083544934047936,gamma,5,true
z_alpha[10],-0.565289378333656,0.3345717843230877,887.7786092040915,1654.6803516056675,1.0028473598926024,-1.1209480910344611,-0.5533879834939075,-0.018966132244776567,gamma,5,true
z_alpha[11],-0.18032550882065926,0.34590151254860324,998.2600817126793,1698.3689768850277,1.0050145996236357,-0.7567313842954662,-0.17662710163833237,0.38584639280664845,gamma,5,true
z_alpha[12],0.09052023741370184,0.3499052413252899,569.9042406051109,766.9338259556149,1.0029565900509936,-0.4666909131526157,0.08241503350794976,0.6698458865987662,gamma,5,true
z_alpha[13],1.0210120441662165,0.36198335655100095,840.3742127509144,1605.83211251976,1.0048932614955632,0.44606493752344184,1.0132345122965603,1.6335681087423024,gamma,5,true
z_alpha[14],-0.6465079253392395,0.33708293351772095,846.3710639259585,1640.6987740113693,1.0033429761081551,-1.2045959248560607,-0.6454202677594145,-0.1047970863962522,gamma,5,true
z_alpha[15],2.594801042335277,0.4460294195366174,857.2322758454742,1228.8184316463598,1.00661881683412,1.8650750189591718,2.5859592435040035,3.3417836032028316,gamma,5,true
z_alpha[16],-1.175141127418201,0.37247386935760035,759.9452264435936,1561.6216651862624,1.0050694547923242,-1.7983650542695544,-1.171888741014829,-0.5818603241834704,gamma,5,true
z_alpha[17],-0.45505952805445393,0.36423003222696815,544.9868606717564,1246.9436112733788,1.0041169723071137,-1.0473672997909207,-0.4596992403269935,0.13767184634295687,gamma,5,true
z_alpha[18],-0.17025244675756082,0.3595602962577539,869.21520978177,1706.1801888104735,1.0046101961298786,-0.7529550002874117,-0.17647261789591817,0.4249210856483029,gamma,5,true
z_alpha[19],0.424280748811567,0.35743154848438363,700.2549036082369,750.6102532699067,1.0065205591018078,-0.15236316348629164,0.4163674215975436,1.0174148643837224,gamma,5,true
z_alpha[20],-0.2159732011209296,0.357372625686341,838.2344116490991,1882.1884671006205,1.0033709389390897,-0.7964754518768219,-0.21613617948480127,0.3706190004608748,gamma,5,true
z_alpha[21],-0.727521477253014,0.3718137800779442,509.47868970387367,1178.3380886962173,1.0047751785115508,-1.3418991973097936,-0.7298782826912117,-0.11497376852601847,gamma,5,true
z_alpha[22],0.4555799068705121,0.34664376648449485,758.9154474809395,1526.6973174348493,1.0020957211891868,-0.1122390008706019,0.45068466889413805,1.0176910166343915,gamma,5,true
z_alpha[23],0.5662582096005044,0.3465127568504584,955.050872917418,1750.019498619745,1.0056562203992199,0.01267672439392367,0.558482889572405,1.140969052135721,gamma,5,true
z_alpha[24],2.6423481999679588,0.47854965688277296,687.6008435514085,1141.6977800667726,1.0040225850260927,1.873249906068656,2.6264001560206163,3.428620306462397,gamma,5,true
z_alpha[25],-0.49213709637738856,0.35190111046315536,976.9362601366003,1572.873134527082,1.005403138426849,-1.0661580772338202,-0.48952686411267265,0.09044842939649901,gamma,5,true
z_alpha[26],-2.1870167381888765,0.40334938265797743,929.1547776380658,1409.6728337452296,1.0044295293547039,-2.8674695859399453,-2.1756060184457544,-1.5461978545172432,gamma,5,true
z_alpha[27],-0.85352845918559,0.3551405998341701,928.4457377713409,1539.239460850653,1.006954103068361,-1.4211082557305144,-0.8515878636336276,-0.26323498863168393,gamma,5,true
z_alpha[28],-0.7164063946464253,0.3450032496348766,891.6111266400302,1379.451607297898,1.0034914411803146,-1.2858691133494287,-0.7146585402508244,-0.16026650145464233,gamma,5,true
z_alpha[29],1.2247948206165722,0.3840382311470433,892.1746195404719,1718.5800168392952,1.0041752449515475,0.6224544547243365,1.218094063338509,1.8688787530298403,gamma,5,true
z_alpha[30],-0.41298947264024366,0.3300562248514311,776.6944491404133,1573.5685070215893,1.0038181551904868,-0.963606277185629,-0.4107249944448971,0.12084420838897396,gamma,5,true
z_alpha[31],0.08383450744199498,0.3465261754005168,987.6478874909424,1712.3300442194104,1.0048358891364635,-0.4672541055047336,0.07646663205230642,0.6732541426157362,gamma,5,true
z_alpha[32],0.3916092745442315,0.3421123630563527,707.0960780361886,1375.2419125962153,1.0020929116593584,-0.16304254717689443,0.38623818359735496,0.9711709754046579,gamma,5,true
z_alpha[33],-0.04718535087572661,0.34892203765083324,971.9455458362302,1712.874549418556,1.0064717065980444,-0.6388428274121762,-0.04618474047742269,0.5022243632413755,gamma,5,true
z_alpha[34],-0.4584772369207412,0.3306465069781938,820.1775721119928,1470.235641432206,1.0028812222470296,-1.0046733265670338,-0.4484727363583705,0.08705784669908763,gamma,5,true
z_alpha[35],-0.28014189675833256,0.35951513317068384,798.7260219168076,1989.6752781012583,1.003550504349076,-0.8828118541993729,-0.2789553566599111,0.2898038493499338,gamma,5,true
z_alpha[36],-1.1948325110689042,0.39565400129810935,542.1472007809527,1442.6657300750276,1.0042342463546197,-1.8391008780583886,-1.1989883487490092,-0.5580229574616836,gamma,5,true
z_alpha[37],-0.8592564233450409,0.3783336580440977,802.8963817330133,1375.0585001926347,1.0041413998903863,-1.4888874569002744,-0.8638693093721446,-0.24141551366478192,gamma,5,true
z_alpha[38],-0.5933986429844954,0.3686779822505191,541.3967010930132,925.949275655467,1.0035104212216839,-1.193488863336387,-0.5906298644334371,0.007988289905517976,gamma,5,true
z_beta[1],0.1424685770547087,0.33332208587789247,816.7330588572494,1036.9100346982577,1.0092284547326391,-0.40634038348430895,0.1352071969546732,0.6945542290185487,gamma,5,true
z_beta[2],-0.29926954735427147,0.3273072637552148,623.8733049689132,1207.5423215262365,1.0031253990631348,-0.8443635620472747,-0.3009157662540418,0.23994839298530957,gamma,5,true
z_beta[3],1.0348042457496354,0.3551631118434486,843.4774332635154,1025.8345071238607,1.0084201347645194,0.4505131160764829,1.0345618219105588,1.6264899020406196,gamma,5,true
z_beta[4],0.28966189933758635,0.3250631557942162,897.4036011228427,1287.7885906561576,1.0037299553058678,-0.23877212981103027,0.2883276505552502,0.8216987900644522,gamma,5,true
z_beta[5],-0.7368731879859626,0.3474541642805392,822.4999456795774,1290.2869902776622,1.0052290422753476,-1.314649209988932,-0.7315682656063881,-0.17700293683537077,gamma,5,true
z_beta[6],0.33754900478825123,0.3605054175208103,920.3469224155488,1559.842883848306,1.002260200396418,-0.25403576940718503,0.33843791613402896,0.9343012858689196,gamma,5,true
z_beta[7],-0.403338557912629,0.3481933937600056,868.3046500077071,1529.3847453965955,1.0013152150477387,-0.9760524846555464,-0.40616379307434214,0.1555767767542255,gamma,5,true
z_beta[8],-0.5272170204173914,0.3508425262733449,833.8889678429283,1420.8459241771425,1.0032581476210505,-1.0997851909282967,-0.5279029243913068,0.050417780944701084,gamma,5,true
z_beta[9],0.005961410515085785,0.32956817073371525,818.9308134082688,927.0848700955432,1.0081255137039025,-0.5548074503773679,0.004973525010936369,0.5387145770260432,gamma,5,true
z_beta[10],0.42883720383446144,0.3252772689421421,626.0574010367901,1371.1790713232413,1.0032061925964433,-0.10016304137919696,0.42440905418961844,0.9753779184825909,gamma,5,true
z_beta[11],1.4223744849937463,0.3707564032651701,710.786964512349,1109.1920754581956,1.009811160144927,0.8097082681267241,1.4123388063533573,2.0470918784439163,gamma,5,true
z_beta[12],0.4571330382155026,0.32647561626764254,933.546212135484,1405.3201624693638,1.0029505748493401,-0.07194187156753785,0.4531867823813562,1.0120760521195982,gamma,5,true
z_beta[13],-1.2664619138893933,0.3734973109535442,921.8146234105182,1649.6256550585194,1.0010485430474236,-1.8847745546861858,-1.2602444304245926,-0.6684832617386534,gamma,5,true
z_beta[14],0.4809592730961471,0.3288383974502449,651.6735669756757,1320.603833296505,1.0034912950587445,-0.05806153305995739,0.47686152116600944,1.0370875121382062,gamma,5,true
z_beta[15],-0.8423505080306809,0.3561432129926522,803.8386635298565,1353.0566883953006,1.0033979835402382,-1.4474679341604058,-0.838399784614918,-0.2684978148973979,gamma,5,true
z_beta[16],1.3669482180567052,0.37202786100557994,780.9185798058952,1327.9451358502874,1.0045314434614439,0.7647861865768851,1.3630401044294045,1.9974514310195621,gamma,5,true
z_beta[17],1.1769879859187609,0.3473975775094827,1006.2342244172222,1662.1055224457368,1.0033555282496434,0.6089508402202396,1.1690974435495212,1.7513118832356929,gamma,5,true
z_beta[18],0.36124615028501383,0.3525241442327099,854.043420072883,1467.4041084197638,1.0032999000437166,-0.21124584902780688,0.3573220557334881,0.9384422684589826,gamma,5,true
z_beta[19],-0.18324234058961503,0.33784731807983176,887.1316430868094,1316.4351928650628,1.0033947741023177,-0.7376695141222718,-0.1834886598488678,0.37393481696326114,gamma,5,true
z_beta[20],-0.5950248294768744,0.3560202868441347,937.8224461767968,1599.3619761955786,1.0010931417705993,-1.1842926709766586,-0.6000291451167131,-0.00520512309926632,gamma,5,true
z_beta[21],-0.39533658682769074,0.3381116654183776,838.1484883399846,1087.3356627946187,1.0032723427218724,-0.9469343240010571,-0.3919595554022448,0.16699700194716416,gamma,5,true
z_beta[22],-0.11668442962011391,0.32911824537243173,623.5150947893147,1185.0047779694407,1.0032394556721236,-0.656062980912833,-0.12270263431836298,0.4312461536354462,gamma,5,true
z_beta[23],-1.6860593020526373,0.39003009439976016,830.3603958124461,1467.7966696103922,1.0036573059745535,-2.3248261076225947,-1.682251239402623,-1.0477676432844478,gamma,5,true
z_beta[24],-3.071953569800404,0.4825612460870814,682.0432078905731,1141.2453029078856,1.0011010311956379,-3.8914760030491977,-3.0706991442589833,-2.2864612657508245,gamma,5,true
z_beta[25],0.6697518430363264,0.3454583685270539,658.7193552835663,895.8597444149101,1.0116804151602312,0.10221489438941822,0.662149447369587,1.232134422391087,gamma,5,true
z_beta[26],1.5151136739741868,0.3722590398436419,673.8707862530425,1380.1215330791242,1.0053258867579111,0.9151538680798578,1.5113805662369522,2.1372327055572273,gamma,5,true
z_beta[27],0.11758345532444353,0.33098192594660686,843.662611301969,852.0235821015228,1.0086559467793776,-0.4297043149911349,0.12082133559546472,0.6575811301372383,gamma,5,true
z_beta[28],0.5197225508865612,0.3341362675316219,679.8735152143948,1424.6579378280894,1.0041632916601713,-0.028549116253013155,0.5171117698722818,1.0738598541232216,gamma,5,true
z_beta[29],-1.42688883996313,0.38415768877462386,946.022723236566,1496.940572678487,1.0008794217424837,-2.0464770725159167,-1.4306909332885889,-0.8034762031347172,gamma,5,true
z_beta[30],0.3171108964498059,0.3221557500428542,623.6182603133606,1239.2920197959559,1.0036831087773952,-0.22378882017489507,0.319748999040861,0.8444368642159288,gamma,5,true
z_beta[31],-0.47051291202534834,0.34742662871331514,864.0020985925362,1474.4087184690138,1.0061438654657608,-1.041438986569705,-0.4676657014718343,0.09742227441456991,gamma,5,true
z_beta[32],-0.4769269741740293,0.3268469770747622,594.7468009469453,1192.164639994993,1.0020966944986414,-1.019898930322164,-0.4743525529833228,0.06341614669633396,gamma,5,true
z_beta[33],-0.09405752850747755,0.33705239231278505,833.3558138139408,1212.3573764948262,1.0068114226433516,-0.6528681169029391,-0.08920792879968568,0.4487920668089809,gamma,5,true
z_beta[34],-0.8095514893618211,0.3350278054306063,627.1952401071483,1097.1180181842856,1.0018270268358112,-1.3703526075115557,-0.8084624054015777,-0.2499000904971509,gamma,5,true
z_beta[35],0.7084784057678485,0.3567538222820119,927.42055106424,1679.7374164398918,1.0024010895975928,0.10793108472166277,0.706342170717388,1.2947974651350438,gamma,5,true
z_beta[36],1.4766061401376018,0.3603913373244046,986.0910327044538,1503.1891297538443,1.0036266963722407,0.9021442086972947,1.465914826561094,2.076435173331193,gamma,5,true
z_beta[37],0.5269362770801871,0.35095646943260095,857.8123168055652,1451.325160661139,1.0026403515017803,-0.04918321052771626,0.5214507010887195,1.1049108654413549,gamma,5,true
z_beta[38],0.11934297221237,0.33515163069742593,923.9171361572769,1498.683809716081,1.0039565346488524,-0.4321203550903523,0.12091084692893242,0.6642320576485437,gamma,5,true
noise.nu,58.53698755948476,2.7807829515481077,3545.336486858939,2659.78706448542,1.0021929227567716,54.07029719709788,58.536024016104065,63.18964342169049,gamma,5,true
mu,0.2194636907483429,0.0058501578200620356,2451.7873956587996,2709.4004938042667,1.000722050490608,0.209876694195381,0.2194274870214757,0.22913646559856732,gamma,6,true
gamma,0.17705123981744936,0.00817270764287661,2556.952161353347,2559.6280569047326,1.0001324342937676,0.1639941893960317,0.17709754153632515,0.19072931236649857,gamma,6,true
sigma_alpha,0.13581065114334653,0.017478944917057933,833.0595775628841,1595.819627634255,1.0023758101645417,0.1102804433628855,0.13435760472417083,0.16694175690918764,gamma,6,true
sigma_beta,0.14167158251319062,0.018154984594370312,661.1924792810233,1133.723235035825,1.004041773578446,0.11511638299507011,0.14021390960148178,0.17305023334803424,gamma,6,true
z_alpha[1],0.32763090109318194,0.330717876465519,660.2735437297222,1380.9523648842787,1.008586916030247,-0.21210351433881,0.3253403181207842,0.8819528591030513,gamma,6,true
z_alpha[2],0.1852628012821566,0.3146448313257977,741.6195131640017,1402.7971537615113,1.0008360546921657,-0.32531962464183317,0.1846003737714157,0.7038910670331638,gamma,6,true
z_alpha[3],-0.6999412817511237,0.33498737400076734,710.5604856466967,1292.6919250223582,1.0049241862360676,-1.2555728638632468,-0.6953022430173017,-0.15949980452355517,gamma,6,true
z_alpha[4],0.30651988534180225,0.347397172113785,781.5883222518216,1404.1333193990235,1.006522344923219,-0.2589108579596859,0.3045491012489892,0.8830683777057958,gamma,6,true
z_alpha[5],0.7534550605851786,0.3362746903333724,704.7222242163946,1180.610949560538,1.0095929529969188,0.2113070820809191,0.7497757125215507,1.311089647504798,gamma,6,true
z_alpha[6],-0.6028500705941418,0.3691271299420229,957.6203015293765,1718.3339666285149,1.004456357641661,-1.2166252946517897,-0.6040802833121262,0.010374979401422572,gamma,6,true
z_alpha[7],0.6242241748635547,0.36105098642139527,782.5493852574251,1189.4425923753286,1.00725994762135,0.04092354714354572,0.6179060455912283,1.2180362442509949,gamma,6,true
z_alpha[8],0.9513659578217198,0.3618253742795114,789.6122404074243,1588.6730649948186,1.0077225266666245,0.36707000385088556,0.9469244558640834,1.54674110743298,gamma,6,true
z_alpha[9],0.6815370504538458,0.3415088546284859,731.5953528171763,1303.9435666158342,1.00867676362987,0.13637896723193582,0.6810230976720626,1.2496533552066813,gamma,6,true
z_alpha[10],-0.4284014847117372,0.32658915926664295,709.551587284583,1591.285692646793,1.0006456809373838,-0.9648302245984672,-0.4326207538496092,0.10167773759610191,gamma,6,true
z_alpha[11],0.0732736960409997,0.3581026966074243,820.0154982316111,1517.0401511424134,1.005568482088822,-0.4984733852220992,0.07014368511176255,0.6560896612680478,gamma,6,true
z_alpha[12],0.043751157606240355,0.34072587428978657,843.6167512025996,1430.749166335532,1.005117815227824,-0.5204034272432971,0.0506668781293257,0.5834608517672046,gamma,6,true
z_alpha[13],1.088834972972063,0.3806008719770156,779.0096003782828,1360.0100019925321,1.0078584221733997,0.4806523918378569,1.0856519208187874,1.7142924691277805,gamma,6,true
z_alpha[14],-0.7488157040109181,0.3251365701469031,645.1200474083865,1365.321664743481,1.0016962671950995,-1.276478534348222,-0.7482052904929912,-0.22098565767830045,gamma,6,true
z_alpha[15],2.579319239758671,0.44455880468891806,851.6138440968048,1568.6061195189566,1.0066562915921802,1.8801400219874067,2.569643351098571,3.3100807540032506,gamma,6,true
z_alpha[16],-1.0095648625208447,0.36183136447092334,884.8370242638154,1328.0961115316702,1.0030573898985546,-1.6166520442219425,-1.0080684460632456,-0.4076150989830691,gamma,6,true
z_alpha[17],-0.4869349326020856,0.3444520388083689,834.7484723199158,1547.691175139434,1.0044425970641988,-1.0617470094136228,-0.48117631193110855,0.07414140465928397,gamma,6,true
z_alpha[18],-0.09747166329680444,0.3578650307137028,851.91367326619,1637.8599782497638,1.0055010721415711,-0.6747236422085954,-0.09836022087840066,0.48438149500097016,gamma,6,true
z_alpha[19],0.45655549167602427,0.34332636664931926,829.0721592140093,1665.168691444417,1.0075794772396724,-0.10403621321272143,0.4536616980071837,1.0155434547106663,gamma,6,true
z_alpha[20],-0.23738368473663815,0.35372019432019625,796.4687661069221,1439.2600294722754,1.0059349543978076,-0.8280879521300397,-0.23414327765022647,0.336505709013886,gamma,6,true
z_alpha[21],-0.691109488033677,0.3535233351922534,770.8231635639156,1596.4816270885049,1.005073830608165,-1.2757509989314932,-0.6851184032022329,-0.1265586833984883,gamma,6,true
z_alpha[22],0.4228622840190213,0.3310985783531066,728.8544956580822,1487.6053237225567,1.0026316233947266,-0.11633614837984743,0.4144940680611525,0.9717336752580528,gamma,6,true
z_alpha[23],0.5504540441655658,0.34054379771031995,739.1204386258984,1286.2264557084502,1.0079579339645797,-0.018229648140755735,0.5511390081580114,1.102669623742562,gamma,6,true
z_alpha[24],2.551330611883015,0.4428177594935072,855.4619542169258,1298.547571429256,1.0008688811686448,1.8457042571506355,2.5381018482888917,3.308440418578376,gamma,6,true
z_alpha[25],-0.2558950225825774,0.33797577158304815,729.0896179156932,1495.771023843191,1.0063758816310036,-0.8185205358575771,-0.25859474659101966,0.2893750536509794,gamma,6,true
z_alpha[26],-2.1345225092836317,0.3970585556164064,704.8313082504216,1588.6319600017343,1.0019857946113915,-2.8090852595803155,-2.1279312003995576,-1.498728942665918,gamma,6,true
z_alpha[27],-0.9069301662595703,0.3563460503241263,693.0877186587772,1425.0000396161056,1.00434445888098,-1.4936270706006571,-0.9062180692247894,-0.3277688869107465,gamma,6,true
z_alpha[28],-0.7075359494669824,0.3225320637452078,629.4635137485059,1296.2135566168206,1.002330941990847,-1.2473171545216852,-0.6973985615825682,-0.17805962441403064,gamma,6,true
z_alpha[29],1.130199119487207,0.3942550982298123,856.6771751458995,1416.040515651729,1.0063495178835904,0.49158823293866094,1.127815174472676,1.789933246105554,gamma,6,true
z_alpha[30],-0.4026539318117367,0.31880065820350306,643.7369795537343,1399.989911700081,1.0011560123616832,-0.9422402179508668,-0.3967884343553414,0.11622275784448405,gamma,6,true
z_alpha[31],0.059677279336004474,0.3412487110202413,794.7672680698704,1497.9950807965715,1.0066314197407726,-0.5129162063093342,0.054787422563051254,0.6186411518141485,gamma,6,true
z_alpha[32],0.5719467486146275,0.3270645753556266,740.0938444723639,1679.4121944448827,1.000648834499882,0.05049699821349786,0.5655074197132692,1.1258435058830516,gamma,6,true
z_alpha[33],-0.21557503738283731,0.33571445169422426,746.9052015416303,1412.894538509774,1.006224384812324,-0.7644319068679566,-0.21377942528966354,0.3237853453751876,gamma,6,true
z_alpha[34],-0.5642720225276208,0.32129520428913255,659.0581094235516,1455.6544402993816,1.0013775861213687,-1.0852964515491343,-0.5725022530357834,-0.031229399695941372,gamma,6,true
z_alpha[35],-0.4292592404703528,0.3546127269609848,843.997880514968,1545.7845550543423,1.0060399683344572,-1.0155889050083096,-0.4316970076736607,0.1413090716870965,gamma,6,true
z_alpha[36],-1.075750516766125,0.37404153194251044,907.5005845614191,1570.0056844989217,1.0026642605397826,-1.6931602717065846,-1.0575332627000054,-0.4705351320592375,gamma,6,true
z_alpha[37],-0.8849131649025719,0.3531649025958757,872.2873590287151,1280.6429831481128,1.0035342604131503,-1.4665303475258082,-0.8806550334900524,-0.31180829368782415,gamma,6,true
z_alpha[38],-0.6878567740439513,0.3549002815180704,816.3074020308524,1644.7711579521988,1.0033313182289747,-1.274565811574129,-0.6843187965468636,-0.1324575612975793,gamma,6,true
z_beta[1],0.18570247864440748,0.30797301823112827,669.0627373129511,1661.0169390984202,1.0031844035407116,-0.3257819755066108,0.18813137023126833,0.6865893629846785,gamma,6,true
z_beta[2],-0.29812701896884325,0.31359012801225306,714.5654644019837,1568.2342826611691,1.0045310782826236,-0.8129192423689475,-0.29992292312199376,0.22941772656291237,gamma,6,true
z_beta[3],1.027624369744739,0.328284590087467,713.4541071290929,1156.7638864172088,1.0049552191794116,0.4977048507117701,1.0223797818971283,1.578762448345077,gamma,6,true
z_beta[4],0.2809086863520425,0.3398161435156682,628.2581323557276,1302.3541319858723,1.0048590212573736,-0.27574844554915834,0.28089805141098806,0.8399172874725441,gamma,6,true
z_beta[5],-0.7203186999589021,0.31873048531052833,645.6885830548789,1237.9984132424925,1.0024305738764787,-1.2421598225517116,-0.719376645781276,-0.19704788084114044,gamma,6,true
z_beta[6],0.4466990836453799,0.34827406067625843,931.5861623063057,1856.922256516274,1.0009809510147178,-0.12251630885260584,0.4451994326601217,1.0318326689388715,gamma,6,true
z_beta[7],-0.36224773520915493,0.33729283823385436,738.8310093842834,1442.8854861441578,1.001847361880745,-0.9220802643972721,-0.35957693928280615,0.186634676888081,gamma,6,true
z_beta[8],-0.7030807260348315,0.36508127340276436,632.6488826925498,1321.81651420935,1.0052220318394758,-1.3069248606205017,-0.7010967739325258,-0.11231711945947473,gamma,6,true
z_beta[9],0.01733113228939363,0.30700152996898156,698.3397415824675,1330.6780927153716,1.003097127680251,-0.47604331121121773,0.020468581632416185,0.5328183928757106,gamma,6,true
z_beta[10],0.31679392949748636,0.31671952098002465,776.7774664406576,1591.6621511907379,1.004345078361483,-0.18995739227329828,0.32166582662045506,0.8494862367421203,gamma,6,true
z_beta[11],1.3564112328464217,0.36243587042752207,875.3631415260443,1344.8665690512419,1.0045774457897447,0.7770098218135645,1.3489939106553326,1.9461062927974724,gamma,6,true
z_beta[12],0.4593704373594654,0.33858184881066916,635.263576875545,1133.8720460448287,1.004266242304123,-0.09339160200205193,0.45747038426646386,1.0182309896598838,gamma,6,true
z_beta[13],-1.405074459235197,0.3773543489448014,650.6864564064463,1365.8262146819982,1.0022183130180358,-2.0301023176253374,-1.401026464972755,-0.7879845737790795,gamma,6,true
z_beta[14],0.5377165731514016,0.323939605705012,689.9174659169436,1485.5159120959217,1.0042240337433628,0.024056228263193945,0.5330797168022972,1.081463756847305,gamma,6,true
z_beta[15],-0.8258686487393843,0.3608234964459853,575.5983320784669,1234.7472837555058,1.005318029611358,-1.4199741528217784,-0.8244605022892613,-0.23597698114498553,gamma,6,true
z_beta[16],1.2190950986517441,0.34753960232679065,958.8601387523848,1568.286336985515,1.0018829293319098,0.643974035458164,1.21470209585513,1.7947701776588711,gamma,6,true
z_beta[17],1.202734016062278,0.35005389428469363,674.0759481724335,1256.260206781254,1.0035694875741996,0.6430899993621979,1.1994847741585224,1.7766211854638734,gamma,6,true
z_beta[18],0.3075196793820099,0.3406643917861909,897.5631696221562,1706.0746676245606,1.0020141137254157,-0.2627161918861865,0.3122782772078413,0.8744184930334953,gamma,6,true
z_beta[19],-0.22068192781889365,0.3478774910015948,574.7054645481742,1277.1444908405358,1.006402623885602,-0.8025823746780794,-0.21892573832716672,0.3488232012283378,gamma,6,true
z_beta[20],-0.6037816148693017,0.34971508895278974,765.1612524887605,1522.7215355726305,1.002023596816276,-1.178716020652589,-0.597256120393144,-0.040354144986014244,gamma,6,true
z_beta[21],-0.3610622938326965,0.34696056150804655,618.1581684061877,1414.1456702688304,1.005990624802006,-0.9360531994537592,-0.3571618539710367,0.20940885076036947,gamma,6,true
z_beta[22],-0.2732367131784009,0.3194624670174107,723.8934392137091,1494.014394090775,1.0055748343794348,-0.7931162243491777,-0.2725674064367849,0.24923117449019963,gamma,6,true
z_beta[23],-1.6674289671811602,0.36837654116373253,692.5849543579069,1549.8492831561337,1.0018420117815212,-2.300245099442308,-1.6592222815697342,-1.0772534022538236,gamma,6,true
z_beta[24],-3.160640080814399,0.47247083410441376,708.3004694343787,1377.7461830069774,1.0049621400459503,-3.949818386737557,-3.151479602045412,-2.38461617917195,gamma,6,true
z_beta[25],0.5465057892541394,0.3255970601992002,734.9605617462387,1572.9835020273217,1.0032957308522619,0.01807661721962855,0.5393952240148618,1.0903291844328074,gamma,6,true
z_beta[26],1.4707774152481985,0.36691296630264947,719.2700907932827,1408.6243017402267,1.0047709460300216,0.8817909258022036,1.4578511901336304,2.1071017674621193,gamma,6,true
z_beta[27],0.10616380132779017,0.31554103431823277,757.1556108518548,1580.0160497854713,1.0037857342023666,-0.41151492605251655,0.10411701076075014,0.6218914535379774,gamma,6,true
z_beta[28],0.745812367493531,0.32791505337787863,723.58744365867,1406.751891827514,1.0038175244372987,0.22631173980620153,0.7473539634499013,1.2851180400658166,gamma,6,true
z_beta[29],-1.3921113919786894,0.38075765750080887,706.3261597738883,1410.9089631213612,1.0029241649666252,-2.0316125488487873,-1.3815649944909816,-0.7793503457110503,gamma,6,true
z_beta[30],0.2689422458105328,0.31098425256668305,722.057751823502,1490.7807000507485,1.0036610118994376,-0.22913861915817857,0.26467582227735464,0.7860656289415269,gamma,6,true
z_beta[31],-0.3633930461491645,0.321241390082854,710.9241783433783,1518.1346669980148,1.0029577994598458,-0.8849860768553536,-0.3664951682636811,0.16966947429692192,gamma,6,true
z_beta[32],-0.5012433043770075,0.3098963063296223,740.7178362722195,1631.4209715960103,1.0045160087776421,-1.011101217464338,-0.49815854561573925,0.0010657382483054156,gamma,6,true
z_beta[33],-0.027119059657856614,0.3194804334482742,695.9788532137168,1570.5580334228828,1.0031060035510257,-0.5510585501851981,-0.03224520799270543,0.5003070525577074,gamma,6,true
z_beta[34],-0.7585884168202366,0.3182368002058288,722.4925735637745,1582.1210785072635,1.0046134406902059,-1.2917745275157442,-0.7586866104639542,-0.24089608825522646,gamma,6,true
z_beta[35],0.8321406985468673,0.33880741081368604,899.5797455988766,1545.7910178303525,1.0027924000497057,0.27608311603562113,0.8316189349783552,1.4191374586288081,gamma,6,true
z_beta[36],1.4510959265403534,0.3646217663775212,697.4782724070925,1252.2059001353052,1.0019809948533405,0.8698714056189688,1.4454808934955965,2.064648977266084,gamma,6,true
z_beta[37],0.4622964024050915,0.3263458463710244,812.9366058213953,1697.8334728255268,1.0024458782212817,-0.07267781570110772,0.46118635338230873,1.0029712546327554,gamma,6,true
z_beta[38],0.14691339555427985,0.3484863229789974,640.9636755902384,1484.1795293477567,1.0044233913111338,-0.4281247379614178,0.1512761043378395,0.7192738672717689,gamma,6,true
noise.nu,65.22591213401128,3.1787195251428115,2820.295780269168,2517.582435619297,1.0022310179676586,59.96047670194795,65.19429036982731,70.43810095856786,gamma,6,true
mu,0.21680445289686187,0.00592642792135018,3509.88727529274,3090.199826183037,1.0012361500712847,0.20693699656110046,0.21686202685836414,0.22643169274990307,gamma,7,true
gamma,0.181393761040825,0.008285902171062726,3176.1525649746964,2945.9544808799087,1.0008896102339522,0.16792236825507842,0.18121855352226088,0.19492867032373326,gamma,7,true
sigma_alpha,0.13424172595869804,0.017248439288377503,711.6127761259045,1294.7134168783816,1.0044862827108514,0.10914404700803751,0.13270047501781024,0.1648353507583404,gamma,7,true
sigma_beta,0.14241006030162032,0.018079147374675898,723.4453079337395,1097.8149349698936,1.0010116478368556,0.11561403311554953,0.14095723463178167,0.17495174741558722,gamma,7,true
z_alpha[1],0.3634563404086817,0.33367094708850176,1203.087647905751,1704.165576500623,1.0012857143980214,-0.18496520603713365,0.36815404255891193,0.9037037392308392,gamma,7,true
z_alpha[2],0.06497291976027744,0.3338513104182575,978.3296943743157,1413.5007821229426,1.0033348482956106,-0.48992381570030363,0.06268542499652989,0.6000441467102486,gamma,7,true
z_alpha[3],-0.6050270979203626,0.3410410031731908,1235.732535727968,1792.3866312617263,1.0024734011236278,-1.1793986853210414,-0.6016141563669957,-0.06164672139511882,gamma,7,true
z_alpha[4],0.2756394488654638,0.34439721059494927,893.0761393137186,1625.7912371426755,1.0043743250379271,-0.2889253208225096,0.2665192168410717,0.8578434606736173,gamma,7,true
z_alpha[5],0.8188580471589919,0.3424142866637719,1210.2731961596385,1892.6908986694657,1.0021898408439376,0.2517401572496835,0.8147402184041383,1.375967011324856,gamma,7,true
z_alpha[6],-0.35667399003897715,0.3654257450906477,1182.4019426865932,1521.1382834659908,1.0011725662806077,-0.9642184770498761,-0.3468723178423425,0.24265365435434566,gamma,7,true
z_alpha[7],0.6290156250313153,0.35016915764351647,979.3383272088163,1645.585438912673,1.0012070842234513,0.0688780056179346,0.6194160637878809,1.2275153491981134,gamma,7,true
z_alpha[8],0.8051758389204319,0.35642185559451284,1018.8408312271384,1961.007399153286,1.0022825808325366,0.23609331955796806,0.7927463273543124,1.4102028120590504,gamma,7,true
z_alpha[9],0.6097631635706809,0.33598071971750476,1247.8714805207364,1977.822278886161,1.0023651859608538,0.05730829096323052,0.6091666114234229,1.144178547884834,gamma,7,true
z_alpha[10],-0.4894171403677975,0.32756273207046144,1041.3950336356218,1874.4481213350355,1.0020561133476014,-1.024432787224456,-0.4824819179588458,0.05488089673681301,gamma,7,true
z_alpha[11],-0.17930559320848513,0.3431076925066785,1204.1495676305021,1844.2750069678696,1.0013554488979246,-0.7408480324633069,-0.17827432072490546,0.3843186352472667,gamma,7,true
z_alpha[12],-0.004948787905281453,0.3459105511599293,859.9067177256927,1577.8699464113165,1.0037333376125543,-0.5768309475945623,-0.012742659565470812,0.5774730416219104,gamma,7,true
z_alpha[13],1.029537811083444,0.3600358742216231,972.9165697174756,1717.0656460836908,1.001615191234281,0.45369230171572456,1.0292818282579086,1.6136634028463233,gamma,7,true
z_alpha[14],-0.6143799707870804,0.33608533311593014,1056.5904674217732,1649.868587350852,1.0031863072251157,-1.1644427052917632,-0.6121104154304289,-0.07473216147703236,gamma,7,true
z_alpha[15],2.640294808657366,0.44873403183102106,1042.5566917589802,2176.237383556094,1.001847880321687,1.9528902515461426,2.6330025623690556,3.4074442102229834,gamma,7,true
z_alpha[16],-1.1535170801774326,0.3606039886046572,968.7837760498186,1574.335283941752,1.0010860070840586,-1.7503087119774468,-1.1536262195518057,-0.5650934609240318,gamma,7,true
z_alpha[17],-0.24396804051675297,0.3495456425674816,864.7665891134632,1717.5861606453932,1.0058462920275568,-0.81779282005515,-0.24334630052730488,0.3293945213106478,gamma,7,true
z_alpha[18],-0.15205440215257834,0.35315717528053425,1023.7543321050497,2032.9695525099717,1.0012561674357499,-0.7246804858924951,-0.1575257773273004,0.4351541158157905,gamma,7,true
z_alpha[19],0.40869769692640695,0.35384635931410485,1039.9842899646928,1907.6910787799939,1.003931317219325,-0.16186026339271575,0.40509093090295467,0.9993637328770192,gamma,7,true
z_alpha[20],-0.27380371813151166,0.3532515329329884,1130.222328821069,1686.209875076812,1.0011634402397092,-0.8533178696358231,-0.27774645639188933,0.30354261925715237,gamma,7,true
z_alpha[21],-0.6968110984851265,0.3580955450387462,894.5127802657025,1880.0211157673677,1.0057386670233444,-1.2944890521337165,-0.691713226404766,-0.1136161082143804,gamma,7,true
z_alpha[22],0.5398235998869586,0.3511877409535743,1105.171524068377,1617.242493659451,1.0020133724189364,-0.043112174441764205,0.5352534348470712,1.1306826840268098,gamma,7,true
z_alpha[23],0.5814432722533565,0.3397660103547306,1210.1563800947745,1871.2061243460796,1.0022861145496214,0.026446478359913393,0.5870843703514866,1.1320877332202248,gamma,7,true
z_alpha[24],2.587529417251894,0.46224252985391767,937.7006389060234,1785.531635525048,1.0023932019977024,1.8476404436483147,2.5706403369661217,3.3612911881761,gamma,7,true
z_alpha[25],-0.41640431203068584,0.3473982262653951,1230.8646536021554,1732.2204785303863,1.0020365677568306,-0.9978638536900253,-0.41116745194431215,0.1420137530922785,gamma,7,true
z_alpha[26],-2.181515551829699,0.4005269780861585,841.7033219649484,1433.5474783926795,1.0050544671315638,-2.8541975402990203,-2.171312242647673,-1.543659967051626,gamma,7,true
z_alpha[27],-0.7506271070339046,0.3615213549356592,1272.1927422284464,1771.9050152536463,1.0033920401377077,-1.3589816272870803,-0.7461118477881585,-0.16400509095580024,gamma,7,true
z_alpha[28],-0.851573887176929,0.33838649422756295,1036.8639593291375,1547.883761167632,1.0038150648800683,-1.426601063209967,-0.8491314703772739,-0.3055607486541733,gamma,7,true
z_alpha[29],1.2038248023517988,0.37205623775041896,1084.729750226772,1643.4194319860073,1.0010770992569735,0.6082713340050873,1.1994942893297549,1.8135873544547954,gamma,7,true
z_alpha[30],-0.4235458131998271,0.3307562276019872,1013.9229380225303,1486.0621194818627,1.0031972500075903,-0.9657550285543236,-0.4233950996604621,0.10839636930069897,gamma,7,true
z_alpha[31],0.07881442348746662,0.33681253450720827,1269.6639673582508,1967.6508042485045,1.0025718062500504,-0.4681934636895499,0.07644377311862427,0.6285157282330422,gamma,7,true
z_alpha[32],0.5344025120273131,0.34224636026738164,1004.0199483853513,1431.9375451352585,1.0019686606935745,-0.019095811462831423,0.5319777417504716,1.1011463468358955,gamma,7,true
z_alpha[33],-0.06712368213150263,0.3374121123787601,1242.8150038437018,1821.9073553243927,1.0017751721896486,-0.6152173878070062,-0.0627710064787121,0.4762772935360134,gamma,7,true
z_alpha[34],-0.5511027681553863,0.326178071722923,1022.4628816783587,1484.3412667183104,1.0035508962319244,-1.0968233913616503,-0.5410941071661375,-0.02940426055489353,gamma,7,true
z_alpha[35],-0.35904898466785434,0.346078496647335,1003.9724259820304,1622.7828466910744,1.0010101112085819,-0.9234495076370265,-0.3620790797070631,0.21413644507470803,gamma,7,true
z_alpha[36],-1.1048744221423503,0.37633991145361084,811.7975960459174,1827.6227759151648,1.0069715043478955,-1.7208239005921053,-1.096914414618475,-0.48550386993081596,gamma,7,true
z_alpha[37],-0.8309730923591324,0.3610245484341587,1009.5353048543212,1771.9414689832197,1.0018823118756321,-1.4249840592986391,-0.8272840564447502,-0.23732865860014052,gamma,7,true
z_alpha[38],-0.6564039591499254,0.3611411874485416,844.691726441992,1868.5216918656376,1.0062168631541046,-1.2637695422262363,-0.6582281106469277,-0.057891061305220724,gamma,7,true
z_beta[1],0.19546693567042284,0.327759877803949,1016.4629593846728,1422.3289575585409,1.0024741961153938,-0.3351318211839836,0.188703329237887,0.7495476760660265,gamma,7,true
z_beta[2],-0.3283872394502038,0.3281063004839464,996.9127013872011,1622.133575888965,1.0036872859294592,-0.8738962475131397,-0.32142661235365977,0.1963158682521565,gamma,7,true
z_beta[3],1.0141190932696493,0.3443357261476812,1004.7682211360309,1441.8864187006689,1.0023038519405503,0.4661379786455007,1.006354395398438,1.6034664745473104,gamma,7,true
z_beta[4],0.2983378178738689,0.3371303193068265,982.9735338378762,1694.5919895931638,1.0024924746561301,-0.2521680578656701,0.29540865152191004,0.8529017209593381,gamma,7,true
z_beta[5],-0.7143830739622608,0.33901810466470267,1010.333596783231,1823.6667739679494,1.0011903803465674,-1.27851487379835,-0.7027535399676574,-0.1747727439410562,gamma,7,true
z_beta[6],0.3023495290836885,0.35066176291312695,1152.5662896975314,1645.7186216399043,1.0011210007381492,-0.2656152998880313,0.29875797403656845,0.8901004595500519,gamma,7,true
z_beta[7],-0.36672809036650456,0.32670601955239403,1161.6094475706395,1914.520759426463,1.0022660471302485,-0.9009241075102252,-0.3714469059068419,0.16566249765480398,gamma,7,true
z_beta[8],-0.43432413817300314,0.3531908719261113,854.2079935666842,1410.647189513391,1.0007523643724612,-1.0263748849431942,-0.4260281449747138,0.12940892354149613,gamma,7,true
z_beta[9],0.03799317010389012,0.3280186163207526,1050.7006864237592,1629.6026993564676,1.0019719597453314,-0.5020853188004263,0.0354348769795821,0.5799054585924197,gamma,7,true
z_beta[10],0.362699285126146,0.3303425243568717,977.3420709929001,1969.436747559496,1.004394725273433,-0.1871846448300233,0.363816265039984,0.9058041163891929,gamma,7,true
z_beta[11],1.4369146487025506,0.3646922589838169,964.3615175246488,1163.2857050733414,1.0025420317177527,0.8574500117810868,1.4313506927995596,2.0448697473907673,gamma,7,true
z_beta[12],0.49853606571212844,0.3421324303398198,1021.8165227511275,1912.9685533091274,1.0013435472588523,-0.05690148961514964,0.502649173051872,1.059917815547962,gamma,7,true
z_beta[13],-1.3356170089118058,0.3562980951716184,1135.9988954115865,1831.9703772912812,1.0003008814285799,-1.924100570520272,-1.3280440359901378,-0.7516928062373813,gamma,7,true
z_beta[14],0.4122172168343682,0.33310789305331684,948.147182108951,1767.7415083676008,1.0045711040374414,-0.12089257342891345,0.4056618290847023,0.9579991277791445,gamma,7,true
z_beta[15],-0.8612656099216461,0.3670333197960877,846.6849158797031,1759.063930649248,1.0010376639586887,-1.4765818353548272,-0.8520342516302164,-0.2683608312516856,gamma,7,true
z_beta[16],1.4455347468045943,0.3734907987488212,971.1182181838872,1417.3020787475236,1.0035784089880193,0.8539500078263936,1.4320827630706252,2.0825326531526804,gamma,7,true
z_beta[17],1.0097254094661616,0.3539320261118371,1010.6648008060401,1630.5590961699634,1.0031937517815022,0.45111073952655695,0.9959820219979695,1.6120589083387413,gamma,7,true
z_beta[18],0.2946138975386218,0.336729465762136,1158.057366291173,1410.04601592098,1.0028100318337314,-0.2517231050771424,0.2907571347785265,0.8525933026783967,gamma,7,true
z_beta[19],-0.13783477554006335,0.3465049664826819,891.9678032388694,1643.963586793581,1.0018059637157033,-0.7147902168790161,-0.13600027485715824,0.43817322095617856,gamma,7,true
z_beta[20],-0.5396561704357984,0.34251531396491663,1195.2562445713536,1932.6003099467816,1.0015061822924307,-1.1099848798119756,-0.5357523812530067,0.02021810811920771,gamma,7,true
z_beta[21],-0.3993356039791501,0.3495241010409824,907.0182497400258,1704.577905890342,1.001572416210358,-0.978329286064523,-0.40017820042229035,0.17872471098054607,gamma,7,true
z_beta[22],-0.256338932889797,0.32646354410555445,1039.7803396965708,1601.2763207854518,1.005298729561017,-0.797313771754287,-0.2517482112413443,0.29167365425614555,gamma,7,true
z_beta[23],-1.7747947325386644,0.3951364438747748,1010.5905945815443,1810.551107069637,1.001802330762741,-2.4663585050943495,-1.7618672561218032,-1.1477828665946932,gamma,7,true
z_beta[24],-3.097015810625881,0.46446055799485925,850.8441136416723,1900.6676217090665,1.00205939264593,-3.8863502408427015,-3.0795040859346186,-2.355361626017263,gamma,7,true
z_beta[25],0.6659923292138554,0.3449532214261478,995.6132130809357,1410.5545409826004,1.0029299852919602,0.10619904224454033,0.6550049148663881,1.2485519334105186,gamma,7,true
z_beta[26],1.512890125707207,0.38101715281646376,847.9518311167437,1296.893942705548,1.0047446254318675,0.9046120696336134,1.5096729726419063,2.151443521569876,gamma,7,true
z_beta[27],0.03531492240346638,0.3409139334953512,1095.1065547288983,1482.890903577543,1.0026358099272175,-0.5132256654178244,0.030293801467928677,0.6137360547732212,gamma,7,true
z_beta[28],0.7959125251022666,0.34208835593039205,888.2611769960133,1714.1611246757384,1.0050917691854082,0.24517063335786643,0.793992027998546,1.3529356725130135,gamma,7,true
z_beta[29],-1.4666176647563984,0.3665514555841347,1214.8245291236624,1659.5802442958945,1.0003062223378045,-2.0894954964711485,-1.4587449068212375,-0.8848686116503841,gamma,7,true
z_beta[30],0.26927383242358394,0.32691309841426447,928.6510618115323,1693.7306432904727,1.0058141847255082,-0.28464647768068235,0.2656725887391178,0.7990748684304341,gamma,7,true
z_beta[31],-0.4151582561250213,0.33330700889943776,1037.3343204409325,1807.388422042341,1.002332372203003,-0.968795455274726,-0.4168389143328639,0.13600862958125046,gamma,7,true
z_beta[32],-0.4332779600607273,0.3209520523445818,912.9411460660799,1983.2099149980459,1.0049375735898418,-0.9626715859561368,-0.4326355401537594,0.09117965341562156,gamma,7,true
z_beta[33],-0.048585687819156245,0.3347971230483256,1038.6191450933345,1379.4713319047578,1.0023265802121974,-0.5914058378779322,-0.04930788092897601,0.5143078885264774,gamma,7,true
z_beta[34],-0.7314373152345471,0.3268284605824522,959.52776349773,1501.563728619798,1.005100971255346,-1.275792843091195,-0.7244797549547073,-0.1948247646205849,gamma,7,true
z_beta[35],0.7146432493546335,0.3447747481380687,1054.0756197133303,1659.5257958513787,1.0028053035726658,0.16636846426278512,0.7101576915405805,1.2994880717164763,gamma,7,true
z_beta[36],1.4273706445164072,0.3746324070449045,1068.7592611239586,1616.7122200972376,1.001679042787843,0.8227567375636767,1.418913761083953,2.0517839260143815,gamma,7,true
z_beta[37],0.4769720362877906,0.33564020964322433,1061.2997131123911,1593.8489730980712,1.0015168000567418,-0.05910580334127971,0.4658130680892948,1.0465852558312443,gamma,7,true
z_beta[38],0.14010063558772362,0.34626543285744066,932.7033145238984,1628.8144446647902,1.0014416213824724,-0.42475246997054106,0.13611961891683821,0.7077019922427753,gamma,7,true
noise.nu,62.912261677537785,2.9798979363780997,4266.640984134008,2926.3564476670044,1.0008595996002445,58.07993387944338,62.85000330935677,67.82133049697445,gamma,7,true
mu,0.2204169271226454,0.005776517281252915,2661.4934704177867,2870.5425197955133,0.9998549920873194,0.21079645362551178,0.2204522804974449,0.22973744626140075,gamma,8,true
gamma,0.17493689773080223,0.008169861429156825,2428.969337142243,2739.348841028163,0.9995997447634276,0.16183969249826935,0.17480567719756918,0.18854114288119392,gamma,8,true
sigma_alpha,0.1351317733969663,0.017661605302254055,952.6911114687688,1382.8241725882333,1.003349899707092,0.109472786482632,0.13335053238679048,0.16614915037722078,gamma,8,true
sigma_beta,0.14850501112213424,0.01909302187951726,652.6914876136983,1640.1618350660815,1.0023806089721858,0.12054112186839666,0.14689794191380334,0.18305921627775162,gamma,8,true
z_alpha[1],0.34175760461839894,0.3291965081269589,760.2579562655743,1271.5284125020899,1.0044177260445024,-0.1962743277570552,0.33926531758469514,0.8871868119317159,gamma,8,true
z_alpha[2],0.15278542741972398,0.3398445898610544,992.1703746367881,1761.222324123615,1.000589054699913,-0.388705220197497,0.1487845537884452,0.7287928050633601,gamma,8,true
z_alpha[3],-0.6567493848682697,0.3458206362056827,715.1030990538356,1502.9596127616549,1.001894523851269,-1.2393517708917308,-0.6498033409509247,-0.09508129019091854,gamma,8,true
z_alpha[4],0.32696332419615987,0.33330294590435255,881.9558966064665,1682.7382412615284,1.0050178114750707,-0.2067971201105449,0.3204498400295961,0.8962673546012085,gamma,8,true
z_alpha[5],0.7892741327806937,0.3380026376619269,817.0986931497989,1670.0199899268018,1.0048715205047853,0.2345622187104978,0.7865628088247825,1.3574456780737265,gamma,8,true
z_alpha[6],-0.3539855817569171,0.3639517844350963,928.0533328631245,1908.4465857346602,1.0033538930409573,-0.9401816300941114,-0.35464217341253584,0.2428593877494803,gamma,8,true
z_alpha[7],0.5816871442293032,0.34637290026564416,897.6743296164778,1836.4037539591611,1.0021969147838086,0.0052988706238945105,0.5768966658389753,1.1573602092580126,gamma,8,true
z_alpha[8],0.876325974699367,0.34061202503509797,995.0913659588066,1792.3546750394898,1.0042570950504743,0.328995477158983,0.8674048086279907,1.4464429808254962,gamma,8,true
z_alpha[9],0.677826291912603,0.3344713844632976,876.2336954870246,1466.4703102566673,1.0054243939846068,0.13847225497321441,0.6673570279066183,1.236766915799837,gamma,8,true
z_alpha[10],-0.6337114232685838,0.3312129936049105,924.5752494039782,1825.0438504254873,1.0008051384081786,-1.1683900570881642,-0.6345856826253411,-0.08588382800827846,gamma,8,true
z_alpha[11],-0.16010687485247263,0.3390962026847295,794.0669726970865,1526.2299418960208,1.004975919906384,-0.7218613329420775,-0.1552998296953931,0.38942310207235475,gamma,8,true
z_alpha[12],0.04278722948008898,0.33319051465428884,880.9472848264868,1874.315575701634,1.0047490123305152,-0.5048542542136735,0.04006601216589813,0.5889461566252062,gamma,8,true
z_alpha[13],1.071730762959913,0.36157327534780714,1000.8129880193817,1769.8055686177245,1.002861874484587,0.4936331671738854,1.0673240556673655,1.6903175299338873,gamma,8,true
z_alpha[14],-0.6773569557560079,0.3326466078252074,938.5394856944649,1799.038416400276,1.0003679795311473,-1.2244931653979358,-0.6771829457344527,-0.12019835430418395,gamma,8,true
z_alpha[15],2.5941119633422893,0.44244139133362886,1076.1095278610608,1552.3379100680481,1.0035746918435993,1.865495418454914,2.5837345728411067,3.333501818070876,gamma,8,true
z_alpha[16],-1.283882116028293,0.3870459303857914,952.1932782473576,1356.9862582257172,1.00354138538288,-1.9266000604800997,-1.2810466381516603,-0.6666649556775155,gamma,8,true
z_alpha[17],-0.6287256545816572,0.3520801729433745,814.239413311239,1619.2866545149527,1.0052588796718054,-1.2018139230137002,-0.6279769589866475,-0.0534992279087568,gamma,8,true
z_alpha[18],-0.10597349532508994,0.35625272466051316,958.9176155253625,1709.3664886398144,1.003441512683382,-0.6880604888375891,-0.10737486718125319,0.4708205109839255,gamma,8,true
z_alpha[19],0.40176101740591164,0.3382223078645867,958.615420463633,1782.1419981854065,1.0044203959496676,-0.14016497080202464,0.39329261661808473,0.9657989645652706,gamma,8,true
z_alpha[20],-0.15145019281555402,0.3589186444040504,1022.6202320661049,1689.7060518989879,1.0019517178668322,-0.74007048713431,-0.15545884618176015,0.4318508452960761,gamma,8,true
z_alpha[21],-0.6542510033446185,0.35335375959612425,849.0075917854631,1690.4492787481076,1.0052998858740845,-1.2313723940378174,-0.6488513871814097,-0.07346264340075774,gamma,8,true
z_alpha[22],0.512914956045061,0.35100905512867625,974.511813125798,1773.0234805834814,1.0010815904427592,-0.057192267633008574,0.5028368823445709,1.1082239428156224,gamma,8,true
z_alpha[23],0.531063813923372,0.3311947864999663,801.4109484409515,1488.1962522179203,1.003725704903562,0.002527190434624343,0.5291451538698598,1.0818173653331609,gamma,8,true
z_alpha[24],2.543759991519302,0.4710176242061995,956.6809475017845,1505.8547366586529,1.001752733049899,1.7686256941625853,2.5295901815673885,3.3334528712771183,gamma,8,true
z_alpha[25],-0.4686445982068585,0.3453999398557439,762.9268174581372,1418.4315333516024,1.0023530931812377,-1.040497949952516,-0.46607627984478744,0.09925927973946112,gamma,8,true
z_alpha[26],-2.2217048526538603,0.40646511782985906,905.8245158526738,1597.696051095617,1.0013933672079736,-2.8905175327049824,-2.2170964890917295,-1.5612561586024962,gamma,8,true
z_alpha[27],-0.7579854137396367,0.3554316688066326,750.6440967747176,1281.5394460774487,1.002459675511136,-1.3410219406837414,-0.7554029278964731,-0.18657888519629048,gamma,8,true
z_alpha[28],-0.738633082856487,0.3411374096673065,922.9451966205881,1807.485930918197,1.0008793423109563,-1.2941737869268979,-0.7422558213057864,-0.16558006734245684,gamma,8,true
z_alpha[29],1.2205464603051173,0.3718593855547012,1079.050815917728,1953.8773469111884,1.0039828634448669,0.6264387588504774,1.2101819987305147,1.8391337108018204,gamma,8,true
z_alpha[30],-0.4443392422095191,0.3413207152268725,959.9298176114543,1804.260179425736,1.0006025823124862,-0.9906295289073038,-0.4491748337463961,0.12401404928509592,gamma,8,true
z_alpha[31],0.13672255854301635,0.3301732332805826,755.7214412340729,1511.676477149665,1.0053489515682423,-0.3972874999872255,0.13907567942860932,0.6823538874352076,gamma,8,true
z_alpha[32],0.5328722292026269,0.3406410615843711,954.6828998590404,1747.575196789113,1.001158461699258,-0.008993837926660886,0.5251508824017097,1.103032327507473,gamma,8,true
z_alpha[33],-0.12359292971122601,0.33401986956848734,776.2052478333314,1544.4950595664757,1.0027436293147889,-0.6570002582578337,-0.12111937704828853,0.43703076427752785,gamma,8,true
z_alpha[34],-0.4512990310186743,0.3324307431921801,919.479647331201,1729.1224561739898,1.0009913380133086,-0.9880138609554762,-0.45600136541492664,0.1014992432203749,gamma,8,true
z_alpha[35],-0.3886341355040323,0.35086967002081965,901.1961947221273,1553.0020340410972,1.0028589817674387,-0.9556955048622024,-0.38924433672581465,0.18212783238616337,gamma,8,true
z_alpha[36],-1.1171390073495582,0.37614420252450564,810.5857294782904,1842.3850231944036,1.0049362505207016,-1.7476730392567965,-1.1139732034240106,-0.5053960728063451,gamma,8,true
z_alpha[37],-0.8444208748401122,0.36765786658843325,956.9585096630113,1365.7674542213515,1.003419544136992,-1.4513095587741147,-0.8347159646027988,-0.2507396807698435,gamma,8,true
z_alpha[38],-0.6077929581314456,0.3511095214836005,848.4032495333788,1500.078583276266,1.0049486778574377,-1.1844655372660307,-0.6027048956216058,-0.03194575000367821,gamma,8,true
z_beta[1],0.15523421689130007,0.31946889503829395,558.5828150019689,806.9911426479878,1.007795539895643,-0.3674957487850593,0.1579632887357913,0.6866959214557531,gamma,8,true
z_beta[2],-0.25511687987473364,0.3110120381017816,776.3869939047877,953.66349614301,1.003859615730499,-0.7765768663167587,-0.2605983728948079,0.24976292574858905,gamma,8,true
z_beta[3],1.037976548768428,0.34670727604154084,539.9348467072829,1154.4449958233058,1.0089809326476422,0.4795517154948763,1.0346183462008436,1.633281054657333,gamma,8,true
z_beta[4],0.3321936452425385,0.3195628055038712,737.0135416423909,1311.560122193256,1.0027612915908244,-0.18897155081913714,0.3285609390692868,0.8620029119516526,gamma,8,true
z_beta[5],-0.7543288750475401,0.33082251322485196,601.3463903987911,754.8241328579104,1.0073598196661238,-1.3020674830464658,-0.748955656900839,-0.22313216090367993,gamma,8,true
z_beta[6],0.1963133538549651,0.3359044411589996,971.2722159326365,2014.0804510760452,1.004984457153277,-0.34937864217965486,0.19687221653238596,0.7709641597310024,gamma,8,true
z_beta[7],-0.35380828945856135,0.3295731280437925,849.493442432041,1655.0947616465285,1.007299265877934,-0.8926412122556752,-0.3537674803076356,0.17534343462515203,gamma,8,true
z_beta[8],-0.5086751586601672,0.3249323894689316,729.8433841741255,1673.2932157922285,1.0036262519187042,-1.0449905402518294,-0.5056660772195467,0.026340678848867514,gamma,8,true
z_beta[9],0.1502216049124142,0.3249608432510776,585.6832273025431,1058.7967429391806,1.0076924996899868,-0.3856838203175436,0.15315919587720522,0.6798975570694276,gamma,8,true
z_beta[10],0.4317929159013216,0.31480420937243836,700.4381546425892,1179.1016380591004,1.0032342540326316,-0.08314696103271407,0.42742126859120444,0.9523892804486361,gamma,8,true
z_beta[11],1.33441713183804,0.36161303532301725,592.6278045044476,1663.8310972613262,1.0079714425052153,0.737744903924168,1.3264532176307955,1.9342812359828794,gamma,8,true
z_beta[12],0.42449671835788777,0.32856930584601074,733.9128323410417,1556.7374244189875,1.0024380830552349,-0.11217340359086904,0.4193052449235214,0.9768206071680547,gamma,8,true
z_beta[13],-1.3062024254578875,0.36197240453202,766.5565131093641,1648.039761405698,1.0056961263911288,-1.9003679093643513,-1.305626054812846,-0.7196118398753824,gamma,8,true
z_beta[14],0.4786761501349996,0.31627678563468015,751.7764405599413,1374.8646166691367,1.0034984435547756,-0.043135327073252974,0.4800476145000141,0.9954992533776054,gamma,8,true
z_beta[15],-0.8951513870577922,0.34189532276966883,745.5704032266531,1456.556536574184,1.0027440828952594,-1.4621172106751885,-0.89409439077321,-0.33535727331335086,gamma,8,true
z_beta[16],1.584715065672993,0.3795554043794766,815.7037614984379,1863.0975041546565,1.007188241743833,0.9803619231669409,1.5791054631384744,2.2215920277199332,gamma,8,true
z_beta[17],1.25628005077159,0.3530809082292397,708.3034496282487,1596.9778385704358,1.003058364369916,0.682020537686202,1.2543099625548573,1.8542051869945042,gamma,8,true
z_beta[18],0.24191287722751897,0.3398392395654172,968.3807732868396,2007.1081301485503,1.0072226225296927,-0.3128917777754578,0.2430073305273054,0.8113069195041855,gamma,8,true
z_beta[19],-0.14425053581005995,0.3219281142387307,785.804821921459,1433.8930055591848,1.0025602771354694,-0.672363603487579,-0.1417449575523967,0.3775393531962774,gamma,8,true
z_beta[20],-0.582817433889856,0.3412669340028373,886.8427056248005,1605.154771264291,1.0056948180349539,-1.1468704079239518,-0.5866009033248739,-0.03960796298121009,gamma,8,true
z_beta[21],-0.47757984108999485,0.32256593168180137,751.9705061115104,1575.6581132958693,1.0023967625859258,-0.9995769429016659,-0.47082809874737086,0.043014823580582444,gamma,8,true
z_beta[22],-0.2263805442681133,0.3060519238258268,737.4524739299759,1347.0710511253055,1.0031341001929501,-0.7296202960756578,-0.22400737156272799,0.27150421521617213,gamma,8,true
z_beta[23],-1.653988477691214,0.3778855306531554,693.6420522651355,922.8252683173948,1.0044306618246521,-2.2961028353833424,-1.6413269807870985,-1.052720643791544,gamma,8,true
z_beta[24],-2.9682023044148007,0.4535556802705491,644.4148192013267,1359.929097137384,1.0054529385455397,-3.7056691675684172,-2.96754553082339,-2.2333786660110677,gamma,8,true
z_beta[25],0.6619140277975081,0.33414394957948573,572.2421672338443,1151.8066144050747,1.008623242719231,0.12038443071854169,0.6621143520210556,1.2225596642125915,gamma,8,true
z_beta[26],1.4682244886970388,0.36522577056679445,689.2920235874706,1519.1285466954582,1.002102065166067,0.8846265581808934,1.4555356399259458,2.0914791099473584,gamma,8,true
z_beta[27],0.14971069076066562,0.33134124270615223,642.0731231671621,1343.891417485441,1.0073879764391387,-0.38860016559177624,0.14826567359038156,0.6915259792528765,gamma,8,true
z_beta[28],0.6899593808557718,0.3284413834126286,752.2384138432378,1265.56419704945,1.0031664274418735,0.15362884592814374,0.6810187929002754,1.2447081257864592,gamma,8,true
z_beta[29],-1.3361853301123965,0.36641204100366065,863.1684457813872,2133.375780187027,1.0038111289474119,-1.9553330172564012,-1.3288658865733,-0.7518558685774306,gamma,8,true
z_beta[30],0.15889712154586527,0.3180546947648009,738.3575857896286,869.1451686485999,1.0026341421976703,-0.37084978015567605,0.1555832043586582,0.680613023237092,gamma,8,true
z_beta[31],-0.5140746917928111,0.32974872170154773,670.817792490412,835.6377963594076,1.0064185536590609,-1.067021806322404,-0.5071872583926552,0.009662174485875405,gamma,8,true
z_beta[32],-0.44918490178514175,0.3120246789821037,777.6505251935989,1185.99507150469,1.0046949082409953,-0.9727876699553706,-0.44050713347001463,0.05805638532745857,gamma,8,true
z_beta[33],-0.16581909973365305,0.3253421745128588,596.0072326002552,936.8472684431493,1.006398348838441,-0.7050383108064594,-0.16409264373757668,0.37331269459069116,gamma,8,true
z_beta[34],-0.8786114899988645,0.3195903911475905,745.4507771726368,1249.020043941966,1.004481795721063,-1.412479110523452,-0.8753670937802442,-0.3651404532667909,gamma,8,true
z_beta[35],0.6449373936989826,0.33807421792783476,882.5360414411734,1964.806644369222,1.0078317069905038,0.08559051579400549,0.6389836989275532,1.1981224696194839,gamma,8,true
z_beta[36],1.3988169827421404,0.35612586562606763,629.1455574988653,1209.1883481937425,1.0027798161959063,0.8151956360567061,1.395175925758413,1.9821498149640342,gamma,8,true
z_beta[37],0.52427085613647,0.3365395141751642,915.28917187354,1816.2990160094678,1.008412435592819,-0.017696725023042745,0.5204114609665167,1.072542025376788,gamma,8,true
z_beta[38],0.024512085435922645,0.3242918713210643,726.1380399832415,1224.8668997457926,1.0023701202899356,-0.5009449921250138,0.0237451960007262,0.5667666200183631,gamma,8,true
noise.nu,62.827816522315395,2.9622926300762105,3037.9766974945655,2437.8677100320824,1.000110772256088,58.119694230099995,62.78841601672404,67.60233136071955,gamma,8,true
mu,0.21985117018024294,0.005971495492662942,3365.8973199907928,3085.2962329271527,1.001918517348514,0.20993071940924832,0.21982636502477426,0.2295349828101333,gamma,9,true
gamma,0.1754826259227912,0.008504536311260249,3304.626557010597,2872.6438297384884,1.0019723137711367,0.16124911964181035,0.17555121208382837,0.18938634615157457,gamma,9,true
sigma_alpha,0.13485087333554446,0.01733509874713054,875.9456235966439,1587.80609553115,1.0046566726307413,0.1097116129232796,0.13312735694104222,0.16593974781973356,gamma,9,true
sigma_beta,0.14632511308061805,0.019171577049327815,842.3919545776359,1427.457144506469,1.0090578581267944,0.11850647010918036,0.14397850421335612,0.18041373516706408,gamma,9,true
z_alpha[1],0.32420709710549067,0.3374877443310219,1233.5687200202456,2073.821058624262,1.0025437766552745,-0.21874359816034236,0.32718959694733907,0.8799135950270857,gamma,9,true
z_alpha[2],0.20010890397241576,0.3401210903268845,1001.3839326910621,1574.975481252789,1.0030677957924552,-0.35431226980952063,0.20175174136806406,0.7626470990116963,gamma,9,true
z_alpha[3],-0.6086518271866956,0.34824051194625366,1215.7269588884983,1929.3838550496546,1.003304287130626,-1.2163243217615505,-0.6001695237662237,-0.046213904281789384,gamma,9,true
z_alpha[4],0.21093599971174418,0.33658074254373865,1222.1662255114438,1794.664855648818,1.0060248887294885,-0.34275028140875835,0.21588728390712147,0.7549371041354122,gamma,9,true
z_alpha[5],0.8280148445979555,0.34753402307837883,1230.7337012538294,1914.2475944300552,1.001308352331397,0.25902230514409996,0.8256745480635178,1.4114812856771117,gamma,9,true
z_alpha[6],-0.3723828780843227,0.36673223739199945,834.5062077272104,1163.3540505535682,1.0035622808211575,-0.9704301777311686,-0.3631075042800649,0.22870606533874033,gamma,9,true
z_alpha[7],0.535535657780801,0.3496616836371862,843.1718216886056,1095.8495444745868,1.0038391143088707,-0.026583875325753,0.5268740366972244,1.1245259527004303,gamma,9,true
z_alpha[8],0.9294659182990553,0.3480258800623621,1221.5175226538147,2101.4021456174587,1.0047923829855787,0.36468792102076814,0.9191225653081696,1.5033980070658721,gamma,9,true
z_alpha[9],0.609611263932139,0.3515588036927286,1253.3578289840411,1735.5418381433974,1.0012316655497147,0.029515877358050276,0.6082666023975989,1.190127336928968,gamma,9,true
z_alpha[10],-0.6050422982423753,0.33712541802788076,977.0331555814665,1546.281439543996,1.0050967462449765,-1.161774538209939,-0.6018819305085281,-0.05556359386206675,gamma,9,true
z_alpha[11],-0.1935116079087599,0.3472204658301612,1249.6369092840157,1958.6818440228953,1.0021869551943456,-0.7756143224581284,-0.19854863254041072,0.3797977947210283,gamma,9,true
z_alpha[12],0.04720059483133578,0.3475936597139524,1320.9157315835025,2043.2626075124158,1.0055291088555665,-0.5318290386318245,0.05393091300045562,0.6150909852218515,gamma,9,true
z_alpha[13],0.9655304801080582,0.36363802097985093,846.4739017261156,1311.6336389771266,1.0057947019840776,0.38221443981611547,0.9546643492401488,1.5740022328679764,gamma,9,true
z_alpha[14],-0.763123157983041,0.34252644123961307,966.698017656522,1576.0756814219899,1.0043560979078214,-1.3344948132291063,-0.7538675093380137,-0.21142771631904847,gamma,9,true
z_alpha[15],2.5377742310705087,0.43503343712758136,1112.5658222165798,1746.2927839641877,1.0048651940119304,1.8583371892213543,2.5299621522169513,3.2585416413848356,gamma,9,true
z_alpha[16],-1.1636379258583984,0.3693143986953362,853.1158412899683,1596.7128658577067,1.0028596178109421,-1.7872271485760347,-1.1535556710233514,-0.5744469898587992,gamma,9,true
z_alpha[17],-0.38578015344139954,0.3504319007894013,1126.5451982547513,1456.8938695084892,1.007865246519621,-0.9792806428072574,-0.372375663612003,0.17568184341299856,gamma,9,true
z_alpha[18],-0.11531724286517558,0.3561737821231067,905.3994185319062,1610.60481074877,1.0013832657747324,-0.6998522716715463,-0.11888835980886492,0.4694277439775414,gamma,9,true
z_alpha[19],0.5384134323630652,0.34143721781188163,1220.447796125519,1656.9238641345808,1.0069957792402284,-0.015250911800501102,0.544595093728776,1.0983020245672408,gamma,9,true
z_alpha[20],-0.28374168455353216,0.3594900440127099,810.294187683126,1397.2121613126183,1.0029170255532827,-0.8646562460264628,-0.280912305653618,0.3013111289676666,gamma,9,true
z_alpha[21],-0.8004388680700302,0.3580775149022129,1172.985642762334,1642.6618843349538,1.008051361223868,-1.4029764067753654,-0.7941837814943554,-0.2273192868550504,gamma,9,true
z_alpha[22],0.5266377672619834,0.3422916520559536,1028.9875852866778,1391.029767577679,1.0030841692691161,-0.04640152326532563,0.5282490301902782,1.0982048610147965,gamma,9,true
z_alpha[23],0.5744445722946737,0.3445871288441448,1247.7105326698425,2068.6906857744043,1.0004527195954507,0.01686489995994171,0.5683136505257197,1.1310178226269165,gamma,9,true
z_alpha[24],2.627924458735943,0.4687390582165179,936.7648072845963,1504.6146454904388,1.0029279257377548,1.879019069753651,2.6194556527488535,3.424179714687824,gamma,9,true
z_alpha[25],-0.36236414754484203,0.345193756213856,1279.2035995537397,2076.302062654378,1.0017154849097325,-0.9351298733944214,-0.3601491923622744,0.19824381239254718,gamma,9,true
z_alpha[26],-2.1894292791440564,0.40878262461617054,961.6448135104063,1551.4013578374181,1.0051064315754097,-2.855733280963968,-2.184560602033424,-1.5214729548045864,gamma,9,true
z_alpha[27],-0.9382559082597958,0.3589487644817124,1117.595597509028,2101.6637023574726,1.0038466648975983,-1.5358004876456177,-0.9286787308963677,-0.3518236317442425,gamma,9,true
z_alpha[28],-0.7023025793232986,0.3397221687188116,997.939611838593,1597.9806672161083,1.0037271874701137,-1.2770654467013007,-0.6952742067235858,-0.15701922924958395,gamma,9,true
z_alpha[29],1.1748736320786877,0.37706126645108723,852.0931460930943,1497.6474678347913,1.0056044695571167,0.5764849273260783,1.1653451309884386,1.8155282984495782,gamma,9,true
z_alpha[30],-0.5167017311540382,0.3332511499182071,960.584105259454,1669.2494864944981,1.0052293970117725,-1.0777665551496596,-0.5158228943991783,0.010891598383836017,gamma,9,true
z_alpha[31],0.15579218062677308,0.34494281971220603,1246.7695419831036,1997.1663229353196,1.0021209718122803,-0.41840502158909587,0.1584164025177282,0.7305855104068482,gamma,9,true
z_alpha[32],0.4966631101465422,0.33954880569794793,978.6934884479947,1629.695347553304,1.0049533434896318,-0.05829874179772305,0.4975802637312502,1.0549470691214855,gamma,9,true
z_alpha[33],-0.09934881222517293,0.3432670055464955,1233.395326675227,2048.3317120487764,1.0015082054267155,-0.6658389080169209,-0.09671240083982954,0.4644260656001858,gamma,9,true
z_alpha[34],-0.5179583677004662,0.33729548101739903,955.9612003616747,1644.132524477736,1.00544457266924,-1.068057722043135,-0.5092911813742627,0.028200785494569593,gamma,9,true
z_alpha[35],-0.33732347457805484,0.35155883236363034,871.4829273358607,1335.891578306017,1.0033794663294122,-0.9060507202613266,-0.3326857641828729,0.23930818220318345,gamma,9,true
z_alpha[36],-1.1130816841824123,0.3749517261009425,1057.8952160499055,1403.6414846040805,1.007227920868216,-1.7450468618565027,-1.100509395699213,-0.5185039086827693,gamma,9,true
z_alpha[37],-0.8446336478021389,0.3648588054286988,825.5759173859697,1357.8878440713424,1.0025401940803742,-1.4528900984716446,-0.8427749658837171,-0.2445000331219925,gamma,9,true
z_alpha[38],-0.6481179178951595,0.3588837892303868,1143.930185685322,1384.4460684377646,1.0069451782090957,-1.261780792979552,-0.6380531946814877,-0.07587149530044807,gamma,9,true
z_beta[1],0.15737882291780012,0.33160431327816936,1050.1587706423998,1463.1631567049258,1.0032443003741713,-0.38073689831899565,0.1636502770716105,0.6885729169383751,gamma,9,true
z_beta[2],-0.30891100814862055,0.3326668055775891,941.2556226651865,1402.9708798629551,1.0011278356428408,-0.8536334650595516,-0.3091182657225274,0.2510544695622188,gamma,9,true
z_beta[3],0.9808840267254106,0.3509088350020383,957.820373165664,1218.803139271834,1.0009591165492515,0.4133974871073244,0.9785751760748627,1.564564338636571,gamma,9,true
z_beta[4],0.29185087331115744,0.3242112722103586,829.6611895028734,1144.0124987671904,1.0038174163867697,-0.2383637354925834,0.2854141993716963,0.8331805029120538,gamma,9,true
z_beta[5],-0.7485418619351437,0.343404457815084,1066.3838469674977,1798.5626649622627,1.0041056188992892,-1.3223244155351703,-0.7482216853276019,-0.1790385914054311,gamma,9,true
z_beta[6],0.3506758799926661,0.34822272493946294,1158.1450878474716,1598.7430593172126,1.002179330337956,-0.22041269688810544,0.3445936788057007,0.9276345659511614,gamma,9,true
z_beta[7],-0.37125499880335444,0.3296734732593253,1043.7647690089227,1654.1827915935532,1.001674248101281,-0.9175494560793933,-0.3732236733590443,0.1844254689447903,gamma,9,true
z_beta[8],-0.5100503486831215,0.3259050968365037,882.9805499844696,1657.0919884659097,1.0030273334249746,-1.0546103616506186,-0.50700658048278,0.01865603458148793,gamma,9,true
z_beta[9],0.08445940397677043,0.33482415454197756,1019.1417284945107,1547.72694498634,1.0018981248340988,-0.46111632857430135,0.08479145469072938,0.62406056958757,gamma,9,true
z_beta[10],0.42801769603729745,0.3349189576506548,874.734490076424,1416.020452125908,1.0022430823733,-0.1260290801909713,0.4250194006900012,0.976373896499446,gamma,9,true
z_beta[11],1.3788265407619582,0.37382241968197993,1003.8242780820487,1549.0907066375319,1.0005596232199407,0.7714849545162136,1.3724279323517092,2.010399611068348,gamma,9,true
z_beta[12],0.4777310162684117,0.3298147192709359,854.3848233087775,1321.7559795331817,1.0039818147442618,-0.057053543874400287,0.4659574871394605,1.0280776691246372,gamma,9,true
z_beta[13],-1.2283313838152212,0.35431669091911827,1022.7784407932212,1336.3255952230604,1.0006685070389167,-1.8328948918852968,-1.2288538796530826,-0.6458742001056921,gamma,9,true
z_beta[14],0.5027863346817727,0.3337427099510403,851.1033576959605,1220.2304067648965,1.0032896086096708,-0.03107509016190662,0.501810881805506,1.0472465366169776,gamma,9,true
z_beta[15],-0.7837233245255933,0.3393046100728289,944.6807217944574,1780.3442410909506,1.0021157994465844,-1.3445274214876437,-0.7781109149183985,-0.2305780408279296,gamma,9,true
z_beta[16],1.438651529644998,0.3749412765859981,1004.4571633502559,1542.5413972113424,1.0039687336501084,0.8393622098016231,1.4362045053559722,2.0541803378908097,gamma,9,true
z_beta[17],1.0563360895434066,0.3446949674782798,877.2563177447396,1335.7023613692359,1.0059033162403463,0.5098250594053914,1.036598110082633,1.6294159909151502,gamma,9,true
z_beta[18],0.2789504893993095,0.3353764976843526,1060.6914741491319,1736.3293615628488,1.0013200602589032,-0.2590379862009505,0.2801967648077635,0.8324809942746585,gamma,9,true
z_beta[19],-0.24731988908303054,0.33497425058163555,928.5689998979414,1558.747808129884,1.0030544591459822,-0.7975402314959764,-0.24329623918829446,0.2924340376868137,gamma,9,true
z_beta[20],-0.6113422230103701,0.3418731378061298,1135.1608395280177,1601.5726139168976,1.0011476103566965,-1.1789583943901873,-0.6052089066015217,-0.06268028169175542,gamma,9,true
z_beta[21],-0.2579895240482382,0.3275843689448121,874.9674215281973,1649.2207841483855,1.003589511743767,-0.8010027585165148,-0.25361063949963053,0.2800072023226854,gamma,9,true
z_beta[22],-0.22364650418642715,0.3269220461085419,942.4583937238884,1461.2124425272814,1.0017524901272676,-0.7692227358887496,-0.22299999918473457,0.312751163633199,gamma,9,true
z_beta[23],-1.7076055479732501,0.3860550255552474,1022.4043343273308,1626.3673564882313,1.0072013553933068,-2.3545563113319274,-1.7009318300502105,-1.093439720674696,gamma,9,true
z_beta[24],-3.0774243453487644,0.48249315087599876,959.1575073440442,1664.869126818917,1.0038447585306127,-3.89868737160519,-3.073080326963799,-2.2955295125877266,gamma,9,true
z_beta[25],0.6284484957782243,0.34863344528875795,1026.6849181946197,1432.715048039486,1.0010341486148853,0.06265267214504203,0.6252474028964885,1.2008913060142024,gamma,9,true
z_beta[26],1.4987617904109642,0.3834340205301763,874.342194648575,1264.396570727856,1.0045353383838567,0.8808208512637461,1.4934846233588293,2.1416009816866923,gamma,9,true
z_beta[27],0.08024176718097417,0.32938570338504514,1109.1124023345733,1783.1827222802096,1.0021589042971806,-0.45819275491819567,0.08962103771812935,0.6143417377279389,gamma,9,true
z_beta[28],0.7059188908227445,0.3440778609703051,896.2175339821915,1244.3161241166893,1.0029110063105764,0.1605539866179964,0.6994822292764071,1.2854122101382761,gamma,9,true
z_beta[29],-1.4282394788209454,0.36901853793443556,1018.9472567387908,1615.1611067436977,1.0015810186039582,-2.0600399560219973,-1.423600183318162,-0.8431412505862365,gamma,9,true
z_beta[30],0.3539934826511145,0.3291964347899816,863.7767681045106,1348.6611935891488,1.0021198945504863,-0.17218758112699048,0.34948305423161113,0.9103892777912738,gamma,9,true
z_beta[31],-0.5173516044381935,0.34328903913926156,1074.9642517671846,1769.1856354957447,1.0048190265811248,-1.0847988313847219,-0.5147001883352409,0.030913161603640493,gamma,9,true
z_beta[32],-0.3906784535459019,0.32787164955982917,910.5624415698883,1424.8471490623117,1.0023881965215342,-0.9328576101306129,-0.3882420629860415,0.1585706267018634,gamma,9,true
z_beta[33],-0.11222704757579657,0.34093732183735,1081.0675391199527,1739.6119389256469,1.0021993785605772,-0.6668325943779514,-0.11235335735900948,0.44435400948910525,gamma,9,true
z_beta[34],-0.8367002896788288,0.33459248752552145,974.1924074477587,1738.744014417286,1.001681276291864,-1.3926073391393676,-0.8301790488713146,-0.2861702304674156,gamma,9,true
z_beta[35],0.6978421400699782,0.3438834781755482,1065.709373299446,1454.3795162931974,1.003466895858537,0.15357716758496917,0.6915268717459664,1.274005623150848,gamma,9,true
z_beta[36],1.4188854723568252,0.3653009574616136,859.2138112827392,1384.8722592547717,1.0058514553950597,0.845591444996381,1.403521880070329,2.042437705276418,gamma,9,true
z_beta[37],0.3961888355454235,0.33898908016003326,1078.163265214496,1472.7790157349439,1.003229888117827,-0.14690704709305005,0.3910887338971435,0.9632544628524572,gamma,9,true
z_beta[38],0.1455673551810188,0.32455188046112454,857.7912421734952,1358.0063932291987,1.0030143223333976,-0.382848112584729,0.13773668940674585,0.6813438379782419,gamma,9,true
noise.nu,62.53337293417957,2.990343759882877,3664.7530552282724,2848.7171717275673,1.0004692548620786,57.853288601594826,62.45741980091195,67.60739005467065,gamma,9,true
mu,0.22077751122034867,0.005781737745656326,2482.938764369774,2899.707575338142,1.000028043658842,0.21119237142285144,0.22078761335852198,0.23010908580711997,gamma,10,true
gamma,0.1717360067430554,0.008264934816300524,2464.8252269483946,2799.1480863580246,0.9995663079242822,0.15823354702752537,0.1717414959261561,0.18505650733873255,gamma,10,true
sigma_alpha,0.13436654284096342,0.017088130591674765,629.3455463422342,1259.6541791784168,1.003563452088758,0.10908434722399334,0.13282994251314661,0.16464217325105945,gamma,10,true
sigma_beta,0.14296944880220097,0.018492304615933285,512.3531311613187,914.1348845952807,1.0053987229883985,0.11570863478568454,0.14091643367080242,0.1764127385933798,gamma,10,true
z_alpha[1],0.34014953998317743,0.32980815461205426,696.1346712917186,975.6576783023938,1.0057395849034085,-0.18832291427392053,0.3415864635335556,0.8912610053944545,gamma,10,true
z_alpha[2],0.21481127187687465,0.32469887127760666,632.0432177958342,1171.2253493668024,1.0080267804351117,-0.3090296357294999,0.2108131806908799,0.7624143809059032,gamma,10,true
z_alpha[3],-0.6539998748696321,0.34126582974340874,692.4545431157245,850.7550528060353,1.0107630690477676,-1.2224753677610765,-0.6515501714672346,-0.11521700938626454,gamma,10,true
z_alpha[4],0.26120900390079965,0.34131080249384466,613.3299485606632,1400.8820121009162,1.0116709478393338,-0.3009002236119318,0.2622301020685228,0.8161674494070619,gamma,10,true
z_alpha[5],0.8799750939496384,0.3477733215759976,688.4068533828956,994.6835523812731,1.0054531826872875,0.31816445576909674,0.8813197708365859,1.4559867558615824,gamma,10,true
z_alpha[6],-0.39192850272151325,0.3477827408491351,647.4300623699961,1299.7775664731014,1.01293881455091,-0.9745020220178967,-0.38459352368125954,0.18213881522862857,gamma,10,true
z_alpha[7],0.6191983939488389,0.33951364182757954,818.4220488961265,1641.6907620885206,1.0095319620823526,0.06035803693714729,0.6176817794616414,1.1923138001897904,gamma,10,true
z_alpha[8],0.8896790496631855,0.3568995744445199,649.4744543846499,1459.5352140325551,1.0081155420542616,0.30608165240068547,0.8938570113065891,1.4792435687679,gamma,10,true
z_alpha[9],0.6873914787780309,0.3384344555632433,663.2919472761565,999.9963996619337,1.0067846920997057,0.13871392977518232,0.6813943459696812,1.2503614810359567,gamma,10,true
z_alpha[10],-0.649984778803554,0.3260854119957855,659.9494982266292,1254.7401488797977,1.0081093545269828,-1.1810870235870172,-0.6462574228236315,-0.1310648345154239,gamma,10,true
z_alpha[11],-0.09129268430367421,0.3399218837533775,742.6831041597688,1229.6306345756252,1.0071402832378848,-0.652975751534886,-0.08764775504021849,0.4523167464429258,gamma,10,true
z_alpha[12],0.011237392774648544,0.35482566117340686,640.0629837818018,1401.5982038344214,1.0126524712117828,-0.5735618432990804,0.012735151881090076,0.5762270559352273,gamma,10,true
z_alpha[13],1.1570749454848497,0.35939451527263017,810.6701951366912,1543.7982805188724,1.008752127735455,0.56414181925884,1.1526579726595543,1.761233409692642,gamma,10,true
z_alpha[14],-0.6433980905050046,0.32430973778078964,672.013519220166,1496.015181268691,1.0092043487970273,-1.1690225949106587,-0.6395369035669609,-0.09660147640523298,gamma,10,true
z_alpha[15],2.398922241392276,0.4217060878017127,666.1996431404534,1341.9015079167023,1.003539404587979,1.6869736698571958,2.402883005248918,3.09710944965388,gamma,10,true
z_alpha[16],-1.1916032675179085,0.3586922470724765,594.0219395825461,1436.6155894821368,1.0129196019603193,-1.7921175793300783,-1.1908865368011265,-0.6092731694516815,gamma,10,true
z_alpha[17],-0.30680305172172645,0.3509182525119563,615.099459338411,1333.312515214362,1.0133306247664537,-0.8868468766930113,-0.2973273247770074,0.24647771477055308,gamma,10,true
z_alpha[18],-0.16497781518504118,0.34092721658788455,837.6094263697046,1403.7542383768878,1.010739921604856,-0.7165959801853606,-0.16804531312305437,0.39834371971495236,gamma,10,true
z_alpha[19],0.5806787066875978,0.35117016416501495,667.8880516895468,1320.0590886533066,1.0117296482306983,-0.010261720013742998,0.5854728528694334,1.1452624666326627,gamma,10,true
z_alpha[20],-0.3312956065875435,0.3443023177022116,674.9209874179486,1526.1234470440722,1.01174442846108,-0.8880553022502233,-0.3371044774398242,0.2475033046959216,gamma,10,true
z_alpha[21],-0.7260585870639241,0.3571862475522311,596.19103334626,1404.5797864428964,1.0156727738260143,-1.3156307399426719,-0.7253496545188514,-0.14180841272269032,gamma,10,true
z_alpha[22],0.39306650164738777,0.32844844444373195,604.5019250843841,902.6021792158015,1.0079010246602333,-0.13200297449578155,0.39554972495811186,0.9392162471135977,gamma,10,true
z_alpha[23],0.5809169853735671,0.33706569113677787,648.2076614989894,966.4835372125207,1.0067416006470962,0.048656578366830634,0.5811547747249952,1.1275976514531505,gamma,10,true
z_alpha[24],2.6490793749116586,0.45961682936898407,629.4573475730969,1157.0919784555942,1.0035075274242244,1.9047272978154353,2.6421482878635647,3.4020305130900366,gamma,10,true
z_alpha[25],-0.33535161107566946,0.33464133438653465,667.9285263092272,853.3638053130908,1.0086324590484899,-0.8759662414874834,-0.3353773024218806,0.20958523347467237,gamma,10,true
z_alpha[26],-2.2437299894259395,0.39850762803989614,696.2220933808272,1668.8011091553367,1.008719986597075,-2.9068063970250204,-2.23205767040114,-1.6004312086897208,gamma,10,true
z_alpha[27],-0.8520198701481384,0.34140438829795955,675.7257883262616,970.010437872413,1.011135289528732,-1.4199402791396802,-0.8513640489845355,-0.284975705348356,gamma,10,true
z_alpha[28],-0.784115048438757,0.327229354286192,710.5856959493168,1559.5093492217402,1.0084508462988235,-1.3235050285928696,-0.782199357073365,-0.25456981200504647,gamma,10,true
z_alpha[29],1.2004408283783228,0.37084198103680377,860.0106721833835,1561.10781053646,1.0070623482061334,0.5972421221817275,1.1977348610934233,1.8158099702874222,gamma,10,true
z_alpha[30],-0.523494937777613,0.3201668481955673,643.8099734751931,1398.5961805968725,1.0081250481823747,-1.053071546545026,-0.5222250185925417,-0.007282780709223611,gamma,10,true
z_alpha[31],0.06256975426878261,0.33060297979080805,778.5158550428507,1560.2317124709684,1.0066773283101802,-0.4623915959123981,0.06502347698992239,0.6005347705669175,gamma,10,true
z_alpha[32],0.48329280626840043,0.32342177023551893,656.6574426467374,1050.8454665032123,1.0074214226944571,-0.05119739955305727,0.48504103366728185,1.0142748804092914,gamma,10,true
z_alpha[33],0.0035908586885113917,0.3336100301506703,726.8513645343962,967.9010688438434,1.0072912760462223,-0.5290231683220106,0.007901229630454839,0.5345243263715449,gamma,10,true
z_alpha[34],-0.4354260555194907,0.3125640777494849,662.0249386223528,1368.5997635455992,1.0080175136347795,-0.9488316619034416,-0.4325281716604207,0.07038293644295521,gamma,10,true
z_alpha[35],-0.2990064807802425,0.33555882834163664,641.8673822774286,1397.8681338775987,1.0130721570739165,-0.8466766292615573,-0.3016580008992352,0.2625447742354834,gamma,10,true
z_alpha[36],-1.133497939423291,0.37921093418238416,603.6145490782513,1337.8606023291886,1.014739876907535,-1.7646490529505006,-1.1367088229664835,-0.5188571609366548,gamma,10,true
z_alpha[37],-0.8184264367098509,0.35033012691244947,718.9116222685748,1446.705545423454,1.01153775460233,-1.3942244233571293,-0.8174449812855831,-0.2404588685791854,gamma,10,true
z_alpha[38],-0.62545395270774,0.36666571976622636,631.5573657809734,1237.1595617009689,1.0128768926436706,-1.236376509263114,-0.6264969266676752,-0.02506477297490606,gamma,10,true
z_beta[1],0.19287130635195782,0.3234399447945393,813.8104810719533,1220.4328937575435,1.0027940458742446,-0.3248720887714148,0.18568571814257323,0.73844930714029,gamma,10,true
z_beta[2],-0.28073298032801575,0.3238174957927762,560.0104398659979,722.3321821329245,1.0081892739349572,-0.8039704050978939,-0.2857289620798402,0.2453678327672917,gamma,10,true
z_beta[3],1.0242691549206298,0.3414130557705919,732.749804767163,1386.397671568056,1.0012706860520084,0.47247702398901303,1.020679769736475,1.5947245133493329,gamma,10,true
z_beta[4],0.3218658220921831,0.33158563263917923,680.9697732452391,1311.9676915238076,1.0045622012749442,-0.21420036471822584,0.3206041781423431,0.8639419831132709,gamma,10,true
z_beta[5],-0.6549697160175243,0.3346881129263474,812.5903296262295,1262.4964913944525,1.0059993483006322,-1.1981916283581349,-0.662736758374147,-0.11046221326485609,gamma,10,true
z_beta[6],0.30541340039868076,0.34379580990541664,777.9474715335846,1428.00291444243,1.0011617907228643,-0.25520128319630275,0.297420555665569,0.8846910481507365,gamma,10,true
z_beta[7],-0.3676479990403539,0.33459436671190496,724.2491168239378,1338.789162813538,1.0024662784669656,-0.9167359361595919,-0.3682776222975578,0.19133444447679065,gamma,10,true
z_beta[8],-0.5640474568504779,0.34292734629391275,705.4983067891868,1505.189451904593,1.004726795540172,-1.1194820945999968,-0.5649908777765054,-0.00012488464342136837,gamma,10,true
z_beta[9],0.12407584870678033,0.32058533765290503,804.3935861544473,1406.386816429431,1.0022304471761754,-0.4095382534921148,0.12112218628425951,0.6522733743259769,gamma,10,true
z_beta[10],0.4578521994771008,0.33717278719930877,515.8714844658336,799.2841140655365,1.00671843994917,-0.0847056638890472,0.45143330015080796,1.0096821969668495,gamma,10,true
z_beta[11],1.4341297952512244,0.36808462027618805,764.4207622606842,1347.1339784000868,1.001266816954246,0.8332467240218623,1.4278837763074037,2.0687688961940354,gamma,10,true
z_beta[12],0.4912732037064369,0.3297386466343229,696.0369454616373,1404.152682550357,1.0034001341472034,-0.046723301067634435,0.49775828069169525,1.0382778515023892,gamma,10,true
z_beta[13],-1.3447000603139951,0.37252500205998546,715.6193997494589,1361.9300714463043,1.0031205240334398,-1.9635852142172776,-1.343281523250484,-0.7272820325303124,gamma,10,true
z_beta[14],0.48726066927075906,0.3325436606246484,572.314953794385,735.3668223531129,1.0057240547845778,-0.05014983713238546,0.4787903012148419,1.040963411748386,gamma,10,true
z_beta[15],-0.7134019452815041,0.34659429286536314,682.4265752042411,1231.1589662951044,1.0035878499295494,-1.287402232142958,-0.7036895885187683,-0.15852322402804234,gamma,10,true
z_beta[16],1.5083868817032773,0.3800415431679311,716.4196897381992,1434.7373378173004,1.0011496506440092,0.8952265443861878,1.4924151278595426,2.142933533912983,gamma,10,true
z_beta[17],1.03107057533337,0.34833581054178087,640.0425098730875,1321.801613780771,1.0037470070872012,0.4724850082043371,1.0319579944848472,1.6022938465241168,gamma,10,true
z_beta[18],0.367049176769821,0.33744915406162274,853.4927242688905,1395.3150538006753,1.0027706195464348,-0.17291348925300068,0.3569487468990561,0.9308181899817736,gamma,10,true
z_beta[19],-0.315018535371074,0.33992568266617507,655.7440302438838,1398.814004617024,1.0044754412871302,-0.8665417420370856,-0.3083835692201099,0.24064863937801184,gamma,10,true
z_beta[20],-0.48104702467258675,0.3436948412383492,808.8288154028717,1275.3774880021217,1.0019625830995689,-1.038501798243593,-0.4790902176986196,0.08794428174864033,gamma,10,true
z_beta[21],-0.4143316380869595,0.3341067819097718,696.6693663477229,1521.3695734212556,1.004068056554734,-0.9571460269191111,-0.41215949422047726,0.14127638727941869,gamma,10,true
z_beta[22],-0.14146859524907676,0.3254719574314673,609.4825211774499,996.6043568807742,1.006918851328403,-0.6724203743939873,-0.14909770396434852,0.39783497376159765,gamma,10,true
z_beta[23],-1.651757976876407,0.38044944120946905,686.7806594898602,1184.1923168852732,1.0076052310960317,-2.292560435421981,-1.6411517769319497,-1.0416948917051794,gamma,10,true
z_beta[24],-3.1180592270424308,0.46766647924625393,641.5538416830861,1010.8803684377858,1.0094671746406467,-3.901650631939712,-3.1088498454920854,-2.3527602293175103,gamma,10,true
z_beta[25],0.4913026080193607,0.3298339713778356,749.6319300497796,1051.96940640307,1.0023354591722033,-0.05849997394654922,0.4891243984383782,1.0348888947987842,gamma,10,true
z_beta[26],1.42481061565335,0.38323667610542256,513.0624809861506,952.9899386480449,1.0035817838707635,0.8149949224656895,1.404621253849181,2.092595144315443,gamma,10,true
z_beta[27],0.10686665737462395,0.32529898549785746,792.9515389653304,1312.1386579272785,1.0030115056338325,-0.4271547550420336,0.1024241653935645,0.6531359806889909,gamma,10,true
z_beta[28],0.7394703968274202,0.33960934541477444,512.3391320328673,581.1842075925662,1.0048706880635359,0.20140815084126334,0.7291112143400664,1.31197497767812,gamma,10,true
z_beta[29],-1.4070394390922185,0.3709583967252292,696.7020729310652,1369.884325677871,1.003787902483825,-2.038627636548382,-1.4013467828618462,-0.8087615060925153,gamma,10,true
z_beta[30],0.2687839731518503,0.32803875315509745,571.7936818285634,771.2497508500998,1.00680373812948,-0.26435623838712674,0.26711843032561144,0.8271930148930581,gamma,10,true
z_beta[31],-0.40144100284316564,0.33267622678832487,757.4268283235592,1319.8234739181294,1.0044454916205896,-0.9585190759533304,-0.40598909865840377,0.1519401423257383,gamma,10,true
z_beta[32],-0.43385909976698017,0.3192610265347221,556.2399135850125,733.8818542747159,1.0079256579502789,-0.9459316824024304,-0.43862077940774546,0.1001735538997253,gamma,10,true
z_beta[33],-0.2023610881711109,0.32915538490048035,775.4978933806422,1474.413261973944,1.0028109410742245,-0.7376610418676386,-0.2074030326216909,0.3448700885189955,gamma,10,true
z_beta[34],-0.8975439844294893,0.32768597867938876,584.1803656499976,805.3168405746416,1.0096779801788947,-1.4446783718596616,-0.8975479703580393,-0.34859190091815795,gamma,10,true
z_beta[35],0.6844270024065916,0.34080936712383025,766.7267483966963,1492.5031812079665,1.0024734811946625,0.13304487251417207,0.6734876976605985,1.2548704953983383,gamma,10,true
z_beta[36],1.473725652353589,0.36551693257294104,632.7013916092106,1260.535582187197,1.0040127776014542,0.8836886226364847,1.469865716978834,2.0807019265219355,gamma,10,true
z_beta[37],0.4757810663484051,0.338644848088765,743.2352331571843,1509.8155524947742,1.0020066819505402,-0.06974903753564339,0.46967755461708605,1.0484447884957901,gamma,10,true
z_beta[38],0.029130473435589607,0.3394309054768552,710.9400775265532,1404.7136301356318,1.0037266824917528,-0.5108661674878977,0.030930443288105756,0.5880969436943335,gamma,10,true
noise.nu,65.54754447687196,3.0926265294889483,2587.434814738445,2654.680469520982,1.0011049259044402,60.52010605109237,65.4583540378076,70.63412753585114,gamma,10,true
mu,0.2106077150537402,0.0055850230211483744,2372.04025135209,2821.634652701598,1.0008710656346969,0.20148073313181825,0.21060821014595188,0.21966852117260727,lognormal,0,true
gamma,0.17785061743866704,0.007960893083746036,2390.333851641591,2527.445017799378,1.0011359464467038,0.1650027370177186,0.1777742609033636,0.19079182425546876,lognormal,0,true
sigma_alpha,0.1350072664093338,0.01723830182955358,520.5872683605357,1301.5024321238288,1.0126593812416378,0.1096597729057815,0.13364775460852785,0.16587308947235938,lognormal,0,true
sigma_beta,0.14527027117000943,0.017819657354954794,677.7223325532685,1199.1165912703223,1.0041637440934392,0.11894585291983084,0.1436725021697107,0.17673301836826752,lognormal,0,true
z_alpha[1],0.34010302487595356,0.31984360484281377,659.4328896196163,1178.7823692133798,1.007722210082051,-0.18289236118378152,0.33509905962549724,0.8856372600803787,lognormal,0,true
z_alpha[2],0.16367031931395543,0.32201166675515847,680.2809576673556,1372.5698503539754,1.006063057845843,-0.37190190030868997,0.160478098088734,0.6925377017175133,lognormal,0,true
z_alpha[3],-0.6674900266153633,0.3293631192898336,642.5324905082657,1338.5382939039907,1.0105747063465316,-1.2033154264040717,-0.6668225169901472,-0.12074983179482544,lognormal,0,true
z_alpha[4],0.33346627092234743,0.3299385393891667,700.1556570738493,1550.015001854421,1.0023139890646746,-0.22152412018482917,0.33420443740831385,0.8794106129922243,lognormal,0,true
z_alpha[5],0.8406735927519835,0.3358060979121437,678.0839913984871,1356.9323120863025,1.008920189862895,0.3015469932144679,0.8321022225226762,1.420066817987153,lognormal,0,true
z_alpha[6],-0.38283846605204885,0.3591118391554519,768.5396686207267,1460.594194666917,1.0070418896261568,-0.9712521518717931,-0.372857100050982,0.19837966458061707,lognormal,0,true
z_alpha[7],0.5734901483394864,0.3524911989187619,765.2034851468671,1362.810578171953,1.0061655166016794,-0.001097051264575142,0.5686118326147034,1.1375990080365062,lognormal,0,true
z_alpha[8],0.9387148314137357,0.3388636828371063,723.7344092771935,1411.7994535722403,1.0033071241300606,0.3830391437032971,0.9337510244490628,1.5108822325057383,lognormal,0,true
z_alpha[9],0.6750381791739853,0.33136861293582187,659.4744089515144,1397.8116504423194,1.008391182749836,0.15780761625565728,0.6685514485501929,1.256765643025136,lognormal,0,true
z_alpha[10],-0.581425291856233,0.32296386768156093,667.6257909774012,1135.9066861437339,1.0066777597064018,-1.1001968267693378,-0.5812640618359525,-0.054529735815684245,lognormal,0,true
z_alpha[11],-0.14353250109480511,0.3325792808743782,743.8093982249363,1381.7884097814062,1.0070177126251743,-0.6773685399034437,-0.14774103084436374,0.41672499929241097,lognormal,0,true
z_alpha[12],0.08084244277229284,0.33435030187851617,704.0320088906316,1566.3511441299597,1.0030117531103138,-0.4760821903911718,0.0893547716974391,0.6205766948296033,lognormal,0,true
z_alpha[13],1.0865451895674691,0.3642169002882262,760.9654985615779,1647.482216250925,1.0045491502087949,0.49107213646276504,1.0847451174174447,1.6921746940583564,lognormal,0,true
z_alpha[14],-0.6885503803818297,0.323278493470708,689.0408640286408,1385.8532368290737,1.0060588748468853,-1.2197251861361305,-0.6851950760662155,-0.16198702063053533,lognormal,0,true
z_alpha[15],2.611740766601004,0.43300077133994624,651.5189716681501,1366.6149736477385,1.0083943167963394,1.9184154659477815,2.60345207065186,3.3371130021946964,lognormal,0,true
z_alpha[16],-1.218306138861844,0.36493319989418727,715.2961435597139,1233.265491833467,1.0093576914309466,-1.8431892447048468,-1.2037224213899296,-0.6341622497838143,lognormal,0,true
z_alpha[17],-0.5578553670405407,0.34189097711603184,629.1856173726716,1480.0953297549265,1.0022574157307045,-1.1264981289757403,-0.5589079208125005,-0.005031711174739245,lognormal,0,true
z_alpha[18],-0.11680981932447049,0.34806885319794084,789.8750178350932,1313.3083763257794,1.0071776795559693,-0.7039954086566937,-0.11390390091627597,0.45051792298052873,lognormal,0,true
z_alpha[19],0.4924558712235235,0.34218508381339885,698.0263977769685,1283.3114869322399,1.0026533812426621,-0.0785897767870048,0.49447715226747513,1.0590143536255632,lognormal,0,true
z_alpha[20],-0.23554430288146483,0.34557829893355024,775.2639726932939,1406.7415430476422,1.0062718661697123,-0.7999669050513943,-0.23361937047651893,0.340367324714895,lognormal,0,true
z_alpha[21],-0.6931496442680991,0.35048788932476876,603.3156977626965,1346.485895499579,1.003267606800687,-1.3008107426044018,-0.682983887935968,-0.1305433082004674,lognormal,0,true
z_alpha[22],0.3844139643269586,0.3231018252136576,653.1013385304447,1127.1752827196856,1.0088147092397786,-0.12903667957069,0.373045002684111,0.9239452393564653,lognormal,0,true
z_alpha[23],0.595977514944972,0.3243760797356634,658.160456833338,1304.5347148732894,1.0078900300010585,0.07232588323595969,0.5975493765776363,1.1420111466811174,lognormal,0,true
z_alpha[24],2.6084675296550857,0.44973459361726237,583.300626044391,1023.8777837644722,1.0112816569980165,1.8782281518105755,2.588998555127567,3.3641668817054913,lognormal,0,true
z_alpha[25],-0.4116512566313087,0.3287056302832095,686.8111139731036,1289.9631796555996,1.009915204228717,-0.9570551591784024,-0.41654039583248126,0.13103110397778953,lognormal,0,true
z_alpha[26],-2.183714528234998,0.40261664665904495,658.5265394823855,1086.2182736102084,1.0060686028983605,-2.8516988946479422,-2.171263080761659,-1.541850262820624,lognormal,0,true
z_alpha[27],-0.8213817708167147,0.33880400009809053,651.0618057037834,1214.5357066000588,1.0095051665466317,-1.386552908740943,-0.8167266119046073,-0.2678091649720422,lognormal,0,true
z_alpha[28],-0.7475358897129892,0.32999666975261227,730.7669076632989,1384.0558408997574,1.00599096534155,-1.3081546810065736,-0.7430095732358148,-0.2074664058975484,lognormal,0,true
z_alpha[29],1.2419452831331341,0.3803488964749539,759.46102140123,1539.1272175969968,1.005652980496469,0.6248260096496213,1.234990593963863,1.8804530967617068,lognormal,0,true
z_alpha[30],-0.4829803678006849,0.32018518654268496,683.2784889713247,1177.0422110914565,1.005395751531299,-1.0161979884271668,-0.48153345717807416,0.034248056766896615,lognormal,0,true
z_alpha[31],0.1211044418444151,0.3305535262222942,695.419811481643,1129.4454820458568,1.010095456231707,-0.4135819141145011,0.11656507726923931,0.6797312374896373,lognormal,0,true
z_alpha[32],0.48905021400182214,0.3251411458095386,655.4368553829382,1243.2823803050142,1.0074127514680364,-0.03151286902211761,0.4835114283660179,1.0334111876914853,lognormal,0,true
z_alpha[33],-0.07355227162549625,0.3286442999466119,678.64575721169,1313.2156086760654,1.009311863419656,-0.6049410284342283,-0.07926712562477856,0.4727221883799772,lognormal,0,true
z_alpha[34],-0.48371612403215297,0.32122292568139194,676.856523239757,1138.3496054381524,1.0055829507355534,-1.0018597592252372,-0.4856763166813826,0.0485860155982628,lognormal,0,true
z_alpha[35],-0.357187483200728,0.34523187485645085,737.6276965571304,1401.664469911606,1.0080928516841572,-0.9336689449785417,-0.3544567771331669,0.18918839644404772,lognormal,0,true
z_alpha[36],-1.1264665785133248,0.3770376840718605,626.4199767842489,1422.6643720104453,1.0046655665312958,-1.760086643131401,-1.118209160388513,-0.5160321827490504,lognormal,0,true
z_alpha[37],-0.8569749824920796,0.359544626929589,749.3330780258692,1281.5146712768308,1.008435494359241,-1.4582537883742073,-0.8492579455798208,-0.2728576455230879,lognormal,0,true
z_alpha[38],-0.6763095406517714,0.3487125977766305,633.8456337972976,1540.9848939577764,1.0025811917875376,-1.2785891797837154,-0.6712047601108349,-0.10828680240901578,lognormal,0,true
z_beta[1],0.19993823800776914,0.31877849474266606,699.060955833385,1424.686878326738,1.0092096607726826,-0.3242993553285482,0.19855229915567066,0.7306580453441279,lognormal,0,true
z_beta[2],-0.2570655505158806,0.30899832863253907,698.6070226861434,1470.3556584063185,1.0018468492271078,-0.7629757248998736,-0.25904357979596415,0.2602891449054951,lognormal,0,true
z_beta[3],1.0412326824434772,0.33642115954589297,685.1140394328996,1197.4649973356366,1.0120212112303133,0.5066285654579172,1.0360493374801327,1.6219228201154445,lognormal,0,true
z_beta[4],0.2959570991645451,0.33547494465151734,604.3036595380617,1282.1468263922682,1.0023288383684281,-0.2426451035589015,0.29122897199347475,0.8594895478497879,lognormal,0,true
z_beta[5],-0.7560969509458687,0.33142265818088024,685.1152974190396,1340.2650408374432,1.0105791920182008,-1.3027884914073318,-0.7533914082703372,-0.22458730020825127,lognormal,0,true
z_beta[6],0.32430847143204883,0.34106180553978455,627.1585623334634,1215.660750701157,1.008669120758682,-0.23180138023173008,0.3215932638657544,0.8949589857464183,lognormal,0,true
z_beta[7],-0.3304401393240903,0.3282806230680502,640.9744672250883,1388.0155835630276,1.0109533804109703,-0.8684462091989091,-0.3232797822585429,0.22577065637126542,lognormal,0,true
z_beta[8],-0.5525835094999012,0.3470385594513916,614.7205806609222,1229.6241561439886,1.0026832903311427,-1.1321364709110515,-0.5411116867323069,0.01148907345959151,lognormal,0,true
z_beta[9],0.07133080835813843,0.3193781161829214,693.7575278433613,1222.735250169091,1.011111276965668,-0.44737408212576985,0.07535707501537245,0.5970301264164481,lognormal,0,true
z_beta[10],0.44967019191123947,0.3158001166729055,604.5580840255038,1393.1514716248378,1.0028080103221955,-0.06462240671895299,0.45361489183997655,0.9666114832594682,lognormal,0,true
z_beta[11],1.3839294685129009,0.3591770142424141,692.2050733915601,1320.2710400800358,1.0143197148636545,0.8196588256828575,1.3735344522294182,2.0002351217647325,lognormal,0,true
z_beta[12],0.46415991581427773,0.3394489432698933,578.7008233239039,1071.6598808809774,1.0023362886020089,-0.08607219952161652,0.46332521317785524,1.0318635328178312,lognormal,0,true
z_beta[13],-1.2972462420614022,0.3613791931460949,613.6511321528002,1135.9017009570807,1.007929924323859,-1.883218410502262,-1.2972332440345293,-0.7029065827710612,lognormal,0,true
z_beta[14],0.49996373465154964,0.31855012053522114,626.6137165805267,979.8415206789484,1.0028716719774566,-0.01915404736908982,0.49379488863640986,1.032828315197562,lognormal,0,true
z_beta[15],-0.8837853848361581,0.361919069730061,632.3307769857479,1224.098196173042,1.0027697477518986,-1.4868255599408569,-0.8741260381717396,-0.2896153841828872,lognormal,0,true
z_beta[16],1.3510757409990128,0.3571147743545771,611.3785425994637,1345.024692337384,1.0110398916153822,0.776611494660782,1.3463445469618769,1.9527492891136073,lognormal,0,true
z_beta[17],1.0536823861898041,0.3500015224781948,597.4052710755993,1250.291180679068,1.001954050084361,0.4963346966593455,1.0332448869993192,1.643550858295169,lognormal,0,true
z_beta[18],0.3193647953625927,0.3359930255731302,666.749696604835,1388.5987663609837,1.0115945791260945,-0.231315325141743,0.31939738525019284,0.8785635241792038,lognormal,0,true
z_beta[19],-0.2136559770039676,0.3391810962061001,605.2823249042277,1156.7108426114787,1.002010897562945,-0.7641755257752298,-0.2143507716756084,0.3578204130039326,lognormal,0,true
z_beta[20],-0.5456240257709459,0.33754791213136276,600.1879436194627,1482.0255625526695,1.0101670688973836,-1.0787608461715217,-0.543536233894282,0.012715472212267237,lognormal,0,true
z_beta[21],-0.42887013853732303,0.3471679736332741,598.8551969602008,1221.2327634774406,1.002535865236162,-1.010309338322244,-0.4252584760464675,0.14316200949876368,lognormal,0,true
z_beta[22],-0.22378574903963805,0.3095277771895579,725.4814104882793,1381.6843759659403,1.0032832372168008,-0.7302878938643004,-0.2280299211980962,0.2856282275193429,lognormal,0,true
z_beta[23],-1.682097961115685,0.38093422520680775,695.769453585656,1197.3070456995938,1.0087059713929574,-2.323951043227928,-1.6571750800019849,-1.0886523621994855,lognormal,0,true
z_beta[24],-3.0533239592397874,0.44411259683735815,833.5707325058354,1529.0610801461148,1.0021279074386849,-3.795575193807845,-3.0386954415242,-2.340838439657634,lognormal,0,true
z_beta[25],0.6071211594643542,0.3235605877376467,690.6071802263031,1176.704339057603,1.0134531963506135,0.08517735033409464,0.6053249639204152,1.1403265763622008,lognormal,0,true
z_beta[26],1.5054244004206585,0.3657884195416091,545.1047369197807,1339.1400925424373,1.0032633454245559,0.9198477711805859,1.5011479814299924,2.111279309515581,lognormal,0,true
z_beta[27],0.12467934428254791,0.3194588722397831,704.0757055188878,1231.2072535365946,1.0131111980405036,-0.38662456668235606,0.12162599461922444,0.6561013297116065,lognormal,0,true
z_beta[28],0.7317644673752015,0.3267281684229398,556.3504549572624,1328.9923026813267,1.0025747587004659,0.19422625217891235,0.72905774668786,1.2759586910222862,lognormal,0,true
z_beta[29],-1.3863070964805342,0.3677512291754059,661.4787718265859,1463.0695204273263,1.007282803224096,-1.994011481281851,-1.3801122957014733,-0.7959217123954836,lognormal,0,true
z_beta[30],0.2944027706142999,0.3150416634647427,633.4138649398195,1207.6160238804287,1.0027152346829231,-0.22358977342813527,0.2948235865128231,0.8060450918665225,lognormal,0,true
z_beta[31],-0.4389902538330883,0.3231290546754214,690.5693047433377,1216.7551797131118,1.0107843720265384,-0.96018228860237,-0.4325103757612616,0.10006816486841186,lognormal,0,true
z_beta[32],-0.40527331356417723,0.30505833479607825,719.1623120343086,1444.4827184744406,1.002440145499451,-0.9035687831258827,-0.40431983579741715,0.09926170266714686,lognormal,0,true
z_beta[33],-0.09640057487822455,0.32604871723938306,678.1130632891183,1125.3069355884193,1.011087386567349,-0.622628552101468,-0.10335717418897326,0.45408127112305546,lognormal,0,true
z_beta[34],-0.8380694766523582,0.31489179869562844,727.1848244391525,1519.2141147749837,1.0029462684639097,-1.3630483948758056,-0.8327002392888001,-0.3250936760814695,lognormal,0,true
z_beta[35],0.7015187276706615,0.33160288989804504,653.8815556799806,1277.097279543154,1.0111090350591452,0.16399811430513964,0.6935471733330856,1.2601582850134916,lognormal,0,true
z_beta[36],1.4139171323569442,0.36603443607560954,612.1699447766874,1288.4337359308774,1.0013556569883726,0.8408371397684099,1.406386875995832,2.0269123279462553,lognormal,0,true
z_beta[37],0.49137109825647063,0.3305636837684283,632.6562654379528,1289.5271532396305,1.0118648905543288,-0.04437806669531956,0.48881096446548317,1.0421417304497391,lognormal,0,true
z_beta[38],0.10196966337622144,0.3380767931734887,599.4595977798024,1250.7607029522815,1.0024735425015288,-0.46043142450436325,0.09983116258527365,0.6574799259873717,lognormal,0,true
noise.sigma,0.12818056548227097,0.00290313849378284,2681.2436755921062,2348.6577191037536,1.0072985446571858,0.12341654654287185,0.1281679864846328,0.13299192513176925,lognormal,0,true
mu,0.20827545978196682,0.006030709370047337,2480.6840982330637,2538.5133625596495,1.0005719350497897,0.19821357292951303,0.20826987473984065,0.21802764717328918,lognormal,1,true
gamma,0.18263583164635452,0.008465616512562993,2475.116453374265,2627.90674079557,1.000693875301161,0.16865574164398128,0.18270203877256888,0.19656117945519616,lognormal,1,true
sigma_alpha,0.13961493505990943,0.01829692243182319,590.1126813253034,1279.104252285806,1.0147948556654807,0.11297393585840756,0.13799144545624087,0.17161759694844875,lognormal,1,true
sigma_beta,0.14432261718912917,0.01836640689125491,603.5056706769059,1218.9679313602555,1.0044528345759298,0.11756639422944337,0.1425752199948963,0.17705651670506797,lognormal,1,true
z_alpha[1],0.35165555560346695,0.34010006021958117,836.2335452385968,1654.5356177983194,1.0031248464489513,-0.1996939258415242,0.34547122117955265,0.9266169963842767,lognormal,1,true
z_alpha[2],0.19679524466720358,0.3415269316984174,818.7450569801674,1214.537913526083,1.0030328928663097,-0.3570414547092295,0.1991026060222987,0.7492448761174243,lognormal,1,true
z_alpha[3],-0.7055731483863534,0.3413267347975627,749.9824723703963,1415.940938858539,1.0085063698763492,-1.264590244850233,-0.7002644017705723,-0.14614684267459116,lognormal,1,true
z_alpha[4],0.3487044155140095,0.3413289961098356,930.7614554716478,1764.8077000531187,1.0031403571723776,-0.23446745393083276,0.35256315329346616,0.8970708712569944,lognormal,1,true
z_alpha[5],0.8199723468503682,0.3459428898618695,775.5221725967393,1155.9704968624605,1.0036394269130315,0.2727538504659761,0.8237176616215101,1.4012917905961104,lognormal,1,true
z_alpha[6],-0.3811517040814902,0.3540853914641152,871.432563547876,1655.5133535401221,1.0026734493868377,-0.9576358824893104,-0.3818966772113583,0.20722241861543947,lognormal,1,true
z_alpha[7],0.5810914308851258,0.3484829510898752,803.8481164910883,1485.9263748899857,1.0038641422131807,0.02939008367646914,0.5736164103857817,1.1902844707324618,lognormal,1,true
z_alpha[8],0.8974378134303197,0.3472062978817964,876.5252215124585,1402.4638600194098,1.003182923270139,0.32568211153015203,0.8954027466503075,1.4685693510612197,lognormal,1,true
z_alpha[9],0.678813243422971,0.34140703002550166,790.0189008392642,1328.1584320616314,1.0037345406374911,0.1348124112947372,0.6733593991385659,1.2530987955464423,lognormal,1,true
z_alpha[10],-0.5493423382542741,0.34388749202228885,729.2500908553307,1182.5738279708391,1.004030548202074,-1.1162125775796303,-0.540902533029368,0.008532979379317103,lognormal,1,true
z_alpha[11],-0.2247935698271021,0.33480266202121245,828.6598367448404,1579.6178225353747,1.0040250178974628,-0.76167524465038,-0.2338713805247436,0.33530370304802115,lognormal,1,true
z_alpha[12],0.10761455352204459,0.33453305267950945,890.2720932205966,1751.4503589701806,1.003108518254174,-0.44780373114295335,0.11699237699117426,0.6565989599929866,lognormal,1,true
z_alpha[13],1.0331861194748782,0.3578917203570917,731.8407143416015,1566.9171392567898,1.0050331604261529,0.46975716220572705,1.0228121370350485,1.642792168153088,lognormal,1,true
z_alpha[14],-0.6038825378165699,0.3460966947317066,749.8237540623135,1162.7572209960558,1.0028825125005096,-1.1951783051762837,-0.5917986216842904,-0.037365743500970106,lognormal,1,true
z_alpha[15],2.5445931656526057,0.44444843844426,821.730540775199,1546.3015695141269,1.0077584488927698,1.819849532330447,2.5324635043599164,3.2975967206037997,lognormal,1,true
z_alpha[16],-1.1772335699456598,0.37019540075996615,788.5304343297845,1464.6527021383704,1.0065473919484544,-1.7901989236564484,-1.1681198114403761,-0.5894392687918876,lognormal,1,true
z_alpha[17],-0.5591454043799327,0.35039588921891673,827.6217272051015,1310.576468099424,1.0032959566788853,-1.1580616801541974,-0.5491857776485406,-0.006148261779852151,lognormal,1,true
z_alpha[18],-0.12260337632845549,0.35024040773428256,891.3293460319608,1626.6140000609587,1.0035669408182137,-0.6897389311178861,-0.13031260610007067,0.45690114377348634,lognormal,1,true
z_alpha[19],0.5192162448445001,0.3427389621661303,943.9127288088214,1634.5654454840524,1.0026793322705474,-0.03987602796151974,0.5256792077709461,1.0872760546558264,lognormal,1,true
z_alpha[20],-0.23989995572486938,0.3493182661387763,808.8829169578928,1431.60894032775,1.0049103572319746,-0.8117675286916902,-0.24237586261979072,0.34295310704354526,lognormal,1,true
z_alpha[21],-0.7476015734447796,0.3619837716828515,812.249926870568,1553.602355029414,1.0039044491774338,-1.3486574887257157,-0.736093072304349,-0.16651350358125688,lognormal,1,true
z_alpha[22],0.35238127420853954,0.34385317070495036,813.0470955748605,1284.2959409445566,1.0031998607301893,-0.21482424202600403,0.3516283257741004,0.9167165368031905,lognormal,1,true
z_alpha[23],0.585461202944507,0.33807737374521146,772.14969534576,1307.820350728076,1.0039579659138147,0.038108244974344715,0.5748954359103331,1.1458822965841857,lognormal,1,true
z_alpha[24],2.5611979083581082,0.4619417453523113,678.8606872327173,984.5463336760764,1.0105287072898106,1.8273355747852795,2.5536819676140237,3.341994693911305,lognormal,1,true
z_alpha[25],-0.4569334178742436,0.3395257266909605,780.9014581671358,1409.3592137739859,1.0059384047179039,-1.0119072332349954,-0.4617267738102405,0.09772030484255351,lognormal,1,true
z_alpha[26],-2.139737068527148,0.41767842960790064,712.3488367970435,1366.303276615233,1.0049482911259613,-2.862750927446699,-2.131031283293472,-1.4764956536992597,lognormal,1,true
z_alpha[27],-0.7936654242352538,0.35185187260006223,755.19608382295,1503.2876459133881,1.0063997595238017,-1.3650376109941533,-0.7990956201145514,-0.22437972876379536,lognormal,1,true
z_alpha[28],-0.6692230283839885,0.34583216990347404,756.377316829134,1242.7032666104205,1.0033841302921773,-1.2488329075144657,-0.6624222498088699,-0.09643496904829695,lognormal,1,true
z_alpha[29],1.2269541413528469,0.37552589103926476,798.4175192694736,1885.5499684122744,1.0051918058046367,0.6127023526820436,1.2212640400329362,1.8534605152960724,lognormal,1,true
z_alpha[30],-0.4209539709484678,0.3357483349217239,786.746869661532,1229.3614705901914,1.001247711513774,-0.9765215599387893,-0.41611522439811743,0.12899162356170596,lognormal,1,true
z_alpha[31],0.12447687334697437,0.3358792118782683,795.7419085699684,1653.2456792137934,1.0050257475018918,-0.41094761972981964,0.1198073276743244,0.6800107743045705,lognormal,1,true
z_alpha[32],0.47981557312721496,0.3437663056164655,767.7800103305223,1273.6096206006603,1.0029768386872993,-0.09086629847305311,0.47618120339182163,1.043610204128663,lognormal,1,true
z_alpha[33],-0.13467074090368505,0.3299550830972283,795.0058604078725,1802.8837240415735,1.0056413191498663,-0.6681113019080578,-0.13629347171644368,0.4181822128049872,lognormal,1,true
z_alpha[34],-0.4285450472947842,0.339620135368341,729.807012244343,1161.981417761403,1.002242953828739,-0.993083341470965,-0.42512079805281705,0.12847907644075035,lognormal,1,true
z_alpha[35],-0.320274338602398,0.34211701341795514,817.3262132062397,1081.8429549055013,1.005534617422317,-0.8864899602183587,-0.3190276859588804,0.22358345182540953,lognormal,1,true
z_alpha[36],-1.1496931523342107,0.36690827714440605,771.7152442383048,1280.6474378332657,1.0047161245984964,-1.7858009343674588,-1.1382648366231298,-0.5510438688857737,lognormal,1,true
z_alpha[37],-0.9158146410229213,0.36203547273695896,785.1874338321356,1499.2905789694441,1.0059143529792416,-1.504539564298357,-0.9183398130660351,-0.3196575619490288,lognormal,1,true
z_alpha[38],-0.6875429288107985,0.3487298632384668,801.0833369389379,1429.0761686747994,1.0032556367591194,-1.2709266068906884,-0.6857037586879053,-0.123473131009725,lognormal,1,true
z_beta[1],0.18130008609149073,0.3306388063585639,679.815608083669,1034.6960662384818,1.0049493099376938,-0.36136760362399545,0.18910453376257047,0.7219952353905762,lognormal,1,true
z_beta[2],-0.28851490516169237,0.31652893304470203,728.5572849286847,1236.304778892665,1.00446150975585,-0.8099528768302032,-0.2830034308895541,0.23875175622795822,lognormal,1,true
z_beta[3],1.0249634335164888,0.3435640362799373,726.4269427129713,1034.5897649226326,1.0036454840173676,0.44571419038554666,1.0250194208697625,1.5892876596519765,lognormal,1,true
z_beta[4],0.3026765968402127,0.3271452992146731,795.0381046147203,1428.9710820608025,1.0010803738322434,-0.23892732247676912,0.3002297194748662,0.8466932398743677,lognormal,1,true
z_beta[5],-0.9143481324930859,0.35629140826995,608.8254443402429,848.9255636774516,1.0071165570060303,-1.5110942422413634,-0.912831216216892,-0.3396859565176623,lognormal,1,true
z_beta[6],0.32889608704296075,0.33967721394823386,932.4669994091603,1642.4377248346289,1.0068967912495437,-0.22864114149328685,0.3286948555496296,0.87810146218222,lognormal,1,true
z_beta[7],-0.3958027587714698,0.3179117943694853,856.4234598341895,1753.9534329322378,1.01111477447949,-0.9106147000297925,-0.3992117870927221,0.1189256299439772,lognormal,1,true
z_beta[8],-0.548802423186092,0.3387049246116864,713.4748578946173,1435.654659157586,1.001025082777903,-1.0946405527835317,-0.5508689509703277,-0.003374295866118863,lognormal,1,true
z_beta[9],0.027500526212501198,0.33036823592314557,679.7690701607816,822.2829286078755,1.004119256806952,-0.5151900813435926,0.02971555584142678,0.5724565472940261,lognormal,1,true
z_beta[10],0.45426824771904095,0.3131515541977692,773.8488115437191,1259.598698070124,1.004325716740161,-0.05374652364652231,0.453585959878866,0.963709517912362,lognormal,1,true
z_beta[11],1.3637396154997574,0.358495292137961,787.7732826901357,1301.798097916316,1.0045187094381696,0.7720137390082982,1.3614012988679924,1.949438353109227,lognormal,1,true
z_beta[12],0.4915440223560587,0.3309498145987884,782.9230982823109,1342.1714526324035,1.0009518525673526,-0.048367169041062114,0.49528638334637975,1.031453002913627,lognormal,1,true
z_beta[13],-1.3581410467897246,0.3533580716153789,770.7302358916885,1579.331230352981,1.0086016485332867,-1.9480889266529249,-1.3556541036956358,-0.7815715043287964,lognormal,1,true
z_beta[14],0.49022305334459665,0.31618100365758695,782.7278709118087,1369.601319084198,1.0054028142256743,-0.024953562092851135,0.490742444047293,1.0038662054207457,lognormal,1,true
z_beta[15],-0.8908100097719946,0.3476989152854504,655.9301649975788,1437.3275308855134,1.0014489273530625,-1.451910702539206,-0.8946943663649163,-0.3192436922384387,lognormal,1,true
z_beta[16],1.340946221127751,0.3553753591970895,922.2582878922572,1671.0214392928226,1.00491904951922,0.7760511669739364,1.331878354684012,1.9328374984778751,lognormal,1,true
z_beta[17],1.0575613340109002,0.3380060323993734,804.4418684656599,1467.7376541598803,1.0004827166155916,0.5135372080020522,1.0439131308375516,1.6338140581531144,lognormal,1,true
z_beta[18],0.27590406016218466,0.332747008532229,1034.1615627142758,1991.0156666329297,1.0057856046685318,-0.2544301106489366,0.26671229620479253,0.8456322725665633,lognormal,1,true
z_beta[19],-0.23742982343355884,0.3301737269919022,712.9570358036667,1571.783995944984,1.001225271009155,-0.794227627910819,-0.23481561078957217,0.2963529270988853,lognormal,1,true
z_beta[20],-0.6035148797785229,0.334778117069139,860.387349192313,1668.5402451404395,1.0070373737379736,-1.1530591633705645,-0.6040191350703319,-0.056420031329010974,lognormal,1,true
z_beta[21],-0.3378378893374138,0.33373498037137916,722.7382238396048,1463.9853935147025,1.001053726840294,-0.9049910316831616,-0.33634679748045515,0.1960073130177109,lognormal,1,true
z_beta[22],-0.2016374983583215,0.31517370621313334,717.4185063703096,1191.993438933176,1.0053587106283186,-0.7211474573473178,-0.19610682552384176,0.3188546446870587,lognormal,1,true
z_beta[23],-1.6852838862678121,0.3925509043602368,596.1615813197197,1040.1043251044532,1.0061371760027678,-2.340248818195415,-1.680504738055276,-1.0490619539738042,lognormal,1,true
z_beta[24],-3.0794103820610546,0.4773522066075696,596.9672079207086,1149.9632237873202,1.0055316550956888,-3.8598621455128,-3.0749528923147524,-2.2937768701981143,lognormal,1,true
z_beta[25],0.5706272413750182,0.3331212879983066,728.9095479556643,1046.6459546951291,1.0040457340697289,0.01935987045815476,0.5680637945457437,1.102528654955124,lognormal,1,true
z_beta[26],1.4590426494561646,0.3566219080577596,730.000739520598,1274.131032981118,1.0037589653993706,0.890176003129616,1.4483030487430968,2.0688658253995333,lognormal,1,true
z_beta[27],0.13436207009504814,0.3397690496401821,716.4063717351352,1102.99647080563,1.004859122734696,-0.4261916996180655,0.13454744817359138,0.6836970463132461,lognormal,1,true
z_beta[28],0.7499119623045549,0.3174640683185518,740.1833411589834,1136.2474130541511,1.0028737612595764,0.23784039648433297,0.7405690847862061,1.2866749759740717,lognormal,1,true
z_beta[29],-1.4532308926421649,0.36755170858214753,672.7707603348246,1572.5414303351727,1.0094251163389611,-2.056355114493754,-1.4457054357157917,-0.8595361740522509,lognormal,1,true
z_beta[30],0.2607463348885472,0.3114630006911375,775.3859888120786,1562.6122255538407,1.0043632943694765,-0.23617103413548948,0.25458419110237934,0.775080973007486,lognormal,1,true
z_beta[31],-0.48411201881716237,0.3402743913528698,652.2265995969524,1058.7781517034948,1.0046146006287393,-1.0539581751784934,-0.48212112816929464,0.061404699666928755,lognormal,1,true
z_beta[32],-0.38400309653110387,0.3170193420423544,785.4979517177937,1372.346325498482,1.006206245834984,-0.9057909611704972,-0.3771625146305655,0.1310157420435713,lognormal,1,true
z_beta[33],0.01094625581841929,0.3322592867226502,672.6924770562186,1033.0294351008074,1.004418232569058,-0.5303710203645844,0.017905596141952626,0.5426139470917877,lognormal,1,true
z_beta[34],-0.8404386120217834,0.3254186542325328,728.3789135118894,1412.485810154278,1.0067874729853068,-1.371651912699952,-0.8399174956583733,-0.305500773296118,lognormal,1,true
z_beta[35],0.6511943850557991,0.3318198243963561,1060.3941664430276,1755.745323771998,1.0069594388974867,0.12306337099666113,0.639791566836587,1.2032991548669196,lognormal,1,true
z_beta[36],1.4249810052558887,0.3516746243960909,848.2666684777745,1457.2942815236786,1.001186553823613,0.865564433337471,1.4109336786133002,2.0151375970175778,lognormal,1,true
z_beta[37],0.5023901418871438,0.3258101977862303,947.5187331750357,1685.7927004099452,1.0060588984138483,-0.028235850345358367,0.49294892056651707,1.0504162452612773,lognormal,1,true
z_beta[38],0.12336292120058023,0.3272407210762082,776.2095487120779,1377.8601183486774,1.0006713325778178,-0.4149615255093802,0.12234929651849036,0.6655761957487363,lognormal,1,true
noise.sigma,0.13054743559061086,0.0031472659234945887,3034.701663030939,2651.9097846902723,1.000568139901329,0.1255030340604384,0.1304528103117299,0.13589848200778065,lognormal,1,true
mu,0.2148769293520193,0.0060467814237807884,2562.8461837584255,2714.0212382826085,1.00083955198775,0.20496804516686312,0.21485405413942005,0.22483031961156877,lognormal,2,true
gamma,0.17261839724706246,0.008580771889821393,2346.2913144531244,2433.4788716837743,1.0013236077804282,0.1589004348539544,0.17248683174783647,0.18679499524355508,lognormal,2,true
sigma_alpha,0.1369188632641555,0.017132225549413183,652.645644480347,1252.4921919514277,1.0036346751722123,0.11115989540851617,0.13577915945713265,0.16608937465434676,lognormal,2,true
sigma_beta,0.14481914210339222,0.018549052867660048,668.5370075869134,1562.0450938166957,1.0065733928302811,0.1180614560126688,0.14299756946838377,0.17836918310082817,lognormal,2,true
z_alpha[1],0.43406570305633546,0.34398085650976923,671.3790438221631,1000.8450116697674,1.0020586388030646,-0.13130219287336442,0.4320939470931707,1.010780698743547,lognormal,2,true
z_alpha[2],0.14926243288888752,0.3413982185116911,636.8623782484764,1474.6155730436922,1.003474487537615,-0.4095171908954104,0.14558132934234996,0.7059243055628863,lognormal,2,true
z_alpha[3],-0.7462860070916527,0.3462838891089794,636.9112949757152,851.6338973367605,1.0050299386529995,-1.321680765315464,-0.7466118817647829,-0.17948354395992194,lognormal,2,true
z_alpha[4],0.28528252484452715,0.34581831753925635,722.2808255572584,1287.1034640068415,1.0054987604930268,-0.2548130689193566,0.27297746475807244,0.8775041705138988,lognormal,2,true
z_alpha[5],0.8043725877890383,0.3412317962778893,642.2345424117198,1191.210450865052,1.0017588608688708,0.2510151581196125,0.7979635544378854,1.3608261367384569,lognormal,2,true
z_alpha[6],-0.4313709982457399,0.3525981009266541,801.6982236034303,1577.675532388954,1.0055759950947791,-1.013860484649625,-0.426882192360593,0.13440528664766263,lognormal,2,true
z_alpha[7],0.5265739986376428,0.33934881174303466,836.5458138146466,1814.493619715881,1.0025519722854133,-0.02867810132185186,0.5233878894495771,1.080946886730156,lognormal,2,true
z_alpha[8],0.9814896054991915,0.3644567982360352,789.0405320648474,1484.3430507542387,1.0041034761971115,0.39300964425471036,0.9699129383745699,1.5797871634568386,lognormal,2,true
z_alpha[9],0.7197171670764482,0.35008214906536755,728.7097450170739,1192.4119701065886,1.0011200642250726,0.14279201727151522,0.7166721529060833,1.3023953675212916,lognormal,2,true
z_alpha[10],-0.5569083140639737,0.33912295635023915,539.6171352751143,1265.1048175536055,1.002914993396356,-1.124153841911058,-0.5548224297567392,-0.0062759223109587845,lognormal,2,true
z_alpha[11],-0.07101462528101879,0.3328116498399613,679.7220713204229,1073.039048764698,1.0032607645081613,-0.6207068356934643,-0.07364169046590202,0.4746634265237421,lognormal,2,true
z_alpha[12],0.02164012250619747,0.34466660797424487,674.0642584974922,1294.077746299548,1.0049163684359075,-0.5355470948931493,0.01312215124726054,0.590473238632747,lognormal,2,true
z_alpha[13],1.1440465136143672,0.3658897512686854,804.1608922784897,1674.8869249254976,1.0028110303529976,0.5511450105203582,1.1421460535386796,1.7482936089860954,lognormal,2,true
z_alpha[14],-0.6100120865229777,0.33719964728592167,539.0065711164666,1262.0041357427706,1.003830674481717,-1.1779023088346385,-0.6051375094567615,-0.05630357925363022,lognormal,2,true
z_alpha[15],2.5353910276700042,0.44711190780462895,816.1334018390284,1492.188424373243,1.0037809233624528,1.824843739016293,2.525032587981406,3.285174323177455,lognormal,2,true
z_alpha[16],-1.1651986186817151,0.3624125691862287,770.3780977799945,1088.471579466425,1.0052080182520764,-1.7895944395783696,-1.1542564487924292,-0.5813818518494208,lognormal,2,true
z_alpha[17],-0.5701610472276122,0.35187335477364257,656.2785966384513,1141.1333629697679,1.005365690605638,-1.1540035478681117,-0.5759632754341529,0.016178864309447462,lognormal,2,true
z_alpha[18],-0.1006316178736411,0.3449315286869269,869.6516752567105,1806.2982393997186,1.0038814025178806,-0.6707270123660329,-0.10109883305090303,0.4511942206582782,lognormal,2,true
z_alpha[19],0.41129844891276457,0.3565506214472635,775.247655207567,1352.1752748677773,1.005117334554649,-0.16762649741223637,0.4032775501486472,1.010467623432568,lognormal,2,true
z_alpha[20],-0.2837440089052635,0.34293225137098665,779.8861918983666,1293.3013168493949,1.004206497825257,-0.8736442637270457,-0.2732836487809138,0.2655998690286817,lognormal,2,true
z_alpha[21],-0.7121713496242043,0.36063235720208264,613.2171494296049,1402.0692354517562,1.005635826319937,-1.2926579856271236,-0.7146913839540983,-0.1187628558545669,lognormal,2,true
z_alpha[22],0.3009761261728851,0.34323306907545303,772.3661612763324,1619.532570193632,1.0030179160168187,-0.2611708484612201,0.30044316229474205,0.8633880375002483,lognormal,2,true
z_alpha[23],0.6231368311924264,0.3387101279357013,653.1691080601793,936.8013646934135,1.0014685109187522,0.09398702111702566,0.6155994254193847,1.182512865191292,lognormal,2,true
z_alpha[24],2.57880425106159,0.4554174085527015,769.1471839514788,1482.3836063170352,1.0026376646333222,1.8561753770335792,2.5654146170630368,3.3462009460477713,lognormal,2,true
z_alpha[25],-0.3740626837115251,0.3395427921382339,692.3413139592608,1090.9597351765444,1.0035301665656697,-0.9306075364560875,-0.3772371274690042,0.18105366037269596,lognormal,2,true
z_alpha[26],-2.173592377616167,0.40612798564486763,443.2756138175761,1142.0219994120675,1.0052601154870373,-2.85016780289536,-2.1605323025459446,-1.5128571351075644,lognormal,2,true
z_alpha[27],-0.8148720242169845,0.3546709381067739,694.7484595789015,1088.911677898546,1.0036306057411788,-1.395513253749484,-0.8099849928106038,-0.23463856976280537,lognormal,2,true
z_alpha[28],-0.7270408285430405,0.3463573788822448,493.01106407351426,1456.1109728011559,1.0030613200866723,-1.2919937931386893,-0.7255943069310274,-0.15813413055015366,lognormal,2,true
z_alpha[29],1.2880870962031064,0.3688718151617673,760.4676765326246,1550.5426458662707,1.0021481966331605,0.6967918205483542,1.2803497735057034,1.9146440146568926,lognormal,2,true
z_alpha[30],-0.3995516484515253,0.3399121064863987,580.9316106299098,1426.9766445901985,1.003058669534891,-0.9628080669257056,-0.39798514640649385,0.1645502803833903,lognormal,2,true
z_alpha[31],0.0900862194493996,0.3348821756137749,654.9726955516603,1014.6413628769708,1.0026253338836553,-0.46314911981585155,0.08780512442323377,0.6462213814881591,lognormal,2,true
z_alpha[32],0.4728108532850833,0.34197923440596084,740.2887625201013,1636.9842164489355,1.003240468028068,-0.07393441086927348,0.465554437090596,1.0486568761269222,lognormal,2,true
z_alpha[33],-0.04713466879283119,0.33438638900822615,704.5971999556444,1166.4326151502687,1.0033637121254606,-0.6042921705889945,-0.048624715698575086,0.5096034018954054,lognormal,2,true
z_alpha[34],-0.4794526055934149,0.3429327545885506,515.5064350422743,1341.6406247686207,1.0043356380339845,-1.0550432085873207,-0.4818230115193999,0.0840274380691616,lognormal,2,true
z_alpha[35],-0.3690947749042484,0.33212122535770594,794.2256229045433,1370.6841922238877,1.0049206105842807,-0.9305447831038794,-0.36375384639283287,0.1881332967920185,lognormal,2,true
z_alpha[36],-1.122143910139151,0.36289878320514796,536.0598901092827,1114.6194089026458,1.005513061910024,-1.7218019917526135,-1.125974848454415,-0.5137167109667262,lognormal,2,true
z_alpha[37],-0.8684949118093946,0.351196408300373,766.938968215269,1207.0477540255329,1.0043086643095636,-1.4621467402184694,-0.8571718233837127,-0.3090519524547252,lognormal,2,true
z_alpha[38],-0.76017387136367,0.3668528468165075,614.5626091771054,1245.3936326526587,1.0045083946779105,-1.370495082195738,-0.7647965102577781,-0.16279520473545672,lognormal,2,true
z_beta[1],0.2259757166802002,0.3187453648957341,634.5731426397635,1493.532121526534,1.0119009195283317,-0.29744967393479055,0.2197519031256293,0.752419523921917,lognormal,2,true
z_beta[2],-0.2884531794083289,0.328269643352644,689.6282147287211,1154.3534617036164,1.00330843883369,-0.8244121498303896,-0.28747748477234913,0.24177792417110738,lognormal,2,true
z_beta[3],1.1393346351948714,0.3440912596301789,583.0301030606404,1478.0880966464456,1.0117829067406996,0.5898281957660895,1.1350798554082795,1.710929963986633,lognormal,2,true
z_beta[4],0.25343216449846184,0.3229361289418943,759.2418141075958,1536.4659245313608,1.0063874693769628,-0.2862107169880834,0.25811029437734,0.7963995384742678,lognormal,2,true
z_beta[5],-0.7660352342734307,0.32366114242004507,663.0849959645058,1291.1772508537713,1.008768571121175,-1.3052208160837786,-0.7602330913236639,-0.24518911087473302,lognormal,2,true
z_beta[6],0.28615764418924095,0.34180433562694706,599.5885922815125,1171.0153433700832,1.0086513084132038,-0.272529878662235,0.2727905813657236,0.8501879977968494,lognormal,2,true
z_beta[7],-0.22402806162134833,0.3336411453514503,559.6400531601655,1364.3738706493,1.0084717074208742,-0.7810865762441846,-0.23165111654800213,0.317276527938152,lognormal,2,true
z_beta[8],-0.5844536259742417,0.34695352076538505,758.9553156575448,1662.1242484606537,1.004079476007647,-1.1646009435781346,-0.5765040695573305,-0.022628337427239645,lognormal,2,true
z_beta[9],0.04828479337324725,0.32716958835365445,670.6790512171062,1677.0498982654528,1.0086107983153703,-0.49305875419697326,0.050623541853306024,0.5850319272763652,lognormal,2,true
z_beta[10],0.42454330124446094,0.3259314804865067,686.068899054068,1119.195756177549,1.00396408245091,-0.10158357564188307,0.4215895239249178,0.9602261735699087,lognormal,2,true
z_beta[11],1.3317138276009801,0.3561564256148415,561.2168460387802,1251.8327076705086,1.011711693722152,0.7393000543500402,1.31934035139393,1.923149834654133,lognormal,2,true
z_beta[12],0.5051402816279451,0.32606591774116256,693.5341790669604,1460.6175676898147,1.0067026403790433,-0.04025101915831172,0.5038249337542449,1.0405256245873353,lognormal,2,true
z_beta[13],-1.3007006372273267,0.3624566005236308,605.8441531775647,1607.9271638474515,1.0065661657465166,-1.8797595314889648,-1.303259625830954,-0.7029346314697976,lognormal,2,true
z_beta[14],0.4190700795941907,0.3291826012610415,697.6540282726309,1284.8728724932403,1.0044718607927061,-0.12505211461093102,0.417377910167766,0.9677358356883361,lognormal,2,true
z_beta[15],-0.8813775369592274,0.35768737203297046,737.7316514401529,1472.2057029056818,1.005892870604572,-1.4893208626994365,-0.8675937295316585,-0.3212291592642059,lognormal,2,true
z_beta[16],1.2899170374968951,0.3610504423092349,548.438779000395,1355.0631890555119,1.011243462807729,0.7039704212696443,1.2897491374553354,1.8919157587656932,lognormal,2,true
z_beta[17],1.0864705691153427,0.33954909687098084,691.7663768007272,1398.2224106012804,1.0050827709993548,0.5282694742993023,1.080271536931158,1.6435853684240866,lognormal,2,true
z_beta[18],0.3002481378416138,0.33796642351770395,582.1389155737929,1766.3711257282787,1.0092607665999325,-0.2503695394803329,0.29480373355033584,0.8628348948948306,lognormal,2,true
z_beta[19],-0.18489575527883037,0.334708662790527,774.0756143567821,1408.8427841323382,1.0055676292108366,-0.7507640976266756,-0.17549534891761728,0.3529348562567991,lognormal,2,true
z_beta[20],-0.47023835325914226,0.33934913179803394,547.4849185457003,1335.3774690931982,1.0086783766389258,-1.0200307453243396,-0.4744600835884054,0.09551902091503449,lognormal,2,true
z_beta[21],-0.37515459183600774,0.33902287507824874,731.140742074733,1494.8947814082437,1.005296947796449,-0.9314205713264756,-0.3703887476965163,0.18089713910748417,lognormal,2,true
z_beta[22],-0.19641346056884107,0.3370705021158906,772.5670196182848,1128.1389633418319,1.0030136496970452,-0.7554973706916861,-0.19945934539637125,0.3564153432713954,lognormal,2,true
z_beta[23],-1.728901073555371,0.3648738749011342,648.8508896656206,1381.197272320969,1.0063993615214744,-2.3195811580943695,-1.724493387920609,-1.130054894244833,lognormal,2,true
z_beta[24],-3.0789062201106874,0.4765459903100592,721.0077835849357,1206.532127196787,1.0022705963694665,-3.890376378146534,-3.0632145345215247,-2.3165138657102045,lognormal,2,true
z_beta[25],0.6192631767400258,0.3307652943820406,562.9003873413218,1394.823136881013,1.0120501830791173,0.08244659796304583,0.6137189286921199,1.1606016689737586,lognormal,2,true
z_beta[26],1.5371328543111877,0.37604342421066816,671.4757447590309,1410.2988328762553,1.0071274228582912,0.9349024605066502,1.528751264924264,2.1662516406844317,lognormal,2,true
z_beta[27],0.08627235805048906,0.31637518709780493,563.4379229535391,1300.1507477546081,1.0110202941960293,-0.43348059505384995,0.08558725115694502,0.5961421043427031,lognormal,2,true
z_beta[28],0.6848114514105512,0.3407298397668473,695.1572416058939,1376.7277158811366,1.004642401703541,0.13342274371272536,0.6756973121262118,1.2516424952961023,lognormal,2,true
z_beta[29],-1.4721127662286848,0.37079051512354433,622.21100352533,1501.475510610693,1.0055603872507872,-2.08645366743724,-1.4649335895396365,-0.8550559423343709,lognormal,2,true
z_beta[30],0.26564504734021294,0.33626231065607093,730.9323850883119,1124.8604555148288,1.0040671072472624,-0.29011288862444073,0.26143817157992766,0.8213811465895734,lognormal,2,true
z_beta[31],-0.48426891204908284,0.31766323510404026,613.3734804508229,1481.9547019756494,1.008604572196245,-1.0187793632162006,-0.48755632995919324,0.039934427923837335,lognormal,2,true
z_beta[32],-0.38339238442398915,0.3230950556074013,715.2958303585001,1030.8684665002659,1.0030922849600385,-0.9256705268374855,-0.37579275179959515,0.13214697621162608,lognormal,2,true
z_beta[33],-0.14554635104440447,0.3150795629728574,564.8659160384582,1428.5937854727026,1.0096075023703859,-0.6755320759305228,-0.14524372440342348,0.3775423185305927,lognormal,2,true
z_beta[34],-0.8326698043202551,0.3370753973648166,752.4144906398269,1014.9018233707092,1.0025685129355357,-1.4245978170666893,-0.8187459949284945,-0.30615961017406595,lognormal,2,true
z_beta[35],0.7053708431724942,0.3418797914195493,486.1359809309599,1178.8618922221046,1.0128630962952607,0.1487529744741625,0.6986779849394951,1.2732089050352218,lognormal,2,true
z_beta[36],1.4152640353748627,0.3599724317741492,627.6860361398313,1555.5140098328357,1.007112224567727,0.8293707759767216,1.406559673168743,2.0146534464015606,lognormal,2,true
z_beta[37],0.43671717222832207,0.3341320263866758,546.8010477698866,1364.9127414820623,1.0107243270065691,-0.12107693132067682,0.43711752025755035,0.9864376955415779,lognormal,2,true
z_beta[38],0.1076642434421041,0.3356025518174322,721.6094531091557,1380.8277975997657,1.0054494724027556,-0.45091795460640716,0.11287004463474909,0.649316941036259,lognormal,2,true
noise.sigma,0.12920178602687848,0.0031349333343511166,3219.8350899728102,2917.9226463202103,1.0020665696535753,0.12432733406187114,0.12913923038996675,0.13454841812455698,lognormal,2,true
mu,0.2096500539130638,0.005952041012568796,2113.172237968037,2750.774525112156,1.0014249541321596,0.20008255812897133,0.2095229587180796,0.2193376166599612,lognormal,3,true
gamma,0.17785602319550142,0.008629017243983508,2134.6464522870633,2548.456934496186,1.001286608290364,0.16360164660447207,0.17813935569689154,0.1918303676279978,lognormal,3,true
sigma_alpha,0.13566917984206975,0.018077737466031467,731.1974334271329,1288.307875479585,1.0055302992671729,0.1095295907949323,0.13376364863299242,0.16880669680825486,lognormal,3,true
sigma_beta,0.1444541916981157,0.01900512036489119,531.7720573237496,948.2328117824666,1.0036850112007194,0.11672420363268605,0.1426242106876126,0.1791927937723438,lognormal,3,true
z_alpha[1],0.3305159943536583,0.32767937207990894,940.0417757106597,1692.1718168208322,1.0024154726302827,-0.20605129857801097,0.3374247826688712,0.8554159865297516,lognormal,3,true
z_alpha[2],0.16125780494303568,0.34273765617954155,886.5712270272454,1580.5807770177616,1.0020832712008116,-0.4078206867665481,0.16780088573701463,0.7325926419506235,lognormal,3,true
z_alpha[3],-0.6933757954349232,0.33831378742293094,896.9376382776937,1612.8190100286615,1.003069994295525,-1.2553431994843312,-0.6818650109736031,-0.1535207548152658,lognormal,3,true
z_alpha[4],0.30931817153910224,0.33867099425099445,1033.258628544849,1617.8627828064284,1.00071784067968,-0.2583948030973834,0.311889050654069,0.8538753581905407,lognormal,3,true
z_alpha[5],0.8343647691824969,0.3465945998659781,885.1300621160343,1477.1622565467158,1.0032965373135367,0.2542056094323514,0.8456667661050195,1.3994873762743014,lognormal,3,true
z_alpha[6],-0.22338145160650527,0.37206860923853374,837.254405836175,1639.7636515604129,1.0063414771737536,-0.8255037762065995,-0.22417747167230268,0.3944875555777893,lognormal,3,true
z_alpha[7],0.4365967158694709,0.37146954639283447,775.263556668637,1414.5206188097068,1.0081683332594749,-0.1643036421932771,0.42722451973856196,1.0555173552818606,lognormal,3,true
z_alpha[8],0.9118354883589358,0.35571187845534935,1013.1472933871893,1789.945513495207,1.0025573569363253,0.334575512012779,0.9072810442632762,1.4955981266392304,lognormal,3,true
z_alpha[9],0.6386024198596256,0.3506368996867023,888.316635573342,1400.1378545295493,1.0025738840306422,0.05206330209983038,0.6373178441417582,1.1946655766576608,lognormal,3,true
z_alpha[10],-0.564729059654539,0.3452666430517758,901.9918545294627,2126.146867470547,1.0006420252435546,-1.1416529590049624,-0.5571298592541916,-0.00020202170027190915,lognormal,3,true
z_alpha[11],-0.17646902414531884,0.3517835586427216,1023.7032385510989,1761.311721019955,1.0016256022112893,-0.7589085731832321,-0.17976916024671957,0.39551917805770065,lognormal,3,true
z_alpha[12],0.10498782871781727,0.3373647441903,952.946869970587,1357.6331555815102,1.0013354985856773,-0.4444106145036637,0.10121773694118846,0.6683078792611774,lognormal,3,true
z_alpha[13],1.1056602968997498,0.3790987979757449,831.6948376400205,1694.4275615191145,1.0072819662182182,0.48079159481674205,1.0964869719573984,1.7493401840228417,lognormal,3,true
z_alpha[14],-0.6342476414330338,0.33965397934397995,794.6011103507898,1714.8297409044767,1.0009877947956172,-1.1941589958402692,-0.6332919784004736,-0.07534463268979794,lognormal,3,true
z_alpha[15],2.669338058409813,0.45552544569869635,876.4753804222021,1632.7898532578918,1.0045541354339809,1.928114415987409,2.6615887682122583,3.4248431653801394,lognormal,3,true
z_alpha[16],-1.20354417099709,0.3751068905191348,657.0858748360914,1120.100665585541,1.005115168365047,-1.8252062753864648,-1.2079554558260617,-0.581077918654125,lognormal,3,true
z_alpha[17],-0.6017628327452771,0.35465850200888915,957.1282097074019,1433.9627759772588,1.001471935904738,-1.1743343291468207,-0.5991627630070869,-0.020267524275958508,lognormal,3,true
z_alpha[18],-0.2003209160537491,0.36534472058402107,816.3103621999767,1683.889690762547,1.0078608820234254,-0.80442945964574,-0.1967238431424364,0.4074857814072876,lognormal,3,true
z_alpha[19],0.493111553046797,0.3521091435989867,1089.075056327838,1769.3696801209423,1.001326430881353,-0.08494631338307124,0.48962907899495967,1.0822647218502357,lognormal,3,true
z_alpha[20],-0.13321406980664866,0.3644492355808806,792.6418069001329,1393.3587878874023,1.0058635044915971,-0.7376984740109017,-0.13742506005818222,0.4691899815903795,lognormal,3,true
z_alpha[21],-0.7156207381962143,0.3643128575447444,932.9579004612269,1536.09086478163,1.0004474004423523,-1.3333966223627782,-0.7045442813418329,-0.11188447927674147,lognormal,3,true
z_alpha[22],0.3640266058149452,0.34284941916729555,929.5227273357946,1771.4430421958937,1.003044753197666,-0.19154444323519484,0.36402700494469176,0.9309556521713657,lognormal,3,true
z_alpha[23],0.6037191657320613,0.34201454138704307,923.4492719799795,1398.365595221789,1.0019923127182262,0.04005884414926442,0.6082959099186098,1.1537356911413714,lognormal,3,true
z_alpha[24],2.6325595274768534,0.46235114889326645,805.1750204525935,1372.4867170099112,1.0039403318336042,1.897259835848391,2.6277336006932224,3.3995500715705105,lognormal,3,true
z_alpha[25],-0.4250430888579335,0.3368720697413443,933.2926649749888,1401.7344166114758,1.0023388306944685,-0.9842336528975146,-0.42297362723932275,0.11051014035740063,lognormal,3,true
z_alpha[26],-2.097511688061897,0.4251276173952491,850.3073138676388,1531.53720741747,1.0023690593546475,-2.8027767045814374,-2.0924129397888223,-1.4061638690902962,lognormal,3,true
z_alpha[27],-0.8426973482162462,0.3436115299980489,935.3714490959039,1563.522109755595,1.0024071030511315,-1.4139023895666538,-0.8413189338656875,-0.29187286005953444,lognormal,3,true
z_alpha[28],-0.7640620114363706,0.35235785789289226,851.4573306284863,1675.847867719923,1.0014056428093712,-1.3451775943965931,-0.7614051732470822,-0.18472911675768688,lognormal,3,true
z_alpha[29],1.192822425641516,0.39430724347474033,886.664870089001,1727.0653179426038,1.0082174544136304,0.5581109163796841,1.1893126060462658,1.869872866345066,lognormal,3,true
z_alpha[30],-0.45792129254410574,0.3440964942640617,899.2209603227908,1840.373891908087,1.000843545106872,-1.0188708267741915,-0.4607906271731944,0.09630119515637023,lognormal,3,true
z_alpha[31],0.17663278642872343,0.33632768675315083,938.5476417960408,1433.7653659420603,1.0025910771186668,-0.3773359138097169,0.1835982588591739,0.7135522978018084,lognormal,3,true
z_alpha[32],0.5517039475518218,0.3481399113044815,918.7019434347553,1614.3860502196317,1.0020059225526177,-0.007106921245512822,0.5449404781163552,1.1356706082799668,lognormal,3,true
z_alpha[33],-0.05998799052745348,0.337826226458773,922.0714214304675,1580.5123059265188,1.0030713489567344,-0.6333267147530524,-0.06255154386029158,0.4994477332950971,lognormal,3,true
z_alpha[34],-0.4224724963870299,0.33619888207772775,865.8458777334884,1587.0927751635302,1.0017718322575817,-0.9762901478638375,-0.4169337427661108,0.12585572947640097,lognormal,3,true
z_alpha[35],-0.3764040701438736,0.35830954347660626,730.064338130195,1420.1659159814465,1.0052413098819273,-0.9599653882099325,-0.37884626359109264,0.21921057930787397,lognormal,3,true
z_alpha[36],-1.1259882982991216,0.37765989196974126,911.44920670841,1467.560695326625,1.0004617001609593,-1.7502328725424188,-1.1185192289840995,-0.5218618569941456,lognormal,3,true
z_alpha[37],-0.8942177544755637,0.3681212147014438,709.3124553091245,1219.6168124878939,1.0044602478710711,-1.5079112428517194,-0.8894801961439799,-0.2805446499023853,lognormal,3,true
z_alpha[38],-0.7051138739817033,0.36061813839578466,979.5970887124452,1512.158333933829,1.000488377730523,-1.2975579995397108,-0.7024426317850594,-0.11713229421175864,lognormal,3,true
z_beta[1],0.1864457496933456,0.32315383707129214,713.894450455207,1414.2278658047333,1.0037998551065066,-0.3426058346199518,0.18423747978614607,0.7242394958200657,lognormal,3,true
z_beta[2],-0.26154892745329616,0.3240332229215175,687.1270646988279,1202.8427128500732,1.0046567344657624,-0.789787850868378,-0.26260778430924026,0.26971797071848275,lognormal,3,true
z_beta[3],1.0101789108555477,0.33455473106582173,804.2663538564217,1537.8535296266361,1.0040043435988326,0.46224719484313814,1.005459789903811,1.5629670241373084,lognormal,3,true
z_beta[4],0.2826338508100573,0.3351082136669323,684.8404764195117,1436.013016433699,1.0032797800834172,-0.26578117793610934,0.28573001679798443,0.8148569669815444,lognormal,3,true
z_beta[5],-0.771459666587337,0.3428373731523671,625.2900018025643,1348.3968811250284,1.003128522849676,-1.345229547594113,-0.7621528069264327,-0.22876810764585417,lognormal,3,true
z_beta[6],0.24702290083224232,0.3498608696018363,879.903227406024,1483.7636124216026,1.006427511804537,-0.3125259190228834,0.23713236318635994,0.8245914233262892,lognormal,3,true
z_beta[7],-0.24975579734368586,0.3379182277841417,818.2203475082282,1365.5187495545208,1.008184040227613,-0.8126770491686044,-0.24999471976848797,0.30018860682749254,lognormal,3,true
z_beta[8],-0.4889220559615765,0.3335728510040702,678.0808484978636,1169.9220762248865,1.0038566531580224,-1.046838456370671,-0.48400172023993765,0.04351689504123937,lognormal,3,true
z_beta[9],0.15803799210606864,0.33362059901413743,746.1520206850971,1494.9946168753656,1.0036136937926865,-0.3934475752328264,0.1602050415614168,0.6971993500605387,lognormal,3,true
z_beta[10],0.44247451421693096,0.3380289434037485,645.9281065618928,825.270453945992,1.0040208102360697,-0.10712515872705748,0.44749474006651646,0.9911732546666051,lognormal,3,true
z_beta[11],1.356531207186476,0.36625248563716223,826.8885223066926,1517.1464295245833,1.0037615086111131,0.7748007573054656,1.3516357170599629,1.9770276190009748,lognormal,3,true
z_beta[12],0.45126664219098983,0.3393205236883162,711.2503549311662,1157.5978031982356,1.0041027305674393,-0.11556759650324226,0.4554342052742082,1.0017596473635022,lognormal,3,true
z_beta[13],-1.3398489621453977,0.36490975124542896,611.6443250763043,1118.7341248683774,1.0059111765621787,-1.9555537372595588,-1.3275402289142573,-0.7565692398605387,lognormal,3,true
z_beta[14],0.50252830703516,0.33179172408245755,619.7553198793362,827.753098094002,1.005813240116902,-0.0253448636834778,0.49721247784690314,1.0603752326273235,lognormal,3,true
z_beta[15],-0.9028624826813614,0.36212497103460495,725.1277972882208,1340.6630085079953,1.0037185993395208,-1.496927913677355,-0.8996125094981673,-0.3184711227441587,lognormal,3,true
z_beta[16],1.282703229874307,0.3562068813892251,768.7136525297186,1567.1260276325959,1.0081555497918935,0.7106196262265932,1.281289307950737,1.8774566308123066,lognormal,3,true
z_beta[17],1.116683895490523,0.35807694059664114,687.5448019876541,1325.004896366935,1.0031659008762452,0.5358034504976497,1.1100921317798895,1.7215121862005633,lognormal,3,true
z_beta[18],0.287427700941493,0.34668394712116074,949.992924370593,1498.9050991819288,1.0064278354518865,-0.26982876873797845,0.29212903463565737,0.861868432234906,lognormal,3,true
z_beta[19],-0.22350153363882982,0.33987205344637866,716.1151212114028,1599.7369234560142,1.0019730384297627,-0.7724318196939366,-0.2135173229839598,0.3224337572120419,lognormal,3,true
z_beta[20],-0.6011426224165617,0.35351488242974627,810.1933745862046,1231.5635128388883,1.005188449669301,-1.1820474739818696,-0.6076940595724025,-0.03765763716092963,lognormal,3,true
z_beta[21],-0.5602338663034362,0.3494995169312675,667.9718461575667,1217.500563554338,1.0042602539293755,-1.1243936129908596,-0.5591404771224047,0.011577733855683208,lognormal,3,true
z_beta[22],-0.19402298595119385,0.32905609134852204,703.5469312616792,1177.105974639711,1.0026368350928148,-0.7297771484892429,-0.19352662582404018,0.3369471809059088,lognormal,3,true
z_beta[23],-1.700009476123804,0.39716777669015063,607.7479542704667,1614.364989810148,1.0040369024352889,-2.385606316336517,-1.6956795183895088,-1.0781518580921208,lognormal,3,true
z_beta[24],-3.0930300088238636,0.47284476670714404,633.5981635533007,1353.1095366711877,1.002421175151777,-3.8708654185737887,-3.0954468001322137,-2.31790457470741,lognormal,3,true
z_beta[25],0.5842009559089049,0.3277927398139824,775.0735839854942,1581.911891907797,1.004947597756714,0.04435078111214959,0.582890389478028,1.1188762517088688,lognormal,3,true
z_beta[26],1.4972216221011523,0.3856754870022331,564.4404602114267,1234.8229395525746,1.0051491028498145,0.8772175768316122,1.4925982943983538,2.1498515395148434,lognormal,3,true
z_beta[27],0.07682065708411613,0.33058113054557653,748.0499179388007,1525.0908769394064,1.0030443874525998,-0.4631297213850381,0.08153536323825147,0.6169525161184373,lognormal,3,true
z_beta[28],0.6743782824819566,0.34473484218026806,636.8970553055015,1219.4787496834938,1.003642564719055,0.11301074590864264,0.6805424512640157,1.2336063617950268,lognormal,3,true
z_beta[29],-1.3618622961954416,0.37622032966461577,671.9127449677542,972.8525677770023,1.0056476588215275,-1.982268853985651,-1.361074332552876,-0.7515538415523861,lognormal,3,true
z_beta[30],0.25420188767198865,0.33167569118211143,679.3950361871559,1135.9018976737932,1.0026569102429685,-0.29166756420637246,0.25211690132979014,0.8107451698134072,lognormal,3,true
z_beta[31],-0.5024556578460965,0.3433048485236435,694.2296824935372,1254.8060630715574,1.0027965989333514,-1.087294284785528,-0.5014856214350263,0.04508535025617557,lognormal,3,true
z_beta[32],-0.48211560928297403,0.33079988515091197,702.5245992035015,1372.528905346724,1.0035805708679928,-1.0283325462107629,-0.48530454272525825,0.0678221364651782,lognormal,3,true
z_beta[33],-0.11438229047617685,0.32935280879821344,728.6872857118985,1362.6235212455713,1.0026764287071286,-0.6729659758473095,-0.11021354545291312,0.4204524290702304,lognormal,3,true
z_beta[34],-0.8697399111360944,0.3378816711033249,705.618561756393,1221.653210783462,1.003921445930054,-1.4147184865101017,-0.8700313934903083,-0.3162409432979995,lognormal,3,true
z_beta[35],0.6976682943025587,0.33699708381319665,881.8385479347875,1695.293916194693,1.0051972183068623,0.1454304178608692,0.6994431045061515,1.253453664753983,lognormal,3,true
z_beta[36],1.4170749822430466,0.3704567359411589,673.8295646814678,1177.139606137233,1.004240369722437,0.8141506628720526,1.4135654826230644,2.0322756464994574,lognormal,3,true
z_beta[37],0.4845908851509563,0.33680318309606616,818.8027453464234,1281.0696087509225,1.0059799821253337,-0.06393404897227829,0.4837245635712043,1.0286734763714058,lognormal,3,true
z_beta[38],0.17211226743809846,0.338685793848515,692.6917356813806,1501.335731460139,1.003411660832041,-0.3911905311508571,0.17091271647443373,0.7422877577383279,lognormal,3,true
noise.sigma,0.13025185830730499,0.0030708167493226266,3440.68210308211,3005.289183520233,1.0004151604792624,0.1254106031227054,0.13017781280002833,0.13535844908753408,lognormal,3,true
mu,0.21114531511129464,0.006096449915625317,3038.9242193498067,2769.018042967676,1.0008838328909277,0.20092011600370452,0.21123148081798818,0.22116777944473998,lognormal,4,true
gamma,0.17671169579377732,0.008545667865489161,2696.351054442993,2405.594731509542,1.001128877092228,0.16310652844009277,0.1765508447672622,0.19069087168625337,lognormal,4,true
sigma_alpha,0.13685418707678026,0.017767280653527694,845.5786559371033,1466.0202584666563,1.002815194882407,0.11134265497051243,0.13490900605566186,0.16844562144064332,lognormal,4,true
sigma_beta,0.14473711921031174,0.01870388769708579,817.8811709792122,1459.4793676239763,1.0057229677527375,0.1169781809662178,0.14336230240612813,0.17799513953168655,lognormal,4,true
z_alpha[1],0.295926477388028,0.33689790073786846,1000.5833485952098,1567.828568531163,1.00405035823633,-0.24856323363545021,0.2906346269554331,0.8539345895681184,lognormal,4,true
z_alpha[2],0.18774479150966475,0.333428963756003,1056.3979890942092,1516.141724997633,1.0001211724586618,-0.3582568075497313,0.18712354121779795,0.7322499684068063,lognormal,4,true
z_alpha[3],-0.5920088351223142,0.34768319288622673,982.8020533125002,1873.1818106870292,1.0035638499971167,-1.1689334417629904,-0.582621468636783,-0.02843393743381651,lognormal,4,true
z_alpha[4],0.3158868558881384,0.3461891083609178,869.53485679018,1321.0415346534305,1.0047245094927413,-0.2427435879538387,0.3040002597483034,0.9010164360465512,lognormal,4,true
z_alpha[5],0.8245321822173081,0.347306158825255,936.5612293713581,1560.4985258192019,1.0044400423764888,0.2560555935946944,0.8242748875598507,1.3927380017442974,lognormal,4,true
z_alpha[6],-0.33193968573057,0.3704366772002086,1165.0877798579982,1620.031534749832,1.00123941918209,-0.945571333758641,-0.3229622065925636,0.2583723621876575,lognormal,4,true
z_alpha[7],0.5311155242255697,0.3449942506739363,1027.5157082808832,1528.6236209922208,1.0021254935544075,-0.03442425881312918,0.5311334141967804,1.095703839689729,lognormal,4,true
z_alpha[8],0.9154030253377946,0.3663418585484537,887.3328560023256,1554.296127176276,1.0048643948250262,0.3285096030451437,0.9059113569666639,1.5379545194113917,lognormal,4,true
z_alpha[9],0.6365406980053292,0.3493730055550204,994.3662393742817,1783.3385121870153,1.0050731846611602,0.06643512773690088,0.63808576339654,1.2176842496017746,lognormal,4,true
z_alpha[10],-0.5611835521796218,0.3291800815517098,1067.9031855590558,1513.1647318435348,1.0008450038833436,-1.1190502885204403,-0.5540213065011037,-0.034475587258776766,lognormal,4,true
z_alpha[11],-0.14592081503533227,0.35033331551132557,1051.7118725410364,1706.6561477022005,1.0048685516271512,-0.7326820263698387,-0.14349573276091737,0.418738568053326,lognormal,4,true
z_alpha[12],0.07880777444541417,0.35629773574274576,844.1301948837474,1311.1534465709735,1.0044104877837403,-0.5105549810460035,0.08167729511134128,0.655177574473685,lognormal,4,true
z_alpha[13],1.0425955064705168,0.3591031327155412,1035.2697765946953,1747.4807009321726,1.0029023815121896,0.4561469591999399,1.0377946526661153,1.6343705071083763,lognormal,4,true
z_alpha[14],-0.6543023551409076,0.33695374820330937,1086.3988290195628,1633.9221907266303,0.9999107870900117,-1.2157263956447462,-0.6518520301032508,-0.1027901306548873,lognormal,4,true
z_alpha[15],2.609879961808637,0.4650029817373307,840.8518626260399,1594.8757633966532,1.0044293148059562,1.8654670400623234,2.6001301076339978,3.419127041288154,lognormal,4,true
z_alpha[16],-1.308248034313124,0.37830999945507743,910.560855495357,1367.95457927169,1.002443348973042,-1.9459348417088889,-1.3022050011696917,-0.7018752214678553,lognormal,4,true
z_alpha[17],-0.6123543365365074,0.35246871085013987,852.4347425670395,1668.276369414098,1.0033580601591106,-1.198693616521791,-0.6057641164517769,-0.040340991492044474,lognormal,4,true
z_alpha[18],-0.048104573363854215,0.3535571655962431,1042.7008080530509,1511.9622440749647,1.0014463968719258,-0.6508556339430243,-0.042534515360270066,0.5310823248233905,lognormal,4,true
z_alpha[19],0.4642975504978912,0.3551690660171899,877.6942012446377,1507.0405050379393,1.005926050456389,-0.10189664789903699,0.45621322258214214,1.06281522941933,lognormal,4,true
z_alpha[20],-0.3053215214914799,0.3586526828941763,1025.7522265269374,1487.942731993487,1.0028226254635035,-0.901920468047867,-0.30278031803413563,0.27999345973859174,lognormal,4,true
z_alpha[21],-0.6586830703020885,0.362530463094519,906.349525754607,1351.5063415279035,1.0038922230594913,-1.2646170874045561,-0.6500265564368852,-0.0764272441680141,lognormal,4,true
z_alpha[22],0.41437098017854984,0.3402135545943407,1072.0462612852264,1658.3142688515413,0.9996511748226732,-0.14397056801551802,0.4084009644659685,0.9628119172770444,lognormal,4,true
z_alpha[23],0.54336587805579,0.3385776827261069,960.7158507643877,1736.2363772040599,1.0045305140146497,-0.01644444518768319,0.5410772544110085,1.098295188701562,lognormal,4,true
z_alpha[24],2.6324036921165117,0.46282785476127664,838.8584204155919,1878.2071335960816,1.0023771764011606,1.8780491460565183,2.627226838626185,3.4088183596088357,lognormal,4,true
z_alpha[25],-0.43099812745518146,0.3378800757344685,937.304583460484,1506.9044558790392,1.0040426584077602,-1.0049052053236294,-0.42897648450017933,0.1062594285649188,lognormal,4,true
z_alpha[26],-2.1330844157213686,0.4056991762109286,986.1156044940105,1665.0369195062008,1.001209480425392,-2.8075736693933346,-2.1264582672033363,-1.4748872527135424,lognormal,4,true
z_alpha[27],-0.834972936271501,0.349545064673408,971.0663854654206,1759.494990216945,1.003245802307824,-1.4164974975511837,-0.8333474301928462,-0.26382308797743254,lognormal,4,true
z_alpha[28],-0.710067203858634,0.34009713356739724,1055.2607079049942,1709.0362974083744,0.9999854737671567,-1.2757708232092502,-0.7125718629954656,-0.1642613170391773,lognormal,4,true
z_alpha[29],1.2484630623539565,0.38565229256973277,1155.7210446971915,1909.3970349507315,1.0021211163225656,0.6081506276178535,1.2514315932773599,1.876062157708681,lognormal,4,true
z_alpha[30],-0.5459550228359339,0.33026763120098424,1076.2220790812034,1742.6992643470273,1.0002494655906444,-1.0881885933522681,-0.5467062773584661,-0.008975575022896299,lognormal,4,true
z_alpha[31],0.12213848932643451,0.3476817652970364,1080.7708271795102,2021.7324347941665,1.0033725983542052,-0.45321448634902667,0.11810168511925447,0.7006972608959405,lognormal,4,true
z_alpha[32],0.45710501402703363,0.33236411198801274,1019.347266166823,1307.0262991679867,1.000920118398031,-0.0901623549030539,0.4566376949388049,1.0058224338590291,lognormal,4,true
z_alpha[33],-0.08136789321707574,0.34331086292442786,1047.7068043277657,1773.748050051856,1.0033549676371827,-0.6439551202893403,-0.08425377168099989,0.47546478412351134,lognormal,4,true
z_alpha[34],-0.38502125131580645,0.32530393154739,1068.4158494067728,1511.1883050907861,1.000404009399958,-0.9215957876329758,-0.38069161445878225,0.14190350531085957,lognormal,4,true
z_alpha[35],-0.26204495138693024,0.3453493668932969,981.3053475516695,1521.7882618139308,1.002209863607613,-0.8201901050967123,-0.2593634789090865,0.2922317268190211,lognormal,4,true
z_alpha[36],-1.1179635402842936,0.3762570222111264,849.7314288502356,1659.6121298751225,1.0036539450105217,-1.7547368487874244,-1.1038370587516395,-0.5211367220397617,lognormal,4,true
z_alpha[37],-0.7907731846046931,0.3620776903730332,1018.460583897423,1410.3485336263388,1.0018895516219435,-1.3985047669579056,-0.7859054288257595,-0.19191029881363644,lognormal,4,true
z_alpha[38],-0.675922429595957,0.3600061961399318,927.7929097871084,1470.8844424597967,1.004193694241754,-1.2617049728683905,-0.6693483451397646,-0.09120404340264701,lognormal,4,true
z_beta[1],0.23594617312204458,0.32629255422398934,836.3085283538315,1565.00677761665,1.0040861357851882,-0.29465585553642837,0.2323054489534246,0.7898432496881306,lognormal,4,true
z_beta[2],-0.21367397732694712,0.32712034379691235,1059.2411835093105,2002.5978484152492,1.0068793425284241,-0.7609548109866644,-0.21428224597694523,0.3181043523334756,lognormal,4,true
z_beta[3],0.955479122598547,0.34803283597622203,750.709735298462,1619.2180284381884,1.0049359802268827,0.39344365464979864,0.9486208914108265,1.5440840186801041,lognormal,4,true
z_beta[4],0.352946772205215,0.3373786917953524,951.1948181796014,1383.5484521331807,1.0035684156735059,-0.19887583449725774,0.3533651161867877,0.8946867451334829,lognormal,4,true
z_beta[5],-0.7908436897467307,0.3407441987909029,905.569788733944,1682.0158138437585,1.002205805949415,-1.364361076858859,-0.7862667907445855,-0.2284015667057116,lognormal,4,true
z_beta[6],0.3319582215666797,0.35576195951235684,993.7444889294367,2084.5238624754056,1.00337984102471,-0.2410516812233388,0.32368111871155547,0.9292253792480404,lognormal,4,true
z_beta[7],-0.37545474882486585,0.33386124817723734,929.151181038261,1621.9473881635156,1.0040217721204756,-0.9240437541708548,-0.37432851715825183,0.18130907754030248,lognormal,4,true
z_beta[8],-0.5441528949871862,0.3422734892127556,996.980960217733,1696.2944077424913,1.0017767858067685,-1.109900525667478,-0.5395883179784775,-0.0008175244289069786,lognormal,4,true
z_beta[9],0.01558678373569935,0.3333255727891544,884.1471016188368,1637.5163901094302,1.0038207950466886,-0.5369732650217617,0.019021832713835743,0.557576357711719,lognormal,4,true
z_beta[10],0.4672680654550229,0.3302446480089589,942.4841027190843,1738.5498712788133,1.0074960927317875,-0.07455976871434734,0.46591930501932355,1.040480637275265,lognormal,4,true
z_beta[11],1.3735890199156537,0.3767562375778512,834.4773564969926,1307.3170551889145,1.0051465797066192,0.7739067199394243,1.3657520177928044,2.00069474066422,lognormal,4,true
z_beta[12],0.4607004651590955,0.3381081395576587,949.0417576367213,1311.8663063970291,1.0032331636402678,-0.08722163891551779,0.4614983176387788,1.0163609176590185,lognormal,4,true
z_beta[13],-1.3719761024441262,0.3602239900111719,987.9010078927412,1850.6997802480837,1.0057445949388935,-1.966542786527566,-1.3652121729704327,-0.7789566538379197,lognormal,4,true
z_beta[14],0.42802408302153583,0.3407857514413587,951.7219238782502,1813.7476559715763,1.0088517149307819,-0.12165959678137098,0.4273851129355992,0.9939787411181724,lognormal,4,true
z_beta[15],-0.8897937352978833,0.3563566766141795,980.7974435349167,1515.7728504855957,1.0008342197863824,-1.4860705010868327,-0.8846665815395327,-0.32073428856144626,lognormal,4,true
z_beta[16],1.368720593975859,0.37834853800486007,751.6187821268991,1448.821548815289,1.0036832145818397,0.7761534440607761,1.358434972820414,2.017509596012506,lognormal,4,true
z_beta[17],1.092263079402044,0.359251046813219,924.846278241379,1211.2082855962858,1.0027838662060848,0.5132307177550389,1.0839081099491876,1.6900966528068477,lognormal,4,true
z_beta[18],0.3376693724950476,0.3518266111825597,920.4644382815294,1915.881206915735,1.0038954676617162,-0.2275549840642602,0.3354713307485475,0.9283383184880648,lognormal,4,true
z_beta[19],-0.19424181144075198,0.3410547689082819,957.1846703435849,1416.607293445896,1.0016778063489589,-0.7647371546757968,-0.18544041300816577,0.35531817066031757,lognormal,4,true
z_beta[20],-0.5586942745165325,0.3554754863577094,1050.2529841124106,2009.8162240620877,1.0044054622971794,-1.1432280833405808,-0.5560333686474127,0.015224867654639129,lognormal,4,true
z_beta[21],-0.3497163026345314,0.33905773774379716,951.6109412382165,1263.8445127225698,1.003345423087268,-0.9191121518266225,-0.34416820827050487,0.19465180644204896,lognormal,4,true
z_beta[22],-0.2651492608837603,0.3219690840140988,1062.1536992898739,1992.7053291692168,1.007360037834896,-0.7802815363250843,-0.269157739943599,0.274656203747846,lognormal,4,true
z_beta[23],-1.7068792434211104,0.383559355788971,926.3228143330191,1559.1734174886549,1.0032793001804534,-2.339728319719058,-1.6943918784962377,-1.0889752951087406,lognormal,4,true
z_beta[24],-3.1010646811112026,0.4588286357698385,1105.9340097770475,1632.3974993717397,1.0068030187029642,-3.880803408090341,-3.08838338587545,-2.3681763352907828,lognormal,4,true
z_beta[25],0.580142645614854,0.3367293320615281,849.0011693483038,1504.6650384031223,1.004129420576869,0.03911960758562246,0.5769474791711846,1.1517445830588604,lognormal,4,true
z_beta[26],1.5067510095999124,0.38574056785309585,788.3242905557744,1694.3608482099346,1.0075787390479285,0.9085780758162321,1.4941897646271163,2.1713668845301335,lognormal,4,true
z_beta[27],0.09428002793778845,0.3316066924870012,902.6436364115481,1564.7465537234518,1.0033423715824876,-0.44390235095068964,0.09130060996666874,0.6412850528614661,lognormal,4,true
z_beta[28],0.745669114217456,0.3494274116856184,923.469447105889,1544.1108069118739,1.005884972982232,0.19104187740574907,0.7351530586149402,1.333662535700876,lognormal,4,true
z_beta[29],-1.3389403711966914,0.3793557614687251,1101.2324640302609,2021.952855854119,1.005015643954489,-1.963376608965009,-1.3293410070564011,-0.7184238132198186,lognormal,4,true
z_beta[30],0.3378784190122881,0.32539524696489996,961.9804325759122,1799.9861480870084,1.0070823785914078,-0.18311322698926102,0.3318716944172096,0.8857238669845843,lognormal,4,true
z_beta[31],-0.32138208956003267,0.33261656040783516,915.7071689654659,1698.5245597179699,1.002241516207066,-0.8643439913454405,-0.31810602238606384,0.22699323232646,lognormal,4,true
z_beta[32],-0.3098362352932579,0.31926754672256247,1105.562366062498,1718.6422685234427,1.0063516617827286,-0.836737106500256,-0.306867694669376,0.20341621068270083,lognormal,4,true
z_beta[33],-0.08910488691123677,0.34005092316708,938.5257366389228,1424.6311690190194,1.0023980885735861,-0.6455559985652822,-0.09140048699346583,0.47492747913723093,lognormal,4,true
z_beta[34],-0.8903248095405807,0.3253783493019699,1155.4367607510853,1599.0863831830588,1.0083744884410097,-1.4286466395663981,-0.889120513523413,-0.3613426101371828,lognormal,4,true
z_beta[35],0.6522276670781231,0.34727993860765227,916.8718877293533,2134.435826438401,1.003365032364934,0.10297377738521546,0.637165702083829,1.2374827259338943,lognormal,4,true
z_beta[36],1.4467983870763272,0.37434707114767374,888.4927851433772,1437.0115411944435,1.0040308032143195,0.8472069426488653,1.4284157451412165,2.102647597347525,lognormal,4,true
z_beta[37],0.4529878568958395,0.3472918633949232,887.8846676722324,1474.6367171910451,1.0030009030294709,-0.101902971037,0.4516993252794053,1.043890784246634,lognormal,4,true
z_beta[38],0.13829441865011607,0.3478566525851577,944.5546743757822,1304.471574685159,1.0025615264057117,-0.44215194607278085,0.1348024675290665,0.7041994233847853,lognormal,4,true
noise.sigma,0.1301057644987076,0.003148958888165103,3325.3865151137547,2880.023613111013,1.0013036727858324,0.12509273768250434,0.1300477309041974,0.13531200523232717,lognormal,4,true
mu,0.20823273439333334,0.006210573218735,2205.533485223108,2632.123595258819,1.000941963394235,0.1982087158696561,0.20818149271929873,0.21855285150271972,lognormal,5,true
gamma,0.17976902209415066,0.008818620080675984,2072.0135646259064,2067.0302339274303,1.0015551255696062,0.16536355799978653,0.1797111867742861,0.194220114923515,lognormal,5,true
sigma_alpha,0.1362239182647439,0.01752143642995427,592.3145707486498,1235.424581665936,1.0143460717029615,0.11072940735565232,0.13427600496780306,0.16778855489975378,lognormal,5,true
sigma_beta,0.1459425300845896,0.01931144996304091,511.81388887924504,959.8751987845379,1.0095870506104825,0.11786042803758397,0.14457013440757255,0.18077940056543398,lognormal,5,true
z_alpha[1],0.33833211288495035,0.3387858626154079,654.2020237545986,1428.7729717466093,1.0047855569292357,-0.21147329517930774,0.3340163063053678,0.9061031167520168,lognormal,5,true
z_alpha[2],0.16542957068381056,0.3387637690769931,602.9166730824239,1081.0408408731537,1.0063671982511848,-0.40203057007707294,0.1800906462436755,0.6934166686465086,lognormal,5,true
z_alpha[3],-0.6233754189438293,0.35189839550773827,636.8488170835078,1299.3035144101189,1.003642718386806,-1.2149142672794895,-0.6235099639429595,-0.05951257872359307,lognormal,5,true
z_alpha[4],0.35298651867019887,0.3432868274105027,717.8965878333028,1413.658124652727,1.0044076590133866,-0.19235844507665575,0.3449889977999078,0.9255172504978374,lognormal,5,true
z_alpha[5],0.8453187186864518,0.3443272762949273,634.3492323361356,1564.488415553396,1.009077003405869,0.2810148798721076,0.8399123197484057,1.4132606645188404,lognormal,5,true
z_alpha[6],-0.3767135097741011,0.36866447937573765,844.8812765832629,1400.752818253705,1.0014145745830891,-0.9818143294117788,-0.3752782320583863,0.22990252257661065,lognormal,5,true
z_alpha[7],0.5560062763751678,0.3514060144224413,690.0880023839079,1280.7353104903016,1.0080764574094219,-5.10402038488519e-5,0.5513233462324314,1.145712471072679,lognormal,5,true
z_alpha[8],0.9776541503779455,0.3539060110835967,631.753707735439,1032.504260054619,1.0065131187950813,0.41485672811462665,0.9654795585751946,1.578500742945235,lognormal,5,true
z_alpha[9],0.6728765181618734,0.34489851850395986,657.5988013338562,1481.2791161157986,1.008367760117085,0.1107742339919809,0.6679431625726208,1.2487992800696603,lognormal,5,true
z_alpha[10],-0.5582487024887546,0.33781977165049687,637.9903794983583,1264.906461882445,1.005996351965126,-1.1142235601647834,-0.5541830029963863,-0.003366981879502529,lognormal,5,true
z_alpha[11],-0.15502241872179726,0.3450799650357131,635.2690428647383,1291.9212474010833,1.0031988231862503,-0.7100228554976064,-0.15439329365625287,0.4030640493340969,lognormal,5,true
z_alpha[12],0.126711575649905,0.33746572928660906,659.4002888937738,1327.8697873466049,1.003570025310065,-0.4183022927260484,0.1250268104074177,0.6691166391519592,lognormal,5,true
z_alpha[13],1.023477600436621,0.36591984613262424,627.0703008050551,1554.4588009795577,1.0106748028493997,0.433686810476412,1.0185714441916534,1.6406278128643559,lognormal,5,true
z_alpha[14],-0.656039530227026,0.33879266437116395,626.4966956448841,1253.3237420024893,1.005983204607234,-1.2350120742445188,-0.6494592802514432,-0.10661475085173432,lognormal,5,true
z_alpha[15],2.589862547830009,0.44498934222090464,622.069988450972,918.0674730028114,1.0119240358952353,1.8957798318912873,2.563931064530183,3.363781588930947,lognormal,5,true
z_alpha[16],-1.2211601116713207,0.36837258880065515,735.0429113860221,1278.184889767623,1.003287999975644,-1.8254915666061922,-1.2191878051237732,-0.6231865024602108,lognormal,5,true
z_alpha[17],-0.6043136344558967,0.3511613407652753,631.5540062052645,1371.9635031012633,1.004899503406422,-1.1790118217359689,-0.6049133106311506,-0.02698224736579457,lognormal,5,true
z_alpha[18],-0.16572461961151613,0.3649900456115511,692.73992313981,1310.547351770677,1.0040854951055747,-0.7524897546615432,-0.17095318424193837,0.4469892288911475,lognormal,5,true
z_alpha[19],0.4319757173676086,0.34890127446419716,663.819925179787,1188.0133127828287,1.005112969488003,-0.1373342134495895,0.42584729194487414,1.007325143584432,lognormal,5,true
z_alpha[20],-0.21329572127043303,0.3505224219732944,749.7389060192165,1371.8373774867648,1.0044680453904282,-0.7852343577759511,-0.2210183428145872,0.37710523655271133,lognormal,5,true
z_alpha[21],-0.6781918077110083,0.3498423905101285,652.8707175472746,1343.2180804166073,1.0041121262756993,-1.2687780727199671,-0.669551604149882,-0.11464816937777515,lognormal,5,true
z_alpha[22],0.3984657277769245,0.34211683323527425,591.2415289287202,887.790526786579,1.0061317495729765,-0.1698252849298555,0.40916149144249325,0.9526990765768849,lognormal,5,true
z_alpha[23],0.6106138452658304,0.33909416158654276,646.8174770102016,1443.4944448776039,1.006797537844566,0.05622801387493433,0.6052785563703886,1.173198247642009,lognormal,5,true
z_alpha[24],2.620776322832783,0.46205806730459476,595.7229614142403,1619.8390529582186,1.0109995541109915,1.8528974625219299,2.624304660844603,3.3798599856207363,lognormal,5,true
z_alpha[25],-0.47882708430087656,0.354373286620059,634.8624759198433,1326.3881739285,1.0028760772797178,-1.0705688691051434,-0.48085071270366064,0.10656524024622373,lognormal,5,true
z_alpha[26],-2.130516769281477,0.40660107616402535,612.0240307627377,1096.7305943940391,1.0059299568720173,-2.819295018018274,-2.1215639096436725,-1.4611479191583694,lognormal,5,true
z_alpha[27],-0.7853272749885909,0.3492766627720898,624.5922087785051,1203.2391178690034,1.0023025257472358,-1.3561096092105336,-0.7836129548286663,-0.21031897951253695,lognormal,5,true
z_alpha[28],-0.6798746261898541,0.3498200783243252,625.8479667170329,1070.2706181190058,1.0065365420615215,-1.275641501863091,-0.6731558041819151,-0.1123211283123913,lognormal,5,true
z_alpha[29],1.2472681438971749,0.391422853965393,597.8015370662705,1555.6191475632306,1.0122188332346183,0.6088865667964521,1.2465548936142659,1.9000999988912437,lognormal,5,true
z_alpha[30],-0.4198835884120099,0.3336644260707713,587.8534591393156,1130.976226421802,1.004410268306613,-0.9955816139443633,-0.4193191383377175,0.12131803179162537,lognormal,5,true
z_alpha[31],0.12319503800083215,0.34215772070559286,656.5567604288854,1594.4524406007636,1.0055914369344268,-0.4529392650748623,0.12686858453995511,0.6826522869274259,lognormal,5,true
z_alpha[32],0.4015608003178779,0.34224452409664347,598.269685400993,1233.029528861589,1.0054948083054085,-0.1612836984351156,0.40888012099300003,0.9548647870953388,lognormal,5,true
z_alpha[33],0.0050152525705472045,0.3347625520824981,648.6334336202704,1379.6690924018335,1.0040631023658348,-0.5400475420058832,0.0018378382672740532,0.5521751988441594,lognormal,5,true
z_alpha[34],-0.44252035995581035,0.3390453019763427,611.8224258163436,957.3646172963618,1.0047311301703725,-1.0190732875071122,-0.4435018524137687,0.0961807971726179,lognormal,5,true
z_alpha[35],-0.31877388519433775,0.3505664393247841,789.6521491303074,1354.6553971720316,1.002113900879642,-0.8991393803142023,-0.31806634343954887,0.2504853975924554,lognormal,5,true
z_alpha[36],-1.1795900689057701,0.37125238581506165,650.7802618824775,1281.6676126461518,1.0052650706586779,-1.8146210590804694,-1.1639272120742277,-0.5901823565382719,lognormal,5,true
z_alpha[37],-0.8492830514268556,0.36059069893737755,794.7578958897769,1237.3194899149244,1.0039378416512494,-1.4423052732610016,-0.8485447772242729,-0.24729349413457422,lognormal,5,true
z_alpha[38],-0.6085817582359601,0.35298690187256154,662.6506946097144,1406.7312325971445,1.004150483842337,-1.2005974879185914,-0.6066245254242646,-0.037189419936359394,lognormal,5,true
z_beta[1],0.11399325219203067,0.31072379574408016,635.4755468333109,1301.3797811231127,1.0029046002814301,-0.3938166045383075,0.1163887103205977,0.6174987637956114,lognormal,5,true
z_beta[2],-0.2838414252415867,0.3213389108856715,638.3144407039406,1244.7429239351045,1.0033142290852315,-0.8090080333851286,-0.2771245820353384,0.2355739394813043,lognormal,5,true
z_beta[3],1.010467058880398,0.33195604036858456,642.2666353347755,1301.1354464684473,1.003021100899791,0.4651331809941876,1.0072872965260202,1.5660033029423222,lognormal,5,true
z_beta[4],0.3087805594677158,0.3389588820782975,476.51389419751945,1351.4196594909747,1.004520402371525,-0.23023428083772854,0.3158902846246088,0.8581639142913093,lognormal,5,true
z_beta[5],-0.7794626568225246,0.3254748200878056,558.0172593825499,1326.8722228967813,1.0022405718006278,-1.3218119108565285,-0.7694566121613156,-0.24591807323954581,lognormal,5,true
z_beta[6],0.3554757447998223,0.3600179104128183,775.2480658085707,1448.3560872388423,1.0026312444483179,-0.2229073051192102,0.3515497181583404,0.9562779581100154,lognormal,5,true
z_beta[7],-0.3912798654189175,0.34174414740636094,673.6280604606275,1365.8247984817056,1.00143959442045,-0.9607504801423226,-0.384811173816771,0.15552753810425407,lognormal,5,true
z_beta[8],-0.5334576619112043,0.34543054653899763,471.3380152676205,1127.5032635431298,1.0051424403538927,-1.1112298183394345,-0.5253490277250519,0.025897718099844556,lognormal,5,true
z_beta[9],-0.028057674601326715,0.3083134728795084,558.7761560867032,1129.9717686097244,1.0043994872103092,-0.5422917308899354,-0.030233900222085195,0.4885952098737086,lognormal,5,true
z_beta[10],0.44602706354948435,0.32515141039457857,546.4505252953005,880.970297933447,1.004072963184563,-0.08620990059714961,0.448593925157763,0.9813107303813355,lognormal,5,true
z_beta[11],1.372962996364551,0.35549847979103594,607.0855300316846,1440.453499156086,1.002903139458982,0.7937990126032078,1.376025149895188,1.960904676484832,lognormal,5,true
z_beta[12],0.46696169792674513,0.33820697636518815,518.291063562772,1432.9333163258566,1.004364135753014,-0.07542161890249025,0.4662319618386433,1.0183749370897333,lognormal,5,true
z_beta[13],-1.2313843137467435,0.3638346284280963,674.4747395618595,963.5382497396131,1.0016222790089957,-1.8514330633482416,-1.220287121983555,-0.6426864236442617,lognormal,5,true
z_beta[14],0.49465498182965006,0.3289112690370894,485.6564212076403,881.8134191551172,1.005291499425082,-0.041944004204823644,0.491627721798017,1.028171506707987,lognormal,5,true
z_beta[15],-0.890410153127477,0.36301808422202914,497.40069713087564,1140.928125509266,1.0050197207047589,-1.4906663862586051,-0.8869633338632558,-0.3072259365500103,lognormal,5,true
z_beta[16],1.2962477140681805,0.36472572625850896,590.8470084961864,1349.235449838812,1.0085837222823477,0.6959857943275054,1.296056228889363,1.9114129022813462,lognormal,5,true
z_beta[17],1.0838052177934687,0.35675397081831406,539.9053669802715,1348.3535987025,1.0044604831721777,0.4947670500598074,1.082368224731792,1.6737672011051001,lognormal,5,true
z_beta[18],0.37197211183000606,0.3495365751780341,715.634030100551,1387.3533013372557,1.0038329401609412,-0.19519218340653616,0.3754932574738782,0.9322102581697101,lognormal,5,true
z_beta[19],-0.18248044645542266,0.3409912075387046,522.5129093722652,1316.2187242858438,1.0035789371515353,-0.7496527822051594,-0.1833160398822183,0.37198630988104947,lognormal,5,true
z_beta[20],-0.5767163413083161,0.34746303325330596,721.1723966163487,1340.3868784515514,1.0011371639637527,-1.1515438305834358,-0.5651347874246719,-0.021948321676524402,lognormal,5,true
z_beta[21],-0.4263336762255793,0.34255258650985343,466.25320886198773,912.6898618688123,1.004367788144673,-0.989216162182866,-0.42321444413860243,0.13162739608104723,lognormal,5,true
z_beta[22],-0.17681373175276838,0.3150109795900605,631.498543424488,1084.5297413887579,1.0027239904903136,-0.7028688014179415,-0.1790839289484878,0.3309368528576893,lognormal,5,true
z_beta[23],-1.7139312680052,0.37580896905430966,526.5415321836947,1368.4911256385087,1.0040651777967182,-2.34326881188432,-1.7025686343919815,-1.1204533393817213,lognormal,5,true
z_beta[24],-3.050885774646813,0.4710834744935807,612.4800676266359,1094.4212342510295,1.0051329545246872,-3.8480632175748632,-3.037410899475896,-2.2809639645027486,lognormal,5,true
z_beta[25],0.6307650963633517,0.3223651397587621,618.8954407257739,1317.3005344786711,1.0016835816867948,0.09870526179050233,0.6356340466046555,1.1421371472750785,lognormal,5,true
z_beta[26],1.5257033040812222,0.37822287030240714,525.6115743213286,836.2263381595384,1.008222154003401,0.9305825288195608,1.5106069609488046,2.158203971851186,lognormal,5,true
z_beta[27],0.11530073013603419,0.31514946179787245,591.4585618385818,1236.0948041552401,1.0036010250703096,-0.41216932529126654,0.11866438399881665,0.6277287073674837,lognormal,5,true
z_beta[28],0.5501363260350532,0.34028621819834903,577.4186670058459,822.1003418113829,1.0041378686860902,0.0009546615700683781,0.5503522369788577,1.1276426044634469,lognormal,5,true
z_beta[29],-1.410888734626706,0.38503542749228453,729.7036884180865,1014.3915639253851,1.001129295722919,-2.0658864361450395,-1.3977943173407463,-0.8041199088034254,lognormal,5,true
z_beta[30],0.3207332445114398,0.31994457192551423,517.0728685630228,993.4021264928418,1.0053241839138432,-0.2117843136111399,0.3197096952014967,0.8523460902084766,lognormal,5,true
z_beta[31],-0.5065148316569512,0.32492182484201093,581.6897301952957,1240.681483450509,1.0029529786990043,-1.0447746342489816,-0.5041904371943748,0.023572112749958737,lognormal,5,true
z_beta[32],-0.46633333068455796,0.320538787712972,604.6023288620189,1245.1036614502002,1.0034335883189995,-0.9948358860898889,-0.4711136200477364,0.060807439825131274,lognormal,5,true
z_beta[33],-0.13158278357957237,0.3169575465884772,600.925230303106,1495.6279156664336,1.0031675049568396,-0.6559335298603952,-0.132850504101832,0.3679987824228912,lognormal,5,true
z_beta[34],-0.8424723744168284,0.32221655909249103,609.215362183599,1157.3057232563135,1.0032797792113994,-1.3686920292803197,-0.8430525902574753,-0.33576297890282464,lognormal,5,true
z_beta[35],0.6941456318826056,0.3529264825413207,662.0085682565884,1474.6694124882113,1.0055853074839556,0.10509743552268098,0.6993653097764916,1.2533966668290233,lognormal,5,true
z_beta[36],1.460931985110326,0.37665821134673205,530.8694047686153,1338.5725823710734,1.0052705763528238,0.853695099556322,1.4575064135522235,2.097811267326131,lognormal,5,true
z_beta[37],0.5420186283636917,0.35075407632849404,737.6067445995573,1504.3365467235383,1.0027757552092242,-0.023859488003553045,0.5443934057654751,1.133530522663716,lognormal,5,true
z_beta[38],0.11244443411711444,0.343541048604036,523.0376981166952,1224.2337651748182,1.004647675716546,-0.45565266328437154,0.10988711211981389,0.6685838494838638,lognormal,5,true
noise.sigma,0.13159214303564612,0.003236386436438045,2585.1607820239583,2968.6043718588794,1.000933950632257,0.12641536183736582,0.1314825279682804,0.136903703830399,lognormal,5,true
mu,0.21086237883035144,0.0059024966466602186,2548.409540057691,2793.3343042857728,1.000361295491812,0.20092338940172144,0.2110430148000823,0.22065554246727395,lognormal,6,true
gamma,0.17908646786297822,0.008453003349422153,2480.170928142796,2693.5909497545313,1.000150813811982,0.16542034426316113,0.17902225407964717,0.1930982451761126,lognormal,6,true
sigma_alpha,0.13433569396893547,0.017372014926780702,668.6743918266066,1402.8498567160161,1.0106444799932393,0.10912379300547258,0.13242583452476475,0.16510828709440092,lognormal,6,true
sigma_beta,0.14324091048592408,0.018939621401728387,597.2710624512664,889.2900469625042,1.0044965891935933,0.11634090249060917,0.14128887531250256,0.17779212912533018,lognormal,6,true
z_alpha[1],0.3319527236725375,0.3304627184918149,668.1228866922069,1211.1795290257458,1.0020337484595674,-0.20868800062116422,0.3323060291042228,0.8680522992344551,lognormal,6,true
z_alpha[2],0.19141436041268245,0.33537438925828134,711.6442969476245,1254.4428888419227,1.0087582905851789,-0.34276400430534826,0.18666131122722235,0.75445558651976,lognormal,6,true
z_alpha[3],-0.6944248828284724,0.3472269453440997,682.8866879641758,1240.4142024424102,1.0021596965134267,-1.278730029593869,-0.6948991742270912,-0.11480401933437503,lognormal,6,true
z_alpha[4],0.3557919689084139,0.3398053805030457,633.3647389168066,997.8453631454795,1.0067078126491813,-0.1883331784913557,0.3517771478893267,0.9091663671332082,lognormal,6,true
z_alpha[5],0.8021202201167975,0.3354043818771471,662.9342089962427,1162.6602732940803,1.0032994849303862,0.25070407477427586,0.8013210340545487,1.3536336434862521,lognormal,6,true
z_alpha[6],-0.5773621780885088,0.37568596023163486,811.2528084597752,1492.6452809776442,1.0048935109434556,-1.2094580472897016,-0.5706394633386596,0.019785198304391148,lognormal,6,true
z_alpha[7],0.6397194185579691,0.36604585293597736,724.0320079500647,1298.5898052164207,1.0024865806801828,0.018391893242472448,0.6439564389689671,1.2480367823123748,lognormal,6,true
z_alpha[8],0.9812658243352778,0.36253617605141386,639.6054914521293,1272.3511936920365,1.0089577758371766,0.397782023070507,0.9789401668167907,1.5910724667959182,lognormal,6,true
z_alpha[9],0.7264712748253822,0.3381641273123444,712.8836868586482,1230.453640163291,1.0029484807742213,0.17205036835235782,0.7222874225637661,1.2859631209214575,lognormal,6,true
z_alpha[10],-0.453109691813315,0.33942703912453787,730.669978365803,1218.52377222309,1.0037440040670669,-1.0074707774453706,-0.46109874427745073,0.12063682000515775,lognormal,6,true
z_alpha[11],0.08530323444236927,0.3594065739054454,777.9486664961653,1290.7132821261496,1.0020179586966624,-0.5193878721768985,0.0919998658953545,0.6717562587240452,lognormal,6,true
z_alpha[12],0.06321336021301174,0.3420514669229858,591.049568686245,1171.7237109421285,1.0040899825157437,-0.4961041169818836,0.06412849919305463,0.6221499415087833,lognormal,6,true
z_alpha[13],1.1329740330821838,0.38319038533674826,703.0198832361273,1133.8640490255368,1.0025955438936875,0.5131042720361078,1.1268744505062558,1.7810388249514724,lognormal,6,true
z_alpha[14],-0.7807207846752838,0.3351711461559059,673.9252818860058,1278.5346317060453,1.0016254386730505,-1.3447267959756029,-0.7806706347847427,-0.22984412970033072,lognormal,6,true
z_alpha[15],2.61596595566666,0.4427269882553029,567.1650029393032,1448.6124411204887,1.0132925097682202,1.8929247745966302,2.6124025823650854,3.361241436979629,lognormal,6,true
z_alpha[16],-1.0515796554045473,0.3830210964426986,687.471632646568,1217.7831901621807,1.007214531339041,-1.7039754965225504,-1.043440362294114,-0.44455041645950466,lognormal,6,true
z_alpha[17],-0.6363200222787966,0.3456886356836071,613.1964732071558,1235.9619721136971,1.003144176738065,-1.209578102149518,-0.6352137367593822,-0.06631795661066534,lognormal,6,true
z_alpha[18],-0.07236877943261932,0.3641255410650807,750.2780046888618,1299.4283773587288,1.0033032770602721,-0.6839616448202305,-0.07628462945132332,0.5160872169782574,lognormal,6,true
z_alpha[19],0.47810466630285664,0.3418707327994532,611.0961429782392,1097.1671832425386,1.0061242298048263,-0.07768205973310151,0.48440048800389446,1.0370639270931292,lognormal,6,true
z_alpha[20],-0.2326048636029547,0.373465887427193,747.0646206265136,1270.772100751605,1.0033104012734086,-0.863834908690519,-0.22561144248073403,0.36957911806161764,lognormal,6,true
z_alpha[21],-0.6721286022322459,0.3487635000791206,571.6835729340286,1312.9500168865604,1.0030380832082788,-1.2409353243364882,-0.6727112560390485,-0.09947449190198715,lognormal,6,true
z_alpha[22],0.3677596194036687,0.33916439014142985,732.60292993907,1518.222866181037,1.0062109042192675,-0.17234508285246794,0.3671199616598091,0.928945663388077,lognormal,6,true
z_alpha[23],0.5823662712590938,0.33994361754463803,720.2542291652031,1317.8742118809844,1.0049268770147832,0.02963168677760528,0.5807136546873749,1.141841870822779,lognormal,6,true
z_alpha[24],2.5790565599082593,0.4645921887962624,728.3849231398218,1320.1060596592433,1.0143817857503272,1.8289227974330353,2.574513918878113,3.3489926616162937,lognormal,6,true
z_alpha[25],-0.26067272109892076,0.3484798306695161,729.7654194340041,1399.8885711962434,1.003259765446214,-0.8483045144316017,-0.25428172165895174,0.3072858455864873,lognormal,6,true
z_alpha[26],-2.1456715263955157,0.3992194243218962,623.7191018784906,1378.6506167836908,1.0025765871903471,-2.8172285564957864,-2.1472736613407726,-1.4841424970446249,lognormal,6,true
z_alpha[27],-0.8689973379841747,0.3602970935723423,724.8421977063501,1224.9688675031189,1.0033046404701973,-1.469193989385457,-0.8613912148805795,-0.2862487242659485,lognormal,6,true
z_alpha[28],-0.7123855335558116,0.33798866887367496,710.5188316242843,1379.7467857362276,1.0025998855440519,-1.2659073091764597,-0.7071011757524612,-0.15615970403603152,lognormal,6,true
z_alpha[29],1.1880713280552728,0.3901946498552557,673.4907564358346,1152.7499388968797,1.0025955666560882,0.5580020323070932,1.188212521687038,1.8303422100361177,lognormal,6,true
z_alpha[30],-0.4352748730301859,0.3349978354931912,689.9655253279051,1278.3126153323446,1.0029284139748889,-0.9918264704303117,-0.4288871547815474,0.10788610268839817,lognormal,6,true
z_alpha[31],0.09408182398785227,0.3386827051927288,751.7800892736368,1178.6295106159976,1.0037957981264132,-0.45275843161063395,0.09320930943200872,0.6514223593670135,lognormal,6,true
z_alpha[32],0.5736417161756273,0.34162657187956746,758.6708955061416,1441.1418614044903,1.0071233787374843,0.02984900909502277,0.56875996017707,1.1425630569780287,lognormal,6,true
z_alpha[33],-0.1737207513923804,0.34084752865656137,712.5677081629308,1323.7139732270155,1.0027415939870226,-0.7548518989043335,-0.17190151012172852,0.37817037263690806,lognormal,6,true
z_alpha[34],-0.5677400496792909,0.32789024047245424,650.8615323463252,1171.7880330566886,1.0024146553853546,-1.1032541215543052,-0.5706104121628468,-0.030782503766868606,lognormal,6,true
z_alpha[35],-0.4063357629260044,0.36528195195512697,738.779536032565,932.615780898926,1.0041710831105155,-1.0041158543545217,-0.40770492414698656,0.20701897095122992,lognormal,6,true
z_alpha[36],-1.0667652252872422,0.37169606870875593,621.2311915350483,1464.3064141663112,1.0024231317351502,-1.6779590250686987,-1.063770587303051,-0.4653260171343187,lognormal,6,true
z_alpha[37],-0.8770336611478722,0.3697696908027737,722.948440767966,1172.046213693638,1.0066880232932585,-1.5149683999783876,-0.8701984341593803,-0.2850463507226619,lognormal,6,true
z_alpha[38],-0.6974887590544285,0.3530081912651186,619.7562352642981,1235.1348785169087,1.002133645613216,-1.285829113471377,-0.7027853258579129,-0.11680779020054378,lognormal,6,true
z_beta[1],0.1701585108250307,0.31910643170874314,650.371704602584,1230.4557802526408,1.0114493871999597,-0.3442159342600616,0.16176842429382338,0.7116537780176077,lognormal,6,true
z_beta[2],-0.27150878913223714,0.31617384049877356,576.4055442465652,984.7901368383331,1.0137996941626264,-0.7861179388137952,-0.2659819556207776,0.24172421620886358,lognormal,6,true
z_beta[3],1.0151419412228844,0.33387191128662147,635.5459504625269,1435.3935477970545,1.0120381902491087,0.474138351063953,1.0125441002371098,1.5735095832172363,lognormal,6,true
z_beta[4],0.2923764433201943,0.3320733503449986,712.5473844637039,1285.7173117180484,1.0026917199070278,-0.24864099055233266,0.2958382943630827,0.8395189609200754,lognormal,6,true
z_beta[5],-0.7394816809322405,0.3379973766075769,569.5819993705519,1261.4292247975832,1.0094912926719863,-1.3058443520185072,-0.728170647033558,-0.18901094074304114,lognormal,6,true
z_beta[6],0.44170780324923614,0.3605882895601666,732.1371758720734,1326.2612328989376,1.001768139142211,-0.1494171341023352,0.4402739061505804,1.0412270226611686,lognormal,6,true
z_beta[7],-0.35868626474677895,0.3494477111370776,674.4389949877557,1217.934927434762,1.0024293362958185,-0.9299236228018606,-0.35276104903561856,0.21954932758619986,lognormal,6,true
z_beta[8],-0.6870768490162145,0.3487134260398205,691.8699143557873,1350.2587999136172,1.0034558197269297,-1.2695855920954653,-0.6789329649220743,-0.12163194970805427,lognormal,6,true
z_beta[9],-0.00033404389681720303,0.3224366689159162,614.8472316050818,1180.1495571442024,1.011835879075536,-0.5337595061935598,-0.0018500156635416019,0.5307477260095278,lognormal,6,true
z_beta[10],0.34435517647960573,0.3327826189124154,541.5034212716902,1066.338393887054,1.0128337158240217,-0.20633698194695863,0.3437540462532638,0.898747333929429,lognormal,6,true
z_beta[11],1.3215531053882823,0.3658878246290842,779.1532043226924,1602.4014734466612,1.0094560723865387,0.7252075126593462,1.3089734625515042,1.941711671852247,lognormal,6,true
z_beta[12],0.45544930597436634,0.33349100476090554,729.0302915065885,1337.4634556282065,1.003759796260748,-0.10077950029603522,0.4493610655160263,1.005414635751169,lognormal,6,true
z_beta[13],-1.3850849480035246,0.37470017143383,584.658108635488,973.0156084750101,1.0037081812729118,-2.025126632051243,-1.3812324749349982,-0.7852245114048133,lognormal,6,true
z_beta[14],0.554281194952648,0.327852328253427,512.0037397644367,921.4328587826052,1.0123976219638544,0.03631708662416809,0.5520065686426294,1.1147563086226884,lognormal,6,true
z_beta[15],-0.8678111493320333,0.3533057742035493,683.4408478217431,1681.630131465725,1.003122355370382,-1.472976499830763,-0.8658934302661576,-0.29750559843535124,lognormal,6,true
z_beta[16],1.15074616235089,0.36797620197318637,684.1836733477268,1324.8901967046002,1.001834545294958,0.5656612361325105,1.1440392298742337,1.7696111716946155,lognormal,6,true
z_beta[17],1.1126105814152598,0.34868962533703035,678.4391832210748,1353.9178909713828,1.0027784875118115,0.5457218123341074,1.1039111205832106,1.6820024776258147,lognormal,6,true
z_beta[18],0.3044324216053889,0.3509157313446243,719.1938188939251,1467.6762905938767,1.0017421001432887,-0.2636448044307768,0.30342123347459204,0.884884941210779,lognormal,6,true
z_beta[19],-0.218779090041273,0.3355102766086043,661.75853247522,1346.448951913373,1.002575131346906,-0.783667471914733,-0.2112445784604582,0.3195411502792915,lognormal,6,true
z_beta[20],-0.6055415585229715,0.35846184794913727,652.6212931568517,1204.6033211894312,1.0022194896015773,-1.1947248722850272,-0.6056142475374731,-0.03761811517243537,lognormal,6,true
z_beta[21],-0.40367455991114276,0.33331788869785767,692.9273661330901,1345.9600983527969,1.0029103577523666,-0.9447395949478758,-0.40702139835625134,0.1366947537210676,lognormal,6,true
z_beta[22],-0.3146986534801352,0.3226780725318795,665.0137137112505,1457.3716838139321,1.0142925595602006,-0.848623705703504,-0.31393731882649273,0.20473536465849207,lognormal,6,true
z_beta[23],-1.6682675656938308,0.38896971044056977,560.4407725095238,1167.9632283803955,1.0085020842347603,-2.3149872555898563,-1.6566331331636541,-1.0619599899199883,lognormal,6,true
z_beta[24],-3.109484408628691,0.47222633092804667,681.8699802740115,1072.8199769014045,1.0109907721792906,-3.893689532861251,-3.103731968071269,-2.3457235089549866,lognormal,6,true
z_beta[25],0.5201010347353738,0.3339774700121614,653.7581266737344,1401.151649729125,1.012023577493993,-0.0261360958030543,0.5209958151628906,1.0730155626034246,lognormal,6,true
z_beta[26],1.4767744915446237,0.3785236297243762,514.7366833646342,1028.4673347395233,1.0090525493651068,0.8745791097025577,1.4612492566302475,2.12531153783492,lognormal,6,true
z_beta[27],0.1090603126809455,0.32922588356703714,643.2374483920681,1593.3586201154064,1.0125034363028567,-0.43330460010150235,0.10916569636638178,0.656511081938143,lognormal,6,true
z_beta[28],0.7733463398886065,0.34518919422782707,550.5888259233278,1009.0104477542714,1.0096711581043594,0.22362799157081265,0.7670145298454666,1.3696702944798562,lognormal,6,true
z_beta[29],-1.3666320001196726,0.3861233279390537,601.3073947338096,1047.765025086446,1.0041113396451438,-2.0212727247347733,-1.3587747163469766,-0.7502790449622455,lognormal,6,true
z_beta[30],0.27924855142278027,0.3173706206171771,526.4953407855019,982.7264687630444,1.013043351168655,-0.23564071143235327,0.27995999971898206,0.7981868437101269,lognormal,6,true
z_beta[31],-0.3650319870254147,0.33133412627816977,610.4606626273963,1347.8402234599762,1.0118134607712728,-0.9099485412324543,-0.3629323633946233,0.18332814938736364,lognormal,6,true
z_beta[32],-0.4760086871542295,0.3198073362596968,604.7337536776955,1178.5178670295725,1.0137531865669895,-0.994008609106459,-0.47184568504518654,0.04545170639852848,lognormal,6,true
z_beta[33],-0.04234764179518938,0.3245878580810126,601.1666309762759,1391.229964591459,1.0125969556179433,-0.5703692588653566,-0.03629596294748992,0.49201412007700307,lognormal,6,true
z_beta[34],-0.7719768377294677,0.32370211289722545,580.166418491481,1370.5256889173763,1.0143663767246163,-1.301336969579371,-0.7738191032390207,-0.24443946745621198,lognormal,6,true
z_beta[35],0.8178021383062025,0.3582287930051652,669.051187231001,1174.7967281313372,1.0015045943147909,0.24093247321909592,0.8093389992594371,1.4196165770374363,lognormal,6,true
z_beta[36],1.4597870894541114,0.3741320940845462,704.89293565965,1379.4754355965579,1.0013916691786375,0.8620961618981992,1.4467877453199713,2.0774630267801912,lognormal,6,true
z_beta[37],0.4642578070777686,0.3432503921457721,653.8287958543327,1363.9457461418588,1.0021381127479776,-0.08971754021763698,0.46082329813705736,1.0398133147288224,lognormal,6,true
z_beta[38],0.14974020214605674,0.33618287952323267,687.1402040903984,1475.8776076093088,1.0032468260329064,-0.4204124859067151,0.15278812330468466,0.6907663354302336,lognormal,6,true
noise.sigma,0.12495596765896562,0.00300382231006098,2784.289432243196,2500.147750856474,1.0020517511759708,0.12007422647629105,0.12495349387459229,0.13001459019257203,lognormal,6,true
mu,0.20763793129386374,0.006028094858350476,3014.8605230084668,2548.7959070483057,1.0001059841594544,0.19763595648420235,0.20775841561985015,0.21743848814681282,lognormal,7,true
gamma,0.18361797022308574,0.008417226643174631,2942.9125926498664,2365.7505425598097,1.0000398427100798,0.1698730800027384,0.18361285412147393,0.19741983005543917,lognormal,7,true
sigma_alpha,0.13522715875620903,0.017533026794472717,1086.2351210628935,1377.7049630284885,1.003979751971499,0.10915010372572924,0.13330876023220872,0.1667666946610233,lognormal,7,true
sigma_beta,0.1425107237260736,0.01861826634340024,845.7538977362826,1420.5676011861542,1.0018723265117997,0.11491271319398122,0.14105759042872196,0.1763721331382421,lognormal,7,true
z_alpha[1],0.3296278591049602,0.32394029799072055,1105.9697287056815,1860.0856163428919,1.0031179911053194,-0.19495593293980115,0.32851828743058736,0.8563604836042207,lognormal,7,true
z_alpha[2],0.0905475643012384,0.33296120470191715,1197.8135380298916,1995.1135284161458,1.0022185051583195,-0.4544220826410387,0.09247923984512918,0.6281859484979816,lognormal,7,true
z_alpha[3],-0.63880459809756,0.34209876658524896,1185.7213997960773,2313.663651925329,1.0037731345247505,-1.2137991568150208,-0.6350350176267778,-0.08367251882021091,lognormal,7,true
z_alpha[4],0.32396969034491474,0.33813627296507714,1068.5910550162362,1757.1760686832981,1.0018308962377782,-0.23882163845959858,0.32590867419345093,0.8721891424093621,lognormal,7,true
z_alpha[5],0.8159905215079225,0.3402837956621321,1117.3056052897625,1844.4175922829652,1.0017731902979041,0.2605890857116257,0.8114663687761986,1.3718518570902503,lognormal,7,true
z_alpha[6],-0.3687793821551804,0.3577130231995435,1018.1732586500467,1737.8120362860711,1.0005373056341758,-0.9687506448707888,-0.36060184442923493,0.21473221570473155,lognormal,7,true
z_alpha[7],0.6186074690081713,0.34242864591628575,872.5364301592471,1654.085731201589,1.0015735710211005,0.05602483492052849,0.6163080301668784,1.1881307228541238,lognormal,7,true
z_alpha[8],0.8566997636594648,0.3496783025130401,1084.2183654904306,1943.610479353306,1.0022334617760418,0.2816090534758637,0.8563151003963019,1.4379715912611235,lognormal,7,true
z_alpha[9],0.6059717157852218,0.32990416806493983,1097.24829219758,1801.4894912645314,1.0018763388048417,0.069960061151782,0.5980001051620765,1.1425794634134192,lognormal,7,true
z_alpha[10],-0.47225357144062957,0.3291397066407368,1176.4262209016629,1894.7373026114926,1.002667626232636,-1.0077487282111184,-0.4794072177223261,0.05984181346077675,lognormal,7,true
z_alpha[11],-0.20889869628983512,0.3358696074356785,1082.7989575954418,1892.8912413295268,1.0033545484356072,-0.7639393312446833,-0.2074125066427711,0.3163313968829868,lognormal,7,true
z_alpha[12],0.036262272016879524,0.33722410187703405,1039.3623463758845,1663.1881745193625,1.0029144815838331,-0.533553493560982,0.03753343496245186,0.576857459980724,lognormal,7,true
z_alpha[13],1.0341308626773544,0.35990308115789527,909.0593969654819,1485.2645678025988,1.0027112931215465,0.43579325299254795,1.0275122784569786,1.6347217628520188,lognormal,7,true
z_alpha[14],-0.6168367192857623,0.33624347996233633,1226.9648778634387,1785.891333460939,1.0028646674035349,-1.1714078487724777,-0.6134964194737936,-0.062506163121829,lognormal,7,true
z_alpha[15],2.648416933386562,0.4433897514543944,1123.3728313794506,1679.4312668055406,1.0052375913520435,1.9205240927625067,2.644334502739027,3.3886114951731545,lognormal,7,true
z_alpha[16],-1.2123847490020982,0.3640860969164294,921.0825561975252,1310.1132458652587,1.0016790249575616,-1.806700061158558,-1.2135384048865345,-0.6193444284752455,lognormal,7,true
z_alpha[17],-0.34906634389767,0.34817289086151326,1078.2482841167803,1603.0595706638856,1.0014745249581467,-0.9383375386505746,-0.34199152927553433,0.21149381828769076,lognormal,7,true
z_alpha[18],-0.14255584948198138,0.3413612610537157,878.9007275011252,1734.8026804437777,1.0009245430799527,-0.6980769420422438,-0.13390563438845876,0.41512812201111454,lognormal,7,true
z_alpha[19],0.4472204972888471,0.3400062380232239,1080.3257266505707,1876.8454490928339,1.0048159316631131,-0.11197764953732557,0.4398560968894245,1.0170401995710352,lognormal,7,true
z_alpha[20],-0.2814069753493079,0.34869126483426943,932.2829214849326,1478.095366962304,1.0012857869189975,-0.8657600909119465,-0.27845615623128406,0.29539473799874294,lognormal,7,true
z_alpha[21],-0.6531591864209846,0.35669692269237524,1087.9174493126939,1903.4856849098248,1.000790488442789,-1.2504129041148742,-0.6495113238850692,-0.07823410103568926,lognormal,7,true
z_alpha[22],0.5049075378373974,0.33829861929957017,1129.4862866978658,2067.3420105698456,1.0029138679061709,-0.0592756843528036,0.5018330575833232,1.0553412189790714,lognormal,7,true
z_alpha[23],0.5859072943957199,0.337700148806125,1195.273687125675,1947.0557526281814,1.0023864618294702,0.03468645476174083,0.5871268030588475,1.1446307349449247,lognormal,7,true
z_alpha[24],2.577873028039262,0.45678741926385735,1103.0955116574605,1687.9850407996921,1.0067481654347479,1.8562042228363465,2.5583375037884024,3.355655584856155,lognormal,7,true
z_alpha[25],-0.44110675742985883,0.341301085317867,1106.8547604184894,2122.6332222319156,1.0044678577494164,-0.9910318801563183,-0.4421247695643246,0.10568689858092871,lognormal,7,true
z_alpha[26],-2.1286906178784166,0.40342190300736924,1078.7114358910073,1789.1565091421153,1.0006889353037478,-2.8032207434349816,-2.116787861628735,-1.4769581923375872,lognormal,7,true
z_alpha[27],-0.7327715341522588,0.35731452022051435,1179.846067032144,1870.3525819986457,1.0038981946428078,-1.3279489209231359,-0.7341182628686989,-0.15648538162094153,lognormal,7,true
z_alpha[28],-0.8202326473746143,0.33847162576548273,1147.3240551067283,1961.2583269610982,1.0017263340473948,-1.3779171241830104,-0.8206065036867916,-0.26628900558560614,lognormal,7,true
z_alpha[29],1.2230391515542456,0.3794994168748616,917.800404791538,1703.203613954911,1.0019862473040568,0.6040123570123088,1.2123914040801873,1.8697256742313175,lognormal,7,true
z_alpha[30],-0.42947015954779605,0.3289437958961378,1195.343741106819,1834.0966604490734,1.0043826054171194,-0.9681889961903565,-0.4323686674303563,0.11403814451469525,lognormal,7,true
z_alpha[31],0.07863178419848416,0.33157659753857927,1117.8852583731668,1923.90752242751,1.002748926339762,-0.4671024703341399,0.07911616914582448,0.6237687652602983,lognormal,7,true
z_alpha[32],0.5400582464088372,0.33015314116455763,1121.0124095375527,1957.2552244549245,1.0036797064474308,0.007486864001505384,0.5403135860709749,1.0896024928399362,lognormal,7,true
z_alpha[33],-0.06536678929819965,0.3314337436307654,1131.4619186279524,2005.421751961895,1.0029504248731818,-0.5973089283410578,-0.06269421790543403,0.4766622988557894,lognormal,7,true
z_alpha[34],-0.5261168035312365,0.327367563572711,1021.94960666888,1730.7366839417048,1.0018335934190397,-1.0605229222791421,-0.5234418869260062,0.01621023203869497,lognormal,7,true
z_alpha[35],-0.39195765865846016,0.3477724974585873,904.3594106489863,1503.1482924232428,1.000920690196361,-0.9666410116322153,-0.3952727964903411,0.1844337323997597,lognormal,7,true
z_alpha[36],-1.0767817207850277,0.3824869302908941,1108.641356758432,1702.2959764531251,1.0026325242053113,-1.7114874772304365,-1.0657394843683838,-0.47299528272224356,lognormal,7,true
z_alpha[37],-0.8286198689196321,0.35065523415772243,982.78045255833,1937.672029770872,1.0008532498626683,-1.4120326761383912,-0.8227664211012456,-0.2528570971928857,lognormal,7,true
z_alpha[38],-0.6706056767659415,0.35408928353914093,1028.1388724803269,1648.6924967559967,1.0029164135525028,-1.2741120937087473,-0.6660006787122823,-0.08280856324156571,lognormal,7,true
z_beta[1],0.22148641724752946,0.3211318075087651,962.4865231204632,1853.1359123258098,1.002989508289054,-0.29247049360309935,0.2165241440943314,0.7607622361632974,lognormal,7,true
z_beta[2],-0.3090900259877483,0.3225061794511779,891.9100064592171,1503.367479307396,1.0034353027333285,-0.8433874436838674,-0.3102341480965827,0.2170273176673164,lognormal,7,true
z_beta[3],1.0472870357316932,0.3471169710646584,910.7425520987549,1462.7843925217694,1.0020803289774092,0.4765301034735367,1.0434249770993098,1.624864538449054,lognormal,7,true
z_beta[4],0.30561333510451605,0.32851736754944905,854.7675670872412,1855.4848620082296,1.0016129800974092,-0.24725967011238287,0.30921456762975563,0.8381841653796229,lognormal,7,true
z_beta[5],-0.7078715497384833,0.32361319766947316,1047.768656603561,2026.0218122909164,1.00442180379423,-1.2510699872986057,-0.7040883633203535,-0.18273409381674843,lognormal,7,true
z_beta[6],0.3223710572627207,0.35316544284695334,1085.5878044380786,1758.198378266029,1.0042757454548616,-0.2583701990138967,0.3192103060283481,0.9039350063559328,lognormal,7,true
z_beta[7],-0.34890567624448865,0.33489575034675095,934.3952100763536,1294.387183175483,1.0061655250292076,-0.9090446991733367,-0.3435565645197567,0.1958304613399944,lognormal,7,true
z_beta[8],-0.4293753975753046,0.34409877038231856,861.3021188231186,1818.4829277114577,1.001947854866249,-1.0069787442133051,-0.4195662788952102,0.13400630741945244,lognormal,7,true
z_beta[9],0.05740244860975389,0.3187723382936771,946.0560778053181,1827.4566143617521,1.002604138890667,-0.4706254093324157,0.05292220524009146,0.5782717931165923,lognormal,7,true
z_beta[10],0.392441218557725,0.32832677105275104,934.1711643367235,1853.4981996997703,1.0029613665012806,-0.13541351369779436,0.3945539119228322,0.9353820162996487,lognormal,7,true
z_beta[11],1.4456901293466866,0.3716193222770552,874.0276777489656,1348.1818334108586,1.002439491187887,0.8473508082684464,1.4364351479016988,2.0688522181296056,lognormal,7,true
z_beta[12],0.496720619872404,0.327785731929069,905.1723977313344,1575.2550764507482,1.0017682821201181,-0.0488388039120308,0.5027115195071818,1.0167562427413672,lognormal,7,true
z_beta[13],-1.3071474790171687,0.3709178402401511,953.6124126021028,1530.0464470785655,1.0050680003463517,-1.9377585249908826,-1.2988601282871475,-0.7108282375229813,lognormal,7,true
z_beta[14],0.4393232353820263,0.3316549880393118,986.0380767608804,1702.3119298400877,1.002216080515425,-0.09562803074527867,0.4339040567015975,0.997927958059675,lognormal,7,true
z_beta[15],-0.9258756442286505,0.3611904508770564,912.503518777342,1532.9418020561404,1.0023273869321117,-1.5316441888694052,-0.9156588903700367,-0.35545514747932216,lognormal,7,true
z_beta[16],1.373524225507762,0.3698882294735216,977.2660242023123,1474.5441416027263,1.0034037829129283,0.7939659110027207,1.3627375015320808,2.005984366803559,lognormal,7,true
z_beta[17],0.9437431430456871,0.3432964909511824,968.7353060614654,1616.1018834536767,1.0016837181253992,0.3780637590459513,0.9402556378792357,1.50829786886776,lognormal,7,true
z_beta[18],0.3193623115048682,0.3389044983871456,998.5150511628975,1588.1916283309783,1.0048720201739598,-0.23833591529738404,0.32066182247197594,0.8711922400427354,lognormal,7,true
z_beta[19],-0.12849423432565243,0.3366172724708594,866.255273303072,1968.8575195998146,1.0022146217091568,-0.6959816739874517,-0.12885137740043975,0.42432264949020065,lognormal,7,true
z_beta[20],-0.5195381519634835,0.34952483498914017,978.0133292632793,1853.6423364316813,1.005865156626189,-1.1061729103874345,-0.5105928498431247,0.04091978341227891,lognormal,7,true
z_beta[21],-0.4510285944934762,0.3428003060789499,885.0293932611191,1811.1983429006182,1.0033401199284637,-1.0185977674935016,-0.4417815232073773,0.096475016779418,lognormal,7,true
z_beta[22],-0.30010320273948526,0.3250057155016518,947.3643778863345,1652.560847200584,1.0033582922846673,-0.8393527799869988,-0.2992327275261925,0.23055867505331018,lognormal,7,true
z_beta[23],-1.7354625596141087,0.377503627216812,1064.667525575697,1484.513993997152,1.0039435956905542,-2.371011375370874,-1.7365220524401503,-1.112951346476507,lognormal,7,true
z_beta[24],-3.0832468670913302,0.4715474562620353,881.2856042373455,1566.9505837417544,1.0047805890743289,-3.8675898513868248,-3.0729162745076435,-2.3153907308579975,lognormal,7,true
z_beta[25],0.6819792547412035,0.34253201189875754,997.7260366608577,1870.663738149202,1.0028897026481667,0.13538515353128114,0.6733868601972748,1.2701805993938113,lognormal,7,true
z_beta[26],1.5267972893607913,0.3775669280686423,988.9627824524126,1466.9484719346071,1.001244253616233,0.9263181830967142,1.5135889459149139,2.1626068026865055,lognormal,7,true
z_beta[27],0.08966501020358683,0.32675257942220837,964.6106264493723,1933.292273442357,1.0033101704058416,-0.4557105191505491,0.09009515582498642,0.6240064286326367,lognormal,7,true
z_beta[28],0.8222864893687792,0.3400303077692264,992.6594753943541,1745.531493928087,1.0029710206895277,0.26408592702952094,0.813898598932606,1.3910869201427598,lognormal,7,true
z_beta[29],-1.4366821137056376,0.381434514859665,971.8330247841831,1417.6184604043128,1.0042684426105777,-2.0876058126503705,-1.4248131013855698,-0.8283751416251407,lognormal,7,true
z_beta[30],0.27708373976811446,0.3235432502023893,869.6199599116321,1477.5235293137177,1.004244603836019,-0.2548534308257376,0.2751801798624015,0.8217262079814206,lognormal,7,true
z_beta[31],-0.3902605310276828,0.32416158212636875,984.6788803618476,1814.2292299425908,1.0036870891161247,-0.939227320220668,-0.38595330089426416,0.13654448660420002,lognormal,7,true
z_beta[32],-0.42635177461774354,0.3170563678406131,879.4887797860672,1511.2396472521586,1.0055403221513208,-0.9500198649277368,-0.427780866239176,0.10379010644601075,lognormal,7,true
z_beta[33],-0.03749012311058742,0.32069854077422894,914.4854786715442,1800.599186579658,1.003079767501076,-0.569766354209173,-0.03986866950657207,0.4919735950103905,lognormal,7,true
z_beta[34],-0.7611192618949975,0.32597999167400526,869.1069066564755,1403.820780208256,1.0041021654590052,-1.2911418261986303,-0.7633318911462759,-0.212094264147529,lognormal,7,true
z_beta[35],0.7104833923282147,0.3429158640897955,983.5336548642975,1765.812104313526,1.0045664097588238,0.15043547857357428,0.7080524931981748,1.2922843572920992,lognormal,7,true
z_beta[36],1.4237401784206636,0.3620985393771788,1048.9155512586026,1856.516162356933,1.0022024882160563,0.8380542837638275,1.418936635715864,2.019319759485543,lognormal,7,true
z_beta[37],0.5138485252154603,0.33841687126040765,980.5940058345908,1850.2711366407243,1.0047384580451073,-0.04174328084938508,0.5192294038927567,1.0694808044489308,lognormal,7,true
z_beta[38],0.12975493846512412,0.33120164828602816,839.8474261298123,1852.6397130433918,1.0025469430343683,-0.4237758916653368,0.13900307245093907,0.6534093581349627,lognormal,7,true
noise.sigma,0.1273028553985763,0.00304990950777173,3165.186611948303,3029.611207190095,1.001429159221804,0.1223167038322795,0.12726501483095176,0.13238980213847784,lognormal,7,true
mu,0.21130300237550084,0.006022224148507113,3672.273606331613,2587.890236332122,1.0005367318936205,0.201505205162465,0.21126210498197184,0.22147030131611325,lognormal,8,true
gamma,0.17706242281132079,0.008424437948123678,3604.7768053604022,3016.7587467390445,1.0014135627512293,0.16306260751769622,0.17704497861154406,0.19087413052905852,lognormal,8,true
sigma_alpha,0.1367976779688241,0.018007447122389705,1010.7602961202176,1313.5712110705979,1.0054494811276136,0.11045974959939837,0.1352042554018649,0.16896629221841175,lognormal,8,true
sigma_beta,0.14769047509705946,0.019003725172499767,977.7896729373211,1654.022271885633,1.0014284309418366,0.12019060423157919,0.14602537611429128,0.18312060172721029,lognormal,8,true
z_alpha[1],0.31608037027530933,0.32354983907616425,865.0338334190228,1711.8337827188018,1.003783640780033,-0.2149706819826682,0.31650983515521536,0.849142901361775,lognormal,8,true
z_alpha[2],0.1622254893573454,0.3378601504568162,1082.6539757124433,1466.6902901919127,1.0024302542704713,-0.38757984650758903,0.1596289046197783,0.7104403359213479,lognormal,8,true
z_alpha[3],-0.6523220216931941,0.33849524543998427,953.5019737238116,1449.9253040631127,1.001757342349146,-1.2282602770401636,-0.6528780561007896,-0.0980614000677367,lognormal,8,true
z_alpha[4],0.36452697206387435,0.33704248773069456,1400.8120958130237,2197.051093766935,1.0032905729675512,-0.19931352771252392,0.3699903551432538,0.9056047231412572,lognormal,8,true
z_alpha[5],0.7955605988455391,0.3356503110112475,944.3882965660088,1523.8988743112864,1.0075093139372149,0.23910408920859036,0.7895258737903961,1.3475564102002575,lognormal,8,true
z_alpha[6],-0.3503857113571676,0.3486754774880897,1541.875814402662,2331.4275297481936,1.002706313796911,-0.9169778612566963,-0.3527578520821878,0.22260793517045155,lognormal,8,true
z_alpha[7],0.5729826181323363,0.33554104173053256,1308.712222483116,1855.8966703251717,1.0054482116979866,0.024365202516803915,0.5717633784342175,1.1275968653318504,lognormal,8,true
z_alpha[8],0.8793382644303115,0.34183386640670704,1286.7190938721283,1656.7559375820435,1.0043291663745464,0.31360504978299963,0.8793089763966929,1.4371999075492372,lognormal,8,true
z_alpha[9],0.6726854197522503,0.33786230343784474,962.9048865884655,1731.6487763902728,1.006228728680609,0.11809959733526737,0.6707535486977425,1.238074934470316,lognormal,8,true
z_alpha[10],-0.6363255762931501,0.33226329247708875,1160.98473774665,1713.049025526252,1.0041007007163576,-1.1879276095784814,-0.6265749407602073,-0.10461285577553184,lognormal,8,true
z_alpha[11],-0.17988270602526107,0.33326699508679564,955.072457466202,1722.0737283747637,1.0020221375870109,-0.7518577239527481,-0.17478036665860242,0.35017651355966495,lognormal,8,true
z_alpha[12],0.06910826562856981,0.3385898528549848,1259.9671552656926,2092.8540085749564,1.0009660920027055,-0.5059326593884969,0.07410245441243027,0.6140389796883633,lognormal,8,true
z_alpha[13],1.0655314877473356,0.36300703132526024,1207.31949817112,1447.7593860464897,1.0042118620626377,0.4905798500611259,1.0605583672455527,1.6622560168574851,lognormal,8,true
z_alpha[14],-0.6853758765240803,0.3327856555483093,1194.0555010582,2044.197319706826,1.0031689977435998,-1.235214816928756,-0.6834356435627976,-0.14796310280499236,lognormal,8,true
z_alpha[15],2.5761596159952296,0.43599504228261926,1158.7544916086204,1791.1579502583218,1.0030166240454834,1.8544879988390963,2.5722638595343894,3.3075301986869725,lognormal,8,true
z_alpha[16],-1.3288201259032326,0.3706918147329382,1438.4841948912058,1958.0326338983045,1.0012333662161816,-1.943980052423374,-1.3269619756327784,-0.7286324385530615,lognormal,8,true
z_alpha[17],-0.7542837809518024,0.3642608046047324,1371.1117716919434,1722.2816654486858,1.0015482490730165,-1.3566205608905837,-0.7427679514901587,-0.16913559451916935,lognormal,8,true
z_alpha[18],-0.08527684939869677,0.3466666994215423,1461.1416835422983,1851.8987247591215,1.0014060018547621,-0.6642830665200324,-0.08504811115059867,0.4778243695574962,lognormal,8,true
z_alpha[19],0.41938296758872046,0.3413478510622477,1374.0455460981814,1968.445162453162,1.0026577415656572,-0.1589268952609974,0.42108655855842236,0.9653470121595754,lognormal,8,true
z_alpha[20],-0.1474615492844228,0.3485432551382574,1557.0743071573677,2296.4597538898815,1.0020447052427588,-0.7175112431899354,-0.1531453404413735,0.42060693226159857,lognormal,8,true
z_alpha[21],-0.6137285787168045,0.35414750550941054,1423.058874807502,1809.2313916786236,1.0023884447770528,-1.2028293383261666,-0.6136806221353703,-0.04691130208797426,lognormal,8,true
z_alpha[22],0.45322420751222586,0.34254103923581464,1019.7600959401196,1560.595842114114,1.0015722694487024,-0.1180485947213699,0.45232001572942826,1.0121027775773757,lognormal,8,true
z_alpha[23],0.5248138190121678,0.3351780055349643,922.6988212968007,1419.5594939239606,1.0032977445443128,-0.03308111345401089,0.5262451297994513,1.0753026566597008,lognormal,8,true
z_alpha[24],2.509598359825629,0.47156233197667624,919.7168001215113,1592.4511372397685,1.0012023142682034,1.7505377633438282,2.5087784929513917,3.2936389487110453,lognormal,8,true
z_alpha[25],-0.49952180233750615,0.34008889267999676,1025.3928944220245,1645.6969933028222,1.0034988505410292,-1.076991132347382,-0.489965163594742,0.044199015226202634,lognormal,8,true
z_alpha[26],-2.173879561176727,0.40338551961349584,1262.2338553913576,1860.3174489092214,1.0060701410594992,-2.8494587932210074,-2.1661533273143023,-1.5213017107374531,lognormal,8,true
z_alpha[27],-0.7285277859966902,0.35028920035841166,961.8905302693908,1614.7539132472332,1.0016310655306144,-1.3166633452286503,-0.7210300408073265,-0.15544658877437806,lognormal,8,true
z_alpha[28],-0.7217877466377266,0.33958832167953046,1181.810372328646,1943.2848542969907,1.004195018175739,-1.2893130112855118,-0.721619074286793,-0.16958217760051428,lognormal,8,true
z_alpha[29],1.2287512663395495,0.37960256536916936,1210.2183022118736,1509.0478918076433,1.0028656748066682,0.6156368697038366,1.2222449562300568,1.8561485129221311,lognormal,8,true
z_alpha[30],-0.45680009232463537,0.3399538534137655,1136.7196055095621,1729.0334121004707,1.0028305680511411,-1.020023510025398,-0.45226946205909296,0.09914442312758706,lognormal,8,true
z_alpha[31],0.1477702084335866,0.3311754340723514,903.2639552288026,1742.8005367448982,1.0030696896537674,-0.4024406116100518,0.15491530419486244,0.6903187712494666,lognormal,8,true
z_alpha[32],0.5345135208651252,0.3464827279206411,1061.0501910247724,1746.943057706409,1.001198761096054,-0.02193698955625599,0.5275616523043334,1.1167249577354772,lognormal,8,true
z_alpha[33],-0.11894571716052477,0.33497895164222047,989.0227376370838,1454.764800460503,1.0038126212057137,-0.6641197385592799,-0.1237229076455943,0.4248411090847038,lognormal,8,true
z_alpha[34],-0.43889603353147366,0.3297595765176127,1140.9210611851345,1637.8688370295938,1.0027726459594053,-0.9791148721619449,-0.43686941472821916,0.09787725428513526,lognormal,8,true
z_alpha[35],-0.4118634242022062,0.3307083476062091,1441.6006247749997,2394.217417190507,1.001905259975049,-0.9511077319854142,-0.4091657444958726,0.13461832803313578,lognormal,8,true
z_alpha[36],-1.1106463950726952,0.37610690282384573,1341.5825482653572,2047.1162477751736,1.001833490391052,-1.749492476140012,-1.0968595975557003,-0.5016589058132888,lognormal,8,true
z_alpha[37],-0.8403748423449808,0.35523244018802497,1541.6458227954554,2338.0195177619967,1.0014224031690842,-1.4325525534434442,-0.83374673481839,-0.25851304371202866,lognormal,8,true
z_alpha[38],-0.6273610076912166,0.3604605804798563,1396.0754702906202,1995.098434099407,1.0018855653382257,-1.2265635218878634,-0.6148418341179163,-0.05268692613607655,lognormal,8,true
z_beta[1],0.17071335720484224,0.31650053770593706,1284.4731250377836,1730.1257228723243,1.0029595914844627,-0.3527197532515275,0.16706119815205744,0.6846554486040637,lognormal,8,true
z_beta[2],-0.24412182038065858,0.3248119316884268,1056.3616607840208,1798.743691013045,1.001973099937651,-0.7904788929859969,-0.24401722841192033,0.27960098012268286,lognormal,8,true
z_beta[3],1.064527705154762,0.34250913427051766,1213.760169225883,1462.4328509195088,1.0031128859715652,0.49988547167487735,1.058212250391666,1.6407833059514798,lognormal,8,true
z_beta[4],0.3390174956392142,0.3224735218824643,1216.0905469081042,1753.7139092619998,1.0051558829533545,-0.18926498310181336,0.33475381053366515,0.8886568981587385,lognormal,8,true
z_beta[5],-0.7644225389263478,0.32796495457823216,1276.3729390082221,2188.0933347626196,1.0035510874064502,-1.284468091550919,-0.7722225333102211,-0.22277621352013247,lognormal,8,true
z_beta[6],0.21618697814213514,0.33679647906522425,1167.9414362569921,1442.1825152488434,1.0020883520821973,-0.3244890281295193,0.210694833582861,0.7760343372042596,lognormal,8,true
z_beta[7],-0.3388639205708129,0.3271381163758336,1127.6525889742213,1438.0306243779446,1.0028264908040543,-0.873811145326802,-0.3403161164948023,0.19306999938695546,lognormal,8,true
z_beta[8],-0.5365315834108569,0.3339636400550408,1297.4392359163817,1823.4301168962136,1.004497848481635,-1.0945193253802352,-0.541455610638977,0.013845337195053303,lognormal,8,true
z_beta[9],0.15148680458055794,0.3242139472297364,1278.1159567033976,2050.8723674489984,1.0028498212167674,-0.3727344768978776,0.1507886053803711,0.6783836278161423,lognormal,8,true
z_beta[10],0.4431332738991174,0.3294541185928512,1063.537516626231,1811.747452926005,1.001640170193994,-0.0941615541143904,0.44188508957953326,0.9879353909318938,lognormal,8,true
z_beta[11],1.339472259251028,0.35911586161215625,1167.271150641953,1555.7367504649671,1.0035607924662546,0.7589152488147876,1.3401391162505618,1.9451249103416515,lognormal,8,true
z_beta[12],0.4178192978346412,0.3252800029114518,1245.2926903178666,1685.5158980364288,1.0027800636585744,-0.11341076946968852,0.40845147292589185,0.9672230843594383,lognormal,8,true
z_beta[13],-1.2956917764301275,0.3582134603343677,1176.230759828,1983.2649929832003,1.0027715884700406,-1.886411245594583,-1.2887857508275111,-0.7093800549225963,lognormal,8,true
z_beta[14],0.4857350781065022,0.32961787444127816,1043.5835258863945,1998.0902059110795,1.0014512715965913,-0.05476887553401762,0.4792877133608463,1.036946412193284,lognormal,8,true
z_beta[15],-0.96503699456511,0.35297335570193494,1255.0696474180495,2202.8519210917966,1.004796293173996,-1.5488550934128549,-0.9614578289927588,-0.38638593289850576,lognormal,8,true
z_beta[16],1.5288833180922137,0.381934240968121,1023.8491347812992,1220.7720390329066,1.0016171698793017,0.9245359914059272,1.5178825116173966,2.181240422037561,lognormal,8,true
z_beta[17],1.1819385992575153,0.34961104129820025,1182.8626118462776,1725.5826922345582,1.002540836769136,0.6310080879504552,1.1656620799575657,1.7674169245508382,lognormal,8,true
z_beta[18],0.25894352128145975,0.33787500823699507,1000.0186171795431,1662.0079983725377,1.0024347691916138,-0.2852729970906835,0.25956402320044036,0.8317886388786814,lognormal,8,true
z_beta[19],-0.14773107949263323,0.32182687130444015,1220.3792278376043,1803.5686701618072,1.0039336460739663,-0.6747253435843836,-0.15194484892446158,0.3811131591507438,lognormal,8,true
z_beta[20],-0.56023372864663,0.34415232937600665,1299.9253052166848,1674.6223607425002,1.0037472532612797,-1.1366143542862006,-0.5542468279916593,-0.010694208642911488,lognormal,8,true
z_beta[21],-0.5270089929237397,0.3283197865139084,1216.7467006525328,1815.9649260358383,1.0037706463566451,-1.0633993837379525,-0.5298235250260682,0.018661938982755907,lognormal,8,true
z_beta[22],-0.28667008436508157,0.32530959962512057,1041.516602784807,1606.7064530511711,1.001610159392958,-0.8186656947696577,-0.2927443988995982,0.24626977957151414,lognormal,8,true
z_beta[23],-1.6573623602948482,0.3746677965521183,1292.2706600776762,2048.4841936732987,1.0026120513038341,-2.2829631601334186,-1.6607002309678225,-1.044980222157012,lognormal,8,true
z_beta[24],-2.9705148950288445,0.4723777778154703,991.3452233400858,1411.8079144156573,1.0027917657428842,-3.7466448128901955,-2.9722275568405356,-2.1972393937402246,lognormal,8,true
z_beta[25],0.6665955608182168,0.3354030129368294,1199.6711529010163,1677.1438425493525,1.00404392395037,0.12593348950261385,0.6659891026239044,1.2108800601028145,lognormal,8,true
z_beta[26],1.4815491144312651,0.37373308970634367,1021.6298307507503,1999.486622443279,1.0010309477401982,0.8579291912587976,1.4720049270777116,2.103911925788888,lognormal,8,true
z_beta[27],0.18371062198732005,0.3311786746564925,1486.8901083460173,1938.1100582802778,1.003066204718001,-0.3551183153729023,0.18950023411019737,0.7223006778538256,lognormal,8,true
z_beta[28],0.7016233167708275,0.3370437361090947,1093.3397611804673,1925.4864307793462,1.000687146778225,0.1536109270512731,0.7027578038112513,1.2708556040656325,lognormal,8,true
z_beta[29],-1.3182832712553687,0.3648486816261853,1104.4776767805913,1641.2112294945962,1.0024306258978586,-1.9195152699704394,-1.3100795716712246,-0.7144267167833591,lognormal,8,true
z_beta[30],0.16289814170980083,0.32908079752550035,1120.9584036973733,1766.6088547259112,1.0021426617248665,-0.377599639242609,0.16144589682510968,0.703362148117896,lognormal,8,true
z_beta[31],-0.5057922494147289,0.32637617113053735,1300.0603855292452,1787.4619367692983,1.0027156074363386,-1.0446031450793558,-0.5061544162723064,0.03647401703547185,lognormal,8,true
z_beta[32],-0.4499708538045043,0.32587867690751937,1110.5356995736142,1453.6815491957746,1.0019236599004515,-1.0070938497388253,-0.4490697382065617,0.07004397208161534,lognormal,8,true
z_beta[33],-0.1713798595246216,0.3290099576732414,1339.2351815098602,2154.826655505795,1.0034541237477812,-0.7100678207508014,-0.1692169811000873,0.3664522242107758,lognormal,8,true
z_beta[34],-0.9266046738841037,0.341642371579711,1036.907958546537,1508.1976116990197,1.002563943499301,-1.4953998820557115,-0.916538161612171,-0.35547382227019425,lognormal,8,true
z_beta[35],0.6416477612164326,0.34069841548981616,1029.7159021575853,1374.362012545064,1.002208194359059,0.08170025786124675,0.639006403756986,1.2183605465760152,lognormal,8,true
z_beta[36],1.3702989910577694,0.35817724562644837,1123.701788672568,1709.7310361078419,1.0027315437108983,0.8026951647149805,1.3648316664898945,1.9802191685907504,lognormal,8,true
z_beta[37],0.5466414223789409,0.33908443679119266,1144.4070519256384,1619.9264441059909,1.0027840571290498,-0.002299943042464985,0.5451328931794168,1.1217150105682827,lognormal,8,true
z_beta[38],0.018185824556274363,0.3246137818968735,1291.7690496801604,2232.0435679049174,1.0032438710811882,-0.5057532660294852,0.0093908440480657,0.5531404643303016,lognormal,8,true
noise.sigma,0.1271241584573849,0.0029782823055816295,4017.4292069696503,2861.070230092486,1.0002873789208682,0.12236594095342473,0.12706702809447962,0.1322555768103443,lognormal,8,true
mu,0.21088352847524328,0.0059106259235147006,3024.147964756114,2807.5434480029467,1.0004457459614062,0.20121539755154957,0.21089350378499006,0.22065989106368555,lognormal,9,true
gamma,0.17721466442234526,0.008421114590967465,2703.9913940133883,2984.127406086994,1.0012325290377473,0.16341570544122347,0.17724133647247922,0.19097260222789947,lognormal,9,true
sigma_alpha,0.13537363194937466,0.017356860128239053,877.6376519317852,1469.4362463656132,1.0035583260787782,0.11030944289147408,0.13360157654636623,0.16698157481666906,lognormal,9,true
sigma_beta,0.14494327075584945,0.01897193897246693,901.4224876984273,1468.9552318792512,1.0029919416589677,0.11735099492919913,0.14316725683137327,0.17660179028787312,lognormal,9,true
z_alpha[1],0.300056975329754,0.321027961364432,1072.1374627542398,1248.9712278247328,1.0014808147872651,-0.22283169780231485,0.3081055794933,0.8121198034985846,lognormal,9,true
z_alpha[2],0.21407080708581316,0.3382943972765269,924.7816122247472,1924.1743109719653,1.0033587058479665,-0.3311466109528903,0.2079212004230896,0.7689304953068866,lognormal,9,true
z_alpha[3],-0.6272256352077986,0.340049386110058,1155.560776949192,1652.4100746068857,1.0010689703155728,-1.1995698484904067,-0.6217219338451089,-0.06967381301741439,lognormal,9,true
z_alpha[4],0.2680886828040731,0.33513917646588887,1107.6166616367098,1991.378042147705,1.0018419668755025,-0.29584524814335617,0.25889557773697347,0.8225865537464625,lognormal,9,true
z_alpha[5],0.8434582846063954,0.33306557337691767,1096.148880236334,1459.059104282586,1.0025395414197145,0.2986672422949478,0.8375299266138301,1.409834512295407,lognormal,9,true
z_alpha[6],-0.37411452876233425,0.35783938491002076,1360.985492318845,2060.683582886216,1.0007596245880073,-0.9692262400267365,-0.3695105451547066,0.19416189988430207,lognormal,9,true
z_alpha[7],0.5473496145843632,0.3388587413824522,1254.8524965885365,1883.9930054160754,1.0030249072369608,-0.014955445001305068,0.5478402222731593,1.1086443111658921,lognormal,9,true
z_alpha[8],0.9575442538911142,0.35233240160375273,1087.023085474551,1827.0081699122397,1.0011617141479687,0.39060415199133625,0.9519067269213055,1.5343607634389116,lognormal,9,true
z_alpha[9],0.6151602265068205,0.3306385882716922,992.665644614043,1493.2160566493033,1.001051628790497,0.08769043324239095,0.6122751329464919,1.1593672503558596,lognormal,9,true
z_alpha[10],-0.6125537441668705,0.3313386022263036,862.3073620782924,1742.358739853042,1.0034525418110853,-1.146094902001172,-0.6178577659054905,-0.06480215024897178,lognormal,9,true
z_alpha[11],-0.20670457072555398,0.3351481048233431,1079.909891779482,1533.4602120855143,1.0008219251955799,-0.7542501038230904,-0.1962023559398007,0.34005660739394517,lognormal,9,true
z_alpha[12],0.08976077177090722,0.3400554254494844,1182.8858125111815,1766.657870721683,1.0012739250534217,-0.4635647898403899,0.09233638867342744,0.6440695182401239,lognormal,9,true
z_alpha[13],0.9950755860270435,0.36088758917411295,1249.9944529883335,2104.6234151225303,1.0023082085109543,0.4181539625333496,0.9863965733640971,1.6076343291187412,lognormal,9,true
z_alpha[14],-0.7719427185233728,0.33381499049852054,907.571430524424,1825.8985659125744,1.0040725993939468,-1.3103683873118124,-0.7773386871751097,-0.2082184436129442,lognormal,9,true
z_alpha[15],2.5610479995732924,0.44338617731705465,992.14334306139,1582.5965903053818,1.0014037319814924,1.8584672392710475,2.551181197373624,3.3198019679568382,lognormal,9,true
z_alpha[16],-1.1955184488777018,0.36984879285781935,1154.4624772763564,1982.6853520979303,1.0007622107484788,-1.807691189393388,-1.1862751218102954,-0.597352478011565,lognormal,9,true
z_alpha[17],-0.4874726922237895,0.3468130295392444,1223.2418658272538,2033.8927866633965,1.0018321673142518,-1.0680023593370787,-0.4804970437309184,0.07332608743816858,lognormal,9,true
z_alpha[18],-0.08723375002395517,0.35245934471982043,1259.075638851892,1955.9770959610205,1.0016853220388664,-0.6619123506914214,-0.08467932932683124,0.48818471748968767,lognormal,9,true
z_alpha[19],0.5672175850373201,0.3445567214913772,1143.2790967500125,1745.6752431106609,1.0011494619789303,0.017554102005416843,0.5553551925595959,1.1554296825061194,lognormal,9,true
z_alpha[20],-0.2729671621069451,0.351138717675968,1274.317414761829,2127.1780755501873,1.0018228757349659,-0.8661159409968608,-0.2667236457322534,0.29121629590186204,lognormal,9,true
z_alpha[21],-0.7338768263776737,0.34815811747313385,1167.4960674370204,1973.364363749079,1.0019819309490048,-1.308477015075175,-0.7275433786664636,-0.15850862536198007,lognormal,9,true
z_alpha[22],0.48063890795238795,0.33574725817820444,881.5663038319849,1758.9521516613784,1.0042950791369036,-0.07363517519420343,0.4766618177204166,1.0371255225365676,lognormal,9,true
z_alpha[23],0.5833948200964876,0.32713238513366205,1111.0448487476783,1511.2216554614618,1.0015234640557493,0.057032256898738976,0.5825800069173126,1.126197075313372,lognormal,9,true
z_alpha[24],2.6163117223427785,0.4578065790181214,929.0625257623093,1534.8854909442982,1.0049952930635186,1.8961614073129356,2.5996290265397777,3.3930426345469167,lognormal,9,true
z_alpha[25],-0.3983352669282343,0.32953205978475497,1061.3428573571518,1513.1555292911833,1.0000077155637883,-0.9553548309764593,-0.3995297463977892,0.15294146781651333,lognormal,9,true
z_alpha[26],-2.1608489359505896,0.40006755723880766,874.489050624303,1920.8584330222916,1.0027290154692348,-2.8256018667443006,-2.1617442649496175,-1.5009881879976172,lognormal,9,true
z_alpha[27],-0.9021208070737929,0.34841068649959533,1121.728498642702,1573.7587294343668,1.0001830319173712,-1.4913993370433896,-0.8990643433206893,-0.33496936912965836,lognormal,9,true
z_alpha[28],-0.6850522836587588,0.3347717534957365,925.9894787274128,1683.433376513281,1.003797867955397,-1.2266658527820489,-0.6883552008272018,-0.12775750201449765,lognormal,9,true
z_alpha[29],1.2085171253187241,0.36928046921051977,1249.4322155700154,2085.1920818094272,1.0027587459808796,0.5932636439068221,1.2005965976936475,1.8314083485513715,lognormal,9,true
z_alpha[30],-0.5265644538589166,0.32660224825447676,878.5087315354333,1878.6811564414584,1.0033542739822425,-1.070053810276289,-0.526822495642558,0.002277787200313603,lognormal,9,true
z_alpha[31],0.16090729740364282,0.3343250175965118,1085.15666512095,1294.2009303506957,1.0008249383188796,-0.3797606268220653,0.16194712722324067,0.7114513739593917,lognormal,9,true
z_alpha[32],0.49800696029807695,0.3363077893639481,868.7606345575107,1788.8426899286242,1.0042349796646344,-0.03350054366678726,0.49734884601810525,1.0678135208343869,lognormal,9,true
z_alpha[33],-0.0931196321377825,0.33035067351753084,1156.0310796264907,1464.5203749407437,1.0008349724453687,-0.6545727452661635,-0.08792739425164464,0.4413063081275345,lognormal,9,true
z_alpha[34],-0.5108836411923985,0.33190573549690766,844.4983722826522,1822.2956906789311,1.003946006939955,-1.0602374857097643,-0.5096958263177631,0.028298307089881212,lognormal,9,true
z_alpha[35],-0.35318095517776305,0.34208173080967297,1279.0571469008132,2100.490508220303,1.0051651488249653,-0.9262609443832689,-0.34698035011043044,0.19761364916808288,lognormal,9,true
z_alpha[36],-1.087211956394007,0.3609754180211163,1168.5653337331387,2309.9884239492494,1.0031997472613787,-1.6999826239173554,-1.0777353140481933,-0.5153453347340891,lognormal,9,true
z_alpha[37],-0.8268335536376458,0.35267403165576505,1159.5399963011828,2112.506267600366,1.0017578754680778,-1.4046862225692305,-0.8181506999015855,-0.24743516194244672,lognormal,9,true
z_alpha[38],-0.6530224242435839,0.34459368791137773,1209.265848725896,2093.890497908242,1.0020826675697825,-1.2247591139234264,-0.6433246083880624,-0.09352298919269723,lognormal,9,true
z_beta[1],0.1895271403847226,0.3153459868604081,866.867396159314,1386.378759232684,1.000771665111299,-0.319087850236017,0.18565560002671785,0.7111153196137322,lognormal,9,true
z_beta[2],-0.2888264828328429,0.32958663041258973,1103.831995474031,1776.3776390837552,1.0020223032333904,-0.8269457180107255,-0.2848584515867103,0.2547415345372028,lognormal,9,true
z_beta[3],1.0245674616390887,0.3421346924930755,1003.5866093777408,1556.2154833654167,1.0011664380011798,0.46323142580697235,1.0178010903113532,1.5896673348576114,lognormal,9,true
z_beta[4],0.29512403526230074,0.32818246004881774,682.5422211456183,1169.0211864807363,1.005025310286252,-0.24511159273667862,0.29429982598926907,0.8223669832667608,lognormal,9,true
z_beta[5],-0.7554472672197899,0.33259022944717065,873.5979346246712,1176.2862871905638,1.0008797572440098,-1.3097363655754604,-0.7496268847919747,-0.22656830711741616,lognormal,9,true
z_beta[6],0.3639095634399119,0.35230245697394014,1037.2137227054973,1848.9701680718638,1.0032072561726544,-0.21218853672312898,0.3566929266952489,0.9485599247169112,lognormal,9,true
z_beta[7],-0.3510203319030743,0.3327134377393602,916.9461636931787,1758.0540795186052,1.0021211937997652,-0.9064782309016031,-0.34639680890399865,0.18445429375128655,lognormal,9,true
z_beta[8],-0.5255033213721708,0.33349915931969343,702.801884096648,1373.7652917506728,1.0059431133101777,-1.0826102244473097,-0.5146053902765284,0.023862240160983025,lognormal,9,true
z_beta[9],0.10296863217340768,0.33056700608119655,931.1282793427918,1441.3036757572652,1.0009260996819367,-0.44029912570079605,0.09672008003687446,0.6418042998020179,lognormal,9,true
z_beta[10],0.4652126173906945,0.3304709501952746,1088.2547933473745,1617.5987933670613,1.0028562169652908,-0.08254889679142807,0.4675560414445873,1.0070756091512123,lognormal,9,true
z_beta[11],1.4044444140123729,0.3649754322080402,965.8515564725836,1631.5525516135385,1.0010088001864892,0.8082370931524412,1.3927201827187234,2.0077954407566256,lognormal,9,true
z_beta[12],0.4731114973486528,0.3396780729692656,773.5337920358864,1112.3940026782118,1.0044212083775503,-0.09048080289974701,0.46878620542002963,1.0269061224263207,lognormal,9,true
z_beta[13],-1.2032782199034464,0.3705668748445221,933.0446628961207,1553.2292192530983,1.0014377077476635,-1.8340368987764495,-1.200820507476332,-0.6088169351162008,lognormal,9,true
z_beta[14],0.5293687560685676,0.3225868474011167,1085.164937686707,1600.5473793418544,1.0030715518194657,-0.009785287480661337,0.5315724511270232,1.0617183404061425,lognormal,9,true
z_beta[15],-0.846252892917974,0.3540024046260738,849.9347319704033,1354.9622993325588,1.0052215162125444,-1.4339636583761517,-0.8481047105021626,-0.26765356177516064,lognormal,9,true
z_beta[16],1.393828158700633,0.3720052409778681,988.1786178140102,1430.4922580051764,1.002986549089156,0.7920812272111935,1.3919687886611827,2.018939364426541,lognormal,9,true
z_beta[17],1.0046204051722554,0.35168910181553603,748.8013968744824,1276.5036180173088,1.003403455273398,0.4235949527170517,0.9971202190388291,1.5784219870255425,lognormal,9,true
z_beta[18],0.2979218576568999,0.3414868231223281,967.5869191091432,1551.97648264657,1.0040308776969198,-0.2577950344783915,0.29876785930261773,0.8574035305354563,lognormal,9,true
z_beta[19],-0.24479900606792165,0.33614492552527725,731.5950511140005,1462.47635758589,1.0042773431285021,-0.8005844404268214,-0.24250662641398002,0.30928799821938513,lognormal,9,true
z_beta[20],-0.6052304812029795,0.3523855641330583,907.1707529743725,1484.2981041876508,1.0029903648374099,-1.173661865366351,-0.6060399970386966,-0.03736745511154666,lognormal,9,true
z_beta[21],-0.27682205155370515,0.3348560854068391,672.8868367703592,1006.6674761580891,1.0060453669016163,-0.8236554778083071,-0.27625485689855145,0.2743150402494281,lognormal,9,true
z_beta[22],-0.2623319978772679,0.3251966808091184,1112.3425474604956,1663.1017226471945,1.0030815086201919,-0.7991939888789324,-0.2628604028988518,0.25432306941448,lognormal,9,true
z_beta[23],-1.6876615209570127,0.3834103990683865,905.6312944313673,1409.9125370355964,1.0010650492540574,-2.3385536699170406,-1.6743743814739687,-1.0720783556749716,lognormal,9,true
z_beta[24],-3.077826783124148,0.48037295475841046,911.5501885926619,1391.9409706208048,1.0024781842139883,-3.8757191623582106,-3.071876790858325,-2.307972465935509,lognormal,9,true
z_beta[25],0.6480445153247946,0.33469679507309696,964.6375746708651,1440.856565053618,1.001002773896485,0.11159980572657581,0.643605024550696,1.2033224555844555,lognormal,9,true
z_beta[26],1.528632509878868,0.3742384834613954,1067.6823755364105,1542.0649125960108,1.0036477810398332,0.9226768931335985,1.5232869204173778,2.15080293682078,lognormal,9,true
z_beta[27],0.13042031332792767,0.3233100124875427,889.8879908501533,1288.4525153356312,1.0010170634429183,-0.39804351473615407,0.13456623138557988,0.6742234686210608,lognormal,9,true
z_beta[28],0.7413102555355622,0.33755543440766006,1078.6984609632932,1665.3428896140633,1.002660107096351,0.18912245563234706,0.7455090094098351,1.2896127316161698,lognormal,9,true
z_beta[29],-1.419268681768696,0.3827765499970329,891.9953326347854,1268.9671886105023,1.002550809955202,-2.0577491743510667,-1.4121317992064761,-0.7988263555868896,lognormal,9,true
z_beta[30],0.3894232716974102,0.32043419603898493,1108.2690591055932,1990.5823230303265,1.0023699507645258,-0.1409317378417773,0.3944650497199941,0.9127474445841329,lognormal,9,true
z_beta[31],-0.500466935315455,0.3359231918758479,956.8495713514719,1392.8168578060668,1.0005396507196773,-1.05780134010732,-0.4974228457391066,0.05676259652997883,lognormal,9,true
z_beta[32],-0.3765470496168252,0.3209330064875478,1029.9189851953947,1901.5715331633116,1.0024051719026186,-0.928347117542012,-0.36489714319790356,0.13709327591347026,lognormal,9,true
z_beta[33],-0.09449835206294215,0.32596396653047666,1001.9917113700739,1830.242822929793,1.0004373037703294,-0.6398637514517576,-0.09461071862822765,0.4406785491821699,lognormal,9,true
z_beta[34],-0.8548823098103108,0.3367798559671686,1027.7865064285836,1457.8401500909704,1.002290313705233,-1.4168414237885882,-0.847754275028614,-0.3186455754679811,lognormal,9,true
z_beta[35],0.6996346567132021,0.3481081938468635,989.6259158462009,1304.9653718886884,1.0025879255752235,0.1408815426835511,0.6929780063304605,1.3043995545710605,lognormal,9,true
z_beta[36],1.4114756249313183,0.3688594848434145,747.6768021881319,1247.8788733589358,1.0022551154272534,0.8140041522030353,1.4038916032711206,2.010203563647746,lognormal,9,true
z_beta[37],0.43156878527955234,0.34603274279905666,989.2230476280954,1488.8327270162315,1.0023007779412405,-0.1264403541535329,0.42622393568710254,1.0079972532081627,lognormal,9,true
z_beta[38],0.1367584352854969,0.3311637865284863,686.825778743181,1210.1139579926362,1.004346532809786,-0.4159492136882278,0.13438142935293373,0.6824902954238734,lognormal,9,true
noise.sigma,0.1274170194421472,0.0031663559325840053,3625.0312691827517,2945.902758645625,0.9999405331097206,0.12225804816104051,0.12733636473187576,0.13255937924162084,lognormal,9,true
mu,0.21233694915039575,0.005750290866419091,2132.587763640263,2840.4304508312052,1.0001781240161542,0.2029791086741969,0.21238315191562235,0.2217462453233211,lognormal,10,true
gamma,0.17346059493044952,0.008097023666763181,2049.221131697829,2748.5534653527598,1.0001235598551064,0.1602848952488629,0.17340627040908146,0.18651150751479373,lognormal,10,true
sigma_alpha,0.1348903818214603,0.017544411654040182,645.2519337199321,1085.7501753520987,1.0024809892992517,0.10903299798416873,0.13351595929525148,0.16634713159867828,lognormal,10,true
sigma_beta,0.14415831823966888,0.018515551514952374,570.2162700045394,961.6423973782164,1.00509607754555,0.11644553539136478,0.14261068120815767,0.1773049792074132,lognormal,10,true
z_alpha[1],0.2969031093596455,0.3352550925767179,765.4680139777577,1446.9385528886987,1.0028564751597253,-0.25412149717443094,0.30464151422243135,0.8462961820459872,lognormal,10,true
z_alpha[2],0.2305089562656009,0.3384448208762257,744.5128042919406,1513.92036386877,1.0091827820779895,-0.33463485401651183,0.23330811112768132,0.7686575981634225,lognormal,10,true
z_alpha[3],-0.703337845067452,0.338169743630084,764.5935632039855,1140.4927105988404,1.0028950278186732,-1.2778788643666616,-0.6899166768294918,-0.1764223458178801,lognormal,10,true
z_alpha[4],0.27311217095221035,0.33398966553179277,609.4367188093718,1323.1325510963286,1.0062909308500785,-0.28030732875709014,0.2743084017744817,0.8159855637890117,lognormal,10,true
z_alpha[5],0.8560663967993938,0.35142636038459174,723.4782123645141,1345.3120719580509,1.0023633569578527,0.2708049099059985,0.8513731208624706,1.4297483512092204,lognormal,10,true
z_alpha[6],-0.40070174945291614,0.35046334150758174,857.329269548967,1784.008460294502,1.0023178039573992,-0.9852293130574801,-0.3981219241063585,0.16627595099527842,lognormal,10,true
z_alpha[7],0.6097159845980673,0.3478168967723075,778.4119189084421,1714.921240321873,1.0049856426421848,0.051363830428408724,0.6032009839085359,1.1939844611660355,lognormal,10,true
z_alpha[8],0.8719814681724848,0.35459856296115366,714.6092751299399,1337.0645656488787,1.005609644555314,0.28383263130702996,0.8753256772668634,1.4591123273606803,lognormal,10,true
z_alpha[9],0.6547510189734921,0.344218537763636,729.9231959494464,1408.6509935560111,1.0031416127264539,0.08930262467787027,0.6573092334771602,1.2259751341451184,lognormal,10,true
z_alpha[10],-0.6514053305097721,0.3443859203387861,760.6780616421505,1400.77998715529,1.0077744078973447,-1.2094810908868836,-0.6480719402828241,-0.08883038999462402,lognormal,10,true
z_alpha[11],-0.13717383868077146,0.33838045864136107,781.3352985892747,1510.8878086506934,1.0033674589629582,-0.6955855853542716,-0.12369742254532014,0.39981280788853835,lognormal,10,true
z_alpha[12],0.03306085216309674,0.3449168685966597,654.0317445272781,1536.5381674779596,1.0049283339618869,-0.5412951930268367,0.04247238210692421,0.5851569664842606,lognormal,10,true
z_alpha[13],1.159056125013595,0.3699065522436369,805.2344060213,1752.5911843567646,1.0024447177788736,0.5600915150040657,1.141330124318709,1.7921282080944168,lognormal,10,true
z_alpha[14],-0.6626176763002405,0.34127078080469947,704.4378169596265,1299.6194289545972,1.0099469973261714,-1.2255669397222733,-0.6556905436813181,-0.10313944298073253,lognormal,10,true
z_alpha[15],2.4149548381381254,0.4367012353733906,710.3789621372345,1293.9373513474088,1.006287412982971,1.7008747816774086,2.410397104798929,3.156155341175703,lognormal,10,true
z_alpha[16],-1.2527123449159556,0.3600092354736542,762.4715269369831,1600.4810571703817,1.004522480603187,-1.8351575020752695,-1.2522167822450783,-0.6592345985563814,lognormal,10,true
z_alpha[17],-0.40538830119361363,0.3488035911621416,573.8232695278941,1357.0832890290653,1.0046481635273206,-1.001730858847281,-0.39560364116857727,0.1588665587977587,lognormal,10,true
z_alpha[18],-0.16191207386784623,0.34112342087553077,839.6895003292478,1678.542354868811,1.0030091931995462,-0.725032469867633,-0.15576469298313148,0.386848699287255,lognormal,10,true
z_alpha[19],0.5995936170626911,0.3513895984311326,647.2695231717777,1340.550707065081,1.0041315820910635,0.025330986639734515,0.5976116662065845,1.1774557897193711,lognormal,10,true
z_alpha[20],-0.3326346994984183,0.34458930113575503,843.8125835389957,1817.7089119586726,1.0043542734806288,-0.8956451528671315,-0.3297734992783045,0.24058248799905158,lognormal,10,true
z_alpha[21],-0.7278363233318498,0.35458270961864324,626.7664164827552,1455.5054856098,1.0036095514199541,-1.3171713971456067,-0.7222154197709921,-0.15840048884029678,lognormal,10,true
z_alpha[22],0.33467707087957943,0.3421877309911857,751.3771395537523,1419.6193515208838,1.0072776975577367,-0.21841371357148956,0.32822535008452547,0.8930820019089345,lognormal,10,true
z_alpha[23],0.546410946329105,0.33992925958369713,702.9431370582862,1364.3219216597677,1.0046091095537923,-0.003784390175549572,0.5500975626886648,1.0991094672679798,lognormal,10,true
z_alpha[24],2.6497341343689533,0.46765707103654885,691.0832631931027,1093.7048649867515,1.0049661557105247,1.872642062968049,2.6512324126647036,3.410059750465322,lognormal,10,true
z_alpha[25],-0.3952219648218848,0.32948972612766725,764.4021633502042,1381.1908350715141,1.0035722318213043,-0.9583027418208038,-0.3831369540062894,0.13903588585477178,lognormal,10,true
z_alpha[26],-2.2082252956659136,0.4224213872722748,753.3065664674833,1169.0972399910943,1.0062084298030765,-2.9197799291470075,-2.20540788000972,-1.5243844542432055,lognormal,10,true
z_alpha[27],-0.8737853590748681,0.34892324202177705,774.4568004626115,1529.6328370883057,1.0031738289678378,-1.464583143731689,-0.858232321076392,-0.32807133330348787,lognormal,10,true
z_alpha[28],-0.7692095758769216,0.3482759613422746,753.3404233446905,1248.1060310226828,1.0081728466203035,-1.3419120279278574,-0.7699740931421697,-0.19848719250582192,lognormal,10,true
z_alpha[29],1.2170426887757118,0.37705306514018927,851.1680465501267,1789.961364038608,1.0019895968633918,0.6119362946764271,1.2109437230343025,1.8450299714621279,lognormal,10,true
z_alpha[30],-0.5445855072674546,0.34060465244318794,769.4322355793614,1475.748447886743,1.0067468599980938,-1.105782247237693,-0.5450365937900863,0.023399890511745895,lognormal,10,true
z_alpha[31],0.035104669758385484,0.3386276308334896,801.3077397190683,1375.7789187318033,1.0028822447938595,-0.531257193453601,0.041863039557493736,0.5901679480135842,lognormal,10,true
z_alpha[32],0.4846309357455838,0.33972111785482484,716.5836034799261,1255.8973207960048,1.00860567076584,-0.08002019995457577,0.48897009539999414,1.0432114648300124,lognormal,10,true
z_alpha[33],-0.029127798987235262,0.3380104879636276,785.0474200724402,1328.7145781708377,1.0037541770755973,-0.5949091534156739,-0.025862922341505227,0.5208923471753054,lognormal,10,true
z_alpha[34],-0.4200988655366648,0.33561039231325535,767.1588533263159,1551.565448922733,1.0087650329589466,-0.993402804165589,-0.4152178572354305,0.11960075891396799,lognormal,10,true
z_alpha[35],-0.33333881620402345,0.3360609923814756,823.1388365746978,1773.2947484567328,1.0033192731524398,-0.8903324715296507,-0.3274123598948816,0.21321586939548948,lognormal,10,true
z_alpha[36],-1.1549302836922744,0.36921097666278085,589.6387730867442,1339.7083319435874,1.002703074905544,-1.7866703822449927,-1.1464281238129934,-0.5633582364886529,lognormal,10,true
z_alpha[37],-0.8263935813355276,0.35094961607231245,822.5080871441138,1707.534658631606,1.0026897106260475,-1.423433295934596,-0.8191314119431716,-0.26082173978501116,lognormal,10,true
z_alpha[38],-0.6819475296052793,0.36281893376143104,648.3672795159972,1390.1148153429667,1.0032422332618998,-1.2828091509491624,-0.6806434710641494,-0.09018720100048336,lognormal,10,true
z_beta[1],0.19595232692302542,0.3214029873694223,670.9577983301915,1223.9780434003358,1.0026637546051334,-0.3368015912933999,0.1876291440487333,0.7332911117037155,lognormal,10,true
z_beta[2],-0.24579027934264916,0.32533412002953455,688.4513327878876,1113.955745822133,1.0006856724370226,-0.7971755083855406,-0.24141751245638488,0.2809511876833807,lognormal,10,true
z_beta[3],1.0306962491972906,0.33960605069203625,596.9130415799505,1291.6238929504143,1.0036517291960259,0.47461368086745576,1.0279361023893896,1.5945073453072647,lognormal,10,true
z_beta[4],0.36129039222635845,0.3386658031780023,532.1697747312851,1099.5784182788957,1.0011854402585743,-0.187621832649451,0.35739877285291916,0.9074278718107431,lognormal,10,true
z_beta[5],-0.6726700612713894,0.33098701121122986,629.7309698868444,1250.4083060388061,1.0039067053622839,-1.2353123203227552,-0.6651222470135882,-0.14494492746814155,lognormal,10,true
z_beta[6],0.28521015252861825,0.3496091412838857,697.8463768516184,1331.0923667848328,1.0032014535809068,-0.2820079186545591,0.2857969444712692,0.8704820620412651,lognormal,10,true
z_beta[7],-0.3789817419154819,0.33165539569597546,690.7975726081528,1133.20870940531,1.0020832741720214,-0.931156507100449,-0.37486186092842533,0.1563147400458768,lognormal,10,true
z_beta[8],-0.5554807529420818,0.3526848983849372,586.9834183069801,1246.2886655187633,1.0028302908542162,-1.1389016606140174,-0.5543291594026706,0.013228915238746421,lognormal,10,true
z_beta[9],0.11311150477305452,0.31998326664801785,665.190217667441,1355.9309550692215,1.0032649362290798,-0.4135294496561785,0.10681625907107925,0.6328145298349073,lognormal,10,true
z_beta[10],0.47874487303916735,0.32965241245029336,635.522451376244,972.019785287108,1.0011843834172593,-0.07486989719130052,0.4786019147793626,1.0189845947758471,lognormal,10,true
z_beta[11],1.4188228429540246,0.3749572299553371,623.919051807444,1257.6020657581198,1.003983728779294,0.8071676154894925,1.4133298199390638,2.0412326061731285,lognormal,10,true
z_beta[12],0.5470443821307872,0.34272063711024237,526.3897606433808,1060.3075367474787,1.0014797255833534,-0.01040148510852014,0.5443202139584485,1.1108778844791167,lognormal,10,true
z_beta[13],-1.3508046636863789,0.36523083268002454,705.9715631732794,1221.330878141146,1.0013042652768671,-1.9656093632626004,-1.3418869904654536,-0.7692291392558366,lognormal,10,true
z_beta[14],0.5093104138922462,0.32234078549243383,631.0293812856393,1145.602214440135,1.0018261632618868,-0.03235082277871979,0.5114917282575926,1.0250290100805644,lognormal,10,true
z_beta[15],-0.656422349371088,0.3510545592371773,589.4536517518409,1065.7330104435011,1.0020308583823225,-1.246550139845683,-0.6496942692850668,-0.06858592051416239,lognormal,10,true
z_beta[16],1.3894498615081683,0.38082901781627854,632.4848230578896,1173.0836737202194,1.0047176161618419,0.7817133928335959,1.3744901320171632,2.025571477991611,lognormal,10,true
z_beta[17],1.0005868136426948,0.35227327518128276,552.3093936106702,1222.3526284418404,1.0026762863495209,0.41602021946291984,1.000468465061971,1.5975257053100405,lognormal,10,true
z_beta[18],0.34142950487348994,0.3463210112407368,705.4132310632341,1387.103660674823,1.0033335988202643,-0.22412537125759563,0.3370666862448134,0.9081280236236883,lognormal,10,true
z_beta[19],-0.27946083095297736,0.3470418225610315,588.4984050807742,1087.7866922493354,1.0027781830216176,-0.8552954457808731,-0.2788952868637016,0.288524949371356,lognormal,10,true
z_beta[20],-0.4966024506794674,0.335469251733793,667.5002471841111,1406.8046059801588,1.0016233360791023,-1.0438637526198096,-0.4905146927574441,0.03008326018707998,lognormal,10,true
z_beta[21],-0.4310560320516499,0.34428297257275153,550.8813730888759,1044.0164888511308,1.0029339275118068,-0.9824868318604858,-0.42820259060830734,0.12722459247444493,lognormal,10,true
z_beta[22],-0.18620623265787323,0.3247887836588792,657.2267730763795,1073.1256924300762,1.00077106025965,-0.7330246923763162,-0.18390684845847627,0.3510084000778497,lognormal,10,true
z_beta[23],-1.6493226825756804,0.3712894066755549,676.6465754491962,1358.5368403220668,1.0029698637925992,-2.2830186667067007,-1.6350415482008471,-1.0707017320342556,lognormal,10,true
z_beta[24],-3.071236401618172,0.4791955852316477,623.1380210660424,1035.6354601918054,1.003575219243482,-3.8937957388065056,-3.0465368416598726,-2.307306241999646,lognormal,10,true
z_beta[25],0.5018142025970813,0.3290432620770835,630.1927609634965,1467.6739556057873,1.0037114681236503,-0.04209746282169088,0.49636201136654734,1.0549567253647185,lognormal,10,true
z_beta[26],1.4347903107162832,0.373668199192307,597.7095281937685,1110.3694961647038,1.0007174740064013,0.8280266072678351,1.4315174179643557,2.058221959787006,lognormal,10,true
z_beta[27],0.12414487646830809,0.3220289189192706,661.0502320002295,1511.8405841558094,1.0030422142634947,-0.40999931215398444,0.12483566977514882,0.6526211909152027,lognormal,10,true
z_beta[28],0.7727966759297532,0.3409800593281653,631.2661305186485,1316.7470327239666,1.0006498894994016,0.20548844554248374,0.7711343363837803,1.326170938447368,lognormal,10,true
z_beta[29],-1.4089683349892117,0.37190282394200463,711.634249733644,1238.102535028381,1.001418460119048,-2.041163514933528,-1.391552093538897,-0.8114296070929464,lognormal,10,true
z_beta[30],0.28298835908254183,0.32739905878369874,653.8424019828026,1154.3555898970565,1.0004769244553877,-0.2645489447124554,0.2833567427528746,0.8112515313268581,lognormal,10,true
z_beta[31],-0.4075662850298129,0.3222732043516873,653.2731307918666,1300.2914814135863,1.0039168680523871,-0.9383476490149867,-0.4151206448309046,0.11327866077186663,lognormal,10,true
z_beta[32],-0.4119673857884876,0.3198661595905329,628.5921061342759,898.079681131439,1.0009726447010425,-0.9510889195122704,-0.40810770400119245,0.10344759408646143,lognormal,10,true
z_beta[33],-0.20981605082810437,0.32759747164360503,658.8684722268065,1365.1381125694325,1.0042468305387144,-0.7568492807577899,-0.20451608204315275,0.3273735719256825,lognormal,10,true
z_beta[34],-0.8958362158974134,0.3312803329817483,625.8176599913942,840.2147554677941,1.001687929539219,-1.4549219273286966,-0.8872859826861094,-0.3723536406930822,lognormal,10,true
z_beta[35],0.6426707178008828,0.34485510887666854,657.2586009705433,980.4427252506605,1.0030755272076786,0.07509656886969983,0.6340272996368338,1.2252683413561047,lognormal,10,true
z_beta[36],1.4713753405831285,0.3717304277485996,509.64935779124767,725.7384197178516,1.0027371938651253,0.8794911407164054,1.4627800007451464,2.0886048477232193,lognormal,10,true
z_beta[37],0.4567298743027029,0.3406262741067063,655.7844448961032,1239.6359625963812,1.0033653072797095,-0.1011577823316899,0.45180223914072204,1.0219225920654502,lognormal,10,true
z_beta[38],0.053205692505492404,0.3435070175806868,599.712915755414,1115.2616069846556,1.0012763993766765,-0.5057358064750418,0.05571762082475981,0.6180483456647675,lognormal,10,true
noise.sigma,0.12400066198279644,0.0030276677795055733,2978.9731216411574,2747.5004150324157,1.0009873088408883,0.11913055414135333,0.12386762032104587,0.12914018056811608,lognormal,10,true
mu,0.21193678368143715,0.005555185486523498,2423.3009782247163,2799.3855584138114,0.999514765869882,0.20278380238184665,0.21187346633286186,0.220977629781389,logt,0,true
gamma,0.1764057056275786,0.0077349950379113925,2506.360428637734,2945.752458985247,1.000193651056913,0.1639723280831565,0.17625907935485532,0.1892699968948291,logt,0,true
sigma_alpha,0.13521991482674928,0.017025173536893982,783.041680580884,1132.1434550822337,1.0025518538839413,0.11059501740157018,0.13370397097776993,0.1658811355375723,logt,0,true
sigma_beta,0.14362396293053042,0.01860109821115969,601.1697528801018,865.5614078867383,1.003349765179167,0.11594532639997818,0.14213011442396367,0.17696414262546975,logt,0,true
z_alpha[1],0.2401550947680484,0.3236098854969659,814.4922961122933,1398.4368473231636,1.0055848075398797,-0.2894477420123455,0.2305819160610234,0.7833977659526121,logt,0,true
z_alpha[2],0.19780254423288074,0.317318019779774,834.5488320857562,1478.6190320305016,1.001141462001344,-0.3186197857397867,0.19233492806223046,0.7240010571613648,logt,0,true
z_alpha[3],-0.7361468481099374,0.32986921536808106,839.5371449248889,1739.1685411068386,1.0069239401160264,-1.2986841746998234,-0.7309405968746313,-0.19156804115057324,logt,0,true
z_alpha[4],0.3229704663942084,0.34299258576494634,710.0629214240959,1250.184419329054,1.0133299076464999,-0.24679153289844594,0.32684360160287906,0.8853779729257882,logt,0,true
z_alpha[5],0.80424473229673,0.32621201225933005,735.8641795177979,1566.1639120036004,1.0038671966656465,0.28742217352800953,0.7997435594357802,1.3556669882536845,logt,0,true
z_alpha[6],-0.39867798216688954,0.34999900667411055,903.0045378595411,1591.9695972570496,1.001762807529882,-0.979325097621695,-0.39391961743075254,0.1675791574952231,logt,0,true
z_alpha[7],0.5495602821268946,0.33550347343387393,839.9600265454693,1410.251698369472,1.0015718510806253,-0.00900454089301995,0.547022663389387,1.0999183265855121,logt,0,true
z_alpha[8],0.8593695080302921,0.3511671798102922,758.570499640266,1369.614200034178,1.011133422081348,0.27170799292265413,0.8607309852086209,1.4369947114762103,logt,0,true
z_alpha[9],0.6950975646534974,0.331506624042335,781.8107819708828,1465.7810770288215,1.0023517316821824,0.14696744110355886,0.6933139550151329,1.2444929591346707,logt,0,true
z_alpha[10],-0.5774127110106767,0.3216141908363129,789.8127595650482,1384.0250108281195,1.0003185047928442,-1.1130684730977936,-0.5738249567467106,-0.05154642739328422,logt,0,true
z_alpha[11],-0.0945715375014278,0.3266306623036805,846.2795237135815,1818.9216389528076,1.0057952038844309,-0.6331154538370515,-0.09733189260153513,0.43924964658940513,logt,0,true
z_alpha[12],0.05802008599676583,0.3467168617137903,713.205265098815,1516.8604332582088,1.0140196317044854,-0.5135451940942736,0.06707617409017513,0.6101450064709929,logt,0,true
z_alpha[13],1.078902192169041,0.3557763269187267,928.4109914965646,1700.8204711126518,1.0019016547650728,0.503019715068082,1.0791086701009251,1.66909777345581,logt,0,true
z_alpha[14],-0.7086411114506257,0.32731397992038935,816.3406719050745,1365.9721416466532,0.9999478217738593,-1.2475551234339344,-0.7039904377781189,-0.17017458487957748,logt,0,true
z_alpha[15],2.5583805204723973,0.4345740580560527,784.7140527509001,1336.4138407679136,1.0085172540565115,1.8358256318111583,2.5544141492409436,3.2873241603244963,logt,0,true
z_alpha[16],-1.1426202607129803,0.37148375052937044,854.9504463159872,1260.1958890287992,1.0024186719119945,-1.7569581642458598,-1.136346016547622,-0.5466870784955234,logt,0,true
z_alpha[17],-0.2801565141900508,0.3695688418193938,815.8479752061573,1420.3976424435537,1.010805256693251,-0.8997787555057691,-0.275896891615833,0.3178898405100912,logt,0,true
z_alpha[18],-0.12892015542653162,0.3384950455082859,922.1857807732765,1534.406593844072,1.0052542388988037,-0.675297554081438,-0.1255237003259794,0.43419514745232574,logt,0,true
z_alpha[19],0.49049637252555456,0.35099738455546436,771.1910642344328,1371.5190017138013,1.0127638645400174,-0.08971996804248925,0.4909938701748192,1.0599403375330194,logt,0,true
z_alpha[20],-0.31130965135127986,0.3465998781915315,899.8655463557888,1307.3542009564244,1.0040615399649535,-0.8888522498511391,-0.3093741079318578,0.251225415422399,logt,0,true
z_alpha[21],-0.7584476725301984,0.3635784251144113,691.2003647925465,1276.1249221695803,1.0132033386407118,-1.3610911557362475,-0.760918291220315,-0.16523557571778968,logt,0,true
z_alpha[22],0.3373556042473028,0.3307278784022115,896.4850847439791,1525.1802503042497,1.0012610708233378,-0.19407267156744887,0.3370951708799024,0.8846596791090621,logt,0,true
z_alpha[23],0.5989109468950047,0.3228226359485994,771.1101121815458,1388.804022481493,1.0031967105863153,0.06860672065897978,0.6016436905821934,1.1265719722820378,logt,0,true
z_alpha[24],2.6483409694842908,0.4508799805734764,816.0269384095939,1226.734458345416,1.0012029811537984,1.9171406250990408,2.647020535422059,3.382482001318766,logt,0,true
z_alpha[25],-0.4000833687785066,0.3311577518976728,854.4564256830636,1477.3388363627048,1.0027799457944222,-0.9475342978706659,-0.40429889816362136,0.14183644579505153,logt,0,true
z_alpha[26],-2.1741028845652037,0.39535971620604604,741.3730676455306,1178.5347508701889,1.0008891441957266,-2.838498900833164,-2.1711136150330463,-1.5242860379345036,logt,0,true
z_alpha[27],-0.8824442487090673,0.3375151409116001,812.3772084724226,1761.1942275048889,1.0089847612757095,-1.4372307042051475,-0.8789762461932313,-0.32974487853873236,logt,0,true
z_alpha[28],-0.7464298317551179,0.3247699257183385,806.888114442668,1458.3665362223048,1.000773526126902,-1.285388752133507,-0.7477067909036939,-0.22914042319114228,logt,0,true
z_alpha[29],1.2062546306112607,0.35932173656085614,927.9791404857447,1603.9567669333853,1.0017094735287244,0.6257681218543126,1.1997948226332888,1.8131385967690172,logt,0,true
z_alpha[30],-0.49700320090880074,0.3206847246351623,796.8389742706054,1479.2308093057334,1.0007318011849908,-1.0183407420419428,-0.4946800602697408,0.026153838430640914,logt,0,true
z_alpha[31],0.12983522133805725,0.3231708044450951,807.4553977396308,1678.8149559526682,1.0017833067631163,-0.3943112752128547,0.1285859742096667,0.6632605236277916,logt,0,true
z_alpha[32],0.5519177127897572,0.3242766641935503,822.8857360601481,1399.5156300256835,1.0012029055075098,0.024716416472051722,0.5453624303044449,1.0905144353160054,logt,0,true
z_alpha[33],-0.11115582574607254,0.32004289947662556,753.7956835601957,1554.6255047143854,1.0059360174508634,-0.6475455837798034,-0.10375752714285197,0.4061541274131961,logt,0,true
z_alpha[34],-0.5173255873903212,0.31526951245928897,755.0644698033669,1312.3900031682867,0.9997429057927302,-1.0335281278937822,-0.5219287239794013,-0.007600709615615686,logt,0,true
z_alpha[35],-0.43430661774005996,0.34388118159817627,897.2005812473802,1257.5265330161533,1.0008581877852412,-1.0026865170313441,-0.4314172009862367,0.12698359966804343,logt,0,true
z_alpha[36],-1.1316170168238417,0.38469501610281265,722.3379234768523,1454.5888546736892,1.0116225224131972,-1.7748644066647792,-1.1272053364731298,-0.5177193201828574,logt,0,true
z_alpha[37],-0.8213126281219552,0.35111125250016484,862.583609768257,1254.937837467405,1.0026157076055977,-1.3922442410417866,-0.814802194481333,-0.25298570241031193,logt,0,true
z_alpha[38],-0.6290163956124522,0.36753949560410554,727.0224970780062,1441.495649941146,1.0100540862876448,-1.2418905491600758,-0.6239521297188171,-0.036122330828401064,logt,0,true
z_beta[1],0.1978839109814407,0.3096741837260727,687.0630579800917,1091.6682131126504,1.002254014244925,-0.30742649198936084,0.1990797265252166,0.7139822747888754,logt,0,true
z_beta[2],-0.21697616880521253,0.31564650802485106,762.8507900471648,1430.2994846497936,1.0039840742313049,-0.7362632285860755,-0.2169591881174806,0.2951896034683196,logt,0,true
z_beta[3],1.0411141027144,0.3251194265307306,676.6578862954478,1121.0241200903506,1.0028644470193655,0.5152411782030054,1.0377425558141415,1.6068121219697942,logt,0,true
z_beta[4],0.31193637680676745,0.32920981963466434,663.775136610969,1189.7220583196538,1.0018677074511213,-0.21768231420368392,0.312285235055329,0.8555864663413333,logt,0,true
z_beta[5],-0.7754784312532945,0.3245861311235328,705.9479772991723,1535.8604639660803,1.0016144923928971,-1.3134799165937923,-0.7737840024652913,-0.25403538171530865,logt,0,true
z_beta[6],0.27193398050058715,0.3372898028626708,783.5917882361819,1504.5340323187208,1.0027923687153593,-0.2711065287760609,0.2721066475807402,0.82812657270256,logt,0,true
z_beta[7],-0.336881990743042,0.32426876662779397,744.3239284083156,1461.6021041534898,1.0017809965205593,-0.8664835653398013,-0.33716830769184125,0.19477073058888394,logt,0,true
z_beta[8],-0.4668675809167838,0.33677152218556394,655.1937949296841,1246.2483892163762,1.0033003698241691,-1.0449033488893598,-0.45986645038433943,0.06896292185240274,logt,0,true
z_beta[9],0.04115655549681102,0.3156326091430764,721.0973359451273,1309.1667010822948,1.001034136916783,-0.4852470591456023,0.038617632955527906,0.5449214468888622,logt,0,true
z_beta[10],0.4528782400912379,0.3216890230370069,772.3678662121993,1301.2420991394595,1.0057666346660847,-0.0539572560113092,0.45039367788678053,0.9905234008030894,logt,0,true
z_beta[11],1.434942307057748,0.35622675367144524,680.5435085859041,1177.5873628724894,1.0015431005007847,0.8593616716299931,1.4237523215826133,2.034854719348605,logt,0,true
z_beta[12],0.5245467873859647,0.3314665811050802,688.3834618869888,1251.000200395504,1.0029935043932685,-0.018060581430810463,0.5186712339992589,1.0712260544975563,logt,0,true
z_beta[13],-1.315146256258206,0.35897955972176815,685.2854633627742,1383.012569614775,1.000798990529626,-1.91915484258149,-1.3140022538968938,-0.7370752541451231,logt,0,true
z_beta[14],0.5103844762628194,0.32647022839419126,738.241753942017,1238.6427397455245,1.0052424470792625,-0.013596238496665844,0.5102685722798881,1.0587725907543069,logt,0,true
z_beta[15],-0.6690410738616249,0.3418474422130327,636.6351112003067,1183.3145756069011,1.0021934168085986,-1.235940024356107,-0.6549407283481328,-0.14533127887628625,logt,0,true
z_beta[16],1.3702776913501922,0.3712146965892173,725.0454894913642,1512.7001722359096,1.0046416027860732,0.7769614548993301,1.3664562444589636,1.9919835725545603,logt,0,true
z_beta[17],0.944052988802624,0.34484993291725324,729.3656380759219,1468.8450005934421,1.0019845557254559,0.3857965194298637,0.9398111408876983,1.516843050549809,logt,0,true
z_beta[18],0.3316928908812113,0.33359275589495446,736.844400842402,1311.487142483369,1.0032060042729216,-0.21376543065165626,0.33101325610107246,0.8926673552953077,logt,0,true
z_beta[19],-0.17236029252741533,0.334146884897929,692.1936907962112,1213.4209259011436,1.0027894451438584,-0.7265852763769702,-0.16273410504467598,0.36234071984394417,logt,0,true
z_beta[20],-0.5742066392932038,0.3395793031780195,741.1915015323689,1380.2156182877325,1.003324629639163,-1.1279233158114674,-0.5680206528561883,-0.024579920524487174,logt,0,true
z_beta[21],-0.3259881814312614,0.3440611630324535,695.631044790724,1266.4352301850543,1.002124409493848,-0.9009023405438746,-0.3148710599250732,0.21563810195417188,logt,0,true
z_beta[22],-0.2302684288749513,0.332316285353331,816.5760794379519,1489.2267419734778,1.0042745062633773,-0.7916921386948822,-0.22396468525311808,0.32261125709926763,logt,0,true
z_beta[23],-1.7775328832559376,0.3878736893160496,685.3850766309638,1129.87108349019,1.0014880121558203,-2.4229773904675938,-1.7657137369272116,-1.149610930477824,logt,0,true
z_beta[24],-3.1089928987325175,0.48116197010211753,662.4388474100651,1062.2217897570815,1.003231451843284,-3.8973166393494525,-3.11638874461124,-2.3406693540409442,logt,0,true
z_beta[25],0.5381320646285276,0.312895109254442,661.6628811290566,1151.7394058682019,1.0020102635869295,0.022527151702729436,0.5345054959185367,1.0658622910258364,logt,0,true
z_beta[26],1.5435617606017726,0.3758059133810828,716.3367536071345,1287.0164213881321,1.0063301393605666,0.9297801820168798,1.5311582065896958,2.1906128523383464,logt,0,true
z_beta[27],0.09530082521751938,0.30605139658550357,686.0949574355018,990.9259108639819,1.0015596290720037,-0.40162067728152584,0.09711593089484571,0.5962121193310537,logt,0,true
z_beta[28],0.7757284108187075,0.3417997129774843,802.8893497584128,1236.1084484389705,1.0043948046523594,0.21009630606223365,0.7750496660739967,1.3480213948224091,logt,0,true
z_beta[29],-1.4313680009410101,0.36793876712286516,690.0834449740204,1449.0168448911313,1.002959466187349,-2.0443763884852264,-1.4258886379794793,-0.830391107757498,logt,0,true
z_beta[30],0.34997630549364195,0.31771045123828356,727.5752691102057,1376.875073389116,1.0051310411669534,-0.16352698052573225,0.3516062642719719,0.8718166246405779,logt,0,true
z_beta[31],-0.4431446609348501,0.3258446554919367,708.5838030975174,1262.6136514700534,1.0021316216313019,-0.9747432601579021,-0.4399151347314866,0.08265383462948338,logt,0,true
z_beta[32],-0.43555020143793866,0.31720916033925406,745.5629582570766,1162.877293509628,1.0034928928336517,-0.9684995124242306,-0.4348974267801447,0.09464245366814708,logt,0,true
z_beta[33],-0.04466102800737788,0.32053273085140305,707.6972957228015,1110.515497739183,1.0016995315268185,-0.5648599619419532,-0.04731616437765139,0.4830198796710812,logt,0,true
z_beta[34],-0.8969842918062939,0.33789115608138026,755.2048078076975,1236.7525143496891,1.0047437669189196,-1.4552759392012777,-0.8909767277282303,-0.35248065656894845,logt,0,true
z_beta[35],0.7020969009789829,0.33256708834838816,738.10420844501,1342.2500515751233,1.0038949002365893,0.15148169825250146,0.698778613468373,1.2636296010360777,logt,0,true
z_beta[36],1.3969925495263853,0.3639055035368082,766.5593840842612,1214.1056996407326,1.0019282656097683,0.8149876810372846,1.389900589695182,2.0032015175986024,logt,0,true
z_beta[37],0.46329859526501255,0.32627002778614006,716.5768345829189,1285.271490510919,1.0041035129793283,-0.06583764344597423,0.46450924147006045,1.007026573928715,logt,0,true
z_beta[38],0.09494337231700328,0.33247925700579256,709.8077898900826,1429.3975522788423,1.0020535180745977,-0.47209240051431794,0.10177562110768931,0.640801114916593,logt,0,true
noise.sigma,0.10792553969501603,0.004120607291768923,1800.0332257303494,2227.3315720415876,1.0023164434215657,0.10117693412016768,0.1078592384833452,0.11475554075526258,logt,0,true
noise.nu,7.350898573058382,1.781059638021697,1809.2497695397951,2059.989335215188,1.0022285141985936,5.135179620883689,7.05146081083943,10.660708623113033,logt,0,true
mu,0.20988960064921527,0.0058762727396324725,2819.9697214672065,2795.406320783249,1.0005970507794844,0.20024972245299932,0.2097985253329656,0.21942254011130624,logt,1,true
gamma,0.18120594056085598,0.007926937293875305,2818.369310399529,2443.5850739420325,1.0004811050300815,0.16822748406264473,0.18109772743402888,0.19415799880000087,logt,1,true
sigma_alpha,0.13706134028946435,0.017382759902751968,724.2418116504076,1175.3213472602656,1.0083631669345003,0.1113444012985591,0.13527182343132893,0.16937976085114398,logt,1,true
sigma_beta,0.1430932389281224,0.018472023274335315,773.2531959978938,1336.8779689675634,1.0044319470488776,0.11684647771113442,0.14096993528507964,0.17634731057313394,logt,1,true
z_alpha[1],0.28752634721777687,0.3342037795107923,790.388312364507,1439.9488852843863,1.0082806138784761,-0.2554409136743592,0.2869146829979451,0.8442045421168733,logt,1,true
z_alpha[2],0.20387812737457062,0.3172433101646644,960.1214790162674,1340.9611153843957,1.0033576543591092,-0.31698919236609024,0.2122261413885024,0.7198032782560874,logt,1,true
z_alpha[3],-0.746269425014157,0.3438698488216338,725.6409790219116,1623.2259194444316,1.0100075886756261,-1.3095974708336018,-0.7420258155723465,-0.1776354656351956,logt,1,true
z_alpha[4],0.37163171497650793,0.3345446256596167,960.9161952610593,1531.1371195644024,1.0029637853596924,-0.19379634322893452,0.36921487933849395,0.928270111254429,logt,1,true
z_alpha[5],0.8095022350806717,0.34059708317515563,776.7353778435853,1301.5280068843776,1.0056489680123206,0.25874671926777243,0.8027797307969942,1.3814796146263948,logt,1,true
z_alpha[6],-0.39274039870121996,0.3605889326523762,752.0283257603954,1282.134676106968,1.0044855981354992,-0.9994694662471834,-0.3886693103686927,0.19701383292594205,logt,1,true
z_alpha[7],0.588176736389517,0.3558210672779523,724.7078271224358,1250.6682532495925,1.0046771612818635,-0.0007826876991026001,0.5877177343629928,1.168649428938231,logt,1,true
z_alpha[8],0.8335456094005076,0.33748334901250426,948.5951542787695,1585.1876630253419,1.0031014497643664,0.2726433485523698,0.8249678790362098,1.4002741085964114,logt,1,true
z_alpha[9],0.7320868373686037,0.34061110271952033,762.830260020113,1432.4513508850057,1.0057983776439312,0.17793864814964733,0.7184193373961418,1.3166492696776781,logt,1,true
z_alpha[10],-0.5688615989764315,0.31934638127564113,866.5316705088042,1401.163933579448,1.0055325581612249,-1.0941322162729805,-0.571599692536009,-0.044483027703459986,logt,1,true
z_alpha[11],-0.1664993587252929,0.3472202496307042,840.394793197626,1635.9135329315066,1.0071583733439438,-0.7163759562874915,-0.17033796837399648,0.4340106172442711,logt,1,true
z_alpha[12],0.10958692728681795,0.34156564467010037,964.4328516969667,1608.0618491399136,1.000393710943937,-0.4612027065662705,0.10994300889637287,0.6806993042786098,logt,1,true
z_alpha[13],1.0565758270341652,0.3654209468095802,736.0169539893787,1124.2173937897903,1.0057701503462007,0.4533756134021338,1.0572648468335912,1.6562727193041267,logt,1,true
z_alpha[14],-0.6441785685618525,0.33148196219682885,978.2968690969192,1467.4489439237157,1.0059098559913886,-1.189302264943655,-0.6449089442370161,-0.10975840491642805,logt,1,true
z_alpha[15],2.5334111460716593,0.43105826596246877,899.4305637001522,1321.8513778554063,1.0024326436221058,1.843105058768523,2.529328059462004,3.247412838757985,logt,1,true
z_alpha[16],-1.092105341079034,0.3800373608907714,782.3669744775601,1437.3019117601489,1.0038093870119975,-1.7190892632862598,-1.0823390339218055,-0.478014986324317,logt,1,true
z_alpha[17],-0.2365581322632542,0.35870143884133326,1013.273226201332,1794.3223997193008,1.0007075368436382,-0.8380894515162315,-0.23075282159267835,0.34779661364625925,logt,1,true
z_alpha[18],-0.11238387448265368,0.356357823661783,745.8803950981696,1263.698378320024,1.0043901362213243,-0.6927582977467304,-0.1181001910172012,0.4885332813659252,logt,1,true
z_alpha[19],0.5481512998315683,0.34238735056865177,962.8055160695744,1567.6717211980106,1.00321402950279,0.0018709484853688676,0.5455540798512553,1.1188109522638894,logt,1,true
z_alpha[20],-0.29573458904585154,0.3596886314269722,745.2090481426334,1260.9195070782712,1.0049141287572874,-0.8878260266012515,-0.2929442485970697,0.29483184200875096,logt,1,true
z_alpha[21],-0.8210287150772976,0.35575284393157025,897.2221730416376,1638.6159875703822,1.0014731078074686,-1.424858817316765,-0.8070588420122213,-0.2521671158170214,logt,1,true
z_alpha[22],0.2850838132216497,0.332917668534564,1069.1612956181928,1561.0790700366774,1.0042631125503554,-0.2734699523435457,0.294521997090447,0.8273692714661254,logt,1,true
z_alpha[23],0.6281381526749489,0.34150406966008623,749.1847672659898,1480.9239361654247,1.0064795772096133,0.07725465998135202,0.6250315776948425,1.1984246278327397,logt,1,true
z_alpha[24],2.6253758142608157,0.44741389707226803,881.2360211881804,1566.7172529888244,1.005830775802273,1.884456199449163,2.616616499691872,3.375776745639046,logt,1,true
z_alpha[25],-0.4389175913896436,0.35468185984918577,817.9439150557532,1727.3596654382259,1.0091641591431122,-1.0246183790807948,-0.4420407372541689,0.14480708229837563,logt,1,true
z_alpha[26],-2.1868590813822935,0.39471278889821265,772.5740507837985,1539.8555160257654,1.0039805241188946,-2.851641162846358,-2.183435586363265,-1.5432633707411707,logt,1,true
z_alpha[27],-0.8462556812940427,0.35198073454710227,694.2746729628403,1390.759195887463,1.0125891237729625,-1.416692547218006,-0.840499810073899,-0.27310939601647927,logt,1,true
z_alpha[28],-0.7104367986583963,0.3206552395481364,873.2617010517774,1531.977761486947,1.0054587576342466,-1.2485467356235116,-0.7055307594003657,-0.19461307670664085,logt,1,true
z_alpha[29],1.2208943529823615,0.36849646245949597,713.9524013269184,1159.7902111486928,1.0065656664050848,0.6350119670637331,1.2244772213249921,1.835448982208824,logt,1,true
z_alpha[30],-0.4456715625640916,0.3254653147539901,936.2257598303587,1644.6415795231362,1.003324796461298,-0.9851384192941928,-0.4449374742453107,0.09933180041236746,logt,1,true
z_alpha[31],0.15498612017424104,0.33418820742342004,749.3229915711495,1462.5972194911503,1.0064093880094582,-0.39417101554199613,0.1544417305814567,0.709179063253869,logt,1,true
z_alpha[32],0.5370859633704761,0.3278516631562614,950.2061365312087,1433.295897269608,1.0075396631904303,-0.009385147185168278,0.5362270957555886,1.0667445837042062,logt,1,true
z_alpha[33],-0.16827058137035814,0.3287228981918635,784.620100131285,1403.4455463821805,1.0086358657494319,-0.6993209906785424,-0.17260668143790853,0.3919302298928717,logt,1,true
z_alpha[34],-0.4969299152009105,0.3206627123447855,892.920791097067,1343.0302368558978,1.003546639187198,-1.0200748085675244,-0.4949035010670878,0.016147394524107662,logt,1,true
z_alpha[35],-0.3872717942808173,0.35030915463349654,729.3344274873638,1254.7017837764938,1.0035693779237356,-0.9656548064068478,-0.3809491631163267,0.18355384134145802,logt,1,true
z_alpha[36],-1.17845839757265,0.37778855830550484,923.2311156145381,1648.5591919579733,1.00141578496966,-1.8102319052142306,-1.1710446705571393,-0.5675437029493393,logt,1,true
z_alpha[37],-0.8935221582045046,0.3655418545065965,716.952064132591,1323.5887868832185,1.0051785801091675,-1.4994047033100175,-0.8931921869053976,-0.29322133962579655,logt,1,true
z_alpha[38],-0.6554401339749445,0.36406718447920156,999.9265224749228,1689.5119041770176,0.9999354532693984,-1.27454158834254,-0.6482762894832252,-0.0664766644578468,logt,1,true
z_beta[1],0.23420218964727815,0.3341616536335686,698.4722947867521,1286.1486076065194,1.0048833178160326,-0.31721416724241736,0.2388721445357454,0.7824283022958033,logt,1,true
z_beta[2],-0.23104284706736172,0.31312717738016127,605.2143738717547,1401.9841783606726,1.0073849405109814,-0.7453447359331283,-0.231421186280576,0.28486328068571204,logt,1,true
z_beta[3],1.0566224131385167,0.3416043968564423,677.1671441270865,908.2418147078997,1.0055157061109057,0.5057834466473912,1.0518758864244855,1.621770009893039,logt,1,true
z_beta[4],0.281940046993149,0.33241464121407027,819.5131634433149,1440.7170111733628,1.0037318960579367,-0.2563283732055424,0.281418459063714,0.8390896677188323,logt,1,true
z_beta[5],-0.8588930130619874,0.3472335767815497,675.6704138436143,1143.317581767443,1.0051451171155095,-1.4322538092928025,-0.8565619894928188,-0.2906668025824513,logt,1,true
z_beta[6],0.3267708845919334,0.3632946381296694,739.6365052657566,1394.8958339370097,1.0100449327643564,-0.24470780445438062,0.316374824521791,0.9415119612362696,logt,1,true
z_beta[7],-0.3522070992698999,0.3420523237873909,638.033847063773,1457.122520869353,1.0081404406755703,-0.8952262094919771,-0.3662133226907971,0.23149789218460212,logt,1,true
z_beta[8],-0.4875490672596055,0.3440595859728028,711.252131612316,1477.4052864455268,1.0047553076592945,-1.0619278703703632,-0.48592150989392674,0.07781050262207634,logt,1,true
z_beta[9],0.028971421107969107,0.332112228006758,729.6110747162744,1184.7902890978746,1.0044923278465963,-0.5231109060287134,0.03167120777210551,0.5655698651100466,logt,1,true
z_beta[10],0.45069413631208016,0.3190340792561213,592.8798590738784,1016.6599799583172,1.0074366262518688,-0.06913088146629115,0.45672185250437897,0.9801444557327624,logt,1,true
z_beta[11],1.4678632560491538,0.36726304504830765,720.3565498048591,1119.4785213097362,1.006382159325552,0.863550239505879,1.4698742759955659,2.0855892684276434,logt,1,true
z_beta[12],0.5130929724786577,0.32724995898807846,765.6748843261078,1451.5513687742218,1.0055120630739998,-0.025970381238793357,0.5078741738353896,1.0486684270910258,logt,1,true
z_beta[13],-1.3264292671608087,0.3668962668085381,535.7702403722733,1460.1504521563263,1.0079232997859264,-1.9162163363545623,-1.3326985023193547,-0.7225036613320615,logt,1,true
z_beta[14],0.5056829268830583,0.31810418380418004,674.4266224132197,1316.1405470206316,1.0065631946741087,-0.02239444107164899,0.5069901344533831,1.0297918635706098,logt,1,true
z_beta[15],-0.6742990712635804,0.34841327154739443,755.945161193943,1677.2852990316917,1.0037734624191774,-1.2393491757367388,-0.6625418752476906,-0.13175030865906173,logt,1,true
z_beta[16],1.414616121015897,0.4044154990298614,804.3090105327029,1405.2303703385128,1.0084565484082602,0.7802696138789357,1.396563518929241,2.125367357759768,logt,1,true
z_beta[17],0.8672680279509042,0.35006364407908164,809.0319295408069,1339.3454325502555,1.0047880432615746,0.28131929817532675,0.8672800927536054,1.4467045371524074,logt,1,true
z_beta[18],0.3376807496526408,0.35687605264887884,668.3208661056399,1435.6460995954644,1.0088905481208403,-0.22958871342114373,0.32840554913397935,0.9371947742397169,logt,1,true
z_beta[19],-0.226313580545576,0.34261997360243424,816.3946071254293,1706.332726600678,1.0039120222670412,-0.7927848823867862,-0.22255114785058172,0.3356495279025571,logt,1,true
z_beta[20],-0.5781359627027828,0.35643774885924795,605.3134698557301,1619.2767135737308,1.0098073362340219,-1.1691623351954223,-0.5787679980327718,0.029082638064585477,logt,1,true
z_beta[21],-0.20952588348193033,0.34330016177257555,832.5970881475222,1817.9215800595287,1.0045694612994693,-0.770895389883371,-0.1993854303004451,0.3445528218970622,logt,1,true
z_beta[22],-0.20154761515880337,0.3321643088359381,721.8286344168878,1704.6705813434603,1.0030383154491782,-0.7596272769472674,-0.20613803610832057,0.3505377749973221,logt,1,true
z_beta[23],-1.7420995915326745,0.39743097484517437,714.2777763240872,1173.154128025247,1.0039920569645968,-2.3963180958966013,-1.7401808218041053,-1.0824808370220906,logt,1,true
z_beta[24],-3.1234680042422633,0.4643817940239224,708.1345777021879,1702.7851388363254,1.0021344654225328,-3.8943306488599805,-3.128873676509606,-2.3444592547884264,logt,1,true
z_beta[25],0.5270679889213494,0.3380473173306475,732.3283452199856,1149.182849985553,1.005747889627327,-0.02284670819075328,0.5281741614348048,1.0845157260479485,logt,1,true
z_beta[26],1.4811214134781554,0.37319934604594274,642.9884789128158,1383.568736252723,1.0085189312047895,0.8830944537212823,1.470485184908187,2.108331403781027,logt,1,true
z_beta[27],0.14506589233920625,0.3289906985000585,712.964398405109,1089.566025233573,1.0048076615385824,-0.39927343088056855,0.14351625259766507,0.6795697412883199,logt,1,true
z_beta[28],0.7941501709968342,0.32988140374110475,678.830432054865,1461.446135616361,1.0067726779648896,0.26064703545528384,0.792702298142868,1.344248815244939,logt,1,true
z_beta[29],-1.4392237792567981,0.37832994820573673,468.74993060917234,1114.453533515634,1.009388049018086,-2.0358998686692296,-1.443416345319919,-0.8180368157561912,logt,1,true
z_beta[30],0.3181229359293425,0.31571597079316643,603.4370588929266,1446.9379583147659,1.0077923936101092,-0.19617787236896514,0.3111530645115119,0.8321194337666122,logt,1,true
z_beta[31],-0.45807934329495886,0.34655277217657615,748.7599723991448,1259.4702291689396,1.0041168880293116,-1.0367911262105671,-0.4519803247358435,0.11606142981586406,logt,1,true
z_beta[32],-0.41337383739135164,0.3142232596091919,654.9208193289209,1324.0615435912,1.0055577227188532,-0.9320011510027093,-0.4125537585100755,0.09115830382932222,logt,1,true
z_beta[33],0.09430937188007046,0.33639578254513147,708.9569465512407,1160.3763315921087,1.006358503349874,-0.46650009065465775,0.0900157438572135,0.651484492937378,logt,1,true
z_beta[34],-0.9003024280255945,0.33758180684927075,704.655255574297,1653.7292182097165,1.0036621140839481,-1.459950475143163,-0.9020334476079936,-0.34186033618017736,logt,1,true
z_beta[35],0.706545713578819,0.3574472278653121,738.6274887295685,1117.6538543350187,1.0105609895348089,0.14291987772517448,0.6956603277249593,1.3091437296542836,logt,1,true
z_beta[36],1.3561841700755644,0.35807012428927126,820.6537994643935,1536.4772164254384,1.0038023792590283,0.768730021869558,1.3524096335313889,1.9551378503479284,logt,1,true
z_beta[37],0.5215801545777032,0.35490975873808445,698.1001589653315,1267.7631097097724,1.0098010659273904,-0.03652708562448528,0.5059361461241751,1.1280099020652326,logt,1,true
z_beta[38],0.07129137136874618,0.33070273994288046,752.8794594908893,1402.8567376588626,1.0038303290298949,-0.47518089150612425,0.08118255856969703,0.6073260004090579,logt,1,true
noise.sigma,0.10886485614272419,0.0044739452778990085,2211.3938874384926,2681.621087478299,1.001710775692874,0.10154914913153892,0.10883512205182228,0.11618614098521066,logt,1,true
noise.nu,6.9967650956209475,1.653744181232351,2165.3399394917246,2563.4067464894615,1.0004428578439641,4.83911428387767,6.742090656837632,9.962524005835116,logt,1,true
mu,0.2168208159456982,0.005723161397243243,1829.5292254138037,2435.773437239133,0.9998978643565672,0.20741397964261848,0.21673242961350916,0.22624453562444188,logt,2,true
gamma,0.16973487140778054,0.007813272175132653,1713.6549155870953,2501.3891674423717,1.0003932502288324,0.15713313800559822,0.16968720322453218,0.18264788939360896,logt,2,true
sigma_alpha,0.1363723851338483,0.01754522794700181,548.3342768425742,999.3558844296218,1.0038829353418532,0.11004471547689784,0.135127977628311,0.16646328029487273,logt,2,true
sigma_beta,0.1441257836243241,0.018818564500057273,604.6350575985546,930.8371733594724,1.011700439473592,0.11664094214294753,0.14251453780181922,0.17732480580524074,logt,2,true
z_alpha[1],0.3056160119416727,0.33113471704903086,417.7420974178958,731.8318386885038,1.0081746594179604,-0.23901914711659838,0.312586815236519,0.8514125348602292,logt,2,true
z_alpha[2],0.18542992653387733,0.33202019536411664,537.3683441939226,1046.1935450765307,1.0048039238270894,-0.36532629489577073,0.18991017573208496,0.73695147488428,logt,2,true
z_alpha[3],-0.823624650127825,0.34529854360265616,473.64897045056074,901.5439170922629,1.0037617894636133,-1.3923664908595923,-0.8227292621624299,-0.26073010180983336,logt,2,true
z_alpha[4],0.31285361212195373,0.33692676780493747,611.1938360337253,967.9062445056982,1.0015495956061884,-0.22136053859599328,0.2979633365837855,0.8854008397703361,logt,2,true
z_alpha[5],0.7571526557579864,0.3251660165994087,375.61638990020504,717.1354588316456,1.010101382640859,0.21674123614321722,0.7639988950736479,1.2772753175167053,logt,2,true
z_alpha[6],-0.49353486826218806,0.3486745551364652,678.9216373431072,1098.9988295079304,1.0082298555454572,-1.0734497386458015,-0.4820833611490959,0.06355876730904045,logt,2,true
z_alpha[7],0.48628141895999133,0.32925254758589984,539.2774932606438,1160.4423606761002,1.0115214807450026,-0.05175251742604496,0.487335547430537,1.0287470285333045,logt,2,true
z_alpha[8],0.9513975326564944,0.35706737855518217,615.8758049478487,1084.7335153858996,1.0021267501489919,0.3672277209471262,0.9435183359547388,1.5510431082850191,logt,2,true
z_alpha[9],0.7369601477001124,0.339909667674824,401.29949758853076,790.3736908995957,1.008679407650692,0.19570962569386302,0.7260596296685475,1.3027477088016586,logt,2,true
z_alpha[10],-0.5488100236655719,0.33845042201803777,551.0492396923852,1041.7490383004827,1.006795993370531,-1.122312966329447,-0.5426574184300257,-0.0009155224265942146,logt,2,true
z_alpha[11],-0.021068915059439742,0.33700154152692935,462.0891339775038,989.6328142015383,1.0055265448382202,-0.5594095450639466,-0.02286098304818203,0.5201420377312167,logt,2,true
z_alpha[12],0.024960828896468674,0.34078700800479494,608.2354181083371,1106.27237314268,1.0020746815782489,-0.5268910598267095,0.025978306429596122,0.5792938786701901,logt,2,true
z_alpha[13],1.1307036096848921,0.3520929894338986,552.1308209731751,1136.4640537386786,1.0081796293664569,0.548655496368039,1.129074969868666,1.7180957993450752,logt,2,true
z_alpha[14],-0.6335281947026948,0.34776848317543485,532.5008799577578,1032.0351980085568,1.0060073168649195,-1.203127804236306,-0.6331665114912475,-0.0743572487248861,logt,2,true
z_alpha[15],2.5331066409123624,0.44597442038282686,599.1399580463342,900.6594274750092,1.00326319985524,1.812202452672891,2.514911994396811,3.2807751203564712,logt,2,true
z_alpha[16],-1.1446071243163847,0.3730684011829019,625.4991008815268,1014.8013665432469,1.0090002264098183,-1.7753495554286298,-1.1334649904745864,-0.5473555341813809,logt,2,true
z_alpha[17],-0.1845271507781994,0.3724022271786672,655.9111920731962,1232.495996610231,1.0015154242825732,-0.7868929689530111,-0.18922529810535205,0.43946122988934494,logt,2,true
z_alpha[18],-0.1321807593823887,0.3436956629299134,656.7320396960813,1285.6489670615103,1.0104976701260868,-0.6911493978921526,-0.13381046861535315,0.43379241060124596,logt,2,true
z_alpha[19],0.4415377870946503,0.3477861994351835,604.0925119271276,1032.5113098381373,1.0025949144597819,-0.11870553069624677,0.4238721952592922,1.0254286780660027,logt,2,true
z_alpha[20],-0.40256773520328987,0.3442507844581338,668.0096925982707,1142.1397000165096,1.0069564658259402,-0.9709929227175496,-0.39100716034483013,0.15114309856449074,logt,2,true
z_alpha[21],-0.7216116862741531,0.3546541574883319,563.4624246284277,837.21589516432,1.0031023801348007,-1.31096421032994,-0.7160417282304563,-0.13888109089879228,logt,2,true
z_alpha[22],0.22240237523618736,0.3585931258256515,644.2095164876442,1303.7338249479412,1.0047267175365682,-0.3675887723583908,0.22413803406783117,0.8145990240594533,logt,2,true
z_alpha[23],0.5925418015331272,0.3248725811660306,389.999234401451,862.321498079233,1.0099746954258924,0.06364844758493954,0.5918603804880036,1.1230168010298884,logt,2,true
z_alpha[24],2.613921038838525,0.45862586245887493,585.00649111518,1150.1858604908523,1.0028837957203638,1.8634453626991099,2.601857015452358,3.380784001580376,logt,2,true
z_alpha[25],-0.3953376897869862,0.3426705277570624,472.4743659881948,874.8135934548434,1.0044807569950052,-0.9715560229056099,-0.38562439804556664,0.1637355828046332,logt,2,true
z_alpha[26],-2.17400683327202,0.41655198973870183,499.9151124838674,1087.9659046752442,1.006968102977622,-2.9009026759473047,-2.160998368321978,-1.505713737243724,logt,2,true
z_alpha[27],-0.9042032362158772,0.34824194396564645,486.03155175560477,1109.389398665236,1.0043860200111983,-1.4804717315475893,-0.9001068545058726,-0.34384405835599424,logt,2,true
z_alpha[28],-0.7315775199462494,0.34322721707250137,524.3719729792494,957.6453890590983,1.005259010480469,-1.305700428875128,-0.7272304274331278,-0.16548324170827242,logt,2,true
z_alpha[29],1.2334843007478489,0.350579096792243,557.0645296352551,1227.4724600162422,1.0066359084005734,0.6571609397665418,1.2313465241597958,1.819600391073297,logt,2,true
z_alpha[30],-0.4492587726113829,0.3391725158581251,511.72753194420727,1065.0995670378516,1.007280621074723,-1.0117145336116915,-0.44973217050403946,0.09889316979979333,logt,2,true
z_alpha[31],0.07299940289206876,0.32619610054478626,412.50405851613664,832.1910108244562,1.0072294340945669,-0.4621300754705424,0.07757631511739499,0.5895031770003138,logt,2,true
z_alpha[32],0.5462675091306319,0.33729548914627944,560.1522113175864,1174.0802955399915,1.0042569846541363,-0.0023656638070449496,0.5450195631169041,1.0990235661136942,logt,2,true
z_alpha[33],-0.10815791938978656,0.32404959535221733,431.5328836677274,1027.0687478546597,1.005832022459192,-0.651284759687944,-0.10440824915702453,0.4067707167181181,logt,2,true
z_alpha[34],-0.5314997691165676,0.3431710965459535,544.2508249297135,1022.4619832105279,1.0045753435842542,-1.1191655340486621,-0.5231817644375192,0.026091205885972482,logt,2,true
z_alpha[35],-0.4684753179478866,0.3343982488507421,602.629741341733,1047.5242078975575,1.0103035478324263,-1.0402805522707563,-0.45512583712807486,0.05593470869235592,logt,2,true
z_alpha[36],-1.0762108224165432,0.3786482355323217,579.4238197464723,868.036824102363,1.0030830978263214,-1.7024460038938978,-1.0742512146214875,-0.45897758353860774,logt,2,true
z_alpha[37],-0.8631434335314273,0.3474451854213831,618.333500919553,1143.3747859722484,1.0083164523382833,-1.4569121246790964,-0.8567728439964766,-0.3208379196815508,logt,2,true
z_alpha[38],-0.7004621715165048,0.37463363595227206,662.843706107953,1072.556472610989,1.0013607373383648,-1.3186654919794967,-0.6945089952801147,-0.08446431791147871,logt,2,true
z_beta[1],0.2368840301617357,0.328383633021535,457.5740003482746,824.2906142820473,1.014755992368892,-0.2947255088623996,0.2287609719002638,0.7872067153410701,logt,2,true
z_beta[2],-0.2407173470235533,0.3142679497888296,516.9395463425816,1062.0778291614638,1.0029889885687002,-0.7722270868880416,-0.23311026975492635,0.2561970326124798,logt,2,true
z_beta[3],1.1729628737285915,0.35289274921496394,482.448425483648,880.7243357479837,1.011071356317551,0.6309821398944083,1.1572334971130522,1.7698695938337374,logt,2,true
z_beta[4],0.21149844406832666,0.30799426172138783,568.5040577115183,1319.617363059551,1.0028088059754479,-0.299330559254746,0.21188005195541618,0.7069852439335447,logt,2,true
z_beta[5],-0.7422049492711771,0.33996750821539773,424.28278960959506,721.5477282398185,1.0172951000883945,-1.3005520546235714,-0.7488435464605325,-0.17825729050465047,logt,2,true
z_beta[6],0.26808237277671815,0.34729377261771577,478.64436401690983,1129.3467254485,1.004185452743011,-0.3013287893793143,0.26814629845012916,0.8394742942897757,logt,2,true
z_beta[7],-0.2086205642868184,0.3296636945971761,445.4893713295475,1064.8870963562974,1.005561848921232,-0.7525486327627382,-0.20919512235635657,0.33629631640967017,logt,2,true
z_beta[8],-0.5387388158288475,0.32869985125085105,607.3890439822744,1267.6129420493821,1.0019532301274368,-1.1060949188012268,-0.5282948975616868,-0.018424077368079453,logt,2,true
z_beta[9],0.057509391711218764,0.3305560212679998,452.51585757614026,785.1530259292335,1.0150715108165274,-0.4748327075784601,0.05119720118332367,0.6122570914259036,logt,2,true
z_beta[10],0.4272432952398565,0.3239133307571669,529.5763577561905,1153.975267905254,1.003182312350486,-0.10875529095565564,0.4271987755649964,0.9553470421213047,logt,2,true
z_beta[11],1.4114833034407135,0.3718237229423948,505.7871115605359,907.4053690735914,1.0111946057234251,0.8247192081825822,1.3923953689869055,2.046780307076822,logt,2,true
z_beta[12],0.5297162793581779,0.31421207629108755,573.9825706158676,1349.8355288621203,1.001573526649754,0.024930587487172022,0.5304563031553384,1.0522392972102022,logt,2,true
z_beta[13],-1.2546993678201661,0.3677376729739281,436.4304538061462,953.2752412605747,1.006098781414612,-1.8746286645647396,-1.2432537271866302,-0.6677843239801071,logt,2,true
z_beta[14],0.4274011057972216,0.3280511114384179,545.3244279355937,1038.3991426588852,1.0033618516872864,-0.10800754847995156,0.4234212079584454,0.9624129459169363,logt,2,true
z_beta[15],-0.6968421097682578,0.33408835951772164,609.0206414019698,1272.2906593698729,1.001787118001254,-1.2652461223043001,-0.6805372465157342,-0.16711431185694092,logt,2,true
z_beta[16],1.3453511807058949,0.3730143176451632,536.835759023786,1082.7519512910237,1.0056432038619534,0.7495605908022387,1.3414526314217108,1.9942748628046172,logt,2,true
z_beta[17],0.898280149389482,0.3370312277098594,624.9192118320171,1233.612635507954,1.001595624024315,0.3654967578205545,0.8932654782516882,1.4714669954980137,logt,2,true
z_beta[18],0.3474006580960955,0.33551551441547744,481.26872062578116,1156.8270845529987,1.0047822093680596,-0.21256627718765622,0.3439367489382049,0.8920155990606853,logt,2,true
z_beta[19],-0.1752349362436891,0.31844099081425087,645.5618574851952,1417.9958665412282,1.0014172944902675,-0.7162873903299742,-0.1708200528055807,0.34428090745205986,logt,2,true
z_beta[20],-0.4765988681618392,0.34302649037278393,427.9027330298533,1321.0828814087536,1.0061074342525878,-1.0331196858419012,-0.48080849341994036,0.07397006993661567,logt,2,true
z_beta[21],-0.2967154612059611,0.32736071543872947,644.5730263661192,1376.282298243613,1.0015302974119178,-0.8407220389635165,-0.2925828794504518,0.2200009741836555,logt,2,true
z_beta[22],-0.17678703337398738,0.3445518889273235,585.8407140708986,1290.6637957656553,1.003248591706799,-0.7522132566234527,-0.16963260532298635,0.38277214064563153,logt,2,true
z_beta[23],-1.7849125456849126,0.3888170969483231,417.02207982426114,644.9112533247509,1.0190278785305624,-2.426822475327312,-1.7889877032418653,-1.148373128264288,logt,2,true
z_beta[24],-3.118281763990525,0.4724824650948874,548.1025454116175,848.181156503815,1.0093513220488914,-3.9379956272823975,-3.1041532629204105,-2.35908813997188,logt,2,true
z_beta[25],0.5803162406508785,0.3338373926293372,466.9667722716439,882.4380258646069,1.012909539714621,0.04885258914019396,0.5721966968566208,1.1440757001987247,logt,2,true
z_beta[26],1.551272262592484,0.3773729327169517,556.9837986193947,938.8117464963406,1.004139715297352,0.9519949321081628,1.5357306463096805,2.1880289153680463,logt,2,true
z_beta[27],0.086966726282218,0.3259620198587431,442.1958869441732,823.5668337995501,1.0146258730717859,-0.43682310967568916,0.07823317527325721,0.622653081068091,logt,2,true
z_beta[28],0.7178291481331643,0.33586202465143566,545.8147500579555,1093.4863377463078,1.0030558086351118,0.16950042166458537,0.7127637313359296,1.2693022752754106,logt,2,true
z_beta[29],-1.4863652530292402,0.38149430080711344,420.33051918070845,838.6733879646193,1.0069281863573234,-2.138255646267804,-1.46981515530454,-0.888629677484483,logt,2,true
z_beta[30],0.3057525975133791,0.32538119301425433,548.9988279772115,1079.1048801185966,1.0023464368237978,-0.2288998913336298,0.29840991231355496,0.8332753687727528,logt,2,true
z_beta[31],-0.4541155473444933,0.3283477094929337,427.25140436141584,844.1218030209012,1.0170906918726401,-0.9815013746465806,-0.45829824929276697,0.08990489846428534,logt,2,true
z_beta[32],-0.41421709470258394,0.31565581386500546,534.6668415759274,1094.5859269895427,1.002795409067034,-0.947138097072672,-0.4083568228991268,0.09111296669129218,logt,2,true
z_beta[33],-0.057691381479835865,0.3332438596710237,436.741452573601,764.0332423937128,1.0180266082918774,-0.5964326383306868,-0.06462018098915645,0.5154649478392086,logt,2,true
z_beta[34],-0.8941658636539943,0.3366336254274208,577.8535394406076,1153.252443435156,1.0036658833586038,-1.4643829300169946,-0.8829193737084076,-0.3574139394600767,logt,2,true
z_beta[35],0.751652741738322,0.3399301236096879,474.79148296846216,1098.4752337495086,1.004591370644017,0.21138708957004554,0.7447884695696512,1.332507466053428,logt,2,true
z_beta[36],1.3217177460335596,0.345266642975753,622.5533393739383,1401.2876749339562,1.0032009227876235,0.7562992799346876,1.322332422122436,1.8906976810217413,logt,2,true
z_beta[37],0.43772202016920275,0.33636644384954445,444.71645877749586,1149.7437553326126,1.0049455942788708,-0.12150217821889714,0.43709172041705496,0.9903138331667992,logt,2,true
z_beta[38],0.034535750311272366,0.32313776813007195,635.1463519147434,1438.5717441559507,1.00137115394188,-0.5010838288866816,0.04162996608192586,0.5608482501374643,logt,2,true
noise.sigma,0.10730450656461454,0.0044871684834378546,1572.772346501839,2096.5004362697937,1.0016422239756713,0.09989686977551797,0.10724881392091846,0.11475593256571473,logt,2,true
noise.nu,6.886565656460279,1.6282886226439794,1413.5050417799441,1841.7997155266987,1.0018023950596269,4.79789073766615,6.634254736536386,9.806514499126289,logt,2,true
mu,0.2105918751910979,0.005808802456006813,3075.819395597101,2927.7558237402905,1.0004956899471436,0.20113463059988354,0.21065211296769115,0.22006683382046352,logt,3,true
gamma,0.17669175081146687,0.008246157367316147,2873.391048757653,2523.2651259849763,1.0007314263301574,0.1629799156482451,0.17678220233297925,0.18974780549373235,logt,3,true
sigma_alpha,0.13530449633752595,0.017508034244594066,688.8552159500825,1230.2814935242789,1.007062470772566,0.10997272791047762,0.13365891159989468,0.1668739857177201,logt,3,true
sigma_beta,0.14286690596045099,0.018049467492059632,612.7365580914709,1518.6875615716092,1.011382858143527,0.11582106887076954,0.14113828701303577,0.17518607718229515,logt,3,true
z_alpha[1],0.2210186851150195,0.3219943110421698,944.0906084230991,1807.5468493221806,1.0023854729736008,-0.31803981692511196,0.2245363235702093,0.7592602438971008,logt,3,true
z_alpha[2],0.22126960007636715,0.33289683193105224,977.0626058598657,1916.3204091901434,1.0019085259792762,-0.33537891305144174,0.22424631065037692,0.7724878648929022,logt,3,true
z_alpha[3],-0.7487122027002329,0.339571926397657,946.8241555422843,1544.9550691065615,1.0018124282872534,-1.309561878579998,-0.7445581704060984,-0.205732866537394,logt,3,true
z_alpha[4],0.28670331026606316,0.32590403410612023,859.2956952729146,1572.6422159562812,1.0019985990671048,-0.25802402956949255,0.2857073039424488,0.8237108209085813,logt,3,true
z_alpha[5],0.8107732309362958,0.3321428473905119,1003.3790109097025,1931.7995388016157,1.0031008438782716,0.26163740117154966,0.8078678077517937,1.3525605226214434,logt,3,true
z_alpha[6],-0.24188434810832057,0.3746116399985811,952.2983510334311,1168.6174423469397,1.0028667604834387,-0.8525458731660089,-0.24048220788166885,0.3722583857427069,logt,3,true
z_alpha[7],0.4138685267126727,0.3575017894683415,919.8424870707929,1419.0833980394427,1.0039158132257329,-0.1760894936139178,0.41648801993963325,1.0072893492493487,logt,3,true
z_alpha[8],0.8297137426737862,0.34390313190610183,892.549882393031,1428.3431569027036,1.0024866182042775,0.2652780406337037,0.8262381052502955,1.3978217540330111,logt,3,true
z_alpha[9],0.6841662416866879,0.33113510155016745,972.3267918173261,1852.9904005259175,1.003379989634665,0.14463784024201826,0.6905253865771592,1.2248479497786375,logt,3,true
z_alpha[10],-0.5761116684479294,0.33877320372823777,945.5419857125647,1795.421755581961,1.0030508111721907,-1.1316800340454878,-0.5708082045169051,-0.013420263899515285,logt,3,true
z_alpha[11],-0.11369480709022065,0.3385031337232698,1136.5028041263033,2041.1828901540598,1.000967996678773,-0.6747220177052693,-0.10768893116104836,0.43379854139812196,logt,3,true
z_alpha[12],0.07682451646145019,0.3378672695457299,860.2781675265709,1052.7773384010027,1.002555648634239,-0.4671926792513017,0.07813712362779653,0.6223567026215135,logt,3,true
z_alpha[13],1.114741081327004,0.37903873302351593,925.9141853000268,1236.0135008051584,1.005392463642649,0.49916737219892077,1.11081872786436,1.7525936595010214,logt,3,true
z_alpha[14],-0.6559893988830456,0.33729571719339807,972.086347549746,1769.570633821448,1.0023093697371495,-1.2084271660924588,-0.6541015710904765,-0.0955447124973658,logt,3,true
z_alpha[15],2.6304540775175034,0.44374453561829996,794.283090233874,1611.8738137801658,1.0039988378681777,1.9302319585151948,2.6265672368025132,3.3783808834100886,logt,3,true
z_alpha[16],-1.1094197019465377,0.37365379409222144,894.5103898617593,1236.4212805857705,1.005409185898402,-1.7290462541053266,-1.1013577840111064,-0.5072041059231015,logt,3,true
z_alpha[17],-0.3558370585853054,0.35252508741020033,974.627446165233,1840.6271195550926,1.0014855310954702,-0.9352841982217451,-0.35007063520587434,0.2212488183710797,logt,3,true
z_alpha[18],-0.21933980188926386,0.3548377666324019,969.7944972918817,1397.1619421347873,1.003628662843856,-0.804924213291841,-0.21961119924931338,0.3684657074394767,logt,3,true
z_alpha[19],0.4635101280829332,0.34458014149273813,870.4075032694459,1240.497816810429,1.0023931836938118,-0.11316835700814933,0.4625693056828534,1.0187892911401077,logt,3,true
z_alpha[20],-0.1885090644938976,0.3592875730021759,967.0424654275055,1359.7585733978299,1.0018530695856578,-0.7870270843618855,-0.19048142059176104,0.40494021347138676,logt,3,true
z_alpha[21],-0.7925146920001492,0.3524425673533658,870.4874902341215,1078.5428176335706,1.002823867234871,-1.3753222731013777,-0.7779600956895036,-0.22619760108790377,logt,3,true
z_alpha[22],0.3356723383046299,0.3494339871879548,1041.2479925702803,1846.5384813616743,1.0013164857402976,-0.23613668684205966,0.33202377422683566,0.921721837879007,logt,3,true
z_alpha[23],0.6089199612889096,0.3268530514525519,993.1299667189438,1832.497493021523,1.0029777911323463,0.07321120123881937,0.6139094479596122,1.1439535921744002,logt,3,true
z_alpha[24],2.668728385615261,0.4645799316160475,843.632903102229,1476.7336875459416,1.0046178757811055,1.9248096147297156,2.6551723226792303,3.4279285548634277,logt,3,true
z_alpha[25],-0.385556942896852,0.3339649985830354,964.2694599011803,1642.6661389477679,1.0020136169585854,-0.9453807184324966,-0.3842949939133067,0.155041897344373,logt,3,true
z_alpha[26],-2.0949126747948084,0.40205443749920367,836.6051538845078,1875.6985821607573,1.0037654322777103,-2.7600021039002423,-2.0958163072213454,-1.4447546688827178,logt,3,true
z_alpha[27],-0.8941174663764404,0.34365460571326073,909.8933973667174,1584.2366727764177,1.0020327021797146,-1.4685869356752235,-0.890359424786542,-0.34166716064048125,logt,3,true
z_alpha[28],-0.7683184023386314,0.34360634769792886,917.0313219231748,1882.6457449457837,1.0024820460476518,-1.3243604304682481,-0.76830233871183,-0.19668021621402768,logt,3,true
z_alpha[29],1.1619599888052679,0.3842359336454437,892.841098948964,1242.3713746941587,1.005208595026316,0.548727934591274,1.1528024402001793,1.8004157126887623,logt,3,true
z_alpha[30],-0.48758694645177736,0.33700194590290655,963.6540945059769,2040.1975525233586,1.0018424777218211,-1.0493600540133965,-0.48140863493611996,0.0652459174452768,logt,3,true
z_alpha[31],0.19087025265426485,0.31947313649759523,961.7536972826582,1781.6241228134802,1.003000392830949,-0.3460605644279455,0.19126056958101623,0.7191575114771708,logt,3,true
z_alpha[32],0.5773231631073737,0.34301496651407937,1012.8882002066578,1813.2986572301645,1.0016503599527473,0.022367211301993928,0.5716463518163943,1.152713916774079,logt,3,true
z_alpha[33],-0.0827463098569094,0.3258553449653949,1051.0118436318203,1802.1753378362782,1.0025104800948315,-0.62556804590815,-0.0738004396384398,0.43655026117054363,logt,3,true
z_alpha[34],-0.46752729574929563,0.32932283795220313,975.9302215049985,1682.4629813081838,1.0017648716813752,-1.0101236578695758,-0.4686965841782388,0.07403685518837437,logt,3,true
z_alpha[35],-0.4527515744536284,0.35516503557576207,904.1659689589995,1258.7234574658264,1.0022535952599898,-1.047334053081373,-0.4481849248885751,0.13859432776704367,logt,3,true
z_alpha[36],-1.1086667490071618,0.3700867155103917,847.7004693576309,1315.9258404162285,1.0024085491538264,-1.7348968584266236,-1.098764454042192,-0.5096510495330356,logt,3,true
z_alpha[37],-0.8745859393591666,0.3628029560878993,886.4967709558964,1289.1036165745634,1.0020534798426153,-1.472027239775378,-0.867598370499946,-0.2886135345730358,logt,3,true
z_alpha[38],-0.6967691732387655,0.36366052700225576,927.1798218913573,1626.5794353223287,1.003347917740815,-1.3078089963919401,-0.6861579560512947,-0.11381890558981636,logt,3,true
z_beta[1],0.18497181033064203,0.31893014837380324,1048.894112322461,1429.898407300911,1.0034946395592315,-0.3367956036713333,0.18716588434976633,0.7206619144550793,logt,3,true
z_beta[2],-0.23321908587550566,0.31253773174847543,774.9957087818445,1326.065099604602,1.0017121148335746,-0.7548277383937656,-0.22821131089352145,0.26166666623101953,logt,3,true
z_beta[3],1.0187978664799686,0.3337171776297232,949.3933762103303,1434.8292209779815,1.0047033006447692,0.48304086578285566,1.0191160899829186,1.571691677235548,logt,3,true
z_beta[4],0.29556833627786205,0.32343388131191114,843.4667070136854,1620.2971959738863,1.0032026468591095,-0.2358859679256736,0.29532983963942105,0.8201340907475462,logt,3,true
z_beta[5],-0.7713706242984567,0.33150509337192663,1008.0875444771973,1726.6507641165797,1.0036186662134918,-1.3187978458119443,-0.7625884425951679,-0.2345055348678233,logt,3,true
z_beta[6],0.19854743274340814,0.3541247081547045,978.0822584611012,1845.4237499195694,1.0006484008489926,-0.3962918660979006,0.1971187562913913,0.7607570470155315,logt,3,true
z_beta[7],-0.2127674252488986,0.35181838323824155,916.4986702441321,1241.5274255424183,1.0010412993840163,-0.8001133363713955,-0.20534100343339198,0.3619958817669955,logt,3,true
z_beta[8],-0.3915602287192364,0.3282062059836498,820.1364246563267,1735.0700291866044,1.0038591854182033,-0.9190096392963519,-0.39201499050869865,0.1443185957091373,logt,3,true
z_beta[9],0.1566133102188348,0.32405338466662287,1059.8430507605156,1594.0065708974143,1.0032099755588322,-0.36374238399667236,0.15612086198539454,0.6984801547612354,logt,3,true
z_beta[10],0.43374228888967503,0.3181168880789128,843.7144441272103,1610.396310214326,1.000943231572806,-0.08072873797890967,0.43335088473806316,0.9608962349630435,logt,3,true
z_beta[11],1.4029281849753674,0.3670875030228813,1012.0193929814776,1695.2182184900994,1.0047879402900106,0.8016672772857395,1.3956106948407156,2.0187096185072826,logt,3,true
z_beta[12],0.5001038470358551,0.3266135500101109,797.7549033156951,1279.8728346509974,1.0048642038387634,-0.029032644328795,0.4923113140155334,1.0383406343435608,logt,3,true
z_beta[13],-1.3347459928123668,0.37269561520768385,777.6823809802489,1568.5642702214927,1.0025247775804573,-1.962357567077938,-1.3248215956011413,-0.7423449506556712,logt,3,true
z_beta[14],0.5023810404240807,0.31405990014642343,777.7929958890037,1492.9179810869232,1.0014204882960034,-0.007725259788343305,0.496641167399544,1.0233178502795848,logt,3,true
z_beta[15],-0.6914282130805802,0.33390869169371196,783.1573794222959,1241.4741869061852,1.0044926378664938,-1.2463180834339722,-0.6836629138153839,-0.15320400878377374,logt,3,true
z_beta[16],1.2755821829771579,0.3813567073834888,966.2044607889463,1737.1636525019678,1.0023057359734682,0.6385661947833431,1.268904350491585,1.915879585698286,logt,3,true
z_beta[17],0.988568787333975,0.3425756408525353,887.8241791518058,1661.9683593723546,1.0023512662002558,0.43648328137688286,0.9833485041197425,1.5668144182381765,logt,3,true
z_beta[18],0.2956669069340398,0.35183164316181953,897.8390011884004,1660.274879707928,1.0015123719813768,-0.27933677845149946,0.299638010082634,0.8788297795730641,logt,3,true
z_beta[19],-0.17424454246826465,0.3270509735045351,852.5685340122335,1690.4600168335824,1.0045237103955684,-0.717664140524223,-0.17159025385195575,0.35843232859029545,logt,3,true
z_beta[20],-0.6120975914522003,0.36134090767240146,960.6933168147291,1442.3014257810883,1.0017866251926801,-1.2018048508094943,-0.6164429621302941,-0.01079811025289441,logt,3,true
z_beta[21],-0.4772578670658194,0.3439216030435826,839.3742278559203,1759.5220940645377,1.0036107351132126,-1.054878731381105,-0.47243537127343016,0.0745612252420618,logt,3,true
z_beta[22],-0.20567310333093472,0.33026280439815503,882.5655512614462,1499.1079257795352,1.00396403402509,-0.7516172238123693,-0.20050725983361753,0.3342977515922724,logt,3,true
z_beta[23],-1.7862434032531582,0.3813667082382256,954.3462393126769,1646.5944453885727,1.007661851616366,-2.4229993979558127,-1.7862760328487335,-1.167632494095681,logt,3,true
z_beta[24],-3.154787471719489,0.47556144620340607,596.3824604879524,1311.5995770441534,1.007020786541148,-3.9562456751100026,-3.14984951925078,-2.3932833913811447,logt,3,true
z_beta[25],0.5193539973468907,0.32539993825630215,1051.4302850373658,1646.6602730567392,1.0039723457876233,-0.008367265366041937,0.5165006752513343,1.0467094217367638,logt,3,true
z_beta[26],1.518776603438966,0.3677698029411575,806.8335650435748,1529.7756420788921,1.0030354581319385,0.9390375640629475,1.5124495309790382,2.145975797469675,logt,3,true
z_beta[27],0.05748035020406035,0.31593681955033764,1041.773783744249,1777.3046132651566,1.0039950278204242,-0.47223949038673513,0.06028723902043698,0.5742802450704247,logt,3,true
z_beta[28],0.6945467400222005,0.3302744314298166,837.6640813147695,1378.568174854356,1.0014214940986417,0.15777616865615954,0.6937300018156127,1.2501306895459978,logt,3,true
z_beta[29],-1.4026365614417604,0.38141559288527405,866.5669565049627,1400.3061771248326,1.0028351416333146,-2.033862989095833,-1.3961474802116667,-0.7923249730824738,logt,3,true
z_beta[30],0.2871228079044533,0.3200449960167819,798.2611900750289,1435.4915345726943,1.0020474258448706,-0.23595428247935993,0.2903150860841257,0.822478119792842,logt,3,true
z_beta[31],-0.5077146000974655,0.32711007380299495,995.2292977496485,1930.1672833481475,1.0041750550892443,-1.0413192514107494,-0.5087777116329038,0.03368655593263688,logt,3,true
z_beta[32],-0.5022378472310332,0.32509539758237427,837.310026917754,1449.7615905198754,1.0024345418861706,-1.0330979369725701,-0.4969173054025876,0.016361433524648042,logt,3,true
z_beta[33],-0.043186294127888075,0.3254583481333754,1124.692327600916,1610.12971154915,1.0038945959216392,-0.5765495360911194,-0.04542210938306765,0.4984562717416673,logt,3,true
z_beta[34],-0.9213532677013992,0.3284873739702661,773.3489014854124,1286.645439385162,1.0021978227939072,-1.4765572281288941,-0.9140133862750568,-0.4014337302887514,logt,3,true
z_beta[35],0.7167810534804165,0.3539492808714412,876.770720784199,1211.7312250620812,1.0014475310712616,0.1405229873271848,0.7111421884502609,1.3085111608626712,logt,3,true
z_beta[36],1.3761644463887144,0.35623234251192143,843.27798335249,1413.568748934558,1.0050210917072369,0.8095107372919281,1.3741627508228127,1.9637972033765827,logt,3,true
z_beta[37],0.4727672486817568,0.34133353639202085,852.5427384765508,1915.4523164726654,1.0016849709760587,-0.0797651629050583,0.4681200025494131,1.0300334070454875,logt,3,true
z_beta[38],0.1590127030721766,0.3160855118778186,775.816917836444,1533.5164143283935,1.0037686580843452,-0.35335214488815486,0.15515625851549203,0.6894899184913722,logt,3,true
noise.sigma,0.10959281482369307,0.004516315042725229,2494.342305534843,2716.5588746537856,1.0005313257034527,0.10212939634254074,0.10951956816414815,0.11702178696855371,logt,3,true
noise.nu,7.353422457632747,1.8516152810811395,2562.272794886747,2415.12448246525,1.0008077185158795,5.027587795970042,7.018530294560216,10.604052700637686,logt,3,true
mu,0.212497727414228,0.005924524852675497,2430.8932795346936,2803.45358113569,1.0012528992537288,0.20266826701502838,0.21256342919560672,0.22191573018253016,logt,4,true
gamma,0.1745413092152885,0.008141638820399977,2275.0828822460444,2589.8190133117478,1.0020352697259591,0.161337753230369,0.17449853018434813,0.18823861328210856,logt,4,true
sigma_alpha,0.13551559301741525,0.01754638153348158,760.6264275892289,1107.205351185366,1.001929697384088,0.10975836691411814,0.13394114039200455,0.16609565437209303,logt,4,true
sigma_beta,0.1434285250105392,0.018771822424922167,654.980605842002,1345.3839367702994,1.0020679436148432,0.1153815348134783,0.1420111995848215,0.17671627379174856,logt,4,true
z_alpha[1],0.1883649500729314,0.32670416653121515,679.8433422509594,1438.8937076701695,1.002263171628636,-0.33190059279343315,0.18366296810929705,0.7308584332638285,logt,4,true
z_alpha[2],0.207043665278345,0.3350450249446816,718.1657033867746,1208.4208682727294,1.0061358772477609,-0.33383608242789486,0.212138767537431,0.7437545716204733,logt,4,true
z_alpha[3],-0.6682613454149497,0.3348277073396948,705.4082139783089,1327.2807197977113,1.0013445165076003,-1.233892166278188,-0.669530513257073,-0.1190966669607672,logt,4,true
z_alpha[4],0.33046032250500323,0.33511823484628145,584.2317170043706,1392.854107229107,1.0124407086153475,-0.22304345140206472,0.32947222994544534,0.8919082888571903,logt,4,true
z_alpha[5],0.8039782764518679,0.3284870815257515,612.5045108181347,1321.5511823462025,1.0033144751862149,0.2815550587043775,0.8010087739711633,1.3415812082690726,logt,4,true
z_alpha[6],-0.344213080023962,0.3720649836992059,756.1999292281293,1160.6579330345503,1.0032568435489613,-0.962725171192924,-0.33995889997955303,0.26418632901609923,logt,4,true
z_alpha[7],0.5061540608375054,0.3441550942703145,658.16465981282,1296.26313388738,1.0043811487394207,-0.04938750229174106,0.49796709235248865,1.087113206857168,logt,4,true
z_alpha[8],0.8355316165678971,0.34569318671720484,591.8345496457904,1353.5287018962727,1.008259087352888,0.27405955913716923,0.8238942422080822,1.4080238153795994,logt,4,true
z_alpha[9],0.6687042802411,0.3330317747341263,683.6037678224868,1457.9269595894452,1.0030416801238293,0.12243249921724873,0.6663196360925865,1.21706994435909,logt,4,true
z_alpha[10],-0.6065329572671567,0.329039246935603,681.6979543027928,1458.5736203628762,1.0087872360901404,-1.1514501423804058,-0.5990108738091232,-0.08581847832596397,logt,4,true
z_alpha[11],-0.058069693894485346,0.3436986886677469,779.6055381883393,1566.2820720141913,1.0020219554461294,-0.6163847462132939,-0.060768043847825165,0.5182248957599033,logt,4,true
z_alpha[12],0.05721657518797205,0.34342586907121025,475.6784325463944,1315.775482876457,1.0144861105280776,-0.5135514102415422,0.06232958045570974,0.6265243322674624,logt,4,true
z_alpha[13],1.0312470582512947,0.3661637839934192,641.6821881455719,1303.0546095931222,1.0051967512287112,0.44624544021560164,1.020463542398916,1.643897787269068,logt,4,true
z_alpha[14],-0.7340302676786362,0.35252198290691855,727.2488164462578,1393.3191815492119,1.0079129817270507,-1.3272336484733311,-0.7222879108569009,-0.160805440643698,logt,4,true
z_alpha[15],2.5803610886302586,0.44711186450464796,819.7086007807677,1136.2332865687335,1.0050999383350272,1.8551770872765025,2.5788023145309924,3.317693012736368,logt,4,true
z_alpha[16],-1.2762114893769687,0.38916062216250136,666.4320734035158,1282.4159735548744,1.0046142420138513,-1.92035297765417,-1.2728625757364023,-0.6407761811269739,logt,4,true
z_alpha[17],-0.3268595818045205,0.3649553458379959,575.1821609237219,1389.6597905281992,1.0112666887429882,-0.9216004164098949,-0.3237644785046776,0.27116985274483585,logt,4,true
z_alpha[18],-0.06693776937139506,0.35383780243753976,643.7321972638996,1444.2848117895974,1.004347800982984,-0.6309291218293208,-0.07416803868658778,0.5324895367146047,logt,4,true
z_alpha[19],0.4626927467193175,0.34399001249272243,567.2694697350818,1275.3369989880619,1.0116598215078385,-0.10002553802059491,0.45748105807025763,1.0302301482269163,logt,4,true
z_alpha[20],-0.37240683336046865,0.3561907444374099,697.087634511162,1276.4669871356948,1.0027505232568084,-0.9481303832055165,-0.3821104356299322,0.23295760548321756,logt,4,true
z_alpha[21],-0.7426062700231015,0.35841536761810505,499.17032075747125,1266.1196431160388,1.0132342818143008,-1.3429976682208664,-0.7388102116753245,-0.1597531099112204,logt,4,true
z_alpha[22],0.3375340391357823,0.36381792797058965,796.6941553919569,1357.7719244066873,1.0054103348992904,-0.2714399454563567,0.33954984739949445,0.9300676033661558,logt,4,true
z_alpha[23],0.5447527308453746,0.32579182220154057,629.5975362025544,1549.7093554727571,1.0035739045737324,0.017134545071828978,0.5454531141612775,1.0784627196484171,logt,4,true
z_alpha[24],2.6789516693657953,0.4786787271575342,699.2667414927674,1048.5610885615727,1.00306841627469,1.8988321757541704,2.678632306972687,3.4539963572166643,logt,4,true
z_alpha[25],-0.4359704662216172,0.33856887255799734,685.8693517391171,1460.6986425198038,1.0016018501362587,-1.0063089432927879,-0.43516208817840385,0.11526950218705286,logt,4,true
z_alpha[26],-2.1758236188823767,0.4031684960002584,646.1977140100821,1328.0285845519672,1.0076982161114332,-2.853567417773517,-2.16195772660829,-1.5424133546077345,logt,4,true
z_alpha[27],-0.8978134254300381,0.3460524368749454,646.8656818857432,1302.5946426250387,1.002040293740244,-1.4739654067104602,-0.896181317009156,-0.3249815482169587,logt,4,true
z_alpha[28],-0.738681236737317,0.34556518676641057,720.6062104820094,1327.5117341955743,1.0078747667113785,-1.3149735975779353,-0.7275463651592393,-0.18175417437942257,logt,4,true
z_alpha[29],1.215179558648987,0.3807978011411842,672.1221015081222,1246.7201816780962,1.003715228866272,0.5941110336728576,1.2040305651227903,1.8633254989374741,logt,4,true
z_alpha[30],-0.5873406095877947,0.3347194940029676,706.5473835189547,1447.2843659534121,1.0069540352960438,-1.150660024968154,-0.5808958750123234,-0.04332848992701511,logt,4,true
z_alpha[31],0.1312483668574086,0.3381508402674746,719.2746233352188,1522.6419010416682,1.0018683669776436,-0.42212710878572457,0.13940178735761627,0.6784599288086416,logt,4,true
z_alpha[32],0.5052691181375193,0.3435872280729947,701.345596413295,1107.198459959482,1.0061062149170292,-0.063149957955337,0.5108773529283929,1.0615937461890168,logt,4,true
z_alpha[33],-0.10728290079803791,0.32507973204677715,691.6633406556064,1273.714767533342,1.0017360102262267,-0.6419277778887762,-0.10084736891351809,0.41934170907078594,logt,4,true
z_alpha[34],-0.451529227999726,0.33205670578857016,673.6647959410504,1241.7217421955363,1.0084164358169718,-1.0068041981420222,-0.4452582252820171,0.08543373686416404,logt,4,true
z_alpha[35],-0.37468816106707914,0.35474759393861305,660.2000947475241,1322.2189727417872,1.0023844513193407,-0.9537701600294596,-0.3791601292889262,0.22145280424181382,logt,4,true
z_alpha[36],-1.140004022002696,0.3752887716013145,479.89733208998194,1091.2338721143908,1.0134498738336148,-1.7587943061131253,-1.1332555041146046,-0.5305738148143867,logt,4,true
z_alpha[37],-0.7539834710276655,0.36429164952998594,624.1439565947416,1281.0767017193727,1.0030477251168721,-1.345352633391366,-0.7546820012888087,-0.1581774484056951,logt,4,true
z_alpha[38],-0.6884260517612645,0.3658568419009411,498.8478827594305,1154.9745552817412,1.0119056817215075,-1.2836391834750533,-0.6861993872079969,-0.08545528511093661,logt,4,true
z_beta[1],0.2629392731347931,0.3109120232196169,772.4630816066024,1322.6765116334607,1.0041885283897733,-0.2390713204004803,0.25575943454785904,0.7786301024079075,logt,4,true
z_beta[2],-0.18084497271831726,0.33234418469095967,572.7678757638496,876.1599026760609,1.0089227296002823,-0.7263982788831216,-0.16837251437398784,0.34909889644841513,logt,4,true
z_beta[3],0.968521206014547,0.3211698689051087,701.1566919718002,1313.133502047917,1.005448925993943,0.44333334183659806,0.9574264777893405,1.5116639452388927,logt,4,true
z_beta[4],0.32980496399208503,0.3248410892004691,740.3086981006512,1335.2438203910524,1.00420492120111,-0.21086122946897523,0.32925472279094703,0.8681596179561332,logt,4,true
z_beta[5],-0.7990811608251702,0.3165485782924782,730.1239416084877,997.735632177707,1.0054827791091807,-1.3272583642272815,-0.7971809404545613,-0.2841222226985119,logt,4,true
z_beta[6],0.2968468384904167,0.356445557533901,906.2978782004526,1552.276217310384,1.0014714825415276,-0.2817336529261104,0.2927192149226121,0.8988792160449193,logt,4,true
z_beta[7],-0.3727607816431226,0.3342632285093078,793.0981114354261,1295.7820119773407,1.0012496128636574,-0.925489211920682,-0.37629371329021166,0.17688672647715564,logt,4,true
z_beta[8],-0.4940259718433113,0.3374943082509748,696.7857439904163,1339.7770023012783,1.007637522925884,-1.0778317046626649,-0.48753113552101945,0.05460178553822473,logt,4,true
z_beta[9],-0.01649569215553656,0.31076697354792204,799.8491048659363,1404.6155415245241,1.003769795620746,-0.5361558157154612,-0.020193426340604413,0.49746356073265097,logt,4,true
z_beta[10],0.4518813184653724,0.3346935164903663,584.4158890168926,813.8465529482863,1.009169842966027,-0.11033345553504897,0.4595358081776012,0.9978717295885839,logt,4,true
z_beta[11],1.4361833644508766,0.3636213020628308,778.3950216964856,1378.3123056513837,1.004116253208834,0.8549373985463404,1.4289349158771167,2.058993555814789,logt,4,true
z_beta[12],0.4851170483515182,0.32839731599546534,752.6789844675768,1293.7883302351436,1.0042127361401822,-0.06567009090765005,0.4909040190861624,1.0205275382006005,logt,4,true
z_beta[13],-1.3700739768866497,0.37934569158222997,751.4596861653781,1172.3609277638766,1.0025741221376314,-2.0224909371218103,-1.359691287922756,-0.77137772656649,logt,4,true
z_beta[14],0.4126937445475384,0.34075508124537957,597.390413530828,930.750363546119,1.0094308213441598,-0.16011416705842924,0.41757808076868674,0.973466522546087,logt,4,true
z_beta[15],-0.6883100254610127,0.34493546091103655,685.7401252826273,1423.9479965244689,1.006250952244086,-1.26044077881961,-0.6820240545913803,-0.13084624538891357,logt,4,true
z_beta[16],1.3929821777403106,0.37732951185894126,896.5259673225947,1544.9297970517712,1.0018530090250044,0.8086275086128494,1.3815796642196694,2.020246371489287,logt,4,true
z_beta[17],0.9214511639895532,0.348075792010207,812.9728143443663,1486.5885689566774,1.005524469509052,0.33722698863771566,0.924585363776103,1.492902138873701,logt,4,true
z_beta[18],0.3632868331687295,0.3450546289410615,903.8315721590893,1553.42678396607,1.0004550062926292,-0.2116364396061961,0.36394937337235955,0.9307000422721216,logt,4,true
z_beta[19],-0.1949736989260719,0.3355839018899056,718.7215909356602,1525.9516956129487,1.0048770540732863,-0.7560756454909944,-0.18857037476533256,0.3311298627076011,logt,4,true
z_beta[20],-0.5708941463692443,0.35166576078511386,813.5905153706494,1392.5835374340647,1.0014309947377835,-1.1413047695891634,-0.566365782324472,-0.005748250601392228,logt,4,true
z_beta[21],-0.31569226078427576,0.3406243812846938,721.6273750503495,1519.316595516794,1.005526829534076,-0.8853120170583114,-0.3072104473562344,0.23030477505962746,logt,4,true
z_beta[22],-0.30253145578921514,0.3581756468531336,684.6400245965966,1033.829833286126,1.0075361766295317,-0.879081253833348,-0.2996356473391713,0.2798857127612126,logt,4,true
z_beta[23],-1.7963425347404245,0.3745281879871935,704.5962029159087,910.7081032739492,1.004545290121832,-2.4383301160188577,-1.7851023656862157,-1.2052485289304773,logt,4,true
z_beta[24],-3.152820778018621,0.5033961165283907,699.8107995273045,1008.9204552624271,1.0042766894179735,-3.9978777146424327,-3.1369850790313363,-2.3200110553332793,logt,4,true
z_beta[25],0.5153913920674633,0.3113887458594235,742.1010235872142,1326.1839413102696,1.0044964603702975,-0.004639198082201739,0.514456335306535,1.0182373904620872,logt,4,true
z_beta[26],1.5226986240828169,0.3836889434149643,555.0399184141479,1197.7013299168477,1.0083270175610841,0.8878516246706508,1.5245497752525683,2.157573889797018,logt,4,true
z_beta[27],0.06986042472645687,0.3042503278091006,722.976707793236,1154.0607116326175,1.0052751054318352,-0.4342998614060959,0.0741385975577714,0.5691968581577681,logt,4,true
z_beta[28],0.7710808961276947,0.35708778935265234,619.7424649430361,976.9551548421373,1.0086619488971544,0.1798728353841471,0.7776991229289996,1.342798436386296,logt,4,true
z_beta[29],-1.3571863770288732,0.38472191285037627,779.4426179624393,1349.4309836903326,1.0017713067124991,-1.9942587296051888,-1.3510950792119945,-0.729719496319201,logt,4,true
z_beta[30],0.38732867633995294,0.34195981879603393,569.6633370242279,859.2097150998692,1.0094077972566933,-0.1744354897844587,0.39410616954537525,0.9481842806755051,logt,4,true
z_beta[31],-0.2921489562749585,0.31985875991694934,829.6416736615399,1289.336690244212,1.0046964828385816,-0.8162089482805971,-0.2892798216298897,0.23097118381687964,logt,4,true
z_beta[32],-0.36068748667438144,0.32783128448630144,613.0871782803912,857.0586200834609,1.0108832700607762,-0.9002035274659095,-0.3521134703062385,0.18352343467996454,logt,4,true
z_beta[33],-0.04651152969608188,0.3195180722024638,802.0882137860649,1342.708213486627,1.003572838575927,-0.5812300464124497,-0.04397150653761919,0.47707177289805525,logt,4,true
z_beta[34],-1.0024350614227167,0.36058302924099067,682.9804737580217,1014.3753996430469,1.0077111618780603,-1.6012922461071075,-1.0007873710440562,-0.42010206767026176,logt,4,true
z_beta[35],0.6673487288223519,0.3418676407952826,847.9808365209291,1506.8218258516783,1.0011455660218855,0.12485966137056573,0.660754501428803,1.2391343211743078,logt,4,true
z_beta[36],1.3731220366077936,0.3617371911118317,750.5803950113996,1469.2380380225975,1.0037499273303878,0.7859304884434944,1.371663572574711,1.9772618023811865,logt,4,true
z_beta[37],0.44298509055316604,0.3348036528369303,801.8779118658864,1408.468904584529,1.0012265123960007,-0.09410968404541879,0.4465188436235419,0.9922917108390112,logt,4,true
z_beta[38],0.0866398980786379,0.3284287569925041,752.9348583253183,1498.399989366286,1.004614266005922,-0.4589780116849817,0.09045296105654786,0.6327271767081724,logt,4,true
noise.sigma,0.10845169730455576,0.004624461284576506,1847.5182653567606,2391.316080652972,1.001361426523445,0.10074154654160876,0.10835505477125526,0.11601231493603166,logt,4,true
noise.nu,7.044689596093755,1.7357665653787413,1799.0368902151522,2073.6761932288887,1.000957873828947,4.8169962375195166,6.760263133319411,10.347693537022362,logt,4,true
mu,0.20875331883902246,0.005883811741754017,2592.8785216301835,3037.732684354268,1.0003924203639274,0.19913722031805317,0.20879362415988095,0.21832259510077126,logt,5,true
gamma,0.17957383939090296,0.008260818532173968,2464.5038959242397,2674.552017278884,1.00062176982204,0.16618915490326652,0.1796171090244557,0.19313839794104098,logt,5,true
sigma_alpha,0.13552646836164223,0.017973598450849945,735.5622288721336,1017.341754889455,1.002759290020554,0.10965779629697874,0.13364829575772147,0.167133306369834,logt,5,true
sigma_beta,0.14566450017602725,0.018824876338711667,839.9181016556072,1473.9917007887234,1.002476991923455,0.11895271165627914,0.14319127466534798,0.17981317878864392,logt,5,true
z_alpha[1],0.24456842385359978,0.3261769071987869,599.6947863010249,1670.2796851239257,1.0058234115197267,-0.3050358725397144,0.24414745757976206,0.7876265151330895,logt,5,true
z_alpha[2],0.16198632075422223,0.3379343039153501,936.4850920834202,1419.1527039966306,1.0058788351666699,-0.4017085036555278,0.1570653283933528,0.7149034744326579,logt,5,true
z_alpha[3],-0.7067929173980776,0.34195779209150234,562.0322933466744,1225.9025402119696,1.003094082791626,-1.2697391183998992,-0.6978785867458398,-0.1377035322631086,logt,5,true
z_alpha[4],0.3017374099902303,0.33916264154013526,803.953693752132,1497.1728120064884,1.0015214168318187,-0.24797773401185633,0.291254649104677,0.8763408696139897,logt,5,true
z_alpha[5],0.8254284672462174,0.3293030841719726,622.24237466607,1573.8099588353311,1.006349610617688,0.28917419442698555,0.8215121716352014,1.363995338586965,logt,5,true
z_alpha[6],-0.35621926052303315,0.3636774351902486,809.0464000915574,1650.755758525131,1.0087670097738044,-0.9612098959314325,-0.36274753346525973,0.2535502002615288,logt,5,true
z_alpha[7],0.5669767433052898,0.3517444035536485,730.48948442074,1285.2757409743908,1.0105509559786476,-0.010079644490783348,0.5649507758443423,1.155402859138766,logt,5,true
z_alpha[8],0.8601809492264032,0.3500187371009823,809.5312191627338,1423.615547928279,1.0012614381074336,0.2920931038281562,0.8519554872222055,1.4429620130154601,logt,5,true
z_alpha[9],0.7050406523558782,0.33101154829242424,647.9836093587503,1628.9231507262089,1.0057327470975164,0.17037480892747575,0.7025170524323987,1.2528964545470382,logt,5,true
z_alpha[10],-0.5827979735973534,0.33046996480641877,834.0459914155789,1517.3249494324784,1.0050173705854586,-1.1126775523498587,-0.5829291583184713,-0.03330421657116006,logt,5,true
z_alpha[11],-0.11747786430854962,0.33661372989693183,613.2333550515408,1437.9080015173158,1.0055418451081621,-0.6637874301907732,-0.1222724366451436,0.4318216359528215,logt,5,true
z_alpha[12],0.0920829715325558,0.3394900366749086,864.5750122973404,1326.859620644951,1.0032059182583823,-0.44894703315493045,0.08530018931577747,0.6621633576053916,logt,5,true
z_alpha[13],1.051575739922148,0.3646822518336608,671.5266102824005,1380.9853419094973,1.0132181532599154,0.46205220135582853,1.0407284519537148,1.6684916753479164,logt,5,true
z_alpha[14],-0.7215339761063733,0.34440401532763043,842.475453885348,1551.6401563920265,1.004855697466409,-1.2878724109127897,-0.7170032178744193,-0.1651686399940934,logt,5,true
z_alpha[15],2.5172140999474903,0.4484182126178001,698.2347416744254,1131.8767144304713,1.0011549380732376,1.805427277223428,2.503293648099569,3.2723435047844633,logt,5,true
z_alpha[16],-1.1199687656090467,0.3697275394081702,806.9090889703645,1563.9490896617274,1.0056282321094834,-1.7636311205936048,-1.1106884368048413,-0.531570181190361,logt,5,true
z_alpha[17],-0.33217118868803347,0.3662328051431207,1046.0010897200336,1741.2677456079819,1.002778627907637,-0.9370305939783778,-0.33374025390732165,0.2756649311032702,logt,5,true
z_alpha[18],-0.14531102145551547,0.34781665940308815,814.5782675490693,1494.4120764410247,1.0113644446740848,-0.7161788773654584,-0.1435894819209974,0.41633986923099087,logt,5,true
z_alpha[19],0.39680997730574,0.35231125914976147,852.5454178697739,1450.2492802465285,1.0028555025100443,-0.17979871940584177,0.39056388647652074,0.9805412041518592,logt,5,true
z_alpha[20],-0.2508476066980524,0.3495628866106095,781.7311725865453,1522.7126833027003,1.0102950754810425,-0.8368275016984199,-0.254775517288628,0.3192364436388779,logt,5,true
z_alpha[21],-0.7838594501854884,0.3508393534023034,866.1189796424349,1446.2053836101684,1.0019955745946356,-1.3827381664599825,-0.777506215001844,-0.2203888405664379,logt,5,true
z_alpha[22],0.32307037618925755,0.3548526245949623,974.3780814186665,1590.188406022665,1.0069748658130888,-0.2543498577715201,0.3177814869809559,0.9229170113453072,logt,5,true
z_alpha[23],0.6187749307077082,0.3264052132417685,543.066633890632,1665.685479393269,1.0074572021095347,0.0966228848447413,0.6148046076172023,1.166122401833148,logt,5,true
z_alpha[24],2.659503649353941,0.4805156364913685,849.3424216434672,1263.7369748653466,1.0061043358229933,1.8722504825336812,2.652407809995987,3.4537613167519408,logt,5,true
z_alpha[25],-0.4775034358642863,0.34659238185333857,693.9881614457074,1672.736060258418,1.0023995213123764,-1.0664612937995586,-0.4725660534712245,0.07956223245925012,logt,5,true
z_alpha[26],-2.162505657386082,0.4006983525345101,750.7970248619496,1295.1180632169678,1.0017421211959892,-2.8151490516002204,-2.1574038990760616,-1.5019950209806143,logt,5,true
z_alpha[27],-0.8417708522091194,0.3443983058473405,595.0941825689123,1230.8642144079408,1.0025440447460245,-1.4251242187450353,-0.8379007770123352,-0.30172530930150027,logt,5,true
z_alpha[28],-0.7071217991935472,0.3400896572605997,882.4435843362162,1512.3091694180955,1.0039909879152569,-1.2701669587620614,-0.7033039874390622,-0.1626565920298369,logt,5,true
z_alpha[29],1.2472009248122868,0.3779973432446415,735.0267693451165,1448.9075676237164,1.0137170127894222,0.6365005297747541,1.2376345171256298,1.875960523039939,logt,5,true
z_alpha[30],-0.4652741404345131,0.32983877197735184,827.4546547663184,1541.7388390722049,1.0052687984012498,-1.0063490782348161,-0.46265987616336457,0.07791159320946439,logt,5,true
z_alpha[31],0.12801600594453674,0.3284277120625756,582.1186498256064,1544.0231494921607,1.0070641223681813,-0.4061735702113355,0.12821221198289037,0.6668230649377715,logt,5,true
z_alpha[32],0.4480809124108527,0.34177282069363313,969.5783465353372,1554.6570223545154,1.0063159289779717,-0.11066280326415284,0.44571481574713234,1.0185655906582989,logt,5,true
z_alpha[33],-0.018168767341602405,0.32428903059008174,623.3041875515496,1638.9516134989508,1.0039911488097633,-0.5350192364868624,-0.017586905735271524,0.5250815411187896,logt,5,true
z_alpha[34],-0.5193689339613184,0.32966321462786397,879.6906405725389,1510.5432873533562,1.0041268316325402,-1.0552738692117063,-0.5226885415928098,0.02234371822670821,logt,5,true
z_alpha[35],-0.3615960788026956,0.3523129913132943,809.0924418201216,1310.0889275010773,1.0109930284270168,-0.942564354910802,-0.3681699214654718,0.23045842518736195,logt,5,true
z_alpha[36],-1.238322182638092,0.381305760931871,906.4001714618486,1444.0467135754097,1.0025568879824875,-1.8989615547921301,-1.2278802949646592,-0.6202317356401444,logt,5,true
z_alpha[37],-0.7960787653650254,0.3629068663887279,779.7367557871075,1584.7950289428495,1.0065120634412532,-1.4009545439622038,-0.7894653563666488,-0.18873438736508025,logt,5,true
z_alpha[38],-0.5342167842196232,0.3610835421015985,917.8206926380615,1766.6248934340992,1.0027064039256086,-1.1286819557022403,-0.5347688653228422,0.06593278135397967,logt,5,true
z_beta[1],0.14840559181216656,0.3289489428806355,650.1124282293988,1459.7029709490544,1.008339934841097,-0.3945740771466234,0.15023800890101657,0.6889222168581768,logt,5,true
z_beta[2],-0.26647970600490234,0.3116647385158411,755.1711964811564,1486.8675690999346,1.0031000354199804,-0.7859735891276114,-0.27155807746857163,0.24146502281191431,logt,5,true
z_beta[3],1.0490904661201756,0.342477624957479,669.7453778004235,1515.255114038605,1.0072029376049507,0.4969310467977079,1.0469523549449509,1.6186771594247589,logt,5,true
z_beta[4],0.30280548910797145,0.3210659129652941,728.7650051533286,1059.7125172175001,1.0082026369670696,-0.23165156827736982,0.30746379732537465,0.8232662979254491,logt,5,true
z_beta[5],-0.7466881299609529,0.3390468107539238,585.3623734531321,1244.6875655721528,1.010506199912794,-1.303825270210974,-0.7437523091813705,-0.20196679547055685,logt,5,true
z_beta[6],0.3189298775832294,0.3380747199057739,933.0269120854011,1136.914359043282,1.0067456703074367,-0.2272230146745933,0.31705779052047633,0.8679910950819948,logt,5,true
z_beta[7],-0.3758373628244484,0.3285600835499107,773.4531468897991,1203.6402451341546,1.0097065861819887,-0.9270378308546756,-0.36955780601675625,0.16226241148961446,logt,5,true
z_beta[8],-0.46383333175169117,0.333382332979884,746.812461330066,1192.6855662278533,1.0076286890747261,-1.0245362874357782,-0.4603664077417852,0.07954034802332757,logt,5,true
z_beta[9],-0.0032678766411691294,0.32577691262046715,608.8414031054025,1234.283084707806,1.0093193231119821,-0.550552901551794,-0.0038547629836744677,0.5405880676068177,logt,5,true
z_beta[10],0.42100939388433994,0.3087480493892138,757.6776797254239,1235.340423149537,1.0032156272889174,-0.08818333846957158,0.4250121060882181,0.9319333345420195,logt,5,true
z_beta[11],1.463332788918632,0.37332693881483786,744.3606237487522,1541.616498620182,1.0051774980113364,0.8501386426249312,1.456377243296144,2.0939471972423216,logt,5,true
z_beta[12],0.48204128826098896,0.32323562681221335,751.6091208107471,1059.3955162700108,1.0071455651096477,-0.06728404411377131,0.4859292992358891,1.0021083304461782,logt,5,true
z_beta[13],-1.220567803544953,0.3532577872235701,728.2047215372717,1326.7526516726323,1.009250409761746,-1.8022771988115915,-1.2132599777192463,-0.6614935448610867,logt,5,true
z_beta[14],0.4783352983170701,0.31659308696042476,760.266551754013,1281.7487929242584,1.0036664987357076,-0.033908178242636866,0.47803600516283395,1.00262727107782,logt,5,true
z_beta[15],-0.6760091305204642,0.34181279571724243,814.0167112858072,1202.9463609299935,1.0056332926313623,-1.2552964151997628,-0.6623337616517535,-0.13774455990916204,logt,5,true
z_beta[16],1.2855276206870259,0.3730158319410413,975.2862318808611,1369.8024590904272,1.0052962485708443,0.7009090672400471,1.2753700823697163,1.9114761231818798,logt,5,true
z_beta[17],0.9031290099000492,0.35142233966677094,729.2865338701694,1236.0452422992967,1.0065398168739592,0.3159978920078599,0.9062515440103307,1.4759919556332886,logt,5,true
z_beta[18],0.4095138267924767,0.33346629245467274,853.5024005322867,1321.831341289126,1.006824642388834,-0.1505072038426267,0.41040033786643126,0.9546517250917231,logt,5,true
z_beta[19],-0.1585511805766955,0.3316172316893101,806.9674208295628,1608.703870613586,1.0048413402926348,-0.7152149644542877,-0.15600359166727085,0.3756436765118065,logt,5,true
z_beta[20],-0.5818400409829869,0.34100288475712853,786.3754617499795,1152.5147449452284,1.0107784451442379,-1.1463652629555716,-0.57805154812599,-0.029834189858188268,logt,5,true
z_beta[21],-0.35576211999715535,0.33939499089406394,799.9128034108434,1586.220015367625,1.0059727968653547,-0.9414859624491633,-0.35134218147011775,0.18859684992182096,logt,5,true
z_beta[22],-0.17100882227226774,0.32361471395646674,853.1505190539484,1693.0013326832538,1.00265328260925,-0.7045544899798241,-0.17551431104458823,0.36345108437325285,logt,5,true
z_beta[23],-1.7603477896124846,0.3893711285234817,596.5664110856726,984.1715184804535,1.0099598080017638,-2.419370744016199,-1.7524032657469055,-1.1544000477749878,logt,5,true
z_beta[24],-3.099853991669569,0.4602971326479411,877.4854452901409,1091.5779317627043,1.0048939717115368,-3.872835691520399,-3.096012359966264,-2.347578172809001,logt,5,true
z_beta[25],0.6051972192846401,0.3350694533281982,677.154001265305,1172.7541335181231,1.0070447693268854,0.05396463836437582,0.6001505444293335,1.1602210610674373,logt,5,true
z_beta[26],1.527238477143522,0.37235749311217864,729.9606538311773,1345.02364357969,1.0040581153932153,0.9318483132843198,1.5225511137026477,2.1576330256137832,logt,5,true
z_beta[27],0.13422038262463093,0.3248922161552953,622.0438995724392,1210.471064723808,1.007884584718616,-0.3995994372223266,0.12953809617261425,0.6660990251260003,logt,5,true
z_beta[28],0.5768298082405161,0.3236530810483181,769.9540349891213,1519.1853936613122,1.0065704657261751,0.05560686272348367,0.5680923791174752,1.1220061901258092,logt,5,true
z_beta[29],-1.413396938244899,0.3740441390860237,752.4575440406056,1260.8737434752827,1.0095647440589706,-2.0539818381208375,-1.4000813826523895,-0.8104720984631746,logt,5,true
z_beta[30],0.35758804954954176,0.3103731885097531,733.7420276813069,1155.0518599056024,1.004048240672107,-0.14178993552461824,0.3554253604570685,0.8821204151510394,logt,5,true
z_beta[31],-0.466624342867657,0.33545356750944844,621.6813180178204,1313.7649674930822,1.0089698973391839,-1.0282506865101755,-0.4663721139440957,0.0846995641698258,logt,5,true
z_beta[32],-0.5241864032530247,0.3069209045082898,773.5878375878137,1253.012113069135,1.0034358678267004,-1.028499742701417,-0.530772700197393,-0.019296677976756063,logt,5,true
z_beta[33],-0.04285101418437428,0.33338205172054747,619.0451849454425,1126.5145398869213,1.0124302267059917,-0.5898694327066701,-0.043477553487028316,0.5048659024944422,logt,5,true
z_beta[34],-0.9058720854974167,0.32474099857685124,816.3204427263737,1314.3850936503068,1.002705115628038,-1.453024788697812,-0.8992871510140559,-0.3858885749966486,logt,5,true
z_beta[35],0.7234162097315181,0.3412160211623346,886.5455429536675,1222.1026000958036,1.0077437151940793,0.1619746476621802,0.7231682790199412,1.2844609868656127,logt,5,true
z_beta[36],1.4088052701594507,0.3638853465421729,712.0113175728933,1215.4379688956205,1.0067149949504461,0.8162611063875548,1.4067937169765778,2.0250633908137785,logt,5,true
z_beta[37],0.546271429466695,0.3378653117812988,930.0653780373078,1166.4975732246423,1.0062751788380357,-0.008308024168250048,0.5461299246341745,1.1203846521762373,logt,5,true
z_beta[38],0.05008971977069005,0.3263675663757782,809.9449742491912,1427.798688793565,1.0066405825427476,-0.48380028358388044,0.05232721155816354,0.5764126059870981,logt,5,true
noise.sigma,0.11082190446116735,0.00479419112009785,1916.476046132364,2491.8587261182834,1.0020537893954837,0.10285488017080605,0.11085382533504712,0.11871493739397186,logt,5,true
noise.nu,7.4475218120148945,2.0547366413229944,2062.048336019684,1860.1181499998802,1.0018460216278848,4.990602630301429,7.064398027233429,11.13869465085982,logt,5,true
mu,0.2129102588456065,0.005607484398327441,2978.535130719836,2829.6345122929515,1.001226107142794,0.20377705161888848,0.21279394829337406,0.22201282981775064,logt,6,true
gamma,0.17679591946968942,0.007816059533616658,2911.295773247905,2789.151938326811,1.0025311024029082,0.1637510185925298,0.17685375128826145,0.1897098013074313,logt,6,true
sigma_alpha,0.1352089372577746,0.017270527337203443,776.6042437897901,1447.4968275947638,1.0055854447408343,0.11003808010718696,0.13381253631971743,0.1664041427195938,logt,6,true
sigma_beta,0.14064296200261645,0.01871384773689339,785.7105289777335,1445.5617301343423,1.002212658784065,0.11370745434852712,0.13886045404692385,0.17365835658944345,logt,6,true
z_alpha[1],0.21931140575496536,0.3168363622777477,980.8177355214037,1426.4440295729014,1.0035282656700402,-0.30360599867169064,0.21437592979388487,0.7476607378731778,logt,6,true
z_alpha[2],0.20657662380199066,0.3216799601225622,887.2033427090294,1626.4345070691545,1.0033793241936604,-0.31187737002675575,0.2097872130521808,0.7276333873042753,logt,6,true
z_alpha[3],-0.7581473208084061,0.3326533544605164,918.0544874114103,1278.5456804886392,1.006182549537312,-1.3118600053423157,-0.7543530815425075,-0.20854417661706928,logt,6,true
z_alpha[4],0.3215561417287929,0.32743010967462033,876.5759015478734,1522.9490955993563,1.0012693733059959,-0.21328494564889344,0.3251312073358488,0.8642576646806487,logt,6,true
z_alpha[5],0.7481798594149714,0.32549716532393125,970.734396976932,1704.6764854686658,1.0034676167161205,0.20489396964705547,0.7445671269552179,1.2852378811900116,logt,6,true
z_alpha[6],-0.6074635996038871,0.35273414112498547,1168.0123644633854,2081.7714089898527,1.0019854654045233,-1.1993269550975507,-0.601388760163559,-0.03157215621512181,logt,6,true
z_alpha[7],0.5986573291968116,0.3533990164193729,1119.2242478528635,1651.8684568996568,1.0036385576502636,0.02591635567514029,0.5861710377272876,1.1914900116104286,logt,6,true
z_alpha[8],0.8766125038946682,0.34324319121048774,961.4294409818178,1660.605688650327,1.0034123463680984,0.30928733099588596,0.8776279402151765,1.4364274460715376,logt,6,true
z_alpha[9],0.7173089585042083,0.3296185984923447,1047.3201804361363,1567.867023336365,1.0032936884180528,0.18171433350181895,0.7109817346761543,1.2616758999919064,logt,6,true
z_alpha[10],-0.4463483069487484,0.32874726758268036,970.7934351788522,1589.8669053098652,1.0028281614512793,-0.9825427584031516,-0.4463752009856123,0.09298646494611784,logt,6,true
z_alpha[11],0.1670510317992083,0.34777338598260493,1193.567858026226,1600.0340394636519,1.002996129956891,-0.3953773963712391,0.16747216910925244,0.7376755927831667,logt,6,true
z_alpha[12],0.05906516902880344,0.3316554280352483,953.8366844354516,1701.5717695742837,1.0011483537028092,-0.4928653202007709,0.06491694006044858,0.5884755707329223,logt,6,true
z_alpha[13],1.0945567850342406,0.3624326972572237,973.0950671315502,1313.9011237291807,1.0012668309414574,0.5182616018162896,1.0837010756770464,1.7104066533017512,logt,6,true
z_alpha[14],-0.8152105459290793,0.3346970731045873,903.3675481270178,1391.4880057725775,1.0027056016989424,-1.3610591524078655,-0.8070485851461093,-0.2739727739971117,logt,6,true
z_alpha[15],2.5382798132917426,0.4282703510715031,924.6804520375804,1705.39633119465,1.0027744914118784,1.848989726607192,2.5311029396910945,3.2703902714452626,logt,6,true
z_alpha[16],-0.9565289629432402,0.3670589169695165,1108.3474374396383,2235.8117386701724,1.002198428587012,-1.5690674046723698,-0.9497049335756218,-0.3589926972878391,logt,6,true
z_alpha[17],-0.33639166986824615,0.3474117714601319,901.3804004139988,1500.6775864755907,1.003040069701317,-0.909217453204142,-0.33831815713836,0.22579989844778395,logt,6,true
z_alpha[18],-0.09368697698914034,0.34341918953137807,1067.2938167540099,1442.9573072215112,1.003237124968387,-0.66253367184864,-0.09693951813653864,0.4749451525516233,logt,6,true
z_alpha[19],0.4628163880932885,0.3352463116410821,988.1451112899955,1736.856046781367,1.0034788471883687,-0.10191558881622997,0.4653894193199916,1.00490889857553,logt,6,true
z_alpha[20],-0.30565178022922906,0.34602978360428965,1119.7184227671626,1863.5276546407172,1.0019608938462432,-0.8732666474741537,-0.3021808278036968,0.26843269649148455,logt,6,true
z_alpha[21],-0.7202674584456772,0.34052783094497185,815.1477507678256,1491.946035938409,1.0025487244882105,-1.291334092706392,-0.710398521453876,-0.1813420600361308,logt,6,true
z_alpha[22],0.2967629260468431,0.34432953831062424,1011.5292056920899,1863.3566698449304,1.0023642145038811,-0.25846134028322043,0.2903127496020078,0.8774283421691456,logt,6,true
z_alpha[23],0.5853190336633953,0.322403266115435,1054.3114996634845,1549.0591722232118,1.0031152774570684,0.05276247731903833,0.5844287574314679,1.116827392623316,logt,6,true
z_alpha[24],2.618210255171484,0.45383118528835387,839.1174447795191,1543.3847194988182,1.0041359573005442,1.8984387091118222,2.6056199377920626,3.387457641020345,logt,6,true
z_alpha[25],-0.2581672768291456,0.33627256459251986,1110.004016043839,1532.4151054768583,1.0043680755451807,-0.8222397154619514,-0.24933969171199066,0.2888229303212276,logt,6,true
z_alpha[26],-2.1407311274285816,0.3942674479264245,789.8867611621193,1660.4184571569526,1.0039771668515003,-2.7992679112984806,-2.1342231004885615,-1.5073635404534023,logt,6,true
z_alpha[27],-0.923103973517031,0.3447404870859244,920.283682017106,1601.380964076424,1.0054901405694103,-1.5112148853892589,-0.9190192618310429,-0.3612749882500292,logt,6,true
z_alpha[28],-0.7294179062424846,0.32613006893904023,859.4132825232508,1397.3369127779267,1.002958367615574,-1.274003344515706,-0.7235885498068562,-0.19780937682708294,logt,6,true
z_alpha[29],1.137156457467178,0.36598600537085774,995.094284634376,1455.0792048461794,1.002865483255797,0.5499607655265547,1.1231111667454443,1.7515483549538222,logt,6,true
z_alpha[30],-0.4524837752670289,0.3240580354639147,902.2659875272313,1258.0503140301466,1.0024892355118962,-0.989132909487068,-0.4525640324985599,0.08327222081941402,logt,6,true
z_alpha[31],0.08298080322665186,0.32780029097695157,1054.4899001483793,1704.3974698681468,1.0033518749551722,-0.45901141566734893,0.08555617734865573,0.6216868522188718,logt,6,true
z_alpha[32],0.6214548568443963,0.3280959549708262,893.4431565368827,1566.4684492369552,1.0038391482177682,0.10094048042680863,0.6201427244391575,1.1712666075635567,logt,6,true
z_alpha[33],-0.2137808781301658,0.32417838707490526,1026.8050978240053,1575.104249938883,1.0029050675711986,-0.7614811598202071,-0.21009126374063225,0.3155736031612203,logt,6,true
z_alpha[34],-0.6082839595615012,0.3248173102552467,921.1215043017323,1569.7039461435093,1.0027219695884761,-1.1636729890213222,-0.599996996593877,-0.06500413716404814,logt,6,true
z_alpha[35],-0.42947638504366126,0.3369297110392169,1078.7173607275195,1870.6170734581576,1.0031984181504874,-0.9860821190273654,-0.4311207360040237,0.1278137463984285,logt,6,true
z_alpha[36],-1.0707623434329852,0.36825134868762444,840.7972023929534,1782.1246249953128,1.0028985304559526,-1.6888822316228185,-1.075327945807428,-0.4642916825642142,logt,6,true
z_alpha[37],-0.8681015399013574,0.3490076482920703,1081.4182642133349,1742.6651045750616,1.002585827710027,-1.4445344015195942,-0.868424986111139,-0.2991092896053191,logt,6,true
z_alpha[38],-0.6098945746965626,0.34624581064384313,918.3619174369877,1745.7325324640058,1.0019225841190793,-1.2000036812248023,-0.6041576399669326,-0.05003471237308028,logt,6,true
z_beta[1],0.2015352327255028,0.30799722116381606,1010.4272794815341,1744.1171981192022,1.0026303168786008,-0.29147590440610177,0.200986381768668,0.7054177763942201,logt,6,true
z_beta[2],-0.2580371252486893,0.3176034692458687,838.9471979127198,1218.8160816579577,1.0023797969078394,-0.7883108060455594,-0.2533208675017339,0.25918119318177074,logt,6,true
z_beta[3],1.0460649812666274,0.33226755306530803,928.460955481,1565.2060820640952,1.0041642466516287,0.5046387680807813,1.0424477253391866,1.5985980037015275,logt,6,true
z_beta[4],0.25648672848739273,0.33873923467498473,1085.126452743379,1812.5150212706878,1.0039004662503346,-0.304327801977137,0.24911043573104796,0.8358332631934449,logt,6,true
z_beta[5],-0.767032748277672,0.3189035595655553,1008.7591167980463,1877.1465730017592,1.002244381739303,-1.302526911254625,-0.7626328757036895,-0.2525619064121332,logt,6,true
z_beta[6],0.43311368497830965,0.3617715922027971,917.848013816077,1448.5377030786144,1.0039241460160886,-0.16820966881072844,0.4262908321373609,1.025980672398636,logt,6,true
z_beta[7],-0.3359085507179229,0.33756484445885554,792.8272995772986,1247.1692871107784,1.0044980774201298,-0.8821603439818407,-0.3342780646987403,0.2314076465221226,logt,6,true
z_beta[8],-0.648361724274279,0.35532738211060144,1018.9118689835568,1413.8775238774751,1.0052934910534277,-1.2436013442916818,-0.6390646271866542,-0.057307008141768326,logt,6,true
z_beta[9],-0.009564209376106919,0.31540897650178984,1022.033926921206,1971.2073893132174,1.00260038515964,-0.5315623957426864,-0.008544468781619817,0.5154169796158181,logt,6,true
z_beta[10],0.3235477730859696,0.32394802972281006,793.1909149834746,1432.2481125221493,1.0026121401467005,-0.21584913196610173,0.32761217395611175,0.8523573806544615,logt,6,true
z_beta[11],1.3634280750081915,0.37957263023191423,1073.5193724881524,1437.1840366744118,1.0037688766701391,0.7448015791557956,1.361856682609515,1.9943176432147924,logt,6,true
z_beta[12],0.47034690892022846,0.33871724469345477,1007.5985985274214,1250.836770185655,1.003630676788647,-0.07873441435571023,0.46992406099544315,1.0319671395557688,logt,6,true
z_beta[13],-1.3844538060443032,0.36951351302418606,861.8876027212356,1427.0745719856195,1.0025956251966148,-2.0000806822888286,-1.3871444439491147,-0.7731137611963375,logt,6,true
z_beta[14],0.5545046273416376,0.330915357370401,783.6596526216416,1396.8956619011333,1.0023338238806794,-0.007622114243071407,0.555275670492101,1.1010960581600517,logt,6,true
z_beta[15],-0.6822103402683067,0.3540089308792571,1015.8525274545211,1367.02659356425,1.0039641613590842,-1.2644075599395121,-0.6769576410882101,-0.10011336831955155,logt,6,true
z_beta[16],1.214315941188163,0.3898489929846793,766.8246437874421,1240.8809528628792,1.00581665371551,0.5816345761195492,1.2111734709040447,1.8682967287639956,logt,6,true
z_beta[17],0.9753837920683774,0.35474707096526853,948.8484405023295,1744.1079872948205,1.0048093298621552,0.41333197239888736,0.9686855188826018,1.5758598697256012,logt,6,true
z_beta[18],0.34340780875799526,0.35336827057584597,846.7132503333587,1203.1785582980847,1.0057929539620427,-0.22691309231389123,0.3387456909408717,0.9224299901525669,logt,6,true
z_beta[19],-0.21097807011629277,0.34064220961323627,1006.0617361646649,1594.1119746881013,1.0058173043983434,-0.7812030047328421,-0.20616182564222793,0.35079127842506025,logt,6,true
z_beta[20],-0.616212258903345,0.3498265423137105,995.1572836869402,1518.410632137358,1.0035421700255118,-1.1973915487720563,-0.6212713120578499,-0.04586505485376602,logt,6,true
z_beta[21],-0.31943299796272345,0.3446096554747983,1036.6710595210416,1326.3937927378895,1.0048553020013562,-0.8946523539365152,-0.32383502379314044,0.25630618859536897,logt,6,true
z_beta[22],-0.31522214945414145,0.3454460741079313,913.2403493301384,1442.8408961999992,1.002553122525369,-0.8875536909076317,-0.31267021036618015,0.24517848462359196,logt,6,true
z_beta[23],-1.7248049024440275,0.3740641537143251,952.8829749537215,1443.3037055462778,1.0004241869139374,-2.3510641415095668,-1.7218733391852639,-1.1124921101141325,logt,6,true
z_beta[24],-3.210045095019888,0.49896043356718,959.1045051747249,1257.062845312561,1.0012081423632226,-4.04106772670092,-3.1919707755973166,-2.4211036075950156,logt,6,true
z_beta[25],0.4683607023152286,0.3247345917456917,1042.9349940772913,1724.2990346192062,1.0041098457008621,-0.0589409406119881,0.4683452086557797,1.008192199508837,logt,6,true
z_beta[26],1.5108165998980814,0.3829617761608454,704.4947745410385,1402.7589884864449,1.0022978651115535,0.8743773980753955,1.506655874781143,2.1548427043631366,logt,6,true
z_beta[27],0.11351189355260038,0.31414503974944746,1053.3318780778773,1830.2657918315047,1.0026539232141995,-0.41531795479511424,0.11543401489255135,0.6254146949327265,logt,6,true
z_beta[28],0.8132505117024028,0.3396482505312378,752.6924672989998,1490.3353590367497,1.000443281570606,0.252523996148974,0.811233422980977,1.3606649834390738,logt,6,true
z_beta[29],-1.3966259530087763,0.37580863883240484,999.0789243880022,1441.001099099355,1.0025967995931553,-2.032750286422373,-1.3905971341222263,-0.7820438945411038,logt,6,true
z_beta[30],0.31160816390111773,0.32453752905948124,801.2836152278528,1420.005142155549,1.0012090737115922,-0.22272700959158845,0.3134556474802015,0.8428703044264859,logt,6,true
z_beta[31],-0.3837678864670977,0.3203382814025061,1016.2500152195457,1648.5469567476032,1.0015181865075764,-0.9057128817017791,-0.38398450306559095,0.14298466224420456,logt,6,true
z_beta[32],-0.5358185219243214,0.3272409555503968,932.1291701954667,1345.1506435028464,1.0020523873395633,-1.0911463798272385,-0.5310735056578619,-0.01018634284430656,logt,6,true
z_beta[33],0.0467135228189932,0.3210800693354675,1079.576311898477,1861.5658187600975,1.0018825091432977,-0.4809755489696076,0.05333380999829568,0.5698783016782605,logt,6,true
z_beta[34],-0.8553915112099703,0.34326821883494846,953.4056178112857,1318.899891870375,1.0012825401205854,-1.4353537626575734,-0.840794506351997,-0.30378091663718476,logt,6,true
z_beta[35],0.8152634660667817,0.36227807095404757,811.68969865261,1410.5828815559494,1.0050241830642441,0.22809491285251762,0.8047798981651088,1.4324489888667187,logt,6,true
z_beta[36],1.4170847830116955,0.3734383736605179,944.3906469225902,1476.4593397959552,1.0036830619214716,0.8192075457625722,1.4100022770380414,2.047321144864037,logt,6,true
z_beta[37],0.46336909628587203,0.34391462278672863,785.888622271615,1186.7036054025577,1.0065407600039045,-0.09588005362591727,0.4562587807675536,1.0514437613951293,logt,6,true
z_beta[38],0.08279300220140487,0.33557862833859503,1006.664008486372,1177.8123436150245,1.0046826906970425,-0.46301516659091735,0.0824496699430531,0.6375862377519279,logt,6,true
noise.sigma,0.10505684171018811,0.004382641601410029,1890.0079041803085,3022.3165746681284,1.001171463808889,0.09788684972739943,0.10499067553335042,0.11247961974929278,logt,6,true
noise.nu,7.442942961051722,1.8916844525256422,2249.145903598932,2673.731208702335,1.0017257490362672,5.051062355192528,7.1192153817746515,10.791763949108786,logt,6,true
mu,0.21031380901203786,0.005756144343658836,2186.59354340028,2425.9904945650146,1.0007463398365246,0.20086757319433968,0.21027530796391913,0.21986319979158384,logt,7,true
gamma,0.1801905330257611,0.007895159707829296,2079.516822605173,2009.4763746819883,1.0007440174036608,0.1669473728807807,0.18027724857629937,0.19307786629729526,logt,7,true
sigma_alpha,0.1331980726089657,0.01663179634542154,588.169507161799,1413.2716226457876,1.0035022605571053,0.10908080411479879,0.13142911522423267,0.16291745396334115,logt,7,true
sigma_beta,0.1435508266641488,0.018345823650380982,572.1967594912073,1039.3281725102815,1.0029649532967826,0.11647800888743369,0.14189985842072855,0.1760490857343197,logt,7,true
z_alpha[1],0.2527548003705823,0.332795067058001,540.1857603158176,974.3501310140614,1.0076109220635268,-0.3001308785687483,0.25735315346170873,0.8065588741369352,logt,7,true
z_alpha[2],0.09297979809585387,0.3311782703995325,684.5654776450683,1330.470579000273,1.0105317865752386,-0.4536417458153897,0.09157376481518661,0.6416778489891267,logt,7,true
z_alpha[3],-0.6899033262166179,0.3452974641012654,613.7634518350544,1126.3831467083673,1.00616999043088,-1.2574377535918482,-0.6826797261080391,-0.1317878214953653,logt,7,true
z_alpha[4],0.28759589884300424,0.32751904432663476,599.6473221907651,1246.1496426727879,1.0038588845650298,-0.2626593715670358,0.2890735803429284,0.827605114784214,logt,7,true
z_alpha[5],0.8079518668033763,0.33899422418798203,463.00587608557345,826.6939867198722,1.009342605725157,0.2598435289226432,0.8016246165521013,1.3795792227094639,logt,7,true
z_alpha[6],-0.3530519549952197,0.3567765140623631,936.7882299511576,1838.1943693725377,1.0035093932536483,-0.9442415917279013,-0.3448560831929149,0.21303847762358502,logt,7,true
z_alpha[7],0.6313147925076775,0.34119035736979403,718.9114768360458,1105.2157760717178,1.0066196372577425,0.0705144096631971,0.6249182513391978,1.1957966445786872,logt,7,true
z_alpha[8],0.8028384311163245,0.3397361936014506,587.8458506298826,1452.1198181245136,1.0045291454342762,0.24785619740255066,0.7981428302857283,1.3497163881541858,logt,7,true
z_alpha[9],0.6494585640933968,0.33955466714669713,471.8514805041729,831.7603057360916,1.0103003400794799,0.0905122075576309,0.6434899807611969,1.2160955461995033,logt,7,true
z_alpha[10],-0.5416747146337861,0.3288255572361021,704.9273666396456,1174.8363729621326,1.0096085605469094,-1.0832403256023502,-0.5421781926385452,-0.009578149979689357,logt,7,true
z_alpha[11],-0.15363877795841313,0.3440219127681183,527.5423879263775,1042.887250163317,1.0092096697364532,-0.7072925647929857,-0.14832391793571806,0.4018698169420402,logt,7,true
z_alpha[12],-0.03572435869931308,0.32832503219322334,545.4030454097885,1293.161386361134,1.0043818962195454,-0.5815698597342228,-0.035285227286601016,0.5022592396486072,logt,7,true
z_alpha[13],1.0496468922699445,0.35913357705108157,736.1402959782536,1233.9951472770815,1.0069563919842799,0.4607966213734651,1.04437060649605,1.6480473624746401,logt,7,true
z_alpha[14],-0.6787226846617604,0.3394788263180251,692.3933567318963,984.5003207636487,1.0099787967670637,-1.2441482141332465,-0.6785296959713387,-0.11061205251020861,logt,7,true
z_alpha[15],2.590028624091253,0.4374904664447372,634.3158634096819,1354.4149651668636,1.004724688042911,1.8962616705331463,2.5873277657611475,3.3346938856434196,logt,7,true
z_alpha[16],-1.1227888486514617,0.3552353595285446,879.9904286638583,1892.0838251976143,1.0039557535603403,-1.7181992674709754,-1.1259565587765894,-0.5449670048417747,logt,7,true
z_alpha[17],-0.09407544771428467,0.3434194120809441,585.6674523554167,1500.405850130491,1.0035894501574523,-0.6681932948525112,-0.09378820166603122,0.46624142216188585,logt,7,true
z_alpha[18],-0.13716842501147658,0.32861222622561104,822.5913836602666,1498.1122702419352,1.0051762242123345,-0.6737286874999282,-0.13426806515413747,0.40308088041424145,logt,7,true
z_alpha[19],0.4379620370035572,0.33554855478167206,576.9155068208021,1390.294966630358,1.003591861344648,-0.1174898244352375,0.4421249315616821,0.9729435923340168,logt,7,true
z_alpha[20],-0.34989574959810515,0.3387312618250336,833.6858969442334,1351.8044740830176,1.0036609406214902,-0.9067239557993977,-0.3438962837344599,0.19501514934197628,logt,7,true
z_alpha[21],-0.7649634565010087,0.34511884814274774,555.3569883309103,1258.1728338868081,1.0060596564764526,-1.3364003784747995,-0.772809557538255,-0.1924150816018625,logt,7,true
z_alpha[22],0.4721116371323487,0.3571858743281759,815.7171075313861,1490.2281694671306,1.008080189423903,-0.1108161004499937,0.4717229109324902,1.054755767038733,logt,7,true
z_alpha[23],0.6128281654268828,0.3407283045078538,480.42060482965417,1034.8086532788936,1.0083968201500677,0.056181831615925756,0.6106984835467103,1.1689241438562257,logt,7,true
z_alpha[24],2.6083034492413324,0.45292367746458767,716.6142899433455,1309.0198140479056,1.0051412151412966,1.8830900332803366,2.5973692020641055,3.365940105740116,logt,7,true
z_alpha[25],-0.35346904160134873,0.3512393508526519,550.5649256231779,1297.1070954376435,1.0055368690095046,-0.9448891764767486,-0.3513562633385628,0.22061658692335107,logt,7,true
z_alpha[26],-2.1880516200686637,0.40145942008728136,637.2698576890164,1442.0431693551598,1.0091683761996304,-2.871439895379736,-2.1816991941171753,-1.555215735465488,logt,7,true
z_alpha[27],-0.789321868896802,0.3509235033694078,534.7405182370393,1278.3873122757004,1.0067146651574028,-1.3692145657802193,-0.7882708919317054,-0.21417759609786535,logt,7,true
z_alpha[28],-0.8627882886895373,0.33562457029392534,690.8810557277892,1169.1718227747888,1.0092433136659287,-1.4141415040114762,-0.8694085724041942,-0.2959286877549124,logt,7,true
z_alpha[29],1.2232897865341001,0.3643615357763789,715.8005775809056,1185.661665455723,1.0066879586055448,0.6520084853078619,1.2049692664698628,1.8244051394285226,logt,7,true
z_alpha[30],-0.45497838872281343,0.3342166966122706,743.8206119236396,1388.4927420993424,1.009690474688742,-0.996378283435565,-0.44946327943994524,0.09556395875546808,logt,7,true
z_alpha[31],0.09729577722669681,0.3404132122977764,517.2988831904376,1010.423734452851,1.006916235346604,-0.4548948768429357,0.0958408241182482,0.6475282027323238,logt,7,true
z_alpha[32],0.5843800909922329,0.3353777581131261,703.918025140757,1242.1029569902391,1.0074959404619073,0.038521163565790766,0.5821213226266765,1.1343253134864928,logt,7,true
z_alpha[33],-0.07871860324137357,0.33927680863039206,521.8605514374034,1099.1108279827858,1.0098751763367484,-0.6375206287683177,-0.08028404185264024,0.47935850944265884,logt,7,true
z_alpha[34],-0.5710463851711902,0.3192497080137902,669.0527585610664,1150.6443452942142,1.0115776589010173,-1.1107182682847565,-0.5692395799053884,-0.05900791309659459,logt,7,true
z_alpha[35],-0.4736286963751385,0.3380219403121507,832.142518438825,1630.6260486664112,1.0038047288038676,-1.0351359750603542,-0.4675604599738679,0.0862361605774016,logt,7,true
z_alpha[36],-1.161934333143303,0.36688384871641583,603.0729711080043,1652.854011265897,1.0060036083332469,-1.7733669191293577,-1.1590585971711207,-0.552255138015488,logt,7,true
z_alpha[37],-0.7768295552335299,0.340733129877839,877.3373079665902,1655.8434408244104,1.0032800747841284,-1.3476066295943068,-0.7749459615782333,-0.2406408576708061,logt,7,true
z_alpha[38],-0.6833881997308872,0.35191517633580743,619.7698192814757,1551.1040761448537,1.0060135285414562,-1.2725995059276098,-0.6834285093570853,-0.1067739487079751,logt,7,true
z_beta[1],0.24136105063759072,0.305096278586547,709.8492401920267,1379.399022088995,1.0103446763387411,-0.27364602355188494,0.24700891227062033,0.7210201593867404,logt,7,true
z_beta[2],-0.29680222542116463,0.31445084052212346,607.7049402982923,1200.9525323411847,1.0132583986479309,-0.8154857947011991,-0.3039843056088506,0.23784467313694424,logt,7,true
z_beta[3],1.0380639583479587,0.32410026054684665,727.9088578931478,1428.6123302002943,1.0092439671139821,0.5088343676334643,1.036480457594902,1.5714145586217148,logt,7,true
z_beta[4],0.28753717370656495,0.32805779013976766,547.3353274342383,909.50022572663,1.007063588201852,-0.2426309613441575,0.28935462432722553,0.8262717201444743,logt,7,true
z_beta[5],-0.6934664787196173,0.3186054184476169,636.6090644534928,1694.3058183249918,1.0127337736169666,-1.2484655968775678,-0.6804815702276747,-0.19550752509042957,logt,7,true
z_beta[6],0.26230590550806143,0.3464785310947636,542.8236087223015,1218.1449366915024,1.0110270163570223,-0.3136786558530669,0.2665149356718184,0.8204254752740013,logt,7,true
z_beta[7],-0.31811397668566405,0.3379429244729409,444.1977267064045,1233.042314239933,1.0116442356226643,-0.8968555754310532,-0.3097107389692378,0.22411445718394216,logt,7,true
z_beta[8],-0.39735578122749904,0.3353536424263474,514.9588032054874,1074.7314042493258,1.0059299660490026,-0.9587985241968313,-0.3903056954797486,0.1367326744657732,logt,7,true
z_beta[9],0.02984953964321618,0.30822108846494184,693.9689669790744,1873.0126645644327,1.0124676660745817,-0.48380282339811337,0.03764722837680043,0.5139788798844209,logt,7,true
z_beta[10],0.3721592644588511,0.3209955559141843,632.5063101259906,1207.0115670955608,1.0102150470379427,-0.14181238881119687,0.3663602870478634,0.9026197414125985,logt,7,true
z_beta[11],1.4893835756048701,0.34765184899443463,767.8122211944374,1557.3386825599684,1.0070248025571091,0.924269757068882,1.4791360660717037,2.0718725729238123,logt,7,true
z_beta[12],0.5258202375781552,0.3308763172134032,563.9847496972741,1085.444894304006,1.0048470850371103,-0.00800950003269589,0.5242559365224005,1.0789123333105994,logt,7,true
z_beta[13],-1.2710666692044275,0.3696615013308115,412.1331529925888,1187.310044151764,1.0120526083739942,-1.896086941468025,-1.25629714093958,-0.6799509420524154,logt,7,true
z_beta[14],0.41851889160208056,0.3234582622698679,622.2393713922986,1307.6452345136381,1.0088314457789065,-0.11684909507165775,0.4179111164577758,0.9495353183772189,logt,7,true
z_beta[15],-0.6940045991340277,0.35133630188951964,550.182531863721,1226.7617412060094,1.0062586920016958,-1.2870839569289774,-0.684079958952714,-0.11833378465827266,logt,7,true
z_beta[16],1.3811516516877695,0.3860510790586435,650.0020291015313,1235.7581813205832,1.0069116604802246,0.7629208672961582,1.3703105840396135,2.03514158094968,logt,7,true
z_beta[17],0.8040261343105306,0.344059090115366,599.5107813990769,798.4386044824421,1.0059088812240382,0.2488051635247188,0.8014309957830583,1.3799891832311724,logt,7,true
z_beta[18],0.33960678111737674,0.34242655612583434,572.8145297585983,1238.8660143805355,1.010936568795261,-0.23833291443197355,0.34538481431117796,0.8867779181391565,logt,7,true
z_beta[19],-0.13231867590310087,0.3350704114802253,542.2094246575427,1034.9561140873616,1.006334762286923,-0.6830045895271827,-0.13373126915976588,0.40950109790995576,logt,7,true
z_beta[20],-0.5139859615299512,0.34257152134848873,452.6967505026713,1169.9253110006841,1.0114448791617727,-1.0902262534579021,-0.5115259305387421,0.03079670101262637,logt,7,true
z_beta[21],-0.3721257287275517,0.3442904911230703,572.7893726385505,1067.5629412845917,1.0062790503711458,-0.9430142314539981,-0.3636816890732203,0.18383635646373084,logt,7,true
z_beta[22],-0.4132651461880182,0.33406629975764757,684.1894016489242,1289.6097265414194,1.0097030530339897,-0.9684332503005567,-0.4152774695672873,0.14044926100755176,logt,7,true
z_beta[23],-1.756584755354824,0.375254680166486,616.6747308896854,1489.6944155169117,1.0101872304886765,-2.395374487605156,-1.735476863591213,-1.1618121340391103,logt,7,true
z_beta[24],-3.0956489536325824,0.4612586544859944,628.0246130465208,941.3289074093188,1.0061042156482178,-3.8757307897594098,-3.0810408284640274,-2.362681420880478,logt,7,true
z_beta[25],0.6081705169348623,0.3167028469902847,733.2371839972337,1686.7033272063566,1.0105388855413056,0.07761431501238328,0.612137086995828,1.1231881344109511,logt,7,true
z_beta[26],1.5018628274314465,0.373830446688172,591.645826444183,1140.5791233773512,1.0061559137346252,0.9085500859546317,1.4911432764005164,2.1417589849227356,logt,7,true
z_beta[27],0.0732699200964758,0.30628985952380744,662.7727250599128,1722.514251237496,1.0127660463512993,-0.4503125077222647,0.08180297788434392,0.561699392195409,logt,7,true
z_beta[28],0.8204182555537246,0.33378125565925204,610.053101189481,1220.0955048720512,1.0079786145083165,0.29137898851729344,0.8174461014319017,1.3723268682343406,logt,7,true
z_beta[29],-1.4305250499366595,0.3784510116050834,498.3412123131067,1240.0923260958987,1.0103182295228998,-2.0814067324994983,-1.4137536766088594,-0.8332010363191109,logt,7,true
z_beta[30],0.30179201148997103,0.31987536796550664,638.4328296607812,1271.288929573656,1.0083351866048873,-0.2104195472223266,0.29366286781828677,0.8375523630377679,logt,7,true
z_beta[31],-0.3624633105137083,0.31630289184616495,658.2644470746314,1696.0738364336592,1.010823487905146,-0.8998942584338921,-0.34807982103029633,0.1332934949900396,logt,7,true
z_beta[32],-0.48167869056503926,0.3150555739442856,568.5575085911244,1017.7272117169764,1.0108860898112064,-0.9891564428591063,-0.48329666232303325,0.04261692856613384,logt,7,true
z_beta[33],0.03763035217689447,0.31493188392940535,730.6004227971939,1760.5271547425582,1.010333199206942,-0.49775308148707087,0.038047309598925674,0.5388865326446972,logt,7,true
z_beta[34],-0.8232558431766966,0.3245668714201422,680.5168117295849,1079.596551235888,1.0089224608237133,-1.3537181772872928,-0.823194231998142,-0.2843892771149979,logt,7,true
z_beta[35],0.7259886324713273,0.34597023766186896,568.3986644180912,1255.3347871871913,1.0116943954035964,0.142332754904521,0.7265964081883654,1.283315318987582,logt,7,true
z_beta[36],1.3671843129809138,0.3610180401600776,607.5368015132252,934.6967187237728,1.004410020501396,0.7799205598738413,1.3546818899047182,1.975414770842085,logt,7,true
z_beta[37],0.49124541162032537,0.3388003471607536,487.49084024624534,1088.0591161263249,1.0117463722293794,-0.09181919964948054,0.5049424025758544,1.0263841619606706,logt,7,true
z_beta[38],0.09410062532002512,0.32809166011247326,513.9311313457391,899.9563648576247,1.0072587255301655,-0.43484067682510724,0.0969768221214993,0.6346531832341314,logt,7,true
noise.sigma,0.10676654375028892,0.004339365871383161,1674.7951378704474,2041.779249906678,1.0009006416563155,0.09966193342674434,0.10674298267309276,0.11384786884340475,logt,7,true
noise.nu,7.336816148194621,1.8093596379679147,1866.5122398567798,2017.8897454220826,1.0024054102921358,5.0439943231095175,7.0482376750047155,10.674691791699042,logt,7,true
mu,0.21245418539357647,0.005659374482350396,2461.4390956110733,2510.8447725484675,1.0018788576905517,0.2032873763284055,0.2123970639906117,0.22188992321475604,logt,8,true
gamma,0.17605710226702725,0.007882101203912252,2379.072890001155,2745.007406569725,1.0005737503289305,0.16291369925969093,0.1762017053092455,0.18911144407602307,logt,8,true
sigma_alpha,0.13411151249055572,0.01701641992044142,631.7795812157977,1019.0963390229005,1.0053994595015954,0.10900529183300313,0.13269683734275733,0.16421899369145504,logt,8,true
sigma_beta,0.14665130229232975,0.019609460473184775,565.2637330673886,651.863696425325,1.0027792515350398,0.1179043292011877,0.1444405464532354,0.18015840934119975,logt,8,true
z_alpha[1],0.22504557629254926,0.3225030011294916,652.7627650618251,990.2688623228336,1.0061530852556684,-0.29946431720858807,0.21759783333359706,0.786640310751957,logt,8,true
z_alpha[2],0.198908597735007,0.33860567184039075,605.666051845113,990.677128706916,1.0034184032322968,-0.3472598059884672,0.19488701172720652,0.7615162023354006,logt,8,true
z_alpha[3],-0.7167135136765057,0.34386787993903983,687.2653040408816,1055.2590126781774,1.0076658631421855,-1.2971696718451868,-0.7143848818202855,-0.17073757125961714,logt,8,true
z_alpha[4],0.3626498754499343,0.3412315249864041,648.801027407064,1083.7990904809478,1.0022673281704308,-0.19993437820997192,0.35950868668648395,0.9352122002280883,logt,8,true
z_alpha[5],0.78925978601177,0.32987032736240374,618.6342755585403,1008.1746317265558,1.0037180805828665,0.25870566103424214,0.7812035198791327,1.339515243731339,logt,8,true
z_alpha[6],-0.3573894040464552,0.3614785304120068,634.984926018342,1430.6994165374504,1.0061815147376578,-0.9556389594812326,-0.34957959049102916,0.22542196037301881,logt,8,true
z_alpha[7],0.602831793179852,0.340028173091023,636.6308031130707,1614.3584544089063,1.0025499903686177,0.04825923615525862,0.595904103388783,1.1739972798607834,logt,8,true
z_alpha[8],0.8218649916688919,0.34659193390193116,652.0952754688409,1059.4235288520006,1.0031300994720926,0.24335620858500168,0.8190844741431716,1.4007909257671143,logt,8,true
z_alpha[9],0.7338290090808235,0.3347510271012769,646.0622051680493,1261.7123749510622,1.0045371407618946,0.19260813111665434,0.7296233307423439,1.299141624551941,logt,8,true
z_alpha[10],-0.631783171510671,0.3404552664512284,635.9907413735141,954.0667037013299,1.0057103008571047,-1.1786088021665666,-0.6373668909166164,-0.05460288409594599,logt,8,true
z_alpha[11],-0.12435897014678224,0.3371790711401189,734.0736005853084,1350.2946898542164,1.0040219943833102,-0.6760457069777654,-0.12088702758916794,0.426986052022778,logt,8,true
z_alpha[12],0.03585004778732821,0.34441470838585747,665.8536216004821,1061.2365237462282,1.0039012789973543,-0.5282930116922844,0.03426831066891044,0.5939680439599087,logt,8,true
z_alpha[13],1.0846206924174338,0.35208624587845544,632.5005165729616,1343.1145011590984,1.0022898187779008,0.5080988669757535,1.0826636685895599,1.6760019248143838,logt,8,true
z_alpha[14],-0.7101069531515993,0.3453836213672473,653.8493323759142,1078.213245387968,1.0032567032632114,-1.2747339508881348,-0.7071314375138927,-0.14535708719514118,logt,8,true
z_alpha[15],2.571835393351724,0.4471061596046583,663.4955245527009,1401.8472287531458,1.0042367383544273,1.8405262540930887,2.5637913263384036,3.317933676393958,logt,8,true
z_alpha[16],-1.2749067460202828,0.39340930625862536,778.5819902498904,1425.2038724838533,1.0080256390201896,-1.9135532391502548,-1.26604299922769,-0.6387533407711736,logt,8,true
z_alpha[17],-0.4572396628744873,0.3689138874323091,741.5777741983062,1313.3654178674724,1.0028103081375908,-1.0670505568391873,-0.4621755355029073,0.13901196260388518,logt,8,true
z_alpha[18],-0.09012016471722621,0.3468681410503222,485.28451452881666,1629.6918091122025,1.0046896308168725,-0.6532850476786738,-0.09331058390667085,0.48910296706809675,logt,8,true
z_alpha[19],0.44207425942943773,0.3500914752249335,691.1304670143375,1046.1975164972541,1.0031670769337953,-0.14228532151568693,0.4379927850211339,1.0146980243734798,logt,8,true
z_alpha[20],-0.20615187304111426,0.3521819654300664,533.3907238321151,1481.0585250815484,1.005661825315981,-0.7831463842760149,-0.20978055752215635,0.3806176289045502,logt,8,true
z_alpha[21],-0.6972205558919033,0.3509745277778685,656.8896477955473,1288.078493206578,1.0022261595825737,-1.272921919872778,-0.6940061347853126,-0.1402108699205743,logt,8,true
z_alpha[22],0.434462357773014,0.36348519574715443,631.7629222613089,1041.1891371588765,1.0016984577460328,-0.15573279996759956,0.43278751686772754,1.0378752610974684,logt,8,true
z_alpha[23],0.5512245041569156,0.3228192680475925,625.2178553943979,1191.5635536409773,1.0062867024003728,0.03561149697944917,0.5539295545962097,1.0835218433675846,logt,8,true
z_alpha[24],2.6113834659857393,0.47872781461830594,573.4197082279969,929.1952851461978,1.0036031177884606,1.8473970832273923,2.6051809988491996,3.4103789753751372,logt,8,true
z_alpha[25],-0.5046624305487333,0.34334815613807046,739.7412828590406,1441.043232503998,1.0057184288301204,-1.08517117097874,-0.5024338645134465,0.04619957875703606,logt,8,true
z_alpha[26],-2.1773819044013143,0.4049764586806415,672.6762528252232,1121.0234155771323,1.003139509154339,-2.854751476056314,-2.1681583329763816,-1.5355655922711144,logt,8,true
z_alpha[27],-0.7912380015634662,0.3419265821479745,727.0044095000853,1109.6850971670888,1.0055353400237266,-1.361499497405914,-0.7900686729333797,-0.2291954579296089,logt,8,true
z_alpha[28],-0.7366661999224534,0.34377101262392573,677.1812538458282,1000.3131218904717,1.003993654188102,-1.2996742649462245,-0.7377419285432342,-0.17939928325876908,logt,8,true
z_alpha[29],1.2439391777513484,0.3651769441607892,716.1783773315933,1276.4117986160998,1.0015587335210117,0.661251161044812,1.241255999910399,1.856806002107356,logt,8,true
z_alpha[30],-0.4651227119594573,0.34541116400561656,635.3676980846293,939.1066959397843,1.0032180151679173,-1.0321987959300807,-0.463519927090132,0.10107095663070884,logt,8,true
z_alpha[31],0.15650830889373094,0.3248765970199299,645.2542530267607,1048.749479514922,1.0061206446719861,-0.3737839139236689,0.15049799310530937,0.6993367786984663,logt,8,true
z_alpha[32],0.6126746430558244,0.3567217308464498,599.724214606835,918.739589046661,1.0026536101203387,0.037516716310142015,0.6090715615897426,1.1973530444075593,logt,8,true
z_alpha[33],-0.15777483751478516,0.3300685574027052,670.1918327008048,1091.0201402850003,1.005471670206171,-0.7096690842568024,-0.15189891973963704,0.38219335898991286,logt,8,true
z_alpha[34],-0.48190583911643553,0.3403354580121714,648.0121691758451,1004.1155295549133,1.0043479991777668,-1.0463051099958687,-0.4781544419194991,0.07811687572211383,logt,8,true
z_alpha[35],-0.47786138353237156,0.34469215205358245,607.6435988259241,1612.8498413725072,1.004272534481412,-1.0465213665202706,-0.4741163589471652,0.0910894715273555,logt,8,true
z_alpha[36],-1.1262278250866866,0.37876660089969366,711.796991984359,1135.0149439463896,1.0048579526010797,-1.7649004549104064,-1.1230113854377328,-0.510917950056198,logt,8,true
z_alpha[37],-0.7812118740883787,0.36870027954334494,540.154715625676,1469.1411608230703,1.007348286816059,-1.38188077548439,-0.7776005899969027,-0.17383199387145573,logt,8,true
z_alpha[38],-0.5980750726793443,0.36553911694584634,696.8612599680671,1249.5634817405905,1.00193152723141,-1.2000458893787016,-0.5977464955814483,-0.004121981297603256,logt,8,true
z_beta[1],0.17888811382862463,0.3256646089584168,642.5405511319324,1008.5808616929365,1.0020355690761642,-0.37124197071204157,0.18764404760759035,0.7021519495576527,logt,8,true
z_beta[2],-0.18961991390958116,0.32825170333441145,577.1393997016417,1130.4453486057487,1.0039133598277215,-0.7200170784118525,-0.18804088319662993,0.3393232276886783,logt,8,true
z_beta[3],1.0545181037673372,0.3407158630737531,679.7748962105529,1288.0515461314128,1.0033230496386247,0.4780457351469448,1.0583668328440023,1.608418732251272,logt,8,true
z_beta[4],0.36359890021646135,0.3202746084649791,563.1477952746934,1474.658514842943,1.003229975479065,-0.17198580086458937,0.36084852508011944,0.893461960065369,logt,8,true
z_beta[5],-0.774155012193914,0.34378644376383,589.9707154577819,1072.161319573723,1.0020946188840125,-1.3563112331801166,-0.7648995042754396,-0.22547383309090976,logt,8,true
z_beta[6],0.18431287675411961,0.33264097196500764,790.4031805980887,1704.2647863891689,1.0013240492902276,-0.3613350076948708,0.1838463241469789,0.7406805843273305,logt,8,true
z_beta[7],-0.35708340323830584,0.324586879243266,696.6471486135654,1323.0792048037079,1.0021310130185757,-0.8897332453334466,-0.3595898202761594,0.17879917999390446,logt,8,true
z_beta[8],-0.43281322220096313,0.3293007410270813,620.4918566355179,1357.9624167975887,1.0039123800633616,-0.9916928267144888,-0.42562946489203296,0.09299928731190352,logt,8,true
z_beta[9],0.1332898536666228,0.3294570296506281,651.3058871792117,1255.6586564459876,1.0024614278272101,-0.42208718150922897,0.14189740996474906,0.6642630857340694,logt,8,true
z_beta[10],0.4738998846416054,0.33477144224478783,553.1408242488027,1116.5972525876734,1.0040343865605008,-0.07046413390115067,0.4762492862849157,1.010310327802692,logt,8,true
z_beta[11],1.389351928334015,0.36257606411661414,699.8146759421028,1373.7588141292467,1.0032242845023227,0.788436915721536,1.3870456005381908,1.9813501757707617,logt,8,true
z_beta[12],0.5158291068830708,0.32035536678987603,521.9451019064078,1307.2899342626513,1.0051191053666286,-0.00662550013001743,0.512817435207241,1.0408121463536124,logt,8,true
z_beta[13],-1.3018396052615537,0.35857313023081777,641.1813824506315,1297.5754964129053,1.0039616103169882,-1.8974285776392739,-1.2890428137063519,-0.7243077442148866,logt,8,true
z_beta[14],0.5206522457672546,0.3354361132846513,556.7840205690528,1137.2563944146525,1.0046520957736764,-0.032180449657322696,0.515560184749452,1.0734400224571974,logt,8,true
z_beta[15],-0.7166790262534729,0.3487554022827616,648.6170872754831,1244.5629533205408,1.0038746874413582,-1.3088500117356379,-0.700261844013156,-0.17012371010910565,logt,8,true
z_beta[16],1.5950255881933084,0.38748916108698656,735.4733921021449,1337.0289660226017,1.0002698041866944,0.9718809974176317,1.5869910366626887,2.241524492404166,logt,8,true
z_beta[17],1.0747644018562041,0.34946553977519124,610.4418982569327,1581.073400008008,1.0041224367047359,0.5082999899166403,1.071797574043618,1.64006954951971,logt,8,true
z_beta[18],0.2634701350981817,0.33247489194692303,842.0518539506727,1530.9782088690251,1.0027266416634506,-0.2843135325807636,0.2613723208665071,0.8107137598040224,logt,8,true
z_beta[19],-0.07906305607752252,0.32049838126044516,592.606986362936,1485.4643647000548,1.0028803740077634,-0.6182876542389635,-0.0680572526812957,0.42950320669846254,logt,8,true
z_beta[20],-0.5860923779625647,0.3430423915483352,692.1788724734362,1396.3040469357613,1.0015837048621439,-1.1542357498371616,-0.5803847619703694,-0.03290630692431696,logt,8,true
z_beta[21],-0.3865487189723496,0.3352493027802137,655.7713812765373,1239.1710951166167,1.002582371591925,-0.9517059087464455,-0.3782518465887338,0.14481803483972389,logt,8,true
z_beta[22],-0.27967309349860286,0.3381335434291816,655.6767118880138,1353.5608830897286,1.0041912696106794,-0.8291635371184559,-0.2739354839722687,0.26609316214796425,logt,8,true
z_beta[23],-1.7394846532401183,0.39739121967330776,561.2907628672684,823.3634999296232,1.0020290771637383,-2.4052669187565003,-1.7253882303463737,-1.1147141433257628,logt,8,true
z_beta[24],-2.995751810526094,0.4791550489708791,587.5326746541607,1186.1811125606926,1.0019699762859162,-3.787925292824459,-2.9700636105521365,-2.239306434043973,logt,8,true
z_beta[25],0.5941488372571214,0.3324231013625694,668.1535155301001,1373.253682348036,1.0026751181367761,0.038019682478852034,0.5958025135379266,1.1323906398735102,logt,8,true
z_beta[26],1.5580744025923823,0.3924001761753326,560.6381230155926,1121.5383887911996,1.0034976850543122,0.9443434346155762,1.5484628113773042,2.2085353748934033,logt,8,true
z_beta[27],0.15640485819962027,0.3239317448254867,679.7054662598862,1068.4033327495047,1.0030998792408474,-0.3957322690401876,0.16588829068124325,0.6828716986880333,logt,8,true
z_beta[28],0.7604826223740087,0.3466221048605087,554.2647190230002,1135.1053856411368,1.0048421469119382,0.2031319066776814,0.7549211126339199,1.335895028428547,logt,8,true
z_beta[29],-1.3480132443450072,0.36791663900658333,624.0088321877753,1563.467301801504,1.0031141313555854,-1.9641618629666053,-1.3404982374026673,-0.7603707726790391,logt,8,true
z_beta[30],0.2588883181409674,0.33833688850687277,590.8970997150097,1182.8061033524866,1.0033773849814647,-0.30150551750120064,0.26044728313064164,0.7967590336033283,logt,8,true
z_beta[31],-0.4850616855733695,0.3393982403929688,636.8907497175701,1070.4862098730719,1.0016847545707817,-1.0657763863850593,-0.4765626204955964,0.06221812785570784,logt,8,true
z_beta[32],-0.463253099621458,0.3283884492875102,610.4982877998689,1198.5742040508924,1.0030585295555958,-1.0151898516332916,-0.46035509840918304,0.056584565164515946,logt,8,true
z_beta[33],-0.13164602402692788,0.33920347243538357,668.1358107007991,1209.7990085918398,1.0022618648826214,-0.7134842412397997,-0.11869249140652835,0.4101461865477174,logt,8,true
z_beta[34],-0.9865901501655373,0.3477397961887135,602.8389146766863,1373.6118520997031,1.0028408489073626,-1.5760091735801718,-0.9779778013216928,-0.4248273006527684,logt,8,true
z_beta[35],0.6196577020741925,0.33391595693937903,758.1030220643811,1302.9303519446535,1.0019411023722544,0.07586907092051925,0.6141864218302974,1.178630296483208,logt,8,true
z_beta[36],1.3605129968914962,0.355840215846409,573.0245593768379,1424.461751463905,1.0039384587257274,0.7852932444492038,1.3618774452193774,1.9512408018394707,logt,8,true
z_beta[37],0.5097804580032544,0.32702258925815975,734.9759569106332,1289.6196212203436,1.0012506884888617,-0.01952223600789222,0.5068420590353989,1.0614299419857345,logt,8,true
z_beta[38],0.08565146060657139,0.320569965783302,581.03105955029,1606.6615862268504,1.003029068364377,-0.4277217405082998,0.08543774246927646,0.603131597841824,logt,8,true
noise.sigma,0.10641842355068636,0.004403816372465892,1990.4575215274128,2390.8943239785503,1.0010697691450183,0.09909012407621688,0.10637784935662642,0.1136153646121974,logt,8,true
noise.nu,7.125498574139575,1.719164662057224,2046.9921150165408,2359.7378818725006,1.0005879732607479,4.951403571157333,6.839725813877756,10.3540289336991,logt,8,true
mu,0.21157447423999928,0.005833903892744223,2327.6586940853317,2635.0139459565,1.0004436088512778,0.20200695288891476,0.21153116055819032,0.22105099286934332,logt,9,true
gamma,0.17723348002070202,0.007981232619638881,2230.798593145221,2950.0923214218524,1.002965466258994,0.16400911981588398,0.17724860080444405,0.19048098226218807,logt,9,true
sigma_alpha,0.134594795013527,0.01788036274246546,679.0403548565719,1371.2657756496826,1.0058967877142764,0.10925886813739161,0.13264969638433366,0.1662660123562425,logt,9,true
sigma_beta,0.14493947822847908,0.01809316923657645,775.458324131869,1174.0385550939236,1.0033084731200614,0.11799052098545958,0.14318156343866884,0.17767090487707765,logt,9,true
z_alpha[1],0.23571626598047404,0.31953391763400196,749.3968935660079,1364.4218669210536,1.0069254537261187,-0.2897782963221431,0.23885364895815,0.7613406690045617,logt,9,true
z_alpha[2],0.2349332481069852,0.33306554089306634,740.117865571128,1108.4452289711535,1.0023683829225136,-0.31292104832915707,0.23939078354513213,0.7807325716562099,logt,9,true
z_alpha[3],-0.6580266747798392,0.3449686707285726,810.2531085168781,1278.4431151024241,1.0072192765731185,-1.2371385677027031,-0.6505061563612147,-0.10341624022889491,logt,9,true
z_alpha[4],0.27796349759936084,0.33107707611104575,577.4652896202459,1484.6622046381544,1.003857699293319,-0.26072459730824504,0.27726882080276555,0.8257031671039669,logt,9,true
z_alpha[5],0.8436762832498567,0.3328477188001008,746.3409937271393,1435.5774289516169,1.0050934637125222,0.28774756322725364,0.8503953021675914,1.3860997559606125,logt,9,true
z_alpha[6],-0.3419084102387099,0.36401318177719016,729.008529720538,1584.0213223872188,1.0045558039631453,-0.939947955262272,-0.33759725621022385,0.257819412442456,logt,9,true
z_alpha[7],0.54918104817999,0.3427657708192782,562.415909307791,1354.3976457580038,1.0097016438123243,-0.006273833726683411,0.5437404877418973,1.1176927486668038,logt,9,true
z_alpha[8],0.8785361788709642,0.3486995953781845,618.1790312864628,1274.8612187995795,1.0039820382742901,0.3208239741574326,0.8737227290089329,1.4589433661793298,logt,9,true
z_alpha[9],0.6801964987222263,0.33437138392649496,805.8877050975635,1484.308301480886,1.004392795268924,0.13558109610816194,0.6774623133569672,1.2354485799540134,logt,9,true
z_alpha[10],-0.6288885346088907,0.3311039809366795,711.7274769081222,974.3738159246534,1.0022094157698982,-1.1962993069503847,-0.6214842246986287,-0.10307197565046511,logt,9,true
z_alpha[11],-0.1449566094657217,0.3347762192934294,887.3112825113049,1597.6777203663262,1.0048734905698842,-0.6993384472890978,-0.13873165750076089,0.3921830924765227,logt,9,true
z_alpha[12],0.04828219499184159,0.3426913171898587,658.9160410593317,1408.2746833077113,1.0019033514285167,-0.5183185219792664,0.03511189834413177,0.6292803893180718,logt,9,true
z_alpha[13],1.0260023819792672,0.360658578317475,590.7479817729325,1412.4714527058823,1.0090118415170657,0.4469316495233316,1.0151880957293251,1.6336949705978518,logt,9,true
z_alpha[14],-0.7968362812904354,0.3391711005376474,723.2660668272433,1252.4325028018902,1.0021981583372863,-1.358340730241908,-0.7913238353021339,-0.24488373244973397,logt,9,true
z_alpha[15],2.527513841384316,0.4522438380141876,609.033550170248,1250.7267256310859,1.0053817469083637,1.8165343089085932,2.518364136189157,3.2944938167688007,logt,9,true
z_alpha[16],-1.1231544845019148,0.37972831101585597,675.7231514493567,1389.9397542645181,1.0070946838135697,-1.7563284941998525,-1.116400712859405,-0.5071499008256553,logt,9,true
z_alpha[17],-0.2848861412522722,0.3576314032840471,669.9162534004089,1662.6410999109378,1.002661323871359,-0.8708174446154154,-0.2875283061195904,0.31468960134287616,logt,9,true
z_alpha[18],-0.08198259423371905,0.3414928609656853,582.2805873515645,1311.7817873551076,1.0080437696389057,-0.6487421568963205,-0.07887946850533027,0.4747117727216472,logt,9,true
z_alpha[19],0.5869119539499094,0.34836518222213086,637.8586102106717,1365.1799277373352,1.00333826511858,0.025187020452547518,0.5796718361151357,1.1631276061250746,logt,9,true
z_alpha[20],-0.3207016126705614,0.35497083016512815,611.6206470776032,1367.363573861051,1.0083980832945008,-0.9092495202426019,-0.3208436313290728,0.26561935431804096,logt,9,true
z_alpha[21],-0.780762340916036,0.344521913573704,629.9986517232347,1536.4357668332862,1.0021001107568017,-1.3459004215240196,-0.7833856603950324,-0.21688822068444477,logt,9,true
z_alpha[22],0.4301685216529172,0.3428581930298572,741.388277108722,1060.2996266580367,1.0007980731140254,-0.14757049503866407,0.4369091284720471,0.9848761256935747,logt,9,true
z_alpha[23],0.6187025151036483,0.32289532444191865,791.1224780418878,1611.5906669046253,1.0040547403672568,0.08741939514641082,0.618499785301337,1.142325416402781,logt,9,true
z_alpha[24],2.676584292777032,0.4679974074326589,735.1599800074465,1202.7188266485696,1.0022117223705787,1.8916139270756873,2.6821136489695956,3.437848801331759,logt,9,true
z_alpha[25],-0.37242680843489484,0.33882039528246044,814.3234724139146,1382.8180154408562,1.0084327423148232,-0.9469216132756566,-0.3602068627085949,0.16097405819238989,logt,9,true
z_alpha[26],-2.188265736015102,0.4126121611910638,601.6242235203057,1257.5377918372546,1.0045682098621516,-2.9022465854045847,-2.184451276729317,-1.51222601996779,logt,9,true
z_alpha[27],-0.9379564585579075,0.34592879495903595,772.3410189160502,1560.6479181643801,1.0075382531227544,-1.5309583612301538,-0.9239118787795548,-0.3941401177854143,logt,9,true
z_alpha[28],-0.6924172559603685,0.332386515583414,632.2381673588054,1172.594977104732,1.0016952550420544,-1.2368226801894389,-0.6865544217658541,-0.16604765667730795,logt,9,true
z_alpha[29],1.2086926169767611,0.3734787844080595,583.8105433529583,1264.2086549770493,1.0080767101038608,0.6094819630254171,1.1957815533645413,1.8371273014204645,logt,9,true
z_alpha[30],-0.532479752559891,0.32967638218300155,701.7651265125535,1169.4389205170748,1.0019040299085946,-1.0949883630853565,-0.5284362481931768,-0.006992201123248054,logt,9,true
z_alpha[31],0.19935512683480672,0.32649456237393654,789.4487645588196,1289.9275697421283,1.0061868559708191,-0.3504270608339137,0.20014639398362197,0.7227900656736647,logt,9,true
z_alpha[32],0.5414755462498267,0.33246420416784916,714.7746579515319,1044.8666704680595,1.0034973405766858,-0.03001684105229951,0.5476933821991581,1.0782297866593291,logt,9,true
z_alpha[33],-0.0918614674933289,0.3288109162704948,786.5908066799203,1269.6897752393688,1.0075671156653085,-0.6463033207363932,-0.08559081859475853,0.4488232443621319,logt,9,true
z_alpha[34],-0.5704649392757888,0.3294172362680257,664.3537599223204,1163.6592788075577,1.0017378421419456,-1.1234876943057097,-0.5613550126132929,-0.047499491773394596,logt,9,true
z_alpha[35],-0.40523319212748277,0.34537892199877407,632.6916278247162,1324.9447382213807,1.0060785801831953,-0.9748944714595766,-0.4012905307207457,0.1574590516266409,logt,9,true
z_alpha[36],-1.109166596765103,0.36479115612544866,657.9069885900118,1501.9223183416993,1.0026481804277323,-1.7096679828101644,-1.1064585296370852,-0.5164036296563281,logt,9,true
z_alpha[37],-0.8201374547413428,0.3546664042281226,613.9350036826754,1327.078299070396,1.0066568530631064,-1.421356798405347,-0.8116844809660526,-0.2559250911078237,logt,9,true
z_alpha[38],-0.6339648050895399,0.35203451378201184,682.9490983417251,1747.6529557892266,1.001416519209467,-1.2213502520158757,-0.6321428645165641,-0.05593050958961515,logt,9,true
z_beta[1],0.17595633573398947,0.30984721647428426,627.4542141299821,1143.0829999500152,1.0053326589212652,-0.33525548135811634,0.17686756829573358,0.6758034507728246,logt,9,true
z_beta[2],-0.2985196442972624,0.3120567040260499,641.6925763949124,1235.67171111221,1.0035141415063844,-0.7985345141641403,-0.30904319520014256,0.21933012767021015,logt,9,true
z_beta[3],1.0104807071136264,0.33208626259587076,633.2639135613698,1057.1543334050775,1.0072452756273942,0.475245469722258,1.0076550371346484,1.5526660164428512,logt,9,true
z_beta[4],0.27504565691562755,0.3227044749027162,554.9463948286046,1041.0501497406217,1.0025012918171898,-0.24359498409015368,0.27273495906117884,0.8196188191893816,logt,9,true
z_beta[5],-0.763520123536628,0.3350008629554591,651.0173193821131,1073.838217041292,1.0034830906278618,-1.3294821023639216,-0.7533761966278534,-0.22314757207370672,logt,9,true
z_beta[6],0.33052632279692046,0.35181884462538554,693.633269697319,1379.4499964548875,1.0062130146072876,-0.24749327468733331,0.3243035775033409,0.9016189950227855,logt,9,true
z_beta[7],-0.34862506363885826,0.3347277662614436,603.4849834146944,1275.9471105798168,1.0076099677719166,-0.8822805670470237,-0.3519234894496329,0.2012915916119416,logt,9,true
z_beta[8],-0.4900626559872384,0.32866815004933736,573.5147651767106,911.8258348698251,1.0025933904500892,-1.0354529742604053,-0.4902552820524722,0.0546792415175103,logt,9,true
z_beta[9],0.08272262530957704,0.32066966638207395,702.1116680433619,1173.9469705767185,1.0056998704106968,-0.443573830393136,0.08308057065987655,0.608428513729954,logt,9,true
z_beta[10],0.41875194940301314,0.3137809323271983,661.7601225478076,1459.9925130830043,1.0034065823495224,-0.09386532059427669,0.4139693459267334,0.9502563588360621,logt,9,true
z_beta[11],1.4290429240112512,0.35215395387045045,682.4607563272125,1149.3830225431184,1.0052965658030377,0.8492116102896907,1.420628762808937,2.0173702532267543,logt,9,true
z_beta[12],0.4891924747595218,0.3266610692462609,563.3269204374484,1140.9291087352806,1.0029180123344916,-0.036627769700882225,0.48158516608316604,1.031990748506442,logt,9,true
z_beta[13],-1.223874322807492,0.36088785616506763,628.6593496137405,1244.561373017658,1.0058626392139776,-1.8267818300067744,-1.2206260885255051,-0.6431603551558479,logt,9,true
z_beta[14],0.49886127133592484,0.31136387118234216,648.3889211924412,1330.618523725346,1.00267355245755,-0.006796259964648486,0.4936850183792265,1.0282874491254113,logt,9,true
z_beta[15],-0.6704794006292443,0.33310101742848663,604.5327277817422,1259.8469702051916,1.0026177141565171,-1.227457771334263,-0.6683571961601176,-0.12535857699870853,logt,9,true
z_beta[16],1.3807078198203908,0.3790161118570589,676.0541497035886,1401.766418774791,1.0049263803518351,0.7627713344134261,1.3721832934426854,2.0000986973744252,logt,9,true
z_beta[17],0.884641910009116,0.3422373349895645,564.199008254575,1081.2767419914132,1.0025686338908362,0.32953560912546404,0.8750601590517586,1.4690665556510167,logt,9,true
z_beta[18],0.3024223117032858,0.3449991130005602,644.9351558332926,1416.3663216981101,1.0070805831014804,-0.25490893611114696,0.30002576205363557,0.868265910163998,logt,9,true
z_beta[19],-0.2316583110572021,0.3322448330361228,571.3677306330321,999.667357076401,1.0033439318302062,-0.794863842241563,-0.23086837766318702,0.3327035798066087,logt,9,true
z_beta[20],-0.617114026165558,0.3471585171041415,645.9218438057279,1372.9905913712244,1.007344491219298,-1.1790911936118778,-0.6141553002674432,-0.05762610417426817,logt,9,true
z_beta[21],-0.2932575488011283,0.3305623033016944,588.0117463443302,1027.7864649501196,1.00209142024672,-0.8524600990229303,-0.2910477462546387,0.24459796663515215,logt,9,true
z_beta[22],-0.2927140253774781,0.3229073217593639,714.1945876191277,1373.1268746869448,1.004239118823825,-0.8177434734334185,-0.2959349628528059,0.23121133468234142,logt,9,true
z_beta[23],-1.7690815891113274,0.3790755741177173,694.5592016638069,1249.98980400752,1.0018978805365193,-2.403523977397367,-1.75723678196153,-1.1589618178793548,logt,9,true
z_beta[24],-3.128791669422985,0.47022999950161604,673.5084758775262,1414.0551573731825,1.0033482399671656,-3.889281421375699,-3.1277453323557003,-2.3703512266478226,logt,9,true
z_beta[25],0.5743190083700171,0.32386234408190356,699.9804396750427,931.7326700369156,1.0055792752973818,0.05325873737767271,0.5725838549717364,1.1204833503759533,logt,9,true
z_beta[26],1.4968888125555477,0.3592476795591231,702.1249142165191,1668.645865519566,1.0024684775767088,0.9130861898723621,1.4905718864020934,2.100139366014241,logt,9,true
z_beta[27],0.09582949838519088,0.31270358939613657,639.4162756851124,1075.6696767446683,1.005893608614808,-0.4201731684347829,0.10097038268640052,0.615729960191196,logt,9,true
z_beta[28],0.7209788623423806,0.3199081131238335,657.4195322725539,1379.3863689814755,1.001481410093628,0.20221402321086196,0.7229624148879445,1.261921113253814,logt,9,true
z_beta[29],-1.4251664055848676,0.3759973692449,643.6967125408529,1492.0530181854144,1.0055654849333793,-2.0664731195409654,-1.4224560649648876,-0.817228742972286,logt,9,true
z_beta[30],0.3729980802474567,0.30649794421612153,612.8033610170543,1265.3639057073572,1.002575084593563,-0.12688701788843684,0.3692814472515085,0.8913378037730515,logt,9,true
z_beta[31],-0.4987790862692442,0.33465613658192117,737.273507118797,1244.444222264266,1.0030249524212729,-1.0486495649956222,-0.5014262451973654,0.044576988558261525,logt,9,true
z_beta[32],-0.44190099955750967,0.30973376281225146,647.089404903609,1318.3656747322125,1.0016576366132237,-0.9399985908516711,-0.4485923512716433,0.08082049870423993,logt,9,true
z_beta[33],-0.07311663513548845,0.32086445363979477,680.2943705096756,1172.3851464480294,1.0051964807577287,-0.6094938385176583,-0.06774731065186816,0.44930564435185966,logt,9,true
z_beta[34],-0.923964625011306,0.32754557280181007,683.8648709554907,1515.575375667117,1.0013561881511068,-1.447788828624817,-0.9295167406890501,-0.3813759267219125,logt,9,true
z_beta[35],0.7096622649037941,0.3459804066240131,626.7096757325783,1141.9953429530476,1.0069292817422892,0.14627942694903356,0.7028310962103932,1.2855876938795316,logt,9,true
z_beta[36],1.3458680167119965,0.35921526249020647,610.5753932087655,1253.1434492465874,1.0014553889221078,0.77222565590808,1.3346983497997233,1.9588154556946304,logt,9,true
z_beta[37],0.40967698134562663,0.33440726070651366,605.7733179147273,1160.6685221873638,1.006119241680764,-0.13422533127230207,0.40853951017454726,0.9716515326784751,logt,9,true
z_beta[38],0.08331545627302717,0.3221071599255318,563.147460842787,1084.7499679038804,1.001554071114382,-0.431293812919718,0.08071318772795287,0.6207447220760508,logt,9,true
noise.sigma,0.11004767376699326,0.004578293809285849,1695.794878880992,2522.871680966629,1.001564828085442,0.10260533495499506,0.11009591110446904,0.117731166354869,logt,9,true
noise.nu,8.848267880977433,2.652886426314951,1681.1411304989597,1716.6042081902422,1.0012001043540295,5.618566354031995,8.355890417634505,13.849192734657914,logt,9,true
mu,0.21272053428437152,0.005631066246101573,2813.6198657806312,2828.861969022231,1.0003704022855302,0.20326875846264794,0.21268797982449286,0.22187099654674083,logt,10,true
gamma,0.17334312812970645,0.007947752429394083,2734.341804305126,2713.7060317585815,1.0004265449820535,0.1605497197010799,0.17312372802931852,0.18643092637879646,logt,10,true
sigma_alpha,0.1344349334749118,0.017010491613588117,879.4135824644152,1369.9653944931142,1.0012679100648716,0.10988316035921239,0.1327772204265899,0.1653010633429005,logt,10,true
sigma_beta,0.14281964867362948,0.018616189231115604,718.835015493811,1240.0446438680842,1.0050059019329511,0.11516822858198512,0.14116385374429039,0.17621845538013875,logt,10,true
z_alpha[1],0.287386799562541,0.3340760146489289,768.5166167378153,1215.8489182758588,1.0018882285165052,-0.2552146673347228,0.2814512321044481,0.8430710740914062,logt,10,true
z_alpha[2],0.2660570481781651,0.34049055711174525,666.4458585000764,1255.974812967185,1.0084286611659923,-0.2874310026183679,0.26298986035778316,0.8356165669780666,logt,10,true
z_alpha[3],-0.7225871251454176,0.32839151086788526,740.2809608201768,1247.9606768522544,1.003867835476166,-1.263052981106813,-0.7222810264287071,-0.1903489009885563,logt,10,true
z_alpha[4],0.28357188325925436,0.32740828782092585,753.1178933167147,1182.8607135550017,1.004110477690602,-0.2580204312528195,0.283737561914604,0.8329341245176798,logt,10,true
z_alpha[5],0.8771080010573937,0.34640337207293476,791.2530887858119,1380.0699767108758,1.0008952379688638,0.3327040703061159,0.8678612123169179,1.4511979140966251,logt,10,true
z_alpha[6],-0.42148148455040174,0.3497541317189624,997.394460620774,1498.4346904295605,1.0040261913017523,-0.9811730802706788,-0.4247670413329636,0.138802533311687,logt,10,true
z_alpha[7],0.5740498840967391,0.34257059811387586,911.8744442206116,1319.1593032974956,1.0059924505379356,0.020417125164940507,0.571618557852272,1.1303352311795616,logt,10,true
z_alpha[8],0.8047589184093665,0.3438899298863953,826.8135700275519,1292.8904800158857,1.0078315197989869,0.24804986754770755,0.7993081959342812,1.3785292002221607,logt,10,true
z_alpha[9],0.7205153813940682,0.3364131188146116,785.380421279162,1161.6983778172412,1.0011086776959999,0.17523505643525195,0.7145668904174143,1.2721913238968527,logt,10,true
z_alpha[10],-0.6190246376056041,0.3502556832678733,693.574487378503,1238.596722162326,1.0093221625535136,-1.1935480776864082,-0.6208297865018999,-0.05713808920542335,logt,10,true
z_alpha[11],-0.10573400253292228,0.33793095363222103,805.042596789842,1481.7218043203266,1.0016625175841716,-0.665604387285507,-0.10767848907794317,0.4500933642075123,logt,10,true
z_alpha[12],0.05208245782182948,0.33123238646187664,760.127368847999,1275.701251421909,1.004622524158686,-0.4824448395840882,0.048765862919089284,0.580458169186846,logt,10,true
z_alpha[13],1.1545780874820086,0.36397249940320364,943.9622044033899,1652.166867918018,1.004806016631587,0.5716519070304784,1.147315870708828,1.765441453593309,logt,10,true
z_alpha[14],-0.6721896595643848,0.3490201574266069,662.8313577109651,1557.7848551332413,1.0085824342536456,-1.2524145001670675,-0.6689026046662734,-0.10468264666295723,logt,10,true
z_alpha[15],2.426254762548838,0.4177915507958202,932.2049644674117,1482.3003586214325,1.0055629188188815,1.7456606470285776,2.4188401663148023,3.130082566589579,logt,10,true
z_alpha[16],-1.2027834435011073,0.36455032306340235,949.4871810708388,1474.6705629406702,1.0061873038857636,-1.8017559277478976,-1.1952895680446451,-0.615566022787384,logt,10,true
z_alpha[17],-0.27591301030873,0.34911916380460456,819.3644159938923,1270.9529464647444,1.0042722820769192,-0.8540910910689716,-0.27204232988598465,0.2894322943566356,logt,10,true
z_alpha[18],-0.1807944774683229,0.3374480761107971,959.7536703041042,1701.0455878340042,1.0063914090935258,-0.7328208207082734,-0.17488962150174703,0.3731526949935436,logt,10,true
z_alpha[19],0.5725053325658216,0.34011953574472004,781.1759777714055,1506.171050425754,1.0049895416677812,0.01924328794094928,0.5671160155784001,1.1325183441990776,logt,10,true
z_alpha[20],-0.366086171245042,0.3424397174488533,1038.4916145982334,1673.8856853540558,1.0052345280168902,-0.9191135019903915,-0.36950780786884396,0.19623399489381466,logt,10,true
z_alpha[21],-0.7628463664092677,0.3458946964366021,727.2604189330699,1129.8856650419984,1.0048462131335845,-1.3456860933760617,-0.7568255661697567,-0.20849535201191102,logt,10,true
z_alpha[22],0.2745838604509562,0.3591460529733732,704.3154936398532,1108.110576072415,1.0084878514711113,-0.3160329253622755,0.2726521197318787,0.8619437227285647,logt,10,true
z_alpha[23],0.5958723037397679,0.3307220765469849,753.9209764478697,1399.9388962773223,1.001506508344154,0.06595167584111507,0.5944385928983371,1.1517098013581846,logt,10,true
z_alpha[24],2.694896556113209,0.4692970475117678,806.2538716739929,1851.0472460984988,1.0022700482390465,1.9399978693116213,2.691782177742914,3.4731085636402916,logt,10,true
z_alpha[25],-0.3468816276913779,0.3323690270538251,738.2825648556807,1332.6530094917687,1.0029147606178377,-0.8885036780036164,-0.3426035304272444,0.20211833637391788,logt,10,true
z_alpha[26],-2.20404278217562,0.41917427117689365,689.5211948026438,1436.6964424970247,1.0087657327354547,-2.898109236920651,-2.205514701410838,-1.5273030629791842,logt,10,true
z_alpha[27],-0.880503133899414,0.3394207621997631,744.26583120573,1248.2942969117212,1.0033474055844795,-1.4375875587112592,-0.8786239804575044,-0.3325259709670045,logt,10,true
z_alpha[28],-0.7739538260651301,0.3480814205605086,677.1580354060178,1154.174176694258,1.0092782265745122,-1.3623379169005503,-0.7707883180028414,-0.20391788601725444,logt,10,true
z_alpha[29],1.1828164287742546,0.3651391154401728,969.223738703443,1575.35756601677,1.0053096743613972,0.5864019543384479,1.1782459810193933,1.7852172167713205,logt,10,true
z_alpha[30],-0.5621147196419836,0.3512463298980112,722.9011917792428,1392.809377201216,1.0079729177359267,-1.1486578270686878,-0.5509305982086289,0.005271764095332932,logt,10,true
z_alpha[31],0.08385295886064811,0.3246997660213703,784.7467431993517,1336.258484181611,1.0007304992344,-0.4463177692113278,0.07895739874243116,0.6362827446617376,logt,10,true
z_alpha[32],0.5426273479413446,0.345103113100132,727.2574777899705,1466.3401437058483,1.0080608660973702,-0.02353924761727434,0.5404050563133833,1.1135243729073383,logt,10,true
z_alpha[33],-0.01777994895840102,0.32402961634722327,801.1917826516418,1395.534549977571,1.0022534476456246,-0.5413604738137114,-0.023257342374177835,0.5247197988423049,logt,10,true
z_alpha[34],-0.4404285724858624,0.33335546510063624,624.7833965471465,971.5074824029483,1.0111332183593453,-0.9954114219824867,-0.43234702079874865,0.11286654412806026,logt,10,true
z_alpha[35],-0.4109170887758767,0.34367214670683416,923.6317818836502,1461.4356894458942,1.0064546182984264,-0.9807725772493238,-0.4059241177992546,0.14735929590547295,logt,10,true
z_alpha[36],-1.1382391161201544,0.3670143087835004,746.2449951617604,1115.0564349814229,1.0050578240229018,-1.752160758926944,-1.1289938346393207,-0.5408913078813631,logt,10,true
z_alpha[37],-0.7942154521265868,0.3487528713003888,875.4884218544174,1534.0170854070514,1.007728417052426,-1.355827257408587,-0.7974547368628996,-0.2225287602666875,logt,10,true
z_alpha[38],-0.5926703012005387,0.3622146864469976,821.845729324498,1264.8468691975188,1.0047413872074107,-1.1940844953506693,-0.5864256609218369,-0.010676523757379767,logt,10,true
z_beta[1],0.1929802500476127,0.31242900188506145,805.647737370828,1154.1277064043388,1.0056582449717026,-0.3286459129206834,0.1953187850859111,0.6997833671700667,logt,10,true
z_beta[2],-0.20609355203528856,0.30723252548103863,785.4727851087702,1166.3266262976952,1.0025937070280657,-0.7245817753397855,-0.19961345757745796,0.29824311539152254,logt,10,true
z_beta[3],1.019841255758495,0.3248101545591585,899.1090472672801,1593.5500103041754,1.0032549316290789,0.49382671370778375,1.0213833128892795,1.5662563662431022,logt,10,true
z_beta[4],0.37907990700384653,0.3243305845643427,641.4268850190214,1414.828091810151,1.0012729608587538,-0.14792210278315812,0.3865738549915575,0.9090088092483195,logt,10,true
z_beta[5],-0.7103548798403595,0.331604683155928,810.3256624229551,1518.144598444802,1.0050580479051732,-1.2752898040732463,-0.7112282318189218,-0.17249926974278215,logt,10,true
z_beta[6],0.27812654834022726,0.34064817494063393,950.5536254858546,1256.019898001033,1.0048385567152807,-0.2700766598763098,0.2747099984661839,0.8423425050319661,logt,10,true
z_beta[7],-0.3308345575580978,0.3258622813294258,904.6300239178673,1341.0597510311943,1.0059699519579672,-0.8612549829279219,-0.33524859932287154,0.21544664799521435,logt,10,true
z_beta[8],-0.4545665744434406,0.3385974717729092,765.3419884420799,1748.1752380143018,1.002355914265991,-1.0193194079441454,-0.44937734403540536,0.09009357412371026,logt,10,true
z_beta[9],0.08260941874112328,0.3143800149777317,826.5480828324315,1132.0137916816623,1.0043230855988523,-0.4516406351495532,0.08348189608573847,0.6021221684859657,logt,10,true
z_beta[10],0.4963033351307928,0.32208817965078523,713.7297637299183,1266.3715441470902,1.0019894264609241,-0.029948557936574922,0.4906781675748191,1.0440250855096669,logt,10,true
z_beta[11],1.4591792236096066,0.3561013836807351,906.6385904428232,1428.415301234644,1.0033048912082838,0.8877781509870638,1.455179804917286,2.0655642245049144,logt,10,true
z_beta[12],0.566487284470085,0.32650495309678174,656.259328123896,1198.5766595823875,1.001283742391254,0.03377326476404589,0.5633016648714889,1.1130451414905034,logt,10,true
z_beta[13],-1.3264663305007558,0.35923626834136047,741.6250289823913,1113.2903139997015,1.0090790379409227,-1.924402340732868,-1.3215877865211116,-0.7353769705791716,logt,10,true
z_beta[14],0.5240656252611261,0.318204631163535,742.4943160533164,1179.2788054950831,1.0022742004702676,0.0020043364256263395,0.5214737451070458,1.0394191875418815,logt,10,true
z_beta[15],-0.631029467421833,0.3301841094030751,709.4355026097371,1550.8989008670883,1.0029526359382754,-1.2038144105719049,-0.6194230697140313,-0.10237095587672516,logt,10,true
z_beta[16],1.4300016077182554,0.3881990284264199,963.6308198227745,1290.1464289331218,1.001930090869703,0.8174659224205835,1.4166540484219552,2.07367814620353,logt,10,true
z_beta[17],0.9028388239298197,0.34399961708249543,702.9518997409506,1157.852456755399,1.0013958651318382,0.35058325628001213,0.8961885428398092,1.4756870519584593,logt,10,true
z_beta[18],0.3821177263419531,0.3353921111515416,954.3882524939431,1275.19887527874,1.0034725894991745,-0.1598294668303888,0.3806649049943422,0.935855353670532,logt,10,true
z_beta[19],-0.2515251273280496,0.33580714701570386,756.0734033024462,1243.708383547402,1.0038324717977458,-0.8056016793671968,-0.2473530143644448,0.29277956807963323,logt,10,true
z_beta[20],-0.4733053997991419,0.3368296302595601,856.3482604887695,1433.4353066409165,1.0072735346343498,-1.0207401131496063,-0.47342074007913704,0.08940451603687757,logt,10,true
z_beta[21],-0.33440215876913926,0.3376147415738369,785.3518986475774,1389.3964501430019,1.0025416803805167,-0.900258710208143,-0.3292892406914877,0.2121057696012925,logt,10,true
z_beta[22],-0.15967400058931594,0.32110974289647987,808.1500200814128,1485.730233655068,1.0020418650400256,-0.6945409841213744,-0.15828445073596145,0.3665132425003323,logt,10,true
z_beta[23],-1.7375349693775828,0.3810827588009558,690.5827379431624,1177.9320545087876,1.0065142985993465,-2.3802686145310217,-1.731011510600815,-1.1368517831370306,logt,10,true
z_beta[24],-3.119938959695322,0.4670485840724957,741.7876426970903,1184.242680871119,1.0068879470111671,-3.923384563906431,-3.1044096253707316,-2.3770360773654833,logt,10,true
z_beta[25],0.48037395088317963,0.3111484346793626,807.4663019310187,1162.9599116985646,1.004362403557758,-0.03585490553781444,0.4871013752920838,0.9978600237679458,logt,10,true
z_beta[26],1.4701754497548254,0.37045603550169237,805.7464455609675,1490.7042147000543,1.0035783494237964,0.8856154657170741,1.4625537985757515,2.1062620414983835,logt,10,true
z_beta[27],0.10038844574549242,0.3066688725907998,794.9860902191964,1022.0202845027202,1.0052796515385685,-0.4027375180329268,0.09911433347895028,0.6135820387203191,logt,10,true
z_beta[28],0.8127655797916775,0.3316513285260327,729.4074152534298,1158.1469569503697,1.001543163092276,0.270005192276201,0.8027616918184924,1.3689866643156243,logt,10,true
z_beta[29],-1.4021771406823433,0.36580697614977475,739.6498641280461,1393.9843537442023,1.0093653105163962,-2.00133952134815,-1.3964257862781937,-0.8137958762338247,logt,10,true
z_beta[30],0.34217139589641365,0.31619665167385375,792.150052399185,1205.419836044446,1.001439011963316,-0.17963533305665008,0.3430822247156817,0.8733125038676157,logt,10,true
z_beta[31],-0.40907040983215065,0.3200636286156688,768.8916172929466,1230.7361786403062,1.004651914871971,-0.9383289098180069,-0.40810706291681476,0.12430186417350185,logt,10,true
z_beta[32],-0.4487731300743061,0.3046208996306859,735.6322727493232,1008.3717461628491,1.0030896546147783,-0.9634412718955824,-0.4389832614418494,0.03678028865741826,logt,10,true
z_beta[33],-0.18884683827185902,0.31929201872533325,748.503556741491,1093.5519045041033,1.0053750535287835,-0.7237800677496713,-0.18870718934462968,0.3258094246280606,logt,10,true
z_beta[34],-0.9258633582815006,0.32298026985138106,818.0475396646177,1008.4874343692156,1.004193189147463,-1.4742453525014014,-0.9146183191497801,-0.4087030760559835,logt,10,true
z_beta[35],0.7101360484960152,0.3374516140079437,900.0877544758227,1123.6201026253932,1.0028454093612233,0.17624412198284217,0.7031305874580428,1.2872462826158202,logt,10,true
z_beta[36],1.4710576726030589,0.3688342700159425,666.2275300023908,969.9742187585708,1.000911647361781,0.8629888840997014,1.4593515437751612,2.085574922211135,logt,10,true
z_beta[37],0.46371933172523505,0.33597083904511194,922.936607872784,1235.9929198259385,1.003463305935493,-0.08317774340534725,0.46172084960969273,1.0191626838544483,logt,10,true
z_beta[38],0.048352615704706614,0.3215061447370836,803.2648227145179,1345.3390707329056,1.0005741750257944,-0.4817265089532882,0.041514308374255224,0.5838142939740771,logt,10,true
noise.sigma,0.10873804321195917,0.004663321366873792,1976.6107693129986,2232.9965342888117,1.0026199858916096,0.1013710121938056,0.10863984640116864,0.1164637792106545,logt,10,true
noise.nu,9.703708203090107,3.7467595426218314,1955.7599652278393,1767.4058555741326,1.0027683966175303,5.84836270932473,8.85731112306732,16.559409617552767,logt,10,true
