arm,point,coordinate,precision,historically_failed,h,relative_error,rounding_floor,order_to_next,at_floor,trend_ok
grw,1,3,Float64,false,0.001,7.029213463782718e-6,2.3884439944018146e-10,2.000109312420935,false,true
grw,1,3,Float64,false,0.0001,7.027444425307646e-8,2.388332272117475e-9,1.9332439480687647,true,true
grw,1,3,Float64,false,1.0e-5,8.19508517469611e-10,2.3883196437721956e-8,1.245978992945394,true,true
grw,1,3,Float64,false,1.0e-6,4.651301362236807e-11,2.3883183667079447e-7,NaN,true,true
grw,1,3,BigFloat128,false,0.001,7.029212747252664e-6,6.322158612285789e-33,1.999997999844754,false,true
grw,1,3,BigFloat128,false,0.0001,7.0292451205609e-8,6.321862885743115e-32,1.9999999799984134,false,true
grw,1,3,BigFloat128,false,1.0e-5,7.02924544429529e-10,6.32182945964235e-31,1.9999999997999842,false,true
grw,1,3,BigFloat128,false,1.0e-6,7.029245447532632e-12,6.321826078499963e-30,NaN,false,true
grw,1,12,Float64,false,0.001,1.281099501932416e-11,4.530164170904586e-9,-1.473830561339889,true,true
grw,1,12,Float64,false,0.0001,3.8142874913401884e-10,4.5301513793299465e-8,-0.5543640619254951,true,true
grw,1,12,Float64,false,1.0e-5,1.3670282378510367e-9,4.530150100334387e-7,-1.025840625607581,true,true
grw,1,12,Float64,false,1.0e-6,1.4508352914634691e-8,4.530149972436508e-6,NaN,true,true
grw,1,12,BigFloat128,false,0.001,4.631055621901294e-33,1.1991244716488452e-31,-0.4306311739659936,true,true
grw,1,12,BigFloat128,false,0.0001,1.2482775823382168e-32,1.1991210857318684e-30,-1.3925002975718026,true,true
grw,1,12,BigFloat128,false,1.0e-5,3.081849800069918e-31,1.1991207471845629e-29,-0.16714319838187813,true,true
grw,1,12,BigFloat128,false,1.0e-6,4.528503076218817e-31,1.1991207133302763e-28,NaN,true,true
grw,1,40,Float64,false,0.001,2.9567736068194805e-11,6.739067994607824e-9,-0.7490877076660317,true,true
grw,1,40,Float64,false,0.0001,1.659226901972615e-10,6.739055203646376e-8,-1.1065994526374363,true,true
grw,1,40,Float64,false,1.0e-5,2.120826948656751e-9,6.739053911494508e-7,-0.11541503388440821,true,true
grw,1,40,Float64,false,1.0e-6,2.766433704170008e-9,6.739053797889177e-6,NaN,true,true
grw,1,40,BigFloat128,false,0.001,2.903782996807136e-34,1.7838164453811847e-31,-2.096452796946676,true,true
grw,1,40,BigFloat128,false,0.0001,3.6259094550060364e-32,1.783813059937856e-30,-1.4072914350745076,true,true
grw,1,40,BigFloat128,false,1.0e-5,9.262077058569574e-31,1.7838127213952869e-29,0.8591940891982168,true,true
grw,1,40,BigFloat128,false,1.0e-6,1.2808972720130738e-31,1.7838126875410479e-28,NaN,true,true
grw,1,42,Float64,false,0.001,2.382905845827168e-11,1.2342631894378818e-8,-1.1469162764828136,true,true
grw,1,42,Float64,false,0.0001,3.342128617797622e-10,1.2342619096366352e-7,-1.0931146744802307,true,true
grw,1,42,Float64,false,1.0e-5,4.1413108829326645e-9,1.2342617821473313e-6,-0.06498345821739997,true,true
grw,1,42,Float64,false,1.0e-6,4.809736583582019e-9,1.2342617634210465e-5,NaN,true,true
grw,1,42,BigFloat128,false,0.001,5.783992618275134e-34,3.267067459490817e-31,-1.4822374680616506,true,true
grw,1,42,BigFloat128,false,0.0001,1.755760191833054e-32,3.2670640729770196e-30,-1.7959542786257159,true,true
grw,1,42,BigFloat128,false,1.0e-5,1.097537775040417e-30,3.267063734423746e-29,-0.5824452093403376,true,true
grw,1,42,BigFloat128,false,1.0e-6,4.196282192691148e-30,3.2670637005693997e-28,NaN,true,true
grw,1,49,Float64,false,0.001,2.5153425752969747e-11,6.188942966305561e-9,-1.1300309510695865,true,true
grw,1,49,Float64,false,0.0001,3.393345597621307e-10,6.188930172850465e-8,0.491231299352206,true,true
grw,1,49,Float64,false,1.0e-5,1.0949563172797307e-10,6.188928895956246e-7,-2.565748946018972,true,true
grw,1,49,Float64,false,1.0e-6,4.028521998984567e-8,6.188928518736022e-6,NaN,true,true
grw,1,49,BigFloat128,false,0.001,1.0579250033237346e-33,1.6381995628970101e-31,-1.5946656477305825,true,true
grw,1,49,BigFloat128,false,0.0001,4.1602605369077996e-32,1.6381961770123333e-30,-1.202791934878377,true,true
grw,1,49,BigFloat128,false,1.0e-5,6.636093006040548e-31,1.6381958384653507e-29,0.2590835252531268,true,true
grw,1,49,BigFloat128,false,1.0e-6,3.6545081845553486e-31,1.6381958046110675e-28,NaN,true,true
grw,1,70,Float64,false,0.001,6.105461312778885e-11,3.873112681250947e-8,-1.2878493785883058,true,true
grw,1,70,Float64,false,0.0001,1.1845894548880894e-9,3.873111401967302e-7,-1.4691410092259025,true,true
grw,1,70,Float64,false,1.0e-5,3.489063483416675e-8,3.873111274066541e-6,-0.2564869277878162,true,true
grw,1,70,Float64,false,1.0e-6,6.297900562523496e-8,3.873111261276742e-5,NaN,true,true
grw,1,70,BigFloat128,false,0.001,3.0800705441032554e-32,1.0252043904524982e-30,-0.8512147099519976,true,true
grw,1,70,BigFloat128,false,0.0001,2.1866303583381293e-31,1.0252040518289365e-29,-1.4284967090810645,true,true
grw,1,70,BigFloat128,false,1.0e-5,5.865054910458103e-30,1.0252040179738873e-28,-0.8145212440047435,true,true
grw,1,70,BigFloat128,false,1.0e-6,3.826426067258386e-29,1.0252040145884556e-27,NaN,true,true
grw,1,71,Float64,true,0.001,6.601973556793697e-9,3.294647266038928e-6,-0.9158333110074419,true,true
grw,1,71,Float64,true,0.0001,5.438850126332834e-8,3.294647095730231e-5,-1.652542408094863,true,true
grw,1,71,Float64,true,1.0e-5,2.443709063545748e-6,0.00032946392224819865,-0.2961689317250122,true,true
grw,1,71,Float64,true,1.0e-6,4.833018208149328e-6,0.0032946313504232227,NaN,true,true
grw,1,71,BigFloat128,true,0.001,1.7350998423798366e-30,8.720858757313237e-29,-0.7855106907304755,true,true
grw,1,71,BigFloat128,true,0.0001,1.058851755707444e-29,8.720858723249427e-28,-1.560521902593067,true,true
grw,1,71,BigFloat128,true,1.0e-5,3.8490811168308573e-28,8.720858719861908e-27,0.1840506511362366,true,true
grw,1,71,BigFloat128,true,1.0e-6,2.5194538786052166e-28,8.720858719523345e-26,NaN,true,true
grw,1,75,Float64,false,0.001,3.349264678266059e-11,9.008587508517884e-8,-2.2419353581824484,true,true
grw,1,75,Float64,false,0.0001,5.846350216572579e-9,9.008586176684542e-7,-0.6615649391121713,true,true
grw,1,75,Float64,false,1.0e-5,2.6819443783943282e-8,9.00858610145231e-6,-1.4439786033225648,true,true
grw,1,75,Float64,false,1.0e-6,7.454669088787263e-7,9.008586088662523e-5,NaN,true,true
grw,1,75,BigFloat128,false,0.001,1.4357226288904214e-32,2.384553258730681e-30,-1.0775651927667247,true,true
grw,1,75,BigFloat128,false,0.0001,1.7164681064983268e-31,2.3845529201382627e-29,-1.836302422191101,true,true
grw,1,75,BigFloat128,false,1.0e-5,1.1774383051729593e-29,2.384552886283525e-28,1.1143376165560142,true,true
grw,1,75,BigFloat128,false,1.0e-6,9.048999076575954e-31,2.3845528828980965e-27,NaN,true,true
grw,1,85,Float64,false,0.001,5.090486227364301e-10,4.5547620103466024e-8,0.526096690676343,true,true
grw,1,85,Float64,false,0.0001,1.5158721571082884e-10,4.554760733602901e-7,-1.808696017173099,true,true
grw,1,85,Float64,false,1.0e-5,9.757950108379374e-9,4.554760561259229e-6,-1.2020952418979731,true,true
grw,1,85,Float64,false,1.0e-6,1.5540100931171234e-7,4.554760592914578e-5,NaN,true,true
grw,1,85,BigFloat128,false,0.001,2.128455746900123e-32,1.2056354661342913e-30,-1.1468704624002768,true,true
grw,1,85,BigFloat128,false,0.0001,2.984936437504074e-31,1.2056351275693203e-29,-1.3489051980060232,true,true
grw,1,85,BigFloat128,false,1.0e-5,6.665615919882425e-30,1.205635093714857e-28,-0.06308556404947846,true,true
grw,1,85,BigFloat128,false,1.0e-6,7.707718580334231e-30,1.2056350903294312e-27,NaN,true,true
grw,1,102,Float64,false,0.001,9.361894309935155e-12,6.611993454996562e-9,-1.5422469644978767,true,true
grw,1,102,Float64,false,0.0001,3.262952099908524e-10,6.611980664285569e-8,-0.6882631865670331,true,true
grw,1,102,Float64,false,1.0e-5,1.5917464317296653e-9,6.611979374774013e-7,-1.6352295042062035,true,true
grw,1,102,Float64,false,1.0e-6,6.872320246220529e-8,6.611978803004425e-6,NaN,true,true
grw,1,102,BigFloat128,false,0.001,5.3798885413484974e-33,1.7501800948325981e-31,-0.9609306478762468,true,true
grw,1,102,BigFloat128,false,0.0001,4.9170420922310833e-32,1.7501767091432035e-30,-0.32849595991343045,true,true
grw,1,102,BigFloat128,false,1.0e-5,1.0476106045989072e-31,1.7501763705981737e-29,-0.9378052366621583,true,true
grw,1,102,BigFloat128,false,1.0e-6,9.078312382910288e-31,1.7501763367439102e-28,NaN,true,true
grw,1,126,Float64,false,0.001,9.264009460510629e-11,1.253555986146361e-8,-0.9909833586757772,true,true
grw,1,126,Float64,false,0.0001,9.073656799668421e-10,1.253554707261218e-7,-0.3022706156003218,true,true
grw,1,126,Float64,false,1.0e-5,1.8199227928497587e-9,1.2535545770819096e-6,-1.379780872939062,true,true
grw,1,126,Float64,false,1.0e-6,4.363488513931679e-8,1.2535545665735105e-5,NaN,true,true
grw,1,126,BigFloat128,false,0.001,6.12548170376253e-33,3.3181350674755898e-31,-0.6722461591407889,true,true
grw,1,126,BigFloat128,false,0.0001,2.8799596704005997e-32,3.31813168198741e-30,-1.7273795876061928,true,true
grw,1,126,BigFloat128,false,1.0e-5,1.5373260761441802e-30,3.3181313434443924e-29,-0.13061244038367895,true,true
grw,1,126,BigFloat128,false,1.0e-6,2.076722336924755e-30,3.3181313095901493e-28,NaN,true,true
grw,1,172,Float64,false,0.001,5.4873682052682596e-11,1.4379684748193616e-8,-0.6722164781613362,true,true
grw,1,172,Float64,false,0.0001,2.579767580336922e-10,1.4379671954479758e-7,-1.7450203693746502,true,true
grw,1,172,Float64,false,1.0e-5,1.434171044903634e-8,1.4379670679210102e-6,-0.5920142007057422,true,true
grw,1,172,Float64,false,1.0e-6,5.605510246942658e-8,1.437967055131239e-5,NaN,true,true
grw,1,172,BigFloat128,false,0.001,6.374513980017016e-33,3.806270860265672e-31,-0.9195753051130874,true,true
grw,1,172,BigFloat128,false,0.0001,5.296907428275211e-32,3.806267474779739e-30,-1.5362971589052543,true,true
grw,1,172,BigFloat128,false,1.0e-5,1.8210402371240914e-30,3.806267136236744e-29,-0.41143623851847705,true,true
grw,1,172,BigFloat128,false,1.0e-6,4.6962994437642096e-30,3.8062671023825007e-28,NaN,true,true
grw,1,217,Float64,false,0.001,7.927802372170132e-11,1.694662975419022e-8,0.0,true,true
grw,1,217,Float64,false,0.0001,7.927802372170132e-11,1.6946616964038853e-7,-1.5052129746390013,true,true
grw,1,217,Float64,false,1.0e-5,2.5372647737847342e-9,1.6946615643403545e-6,-1.7183480484528135,true,true
grw,1,217,Float64,false,1.0e-6,1.326520110481135e-7,1.694661555850387e-5,NaN,true,true
grw,1,217,BigFloat128,false,0.001,1.6017994417314206e-33,4.485735546205359e-31,-0.936516459162951,true,true
grw,1,217,BigFloat128,false,0.0001,1.3839633748681252e-32,4.485732160680481e-30,-0.38005688624855094,true,true
grw,1,217,BigFloat128,false,1.0e-5,3.320331788948623e-32,4.485731822137097e-29,-2.140988368386662,true,true
grw,1,217,BigFloat128,false,1.0e-6,4.593776394472781e-30,4.48573178828285e-28,NaN,true,true
grw,1,245,Float64,true,0.001,3.295286829171333e-7,5.085300497066011e-5,-0.7570097906241781,true,true
grw,1,245,Float64,true,0.0001,1.8832284791221927e-6,0.0005085290918940793,-0.9440639607423517,true,true
grw,1,245,Float64,true,1.0e-5,1.655644054595087e-5,0.005085300495594978,-1.0841278795116855,true,true
grw,1,245,Float64,true,1.0e-6,0.00020095316626224334,0.05085300495582184,NaN,true,true
grw,1,245,BigFloat128,true,0.001,1.3906797343042572e-29,1.3460678336573603e-27,-1.3352124221493953,true,true
grw,1,245,BigFloat128,true,0.0001,3.0091202831990916e-28,1.3460678333020036e-26,-1.32395657505682,true,true
grw,1,245,BigFloat128,true,1.0e-5,6.3444813216521695e-27,1.3460678332679812e-25,-0.26736173753050424,true,true
grw,1,245,BigFloat128,true,1.0e-6,1.1742426776160939e-26,1.3460678332645944e-24,NaN,true,true
grw,1,259,Float64,true,0.001,4.057937217434472e-8,6.788344062617896e-6,0.6712543457090534,true,true
grw,1,259,Float64,true,0.0001,8.650694553593528e-9,6.788343991029782e-5,-2.7085731932427985,true,true
grw,1,259,Float64,true,1.0e-5,4.422055317621121e-6,0.0006788344048473951,-0.3691843037302714,true,true
grw,1,259,Float64,true,1.0e-6,1.0346857664639457e-5,0.0067882738103164,NaN,true,true
grw,1,259,BigFloat128,true,0.001,4.9061611964300595e-30,1.7968597119798368e-28,-1.1377800664911586,true,true
grw,1,259,BigFloat128,true,0.0001,6.737858399210577e-29,1.7968597085747054e-27,-1.1187235243897062,true,true
grw,1,259,BigFloat128,true,1.0e-5,8.856158980349087e-28,1.796859708235966e-26,-0.35090660340270036,true,true
grw,1,259,BigFloat128,true,1.0e-6,1.9867901926607213e-27,1.79685970820211e-25,NaN,true,true
grw,1,264,Float64,false,0.001,2.7272613659969986e-13,2.2285207178471457e-8,-3.9769220032336987,true,true
grw,1,264,Float64,false,0.0001,2.5861205398226426e-9,2.2285194388441131e-7,-1.0413510495122547,true,true
grw,1,264,Float64,false,1.0e-5,2.84445988345107e-8,2.2285193109461594e-6,-0.8422638988976701,true,true
grw,1,264,Float64,false,1.0e-6,1.978170458892543e-7,2.2285188573172835e-5,NaN,true,true
grw,1,264,BigFloat128,false,0.001,8.179996777953969e-33,5.898845223922929e-31,-1.3334969263809962,true,true
grw,1,264,BigFloat128,false,0.0001,1.762990852796704e-31,5.898841838430089e-30,-1.2481065553401376,true,true
grw,1,264,BigFloat128,false,1.0e-5,3.1214516647340677e-30,5.898841499887025e-29,0.4259749369391515,true,true
grw,1,264,BigFloat128,false,1.0e-6,1.170527651092456e-30,5.898841466032781e-28,NaN,true,true
grw,1,269,Float64,false,0.001,1.6107871153890164e-10,3.748704783289719e-8,-1.2914867448590754,true,true
grw,1,269,Float64,false,0.0001,3.1515550087170463e-9,3.7487034929671825e-7,-0.8474730085647579,true,true
grw,1,269,Float64,false,1.0e-5,2.218185696305394e-8,3.7487032937291808e-6,-1.096271342643982,true,true
grw,1,269,Float64,false,1.0e-6,2.768657557069949e-7,3.7487033640926005e-5,NaN,true,true
grw,1,269,BigFloat128,false,0.001,8.537171987799297e-33,9.92273894214892e-31,-0.9161636964369113,true,true
grw,1,269,BigFloat128,false,0.0001,7.038461301496835e-32,9.922735556367307e-30,-1.5208026675622486,true,true
grw,1,269,BigFloat128,false,1.0e-5,2.3349651054563277e-30,9.922735217821355e-29,-0.6780306960195809,true,true
grw,1,269,BigFloat128,false,1.0e-6,1.1125283602936979e-29,9.922735183967083e-28,NaN,true,true
grw,1,282,Float64,true,0.001,5.829759876293753e-9,1.3527031941519026e-6,-1.208030221434604,true,true
grw,1,282,Float64,true,0.0001,9.411977673039357e-8,1.3527031813480877e-5,-0.9188699899012481,true,true
grw,1,282,Float64,true,1.0e-5,7.808199088762488e-7,0.00013527031800689696,-0.9909868493576334,true,true
grw,1,282,Float64,true,1.0e-6,7.647821228369179e-6,0.001352703179941071,NaN,true,true
grw,1,282,BigFloat128,true,0.001,7.874132139681278e-33,3.580575541571221e-29,-2.8304993188495287,true,true
grw,1,282,BigFloat128,true,0.0001,5.329690838621112e-30,3.5805755076798046e-28,-0.5977059307623749,true,true
grw,1,282,BigFloat128,true,1.0e-5,2.110609789836254e-29,3.580575504294009e-27,-1.7133115407611255,true,true
grw,1,282,BigFloat128,true,1.0e-6,1.090735602259915e-27,3.580575503955464e-26,NaN,true,true
grw,1,284,Float64,false,0.001,5.768558162356432e-10,7.46230364821632e-8,-1.17817795048445,true,true
grw,1,284,Float64,false,0.0001,8.69451230213828e-9,7.462302308659596e-7,-0.6752843366399304,true,true
grw,1,284,Float64,false,1.0e-5,4.1165136795698623e-8,7.4623019384562566e-6,-1.084450834321866,true,true
grw,1,284,Float64,false,1.0e-6,5.000119654552374e-7,7.462302232853181e-5,NaN,true,true
grw,1,284,BigFloat128,false,0.001,3.397058550638505e-32,1.9752553300316834e-30,-0.7634401331080495,true,true
grw,1,284,BigFloat128,false,0.0001,1.9703490344580728e-31,1.9752549914884122e-29,-1.4034577375533703,true,true
grw,1,284,BigFloat128,false,1.0e-5,4.988855247126572e-30,1.975254957634166e-28,-0.6052046714283702,true,true
grw,1,284,BigFloat128,false,1.0e-6,2.010044046874669e-29,1.9752549542487422e-27,NaN,true,true
grw,1,328,Float64,true,0.001,8.407745462597738e-9,2.175563597000088e-6,-1.5155796299983175,true,true
grw,1,328,Float64,true,0.0001,2.755872907279777e-7,2.175562984635548e-5,-0.6183141835222514,true,true
grw,1,328,Float64,true,1.0e-5,1.1443881941387753e-6,0.00021755635829140733,-0.7106296182313059,true,true
grw,1,328,Float64,true,1.0e-6,5.877640063000923e-6,0.0021755635827861745,NaN,true,true
grw,1,328,BigFloat128,true,0.001,1.4857639668657036e-30,5.758668892206741e-29,-0.996090017912138,true,true
grw,1,328,BigFloat128,true,0.0001,1.4724475692673744e-29,5.758668858307248e-28,-0.9442754453331219,true,true
grw,1,328,BigFloat128,true,1.0e-5,1.2951357299227495e-28,5.7586688549213715e-27,-0.507403405907845,true,true
grw,1,328,BigFloat128,true,1.0e-6,4.165994484842162e-28,5.758668854582825e-26,NaN,true,true
grw,1,344,Float64,false,0.001,9.05764648156159e-12,2.123703384033907e-8,-2.012932154848298,true,true
grw,1,344,Float64,false,0.0001,9.331415358029792e-10,2.1237021050323517e-7,-1.24315938343959,true,true
grw,1,344,Float64,false,1.0e-5,1.6334539841564217e-8,2.123701977134413e-6,-0.9718138657058789,true,true
grw,1,344,Float64,false,1.0e-6,1.5308081658402664e-7,2.123701639246611e-5,NaN,true,true
grw,1,344,BigFloat128,false,0.001,1.1097868400171827e-32,5.621396051475536e-31,-1.0018404656224649,true,true
grw,1,344,BigFloat128,false,0.0001,1.1144999060756037e-31,5.621392665986608e-30,-1.275578655743248,true,true
grw,1,344,BigFloat128,false,1.0e-5,2.10212574913406e-30,5.621392327443583e-29,-0.43239203264589715,true,true
grw,1,344,BigFloat128,false,1.0e-6,5.6891937544935826e-30,5.62139229358934e-28,NaN,true,true
grw,1,353,Float64,false,0.001,8.170779281407361e-10,1.0943293575238568e-7,-1.1325613825836764,true,true
grw,1,353,Float64,false,0.0001,1.1087276072598122e-8,1.0943292305199378e-6,-0.27025642138234063,true,true
grw,1,353,Float64,false,1.0e-5,2.065766750441324e-8,1.0943291951238755e-5,-0.8250087692381193,true,true
grw,1,353,Float64,false,1.0e-6,1.380670520876005e-7,0.00010943292164511878,NaN,true,true
grw,1,353,BigFloat128,false,0.001,6.106134169450087e-32,2.8966656928991056e-30,-1.0638591119839256,true,true
grw,1,353,BigFloat128,false,0.0001,7.073354993598246e-31,2.8966653543557294e-29,-1.14286728240254,true,true
grw,1,353,BigFloat128,false,1.0e-5,9.828624361553097e-30,2.896665320501482e-28,-0.31906287812295675,true,true
grw,1,353,BigFloat128,false,1.0e-6,2.049064434144747e-29,2.8966653171160582e-27,NaN,true,true
grw,1,400,Float64,false,0.001,5.640278587380139e-10,1.6984107784683173e-7,-0.5029429407984836,true,true
grw,1,400,Float64,false,0.0001,1.7957401635513018e-9,1.6984106484782572e-6,-1.8298875026998462,true,true
grw,1,400,Float64,false,1.0e-5,1.2137549075556386e-7,1.698410638738388e-5,-0.01266418996416605,true,true
grw,1,400,Float64,false,1.0e-6,1.2496695532201845e-7,0.0001698410425214205,NaN,true,true
grw,1,400,BigFloat128,false,0.001,1.1016720922602598e-31,4.495655900455955e-30,-0.9515413949111529,true,true
grw,1,400,BigFloat128,false,0.0001,9.853573101317851e-31,4.495655561912484e-29,-0.6335176101172387,true,true
grw,1,400,BigFloat128,false,1.0e-5,4.237516019106596e-30,4.495655528058235e-28,-0.29139221156353506,true,true
grw,1,400,BigFloat128,false,1.0e-6,8.289027196012718e-30,4.495655524672812e-27,NaN,true,true
grw,1,405,Float64,false,0.001,4.1820504145610637e-11,3.584764748151916e-8,-0.8583196089600905,true,true
grw,1,405,Float64,false,0.0001,3.017927989392756e-10,3.5847634682234103e-7,-1.3952004288573725,true,true
grw,1,405,Float64,false,1.0e-5,7.49737617439909e-9,3.5847633414073774e-6,-0.9732447465410741,true,true
grw,1,405,Float64,false,1.0e-6,7.049430744799125e-8,3.5847630759121994e-5,NaN,true,true
grw,1,405,BigFloat128,false,0.001,2.1815814866320018e-32,9.488793281148194e-31,-1.0043629031174428,true,true
grw,1,405,BigFloat128,false,0.0001,2.2036080110589758e-31,9.488789895672475e-30,-1.0106312189193931,true,true
grw,1,405,BigFloat128,false,1.0e-5,2.2582164227993937e-30,9.488789557129581e-29,-0.17408123611850493,true,true
grw,1,405,BigFloat128,false,1.0e-6,3.371683476356227e-30,9.48878952327534e-28,NaN,true,true
grw,1,438,Float64,true,0.001,1.83703292524775e-8,3.1695628084147174e-6,-0.9893985987013648,true,true
grw,1,438,Float64,true,0.0001,1.7927326948040605e-7,3.1695627956125284e-5,-1.0514409192172156,true,true
grw,1,438,Float64,true,1.0e-5,2.0181640149424467e-6,0.00031695627943334275,-0.765944628263357,true,true
grw,1,438,Float64,true,1.0e-6,1.1773377961962267e-5,0.0031695254777447794,NaN,true,true
grw,1,438,BigFloat128,true,0.001,6.066341345115165e-31,8.38976289724732e-29,-1.2506276094714495,true,true
grw,1,438,BigFloat128,true,0.0001,1.0803250672177698e-29,8.38976286336021e-28,0.005161710583204474,true,true
grw,1,438,BigFloat128,true,1.0e-5,1.0675611055011327e-29,8.389762859974457e-27,-1.9312381302213344,true,true
grw,1,438,BigFloat128,true,1.0e-6,9.112360083285503e-28,8.389762859635912e-26,NaN,true,true
grw,1,440,Float64,false,0.001,3.5869737333900577e-10,1.6697891575047983e-7,-1.2523651943475993,true,true
grw,1,440,Float64,false,0.0001,6.41347477278585e-9,1.6697890194916107e-6,-1.2039376314690262,true,true
grw,1,440,Float64,false,1.0e-5,1.0257251926201832e-7,1.6697890174109385e-5,-0.3385729640039284,true,true
grw,1,440,Float64,false,1.0e-6,2.236680679232134e-7,0.00016697890161319605,NaN,true,true
grw,1,440,BigFloat128,false,0.001,1.5517962602481725e-33,4.419895099630919e-30,-2.4755965053596816,true,true
grw,1,440,BigFloat128,false,0.0001,4.639072996547497e-31,4.4198947610745325e-29,-1.309264463575095,true,true
grw,1,440,BigFloat128,false,1.0e-5,9.45574321643266e-30,4.419894727220155e-28,-0.8278308842122961,true,true
grw,1,440,BigFloat128,false,1.0e-6,6.361016967920276e-29,4.41989472383473e-27,NaN,true,true
grw,1,456,Float64,true,0.001,3.775346658327247e-9,6.527910653529632e-7,-0.7217944411926208,true,true
grw,1,456,Float64,true,0.0001,1.989533593234899e-8,6.52791055026373e-6,-0.9303417951942136,true,true
grw,1,456,Float64,true,1.0e-5,1.6947009456422942e-7,6.527909431188213e-5,-1.3293561713145978,true,true
grw,1,456,Float64,true,1.0e-6,3.6178390582909197e-6,0.000652791053619485,NaN,true,true
grw,1,456,BigFloat128,true,0.001,8.610792680202218e-32,1.7279235691084937e-29,-0.5286770152761098,true,true
grw,1,456,BigFloat128,true,0.0001,2.9088421070880954e-31,1.7279235352507268e-28,-1.6204331697641245,true,true
grw,1,456,BigFloat128,true,1.0e-5,1.2138172860183477e-29,1.727923531865268e-27,-0.8787468178912542,true,true
grw,1,456,BigFloat128,true,1.0e-6,9.181214542186876e-29,1.7279235315267252e-26,NaN,true,true
grw,1,461,Float64,true,0.001,7.199509220738904e-9,4.226664316628004e-6,-1.2049407357365622,true,true
grw,1,461,Float64,true,0.0001,1.1541004968730054e-7,4.22666433425814e-5,-1.4895556200171645,true,true
grw,1,461,Float64,true,1.0e-5,3.562864024946654e-6,0.00042266492739487645,-1.4253001037758105e-11,true,true
grw,1,461,Float64,true,1.0e-6,3.5628640250635826e-6,0.004226649273820867,NaN,true,true
grw,1,461,BigFloat128,true,0.001,5.208840575173634e-31,1.1187887371697329e-28,-1.2961265824455843,true,true
grw,1,461,BigFloat128,true,0.0001,1.0300721558693849e-29,1.118788733781661e-27,-0.8307818352121042,true,true
grw,1,461,BigFloat128,true,1.0e-5,6.976690914321779e-29,1.1187887334430921e-26,-1.4790202198052356,true,true
grw,1,461,BigFloat128,true,1.0e-6,2.1021790459733558e-27,1.118788733409238e-25,NaN,true,true
grw,1,471,Float64,false,0.001,4.140060995627889e-10,9.546001263156913e-8,-1.592533789726955,true,true
grw,1,471,Float64,false,0.0001,1.620095177883885e-8,9.54599998810997e-7,-0.26825697430521883,true,true
grw,1,471,Float64,false,1.0e-5,3.0046750010983043e-8,9.545999860212057e-6,-1.0220243897924817,true,true
grw,1,471,Float64,false,1.0e-6,3.160981058745778e-7,9.545996829949814e-5,NaN,true,true
grw,1,471,BigFloat128,false,0.001,3.8509691837245354e-32,2.526805496178948e-30,-0.8344770212326466,true,true
grw,1,471,BigFloat128,false,0.0001,2.6305530498427323e-31,2.526805157630719e-29,-0.5707136254903679,true,true
grw,1,471,BigFloat128,false,1.0e-5,9.789504042101834e-31,2.5268051237764234e-28,-1.2853590590106623,true,true
grw,1,471,BigFloat128,false,1.0e-6,1.888512001231298e-29,2.5268051203909995e-27,NaN,true,true
grw,1,476,Float64,false,0.001,5.92485935507626e-11,1.6514953355306828e-7,-2.206061973240023,true,true
grw,1,476,Float64,false,0.0001,9.522259632702299e-9,1.6514951919056673e-6,-0.18057179248943048,true,true
grw,1,476,Float64,false,1.0e-5,1.4431511215142714e-8,1.6514951948418505e-5,-1.5078082314271355,true,true
grw,1,476,Float64,false,1.0e-6,4.6464368888352614e-7,0.0001651494426206055,NaN,true,true
grw,1,476,BigFloat128,false,0.001,2.8867642322155344e-32,4.371471754472763e-30,-0.1717084503481606,true,true
grw,1,476,BigFloat128,false,0.0001,4.286667181047299e-32,4.371471415926798e-29,-2.3030330243992996,true,true
grw,1,476,BigFloat128,false,1.0e-5,8.612967141437787e-30,4.371471382072525e-28,-1.0313910579174985,true,true
grw,1,476,BigFloat128,false,1.0e-6,9.258568590203094e-29,4.3714713786871005e-27,NaN,true,true
grw,1,487,Float64,true,0.001,1.5929834765585773e-9,6.89331947772983e-6,-2.1928769801799737,true,true
grw,1,487,Float64,true,0.0001,2.4836377440003663e-7,6.893317752883556e-5,-0.9567106326455911,true,true
grw,1,487,Float64,true,1.0e-5,2.248013338998683e-6,0.0006893303967381258,-1.00513791257016,true,true
grw,1,487,Float64,true,1.0e-6,2.274766356354348e-5,0.006893319463527466,NaN,true,true
grw,1,487,BigFloat128,true,0.001,1.3689622358721925e-30,1.8246464729959279e-28,-0.4748757921153539,true,true
grw,1,487,BigFloat128,true,0.0001,4.085707388674534e-30,1.8246464696090047e-27,-1.48510180523705,true,true
grw,1,487,BigFloat128,true,1.0e-5,1.2484439963852102e-28,1.8246464692704474e-26,-1.447121898586511,true,true
grw,1,487,BigFloat128,true,1.0e-6,3.495352368851544e-27,1.8246464692365932e-25,NaN,true,true
grw,1,488,Float64,false,0.001,1.0338162510407148e-8,7.805454009818417e-7,0.19203160653855467,true,true
grw,1,488,Float64,false,0.0001,6.643726538682488e-9,7.80545396261408e-6,-1.890322447032211,true,true
grw,1,488,Float64,false,1.0e-5,5.161003995126504e-7,7.805453949824304e-5,-1.2932682475895902,true,true
grw,1,488,Float64,false,1.0e-6,1.0139170888642032e-5,0.000780545394854533,NaN,true,true
grw,1,488,BigFloat128,false,0.001,8.590379278648814e-32,2.0660864946702834e-29,-1.0526384495260344,true,true
grw,1,488,BigFloat128,false,0.0001,9.697299044631474e-31,2.0660864608158623e-28,-1.2397489225710765,true,true
grw,1,488,BigFloat128,false,1.0e-5,1.684223454827495e-29,2.066086457430437e-27,-1.0768439481422543,true,true
grw,1,488,BigFloat128,false,1.0e-6,2.0102203227790846e-28,2.0660864570918947e-26,NaN,true,true
grw,1,522,Float64,false,0.001,1.0473127888179242e-11,1.7012248490658332e-9,-0.4038107556766496,true,true
grw,1,522,Float64,false,0.0001,2.6539159370782807e-11,1.701212058179873e-8,-1.8655790409690491,true,true
grw,1,522,Float64,false,1.0e-5,1.9474494944773863e-9,1.7012107792373811e-7,-0.8196891556069135,true,true
grw,1,522,Float64,false,1.0e-6,1.2857465244074749e-8,1.7012106294663253e-6,NaN,true,true
grw,1,522,BigFloat128,false,0.001,2.333519405659538e-33,4.503104680770266e-32,-0.4866214408101143,true,true
grw,1,522,BigFloat128,false,0.0001,7.155382552463315e-33,4.503070823696546e-31,-0.7868268780481917,true,true
grw,1,522,BigFloat128,false,1.0e-5,4.379855027944589e-32,4.5030674382444516e-30,-1.3775508296910695,true,true
grw,1,522,BigFloat128,false,1.0e-6,1.0447456352024737e-30,4.5030670997017956e-29,NaN,true,true
grw,1,529,Float64,false,0.001,4.234954320209518e-12,1.0612085614958789e-9,0.0,true,true
grw,1,529,Float64,false,0.0001,4.234954320209518e-12,1.0611957702419353e-8,-2.2109916467475834,true,true
grw,1,529,Float64,false,1.0e-5,6.88399231738231e-10,1.0611944905196388e-7,-0.37177696097968194,true,true
grw,1,529,Float64,false,1.0e-6,1.6203817305272046e-9,1.0611943633523234e-6,NaN,true,true
grw,1,529,BigFloat128,false,0.001,1.3475172334593585e-34,2.8089956734229716e-32,-1.454903286711091,true,true
grw,1,529,BigFloat128,false,0.0001,3.8409408117967695e-33,2.808961815255701e-31,-1.0832763887471408,true,true
grw,1,529,BigFloat128,false,1.0e-5,4.6527959151872103e-32,2.8089584297926705e-30,-1.2809152725795416,true,true
grw,1,529,BigFloat128,false,1.0e-6,8.884423990086384e-31,2.808958091249905e-29,NaN,true,true
grw,1,570,Float64,true,0.001,1.2614311301548543e-8,2.0007551883984033e-6,0.0,true,true
grw,1,570,Float64,true,0.0001,1.2614311301548543e-8,2.000755175585977e-5,-2.143112474612834,true,true
grw,1,570,Float64,true,1.0e-5,1.7537836586863504e-6,0.0002000751690653149,-0.950758535968302,true,true
grw,1,570,Float64,true,1.0e-6,1.56579374954331e-5,0.002000755199417023,NaN,true,true
grw,1,570,BigFloat128,true,0.001,2.106656371156307e-32,5.295954954190543e-29,-2.3534905502610095,true,true
grw,1,570,BigFloat128,true,0.0001,4.75427448000236e-30,5.295954920276334e-28,-1.6383747607553056,true,true
grw,1,570,BigFloat128,true,1.0e-5,2.0675642400086537e-28,5.29595491689031e-27,-0.630334757262894,true,true
grw,1,570,BigFloat128,true,1.0e-6,8.826606575350467e-28,5.295954916551762e-26,NaN,true,true
grw,1,578,Float64,true,0.001,5.922991651617487e-9,1.4014399521679668e-6,-0.8796495660279305,true,true
grw,1,578,Float64,true,0.0001,4.489424647204047e-8,1.4014398764340131e-5,-1.3299012036666598,true,true
grw,1,578,Float64,true,1.0e-5,9.59603647787284e-7,0.0001401438593244474,-0.9310593503573581,true,true
grw,1,578,Float64,true,1.0e-6,8.187498634347237e-6,0.0014014399379434503,NaN,true,true
grw,1,578,BigFloat128,true,0.001,1.6367417011739957e-30,3.709580665889882e-29,-0.9952104560014757,true,true
grw,1,578,BigFloat128,true,0.0001,1.61879033803612e-29,3.7095806319626037e-28,-0.17347315049225034,true,true
grw,1,578,BigFloat128,true,1.0e-5,2.4135914242550018e-29,3.7095806285764494e-27,-1.0874798810309194,true,true
grw,1,578,BigFloat128,true,1.0e-6,2.9521854475835284e-28,3.7095806282379005e-26,NaN,true,true
grw,1,582,Float64,false,0.001,2.2228277956869425e-11,2.8005561984370322e-8,-1.9655321500875655,true,true
grw,1,582,Float64,false,0.0001,2.0532317387205086e-9,2.8005549137076314e-7,-0.5985193266842449,true,true
grw,1,582,Float64,false,1.0e-5,8.146241777056503e-9,2.800554768745485e-6,-0.928372019092366,true,true
grw,1,582,Float64,false,1.0e-6,6.907633940174018e-8,2.8005545853176333e-5,NaN,true,true
grw,1,582,BigFloat128,false,0.001,3.1186772912612037e-32,7.413010533644215e-31,-0.599503142846529,true,true
grw,1,582,BigFloat128,false,0.0001,1.240148181578375e-31,7.413007148049647e-30,-1.204713860689855,true,true
grw,1,582,BigFloat128,false,1.0e-5,1.9869523009171084e-30,7.413006809505564e-29,1.2231900386554875,true,true
grw,1,582,BigFloat128,false,1.0e-6,1.1884951199967375e-31,7.413006775651311e-28,NaN,true,true
grw,1,593,Float64,true,0.001,5.1708243744448394e-8,8.886950357579651e-6,-1.1447881341874526,true,true
grw,1,593,Float64,true,0.0001,7.216854034852739e-7,8.886950804225798e-5,-1.0687976335153586,true,true
grw,1,593,Float64,true,1.0e-5,8.455621902642849e-6,0.0008886950802945892,-0.8682818490414069,true,true
grw,1,593,Float64,true,1.0e-6,6.243489764545999e-5,0.008886395946954236,NaN,true,true
grw,1,593,BigFloat128,true,0.001,5.75038966069756e-31,2.3523562945997485e-28,-1.4451303842746046,true,true
grw,1,593,BigFloat128,true,0.0001,1.602609300723377e-29,2.3523562911897872e-27,-1.8110702323919117,true,true
grw,1,593,BigFloat128,true,1.0e-5,1.037284506892454e-27,2.3523562908509993e-26,-0.5127758166007321,true,true
grw,1,593,BigFloat128,true,1.0e-6,3.3781093824792145e-27,2.352356290817143e-25,NaN,true,true
grw,1,601,Float64,true,0.001,2.4794455723461398e-8,2.555238851230391e-6,-0.4372617098360403,true,true
grw,1,601,Float64,true,0.0001,6.786038029457237e-8,2.5552389017675083e-5,-1.319021971115038,true,true
grw,1,601,Float64,true,1.0e-5,1.4146150045503867e-6,0.00025552352858089543,-0.9767955974714061,true,true
grw,1,601,Float64,true,1.0e-6,1.3410156855417603e-5,0.0025552389003603427,NaN,true,true
grw,1,601,BigFloat128,true,0.001,1.071622474000726e-30,6.763661089877491e-29,-0.3297011343473467,true,true
grw,1,601,BigFloat128,true,0.0001,2.289512122529911e-30,6.76366105594683e-28,-2.198507739158242,true,true
grw,1,601,BigFloat128,true,1.0e-5,3.6161853841919264e-28,6.763661052560642e-27,-0.18552127712767078,true,true
grw,1,601,BigFloat128,true,1.0e-6,5.543345703731404e-28,6.763661052222093e-26,NaN,true,true
grw,1,616,Float64,true,0.001,1.6987315827744043e-9,4.3665553630859655e-7,-1.0809527222187643,true,true
grw,1,616,Float64,true,0.0001,2.046809780165843e-8,4.366555242514077e-6,-0.9412963292923421,true,true
grw,1,616,Float64,true,1.0e-5,1.7880259304469499e-7,4.3665552297233896e-5,-0.44264493870780863,true,true
grw,1,616,Float64,true,1.0e-6,4.954715832502764e-7,0.00043665552284444047,NaN,true,true
grw,1,616,BigFloat128,true,0.001,3.197550476246132e-32,1.1558175827583537e-29,-1.22141195710377,true,true
grw,1,616,BigFloat128,true,0.0001,5.323893583945444e-31,1.1558175488798167e-28,-0.7571999173757931,true,true
grw,1,616,BigFloat128,true,1.0e-5,3.0438923098003778e-30,1.1558175454941498e-27,-0.9668530819619505,true,true
grw,1,616,BigFloat128,true,1.0e-6,2.820215956007913e-29,1.1558175451556052e-26,NaN,true,true
grw,1,624,Float64,true,0.001,3.5652343409845046e-7,0.0001266466435602842,-0.553416074523235,true,true
grw,1,624,Float64,true,0.0001,1.2749822997038631e-6,0.0012664652722337239,-1.753044140911841,true,true
grw,1,624,Float64,true,1.0e-5,7.220184518513098e-5,0.012664668869433631,-1.1908789166425386,true,true
grw,1,624,Float64,true,1.0e-6,0.0011205396103011588,0.1265047760630127,NaN,true,true
grw,1,624,BigFloat128,true,0.001,8.189718697581912e-29,3.352309937510936e-27,-0.9283809298525865,true,true
grw,1,624,BigFloat128,true,0.0001,6.944642832790961e-28,3.352309937057302e-26,-1.1898117966746788,true,true
grw,1,624,BigFloat128,true,1.0e-5,1.0751318093622617e-26,3.352309937022297e-25,-0.956031053751401,true,true
grw,1,624,BigFloat128,true,1.0e-6,9.716117652639564e-26,3.3523099370189e-24,NaN,true,true
grw,1,637,Float64,false,0.001,2.0276627398133707e-10,4.3560948022262705e-8,-1.4320715335635932,true,true
grw,1,637,Float64,false,0.0001,5.48361876898603e-9,4.35609349931691e-7,-0.7913315186353043,true,true
grw,1,637,Float64,false,1.0e-5,3.391554285972616e-8,4.3560932475666475e-6,-0.4568096827479683,true,true
grw,1,637,Float64,false,1.0e-6,9.70975911033829e-8,4.3560929595499735e-5,NaN,true,true
grw,1,637,BigFloat128,false,0.001,3.082707726956372e-32,1.1530486933902683e-30,0.27283816232019575,true,true
grw,1,637,BigFloat128,false,0.0001,1.6447283890505372e-32,1.1530483548359093e-29,-2.3922155748017073,true,true
grw,1,637,BigFloat128,false,1.0e-5,4.0579787033487414e-30,1.153048320981552e-28,-0.6983300874828218,true,true
grw,1,637,BigFloat128,false,1.0e-6,2.0260019124043548e-29,1.1530483175961273e-27,NaN,true,true
grw,1,639,Float64,true,0.001,1.3642281263345102e-8,1.1460326247100562e-6,-0.5881357417507354,true,true
grw,1,639,Float64,true,0.0001,5.2847292340452416e-8,1.1460326275371916e-5,-0.4103860493602956,true,true
grw,1,639,Float64,true,1.0e-5,1.3595925941305135e-7,0.00011460326262580389,-1.370178892219763,true,true
grw,1,639,Float64,true,1.0e-6,3.1885092591742223e-6,0.0011460289719944998,NaN,true,true
grw,1,639,BigFloat128,true,0.001,4.128667414275027e-31,3.0335231406271096e-29,-1.5766994133198162,true,true
grw,1,639,BigFloat128,true,0.0001,1.557791439407856e-29,3.0335231067262994e-28,-0.07717899932321917,true,true
grw,1,639,BigFloat128,true,1.0e-5,1.8607512192674612e-29,3.03352310334041e-27,-0.3696903265868513,true,true
grw,1,639,BigFloat128,true,1.0e-6,4.3589173945956386e-29,3.033523103001863e-26,NaN,true,true
grw,1,648,Float64,false,0.001,2.411571955346419e-12,1.563947621397087e-8,-2.146420391302838,true,true
grw,1,648,Float64,false,0.0001,3.3784742721937365e-10,1.563946341848773e-7,-1.4449345880679796,true,true
grw,1,648,Float64,false,1.0e-5,9.411421065000729e-9,1.5639461997600697e-6,-0.8713333149096723,true,true
grw,1,648,Float64,false,1.0e-6,6.998234952472194e-8,1.5639462016892525e-5,NaN,true,true
grw,1,648,BigFloat128,false,0.001,1.503699913776364e-32,4.139734884697898e-31,-0.8711870309764598,true,true
grw,1,648,BigFloat128,false,0.0001,1.1177590781959087e-31,4.13973149916031e-30,-0.6195104917596986,true,true
grw,1,648,BigFloat128,false,1.0e-5,4.654346346563085e-31,4.1397311606167986e-29,-0.9232623356576763,true,true
grw,1,648,BigFloat128,false,1.0e-6,3.900506744728948e-30,4.139731126762551e-28,NaN,true,true
grw,1,653,Float64,false,0.001,2.3364736656313893e-10,4.346068369734438e-8,-1.1186193373326156,true,true
grw,1,653,Float64,false,0.0001,3.0702958656024974e-9,4.346067090713853e-7,-0.7914024623043725,true,true
grw,1,653,Float64,false,1.0e-5,1.899252427207961e-8,4.346066880272941e-6,-0.8631775643760633,true,true
grw,1,653,Float64,false,1.0e-6,1.3859905031053637e-7,4.3460669500259506e-5,NaN,true,true
grw,1,653,BigFloat128,false,0.001,1.496089363228495e-32,1.150394718807767e-30,-1.1934623872440115,true,true
grw,1,653,BigFloat128,false,0.0001,2.335715390932022e-31,1.1503943802538368e-29,-0.08754178713953768,true,true
grw,1,653,BigFloat128,false,1.0e-5,2.8573386097130227e-31,1.150394346399484e-28,-1.838875529802717,true,true
grw,1,653,BigFloat128,false,1.0e-6,1.9716836695972178e-29,1.1503943430140592e-27,NaN,true,true
grw,1,654,Float64,false,0.001,2.0591687983928908e-10,9.713267521708141e-8,-1.1668321152153562,true,true
grw,1,654,Float64,false,0.0001,3.0235981028155123e-9,9.713266242638975e-7,0.0,true,true
grw,1,654,Float64,false,1.0e-5,3.0235981028155123e-9,9.713266114740361e-6,-2.365439354190296,true,true
grw,1,654,Float64,false,1.0e-6,7.013962156842439e-7,9.713259289102498e-5,NaN,true,true
grw,1,654,BigFloat128,false,0.001,9.847228584090131e-32,2.571080505119351e-30,0.18614598481704778,true,true
grw,1,654,BigFloat128,false,0.0001,6.414577173989082e-32,2.5710801665525615e-29,-2.2365362057272082,true,true
grw,1,654,BigFloat128,false,1.0e-5,1.105870416442857e-29,2.5710801326980802e-28,-0.7748860894367864,true,true
grw,1,654,BigFloat128,false,1.0e-6,6.585523891762981e-29,2.5710801293126544e-27,NaN,true,true
grw,1,665,Float64,false,0.001,1.217541513134421e-10,5.124550990914418e-8,-1.3695689841535308,true,true
grw,1,665,Float64,false,0.0001,2.851364655493017e-9,5.124549697279094e-7,0.0,true,true
grw,1,665,Float64,false,1.0e-5,2.851364655493017e-9,5.124549569380937e-6,-2.0729984933639027,true,true
grw,1,665,Float64,false,1.0e-6,3.373271175543839e-7,5.12454784255359e-5,NaN,true,true
grw,1,665,BigFloat128,false,0.001,4.290994649970861e-33,1.3564573528716204e-30,-0.515999903889378,true,true
grw,1,665,BigFloat128,false,0.0001,1.4078548358666433e-32,1.3564570143169547e-29,-2.634194857216043,true,true
grw,1,665,BigFloat128,false,1.0e-5,6.063909821915508e-30,1.3564569804625944e-28,-0.6958694681804288,true,true
grw,1,665,BigFloat128,false,1.0e-6,3.0103861160195295e-29,1.3564569770771695e-27,NaN,true,true
grw,1,670,Float64,false,0.001,5.939465255723486e-9,5.767917116307064e-7,-0.8656023130503838,true,true
grw,1,670,Float64,false,0.0001,4.358626542431522e-8,5.767916771140547e-6,-0.4531353694786389,true,true
grw,1,670,Float64,false,1.0e-5,1.2373285351496377e-7,5.767917009751487e-5,-1.800936273695505,true,true
grw,1,670,Float64,false,1.0e-6,7.823864175935353e-6,0.0005767871881073246,NaN,true,true
grw,1,670,BigFloat128,false,0.001,2.6726509749635135e-31,1.5267549573631413e-29,-0.7343481840826411,true,true
grw,1,670,BigFloat128,false,0.0001,1.449741033793576e-30,1.5267549234757623e-28,-1.2873131482568398,true,true
grw,1,670,BigFloat128,false,1.0e-5,2.80933532240352e-29,1.526754920090007e-27,-1.0040674023601044,true,true
grw,1,670,BigFloat128,false,1.0e-6,2.835769858487311e-28,1.5267549197514614e-26,NaN,true,true
grw,1,679,Float64,false,0.001,2.771187079661453e-10,7.119777367276014e-8,-1.2929717447861384,true,true
grw,1,679,Float64,false,0.0001,5.440484662255678e-9,7.119776088296489e-7,-1.125085073898746,true,true
grw,1,679,Float64,false,1.0e-5,7.256424219407835e-8,7.1197759603987704e-6,7.544572149076001e-10,true,true
grw,1,679,Float64,false,1.0e-6,7.256424206801961e-8,7.119775947609003e-5,NaN,true,true
grw,1,679,BigFloat128,false,0.001,5.667615336993574e-32,1.884589377249458e-30,-0.26412420927905583,true,true
grw,1,679,BigFloat128,false,0.0001,1.0411770247587486e-31,1.8845890387063964e-29,-1.9534007743442232,true,true
grw,1,679,BigFloat128,false,1.0e-5,9.352449040156546e-30,1.884589004852152e-28,-0.43242855852653456,true,true
grw,1,679,BigFloat128,false,1.0e-6,2.5313599756154565e-29,1.8845890014667285e-27,NaN,true,true
grw,1,693,Float64,true,0.001,2.0148333148735107e-8,2.6519274645472634e-6,0.0,true,true
grw,1,693,Float64,true,0.0001,2.0148333148735107e-8,2.6519274517323534e-5,-1.3029924444110856,true,true
grw,1,693,Float64,true,1.0e-5,4.0479167077333037e-7,0.0002651927450453124,-1.0212825280193178,true,true
grw,1,693,Float64,true,1.0e-6,4.2512250454052555e-6,0.002651927450325225,NaN,true,true
grw,1,693,BigFloat128,true,0.001,1.5589949793338552e-30,7.019593550625322e-29,1.0323776009825099,true,true
grw,1,693,BigFloat128,true,0.0001,1.4469952836728913e-31,7.019593516704537e-28,-3.3687662124963325,true,true
grw,1,693,BigFloat128,true,1.0e-5,3.3824651296226835e-28,7.019593513318448e-27,-0.4832679926153874,true,true
grw,1,693,BigFloat128,true,1.0e-6,1.0292036570143593e-27,7.0195935129799e-26,NaN,true,true
grw,1,714,Float64,false,0.001,2.887084368389261e-10,7.071270480667567e-8,-0.98486509846624,true,true
grw,1,714,Float64,false,0.0001,2.788204178989417e-9,7.071269181913309e-7,-1.2403605343407018,true,true
grw,1,714,Float64,false,1.0e-5,4.849367618283498e-8,7.071269073731146e-6,-0.7279457666456123,true,true
grw,1,714,Float64,false,1.0e-6,2.5919753962503685e-7,7.071267228085827e-5,NaN,true,true
grw,1,714,BigFloat128,false,0.001,2.7636063191092766e-32,1.8717497112725566e-30,-1.0725577507986732,true,true
grw,1,714,BigFloat128,false,0.0001,3.266133467822638e-31,1.871749372713986e-29,-1.441219174584079,true,true
grw,1,714,BigFloat128,false,1.0e-5,9.020967172784311e-30,1.8717493388595869e-28,0.17446146055069067,true,true
grw,1,714,BigFloat128,false,1.0e-6,6.036589470853785e-30,1.8717493354741617e-27,NaN,true,true
grw,1,716,Float64,true,0.001,2.0492202623766123e-9,1.1186514677972179e-6,-1.4267093902012873,true,true
grw,1,716,Float64,true,0.0001,5.4739147774817143e-8,1.1186513937638094e-5,-1.2738019643085159,true,true
grw,1,716,Float64,true,1.0e-5,1.028253025346058e-6,0.00011186503034620218,-1.1206228827905809,true,true
grw,1,716,Float64,true,1.0e-6,1.357446989728518e-5,0.001118651453590865,NaN,true,true
grw,1,716,BigFloat128,true,0.001,1.0057863249087822e-30,2.961045780370699e-29,0.022518628771423646,true,true
grw,1,716,BigFloat128,true,0.0001,9.549642149180097e-31,2.961045746491019e-28,-2.1501335668249917,true,true
grw,1,716,BigFloat128,true,1.0e-5,1.349337730977974e-28,2.9610457431053407e-27,-0.6587162505010193,true,true
grw,1,716,BigFloat128,true,1.0e-6,6.149459066924126e-28,2.961045742766796e-26,NaN,true,true
grw,1,732,Float64,false,0.001,1.1757118739535522e-10,1.6989814498094234e-7,-1.4834374100387406,true,true
grw,1,732,Float64,false,0.0001,3.578807298525502e-9,1.6989813158175922e-6,-1.5241156177026494,true,true
grw,1,732,Float64,false,1.0e-5,1.196338094633633e-7,1.6989813091080115e-5,-0.9174647534467396,true,true
grw,1,732,Float64,false,1.0e-6,9.892787616322221e-7,0.00016989796270629098,NaN,true,true
grw,1,732,BigFloat128,false,0.001,1.288024685903285e-31,4.497166452382691e-30,-0.8148281964821557,true,true
grw,1,732,BigFloat128,false,0.0001,8.409155494718363e-31,4.497166113803758e-29,-1.2838484424058136,true,true
grw,1,732,BigFloat128,false,1.0e-5,1.616593489940759e-29,4.497166079949155e-28,-0.5391219378244437,true,true
grw,1,732,BigFloat128,false,1.0e-6,5.59400388147392e-29,4.497166076563728e-27,NaN,true,true
grw,1,735,Float64,true,0.001,1.9559314799608994e-9,8.101629184007466e-7,-0.6996467682090347,true,true
grw,1,735,Float64,true,0.0001,9.79490898280748e-9,8.101629071904207e-6,-0.6988347148104882,true,true
grw,1,735,Float64,true,1.0e-5,4.895929095315047e-8,8.101628662463903e-5,-1.851281235182279,true,true
grw,1,735,Float64,true,1.0e-6,3.4762928466280514e-6,0.0008101629057834938,NaN,true,true
grw,1,735,BigFloat128,true,0.001,5.6204968981169955e-31,2.144483393347993e-29,-0.5624255167663416,true,true
grw,1,735,BigFloat128,true,0.0001,2.052108074617342e-30,2.1444833594800453e-28,-1.619816368191195,true,true
grw,1,735,BigFloat128,true,1.0e-5,8.550993915800856e-29,2.144483356094484e-27,-0.5212710288544574,true,true
grw,1,735,BigFloat128,true,1.0e-6,2.8397991592839268e-28,2.1444833557559408e-26,NaN,true,true
grw,1,739,Float64,true,0.001,2.7429889850242106e-8,7.32335440235248e-6,-0.46778718481896664,true,true
grw,1,739,Float64,true,0.0001,8.053993011615719e-8,7.323354389506353e-5,-1.9381455349733099,true,true
grw,1,739,Float64,true,1.0e-5,6.984845164685118e-6,0.0007323354388226812,-0.8008907045136225,true,true
grw,1,739,Float64,true,1.0e-6,4.416187335082567e-5,0.00732335438809891,NaN,true,true
grw,1,739,BigFloat128,true,0.001,4.5468267136453136e-30,1.9384757697539e-28,-0.33363535190842497,true,true
grw,1,739,BigFloat128,true,0.0001,9.802655828560558e-30,1.9384757663535588e-27,-1.9434992493098808,true,true
grw,1,739,BigFloat128,true,1.0e-5,8.6068256233167e-28,1.938475766014867e-26,-0.571020796715851,true,true
grw,1,739,BigFloat128,true,1.0e-6,3.205263963564067e-27,1.9384757659810115e-25,NaN,true,true
grw,1,760,Float64,false,0.001,1.126497146674509e-9,1.0865085884875293e-7,-1.1757847091390876,true,true
grw,1,760,Float64,false,0.0001,1.688553421559639e-8,1.0865084434572186e-6,-0.2862961561792981,true,true
grw,1,760,Float64,false,1.0e-5,3.2644570674397244e-8,1.0865084135450204e-5,-1.3564762769153695,true,true
grw,1,760,Float64,false,1.0e-6,7.418006990568471e-7,0.00010865076417619185,NaN,true,true
grw,1,760,BigFloat128,false,0.001,4.802766051449177e-32,2.875964290501334e-30,-1.3459950641462028,true,true
grw,1,760,BigFloat128,false,0.0001,1.0653357381988222e-30,2.87596395193172e-29,-0.9294555493653932,true,true
grw,1,760,BigFloat128,false,1.0e-5,9.056117436479167e-30,2.87596391807721e-28,-0.8091711570422336,true,true
grw,1,760,BigFloat128,false,1.0e-6,5.835972042227188e-29,2.875963914691784e-27,NaN,true,true
grw,1,761,Float64,false,0.001,2.998248385493101e-10,1.3417503870226586e-7,-0.7396384883276633,true,true
grw,1,761,Float64,false,0.0001,1.6462890775082633e-9,1.3417502569051714e-6,-1.6061045424124292,true,true
grw,1,761,Float64,false,1.0e-5,6.646769819543727e-8,1.3417502463242018e-5,-1.194224155995357,true,true
grw,1,761,Float64,false,1.0e-6,1.0395246574605764e-6,0.0001341750245045224,NaN,true,true
grw,1,761,BigFloat128,false,0.001,8.161505751988677e-32,3.551583702498128e-30,-0.8729188206472603,true,true
grw,1,761,BigFloat128,false,0.0001,6.091007183429077e-31,3.551583363926939e-29,-1.3621990613595245,true,true
grw,1,761,BigFloat128,false,1.0e-5,1.4024525390517788e-29,3.5515833300724136e-28,-0.7625091674824782,true,true
grw,1,761,BigFloat128,false,1.0e-6,8.117033540578653e-29,3.5515833266869876e-27,NaN,true,true
grw,1,762,Float64,true,0.001,1.8559244857356584e-9,1.4045106276839338e-6,-0.9989753664652495,true,true
grw,1,762,Float64,true,0.0001,1.8515509534201413e-8,1.4045106174906534e-5,-0.6533264444828943,true,true
grw,1,762,Float64,true,1.0e-5,8.334165348145272e-8,0.0001404510499157338,-1.5759356933971984,true,true
grw,1,762,Float64,true,1.0e-6,3.1390469104434985e-6,0.0014045062072589663,NaN,true,true
grw,1,762,BigFloat128,true,0.001,5.311394107754927e-31,3.7177086832032424e-29,-0.4224843786110159,true,true
grw,1,762,BigFloat128,true,0.0001,1.405053645415364e-30,3.717708649322069e-28,-2.067121821224588,true,true
grw,1,762,BigFloat128,true,1.0e-5,1.639890036729562e-28,3.7177086459363754e-27,-0.6794926033867668,true,true
grw,1,762,BigFloat128,true,1.0e-6,7.839842369048922e-28,3.7177086455978313e-26,NaN,true,true
grw,1,770,Float64,false,0.001,1.1234987109170255e-10,8.239034463251268e-8,-1.5823802109771263,true,true
grw,1,770,Float64,false,0.0001,4.294897359641383e-9,8.239033184271135e-7,-0.5777677916954114,true,true
grw,1,770,Float64,false,1.0e-5,1.624503237243067e-8,8.239033056373413e-6,-0.9220076904502359,true,true
grw,1,770,Float64,false,1.0e-6,1.3574638458097627e-7,8.239033043583642e-5,NaN,true,true
grw,1,770,BigFloat128,false,0.001,2.3970548623546952e-32,2.1808542637304604e-30,-0.7231476065476568,true,true
grw,1,770,BigFloat128,false,0.0001,1.2671428593292134e-31,2.1808539251872386e-29,-1.71814060232166,true,true
grw,1,770,BigFloat128,false,1.0e-5,6.621649410445468e-30,2.1808538913329926e-28,-0.1800800547206229,true,true
grw,1,770,BigFloat128,false,1.0e-6,1.002411955217654e-29,2.1808538879475694e-27,NaN,true,true
grw,1,791,Float64,false,0.001,4.116713073181914e-10,8.12009786920624e-8,-0.9112814247034613,true,true
grw,1,791,Float64,false,0.0001,3.356077825285916e-9,8.120096566279664e-7,-0.654113200016172,true,true
grw,1,791,Float64,false,1.0e-5,1.5133703579996377e-8,8.120096342746105e-6,-1.556552136757112,true,true
grw,1,791,Float64,false,1.0e-6,5.451265820207146e-7,8.120092026363043e-5,NaN,true,true
grw,1,791,BigFloat128,false,0.001,3.755020360095593e-32,2.1493720103058118e-30,-1.1503204341621556,true,true
grw,1,791,BigFloat128,false,0.0001,5.30802219669541e-31,2.1493716717526425e-29,-1.1223993290028267,true,true
grw,1,791,BigFloat128,false,1.0e-5,7.036100908811944e-30,2.149371637898297e-28,-0.5511843158427372,true,true
grw,1,791,BigFloat128,false,1.0e-6,2.5033200346829397e-29,2.1493716345128727e-27,NaN,true,true
grw,1,795,Float64,true,0.001,1.4783074881042613e-8,9.229989873180676e-6,-1.487078290944002,true,true
grw,1,795,Float64,true,0.0001,4.5377761448529313e-7,9.229989996788173e-5,-0.9934656307292977,true,true
grw,1,795,Float64,true,1.0e-5,4.4700120967690375e-6,0.000922998999550869,-0.7397637517067375,true,true
grw,1,795,Float64,true,1.0e-6,2.4551184507421724e-5,0.009229989995380791,NaN,true,true
grw,1,795,BigFloat128,true,0.001,7.280071239670807e-30,2.4431580128071917e-28,0.023489703776325283,true,true
grw,1,795,BigFloat128,true,0.0001,6.896772896746478e-30,2.4431580094084357e-27,-2.2285771647190384,true,true
grw,1,795,BigFloat128,true,1.0e-5,1.167409142382825e-27,2.44315800906976e-26,-0.6634952202955471,true,true
grw,1,795,BigFloat128,true,1.0e-6,5.3792076624369874e-27,2.443158009035905e-25,NaN,true,true
grw,1,798,Float64,false,0.001,2.4543706802654244e-10,1.5470210710013258e-7,-1.4537267443302042,true,true
grw,1,798,Float64,false,0.0001,6.97697069083472e-9,1.5470209430945196e-6,-0.9369266159362662,true,true
grw,1,798,Float64,false,1.0e-5,6.033836175957553e-8,1.5470208369599508e-5,-1.0848013872481483,true,true
grw,1,798,Float64,false,1.0e-6,7.334911898083446e-7,0.00015470197942994598,NaN,true,true
grw,1,798,BigFloat128,false,0.001,8.197046934037695e-32,4.094930678858617e-30,-0.731695637366496,true,true
grw,1,798,BigFloat128,false,0.0001,4.419295674039432e-31,4.09493034029212e-29,-1.6223479122619964,true,true
grw,1,798,BigFloat128,false,1.0e-5,1.8522558341317987e-29,4.094930306437641e-28,-0.5768134750900582,true,true
grw,1,798,BigFloat128,false,1.0e-6,6.990599900539771e-29,4.094930303052216e-27,NaN,true,true
grw,1,800,Float64,false,0.001,2.361172896063115e-10,5.4571115853363976e-8,-1.3827658876271949,true,true
grw,1,800,Float64,false,0.0001,5.700247029403312e-9,5.457110275188059e-7,-0.03456614921019977,true,true
grw,1,800,Float64,false,1.0e-5,6.172481914907926e-9,5.457110178396598e-6,1.9264450664873834e-8,true,true
grw,1,800,Float64,false,1.0e-6,6.172481641108752e-9,5.457110165606823e-5,NaN,true,true
grw,1,800,BigFloat128,false,0.001,4.0446644581440933e-32,1.444485409257212e-30,-0.3686189320341678,true,true
grw,1,800,BigFloat128,false,0.0001,9.451515062373738e-32,1.4444850706977554e-29,-1.4964248867735712,true,true
grw,1,800,BigFloat128,false,1.0e-5,2.9643284186164475e-30,1.4444850368433474e-28,-0.6926234913198087,true,true
grw,1,800,BigFloat128,false,1.0e-6,1.4606622619879035e-29,1.4444850334579222e-27,NaN,true,true
grw,1,808,Float64,true,0.001,1.1610595973473139e-9,1.0769255835804433e-6,-1.863280978550265,true,true
grw,1,808,Float64,true,0.0001,8.474917735083401e-8,1.0769254795129612e-5,0.0741256025982202,true,true
grw,1,808,Float64,true,1.0e-5,7.145125949675394e-8,0.00010769255695024487,-1.6306526561775374,true,true
grw,1,808,Float64,true,1.0e-6,3.052548302737556e-6,0.0010769222820072315,NaN,true,true
grw,1,808,BigFloat128,true,0.001,8.278726043309662e-31,2.8505982844803176e-29,-0.560448669517858,true,true
grw,1,808,BigFloat128,true,0.0001,3.0089306681252617e-30,2.8505982506018433e-28,-1.2941215916386395,true,true
grw,1,808,BigFloat128,true,1.0e-5,5.922891438458354e-29,2.8505982472161773e-27,-1.2087598015285188,true,true
grw,1,808,BigFloat128,true,1.0e-6,9.578413332302215e-28,2.850598246877633e-26,NaN,true,true
grw,1,831,Float64,true,0.001,1.886055934531331e-9,4.446711474586464e-6,-2.2720282434462145,true,true
grw,1,831,Float64,true,0.0001,3.528440609857686e-7,4.4467098927697705e-5,-0.2819305088308414,true,true
grw,1,831,Float64,true,1.0e-5,6.753257672811808e-7,0.00044467084575073825,-1.3957738812757514,true,true
grw,1,831,Float64,true,1.0e-6,1.6799145900787518e-5,0.004446636759403709,NaN,true,true
grw,1,831,BigFloat128,true,0.001,1.0108051456698463e-30,1.1770347268463922e-28,-0.8488980711544905,true,true
grw,1,831,BigFloat128,true,0.0001,7.137818741736011e-30,1.1770347234527113e-27,-0.6829380756962454,true,true
grw,1,831,BigFloat128,true,1.0e-5,3.439565553640038e-29,1.1770347231140864e-26,-1.4768361264199672,true,true
grw,1,831,BigFloat128,true,1.0e-6,1.0311924327954767e-27,1.1770347230802314e-25,NaN,true,true
grw,1,841,Float64,true,0.001,5.773714642294445e-10,1.0662100583261531e-6,-1.0931507012008783,true,true
grw,1,841,Float64,true,0.0001,7.154940340790253e-9,1.0662100461277944e-5,-1.5240176759238593,true,true
grw,1,841,Float64,true,1.0e-5,2.3912428959424717e-7,0.00010662100448485758,-1.264853000931358,true,true
grw,1,841,Float64,true,1.0e-6,4.400243334506529e-6,0.001066205353137033,NaN,true,true
grw,1,841,BigFloat128,true,0.001,1.6576505296862355e-31,2.822234526930062e-29,-1.593781126444668,true,true
grw,1,841,BigFloat128,true,0.0001,6.50540146553188e-30,2.822234493011798e-28,0.1904057395301019,true,true
grw,1,841,BigFloat128,true,1.0e-5,4.196317726927355e-30,2.8222344896257342e-27,-2.0860775516221692,true,true
grw,1,841,BigFloat128,true,1.0e-6,5.116181173769638e-28,2.8222344892871855e-26,NaN,true,true
grw,1,848,Float64,false,0.001,1.6466415659484807e-9,1.4358296977762984e-7,-1.0891892894458175,true,true
grw,1,848,Float64,false,0.0001,2.0220335792260074e-8,1.4358295408453443e-6,0.314230515104984,true,true
grw,1,848,Float64,false,1.0e-5,9.807489422077391e-9,1.435829543006645e-5,-1.306092032544117,true,true
grw,1,848,Float64,false,1.0e-6,1.9844944146958336e-7,0.00014358295558095517,NaN,true,true
grw,1,848,BigFloat128,false,0.001,1.1095992326221376e-32,3.800609564570965e-30,-2.0164100801600178,true,true
grw,1,848,BigFloat128,false,0.0001,1.1523283000877665e-30,3.800609226027785e-29,-1.0149162677220034,true,true
grw,1,848,BigFloat128,false,1.0e-5,1.1925936582254424e-29,3.800609192173539e-28,-0.33734074307812195,true,true
grw,1,848,BigFloat128,false,1.0e-6,2.5931834347982047e-29,3.8006091887881156e-27,NaN,true,true
grw,1,851,Float64,false,0.001,1.8346318829552406e-10,2.0839939663426632e-8,-1.1257015404326285,true,true
grw,1,851,Float64,false,0.0001,2.4504761333177395e-9,2.0839926873535364e-7,-0.348987683768958,true,true
grw,1,851,Float64,false,1.0e-5,5.4731602076060145e-9,2.083992559455722e-6,-1.324096275305939,true,true
grw,1,851,Float64,false,1.0e-6,1.1543418368278515e-7,2.0839923061019735e-5,NaN,true,true
grw,1,851,BigFloat128,false,0.001,1.3189541474269845e-33,5.51628609803564e-31,-1.9043456181262874,true,true
grw,1,851,BigFloat128,false,0.0001,1.0582184178430405e-31,5.5162827125796114e-30,-1.3225302143415405,true,true
grw,1,851,BigFloat128,false,1.0e-5,2.2238502039891682e-30,5.516282374036915e-29,-0.7987148378026491,true,true
grw,1,851,BigFloat128,false,1.0e-6,1.3990085481940432e-29,5.516282340182675e-28,NaN,true,true
grw,1,870,Float64,false,0.001,1.2412065099251086e-9,1.1740018929568085e-7,-0.8985785033752827,true,true
grw,1,870,Float64,false,0.0001,9.827036024067363e-9,1.1740017535143335e-6,-1.1966902165708069,true,true
grw,1,870,Float64,false,1.0e-5,1.5456557173226315e-7,1.174001570801192e-5,-0.9117360277897303,true,true
grw,1,870,Float64,false,1.0e-6,1.261388282798227e-6,0.00011740002701104136,NaN,true,true
grw,1,870,BigFloat128,false,0.001,7.19359975025779e-32,3.1075571358541663e-30,-0.4239036438345695,true,true
grw,1,870,BigFloat128,false,0.0001,1.909193354345128e-31,3.107556797291082e-29,-1.4665767660707734,true,true
grw,1,870,BigFloat128,false,1.0e-5,5.590191429529932e-30,3.1075567634366376e-28,-0.02520315323743023,true,true
grw,1,870,BigFloat128,false,1.0e-6,5.9242016570584696e-30,3.1075567600512125e-27,NaN,true,true
grw,1,926,Float64,false,0.001,4.097573618723094e-10,6.79640413177862e-8,-0.7642869356978385,true,true
grw,1,926,Float64,false,0.0001,2.3812977451053152e-9,6.796402852786993e-7,-1.0576243684174473,true,true
grw,1,926,Float64,false,1.0e-5,2.7191807003866994e-8,6.796402540082681e-6,-0.9065029969545647,true,true
grw,1,926,Float64,false,1.0e-6,2.192507391203508e-7,6.796402712099383e-5,NaN,true,true
grw,1,926,BigFloat128,false,0.001,2.5171070007972035e-32,1.7989931945224217e-30,-0.9500342205029081,true,true
grw,1,926,BigFloat128,false,0.0001,2.2435507508510115e-31,1.7989928559761572e-29,-0.5244578947847376,true,true
grw,1,926,BigFloat128,false,1.0e-5,7.505744779200368e-31,1.7989928221218809e-28,-1.283966534546279,true,true
grw,1,926,BigFloat128,false,1.0e-6,1.4433123487350815e-29,1.798992818736457e-27,NaN,true,true
grw,1,936,Float64,true,0.001,5.59768643398566e-7,4.873837697800167e-5,0.0,true,true
grw,1,936,Float64,true,0.0001,5.59768643398566e-7,0.00048738376965165554,-0.7254493661473733,true,true
grw,1,936,Float64,true,1.0e-5,2.9748010975829483e-6,0.00487382319769088,-2.1510042605808293,true,true
grw,1,936,Float64,true,1.0e-6,0.00042117462090687834,0.048738376963758205,NaN,true,true
grw,1,936,BigFloat128,true,0.001,2.952529233208715e-29,1.2900940967520783e-27,0.9114834103557724,true,true
grw,1,936,BigFloat128,true,0.0001,3.620018549548743e-30,1.2900940964123088e-26,-2.935558029606052,true,true
grw,1,936,BigFloat128,true,1.0e-5,3.1208207546582724e-27,1.2900940963784422e-25,-0.6697060376927791,true,true
grw,1,936,BigFloat128,true,1.0e-6,1.4587298272080452e-26,1.2900940963750568e-24,NaN,true,true
grw,1,942,Float64,true,0.001,1.2221405588365994e-8,2.0820597706831697e-6,-0.8559696076645226,true,true
grw,1,942,Float64,true,0.0001,8.771841279475129e-8,2.0820596007021372e-5,-1.161132632338817,true,true
grw,1,942,Float64,true,1.0e-5,1.2712278451537042e-6,0.000208205978205812,-0.9691580119525202,true,true
grw,1,942,Float64,true,1.0e-6,1.1840809910254548e-5,0.0020820597819302226,NaN,true,true
grw,1,942,BigFloat128,true,0.001,1.1907124853515535e-30,5.511166392108509e-29,0.21448396689157304,true,true
grw,1,942,BigFloat128,true,0.0001,7.26646089327878e-31,5.51116635824903e-28,-1.9280901729901163,true,true
grw,1,942,BigFloat128,true,1.0e-5,6.157623253214019e-29,5.511166354863554e-27,-0.9760962101000988,true,true
grw,1,942,BigFloat128,true,1.0e-6,5.82786286266585e-28,5.511166354525012e-26,NaN,true,true
grw,1,945,Float64,true,0.001,2.8292884054720377e-9,5.107374576079657e-6,-1.8895738318165414,true,true
grw,1,945,Float64,true,0.0001,2.1940728916362452e-7,5.10737457771983e-5,-0.8716185058022069,true,true
grw,1,945,Float64,true,1.0e-5,1.6325615260800967e-6,0.0005107366238337417,-0.7639050929580725,true,true
grw,1,945,Float64,true,1.0e-6,9.479264692942523e-6,0.0051073745763127515,NaN,true,true
grw,1,945,BigFloat128,true,0.001,9.25932715812249e-31,1.3519107975463312e-28,-0.7187123227983262,true,true
grw,1,945,BigFloat128,true,0.0001,4.8449773603273736e-30,1.3519107941555359e-27,-0.919429343399206,true,true
grw,1,945,BigFloat128,true,1.0e-5,4.024584918519524e-29,1.3519107938169397e-26,-1.498340961231238,true,true
grw,1,945,BigFloat128,true,1.0e-6,1.2678330144698051e-27,1.3519107937830852e-25,NaN,true,true
grw,1,947,Float64,false,0.001,5.453562689085802e-10,1.7207538176366176e-7,-1.417817616278229,true,true
grw,1,947,Float64,false,0.0001,1.4272430143408017e-8,1.7207536897365417e-6,-4.635341393275166e-9,true,true
grw,1,947,Float64,false,1.0e-5,1.4272430295741489e-8,1.7207536769467483e-5,-0.9887168202939277,true,true
grw,1,947,Float64,false,1.0e-6,1.3906401082067563e-7,0.00017207536756677717,NaN,true,true
grw,1,947,BigFloat128,false,0.001,1.0022258964153298e-31,4.554797430161979e-30,-0.6712616537315846,true,true
grw,1,947,BigFloat128,false,0.0001,4.701400768479284e-31,4.554797091613297e-29,-1.132307788521919,true,true
grw,1,947,BigFloat128,false,1.0e-5,6.3758055362948e-30,4.554797057758996e-28,-0.9764540254303778,true,true
grw,1,947,BigFloat128,false,1.0e-6,6.03933454768258e-29,4.554797054373572e-27,NaN,true,true
grw,1,952,Float64,true,0.001,7.60699685985985e-9,1.1230710050900147e-6,-0.3161134310585692,true,true
grw,1,952,Float64,true,0.0001,1.5751672297742066e-8,1.1230709831531357e-5,-1.7050656567354352,true,true
grw,1,952,Float64,true,1.0e-5,7.987158903915203e-7,0.00011230709995644043,-0.7852305930070184,true,true
grw,1,952,Float64,true,1.0e-6,4.871053704332741e-6,0.001123070999436507,NaN,true,true
grw,1,952,BigFloat128,true,0.001,4.703525617087441e-31,2.9727442207925436e-29,0.14472569971730387,true,true
grw,1,952,BigFloat128,true,0.0001,3.370527027304563e-31,2.9727441869381446e-28,-1.5222679869272935,true,true
grw,1,952,BigFloat128,true,1.0e-5,1.1219301029387099e-29,2.9727441835527194e-27,-1.2257911063329554,true,true
grw,1,952,BigFloat128,true,1.0e-6,1.8869348571676873e-28,2.9727441832141775e-26,NaN,true,true
grw,1,953,Float64,false,0.001,3.604957109584351e-9,1.1205993080033582e-6,-1.2247993266124118,true,true
grw,1,953,Float64,false,0.0001,6.049220686269612e-8,1.1205992314657162e-5,-1.1795877244484987,true,true
grw,1,953,Float64,false,1.0e-5,9.147178478778302e-7,0.0001120599297974263,-0.5641131105209757,true,true
grw,1,953,Float64,false,1.0e-6,3.352742993443399e-6,0.0011205992978463655,NaN,true,true
grw,1,953,BigFloat128,false,0.001,5.4294747766216215e-31,2.966201681159323e-29,-0.18819924968886537,true,true
grw,1,953,BigFloat128,false,0.0001,8.374464956615651e-31,2.9662016473049245e-28,-1.3958293139754894,true,true
grw,1,953,BigFloat128,false,1.0e-5,2.083465836607043e-29,2.966201643919499e-27,-0.6531177336029244,true,true
grw,1,953,BigFloat128,false,1.0e-6,9.37355036337084e-29,2.966201643580957e-26,NaN,true,true
grw,1,954,Float64,true,0.001,1.2009097266222613e-9,6.026025211895328e-7,-0.4214464176903585,true,true
grw,1,954,Float64,true,0.0001,3.16925205091276e-9,6.026025091233198e-6,-1.4245305228700735,true,true
grw,1,954,Float64,true,1.0e-5,8.423397643326797e-8,6.026024570847364e-5,-1.430406471147808,true,true
grw,1,954,Float64,true,1.0e-6,2.2693097238634474e-6,0.0006026011402247138,NaN,true,true
grw,1,954,BigFloat128,true,0.001,9.569378264408075e-33,1.5950755942469225e-29,-2.4136919481074774,true,true
grw,1,954,BigFloat128,true,0.0001,2.4807081307648712e-30,1.595075560392381e-28,-0.6260305959842625,true,true
grw,1,954,BigFloat128,true,1.0e-5,1.048591338535821e-29,1.5950755570069541e-27,-1.1503137648993436,true,true
grw,1,954,BigFloat128,true,1.0e-6,1.482245126101738e-28,1.595075556668412e-26,NaN,true,true
grw,1,956,Float64,false,0.001,8.496151640305955e-10,4.66470459940022e-7,-1.2285747875707336,true,true
grw,1,956,Float64,false,0.0001,1.4381263467596408e-8,4.6647044083757916e-6,-0.1310747179009694,true,true
grw,1,956,Float64,false,1.0e-5,1.9447857364292807e-8,4.66470446267031e-5,-1.7257837863924168,true,true
grw,1,956,Float64,false,1.0e-6,1.0343214874660584e-6,0.00046647044613913337,NaN,true,true
grw,1,956,BigFloat128,false,0.001,1.0124963023873205e-31,1.234737027580507e-29,-0.5274700650549748,true,true
grw,1,956,BigFloat128,false,0.0001,3.4108569913258708e-31,1.2347369937247886e-28,-1.162239553188634,true,true
grw,1,956,BigFloat128,false,1.0e-5,4.9556778195457704e-30,1.23473699033935e-27,-1.4799203650851487,true,true
grw,1,956,BigFloat128,false,1.0e-6,1.496316376732717e-28,1.2347369900008077e-26,NaN,true,true
grw,1,959,Float64,true,0.001,7.965802399254763e-9,1.1215338465161352e-6,-0.30557827713310415,true,true
grw,1,959,Float64,true,0.0001,1.609933013502538e-8,1.1215338246042785e-5,-1.9539414691651458,true,true
grw,1,959,Float64,true,1.0e-5,1.447935697400802e-6,0.00011215338413812444,-0.6930344031011888,true,true
grw,1,959,Float64,true,1.0e-6,7.141405249330225e-6,0.0011215338412533468,NaN,true,true
grw,1,959,BigFloat128,true,0.001,3.5890873818527124e-31,2.9686753969604244e-29,-0.737459503553894,true,true
grw,1,959,BigFloat128,true,0.0001,1.9608462211971457e-30,2.9686753631060254e-28,0.29114538983414195,true,true
grw,1,959,BigFloat128,true,1.0e-5,1.0029935628369323e-30,2.9686753597206e-27,-1.8386996662822668,true,true
grw,1,959,BigFloat128,true,1.0e-6,6.918274854940038e-29,2.968675359382058e-26,NaN,true,true
grw,1,963,Float64,true,0.001,7.493532344465667e-9,1.1223537676912705e-6,-1.032449452802492,true,true
grw,1,963,Float64,true,0.0001,8.074879292733343e-8,1.1223536726831234e-5,-1.2077956444790114,true,true
grw,1,963,Float64,true,1.0e-5,1.3029618004547281e-6,0.00011223537620328571,0.4256100455467647,true,true
grw,1,963,Float64,true,1.0e-6,4.89014388696276e-7,0.0011223537619049597,NaN,true,true
grw,1,963,BigFloat128,true,0.001,4.898298205785002e-31,2.9708457088543314e-29,-0.7594575205016301,true,true
grw,1,963,BigFloat128,true,0.0001,2.8151577872381846e-30,2.970845674999933e-28,-0.6818555039512849,true,true
grw,1,963,BigFloat128,true,1.0e-5,1.3531883359823162e-29,2.970845671614507e-27,0.20942211351481,true,true
grw,1,963,BigFloat128,true,1.0e-6,8.354801425147547e-30,2.9708456712759653e-26,NaN,true,true
grw,1,964,Float64,false,0.001,1.7449983090191468e-9,1.682666993401013e-7,-0.723766665614358,true,true
grw,1,964,Float64,false,0.0001,9.237653670654128e-9,1.6826668499534962e-6,0.0,true,true
grw,1,964,Float64,false,1.0e-5,9.237653670654128e-9,1.6826668371636673e-5,-2.0280828024078827,true,true
grw,1,964,Float64,false,1.0e-6,9.854724292978396e-7,0.00016826651932067943,NaN,true,true
grw,1,964,BigFloat128,false,0.001,6.24151284246693e-32,4.453982445837478e-30,-0.740629009458268,true,true
grw,1,964,BigFloat128,false,0.0001,3.434937805247661e-31,4.4539821072794057e-29,-0.37283615248368634,true,true
grw,1,964,BigFloat128,false,1.0e-5,8.105037534130751e-31,4.453982073425011e-28,-0.12387362581436145,true,true
grw,1,964,BigFloat128,false,1.0e-6,1.0780245623977197e-30,4.453982070039586e-27,NaN,true,true
grw,1,968,Float64,true,0.001,3.310001582064846e-8,8.426406309317441e-6,-1.1978225764235875,true,true
grw,1,968,Float64,true,0.0001,5.219762918152626e-7,8.426406296516241e-5,-0.6860691047970133,true,true
grw,1,968,Float64,true,1.0e-5,2.533494014426336e-6,0.0008426384946987237,-0.14985405624182346,true,true
grw,1,968,Float64,true,1.0e-6,3.577453016781601e-6,0.008426406295109252,NaN,true,true
grw,1,968,BigFloat128,true,0.001,4.200850157211979e-30,2.2304511784198132e-28,-0.026384743416573663,true,true
grw,1,968,BigFloat128,true,0.0001,4.463976854147491e-30,2.230451175031364e-27,-1.295828280787814,true,true
grw,1,968,BigFloat128,true,1.0e-5,8.821657958353908e-29,2.2304511746927912e-26,-1.4459592346528496,true,true
grw,1,968,BigFloat128,true,1.0e-6,2.4632554341104714e-27,2.230451174658937e-25,NaN,true,true
grw,1,974,Float64,false,0.001,6.290163440737585e-9,7.97656278745481e-7,-0.7354007242405689,true,true
grw,1,974,Float64,false,0.0001,3.420287824052756e-8,7.976562709730159e-6,-1.201750826933317,true,true
grw,1,974,Float64,false,1.0e-5,5.442688526471148e-7,7.976558355545753e-5,-0.34015185551115784,true,true
grw,1,974,Float64,false,1.0e-6,1.1911469328427107e-6,0.0007976562695661405,NaN,true,true
grw,1,974,BigFloat128,false,0.001,1.1370448272956165e-31,2.1113786029111736e-29,-1.310956981991463,true,true
grw,1,974,BigFloat128,false,0.0001,2.326668814466291e-30,2.111378569056713e-28,-0.4762081938078566,true,true
grw,1,974,BigFloat128,false,1.0e-5,6.96534709006464e-30,2.111378565671287e-27,-0.7521535130396505,true,true
grw,1,974,BigFloat128,false,1.0e-6,3.936373284467548e-29,2.1113785653327448e-26,NaN,true,true
grw,2,3,Float64,false,0.001,7.020933212836489e-6,2.389250889344578e-10,2.000155042252616,false,true
grw,2,3,Float64,false,0.0001,7.018427201211356e-8,2.3891391534182147e-9,1.9309763036010694,true,true
grw,2,3,Float64,false,1.0e-5,8.227416738783414e-10,2.3891265249089312e-8,-0.3743824498137897,true,true
grw,2,3,Float64,false,1.0e-6,1.9482556561677634e-9,2.389125247853097e-7,NaN,true,true
grw,2,3,BigFloat128,false,0.001,7.020932271309287e-6,6.324294445416881e-33,1.9999980027989592,false,true
grw,2,3,BigFloat128,false,0.0001,7.020964558722702e-8,6.32399868271602e-32,1.9999999800279555,false,true
grw,2,3,BigFloat128,false,1.0e-5,7.020964881598137e-10,6.3239652562536955e-31,1.9999999998002798,false,true
grw,2,3,BigFloat128,false,1.0e-6,7.02096488482689e-12,6.323961875107693e-30,NaN,false,true
grw,2,12,Float64,false,0.001,1.8077575656584014e-11,4.540723801159562e-9,-0.6666665955454087,true,true
grw,2,12,Float64,false,0.0001,8.390865956527674e-11,4.540711009225863e-8,6.654859724136853e-7,true,true
grw,2,12,Float64,false,1.0e-5,8.390853098894098e-11,4.540709730230285e-7,-1.604527213933877,true,true
grw,2,12,Float64,false,1.0e-6,3.3754628439488975e-9,4.5407095873864145e-6,NaN,true,true
grw,2,12,BigFloat128,false,0.001,5.148215435087517e-33,1.2019195825104574e-31,-0.954473949139324,true,true
grw,2,12,BigFloat128,false,0.0001,4.6358637297205217e-32,1.201916196592924e-30,-0.7320610693708919,true,true
grw,2,12,BigFloat128,false,1.0e-5,2.5014494493625437e-31,1.201915858045613e-29,-1.1171466418415943,true,true
grw,2,12,BigFloat128,false,1.0e-6,3.2759583584382435e-30,1.2019158241913265e-28,NaN,true,true
grw,2,40,Float64,false,0.001,3.072556700282842e-12,6.710893492296133e-9,-2.10606209042686,true,true
grw,2,40,Float64,false,0.0001,3.9224913671013257e-10,6.710880702453284e-8,-0.8089702337044518,true,true
grw,2,40,Float64,false,1.0e-5,2.526575206980158e-9,6.710879406520082e-7,-0.9396022150878124,true,true
grw,2,40,Float64,false,1.0e-6,2.198540373049824e-8,6.710879148036534e-6,NaN,true,true
grw,2,40,BigFloat128,false,0.001,6.953532801668001e-33,1.7763587167154063e-31,-0.7181098408413278,true,true
grw,2,40,BigFloat128,false,0.0001,3.633417875831557e-32,1.7763553312721923e-30,-1.2236747320647319,true,true
grw,2,40,BigFloat128,false,1.0e-5,6.08121111450335e-31,1.7763549927296246e-29,-1.0517666465633906,true,true
grw,2,40,BigFloat128,false,1.0e-6,6.851043533282185e-30,1.7763549588753855e-28,NaN,true,true
grw,2,42,Float64,false,0.001,4.111434178292375e-11,1.2300490954504304e-8,-0.5234164107281292,true,true
grw,2,42,Float64,false,0.0001,1.3721757899836572e-10,1.23004781589504e-7,-0.8749538922711746,true,true
grw,2,42,Float64,false,1.0e-5,1.0288774404968725e-9,1.2300476868964667e-6,-1.7075533402275307,true,true
grw,2,42,Float64,false,1.0e-6,5.247071534489127e-8,1.2300476753722249e-5,NaN,true,true
grw,2,42,BigFloat128,false,0.001,9.904264405174993e-33,3.2559128455839504e-31,0.4327636981006389,true,true
grw,2,42,BigFloat128,false,0.0001,3.656440643158367e-33,3.255909459075801e-30,-2.074073847270276,true,true
grw,2,42,BigFloat128,false,1.0e-5,4.336430346482641e-31,3.255909120522584e-29,-1.49646947695788,true,true
grw,2,42,BigFloat128,false,1.0e-6,1.3601971230151837e-29,3.255909086668238e-28,NaN,true,true
grw,2,49,Float64,false,0.001,1.7725443785421194e-11,6.193227670868826e-9,-1.2094248262593195,true,true
grw,2,49,Float64,false,0.0001,2.8709256371211415e-10,6.193214877691664e-8,-1.221091888361016,true,true
grw,2,49,Float64,false,1.0e-5,4.77654454112584e-9,6.193213570893207e-7,-0.6664592056114155,true,true
grw,2,49,Float64,false,1.0e-6,2.2160167436938874e-8,6.193213472577502e-6,NaN,true,true
grw,2,49,BigFloat128,false,0.001,6.879992095931989e-33,1.6393337147393415e-31,-0.27292224663813447,true,true
grw,2,49,BigFloat128,false,0.0001,1.2897638076424585e-32,1.6393303288551242e-30,-1.7064456173312528,true,true
grw,2,49,BigFloat128,false,1.0e-5,6.560784959361714e-31,1.6393299903081462e-29,-1.0216811552292064,true,true
grw,2,49,BigFloat128,false,1.0e-6,6.896630500483577e-30,1.6393299564538632e-28,NaN,true,true
grw,2,70,Float64,false,0.001,1.8224600941318546e-10,3.865682060601441e-8,-1.1085129176856212,true,true
grw,2,70,Float64,false,0.0001,2.3397580231147164e-9,3.865680782024011e-7,-0.6620935874045295,true,true
grw,2,70,Float64,false,1.0e-5,1.074643787957022e-8,3.865680654123268e-6,-1.284500789910063,true,true
grw,2,70,Float64,false,1.0e-6,2.0690230191109637e-7,3.865680641333469e-5,NaN,true,true
grw,2,70,BigFloat128,false,0.001,3.8714254543660565e-32,1.0232375217300174e-30,0.28581490141139865,true,true
grw,2,70,BigFloat128,false,0.0001,2.0047305091820478e-32,1.0232371831069091e-29,-2.0477629038833505,true,true
grw,2,70,BigFloat128,false,1.0e-5,2.2377878094559014e-30,1.0232371492518645e-28,-1.0709432316089187,true,true
grw,2,70,BigFloat128,false,1.0e-6,2.634887852510986e-29,1.0232371458664327e-27,NaN,true,true
grw,2,71,Float64,true,0.001,2.1111397310906183e-8,3.7004282618416963e-6,-0.8664675390796962,true,true
grw,2,71,Float64,true,0.0001,1.5523316712395824e-7,3.700428248963143e-5,-0.9840779434938695,true,true
grw,2,71,Float64,true,1.0e-5,1.4964508652544787e-6,0.00037004282476832786,-0.9010528757552451,true,true
grw,2,71,Float64,true,1.0e-6,1.1915584133213683e-5,0.0037003841547912594,NaN,true,true
grw,2,71,BigFloat128,true,0.001,1.3604522935682111e-30,9.794952052283969e-29,-1.3315656413735741,true,true
grw,2,71,BigFloat128,true,0.0001,2.919099903209526e-29,9.794952018194723e-28,-0.7863218226707244,true,true
grw,2,71,BigFloat128,true,1.0e-5,1.7847228384858843e-28,9.794952014806948e-27,-0.6924077796643001,true,true
grw,2,71,BigFloat128,true,1.0e-6,8.789791245689594e-28,9.794952014468384e-26,NaN,true,true
grw,2,75,Float64,false,0.001,5.592012962160478e-10,8.981985518690457e-8,-0.39672797453699216,true,true
grw,2,75,Float64,false,0.0001,1.3941071158996337e-9,8.981984244548065e-7,-1.5275364690897135,true,true
grw,2,75,Float64,false,1.0e-5,4.697130356485599e-8,8.98198411664849e-6,-1.0295136493595576,true,true
grw,2,75,Float64,false,1.0e-6,5.027432663058524e-7,8.981984103858703e-5,NaN,true,true
grw,2,75,BigFloat128,false,0.001,7.442033390266876e-32,2.377511771983203e-30,-0.9399353844039837,true,true
grw,2,75,BigFloat128,false,0.0001,6.480775817752618e-31,2.377511433391012e-29,-0.4630354421283928,true,true
grw,2,75,BigFloat128,false,1.0e-5,1.8821855754310283e-30,2.3775113995362765e-28,-1.4823107342778241,true,true
grw,2,75,BigFloat128,false,1.0e-6,5.714433394015433e-29,2.377511396150848e-27,NaN,true,true
grw,2,85,Float64,false,0.001,1.932542767535526e-10,4.5641544225098125e-8,-0.3845391189336274,true,true
grw,2,85,Float64,false,0.0001,4.684553817874653e-10,4.564153141309376e-7,-1.4353776926732449,true,true
grw,2,85,Float64,false,1.0e-5,1.2765737954752662e-8,4.564153015548931e-6,-0.9715987487083283,true,true
grw,2,85,Float64,false,1.0e-6,1.1957617966042677e-7,4.5641524569951745e-5,NaN,true,true
grw,2,85,BigFloat128,false,0.001,1.6575939210658494e-32,1.2081216163194492e-30,-1.2558693053639896,true,true
grw,2,85,BigFloat128,false,0.0001,2.9877719848018313e-31,1.2081212777544676e-29,-0.7444096661720652,true,true
grw,2,85,BigFloat128,false,1.0e-5,1.65865902802195e-30,1.2081212439000043e-28,-0.6158919950075774,true,true
grw,2,85,BigFloat128,false,1.0e-6,6.849346101378122e-30,1.2081212405145784e-27,NaN,true,true
grw,2,102,Float64,false,0.001,2.753412564182222e-11,6.628488080495095e-9,-0.776729428194077,true,true
grw,2,102,Float64,false,0.0001,1.6466477991228876e-10,6.628475289903783e-8,-0.28285589399642885,true,true
grw,2,102,Float64,false,1.0e-5,3.158323501851257e-10,6.628474008823325e-7,-2.0888779029692093,true,true
grw,2,102,Float64,false,1.0e-6,3.87556044726213e-8,6.628473626128509e-6,NaN,true,true
grw,2,102,BigFloat128,false,0.001,2.0475568135633542e-33,1.7545461858801101e-31,-1.1744163894197504,true,true
grw,2,102,BigFloat128,false,0.0001,3.059513334748195e-32,1.75454280019047e-30,-0.9750291108122245,true,true
grw,2,102,BigFloat128,false,1.0e-5,2.888560453882206e-31,1.754542461645438e-29,-1.458962146503864,true,true
grw,2,102,BigFloat128,false,1.0e-6,8.310814861230032e-30,1.7545424277911742e-28,NaN,true,true
grw,2,126,Float64,false,0.001,1.3328783432320466e-10,1.2545767119659129e-8,-0.3822987685061025,true,true
grw,2,126,Float64,false,0.0001,3.2143212545705973e-10,1.2545754331318789e-7,-0.262293802448074,true,true
grw,2,126,Float64,false,1.0e-5,5.880077937932472e-10,1.2545753044962434e-6,-2.3917523731816823,true,true
grw,2,126,Float64,false,1.0e-6,1.4492237934123061e-7,1.254575292444172e-5,NaN,true,true
grw,2,126,BigFloat128,false,0.001,4.8630563305388e-33,3.3208369063585534e-31,-1.3763629751846815,true,true
grw,2,126,BigFloat128,false,0.0001,1.1568372792312312e-31,3.320833520870424e-30,-0.5750879069042474,true,true
grw,2,126,BigFloat128,false,1.0e-5,4.348707348478205e-31,3.3208331823274074e-29,-1.19448922801519,true,true
grw,2,126,BigFloat128,false,1.0e-6,6.80533345822129e-30,3.320833148473164e-28,NaN,true,true
grw,2,172,Float64,false,0.001,1.266443900090694e-11,1.4392324483115298e-8,-1.9523953002432652,true,true
grw,2,172,Float64,false,0.0001,1.1349618320655087e-9,1.43923116767765e-7,-0.9595939177615188,true,true
grw,2,172,Float64,false,1.0e-5,1.0341300890191893e-8,1.439231041413195e-6,-0.9576509511711108,true,true
grw,2,172,Float64,false,1.0e-6,9.38050297887049e-8,1.4392310286234236e-5,NaN,true,true
grw,2,172,BigFloat128,false,0.001,1.0064260721861881e-32,3.809616570241678e-31,-1.2419147465438807,true,true
grw,2,172,BigFloat128,false,0.0001,1.756696052952444e-31,3.80961318475579e-30,-0.5678594010307433,true,true
grw,2,172,BigFloat128,false,1.0e-5,6.494654110116933e-31,3.809612846212795e-29,-1.2451076469323328,true,true
grw,2,172,BigFloat128,false,1.0e-6,1.1419936090301032e-29,3.809612812358552e-28,NaN,true,true
grw,2,217,Float64,false,0.001,2.6366955754797014e-10,1.698159105870112e-8,1.1787390162605134,true,true
grw,2,217,Float64,false,0.0001,1.747112915181889e-11,1.698157826854955e-7,-3.0787456737544145,true,true
grw,2,217,Float64,false,1.0e-5,2.094433848241053e-8,1.69815769895688e-6,-0.33755693249901386,true,true
grw,2,217,Float64,false,1.0e-6,4.556418226161151e-8,1.698157686167107e-5,NaN,true,true
grw,2,217,BigFloat128,false,0.001,2.2381329054981906e-33,4.494989726099651e-31,-1.8638823239431415,true,true
grw,2,217,BigFloat128,false,0.0001,1.6359431074518683e-31,4.49498634057472e-30,-0.7210770106266849,true,true
grw,2,217,BigFloat128,false,1.0e-5,8.606869278583202e-31,4.494986002031335e-29,-1.3423612484604184,true,true
grw,2,217,BigFloat128,false,1.0e-6,1.8932434169300972e-29,4.494985968177088e-28,NaN,true,true
grw,2,245,Float64,true,0.001,3.6979156689238827e-7,7.398291629750774e-5,-0.98684543118842,true,true
grw,2,245,Float64,true,0.0001,3.5875869371538336e-6,0.0007398267822182178,-0.5421576316238825,true,true
grw,2,245,Float64,true,1.0e-5,1.2501440713856816e-5,0.007398294364077574,-1.4271532525126573,true,true
grw,2,245,Float64,true,1.0e-6,0.0003342822511479088,0.07398294364064777,NaN,true,true
grw,2,245,BigFloat128,true,0.001,1.9508940129692725e-29,1.958312212853204e-27,-1.6221033401069795,true,true
grw,2,245,BigFloat128,true,0.0001,8.172162918430926e-28,1.9583122124902384e-26,-0.1985811784619903,true,true
grw,2,245,BigFloat128,true,1.0e-5,1.2909760771524402e-27,1.95831221245614e-25,-1.805862854976473,true,true
grw,2,245,BigFloat128,true,1.0e-6,8.256216056912085e-26,1.9583122124527523e-24,NaN,true,true
grw,2,259,Float64,true,0.001,3.224476341912105e-8,6.543235945654536e-6,-1.181298031865898,true,true
grw,2,259,Float64,true,0.0001,4.895051065120552e-7,6.543232729845714e-5,-0.9390073300267675,true,true
grw,2,259,Float64,true,1.0e-5,4.253677467932058e-6,0.0006543235931513423,-1.0927306716939122,true,true
grw,2,259,Float64,true,1.0e-6,5.266174289556455e-5,0.006542891353177195,NaN,true,true
grw,2,259,BigFloat128,true,0.001,4.5142358315507135e-30,1.73198013363377e-28,-0.8817671895451585,true,true
grw,2,259,BigFloat128,true,0.0001,3.43836069154652e-29,1.7319801302293803e-27,-0.23571505345096744,true,true
grw,2,259,BigFloat128,true,1.0e-5,5.916522039450043e-29,1.7319801298906482e-26,-1.9940297152501973,true,true
grw,2,259,BigFloat128,true,1.0e-6,5.835743592753296e-27,1.7319801298567924e-25,NaN,true,true
grw,2,264,Float64,false,0.001,6.66623902881476e-11,2.2307844770454022e-8,-1.1182304905651104,true,true
grw,2,264,Float64,false,0.0001,8.752081889203158e-10,2.2307831962386933e-7,7.836238433684197e-8,true,true
grw,2,264,Float64,false,1.0e-5,8.752080310012146e-10,2.230783068340741e-6,-2.0408392940983995,true,true
grw,2,264,Float64,false,1.0e-6,9.615028773755934e-8,2.2307830575033685e-5,NaN,true,true
grw,2,264,BigFloat128,false,0.001,3.642182265268695e-33,5.904837345021475e-31,-1.6191641983194984,true,true
grw,2,264,BigFloat128,false,0.0001,1.5153950826693137e-31,5.904833959528675e-30,-0.9713203709544693,true,true
grw,2,264,BigFloat128,false,1.0e-5,1.4185552148028775e-30,5.904833620985612e-29,-1.0022954616878648,true,true
grw,2,264,BigFloat128,false,1.0e-6,1.4260728321901035e-29,5.9048335871313675e-28,NaN,true,true
grw,2,269,Float64,false,0.001,1.8945401446561628e-10,3.7564188404567286e-8,-0.3869088144923208,true,true
grw,2,269,Float64,false,0.0001,4.617560844574787e-10,3.756417560321452e-7,-1.2224901745545085,true,true
grw,2,269,Float64,false,1.0e-5,7.707309538042354e-9,3.756417434156953e-6,-1.7598838848117555,true,true
grw,2,269,Float64,false,1.0e-6,4.433908086832306e-7,3.7564174213671716e-5,NaN,true,true
grw,2,269,BigFloat128,false,0.001,2.524361442878224e-32,9.943157881738909e-31,-0.727004409622034,true,true
grw,2,269,BigFloat128,false,0.0001,1.3463437163823e-31,9.943154495956587e-30,-1.3820082385111117,true,true
grw,2,269,BigFloat128,false,1.0e-5,3.244622580481871e-30,9.943154157410627e-29,-0.09122884991780805,true,true
grw,2,269,BigFloat128,false,1.0e-6,4.003068632964617e-30,9.943154123556355e-28,NaN,true,true
grw,2,282,Float64,true,0.001,6.397887882320253e-9,1.362908103870407e-6,-1.354473016874851,true,true
grw,2,282,Float64,true,0.0001,1.4471369815166554e-7,1.3629079025547497e-5,-0.7072496205665415,true,true
grw,2,282,Float64,true,1.0e-5,7.374953096307446e-7,0.00013629070933687728,-0.700605916220177,true,true
grw,2,282,Float64,true,1.0e-6,3.70139282550708e-6,0.0013629030537209465,NaN,true,true
grw,2,282,BigFloat128,true,0.001,3.233842751439172e-31,3.6075877357625696e-29,-1.3206276479190058,true,true
grw,2,282,BigFloat128,true,0.0001,6.766226722744214e-30,3.607587701870877e-28,-1.161455915765277,true,true
grw,2,282,BigFloat128,true,1.0e-5,9.813014979705395e-29,3.607587698485079e-27,-0.2683427735633473,true,true
grw,2,282,BigFloat128,true,1.0e-6,1.8203094988880206e-28,3.607587698146533e-26,NaN,true,true
grw,2,284,Float64,false,0.001,1.0483504042932424e-10,7.424373298495263e-8,-1.701887377419926,true,true
grw,2,284,Float64,false,0.0001,5.277082021262213e-9,7.4243720202933e-7,-0.8524309879602081,true,true
grw,2,284,Float64,false,1.0e-5,3.756858452287184e-8,7.424371892395573e-6,-1.1690312773030573,true,true
grw,2,284,Float64,false,1.0e-6,5.544419849897155e-7,7.424367763222324e-5,NaN,true,true
grw,2,284,BigFloat128,false,0.001,3.3095791727778134e-32,1.9652152491249524e-30,-1.1914279707680213,true,true
grw,2,284,BigFloat128,false,0.0001,5.1428131492164695e-31,1.9652149105816873e-29,-0.5781846540130943,true,true
grw,2,284,BigFloat128,false,1.0e-5,1.9470871905388806e-30,1.9652148767274408e-28,-1.585390119631031,true,true
grw,2,284,BigFloat128,false,1.0e-6,7.495066997156065e-29,1.9652148733420173e-27,NaN,true,true
grw,2,328,Float64,true,0.001,1.0818178294870221e-8,2.17138487840103e-6,-0.28102874305910147,true,true
grw,2,328,Float64,true,0.0001,2.0662500536242276e-8,2.171384889084652e-5,-1.7187071293571639,true,true
grw,2,328,Float64,true,1.0e-5,1.0811600936203484e-6,0.00021713825401908164,0.34115525719537654,true,true
grw,2,328,Float64,true,1.0e-6,4.928726847584245e-7,0.002171384887677606,NaN,true,true
grw,2,328,BigFloat128,true,0.001,1.373473536859821e-31,5.747607978351928e-29,-1.7715218655981089,true,true
grw,2,328,BigFloat128,true,0.0001,8.116002305841679e-30,5.747607944452593e-28,-0.9120465669704528,true,true
grw,2,328,BigFloat128,true,1.0e-5,6.628095064351405e-29,5.747607941066718e-27,-1.4265629497772019,true,true
grw,2,328,BigFloat128,true,1.0e-6,1.769912019209738e-27,5.747607940728172e-26,NaN,true,true
grw,2,344,Float64,false,0.001,1.0605229518091784e-11,2.125729260827841e-8,-1.1911707612513158,true,true
grw,2,344,Float64,false,0.0001,1.646989510468239e-10,2.1257279814987392e-7,-1.4634188994171184,true,true
grw,2,344,Float64,false,1.0e-5,4.7875104243439054e-9,2.125727843773962e-6,-1.5366249554470066,true,true
grw,2,344,Float64,false,1.0e-6,1.6471558311357362e-7,2.125727841161135e-5,NaN,true,true
grw,2,344,BigFloat128,false,0.001,2.9038618223444502e-33,5.626758502758771e-31,-1.6028573328817115,true,true
grw,2,344,BigFloat128,false,0.0001,1.1636792220459986e-31,5.6267551172698856e-30,-0.8991334094782679,true,true
grw,2,344,BigFloat128,false,1.0e-5,9.225006681169e-31,5.626754778726861e-29,-1.2038509187358208,true,true
grw,2,344,BigFloat128,false,1.0e-6,1.4750869066997e-29,5.626754744872618e-28,NaN,true,true
grw,2,353,Float64,false,0.001,2.3264137394177288e-10,1.0879805674882775e-7,-1.4984597446235233,true,true
grw,2,353,Float64,false,0.0001,7.330721129641253e-9,1.0879804395902084e-6,-0.8047695738527683,true,true
grw,2,353,Float64,false,1.0e-5,4.676449755019392e-8,1.0879804268004357e-5,-0.9746230120981441,true,true
grw,2,353,Float64,false,1.0e-6,4.4110226175572057e-7,0.00010879804255214589,NaN,true,true
grw,2,353,BigFloat128,false,0.001,4.334403690284754e-33,2.8798605832343805e-30,-2.160422734627667,true,true
grw,2,353,BigFloat128,false,0.0001,6.271220802743517e-31,2.8798602446910115e-29,-1.0259769802480814,true,true
grw,2,353,BigFloat128,false,1.0e-5,6.65777436021766e-30,2.8798602108367643e-28,-0.9095654069216915,true,true
grw,2,353,BigFloat128,false,1.0e-6,5.406229515449524e-29,2.8798602074513406e-27,NaN,true,true
grw,2,400,Float64,false,0.001,2.884602571601749e-10,1.6878064148457008e-7,-1.4577323415523629,true,true
grw,2,400,Float64,false,0.0001,8.275958951279756e-9,1.6878062729793817e-6,-0.8056247382158059,true,true
grw,2,400,Float64,false,1.0e-5,5.289846453623343e-8,1.687806274157824e-5,-1.3825392831788395,true,true
grw,2,400,Float64,false,1.0e-6,1.2763869325199431e-6,0.00016878062728788474,NaN,true,true
grw,2,400,BigFloat128,false,0.001,1.8559582378960814e-32,4.467586381129589e-30,-1.127722036822124,true,true
grw,2,400,BigFloat128,false,0.0001,2.4905211630626997e-31,4.467586042586127e-29,-1.5428640152451163,true,true
grw,2,400,BigFloat128,false,1.0e-5,8.692691194832384e-30,4.467586008731879e-28,-1.0820056165433785,true,true
grw,2,400,BigFloat128,false,1.0e-6,1.049928847132464e-28,4.4675860053464556e-27,NaN,true,true
grw,2,405,Float64,false,0.001,2.669828680878916e-10,3.593254704187197e-8,-0.9903655297036736,true,true
grw,2,405,Float64,false,0.0001,2.611252831423914e-9,3.59325341676706e-7,-0.4763990058931171,true,true
grw,2,405,Float64,false,1.0e-5,7.820741472301293e-9,3.5932532701501583e-6,-1.3858548276166598,true,true
grw,2,405,Float64,false,1.0e-6,1.9015281428681362e-7,3.593252602195069e-5,NaN,true,true
grw,2,405,BigFloat128,false,0.001,2.8062308570553332e-33,9.511266009798908e-31,-0.7388877174851893,true,true
grw,2,405,BigFloat128,false,0.0001,1.5381940010144535e-32,9.511262624323147e-30,-1.9540982840154126,true,true
grw,2,405,BigFloat128,false,1.0e-5,1.383914938465871e-30,9.511262285780254e-29,-1.2205475062491582,true,true
grw,2,405,BigFloat128,false,1.0e-6,2.299624376073098e-29,9.511262251926013e-28,NaN,true,true
grw,2,438,Float64,true,0.001,1.6707430233144704e-8,3.209172559209727e-6,-0.2515843655627952,true,true
grw,2,438,Float64,true,0.0001,2.981906501012029e-8,3.209172450712878e-5,-1.6609489892442608,true,true
grw,2,438,Float64,true,1.0e-5,1.365975818073953e-6,0.00032091725451283,-0.644054304802268,true,true
grw,2,438,Float64,true,1.0e-6,6.018625431318119e-6,0.003209172545000401,NaN,true,true
grw,2,438,BigFloat128,true,0.001,2.815420160250756e-31,8.494609034609518e-29,-1.2396515406070874,true,true
grw,2,438,BigFloat128,true,0.0001,4.888715416709394e-30,8.494609000722049e-28,-0.3804715695198402,true,true
grw,2,438,BigFloat128,true,1.0e-5,1.1739952134840062e-29,8.494608997336292e-27,-1.7878294475513694,true,true
grw,2,438,BigFloat128,true,1.0e-6,7.202707421115056e-28,8.494608996997746e-26,NaN,true,true
grw,2,440,Float64,false,0.001,7.985872967041765e-10,1.6738500268823496e-7,-0.30937353745431656,true,true
grw,2,440,Float64,false,0.0001,1.6281557036548357e-9,1.6738498962540704e-6,-1.8664308483265992,true,true
grw,2,440,Float64,false,1.0e-5,1.1970899459230606e-7,1.673849886189536e-5,-1.047788566908645,true,true
grw,2,440,Float64,false,1.0e-6,1.336335021568076e-6,0.00016738476480863368,NaN,true,true
grw,2,440,BigFloat128,false,0.001,1.1811287191681686e-32,4.4306441297870195e-30,-1.713706901155068,true,true
grw,2,440,BigFloat128,false,0.0001,6.10947835739884e-31,4.4306437912306215e-29,2.0756568994981675,true,true
grw,2,440,BigFloat128,false,1.0e-5,5.132715956739582e-33,4.430643757376243e-28,-3.9256911588946797,true,true
grw,2,440,BigFloat128,false,1.0e-6,4.3255206539052037e-29,4.430643753990819e-27,NaN,true,true
grw,2,456,Float64,true,0.001,3.6861301127254756e-9,6.479252758411064e-7,-0.8225010667652807,true,true
grw,2,456,Float64,true,0.0001,2.4494677599064474e-8,6.479252471792925e-6,-0.9380146685230438,true,true
grw,2,456,Float64,true,1.0e-5,2.123666890485295e-7,6.479251241732804e-5,-1.2765725998384494,true,true
grw,2,456,Float64,true,1.0e-6,4.0147545222889535e-6,0.000647925261643125,NaN,true,true
grw,2,456,BigFloat128,true,0.001,4.389257948987629e-32,1.715043924988275e-29,-1.436540662881314,true,true
grw,2,456,BigFloat128,true,0.0001,1.1993108624270355e-30,1.7150438911305323e-28,-0.5747635974583796,true,true
grw,2,456,BigFloat128,true,1.0e-5,4.505005905894318e-30,1.7150438877450735e-27,-1.4469701608759429,true,true
grw,2,456,BigFloat128,true,1.0e-6,1.2608561047734372e-28,1.715043887406531e-26,NaN,true,true
grw,2,461,Float64,true,0.001,2.4383221621902064e-9,4.2333264609211115e-6,-1.5883420984823544,true,true
grw,2,461,Float64,true,0.0001,9.450029941119093e-8,4.233326448121338e-5,-1.145796079287809,true,true
grw,2,461,Float64,true,1.0e-5,1.32199332951493e-6,0.00042333264468422615,-1.4650208529302085,true,true
grw,2,461,Float64,true,1.0e-6,3.857004243961445e-5,0.004233163167133653,NaN,true,true
grw,2,461,BigFloat128,true,0.001,1.2403339070452237e-30,1.1205521840261317e-28,-1.0823637214304547,true,true
grw,2,461,BigFloat128,true,0.0001,1.499347630359078e-29,1.1205521806380598e-27,-0.7885732615003965,true,true
grw,2,461,BigFloat128,true,1.0e-5,9.214581150492834e-29,1.120552180299491e-26,-0.6610356357561783,true,true
grw,2,461,BigFloat128,true,1.0e-6,4.221932007291238e-28,1.1205521802656367e-25,NaN,true,true
grw,2,471,Float64,false,0.001,2.2467229074066083e-10,9.552327901220729e-8,-1.5172267219581805,true,true
grw,2,471,Float64,false,0.0001,7.39224301047097e-9,9.552326624367845e-7,-0.43884024163884844,true,true
grw,2,471,Float64,false,1.0e-5,2.0305630399981697e-8,9.55232630250392e-6,-0.764941246188792,true,true
grw,2,471,Float64,false,1.0e-6,1.1818373830155618e-7,9.552326483680159e-5,NaN,true,true
grw,2,471,BigFloat128,false,0.001,4.674942909020997e-33,2.5284801428526034e-30,-1.8539144139996626,true,true
grw,2,471,BigFloat128,false,0.0001,3.339571342108928e-31,2.52847980430438e-29,-0.19905487307924885,true,true
grw,2,471,BigFloat128,false,1.0e-5,5.281357893781289e-31,2.5284797704500843e-28,-1.6590150934903634,true,true
grw,2,471,BigFloat128,false,1.0e-6,2.4085778722864324e-29,2.52847976706466e-27,NaN,true,true
grw,2,476,Float64,false,0.001,2.261364156520692e-11,1.652981882747793e-7,-2.198555412060096,true,true
grw,2,476,Float64,false,0.0001,3.57211898242283e-9,1.652981748944097e-6,-1.444598712354238,true,true
grw,2,476,Float64,false,1.0e-5,9.943164594220817e-8,1.6529815777002662e-5,-1.2804956248354584,true,true
grw,2,476,Float64,false,1.0e-6,1.8967943765134357e-6,0.0001652978605413515,NaN,true,true
grw,2,476,BigFloat128,false,0.001,2.8552658180516306e-33,4.375406612193205e-30,-2.1713743573778537,true,true
grw,2,476,BigFloat128,false,0.0001,4.236633574226357e-31,4.375406273647242e-29,-0.35055340396190265,true,true
grw,2,476,BigFloat128,false,1.0e-5,9.496734738642337e-31,4.375406239792969e-28,-1.4494203979907023,true,true
grw,2,476,BigFloat128,false,1.0e-6,2.672973822242319e-29,4.3754062364075454e-27,NaN,true,true
grw,2,487,Float64,true,0.001,3.3418528263860886e-8,6.915464244078353e-6,-0.6020750244682075,true,true
grw,2,487,Float64,true,0.0001,1.3367874027626506e-7,6.915464231282909e-5,-1.5409596756585962,true,true
grw,2,487,Float64,true,1.0e-5,4.645388280834452e-6,0.0006915464230003873,-1.3537766532592475,true,true
grw,2,487,Float64,true,1.0e-6,0.00010490560029323862,0.006915464229875978,NaN,true,true
grw,2,487,BigFloat128,true,0.001,6.527796444115406e-31,1.8305081438416872e-28,-1.413045889845253,true,true
grw,2,487,BigFloat128,true,0.0001,1.6897112407829452e-29,1.830508140454762e-27,0.5952701327317529,true,true
grw,2,487,BigFloat128,true,1.0e-5,4.29084039470088e-30,1.8305081401162044e-26,-2.548787617799435,true,true
grw,2,487,BigFloat128,true,1.0e-6,1.5182034650306174e-27,1.83050814008235e-25,NaN,true,true
grw,2,488,Float64,false,0.001,4.10435122204843e-9,7.744851126407718e-7,-0.8577689120108645,true,true
grw,2,488,Float64,false,0.0001,2.958103938181635e-8,7.744850769408594e-6,-0.934077116426513,true,true
grw,2,488,Float64,false,1.0e-5,2.54150252817213e-7,7.744849017363723e-5,-0.7338417564457398,true,true
grw,2,488,Float64,false,1.0e-6,1.3769948072439135e-6,0.0007744840319820996,NaN,true,true
grw,2,488,BigFloat128,false,0.001,1.2754725055106939e-31,2.050045023639661e-29,-0.8001208314049565,true,true
grw,2,488,BigFloat128,false,0.0001,8.049926826411515e-31,2.0500449897852417e-28,-1.5803587283060878,true,true
grw,2,488,BigFloat128,false,1.0e-5,3.063025842775666e-29,2.050044986399816e-27,-1.0290024066545282,true,true
grw,2,488,BigFloat128,false,1.0e-6,3.2745608684210855e-28,2.050044986061274e-26,NaN,true,true
grw,2,522,Float64,false,0.001,8.60973184654261e-12,1.7046265404395528e-9,-0.7247352006012443,true,true
grw,2,522,Float64,false,0.0001,4.56798664985324e-11,1.704613749599234e-8,-1.0726273751060014,true,true
grw,2,522,Float64,false,1.0e-5,5.39948328525063e-10,1.7046124706115986e-7,-1.2921782875447345,true,true
grw,2,522,Float64,false,1.0e-6,1.0581091955112368e-8,1.7046123246771395e-6,NaN,true,true
grw,2,522,BigFloat128,false,0.001,1.4815165055220842e-34,4.5121088828638e-32,-0.5552383542357896,true,true
grw,2,522,BigFloat128,false,0.0001,5.320406906322279e-34,4.512075025791384e-31,-2.8338450374101467,true,true
grw,2,522,BigFloat128,false,1.0e-5,3.6290243810180615e-31,4.5120716403393024e-30,-0.15414958155078132,true,true
grw,2,522,BigFloat128,false,1.0e-6,5.1753469229887255e-31,4.512071301796646e-29,NaN,true,true
grw,2,529,Float64,false,0.001,3.1972599048923553e-12,1.0624515261282442e-9,-1.02674922290292,true,true
grw,2,529,Float64,false,0.0001,3.400377739055099e-11,1.0624387348775673e-8,0.0,true,true
grw,2,529,Float64,false,1.0e-5,3.400377739055099e-11,1.0624374558858285e-7,-2.3071601719016144,true,true
grw,2,529,Float64,false,1.0e-6,6.8974305497389364e-9,1.0624373206599012e-6,NaN,true,true
grw,2,529,BigFloat128,false,0.001,5.032977918193234e-34,2.812285773410113e-32,-1.4482410250234674,true,true
grw,2,529,BigFloat128,false,0.0001,1.4127523877552997e-32,2.8122519152514895e-31,-0.559823136596832,true,true
grw,2,529,BigFloat128,false,1.0e-5,5.127305403531412e-32,2.8122485297885455e-30,-1.355752106895693,true,true
grw,2,529,BigFloat128,false,1.0e-6,1.1631649138371809e-30,2.812248191245781e-29,NaN,true,true
grw,2,570,Float64,true,0.001,2.9767276169332408e-9,2.071250736403346e-6,-1.3841697152910537,true,true
grw,2,570,Float64,true,0.0001,7.20956085469797e-8,2.071250574262108e-5,-1.5611457628211263,true,true
grw,2,570,Float64,true,1.0e-5,2.6245483316556447e-6,0.00020712452862133504,-0.5169697098327619,true,true
grw,2,570,Float64,true,1.0e-6,8.630268046808066e-6,0.0020712328467341543,NaN,true,true
grw,2,570,BigFloat128,true,0.001,2.2841235909362282e-30,5.482555049244918e-29,-0.7771937450343058,true,true
grw,2,570,BigFloat128,true,0.0001,1.3674559471405028e-29,5.482555015328775e-28,-0.8726866580621293,true,true
grw,2,570,BigFloat128,true,1.0e-5,1.0199996022578956e-28,5.4825550119427315e-27,-0.586377458902254,true,true
grw,2,570,BigFloat128,true,1.0e-6,3.935296518220318e-28,5.482555011604183e-26,NaN,true,true
grw,2,578,Float64,true,0.001,2.324247037632107e-9,1.5007696257040889e-6,-0.5659281387214047,true,true
grw,2,578,Float64,true,0.0001,8.554811110994051e-9,1.5007696000460133e-5,-1.3879906294721878,true,true
grw,2,578,Float64,true,1.0e-5,2.090263583184433e-7,0.00015007696116055421,-1.573248174432259,true,true
grw,2,578,Float64,true,1.0e-6,7.824367288165917e-6,0.0015007696114776416,NaN,true,true
grw,2,578,BigFloat128,true,0.001,6.847450221587238e-31,3.972504122530823e-29,-1.2416373880595755,true,true
grw,2,578,BigFloat128,true,0.0001,1.1944453163634906e-29,3.972504088598486e-28,1.086938266909815,true,true
grw,2,578,BigFloat128,true,1.0e-5,9.777504059278177e-31,3.9725040852122815e-27,-2.3078885691390427,true,true
grw,2,578,BigFloat128,true,1.0e-6,1.9866280999054967e-28,3.972504084873731e-26,NaN,true,true
grw,2,582,Float64,false,0.001,8.737354661084921e-11,2.8083017636955816e-8,-1.300362277541412,true,true
grw,2,582,Float64,false,0.0001,1.7447862987716738e-9,2.8083004848994654e-7,-0.3358092281958272,true,true
grw,2,582,Float64,false,1.0e-5,3.780519394714221e-9,2.808300357001129e-6,-1.85127282038258,true,true
grw,2,582,Float64,false,1.0e-6,2.6842582142443133e-7,2.8083003442113526e-5,NaN,true,true
grw,2,582,BigFloat128,false,0.001,3.032721594331844e-32,7.433512874657363e-31,-0.6363240570243283,true,true
grw,2,582,BigFloat128,false,0.0001,1.3126731457331686e-31,7.433509489062737e-30,-1.1444409024194542,true,true
grw,2,582,BigFloat128,false,1.0e-5,1.830617050475616e-30,7.433509150518655e-29,-1.0370057776367838,true,true
grw,2,582,BigFloat128,false,1.0e-6,1.9934405151923386e-29,7.433509116664402e-28,NaN,true,true
grw,2,593,Float64,true,0.001,4.4692684152306034e-8,1.0486259647582397e-5,0.154385975621917,true,true
grw,2,593,Float64,true,0.0001,3.132207049493063e-8,0.00010486260103342675,-2.1602039060974993,true,true
grw,2,593,Float64,true,1.0e-5,4.529542811189439e-6,0.0010486212604098545,-0.7568484688633677,true,true
grw,2,593,Float64,true,1.0e-6,2.5876339329683673e-5,0.010486260101934701,NaN,true,true
grw,2,593,BigFloat128,true,0.001,1.4767949554994753e-29,2.7756899412298637e-28,-0.4348002821441035,true,true
grw,2,593,BigFloat128,true,0.0001,4.019022914620044e-29,2.77568993781557e-27,-1.0286881057484019,true,true
grw,2,593,BigFloat128,true,1.0e-5,4.293471536488331e-28,2.775689937476739e-26,-0.5381348659134196,true,true
grw,2,593,BigFloat128,true,1.0e-6,1.4823250709548066e-27,2.7756899374428824e-25,NaN,true,true
grw,2,601,Float64,true,0.001,1.638041688556099e-9,2.7753078768491134e-6,-1.9393838534687078,true,true
grw,2,601,Float64,true,0.0001,1.424652038790725e-7,2.7753074731893444e-5,-1.2026450507388475,true,true
grw,2,601,Float64,true,1.0e-5,2.2717150471352867e-6,0.0002775307867294856,-0.4426659451764366,true,true
grw,2,601,Float64,true,1.0e-6,6.295348832243809e-6,0.002775307867166956,NaN,true,true
grw,2,601,BigFloat128,true,0.001,2.966021405231354e-30,7.346178794738257e-29,-0.18988759671948424,true,true
grw,2,601,BigFloat128,true,0.0001,4.5926344336348945e-30,7.346178760801254e-28,-1.6439947248976319,true,true
grw,2,601,BigFloat128,true,1.0e-5,2.023282860349826e-28,7.346178757415002e-27,-0.5963736313316289,true,true
grw,2,601,BigFloat128,true,1.0e-6,7.987856124923676e-28,7.346178757076452e-26,NaN,true,true
grw,2,616,Float64,true,0.001,2.2690794910657627e-10,4.3177289454590275e-7,-2.136522983006899,true,true
grw,2,616,Float64,true,0.0001,3.107224935740042e-8,4.317728818450327e-6,-1.0820787441797515,true,true
grw,2,616,Float64,true,1.0e-5,3.7536297945197133e-7,4.317728805659651e-5,-1.0733473783145615,true,true
grw,2,616,Float64,true,1.0e-6,4.444253427083995e-6,0.00043177288043806655,NaN,true,true
grw,2,616,BigFloat128,true,0.001,3.799149416645523e-31,1.1428933359210067e-29,-0.27834082674672733,true,true
grw,2,616,BigFloat128,true,0.0001,7.211526454349499e-31,1.1428933020427524e-28,-1.153912885126837,true,true
grw,2,616,BigFloat128,true,1.0e-5,1.0278744860631626e-29,1.1428932986570883e-27,-1.405829677520538,true,true
grw,2,616,BigFloat128,true,1.0e-6,2.6167953756494944e-28,1.1428932983185438e-26,NaN,true,true
grw,2,624,Float64,true,0.001,1.3581875295825868e-7,1.4838975970993347e-5,-1.082351052491676,true,true
grw,2,624,Float64,true,0.0001,1.6417642370706577e-6,0.00014838975957696103,0.01521048487472554,true,true
grw,2,624,Float64,true,1.0e-5,1.5852592873898064e-6,0.0014838952432787603,-2.0033841647822315,true,true
grw,2,624,Float64,true,1.0e-6,0.00015976604007566852,0.014838975956284106,NaN,true,true
grw,2,624,BigFloat128,true,0.001,5.047783678762928e-30,3.9278442346708317e-28,-1.292519247343346,true,true
grw,2,624,BigFloat128,true,0.0001,9.899653235474725e-29,3.92784423115108e-27,-0.857162171443893,true,true
grw,2,624,BigFloat128,true,1.0e-5,7.1249554610782435e-28,3.927844230811195e-26,-1.5210430346692838,true,true
grw,2,624,BigFloat128,true,1.0e-6,2.364967563202986e-26,3.9278442307773276e-25,NaN,true,true
grw,2,637,Float64,false,0.001,2.5697004261930853e-11,4.363832991076109e-8,-1.5789874324916324,true,true
grw,2,637,Float64,false,0.0001,9.746976725753773e-10,4.3638317120539555e-7,-1.7829282131979296,true,true
grw,2,637,Float64,false,1.0e-5,5.9128674336616156e-8,4.363831326128232e-6,-0.6762308436003036,true,true
grw,2,637,Float64,false,1.0e-6,2.805620885453061e-7,4.363830347040337e-5,NaN,true,true
grw,2,637,BigFloat128,false,0.001,4.2611218755478367e-32,1.1550969749239837e-30,-0.9529805929788688,true,true
grw,2,637,BigFloat128,false,0.0001,3.823882588944047e-31,1.155096636369638e-29,-0.7811215316823384,true,true
grw,2,637,BigFloat128,false,1.0e-5,2.3100750025989198e-30,1.1550966025152808e-28,-0.029177265369515926,true,true
grw,2,637,BigFloat128,false,1.0e-6,2.4706051705703563e-30,1.1550965991298562e-27,NaN,true,true
grw,2,639,Float64,true,0.001,4.371068366327459e-9,1.109498606134005e-6,-1.0748149172343653,true,true
grw,2,639,Float64,true,0.0001,5.192811003910807e-8,1.1094985357130736e-5,-0.7156096395744617,true,true
grw,2,639,Float64,true,1.0e-5,2.697814943817029e-7,0.00011094985920480919,-1.3398177443674941,true,true
grw,2,639,Float64,true,1.0e-6,5.899699620370849e-6,0.0011094985919201923,NaN,true,true
grw,2,639,BigFloat128,true,0.001,4.602466114961475e-31,2.9368183572756845e-29,-0.8796458476374209,true,true
grw,2,639,BigFloat128,true,0.0001,3.488481686397634e-30,2.9368183233764566e-28,-1.319120819544544,true,true
grw,2,639,BigFloat128,true,1.0e-5,7.273731522044178e-29,2.9368183199905828e-27,-1.0061799399935205,true,true
grw,2,639,BigFloat128,true,1.0e-6,7.377975469327162e-28,2.9368183196520363e-26,NaN,true,true
grw,2,648,Float64,false,0.001,9.955814129614538e-11,1.5669879074222204e-8,-1.093753486835818,true,true
grw,2,648,Float64,false,0.0001,1.2354644884250332e-9,1.5669866266223432e-7,-0.9596890514695167,true,true
grw,2,648,Float64,false,1.0e-5,1.1259505521992229e-8,1.5669865006601768e-6,-0.7035538171250679,true,true
grw,2,648,Float64,false,1.0e-6,5.689487339761549e-8,1.5669863987169056e-5,NaN,true,true
grw,2,648,BigFloat128,false,0.001,1.4850912966972917e-32,4.1477824552119845e-31,-0.84625777265702,true,true
grw,2,648,BigFloat128,false,0.0001,1.0423436514119294e-31,4.147779069674425e-30,-0.8568512844219037,true,true
grw,2,648,BigFloat128,false,1.0e-5,7.496563257597034e-31,4.1477787311309136e-29,-1.1495446960077307,true,true
grw,2,648,BigFloat128,false,1.0e-6,1.0578081433156103e-29,4.147778697276665e-28,NaN,true,true
grw,2,653,Float64,false,0.001,2.4990235942640805e-10,4.355084759013477e-8,-0.8944842521425016,true,true
grw,2,653,Float64,false,0.0001,1.9599933986434067e-9,4.355083471457037e-7,-1.130219542969527,true,true
grw,2,653,Float64,false,1.0e-5,2.6452952470011462e-8,4.355083352094843e-6,-0.3411252208209147,true,true
grw,2,653,Float64,false,1.0e-6,5.802289215226792e-8,4.355083339305071e-5,NaN,true,true
grw,2,653,BigFloat128,false,0.001,4.8359687850118757e-32,1.1527813371779589e-30,-0.5718348201897855,true,true
grw,2,653,BigFloat128,false,0.0001,1.8043397179829717e-31,1.1527809986240505e-29,-1.1827013746187722,true,true
grw,2,653,BigFloat128,false,1.0e-5,2.7480187000827625e-30,1.1527809647696977e-28,-0.8106978464433372,true,true
grw,2,653,BigFloat128,false,1.0e-6,1.77712317398928e-29,1.1527809613842731e-27,NaN,true,true
grw,2,654,Float64,false,0.001,3.404662383510061e-11,9.739160381788124e-8,-1.8007717549347386,true,true
grw,2,654,Float64,false,0.0001,2.1520175432640323e-9,9.73915910271898e-7,-1.1499081830963924,true,true
grw,2,654,Float64,false,1.0e-5,3.039162980231646e-8,9.739158974820364e-6,0.0,true,true
grw,2,654,Float64,false,1.0e-6,3.039162980231646e-8,9.739158962030587e-5,NaN,true,true
grw,2,654,BigFloat128,false,0.001,4.6005053829972977e-32,2.577934288115097e-30,-0.7727753672270198,true,true
grw,2,654,BigFloat128,false,0.0001,2.726345618383619e-31,2.5779339495483135e-29,-1.61707482866239,true,true
grw,2,654,BigFloat128,false,1.0e-5,1.1289006915706375e-29,2.577933915693832e-28,-0.2517039237233727,true,true
grw,2,654,BigFloat128,false,1.0e-6,2.0153926148630227e-29,2.577933912308406e-27,NaN,true,true
grw,2,665,Float64,false,0.001,3.2940901429941706e-10,5.1372080554031384e-8,-0.6426115527785748,true,true
grw,2,665,Float64,false,0.0001,1.4465952418257783e-9,5.137206776379793e-7,-1.159739588733836,true,true
grw,2,665,Float64,false,1.0e-5,2.0897128872011442e-8,5.137206541128766e-6,-1.4924354319291202,true,true
grw,2,665,Float64,false,1.0e-6,6.494146072071154e-7,5.1372066356918626e-5,NaN,true,true
grw,2,665,BigFloat128,false,0.001,3.1179247900002274e-32,1.359807649945829e-30,-0.5410765468436993,true,true
grw,2,665,BigFloat128,false,0.0001,1.0837826191306624e-31,1.3598073113911682e-29,-1.78248737930719,true,true
grw,2,665,BigFloat128,false,1.0e-5,6.567945813886676e-30,1.359807277536808e-28,-0.05775371130120849,true,true
grw,2,665,BigFloat128,false,1.0e-6,7.502107317975819e-30,1.3598072741513833e-27,NaN,true,true
grw,2,670,Float64,false,0.001,3.5604619956718955e-9,5.942494748972746e-7,-0.7965213996398237,true,true
grw,2,670,Float64,false,0.0001,2.2285775646757188e-8,5.94249464210423e-6,-1.3081245173623173,true,true
grw,2,670,Float64,false,1.0e-5,4.5305640180527907e-7,5.942494629313173e-5,1.8647730596844037e-10,true,true
grw,2,670,Float64,false,1.0e-6,4.530564016107458e-7,0.0005942494628034182,NaN,true,true
grw,2,670,BigFloat128,false,0.001,3.1023219671452485e-31,1.5729652684959774e-29,-0.9562421078633492,true,true
grw,2,670,BigFloat128,false,0.0001,2.8049748775922055e-30,1.572965234607634e-28,0.9928834183109246,true,true
grw,2,670,BigFloat128,false,1.0e-5,2.8513173556841846e-31,1.5729652312218692e-27,-2.574906460180953,true,true
grw,2,670,BigFloat128,false,1.0e-6,1.0714009269431596e-28,1.5729652308833238e-26,NaN,true,true
grw,2,679,Float64,false,0.001,1.5755642631618388e-10,7.088722282437167e-8,-1.1475449125838428,true,true
grw,2,679,Float64,false,0.0001,2.2129980650326592e-9,7.088721003457661e-7,-1.6543517073401321,true,true
grw,2,679,Float64,false,1.0e-5,9.984647602951944e-8,7.088720875559942e-6,-0.7927490269891951,true,true
grw,2,679,Float64,false,1.0e-6,6.195577137947026e-7,7.088716470898483e-5,NaN,true,true
grw,2,679,BigFloat128,false,0.001,4.6764628164528185e-32,1.876369164737495e-30,-0.8314210437305452,true,true
grw,2,679,BigFloat128,false,0.0001,3.1720390800450416e-31,1.8763688261944386e-29,-1.3819782696030853,true,true
grw,2,679,BigFloat128,false,1.0e-5,7.643931716997646e-30,1.8763687923401942e-28,-0.16255414115113911,true,true
grw,2,679,BigFloat128,false,1.0e-6,1.111401401265799e-29,1.8763687889547708e-27,NaN,true,true
grw,2,693,Float64,true,0.001,5.325097679638599e-9,2.923837779357107e-6,-1.610679579588033,true,true
grw,2,693,Float64,true,0.0001,2.1727369901489408e-7,2.9238377665396993e-5,-0.6903702209611469,true,true
grw,2,693,Float64,true,1.0e-5,1.06506810451762e-6,0.00029238377652604454,-0.6972294222293867,true,true
grw,2,693,Float64,true,1.0e-6,5.304040131061026e-6,0.002923837765132546,NaN,true,true
grw,2,693,BigFloat128,true,0.001,2.20928007734276e-30,7.73933416106971e-29,0.6874011737858108,true,true
grw,2,693,BigFloat128,true,0.0001,4.5378444244681735e-31,7.739334127142314e-28,-2.6537066444420647,true,true
grw,2,693,BigFloat128,true,1.0e-5,2.0443546898649686e-28,7.739334123756159e-27,0.06803383675940781,true,true
grw,2,693,BigFloat128,true,1.0e-6,1.7479234550845336e-28,7.73933412341761e-26,NaN,true,true
grw,2,714,Float64,false,0.001,2.5159675064592196e-10,7.102161642705042e-8,-1.4074797710595062,true,true
grw,2,714,Float64,false,0.0001,6.429612490248475e-9,7.102160363666873e-7,-0.8695716015060312,true,true
grw,2,714,Float64,false,1.0e-5,4.761638275034207e-8,7.102160235768567e-6,-0.8836445744833255,true,true
grw,2,714,Float64,false,1.0e-6,3.642511863951471e-7,7.102157636008505e-5,NaN,true,true
grw,2,714,BigFloat128,false,0.001,3.1155254902795495e-32,1.8799265337802797e-30,-0.2323059387557535,true,true
grw,2,714,BigFloat128,false,0.0001,5.319088884229837e-32,1.8799261952216952e-29,-1.2071618019360624,true,true
grw,2,714,BigFloat128,false,1.0e-5,8.570359696359381e-31,1.8799261613672957e-28,-1.4495910664121407,true,true
grw,2,714,BigFloat128,false,1.0e-6,2.4131822152275084e-29,1.8799261579818705e-27,NaN,true,true
grw,2,716,Float64,true,0.001,6.184743549026117e-10,1.0889966129967347e-6,0.0,true,true
grw,2,716,Float64,true,0.0001,6.184743549026117e-10,1.088996600197635e-5,-2.7088919032611285,true,true
grw,2,716,Float64,true,1.0e-5,3.163833349243483e-7,0.00010889965989185649,-1.0597724880211195,true,true
grw,2,716,Float64,true,1.0e-6,3.6306642390378185e-6,0.001088992645009659,NaN,true,true
grw,2,716,BigFloat128,true,0.001,6.72370580683959e-31,2.8825500333018004e-29,-0.8371522773927517,true,true
grw,2,716,BigFloat128,true,0.0001,4.621266137970044e-30,2.882549999422866e-28,-1.3498691872753437,true,true
grw,2,716,BigFloat128,true,1.0e-5,1.0342610449694457e-28,2.8825499960371954e-27,1.0502000494059054,true,true
grw,2,716,BigFloat128,true,1.0e-6,9.21361621319414e-30,2.882549995698651e-26,NaN,true,true
grw,2,732,Float64,false,0.001,1.3477126315297767e-9,1.7202029916872986e-7,-0.4315253436659136,true,true
grw,2,732,Float64,false,0.0001,3.6401781835681452e-9,1.7202028660940015e-6,-0.9673955788028872,true,true
grw,2,732,Float64,false,1.0e-5,3.376900165072488e-8,1.7202027952145592e-5,-0.8051819745048164,true,true
grw,2,732,Float64,false,1.0e-6,2.156255379024238e-7,0.00017202028520251145,NaN,true,true
grw,2,732,BigFloat128,false,0.001,1.4590023789872684e-31,4.5533394121508364e-30,-0.00607248111337427,true,true
grw,2,732,BigFloat128,false,0.0001,1.4795460305213038e-31,4.5533390735715536e-29,-1.8210729233448113,true,true
grw,2,732,BigFloat128,false,1.0e-5,9.799443301988073e-30,4.553339039716947e-28,0.5736179207612422,true,true
grw,2,732,BigFloat128,false,1.0e-6,2.615673206487898e-30,4.5533390363315204e-27,NaN,true,true
grw,2,735,Float64,true,0.001,5.149291081063763e-9,8.094561330226023e-7,-1.3764028932265446,true,true
grw,2,735,Float64,true,0.0001,1.225040186723643e-7,8.094561202276727e-6,-0.913005292455016,true,true
grw,2,735,Float64,true,1.0e-5,1.0026644756071182e-6,8.094561189486441e-5,-0.49086979771070666,true,true
grw,2,735,Float64,true,1.0e-6,3.104741350639618e-6,0.0008094536056688626,NaN,true,true
grw,2,735,BigFloat128,true,0.001,4.951096868349382e-31,2.142612543835015e-29,-1.0348969163150135,true,true
grw,2,735,BigFloat128,true,0.0001,5.365353483674471e-30,2.1426125099671187e-28,-1.1356018308234828,true,true
grw,2,735,BigFloat128,true,1.0e-5,7.331623769221336e-29,2.142612506581558e-27,-0.22080587615494043,true,true
grw,2,735,BigFloat128,true,1.0e-6,1.2190065710624769e-28,2.1426125062430146e-26,NaN,true,true
grw,2,739,Float64,true,0.001,2.1919576511014727e-8,8.672721389540032e-6,-1.8068519658494084,true,true
grw,2,739,Float64,true,0.0001,1.4050252370954522e-6,8.672721376683713e-5,-0.772468094372935,true,true
grw,2,739,Float64,true,1.0e-5,8.320553540137551e-6,0.0008672721375404071,-0.9690140548737336,true,true
grw,2,739,Float64,true,1.0e-6,7.747583656923951e-5,0.008672721375276169,NaN,true,true
grw,2,739,BigFloat128,true,0.001,6.602557440801033e-30,2.2956502372804432e-28,-0.7062996640850111,true,true
grw,2,739,BigFloat128,true,0.0001,3.357467769185877e-29,2.2956502338774042e-27,-1.2773994862617821,true,true
grw,2,739,BigFloat128,true,1.0e-5,6.359329654702104e-28,2.2956502335386857e-26,1.2122343855517141,true,true
grw,2,739,BigFloat128,true,1.0e-6,3.9010090061567204e-29,2.29565023350483e-25,NaN,true,true
grw,2,760,Float64,false,0.001,2.138624778376093e-10,1.0915491055078663e-7,-1.6374735424294018,true,true
grw,2,760,Float64,false,0.0001,9.281285598363781e-9,1.0915489674688951e-6,-0.3820424821395859,true,true
grw,2,760,Float64,false,1.0e-5,2.2369208569497917e-8,1.0915489648100008e-5,-1.6719563418453853,true,true
grw,2,760,Float64,false,1.0e-6,1.0510102722800568e-6,0.00010915489635310225,NaN,true,true
grw,2,760,BigFloat128,false,0.001,2.2982542937244311e-32,2.8893064247222605e-30,-0.6251919715795549,true,true
grw,2,760,BigFloat128,false,0.0001,9.695942955786736e-32,2.889306086152621e-29,-1.271719687498405,true,true
grw,2,760,BigFloat128,false,1.0e-5,1.8126324028910665e-30,2.889306052298111e-28,-1.1996835536105765,true,true
grw,2,760,BigFloat128,false,1.0e-6,2.8707362466579455e-29,2.8893060489126847e-27,NaN,true,true
grw,2,761,Float64,false,0.001,6.825688979134585e-10,1.3546483114618957e-7,0.3578748057224584,true,true
grw,2,761,Float64,false,0.0001,2.9941371477650465e-10,1.3546481831476437e-6,-2.3590343091512684,true,true
grw,2,761,Float64,false,1.0e-5,6.843936929957759e-8,1.3546481707633651e-5,0.36168925287774056,true,true
grw,2,761,Float64,false,1.0e-6,2.9758891212662875e-8,0.000135464812917156,NaN,true,true
grw,2,761,BigFloat128,false,0.001,8.317814628217376e-32,3.5857242242207224e-30,-0.6736498005798798,true,true
grw,2,761,BigFloat128,false,0.0001,3.9233679316694725e-31,3.5857238856493405e-29,-1.4579721559541705,true,true
grw,2,761,BigFloat128,false,1.0e-5,1.1262406381358975e-29,3.585723851794813e-28,-0.052846341008111974,true,true
grw,2,761,BigFloat128,false,1.0e-6,1.271971952189665e-29,3.585723848409387e-27,NaN,true,true
grw,2,762,Float64,true,0.001,1.932161474484883e-9,1.3636557178810908e-6,-1.4727062639070585,true,true
grw,2,762,Float64,true,0.0001,5.737856496146542e-8,1.3636556268368629e-5,-0.7702008051903158,true,true
grw,2,762,Float64,true,1.0e-5,3.3802629675207105e-7,0.00013636557038023949,-1.4034476705508714,true,true
grw,2,762,Float64,true,1.0e-6,8.55850991391745e-6,0.0013636440328136372,NaN,true,true
grw,2,762,BigFloat128,true,0.001,6.724899673482267e-31,3.6095666304906383e-29,-0.473614710312352,true,true
grw,2,762,BigFloat128,true,0.0001,2.0012461984299215e-30,3.6095665966103237e-28,-1.5819314790828458,true,true
grw,2,762,BigFloat128,true,1.0e-5,7.642439317464768e-29,3.609566593224639e-27,-0.6465679549187097,true,true
grw,2,762,BigFloat128,true,1.0e-6,3.386881126457716e-28,3.6095665928860946e-26,NaN,true,true
grw,2,770,Float64,false,0.001,1.6634146979208877e-10,8.200875837310192e-8,-1.1845613943898785,true,true
grw,2,770,Float64,false,0.0001,2.544262570811743e-9,8.200874558330087e-7,-1.4265450258470358,true,true
grw,2,770,Float64,false,1.0e-5,6.793709224495044e-8,8.200874430432359e-6,-0.7303967313490923,true,true
grw,2,770,Float64,false,1.0e-6,3.651772267666266e-7,8.200874417642592e-5,NaN,true,true
grw,2,770,BigFloat128,false,0.001,1.7655138461315212e-33,2.1707537595448222e-30,-2.1377726154300825,true,true
grw,2,770,BigFloat128,false,0.0001,2.4246203355675533e-31,2.1707534210016062e-29,-1.0478444998953151,true,true
grw,2,770,BigFloat128,false,1.0e-5,2.7069999217358217e-30,2.1707533871473607e-28,-1.2939200728484663,true,true
grw,2,770,BigFloat128,false,1.0e-6,5.326087733796856e-29,2.170753383761937e-27,NaN,true,true
grw,2,791,Float64,false,0.001,3.3330076864414287e-10,8.134356945647339e-8,-0.4045421990416933,true,true
grw,2,791,Float64,false,0.0001,8.460158786115843e-10,8.134355659747881e-7,-1.3406320031020473,true,true
grw,2,791,Float64,false,1.0e-5,1.853576511136523e-8,8.134355387955072e-6,-1.3029182377464013,true,true
grw,2,791,Float64,false,1.0e-6,3.7233062136019714e-7,8.134352497272155e-5,NaN,true,true
grw,2,791,BigFloat128,false,0.001,4.757049253455471e-32,2.1531463555281735e-30,-0.5383175222800873,true,true
grw,2,791,BigFloat128,false,0.0001,1.6430666107671592e-31,2.1531460169750166e-29,-1.5546177308022506,true,true
grw,2,791,BigFloat128,false,1.0e-5,5.8921378805841685e-30,2.1531459831206714e-28,0.18354637009772581,true,true
grw,2,791,BigFloat128,false,1.0e-6,3.861237639142537e-30,2.153145979735247e-27,NaN,true,true
grw,2,795,Float64,true,0.001,2.0016040767686333e-8,7.722396613455933e-6,-1.2689788650062648,true,true
grw,2,795,Float64,true,0.0001,3.7184080099696113e-7,7.722396755195955e-5,-0.7008658158261696,true,true
grw,2,795,Float64,true,1.0e-5,1.8673376672767888e-6,0.0007722382333594216,-0.9997087407133004,true,true
grw,2,795,Float64,true,1.0e-6,1.866085758435582e-5,0.007722252647242625,NaN,true,true
grw,2,795,BigFloat128,true,0.001,5.4401278083561876e-30,2.044101404465482e-28,-0.5413262687395215,true,true
grw,2,795,BigFloat128,true,0.0001,1.8920620359072755e-29,2.0441014010689355e-27,-0.9318320490158363,true,true
grw,2,795,BigFloat128,true,1.0e-5,1.6172137334599413e-28,2.044101400730282e-26,-1.0493485570522152,true,true
grw,2,795,BigFloat128,true,1.0e-6,1.811823873243445e-27,2.0441014006964269e-25,NaN,true,true
grw,2,798,Float64,false,0.001,1.430549898011022e-9,1.5491385252602527e-7,-0.756631841458875,true,true
grw,2,798,Float64,false,0.0001,8.168359666054959e-9,1.549138386915661e-6,-1.0558751953495105,true,true
grw,2,798,Float64,false,1.0e-5,9.289878789509749e-8,1.5491383867797203e-5,-1.1168760571378054,true,true
grw,2,798,Float64,false,1.0e-6,1.215867093211277e-6,0.00015491383855007428,NaN,true,true
grw,2,798,BigFloat128,false,0.001,7.965398973486431e-32,4.100535539479682e-30,-0.37804930048218366,true,true
grw,2,798,BigFloat128,false,0.0001,1.9022028772463395e-31,4.1005352009132225e-29,-1.51306907977159,true,true
grw,2,798,BigFloat128,false,1.0e-5,6.19906105854276e-30,4.100535167058744e-28,-0.7907037319784765,true,true
grw,2,798,BigFloat128,false,1.0e-6,3.828508767563374e-29,4.100535163673319e-27,NaN,true,true
grw,2,800,Float64,false,0.001,3.073042301993401e-10,5.4715580756942924e-8,-0.8723553347508739,true,true
grw,2,800,Float64,false,0.0001,2.2904661260579155e-9,5.471556785801914e-7,-1.1179890019119842,true,true
grw,2,800,Float64,false,1.0e-5,3.005473307649603e-8,5.471556505989816e-6,-0.4711597603252022,true,true
grw,2,800,Float64,false,1.0e-6,8.893498488102584e-8,5.471556657646217e-5,NaN,true,true
grw,2,800,BigFloat128,false,0.001,4.516833018953087e-32,1.4483093638601981e-30,-0.8213926680077771,true,true
grw,2,800,BigFloat128,false,0.0001,2.993827019466774e-31,1.4483090253007593e-29,-1.148362706768723,true,true
grw,2,800,BigFloat128,false,1.0e-5,4.2129801254897815e-30,1.4483089914463514e-28,0.4545205041875138,true,true
grw,2,800,BigFloat128,false,1.0e-6,1.4793430855989662e-30,1.448308988060926e-27,NaN,true,true
grw,2,808,Float64,true,0.001,1.5866707025914763e-9,1.1115830285269463e-6,-0.7837938516497788,true,true
grw,2,808,Float64,true,0.0001,9.644520806382786e-9,1.1115830157277615e-5,-1.1961676916752526,true,true
grw,2,808,Float64,true,1.0e-5,1.5151245875635543e-7,0.0001111582846030015,-1.8776880001704577,true,true
grw,2,808,Float64,true,1.0e-6,1.1432371962866083e-5,0.0011115703062903048,NaN,true,true
grw,2,808,BigFloat128,true,0.001,2.4991750354518485e-31,2.9423357774094955e-29,-1.4390386966173576,true,true
grw,2,808,BigFloat128,true,0.0001,6.868080401681192e-30,2.942335743530335e-28,-0.16641649450262852,true,true
grw,2,808,BigFloat128,true,1.0e-5,1.0075157990473144e-29,2.942335740144662e-27,-1.8201017129546428,true,true
grw,2,808,BigFloat128,true,1.0e-6,6.658150046296809e-28,2.942335739806118e-26,NaN,true,true
grw,2,831,Float64,true,0.001,2.1297800622325217e-8,3.955154580432972e-6,-0.7023069600026739,true,true
grw,2,831,Float64,true,0.0001,1.0731037613135708e-7,3.9551542274225186e-5,-1.34974566728728,true,true
grw,2,831,Float64,true,1.0e-5,2.4009735978656497e-6,0.00039551451543505057,-0.8668153485157892,true,true
grw,2,831,Float64,true,1.0e-6,1.766862416859792e-5,0.0039551546504444975,NaN,true,true
grw,2,831,BigFloat128,true,0.001,2.982524934134627e-30,1.0469207226441416e-28,-0.3053169582989525,true,true
grw,2,831,BigFloat128,true,0.0001,6.0242230211657944e-30,1.0469207192513996e-27,-1.389716302418437,true,true
grw,2,831,BigFloat128,true,1.0e-5,1.477805722048485e-28,1.046920718912784e-26,-1.2820224691270263,true,true
grw,2,831,BigFloat128,true,1.0e-6,2.8290447221796217e-27,1.046920718878929e-25,NaN,true,true
grw,2,841,Float64,true,0.001,1.1009046009284506e-8,1.139607592541814e-6,-0.09730892588597319,true,true
grw,2,841,Float64,true,0.0001,1.3773953504015571e-8,1.1396075922722474e-5,-1.6719165588162876,true,true
grw,2,841,Float64,true,1.0e-5,6.471056197512489e-7,0.00011396068535465362,-1.2126967418143002,true,true
grw,2,841,Float64,true,1.0e-6,1.0560194404068966e-5,0.0011395955563874086,NaN,true,true
grw,2,841,BigFloat128,true,0.001,4.141496650886501e-31,3.016516213909198e-29,-1.2274370045013419,true,true
grw,2,841,BigFloat128,true,0.0001,6.9918856830701e-30,3.0165161799866956e-28,-0.9491772230413786,true,true
grw,2,841,BigFloat128,true,1.0e-5,6.2197301398567e-29,3.016516176600589e-27,-0.735750723571531,true,true
grw,2,841,BigFloat128,true,1.0e-6,3.384716243389874e-28,3.0165161762620403e-26,NaN,true,true
grw,2,848,Float64,false,0.001,3.286001432742581e-10,1.4284297542188704e-7,0.0,true,true
grw,2,848,Float64,false,0.0001,3.286001432742581e-10,1.4284296263208752e-6,-1.8063353372231905,true,true
grw,2,848,Float64,false,1.0e-5,2.103793387254759e-8,1.4284296135311029e-5,-1.7414741026459466,true,true
grw,2,848,Float64,false,1.0e-6,1.1600512819041953e-6,0.00014284296122521264,NaN,true,true
grw,2,848,BigFloat128,false,0.001,6.424752279710865e-32,3.781022077067956e-30,-0.18494440578263607,true,true
grw,2,848,BigFloat128,false,0.0001,9.835598520228822e-32,3.781021738524781e-29,-2.08371872783938,true,true
grw,2,848,BigFloat128,false,1.0e-5,1.1926678729943023e-29,3.7810217046705357e-28,-0.07794555920666149,true,true
grw,2,848,BigFloat128,false,1.0e-6,1.4271350748987586e-29,3.781021701285112e-27,NaN,true,true
grw,2,851,Float64,false,0.001,1.7444804808289323e-10,2.087437718495639e-8,-0.5565714211180757,true,true
grw,2,851,Float64,false,0.0001,6.284019666841337e-10,2.0874364395065285e-7,-1.3554864884183788,true,true
grw,2,851,Float64,false,1.0e-5,1.4247019672492805e-8,2.087436311608714e-6,-0.49473956215810894,true,true
grw,2,851,Float64,false,1.0e-6,4.451061409813738e-8,2.0874362988189437e-5,NaN,true,true
grw,2,851,BigFloat128,false,0.001,1.3751266098738235e-32,5.525401634084857e-31,-1.0366096755849834,true,true
grw,2,851,BigFloat128,false,0.0001,1.496071541173648e-31,5.5253982486288676e-30,-1.1138033935999203,true,true
grw,2,851,BigFloat128,false,1.0e-5,1.9442663300020348e-30,5.525397910086172e-29,-0.15900434798128424,true,true
grw,2,851,BigFloat128,false,1.0e-6,2.8038843931686012e-30,5.525397876231932e-28,NaN,true,true
grw,2,870,Float64,false,0.001,8.550298504686971e-11,1.187547090492446e-7,0.0,true,true
grw,2,870,Float64,false,0.0001,8.550298504686971e-11,1.1875469625868966e-6,-1.9986116538672014,true,true
grw,2,870,Float64,false,1.0e-5,8.523008680838938e-9,1.187546939675576e-5,0.0,true,true
grw,2,870,Float64,false,1.0e-6,8.523008680838938e-9,0.00011875469383965983,NaN,true,true
grw,2,870,BigFloat128,false,0.001,7.62643129260682e-32,3.1434109751971436e-30,0.49664714415038175,true,true
grw,2,870,BigFloat128,false,0.0001,2.4303801970010696e-32,3.1434106366339736e-29,-1.511914857689944,true,true
grw,2,870,BigFloat128,false,1.0e-5,7.89930850780362e-31,3.143410602779528e-28,-1.7415392118797302,true,true
grw,2,870,BigFloat128,false,1.0e-6,4.356405397215065e-29,3.1434105993941027e-27,NaN,true,true
grw,2,926,Float64,false,0.001,4.318566448595834e-11,6.80186743816934e-8,-2.377969913944882,true,true
grw,2,926,Float64,false,0.0001,1.0311207351096547e-8,6.801866089042241e-7,-0.38641951464002405,true,true
grw,2,926,Float64,false,1.0e-5,2.5103197038634764e-8,6.801865860531271e-6,-1.1054796249747705,true,true
grw,2,926,Float64,false,1.0e-6,3.200432411182667e-7,6.801866018490083e-5,NaN,true,true
grw,2,926,BigFloat128,false,0.001,2.236528833700324e-32,1.800439319683011e-30,-1.166359011788609,true,true
grw,2,926,BigFloat128,false,0.0001,3.280450684504121e-31,1.8004389811367407e-29,-1.097957794097495,true,true
grw,2,926,BigFloat128,false,1.0e-5,4.110468339368364e-30,1.8004389472824643e-28,-0.61465229233059,true,true
grw,2,926,BigFloat128,false,1.0e-6,1.69255815546398e-29,1.8004389438970405e-27,NaN,true,true
grw,2,936,Float64,true,0.001,2.198021322862139e-7,3.816147318185424e-5,-1.0639137192759271,true,true
grw,2,936,Float64,true,0.0001,2.5465113748935355e-6,0.0003816137599040277,-1.080475252012475,true,true
grw,2,936,Float64,true,1.0e-5,3.064932204349902e-5,0.0038161473167748934,0.09413785923253912,true,true
grw,2,936,Float64,true,1.0e-6,2.467646885182023e-5,0.03816053147721708,NaN,true,true
grw,2,936,BigFloat128,true,0.001,8.880675198259405e-30,1.0101257843997715e-27,-0.9492521278784487,true,true
grw,2,936,BigFloat128,true,0.0001,7.901292045040605e-29,1.010125784060271e-26,-0.38171372172267376,true,true
grw,2,936,BigFloat128,true,1.0e-5,1.9028819039167543e-28,1.0101257840264072e-25,-2.05330312231657,true,true
grw,2,936,BigFloat128,true,1.0e-6,2.151369257534485e-26,1.0101257840230217e-24,NaN,true,true
grw,2,942,Float64,true,0.001,5.4734611248404615e-9,2.0830705375155324e-6,-0.6549065450208675,true,true
grw,2,942,Float64,true,0.0001,2.472683796326026e-8,2.0830704732160397e-5,-0.7081476250769381,true,true
grw,2,942,Float64,true,1.0e-5,1.2627466003811447e-7,0.00020830705234447904,-2.2561707693299606,true,true
grw,2,942,Float64,true,1.0e-6,2.2776499434560847e-5,0.002083070523316893,NaN,true,true
grw,2,942,BigFloat128,true,0.001,1.7897000295792367e-31,5.513841802282446e-29,-1.8229521919253002,true,true
grw,2,942,BigFloat128,true,0.0001,1.1905083263907049e-29,5.513841768422979e-28,-0.5214458731289984,true,true
grw,2,942,BigFloat128,true,1.0e-5,3.955289809284104e-29,5.513841765037502e-27,-1.3078438039024143,true,true
grw,2,942,BigFloat128,true,1.0e-6,8.035670386934333e-28,5.51384176469896e-26,NaN,true,true
grw,2,945,Float64,true,0.001,2.7348558279087718e-8,4.8524476538246944e-6,-0.5529565926146952,true,true
grw,2,945,Float64,true,0.0001,9.769920491210662e-8,4.852447299642898e-5,-1.6253581305665348,true,true
grw,2,945,Float64,true,1.0e-5,4.123340122251359e-6,0.0004852447772444019,0.8329146279658577,true,true
grw,2,945,Float64,true,1.0e-6,6.058073414297317e-7,0.00485244777231612,NaN,true,true
grw,2,945,BigFloat128,true,0.001,3.989920726272464e-31,1.2844322343824728e-28,-1.5423063077284274,true,true
grw,2,945,BigFloat128,true,0.0001,1.3908188711543819e-29,1.28443223099197e-27,-1.136633394759533,true,true
grw,2,945,BigFloat128,true,1.0e-5,1.905039432041467e-28,1.284432230653377e-26,-0.9367684095166234,true,true
grw,2,945,BigFloat128,true,1.0e-6,1.6469195274872164e-27,1.2844322306195222e-25,NaN,true,true
grw,2,947,Float64,false,0.001,5.385548228667429e-10,1.7242652748357039e-7,-1.4601530094954251,true,true
grw,2,947,Float64,false,0.0001,1.5537563942748437e-8,1.724265121073361e-6,-0.7008977695989732,true,true
grw,2,947,Float64,false,1.0e-5,7.803343027990126e-8,1.7242650005241243e-5,-1.2699671362007297,true,true
grw,2,947,Float64,false,1.0e-6,1.452940516908175e-6,0.00017242626285407964,NaN,true,true
grw,2,947,BigFloat128,false,0.001,2.89675149158193e-32,4.564092182434054e-30,-1.5246903133379472,true,true
grw,2,947,BigFloat128,false,0.0001,9.696199724278485e-31,4.564091843885376e-29,-0.6911026878918023,true,true
grw,2,947,BigFloat128,false,1.0e-5,4.7610664230894325e-30,4.564091810031075e-28,-0.9978289961022025,true,true
grw,2,947,BigFloat128,false,1.0e-6,4.7373256158069935e-29,4.5640918066456514e-27,NaN,true,true
grw,2,952,Float64,true,0.001,1.0459365227293802e-8,1.115757437989983e-6,-0.7148585065733023,true,true
grw,2,952,Float64,true,0.0001,5.42455147673899e-8,1.1157573646753173e-5,-1.0385467864019755,true,true
grw,2,952,Float64,true,1.0e-5,5.928033117860462e-7,0.00011157574239211755,-0.5715652382563596,true,true
grw,2,952,Float64,true,1.0e-6,2.210425385094125e-6,0.001115757423793278,NaN,true,true
grw,2,952,BigFloat128,true,0.001,8.792472621051981e-32,2.9533853472548817e-29,-1.703813480794046,true,true
grw,2,952,BigFloat128,true,0.0001,4.4455398274782015e-30,2.9533853134004843e-28,-0.5939152541575956,true,true
grw,2,952,BigFloat128,true,1.0e-5,1.7451781206649784e-29,2.953385310015059e-27,-0.6504988081911726,true,true
grw,2,952,BigFloat128,true,1.0e-6,7.804382883896686e-29,2.9533853096765166e-26,NaN,true,true
grw,2,953,Float64,false,0.001,9.01805013176148e-9,1.1133240487965428e-6,-0.9885183270039426,true,true
grw,2,953,Float64,false,0.0001,8.782759129902724e-8,1.1133239382261448e-5,0.07686046815170261,true,true
grw,2,953,Float64,false,1.0e-5,7.358181635122389e-8,0.00011133240347277355,-1.7469463156814795,true,true
grw,2,953,Float64,false,1.0e-6,4.108817197247878e-6,0.0011133240345998381,NaN,true,true
grw,2,953,BigFloat128,false,0.001,3.9751109191798125e-32,2.9469442196913305e-29,-2.029756512448834,true,true
grw,2,953,BigFloat128,false,0.0001,4.2570207190878955e-30,2.9469441858369334e-28,-0.9078549514782416,true,true
grw,2,953,BigFloat128,false,1.0e-5,3.443187835996944e-29,2.946944182451508e-27,0.4632208766092174,true,true
grw,2,953,BigFloat128,false,1.0e-6,1.1850586340025324e-29,2.9469441821129656e-26,NaN,true,true
grw,2,954,Float64,true,0.001,1.106218007565169e-9,5.989220434235803e-7,-1.53557677576208,true,true
grw,2,954,Float64,true,0.0001,3.7967980656483495e-8,5.9892203129623575e-6,-0.3311202353926879,true,true
grw,2,954,Float64,true,1.0e-5,8.138375704770065e-8,5.9892203001725756e-5,6.618865999067653e-10,true,true
grw,2,954,Float64,true,1.0e-6,8.138375692366772e-8,0.0005989220298893599,NaN,true,true
grw,2,954,BigFloat128,true,0.001,1.4299792901957368e-31,1.5853334505557342e-29,-1.0697786117949855,true,true
grw,2,954,BigFloat128,true,0.0001,1.6792229440587685e-30,1.5853334167011956e-28,-0.2122615833337909,true,true
grw,2,954,BigFloat128,true,1.0e-5,2.737599689444489e-30,1.5853334133157687e-27,-1.0975566631276823,true,true
grw,2,954,BigFloat128,true,1.0e-6,3.427098651256296e-29,1.5853334129772264e-26,NaN,true,true
grw,2,956,Float64,false,0.001,1.3086050695798901e-9,4.6618843459482026e-7,-1.1433957362740617,true,true
grw,2,956,Float64,false,0.0001,1.8205572257768005e-8,4.661884139273218e-6,-1.3307920125520059,true,true
grw,2,956,Float64,false,1.0e-5,3.899387069905837e-7,4.661882393506562e-5,-0.8994459253750338,true,true
grw,2,956,Float64,false,1.0e-6,3.0934441008414398e-6,0.00046618697887984773,NaN,true,true
grw,2,956,BigFloat128,false,0.001,1.406262186258853e-31,1.233990513273304e-29,-0.6614718829244235,true,true
grw,2,956,BigFloat128,false,0.0001,6.449680210257988e-31,1.233990479417588e-28,-0.6439027527533521,true,true
grw,2,956,BigFloat128,false,1.0e-5,2.8408018009555915e-30,1.2339904760321493e-27,-0.09698375816454194,true,true
grw,2,956,BigFloat128,false,1.0e-6,3.551605278546094e-30,1.233990475693607e-26,NaN,true,true
grw,2,959,Float64,true,0.001,5.899077473934583e-9,1.1142434153089808e-6,-1.0539607333525807,true,true
grw,2,959,Float64,true,0.0001,6.679513520076454e-8,1.1142433280931124e-5,-0.938215427550198,true,true
grw,2,959,Float64,true,1.0e-5,5.793756794501325e-7,0.00011142434012401734,-0.5784352302890974,true,true
grw,2,959,Float64,true,1.0e-6,2.1948027267999854e-6,0.001114243401112276,NaN,true,true
grw,2,959,BigFloat128,true,0.001,4.6882762847419155e-32,2.949377762587072e-29,-1.4941025918313475,true,true
grw,2,959,BigFloat128,true,0.0001,1.4625670633626895e-30,2.9493777287326747e-28,-1.3242606971993953,true,true
grw,2,959,BigFloat128,true,1.0e-5,3.085861898533889e-29,2.9493777253472493e-27,-0.9898723951245525,true,true
grw,2,959,BigFloat128,true,1.0e-6,3.0147331836597352e-28,2.949377725008707e-26,NaN,true,true
grw,2,963,Float64,true,0.001,5.1172742764265124e-9,1.1150544105454201e-6,-0.9492813222131574,true,true
grw,2,963,Float64,true,0.0001,4.553234493036563e-8,1.1150543977555905e-5,-0.6580542810874596,true,true
grw,2,963,Float64,true,1.0e-5,2.071926276694591e-7,0.00011150543964766129,-0.9446018305023723,true,true
grw,2,963,Float64,true,1.0e-6,1.8237954537036867e-6,0.0011150543963487154,NaN,true,true
grw,2,963,BigFloat128,true,0.001,5.903546523048534e-32,2.95152444910373e-29,-1.7576962362224828,true,true
grw,2,963,BigFloat128,true,0.0001,3.379163661567082e-30,2.951524415249332e-28,-0.6997959553078624,true,true
grw,2,963,BigFloat128,true,1.0e-5,1.6927981728342674e-29,2.951524411863907e-27,-0.9401294183476718,true,true
grw,2,963,BigFloat128,true,1.0e-6,1.4748049953139113e-28,2.951524411525365e-26,NaN,true,true
grw,2,964,Float64,false,0.001,2.910721158344616e-11,1.689014358946575e-7,-2.4003370436019895,true,true
grw,2,964,Float64,false,0.0001,7.317077356371325e-9,1.6890142186843022e-6,-1.2407055453877531,true,true
grw,2,964,Float64,false,1.0e-5,1.2736297408150454e-7,1.6890142182531217e-5,-0.6783279936118711,true,true
grw,2,964,Float64,false,1.0e-6,6.072551203311217e-7,0.00016890131913116125,NaN,true,true
grw,2,964,BigFloat128,false,0.001,1.3001583298550652e-32,4.470783782541719e-30,-1.3249522017004418,true,true
grw,2,964,BigFloat128,false,0.0001,2.747567967185164e-31,4.470783443983643e-29,-0.8394156557942541,true,true
grw,2,964,BigFloat128,false,1.0e-5,1.898296732777794e-30,4.470783410129248e-28,-1.5043042563507194,true,true
grw,2,964,BigFloat128,false,1.0e-6,6.062731800634717e-29,4.4707834067438235e-27,NaN,true,true
grw,2,968,Float64,true,0.001,2.7526892245993225e-8,9.383184902178009e-6,-1.0551844233326984,true,true
grw,2,968,Float64,true,0.0001,3.125659072750486e-7,9.383181956511849e-5,-1.556233788556964,true,true
grw,2,968,Float64,true,1.0e-5,1.1250592500586848e-5,0.0009383184888096441,0.08952190755404052,true,true
grw,2,968,Float64,true,1.0e-6,9.154897519738118e-6,0.009383098985872487,NaN,true,true
grw,2,968,BigFloat128,true,0.001,1.2909040592332142e-30,2.4837083632262196e-28,-0.17848285353003135,true,true
grw,2,968,BigFloat128,true,0.0001,1.9470487253115097e-30,2.4837083598374364e-27,-2.1339472943915005,true,true
grw,2,968,BigFloat128,true,1.0e-5,2.650477454371656e-28,2.4837083594988604e-26,-0.8358980942404288,true,true
grw,2,968,BigFloat128,true,1.0e-6,1.8164448166893344e-27,2.483708359465006e-25,NaN,true,true
grw,2,974,Float64,false,0.001,1.902500392181802e-9,7.925688218645172e-7,-1.0445207516438655,true,true
grw,2,974,Float64,false,0.0001,2.1078781722483697e-8,7.925688105825267e-6,-1.4621289551910401,true,true
grw,2,974,Float64,false,1.0e-5,6.109061002054856e-7,7.925683251184284e-5,-1.0893898187458881,true,true
grw,2,974,Float64,false,1.0e-6,7.505234746907999e-6,0.0007925628607606854,NaN,true,true
grw,2,974,BigFloat128,false,0.001,4.456050102113329e-31,2.0979122073843105e-29,-0.9004633863419824,true,true
grw,2,974,BigFloat128,false,0.0001,3.543345096517015e-30,2.0979121735298515e-28,-0.5425359569328141,true,true
grw,2,974,BigFloat128,false,1.0e-5,1.2358034648116985e-29,2.097912170144426e-27,-1.262161907728466,true,true
grw,2,974,BigFloat128,false,1.0e-6,2.2600149719675235e-28,2.0979121698058835e-26,NaN,true,true
grw,3,3,Float64,false,0.001,7.053279897262983e-6,2.373440390747031e-10,1.9999166251456744,false,true
grw,3,3,Float64,false,0.0001,7.054634099676017e-8,2.3733286194931593e-9,2.025200263096572,true,true
grw,3,3,Float64,false,1.0e-5,6.656933678126006e-10,2.3733159911058013e-8,-0.13151678400059275,true,true
grw,3,3,Float64,false,1.0e-6,9.011373990458179e-10,2.3733147136640987e-7,NaN,true,true
grw,3,3,BigFloat128,false,0.001,7.053279918553936e-6,6.282444404083789e-33,1.9999979896505287,false,true
grw,3,3,BigFloat128,false,0.0001,7.053312568267358e-8,6.282148548121364e-32,1.9999999798964705,false,true
grw,3,3,BigFloat128,false,1.0e-5,7.053312894765819e-10,6.282115120726324e-31,1.9999999997989648,false,true
grw,3,3,BigFloat128,false,1.0e-6,7.053312898030802e-12,6.282111739570994e-30,NaN,false,true
grw,3,12,Float64,false,0.001,2.9620253840255735e-11,4.458313979206196e-9,-1.1920475816368015,true,true
grw,3,12,Float64,false,0.0001,4.609314669875866e-10,4.458301187709602e-8,-0.7207418763395698,true,true
grw,3,12,Float64,false,1.0e-5,2.423138478050309e-9,4.458299908714083e-7,-0.8511231996302833,true,true
grw,3,12,Float64,false,1.0e-6,1.7198930187043117e-8,4.458299704138219e-6,NaN,true,true
grw,3,12,BigFloat128,false,0.001,1.1260996644242528e-33,1.1801058842824775e-31,-0.6754601013785035,true,true
grw,3,12,BigFloat128,false,0.0001,5.333802497953753e-33,1.1801024983665663e-30,-1.4601470982210443,true,true
grw,3,12,BigFloat128,false,1.0e-5,1.53880655857532e-31,1.1801021598192714e-29,-1.8103646795260464,true,true
grw,3,12,BigFloat128,false,1.0e-6,9.943715911738103e-30,1.180102125964985e-28,NaN,true,true
grw,3,40,Float64,false,0.001,7.495394659817218e-12,6.849719806987864e-9,-1.9452002099085854,true,true
grw,3,40,Float64,false,0.0001,6.606854077890199e-10,6.849707012668545e-8,0.6207016281049565,true,true
grw,3,40,Float64,false,1.0e-5,1.5823155161152504e-10,6.849705737132522e-7,-2.541950663159704,true,true
grw,3,40,Float64,false,1.0e-6,5.511169267314935e-8,6.849705610318661e-6,NaN,true,true
grw,3,40,BigFloat128,false,0.001,5.1512940912616964e-33,1.8131057362570546e-31,-0.12177826074412229,true,true
grw,3,40,BigFloat128,false,0.0001,6.818590444533068e-33,1.8131023508132294e-30,-1.6328249025451143,true,true
grw,3,40,BigFloat128,false,1.0e-5,2.9276523756533643e-31,1.8131020122706552e-29,-1.348751261459133,true,true
grw,3,40,BigFloat128,false,1.0e-6,6.53537886853111e-30,1.813101978416416e-28,NaN,true,true
grw,3,42,Float64,false,0.001,7.018795881829529e-11,1.2596272887000241e-8,-1.1297192828826093,true,true
grw,3,42,Float64,false,0.0001,9.461977162079037e-10,1.25962600938679e-7,-0.9450848639704192,true,true
grw,3,42,Float64,false,1.0e-5,8.338093473670608e-9,1.2596258814848505e-6,-0.8297577273457774,true,true
grw,3,42,Float64,false,1.0e-6,5.634099166558072e-8,1.2596257977264684e-5,NaN,true,true
grw,3,42,BigFloat128,false,0.001,4.08642700830722e-33,3.3342056714512847e-31,-1.4114962931942823,true,true
grw,3,42,BigFloat128,false,0.0001,1.0539986124816647e-31,3.334202284903329e-30,-0.7395020085293458,true,true
grw,3,42,BigFloat128,false,1.0e-5,5.785515316737059e-31,3.334201946349713e-29,0.10420692036386688,true,true
grw,3,42,BigFloat128,false,1.0e-6,4.5512964814340945e-31,3.334201912495364e-28,NaN,true,true
grw,3,49,Float64,false,0.001,5.1376146141064486e-11,6.166313885180193e-9,-0.5317438168007591,true,true
grw,3,49,Float64,false,0.0001,1.7478547551328832e-10,6.166301092582905e-8,-1.281377396527743,true,true
grw,3,49,Float64,false,1.0e-5,3.341048167969874e-9,6.166299794064351e-7,-1.2857270589248766,true,true
grw,3,49,Float64,false,1.0e-6,6.450743832633835e-8,6.166299686768389e-6,NaN,true,true
grw,3,49,BigFloat128,false,0.001,4.190939395310641e-33,1.6322096949560303e-31,-0.8465220409115156,true,true
grw,3,49,BigFloat128,false,0.0001,2.943292484609928e-32,1.6322063090690076e-30,-0.7159404659358812,true,true
grw,3,49,BigFloat128,false,1.0e-5,1.5302905185801857e-31,1.6322059705220016e-29,-1.62631516642255,true,true
grw,3,49,BigFloat128,false,1.0e-6,6.472753286056807e-30,1.6322059366677182e-28,NaN,true,true
grw,3,70,Float64,false,0.001,1.4426869945782176e-10,3.918950629737219e-8,0.0032226254571103086,true,true
grw,3,70,Float64,false,0.0001,1.4320213447093526e-10,3.918949349886162e-7,-2.5318188779986412,true,true
grw,3,70,Float64,false,1.0e-5,4.872685364162705e-8,3.91894922254654e-6,-0.133492950184431,true,true
grw,3,70,Float64,false,1.0e-6,6.626150861424649e-8,3.918948950081253e-5,NaN,true,true
grw,3,70,BigFloat128,false,0.001,1.9113285865000455e-32,1.0373375943907536e-30,-1.4245113663799147,true,true
grw,3,70,BigFloat128,false,0.0001,5.079801262670534e-31,1.0373372557655482e-29,-0.891863664109938,true,true
grw,3,70,BigFloat128,false,1.0e-5,3.9601385984880906e-30,1.0373372219104826e-28,-0.53746527747319,true,true
grw,3,70,BigFloat128,false,1.0e-6,1.3651351943192252e-29,1.0373372185250507e-27,NaN,true,true
grw,3,71,Float64,true,0.001,1.1034913162485609e-8,1.9107529695661195e-6,-0.8663358433152226,true,true
grw,3,71,Float64,true,0.0001,8.1115670651742e-8,1.910752822823205e-5,-1.4012428644669206,true,true
grw,3,71,Float64,true,1.0e-5,2.0433728923728954e-6,0.00019107490721549398,-0.7088916390431735,true,true
grw,3,71,Float64,true,1.0e-6,1.045295947591901e-5,0.0019107330033844429,NaN,true,true
grw,3,71,BigFloat128,true,0.001,3.9014674026628067e-31,5.057721053581865e-29,-1.4001737126929659,true,true
grw,3,71,BigFloat128,true,0.0001,9.803963717921173e-30,5.057721019605523e-28,-0.2601876318967053,true,true
grw,3,71,BigFloat128,true,1.0e-5,1.7847990547222097e-29,5.0577210162188784e-27,-1.5235650251889092,true,true
grw,3,71,BigFloat128,true,1.0e-6,5.958738852294227e-28,5.0577210158803247e-26,NaN,true,true
grw,3,75,Float64,false,0.001,6.163000113503561e-11,9.041888134977168e-8,-2.0359079886721103,true,true
grw,3,75,Float64,false,0.0001,6.6942228271791715e-9,9.041886795838451e-7,-0.9497770698166537,true,true
grw,3,75,Float64,false,1.0e-5,5.963170599846632e-8,9.041886728467255e-6,-1.0505671416013251,true,true
grw,3,75,Float64,false,1.0e-6,6.699530611198827e-7,9.041880658037783e-5,NaN,true,true
grw,3,75,BigFloat128,false,0.001,2.54928971478739e-32,2.3933678613079413e-30,-1.2116532600481473,true,true
grw,3,75,BigFloat128,false,0.0001,4.150232756692261e-31,2.3933675227151062e-29,-0.7682063498206838,true,true
grw,3,75,BigFloat128,false,1.0e-5,2.433765910356649e-30,2.393367488860364e-28,-0.9169110820183852,true,true
grw,3,75,BigFloat128,false,1.0e-6,2.0099714362090692e-29,2.393367485474936e-27,NaN,true,true
grw,3,85,Float64,false,0.001,1.4260477964501768e-11,4.504550907712617e-8,-2.4080348319097165,true,true
grw,3,85,Float64,false,0.0001,3.6489584133173395e-9,4.504549612278196e-7,-0.28001762398237157,true,true
grw,3,85,Float64,false,1.0e-5,6.9532290793685204e-9,4.504549469495405e-6,-1.5348502594642057,true,true
grw,3,85,Float64,false,1.0e-6,2.3825213289471694e-7,4.504548414808269e-5,NaN,true,true
grw,3,85,BigFloat128,false,0.001,1.9572565994912643e-33,1.1923446973347703e-30,-1.6748248853852103,true,true
grw,3,85,BigFloat128,false,0.0001,9.257050895151605e-32,1.1923443587699453e-29,-1.0251775564161503,true,true
grw,3,85,BigFloat128,false,1.0e-5,9.809575359722521e-31,1.1923443249154835e-28,-0.9287579864633988,true,true
grw,3,85,BigFloat128,false,1.0e-6,8.325459152553043e-30,1.1923443215300575e-27,NaN,true,true
grw,3,102,Float64,false,0.001,9.752492066561197e-12,6.553295398740153e-9,-1.3163141829052005,true,true
grw,3,102,Float64,false,0.0001,2.020364777815551e-10,6.553282606712187e-8,-0.5288295292447509,true,true
grw,3,102,Float64,false,1.0e-5,6.827462411952586e-10,6.553281324575049e-7,-1.5340787017570507,true,true
grw,3,102,Float64,false,1.0e-6,2.3352749437499912e-8,6.553281201151485e-6,NaN,true,true
grw,3,102,BigFloat128,false,0.001,8.212225915345642e-33,1.7346428487115793e-31,0.1999817350574966,true,true
grw,3,102,BigFloat128,false,0.0001,5.181782179294537e-33,1.7346394630235133e-30,-2.0052941342937425,true,true
grw,3,102,BigFloat128,false,1.0e-5,5.245335690812393e-31,1.7346391244784967e-29,-0.3297679506482947,true,true
grw,3,102,BigFloat128,false,1.0e-6,1.1208338488245953e-30,1.7346390906242332e-28,NaN,true,true
grw,3,126,Float64,false,0.001,2.470321295730873e-12,1.247827151446726e-8,-2.609150615201351,true,true
grw,3,126,Float64,false,0.0001,1.004393879284424e-9,1.247825871192144e-7,-1.3381210968680612,true,true
grw,3,126,Float64,false,1.0e-5,2.1878883428546813e-8,1.2478257445475167e-6,-0.2852285420166696,true,true
grw,3,126,Float64,false,1.0e-6,4.219429125584702e-8,1.2478256791066226e-5,NaN,true,true
grw,3,126,BigFloat128,false,0.001,8.117990561653507e-33,3.3029709679808077e-31,-1.2572004738145743,true,true
grw,3,126,BigFloat128,false,0.0001,1.4677396138443357e-31,3.302967582492626e-30,0.5298076761557182,true,true
grw,3,126,BigFloat128,false,1.0e-5,4.333525332960715e-32,3.302967243949609e-29,-1.8123729628183554,true,true
grw,3,126,BigFloat128,false,1.0e-6,2.813288704715357e-30,3.3029672100953655e-28,NaN,true,true
grw,3,172,Float64,false,0.001,1.0701457567810487e-10,1.4310319467298648e-8,-0.465925344845346,true,true
grw,3,172,Float64,false,0.0001,3.128731384657406e-10,1.4310306672817152e-7,-1.351905815209043,true,true
grw,3,172,Float64,false,1.0e-5,7.035161860666733e-9,1.4310305398315188e-6,-0.9751894126913399,true,true
grw,3,172,Float64,false,1.0e-6,6.644518371667417e-8,1.431030431956661e-5,NaN,true,true
grw,3,172,BigFloat128,false,0.001,7.085681777828931e-33,3.787910023292675e-31,-1.340650709982481,true,true
grw,3,172,BigFloat128,false,0.0001,1.5525026637237212e-31,3.787906637806756e-30,0.2185671365975245,true,true
grw,3,172,BigFloat128,false,1.0e-5,9.385668639333392e-32,3.787906299263761e-29,-1.2084428196781636,true,true
grw,3,172,BigFloat128,false,1.0e-6,1.5167291623226474e-30,3.7879062654095183e-28,NaN,true,true
grw,3,217,Float64,false,0.001,1.640657489372916e-11,1.6796745454184492e-8,-2.1737599682101116,true,true
grw,3,217,Float64,false,0.0001,2.4478110646727493e-9,1.6796732664309296e-7,0.30395070294171145,true,true
grw,3,217,Float64,false,1.0e-5,1.2157021664153003e-9,1.6796731385328557e-6,-1.6961359209546223,true,true
grw,3,217,Float64,false,1.0e-6,6.038973329245549e-8,1.6796730243080705e-5,NaN,true,true
grw,3,217,BigFloat128,false,0.001,2.981168585909688e-33,4.446061502053621e-31,-1.4339527307987159,true,true
grw,3,217,BigFloat128,false,0.0001,8.097282046654859e-32,4.4460581165289e-30,-0.8406021172560003,true,true
grw,3,217,BigFloat128,false,1.0e-5,5.609722577647552e-31,4.446057777985517e-29,-0.6848890972974463,true,true
grw,3,217,BigFloat128,false,1.0e-6,2.7153791662420683e-30,4.44605774413127e-28,NaN,true,true
grw,3,245,Float64,true,0.001,4.890233015771348e-8,1.0095717737889539e-5,-1.0037283705361142,true,true
grw,3,245,Float64,true,0.0001,4.932395853046217e-7,0.00010095717724973074,-0.8133876524254651,true,true
grw,3,245,Float64,true,1.0e-5,3.2095605727995625e-6,0.0010095685320875272,-0.7724746675858808,true,true
grw,3,245,Float64,true,1.0e-6,1.9007291883092463e-5,0.010095717723564922,NaN,true,true
grw,3,245,BigFloat128,true,0.001,2.7369873687335413e-30,2.6723142344287637e-28,-1.1422194912241201,true,true
grw,3,245,BigFloat128,true,0.0001,3.797451923885102e-29,2.6723142310098045e-27,0.1285858440688975,true,true
grw,3,245,BigFloat128,true,1.0e-5,2.824271478846245e-29,2.672314230670927e-26,-1.8190225207069852,true,true
grw,3,245,BigFloat128,true,1.0e-6,1.8617825737424245e-27,2.6723142306370698e-25,NaN,true,true
grw,3,259,Float64,true,0.001,1.4647818888306999e-9,5.743562417915839e-6,-2.4147494535061647,true,true
grw,3,259,Float64,true,0.0001,3.8064700324854286e-7,5.743560227206029e-5,-0.3236304248758205,true,true
grw,3,259,Float64,true,1.0e-5,8.019602451167845e-7,0.000574355780608752,-1.1691053661190862,true,true
grw,3,259,Float64,true,1.0e-6,1.1837451319907174e-5,0.005743562412068335,NaN,true,true
grw,3,259,BigFloat128,true,0.001,1.3049199509715407e-30,1.5203083155351235e-28,-0.46281255959789847,true,true
grw,3,259,BigFloat128,true,0.0001,3.787881906767542e-30,1.520308312132948e-27,-1.7362963887971652,true,true
grw,3,259,BigFloat128,true,1.0e-5,2.063919809953327e-28,1.520308311794238e-26,-1.061894301904042,true,true
grw,3,259,BigFloat128,true,1.0e-6,2.380055702933216e-27,1.5203083117603823e-25,NaN,true,true
grw,3,264,Float64,false,0.001,2.846883849724639e-10,2.216003680720789e-8,-0.10854478093102565,true,true
grw,3,264,Float64,false,0.0001,3.655228486048034e-10,2.2160024009077834e-7,-1.8460530606144927,true,true
grw,3,264,Float64,false,1.0e-5,2.5642926658439536e-8,2.2160022738198298e-6,0.5721603761770568,true,true
grw,3,264,Float64,false,1.0e-6,6.86763513868274e-9,2.2160022458113624e-5,NaN,true,true
grw,3,264,BigFloat128,false,0.001,1.2125301986963548e-32,5.8657129025228375e-31,-0.9158838772152025,true,true
grw,3,264,BigFloat128,false,0.0001,9.99025194687633e-32,5.865709517030068e-30,-0.4943192312659711,true,true
grw,3,264,BigFloat128,false,1.0e-5,3.1181404432260604e-31,5.865709178487005e-29,-0.741605269943817,true,true
grw,3,264,BigFloat128,false,1.0e-6,1.7198910723892023e-30,5.865709144632761e-28,NaN,true,true
grw,3,269,Float64,false,0.001,2.139792955732906e-12,3.6973175842693554e-8,-3.0056005884472756,true,true
grw,3,269,Float64,false,0.0001,2.1675660588069736e-9,3.6973162971442755e-7,0.0,true,true
grw,3,269,Float64,false,1.0e-5,2.1675660588069736e-9,3.697316169245243e-6,-1.9960680331433334,true,true
grw,3,269,Float64,false,1.0e-6,2.1480301608155784e-7,3.6973161644696394e-5,NaN,true,true
grw,3,269,BigFloat128,false,0.001,3.491682422125899e-33,9.786718157308822e-31,-1.757435027192946,true,true
grw,3,269,BigFloat128,false,0.0001,1.9974217001478074e-31,9.786714771530456e-30,-0.022305061956428892,true,true
grw,3,269,BigFloat128,false,1.0e-5,2.102687949318211e-31,9.786714432984536e-29,-1.719361867736554,true,true
grw,3,269,BigFloat128,false,1.0e-6,1.1018860717825905e-29,9.786714399130265e-28,NaN,true,true
grw,3,282,Float64,true,0.001,4.137073438927136e-9,1.4124272833640378e-6,-0.6030062018520155,true,true
grw,3,282,Float64,true,0.0001,1.6584387328660886e-8,1.4124272764028792e-5,-0.7199341663281539,true,true
grw,3,282,Float64,true,1.0e-5,8.702290934093294e-8,0.00014124271522102252,-1.5405453326659164,true,true
grw,3,282,Float64,true,1.0e-6,3.0211962095658562e-6,0.0014124272749958563,NaN,true,true
grw,3,282,BigFloat128,true,0.001,2.766979961304238e-31,3.7386639048740816e-29,-1.3076768827124512,true,true
grw,3,282,BigFloat128,true,0.0001,5.61930877372206e-30,3.7386638709809216e-28,-0.7625108170083741,true,true
grw,3,282,BigFloat128,true,1.0e-5,3.252323323902714e-29,3.738663867595109e-27,-0.7932899250651677,true,true
grw,3,282,BigFloat128,true,1.0e-6,2.0206153075368192e-28,3.738663867256563e-26,NaN,true,true
grw,3,284,Float64,false,0.001,2.0968254300468468e-10,7.626477818717674e-8,-0.8018152595331652,true,true
grw,3,284,Float64,false,0.0001,1.328548870707796e-9,7.626476531204257e-7,-1.0656759125974362,true,true
grw,3,284,Float64,false,1.0e-5,1.545444620547032e-8,7.626476413438677e-6,-1.1296749688519616,true,true
grw,3,284,Float64,false,1.0e-6,2.083187764192257e-7,7.626474811910676e-5,NaN,true,true
grw,3,284,BigFloat128,false,0.001,5.6234523251946534e-33,2.018711870410157e-30,-1.7207877675557701,true,true
grw,3,284,BigFloat128,false,0.0001,2.956587831699531e-31,2.0187115318668616e-29,-0.5491205745451667,true,true
grw,3,284,BigFloat128,false,1.0e-5,1.0469148490244456e-30,2.018711498012615e-28,-1.0890822089589967,true,true
grw,3,284,BigFloat128,false,1.0e-6,1.2852676266731383e-29,2.0187114946271912e-27,NaN,true,true
grw,3,328,Float64,true,0.001,2.658836591242875e-8,1.9783275096905236e-6,-0.8100957478059546,true,true
grw,3,328,Float64,true,0.0001,1.7170676052732213e-7,1.9783274968851345e-5,-0.6415345825790156,true,true
grw,3,328,Float64,true,1.0e-5,7.521803389868956e-7,0.00019783274956060017,-1.3829466009795341,true,true
grw,3,328,Float64,true,1.0e-6,1.81663876927741e-5,0.0019783274954781023,NaN,true,true
grw,3,328,BigFloat128,true,0.001,7.441281416616449e-31,5.236589316148218e-29,-0.8684368681538703,true,true
grw,3,328,BigFloat128,true,0.0001,5.496479306911547e-30,5.236589282252635e-28,-1.1897149932332962,true,true
grw,3,328,BigFloat128,true,1.0e-5,8.507453627426159e-29,5.2365892788667985e-27,-0.7105412730432823,true,true
grw,3,328,BigFloat128,true,1.0e-6,4.368585737490122e-28,5.236589278528252e-26,NaN,true,true
grw,3,344,Float64,false,0.001,1.8593440029896368e-11,2.116290326013276e-8,-1.7083748302647894,true,true
grw,3,344,Float64,false,0.0001,9.50024001830197e-10,2.1162890470116929e-7,-0.6302340775341356,true,true
grw,3,344,Float64,false,1.0e-5,4.054792692764559e-9,2.1162889191137537e-6,1.6237342106705612e-8,true,true
grw,3,344,Float64,false,1.0e-6,4.054792541164533e-9,2.1162889063239822e-5,NaN,true,true
grw,3,344,BigFloat128,false,0.001,8.851027342410507e-33,5.601773850277467e-31,-1.1966558626796326,true,true
grw,3,344,BigFloat128,false,0.0001,1.3920330452480374e-31,5.601770464788466e-30,-0.12543162198509797,true,true
grw,3,344,BigFloat128,false,1.0e-5,1.8581517000275503e-31,5.60177012624544e-29,-0.8711464638689378,true,true
grw,3,344,BigFloat128,false,1.0e-6,1.381107968181419e-30,5.601770092391197e-28,NaN,true,true
grw,3,353,Float64,false,0.001,1.3012160509103302e-9,1.1214401069284922e-7,-0.3346495074269797,true,true
grw,3,353,Float64,false,0.0001,2.8118938328049614e-9,1.1214399804896453e-6,-1.493884364499569,true,true
grw,3,353,Float64,false,1.0e-5,8.767651595900892e-8,1.1214398693759224e-5,-1.0491096841192262,true,true
grw,3,353,Float64,false,1.0e-6,9.817320465600172e-7,0.00011214399664208948,NaN,true,true
grw,3,353,BigFloat128,false,0.001,5.495665377365733e-32,2.968427250552622e-30,-0.7121728472752499,true,true
grw,3,353,BigFloat128,false,0.0001,2.832651381809306e-31,2.9684269120092156e-29,-0.4755362811548477,true,true
grw,3,353,BigFloat128,false,1.0e-5,8.466997075410827e-31,2.9684268781549676e-28,-0.15620522359777983,true,true
grw,3,353,BigFloat128,false,1.0e-6,1.2132062343201922e-30,2.9684268747695442e-27,NaN,true,true
grw,3,400,Float64,false,0.001,2.8363265227320293e-11,1.7434713118185008e-7,-2.1344028240473443,true,true
grw,3,400,Float64,false,0.0001,3.865085007998256e-9,1.7434711839203804e-6,-1.3456109830496275,true,true
grw,3,400,Float64,false,1.0e-5,8.56584148298423e-8,1.74347102178763e-5,-0.9008142946447661,true,true
grw,3,400,Float64,false,1.0e-6,6.816859262308634e-7,0.00017434711698516295,NaN,true,true
grw,3,400,BigFloat128,false,0.001,6.55638906979974e-32,4.6149301365717055e-30,-1.305873761280921,true,true
grw,3,400,BigFloat128,false,0.0001,1.3259845959918841e-30,4.6149297980282e-29,0.025209550531203353,true,true
grw,3,400,BigFloat128,false,1.0e-5,1.251206316991957e-30,4.614929764173951e-28,-1.6916765060786854,true,true
grw,3,400,BigFloat128,false,1.0e-6,6.151845706148767e-29,4.6149297607885275e-27,NaN,true,true
grw,3,405,Float64,false,0.001,2.6992911076244797e-10,3.551409710281092e-8,-0.8319105725472662,true,true
grw,3,405,Float64,false,0.0001,1.8329908478638745e-9,3.5514084257335483e-7,-1.5274791524811726,true,true
grw,3,405,Float64,false,1.0e-5,6.175035362580448e-8,3.55140808504464e-6,-0.9341839403175585,true,true
grw,3,405,Float64,false,1.0e-6,5.306685980733288e-7,3.551406406934729e-5,NaN,true,true
grw,3,405,BigFloat128,false,0.001,2.1486707233873784e-32,9.400503233184137e-31,-0.9341527195659381,true,true
grw,3,405,BigFloat128,false,0.0001,1.8463863718969838e-31,9.400499847708661e-30,-0.5209162042882337,true,true
grw,3,405,BigFloat128,false,1.0e-5,6.12687175924342e-31,9.400499509165771e-29,-1.5183625230800326,true,true
grw,3,405,BigFloat128,false,1.0e-6,2.0211628791306885e-29,9.40049947531153e-28,NaN,true,true
grw,3,438,Float64,true,0.001,7.080347024371588e-9,2.9695298673818443e-6,-1.0098548673250876,true,true
grw,3,438,Float64,true,0.0001,7.242848670896092e-8,2.9695298545803858e-5,-1.2797780650140935,true,true
grw,3,438,Float64,true,1.0e-5,1.3793912804007476e-6,0.00029695298533012913,-1.1821973487658113,true,true
grw,3,438,Float64,true,1.0e-6,2.098383318577755e-5,0.002969529853173393,NaN,true,true
grw,3,438,BigFloat128,true,0.001,8.16246692686805e-31,7.860280111025391e-29,-1.4985740952452402,true,true
grw,3,438,BigFloat128,true,0.0001,2.5727378141789084e-29,7.860280077140211e-28,0.15640612990807348,true,true
grw,3,438,BigFloat128,true,1.0e-5,1.7946898222746442e-29,7.860280073754477e-27,-1.5929582422220758,true,true
grw,3,438,BigFloat128,true,1.0e-6,7.029875637118179e-28,7.860280073415933e-26,NaN,true,true
grw,3,440,Float64,false,0.001,1.278743071881871e-10,1.653270212995992e-7,-1.9261091363982772,true,true
grw,3,440,Float64,false,0.0001,1.0786795123902357e-8,1.6532700672595475e-6,-1.168496372630546,true,true
grw,3,440,Float64,false,1.0e-5,1.5899695342360117e-7,1.6532700723032116e-5,-0.7077365894011628,true,true
grw,3,440,Float64,false,1.0e-6,8.111952373480134e-7,0.00016532687298994263,NaN,true,true
grw,3,440,BigFloat128,false,0.001,3.9421381577084576e-32,4.3761698160054384e-30,-1.3290866843577087,true,true
grw,3,440,BigFloat128,false,0.0001,8.410436283884125e-31,4.3761694774491254e-29,-0.1846840740958704,true,true
grw,3,440,BigFloat128,false,1.0e-5,1.2867749539539058e-30,4.376169443594749e-28,-1.6232248191465688,true,true
grw,3,440,BigFloat128,false,1.0e-6,5.404150289622184e-29,4.376169440209324e-27,NaN,true,true
grw,3,456,Float64,true,0.001,6.837404994077593e-9,6.767111423511217e-7,-0.844228183960574,true,true
grw,3,456,Float64,true,0.0001,4.7766067586877336e-8,6.767110972361252e-6,-1.2728902581572177,true,true
grw,3,456,Float64,true,1.0e-5,8.953848606462707e-7,6.767111282809639e-5,-0.8838156934975793,true,true
grw,3,456,Float64,true,1.0e-6,6.852127579255564e-6,0.0006767111281530662,NaN,true,true
grw,3,456,BigFloat128,true,0.001,4.7142675966234227e-32,1.7912394792046702e-29,-1.0205322634228202,true,true
grw,3,456,BigFloat128,true,0.0001,4.942497908747011e-31,1.7912394453467338e-28,-1.637444610212841,true,true
grw,3,456,BigFloat128,true,1.0e-5,2.1448212531385577e-29,1.7912394419612732e-27,-1.317001755687295,true,true
grw,3,456,BigFloat128,true,1.0e-6,4.450336601642461e-28,1.7912394416227306e-26,NaN,true,true
grw,3,461,Float64,true,0.001,8.324916147444118e-9,4.245635084820836e-6,-1.3313455588939136,true,true
grw,3,461,Float64,true,0.0001,1.7853584635421584e-7,4.24563431402292e-5,-0.7947067590637278,true,true
grw,3,461,Float64,true,1.0e-5,1.112838611582884e-6,0.00042456303460352554,-1.1137028585338415,true,true
grw,3,461,Float64,true,1.0e-6,1.4458893014613333e-5,0.004245635070613993,NaN,true,true
grw,3,461,BigFloat128,true,0.001,3.7351893959077247e-31,1.1238102496443917e-28,-1.0868789197290885,true,true
grw,3,461,BigFloat128,true,0.0001,4.562380976253376e-30,1.1238102462562955e-27,-0.5465395534153228,true,true
grw,3,461,BigFloat128,true,1.0e-5,1.6059466031204723e-29,1.1238102459177265e-26,-0.5015660803956081,true,true
grw,3,461,BigFloat128,true,1.0e-6,5.09679518176149e-29,1.1238102458838722e-25,NaN,true,true
grw,3,471,Float64,false,0.001,1.334800559501716e-10,9.513911848431689e-8,-1.3407119637361948,true,true
grw,3,471,Float64,false,0.0001,2.9250166581566382e-9,9.513910542874184e-7,-0.761313544985254,true,true
grw,3,471,Float64,false,1.0e-5,1.6882699435408677e-8,9.513910282184125e-6,-1.7699093336792016,true,true
grw,3,471,Float64,false,1.0e-6,9.939195256039592e-7,9.513900973953502e-5,NaN,true,true
grw,3,471,BigFloat128,false,0.001,1.815941930003946e-32,2.5183114981157392e-30,-0.8295616508485272,true,true
grw,3,471,BigFloat128,false,0.0001,1.2264888585867312e-31,2.5183111595675028e-29,-1.1720440906294707,true,true
grw,3,471,BigFloat128,false,1.0e-5,1.8226685421817947e-30,2.518311125713207e-28,-1.060415179767123,true,true
grw,3,471,BigFloat128,false,1.0e-6,2.0947050408617028e-29,2.518311122327783e-27,NaN,true,true
grw,3,476,Float64,false,0.001,5.468957726924089e-10,1.6463706524197618e-7,-1.3671824786662554,true,true
grw,3,476,Float64,false,0.0001,1.2737583532683174e-8,1.6463705035499277e-6,-0.6805614727547173,true,true
grw,3,476,Float64,false,1.0e-5,6.104477788512082e-8,1.6463704112286052e-5,-1.0488120042989567e-9,true,true
grw,3,476,Float64,false,1.0e-6,6.104477803254267e-8,0.0001646370409949628,NaN,true,true
grw,3,476,BigFloat128,false,0.001,7.796492131155224e-33,4.357906831225301e-30,-0.801457924193207,true,true
grw,3,476,BigFloat128,false,0.0001,4.935795629522469e-32,4.35790649267933e-29,-0.4479134641273015,true,true
grw,3,476,BigFloat128,false,1.0e-5,1.3844288253854663e-31,4.357906458825057e-28,-1.19401900598354,true,true
grw,3,476,BigFloat128,false,1.0e-6,2.164161362698246e-30,4.357906455439633e-27,NaN,true,true
grw,3,487,Float64,true,0.001,3.0318969461941214e-9,6.406573519181669e-6,-1.9637918295615648,true,true
grw,3,487,Float64,true,0.0001,2.789370895668429e-7,6.40657352581068e-5,-0.7820673319136223,true,true
grw,3,487,Float64,true,1.0e-5,1.6887820221779898e-6,0.0006406573524531648,-0.25109273470131566,true,true
grw,3,487,Float64,true,1.0e-6,3.0106920222320907e-6,0.0064065542361839535,NaN,true,true
grw,3,487,BigFloat128,true,0.001,1.9489232523698168e-31,1.6958058956895774e-28,-0.07231197544829741,true,true
grw,3,487,BigFloat128,true,0.0001,2.3020073853106033e-31,1.6958058923027534e-27,-2.6879991164936263,true,true
grw,3,487,BigFloat128,true,1.0e-5,1.1222919016320351e-28,1.695805891964197e-26,-0.7122292436498932,true,true
grw,3,487,BigFloat128,true,1.0e-6,5.785422399811809e-28,1.6958058919303428e-25,NaN,true,true
grw,3,488,Float64,false,0.001,7.764967842360439e-9,8.078649228662131e-7,-0.6826745927704702,true,true
grw,3,488,Float64,false,0.0001,3.739506171190479e-8,8.078649100763724e-6,-1.3573739825084798,true,true
grw,3,488,Float64,false,1.0e-5,8.515070279294394e-7,8.078642208947474e-5,-1.0583903843440534,true,true
grw,3,488,Float64,false,1.0e-6,9.740441023334932e-6,0.0008078570397089996,NaN,true,true
grw,3,488,BigFloat128,false,0.001,9.425396901079958e-32,2.1384006456210513e-29,-0.26273853457261076,true,true
grw,3,488,BigFloat128,false,0.0001,1.7259896291436162e-31,2.138400611766625e-28,-1.6926719688689362,true,true
grw,3,488,BigFloat128,false,1.0e-5,8.505701759833625e-30,2.1384006083811992e-27,-0.1689390651921935,true,true
grw,3,488,BigFloat128,false,1.0e-6,1.2550158651154192e-29,2.1384006080426572e-26,NaN,true,true
grw,3,522,Float64,false,0.001,1.0554773966986036e-11,1.6917261172489716e-9,-0.9652016578069423,true,true
grw,3,522,Float64,false,0.0001,9.742055402043958e-11,1.69171332640654e-8,-0.9366534413414834,true,true
grw,3,522,Float64,false,1.0e-5,8.419843830500414e-10,1.691712047418884e-7,-1.1068915890506692,true,true
grw,3,522,Float64,false,1.0e-6,1.0769502103444732e-8,1.6917119195210845e-6,NaN,true,true
grw,3,522,BigFloat128,false,0.001,7.883170885268905e-34,4.4779617470014724e-32,-1.1045913255112931,true,true
grw,3,522,BigFloat128,false,0.0001,1.0029799848759959e-32,4.477927889923463e-31,-0.969363326195703,true,true
grw,3,522,BigFloat128,false,1.0e-5,9.34664166079197e-32,4.4779245044713255e-30,-0.01861616840054282,true,true
grw,3,522,BigFloat128,false,1.0e-6,9.755999313274142e-32,4.477924165928669e-29,NaN,true,true
grw,3,529,Float64,false,0.001,4.450647153098036e-12,1.0547943715219506e-9,-1.1108460725973412,true,true
grw,3,529,Float64,false,0.0001,5.7447249149933234e-11,1.0547815802059913e-8,-1.4021439973697,true,true
grw,3,529,Float64,false,1.0e-5,1.450151027975659e-9,1.0547802997452092e-7,-0.3153603914722493,true,true
grw,3,529,Float64,false,1.0e-6,2.9975996284790244e-9,1.0547801702151503e-6,NaN,true,true
grw,3,529,BigFloat128,false,0.001,5.99853612578828e-34,2.7920174539296413e-32,-0.7947776429911765,true,true
grw,3,529,BigFloat128,false,0.0001,3.739580803158207e-33,2.791983595758608e-31,-1.3817143415904551,true,true
grw,3,529,BigFloat128,false,1.0e-5,9.006110335669885e-32,2.79198021029554e-30,-1.0803227262216153,true,true
grw,3,529,BigFloat128,false,1.0e-6,1.0835775274085565e-30,2.791979871752774e-29,NaN,true,true
grw,3,570,Float64,true,0.001,3.230734077540178e-8,2.917419890077639e-6,-0.9822007129035459,true,true
grw,3,570,Float64,true,0.0001,3.101001137288033e-7,2.917419971508633e-5,-0.4970244339226714,true,true
grw,3,570,Float64,true,1.0e-5,9.73926895878287e-7,0.0002917417128875547,-7.280657908175596e-11,true,true
grw,3,570,Float64,true,1.0e-6,9.739268960415593e-7,0.0029174171287476456,NaN,true,true
grw,3,570,BigFloat128,true,0.001,1.1693793640940938e-30,7.722346399084582e-29,-1.1998409176101086,true,true
grw,3,570,BigFloat128,true,0.0001,1.8526626375561904e-29,7.72234636514215e-28,-1.080507482097224,true,true
grw,3,570,BigFloat128,true,1.0e-5,2.2299946715698874e-28,7.722346361755845e-27,-0.0675720452624619,true,true
grw,3,570,BigFloat128,true,1.0e-6,2.605408769483112e-28,7.722346361417294e-26,NaN,true,true
grw,3,578,Float64,true,0.001,1.0127211629074032e-9,1.1990004362739878e-6,-1.2640939421630288,true,true
grw,3,578,Float64,true,0.0001,1.8603036052269575e-8,1.1990004234604409e-5,-1.1813696780819314,true,true
grw,3,578,Float64,true,1.0e-5,2.8245775683620005e-7,0.0001199000422181226,-1.5218104566642012,true,true
grw,3,578,Float64,true,1.0e-6,9.392127129954888e-6,0.0011989891608889336,NaN,true,true
grw,3,578,BigFloat128,true,0.001,7.2143505826957735e-31,3.1737277290510897e-29,-0.6168070417456012,true,true
grw,3,578,BigFloat128,true,0.0001,2.985412073616429e-30,3.1737276951339134e-28,-0.38712394689808705,true,true
grw,3,578,BigFloat128,true,1.0e-5,7.279947238314518e-30,3.17372769174786e-27,-1.9150661375948175,true,true
grw,3,578,BigFloat128,true,1.0e-6,5.986794752935055e-28,3.1737276914093116e-26,NaN,true,true
grw,3,582,Float64,false,0.001,1.8202013744942972e-10,2.7701280524558257e-8,-0.37089808578053635,true,true
grw,3,582,Float64,false,0.0001,4.275801386422464e-10,2.7701267722299883e-7,-1.6411859542012759,true,true
grw,3,582,Float64,false,1.0e-5,1.8715588076786853e-8,2.7701265936715533e-6,-0.6291219183753786,true,true
grw,3,582,Float64,false,1.0e-6,7.967560985369661e-8,2.770126412014798e-5,NaN,true,true
grw,3,582,BigFloat128,false,0.001,9.775688212211156e-33,7.3324679016983545e-31,-0.8214003569158485,true,true
grw,3,582,BigFloat128,false,0.0001,6.479592567196232e-32,7.332464516103997e-30,-0.7977788247792714,true,true
grw,3,582,BigFloat128,false,1.0e-5,4.067490275809753e-31,7.332464177559918e-29,-1.7057510961663926,true,true
grw,3,582,BigFloat128,false,1.0e-6,2.0657493249285323e-29,7.332464143705664e-28,NaN,true,true
grw,3,593,Float64,true,0.001,3.457752781010137e-8,4.131087692646624e-5,0.0,true,true
grw,3,593,Float64,true,0.0001,3.457752781010137e-8,0.00041310876913241897,-2.2461928369748176,true,true
grw,3,593,Float64,true,1.0e-5,6.095183378710892e-6,0.00413106265430076,-1.0295593980404879e-11,true,true
grw,3,593,Float64,true,1.0e-6,6.095183378855387e-6,0.04131062654287965,NaN,true,true
grw,3,593,BigFloat128,true,0.001,1.3194934837435089e-30,1.0934898452066852e-27,-2.481836291624635,true,true
grw,3,593,BigFloat128,true,0.0001,4.0016909163351027e-28,1.0934898448566397e-26,-0.7251689237982383,true,true
grw,3,593,BigFloat128,true,1.0e-5,2.125261942259353e-27,1.0934898448226703e-25,-0.1312614180741471,true,true
grw,3,593,BigFloat128,true,1.0e-6,2.8752385544502662e-27,1.0934898448192839e-24,NaN,true,true
grw,3,601,Float64,true,0.001,3.045355595748181e-9,2.1460826678300766e-6,-1.0545603094277547,true,true
grw,3,601,Float64,true,0.0001,3.453013851067691e-8,2.146082587446905e-5,-1.338359812957836,true,true
grw,3,601,Float64,true,1.0e-5,7.525894628667236e-7,0.00021460826602722152,-0.7222446680044257,true,true
grw,3,601,Float64,true,1.0e-6,3.970112390096172e-6,0.0021460741399549556,NaN,true,true
grw,3,601,BigFloat128,true,0.001,7.177353116259546e-31,5.680633539747938e-29,-1.3715831589416065,true,true
grw,3,601,BigFloat128,true,0.0001,1.6886804378228957e-29,5.680633505828968e-28,0.22453979731025117,true,true
grw,3,601,BigFloat128,true,1.0e-5,1.0069494640852565e-29,5.680633502442897e-27,-1.6892751588614288,true,true
grw,3,601,BigFloat128,true,1.0e-6,4.923600804349755e-28,5.680633502104349e-26,NaN,true,true
grw,3,616,Float64,true,0.001,7.263073589564847e-10,4.032688322624236e-7,-0.854044855455357,true,true
grw,3,616,Float64,true,0.0001,5.1899754069188464e-9,4.032688173711384e-6,-1.790263585042924,true,true
grw,3,616,Float64,true,1.0e-5,3.202055720096095e-7,4.0326881818503126e-5,1.7779498362696907e-10,true,true
grw,3,616,Float64,true,1.0e-6,3.2020557187852114e-7,0.0004032688180571327,NaN,true,true
grw,3,616,BigFloat128,true,0.001,3.017152990928948e-31,1.067443711022004e-29,-1.0306811490609804,true,true
grw,3,616,BigFloat128,true,0.0001,3.238012206380658e-30,1.0674436771451067e-28,0.7727688176516438,true,true
grw,3,616,BigFloat128,true,1.0e-5,5.463987082283367e-31,1.0674436737594563e-27,-2.6782621726162543,true,true
grw,3,616,BigFloat128,true,1.0e-6,2.6047847257667035e-28,1.0674436734209118e-26,NaN,true,true
grw,3,624,Float64,true,0.001,3.431093499681603e-8,6.881078770954962e-6,-0.7334670351983025,true,true
grw,3,624,Float64,true,0.0001,1.8573749680607564e-7,6.881078757927468e-5,-0.6469075625530165,true,true
grw,3,624,Float64,true,1.0e-5,8.23772236318921e-7,0.0006881073088204477,-1.406692061438776,true,true
grw,3,624,Float64,true,1.0e-6,2.101353957400451e-5,0.00688093416069743,NaN,true,true
grw,3,624,BigFloat128,true,0.001,1.1195676926660878e-30,1.8214063848909375e-28,-1.8538589654200428,true,true
grw,3,624,BigFloat128,true,0.0001,7.996672737859983e-29,1.8214063814425888e-27,-0.8994960052168989,true,true
grw,3,624,BigFloat128,true,1.0e-5,6.344615796873418e-28,1.8214063811034172e-26,-0.6230537796906932,true,true
grw,3,624,BigFloat128,true,1.0e-6,2.6635392925220597e-27,1.8214063810695568e-25,NaN,true,true
grw,3,637,Float64,false,0.001,3.875279204832119e-11,4.3389238170516145e-8,-2.0324951807829565,true,true
grw,3,637,Float64,false,0.0001,4.176362414660221e-9,4.338922538029204e-7,-1.6160780558535247e-8,true,true
grw,3,637,Float64,false,1.0e-5,4.176362570069236e-9,4.338922410131057e-6,-1.3397055375753621,true,true
grw,3,637,Float64,false,1.0e-6,9.13069282317354e-8,4.3389220011676074e-5,NaN,true,true
grw,3,637,BigFloat128,false,0.001,3.6385125735698075e-33,1.1485035714590969e-30,-1.9782551894091327,true,true
grw,3,637,BigFloat128,false,0.0001,3.460820458812716e-31,1.1485032329046835e-29,-0.8641759103480783,true,true
grw,3,637,BigFloat128,false,1.0e-5,2.5313662169350886e-30,1.1485031990503259e-28,-0.989771181116609,true,true
grw,3,637,BigFloat128,false,1.0e-6,2.472442275927011e-29,1.148503195664901e-27,NaN,true,true
grw,3,639,Float64,true,0.001,6.220109056501141e-9,1.0069101850354818e-6,-0.40864078613886345,true,true
grw,3,639,Float64,true,0.0001,1.593818213052876e-8,1.0069101784931889e-5,-1.675248020928351,true,true
grw,3,639,Float64,true,1.0e-5,7.545478852577295e-7,0.0001006910177214056,-0.6915684694766947,true,true
grw,3,639,Float64,true,1.0e-6,3.7089866977665325e-6,0.001006910177086157,NaN,true,true
grw,3,639,BigFloat128,true,0.001,7.304075685795686e-32,2.665269084237567e-29,-1.5455221374108803,true,true
grw,3,639,BigFloat128,true,0.0001,2.565000193303593e-30,2.6652690503419986e-28,-0.5727364897066655,true,true
grw,3,639,BigFloat128,true,1.0e-5,9.59011669664144e-30,2.6652690469561613e-27,-1.6876130513941334,true,true
grw,3,639,BigFloat128,true,1.0e-6,4.671291221504829e-28,2.665269046617615e-26,NaN,true,true
grw,3,648,Float64,false,0.001,1.8426877725497138e-10,1.559771750793859e-8,-0.1713360263058112,true,true
grw,3,648,Float64,false,0.0001,2.733932453217305e-10,1.559770471347394e-7,-1.1970065098472502,true,true
grw,3,648,Float64,false,1.0e-5,4.303227336616904e-9,1.5597703438757012e-6,-0.5633422829684857,true,true
grw,3,648,Float64,false,1.0e-6,1.5744779147149272e-8,1.5597703310859275e-5,NaN,true,true
grw,3,648,BigFloat128,false,0.001,7.318125835438069e-33,4.128681447246633e-31,-0.37221767252763777,true,true
grw,3,648,BigFloat128,false,0.0001,1.7243187292311495e-32,4.1286780617087906e-30,-1.937209094615315,true,true
grw,3,648,BigFloat128,false,1.0e-5,1.4921986407979454e-30,4.1286777231652766e-29,0.41658182460499626,true,true
grw,3,648,BigFloat128,false,1.0e-6,5.718008748145458e-31,4.128677689311028e-28,NaN,true,true
grw,3,653,Float64,false,0.001,4.742543394020468e-10,4.332472779846505e-8,-0.22274599694724526,true,true
grw,3,653,Float64,false,0.0001,7.920585936021163e-10,4.332471499448916e-7,-0.4789105851709431,true,true
grw,3,653,Float64,false,1.0e-5,2.385986024123637e-9,4.332471374982356e-6,-2.4238884564721093,true,true
grw,3,653,Float64,false,1.0e-6,6.3322252025627e-7,4.332468618774148e-5,NaN,true,true
grw,3,653,BigFloat128,false,0.001,5.75191718343409e-33,1.1467959966727533e-30,-1.8521612507984426,true,true
grw,3,653,BigFloat128,false,0.0001,4.092360415801686e-31,1.14679565811879e-29,-0.6328687478868086,true,true
grw,3,653,BigFloat128,false,1.0e-5,1.7572867040670216e-30,1.1467956242644367e-28,-1.3584133725687868,true,true
grw,3,653,BigFloat128,false,1.0e-6,4.0110307889322165e-29,1.146795620879012e-27,NaN,true,true
grw,3,654,Float64,false,0.001,5.168491561196383e-10,9.512695178281093e-8,-0.7033156093100621,true,true
grw,3,654,Float64,false,0.0001,2.610233870722148e-9,9.512693899213061e-7,-1.0679339949825077,true,true
grw,3,654,Float64,false,1.0e-5,3.052203006542228e-8,9.512693771314458e-6,-0.5529602352879107,true,true
grw,3,654,Float64,false,1.0e-6,1.0903693901902303e-7,9.512692721289675e-5,NaN,true,true
grw,3,654,BigFloat128,false,0.001,3.2465624757842237e-32,2.517989447872253e-30,-1.4855105969711442,true,true
grw,3,654,BigFloat128,false,0.0001,9.929659623736066e-31,2.5179891093057646e-29,0.2818471329158087,true,true
grw,3,654,BigFloat128,false,1.0e-5,5.189042512403491e-31,2.517989075451286e-28,-1.9861423666772065,true,true
grw,3,654,BigFloat128,false,1.0e-6,5.02608229695323e-29,2.5179890720658602e-27,NaN,true,true
grw,3,665,Float64,false,0.001,3.5087809002631417e-10,5.051904371768633e-8,-0.3130534705440937,true,true
grw,3,665,Float64,false,0.0001,7.214557861351127e-10,5.051903090873413e-7,-1.5026887096470574,true,true
grw,3,665,Float64,false,1.0e-5,2.295611705004318e-8,5.051902850647907e-6,-1.3657557874515467,true,true
grw,3,665,Float64,false,1.0e-6,5.329104271822458e-7,5.051902953830211e-5,NaN,true,true
grw,3,665,BigFloat128,false,0.001,1.7719141731821154e-34,1.337227953364851e-30,-3.2660226923971503,true,true
grw,3,665,BigFloat128,false,0.0001,3.2693797954578714e-31,1.3372276148102563e-29,-0.07954983424646554,true,true
grw,3,665,BigFloat128,false,1.0e-5,3.926586857402939e-31,1.3372275809558968e-28,-1.6474068671215065,true,true
grw,3,665,BigFloat128,false,1.0e-6,1.7435004979738178e-29,1.337227577570472e-27,NaN,true,true
grw,3,670,Float64,false,0.001,2.2807879798688204e-9,5.307742514677847e-7,-1.1122506978678466,true,true
grw,3,670,Float64,false,0.0001,2.953490738688476e-8,5.307742386664018e-6,0.0,true,true
grw,3,670,Float64,false,1.0e-5,2.953490738688476e-8,5.3077423738730865e-5,-2.0778861930799315,true,true
grw,3,670,Float64,false,1.0e-6,3.5336359647703845e-6,0.00053077423725941,NaN,true,true
grw,3,670,BigFloat128,false,0.001,3.140424880691621e-31,1.404947745460791e-29,-1.0222756582566024,true,true
grw,3,670,BigFloat128,false,0.0001,3.305704795076782e-30,1.404947711575813e-28,-0.7284341248397252,true,true
grw,3,670,BigFloat128,false,1.0e-5,1.768879271000544e-29,1.4049477081900819e-27,-1.281232240336456,true,true
grw,3,670,BigFloat128,false,1.0e-6,3.3801068792836955e-28,1.4049477078515367e-26,NaN,true,true
grw,3,679,Float64,false,0.001,9.112175586635315e-10,7.260131193407653e-8,-0.8562626490231258,true,true
grw,3,679,Float64,false,0.0001,6.544624424350751e-9,7.260129866913229e-7,-0.8535380633125973,true,true
grw,3,679,Float64,false,1.0e-5,4.671139013316807e-8,7.260129786530332e-6,-0.33043562424643436,true,true
grw,3,679,Float64,false,1.0e-6,9.996740447347987e-8,7.260129773740566e-5,NaN,true,true
grw,3,679,BigFloat128,false,0.001,1.3110252506240092e-33,1.9217407256890513e-30,-2.5591083973955238,true,true
grw,3,679,BigFloat128,false,0.0001,4.750282673039977e-31,1.9217403871459702e-29,-0.4053986408855522,true,true
grw,3,679,BigFloat128,false,1.0e-5,1.2081423121181731e-30,1.9217403532917257e-28,-1.5508474747129786,true,true
grw,3,679,BigFloat128,false,1.0e-6,4.2950237469915673e-29,1.9217403499063022e-27,NaN,true,true
grw,3,693,Float64,true,0.001,1.3172880163197662e-8,2.0944816151424167e-6,-0.6531139504473013,true,true
grw,3,693,Float64,true,0.0001,5.926450910101851e-8,2.0944815057945528e-5,-1.218916900186886,true,true
grw,3,693,Float64,true,1.0e-5,9.81096195476961e-7,0.00020944795737558436,-1.0617511969640667,true,true
grw,3,693,Float64,true,1.0e-6,1.1310004782276019e-5,0.0020944816285159013,NaN,true,true
grw,3,693,BigFloat128,true,0.001,1.3061394101566326e-30,5.544046746293683e-29,-0.94833928120214,true,true
grw,3,693,BigFloat128,true,0.0001,1.1596550266484949e-29,5.544046712386439e-28,1.1708638381360097,true,true
grw,3,693,BigFloat128,true,1.0e-5,7.824651012881819e-31,5.544046709000485e-27,-3.0748355827432294,true,true
grw,3,693,BigFloat128,true,1.0e-6,9.296095131841253e-28,5.544046708661938e-26,NaN,true,true
grw,3,714,Float64,false,0.001,7.959101277441834e-10,7.008179462625339e-8,0.0,true,true
grw,3,714,Float64,false,0.0001,7.959101277441834e-10,7.00817818358783e-7,-1.9189054486412966,true,true
grw,3,714,Float64,false,1.0e-5,6.603428498050696e-8,7.0081775929095034e-6,-0.4612751177496248,true,true
grw,3,714,Float64,false,1.0e-6,1.9100493901887875e-7,7.008178042899759e-5,NaN,true,true
grw,3,714,BigFloat128,false,0.001,2.360877195485121e-32,1.855049657848313e-30,-1.5155523890416014,true,true
grw,3,714,BigFloat128,false,0.0001,7.737947632219848e-31,1.8550493192899033e-29,-0.13180159317730292,true,true
grw,3,714,BigFloat128,false,1.0e-5,1.048159510856402e-30,1.8550492854355054e-28,-1.0498247334719109,true,true
grw,3,714,BigFloat128,false,1.0e-6,1.1755797943425517e-29,1.8550492820500803e-27,NaN,true,true
grw,3,716,Float64,true,0.001,2.390436686567501e-9,1.2046184087679103e-6,-1.2426096833979603,true,true
grw,3,716,Float64,true,0.0001,4.179140083433231e-8,1.2046183988472665e-5,-1.4230352493733731,true,true
grw,3,716,Float64,true,1.0e-5,1.106935149416018e-6,0.00012046170641337392,-0.4143950508837282,true,true
grw,3,716,Float64,true,1.0e-6,2.8742016148635248e-6,0.0012046149351241432,NaN,true,true
grw,3,716,BigFloat128,true,0.001,8.751320563052056e-32,3.1885983860454774e-29,-1.9249512218020677,true,true
grw,3,716,BigFloat128,true,0.0001,7.362491633038904e-30,3.188598352163609e-28,-0.5142321325781831,true,true
grw,3,716,BigFloat128,true,1.0e-5,2.405785742763557e-29,3.188598348777909e-27,-0.8391384352979009,true,true
grw,3,716,BigFloat128,true,1.0e-6,1.6610984849663306e-28,3.1885983484393644e-26,NaN,true,true
grw,3,732,Float64,false,0.001,2.9237389689339277e-10,1.6420994386381944e-7,-1.4747871023376344,true,true
grw,3,732,Float64,false,0.0001,8.724201717274913e-9,1.6420992968811397e-6,-0.4972182505990402,true,true
grw,3,732,Float64,false,1.0e-5,2.7412203623971664e-8,1.6420992984172415e-5,-1.0857397584441673,true,true
grw,3,732,Float64,false,1.0e-6,3.33951737702456e-7,0.00016420987487563495,NaN,true,true
grw,3,732,BigFloat128,false,0.001,2.9383803907690204e-32,4.3466010237531525e-30,-1.5109009240639668,true,true
grw,3,732,BigFloat128,false,0.0001,9.528157801721408e-31,4.346600685175143e-29,-0.5183822314865056,true,true
grw,3,732,BigFloat128,false,1.0e-5,3.1433386503863777e-30,4.346600651320549e-28,-1.6172737553577121,true,true
grw,3,732,BigFloat128,false,1.0e-6,1.3021617316097536e-28,4.3466006479351226e-27,NaN,true,true
grw,3,735,Float64,true,0.001,2.3032529594233185e-9,8.036523324912588e-7,-1.2768367200308357,true,true
grw,3,735,Float64,true,0.0001,4.356907682671892e-8,8.036523196963075e-6,0.4521627305891597,true,true
grw,3,735,Float64,true,1.0e-5,1.538209988995151e-8,8.036523060554187e-5,-1.594663293142041,true,true
grw,3,735,Float64,true,1.0e-6,6.048935037629826e-7,0.0008036518321653143,NaN,true,true
grw,3,735,BigFloat128,true,0.001,5.6219193795451086e-34,2.1272500117433257e-29,-3.974414216549282,true,true
grw,3,735,BigFloat128,true,0.0001,5.300280208251319e-30,2.127249977875372e-28,-0.47511060737940675,true,true
grw,3,735,BigFloat128,true,1.0e-5,1.5827394862713272e-29,2.1272499744898112e-27,-1.2979050661132598,true,true
grw,3,735,BigFloat128,true,1.0e-6,3.142783782449964e-28,2.1272499741512677e-26,NaN,true,true
grw,3,739,Float64,true,0.001,2.7043656981793715e-8,5.08144104242655e-6,-1.0272738137979094,true,true
grw,3,739,Float64,true,0.0001,2.8796468627407154e-7,5.081439703742485e-5,-0.620931091795258,true,true
grw,3,739,Float64,true,1.0e-5,1.203013010856451e-6,0.0005081441165738726,-1.504936042893039,true,true
grw,3,739,Float64,true,1.0e-6,3.8477457508514666e-5,0.0050814411656108244,NaN,true,true
grw,3,739,BigFloat128,true,0.001,4.431746253736329e-31,1.3450462808954463e-28,-1.6764284276927088,true,true
grw,3,739,BigFloat128,true,0.0001,2.1037944930018e-29,1.3450462774995835e-27,-0.30171320248171457,true,true
grw,3,739,BigFloat128,true,1.0e-5,4.2142133294072463e-29,1.3450462771609366e-26,-1.8131116535230622,true,true
grw,3,739,BigFloat128,true,1.0e-6,2.740489673579653e-27,1.3450462771270815e-25,NaN,true,true
grw,3,760,Float64,false,0.001,4.1742058417089264e-10,1.0710822410569486e-7,-1.2024907403912626,true,true
grw,3,760,Float64,false,0.0001,6.653721238854082e-9,1.0710821060223328e-6,-0.33861912974330793,true,true
grw,3,760,Float64,false,1.0e-5,1.4510545243838947e-8,1.0710820848171577e-5,-0.8071669483845926,true,true
grw,3,760,Float64,false,1.0e-6,9.30787795218184e-8,0.00010710819993851502,NaN,true,true
grw,3,760,BigFloat128,false,0.001,1.338499293762137e-31,2.8351310856069012e-30,-0.9168175968860989,true,true
grw,3,760,BigFloat128,false,0.0001,1.1051869375721755e-30,2.835130747037419e-29,-0.8584801591538139,true,true
grw,3,760,BigFloat128,false,1.0e-5,7.9784017706308e-30,2.835130713182911e-28,-0.23184493389846952,true,true
grw,3,760,BigFloat128,false,1.0e-6,1.360695148440469e-29,2.8351307097974844e-27,NaN,true,true
grw,3,761,Float64,false,0.001,2.819623549469051e-10,1.3108710513515514e-7,-1.519867858825762,true,true
grw,3,761,Float64,false,0.0001,9.33381068482458e-9,1.3108709238127488e-6,-0.025476841833617505,true,true
grw,3,761,Float64,false,1.0e-5,9.897735179532192e-9,1.3108708980482192e-5,-1.982954915840325,true,true
grw,3,761,Float64,false,1.0e-6,9.516795685902214e-7,0.00013108709097438943,NaN,true,true
grw,3,761,BigFloat128,false,0.001,4.080855216622314e-33,3.4698467825303895e-30,-2.476574706386239,true,true
grw,3,761,BigFloat128,false,0.0001,1.2227168389309157e-30,3.469846443959625e-29,-0.10222304429792595,true,true
grw,3,761,BigFloat128,false,1.0e-5,1.5472088380040525e-30,3.4698464101051037e-28,-1.6030447741970784,true,true
grw,3,761,BigFloat128,false,1.0e-6,6.20288474586181e-29,3.469846406719677e-27,NaN,true,true
grw,3,762,Float64,true,0.001,5.009855388825186e-9,1.5327767815840867e-6,-0.9990060383298739,true,true
grw,3,762,Float64,true,0.0001,4.9984025373205414e-8,1.5327766998477542e-5,-1.4841856564867266,true,true
grw,3,762,Float64,true,1.0e-5,1.5241120081473489e-6,0.00015327767751830185,0.3229208987847039,true,true
grw,3,762,Float64,true,1.0e-6,7.245960896970021e-7,0.0015327756644110623,NaN,true,true
grw,3,762,BigFloat128,true,0.001,9.15068625332345e-31,4.057226379039021e-29,-0.9736664686154769,true,true
grw,3,762,BigFloat128,true,0.0001,8.612319515641916e-30,4.057226345155137e-28,-0.5448007070142126,true,true
grw,3,762,BigFloat128,true,1.0e-5,3.019401321000972e-29,4.0572263417694176e-27,-1.445976226366992,true,true
grw,3,762,BigFloat128,true,1.0e-6,8.431349011653074e-28,4.0572263414308726e-26,NaN,true,true
grw,3,770,Float64,false,0.001,3.7406688284677226e-10,8.407506040452088e-8,-1.5095430423582006,true,true
grw,3,770,Float64,false,0.0001,1.2091837523726483e-8,8.407504761471867e-7,-0.48858899980735093,true,true
grw,3,770,Float64,false,1.0e-5,3.7246142697146676e-8,8.407504320427022e-6,-0.42419670956585215,true,true
grw,3,770,Float64,false,1.0e-6,9.891861166749361e-8,8.407503789125687e-5,NaN,true,true
grw,3,770,BigFloat128,false,0.001,5.352650090232146e-32,2.2254483189070207e-30,-0.6470556363366481,true,true
grw,3,770,BigFloat128,false,0.0001,2.374786056147038e-31,2.225447980363775e-29,-0.2004543215227354,true,true
grw,3,770,BigFloat128,false,1.0e-5,3.767721659292849e-31,2.225447946509529e-28,-2.4590017643174313,true,true
grw,3,770,BigFloat128,false,1.0e-6,1.0841280372129142e-28,2.2254479431241054e-27,NaN,true,true
grw,3,791,Float64,false,0.001,7.921203509406248e-10,8.075741926220958e-8,-0.0946649916531198,true,true
grw,3,791,Float64,false,0.0001,9.850452085630553e-10,8.075740639248156e-7,-1.6344444446108637,true,true
grw,3,791,Float64,false,1.0e-5,4.2452239673774405e-8,8.075740176471751e-6,-0.6610260684066447,true,true
grw,3,791,Float64,false,1.0e-6,1.94503166442606e-7,8.075740506515253e-5,NaN,true,true
grw,3,791,BigFloat128,false,0.001,4.3023462671997165e-32,2.137631089072518e-30,-1.101872570614027,true,true
grw,3,791,BigFloat128,false,0.0001,5.439737357907189e-31,2.1376307505193163e-29,-0.8994830253939099,true,true
grw,3,791,BigFloat128,false,1.0e-5,4.315796484634728e-30,2.1376307166649707e-28,-0.8190061429141898,true,true
grw,3,791,BigFloat128,false,1.0e-6,2.8449006195057534e-29,2.137630713279546e-27,NaN,true,true
grw,3,795,Float64,true,0.001,5.1997323571644655e-8,1.529173837325405e-5,-0.49930869723621885,true,true
grw,3,795,Float64,true,0.0001,1.6416844601233994e-7,0.0001529173664508858,-1.5206594495453756,true,true
grw,3,795,Float64,true,1.0e-5,5.444388861449206e-6,0.0015291739154229811,-1.2909860455955215,true,true
grw,3,795,Float64,true,1.0e-6,0.00010639842088088012,0.015291739154101907,NaN,true,true
grw,3,795,BigFloat128,true,0.001,2.6459018463680244e-30,4.047689655137407e-28,-1.635671274016137,true,true
grw,3,795,BigFloat128,true,0.0001,1.1435232613422484e-28,4.047689651729707e-27,-0.9332548141319625,true,true
grw,3,795,BigFloat128,true,1.0e-5,9.806179022538372e-28,4.047689651390942e-26,-0.39165737825881014,true,true
grw,3,795,BigFloat128,true,1.0e-6,2.416335284731421e-27,4.0476896513570858e-25,NaN,true,true
grw,3,798,Float64,false,0.001,2.1442237740908394e-9,1.5466155821133845e-7,0.23114337458516857,true,true
grw,3,798,Float64,false,0.0001,1.2592928349965393e-9,1.5466154522588614e-6,-1.447579779246931,true,true
grw,3,798,Float64,false,1.0e-5,3.5294457559126106e-8,1.546615386829689e-5,-1.3710824677461222,true,true
grw,3,798,Float64,false,1.0e-6,8.29447646783091e-7,0.0001546614157301127,NaN,true,true
grw,3,798,BigFloat128,false,0.001,7.633009902960021e-32,4.0938573587091426e-30,-1.1725835015317005,true,true
grw,3,798,BigFloat128,false,0.0001,1.1357410610867953e-30,4.093857020142447e-29,-0.7587821793538947,true,true
grw,3,798,BigFloat128,false,1.0e-5,6.517206871060638e-30,4.093856986287967e-28,-0.8983887246591956,true,true
grw,3,798,BigFloat128,false,1.0e-6,5.157630570466977e-29,4.0938569829025406e-27,NaN,true,true
grw,3,800,Float64,false,0.001,2.4161361990198344e-10,5.3614751428403044e-8,-1.2679450343986618,true,true
grw,3,800,Float64,false,0.0001,4.477818089520106e-9,5.361473865094665e-7,-0.27376456150153555,true,true
grw,3,800,Float64,false,1.0e-5,8.410678029057454e-9,5.36147373719633e-6,1.4068532294193354e-8,true,true
grw,3,800,Float64,false,1.0e-6,8.410677756602015e-9,5.361473724406556e-5,NaN,true,true
grw,3,800,BigFloat128,false,0.001,1.3019346213786094e-33,1.4191706540524828e-30,-2.3666936276027877,true,true
grw,3,800,BigFloat128,false,0.0001,3.0288851337129675e-31,1.4191703154931375e-29,-1.1780878605588636,true,true
grw,3,800,BigFloat128,false,1.0e-5,4.564263031405751e-30,1.4191702816387302e-28,-0.6127999235666215,true,true
grw,3,800,BigFloat128,false,1.0e-6,1.8714170751983973e-29,1.419170278253305e-27,NaN,true,true
grw,3,808,Float64,true,0.001,4.384436918343565e-9,9.79201283831415e-7,-1.1971240499952505,true,true
grw,3,808,Float64,true,0.0001,6.903000041273348e-8,9.792012077322148e-6,-0.3097448580459085,true,true
grw,3,808,Float64,true,1.0e-5,1.4085839450732681e-7,9.792011361186986e-5,-1.5402711779926987,true,true
grw,3,808,Float64,true,1.0e-6,4.887130229566536e-6,0.0009792012739195195,NaN,true,true
grw,3,808,BigFloat128,true,0.001,1.7289940709506792e-31,2.591924228235752e-29,-1.1451385922937503,true,true
grw,3,808,BigFloat128,true,0.0001,2.415083196845473e-30,2.5919241943592456e-28,-0.8735804179638116,true,true
grw,3,808,BigFloat128,true,1.0e-5,1.805146751936085e-29,2.5919241909735993e-27,-0.235948414012556,true,true
grw,3,808,BigFloat128,true,1.0e-6,3.107856288803149e-29,2.591924190635055e-26,NaN,true,true
grw,3,831,Float64,true,0.001,3.9287917300573517e-8,7.692856855613757e-6,-0.9568537510182179,true,true
grw,3,831,Float64,true,0.0001,3.5572366483109117e-7,7.69285410623829e-5,1.4364776231796758e-10,true,true
grw,3,831,Float64,true,1.0e-5,3.5572366471343157e-7,0.000769285410495877,-2.1976528092681256,true,true
grw,3,831,Float64,true,1.0e-6,5.6074520310088985e-5,0.007692856841362097,NaN,true,true
grw,3,831,BigFloat128,true,0.001,2.1349397273908467e-30,2.0362822547549853e-28,-1.0127183846465926,true,true
grw,3,831,BigFloat128,true,0.0001,2.1983862719144998e-29,2.036282251355144e-27,-0.5095675143545938,true,true
grw,3,831,BigFloat128,true,1.0e-5,7.106757847514712e-29,2.0362822510164574e-26,-1.1757709069185722,true,true
grw,3,831,BigFloat128,true,1.0e-6,1.0652276348143662e-27,2.036282250982602e-25,NaN,true,true
grw,3,841,Float64,true,0.001,3.4760777358768203e-9,9.050495776464282e-7,-1.0195029567350196,true,true
grw,3,841,Float64,true,0.0001,3.635736806344173e-8,9.050495319307327e-6,-1.1884821486411732,true,true
grw,3,841,Float64,true,1.0e-5,5.611443382965766e-7,9.05049563556769e-5,-0.3390739557230675,true,true
grw,3,841,Float64,true,1.0e-6,1.2250351247298039e-6,0.0009050495634288692,NaN,true,true
grw,3,841,BigFloat128,true,0.001,2.162816355359983e-31,2.3956462848909866e-29,-0.9283225751438942,true,true
grw,3,841,BigFloat128,true,0.0001,1.8337588390032014e-30,2.395646250981941e-28,-0.6097163571548787,true,true
grw,3,841,BigFloat128,true,1.0e-5,7.465494457594636e-30,2.395646247595969e-27,-1.2052805085448526,true,true
grw,3,841,BigFloat128,true,1.0e-6,1.1976752802949534e-28,2.3956462472574214e-26,NaN,true,true
grw,3,848,Float64,false,0.001,1.1408735394685098e-9,1.4685406556109008e-7,-1.1494501479492119,true,true
grw,3,848,Float64,false,0.0001,1.6094876756640284e-8,1.4685405293883127e-6,-0.2245876021047366,true,true
grw,3,848,Float64,false,1.0e-5,2.6994498126684395e-8,1.4685404769560257e-5,-1.6324195503859495,true,true
grw,3,848,Float64,false,1.0e-6,1.1579633339600784e-6,0.00014685405153195633,NaN,true,true
grw,3,848,BigFloat128,false,0.001,5.85485584867318e-33,3.8871947534499964e-30,-2.059975490089769,true,true
grw,3,848,BigFloat128,false,0.0001,6.721894577414303e-31,3.88719441490679e-29,-0.5349689428141746,true,true
grw,3,848,BigFloat128,false,1.0e-5,2.3038841648739557e-30,3.8871943810525436e-28,-1.4512564763884563,true,true
grw,3,848,BigFloat128,false,1.0e-6,6.512040848968187e-29,3.887194377667121e-27,NaN,true,true
grw,3,851,Float64,false,0.001,1.2964741130743151e-11,2.0678433278162586e-8,-1.8524720068750349,true,true
grw,3,851,Float64,false,0.0001,9.230725928644123e-10,2.0678420488271236e-7,-0.8792698003440033,true,true
grw,3,851,Float64,false,1.0e-5,6.9904584192184056e-9,2.0678419209293094e-6,-0.7275219287048916,true,true
grw,3,851,Float64,false,1.0e-6,3.732738666221118e-8,2.0678419081395388e-5,NaN,true,true
grw,3,851,BigFloat128,false,0.001,2.2597254168096064e-34,5.473535713813583e-31,-2.7947129571471443,true,true
grw,3,851,BigFloat128,false,0.0001,1.408538193296539e-31,5.4735323283575306e-30,-0.5979489188464697,true,true
grw,3,851,BigFloat128,false,1.0e-5,5.581070987197458e-31,5.473531989814834e-29,-1.2235288918782639,true,true
grw,3,851,BigFloat128,false,1.0e-6,9.337840218004244e-30,5.473531955960595e-28,NaN,true,true
grw,3,870,Float64,false,0.001,1.4539977012798699e-10,1.1461897836284251e-7,-1.5526087585859016,true,true
grw,3,870,Float64,false,0.0001,5.190061194338588e-9,1.146189655723097e-6,0.20762589007105664,true,true
grw,3,870,Float64,false,1.0e-5,3.2177076900202993e-9,1.1461896392451485e-5,-1.709773259211987,true,true
grw,3,870,Float64,false,1.0e-6,1.6493766713546876e-7,0.00011461896416542741,NaN,true,true
grw,3,870,BigFloat128,false,0.001,5.717314335863145e-32,3.033939095436106e-30,-0.8458773384431165,true,true
grw,3,870,BigFloat128,false,0.0001,4.009307890096571e-31,3.0339387568735225e-29,-1.2284092672705555,true,true
grw,3,870,BigFloat128,false,1.0e-5,6.783888104714065e-30,3.0339387230190828e-28,-0.6968789807173618,true,true
grw,3,870,BigFloat128,false,1.0e-6,3.375651909295797e-29,3.0339387196336578e-27,NaN,true,true
grw,3,926,Float64,false,0.001,2.7268976079838044e-10,6.733962528115538e-8,-1.2333639087977757,true,true
grw,3,926,Float64,false,0.0001,4.666945612673586e-9,6.733961217696877e-7,-1.1367573111030345,true,true
grw,3,926,Float64,false,1.0e-5,6.394256459347535e-8,6.733960690639326e-6,0.6430400161713813,true,true
grw,3,926,Float64,false,1.0e-6,1.4546216082954338e-8,6.733961010482648e-5,NaN,true,true
grw,3,926,BigFloat128,false,0.001,6.340946304727857e-33,1.7824650396530392e-30,-1.85179966645119,true,true
grw,3,926,BigFloat128,false,0.0001,4.507686893074437e-31,1.7824647011067737e-29,-0.9513428496291823,true,true
grw,3,926,BigFloat128,false,1.0e-5,4.0299215481717346e-30,1.7824646672524973e-28,-0.5600547357050196,true,true
grw,3,926,BigFloat128,false,1.0e-6,1.4633604975830234e-29,1.7824646638670733e-27,NaN,true,true
grw,3,936,Float64,true,0.001,8.693219235931644e-7,0.0001698746909265415,-0.724296253883137,true,true
grw,3,936,Float64,true,0.0001,4.607622455845666e-6,0.0016987469091358871,-1.4156609153373538,true,true
grw,3,936,Float64,true,1.0e-5,0.00011998799643877764,0.01698543079884999,-1.1935756727161466,true,true
grw,3,936,Float64,true,1.0e-6,0.0018737578885820963,0.16987469091218022,NaN,true,true
grw,3,936,BigFloat128,true,0.001,5.5268624558396e-31,4.496545628731727e-27,-2.2078242208565633,true,true
grw,3,936,BigFloat128,true,0.0001,8.918727144338221e-29,4.496545628388871e-26,-2.125583338189889,true,true
grw,3,936,BigFloat128,true,1.0e-5,1.1909299458491216e-26,4.496545628354974e-25,-0.29043163500117913,true,true
grw,3,936,BigFloat128,true,1.0e-6,2.3244373792231033e-26,4.4965456283515884e-24,NaN,true,true
grw,3,942,Float64,true,0.001,1.680879194508761e-8,2.087410148053222e-6,-0.7984860462662947,true,true
grw,3,942,Float64,true,0.0001,1.0568723789767714e-7,2.087409914648838e-5,-0.9864497805870226,true,true
grw,3,942,Float64,true,1.0e-5,1.0244065071350686e-6,0.0002087407995625929,-1.0592946480641272,true,true
grw,3,942,Float64,true,1.0e-6,1.1742673253266144e-5,0.0020873856220794073,NaN,true,true
grw,3,942,BigFloat128,true,0.001,5.085838357444393e-31,5.525328655731423e-29,-0.5378510202797119,true,true
grw,3,942,BigFloat128,true,0.0001,1.754743220636598e-30,5.525328621871886e-28,-1.5325367234009069,true,true
grw,3,942,BigFloat128,true,1.0e-5,5.980676292505344e-29,5.525328618486409e-27,0.6193997895343222,true,true
grw,3,942,BigFloat128,true,1.0e-6,1.4366484448598503e-29,5.525328618147867e-26,NaN,true,true
grw,3,945,Float64,true,0.001,1.6897441640179528e-8,5.248141021671848e-6,-1.5991285501271268,true,true
grw,3,945,Float64,true,0.0001,6.713507915334416e-7,5.2481410088610484e-5,-0.1118396634043722,true,true
grw,3,945,Float64,true,1.0e-5,8.685386887281588e-7,0.0005248136449368352,-0.7349911141486034,true,true
grw,3,945,Float64,true,1.0e-6,4.718242767397173e-6,0.005248116245450611,NaN,true,true
grw,3,945,BigFloat128,true,0.001,1.9873362049788515e-31,1.3891713616227845e-28,-1.7830451500777622,true,true
grw,3,945,BigFloat128,true,0.0001,1.2059144373019553e-29,1.3891713582317949e-27,-1.2555070112904607,true,true
grw,3,945,BigFloat128,true,1.0e-5,2.1718183883381457e-28,1.3891713578931967e-26,-0.05693409871999345,true,true
grw,3,945,BigFloat128,true,1.0e-6,2.4760397049678607e-28,1.3891713578593423e-25,NaN,true,true
grw,3,947,Float64,false,0.001,3.716027332135182e-10,1.7129220977914997e-7,-1.5417407218348365,true,true
grw,3,947,Float64,false,0.0001,1.2936584258209962e-8,1.7129219698914144e-6,0.02569556672257028,true,true
grw,3,947,Float64,false,1.0e-5,1.2193378489723323e-8,1.7129219362153155e-5,-1.5039848030704261,true,true
grw,3,947,Float64,false,1.0e-6,3.891426731095973e-7,0.00017129212892516153,NaN,true,true
grw,3,947,BigFloat128,false,0.001,1.2314067200355551e-32,4.534067040341728e-30,-1.2868318723525056,true,true
grw,3,947,BigFloat128,false,0.0001,2.383600081747715e-31,4.534066701793021e-29,-1.0513496181927315,true,true
grw,3,947,BigFloat128,false,1.0e-5,2.682767335297066e-30,4.5340666679387195e-28,-0.7878871585852225,true,true
grw,3,947,BigFloat128,false,1.0e-6,1.6461528886318054e-29,4.534066664553296e-27,NaN,true,true
grw,3,952,Float64,true,0.001,1.3561211805638428e-8,1.1532863740057636e-6,-0.7191864175602806,true,true
grw,3,952,Float64,true,0.0001,7.103704978363227e-8,1.1532863768558926e-5,-1.217003158281909,true,true
grw,3,952,Float64,true,1.0e-5,1.1708144529640222e-6,0.00011532863755769147,-0.7271632807212052,true,true
grw,3,952,Float64,true,1.0e-6,6.246710159225566e-6,0.001153286375449017,NaN,true,true
grw,3,952,BigFloat128,true,0.001,3.1522491600790695e-31,3.0527236551559043e-29,0.7227243876673363,true,true
grw,3,952,BigFloat128,true,0.0001,5.968925385228947e-32,3.0527236213014994e-28,-2.6011190161839677,true,true
grw,3,952,BigFloat128,true,1.0e-5,2.3824026648748086e-29,3.052723617916074e-27,-0.5095618322100108,true,true
grw,3,952,BigFloat128,true,1.0e-6,7.701529768183685e-29,3.052723617577532e-26,NaN,true,true
grw,3,953,Float64,false,0.001,1.576014693437597e-8,1.1506667096273364e-6,-0.7754187108643364,true,true
grw,3,953,Float64,false,0.0001,9.396778136661854e-8,1.1506667149721812e-5,-0.6620945910988291,true,true
grw,3,953,Float64,false,1.0e-5,4.315921770319559e-7,0.00011506667136932034,-1.221297601038808,true,true
grw,3,953,Float64,false,1.0e-6,7.184080087634039e-6,0.0011506667135653056,NaN,true,true
grw,3,953,BigFloat128,false,0.001,1.0450616293255271e-31,3.0457894678866236e-29,-0.8296066052309398,true,true
grw,3,953,BigFloat128,false,0.0001,7.059086564692992e-31,3.045789434032219e-28,-1.267949525653243,true,true
grw,3,953,BigFloat128,false,1.0e-5,1.3082719598707155e-29,3.0457894306467935e-27,-1.141113873656274,true,true
grw,3,953,BigFloat128,false,1.0e-6,1.8105557705686184e-28,3.0457894303082515e-26,NaN,true,true
grw,3,954,Float64,true,0.001,1.3122413172512667e-9,6.190182296595334e-7,-1.4017814794910344,true,true
grw,3,954,Float64,true,0.0001,3.309749973263752e-8,6.190182168696448e-6,-0.49356888292099516,true,true
grw,3,954,Float64,true,1.0e-5,1.0312502580975803e-7,6.190181517543971e-5,-0.732646918312698,true,true
grw,3,954,Float64,true,1.0e-6,5.571998470823033e-7,0.000619017870545914,NaN,true,true
grw,3,954,BigFloat128,true,0.001,1.728469797230124e-31,1.6385276108520427e-29,-1.1098272313552384,true,true
grw,3,954,BigFloat128,true,0.0001,2.2258148038322188e-30,1.6385275769974897e-28,-1.1153695707864544,true,true
grw,3,954,BigFloat128,true,1.0e-5,2.9030772829150005e-29,1.6385275736120627e-27,-1.0186210849888722,true,true
grw,3,954,BigFloat128,true,1.0e-6,3.0302585294739806e-28,1.6385275732735207e-26,NaN,true,true
grw,3,956,Float64,false,0.001,1.4034192807001743e-10,4.6579824333960106e-7,-2.5637135166700182,true,true
grw,3,956,Float64,false,0.0001,5.139264328687252e-8,4.657982305492664e-6,0.0023784482035739745,true,true
grw,3,956,Float64,false,1.0e-5,5.111195669920572e-8,4.6579820546242493e-5,-1.157454769225027,true,true
grw,3,956,Float64,false,1.0e-6,7.344754372201754e-7,0.00046579788702502824,NaN,true,true
grw,3,956,BigFloat128,false,0.001,1.3844555268672451e-31,1.2329576840056817e-29,1.1006361983246005,true,true
grw,3,956,BigFloat128,false,0.0001,1.0981023249568713e-32,1.2329576501499479e-28,-2.726544152797936,true,true
grw,3,956,BigFloat128,false,1.0e-5,5.8504189057937366e-30,1.2329576467645092e-27,-0.8968127601426614,true,true
grw,3,956,BigFloat128,false,1.0e-6,4.6131728138267327e-29,1.2329576464259668e-26,NaN,true,true
grw,3,959,Float64,true,0.001,1.33733803112215e-8,1.1516465654593497e-6,-1.088683061988436,true,true
grw,3,959,Float64,true,0.0001,1.6403036723535954e-7,1.1516465680709254e-5,-0.40569507733867294,true,true
grw,3,959,Float64,true,1.0e-5,4.1746429268630324e-7,0.00011516465667919476,-1.3270722308914704,true,true
grw,3,959,Float64,true,1.0e-6,8.865261803292084e-6,0.0011516465666640498,NaN,true,true
grw,3,959,BigFloat128,true,0.001,2.457716497169911e-31,3.048383117443203e-29,-0.7582942230315616,true,true
grw,3,959,BigFloat128,true,0.0001,1.4087243051381122e-30,3.048383083588799e-28,-1.1142241666149333,true,true
grw,3,959,BigFloat128,true,1.0e-5,1.8325261229464793e-29,3.0483830802033733e-27,-0.4117352965960271,true,true
grw,3,959,BigFloat128,true,1.0e-6,4.729175934256497e-29,3.048383079864831e-26,NaN,true,true
grw,3,963,Float64,true,0.001,9.433487538032515e-9,1.1525374463082015e-6,-1.250914793708292,true,true
grw,3,963,Float64,true,0.0001,1.681074938665467e-7,1.1525374443908172e-5,-0.8772480530406448,true,true
grw,3,963,Float64,true,1.0e-5,1.2671707127652682e-6,0.00011525374431118394,-0.5645154226309541,true,true
grw,3,963,Float64,true,1.0e-6,4.648903693466168e-6,0.0011525374429839418,NaN,true,true
grw,3,963,BigFloat128,true,0.001,2.9141795999686765e-31,3.050741247427194e-29,-0.3900357756053514,true,true
grw,3,963,BigFloat128,true,0.0001,7.154051946548021e-31,3.0507412135727894e-28,-1.5461570675084246,true,true
grw,3,963,BigFloat128,true,1.0e-5,2.5159914261048722e-29,3.0507412101873636e-27,-0.5604919406271798,true,true
grw,3,963,BigFloat128,true,1.0e-6,9.145366140870874e-29,3.050741209848822e-26,NaN,true,true
grw,3,964,Float64,false,0.001,7.774583534300254e-10,1.6503405085967874e-7,-1.2941437811562764,true,true
grw,3,964,Float64,false,0.0001,1.5304562362849244e-8,1.6503403806932002e-6,-0.4119564857679999,true,true
grw,3,964,Float64,false,1.0e-5,3.951640257158353e-8,1.6503403679033717e-5,-1.5403131432397086,true,true
grw,3,964,Float64,false,1.0e-6,1.3711676057996978e-6,0.00016503403666243946,NaN,true,true
grw,3,964,BigFloat128,false,0.001,3.386820303880559e-33,4.368414953030932e-30,-2.3465849184714185,true,true
grw,3,964,BigFloat128,false,0.0001,7.522757687493757e-31,4.3684146144729554e-29,-0.706907173768851,true,true
grw,3,964,BigFloat128,false,1.0e-5,3.8307538517508505e-30,4.368414580618562e-28,0.09657106215275754,true,true
grw,3,964,BigFloat128,false,1.0e-6,3.0669958248901134e-30,4.3684145772331375e-27,NaN,true,true
grw,3,968,Float64,true,0.001,3.9657321757907454e-8,6.974399729339167e-6,-0.789595807728664,true,true
grw,3,968,Float64,true,0.0001,2.442975933774988e-7,6.974399716539855e-5,-1.297706457329629,true,true
grw,3,968,Float64,true,1.0e-5,4.848703704818305e-6,0.0006974399715260783,-0.7267789346573473,true,true
grw,3,968,Float64,true,1.0e-6,2.5846668970556206e-5,0.006974219450132178,NaN,true,true
grw,3,968,BigFloat128,true,0.001,4.0800920504206725e-31,1.846108236897426e-28,-0.9729677115402718,true,true
grw,3,968,BigFloat128,true,0.0001,3.8338725617938934e-30,1.8461082335094763e-27,-1.8824841936927927,true,true
grw,3,968,BigFloat128,true,1.0e-5,2.9249730334504623e-28,1.8461082331709088e-26,-0.5640844872478532,true,true
grw,3,968,BigFloat128,true,1.0e-6,1.072028555449698e-27,1.8461082331370545e-25,NaN,true,true
grw,3,974,Float64,false,0.001,3.76309518385839e-9,8.190195992467817e-7,-0.7626447301435415,true,true
grw,3,974,Float64,false,0.0001,2.1786623767907696e-8,8.190195864569253e-6,-0.24491588560388847,true,true
grw,3,974,Float64,false,1.0e-5,3.8291803294089856e-8,8.190195538162102e-5,-1.1670109029333064,true,true
grw,3,974,Float64,false,1.0e-6,5.62492481928671e-7,0.0008190195850500499,NaN,true,true
grw,3,974,BigFloat128,false,0.001,3.152803120232147e-31,2.1679268281532418e-29,-0.3636671366375065,true,true
grw,3,974,BigFloat128,false,0.0001,7.283900226901216e-31,2.167926794298773e-28,-1.3405248649751285,true,true
grw,3,974,BigFloat128,false,1.0e-5,1.5954707744683193e-29,2.1679267909133468e-27,-1.1588157325807198,true,true
grw,3,974,BigFloat128,false,1.0e-6,2.2998768717180794e-28,2.1679267905748047e-26,NaN,true,true
