model,league,entry,since,signal,group,n_bets,n_slates,n_matches,mean_edge,clv_pp,clv_pp_lo,clv_pp_hi,p_clv,clv_pct,beat,beat_lo,beat_hi,roi2,roi2_lo,roi2_hi,p_roi2,roi5,roi5_lo,roi5_hi,p_roi5,hit,mean_odds,z_clv,z_roi2,ev2,ev2_lo,ev2_hi,ev5,ev5_lo,ev5_hi,z_ev2
grw_step_a2_carry_jump,54+55,T−6h,earliest,droplast,model edge ≥ 2 (all),431,161,375,5.649494144856021,0.06174877186879988,-0.1269973100750823,0.25271982796436027,0.249,-0.6114635146770523,48.72389791183295,44.09770114942528,53.456504706234085,11.430951276102086,-13.18852410934838,39.202172053605686,0.219,9.032134570765658,-15.070984845805114,36.11214038378719,0.262,26.450116009280745,6.076844547563804,0.6589770248499085,0.8542253722811567,-2.0903939915466756,-3.150822225024344,-1.0398194303957056,-4.308789706851109,-5.360884642461819,-3.2805661659679686,-3.7834535600132164
grw_step_a2_carry_jump,54+55,T−6h,earliest,droplast,model + price WITH model,146,89,138,5.100401856825473,0.2879044740259981,-0.05527503878710434,0.6154210024314717,0.049,0.642704157574182,56.16438356164384,48.445702264075344,64.63593974175036,0.8013698630136974,-27.686715873015874,31.89863444531282,0.462,-1.2431506849315108,-29.14429642857143,29.075199703837765,0.53,30.82191780821918,5.342534246575342,1.631052826692975,0.05134632288483461,-0.7966152149354983,-2.2916485601458882,1.0041996916020335,-2.9555942737000183,-4.401286216005552,-1.2246910672172362,-0.9555326253127697
grw_step_a2_carry_jump,54+55,T−6h,earliest,droplast,model + price AGAINST model,265,141,249,6.004835201990049,-0.01363434104258567,-0.27306580525759755,0.25733175168032685,0.549,-1.1024858548338037,45.660377358490564,39.24492017416546,51.89808903643173,18.79381132075472,-17.967905910609854,60.01399319139827,0.195,15.954339622641502,-19.790668598579792,56.053629861522744,0.227,24.150943396226417,6.626377358490566,-0.09756266125689537,0.9403121254624415,-2.6125004334203883,-4.034966752996244,-1.1492525984279207,-4.8775223013002655,-6.263098706946837,-3.4675801560363864,-3.4573527727033393
grw_step_a2_carry_jump,54+55,T−6h,earliest,droplast,model + flat price,20,20,20,4.949598840453161,-0.5903616078028886,-1.5993519736815809,0.41793525565502787,0.871,-3.2608415150341044,35.0,15.0,55.00000000000001,-10.418000000000013,-76.38,70.44199999999998,0.619,-12.395000000000005,-76.95,66.75499999999998,0.623,25.0,4.156,-1.1311107300800318,-0.27860480576412383,-4.617068705981572,-7.809271656539201,-1.5413950584775427,-6.651409492402776,-9.81988089030466,-3.566732028788155,-2.8767535532229065
grw_step_a2_carry_jump,54+55,T−6h,earliest,droplast,market only: price shortened (no model),521,161,358,-1.1276008034048448,0.030517772761736995,-0.1604883838223348,0.2229399473621475,0.396,-0.4952356773655485,49.90403071017274,45.970077220077215,54.15823375688474,3.9880998080614196,-5.86999719265697,15.393254404255314,0.237,2.585412667946255,-7.129374877941611,13.710490797872332,0.313,38.38771593090211,3.8114203454894438,0.31999600811053985,0.7478945704230079,-1.7473602486612316,-2.470102226208802,-1.0512657256192306,-3.6255471056047575,-4.349234699370128,-2.9230246371086315,-4.738651360288513
grw_step_a2_carry_jump,54+55,T−6h,earliest,gap15,model edge ≥ 2 (all),431,161,375,5.649494144856021,0.06174877186879988,-0.1269973100750823,0.25271982796436027,0.249,-0.6114635146770523,48.72389791183295,44.09770114942528,53.456504706234085,11.430951276102086,-13.18852410934838,39.202172053605686,0.219,9.032134570765658,-15.070984845805114,36.11214038378719,0.262,26.450116009280745,6.076844547563804,0.6589770248499085,0.8542253722811567,-2.0903939915466756,-3.150822225024344,-1.0398194303957056,-4.308789706851109,-5.360884642461819,-3.2805661659679686,-3.7834535600132164
grw_step_a2_carry_jump,54+55,T−6h,earliest,gap15,model + price WITH model,145,91,138,5.095032596480019,0.1915510471600809,-0.1741231021348106,0.5414627141656387,0.161,0.4017073730171989,54.48275862068965,46.89190108892922,63.04714590557482,3.051034482758619,-24.904155555555562,33.79569590268886,0.429,0.944827586206893,-26.310172438672442,30.798506722151075,0.473,31.724137931034484,5.331724137931036,1.0252041188277383,0.19318068878199246,-1.0308332808291223,-2.603170192887843,0.6624549743237579,-3.1796442615986042,-4.723335805130721,-1.5740959946850952,-1.2154920209257494
grw_step_a2_carry_jump,54+55,T−6h,earliest,gap15,model + price AGAINST model,266,139,249,6.014376044782348,0.060358608866403124,-0.23087943051412704,0.3216709947479928,0.337,-0.8469447290577751,46.99248120300752,40.90677179962894,52.817617084621546,17.978796992481204,-15.61396865662351,63.07619339517623,0.184,15.161278195488714,-17.586042434358138,58.92150018552876,0.214,24.06015037593985,6.566917293233082,0.43346031868893353,0.8917090897755733,-2.35697145419694,-3.898015649772093,-1.0584031532891742,-4.622011541905686,-6.1241020266544925,-3.3617156049358146,-3.2563944383243415
grw_step_a2_carry_jump,54+55,T−6h,earliest,gap15,model + flat price,20,20,20,4.816411101561879,-0.8608285560611109,-1.7020977170901677,-2.4498060117637507e-6,0.975,-4.82505229919676,30.0,10.0,50.0,-16.888000000000012,-85.78800000000001,61.44449999999997,0.669,-18.820000000000004,-86.07,57.57374999999997,0.67,20.0,4.961,-1.9525399474278666,-0.452026065396795,-6.226728891000419,-9.26838719010695,-3.1076046248984985,-8.329243778705905,-11.425093872399941,-5.1898651380434515,-3.9453398366279964
grw_step_a2_carry_jump,54+55,T−6h,earliest,gap15,market only: price shortened (no model),520,161,358,-1.1597987370757454,0.007530400250410834,-0.17658664642565597,0.19475203539448613,0.478,-0.5762306460772045,49.61538461538461,45.89829799107143,53.60998954725255,7.147769230769228,-2.7553381291443406,18.289511401322233,0.083,5.704999999999999,-3.9664427124139436,16.61264260606255,0.135,40.0,3.787673076923077,0.07900758462738237,1.3398799542326747,-1.8201914986498493,-2.5316564972782327,-1.1428829486895806,-3.686132777508818,-4.415215314780564,-3.017231783969496,-4.959702599475189
grw_step_a2_carry_jump,54+55,T−6h,T−12h,droplast,model edge ≥ 2 (all),430,161,374,5.651353111218529,0.06761255681083124,-0.11779603053557113,0.2540684067034158,0.226,-0.5920068543642151,48.837209302325576,44.23039845758355,53.58205558155922,11.69009302325581,-12.966628595605703,39.54954225384216,0.213,9.285697674418602,-14.816541114904991,36.4551689026614,0.26,26.51162790697674,6.082488372093023,0.729695578343046,0.8725391146892622,-2.0713030025274866,-3.1380485995857295,-1.0398194303957056,-4.2902472247723935,-5.343532872161894,-3.2627209468884613,-3.76949190750029
grw_step_a2_carry_jump,54+55,T−6h,T−12h,droplast,model + price WITH model,161,99,151,5.339175485036306,-0.03402419769921552,-0.37616000323079796,0.3186642966634521,0.602,-0.7075094434408931,50.931677018633536,43.311170708086564,58.49279892821257,-12.532546583850936,-39.449779403457235,14.937493865030666,0.837,-14.318944099378887,-40.74431490792,12.515111196319006,0.87,26.70807453416149,5.521987577639752,-0.1924269651421041,-0.9194893842873808,-2.14139962778264,-3.7342686466312776,-0.5564423240630192,-4.2922349042952606,-5.864397226827965,-2.7509739707043557,-2.6481803443136642
grw_step_a2_carry_jump,54+55,T−6h,T−12h,droplast,model + price AGAINST model,219,129,207,5.857344242701158,0.14083125357034457,-0.14747509800611577,0.4465155774343413,0.189,-0.6320228093589634,47.03196347031963,40.082278481012665,53.64885829478104,8.523835616438353,-25.90792305370478,50.83400506045678,0.351,6.035616438356161,-27.41554082077539,47.19526017639076,0.392,24.65753424657534,6.188812785388127,0.914935413895321,0.41128131497670645,-2.121918565433085,-3.803743937226263,-0.566973158626202,-4.356762199544267,-6.019424941978063,-2.8157970217644985,-2.521214118913805
grw_step_a2_carry_jump,54+55,T−6h,T−12h,droplast,model + flat price,50,40,49,5.754323911631356,0.07418501452651328,-0.45076237943595504,0.5758245492563068,0.384,-0.04481863466031335,50.0,34.60106382978723,64.82487922705313,102.83519999999999,9.674941976127323,223.82562807676254,0.017,97.72799999999998,7.160042274535807,214.96317845223186,0.021,34.0,7.421600000000001,0.281728458865249,1.8780706242551444,-1.6238957036793717,-4.440814474174237,1.284640900123568,-3.9925113072079546,-6.795842482720159,-1.1417249080000185,-1.1131720877668816
grw_step_a2_carry_jump,54+55,T−6h,T−12h,droplast,market only: price shortened (no model),541,163,373,-0.7088539283652047,-0.02688034043502956,-0.19774199689074135,0.14515115390968997,0.624,-0.7564265081522314,48.613678373382626,44.64944649446495,52.47162242299508,-8.007060998151573,-17.809903534495533,2.4666858042319033,0.929,-9.207116451016638,-18.75325595700706,1.1481824637346951,0.959,35.304990757855826,3.94996303142329,-0.30185437691436445,-1.490065198434586,-2.011925800327214,-2.6723933874210677,-1.4000653284702467,-3.8951747385896875,-4.550965778370884,-3.3080687591628952,-6.197548546559407
grw_step_a2_carry_jump,54+55,T−6h,T−12h,gap15,model edge ≥ 2 (all),430,161,374,5.651353111218529,0.06761255681083124,-0.11779603053557113,0.2540684067034158,0.226,-0.5920068543642151,48.837209302325576,44.23039845758355,53.58205558155922,11.69009302325581,-12.966628595605703,39.54954225384216,0.213,9.285697674418602,-14.816541114904991,36.4551689026614,0.26,26.51162790697674,6.082488372093023,0.729695578343046,0.8725391146892622,-2.0713030025274866,-3.1380485995857295,-1.0398194303957056,-4.2902472247723935,-5.343532872161894,-3.2627209468884613,-3.76949190750029
grw_step_a2_carry_jump,54+55,T−6h,T−12h,gap15,model + price WITH model,158,98,148,5.409294268371311,-0.05163879112138588,-0.4255769191742021,0.30807601063420254,0.621,-0.46307734786401566,51.26582278481012,43.02826340326341,59.09090909090909,-6.554810126582279,-35.556831952530224,23.44500154730326,0.667,-8.507278481012662,-36.89565970667264,20.821414677276735,0.723,27.21518987341772,5.6947468354430395,-0.2772807626897352,-0.4571720066439167,-1.9212105566176394,-3.636762176432931,-0.2301081498239221,-4.108410369748076,-5.784212431861988,-2.4408851508040335,-2.210228619255387
grw_step_a2_carry_jump,54+55,T−6h,T−12h,gap15,model + price AGAINST model,212,123,200,5.899902726043953,0.1310937975703328,-0.1679468553493711,0.44432156989411803,0.203,-0.88419915622539,46.69811320754717,39.448879675370506,53.573344573881045,10.600000000000001,-25.43976459627329,54.04596128619923,0.316,8.061320754716975,-27.0661195652174,50.26254869347469,0.351,25.0,6.13754716981132,0.8127678208177204,0.5210716070193576,-2.362341370562113,-4.05649895179628,-0.7130203304106917,-4.579554692067196,-6.257117786433092,-2.91979470782204,-2.7103060541448047
grw_step_a2_carry_jump,54+55,T−6h,T−12h,gap15,model + flat price,60,48,59,5.410566091666358,0.15734072234876398,-0.34377861159742795,0.6375090813394448,0.288,0.10089157842807732,50.0,36.84210526315789,64.51612903225806,62.95333333333331,-18.212438893844787,177.03168016321408,0.077,58.88333333333333,-20.073514719000897,169.9410883553044,0.084,30.0,6.909000000000001,0.6163859786420973,1.274982303675826,-1.4382108763677388,-4.1496877358719875,1.3063323792116146,-3.74686455856146,-6.4615707448173065,-1.0492849846876113,-1.0196980925267976
grw_step_a2_carry_jump,54+55,T−6h,T−12h,gap15,market only: price shortened (no model),531,164,375,-0.7879117307135101,-0.07619838791592282,-0.2606682187926744,0.10852584183105479,0.807,-0.7970156115985922,48.39924670433145,44.281812787938016,52.600524193548395,-6.642259887005651,-17.796197045613987,4.268620756646207,0.876,-7.9163841807909625,-18.87159246169031,2.798415388548047,0.924,35.40489642184557,4.010188323917137,-0.7990089406449078,-1.1649358193275843,-2.053769556523952,-2.803585939183505,-1.3162595468568363,-3.9389004739119917,-4.679785910188319,-3.2096876546125572,-5.677552323337598
grw_step_a2_carry_jump,54+55,T−3h,earliest,droplast,model edge ≥ 2 (all),509,168,437,5.409975472735972,0.04394346045868402,-0.10860391308658776,0.2126144385723342,0.28,-0.41342564616594263,47.74066797642436,43.82458928331617,52.01716779700353,3.2519056974459692,-17.134926270508206,25.38255010944341,0.416,1.0423379174852618,-18.835109793917567,22.576854870231386,0.489,24.165029469548134,6.194322200392928,0.5420900473274796,0.29177215896131686,-1.9154189992354698,-2.719392451822184,-1.0454993672656103,-4.168409028839761,-4.968939389390381,-3.318676339499183,-4.492618660688552
grw_step_a2_carry_jump,54+55,T−3h,earliest,droplast,model + price WITH model,146,95,143,5.099351589123742,-0.011183275640703328,-0.3184021929169145,0.28959060161374944,0.523,-0.60663368914879,45.20547945205479,37.497874149659864,53.104533397636835,-1.3704109589041138,-31.681769811320752,30.14653444580526,0.527,-3.467123287671236,-33.08951886792452,27.283188145539896,0.572,28.767123287671232,5.458356164383562,-0.0707484677568834,-0.0847769685795201,-2.043417432782887,-3.6214777146447528,-0.32107052222671256,-4.198593048234033,-5.716917313580938,-2.5697689761966984,-2.4686733602192086
grw_step_a2_carry_jump,54+55,T−3h,earliest,droplast,model + price AGAINST model,332,149,299,5.627095496691111,0.08993097384842867,-0.11144238243651354,0.28922815430308885,0.206,-0.10837063803912023,49.6987951807229,44.37610815602837,55.430264683972794,4.335843373493974,-25.20296710526316,37.43663127205769,0.408,1.9164156626505973,-26.792568139097742,34.05998005217124,0.461,21.385542168674696,6.427078313253012,0.874868217029448,0.2748960726714271,-1.6398194825670251,-2.617273250529885,-0.6165588439933,-3.9369927493588825,-4.905529224753844,-2.935777960483082,-3.1901081532649216
grw_step_a2_carry_jump,54+55,T−3h,earliest,droplast,model + flat price,31,27,31,4.547628345454675,-0.18893882905372517,-0.7330146075887167,0.3969494832677848,0.75,-2.770518821088826,38.70967741935484,23.321428571428573,55.55555555555556,12.112258064516123,-47.58583333333333,75.5704419642857,0.373,9.667741935483873,-48.73541666666667,71.81862723214287,0.398,32.25806451612903,7.167741935483871,-0.6528679037454892,0.3804445131919532,-4.2641695874935515,-7.493866835087002,-1.0060882529797461,-6.5046457371006445,-9.7199408114629,-3.2450427748294057,-2.5749254468478684
grw_step_a2_carry_jump,54+55,T−3h,earliest,droplast,market only: price shortened (no model),564,169,410,-1.5197114029876224,-0.10197140356423007,-0.2396755897229073,0.029021965447458633,0.934,-0.6480672227173048,47.87234042553192,44.56923665859664,51.07923408565567,3.6434042553191466,-5.666611329611775,13.468242818155016,0.224,2.2627659574468053,-6.916977017579818,11.875878742246242,0.317,40.60283687943262,3.6676418439716314,-1.4542582737840857,0.7401870776504841,-1.8663222908740067,-2.4137732415201856,-1.2968010910967582,-3.693704893109059,-4.25704651126692,-3.1281129321603043,-6.609704557115634
grw_step_a2_carry_jump,54+55,T−3h,earliest,gap15,model edge ≥ 2 (all),509,168,437,5.409975472735972,0.04394346045868402,-0.10860391308658776,0.2126144385723342,0.28,-0.41342564616594263,47.74066797642436,43.82458928331617,52.01716779700353,3.2519056974459692,-17.134926270508206,25.38255010944341,0.416,1.0423379174852618,-18.835109793917567,22.576854870231386,0.489,24.165029469548134,6.194322200392928,0.5420900473274796,0.29177215896131686,-1.9154189992354698,-2.719392451822184,-1.0454993672656103,-4.168409028839761,-4.968939389390381,-3.318676339499183,-4.492618660688552
grw_step_a2_carry_jump,54+55,T−3h,earliest,gap15,model + price WITH model,146,95,143,5.0672902190371545,-0.09774814984173456,-0.4060270318083163,0.20933446128228056,0.715,-0.9522287509730774,43.83561643835616,36.3620797011208,51.49253731343284,-0.5984931506849331,-30.168922830725464,32.94537714752567,0.514,-2.718835616438359,-31.644150960170705,30.07669041783379,0.575,28.767123287671232,5.503219178082191,-0.6229678732291701,-0.03772470723690247,-2.3871985740378108,-4.051175899023193,-0.7801604691992114,-4.53965330863491,-6.149889612124845,-3.0013270152257165,-2.847116720954566
grw_step_a2_carry_jump,54+55,T−3h,earliest,gap15,model + price AGAINST model,332,149,297,5.627738048941602,0.08983672021654981,-0.11649026870736218,0.2918543845816269,0.177,-0.15626843712873073,49.6987951807229,44.34304971988795,55.271064115474985,3.1551204819277117,-25.610102318018843,38.92556041615058,0.457,0.7718373493975866,-27.228022617360125,35.54502687639334,0.509,21.084337349397593,6.4840662650602425,0.8895172232542934,0.19264203451764647,-1.6859505513137516,-2.7237077707026844,-0.6723492243704798,-3.9804737225912823,-4.995839665080783,-2.987157038915576,-3.18442768556588
grw_step_a2_carry_jump,54+55,T−3h,earliest,gap15,model + flat price,31,28,31,4.6917455288572105,0.21976323027318884,-0.5531343273108031,0.9998779626348314,0.264,-0.6299075848276414,45.16129032258064,26.47058823529412,63.35714285714283,21.186451612903223,-36.90269642857144,77.92365625,0.246,18.562903225806444,-38.28486607142857,74.005234375,0.264,35.483870967741936,6.346129032258065,0.5654291020511752,0.7068106084124972,-2.1510224440376833,-5.676806632980329,1.0845398667333217,-4.432694732852752,-7.874932617936434,-1.2204024856305336,-1.2578146221837672
grw_step_a2_carry_jump,54+55,T−3h,earliest,gap15,market only: price shortened (no model),573,169,414,-1.5411828645715075,-0.12312378883382469,-0.2664585576072221,0.016261860531205943,0.962,-0.7702718376425224,47.4694589877836,44.031071853994725,51.15064754783651,2.6289354275741696,-5.982629256097389,11.852846824908193,0.262,1.2791448516579376,-7.204049622579586,10.25075457452231,0.361,40.66317626527051,3.678062827225132,-1.743980478375712,0.5702740164850036,-1.9864995141212054,-2.535630402591989,-1.4239462196021424,-3.8108410288392305,-4.369043418737328,-3.2652608043199796,-6.986097226737323
grw_step_a2_carry_jump,54+55,T−3h,T−6h,droplast,model edge ≥ 2 (all),509,168,437,5.409975472735972,0.04394346045868402,-0.10860391308658776,0.2126144385723342,0.28,-0.41342564616594263,47.74066797642436,43.82458928331617,52.01716779700353,3.2519056974459692,-17.134926270508206,25.38255010944341,0.416,1.0423379174852618,-18.835109793917567,22.576854870231386,0.489,24.165029469548134,6.194322200392928,0.5420900473274796,0.29177215896131686,-1.9154189992354698,-2.719392451822184,-1.0454993672656103,-4.168409028839761,-4.968939389390381,-3.318676339499183,-4.492618660688552
grw_step_a2_carry_jump,54+55,T−3h,T−6h,droplast,model + price WITH model,190,111,183,5.128639595073195,0.047441972047085765,-0.2633314343887058,0.35291528350772533,0.397,-0.6528215739205598,50.526315789473685,43.71432137804776,57.951612903225815,21.94463157894737,-16.392805648665426,60.056652061855665,0.134,19.129999999999995,-18.09851319056487,56.134876225490174,0.162,27.89473684210526,5.5210526315789465,0.30686472252619057,1.1270385523493214,-2.1039565292464544,-3.493695041222808,-0.7196975316532638,-4.280658962235297,-5.651649446224841,-2.919880918544473,-2.9285460815679354
grw_step_a2_carry_jump,54+55,T−3h,T−6h,droplast,model + price AGAINST model,259,138,241,5.692530186960412,0.035487832013219846,-0.2016552945755884,0.2489911727333416,0.369,-0.4535371247469666,48.26254826254826,42.02318281398163,54.31892721117223,-19.37135135135135,-38.54846056768878,-0.8062558604651183,0.978,-21.10984555984556,-39.817580665309805,-2.9345971285283188,0.991,21.235521235521233,6.139961389961391,0.31226470896393477,-2.061181353241996,-1.9666980309366868,-3.1339278901976746,-0.8838396874942497,-4.2364393902212685,-5.379508369994571,-3.1764889180600484,-3.501567819857307
grw_step_a2_carry_jump,54+55,T−3h,T−6h,droplast,model + flat price,60,46,58,5.081177902265935,0.06936496988499877,-0.39087241771141706,0.5072622752742865,0.388,0.5178093409317656,36.666666666666664,24.989754098360656,48.499999999999986,40.967999999999996,-34.67155862068966,148.43608333333333,0.211,37.51999999999999,-36.130327586206896,141.78518601190476,0.229,25.0,8.561,0.30519881353565,0.8705775677009108,-1.0970290006904275,-4.291101453919587,1.6270019225774235,-3.5192865131237174,-6.639848878279072,-0.8587992052952763,-0.7366873889017249
grw_step_a2_carry_jump,54+55,T−3h,T−6h,droplast,market only: price shortened (no model),572,165,410,-0.738493823027253,0.00103538762577103,-0.1450847518065402,0.12880133809696961,0.526,-0.5052199958547138,50.349650349650354,46.79712711190962,53.81003232761756,8.090174825174822,-5.681270261893156,23.566442739801452,0.134,6.4107517482517435,-7.046930961434008,21.473825015521857,0.178,37.58741258741259,4.053951048951048,0.014539430333148851,1.0755950888427892,-1.7589548861240472,-2.348437560207762,-1.2145517046659189,-3.639557221528046,-4.213501084765648,-3.0961904934810924,-5.849720994050365
grw_step_a2_carry_jump,54+55,T−3h,T−6h,gap15,model edge ≥ 2 (all),509,168,437,5.409975472735972,0.04394346045868402,-0.10860391308658776,0.2126144385723342,0.28,-0.41342564616594263,47.74066797642436,43.82458928331617,52.01716779700353,3.2519056974459692,-17.134926270508206,25.38255010944341,0.416,1.0423379174852618,-18.835109793917567,22.576854870231386,0.489,24.165029469548134,6.194322200392928,0.5420900473274796,0.29177215896131686,-1.9154189992354698,-2.719392451822184,-1.0454993672656103,-4.168409028839761,-4.968939389390381,-3.318676339499183,-4.492618660688552
grw_step_a2_carry_jump,54+55,T−3h,T−6h,gap15,model + price WITH model,182,110,177,5.055376827901826,0.14746664037086535,-0.13954174925115057,0.4394436288989211,0.154,-0.4477319735707391,51.098901098901095,44.8643772638618,57.64819004524886,16.632087912087908,-18.969679076086962,59.008634850640114,0.222,13.986813186813178,-20.742519701086966,55.26468456614508,0.266,28.57142857142857,5.571758241758242,0.9987915660133357,0.818579133732668,-1.9060207408957224,-3.394919559761341,-0.48773541921638836,-4.093453891883197,-5.5485236192569145,-2.692134457522587,-2.582613956723172
grw_step_a2_carry_jump,54+55,T−3h,T−6h,gap15,model + price AGAINST model,259,138,238,5.643423539966577,-0.05554293838772777,-0.25792329578335094,0.16344680925891125,0.675,-0.9082798399497627,46.71814671814672,41.25,52.756196065897655,-20.234362934362938,-38.86022994388328,-0.9653198380566839,0.981,-21.97007722007722,-40.18902267115601,-3.12390981044566,0.989,20.84942084942085,6.465714285714286,-0.5097690758086334,-2.102970975854191,-2.423845299142958,-3.523267436792819,-1.301604504807624,-4.697193487932751,-5.778952692794389,-3.5948663895031636,-4.227146548486044
grw_step_a2_carry_jump,54+55,T−3h,T−6h,gap15,model + flat price,68,51,64,5.46988582489903,0.14579285100579642,-0.38110411782553333,0.6667600868935908,0.322,1.563206527035268,42.64705882352941,30.88235294117647,53.84615384615385,56.23588235294117,-32.65327461636828,160.66416886446882,0.147,52.3985294117647,-34.08266703964195,153.80138369963365,0.159,25.0,6.826911764705883,0.5484725400054713,1.1293864425182187,-0.004067107203038441,-2.375733419865905,2.1057744532879887,-2.354977558560497,-4.610138355150788,-0.28588471903573015,-0.003543924161157174
grw_step_a2_carry_jump,54+55,T−3h,T−6h,gap15,market only: price shortened (no model),567,168,412,-0.8157948359326644,-0.0125756307846523,-0.1684349677792576,0.1324402122989918,0.606,-0.4731227369894993,50.264550264550266,46.49530516431925,53.93858267716536,7.504444444444442,-5.3141358828968945,22.107760573442555,0.143,5.8537037037037,-6.707851058072843,20.10426295484854,0.204,38.80070546737213,4.011216931216931,-0.1611825778886908,1.0703801262123327,-1.7216321038000553,-2.4094579690253766,-1.0770003885916661,-3.5943961540158895,-4.278538540200774,-2.9772683222084084,-5.115957417155403
grw_step_a2_carry_jump,54+55,T−2h,T−6h,droplast,model edge ≥ 2 (all),517,169,445,5.612163085847013,0.060755902676473954,-0.0686282562604495,0.19475581165578099,0.158,-0.37408627098077524,49.51644100580271,45.83226386036961,53.50471877569555,5.056518375241781,-15.687886308286053,26.03232473195889,0.336,2.802804642166339,-17.47649562271761,23.23097101733535,0.403,24.95164410058027,6.179342359767889,0.926086892615296,0.45759543240852246,-1.877355467406802,-2.555835013618192,-1.1509855233778246,-4.132259262045843,-4.804506396494256,-3.421364131577654,-5.198013234272558
grw_step_a2_carry_jump,54+55,T−2h,T−6h,droplast,model + price WITH model,179,114,173,5.436291688855493,0.1981345275327931,-0.08796688127674838,0.4990856228614074,0.077,0.17815278195555773,56.424581005586596,50.865645992813626,62.57338320234827,6.6283798882681575,-30.387008731381613,49.93871522956326,0.375,4.202234636871506,-31.911127375449418,46.51553183890576,0.418,24.581005586592177,5.504413407821229,1.3462106784073786,0.3267209771413688,-1.3005046624759928,-2.4615202373318117,-0.00564000043170561,-3.518490829123318,-4.670598790553031,-2.2858625056769393,-2.0766760581491557
grw_step_a2_carry_jump,54+55,T−2h,T−6h,droplast,model + price AGAINST model,280,136,258,5.783736042830541,-0.009316553123086569,-0.19840426619469925,0.2025911039415864,0.534,-0.5561016653322453,46.42857142857143,40.440977383733276,52.65225023576061,-0.746357142857144,-25.38189416276697,27.505916261855184,0.524,-2.9319642857142907,-26.965468667534573,24.588454776775382,0.602,25.0,6.333071428571428,-0.08847145090698105,-0.057219711600837074,-2.065652312997095,-3.1307240075094205,-0.9637503721898025,-4.329978284494371,-5.373259688381428,-3.230125432323063,-3.7561836691529455
grw_step_a2_carry_jump,54+55,T−2h,T−6h,droplast,model + flat price,58,47,57,5.326655363538285,-0.024942135692563257,-0.57488889953701,0.49127156386461307,0.574,-1.1997152374840856,43.103448275862064,31.475694444444446,54.54545454545454,27.546206896551727,-36.592571260107825,98.37969398907103,0.215,24.486206896551714,-38.01174738881401,93.3641256830601,0.247,25.862068965517242,7.520172413793103,-0.09163206771445641,0.801514474113562,-2.748617145291852,-5.640994346625394,-0.16117374602343995,-5.071970007003503,-7.956655846984058,-2.516044929104116,-1.9566123344980801
grw_step_a2_carry_jump,54+55,T−2h,T−6h,droplast,market only: price shortened (no model),643,171,449,-1.0309915047783589,0.08513911087278123,-0.04444298432643381,0.21236752162872163,0.098,0.032249883659688935,53.810264385692065,50.384920113961684,57.286724772932985,2.3601555209953324,-9.291582432787377,15.919324525239405,0.34,0.9081648522550515,-10.533097748685368,14.166937631877937,0.419,36.70295489891136,3.8268895800933125,1.3198255017737992,0.36836008692529465,-1.2210092296173576,-1.6470111023929996,-0.8005827716630487,-3.1008978995329275,-3.5232990454961026,-2.6944906799556954,-5.601110535868903
grw_step_a2_carry_jump,54+55,T−2h,T−6h,gap15,model edge ≥ 2 (all),517,169,445,5.612163085847013,0.060755902676473954,-0.0686282562604495,0.19475581165578099,0.158,-0.37408627098077524,49.51644100580271,45.83226386036961,53.50471877569555,5.056518375241781,-15.687886308286053,26.03232473195889,0.336,2.802804642166339,-17.47649562271761,23.23097101733535,0.403,24.95164410058027,6.179342359767889,0.926086892615296,0.45759543240852246,-1.877355467406802,-2.555835013618192,-1.1509855233778246,-4.132259262045843,-4.804506396494256,-3.421364131577654,-5.198013234272558
grw_step_a2_carry_jump,54+55,T−2h,T−6h,gap15,model + price WITH model,182,115,175,5.336504319355314,0.1730747330534218,-0.0863886877250077,0.43365173184711076,0.104,0.3446368865476305,56.043956043956044,50.0,62.223809523809514,14.283076923076921,-25.884860053116697,62.02543367346938,0.304,11.60879120879121,-27.498385096078746,58.077402210884344,0.344,24.725274725274726,5.481923076923077,1.2664537848049164,0.6029262540865765,-1.139704873717762,-2.300004275684744,0.01970663986451749,-3.366217514115851,-4.530688841383924,-2.23128639552948,-1.8743555762916875
grw_step_a2_carry_jump,54+55,T−2h,T−6h,gap15,model + price AGAINST model,275,135,253,5.898305394792302,-0.08642801592728684,-0.271199549713334,0.11951920738542665,0.783,-1.0444345193562736,44.36363636363637,38.42734159779614,50.94532152483635,-4.942909090909091,-25.181368355970797,16.66218337240084,0.659,-6.98454545454546,-26.748720793144223,14.140687413264288,0.725,25.454545454545453,6.307781818181818,-0.8528652579101329,-0.4501601015101959,-2.5467388364188794,-3.5830374352701426,-1.4704159190695876,-4.800195312012789,-5.819381400417092,-3.7240006101318963,-4.6819159374218
grw_step_a2_carry_jump,54+55,T−2h,T−6h,gap15,model + flat price,60,50,60,5.136842428205928,0.39464841080030294,-0.1985562430698861,0.9571953133882937,0.095,0.5182162895707617,53.333333333333336,41.935483870967744,65.45454545454545,22.18266666666666,-46.92849300986842,119.29574979160877,0.335,19.15666666666666,-48.17582750822368,113.33860690469574,0.351,23.333333333333332,7.706166666666665,1.3092035542873686,0.517303711152329,-1.0468884936248697,-4.164423269179638,2.1195742236734483,-3.394545668418315,-6.445216893739772,-0.3382447383019503,-0.6755178871139005
grw_step_a2_carry_jump,54+55,T−2h,T−6h,gap15,market only: price shortened (no model),645,171,454,-1.0443069290659297,0.09518331400224025,-0.04441908365228149,0.2257150631511921,0.086,0.1434965029620751,53.48837209302325,49.75958308770102,57.14285714285714,-1.4455193798449615,-13.521438814627993,12.802504302484468,0.598,-2.8277519379845004,-14.557668169948862,11.066546430766566,0.682,36.12403100775194,3.822666666666667,1.349391244433764,-0.21130700217659795,-1.109199666496431,-1.5352087250947055,-0.6505436906649622,-2.9882439206841895,-3.412634239092168,-2.549538255308331,-4.824878554229099
grw_step_a2_carry_jump,54+55,T−60m,earliest,droplast,model edge ≥ 2 (all),543,173,469,5.618332968011902,0.03913815434030076,-0.10542590230964752,0.17652820064362174,0.289,-0.3848095803148661,48.25046040515654,44.36312209688122,52.52177976432344,6.127403314917126,-13.135427175098586,27.43486295871559,0.293,3.8488950276243057,-14.907589021030851,24.662674646406717,0.363,25.59852670349908,6.326058931860036,0.5505832237330903,0.5805846423428412,-1.8919168976927223,-2.65867449808627,-1.1333810500032957,-4.1525778737595065,-4.907749855617173,-3.403838155234974,-4.894196825196316
grw_step_a2_carry_jump,54+55,T−60m,earliest,droplast,model + price WITH model,132,86,128,5.42007494076029,-0.05435821841794692,-0.30205706806201893,0.1964384316835687,0.678,-0.7084264629809892,43.93939393939394,35.3843537414966,52.2396540027137,-0.25545454545454555,-34.24136442652329,37.87153846153844,0.514,-2.365909090909094,-35.47551008064516,34.875659340659325,0.553,29.545454545454547,5.821287878787879,-0.41309822971535226,-0.013917739411261166,-2.1539481259672852,-3.5568902848161175,-0.9519079957491888,-4.322230620446728,-5.733658216223157,-3.1427775914950784,-3.253076322793005
grw_step_a2_carry_jump,54+55,T−60m,earliest,droplast,model + price AGAINST model,381,155,343,5.765449216333221,0.038073801753973346,-0.1194914710911232,0.20582698587145973,0.294,-0.4436095318566834,48.29396325459317,43.66490989707741,53.08990442054958,2.483622047244092,-18.981774031768342,27.38765639720959,0.437,0.1578740157480263,-20.77063688329511,24.427272683708846,0.504,23.62204724409449,6.5135170603674535,0.4484005502838672,0.20848078497355194,-1.9694192873061191,-2.9066683873964783,-0.9854212960831643,-4.258133920480274,-5.185737364920635,-3.300300859522739,-4.0129345650673205
grw_step_a2_carry_jump,54+55,T−60m,earliest,droplast,model + flat price,30,28,30,4.622291934238291,0.4640394723229488,0.003263234039040253,0.8254811280523935,0.024,1.7858640879971557,66.66666666666666,48.275862068965516,82.14810924369748,79.12466666666667,-41.468862068965514,262.90289047619035,0.161,74.66166666666668,-42.646673197492156,253.21508333333318,0.17,33.33333333333333,6.166333333333333,2.168759758300116,0.980046765672914,0.2453008548054995,-1.90023203931593,2.043067192440156,-2.0655439949819883,-4.202536768543739,-0.27494023102421944,0.23372933257112619
grw_step_a2_carry_jump,54+55,T−60m,earliest,droplast,market only: price shortened (no model),621,174,453,-1.8331987623198123,-0.08462692161467925,-0.20009129692036995,0.019824401076822425,0.941,-0.42678682000636814,49.59742351046699,45.97546202389002,52.942606540184954,2.1758454106280176,-9.201889171847604,13.074162208395562,0.353,0.7681159420289841,-10.391667872230196,11.509238142243646,0.45,40.09661835748793,3.647504025764895,-1.4983885393926928,0.3838841662738764,-1.6406241284152836,-2.015204011845487,-1.2871412821609796,-3.4613800910286576,-3.8494445368830683,-3.121874801021847,-8.814835973439088
grw_step_a2_carry_jump,54+55,T−60m,earliest,gap15,model edge ≥ 2 (all),543,173,469,5.618332968011902,0.03913815434030076,-0.10542590230964752,0.17652820064362174,0.289,-0.3848095803148661,48.25046040515654,44.36312209688122,52.52177976432344,6.127403314917126,-13.135427175098586,27.43486295871559,0.293,3.8488950276243057,-14.907589021030851,24.662674646406717,0.363,25.59852670349908,6.326058931860036,0.5505832237330903,0.5805846423428412,-1.8919168976927223,-2.65867449808627,-1.1333810500032957,-4.1525778737595065,-4.907749855617173,-3.403838155234974,-4.894196825196316
grw_step_a2_carry_jump,54+55,T−60m,earliest,gap15,model + price WITH model,136,85,131,5.545978461258199,-0.007411945652049018,-0.26206252340024566,0.25341623915281236,0.536,-0.34037409373574107,44.11764705882353,35.8182302771855,52.459597721195216,28.46058823529412,-13.968977883675462,79.29871706440012,0.12,25.555882352941172,-15.675239797165206,75.0359435272965,0.135,31.61764705882353,5.95404411764706,-0.055960231320183414,1.1657117536371935,-1.7975869189807505,-3.1688732421847634,-0.5389566713816419,-3.9834061568482637,-5.3362914496159375,-2.783146168949627,-2.772550923227697
grw_step_a2_carry_jump,54+55,T−60m,earliest,gap15,model + price AGAINST model,379,157,343,5.734401225438635,0.0280549246769343,-0.13461393903848715,0.2054793010019917,0.35,-0.5082088758695322,47.75725593667546,42.85624325296869,52.882518796992485,-2.2920844327176817,-25.085235674488594,21.976635359116024,0.597,-4.4835092348284995,-26.729727723778925,19.199578635449182,0.658,22.95514511873351,6.473245382585751,0.3263983826173861,-0.19160740378637484,-2.0299372612794877,-2.943901189782734,-1.1637050248196492,-4.312529839394423,-5.2276795052086715,-3.4568145745915437,-4.374220016053529
grw_step_a2_carry_jump,54+55,T−60m,earliest,gap15,model + flat price,28,26,28,4.398702373503784,0.41525807010371035,-0.18343390332133466,0.8995342007799726,0.087,1.069658521130046,75.0,57.14285714285714,89.28571428571429,10.29785714285714,-52.0525119047619,78.41411111111111,0.392,7.905357142857142,-53.08241071428572,74.31583333333333,0.422,32.142857142857146,6.140714285714286,1.455263706942584,0.30438455625164157,-0.4818868728871507,-3.1698208295235824,1.765897647810411,-2.8092049639129475,-5.479404478189048,-0.5647930278056906,-0.3866057203784423
grw_step_a2_carry_jump,54+55,T−60m,earliest,gap15,market only: price shortened (no model),627,170,450,-1.773963563763117,-0.11123272468480278,-0.22882793341948246,0.007957396662502031,0.961,-0.48244110747828145,48.165869218500795,44.9610263370259,51.4734219269103,10.230047846889951,-1.2673188801884703,22.46700829832711,0.04,8.670813397129184,-2.5802070621684403,20.620353224015243,0.071,40.98883572567783,3.6812280701754387,-1.834684138710287,1.6684173869907533,-1.6996165607491354,-2.0655601428346784,-1.3244210628173438,-3.525379740655416,-3.89718345818392,-3.1561796823089554,-8.936342684704897
grw_step_a2_carry_jump,54+55,T−60m,T−3h,droplast,model edge ≥ 2 (all),543,173,469,5.618332968011902,0.03913815434030076,-0.10542590230964752,0.17652820064362174,0.289,-0.3848095803148661,48.25046040515654,44.36312209688122,52.52177976432344,6.127403314917126,-13.135427175098586,27.43486295871559,0.293,3.8488950276243057,-14.907589021030851,24.662674646406717,0.363,25.59852670349908,6.326058931860036,0.5505832237330903,0.5805846423428412,-1.8919168976927223,-2.65867449808627,-1.1333810500032957,-4.1525778737595065,-4.907749855617173,-3.403838155234974,-4.894196825196316
grw_step_a2_carry_jump,54+55,T−60m,T−3h,droplast,model + price WITH model,193,117,185,5.698467446511679,0.07236758788016594,-0.15150774751457868,0.30248694459990394,0.247,0.09295814558510292,51.813471502590666,44.03931560667312,58.640166173457764,4.170466321243527,-31.11081338609577,44.42132237698018,0.427,1.838082901554402,-32.552906749985766,41.15496183133083,0.475,25.906735751295333,5.405751295336788,0.6155122666583575,0.21848922298402867,-1.3798232623357576,-2.4696893266772677,-0.33793120081871625,-3.588995374217049,-4.65693222045543,-2.577219014307499,-2.5398148579711743
grw_step_a2_carry_jump,54+55,T−60m,T−3h,droplast,model + price AGAINST model,297,140,274,5.666251304043091,0.010733026978567371,-0.1637370195424155,0.1881405200430451,0.436,-0.6372476803055013,46.801346801346796,41.43811154598826,52.0,3.5518518518518483,-20.110589905993738,27.451992397626793,0.398,1.2786195286195245,-21.883134351960912,24.578292563401565,0.464,25.925925925925924,6.483164983164984,0.11835297949429319,0.28839217307910986,-2.1492059562751225,-3.059886287432107,-1.20522197155801,-4.417143370229556,-5.317381465156184,-3.487663507731865,-4.489559476281017
grw_step_a2_carry_jump,54+55,T−60m,T−3h,droplast,model + flat price,53,42,51,5.057999002885109,0.07730876100522248,-0.27180609848859666,0.4383166558338962,0.355,-0.7099993048710042,43.39622641509434,29.40922920892495,56.00350877192983,26.96528301886793,-50.907438679245274,124.49068099231303,0.31,23.771698113207542,-52.00220518867925,118.43527166317251,0.333,22.641509433962266,8.796981132075471,0.4228400283488741,0.5938059533580482,-2.314921071747839,-4.620347865724609,-0.056015155424905615,-4.722303722063093,-6.98435914824732,-2.4979127862595982,-1.969736890160306
grw_step_a2_carry_jump,54+55,T−60m,T−3h,droplast,market only: price shortened (no model),645,171,460,-0.7374046805510582,0.021669499818620416,-0.08678421292542893,0.13282343053741044,0.339,-0.016216424624488524,54.10852713178295,50.40091197550864,57.62227070249744,-4.751720930232557,-16.894180821933436,9.707493454491175,0.785,-6.144418604651165,-18.00810964722124,7.968651902820675,0.838,34.883720930232556,3.8772248062015504,0.38017195908970036,-0.72710209321077,-1.2714995734951642,-1.6413045771324974,-0.8965969513566333,-3.154424296801178,-3.5390354503476678,-2.7801738287913356,-6.431292762280353
grw_step_a2_carry_jump,54+55,T−60m,T−3h,gap15,model edge ≥ 2 (all),543,173,469,5.618332968011902,0.03913815434030076,-0.10542590230964752,0.17652820064362174,0.289,-0.3848095803148661,48.25046040515654,44.36312209688122,52.52177976432344,6.127403314917126,-13.135427175098586,27.43486295871559,0.293,3.8488950276243057,-14.907589021030851,24.662674646406717,0.363,25.59852670349908,6.326058931860036,0.5505832237330903,0.5805846423428412,-1.8919168976927223,-2.65867449808627,-1.1333810500032957,-4.1525778737595065,-4.907749855617173,-3.403838155234974,-4.894196825196316
grw_step_a2_carry_jump,54+55,T−60m,T−3h,gap15,model + price WITH model,191,108,182,5.826540100030528,0.02583566995975319,-0.21473436345810873,0.273437793489636,0.433,-0.11890895129590176,48.69109947643979,41.56906140052208,55.34244929347303,22.527539267015708,-14.76092517662171,69.26589890859874,0.156,19.706282722513084,-16.629095215157356,65.11630482203536,0.188,27.225130890052355,5.773560209424084,0.21603461019443168,1.015574810173984,-1.5939257899736283,-2.8010241563717537,-0.4495093222462842,-3.8064510479902185,-4.998352251717457,-2.6827169684546748,-2.6801630934184932
grw_step_a2_carry_jump,54+55,T−60m,T−3h,gap15,model + price AGAINST model,290,137,272,5.566401705226571,0.015651024350866884,-0.1655532287765244,0.20926914360644575,0.42,-0.6399739842991524,47.58620689655172,42.321392614071115,53.12525783828382,-6.460206896551726,-26.775724705882354,15.971039939002246,0.713,-8.510862068965519,-28.415723529411764,13.348895293958995,0.781,25.517241379310345,6.113689655172413,0.16312800198946392,-0.5886715652128436,-2.1466960797919477,-3.159131324634649,-1.1629009650153346,-4.406779223031141,-5.407196966886837,-3.4352577134941584,-4.1714719044005095
grw_step_a2_carry_jump,54+55,T−60m,T−3h,gap15,model + flat price,62,54,61,5.2198249678859066,0.18997754488256555,-0.10685459005017714,0.5075008610383444,0.125,-0.010444144624205176,50.0,37.28813559322034,61.66666666666667,13.73645161290322,-47.38946491228071,89.05099700460826,0.391,10.945967741935481,-48.571688596491235,84.20025172811056,0.421,20.967741935483872,9.021451612903224,1.1929679847215775,0.3733825694881362,-1.618212684234201,-3.4046815509413695,0.19390542127216429,-4.0298654936491936,-5.7983876516043,-2.2544625614629155,-1.725274476343773
grw_step_a2_carry_jump,54+55,T−60m,T−3h,gap15,market only: price shortened (no model),633,168,446,-0.7389956511954132,-0.06534065422366568,-0.17578646619938884,0.03643848970680104,0.881,-0.29700072697410074,49.28909952606635,45.629239766081874,52.739303117281885,3.997788309636651,-8.760907197549773,20.95506112741175,0.314,2.458925750394944,-9.885514548238897,18.919111453429334,0.382,37.2827804107425,3.951532385466035,-1.1937002608243743,0.539563046915473,-1.5413443056077512,-1.9389394570585825,-1.1337723262541255,-3.4078596735582285,-3.806596000498373,-3.0016791357757473,-7.492401128022063
grw_step_a2_carry_jump,54+55,T−25m,T−60m,droplast,model edge ≥ 2 (all),578,171,495,5.78038795639116,0.01981615333679129,-0.032954167119287656,0.06726464144798178,0.216,0.0788624535389305,52.94117647058824,48.70332422586521,57.42762764260071,7.003183391003458,-11.60788161599099,25.54990530597485,0.239,4.69826989619377,-13.35658854166667,22.786329182861774,0.313,24.91349480968858,6.604792387543253,0.7834705645383946,0.7004058813951494,-1.445712984605683,-1.7778261858775393,-1.1357238404635042,-3.732576141822602,-4.063832236232844,-3.4121212913836843,-8.833380642125807
grw_step_a2_carry_jump,54+55,T−25m,T−60m,droplast,model + price WITH model,208,111,200,5.539451407059074,0.07662681493098013,-0.026758411320195657,0.17404517139411782,0.075,0.33336942866838537,59.61538461538461,51.904312668463625,66.84292208427021,-10.253653846153847,-31.61198047063072,14.052996996002832,0.788,-12.20625,-33.03960677961001,11.55673566664213,0.841,24.03846153846154,5.327596153846154,1.4703918019555124,-0.8685319684074863,-1.1589323901862305,-1.8003587821734022,-0.6135265418122142,-3.397385118468154,-4.007508344549406,-2.8543329009920413,-3.8393123451197115
grw_step_a2_carry_jump,54+55,T−25m,T−60m,droplast,model + price AGAINST model,309,143,283,6.031388249853427,-0.053778103082224714,-0.11552028382969692,0.001643620262837512,0.972,-0.2725034640213724,45.9546925566343,40.23905738535964,51.35954230634853,21.202071197411,-5.816870588235297,52.43576014636076,0.069,18.40323624595469,-7.901398190045251,48.84600093947785,0.098,27.184466019417474,7.290453074433657,-1.7382822551944297,1.3862098662526852,-1.8028333971468218,-2.154290441005619,-1.4530267580041454,-4.098328296834996,-4.441860227800596,-3.7526071276700104,-10.00482513676424
grw_step_a2_carry_jump,54+55,T−25m,T−60m,droplast,model + flat price,61,48,60,5.330481588870404,0.19889824549883495,0.05037631910838331,0.36398990401890263,0.005,0.9909053666406845,65.57377049180327,52.63157894736842,77.58620689655173,-6.940983606557383,-72.67769677419355,82.38927976190475,0.599,-9.237704918032794,-73.27956451612904,77.75829861111113,0.617,16.39344262295082,7.486557377049181,2.4461505858344825,-0.17212886028667515,-0.6145680036882077,-1.481139531142988,0.19692039188417865,-3.022778059181545,-3.88987354338379,-2.2259360808513744,-1.3819319562610863
grw_step_a2_carry_jump,54+55,T−25m,T−60m,droplast,market only: price shortened (no model),686,175,489,-0.7847549703707611,0.07226404278859841,0.022830439628639218,0.12331808885309731,0.003,0.23596057719148805,57.5801749271137,53.39345894607842,61.60781299587433,-8.156122448979593,-17.737859750691925,1.7720296986034465,0.952,-9.481413994169095,-18.91013247870179,0.2269479138142287,0.971,33.52769679300292,3.7969096209912543,2.8336180860644715,-1.6742672398001106,-1.0366796393196984,-1.274293836741213,-0.8226403351757673,-2.945639964086478,-3.1868064663209488,-2.7248017382992558,-8.978652575752418
grw_step_a2_carry_jump,54+55,T−25m,T−60m,gap15,model edge ≥ 2 (all),578,171,495,5.78038795639116,0.01981615333679129,-0.032954167119287656,0.06726464144798178,0.216,0.0788624535389305,52.94117647058824,48.70332422586521,57.42762764260071,7.003183391003458,-11.60788161599099,25.54990530597485,0.239,4.69826989619377,-13.35658854166667,22.786329182861774,0.313,24.91349480968858,6.604792387543253,0.7834705645383946,0.7004058813951494,-1.445712984605683,-1.7778261858775393,-1.1357238404635042,-3.732576141822602,-4.063832236232844,-3.4121212913836843,-8.833380642125807
grw_step_a2_carry_jump,54+55,T−25m,T−60m,gap15,model + price WITH model,206,117,199,5.364945569599627,0.023762258985392335,-0.06566320599308859,0.10852137480810584,0.3,0.2484055556855402,57.76699029126213,50.76123000790756,64.90384615384616,-8.685825242718451,-29.567933527755436,16.360975414691932,0.754,-10.697572815533986,-31.124482351166538,13.770899733412314,0.802,23.78640776699029,5.535388349514563,0.546364997017896,-0.7118222882956896,-1.2496651523193956,-1.6721163060354736,-0.8472406734120946,-3.496771214326798,-3.918657463117279,-3.113398958111268,-5.920061478960886
grw_step_a2_carry_jump,54+55,T−25m,T−60m,gap15,model + price AGAINST model,317,136,294,5.97944914509495,-0.009795631564200297,-0.07515989812499237,0.057884326163051864,0.641,-0.1666135155337615,48.580441640378545,42.331026612785024,54.46480481727575,24.787634069400628,-3.9771099211012264,56.5162073095823,0.046,21.871293375394316,-6.169000776397521,52.72018849815724,0.067,27.129337539432175,7.255678233438486,-0.302779978116474,1.5872244727741018,-1.6960146940399565,-2.0904384759759966,-1.3151618301777663,-3.990116461799249,-4.382654119014381,-3.600871480298572,-8.255661548730794
grw_step_a2_carry_jump,54+55,T−25m,T−60m,gap15,model + flat price,55,48,55,6.1890922265721535,0.17570775424592794,0.0241719378255067,0.34271395459951143,0.015,0.8586806926996897,60.0,47.27015437392795,73.59713487071976,-37.75454545454546,-72.47119246031745,-0.27478240740740906,0.976,-39.15909090909091,-73.08730176767678,-2.5819097222222274,0.979,16.363636363636363,6.858727272727272,2.184683349624316,-2.003187636376762,-0.7373531947931417,-1.772701622768357,0.277310685016319,-3.1314040260323877,-4.136639730890347,-2.163158169850724,-1.4279160038556051
grw_step_a2_carry_jump,54+55,T−25m,T−60m,gap15,market only: price shortened (no model),664,173,478,-0.8019042262467313,0.012684264862943535,-0.03687017972498458,0.06026576572669373,0.315,0.10101612608246194,53.6144578313253,49.70386974988202,57.40942028985506,-8.033704819277107,-18.105616395317742,1.9961132305194798,0.932,-9.369653614457834,-19.258145674792992,0.5052917207792174,0.963,33.28313253012048,3.951852409638554,0.516444441512321,-1.4999609384419914,-1.1745723829387853,-1.3572957184175645,-0.999653313738102,-3.087955146470656,-3.268614275211417,-2.9084053411908086,-12.99444682644899
grw_step_a2_carry_jump,56+57,T−6h,earliest,droplast,model edge ≥ 2 (all),174,68,151,6.363039207287464,0.6604062909188999,0.22776127192676443,1.0321319844599526,0.0,2.8362228197987367,59.195402298850574,51.740903975994,66.66666666666666,18.263333333333332,-2.952549326765189,42.92221298701298,0.049,15.839367816091952,-4.925282183908049,39.94948457792207,0.078,32.18390804597701,3.973908045977011,3.2678244681315194,1.5099288037393845,1.3752851150708278,-0.24861495331391492,2.9334535378299655,-0.8161214420210364,-2.3489106017440147,0.7038860507120752,1.698471216595285
grw_step_a2_carry_jump,56+57,T−6h,earliest,droplast,model + price WITH model,55,39,53,5.804062971173299,0.47889856082395077,-0.3571695578556642,1.4087702704576437,0.135,1.9128654223207453,56.36363636363636,43.39622641509434,69.49152542372882,25.064000000000004,-14.934135593220338,70.46521004784688,0.107,22.459999999999994,-16.75991525423729,66.65007057416265,0.127,38.18181818181819,3.4925454545454553,1.0837491411020115,1.155617261912257,0.5258925936545032,-2.3950577714980623,4.154472218739606,-1.5545666493448604,-4.383059219733757,1.9764261777708503,0.31665085307120105
grw_step_a2_carry_jump,56+57,T−6h,earliest,droplast,model + price AGAINST model,97,56,90,6.7916039573877605,0.8213117285804068,0.36690989195834667,1.2242042228694097,0.0,3.0242358928295014,60.824742268041234,51.08582427536233,70.0,18.149484536082475,-12.511330952380948,55.39202563314481,0.138,15.605670103092777,-14.40493452380952,51.95950900540938,0.17,30.927835051546392,3.8909278350515444,3.8303308583759925,1.0475090531961953,1.546339612520339,-0.1182127966533355,3.23942944851355,-0.6705048079434005,-2.2741457242273437,0.9483858335686711,1.8380053449250962
grw_step_a2_carry_jump,56+57,T−6h,earliest,droplast,model + flat price,22,19,20,5.870898853948824,0.4047289137396283,-0.4189844127448528,1.2481831279292523,0.165,4.315649582403536,59.09090909090909,38.095238095238095,79.16666666666666,1.1272727272727243,-75.75217391304349,103.31149350649349,0.507,-1.272727272727282,-76.22826086956522,98.25600649350645,0.546,22.727272727272727,5.543181818181819,0.955660258211758,0.024438895041088374,2.7445715889478826,-1.7379550436523044,7.583101049945466,0.38795459876440136,-3.904134059871714,4.970426921103933,1.1424350220008517
grw_step_a2_carry_jump,56+57,T−6h,earliest,droplast,market only: price shortened (no model),206,72,147,-1.194619090730347,-0.2736467590172231,-0.6414844978796885,0.07300317190899581,0.939,-0.37454656141924025,47.57281553398058,41.43543620711807,53.81250364665382,5.43388349514563,-10.66752702020202,21.302816849247662,0.261,3.994902912621357,-11.85511179207809,19.5024494341284,0.307,37.37864077669903,3.055825242718447,-1.4694435292669696,0.6792057835208121,-1.642917552213212,-2.7764777005659504,-0.4467041636276745,-3.5454740384041705,-4.675953773414216,-2.346969888654883,-2.7690953417904076
grw_step_a2_carry_jump,56+57,T−6h,earliest,gap15,model edge ≥ 2 (all),174,68,151,6.363039207287464,0.6604062909188999,0.22776127192676443,1.0321319844599526,0.0,2.8362228197987367,59.195402298850574,51.740903975994,66.66666666666666,18.263333333333332,-2.952549326765189,42.92221298701298,0.049,15.839367816091952,-4.925282183908049,39.94948457792207,0.078,32.18390804597701,3.973908045977011,3.2678244681315194,1.5099288037393845,1.3752851150708278,-0.24861495331391492,2.9334535378299655,-0.8161214420210364,-2.3489106017440147,0.7038860507120752,1.698471216595285
grw_step_a2_carry_jump,56+57,T−6h,earliest,gap15,model + price WITH model,55,40,53,5.9688347275691065,0.457463420402773,-0.3439428106411165,1.3259783975833381,0.142,1.8605918775212518,56.36363636363636,43.097290640394085,69.49530871670702,17.900363636363636,-20.59397946859903,64.2874696969697,0.194,15.459999999999994,-22.127923711755233,60.64530769230768,0.211,36.36363636363637,3.528909090909091,1.0590233330499919,0.8272699116079311,0.4712055139122727,-2.5609658813422245,3.888439198954047,-1.6128740315011958,-4.5310134558206485,1.6943154364009458,0.2891288120910429
grw_step_a2_carry_jump,56+57,T−6h,earliest,gap15,model + price AGAINST model,97,56,89,6.698176672833438,0.8334656741800439,0.38609940577559754,1.2330399200025364,0.0,3.053875531633337,60.824742268041234,51.0852928127773,69.90533980582524,22.2319587628866,-7.855646714671469,58.44123469387754,0.088,19.62628865979381,-9.840410666066614,55.08216836734692,0.109,31.958762886597935,3.870309278350514,3.8936655346675573,1.3022683359096408,1.5773477505185112,-0.05300310507949601,3.2681818131801994,-0.6374439211537258,-2.199762420883876,0.9907869631168772,1.8716832269682862
grw_step_a2_carry_jump,56+57,T−6h,earliest,gap15,model + flat price,22,19,20,5.870898853948824,0.4047289137396283,-0.4189844127448528,1.2481831279292523,0.165,4.315649582403536,59.09090909090909,38.095238095238095,79.16666666666666,1.1272727272727243,-75.75217391304349,103.31149350649349,0.507,-1.272727272727282,-76.22826086956522,98.25600649350645,0.546,22.727272727272727,5.543181818181819,0.955660258211758,0.024438895041088374,2.7445715889478826,-1.7379550436523044,7.583101049945466,0.38795459876440136,-3.904134059871714,4.970426921103933,1.1424350220008517
grw_step_a2_carry_jump,56+57,T−6h,earliest,gap15,market only: price shortened (no model),205,72,145,-1.0813906868505658,-0.295439342112123,-0.6600339488913022,0.06398330721742844,0.945,-0.41819413519575915,47.3170731707317,40.9572175348496,53.847150259067355,4.026243902439024,-11.306631187888922,19.898404749103936,0.3,2.624146341463409,-12.453672194922195,18.21928725038402,0.358,37.073170731707314,3.071268292682927,-1.558472168934214,0.5108482849546067,-1.6885439125746826,-2.8251499468393337,-0.4803102796852088,-3.594068578643068,-4.694643716434682,-2.389639987536173,-2.7940193927500783
grw_step_a2_carry_jump,56+57,T−6h,T−12h,droplast,model edge ≥ 2 (all),153,65,132,6.53977165879021,0.6508469344983417,0.19948987142348418,1.0760827599275193,0.002,2.703385954993024,58.16993464052288,49.72612152743693,65.69353675097605,8.980392156862743,-12.261655736684917,34.08220022334353,0.24,6.7647058823529385,-14.070205075322816,31.321842790966986,0.303,30.065359477124183,3.8741176470588243,2.901179915144363,0.742097100130543,1.2370608911857408,-0.4767503655507084,3.006154785572647,-0.9624267045251846,-2.6467842657120926,0.7438447038771717,1.4267857356803517
grw_step_a2_carry_jump,56+57,T−6h,T−12h,droplast,model + price WITH model,54,37,51,6.202332601936446,0.6427973264992666,-0.09464981887956436,1.320115932546141,0.046,2.7902875687102586,61.111111111111114,44.63789682539683,75.0,13.02111111111111,-26.530316363044893,62.70553241800152,0.283,10.524999999999991,-28.20014150943397,59.11955186880243,0.314,29.629629629629626,3.9161111111111118,1.771345613780091,0.5461171002650911,1.2943770040645646,-1.680741042245864,3.8484732168224554,-0.9494888429039778,-3.8374335170412825,1.5693382455297813,0.8997626724008759
grw_step_a2_carry_jump,56+57,T−6h,T−12h,droplast,model + price AGAINST model,67,48,65,7.281633470287201,0.5210535349574584,-0.11248591879881623,1.1525246238229143,0.054,1.7278933761794892,50.74626865671642,38.35120764239365,62.903225806451616,-3.6116417910447804,-40.221040811567164,34.7754261392729,0.594,-5.648507462686568,-41.43103603078358,31.836597222222206,0.629,28.35820895522388,3.6841791044776118,1.5820537866792252,-0.1845114459203282,0.3166772559207348,-2.0182546204277245,2.6249871802076252,-1.8001469244673953,-4.057396224026991,0.44497232181323726,0.26607683356892736
grw_step_a2_carry_jump,56+57,T−6h,T−12h,droplast,model + flat price,32,23,29,5.555926899409116,0.9361855782855059,-0.08291436556902741,1.7442848912385518,0.034,4.599177068736031,68.75,53.125,81.8262987012987,28.088750000000008,-40.54778005865102,101.84129393939394,0.246,25.315625000000004,-41.807793255131976,96.8934621212121,0.265,34.375,4.2009375,2.0255120079537083,0.7437118161476307,3.0673931870388307,-0.6752477695983871,6.391268485101294,0.7697173644930326,-2.764716034229146,3.9666465644356923,1.6928570177428333
grw_step_a2_carry_jump,56+57,T−6h,T−12h,droplast,market only: price shortened (no model),201,68,134,-0.41815187522703223,-0.053093504939630394,-0.3982359477777817,0.2872211256615326,0.644,0.14775354972047258,51.243781094527364,43.29722401202749,58.85649671052631,7.597412935323381,-8.67933890195659,23.375625386224268,0.173,6.0905472636815885,-9.949264627659577,21.531827999477105,0.218,34.82587064676617,3.3269651741293527,-0.30528664086407303,0.9429743316292402,-1.1954026190752869,-2.3841655238133828,-0.05073698552496927,-3.210136872268927,-4.373807573313973,-2.0869220187315003,-2.0535384364314577
grw_step_a2_carry_jump,56+57,T−6h,T−12h,gap15,model edge ≥ 2 (all),153,65,132,6.53977165879021,0.6508469344983417,0.19948987142348418,1.0760827599275193,0.002,2.703385954993024,58.16993464052288,49.72612152743693,65.69353675097605,8.980392156862743,-12.261655736684917,34.08220022334353,0.24,6.7647058823529385,-14.070205075322816,31.321842790966986,0.303,30.065359477124183,3.8741176470588243,2.901179915144363,0.742097100130543,1.2370608911857408,-0.4767503655507084,3.006154785572647,-0.9624267045251846,-2.6467842657120926,0.7438447038771717,1.4267857356803517
grw_step_a2_carry_jump,56+57,T−6h,T−12h,gap15,model + price WITH model,55,36,52,6.397536622022366,0.6656333385130554,-0.04791794964273352,1.2894734015592044,0.035,2.8126282861405105,61.81818181818181,47.16913746630728,75.86366538952744,3.802545454545452,-37.751277419354835,51.535893980848144,0.416,1.515454545454541,-39.09936656891495,48.190678294573644,0.457,27.27272727272727,3.922,1.86100599692511,0.171722644313514,1.319984922586341,-1.4246967897464935,3.8358900544126984,-0.9189801227449149,-3.6264037036047454,1.537086472829567,0.9380007502078898
grw_step_a2_carry_jump,56+57,T−6h,T−12h,gap15,model + price AGAINST model,65,47,62,7.249542355084833,0.6455291487799623,0.001539190128738134,1.2393383122319186,0.025,2.12167845573035,52.307692307692314,40.0,64.40677966101694,5.446461538461534,-34.491070107858235,48.81783787878785,0.388,3.2546153846153825,-35.92663135593221,45.59266287878783,0.435,30.76923076923077,3.6513846153846155,2.0180467394408694,0.26651252922967056,0.7076456511373305,-1.6347202648389156,2.98956956487321,-1.4134035557521976,-3.6734905362135026,0.7829809990327524,0.6048863338499532
grw_step_a2_carry_jump,56+57,T−6h,T−12h,gap15,model + flat price,33,24,30,5.378796863732061,0.6366773542221427,-0.31278441940785884,1.4845120020605553,0.096,3.66710290162824,63.63636363636363,46.666666666666664,78.78787878787878,24.20727272727273,-45.872700367647056,100.06406249999999,0.259,21.518181818181823,-46.98859834558824,95.47265624999999,0.284,33.33333333333333,4.233030303030304,1.3593761257462946,0.646334766936239,2.1416417662194878,-1.533518275808633,5.44613589568445,-0.14654993689363827,-3.6439939695325885,3.0419193090904324,1.2070895952284195
grw_step_a2_carry_jump,56+57,T−6h,T−12h,gap15,market only: price shortened (no model),196,68,133,-0.17813903014684748,-0.00016710985517317918,-0.35032245160849634,0.3506299553569738,0.515,0.2892812039489991,52.55102040816326,44.77322127227938,59.799118139718196,4.46581632653061,-11.394677156809552,19.768227794117635,0.305,2.9910714285714253,-12.601198453608252,18.044420487967912,0.383,33.6734693877551,3.3471938775510206,-0.000964937142196989,0.5601916481772165,-1.0596818776474135,-2.1861349790373157,0.04080486721517821,-3.0831265000420345,-4.181591215892989,-2.018690293837075,-1.8316646252433377
grw_step_a2_carry_jump,56+57,T−3h,earliest,droplast,model edge ≥ 2 (all),257,80,231,6.024171069044464,0.4314727501542239,0.022998272298783852,0.804733494455011,0.017,1.8963317456504774,59.143968871595334,52.69179389312978,65.40185545435789,24.3663813229572,3.7873920273617188,47.35561807245723,0.009,21.85758754863813,1.7988620876883346,44.333227297539395,0.013,36.964980544747085,3.791089494163424,2.137064101328574,2.1624324376868964,0.47433070032791513,-1.0673134251112182,1.8353752465416775,-1.658670867655929,-3.143818393500993,-0.3158400436551774,0.6476014289458176
grw_step_a2_carry_jump,56+57,T−3h,earliest,droplast,model + price WITH model,84,47,80,5.669243329838825,-0.2504925470197931,-1.0587678790637889,0.43718963264092336,0.743,-0.15575205041235643,51.19047619047619,39.436619718309856,61.368006993006986,-13.327619047619045,-42.72302426739926,15.926202380952367,0.815,-15.033333333333335,-43.82112522893773,13.62606971153845,0.837,30.952380952380953,3.6525,-0.6639437696391807,-0.8659974197379612,-1.5196633564498148,-3.9653046836099666,0.5703089491034249,-3.5655303155060003,-5.9382330393855955,-1.5362027179056086,-1.3132611562996221
grw_step_a2_carry_jump,56+57,T−3h,earliest,droplast,model + price AGAINST model,153,73,143,6.441919367718961,0.7495917618508567,0.2755743776436525,1.2180842834752643,0.0,2.8066011809399414,62.745098039215684,54.85944634703196,70.92312971859987,31.905751633986927,1.5862726720998803,65.54133275795932,0.021,29.068300653594765,-0.5438784246575382,61.81286179406035,0.03,35.947712418300654,3.8826797385620906,3.0498258171615684,1.9235531967980768,1.3544110388604864,-0.4893349026828214,3.2338800967256733,-0.8238741742586965,-2.650376222830742,1.0210649784636598,1.4015290099307738
grw_step_a2_carry_jump,56+57,T−3h,earliest,droplast,model + flat price,20,17,20,4.319093088848275,0.8621165588058555,-0.3493576931287256,2.0361584750252595,0.08,3.5515225091499794,65.0,38.88888888888889,89.47368421052632,124.10499999999999,52.699372222222216,199.73866541353385,0.0,119.3875,49.55836842105263,193.181719924812,0.0,70.0,3.6724999999999994,1.4186946229937303,3.369220221616731,2.116491149020205,-2.402095126782284,6.81363852200649,-0.03605589117446156,-4.5276574899692665,4.49775936738473,0.8964477583933872
grw_step_a2_carry_jump,56+57,T−3h,earliest,droplast,market only: price shortened (no model),348,81,240,-1.5434767733733454,-0.5959780174505129,-0.8613310540056196,-0.3106684039336276,1.0,-1.3944572593966609,40.229885057471265,35.77655269581743,45.18751759076836,-12.31287356321839,-26.013677468019853,1.576461162165537,0.959,-13.454597701149428,-26.928232434294195,0.1972085013440793,0.972,31.60919540229885,3.1654310344827565,-4.362055979968666,-1.716489676453333,-2.670960459568819,-3.425640120840378,-1.8751049703618528,-4.585715259827054,-5.313361615538632,-3.791497320552106,-6.621862801376238
grw_step_a2_carry_jump,56+57,T−3h,earliest,gap15,model edge ≥ 2 (all),257,80,231,6.024171069044464,0.4314727501542239,0.022998272298783852,0.804733494455011,0.017,1.8963317456504774,59.143968871595334,52.69179389312978,65.40185545435789,24.3663813229572,3.7873920273617188,47.35561807245723,0.009,21.85758754863813,1.7988620876883346,44.333227297539395,0.013,36.964980544747085,3.791089494163424,2.137064101328574,2.1624324376868964,0.47433070032791513,-1.0673134251112182,1.8353752465416775,-1.658670867655929,-3.143818393500993,-0.3158400436551774,0.6476014289458176
grw_step_a2_carry_jump,56+57,T−3h,earliest,gap15,model + price WITH model,85,47,81,5.643538866381571,-0.23683114301512084,-1.0361550743288603,0.44245882415030763,0.735,-0.1312050756785644,51.76470588235295,39.993589743589745,61.800428036383096,-11.879529411764706,-41.357621317947164,17.9689846491228,0.792,-13.604705882352942,-42.45164515639235,15.584797149122796,0.822,31.76470588235294,3.634470588235294,-0.6348510793498677,-0.7719614585153489,-1.4917410022774238,-3.917614674946909,0.573348871319694,-3.5325448921757108,-5.85455603559755,-1.5225747105827117,-1.3042494063427221
grw_step_a2_carry_jump,56+57,T−3h,earliest,gap15,model + price AGAINST model,153,73,143,6.441919367718961,0.7495917618508567,0.2755743776436525,1.2180842834752643,0.0,2.8066011809399414,62.745098039215684,54.85944634703196,70.92312971859987,31.905751633986927,1.5862726720998803,65.54133275795932,0.021,29.068300653594765,-0.5438784246575382,61.81286179406035,0.03,35.947712418300654,3.8826797385620906,3.0498258171615684,1.9235531967980768,1.3544110388604864,-0.4893349026828214,3.2338800967256733,-0.8238741742586965,-2.650376222830742,1.0210649784636598,1.4015290099307738
grw_step_a2_carry_jump,56+57,T−3h,earliest,gap15,model + flat price,19,17,19,4.363026202157538,0.8595581254073558,-0.4283697184307227,2.0853805306404825,0.091,3.636826809528401,63.1578947368421,36.84210526315789,88.25163398692808,124.85999999999999,50.275647058823544,201.9338796992481,0.0,120.07105263157894,47.20823529411764,195.34199248120302,0.0,68.42105263157895,3.754210526315789,1.3485638251736847,3.2421145215107523,2.1829519069579306,-2.645552582882652,7.063096756214999,0.002139553102220874,-4.714126953240291,4.733757856078994,0.8813601021331946
grw_step_a2_carry_jump,56+57,T−3h,earliest,gap15,market only: price shortened (no model),353,82,243,-1.53725238119141,-0.6031762036399758,-0.8677233040347744,-0.3391784687973742,1.0,-1.4015759985458687,40.50991501416431,35.64926560390821,45.029571094876,-12.200339943342778,-25.77227721663865,1.551952406720653,0.954,-13.33371104815864,-26.68909212597017,0.2116581491712686,0.97,31.728045325779036,3.162662889518411,-4.443034925372184,-1.7229838002985947,-2.6772250786753196,-3.4487680106873775,-1.9053899520442905,-4.590698698869494,-5.3469812326651915,-3.8389208959818903,-6.731978827352659
grw_step_a2_carry_jump,56+57,T−3h,T−6h,droplast,model edge ≥ 2 (all),250,80,225,6.035752247411804,0.4834389575926955,0.07567758599113295,0.8500422774417044,0.01,2.0926532539139253,60.4,53.81679389312977,66.29444488438389,24.657440000000005,2.6349600254817624,49.00477731146694,0.009,22.151599999999995,0.6247739820565857,45.962676104080565,0.022,37.2,3.779159999999999,2.4011630703292717,2.0985539563839986,0.6702528798315359,-0.840357566226896,2.020261505065785,-1.463347681292048,-2.9175718814517113,-0.16739199356750617,0.9204060305819427
grw_step_a2_carry_jump,56+57,T−3h,T−6h,droplast,model + price WITH model,101,57,96,5.81887643395981,-0.04187560469685681,-0.6310941979603957,0.5620450150751799,0.542,0.7283764987195122,54.45544554455446,45.54230423042305,63.8095238095238,7.280990099009899,-17.930891458713738,33.54679084158416,0.278,5.118316831683163,-19.521598701562183,30.87103032178218,0.339,34.65346534653465,3.763564356435644,-0.1381400608143553,0.5445253155733066,-0.6710194825727213,-2.707458397464991,1.405599719789725,-2.7701134545110677,-4.71950821834183,-0.7792233409813015,-0.6641136255727939
grw_step_a2_carry_jump,56+57,T−3h,T−6h,droplast,model + price AGAINST model,103,60,99,6.5767961092377085,0.6021663781102252,0.06340789604834005,1.1452359706875144,0.014,2.23403690980554,63.10679611650486,53.699494949494955,71.42857142857143,40.41320388349515,2.389438776393214,82.24001277894335,0.017,37.363106796116504,0.2571479101765293,78.26470865916457,0.023,38.83495145631068,3.84388349514563,2.224009563060146,1.9663204892929624,0.8045406433500217,-1.1743034858666217,2.7085114136631767,-1.3397037563332568,-3.300269047039872,0.5354814278596531,0.7856835558241961
grw_step_a2_carry_jump,56+57,T−3h,T−6h,droplast,model + flat price,46,32,43,5.300468321120125,1.3710008375478961,0.5969405995437612,2.2365448910540673,0.0,4.771554030387821,67.3913043478261,54.347826086956516,80.0,27.183043478260867,-17.349326086956523,73.25505694444443,0.103,24.620652173913037,-18.960951086956523,69.92316319444443,0.123,39.130434782608695,3.6684782608695645,3.3313417888820185,1.2024443412455328,3.314532639840792,0.6763887281225547,6.350950562308201,1.1290005540202477,-1.4534753427535196,4.091399449454654,2.344801785210334
grw_step_a2_carry_jump,56+57,T−3h,T−6h,droplast,market only: price shortened (no model),344,85,231,-0.4537652895913096,-0.48619269619892236,-0.7228274660305739,-0.25090641029865185,0.999,-1.0246420517787882,40.98837209302326,36.51977436937508,45.45518746789933,-10.547267441860463,-21.980607738240312,1.7262037292817678,0.956,-11.72572674418605,-22.881092073083614,0.38568869947658674,0.972,30.523255813953487,3.2848837209302313,-3.951349234851248,-1.7415516376003943,-2.332036711059135,-3.094270778360276,-1.5851563067095722,-4.293128699979655,-5.029822173447977,-3.572363989185349,-6.045136460603566
grw_step_a2_carry_jump,56+57,T−3h,T−6h,gap15,model edge ≥ 2 (all),250,80,225,6.035752247411804,0.4834389575926955,0.07567758599113295,0.8500422774417044,0.01,2.0926532539139253,60.4,53.81679389312977,66.29444488438389,24.657440000000005,2.6349600254817624,49.00477731146694,0.009,22.151599999999995,0.6247739820565857,45.962676104080565,0.022,37.2,3.779159999999999,2.4011630703292717,2.0985539563839986,0.6702528798315359,-0.840357566226896,2.020261505065785,-1.463347681292048,-2.9175718814517113,-0.16739199356750617,0.9204060305819427
grw_step_a2_carry_jump,56+57,T−3h,T−6h,gap15,model + price WITH model,101,56,96,5.737575325224913,-0.09495126460824696,-0.6928077732280159,0.48060134534146115,0.609,0.5248606525048312,54.45544554455446,45.743920972644375,63.46354166666666,8.970099009900988,-16.751299019607842,34.0768922077922,0.249,6.8163366336633615,-18.427879901960786,31.370942640692622,0.296,36.633663366336634,3.686336633663366,-0.3074771553804719,0.6790062310682532,-0.8554899568956214,-2.736151619657908,0.9412057602704185,-2.926015870996297,-4.7364862358864706,-1.17433118929973,-0.8803454999131333
grw_step_a2_carry_jump,56+57,T−3h,T−6h,gap15,model + price AGAINST model,102,59,97,6.629076657784208,0.6466138667615934,0.03867644653348996,1.2450423995228226,0.014,2.4742960554960773,63.725490196078425,55.10204081632652,72.4792969067143,39.09882352941177,-2.9913990825688073,81.430009375,0.037,36.04117647058822,-5.061639908256889,77.4390078125,0.044,37.254901960784316,3.918235294117647,2.1495225799930378,1.8352891832714417,1.0281417791464915,-1.3157614702164526,3.352476251165113,-1.1410896353778879,-3.422386754366579,1.124443135190873,0.8619979817259882
grw_step_a2_carry_jump,56+57,T−3h,T−6h,gap15,model + flat price,47,31,44,5.388875210877558,1.3722383556154107,0.6987279849840026,2.1484401511959783,0.0,4.633493402444539,65.95744680851064,54.0,78.72647299509,26.687234042553197,-18.357595744680857,73.10740097402596,0.117,24.11170212765957,-20.073175300647545,69.34427353896103,0.128,38.297872340425535,3.676808510638297,3.6281235082664978,1.1620573852145606,3.1722817900297753,0.6298312266599789,5.916815600313455,0.9804643714076307,-1.5167947624404488,3.6444781642356134,2.330399238761275
grw_step_a2_carry_jump,56+57,T−3h,T−6h,gap15,market only: price shortened (no model),342,85,230,-0.43937962937529446,-0.47054368974378086,-0.7084665014886942,-0.2182409278427043,0.999,-1.0030347359679361,41.812865497076025,37.241319736690556,46.1770740210978,-9.875730994152047,-21.12867871923937,3.713513924374039,0.935,-11.06652046783626,-22.1275458731957,2.208053461931521,0.958,30.994152046783626,3.2632163742690046,-3.6471323985864226,-1.5722693729500539,-2.305378859520775,-3.060228055626307,-1.5150439436452086,-4.258895044850032,-4.995073587733257,-3.4875528339878654,-5.85560082542141
grw_step_a2_carry_jump,56+57,T−2h,T−6h,droplast,model edge ≥ 2 (all),276,82,249,6.1772578643809695,0.49744787483739056,0.1046696278098392,0.8607735010503546,0.006,2.037514671391442,58.333333333333336,52.27965435978004,64.0290849512171,21.528260869565216,2.2708787141178437,41.13417889610389,0.014,18.98369565217391,0.16015171227127256,38.08879951298701,0.024,34.42028985507246,3.9167391304347827,2.568744759488814,2.145752200353493,0.5964907819061175,-0.8115489672123015,1.8970856010315509,-1.5650450523218686,-2.9368971050547503,-0.2942485915421943,0.8708346943688982
grw_step_a2_carry_jump,56+57,T−2h,T−6h,droplast,model + price WITH model,109,60,106,6.183281801434748,0.2617355956941743,-0.35480905414849523,0.8431782753942566,0.18,1.4627976491838752,57.798165137614674,48.075980392156865,66.98113207547169,4.351376146788987,-23.9119128440367,35.33709152024445,0.379,2.139908256880728,-25.498620725604674,32.50283957219249,0.43,32.11009174311927,3.7625688073394494,0.8631988110718625,0.2836176673598041,0.04317048360143934,-2.185990291186262,2.1318837697473976,-2.0862702647722133,-4.2503440225435885,-0.07817705677493048,0.03977285370087626
grw_step_a2_carry_jump,56+57,T−2h,T−6h,droplast,model + price AGAINST model,134,64,125,6.275309669217643,0.6524651447429779,0.19837383965621577,1.1664110351822101,0.003,2.682634536192028,61.19402985074627,52.55382555269653,69.57177661169415,22.931791044776112,-4.736723389312977,49.317662168560595,0.052,20.31082089552238,-6.721062671755727,46.09898674242422,0.068,33.582089552238806,3.9058955223880605,2.681933307685212,1.603436105248559,1.2271796899854053,-0.41526109011079937,3.0259685856938514,-0.9560025793245273,-2.557640601153729,0.7913345558497107,1.420312843438159
grw_step_a2_carry_jump,56+57,T−2h,T−6h,droplast,model + flat price,33,28,31,5.7592108647756275,0.6465486099665386,-0.2528945601802189,1.561704633924594,0.082,1.3162447785837483,48.484848484848484,33.33333333333333,64.52087286527514,72.32242424242426,5.964638786764705,139.17931428571427,0.012,68.62424242424242,3.7323598345588223,133.82542857142852,0.015,45.45454545454545,4.47,1.3615460695872665,2.205309293543457,-0.13685470801554186,-3.4912064956026096,2.8224391066822663,-2.31650393791448,-5.594628478486729,0.6039033950124679,-0.08790353183426111
grw_step_a2_carry_jump,56+57,T−2h,T−6h,droplast,market only: price shortened (no model),371,87,256,-0.5588981101600743,-0.45347984173952927,-0.7202098774186944,-0.1908237890179461,1.0,-0.7489067149522131,46.63072776280324,41.94352776173583,51.10095613048369,-10.573099730458217,-21.516435738823162,0.5874282320091918,0.966,-11.727897574123991,-22.484738426031114,-0.8125983803117887,0.98,30.997304582210244,3.194285714285714,-3.3124038221823278,-1.94329413946623,-2.0368971910476588,-2.7585442558415503,-1.3045568558094298,-3.968882905190828,-4.672313867638855,-3.2657850463651616,-5.475645009817557
grw_step_a2_carry_jump,56+57,T−2h,T−6h,gap15,model edge ≥ 2 (all),276,82,249,6.1772578643809695,0.49744787483739056,0.1046696278098392,0.8607735010503546,0.006,2.037514671391442,58.333333333333336,52.27965435978004,64.0290849512171,21.528260869565216,2.2708787141178437,41.13417889610389,0.014,18.98369565217391,0.16015171227127256,38.08879951298701,0.024,34.42028985507246,3.9167391304347827,2.568744759488814,2.145752200353493,0.5964907819061175,-0.8115489672123015,1.8970856010315509,-1.5650450523218686,-2.9368971050547503,-0.2942485915421943,0.8708346943688982
grw_step_a2_carry_jump,56+57,T−2h,T−6h,gap15,model + price WITH model,106,58,103,6.057181209673919,0.23047201059335296,-0.35072351884198893,0.8106701890695908,0.218,1.3891254488930982,57.54716981132076,48.27510586811857,67.25703942075624,3.495283018867922,-25.26698802788442,36.28197089085139,0.424,1.3089622641509402,-26.834542963224894,33.34565967161107,0.474,32.075471698113205,3.743584905660377,0.7702129717244734,0.22133813628717233,-0.025850982272310145,-2.0942452797438587,2.070921224861805,-2.14831562902042,-4.161797762483941,-0.08984050180264815,-0.024188810267818484
grw_step_a2_carry_jump,56+57,T−2h,T−6h,gap15,model + price AGAINST model,136,65,128,6.376344393942456,0.6617045713253151,0.20385052746529736,1.1572752614748942,0.005,2.6944312405706934,61.029411764705884,53.42127793799567,69.06474820143885,21.61367647058823,-6.89197741935484,49.29663404216649,0.076,18.993749999999988,-8.854197635135142,46.100290866054,0.1,33.088235294117645,3.9212500000000006,2.752864948534176,1.4986140291784655,1.2363633242868008,-0.37428515316475863,2.9123354645544017,-0.9507385501390353,-2.534349580808133,0.7152070653480774,1.449718996394158
grw_step_a2_carry_jump,56+57,T−2h,T−6h,gap15,model + flat price,34,28,32,5.755268375515818,0.6727576068229867,-0.2111216712515423,1.5610726195337605,0.07,1.431297147169275,50.0,35.11613175675676,65.71428571428571,77.1129411764706,11.701922916666666,142.7390699013158,0.01,73.31176470588235,9.338317708333332,137.41321001838233,0.012,47.05882352941176,4.438529411764706,1.450656428480789,2.3342498029539693,-0.02275741694269806,-3.254348354285125,2.831694829335034,-2.2038392631106585,-5.395309079275418,0.6220090647560985,-0.014915859670013406
grw_step_a2_carry_jump,56+57,T−2h,T−6h,gap15,market only: price shortened (no model),368,86,251,-0.607012842397778,-0.45387908359954837,-0.7189535475812899,-0.19696643275199835,1.0,-0.7446820749530919,46.73913043478261,42.11730072463768,51.405096308186195,-10.824945652173913,-22.091186128364388,0.4729840371695938,0.969,-11.964538043478266,-23.07249474438605,-0.8074986890163438,0.985,30.978260869565215,3.1971195652173905,-3.3365202150522606,-1.8973168888374452,-2.0346903031184187,-2.7963479204597537,-1.290561012407552,-3.969702645366409,-4.717392216917157,-3.2460681212526343,-5.28642675800459
grw_step_a2_carry_jump,56+57,T−60m,earliest,droplast,model edge ≥ 2 (all),316,89,276,6.192542977743264,0.4983302063313381,0.20255473578589064,0.8196904572964198,0.001,2.3676964034123142,57.91139240506329,52.59104070549788,63.393209215863,26.40481012658228,5.669352879901962,48.36428631731291,0.012,23.74620253164557,3.4745724571078416,45.15931375505035,0.015,33.860759493670884,4.142848101265823,3.07816978832667,2.3456547413629716,0.8917732229843354,-0.47951633781539343,2.379022583481164,-1.3221115476576322,-2.6585964040426346,0.11446011421670406,1.2300528049755626
grw_step_a2_carry_jump,56+57,T−60m,earliest,droplast,model + price WITH model,99,59,97,5.991788512675162,0.07453506720409461,-0.3595984301784914,0.48523046032408546,0.383,0.5400280561933469,50.505050505050505,41.23711340206185,59.001190476190466,12.347474747474749,-20.802937881338103,47.10106235294115,0.243,9.959595959595955,-22.502446481169795,43.93086176470586,0.28,34.34343434343434,3.925959595959596,0.34978874564373513,0.7062810741550865,-0.8752742105113993,-2.449723347680461,0.5248774486455515,-2.998227610568518,-4.533260120169625,-1.6269948704548889,-1.1838323687045238
grw_step_a2_carry_jump,56+57,T−60m,earliest,droplast,model + price AGAINST model,193,77,181,6.386549794573819,0.6535514599765523,0.2222766571614568,1.069229392846236,0.003,2.8824269362831565,61.6580310880829,55.375430629502034,68.6277410372433,41.79564766839378,12.271732328767122,71.77398612134613,0.003,38.64455958549223,9.799715362035224,67.93482713092604,0.004,35.751295336787564,4.240259067357513,3.0265958289905135,2.785430432753216,1.3859601963468804,-0.5136852653150035,3.3176981434149946,-0.8587399135575329,-2.707041947791318,1.0166126069404062,1.4290210548559443
grw_step_a2_carry_jump,56+57,T−60m,earliest,droplast,model + flat price,24,19,24,5.4605169941368,0.9982475738342887,-0.40669966067578944,2.6920432611397844,0.092,5.767536967187534,58.333333333333336,42.30769230769231,77.27272727272727,-40.37666666666667,-90.56345454545455,24.742099999999994,0.901,-41.69166666666667,-90.71318181818181,21.86088636363636,0.908,16.666666666666664,4.254166666666666,1.3000995105856121,-1.3753479758058678,4.206756975363773,-1.4029304766813462,11.867903785989775,1.8655869876281337,-3.572393385148625,9.267507162940186,1.2788179000220083
grw_step_a2_carry_jump,56+57,T−60m,earliest,droplast,market only: price shortened (no model),412,89,297,-1.508404677057176,-0.4000860447313118,-0.6348195051928083,-0.16243895072924905,0.999,-0.7430323855165201,42.23300970873786,38.01836444805195,46.30876752565876,-9.520000000000003,-20.173593017470143,1.1243851731466397,0.954,-10.736893203883495,-21.25397646229544,-0.28012001500187533,0.977,32.5242718446602,3.1461650485436894,-3.293897642064794,-1.707198060159568,-2.014412457085564,-2.5946994846638014,-1.428437328818486,-3.9214825644391276,-4.474493438001227,-3.3560725882087388,-6.761477939137083
grw_step_a2_carry_jump,56+57,T−60m,earliest,gap15,model edge ≥ 2 (all),316,89,276,6.192542977743264,0.4983302063313381,0.20255473578589064,0.8196904572964198,0.001,2.3676964034123142,57.91139240506329,52.59104070549788,63.393209215863,26.40481012658228,5.669352879901962,48.36428631731291,0.012,23.74620253164557,3.4745724571078416,45.15931375505035,0.015,33.860759493670884,4.142848101265823,3.07816978832667,2.3456547413629716,0.8917732229843354,-0.47951633781539343,2.379022583481164,-1.3221115476576322,-2.6585964040426346,0.11446011421670406,1.2300528049755626
grw_step_a2_carry_jump,56+57,T−60m,earliest,gap15,model + price WITH model,99,60,97,5.985519925902198,0.1142625206264438,-0.32171173491038346,0.5102087407977661,0.302,0.6072399790189549,50.505050505050505,40.9512987012987,59.55056179775281,21.949898989898983,-15.17565811373093,59.06342833333333,0.126,19.2989898989899,-16.8980045076283,55.65752529761903,0.156,35.35353535353536,3.981313131313131,0.5349618997229876,1.1494100369278328,-0.815225733687613,-2.414628717826209,0.5845735372809874,-2.9489243027474648,-4.504010422816211,-1.563942177409741,-1.0626418559655135
grw_step_a2_carry_jump,56+57,T−60m,earliest,gap15,model + price AGAINST model,193,77,182,6.389765287270833,0.6331731289464353,0.2062725120673192,1.0298960237854455,0.003,2.8479503541083635,61.6580310880829,55.247120296049204,68.42105263157895,36.85968911917099,8.851789883004425,66.24832273768611,0.005,33.827979274611394,6.522135338907132,62.51836145884469,0.009,35.233160621761655,4.211865284974094,2.9314380001672027,2.455612697680658,1.3551581279243168,-0.5336804921106009,3.2523491192936205,-0.8840302113517521,-2.7251630663719233,0.9737879155113597,1.3992353426455513
grw_step_a2_carry_jump,56+57,T−60m,earliest,gap15,model + flat price,24,19,24,5.4605169941368,0.9982475738342887,-0.40669966067578944,2.6920432611397844,0.092,5.767536967187534,58.333333333333336,42.30769230769231,77.27272727272727,-40.37666666666667,-90.56345454545455,24.742099999999994,0.901,-41.69166666666667,-90.71318181818181,21.86088636363636,0.908,16.666666666666664,4.254166666666666,1.3000995105856121,-1.3753479758058678,4.206756975363773,-1.4029304766813462,11.867903785989775,1.8655869876281337,-3.572393385148625,9.267507162940186,1.2788179000220083
grw_step_a2_carry_jump,56+57,T−60m,earliest,gap15,market only: price shortened (no model),412,89,299,-1.5607676409849702,-0.3665508978969717,-0.5955120907260549,-0.13454032397571022,0.999,-0.6763904982239849,41.99029126213592,37.700329082682025,45.90193489911727,-7.8885436893203895,-18.96292973547473,3.71545343222607,0.912,-9.170388349514564,-20.085763757675956,2.2627402736233484,0.943,32.28155339805826,3.1616747572815536,-3.0298363128423307,-1.3452092397544186,-1.9499128388595026,-2.5198682024730314,-1.3603915455384623,-3.860196349812777,-4.412093890207955,-3.292211355878965,-6.5099076854830535
grw_step_a2_carry_jump,56+57,T−60m,T−3h,droplast,model edge ≥ 2 (all),313,89,273,6.207932937157307,0.5020904407962526,0.20440441735151826,0.824272295711269,0.001,2.385020018524001,58.146964856230035,52.92042253521127,63.63786378637863,26.294952076677315,5.170111105668441,48.12231593176292,0.01,23.64153354632587,2.9839761104688685,44.89629982605414,0.015,33.86581469648562,4.151150159744409,3.080485241095365,2.369819605627692,0.907902441463158,-0.4653088786771356,2.411763101796698,-1.307773924128106,-2.670277721276632,0.1328231567469407,1.2432579211257688
grw_step_a2_carry_jump,56+57,T−60m,T−3h,droplast,model + price WITH model,109,61,102,6.3763312048607155,0.18045495547347334,-0.3632812529245348,0.6574890587458033,0.269,0.8933877633974429,55.04587155963303,44.554230423042306,64.76322751322752,27.172293577981648,-6.21739047619048,62.195293026826114,0.056,24.430733944954127,-8.173666666666668,58.64774096002034,0.07,36.69724770642202,4.001926605504587,0.6746605024038023,1.5725031272512413,-0.5375020123202182,-2.299947804741633,1.162253980319049,-2.6838366758967087,-4.406836297338128,-1.0577661217720284,-0.5985489618016013
grw_step_a2_carry_jump,56+57,T−60m,T−3h,droplast,model + price AGAINST model,145,70,138,6.035851399941536,0.6922354234975564,0.21818888809710948,1.1587180361223195,0.001,3.041383881097262,60.0,52.711138310893524,68.08587727412889,27.33944827586206,-9.292000614250613,71.28414776046736,0.086,24.496896551724134,-11.277336250705815,67.39693829113925,0.102,32.41379310344827,4.255586206896552,2.8591623333273812,1.3082700058051917,1.5511335913887863,-0.37204396138924073,3.7135435684771583,-0.6842418431739262,-2.5903649183888118,1.3953926257533686,1.4613738537394922
grw_step_a2_carry_jump,56+57,T−60m,T−3h,droplast,model + flat price,59,44,52,6.3197365255745055,0.6289929053469963,-0.13202897509445313,1.3523528050954818,0.048,3.5276497767557293,59.32203389830508,46.2962962962963,72.58431085043988,21.768135593220332,-16.166848659003833,64.20743883415433,0.164,19.233898305084747,-17.831968390804597,60.73138157894735,0.191,32.20338983050847,4.1701694915254235,1.6556815199127126,1.0460657142728162,1.9974036062626814,-1.240086086615222,5.510434259276038,-0.2979656494768902,-3.4197420401945964,3.0904702227059873,1.2019592208010665
grw_step_a2_carry_jump,56+57,T−60m,T−3h,droplast,market only: price shortened (no model),370,89,263,-0.4981700143465083,-0.31426195332815654,-0.5668552848462632,-0.07789123789588065,0.994,-0.5222500516848521,45.94594594594595,40.873983455096905,51.11815785337696,10.538648648648646,-2.598509391304347,23.97577909973071,0.05,8.930405405405402,-3.9941060869565224,22.06388798286749,0.08,37.567567567567565,3.274837837837838,-2.5785768703587006,1.5799675571367715,-1.8193023157796,-2.584489194968695,-1.1217264758629433,-3.7648807119217227,-4.5155252415583735,-3.0939952717846513,-4.858116849969718
grw_step_a2_carry_jump,56+57,T−60m,T−3h,gap15,model edge ≥ 2 (all),313,89,273,6.207932937157307,0.5020904407962526,0.20440441735151826,0.824272295711269,0.001,2.385020018524001,58.146964856230035,52.92042253521127,63.63786378637863,26.294952076677315,5.170111105668441,48.12231593176292,0.01,23.64153354632587,2.9839761104688685,44.89629982605414,0.015,33.86581469648562,4.151150159744409,3.080485241095365,2.369819605627692,0.907902441463158,-0.4653088786771356,2.411763101796698,-1.307773924128106,-2.670277721276632,0.1328231567469407,1.2432579211257688
grw_step_a2_carry_jump,56+57,T−60m,T−3h,gap15,model + price WITH model,109,63,102,6.24217412316461,0.10000109249813807,-0.39376967657318496,0.6124114257894867,0.349,0.6858769622514796,52.293577981651374,42.60829307568438,61.949156014421504,31.542201834862386,-2.149492398648647,66.7867144927536,0.033,28.694954128440358,-4.1806777871621605,63.17055434782607,0.04,37.61467889908257,4.010183486238533,0.38277551479597033,1.7663018061936955,-0.7391090903319667,-2.387524443029695,1.0492071708356165,-2.8765881692071362,-4.4932581713902495,-1.1268945478405505,-0.8291924980524604
grw_step_a2_carry_jump,56+57,T−60m,T−3h,gap15,model + price AGAINST model,146,68,139,6.066694456200464,0.7809475431432509,0.32711785403144844,1.2409405035007004,0.001,3.35370361710247,62.328767123287676,54.71099690228104,69.79865771812081,24.84260273972603,-10.57701927437642,67.83675324675323,0.1,22.048287671232867,-12.54297335600907,63.96925574425574,0.118,32.19178082191781,4.241027397260274,3.284556147712996,1.213944467545406,1.8577693085028257,-0.05496806343893255,3.9671078835206313,-0.38613215439664006,-2.2307106870189246,1.6413320762803871,1.76115816793014
grw_step_a2_carry_jump,56+57,T−60m,T−3h,gap15,model + flat price,58,44,51,6.499114470690109,0.5557904756554378,-0.17750611340515932,1.270233459979964,0.063,3.1398267037179357,58.620689655172406,45.614035087719294,72.1311475409836,19.710344827586205,-18.54548830409357,61.56530247493733,0.189,17.20689655172413,-20.30165935672515,58.09606868734335,0.219,31.03448275862069,4.1898275862068965,1.4682473352042906,0.9533851455884015,1.6121040686679353,-1.5886070518332542,5.114716855230697,-0.6794798839070658,-3.814669083234604,2.7443519057453143,0.9560370089705309
grw_step_a2_carry_jump,56+57,T−60m,T−3h,gap15,market only: price shortened (no model),370,89,262,-0.5420188829284444,-0.2827709358101975,-0.5243682283824319,-0.0565197539402573,0.988,-0.46633326007891845,45.94594594594595,41.142454728370225,50.828844383057096,12.338324324324322,-1.540547380346636,26.405049664930992,0.034,10.680945945945945,-2.91420892629989,24.440359002498422,0.056,38.108108108108105,3.2817027027027033,-2.369633360215515,1.745607633537788,-1.7629787635837146,-2.507414966018732,-1.0637391107216585,-3.7079470188409114,-4.438778549123723,-3.0288456175362217,-4.730570435689168
grw_step_a2_carry_jump,56+57,T−25m,T−60m,droplast,model edge ≥ 2 (all),501,96,443,6.444612371843895,0.214812838858511,0.03781734037822929,0.37607901331043514,0.013,0.8072257151416283,53.89221556886228,49.09081689101973,58.21589731388544,6.053333333333334,-9.502898743319971,21.519735656080474,0.207,3.8638722554890155,-11.35951608425184,18.992279494348445,0.297,29.94011976047904,4.135309381237525,2.4733349734743397,0.760923071395888,-0.6259768652634483,-1.3832236290474906,0.026951924853932455,-2.775780735871063,-3.5215740426783166,-2.1338427661396615,-1.7117005780997407
grw_step_a2_carry_jump,56+57,T−25m,T−60m,droplast,model + price WITH model,148,68,143,5.813570522457027,0.3071031828397733,0.04757436954914203,0.5713099010786886,0.016,1.2820668285562973,54.729729729729726,47.16913746630728,62.151785714285715,18.47513513513513,-13.847820376522705,46.787137136627905,0.123,15.944594594594593,-15.66953820598007,43.680181140988374,0.15,35.13513513513514,3.8479054054054056,2.2568889543791246,1.2239007823511123,-0.1514967962427462,-1.0050077190866453,0.7913557097629258,-2.3018422334413104,-3.134160034577144,-1.3918792125506951,-0.32181447705642197
grw_step_a2_carry_jump,56+57,T−25m,T−60m,droplast,model + price AGAINST model,249,86,235,6.962754285613882,0.17317385732164509,-0.07853832680086015,0.4255535446027281,0.093,0.6721365660354784,53.41365461847389,46.56076335877862,59.917648437957915,0.7080321285140542,-19.354689333954358,25.346798523472984,0.48,-1.4528112449799215,-21.01562180136475,22.613650460625934,0.571,28.514056224899598,4.223493975903613,1.3297847150158895,0.06239950810990419,-0.7457190202173428,-1.8173942776073626,0.32965738674128237,-2.8725023995965753,-3.9405862987116618,-1.8129256823347355,-1.3452315129906067
grw_step_a2_carry_jump,56+57,T−25m,T−60m,droplast,model + flat price,104,57,92,6.1020821524259174,0.1831699109109418,-0.1262046762729394,0.5214832232875987,0.141,0.454924881892208,53.84615384615385,43.56321048771544,62.747899159663866,0.9240384615384593,-28.688012412383177,34.673953082295775,0.486,-1.2235576923076983,-30.170315504807693,31.757441922259332,0.545,25.961538461538463,4.333173076923077,1.091720199069011,0.0568285230158461,-1.0145081501821422,-2.2259741380881133,0.290147937604432,-3.2186576982936677,-4.418548844971797,-1.9431858834550981,-1.5507815753395264
grw_step_a2_carry_jump,56+57,T−25m,T−60m,droplast,market only: price shortened (no model),584,93,413,-1.3945593252141069,-0.009547328176461199,-0.14630986473004817,0.12429607173425034,0.574,0.18056850274968822,50.68493150684932,46.82924554058974,54.42491007194244,4.415034246575343,-5.29083909823196,13.733687210200925,0.174,2.92628424657534,-6.659149506792275,12.058786949381757,0.265,36.3013698630137,3.2059760273972606,-0.13782702301943475,0.9324942518484218,-1.1199125387146016,-1.4754532467197015,-0.740888440754086,-3.0706341009110347,-3.4258131408491552,-2.697079011490285,-5.98069000139712
grw_step_a2_carry_jump,56+57,T−25m,T−60m,gap15,model edge ≥ 2 (all),501,96,443,6.444612371843895,0.214812838858511,0.03781734037822929,0.37607901331043514,0.013,0.8072257151416283,53.89221556886228,49.09081689101973,58.21589731388544,6.053333333333334,-9.502898743319971,21.519735656080474,0.207,3.8638722554890155,-11.35951608425184,18.992279494348445,0.297,29.94011976047904,4.135309381237525,2.4733349734743397,0.760923071395888,-0.6259768652634483,-1.3832236290474906,0.026951924853932455,-2.775780735871063,-3.5215740426783166,-2.1338427661396615,-1.7117005780997407
grw_step_a2_carry_jump,56+57,T−25m,T−60m,gap15,model + price WITH model,156,74,152,5.8780214316039645,-0.004572610027052888,-0.2473100570127114,0.23883087411340462,0.501,-0.006190201166730889,46.15384615384615,38.3634525851507,54.4316892186818,-5.405641025641028,-28.968658686163256,18.48359011459659,0.685,-7.398717948717952,-30.4288340790048,15.97487701122814,0.748,29.48717948717949,3.966987179487179,-0.03654605170422521,-0.4379638517365694,-1.4167385451698975,-2.375272382315265,-0.5234615086437033,-3.532561061174646,-4.48373581366172,-2.654053305358849,-3.0223742609876068
grw_step_a2_carry_jump,56+57,T−25m,T−60m,gap15,model + price AGAINST model,183,78,175,6.814449267585043,0.28890206444672967,0.007238218884203009,0.5530982742627877,0.022,0.9935169874249508,57.377049180327866,50.295444778685,64.0005291005291,9.430819672131145,-17.563818988464952,36.809750886844625,0.246,7.11803278688524,-19.282318840579713,33.9069946864478,0.301,31.147540983606557,4.268579234972678,2.0133482159165976,0.688797885659586,-0.4294257334233033,-1.487617815279536,0.6803692823590486,-2.563839814695685,-3.626235805153093,-1.4658496175965834,-0.7476927854734758
grw_step_a2_carry_jump,56+57,T−25m,T−60m,gap15,model + flat price,162,70,148,6.572439746885868,0.34237951628754776,0.0669509492549264,0.6250046198867879,0.009,1.3800749751185166,57.407407407407405,48.31156085014214,65.38461538461539,13.124444444444446,-13.38808965752999,43.57924290450391,0.178,10.662962962962963,-15.229986895161295,40.36344849195438,0.233,29.01234567901235,4.146851851851852,2.353366478948536,0.9199966142196316,-0.08653263724703121,-1.1924379327712065,1.1023179656054596,-2.2864440557953536,-3.385503379081575,-1.1331199609607168,-0.14633511461898555
grw_step_a2_carry_jump,56+57,T−25m,T−60m,gap15,market only: price shortened (no model),502,91,362,-0.4896404005548541,-0.093753531908211,-0.24214194145919413,0.0532251232289924,0.889,-0.20849748539608756,48.007968127490045,43.693123503250085,52.23061549853416,-2.9809960159362565,-15.10172874511507,7.89164418540049,0.707,-4.36284860557769,-16.261213925929027,6.384162324649289,0.784,33.66533864541832,3.337270916334661,-1.2637236133464362,-0.5011778746422761,-1.522430797093148,-1.9799093794380944,-1.0817115618387838,-3.4933307646387384,-3.9374318667288337,-3.0508971216774383,-6.688772081817676
grw_step_a2_carry_jump,all,T−6h,earliest,droplast,model edge ≥ 2 (all),605,174,526,5.8547120636379555,0.23392465338072946,0.06883956526146867,0.4013634401226176,0.005,0.3801024724283814,51.735537190082646,47.82608695652174,55.690270935960584,13.395966942148757,-5.940698084392655,33.665306736132706,0.087,10.989917355371897,-7.813175119173732,30.74338842209728,0.125,28.09917355371901,5.472033057851239,2.7257291245499222,1.3138335586427654,-1.0936532236930463,-1.9904854998738244,-0.2983606197682032,-3.304286767875188,-4.184272235577759,-2.5330717414072037,-2.5188169230485316
grw_step_a2_carry_jump,all,T−6h,earliest,droplast,model + price WITH model,201,105,191,5.292945942841048,0.3401665375776766,-0.006637333598896235,0.7026031650061246,0.029,0.9902607225545849,56.21890547263681,49.06075814089938,63.00672279467202,7.440398009950248,-16.209394197207676,34.45803013959391,0.282,5.242786069651737,-17.73871236910995,31.61469056913484,0.344,32.83582089552239,4.836318407960199,1.9418664523154994,0.5771262272897594,-0.4347349688039057,-1.870299123889839,1.1661421986509868,-2.572228505841642,-3.986887845269036,-1.0176776030161856,-0.556254335903624
grw_step_a2_carry_jump,all,T−6h,earliest,droplast,model + price AGAINST model,362,157,339,6.215654454127003,0.21009430192269132,-0.027675978044087904,0.43445406632762457,0.047,0.0032931769986285927,49.72375690607735,44.158496732026144,55.01492371088095,18.621160220994476,-9.281820448895076,53.236062204258666,0.119,15.860911602209939,-11.258454620530618,49.55369306979494,0.161,25.96685082872928,5.893397790055248,1.7421921959237703,1.1451555104204199,-1.4981151172429006,-2.7233319671565495,-0.3275654630164611,-3.750227558605193,-4.928619335893016,-2.61048111485405,-2.4579504279906734
grw_step_a2_carry_jump,all,T−6h,earliest,droplast,model + flat price,42,37,40,5.4321845618080316,-0.06912371556633194,-0.7061378238879686,0.6341402890783155,0.584,0.7077966788618019,47.61904761904761,33.33333333333333,63.6411992263056,-4.370476190476197,-55.498672256097564,61.94088108974358,0.572,-6.569047619047627,-56.40205411585366,58.05169791666665,0.6,23.809523809523807,4.8826190476190465,-0.20526639139232197,-0.1446965109382851,-0.760971408637572,-3.5134967513900817,2.4591618999806064,-2.9641235398866352,-5.591303414611455,0.22159012101176756,-0.48349709374902056
grw_step_a2_carry_jump,all,T−6h,earliest,droplast,market only: price shortened (no model),727,177,505,-1.1465908545589758,-0.055669150961049504,-0.2165588456025545,0.11686162576157617,0.738,-0.46103766101762617,49.24346629986245,45.86587636036331,52.58045721594728,4.397771664374139,-4.545160635558847,12.67387260948556,0.173,2.9848005502063253,-5.754232545045046,11.134294260374832,0.263,38.101788170563964,3.597317744154058,-0.6654769033482376,0.9822423593673715,-1.7177657569579412,-2.321666766715242,-1.118527434239319,-3.6028579008684143,-4.209460976365769,-3.008975874004716,-5.52038285952873
grw_step_a2_carry_jump,all,T−6h,earliest,gap15,model edge ≥ 2 (all),605,174,526,5.8547120636379555,0.23392465338072946,0.06883956526146867,0.4013634401226176,0.005,0.3801024724283814,51.735537190082646,47.82608695652174,55.690270935960584,13.395966942148757,-5.940698084392655,33.665306736132706,0.087,10.989917355371897,-7.813175119173732,30.74338842209728,0.125,28.09917355371901,5.472033057851239,2.7257291245499222,1.3138335586427654,-1.0936532236930463,-1.9904854998738244,-0.2983606197682032,-3.304286767875188,-4.184272235577759,-2.5330717414072037,-2.5188169230485316
grw_step_a2_carry_jump,all,T−6h,earliest,gap15,model + price WITH model,200,107,191,5.335328182529519,0.2646769498018212,-0.08633585114998558,0.6254280467480633,0.073,0.8029006117558134,55.00000000000001,47.69170984455959,62.106029637199796,7.134600000000001,-16.68277014100767,35.67064440383053,0.282,4.936499999999997,-18.3083075987466,32.706578465007894,0.362,33.0,4.83595,1.4737805530992558,0.5366707217917686,-0.6177726122752388,-2.069139053768548,0.9222462696331504,-2.7487824483218173,-4.1687494727912116,-1.2684544055052256,-0.7968870360034414
grw_step_a2_carry_jump,all,T−6h,earliest,gap15,model + price AGAINST model,363,156,338,6.197099628586632,0.2669464472559986,0.0215157807581974,0.4936884759169079,0.017,0.19542321939136512,50.688705234159784,45.23084839844442,55.83050022407319,19.115316804407712,-9.160021183644261,51.03756265356261,0.109,16.354407713498617,-11.188450521922613,47.42551800472253,0.137,26.170798898071624,5.8463360881542705,2.2234119174824767,1.216049878220909,-1.305651997289505,-2.5095828015786417,-0.19956333606645577,-3.5572648223108096,-4.737604890041358,-2.463043852817015,-2.1764051005761273
grw_step_a2_carry_jump,all,T−6h,earliest,gap15,model + flat price,42,37,40,5.36876182900266,-0.1979175004511998,-0.8680526838795382,0.4308087472101046,0.729,-0.03706559931089147,45.23809523809524,31.10714285714286,59.53571428571427,-7.451428571428577,-59.636882428940574,57.53461111111107,0.623,-9.628571428571439,-60.58803940568477,53.80736111111106,0.649,21.428571428571427,5.265952380952379,-0.6079026589557517,-0.2491249841490314,-1.5274762586465462,-4.517216420182649,1.7893244465558968,-3.763092247650031,-6.6843357494901765,-0.528364893648781,-0.9499863144820091
grw_step_a2_carry_jump,all,T−6h,earliest,gap15,market only: price shortened (no model),725,177,503,-1.1376281849431082,-0.07813690621071945,-0.23495546820990584,0.09207009488168565,0.826,-0.5315444602417613,48.96551724137931,45.556911417049086,52.41975921989093,6.265131034482757,-2.8296351449616064,14.788440424703262,0.095,4.833862068965517,-4.084333748628744,13.184153064725516,0.149,39.17241379310345,3.585103448275862,-0.9385691612378736,1.3788517938812002,-1.7829670087941125,-2.3851183361510335,-1.1672554213365638,-3.6601008316226404,-4.265708312544006,-3.059535549837111,-5.69101574096864
grw_step_a2_carry_jump,all,T−6h,T−12h,droplast,model edge ≥ 2 (all),583,174,506,5.884505834680735,0.22067406587805105,0.0553321957709949,0.39199165404183056,0.008,0.27282179028699877,51.286449399656945,47.520732364028,55.16711335676625,10.978970840480272,-9.244301128675428,32.24244213069868,0.154,8.624099485420237,-11.114609336413665,29.37117767368212,0.213,27.4442538593482,5.502933104631217,2.564892297250995,1.0318767016095083,-1.2030702825650101,-2.0957501475289027,-0.38681393996632424,-3.4169083918430245,-4.285911924130619,-2.6153233064503616,-2.747465306157142
grw_step_a2_carry_jump,all,T−6h,T−12h,droplast,model + price WITH model,215,114,202,5.555968435327504,0.13596818512272887,-0.16592074035680718,0.42034741271601506,0.155,0.17100701542497718,53.48837209302325,47.36778540554284,59.60614816218265,-6.114418604651164,-27.471805285868395,19.084884704862688,0.686,-8.079069767441865,-28.955721750269692,16.599532860824734,0.736,27.44186046511628,5.118651162790697,0.9099118124091764,-0.5109032558513715,-1.2784603807140398,-2.5853626847039943,0.045543423829172855,-3.452661474922566,-4.731486737645433,-2.1452202079198512,-1.9465554211577323
grw_step_a2_carry_jump,all,T−6h,T−12h,droplast,model + price AGAINST model,286,140,272,6.191006404408379,0.22990430550368932,-0.03284844394426678,0.5177469250927277,0.044,-0.07917531134820675,47.9020979020979,42.20515465307553,54.06360424028268,5.680909090909093,-22.368888739046323,36.53836502356833,0.384,3.298426573426571,-24.042194107772854,33.39410118092467,0.429,25.524475524475527,5.6020629370629385,1.6087303240165929,0.37198842175144925,-1.5506391247662812,-2.9384571277750697,-0.14354458154571983,-3.757834844893391,-5.144969558232848,-2.3622420654685437,-2.169019634501166
grw_step_a2_carry_jump,all,T−6h,T−12h,droplast,model + flat price,82,55,78,5.676900687349506,0.41057547843246156,-0.09434505197759277,0.8772874163826031,0.061,1.7674723715431382,57.3170731707317,45.67340067340067,68.23529411764706,73.66585365853658,6.165491386554621,162.36138839285712,0.012,69.46951219512194,3.789757286535298,155.5042522321428,0.017,34.146341463414636,6.164756097560976,1.5701385100396508,1.9443862886469812,0.2068511805033423,-2.217578346824344,2.4269804001715647,-2.1340806060563495,-4.522193271357609,0.02867251068829855,0.17246631096460577
grw_step_a2_carry_jump,all,T−6h,T−12h,droplast,market only: price shortened (no model),742,178,507,-0.6301057980676674,-0.03398121114314922,-0.17724683658345,0.09914763038200351,0.685,-0.5114936353322673,49.32614555256065,46.05589594214544,52.471577005609305,-3.7799730458221026,-12.230941867464802,4.516716648480774,0.808,-5.0631401617250695,-13.370822162094134,3.094503694420221,0.886,35.17520215633424,3.7811994609164423,-0.46105424791429106,-0.8864475133587446,-1.79073825392339,-2.3029962639281343,-1.2772018120418116,-3.7096051818100753,-4.2129897466738475,-3.1931586157538585,-6.730964018113344
grw_step_a2_carry_jump,all,T−6h,T−12h,gap15,model edge ≥ 2 (all),583,174,506,5.884505834680735,0.22067406587805105,0.0553321957709949,0.39199165404183056,0.008,0.27282179028699877,51.286449399656945,47.520732364028,55.16711335676625,10.978970840480272,-9.244301128675428,32.24244213069868,0.154,8.624099485420237,-11.114609336413665,29.37117767368212,0.213,27.4442538593482,5.502933104631217,2.564892297250995,1.0318767016095083,-1.2030702825650101,-2.0957501475289027,-0.38681393996632424,-3.4169083918430245,-4.285911924130619,-2.6153233064503616,-2.747465306157142
grw_step_a2_carry_jump,all,T−6h,T−12h,gap15,model + price WITH model,213,113,200,5.664474218844588,0.1335723221645027,-0.16963112172293637,0.42829345114435247,0.203,0.3827621350948993,53.990610328638496,47.18598068598068,60.747663551401864,-3.8803755868544596,-27.53927173913043,22.486215311004784,0.616,-5.919248826291084,-29.014583333333334,19.851159489633165,0.687,27.230046948356808,5.236995305164318,0.8328557520401578,-0.30944291519645867,-1.0842821464945458,-2.531445685438101,0.39667300804632744,-3.2848485688787155,-4.702530616147564,-1.848105592702505,-1.4747762557626114
grw_step_a2_carry_jump,all,T−6h,T−12h,gap15,model + price AGAINST model,277,134,262,6.216605166071596,0.25180967420797146,-0.03537963225751836,0.5181703946978033,0.04,-0.17884881406971087,48.014440433213,41.472410147991546,54.198822805693034,9.390685920577617,-20.802011346581434,43.45069813046129,0.311,6.933393501805049,-22.46846228807671,40.15807788051208,0.37,26.353790613718413,5.5541516245487355,1.762204434306572,0.5649890076404178,-1.6419473040983443,-3.0647681277156984,-0.29652638573485934,-3.836595039141293,-5.243716310047438,-2.521517924157049,-2.262160995938686
grw_step_a2_carry_jump,all,T−6h,T−12h,gap15,model + flat price,93,62,89,5.399293139818704,0.32742791430383383,-0.17511450621150376,0.8149247779471737,0.108,1.3663214027894255,54.83870967741935,42.688996091841716,66.025908783021,49.20473118279569,-11.249220430107522,127.3462184210526,0.071,45.624731182795685,-13.257555683563744,121.88394078947364,0.085,31.182795698924732,5.959462365591398,1.2825071431026602,1.3964880394986314,-0.16794058383678673,-2.56476428881067,2.1087906241671854,-2.469333563776104,-4.812348374773939,-0.24126972485462933,-0.141285564916672
grw_step_a2_carry_jump,all,T−6h,T−12h,gap15,market only: price shortened (no model),727,179,508,-0.6235163396391418,-0.0557002716849642,-0.20956554498153737,0.09934762634409938,0.763,-0.5041487947521991,49.51856946354883,45.947895328268565,52.81080715059587,-3.6475103163686393,-12.816031446712906,5.114405183844537,0.776,-4.975722145804679,-14.021442541760281,3.6670664287171846,0.858,34.93810178817056,3.8314442916093534,-0.7013147496537031,-0.7904283940592898,-1.7857624243921757,-2.3252395491067825,-1.1922758241162243,-3.708182868852141,-4.2325783862921,-3.123588543521618,-6.181299730430221
grw_step_a2_carry_jump,all,T−3h,earliest,droplast,model edge ≥ 2 (all),766,187,668,5.616043708050962,0.17396307854191342,0.019163566804945208,0.3245534435708997,0.014,0.36151906623199465,51.56657963446475,48.19747615294288,55.05714332344367,10.336005221932112,-6.007951034784299,27.974772819257755,0.113,8.026044386422972,-7.8869869194520055,25.166306494143598,0.17,28.459530026109658,5.388015665796346,2.1447378071470626,1.207839278950607,-1.1136361365882248,-1.8066792661460944,-0.400882346713075,-3.326368940818554,-4.001565243435992,-2.629921380991519,-3.0053810289407767
grw_step_a2_carry_jump,all,T−3h,earliest,droplast,model + price WITH model,230,113,223,5.307485963993599,-0.09858318344871873,-0.4317797703282697,0.2271154375557102,0.72,-0.44196387326244013,47.391304347826086,40.94673645320197,53.87834887041236,-5.737391304347829,-29.458123305722896,19.725287471344117,0.683,-7.6913043478260885,-30.90366059137037,17.11604976698238,0.736,29.565217391304348,4.79882608695652,-0.5834700120370991,-0.452529107991426,-1.8521333353395049,-3.307016605049444,-0.44183611067533746,-3.9673875284551,-5.381917117958181,-2.617044804686498,-2.510074924478538
grw_step_a2_carry_jump,all,T−3h,earliest,droplast,model + price AGAINST model,485,170,442,5.884143027139071,0.29803015026981305,0.10577247540362142,0.505433904767936,0.001,0.8111977914532434,53.81443298969072,49.803149606299215,58.033452960779286,13.033154639175258,-10.838212945590996,38.004901672640344,0.147,10.48185567010309,-12.743032639885223,34.76859343434341,0.203,25.979381443298973,5.624412371134021,2.8587140703115215,1.0486342444512424,-0.6952477923022636,-1.5726756404010496,0.1937966120537105,-2.954916167935525,-3.8170791233857444,-2.0669171845499066,-1.5014770122256944
grw_step_a2_carry_jump,all,T−3h,earliest,droplast,model + flat price,51,39,51,4.458006676197264,0.22323975442062008,-0.33733867236770626,0.8209931971552457,0.198,-0.29128692687752894,49.01960784313725,36.17021276595745,63.26530612244898,56.03098039215686,9.356585769230769,106.66643277310925,0.01,52.69509803921568,7.10991634615384,102.09496848739496,0.012,47.05882352941176,5.797058823529412,0.7411910853517566,2.224812048210373,-1.7619496908214902,-4.477528972528755,0.9858215956691385,-3.9679438367374362,-6.575083204545074,-1.249879086478427,-1.2746410898601468
grw_step_a2_carry_jump,all,T−3h,earliest,droplast,market only: price shortened (no model),912,191,650,-1.5287797680032267,-0.29047392728399596,-0.423530136713188,-0.15897173151934255,1.0,-0.9328739472396905,44.95614035087719,42.12350083497799,47.702695596183894,-2.445175438596492,-9.946200918745525,5.570911053303149,0.707,-3.734649122807021,-11.133689915599989,4.116992704616085,0.799,37.17105263157895,3.4760087719298243,-4.300603355512362,-0.6099300899535917,-2.1733552762970265,-2.6371412898600948,-1.700566715694789,-4.03407726988303,-4.497278962644782,-3.5764954781587694,-9.069516200523225
grw_step_a2_carry_jump,all,T−3h,earliest,gap15,model edge ≥ 2 (all),766,187,668,5.616043708050962,0.17396307854191342,0.019163566804945208,0.3245534435708997,0.014,0.36151906623199465,51.56657963446475,48.19747615294288,55.05714332344367,10.336005221932112,-6.007951034784299,27.974772819257755,0.113,8.026044386422972,-7.8869869194520055,25.166306494143598,0.17,28.459530026109658,5.388015665796346,2.1447378071470626,1.207839278950607,-1.1136361365882248,-1.8066792661460944,-0.400882346713075,-3.326368940818554,-4.001565243435992,-2.629921380991519,-3.0053810289407767
grw_step_a2_carry_jump,all,T−3h,earliest,gap15,model + price WITH model,231,113,224,5.279329764596789,-0.14892587460250442,-0.5013683576785276,0.18277129389372349,0.804,-0.6501204721850533,46.75324675324675,39.997899159663866,53.449065302513574,-4.749523809523808,-27.079511424400195,19.81271451315568,0.664,-6.724458874458879,-28.601220647470626,17.267572691469734,0.719,29.87012987012987,4.815584415584414,-0.841272077655986,-0.39676485874257766,-2.057701199147625,-3.5921736532069817,-0.5929609739468114,-4.169072289591481,-5.658925310230055,-2.7436270324946515,-2.6999936155575663
grw_step_a2_carry_jump,all,T−3h,earliest,gap15,model + price AGAINST model,485,169,440,5.884582877339407,0.29796563025788775,0.09798122363137891,0.5076133548172587,0.002,0.778410019705304,53.81443298969072,49.891006885307945,57.97123407992974,12.224907216494845,-11.107872869875225,36.9495008753924,0.144,9.698350515463913,-13.050884619302266,33.736274073291476,0.189,25.773195876288657,5.6634226804123715,2.814418684366254,1.0044328599946462,-0.726826173382497,-1.6473032926418825,0.15842029647883335,-2.9846804630141985,-3.8876733725634245,-2.109097307160446,-1.535453871333756
grw_step_a2_carry_jump,all,T−3h,earliest,gap15,model + flat price,50,40,50,4.566832184711336,0.46288529042417215,-0.21383046121671717,1.1567887013347946,0.082,0.9914514850276543,52.0,36.35971786833856,67.30867346938776,60.58240000000001,15.021427083333329,112.06496919522525,0.003,57.135999999999996,12.559036458333331,107.25161243742777,0.006,48.0,5.361199999999999,1.3552502823143742,2.4823648148993844,-0.5041121906593506,-3.117430320565934,2.3961923901963362,-2.747457704189862,-5.321794060127456,0.12150082997487464,-0.3521775327546583
grw_step_a2_carry_jump,all,T−3h,earliest,gap15,market only: price shortened (no model),926,192,657,-1.539684526954688,-0.3061243314111155,-0.4417749389599081,-0.18357513165264377,1.0,-1.0109309832136684,44.81641468682505,41.629758194943,47.42461340206185,-3.0241252699784025,-10.37039408357199,5.011272988391966,0.761,-4.291414686825056,-11.500612720761012,3.59442693718344,0.858,37.25701943844493,3.4815874730021603,-4.513205943807766,-0.7678670709762089,-2.249810663459868,-2.7316563462577426,-1.741323408290401,-4.108130183829167,-4.572321645812376,-3.6184061791646425,-9.149146056871643
grw_step_a2_carry_jump,all,T−3h,T−6h,droplast,model edge ≥ 2 (all),759,187,662,5.616094304974388,0.18870482315104614,0.034409407062136826,0.3432175503967383,0.01,0.4120285369960689,51.91040843214756,48.45444579173795,55.46985045140026,10.302476943346505,-6.3385796783262025,27.882713773138406,0.123,7.995322793148876,-8.21718724126901,25.086736354692032,0.165,28.458498023715418,5.398814229249012,2.3423565804098017,1.1959357328266753,-1.0637484198326355,-1.7707230806310057,-0.31297182945472396,-3.2774138550756917,-3.974383178840009,-2.543478299365962,-2.8720472228448797
grw_step_a2_carry_jump,all,T−3h,T−6h,droplast,model + price WITH model,291,132,279,5.36820633296855,0.01644171345210912,-0.261052927433205,0.28667922844929045,0.44,-0.17343667585648004,51.890034364261176,46.564556462226896,57.45568181818182,16.855189003436426,-8.688720169491528,45.295936629679275,0.105,14.266838487972505,-10.632380932203395,41.95711355322519,0.14,30.240549828178693,4.91106529209622,0.11715834536734354,1.229398108148905,-1.606614117857977,-2.7917962660030713,-0.43343183527151097,-3.756380280860221,-4.909498497805161,-2.6013809955191043,-2.7324276636469103
grw_step_a2_carry_jump,all,T−3h,T−6h,droplast,model + price AGAINST model,362,154,340,5.944130711807268,0.19672509789164946,-0.04604563158982931,0.4228812292666954,0.05,0.31115935469753114,52.48618784530387,47.12602152680885,57.78741285232915,-2.3608287292817693,-19.913502770083106,15.490509878255292,0.61,-4.4725138121546975,-21.61190789473685,12.940034739402208,0.706,26.243093922651934,5.486657458563536,1.675694870017424,-0.25783993536744065,-1.1781964191921266,-2.331042853442393,-0.16655519603373517,-3.412230080026614,-4.547852234300718,-2.414971059678334,-2.2584194251052447
grw_step_a2_carry_jump,all,T−3h,T−6h,droplast,model + flat price,106,71,101,5.176341668938509,0.6342258181160675,0.15309345788367884,1.1111734117610792,0.006,2.3637740174881676,50.0,40.77669902912621,59.8041506322155,34.98584905660377,-14.24148773584906,97.02290329779318,0.092,31.92216981132076,-16.08608793800539,92.57713798661042,0.11,31.132075471698112,6.437830188679247,2.637109592622019,1.2398373357469314,0.8174222772759513,-1.2835156411397666,3.0118614899740184,-1.5021053330423737,-3.5694454320442492,0.6610575394959538,0.7563396586509757
grw_step_a2_carry_jump,all,T−3h,T−6h,droplast,market only: price shortened (no model),916,188,641,-0.6315652034836237,-0.1819410980027164,-0.31975222938482495,-0.053495835753881026,0.998,-0.7002867941493442,46.83406113537118,43.6661628037174,50.12307211609398,1.0909606986899554,-8.166799286891589,11.470108456433545,0.454,-0.40032751091703517,-9.492012933499275,9.74735862675279,0.565,34.93449781659388,3.7651310043668125,-2.708288116106772,0.21740431717744463,-1.974173388064735,-2.4520381441838834,-1.507270357695512,-3.8850032789378197,-4.3573088539049305,-3.4206828215249714,-8.127919382069505
grw_step_a2_carry_jump,all,T−3h,T−6h,gap15,model edge ≥ 2 (all),759,187,662,5.616094304974388,0.18870482315104614,0.034409407062136826,0.3432175503967383,0.01,0.4120285369960689,51.91040843214756,48.45444579173795,55.46985045140026,10.302476943346505,-6.3385796783262025,27.882713773138406,0.123,7.995322793148876,-8.21718724126901,25.086736354692032,0.165,28.458498023715418,5.398814229249012,2.3423565804098017,1.1959357328266753,-1.0637484198326355,-1.7707230806310057,-0.31297182945472396,-3.2774138550756917,-3.974383178840009,-2.543478299365962,-2.8720472228448797
grw_step_a2_carry_jump,all,T−3h,T−6h,gap15,model + price WITH model,283,130,273,5.298846962988865,0.060950002904821735,-0.22252310525646588,0.3521647286900914,0.349,-0.10062294447663073,52.29681978798587,46.946185961914736,57.76314407614046,13.897597173144874,-10.093200431432976,42.48762271286122,0.151,11.427738515901057,-12.008742218798156,39.314453007769,0.192,31.448763250883395,4.89886925795053,0.41777861047543213,1.043005057572723,-1.5310963268179476,-2.672120797027623,-0.3241910085153741,-3.676806400329921,-4.793237702882254,-2.5323625990299745,-2.6178751267714215
grw_step_a2_carry_jump,all,T−3h,T−6h,gap15,model + price AGAINST model,361,153,335,5.921918326718374,0.14285039713922718,-0.07344245769791091,0.36179840426454274,0.102,0.04746182579947746,51.52354570637119,46.8835947435354,56.589911562397646,-3.4698614958448757,-22.054054592680597,16.331484210526312,0.636,-5.57908587257618,-23.738280481981043,13.697932395644274,0.706,25.48476454293629,5.745927977839337,1.2453939866130848,-0.35457512106943223,-1.448491609432365,-2.4426970289944516,-0.37170321082712704,-3.6924217622801296,-4.66997983056417,-2.6380542579685304,-2.708204912057653
grw_step_a2_carry_jump,all,T−3h,T−6h,gap15,model + flat price,115,73,108,5.436777139168516,0.6470357963679865,0.13492446141699294,1.1177522779904239,0.003,2.818019423941666,52.17391304347826,42.62219186399514,60.5511203246295,44.159478260869555,-11.913068944099383,112.02625518822393,0.076,40.83782608695652,-13.76352251552795,106.61362872023807,0.085,30.434782608695656,5.539478260869565,2.635030146045096,1.3800278384390214,1.2940928768834163,-0.6946425887275476,3.126515652499714,-0.9917969437039578,-2.938624906732448,0.8266455447094778,1.3410677399579032
grw_step_a2_carry_jump,all,T−3h,T−6h,gap15,market only: price shortened (no model),909,190,642,-0.6741732730694958,-0.18488044504650267,-0.3148572571255531,-0.054645322192738,0.996,-0.6724955682883171,47.08470847084708,43.83541980730156,50.22950620615219,0.9653685368536847,-8.450810325538937,10.7044993529621,0.42,-0.5123212321232159,-9.643749674222063,8.984317569676957,0.548,35.863586358635864,3.7297909790979094,-2.717557323741889,0.2000642602763192,-1.9412595960514158,-2.449971782363021,-1.442685014353923,-3.8444056376960605,-4.35143980448703,-3.3490026972120615,-7.530227140674245
grw_step_a2_carry_jump,all,T−2h,T−6h,droplast,model edge ≥ 2 (all),793,188,694,5.808841722512047,0.21274453359250559,0.05720838060251095,0.36440706493070774,0.006,0.46526033695709595,52.585119798234544,49.18946001737931,56.065909580088444,10.789432534678435,-6.34650431524133,27.23017905957647,0.098,8.434489281210585,-8.326752246985093,24.48551895646511,0.166,28.247162673392186,5.391853720050443,2.7040101443824716,1.2518754010993314,-1.0163446668893166,-1.6883238964460106,-0.32465262599392536,-3.2387521726589363,-3.9038131580022206,-2.552028949481344,-2.8641370322280197
grw_step_a2_carry_jump,all,T−2h,T−6h,droplast,model + price WITH model,288,135,279,5.719006696741392,0.222205765135538,-0.06754649645209972,0.5190564417868079,0.053,0.6643551796218305,56.94444444444444,51.52390590586508,62.33776508301825,5.766597222222217,-18.574451680672265,34.13938242209109,0.347,3.4217013888888825,-20.294690126050423,31.098646793748838,0.411,27.430555555555557,4.845173611111111,1.5405895395745923,0.4257312209550505,-0.7919609439952976,-1.9114799530637168,0.28768601914394926,-2.97643512942099,-4.073753205841574,-1.8986794543200842,-1.4350154382612936
grw_step_a2_carry_jump,all,T−2h,T−6h,droplast,model + price AGAINST model,414,155,383,5.942844414656316,0.2048833200992628,-0.0064170134482870195,0.43125237667671795,0.03,0.4921849312963842,51.20772946859904,46.05833640255973,56.84285357944624,6.917584541062801,-12.880329965479499,29.711286918604653,0.264,4.591062801932363,-14.70369179927591,26.80925654069767,0.336,27.77777777777778,5.547463768115942,1.7820088631340683,0.6336842186932435,-0.9998564472974448,-1.8936055463109522,-0.013631110851276966,-3.237918515188189,-4.117798132380977,-2.273116844795404,-2.04727932863268
grw_step_a2_carry_jump,all,T−2h,T−6h,droplast,model + flat price,91,62,88,5.483516149701278,0.21856549734864947,-0.27804754191280284,0.6842266490103182,0.161,-0.2873341327561893,45.05494505494506,36.84210526315789,54.879723934601984,43.78373626373626,-5.2393490612648215,94.26542857142854,0.039,40.49230769230769,-7.2109282361660085,89.66412087912084,0.047,32.967032967032964,6.414065934065938,0.9256264900172763,1.7322009513396688,-1.8014945032026415,-3.7930166715745255,0.1626623649136363,-4.0727350588723175,-6.082800819539254,-2.1638338363577994,-1.7245453132729005
grw_step_a2_carry_jump,all,T−2h,T−6h,droplast,market only: price shortened (no model),1014,192,705,-0.8582630536902095,-0.1119295591658452,-0.23738452388026404,0.02473358145360566,0.942,-0.2535579053787881,51.183431952662716,48.12285651646287,54.25970242136231,-2.371834319526628,-10.248599197247708,6.249458558609989,0.709,-3.7150887573964506,-11.440516875744102,4.762037703004858,0.806,34.61538461538461,3.595433925049309,-1.6824624775556172,-0.5535881155458267,-1.5195244502195686,-1.9161013836552028,-1.113279853350898,-3.418474267480739,-3.8002477375512616,-3.0192001590529274,-7.388005047163784
grw_step_a2_carry_jump,all,T−2h,T−6h,gap15,model edge ≥ 2 (all),793,188,694,5.808841722512047,0.21274453359250559,0.05720838060251095,0.36440706493070774,0.006,0.46526033695709595,52.585119798234544,49.18946001737931,56.065909580088444,10.789432534678435,-6.34650431524133,27.23017905957647,0.098,8.434489281210585,-8.326752246985093,24.48551895646511,0.166,28.247162673392186,5.391853720050443,2.7040101443824716,1.2518754010993314,-1.0163446668893166,-1.6883238964460106,-0.32465262599392536,-3.2387521726589363,-3.9038131580022206,-2.552028949481344,-2.8641370322280197
grw_step_a2_carry_jump,all,T−2h,T−6h,gap15,model + price WITH model,288,133,278,5.6017534525975785,0.19420011992575759,-0.09242874065709686,0.5082579015558653,0.091,0.7290667046331152,56.59722222222222,51.12760913477724,62.23243144614743,10.312569444444442,-18.187315360360362,44.56684588261337,0.277,7.817881944444439,-19.978426914414417,41.10935942540003,0.33,27.430555555555557,4.842118055555555,1.2870797787456545,0.6326296595376224,-0.7297447608940888,-1.8658721616224516,0.4274256924683255,-2.9179619591848938,-4.040624757610685,-1.7951588819633448,-1.2594578254833544
grw_step_a2_carry_jump,all,T−2h,T−6h,gap15,model + price AGAINST model,411,156,381,6.056488615922279,0.1611292392219926,-0.05828190993850771,0.382648389812875,0.076,0.19275707030325787,49.87834549878345,44.722811588808234,55.271291690314825,3.844671532846713,-13.951743944732295,21.72536097583729,0.316,1.611678832116782,-15.778601312607949,19.117343805392288,0.418,27.980535279805352,5.518077858880777,1.4103903947457985,0.4261615346838168,-1.2949094109785566,-2.2379849810937684,-0.27610103906227024,-3.52640913290128,-4.463637578409127,-2.5321862678211593,-2.571039461337839
grw_step_a2_carry_jump,all,T−2h,T−6h,gap15,model + flat price,94,66,92,5.360528409147803,0.4952410987234013,0.031909707661966304,0.9560003579549841,0.023,0.8484795784893726,52.12765957446809,42.718193770226534,61.95652173913043,42.05106382978723,-10.255876046511629,109.4285478723404,0.073,38.744680851063826,-12.182719186046514,104.19882754601956,0.085,31.914893617021278,6.5242553191489385,2.074613834448943,1.3586240480604055,-0.6764581041866374,-2.697127933862316,1.4843743577570034,-2.9638646282006524,-4.940881347666995,-0.9169537841265468,-0.6478657314747234
grw_step_a2_carry_jump,all,T−2h,T−6h,gap15,market only: price shortened (no model),1013,193,705,-0.8854478729021785,-0.10427864287580339,-0.2449532027489603,0.034220457599718604,0.935,-0.17915869612260552,51.036525172754196,47.87336637413978,54.34122607577664,-4.852852912142153,-13.18346064274805,5.173260429153163,0.839,-6.146939782823299,-14.261636909610663,3.686275827491264,0.89,34.25468904244817,3.595419545903258,-1.4847187247899143,-1.0192140534320324,-1.4454094930284067,-1.858560863980876,-1.02404520773395,-3.344785688387108,-3.752655195614165,-2.931726313583909,-6.762432016658921
grw_step_a2_carry_jump,all,T−60m,earliest,droplast,model edge ≥ 2 (all),859,193,745,5.829567383698877,0.20806095809951825,0.07171686976534455,0.3565763382258227,0.003,0.6277537384951329,51.804423748544814,48.59654216563859,54.80668425062258,13.586845168800926,-1.0270091591459392,29.77705375906651,0.033,11.168509895227004,-3.1527845641646497,26.912561393412112,0.062,28.637951105937137,5.522922002328288,2.8000604509974973,1.7380311011509384,-0.8678818824029083,-1.5710024796145026,-0.1542326791352051,-3.1113353137499704,-3.8128805310903955,-2.4027839335658907,-2.3858222288273274
grw_step_a2_carry_jump,all,T−60m,earliest,droplast,model + price WITH model,231,112,225,5.665095043009521,0.0008817611343565969,-0.22746726953285412,0.21940488366465588,0.506,-0.17337452619198798,46.75324675324675,39.997757847533634,53.30469897209985,5.145800865800865,-19.768151205479455,30.26553294431347,0.355,2.916450216450213,-21.434865136986303,27.427031823627146,0.415,31.601731601731604,5.009004329004329,0.007612790755281962,0.39777205498611046,-1.6059450193433347,-2.5566584514382895,-0.7285385340132932,-3.754800759070351,-4.690585321231088,-2.8753971169734087,-3.357753335616753
grw_step_a2_carry_jump,all,T−60m,earliest,droplast,model + price AGAINST model,574,171,524,5.974286170340948,0.24502012237585094,0.05645283742988358,0.4335535806704434,0.005,0.6747267718906842,52.78745644599303,48.533102678184,57.00003426310488,15.701777003484324,-3.6800661810666395,36.1575315713698,0.06,13.098519163763065,-5.774761808145985,33.02850155971479,0.092,27.700348432055748,5.7491637630662025,2.5274278033155664,1.5656151996210659,-0.8412167779942223,-1.7544408830419655,0.1283627989686396,-3.115132102821583,-4.01775360361831,-2.1684404047381363,-1.7453859093045736
grw_step_a2_carry_jump,all,T−60m,earliest,droplast,model + flat price,54,44,54,4.994836405304294,0.7014652952168776,0.09662410656449599,1.3584721405938847,0.008,3.555496478748435,62.96296296296296,50.943396226415096,75.80784204671858,26.01296296296296,-46.18382542372881,133.60009888888885,0.321,22.94907407407407,-47.36193644067797,127.33061462264148,0.336,25.925925925925924,5.316481481481482,2.150622078838042,0.560804455111038,2.0059480194980654,-0.5828560450806883,5.0977279980132355,-0.3183746693774897,-2.8693057387556067,2.673449792953269,1.3674082885041519
grw_step_a2_carry_jump,all,T−60m,earliest,droplast,market only: price shortened (no model),1033,195,750,-1.7036584301531073,-0.21044411302228105,-0.33048285867833616,-0.09213872653006484,1.0,-0.5529176747887328,46.66021297192643,44.09371773599233,49.36375706438092,-2.4889060987415306,-10.208682638041449,5.01725021642608,0.746,-3.8205227492739624,-11.370437328409341,3.5653987118339936,0.838,37.07647628267183,3.447550822846079,-3.4045222278837795,-0.6310951899912434,-1.7897052430446692,-2.0967262825014754,-1.4708183208862151,-3.6448865954285736,-3.942233017900052,-3.3321260648739743,-11.126056871802822
grw_step_a2_carry_jump,all,T−60m,earliest,gap15,model edge ≥ 2 (all),859,193,745,5.829567383698877,0.20806095809951825,0.07171686976534455,0.3565763382258227,0.003,0.6277537384951329,51.804423748544814,48.59654216563859,54.80668425062258,13.586845168800926,-1.0270091591459392,29.77705375906651,0.033,11.168509895227004,-3.1527845641646497,26.912561393412112,0.062,28.637951105937137,5.522922002328288,2.8000604509974973,1.7380311011509384,-0.8678818824029083,-1.5710024796145026,-0.1542326791352051,-3.1113353137499704,-3.8128805310903955,-2.4027839335658907,-2.3858222288273274
grw_step_a2_carry_jump,all,T−60m,earliest,gap15,model + price WITH model,235,111,228,5.731146993172054,0.04384665929080539,-0.1629805753912469,0.2599828417969782,0.352,0.0588335369141096,46.808510638297875,40.92970401691332,52.919331395348834,25.717787234042554,-2.4595140575798493,59.899268049816875,0.044,22.91999999999999,-4.5684460751237115,56.13141933636201,0.063,33.191489361702125,5.122978723404255,0.4029059364133488,1.584477560053273,-1.3837411430487483,-2.22642748590332,-0.5209109497832499,-3.547603162993031,-4.38810240548191,-2.6876147511935167,-3.0717309379547424
grw_step_a2_carry_jump,all,T−60m,earliest,gap15,model + price AGAINST model,572,174,525,5.955529309238658,0.2322294236699653,0.05605736540199903,0.4225927388252287,0.007,0.6242014936859461,52.44755244755245,48.25002928372021,56.44448290166517,10.918216783216781,-8.755750628022202,30.948960319153976,0.14,8.443269230769229,-10.731541682801625,27.95423587399819,0.2,27.0979020979021,5.710227272727273,2.457131450618909,1.107889056882509,-0.8877634673698128,-1.7972771030808097,0.035098647701874104,-3.155710908953451,-4.057198674228507,-2.2569429788208457,-1.8973019158875757
grw_step_a2_carry_jump,all,T−60m,earliest,gap15,model + flat price,52,43,52,4.888770659949791,0.6843301487485929,0.04534823580105201,1.4570935067646962,0.016,3.2379101116181177,67.3076923076923,56.24725877192982,79.59278155706727,-13.090384615384618,-53.862172705314,34.87932499999999,0.712,-14.985576923076923,-54.80902475845411,31.926551136363617,0.745,25.0,5.2700000000000005,1.8850092100971916,-0.5870711535726107,1.6821025955363527,-1.0869657635634054,4.961709004505257,-0.6516086785862948,-3.338874801650923,2.538633234474873,1.0848829423456614
grw_step_a2_carry_jump,all,T−60m,earliest,gap15,market only: price shortened (no model),1039,192,749,-1.6894238908231782,-0.21247534967365128,-0.33166055014523627,-0.08732465516122574,1.0,-0.5593488543379831,45.71703561116458,42.91240741266283,48.375415580914726,3.0453897978825792,-5.184938229010587,12.20384115390571,0.264,1.5961501443695845,-6.453315246212122,10.53032672653975,0.374,37.53609239653513,3.475206929740135,-3.387275866200946,0.6672309974819498,-1.7988678279112829,-2.1185887070591254,-1.4759225656778387,-3.658146288271234,-3.966344471575995,-3.3439055600651435,-10.861594617152903
grw_step_a2_carry_jump,all,T−60m,T−3h,droplast,model edge ≥ 2 (all),856,193,742,5.833922676355958,0.20841860487851677,0.0717007293717297,0.35738708451514456,0.003,0.6279902613166358,51.86915887850467,48.59796630248782,54.770013675573324,13.501752336448597,-0.9437606614631081,29.65291188099905,0.033,11.08615654205607,-3.0356687923612395,26.82679427209307,0.065,28.621495327102803,5.530794392523365,2.7982149183297595,1.7338366065381845,-0.8681511813892288,-1.5693106737780793,-0.14887386759717738,-3.112363345448026,-3.8175907239979203,-2.3965192565750044,-2.379578879159259
grw_step_a2_carry_jump,all,T−60m,T−3h,droplast,model + price WITH model,302,133,287,5.943126882472095,0.1113792536671544,-0.1255084681241957,0.3496271632913075,0.179,0.3818549281730004,52.980132450331126,47.098477651501824,58.49812951496388,12.472450331125826,-11.949697339182679,39.324015971589866,0.178,9.992384105960264,-13.7835601664203,36.14426912219996,0.228,29.80132450331126,4.89907284768212,0.9443164419146253,0.9282413660994769,-1.0758066522308116,-2.028346221823646,-0.1628002472202115,-3.2622990228365287,-4.187385750538198,-2.3599717763168773,-2.282426315775042
grw_step_a2_carry_jump,all,T−60m,T−3h,droplast,model + price AGAINST model,442,158,412,5.787500204281269,0.2343028176918104,0.03370162315333338,0.4281458265539652,0.012,0.5695432165347717,51.13122171945701,46.66554054054054,55.71852684579698,11.35547511312217,-12.389595580039444,34.524513862674894,0.176,8.895475113122169,-14.196352943067824,31.55533200455581,0.225,28.054298642533936,5.75239819004525,2.3350784574649754,0.9366708324537565,-0.9352936612270079,-1.913842046039057,0.02847823078330284,-3.1925489778696785,-4.164374530650469,-2.2546112752904954,-1.8864300060361217
grw_step_a2_carry_jump,all,T−60m,T−3h,droplast,model + flat price,112,70,103,5.72266430501613,0.36792808704240704,-0.027713567980582478,0.7893170653035119,0.033,1.5223336934859362,51.78571428571429,42.72705207413945,60.36078531361551,24.2275,-19.201397306397308,77.37235631113178,0.148,21.381249999999994,-20.92521043771044,73.049218677224,0.17,27.67857142857143,6.359642857142858,1.748420675699463,0.9718850034327182,-0.043250036010154126,-2.0534419806970727,2.220130997398867,-2.3916256302542904,-4.369143418468448,-0.17846229480453918,-0.040801754610873646
grw_step_a2_carry_jump,all,T−60m,T−3h,droplast,market only: price shortened (no model),1015,192,723,-0.650195984496198,-0.10078827127921945,-0.20930675087556827,0.009542102730412316,0.962,-0.200681884735163,51.13300492610837,48.228535810039865,53.93461007591442,0.8221083743842366,-8.188130644002399,11.30124625768615,0.42,-0.649162561576357,-9.478787749116918,9.62269549549637,0.551,35.86206896551724,3.6576354679802954,-1.769904056618227,0.17058737700370008,-1.471191213539737,-1.8192131124568496,-1.1428013679988824,-3.3769552067465987,-3.7196996179120094,-3.054808424813665,-8.255889619169396
grw_step_a2_carry_jump,all,T−60m,T−3h,gap15,model edge ≥ 2 (all),856,193,742,5.833922676355958,0.20841860487851677,0.0717007293717297,0.35738708451514456,0.003,0.6279902613166358,51.86915887850467,48.59796630248782,54.770013675573324,13.501752336448597,-0.9437606614631081,29.65291188099905,0.033,11.08615654205607,-3.0356687923612395,26.82679427209307,0.065,28.621495327102803,5.530794392523365,2.7982149183297595,1.7338366065381845,-0.8681511813892288,-1.5693106737780793,-0.14887386759717738,-3.112363345448026,-3.8175907239979203,-2.3965192565750044,-2.379578879159259
grw_step_a2_carry_jump,all,T−60m,T−3h,gap15,model + price WITH model,300,127,284,5.97755379510258,0.05278244014869969,-0.19951016204247768,0.30842937711550794,0.333,0.1734965972929802,50.0,44.24193748449517,55.59294462193824,25.80286666666667,-3.198997356380275,57.42472870813396,0.043,22.972166666666663,-5.287190899847483,53.73924202551832,0.057,31.0,5.132866666666668,0.419699700625395,1.7195411122128872,-1.2833423891038245,-2.3606406526442747,-0.3112714886108904,-3.468600868699031,-4.528667653617218,-2.5041232835796814,-2.5361180500019356
grw_step_a2_carry_jump,all,T−60m,T−3h,gap15,model + price AGAINST model,436,155,411,5.733930929176544,0.2719200421116193,0.0645551878227295,0.4743665590678259,0.005,0.6973584235096477,52.522935779816514,47.80387374461979,57.177157124608044,4.0219266055045875,-16.63154338980429,22.91071164743807,0.345,1.7222477064220159,-18.44633802590299,20.140606103664734,0.431,27.75229357798165,5.486605504587157,2.6193123710746193,0.4012131036454232,-0.805751247931771,-1.7484678929916613,0.14097742503485758,-3.0604157550939006,-4.005133115499333,-2.1370039358085986,-1.6127091501348534
grw_step_a2_carry_jump,all,T−60m,T−3h,gap15,model + flat price,120,81,112,5.838148227574604,0.36678712808945396,-0.03199597295804353,0.7527055674473717,0.031,1.5121867654078296,54.166666666666664,44.611111111111114,62.96546546546546,16.623833333333327,-21.845197222222218,57.0013456923682,0.217,13.97208333333333,-23.58221859903382,53.21908757867817,0.251,25.833333333333336,6.686166666666668,1.866046884876101,0.7984719813280083,-0.056892920331501805,-2.0058428650328666,1.825407174784869,-2.410512448940499,-4.307361875155449,-0.5828222203462555,-0.05896165620204075
grw_step_a2_carry_jump,all,T−60m,T−3h,gap15,market only: price shortened (no model),1003,189,708,-0.6663322371786852,-0.14554923267532746,-0.25518915932266384,-0.03451330698303872,0.993,-0.3594663673018998,48.05583250249252,45.21664011920666,50.99588303615056,7.0745563310069794,-1.7324384029635715,16.64864359196726,0.071,5.491974077766696,-3.116356349043013,14.852944085626998,0.127,37.587238285144565,3.7044366899302097,-2.5381191203555713,1.4600908766515093,-1.623103776645744,-1.9789997989943695,-1.2571285762270128,-3.5185598906615105,-3.873086424910206,-3.1529880026655674,-8.729238868862309
grw_step_a2_carry_jump,all,T−25m,T−60m,droplast,model edge ≥ 2 (all),1079,193,938,6.088799849015647,0.1103567830368669,0.026915914212285796,0.19165655605409115,0.002,0.417055219120906,53.38276181649676,50.04184476874634,56.674156904692666,6.562150139017608,-6.836493932975714,21.17332572201225,0.157,4.310843373493974,-8.800638398424361,18.562687069336775,0.253,27.247451343836886,5.458164967562557,2.6413691994616153,0.9317431606962494,-1.0650940821122077,-1.404208069162725,-0.7110194802564078,-3.2883180339618776,-3.618420145354226,-2.9403797187570277,-5.820780907053017
grw_step_a2_carry_jump,all,T−25m,T−60m,droplast,model + price WITH model,356,132,343,5.653411039303166,0.17244283305036606,0.02487948245067767,0.2986154080215908,0.009,0.7277717185094271,57.58426966292135,51.58456283816514,63.00384133119964,1.6897752808988744,-16.392419856839872,20.903503000750185,0.434,-0.503089887640452,-18.154320453340407,18.27049793698424,0.528,28.651685393258425,4.712443820224719,2.475293568491686,0.17788411155260328,-0.7401108511310742,-1.3616052005030612,-0.19601899571650086,-2.9419347055918257,-3.5431375317713796,-2.4001539470870186,-2.5031118380487696
grw_step_a2_carry_jump,all,T−25m,T−60m,droplast,model + price AGAINST model,558,167,518,6.446997824950834,0.04749615881842685,-0.07767399900726417,0.1718634727111846,0.229,0.14902945261689962,49.283154121863795,44.22832749562172,53.49757318755428,12.056881720430106,-6.545946649810372,33.48025577804294,0.129,9.542741935483868,-8.588362199747156,30.39739546881108,0.179,27.77777777777778,5.9218637992831535,0.7240713126551446,1.1839600514085589,-1.3311103149686134,-1.8517194777373072,-0.7726564912434585,-3.551319966346883,-4.067014594798419,-3.002779305294565,-4.697049456291063
grw_step_a2_carry_jump,all,T−25m,T−60m,droplast,model + flat price,165,84,152,5.81682376226297,0.18898462854646592,-0.014201103085123104,0.39857739086356414,0.034,0.653075242920433,58.18181818181818,49.99301675977654,66.66666666666666,-1.983636363636366,-32.07582513454105,39.53387205882352,0.552,-4.186363636363643,-33.43969169256424,36.2385636312217,0.595,22.424242424242426,5.498969696969697,1.7990116720428624,-0.10872799459398874,-0.8666514899631725,-1.6498529644698579,-0.01274179189207711,-3.14624158928858,-3.928707334305082,-2.312810777501408,-2.058047624909697
grw_step_a2_carry_jump,all,T−25m,T−60m,droplast,market only: price shortened (no model),1270,196,902,-1.065168941416835,0.034643695825137925,-0.03689916183801101,0.10044722566824694,0.184,0.21048894610958963,54.409448818897644,51.656322877830306,57.19631567119191,-2.375370078740158,-9.483639547281227,4.051633030729784,0.742,-3.775826771653545,-10.78793474397879,2.5396091812021586,0.875,34.80314960629921,3.525173228346456,0.9503879346899446,-0.6749394696724607,-1.0749536654981422,-1.318868619511442,-0.8492426750707951,-3.003117582909739,-3.2531305341459174,-2.778758506789317,-9.241314549983331
grw_step_a2_carry_jump,all,T−25m,T−60m,gap15,model edge ≥ 2 (all),1079,193,938,6.088799849015647,0.1103567830368669,0.026915914212285796,0.19165655605409115,0.002,0.417055219120906,53.38276181649676,50.04184476874634,56.674156904692666,6.562150139017608,-6.836493932975714,21.17332572201225,0.157,4.310843373493974,-8.800638398424361,18.562687069336775,0.253,27.247451343836886,5.458164967562557,2.6413691994616153,0.9317431606962494,-1.0650940821122077,-1.404208069162725,-0.7110194802564078,-3.2883180339618776,-3.618420145354226,-2.9403797187570277,-5.820780907053017
grw_step_a2_carry_jump,all,T−25m,T−60m,gap15,model + price WITH model,362,144,351,5.586050084717518,0.011551652449642463,-0.09454384649297688,0.12325174909351837,0.428,0.1386902571525172,52.762430939226526,47.987623512805,57.340919795317205,-7.272265193370167,-24.251577949858817,9.609839243498808,0.787,-9.27596685082873,-25.813776120851397,7.2542523640661845,0.847,26.243093922651934,4.859502762430938,0.20433664283261033,-0.8284968948714942,-1.321663631006352,-1.7369803063610838,-0.8856829989247572,-3.5121944632446565,-3.928998947825165,-3.080968266281547,-5.968105467807799
grw_step_a2_carry_jump,all,T−25m,T−60m,gap15,model + price AGAINST model,500,157,469,6.285059189926324,0.09952772517580007,-0.021609892909534707,0.21081660348278997,0.048,0.2579942485491273,51.800000000000004,46.611611909650925,56.349811917585704,19.16703999999999,-2.262037591875668,40.65159996266179,0.043,16.471599999999995,-4.463405167901989,37.38435835338532,0.058,28.599999999999998,6.162400000000001,1.7204909972737124,1.7902935284466361,-1.232443134454261,-1.7495226444328937,-0.7474847333013375,-3.4680992089593436,-3.992657012093533,-2.9847601537371586,-4.834782537802665
grw_step_a2_carry_jump,all,T−25m,T−60m,gap15,model + flat price,217,96,203,6.47527793298147,0.3001355213000405,0.08024198778931049,0.5285240753898744,0.004,1.2479243505423163,58.06451612903226,50.75253025691839,65.0006157635468,0.22884792626727657,-22.193332019519527,24.121194136024446,0.469,-1.9647465437788059,-23.85217858483484,21.33599885934549,0.557,25.806451612903224,4.834193548387097,2.6835723322749616,0.020218353126839356,-0.2514871564407459,-1.154633288657314,0.7291508439420832,-2.5006044169153383,-3.406663249528979,-1.5293739465267004,-0.5323026198602705
grw_step_a2_carry_jump,all,T−25m,T−60m,gap15,market only: price shortened (no model),1166,194,840,-0.6674647403999711,-0.0331405841757525,-0.09681147834401933,0.03094756015291232,0.853,-0.0322393052745122,51.20068610634648,48.23034811737272,54.138849262248115,-5.858353344768439,-13.995580679294045,1.9489717650016718,0.916,-7.214065180102918,-15.15938763019536,0.41470998455532976,0.962,33.44768439108062,3.687255574614064,-1.041012471562578,-1.442528674642545,-1.324336468621024,-1.5306317919217178,-1.1374986946155157,-3.2624822136407916,-3.467501531015326,-3.069344782844049,-12.964073548001863
m05_joint_td,56+57,T−6h,earliest,droplast,model edge ≥ 2 (all),185,71,159,7.006984338591793,0.7009848268391532,0.2823952121803036,1.1534572253783981,0.001,2.905809470822974,59.45945945945946,52.744360902255636,66.51336477987421,8.708432432432435,-13.781659996524965,33.04873339085418,0.249,6.389999999999995,-15.54610745105989,30.2975452976704,0.307,26.486486486486488,4.2144864864864875,3.2096250353475635,0.7259345805000603,1.389694896174538,-0.3184028324929403,3.286705185722832,-0.8844769657981166,-2.5490221687195462,0.9349966350646722,1.509925933318061
m05_joint_td,56+57,T−6h,earliest,droplast,model + price WITH model,58,41,56,6.539670255246481,0.5183966408021765,-0.26344234239869263,1.443974709969827,0.094,2.1395241461574916,55.172413793103445,42.366190900981266,68.09594168636721,-2.9182758620689633,-44.224550783699065,40.16411128526646,0.581,-5.045689655172416,-45.43168260188088,37.03680642633228,0.624,25.862068965517242,3.811551724137931,1.2047234066112433,-0.13550215425007364,0.6673138667362801,-2.4880420946109445,4.296692952076487,-1.5410015523955416,-4.6072120215476104,1.9834204874978956,0.39094922823531986
m05_joint_td,56+57,T−6h,earliest,droplast,model + price AGAINST model,103,57,98,6.96121565960094,0.8322533790521346,0.3097088315630579,1.3378516187937182,0.001,3.1482030567401966,61.165048543689316,52.4249160693222,69.31946150696152,17.773786407766988,-16.26453800104112,53.99138524145415,0.158,15.089805825242713,-18.143092790213423,50.343343733043945,0.189,28.155339805825243,4.085922330097087,3.1606099974195403,0.9626388022972378,1.6293378436922321,-0.40249477958574525,3.7199035851322733,-0.6489599758797134,-2.625669229675535,1.378850452392749,1.561397370998143
m05_joint_td,56+57,T−6h,earliest,droplast,model + flat price,24,20,22,8.332750620678716,0.5788787398477993,-0.4471858672299918,1.5955113093703768,0.133,3.71739319920314,62.5,39.130434782608695,83.33333333333334,-2.8491666666666693,-78.91319642857142,99.35120714285713,0.549,-5.185416666666675,-79.41111607142857,94.42391071428567,0.567,20.833333333333336,5.739999999999999,1.1100828965332066,-0.06291359440963758,2.106981400886889,-3.103318635133285,7.610220620787971,-0.30863629658748615,-5.368120440071223,4.982370481679207,0.7719697065322321
m05_joint_td,56+57,T−6h,earliest,droplast,market only: price shortened (no model),206,72,147,-1.5344059238182872,-0.2736467590172231,-0.6414844978796885,0.07300317190899581,0.939,-0.37454656141924025,47.57281553398058,41.43543620711807,53.81250364665382,5.43388349514563,-10.66752702020202,21.302816849247662,0.261,3.994902912621357,-11.85511179207809,19.5024494341284,0.307,37.37864077669903,3.055825242718447,-1.4694435292669696,0.6792057835208121,-1.642917552213212,-2.7764777005659504,-0.4467041636276745,-3.5454740384041705,-4.675953773414216,-2.346969888654883,-2.7690953417904076
m05_joint_td,56+57,T−6h,earliest,gap15,model edge ≥ 2 (all),185,71,159,7.006984338591793,0.7009848268391532,0.2823952121803036,1.1534572253783981,0.001,2.905809470822974,59.45945945945946,52.744360902255636,66.51336477987421,8.708432432432435,-13.781659996524965,33.04873339085418,0.249,6.389999999999995,-15.54610745105989,30.2975452976704,0.307,26.486486486486488,4.2144864864864875,3.2096250353475635,0.7259345805000603,1.389694896174538,-0.3184028324929403,3.286705185722832,-0.8844769657981166,-2.5490221687195462,0.9349966350646722,1.509925933318061
m05_joint_td,56+57,T−6h,earliest,gap15,model + price WITH model,59,41,56,6.620977406114536,0.5252092903537242,-0.23097323736102865,1.4344719969039352,0.087,2.1968552247999233,55.932203389830505,43.328431372549026,68.75347222222223,-4.56372881355932,-44.374049516908215,38.73579999999998,0.611,-6.655084745762714,-45.56945350241546,35.71199999999998,0.656,25.423728813559322,3.84864406779661,1.2426528207810739,-0.21235548509856586,0.719789171079054,-2.3764298375632764,4.286303159641437,-1.495809909502254,-4.529079923075557,1.966709315821189,0.4293453687483216
m05_joint_td,56+57,T−6h,earliest,gap15,model + price AGAINST model,102,57,97,6.918317850808188,0.8313897556669251,0.30952709785454413,1.3423789656878173,0.001,3.1249299711586205,60.78431372549019,52.08026960784314,68.97010271460016,18.928431372549017,-16.076797967415374,56.92168166963755,0.151,16.218137254901958,-17.98506969708953,53.27484737076649,0.173,28.431372549019606,4.067156862745097,3.1278306687728232,1.0070789318429734,1.6084160889935286,-0.4374992107213776,3.7190272596351446,-0.6663547342541069,-2.6568272985401706,1.3789819487700747,1.525753751203242
m05_joint_td,56+57,T−6h,earliest,gap15,model + flat price,24,20,22,8.332750620678716,0.5788787398477993,-0.4471858672299918,1.5955113093703768,0.133,3.71739319920314,62.5,39.130434782608695,83.33333333333334,-2.8491666666666693,-78.91319642857142,99.35120714285713,0.549,-5.185416666666675,-79.41111607142857,94.42391071428567,0.567,20.833333333333336,5.739999999999999,1.1100828965332066,-0.06291359440963758,2.106981400886889,-3.103318635133285,7.610220620787971,-0.30863629658748615,-5.368120440071223,4.982370481679207,0.7719697065322321
m05_joint_td,56+57,T−6h,earliest,gap15,market only: price shortened (no model),205,72,145,-1.427444455389384,-0.295439342112123,-0.6600339488913022,0.06398330721742844,0.945,-0.41819413519575915,47.3170731707317,40.9572175348496,53.847150259067355,4.026243902439024,-11.306631187888922,19.898404749103936,0.3,2.624146341463409,-12.453672194922195,18.21928725038402,0.358,37.073170731707314,3.071268292682927,-1.558472168934214,0.5108482849546067,-1.6885439125746826,-2.8251499468393337,-0.4803102796852088,-3.594068578643068,-4.694643716434682,-2.389639987536173,-2.7940193927500783
m05_joint_td,56+57,T−6h,T−12h,droplast,model edge ≥ 2 (all),166,67,141,6.932895070801371,0.7084201817458331,0.23433947959992243,1.213303870639843,0.0,2.8617187404728397,58.43373493975904,50.31037078863165,66.27714932126698,0.0906024096385552,-26.184487273035806,25.96239896480331,0.523,-2.0144578313253043,-27.75355867130494,23.34248386034255,0.601,24.69879518072289,4.084759036144579,2.8385046543505603,0.0068860723392605745,1.3480769135754138,-0.6096702820877563,3.3899497714972906,-0.9223858267707243,-2.829142166972537,1.0465659703218628,1.3418331008550417
m05_joint_td,56+57,T−6h,T−12h,droplast,model + price WITH model,69,43,65,6.598400536379711,0.29786546147393916,-0.3929567435818708,0.9350752843955218,0.191,1.616505951804132,53.62318840579711,39.682539682539684,66.15492957746478,-14.40289855072463,-52.64922038246269,29.07402412974682,0.779,-16.224637681159425,-53.669873484141796,26.319099090189866,0.798,21.73913043478261,3.923478260869564,0.8792388106259378,-0.700529469156936,0.1276835011626399,-2.4693284558025512,2.5868298439378212,-2.1055501747996024,-4.622954509710317,0.29254031719446655,0.10078937518315784
m05_joint_td,56+57,T−6h,T−12h,droplast,model + price AGAINST model,65,43,61,7.069591209868442,1.0337731415638238,0.4216771485025631,1.7124732613298106,0.001,3.5462841106735064,58.46153846153847,47.82608695652174,69.23076923076923,8.444923076923072,-25.7218923076923,46.05350126774848,0.319,6.019999999999997,-27.409671328671337,42.64616591294516,0.365,27.692307692307693,4.031999999999999,3.021783742095438,0.44644011699187613,2.0409762976532604,-0.4047063557790762,4.803655481160554,-0.2169854218771057,-2.6007342527716166,2.472358596656163,1.4723140367851049
m05_joint_td,56+57,T−6h,T−12h,droplast,model + flat price,32,22,28,7.376484878168091,0.9328055977018114,-0.011850699528770924,1.8330108993756173,0.029,4.156185407819635,68.75,53.12040441176471,83.3445945945946,13.997500000000002,-59.116073563218386,99.01252136752133,0.385,11.368749999999995,-59.97966666666668,94.17553418803416,0.405,25.0,4.539687499999999,1.96397304145636,0.3380270696494862,2.572098335182332,-1.3748212793641101,6.714695967663896,0.1959677262263801,-3.6701631647650927,4.169273058580452,1.2505389551900474
m05_joint_td,56+57,T−6h,T−12h,droplast,market only: price shortened (no model),201,68,134,-0.08098575813368449,-0.053093504939630394,-0.3982359477777817,0.2872211256615326,0.644,0.14775354972047258,51.243781094527364,43.29722401202749,58.85649671052631,7.597412935323381,-8.67933890195659,23.375625386224268,0.173,6.0905472636815885,-9.949264627659577,21.531827999477105,0.218,34.82587064676617,3.3269651741293527,-0.30528664086407303,0.9429743316292402,-1.1954026190752869,-2.3841655238133828,-0.05073698552496927,-3.210136872268927,-4.373807573313973,-2.0869220187315003,-2.0535384364314577
m05_joint_td,56+57,T−6h,T−12h,gap15,model edge ≥ 2 (all),166,67,141,6.932895070801371,0.7084201817458331,0.23433947959992243,1.213303870639843,0.0,2.8617187404728397,58.43373493975904,50.31037078863165,66.27714932126698,0.0906024096385552,-26.184487273035806,25.96239896480331,0.523,-2.0144578313253043,-27.75355867130494,23.34248386034255,0.601,24.69879518072289,4.084759036144579,2.8385046543505603,0.0068860723392605745,1.3480769135754138,-0.6096702820877563,3.3899497714972906,-0.9223858267707243,-2.829142166972537,1.0465659703218628,1.3418331008550417
m05_joint_td,56+57,T−6h,T−12h,gap15,model + price WITH model,70,43,66,6.666091845238023,0.30675799722921854,-0.367004349992233,0.9346534764863076,0.177,1.6722995494363728,54.285714285714285,40.909090909090914,66.66666666666666,-15.62571428571428,-52.65740720311487,28.200384861407247,0.792,-17.421428571428578,-53.70822436729398,25.395231876332616,0.819,21.428571428571427,3.953142857142856,0.9215941992360775,-0.7686149386840683,0.17962169147403007,-2.315988638872003,2.5868298439378212,-2.0593950954694877,-4.483717872330292,0.2971611422369707,0.14455349376099
m05_joint_td,56+57,T−6h,T−12h,gap15,model + price AGAINST model,63,42,60,7.027473910471345,1.0824206851397953,0.4177906672462382,1.8455846577153288,0.0,3.7264464798869428,58.730158730158735,47.61904761904761,70.00373134328358,11.887619047619046,-28.181433594738177,52.4278418826018,0.266,9.38571428571428,-29.829823551732865,49.094089106292955,0.308,28.57142857142857,3.9838095238095232,2.990615199477958,0.5898364266288367,2.224292411888003,-0.3906571629743431,5.390926226418697,-0.02893869011040467,-2.604438134659777,2.98846193008646,1.5130523189269753
m05_joint_td,56+57,T−6h,T−12h,gap15,model + flat price,33,22,29,7.318281703838524,0.8464299151501793,-0.05564866266781527,1.6998014995811697,0.039,3.733885279547511,66.66666666666666,51.42490842490842,81.25,10.543030303030305,-61.778291666666675,91.1348095238095,0.415,7.993939393939389,-62.56726102941176,86.47452380952379,0.441,24.242424242424242,4.556666666666667,1.8898493897813744,0.2591461954459524,2.1538432515573462,-1.6630721307249068,6.000313588141967,-0.2162197904278982,-3.931879329336015,3.5252012977115035,1.1132483633780128
m05_joint_td,56+57,T−6h,T−12h,gap15,market only: price shortened (no model),196,68,133,0.12341167410936037,-0.00016710985517317918,-0.35032245160849634,0.3506299553569738,0.515,0.2892812039489991,52.55102040816326,44.77322127227938,59.799118139718196,4.46581632653061,-11.394677156809552,19.768227794117635,0.305,2.9910714285714253,-12.601198453608252,18.044420487967912,0.383,33.6734693877551,3.3471938775510206,-0.000964937142196989,0.5601916481772165,-1.0596818776474135,-2.1861349790373157,0.04080486721517821,-3.0831265000420345,-4.181591215892989,-2.018690293837075,-1.8316646252433377
m05_joint_td,56+57,T−3h,earliest,droplast,model edge ≥ 2 (all),256,85,232,7.4476681220776015,0.5277320563507076,0.1838299846021458,0.8725822645618342,0.001,2.066226401692992,59.375,53.56935215946843,64.86650713213213,16.523515625,-5.769588335592184,40.992743494776825,0.08,14.068554687499995,-7.72549665544529,37.98730033238366,0.106,30.859375,4.0816015624999995,2.9666005659885997,1.3835114238304977,0.5776510955139617,-0.7804778101405048,1.8986040080665885,-1.6552118637545834,-2.9894987955285894,-0.34095569971471346,0.8124630139554108
m05_joint_td,56+57,T−3h,earliest,droplast,model + price WITH model,90,50,86,6.501182301289628,0.1429262656156725,-0.5127621081705055,0.765344198460757,0.341,0.8149235665811241,52.22222222222223,41.46341463414634,62.365857553497285,-16.471555555555554,-46.075268178629884,12.213026019417473,0.867,-18.21222222222223,-47.203695347205986,9.849443689320378,0.892,25.555555555555554,4.030555555555556,0.43341576473737287,-1.097901115872009,-0.6464823973084661,-2.9950866963071214,1.7054676769614017,-2.838591343142851,-5.145285248681056,-0.5310240470163078,-0.5349423088613908
m05_joint_td,56+57,T−3h,earliest,droplast,model + price AGAINST model,150,71,142,8.009642725338047,0.7709205907438587,0.26117295035633203,1.2188660264146627,0.0,2.82433375549758,63.33333333333333,56.16315167044446,70.1990277582077,25.8524,-6.4429135988575075,59.918889157052035,0.062,23.060999999999993,-8.482520033322755,56.235248263480095,0.088,31.333333333333336,4.0996,3.2357392929120756,1.5296758929377385,1.3231211734936563,-0.7496754198549046,3.189426404026965,-0.928697699512229,-2.9520257825730316,0.9011521110408889,1.3411573738132807
m05_joint_td,56+57,T−3h,earliest,droplast,model + flat price,16,13,15,7.503138958443259,0.41237211929949324,-1.2815784952905331,2.0453526690776185,0.309,1.9975484072792338,62.5,33.33333333333333,87.5,113.78749999999998,22.15,196.1084795321637,0.007,109.15624999999997,19.749999999999996,189.4597953216374,0.011,56.25,4.199999999999999,0.4748309141019466,2.5341011432573617,0.4746200115804823,-6.017693939433008,6.894270151675603,-1.809772581967646,-8.214920302852677,4.473787764347059,0.14586816616727513
m05_joint_td,56+57,T−3h,earliest,droplast,market only: price shortened (no model),348,81,240,-1.729206951714763,-0.5959780174505129,-0.8613310540056196,-0.3106684039336276,1.0,-1.3944572593966609,40.229885057471265,35.77655269581743,45.18751759076836,-12.31287356321839,-26.013677468019853,1.576461162165537,0.959,-13.454597701149428,-26.928232434294195,0.1972085013440793,0.972,31.60919540229885,3.1654310344827565,-4.362055979968666,-1.716489676453333,-2.670960459568819,-3.425640120840378,-1.8751049703618528,-4.585715259827054,-5.313361615538632,-3.791497320552106,-6.621862801376238
m05_joint_td,56+57,T−3h,earliest,gap15,model edge ≥ 2 (all),256,85,232,7.4476681220776015,0.5277320563507076,0.1838299846021458,0.8725822645618342,0.001,2.066226401692992,59.375,53.56935215946843,64.86650713213213,16.523515625,-5.769588335592184,40.992743494776825,0.08,14.068554687499995,-7.72549665544529,37.98730033238366,0.106,30.859375,4.0816015624999995,2.9666005659885997,1.3835114238304977,0.5776510955139617,-0.7804778101405048,1.8986040080665885,-1.6552118637545834,-2.9894987955285894,-0.34095569971471346,0.8124630139554108
m05_joint_td,56+57,T−3h,earliest,gap15,model + price WITH model,92,50,87,6.413886893020334,0.098995755919465,-0.5269355272246229,0.7093434279886365,0.397,0.7411424217342354,52.17391304347826,41.48936170212766,62.251275510204074,-13.450434782608696,-42.14690055379746,14.555711560861965,0.834,-15.234782608695658,-43.343752571202536,12.21704779411764,0.864,26.08695652173913,4.015760869565218,0.3038954064750591,-0.922649272594189,-0.7169549273949941,-3.0450658362801164,1.6664435229213044,-2.9041009510888385,-5.1879158814749875,-0.5971951137842924,-0.6022098966563503
m05_joint_td,56+57,T−3h,earliest,gap15,model + price AGAINST model,148,71,140,8.084292038911506,0.806715155218909,0.2936002873543515,1.2717519228537206,0.0,2.897351902144517,63.51351351351351,56.45727040816326,70.30351906158357,24.559864864864863,-8.08532411294353,58.335672648083595,0.074,21.80168918918918,-10.015377635046118,54.5764769163763,0.099,31.08108108108108,4.10972972972973,3.297700753645651,1.4563699624326016,1.3935446863961212,-0.7014047575250284,3.3577669584383214,-0.8621661372264722,-2.906114367662499,1.0565680175458905,1.3794415896970664
m05_joint_td,56+57,T−3h,earliest,gap15,model + flat price,16,13,15,7.503138958443259,0.41237211929949324,-1.2815784952905331,2.0453526690776185,0.309,1.9975484072792338,62.5,33.33333333333333,87.5,113.78749999999998,22.15,196.1084795321637,0.007,109.15624999999997,19.749999999999996,189.4597953216374,0.011,56.25,4.199999999999999,0.4748309141019466,2.5341011432573617,0.4746200115804823,-6.017693939433008,6.894270151675603,-1.809772581967646,-8.214920302852677,4.473787764347059,0.14586816616727513
m05_joint_td,56+57,T−3h,earliest,gap15,market only: price shortened (no model),353,82,243,-1.71606696717949,-0.6031762036399758,-0.8677233040347744,-0.3391784687973742,1.0,-1.4015759985458687,40.50991501416431,35.64926560390821,45.029571094876,-12.200339943342778,-25.77227721663865,1.551952406720653,0.954,-13.33371104815864,-26.68909212597017,0.2116581491712686,0.97,31.728045325779036,3.162662889518411,-4.443034925372184,-1.7229838002985947,-2.6772250786753196,-3.4487680106873775,-1.9053899520442905,-4.590698698869494,-5.3469812326651915,-3.8389208959818903,-6.731978827352659
m05_joint_td,56+57,T−3h,T−6h,droplast,model edge ≥ 2 (all),247,85,225,7.459062041657425,0.6029714403885577,0.24970128560212218,0.9302565925948604,0.0,2.3330686988641425,60.32388663967612,54.691209511327465,65.57433448638892,14.479838056680162,-9.993798524085475,40.34502465018176,0.119,12.065991902834002,-11.832643946939516,37.39027164500308,0.162,30.364372469635626,4.080607287449393,3.421207715614085,1.1433330000754018,0.840845501255571,-0.5825544198448422,2.181249366728105,-1.3974892951572853,-2.778708986065063,-0.0955151476487533,1.1875805484157098
m05_joint_td,56+57,T−3h,T−6h,droplast,model + price WITH model,100,61,98,7.15821116486662,0.12317356406874129,-0.3731769383186553,0.622884931603495,0.305,1.082113755912166,53.0,43.689320388349515,61.90605590062111,-11.348999999999998,-37.75980665887851,21.65997347387929,0.756,-13.297500000000003,-39.10624853971963,18.93347648557858,0.789,25.0,4.1471,0.46739441858594793,-0.7359366148187682,-0.4045017547287575,-2.3902543956495377,1.545418821769148,-2.6344250206901405,-4.572116901733584,-0.7467754340450649,-0.39977484276701797
m05_joint_td,56+57,T−3h,T−6h,droplast,model + price AGAINST model,104,59,100,7.930734643685974,0.7895625269915232,0.22774432651677326,1.3171758257798336,0.0,2.7714693666350616,65.38461538461539,58.0952380952381,73.68532560214094,35.0375,-7.907095647300579,84.29803031891655,0.067,31.992788461538456,-9.952253369272237,80.0506363040629,0.077,33.65384615384615,4.054423076923076,2.8377967907094117,1.4676528151780663,1.282056548285321,-0.8431258955887659,3.325993539684508,-0.9520626792392911,-3.0502707181119932,1.0478620890285204,1.2003335119973262
m05_joint_td,56+57,T−3h,T−6h,droplast,model + flat price,43,32,41,7.017925694404219,1.2674903851623538,0.36162260983690864,2.194391887975893,0.0,4.181948346469303,65.11627906976744,50.955882352941174,78.05408271474019,24.36093023255814,-27.87200279069767,73.43450000000001,0.204,21.693023255813948,-29.357408139534886,69.65589285714286,0.225,34.883720930232556,3.989302325581395,2.7685745399489012,0.9224192239953126,2.6698868200308925,-1.0303682550928266,6.335959180615299,0.40179453037327373,-3.257581711159349,4.003615420844154,1.4250612896895622
m05_joint_td,56+57,T−3h,T−6h,droplast,market only: price shortened (no model),344,85,231,-0.6863521829045344,-0.48619269619892236,-0.7228274660305739,-0.25090641029865185,0.999,-1.0246420517787882,40.98837209302326,36.51977436937508,45.45518746789933,-10.547267441860463,-21.980607738240312,1.7262037292817678,0.956,-11.72572674418605,-22.881092073083614,0.38568869947658674,0.972,30.523255813953487,3.2848837209302313,-3.951349234851248,-1.7415516376003943,-2.332036711059135,-3.094270778360276,-1.5851563067095722,-4.293128699979655,-5.029822173447977,-3.572363989185349,-6.045136460603566
m05_joint_td,56+57,T−3h,T−6h,gap15,model edge ≥ 2 (all),247,85,225,7.459062041657425,0.6029714403885577,0.24970128560212218,0.9302565925948604,0.0,2.3330686988641425,60.32388663967612,54.691209511327465,65.57433448638892,14.479838056680162,-9.993798524085475,40.34502465018176,0.119,12.065991902834002,-11.832643946939516,37.39027164500308,0.162,30.364372469635626,4.080607287449393,3.421207715614085,1.1433330000754018,0.840845501255571,-0.5825544198448422,2.181249366728105,-1.3974892951572853,-2.778708986065063,-0.0955151476487533,1.1875805484157098
m05_joint_td,56+57,T−3h,T−6h,gap15,model + price WITH model,99,60,97,6.954884428018491,0.13000066147155187,-0.3630484420502931,0.6148219054306077,0.298,1.0312261775180236,53.535353535353536,44.32960402999063,62.50829646017698,-8.255555555555555,-38.29865252525252,27.249117812293445,0.678,-10.260101010101014,-39.57738888888889,24.4196096331791,0.721,26.262626262626267,4.115252525252525,0.5050521427446162,-0.4979371200338292,-0.4482807455794006,-2.2715422767556177,1.4501564446235948,-2.667541130225535,-4.434917905332452,-0.8305488865578906,-0.46663742207646614
m05_joint_td,56+57,T−3h,T−6h,gap15,model + price AGAINST model,102,58,97,8.228272046213192,0.8893378571141651,0.30816078014137244,1.4756317138437092,0.002,3.113666363484188,66.66666666666666,59.4059405940594,73.91521739130434,32.70764705882353,-9.335582610189881,79.59734158415839,0.071,29.695588235294107,-11.483530801615261,75.58233910891086,0.087,32.35294117647059,4.125686274509804,3.0930513789606455,1.425067428976097,1.607517946473963,-0.7876318290582394,3.9432722456841227,-0.6517046790413752,-2.983167646098363,1.6176812318422362,1.3595220722784858
m05_joint_td,56+57,T−3h,T−6h,gap15,model + flat price,46,33,44,6.838500373952358,0.9859004101009847,0.19627413869779337,1.7984744503057355,0.007,3.403969738473296,60.86956521739131,48.888888888888886,74.4186046511628,22.557391304347828,-26.653440692640697,70.38120265780732,0.202,19.936956521739127,-28.229316017316016,66.4819814902705,0.222,34.78260869565217,3.9060869565217393,2.4407664720246833,0.9120339309626243,1.9152565670030968,-1.2467266044537026,5.171861714431689,-0.31781319020220217,-3.44097618447173,2.911454186478172,1.1556338907471324
m05_joint_td,56+57,T−3h,T−6h,gap15,market only: price shortened (no model),342,85,230,-0.7574049766064818,-0.47054368974378086,-0.7084665014886942,-0.2182409278427043,0.999,-1.0030347359679361,41.812865497076025,37.241319736690556,46.1770740210978,-9.875730994152047,-21.12867871923937,3.713513924374039,0.935,-11.06652046783626,-22.1275458731957,2.208053461931521,0.958,30.994152046783626,3.2632163742690046,-3.6471323985864226,-1.5722693729500539,-2.305378859520775,-3.060228055626307,-1.5150439436452086,-4.258895044850032,-4.995073587733257,-3.4875528339878654,-5.85560082542141
m05_joint_td,56+57,T−2h,T−6h,droplast,model edge ≥ 2 (all),292,88,260,7.256202896584692,0.44716615221284517,0.09049609991569528,0.7923795624818654,0.007,1.7910552931852626,54.109589041095894,48.38518962510898,59.602810794486274,23.572671232876704,5.190890096408832,41.05856192669599,0.006,20.974486301369858,2.992235898039598,38.113646497050865,0.008,32.87671232876712,4.149897260273972,2.499422219922342,2.5856645264831664,0.29756961339442156,-1.0250528668155636,1.5527660952441964,-1.9426589062918398,-3.2251087210329126,-0.7090130904051619,0.43689797867813324
m05_joint_td,56+57,T−2h,T−6h,droplast,model + price WITH model,112,63,107,6.923947244694204,0.23814174209941238,-0.2660565353317946,0.7601561222610361,0.179,1.4348040684340957,50.89285714285714,41.964285714285715,59.45945945945946,15.767678571428565,-14.08514554948193,44.728988911290315,0.138,13.289732142857138,-15.88388247532023,41.63722962269583,0.175,33.035714285714285,4.028839285714286,0.9097870248569369,1.0688893672694573,-0.04690425588455987,-2.0009784428181487,1.9522747685836823,-2.2694667423625416,-4.177590650973635,-0.3292960895238454,-0.04722222636710246
m05_joint_td,56+57,T−2h,T−6h,droplast,model + price AGAINST model,137,70,129,7.464100777120421,0.6551704882639846,0.1538494127369794,1.1688988259533735,0.003,2.466349653812361,59.12408759124088,50.71428571428571,66.8922564650982,21.80525547445255,-4.725166867866549,50.349916593810086,0.047,19.104379562043786,-6.765278067383672,46.98214853995453,0.066,31.386861313868614,4.129124087591241,2.5579321204366696,1.5990269839412983,0.9609472393953751,-0.9551555543259277,2.9410783706079404,-1.297156382230104,-3.1645646720906067,0.6171026474556374,1.0231115063292133
m05_joint_td,56+57,T−2h,T−6h,droplast,model + flat price,43,31,41,7.459240649569341,0.32889033578722554,-0.6792607234229353,1.2081935408465034,0.245,0.5674462179810341,46.51162790697674,31.704107830551987,59.461068211068216,49.06790697674419,-4.773431746031743,98.74918452380949,0.034,45.78604651162791,-6.726674603174604,94.11090773809518,0.038,37.2093023255814,4.531395348837209,0.6711919672107497,1.8806565852738872,-0.9187480936494089,-4.503280636455754,2.444958895285865,-3.1480395610950755,-6.638667232415175,0.12171795255216211,-0.5178320862751296
m05_joint_td,56+57,T−2h,T−6h,droplast,market only: price shortened (no model),371,87,256,-1.0678845916074777,-0.45347984173952927,-0.7202098774186944,-0.1908237890179461,1.0,-0.7489067149522131,46.63072776280324,41.94352776173583,51.10095613048369,-10.573099730458217,-21.516435738823162,0.5874282320091918,0.966,-11.727897574123991,-22.484738426031114,-0.8125983803117887,0.98,30.997304582210244,3.194285714285714,-3.3124038221823278,-1.94329413946623,-2.0368971910476588,-2.7585442558415503,-1.3045568558094298,-3.968882905190828,-4.672313867638855,-3.2657850463651616,-5.475645009817557
m05_joint_td,56+57,T−2h,T−6h,gap15,model edge ≥ 2 (all),292,88,260,7.256202896584692,0.44716615221284517,0.09049609991569528,0.7923795624818654,0.007,1.7910552931852626,54.109589041095894,48.38518962510898,59.602810794486274,23.572671232876704,5.190890096408832,41.05856192669599,0.006,20.974486301369858,2.992235898039598,38.113646497050865,0.008,32.87671232876712,4.149897260273972,2.499422219922342,2.5856645264831664,0.29756961339442156,-1.0250528668155636,1.5527660952441964,-1.9426589062918398,-3.2251087210329126,-0.7090130904051619,0.43689797867813324
m05_joint_td,56+57,T−2h,T−6h,gap15,model + price WITH model,110,62,105,6.637393649105517,0.20541288755150905,-0.3663069725555102,0.7202329867908456,0.223,1.3507050289588132,50.90909090909091,41.73338802296964,59.486515343245806,14.201636363636364,-14.45288785310735,45.356112291705664,0.174,11.763181818181815,-16.293723870056503,42.22469890938026,0.208,32.72727272727273,4.012090909090909,0.7433171180833312,0.92729335131397,-0.12758885078789578,-2.274982572325467,1.8534738575037126,-2.3450296704079574,-4.424269965526469,-0.43847577496383966,-0.12063909108228175
m05_joint_td,56+57,T−2h,T−6h,gap15,model + price AGAINST model,139,70,130,7.676651025106054,0.6641715769557532,0.1409317235592583,1.180725210483606,0.004,2.4810037657566606,58.992805755395686,50.66818228002439,67.16446393984278,20.54618705035971,-6.075527083333335,48.67522904996322,0.064,17.86906474820143,-8.204911458333338,45.29231075726021,0.085,30.935251798561154,4.140935251798561,2.519481673574202,1.482119205673593,0.9737633485045109,-0.9803636412683766,2.9600658344698,-1.2870972773737148,-3.1947404098121854,0.6470693474014806,1.0013214250833269
m05_joint_td,56+57,T−2h,T−6h,gap15,model + flat price,43,31,41,7.480080277008878,0.364122084154304,-0.6533155492307825,1.2610790750140959,0.221,0.6872341624291013,46.51162790697674,31.704107830551987,59.461068211068216,56.863255813953494,2.7564220154043637,108.18198863636363,0.02,53.413953488372094,0.6561625481386367,103.57705592105262,0.023,39.53488372093023,4.531395348837209,0.7430814183043817,2.1819278265454924,-0.8006512731229615,-4.387078292216433,2.4887216107993293,-3.0324794264510575,-6.486778583118883,0.1903603959565287,-0.4514073611222902
m05_joint_td,56+57,T−2h,T−6h,gap15,market only: price shortened (no model),368,86,251,-1.1041692253378945,-0.45387908359954837,-0.7189535475812899,-0.19696643275199835,1.0,-0.7446820749530919,46.73913043478261,42.11730072463768,51.405096308186195,-10.824945652173913,-22.091186128364388,0.4729840371695938,0.969,-11.964538043478266,-23.07249474438605,-0.8074986890163438,0.985,30.978260869565215,3.1971195652173905,-3.3365202150522606,-1.8973168888374452,-2.0346903031184187,-2.7963479204597537,-1.290561012407552,-3.969702645366409,-4.717392216917157,-3.2460681212526343,-5.28642675800459
m05_joint_td,56+57,T−60m,earliest,droplast,model edge ≥ 2 (all),334,91,294,7.330754308397829,0.6723266823483299,0.3117936111477698,1.0081083309047985,0.0,2.818385592592861,59.88023952095808,54.48236112491305,64.90763710043932,16.616526946107783,-1.9018230408612105,36.5479060671741,0.049,14.128143712574845,-3.9834886671027783,33.606267170836254,0.086,29.041916167664674,4.304940119760479,3.7645043025652623,1.6485844337855626,1.2987081580684163,-0.21062642164442003,2.8695053882914885,-0.9808079937182522,-2.474891464918746,0.549405801087545,1.6429594252537154
m05_joint_td,56+57,T−60m,earliest,droplast,model + price WITH model,108,59,103,6.834257228080071,0.5483688738952873,-0.010344955495903292,1.1918657796733194,0.031,1.8746080185141727,52.77777777777778,43.92085280373832,62.61705843481543,-1.1075925925925973,-29.06506430839803,28.297762590506828,0.55,-3.1995370370370404,-30.589083230416378,25.53526930812549,0.601,27.77777777777778,4.114074074074075,1.7507006511757732,-0.07686541788705215,0.39667779759456573,-1.8460714981538704,3.051534805124735,-1.820217533784846,-3.9714709319809347,0.8019460353933859,0.31088373727696444
m05_joint_td,56+57,T−60m,earliest,droplast,model + price AGAINST model,205,80,189,7.530839771434228,0.654921205081228,0.26596589705201334,1.0446279703321872,0.002,2.826673845822228,62.4390243902439,56.21387203530062,68.32749161840901,32.82117073170731,6.005129600731813,59.82153453670836,0.008,29.860243902439016,3.7265165599440326,56.313559277507935,0.015,31.70731707317073,4.361609756097561,3.270339022141507,2.344322816818775,1.3008553941255814,-0.4569128271089029,3.177631232152173,-0.9878722834193883,-2.7016222133169694,0.8212828359128668,1.417495778832745
m05_joint_td,56+57,T−60m,earliest,droplast,model + flat price,21,19,21,7.930952629914753,1.479734594380926,0.32491678810728153,2.885752298384421,0.002,7.591189692044212,71.42857142857143,52.17391304347826,89.47368421052632,-51.276190476190486,-100.0,18.021052631578947,0.931,-52.476190476190474,-100.0,15.052631578947365,0.962,9.523809523809524,4.7333333333333325,2.282480892009805,-1.631874934866203,5.9167603266139865,0.01705063244467574,13.008722085242363,3.405116278468653,-2.3435531053088363,10.31624692950395,1.8212220916840025
m05_joint_td,56+57,T−60m,earliest,droplast,market only: price shortened (no model),412,89,297,-1.8028687920941635,-0.4000860447313118,-0.6348195051928083,-0.16243895072924905,0.999,-0.7430323855165201,42.23300970873786,38.01836444805195,46.30876752565876,-9.520000000000003,-20.173593017470143,1.1243851731466397,0.954,-10.736893203883495,-21.25397646229544,-0.28012001500187533,0.977,32.5242718446602,3.1461650485436894,-3.293897642064794,-1.707198060159568,-2.014412457085564,-2.5946994846638014,-1.428437328818486,-3.9214825644391276,-4.474493438001227,-3.3560725882087388,-6.761477939137083
m05_joint_td,56+57,T−60m,earliest,gap15,model edge ≥ 2 (all),334,91,294,7.330754308397829,0.6723266823483299,0.3117936111477698,1.0081083309047985,0.0,2.818385592592861,59.88023952095808,54.48236112491305,64.90763710043932,16.616526946107783,-1.9018230408612105,36.5479060671741,0.049,14.128143712574845,-3.9834886671027783,33.606267170836254,0.086,29.041916167664674,4.304940119760479,3.7645043025652623,1.6485844337855626,1.2987081580684163,-0.21062642164442003,2.8695053882914885,-0.9808079937182522,-2.474891464918746,0.549405801087545,1.6429594252537154
m05_joint_td,56+57,T−60m,earliest,gap15,model + price WITH model,109,59,104,6.86980857267616,0.5393649436885234,-0.01658155699044877,1.1708220262653446,0.029,1.8415484196050744,52.293577981651374,43.476210008203445,62.16751404870215,8.451192660550456,-22.31676404761905,39.240225192603994,0.32,6.114220183486233,-23.989392261904765,36.19877206920902,0.375,29.357798165137616,4.144220183486238,1.7481844918625529,0.5402854079230109,0.3626159193983396,-1.87158423811423,3.032502432981259,-1.8557828309117637,-4.016761692238851,0.7825048005402492,0.28778387883938994
m05_joint_td,56+57,T−60m,earliest,gap15,model + price AGAINST model,204,79,189,7.515258820367466,0.6602544439230084,0.24888807237597393,1.0434812243108702,0.001,2.84900503262811,62.745098039215684,56.632361848849136,68.84641654876323,27.87029411764705,-1.4415544154228868,56.75506693097014,0.029,25.021323529411763,-3.635501399253732,53.19981501532515,0.039,30.88235294117647,4.346715686274511,3.224620808998923,1.909917126660516,1.32348736628205,-0.46424779041490033,3.2075684846922563,-0.9647891332370379,-2.7065394924785187,0.8746851170717495,1.4480721086988106
m05_joint_td,56+57,T−60m,earliest,gap15,model + flat price,21,19,21,7.930952629914753,1.479734594380926,0.32491678810728153,2.885752298384421,0.002,7.591189692044212,71.42857142857143,52.17391304347826,89.47368421052632,-51.276190476190486,-100.0,18.021052631578947,0.931,-52.476190476190474,-100.0,15.052631578947365,0.962,9.523809523809524,4.7333333333333325,2.282480892009805,-1.631874934866203,5.9167603266139865,0.01705063244467574,13.008722085242363,3.405116278468653,-2.3435531053088363,10.31624692950395,1.8212220916840025
m05_joint_td,56+57,T−60m,earliest,gap15,market only: price shortened (no model),412,89,299,-1.7883820131683474,-0.3665508978969717,-0.5955120907260549,-0.13454032397571022,0.999,-0.6763904982239849,41.99029126213592,37.700329082682025,45.90193489911727,-7.8885436893203895,-18.96292973547473,3.71545343222607,0.912,-9.170388349514564,-20.085763757675956,2.2627402736233484,0.943,32.28155339805826,3.1616747572815536,-3.0298363128423307,-1.3452092397544186,-1.9499128388595026,-2.5198682024730314,-1.3603915455384623,-3.860196349812777,-4.412093890207955,-3.292211355878965,-6.5099076854830535
m05_joint_td,56+57,T−60m,T−3h,droplast,model edge ≥ 2 (all),330,91,290,7.356141759298195,0.6628957963680662,0.3116317522905918,1.0023434558388304,0.0,2.781976522042046,59.696969696969695,54.425463880381905,64.70708775313405,16.776727272727268,-1.875267401220308,36.82378205273923,0.046,14.287272727272722,-3.9305001184763975,33.91336713113852,0.078,29.09090909090909,4.31030303030303,3.704737975787309,1.6654319279990066,1.2628727867247669,-0.20270187885028035,2.8807938597051854,-1.015782816251152,-2.472646985150532,0.5488739502283865,1.5941716232781162
m05_joint_td,56+57,T−60m,T−3h,droplast,model + price WITH model,120,64,115,6.901735902332376,0.4672940737431217,-0.08789587223364667,0.9711910131844144,0.046,1.6579876213684988,57.49999999999999,47.3672462406015,66.43452380952381,15.268833333333335,-17.177834175857843,48.09003783524903,0.188,12.709583333333335,-18.949025926776958,44.80300407088122,0.226,30.833333333333336,4.172833333333334,1.7158106040667198,0.9175680160159944,0.17724413253874988,-1.912991492933277,2.1429482030931233,-2.043871100705873,-4.091850154655742,-0.1322908190179869,0.17067228424408395
m05_joint_td,56+57,T−60m,T−3h,droplast,model + price AGAINST model,148,68,140,7.824485821284978,0.8133213348511578,0.3829036286520825,1.2259662372644449,0.0,3.3611801473363783,60.810810810810814,53.164114366646,67.55011634150708,19.472837837837837,-17.339453705454204,57.71522599871821,0.162,16.74628378378378,-19.171561170715574,54.04238765373698,0.187,28.37837837837838,4.429324324324325,3.6474754282740407,1.0090955409773805,1.826387071717662,-0.13984809566021833,3.9374658202132182,-0.4758025417104112,-2.4208893755874974,1.5829472558353959,1.7557187941070906
m05_joint_td,56+57,T−60m,T−3h,droplast,model + flat price,62,45,57,7.1176543667474395,0.6823994579728372,-0.012971120704837424,1.3391375290768848,0.028,3.574823804901154,61.29032258064516,49.17963323145318,72.58064516129032,12.775483870967738,-29.585508474576272,62.99734048582992,0.299,10.261290322580637,-31.118432203389826,59.142571862348134,0.331,27.419354838709676,4.292258064516128,1.9136838047328764,0.5361623709495794,2.018926404843695,-0.9743364361579471,5.192418360461559,-0.31491969524249197,-3.2356050076961864,2.765534784510299,1.269370859974027
m05_joint_td,56+57,T−60m,T−3h,droplast,market only: price shortened (no model),370,89,263,-0.793524307801418,-0.31426195332815654,-0.5668552848462632,-0.07789123789588065,0.994,-0.5222500516848521,45.94594594594595,40.873983455096905,51.11815785337696,10.538648648648646,-2.598509391304347,23.97577909973071,0.05,8.930405405405402,-3.9941060869565224,22.06388798286749,0.08,37.567567567567565,3.274837837837838,-2.5785768703587006,1.5799675571367715,-1.8193023157796,-2.584489194968695,-1.1217264758629433,-3.7648807119217227,-4.5155252415583735,-3.0939952717846513,-4.858116849969718
m05_joint_td,56+57,T−60m,T−3h,gap15,model edge ≥ 2 (all),330,91,290,7.356141759298195,0.6628957963680662,0.3116317522905918,1.0023434558388304,0.0,2.781976522042046,59.696969696969695,54.425463880381905,64.70708775313405,16.776727272727268,-1.875267401220308,36.82378205273923,0.046,14.287272727272722,-3.9305001184763975,33.91336713113852,0.078,29.09090909090909,4.31030303030303,3.704737975787309,1.6654319279990066,1.2628727867247669,-0.20270187885028035,2.8807938597051854,-1.015782816251152,-2.472646985150532,0.5488739502283865,1.5941716232781162
m05_joint_td,56+57,T−60m,T−3h,gap15,model + price WITH model,120,66,115,6.869725663154456,0.4282033709782636,-0.15251047606542026,0.9979582985351505,0.082,1.5635156803536283,56.666666666666664,46.015905285816785,66.41276041666666,17.39216666666666,-11.906261652542371,49.767964738393516,0.141,14.767916666666666,-13.82505561440678,46.2765247789241,0.178,30.833333333333336,4.213666666666667,1.456612493083112,1.073482399298243,0.07946445574320059,-2.137731115536252,2.262817704869559,-2.146612381172442,-4.315886289781475,-0.0005578083776547516,0.07156312194719626
m05_joint_td,56+57,T−60m,T−3h,gap15,model + price AGAINST model,148,68,141,7.89243455627497,0.8823320022717906,0.4522522707417923,1.3031019369068935,0.0,3.6103872482698147,62.16216216216216,54.109308331461946,68.83140410314323,17.87013513513513,-15.245123163915252,54.94269632336149,0.179,15.171959459459458,-17.08198826027226,51.39425850650833,0.207,28.37837837837838,4.397567567567568,3.873937760601499,0.9489879267713737,2.075442478683078,0.032434203693996015,4.26835846043225,-0.2269746756970276,-2.2400863237651003,1.8764011296818335,1.9634318409735076
m05_joint_td,56+57,T−60m,T−3h,gap15,model + flat price,62,45,57,7.017409462276983,0.5933237410942774,-0.1278013022238211,1.2440406152219114,0.052,3.1627912562501166,59.67741935483871,47.368421052631575,70.97320940404592,12.459354838709672,-30.399406779661017,62.70839615384613,0.301,9.954838709677409,-31.907415254237293,59.006471153846135,0.339,27.419354838709676,4.289032258064516,1.6520457021268093,0.524337428083468,1.6136580336273145,-1.5020385289909093,4.70983217520378,-0.710041800306888,-3.752663046050185,2.298550605963234,1.0054364558312032
m05_joint_td,56+57,T−60m,T−3h,gap15,market only: price shortened (no model),370,89,262,-0.7855698223734641,-0.2827709358101975,-0.5243682283824319,-0.0565197539402573,0.988,-0.46633326007891845,45.94594594594595,41.142454728370225,50.828844383057096,12.338324324324322,-1.540547380346636,26.405049664930992,0.034,10.680945945945945,-2.91420892629989,24.440359002498422,0.056,38.108108108108105,3.2817027027027033,-2.369633360215515,1.745607633537788,-1.7629787635837146,-2.507414966018732,-1.0637391107216585,-3.7079470188409114,-4.438778549123723,-3.0288456175362217,-4.730570435689168
m05_joint_td,56+57,T−25m,T−60m,droplast,model edge ≥ 2 (all),519,97,455,7.588948426312781,0.2514077576231508,0.1094762719264375,0.4079183308230305,0.0,0.9211903788872517,56.26204238921002,52.255370569280345,60.613098471327696,7.594219653179188,-7.441279101461539,22.897680037313428,0.147,5.3150289017341,-9.373421918323233,20.26633162313432,0.213,27.360308285163775,4.427052023121386,3.267724285227497,0.994288880793239,-0.5771694732580352,-1.2117436178021146,0.16666729871826236,-2.8247092514759657,-3.450829486582267,-2.1008795234819693,-1.617569081387088
m05_joint_td,56+57,T−25m,T−60m,droplast,model + price WITH model,172,76,165,7.209976491592498,0.3287527734414893,0.08611101384871687,0.5567238567391782,0.004,1.3158135117509928,57.55813953488372,51.11050724637681,64.33197248949722,5.70988372093023,-16.68662064333018,31.201776173857862,0.345,3.417151162790693,-18.506642904446554,28.319662732175807,0.412,29.651162790697676,4.098546511627907,2.6915409891042956,0.4662653641219882,-0.1778668819664903,-1.1253127158686953,0.7030518588920168,-2.4183874725427144,-3.347318261592718,-1.5654570770436003,-0.3713169312247548
m05_joint_td,56+57,T−25m,T−60m,droplast,model + price AGAINST model,235,81,219,7.98870766589843,0.20366712650862287,-0.029793657962982598,0.4438481332408132,0.049,0.7952583680198949,55.74468085106383,49.151798988997925,62.673973239550484,9.825957446808506,-15.093088527628034,36.38827658322636,0.223,7.362765957446804,-16.981354658018873,33.33978805626871,0.288,26.382978723404253,4.627574468085104,1.6846722676504773,0.7509854031010705,-0.7036686084092201,-1.8175663615228628,0.4319134137177779,-2.9520590730528933,-4.054345243684845,-1.8436634285434392,-1.2309777230844798
m05_joint_td,56+57,T−25m,T−60m,droplast,model + flat price,112,60,101,7.332160493002612,0.23279798611564975,-0.07515913384538274,0.5456940143070589,0.062,0.5793943405056929,55.35714285714286,46.015905285816785,63.8095238095238,5.5196428571428555,-24.329549119241186,38.23012608695653,0.383,3.2187499999999956,-26.04945714769648,35.14455434782609,0.446,25.892857142857146,4.510803571428572,1.4768104685241534,0.3410469303960827,-0.9249618745224756,-2.1318090920805637,0.30206185673736363,-3.1814961970647277,-4.381086135295599,-1.9803479358302267,-1.4639123523802264
m05_joint_td,56+57,T−25m,T−60m,droplast,market only: price shortened (no model),584,93,413,-1.1729091158060192,-0.009547328176461199,-0.14630986473004817,0.12429607173425034,0.574,0.18056850274968822,50.68493150684932,46.82924554058974,54.42491007194244,4.415034246575343,-5.29083909823196,13.733687210200925,0.174,2.92628424657534,-6.659149506792275,12.058786949381757,0.265,36.3013698630137,3.2059760273972606,-0.13782702301943475,0.9324942518484218,-1.1199125387146016,-1.4754532467197015,-0.740888440754086,-3.0706341009110347,-3.4258131408491552,-2.697079011490285,-5.98069000139712
m05_joint_td,56+57,T−25m,T−60m,gap15,model edge ≥ 2 (all),519,97,455,7.588948426312781,0.2514077576231508,0.1094762719264375,0.4079183308230305,0.0,0.9211903788872517,56.26204238921002,52.255370569280345,60.613098471327696,7.594219653179188,-7.441279101461539,22.897680037313428,0.147,5.3150289017341,-9.373421918323233,20.26633162313432,0.213,27.360308285163775,4.427052023121386,3.267724285227497,0.994288880793239,-0.5771694732580352,-1.2117436178021146,0.16666729871826236,-2.8247092514759657,-3.450829486582267,-2.1008795234819693,-1.617569081387088
m05_joint_td,56+57,T−25m,T−60m,gap15,model + price WITH model,164,74,158,7.309236591591734,0.15503978563445606,-0.0889547559369243,0.3949006992322751,0.099,0.3597747118766957,51.21951219512195,44.21768707482993,58.17282913165267,-6.2501219512195165,-29.282544497545857,17.604623957876257,0.694,-8.317378048780492,-30.801955082665987,14.960168220049997,0.764,25.609756097560975,4.309146341463415,1.2407463563306835,-0.5234297131308367,-1.132934501386863,-2.1206502597155565,-0.17232008379201627,-3.3719983212822005,-4.34497300635075,-2.4447993588332806,-2.2164452682973863
m05_joint_td,56+57,T−25m,T−60m,gap15,model + price AGAINST model,181,75,171,7.869226988289053,0.26653756134918255,0.050683898905478315,0.48645236576150225,0.01,1.0728164506919242,58.5635359116022,51.7209280997799,66.00151515151515,13.795469613259666,-12.361222047405684,41.906501938587795,0.156,11.275966850828725,-14.283614854465236,38.735355454931366,0.206,28.176795580110497,4.609668508287293,2.2815153786110662,1.0013576600017269,-0.4220430296290777,-1.3650617596265142,0.6584096740810004,-2.664332250110581,-3.5840817014976247,-1.6194005351733844,-0.7933863723915542
m05_joint_td,56+57,T−25m,T−60m,gap15,model + flat price,174,73,159,7.561030731925115,0.32649886642622117,0.05703063017656121,0.5966881669969669,0.006,1.2926148064337197,58.620689655172406,51.14942528735632,65.91200466200465,14.008275862068963,-9.805690501412432,42.2220401618929,0.144,11.503448275862066,-11.732411683038007,38.93873209838106,0.193,28.160919540229884,4.348218390804597,2.43338826379561,1.0179090070079935,-0.21471212661271138,-1.3762272668602127,0.9385623362505037,-2.4757025261823578,-3.620699730433266,-1.3515589930933556,-0.3666500337917283
m05_joint_td,56+57,T−25m,T−60m,gap15,market only: price shortened (no model),502,91,362,-0.5417679421552125,-0.093753531908211,-0.24214194145919413,0.0532251232289924,0.889,-0.20849748539608756,48.007968127490045,43.693123503250085,52.23061549853416,-2.9809960159362565,-15.10172874511507,7.89164418540049,0.707,-4.36284860557769,-16.261213925929027,6.384162324649289,0.784,33.66533864541832,3.337270916334661,-1.2637236133464362,-0.5011778746422761,-1.522430797093148,-1.9799093794380944,-1.0817115618387838,-3.4933307646387384,-3.9374318667288337,-3.0508971216774383,-6.688772081817676
m12_td,56+57,T−6h,earliest,droplast,model edge ≥ 2 (all),182,71,159,7.730552762895663,0.6399638314228229,0.21247419220976166,1.0571698209850504,0.002,2.648094230939175,57.14285714285714,49.142355889724314,64.1160079652626,17.484835164835165,-5.043398570124735,41.44906076656395,0.068,14.964835164835161,-7.098748174627324,38.35719785246533,0.094,29.120879120879124,4.217967032967033,2.889614121262178,1.450642089634974,1.1350893216621558,-0.6565221135914873,2.884549255110508,-1.1344180422533727,-2.876938575525141,0.5505334919410485,1.24394903645997
m12_td,56+57,T−6h,earliest,droplast,model + price WITH model,54,41,53,7.55072104263396,0.6278685033646058,-0.1536823623347183,1.5753488046502,0.063,2.52704847513365,55.55555555555556,41.66666666666667,68.25595238095238,-0.6285185185185158,-48.545435833333336,47.798352777777765,0.546,-2.876851851851854,-49.69315208333334,44.29942361111109,0.594,25.925925925925924,3.822407407407408,1.4358876267898129,-0.02597192625038688,1.048345354044704,-2.2287205228858897,4.7517575817495015,-1.1697093275887178,-4.364427596756113,2.4530435311701053,0.6031303212493867
m12_td,56+57,T−6h,earliest,droplast,model + price AGAINST model,104,59,99,7.50406229645884,0.694223811044249,0.19163891151451246,1.265138043682751,0.002,2.5748832886869946,57.692307692307686,48.270888594164454,66.67410714285712,31.428461538461537,-0.7559579288025929,67.900590780543,0.027,28.49423076923077,-3.005540643854867,64.07993424773754,0.036,32.69230769230769,4.078173076923077,2.581689736040851,1.795661935442366,1.063919184716252,-0.8479833820697977,3.3127603057747117,-1.2025269712398603,-3.067210070001531,0.9889451222388138,1.0044544379965223
m12_td,56+57,T−6h,earliest,droplast,model + flat price,24,19,22,9.116632821377406,0.4320517411942974,-0.5885800310414515,1.492874265625816,0.22,3.2376945979277174,58.333333333333336,34.78260869565217,80.76923076923077,-2.8491666666666693,-73.60242482517482,98.42426086956517,0.566,-5.185416666666677,-74.13329108391608,93.41403726708069,0.589,20.833333333333336,5.71375,0.767721866317809,-0.0620977568629198,1.6386671755670033,-4.001542424597639,7.461505059685263,-0.7598739579740698,-6.2409846778040885,4.863578239382037,0.5674134473182064
m12_td,56+57,T−6h,earliest,droplast,market only: price shortened (no model),206,72,147,-1.6099272203590305,-0.2736467590172231,-0.6414844978796885,0.07300317190899581,0.939,-0.37454656141924025,47.57281553398058,41.43543620711807,53.81250364665382,5.43388349514563,-10.66752702020202,21.302816849247662,0.261,3.994902912621357,-11.85511179207809,19.5024494341284,0.307,37.37864077669903,3.055825242718447,-1.4694435292669696,0.6792057835208121,-1.642917552213212,-2.7764777005659504,-0.4467041636276745,-3.5454740384041705,-4.675953773414216,-2.346969888654883,-2.7690953417904076
m12_td,56+57,T−6h,earliest,gap15,model edge ≥ 2 (all),182,71,159,7.730552762895663,0.6399638314228229,0.21247419220976166,1.0571698209850504,0.002,2.648094230939175,57.14285714285714,49.142355889724314,64.1160079652626,17.484835164835165,-5.043398570124735,41.44906076656395,0.068,14.964835164835161,-7.098748174627324,38.35719785246533,0.094,29.120879120879124,4.217967032967033,2.889614121262178,1.450642089634974,1.1350893216621558,-0.6565221135914873,2.884549255110508,-1.1344180422533727,-2.876938575525141,0.5505334919410485,1.24394903645997
m12_td,56+57,T−6h,earliest,gap15,model + price WITH model,55,42,54,7.577950572352612,0.6331862208369491,-0.16596930245868638,1.5608924000018827,0.054,2.581503189877783,56.36363636363636,43.859649122807014,69.0944055944056,-2.4352727272727246,-50.456663742690054,43.285422490652856,0.585,-4.6427272727272735,-51.57565058479533,40.020167120387164,0.627,25.454545454545453,3.8620000000000005,1.4549430694889758,-0.10380776675055658,1.0977091989340728,-1.8900979587031235,4.85390608719034,-1.127981787481497,-4.029672179365395,2.5057190851214055,0.636362900608975
m12_td,56+57,T−6h,earliest,gap15,model + price AGAINST model,102,59,97,7.536014128674843,0.7321221919719698,0.22700587406455697,1.281361550348509,0.0,2.6761571015447685,57.84313725490197,48.57001414427157,67.0,34.00549019607843,2.070200038505968,71.05348065764022,0.022,31.01372549019608,-0.27306074316519424,67.10382978723405,0.028,33.33333333333333,4.068431372549019,2.728928014685133,1.9126337933247295,1.1647592556306234,-0.8476003382690409,3.358371519383062,-1.1023375132405928,-3.066589904197253,1.0338173616660962,1.0899312069818472
m12_td,56+57,T−6h,earliest,gap15,model + flat price,25,20,23,8.859995209711329,0.2788684636712253,-0.7555573671108053,1.3398996442840276,0.308,2.6800980092034132,56.00000000000001,33.33333333333333,76.92307692307693,-6.7352000000000025,-73.69884257871064,87.8908344481605,0.593,-8.978000000000009,-74.29148425787108,83.23453296703292,0.618,20.0,5.611200000000001,0.5111121176140395,-0.15418068987224323,1.0962722610725906,-4.299034071204989,6.65358907474958,-1.2794663611236445,-6.505998221283289,4.129472786439283,0.38488218014517234
m12_td,56+57,T−6h,earliest,gap15,market only: price shortened (no model),205,72,145,-1.5131416236709496,-0.295439342112123,-0.6600339488913022,0.06398330721742844,0.945,-0.41819413519575915,47.3170731707317,40.9572175348496,53.847150259067355,4.026243902439024,-11.306631187888922,19.898404749103936,0.3,2.624146341463409,-12.453672194922195,18.21928725038402,0.358,37.073170731707314,3.071268292682927,-1.558472168934214,0.5108482849546067,-1.6885439125746826,-2.8251499468393337,-0.4803102796852088,-3.594068578643068,-4.694643716434682,-2.389639987536173,-2.7940193927500783
m12_td,56+57,T−6h,T−12h,droplast,model edge ≥ 2 (all),162,68,140,7.7165544645939255,0.6493184393927645,0.17727079731993012,1.120578878694036,0.005,2.606579529527519,56.17283950617284,47.67972139757936,63.63763331640426,10.408765432098766,-13.574622530120486,35.05996039473685,0.205,8.068209876543206,-15.400866566265064,32.14312494761984,0.262,27.77777777777778,4.089567901234568,2.680130446008329,0.8297075605498011,1.0957495790912042,-0.8063258780789905,2.884642396761638,-1.1704953465632693,-3.021518631627261,0.579999421687893,1.138451900782528
m12_td,56+57,T−6h,T−12h,droplast,model + price WITH model,67,46,64,7.237273006885447,0.19684231742623634,-0.5240957516419467,0.8915060730629922,0.304,1.1080541098927157,50.74626865671642,36.919117647058826,63.94054318571079,-6.625970149253727,-45.916931369824944,32.79334999999999,0.647,-8.661940298507467,-46.97111419838843,29.868553571428567,0.693,23.88059701492537,3.9134328358208954,0.5450574113373297,-0.328317810962658,-0.37037290743742163,-3.1964871194118696,2.2158638584426797,-2.5880134334326304,-5.342993578316752,-0.05797089575548752,-0.2720313028413396
m12_td,56+57,T−6h,T−12h,droplast,model + price AGAINST model,63,43,61,8.107129042395755,0.8908178484483598,0.2100777289613432,1.6488404483434274,0.005,3.108641887738741,53.96825396825397,43.07142857142858,65.07936507936508,20.413333333333334,-17.619603174603178,60.668475499092565,0.155,17.74761904761904,-19.507341269841277,56.913603156049085,0.189,31.746031746031743,4.078571428571428,2.489293861604373,1.0192714693524434,1.5982294848335568,-1.2463001158675147,4.577621675321289,-0.6673891195242191,-3.4200749508995636,2.2604898170110066,1.093973143647891
m12_td,56+57,T−6h,T−12h,droplast,model + flat price,32,23,29,7.9511063166237,1.1212383581819791,0.17398103462618172,2.0194183487846864,0.01,4.755681859159546,71.875,54.83870967741935,87.09677419354838,25.941250000000004,-47.77885714285713,110.13421693121695,0.251,22.946874999999988,-48.96857142857143,104.94686507936503,0.269,28.125,4.4799999999999995,2.3311948547066756,0.6432760816528833,3.1761862208302585,-0.87011689168821,7.0789223988034715,0.8069427633363262,-3.190367007999272,4.5445545418692035,1.5491205151669785
m12_td,56+57,T−6h,T−12h,droplast,market only: price shortened (no model),201,68,134,-0.06235686801689471,-0.053093504939630394,-0.3982359477777817,0.2872211256615326,0.644,0.14775354972047258,51.243781094527364,43.29722401202749,58.85649671052631,7.597412935323381,-8.67933890195659,23.375625386224268,0.173,6.0905472636815885,-9.949264627659577,21.531827999477105,0.218,34.82587064676617,3.3269651741293527,-0.30528664086407303,0.9429743316292402,-1.1954026190752869,-2.3841655238133828,-0.05073698552496927,-3.210136872268927,-4.373807573313973,-2.0869220187315003,-2.0535384364314577
m12_td,56+57,T−6h,T−12h,gap15,model edge ≥ 2 (all),162,68,140,7.7165544645939255,0.6493184393927645,0.17727079731993012,1.120578878694036,0.005,2.606579529527519,56.17283950617284,47.67972139757936,63.63763331640426,10.408765432098766,-13.574622530120486,35.05996039473685,0.205,8.068209876543206,-15.400866566265064,32.14312494761984,0.262,27.77777777777778,4.089567901234568,2.680130446008329,0.8297075605498011,1.0957495790912042,-0.8063258780789905,2.884642396761638,-1.1704953465632693,-3.021518631627261,0.579999421687893,1.138451900782528
m12_td,56+57,T−6h,T−12h,gap15,model + price WITH model,69,46,66,7.218961924889636,0.24907954988875028,-0.4763340638990429,0.9210490394360863,0.248,1.2558805092785386,52.17391304347826,39.34426229508197,64.51714985708452,-9.332463768115938,-47.16290995670995,28.528708823529406,0.698,-11.309420289855078,-48.3024696969697,25.61831617647057,0.725,23.18840579710145,3.9194202898550716,0.7089721368015287,-0.4746576698614439,-0.22233371111249836,-2.9592088917253343,2.30333393897871,-2.4396550416990563,-5.105690375507789,0.01920389408062465,-0.1687649209562555
m12_td,56+57,T−6h,T−12h,gap15,model + price AGAINST model,60,42,58,8.178294446648865,1.008605060188129,0.2838153629976658,1.7313092011737223,0.001,3.5134053347803347,55.00000000000001,43.85690789473684,67.93474842767294,26.434,-14.265919422061682,65.74782454978815,0.095,23.63499999999999,-16.048464156710203,62.01344047934321,0.118,33.33333333333333,4.044999999999999,2.7018514291766995,1.304069634932113,2.00127709721316,-0.8723437819563781,4.92150043926419,-0.2669152591375999,-3.066181082782153,2.6118865345466933,1.3183747910212549
m12_td,56+57,T−6h,T−12h,gap15,model + flat price,33,23,30,7.917447989330278,0.8329331705459498,-0.10004981481055014,1.6818942790452283,0.041,3.781994198679361,66.66666666666666,50.0,81.08530405405405,22.124848484848485,-50.71578860294117,109.90653793103446,0.303,19.221212121212112,-51.86378216911764,104.70373399014774,0.329,27.27272727272727,4.526363636363636,1.8088421254865954,0.5465627845017915,2.2053282438408432,-1.6301612957138238,5.8396298142463055,-0.15967068841693083,-3.9339072005916873,3.324454899960168,1.134801249871947
m12_td,56+57,T−6h,T−12h,gap15,market only: price shortened (no model),196,68,133,0.15386700928695363,-0.00016710985517317918,-0.35032245160849634,0.3506299553569738,0.515,0.2892812039489991,52.55102040816326,44.77322127227938,59.799118139718196,4.46581632653061,-11.394677156809552,19.768227794117635,0.305,2.9910714285714253,-12.601198453608252,18.044420487967912,0.383,33.6734693877551,3.3471938775510206,-0.000964937142196989,0.5601916481772165,-1.0596818776474135,-2.1861349790373157,0.04080486721517821,-3.0831265000420345,-4.181591215892989,-2.018690293837075,-1.8316646252433377
m12_td,56+57,T−3h,earliest,droplast,model edge ≥ 2 (all),269,85,244,7.867756815587806,0.43362236649782204,0.09559764652038037,0.7635378827937233,0.008,1.73240063256175,55.762081784386616,50.187265917603,60.75676160413228,10.538587360594795,-9.943899029411764,32.626375247257684,0.173,8.190334572490698,-11.783645367647063,29.788462169573815,0.24,29.36802973977695,4.031598513011152,2.53259169255569,0.9551201513286209,0.256008220448098,-1.1202132540954932,1.6309245506256786,-1.9585803977223797,-3.2928202087008565,-0.5976066446267507,0.3713548796836489
m12_td,56+57,T−3h,earliest,droplast,model + price WITH model,93,53,89,7.027789147672638,0.21825702243002262,-0.4493593723799973,0.8199397388640424,0.27,0.9786338859263777,51.61290322580645,41.413270637408566,60.416666666666664,-25.25720430107527,-48.912160728966846,-2.7485751474023865,0.989,-26.788172043010753,-49.91814915045218,-4.7854883746801775,0.994,23.655913978494624,3.950537634408603,0.6849023401776981,-2.120164137795155,-0.4696877488718706,-2.76905286582998,1.7225045759284479,-2.6421702010692427,-4.895918327772899,-0.5004189356262168,-0.4034494969841289
m12_td,56+57,T−3h,earliest,droplast,model + price AGAINST model,161,73,152,8.312117852926958,0.5951209169677498,0.166021140509505,1.0344319551553502,0.007,2.216243840635294,57.7639751552795,50.0,65.41048966756513,20.193788819875774,-11.190310038407825,52.998337731904876,0.111,17.503105590062102,-13.049184317129633,49.50764557954965,0.147,29.81366459627329,4.074534161490683,2.6042843980277066,1.1985182458879926,0.7245423854601807,-1.0162678847733075,2.6414136564279427,-1.513009797302489,-3.217354090125831,0.33222139148176083,0.7669503767548267
m12_td,56+57,T−3h,earliest,droplast,model + flat price,15,12,14,8.306081222554948,0.03546972467428559,-2.2811301744647894,2.050729441603276,0.474,1.2125040283783526,60.0,30.76923076923077,87.5,128.04,37.23064732142858,211.9008333333333,0.005,123.09999999999997,34.55485491071428,204.8360576923077,0.005,60.0,4.073333333333333,0.032607787465729836,2.7795483528406644,-0.27361014089778274,-8.153755699904861,7.0929472260012965,-2.5027813948119895,-10.165046907235425,4.6631356225698015,-0.07284174050410118
m12_td,56+57,T−3h,earliest,droplast,market only: price shortened (no model),348,81,240,-1.8105580411548523,-0.5959780174505129,-0.8613310540056196,-0.3106684039336276,1.0,-1.3944572593966609,40.229885057471265,35.77655269581743,45.18751759076836,-12.31287356321839,-26.013677468019853,1.576461162165537,0.959,-13.454597701149428,-26.928232434294195,0.1972085013440793,0.972,31.60919540229885,3.1654310344827565,-4.362055979968666,-1.716489676453333,-2.670960459568819,-3.425640120840378,-1.8751049703618528,-4.585715259827054,-5.313361615538632,-3.791497320552106,-6.621862801376238
m12_td,56+57,T−3h,earliest,gap15,model edge ≥ 2 (all),269,85,244,7.867756815587806,0.43362236649782204,0.09559764652038037,0.7635378827937233,0.008,1.73240063256175,55.762081784386616,50.187265917603,60.75676160413228,10.538587360594795,-9.943899029411764,32.626375247257684,0.173,8.190334572490698,-11.783645367647063,29.788462169573815,0.24,29.36802973977695,4.031598513011152,2.53259169255569,0.9551201513286209,0.256008220448098,-1.1202132540954932,1.6309245506256786,-1.9585803977223797,-3.2928202087008565,-0.5976066446267507,0.3713548796836489
m12_td,56+57,T−3h,earliest,gap15,model + price WITH model,95,53,90,6.9717888043105605,0.17412788131760365,-0.4739295632749357,0.7706938972846991,0.3,0.9037361389305433,51.578947368421055,41.24652777777778,60.37004294013639,-22.146526315789476,-45.43730331683169,-0.25642626168224913,0.976,-23.72421052631579,-46.59144022277228,-2.35808200934581,0.983,24.210526315789473,3.937894736842106,0.5531966122918166,-1.8703565083889147,-0.5416568232385418,-2.842670701855705,1.6804987809330494,-2.7097462664921697,-4.950715872373997,-0.5509644696864661,-0.4710857650476457
m12_td,56+57,T−3h,earliest,gap15,model + price AGAINST model,159,73,150,8.361732255630768,0.6262278112743869,0.1979312944197827,1.0738319059025676,0.006,2.276561487641722,57.861635220125784,50.0,65.66582117945465,18.919496855345912,-12.316166381369431,51.43916498038405,0.13,16.26100628930817,-14.145236315684718,48.01435370638034,0.167,29.559748427672954,4.083647798742138,2.690606405828044,1.1268179137550762,0.7825645385010475,-0.9744126449766132,2.711613944873202,-1.4584308852099634,-3.163866235960535,0.4121439507434115,0.812778080442361
m12_td,56+57,T−3h,earliest,gap15,model + flat price,15,12,14,8.306081222554948,0.03546972467428559,-2.2811301744647894,2.050729441603276,0.474,1.2125040283783526,60.0,30.76923076923077,87.5,128.04,37.23064732142858,211.9008333333333,0.005,123.09999999999997,34.55485491071428,204.8360576923077,0.005,60.0,4.073333333333333,0.032607787465729836,2.7795483528406644,-0.27361014089778274,-8.153755699904861,7.0929472260012965,-2.5027813948119895,-10.165046907235425,4.6631356225698015,-0.07284174050410118
m12_td,56+57,T−3h,earliest,gap15,market only: price shortened (no model),353,82,243,-1.789880231587259,-0.6031762036399758,-0.8677233040347744,-0.3391784687973742,1.0,-1.4015759985458687,40.50991501416431,35.64926560390821,45.029571094876,-12.200339943342778,-25.77227721663865,1.551952406720653,0.954,-13.33371104815864,-26.68909212597017,0.2116581491712686,0.97,31.728045325779036,3.162662889518411,-4.443034925372184,-1.7229838002985947,-2.6772250786753196,-3.4487680106873775,-1.9053899520442905,-4.590698698869494,-5.3469812326651915,-3.8389208959818903,-6.731978827352659
m12_td,56+57,T−3h,T−6h,droplast,model edge ≥ 2 (all),260,85,237,7.8381447093712024,0.5018421382234871,0.16215377448821078,0.8348903806707,0.003,1.9743453074813377,56.53846153846154,50.876814882032676,61.56941176470588,8.389923076923077,-12.765094990618824,31.710186651583705,0.249,6.08442307692307,-14.63258405698441,28.84982385549346,0.318,28.846153846153843,4.0289230769230775,2.9493356238112107,0.7217568697751302,0.49490911407342386,-0.827201581442353,1.8555600899054303,-1.7242451760384467,-3.029420805428058,-0.39755060595595004,0.7181319286274906
m12_td,56+57,T−3h,T−6h,droplast,model + price WITH model,102,63,99,7.985010074379245,0.12857455255673853,-0.3487216730607709,0.620006706409675,0.278,1.0802150975400946,51.9607843137255,43.00344503601629,60.952380952380956,-9.531960784313725,-36.50828387605042,18.174623458616942,0.742,-11.521078431372555,-37.904671087184866,15.568313603630257,0.804,25.49019607843137,4.148529411764707,0.510924126187399,-0.6578072424514744,-0.40645637651555805,-2.316721660381322,1.535182888785358,-2.6364635875990357,-4.474352524717657,-0.7440949448050515,-0.4222231769598292
m12_td,56+57,T−3h,T−6h,droplast,model + price AGAINST model,117,62,113,7.91583014215388,0.5626690500956886,0.08179601848807028,1.05032789784849,0.012,2.0668653578115364,59.82905982905983,51.88591893780572,67.54385964912281,22.471111111111114,-15.940064678404598,65.65974790735473,0.135,19.71623931623931,-17.78135106000719,61.90494473791141,0.171,30.76923076923077,3.9566666666666666,2.2014254287742303,1.0649151861253108,0.6000027281771688,-1.197825430749328,2.452604836640014,-1.6002912162743836,-3.3873745116069647,0.20048230952105167,0.621987923259922
m12_td,56+57,T−3h,T−6h,droplast,model + flat price,41,30,39,7.251084639459165,1.2568798223444826,0.3233372187133608,2.291860479875475,0.003,3.934746173953865,58.536585365853654,46.33677298311445,73.52941176470588,12.402926829268296,-35.312044444444446,68.1414318181818,0.336,10.007317073170725,-36.69867857142857,64.6596314102564,0.365,31.70731707317073,3.937560975609756,2.5835172605924703,0.4637160294101691,2.437429289437766,-1.1795501975705616,6.526740199626385,0.19145396266361492,-3.378388355092074,4.206042723360975,1.2577749586308948
m12_td,56+57,T−3h,T−6h,droplast,market only: price shortened (no model),344,85,231,-0.696187599953204,-0.48619269619892236,-0.7228274660305739,-0.25090641029865185,0.999,-1.0246420517787882,40.98837209302326,36.51977436937508,45.45518746789933,-10.547267441860463,-21.980607738240312,1.7262037292817678,0.956,-11.72572674418605,-22.881092073083614,0.38568869947658674,0.972,30.523255813953487,3.2848837209302313,-3.951349234851248,-1.7415516376003943,-2.332036711059135,-3.094270778360276,-1.5851563067095722,-4.293128699979655,-5.029822173447977,-3.572363989185349,-6.045136460603566
m12_td,56+57,T−3h,T−6h,gap15,model edge ≥ 2 (all),260,85,237,7.8381447093712024,0.5018421382234871,0.16215377448821078,0.8348903806707,0.003,1.9743453074813377,56.53846153846154,50.876814882032676,61.56941176470588,8.389923076923077,-12.765094990618824,31.710186651583705,0.249,6.08442307692307,-14.63258405698441,28.84982385549346,0.318,28.846153846153843,4.0289230769230775,2.9493356238112107,0.7217568697751302,0.49490911407342386,-0.827201581442353,1.8555600899054303,-1.7242451760384467,-3.029420805428058,-0.39755060595595004,0.7181319286274906
m12_td,56+57,T−3h,T−6h,gap15,model + price WITH model,101,62,98,7.810533506612325,0.13531993504551323,-0.33566840203630943,0.6510260548908192,0.277,1.0303163953678949,52.475247524752476,43.87710347296813,61.70369211514392,-6.481782178217822,-37.52172727272727,26.23489285714285,0.662,-8.52623762376238,-38.88185708435709,23.45062499999998,0.705,26.732673267326735,4.117326732673268,0.5563592030723504,-0.39649879247866016,-0.4493878093472461,-2.065731171994806,1.4799118005341843,-2.668944116419956,-4.255654098664131,-0.8036041238837641,-0.4910322329433509
m12_td,56+57,T−3h,T−6h,gap15,model + price AGAINST model,115,61,110,8.128862306993122,0.6472194563454086,0.1466361832917985,1.1787574326722428,0.008,2.358125233124265,60.86956521739131,53.209562773782956,68.70473282442748,20.186086956521745,-20.824778073463268,59.02191626085811,0.173,17.465217391304336,-22.58995024362819,55.41457858976045,0.201,29.565217391304348,4.018173913043478,2.3922540459172517,0.9793390842512268,0.8768110323078223,-1.0886265270183137,3.104241538089711,-1.3451602689168427,-3.2636321715295926,0.8116841844747887,0.8100466137495284
m12_td,56+57,T−3h,T−6h,gap15,model + flat price,44,31,42,7.141694885555885,0.9632137504269968,0.090453011128742,1.8798656800723992,0.015,3.138259595538638,54.54545454545454,42.099143206854336,68.29268292682927,11.332727272727274,-32.10363,60.13423754152825,0.342,8.96818181818181,-33.506325000000004,56.65589587737842,0.372,31.818181818181817,3.8540909090909095,2.0830616913306277,0.4689627347000357,1.6643470383582384,-1.8196584350775171,5.232828663905868,-0.5465217974123605,-3.932409455510359,2.9911447757511547,0.9010906685544572
m12_td,56+57,T−3h,T−6h,gap15,market only: price shortened (no model),342,85,230,-0.7529278212179727,-0.47054368974378086,-0.7084665014886942,-0.2182409278427043,0.999,-1.0030347359679361,41.812865497076025,37.241319736690556,46.1770740210978,-9.875730994152047,-21.12867871923937,3.713513924374039,0.935,-11.06652046783626,-22.1275458731957,2.208053461931521,0.958,30.994152046783626,3.2632163742690046,-3.6471323985864226,-1.5722693729500539,-2.305378859520775,-3.060228055626307,-1.5150439436452086,-4.258895044850032,-4.995073587733257,-3.4875528339878654,-5.85560082542141
m12_td,56+57,T−2h,T−6h,droplast,model edge ≥ 2 (all),286,88,255,7.924365229468474,0.4106364434772578,0.053780444856718006,0.778143360710133,0.013,1.7252757270336352,55.59440559440559,49.82886489572925,61.42931547619048,19.76328671328671,0.8445193020841043,37.55037867547097,0.019,17.23164335664335,-1.2439477026626153,34.63762781954886,0.033,31.818181818181817,4.1388111888111885,2.2245949891054275,2.073767989384275,0.23696380840204656,-1.1259376185051004,1.6063854791284806,-1.9955040695453365,-3.33187862262815,-0.6489781604225673,0.3360948730211915
m12_td,56+57,T−2h,T−6h,droplast,model + price WITH model,116,63,111,7.667250489793436,0.1461047646700482,-0.38806424331538725,0.6532118281483702,0.287,1.1784700199724687,53.44827586206896,44.115623313545605,61.47852459016393,3.7149999999999985,-23.48167272167488,31.843933924528297,0.377,1.4900862068965461,-25.113236607142863,29.03209613207546,0.432,29.310344827586203,3.9856896551724135,0.5564802940797755,0.25594835044634207,-0.2925424444059179,-2.332441000920348,1.6944665690766512,-2.499061140973496,-4.487881188844194,-0.5526657097482122,-0.29364023649081944
m12_td,56+57,T−2h,T−6h,droplast,model + price AGAINST model,130,70,123,8.181842868188838,0.6495028632504954,0.07500457584204157,1.2129407174957172,0.012,2.5126032755164567,60.0,50.717583686033095,68.3853925428439,23.659384615384617,-2.8327809139784965,54.29498721508734,0.041,20.909999999999993,-4.968276209677424,50.804714653476786,0.062,32.30769230769231,4.129769230769231,2.27021647830849,1.6636846897198256,1.0105829954387435,-1.1337493201681887,3.1043580068310654,-1.2424474246778257,-3.3449026907764896,0.7885610113523674,0.9738997647324558
m12_td,56+57,T−2h,T−6h,droplast,model + flat price,40,30,38,7.833195648684892,0.40146244775514284,-0.6772880393453352,1.4020814355804634,0.224,0.7521977449418499,47.5,30.76923076923077,62.86180124223601,53.190999999999995,-2.526362781954889,109.58233333333332,0.032,49.802499999999995,-4.564262218045117,104.77369047619045,0.042,37.5,4.6122499999999995,0.7535104836562608,1.8794855509036152,-0.7417304163241217,-4.727482043005391,3.024460401238917,-2.982622658223082,-6.842779349114076,0.6938548745262351,-0.375466295357276
m12_td,56+57,T−2h,T−6h,droplast,market only: price shortened (no model),371,87,256,-0.9843224331709558,-0.45347984173952927,-0.7202098774186944,-0.1908237890179461,1.0,-0.7489067149522131,46.63072776280324,41.94352776173583,51.10095613048369,-10.573099730458217,-21.516435738823162,0.5874282320091918,0.966,-11.727897574123991,-22.484738426031114,-0.8125983803117887,0.98,30.997304582210244,3.194285714285714,-3.3124038221823278,-1.94329413946623,-2.0368971910476588,-2.7585442558415503,-1.3045568558094298,-3.968882905190828,-4.672313867638855,-3.2657850463651616,-5.475645009817557
m12_td,56+57,T−2h,T−6h,gap15,model edge ≥ 2 (all),286,88,255,7.924365229468474,0.4106364434772578,0.053780444856718006,0.778143360710133,0.013,1.7252757270336352,55.59440559440559,49.82886489572925,61.42931547619048,19.76328671328671,0.8445193020841043,37.55037867547097,0.019,17.23164335664335,-1.2439477026626153,34.63762781954886,0.033,31.818181818181817,4.1388111888111885,2.2245949891054275,2.073767989384275,0.23696380840204656,-1.1259376185051004,1.6063854791284806,-1.9955040695453365,-3.33187862262815,-0.6489781604225673,0.3360948730211915
m12_td,56+57,T−2h,T−6h,gap15,model + price WITH model,113,62,108,7.383176440693531,0.14397544614283103,-0.3908132074936125,0.6546938290742392,0.268,1.1972056633436903,53.98230088495575,45.533685064935064,62.96675774134791,2.8950442477876073,-24.168949718045113,34.31082857845548,0.42,0.6933628318584029,-25.778636043233085,31.435808534185924,0.475,29.20353982300885,3.9760176991150438,0.5302463861204572,0.19186642079956792,-0.27252402470699993,-2.2011662439930286,1.6970243063504067,-2.4771185567830334,-4.371206777593335,-0.5524063475938995,-0.2663353888338067
m12_td,56+57,T−2h,T−6h,gap15,model + price AGAINST model,133,70,125,8.394650621566313,0.6285664235365843,0.04976253141083787,1.2119527036803197,0.018,2.42786335763039,59.3984962406015,49.633476823257844,68.18269908386186,21.385864661654132,-6.180427658220521,50.79205722694571,0.066,18.68270676691729,-8.2990277536735,47.31192037279267,0.083,31.57894736842105,4.134736842105264,2.1397712972353897,1.494351297845959,0.9259993786857439,-1.2253795592229433,3.0295171510388337,-1.3267965897312246,-3.430037914579909,0.7619895197323651,0.8653819687678045
m12_td,56+57,T−2h,T−6h,gap15,model + flat price,40,30,38,7.889524629032368,0.4393365772497522,-0.6414319045550412,1.433890116386395,0.207,0.8809697852235219,47.5,30.76923076923077,62.86180124223601,61.571000000000005,6.485657142857143,117.75529761904762,0.013,58.0025,4.190120300751874,112.90896994773516,0.018,40.0,4.6122499999999995,0.8256501056019462,2.185362085409308,-0.6147763342581908,-4.625377109484053,3.1438227014034483,-2.8583955134807626,-6.747647662699577,0.8071092827474993,-0.31159934790922966
m12_td,56+57,T−2h,T−6h,gap15,market only: price shortened (no model),368,86,251,-1.056791741454859,-0.45387908359954837,-0.7189535475812899,-0.19696643275199835,1.0,-0.7446820749530919,46.73913043478261,42.11730072463768,51.405096308186195,-10.824945652173913,-22.091186128364388,0.4729840371695938,0.969,-11.964538043478266,-23.07249474438605,-0.8074986890163438,0.985,30.978260869565215,3.1971195652173905,-3.3365202150522606,-1.8973168888374452,-2.0346903031184187,-2.7963479204597537,-1.290561012407552,-3.969702645366409,-4.717392216917157,-3.2460681212526343,-5.28642675800459
m12_td,56+57,T−60m,earliest,droplast,model edge ≥ 2 (all),337,91,296,7.890208659441086,0.615300775433474,0.25543402109967234,0.9557159638489582,0.0,2.6249829532626103,58.753709198813056,53.63086423907922,63.76130455859982,16.47697329376855,-2.742023555162647,37.4848580613072,0.055,13.983234421364978,-4.841298982276379,34.48842361469308,0.09,29.080118694362017,4.28813056379822,3.487475717955168,1.572662158452093,1.1103781871458265,-0.38628545673433756,2.6942465813958303,-1.1615289620293503,-2.625326926830142,0.38750573529049825,1.4264374745641057
m12_td,56+57,T−60m,earliest,droplast,model + price WITH model,114,59,109,7.4206612160899,0.3933364430747482,-0.13013958834496422,0.9667309232706921,0.083,1.548253931374201,50.877192982456144,42.3712516297262,59.66711426838776,0.041052631578942844,-28.479256435481226,30.164061475409827,0.535,-2.0815789473684245,-29.953182898835873,27.37118038041192,0.598,28.07017543859649,4.091842105263158,1.35610528753753,0.0027612632884660825,0.07398788814879809,-2.0599948811092967,2.514932900838563,-2.137411176689308,-4.225697723127724,0.2580575111787315,0.06301664069998733
m12_td,56+57,T−60m,earliest,droplast,model + price AGAINST model,201,79,189,8.044876111284823,0.6120507011016694,0.1671482749207338,1.0333297058953819,0.003,2.61718935726859,61.69154228855721,55.10149514351195,68.55926388022459,33.33761194029851,3.477015207310419,62.71030806761956,0.015,30.30671641791044,1.1390447695035406,58.98948477872455,0.021,31.8407960199005,4.355323383084577,2.8332022226770235,2.1526133757164665,1.0973025160055756,-0.7159941138106244,2.9537265325997737,-1.1825277458889465,-2.943166900884402,0.6167140926213488,1.1510489991156467
m12_td,56+57,T−60m,earliest,droplast,model + flat price,22,19,22,8.910220055870353,1.7951734495056337,0.5747841757118519,3.2884795742727686,0.0,8.275602102811552,72.72727272727273,55.98888888888889,90.47619047619048,-53.4909090909091,-100.0,12.119999999999997,0.947,-54.63636363636363,-100.0,9.299999999999997,0.957,9.090909090909092,4.691363636363636,2.528954547906687,-1.7457790731274059,6.600228368275442,0.9518328463990939,13.700059749681177,4.08716776647128,-1.423929308356528,11.010748983433201,2.001809310649172
m12_td,56+57,T−60m,earliest,droplast,market only: price shortened (no model),412,89,297,-1.7356369808051626,-0.4000860447313118,-0.6348195051928083,-0.16243895072924905,0.999,-0.7430323855165201,42.23300970873786,38.01836444805195,46.30876752565876,-9.520000000000003,-20.173593017470143,1.1243851731466397,0.954,-10.736893203883495,-21.25397646229544,-0.28012001500187533,0.977,32.5242718446602,3.1461650485436894,-3.293897642064794,-1.707198060159568,-2.014412457085564,-2.5946994846638014,-1.428437328818486,-3.9214825644391276,-4.474493438001227,-3.3560725882087388,-6.761477939137083
m12_td,56+57,T−60m,earliest,gap15,model edge ≥ 2 (all),337,91,296,7.890208659441086,0.615300775433474,0.25543402109967234,0.9557159638489582,0.0,2.6249829532626103,58.753709198813056,53.63086423907922,63.76130455859982,16.47697329376855,-2.742023555162647,37.4848580613072,0.055,13.983234421364978,-4.841298982276379,34.48842361469308,0.09,29.080118694362017,4.28813056379822,3.487475717955168,1.572662158452093,1.1103781871458265,-0.38628545673433756,2.6942465813958303,-1.1615289620293503,-2.625326926830142,0.38750573529049825,1.4264374745641057
m12_td,56+57,T−60m,earliest,gap15,model + price WITH model,115,59,110,7.495859330287868,0.386150391233733,-0.1323065432641258,0.9525987173736985,0.086,1.5197570427311418,50.43478260869565,41.96218711843712,58.776990553306355,9.091130434782604,-22.45169122228331,41.253770588235284,0.295,6.736521739130429,-24.110521049671167,38.1892794117647,0.347,29.565217391304348,4.120608695652174,1.3507150189538228,0.5711221589186215,0.04450915063625131,-2.059604893749798,2.440340887589962,-2.1683626875060864,-4.223476567458372,0.1652893217313303,0.038368112049740756
m12_td,56+57,T−60m,earliest,gap15,model + price AGAINST model,200,79,189,8.004758270096966,0.6172762522003876,0.17676502724359255,1.0426134782603567,0.003,2.6389197453678213,62.0,55.31807976050466,68.7226666979494,28.29029999999999,-0.4315787424828188,57.182420755339315,0.031,25.373249999999995,-2.644255731851382,53.636402552156355,0.051,31.0,4.3401,2.8116736648420315,1.8429084920305114,1.119369363214574,-0.7911319162413597,2.9799499538870684,-1.159956210015297,-3.0106519687964592,0.6571078627703679,1.156522334567052
m12_td,56+57,T−60m,earliest,gap15,model + flat price,22,19,22,8.910220055870353,1.7951734495056337,0.5747841757118519,3.2884795742727686,0.0,8.275602102811552,72.72727272727273,55.98888888888889,90.47619047619048,-53.4909090909091,-100.0,12.119999999999997,0.947,-54.63636363636363,-100.0,9.299999999999997,0.957,9.090909090909092,4.691363636363636,2.528954547906687,-1.7457790731274059,6.600228368275442,0.9518328463990939,13.700059749681177,4.08716776647128,-1.423929308356528,11.010748983433201,2.001809310649172
m12_td,56+57,T−60m,earliest,gap15,market only: price shortened (no model),412,89,299,-1.7197624782011272,-0.3665508978969717,-0.5955120907260549,-0.13454032397571022,0.999,-0.6763904982239849,41.99029126213592,37.700329082682025,45.90193489911727,-7.8885436893203895,-18.96292973547473,3.71545343222607,0.912,-9.170388349514564,-20.085763757675956,2.2627402736233484,0.943,32.28155339805826,3.1616747572815536,-3.0298363128423307,-1.3452092397544186,-1.9499128388595026,-2.5198682024730314,-1.3603915455384623,-3.860196349812777,-4.412093890207955,-3.292211355878965,-6.5099076854830535
m12_td,56+57,T−60m,T−3h,droplast,model edge ≥ 2 (all),334,91,293,7.890155534600072,0.6021471614202317,0.2401238523932782,0.9363988188457724,0.0,2.5743132306859304,58.38323353293413,53.19999999999999,63.22002058672156,16.284850299401203,-3.1249735853976546,37.31523410624721,0.056,13.797455089820351,-5.191220329670333,34.36967766047838,0.095,29.041916167664674,4.290718562874251,3.414103990919202,1.5454174491382182,1.0606826386048596,-0.4582834326682297,2.6075023911090693,-1.2097632495167474,-2.684371090145813,0.30626565995957433,1.3624350384758515
m12_td,56+57,T−60m,T−3h,droplast,model + price WITH model,118,64,113,7.747254030728334,0.27614675866788624,-0.28864950434976827,0.8283747585432609,0.181,1.0998566765517448,54.23728813559322,44.554455445544555,63.358778625954194,17.88694915254237,-17.374585617315574,48.4146278550149,0.161,15.263983050847452,-19.164142386014344,45.052911494538215,0.188,31.35593220338983,4.17813559322034,0.957451133091081,1.0657187778977801,-0.3715191833646889,-2.4066958635236877,1.5931125559985837,-2.5785829732393415,-4.55723965972498,-0.6530728319083151,-0.3448442135794651
m12_td,56+57,T−60m,T−3h,droplast,model + price AGAINST model,156,70,147,8.007694923052577,0.845721812411247,0.42254486895417126,1.2726676390235194,0.0,3.394854819718884,60.89743589743589,53.79581522765917,68.12569665605096,18.79358974358974,-17.648260818713442,56.6389530370844,0.151,16.11858974358974,-19.53188011695907,53.10865417199487,0.189,28.846153846153843,4.350064102564103,3.7815374299083557,1.01303674090839,1.8682373691252143,0.001675160914010722,3.872840297919323,-0.4216888067652905,-2.252194449361869,1.5085295808266574,1.8449500771672138
m12_td,56+57,T−60m,T−3h,droplast,model + flat price,60,43,55,7.865592748904637,0.6099871942565384,-0.107316648035057,1.37280542294,0.05,3.3406696556641524,60.0,48.214285714285715,72.91914682539682,6.177999999999996,-35.06423783248444,50.67077182539681,0.392,3.7949999999999906,-36.509098401245055,47.3121974206349,0.437,25.0,4.357833333333333,1.6068705093441575,0.28147353093111804,1.777703922458717,-1.400450100470184,5.463291687688183,-0.566744677349435,-3.693794510044788,3.018949455776335,1.037489698519573
m12_td,56+57,T−60m,T−3h,droplast,market only: price shortened (no model),370,89,263,-0.8093225667158128,-0.31426195332815654,-0.5668552848462632,-0.07789123789588065,0.994,-0.5222500516848521,45.94594594594595,40.873983455096905,51.11815785337696,10.538648648648646,-2.598509391304347,23.97577909973071,0.05,8.930405405405402,-3.9941060869565224,22.06388798286749,0.08,37.567567567567565,3.274837837837838,-2.5785768703587006,1.5799675571367715,-1.8193023157796,-2.584489194968695,-1.1217264758629433,-3.7648807119217227,-4.5155252415583735,-3.0939952717846513,-4.858116849969718
m12_td,56+57,T−60m,T−3h,gap15,model edge ≥ 2 (all),334,91,293,7.890155534600072,0.6021471614202317,0.2401238523932782,0.9363988188457724,0.0,2.5743132306859304,58.38323353293413,53.19999999999999,63.22002058672156,16.284850299401203,-3.1249735853976546,37.31523410624721,0.056,13.797455089820351,-5.191220329670333,34.36967766047838,0.095,29.041916167664674,4.290718562874251,3.414103990919202,1.5454174491382182,1.0606826386048596,-0.4582834326682297,2.6075023911090693,-1.2097632495167474,-2.684371090145813,0.30626565995957433,1.3624350384758515
m12_td,56+57,T−60m,T−3h,gap15,model + price WITH model,119,65,114,7.659461959528247,0.2675033066212148,-0.31680418307542973,0.8295159652557001,0.194,1.0648506011328158,53.78151260504202,43.15653357531761,62.70120031483668,19.037478991596636,-16.38509366246499,50.338502336448585,0.15,16.37100840336134,-18.240898546918768,46.98045610248691,0.178,31.092436974789916,4.201848739495799,0.9009286249289223,1.1152397996729277,-0.4070279277577008,-2.6906025879186,1.7067573820145951,-2.6148457210934777,-4.839424602548119,-0.5063021106952228,-0.3662207548258012
m12_td,56+57,T−60m,T−3h,gap15,model + price AGAINST model,155,69,147,8.05269668503536,0.9016057104516841,0.4770107827754341,1.363701481299541,0.0,3.636053194294089,61.935483870967744,54.47621585947813,68.79162058049506,18.029677419354837,-18.041835173824133,50.52179674732873,0.165,15.364516129032252,-19.847542944785282,47.13364216687617,0.197,29.03225806451613,4.338064516129033,4.062745687028216,1.0019529871925696,2.1054410169911173,0.1751731244091653,4.187780949886383,-0.19047724896334026,-2.0830025923078486,1.8506922571975546,2.0423923879341426
m12_td,56+57,T−60m,T−3h,gap15,model + flat price,60,44,55,7.927799819868026,0.4922562217736964,-0.24048239537975152,1.2385821488384872,0.078,2.825252539978534,58.333333333333336,45.45099431818181,71.15384615384616,5.851333333333333,-35.665897898706895,51.363444444444426,0.393,3.4783333333333277,-37.10648100754311,48.02805555555553,0.43,25.0,4.344666666666666,1.3066711982246375,0.2619355138139291,1.2726827843927724,-1.8607617268520247,4.7918132361880055,-1.0561718489858685,-4.139010413571353,2.3558220382966844,0.7516443813775305
m12_td,56+57,T−60m,T−3h,gap15,market only: price shortened (no model),370,89,262,-0.8228787759431052,-0.2827709358101975,-0.5243682283824319,-0.0565197539402573,0.988,-0.46633326007891845,45.94594594594595,41.142454728370225,50.828844383057096,12.338324324324322,-1.540547380346636,26.405049664930992,0.034,10.680945945945945,-2.91420892629989,24.440359002498422,0.056,38.108108108108105,3.2817027027027033,-2.369633360215515,1.745607633537788,-1.7629787635837146,-2.507414966018732,-1.0637391107216585,-3.7079470188409114,-4.438778549123723,-3.0288456175362217,-4.730570435689168
m12_td,56+57,T−25m,T−60m,droplast,model edge ≥ 2 (all),522,96,459,8.147034263280855,0.23750585890011472,0.08891793157524004,0.4062464941541224,0.001,0.8786532854273481,55.938697318007655,51.818036441170776,60.036925800992904,7.347739463601531,-6.973393527095881,22.78522664501496,0.166,5.081992337164746,-8.924334161814336,20.143653892609336,0.248,27.586206896551722,4.390478927203064,2.949291317585562,0.9779256408364397,-0.6122660862485237,-1.309336907536712,0.10930967759935176,-2.8486451437623312,-3.5324782023682095,-2.141217051303518,-1.6781008042110364
m12_td,56+57,T−25m,T−60m,droplast,model + price WITH model,175,75,169,7.8424687521530245,0.34422112841717045,0.08946658024360364,0.5765706556045551,0.007,1.3780256209981705,59.42857142857143,52.909140667761356,66.11300959232615,10.265828571428571,-14.04208035714286,36.09404701114487,0.23,7.8874285714285675,-15.90631696428572,33.117100810536975,0.278,31.428571428571427,4.057542857142858,2.7295125650315444,0.7994815641243502,-0.11029671434373318,-1.1282152148494278,0.8595545947749315,-2.3427802173565895,-3.335328056093391,-1.4130578573088182,-0.2214442163563208
m12_td,56+57,T−25m,T−60m,droplast,model + price AGAINST model,238,85,224,8.521887210848154,0.1706020079991625,-0.07574868902156447,0.42959471171086316,0.08,0.7006674820366231,54.621848739495796,48.2882707885601,61.50527569775356,8.190588235294113,-17.12668077803204,31.95116335797736,0.27,5.77899159663865,-19.004545194508015,29.013541267342084,0.335,26.47058823529412,4.568907563025207,1.3648713988445498,0.6588380646193213,-0.7861168096743534,-1.9233674848840907,0.3753147393937046,-3.0162932472408186,-4.098859389022414,-1.8680230610850912,-1.3548371914967878
m12_td,56+57,T−25m,T−60m,droplast,model + flat price,109,58,98,7.817529335999692,0.2122576419179303,-0.10323945999191506,0.5432028763458401,0.116,0.465538262327335,53.21100917431193,44.32960402999063,61.908068783068785,0.5104587155963307,-30.842877234079474,35.989205176767655,0.477,-1.723853211009176,-32.311763433787775,32.945361426767654,0.54,23.853211009174313,4.535412844036698,1.2545519889018646,0.02959278128166672,-1.038579553294312,-2.303798166258082,0.2059006833376973,-3.294756276726782,-4.5453339536861055,-2.0473478529569933,-1.5452998089669998
m12_td,56+57,T−25m,T−60m,droplast,market only: price shortened (no model),584,93,413,-1.1957866061494316,-0.009547328176461199,-0.14630986473004817,0.12429607173425034,0.574,0.18056850274968822,50.68493150684932,46.82924554058974,54.42491007194244,4.415034246575343,-5.29083909823196,13.733687210200925,0.174,2.92628424657534,-6.659149506792275,12.058786949381757,0.265,36.3013698630137,3.2059760273972606,-0.13782702301943475,0.9324942518484218,-1.1199125387146016,-1.4754532467197015,-0.740888440754086,-3.0706341009110347,-3.4258131408491552,-2.697079011490285,-5.98069000139712
m12_td,56+57,T−25m,T−60m,gap15,model edge ≥ 2 (all),522,96,459,8.147034263280855,0.23750585890011472,0.08891793157524004,0.4062464941541224,0.001,0.8786532854273481,55.938697318007655,51.818036441170776,60.036925800992904,7.347739463601531,-6.973393527095881,22.78522664501496,0.166,5.081992337164746,-8.924334161814336,20.143653892609336,0.248,27.586206896551722,4.390478927203064,2.949291317585562,0.9779256408364397,-0.6122660862485237,-1.309336907536712,0.10930967759935176,-2.8486451437623312,-3.5324782023682095,-2.141217051303518,-1.6781008042110364
m12_td,56+57,T−25m,T−60m,gap15,model + price WITH model,168,75,163,7.885035359531126,0.1066637726201822,-0.15877839722149772,0.35489417875453333,0.183,0.22195238160274489,51.78571428571429,44.99859550561798,58.33841463414634,-0.37857142857143183,-24.505812782805428,22.775540604184883,0.532,-2.5535714285714355,-26.097408088235294,20.079502792168462,0.594,27.976190476190478,4.221011904761905,0.8127393339919592,-0.031675957799180365,-1.2545034445682766,-2.26207221829182,-0.2236025782535756,-3.4691871838248085,-4.45403648706483,-2.4630968029910694,-2.451037983389516
m12_td,56+57,T−25m,T−60m,gap15,model + price AGAINST model,183,74,174,8.270366241875958,0.27421563855278547,0.03533663037110876,0.49931672949771944,0.011,1.1111931521598197,57.92349726775956,50.847220907111065,64.76698657560055,10.141748633879779,-16.12455838072934,37.17620055116301,0.249,7.706830601092891,-17.98719610795138,34.08101271334029,0.298,27.322404371584703,4.584972677595629,2.358476933037622,0.7424764230029691,-0.3803432290168538,-1.3994091519490275,0.6385322884361284,-2.6176478007818647,-3.625070781583222,-1.6266682237732157,-0.728925130167803
m12_td,56+57,T−25m,T−60m,gap15,model + flat price,171,72,155,8.272449840748989,0.32676656544157634,0.04273264469820586,0.62965427611337,0.009,1.2749746668922082,57.89473684210527,51.39664804469274,65.38513513513513,11.761286549707602,-13.55161229851278,39.40812977047856,0.179,9.306725146198827,-15.44507136700132,36.288239832782814,0.229,27.485380116959064,4.348830409356725,2.203931182634028,0.8545983164988435,-0.22949419546301,-1.3846171731072443,0.9893737230643854,-2.486197488995837,-3.6201798007974966,-1.2997476969624377,-0.37369091443262054
m12_td,56+57,T−25m,T−60m,gap15,market only: price shortened (no model),502,91,362,-0.4291536758131805,-0.093753531908211,-0.24214194145919413,0.0532251232289924,0.889,-0.20849748539608756,48.007968127490045,43.693123503250085,52.23061549853416,-2.9809960159362565,-15.10172874511507,7.89164418540049,0.707,-4.36284860557769,-16.261213925929027,6.384162324649289,0.784,33.66533864541832,3.337270916334661,-1.2637236133464362,-0.5011778746422761,-1.522430797093148,-1.9799093794380944,-1.0817115618387838,-3.4933307646387384,-3.9374318667288337,-3.0508971216774383,-6.688772081817676
