arm,fill_model,slate,as_of,match_id,home_team,away_team,fold_idx,market_group,market_line,selection,venue_selection,side,leverage,venue_odds,effective_odds,p_model,p_market,edge,bankroll_before,stake_fraction,risk_requested,venue_stake_requested,depth_touch,depth_book,venue_stake_filled,risk_filled,fill_pct,fill_vwap,levels_used,slippage_vs_touch,home_goals,away_goals,outcome,gross_return,commission,net_pnl,entry_prob,close_prob,clv,beat_close,has_close
m00_baseline_grw_raw,ladder_sweep_v1,2026-08-01,2026-08-01T13:35:00.0,16362401,alloa-athletic,east-fife,41,1X2,0.0,home,home,back,1.0,2.22,2.22,0.5460803309510225,0.44771349100772245,0.09836683994330003,500.0,0.04147510696416522,20.73755348208261,20.73755348208261,143.8,178.8,20.73755348208261,20.73755348208261,1.0,2.22,1,0.0,0,0,LOSE,0.0,0.0,-20.73755348208261,0.4504504504504504,0.4494315239621982,-0.001018926488252192,false,true
m00_baseline_grw_raw,ladder_sweep_v1,2026-08-01,2026-08-01T13:35:00.0,16362404,east-kilbride,queen-of-the-south,41,1X2,0.0,away,away,back,1.0,4.3,4.3,0.31250135178901145,0.2283361841533065,0.08416516763570495,500.0,0.01963985415259172,9.81992707629586,9.81992707629586,49.4,61.31,9.81992707629586,9.81992707629586,1.0,4.3,1,0.0,5,1,LOSE,0.0,0.0,-9.81992707629586,0.23255813953488372,0.17798860430381147,-0.05456953523107225,false,true
m00_baseline_grw_raw,ladder_sweep_v1,2026-08-01,2026-08-01T13:35:00.0,16362404,east-kilbride,queen-of-the-south,41,1X2,0.0,draw,draw,back,1.0,4.4,4.4,0.24505256815125165,0.22314672542254954,0.021905842728702107,500.0,0.008003355560847563,4.0016777804237815,4.0016777804237815,78.31,138.49,4.0016777804237815,4.0016777804237815,1.0,4.4,1,0.0,5,1,LOSE,0.0,0.0,-4.0016777804237815,0.22727272727272727,0.20315870996293633,-0.02411401730979093,false,true
m00_baseline_grw_raw,ladder_sweep_v1,2026-08-01,2026-08-01T13:35:00.0,16362404,east-kilbride,queen-of-the-south,41,OverUnder,2.5,under_25,over_25,lay,1.3888888888888888,1.72,2.388888888888889,0.4582579430064716,0.4128891316220645,0.045368811384407126,500.0,0.006860433068408186,3.430216534204093,4.764189630839018,6.0,76.5,4.764189630839018,3.4302165342040936,1.0,1.72,1,0.0,5,1,LOSE,0.0,0.0,-3.4302165342040936,0.4186046511627907,0.40047961630695444,-0.018125034855836275,false,true
m00_baseline_grw_raw,ladder_sweep_v1,2026-08-01,2026-08-01T13:35:00.0,16362405,montrose,hamilton-academical,41,1X2,0.0,away,away,back,1.0,2.36,2.36,0.4516257756840355,0.4161285041203544,0.0354972715636811,500.0,0.006853262036151654,3.426631018075827,3.426631018075827,18.0,31.740000000000002,3.426631018075827,3.426631018075827,1.0,2.36,1,0.0,0,5,WIN,8.086849202658952,0.09320436369166249,4.567013820891462,0.42372881355932207,0.42648204240588494,0.002753228846562872,true,true
m00_baseline_grw_raw,ladder_sweep_v1,2026-08-01,2026-08-01T13:35:00.0,16362581,clyde-fc,stranraer,41,OverUnder,2.5,under_25,under_25,back,1.0,2.04,2.04,0.5610754522841161,0.47959183673469385,0.0814836155494223,500.0,0.014100400356212614,7.050200178106307,7.050200178106307,13.0,86.74,7.050200178106307,7.050200178106307,1.0,2.04,1,0.0,3,1,LOSE,0.0,0.0,-7.050200178106307,0.49019607843137253,0.480649188514357,-0.009546889917015522,false,true
m00_baseline_grw_raw,ladder_sweep_v1,2026-08-01,2026-08-01T13:35:00.0,16362582,edinburgh-city-fc,elgin-city,41,1X2,0.0,away,away,back,1.0,3.25,3.25,0.42511367397370176,0.3008279668813248,0.12428570709237696,500.0,0.02903023052471615,14.515115262358075,14.515115262358075,6.22,21.66,11.96,11.96,0.8239686550072233,3.2258097979719396,2,0.007443139085557058,0,5,WIN,38.870000000000005,0.5382000000000001,26.371800000000004,0.3099996784152302,0.3101871239565103,0.00018744554128014013,true,true
m00_baseline_grw_raw,ladder_sweep_v1,2026-08-01,2026-08-01T13:35:00.0,16362583,annan-athletic,the-spartans-fc,41,1X2,0.0,away,away,back,1.0,2.3,2.3,0.4481964288320603,0.4281881595421213,0.020008269289938985,500.0,0.002576258439201149,1.2881292196005745,1.2881292196005745,8.0,215.45,1.2881292196005745,1.2881292196005745,1.0,2.3,1,0.0,2,4,WIN,2.962697205081321,0.03349135970961493,1.6410766257711316,0.4347826086956522,0.4306917137903239,-0.004090894905328324,false,true
m00_baseline_grw_raw,ladder_sweep_v1,2026-08-01,2026-08-01T13:35:00.0,16362584,forfar-athletic,kelty-hearts-fc,41,1X2,0.0,draw,draw,back,1.0,3.75,3.75,0.24707171794268737,0.2591195409962627,-0.012047823053575352,500.0,0.014597406790644411,7.298703395322206,7.298703395322206,8.0,35.069900000000004,7.298703395322206,7.298703395322206,1.0,3.75,1,0.0,1,0,LOSE,0.0,0.0,-7.298703395322206,0.26666666666666666,0.2613002580537751,-0.00536640861289156,false,true
m00_baseline_grw_raw,ladder_sweep_v1,2026-08-01,2026-08-01T13:35:00.0,16362584,forfar-athletic,kelty-hearts-fc,41,1X2,0.0,home,home,back,1.0,3.55,3.55,0.496564274158484,0.2737178249960522,0.2228464491624318,500.0,0.07943622751622281,39.71811375811141,39.71811375811141,8.53,21.18,8.53,8.53,0.2147634716982995,3.55,1,0.0,1,0,WIN,30.281499999999994,0.4350299999999999,21.316469999999995,0.28169014084507044,0.2738283526179972,-0.00786178822707323,false,true
m00_baseline_grw_raw,ladder_sweep_v1,2026-08-01,2026-08-01T13:35:00.0,16362584,forfar-athletic,kelty-hearts-fc,41,OverUnder,2.5,under_25,under_25,back,1.0,2.02,2.02,0.49764155218614786,0.48807959451849076,0.009561957667657106,500.0,0.006236672389990149,3.1183361949950745,3.1183361949950745,2.7,10.7,3.1183361949950745,3.1183361949950745,1.0,2.0172937267534143,2,0.0013397392309830087,1,0,WIN,6.299039113890051,0.06361405837789953,3.1170888605170766,0.4957136319505523,0.48194271481942713,-0.01377091713112516,false,true
m00_baseline_grw_raw,ladder_sweep_v1,2026-08-01,2026-08-01T13:35:00.0,16362792,stirling-albion,dumbarton,41,1X2,0.0,away,away,back,1.0,2.98,2.98,0.3526230454403163,0.3291910313370937,0.023432014103222598,500.0,0.003240636783303797,1.6203183916518986,1.6203183916518986,2.0,6.0,1.6203183916518986,1.6203183916518986,1.0,2.9799999999999995,1,1.4902322478190021e-16,2,0,LOSE,0.0,0.0,-1.6203183916518986,0.3355704697986578,0.32868042614535353,-0.006890043653304256,false,true
m00_baseline_grw_raw,ladder_sweep_v1,2026-08-01,2026-08-01T13:35:00.0,16362792,stirling-albion,dumbarton,41,OverUnder,1.5,over_15,over_15,back,1.0,1.27,1.27,0.8184025284110487,0.7798960138648179,0.038506514546230775,500.0,0.007747550875545753,3.8737754377728764,3.8737754377728764,3.0,242.71,3.8737754377728764,3.8737754377728764,1.0,1.2677305438273647,2,0.0017869733642797622,2,0,WIN,4.919694805971553,0.020918387363973535,1.0250009808347031,0.7888111593343267,0.782312925170068,-0.006498234164258654,false,true
m05_joint_grw_raw,ladder_sweep_v1,2026-08-01,2026-08-01T13:35:00.0,16362401,alloa-athletic,east-fife,41,1X2,0.0,home,home,back,1.0,2.22,2.22,0.46875222265641453,0.44771349100772245,0.021038731648692077,500.0,0.0070608902012085735,3.5304451006042865,3.5304451006042865,143.8,178.8,3.5304451006042865,3.5304451006042865,1.0,2.22,1,0.0,0,0,LOSE,0.0,0.0,-3.5304451006042865,0.4504504504504504,0.4494315239621982,-0.001018926488252192,false,true
m05_joint_grw_raw,ladder_sweep_v1,2026-08-01,2026-08-01T13:35:00.0,16362405,montrose,hamilton-academical,41,1X2,0.0,home,home,back,1.0,3.05,3.05,0.35566415082420044,0.3219879572865693,0.03367619353763113,500.0,0.00827703941530638,4.13851970765319,4.13851970765319,86.23,90.23,4.13851970765319,4.13851970765319,1.0,3.05,1,0.0,0,5,LOSE,0.0,0.0,-4.13851970765319,0.3278688524590164,0.3131977498918217,-0.014671102567194727,false,true
m05_joint_grw_raw,ladder_sweep_v1,2026-08-01,2026-08-01T13:35:00.0,16362581,clyde-fc,stranraer,41,1X2,0.0,home,home,back,1.0,2.0,2.0,0.5220106581775806,0.4887218045112782,0.03328885366630241,500.0,0.008043942856620773,4.021971428310386,4.021971428310386,7.74,20.740000000000002,4.021971428310386,4.021971428310386,1.0,2.0,1,0.0,3,1,WIN,8.043942856620772,0.08043942856620773,3.9415319997441784,0.5,0.5021834061135371,0.0021834061135370675,true,true
m05_joint_grw_raw,ladder_sweep_v1,2026-08-01,2026-08-01T13:35:00.0,16362582,edinburgh-city-fc,elgin-city,41,1X2,0.0,away,away,back,1.0,3.25,3.25,0.40278615856549266,0.3008279668813248,0.10195819168416786,500.0,0.024994562235755642,12.49728111787782,12.49728111787782,6.22,21.66,11.96,11.96,0.9570081593900277,3.2258097979719396,2,0.007443139085557058,0,5,WIN,38.870000000000005,0.5382000000000001,26.371800000000004,0.3099996784152302,0.3101871239565103,0.00018744554128014013,true,true
m05_joint_grw_raw,ladder_sweep_v1,2026-08-01,2026-08-01T13:35:00.0,16362582,edinburgh-city-fc,elgin-city,41,1X2,0.0,draw,draw,back,1.0,3.9,3.9,0.24712641501055224,0.250689972401104,-0.0035635573905517803,500.0,0.005283514761242861,2.6417573806214305,2.6417573806214305,13.0,32.5,2.6417573806214305,2.6417573806214305,1.0,3.9000000000000004,1,-1.1386902816668274e-16,0,5,LOSE,0.0,0.0,-2.6417573806214305,0.2564102564102564,0.25486712732732375,-0.0015431290829326372,false,true
m05_joint_grw_raw,ladder_sweep_v1,2026-08-01,2026-08-01T13:35:00.0,16362583,annan-athletic,the-spartans-fc,41,1X2,0.0,away,away,back,1.0,2.3,2.3,0.44479901858073306,0.4281881595421213,0.01661085903861176,500.0,0.003321161385928106,1.660580692964053,1.660580692964053,8.0,215.45,1.660580692964053,1.660580692964053,1.0,2.3,1,0.0,2,4,WIN,3.8193355938173212,0.04317509801706537,2.115579802836203,0.4347826086956522,0.4306917137903239,-0.004090894905328324,false,true
m05_joint_grw_raw,ladder_sweep_v1,2026-08-01,2026-08-01T13:35:00.0,16362583,annan-athletic,the-spartans-fc,41,OverUnder,2.5,under_25,over_25,lay,1.0101010101010102,1.99,2.01010101010101,0.5599096514358572,0.488537061786779,0.07137258964907822,500.0,0.013287964757925702,6.643982378962852,6.711093312083689,2.0,10.0,6.711093312083689,6.643982378962852,1.0,1.9991034622501453,3,0.0045787091313834166,2,4,LOSE,0.0,0.0,-6.643982378962852,0.4997757650449853,0.4831460674157303,-0.01662969762925498,false,true
m05_joint_grw_raw,ladder_sweep_v1,2026-08-01,2026-08-01T13:35:00.0,16362584,forfar-athletic,kelty-hearts-fc,41,1X2,0.0,draw,draw,back,1.0,3.75,3.75,0.2525593605596431,0.2591195409962627,-0.0065601804366196,500.0,0.013882721742414294,6.941360871207147,6.941360871207147,8.0,35.069900000000004,6.941360871207147,6.941360871207147,1.0,3.75,1,0.0,1,0,LOSE,0.0,0.0,-6.941360871207147,0.26666666666666666,0.2613002580537751,-0.00536640861289156,false,true
m05_joint_grw_raw,ladder_sweep_v1,2026-08-01,2026-08-01T13:35:00.0,16362584,forfar-athletic,kelty-hearts-fc,41,1X2,0.0,home,home,back,1.0,3.55,3.55,0.47803960484744507,0.2737178249960522,0.20432177985139288,500.0,0.07237401709751491,36.187008548757454,36.187008548757454,8.53,21.18,8.53,8.53,0.23571995426222908,3.55,1,0.0,1,0,WIN,30.281499999999994,0.4350299999999999,21.316469999999995,0.28169014084507044,0.2738283526179972,-0.00786178822707323,false,true
m05_joint_grw_raw,ladder_sweep_v1,2026-08-01,2026-08-01T13:35:00.0,16362584,forfar-athletic,kelty-hearts-fc,41,OverUnder,2.5,under_25,under_25,back,1.0,2.02,2.02,0.506543212690107,0.48807959451849076,0.01846361817161629,500.0,0.00856588684144874,4.28294342072437,4.28294342072437,2.7,10.7,4.28294342072437,4.28294342072437,1.0,2.0111775188050225,3,0.004367564948008677,1,0,WIN,8.651545709863228,0.08737204578277716,4.281230243356081,0.49722115061934863,0.48194271481942713,-0.015278435799921497,false,true
m05_joint_grw_raw,ladder_sweep_v1,2026-08-01,2026-08-01T13:35:00.0,16362792,stirling-albion,dumbarton,41,1X2,0.0,away,away,back,1.0,2.98,2.98,0.4121935452022377,0.3291910313370937,0.08300251386514401,500.0,0.018420592220500888,9.210296110250445,9.210296110250445,2.0,6.0,4.0,4.0,0.43429656898308266,2.9598648648648647,2,0.006756756756756818,2,0,LOSE,0.0,0.0,-4.0,0.3378532621102132,0.32868042614535353,-0.009172835964859682,false,true
m05_joint_grw_raw,ladder_sweep_v1,2026-08-01,2026-08-01T13:35:00.0,16362792,stirling-albion,dumbarton,41,OverUnder,1.5,over_15,over_15,back,1.0,1.27,1.27,0.8165416558379545,0.7798960138648179,0.03664564197313658,500.0,0.007237825523206848,3.6189127616034242,3.6189127616034242,3.0,242.71,3.6189127616034242,3.6189127616034242,1.0,1.2682785459903658,2,0.0013554755981371601,2,0,WIN,4.596019207236349,0.019542128912658493,0.9575643167202661,0.7884703270913772,0.782312925170068,-0.006157401921309202,false,true
m05_joint_td_raw,ladder_sweep_v1,2026-08-01,2026-08-01T13:35:00.0,16362401,alloa-athletic,east-fife,41,1X2,0.0,away,away,back,1.0,3.55,3.55,0.2900646846574204,0.27997857747525184,0.010086107182168569,500.0,0.003014072879084532,1.5070364395422662,1.5070364395422662,97.79,115.53,1.5070364395422662,1.5070364395422662,1.0,3.55,1,0.0,0,0,LOSE,0.0,0.0,-1.5070364395422662,0.28169014084507044,0.2790812619915753,-0.0026088788534951446,false,true
m05_joint_td_raw,ladder_sweep_v1,2026-08-01,2026-08-01T13:35:00.0,16362401,alloa-athletic,east-fife,41,1X2,0.0,home,home,back,1.0,2.22,2.22,0.46398625035650753,0.44771349100772245,0.016272759348785082,500.0,0.006691181326254796,3.345590663127398,3.345590663127398,143.8,178.8,3.345590663127398,3.345590663127398,1.0,2.22,1,0.0,0,0,LOSE,0.0,0.0,-3.345590663127398,0.4504504504504504,0.4494315239621982,-0.001018926488252192,false,true
m05_joint_td_raw,ladder_sweep_v1,2026-08-01,2026-08-01T13:35:00.0,16362404,east-kilbride,queen-of-the-south,41,OverUnder,2.5,under_25,over_25,lay,1.3888888888888888,1.72,2.388888888888889,0.450943491798135,0.4128891316220645,0.0380543601760705,500.0,0.007532606380580141,3.7663031902900705,5.230976653180654,6.0,76.5,5.230976653180654,3.7663031902900705,1.0,1.72,1,0.0,5,1,LOSE,0.0,0.0,-3.7663031902900705,0.4186046511627907,0.40047961630695444,-0.018125034855836275,false,true
m05_joint_td_raw,ladder_sweep_v1,2026-08-01,2026-08-01T13:35:00.0,16362405,montrose,hamilton-academical,41,1X2,0.0,home,home,back,1.0,3.05,3.05,0.37764941464765117,0.3219879572865693,0.055661457361081856,500.0,0.015678854251997828,7.839427125998914,7.839427125998914,86.23,90.23,7.839427125998914,7.839427125998914,1.0,3.05,1,0.0,0,5,LOSE,0.0,0.0,-7.839427125998914,0.3278688524590164,0.3131977498918217,-0.014671102567194727,false,true
m05_joint_td_raw,ladder_sweep_v1,2026-08-01,2026-08-01T13:35:00.0,16362582,edinburgh-city-fc,elgin-city,41,1X2,0.0,away,away,back,1.0,3.25,3.25,0.39624895972640656,0.3008279668813248,0.09542099284508176,500.0,0.02276922809027886,11.384614045139429,11.384614045139429,6.22,21.66,11.384614045139429,11.384614045139429,1.0,3.227125299628894,2,0.007038369344955642,0,5,WIN,36.99999564670314,0.5123076320312743,25.103073969532442,0.3098733105017632,0.3101871239565103,0.00031381345474712496,true,true
m05_joint_td_raw,ladder_sweep_v1,2026-08-01,2026-08-01T13:35:00.0,16362582,edinburgh-city-fc,elgin-city,41,1X2,0.0,draw,draw,back,1.0,3.9,3.9,0.24862907013013136,0.250689972401104,-0.0020609022709726643,500.0,0.00514456502853798,2.57228251426899,2.57228251426899,13.0,32.5,2.57228251426899,2.57228251426899,1.0,3.9,1,0.0,0,5,LOSE,0.0,0.0,-2.57228251426899,0.25641025641025644,0.25486712732732375,-0.0015431290829326927,false,true
m05_joint_td_raw,ladder_sweep_v1,2026-08-01,2026-08-01T13:35:00.0,16362583,annan-athletic,the-spartans-fc,41,OverUnder,2.5,under_25,over_25,lay,1.0101010101010102,1.99,2.01010101010101,0.5216951534341798,0.488537061786779,0.0331580916474008,500.0,0.004510101792862804,2.2550508964314018,2.2778291883145476,2.0,10.0,2.2778291883145476,2.255050896431402,1.0,1.9912143523977237,2,0.0006156360973419373,2,4,LOSE,0.0,0.0,-2.255050896431402,0.4977938970780074,0.4831460674157303,-0.014647829662277123,false,true
m05_joint_td_raw,ladder_sweep_v1,2026-08-01,2026-08-01T13:35:00.0,16362584,forfar-athletic,kelty-hearts-fc,41,1X2,0.0,draw,draw,back,1.0,3.75,3.75,0.25482395613357706,0.2591195409962627,-0.004295584862685664,500.0,0.013016109416766486,6.508054708383243,6.508054708383243,8.0,35.069900000000004,6.508054708383243,6.508054708383243,1.0,3.75,1,0.0,1,0,LOSE,0.0,0.0,-6.508054708383243,0.26666666666666666,0.2613002580537751,-0.00536640861289156,false,true
m05_joint_td_raw,ladder_sweep_v1,2026-08-01,2026-08-01T13:35:00.0,16362584,forfar-athletic,kelty-hearts-fc,41,1X2,0.0,home,home,back,1.0,3.55,3.55,0.4685211585691668,0.2737178249960522,0.19480333357311463,500.0,0.06752980372893674,33.76490186446837,33.76490186446837,8.53,21.18,8.53,8.53,0.2526291956730467,3.55,1,0.0,1,0,WIN,30.281499999999994,0.4350299999999999,21.316469999999995,0.28169014084507044,0.2738283526179972,-0.00786178822707323,false,true
m05_joint_td_raw,ladder_sweep_v1,2026-08-01,2026-08-01T13:35:00.0,16362584,forfar-athletic,kelty-hearts-fc,41,OverUnder,2.5,under_25,under_25,back,1.0,2.02,2.02,0.5103576771356287,0.48807959451849076,0.022278082617137984,500.0,0.00936985091392625,4.684925456963125,4.684925456963125,2.7,10.7,4.684925456963125,4.684925456963125,1.0,2.009342755753245,3,0.005275863488492554,1,0,WIN,9.463549423065512,0.09557247932204774,4.6830514867803394,0.49767517121543986,0.48194271481942713,-0.01573245639601273,false,true
m05_joint_td_raw,ladder_sweep_v1,2026-08-01,2026-08-01T13:35:00.0,16362792,stirling-albion,dumbarton,41,1X2,0.0,away,away,back,1.0,2.98,2.98,0.4005747744623075,0.3291910313370937,0.07138374312521378,500.0,0.015223193927180132,7.611596963590066,7.611596963590066,2.0,6.0,4.0,4.0,0.5255138992689611,2.9598648648648647,2,0.006756756756756818,2,0,LOSE,0.0,0.0,-4.0,0.3378532621102132,0.32868042614535353,-0.009172835964859682,false,true
m05_joint_td_raw,ladder_sweep_v1,2026-08-01,2026-08-01T13:35:00.0,16362792,stirling-albion,dumbarton,41,OverUnder,1.5,over_15,over_15,back,1.0,1.27,1.27,0.8027313536028245,0.7798960138648179,0.022835339738006666,500.0,0.0025696497740929206,1.2848248870464603,1.2848248870464603,3.0,242.71,1.2848248870464603,1.2848248870464603,1.0,1.27,1,0.0,2,0,WIN,1.6317276065490045,0.0069380543900508865,0.3399646651124934,0.7874015748031495,0.782312925170068,-0.005088649633081532,false,true
m05_wealth_grw_raw,ladder_sweep_v1,2026-08-01,2026-08-01T13:35:00.0,16362401,alloa-athletic,east-fife,41,1X2,0.0,home,home,back,1.0,2.22,2.22,0.4695900006759859,0.44771349100772245,0.021876509668263433,500.0,0.007431434323512757,3.7157171617563787,3.7157171617563787,143.8,178.8,3.7157171617563787,3.7157171617563787,1.0,2.22,1,0.0,0,0,LOSE,0.0,0.0,-3.7157171617563787,0.4504504504504504,0.4494315239621982,-0.001018926488252192,false,true
m05_wealth_grw_raw,ladder_sweep_v1,2026-08-01,2026-08-01T13:35:00.0,16362405,montrose,hamilton-academical,41,1X2,0.0,home,home,back,1.0,3.05,3.05,0.35432053951876,0.3219879572865693,0.03233258223219071,500.0,0.007799404751647048,3.899702375823524,3.899702375823524,86.23,90.23,3.899702375823524,3.899702375823524,1.0,3.05,1,0.0,0,5,LOSE,0.0,0.0,-3.899702375823524,0.3278688524590164,0.3131977498918217,-0.014671102567194727,false,true
m05_wealth_grw_raw,ladder_sweep_v1,2026-08-01,2026-08-01T13:35:00.0,16362581,clyde-fc,stranraer,41,1X2,0.0,home,home,back,1.0,2.0,2.0,0.5211722533860814,0.4887218045112782,0.032450448874803195,500.0,0.007640427117679533,3.8202135588397663,3.8202135588397663,7.74,20.740000000000002,3.8202135588397663,3.8202135588397663,1.0,2.0,1,0.0,3,1,WIN,7.640427117679533,0.07640427117679532,3.743809287662971,0.5,0.5021834061135371,0.0021834061135370675,true,true
m05_wealth_grw_raw,ladder_sweep_v1,2026-08-01,2026-08-01T13:35:00.0,16362582,edinburgh-city-fc,elgin-city,41,1X2,0.0,away,away,back,1.0,3.25,3.25,0.4024947734479085,0.3008279668813248,0.10166680656658372,500.0,0.024914298418016238,12.457149209008119,12.457149209008119,6.22,21.66,11.96,11.96,0.9600912535711931,3.2258097979719396,2,0.007443139085557058,0,5,WIN,38.870000000000005,0.5382000000000001,26.371800000000004,0.3099996784152302,0.3101871239565103,0.00018744554128014013,true,true
m05_wealth_grw_raw,ladder_sweep_v1,2026-08-01,2026-08-01T13:35:00.0,16362582,edinburgh-city-fc,elgin-city,41,1X2,0.0,draw,draw,back,1.0,3.9,3.9,0.2473433780266893,0.250689972401104,-0.0033465943744147297,500.0,0.0053414592038797705,2.670729601939885,2.670729601939885,13.0,32.5,2.670729601939885,2.670729601939885,1.0,3.9,1,0.0,0,5,LOSE,0.0,0.0,-2.670729601939885,0.25641025641025644,0.25486712732732375,-0.0015431290829326927,false,true
m05_wealth_grw_raw,ladder_sweep_v1,2026-08-01,2026-08-01T13:35:00.0,16362583,annan-athletic,the-spartans-fc,41,1X2,0.0,away,away,back,1.0,2.3,2.3,0.44442747500642155,0.4281881595421213,0.01623931546430024,500.0,0.0030826389719521624,1.5413194859760813,1.5413194859760813,8.0,215.45,1.5413194859760813,1.5413194859760813,1.0,2.3,1,0.0,2,4,WIN,3.5450348177449866,0.04007430663537811,1.9636410251335272,0.4347826086956522,0.4306917137903239,-0.004090894905328324,false,true
m05_wealth_grw_raw,ladder_sweep_v1,2026-08-01,2026-08-01T13:35:00.0,16362583,annan-athletic,the-spartans-fc,41,OverUnder,2.5,under_25,over_25,lay,1.0101010101010102,1.99,2.01010101010101,0.5585066878402642,0.488537061786779,0.06996962605348522,500.0,0.013120298371873694,6.560149185936847,6.626413319128129,2.0,10.0,6.626413319128129,6.560149185936847,1.0,1.998839219475763,3,0.0044469808007468305,2,4,LOSE,0.0,0.0,-6.560149185936847,0.4997096363447028,0.4831460674157303,-0.016563568928972483,false,true
m05_wealth_grw_raw,ladder_sweep_v1,2026-08-01,2026-08-01T13:35:00.0,16362584,forfar-athletic,kelty-hearts-fc,41,1X2,0.0,draw,draw,back,1.0,3.75,3.75,0.2529994676445838,0.2591195409962627,-0.006120073351678912,500.0,0.013841880179238123,6.920940089619061,6.920940089619061,8.0,35.069900000000004,6.920940089619061,6.920940089619061,1.0,3.75,1,0.0,1,0,LOSE,0.0,0.0,-6.920940089619061,0.26666666666666666,0.2613002580537751,-0.00536640861289156,false,true
m05_wealth_grw_raw,ladder_sweep_v1,2026-08-01,2026-08-01T13:35:00.0,16362584,forfar-athletic,kelty-hearts-fc,41,1X2,0.0,home,home,back,1.0,3.55,3.55,0.4777868550019,0.2737178249960522,0.2040690300058478,500.0,0.07228115805947351,36.140579029736756,36.140579029736756,8.53,21.18,8.53,8.53,0.23602278184257777,3.55,1,0.0,1,0,WIN,30.281499999999994,0.4350299999999999,21.316469999999995,0.28169014084507044,0.2738283526179972,-0.00786178822707323,false,true
m05_wealth_grw_raw,ladder_sweep_v1,2026-08-01,2026-08-01T13:35:00.0,16362584,forfar-athletic,kelty-hearts-fc,41,OverUnder,2.5,under_25,under_25,back,1.0,2.02,2.02,0.5082017573060479,0.48807959451849076,0.02012216278755713,500.0,0.009184360221990687,4.5921801109953435,4.5921801109953435,2.7,10.7,4.5921801109953435,4.5921801109953435,1.0,2.0097372837008276,3,0.005080552623352681,1,0,WIN,9.276203824210594,0.09368047426430501,4.590343238950945,0.49757747348874953,0.48194271481942713,-0.0156347586693224,false,true
m05_wealth_grw_raw,ladder_sweep_v1,2026-08-01,2026-08-01T13:35:00.0,16362792,stirling-albion,dumbarton,41,1X2,0.0,away,away,back,1.0,2.98,2.98,0.41029469269419194,0.3291910313370937,0.08110366135709823,500.0,0.01791628717779202,8.95814358889601,8.95814358889601,2.0,6.0,4.0,4.0,0.4465210855693545,2.9598648648648647,2,0.006756756756756818,2,0,LOSE,0.0,0.0,-4.0,0.3378532621102132,0.32868042614535353,-0.009172835964859682,false,true
m05_wealth_grw_raw,ladder_sweep_v1,2026-08-01,2026-08-01T13:35:00.0,16362792,stirling-albion,dumbarton,41,OverUnder,1.5,over_15,over_15,back,1.0,1.27,1.27,0.8164720658205328,0.7798960138648179,0.036576051955714894,500.0,0.0074755117940507945,3.7377558970253975,3.7377558970253975,3.0,242.71,3.7377558970253975,3.7377558970253975,1.0,1.2680136529084194,2,0.0015640528280162452,2,0,WIN,4.746949989222255,0.02018388184393715,0.9890102103529202,0.7886350416703468,0.782312925170068,-0.006322116500278807,false,true
m10_lineup_grw_raw,ladder_sweep_v1,2026-08-01,2026-08-01T13:35:00.0,16362401,alloa-athletic,east-fife,41,1X2,0.0,home,home,back,1.0,2.22,2.22,0.5428266901949185,0.44771349100772245,0.09511319918719602,500.0,0.04029499766678991,20.147498833394952,20.147498833394952,143.8,178.8,20.147498833394952,20.147498833394952,1.0,2.22,1,0.0,0,0,LOSE,0.0,0.0,-20.147498833394952,0.4504504504504504,0.4494315239621982,-0.001018926488252192,false,true
m10_lineup_grw_raw,ladder_sweep_v1,2026-08-01,2026-08-01T13:35:00.0,16362404,east-kilbride,queen-of-the-south,41,OverUnder,2.5,under_25,over_25,lay,1.3888888888888888,1.72,2.388888888888889,0.4716735944883534,0.4128891316220645,0.05878446286628891,500.0,0.01139572063456216,5.69786031728108,7.913694885112611,6.0,76.5,7.913694885112611,5.69786031728108,1.0,1.7224075938352772,2,0.0019376372420005835,5,1,LOSE,0.0,0.0,-5.69786031728108,0.4194173298009535,0.40047961630695444,-0.01893771349399903,false,true
m10_lineup_grw_raw,ladder_sweep_v1,2026-08-01,2026-08-01T13:35:00.0,16362581,clyde-fc,stranraer,41,1X2,0.0,home,home,back,1.0,2.0,2.0,0.5065593582578226,0.4887218045112782,0.017837553746544388,500.0,0.002493985056628461,1.2469925283142305,1.2469925283142305,7.74,20.740000000000002,1.2469925283142305,1.2469925283142305,1.0,2.0,1,0.0,3,1,WIN,2.493985056628461,0.02493985056628461,1.222052677747946,0.5,0.5021834061135371,0.0021834061135370675,true,true
m10_lineup_grw_raw,ladder_sweep_v1,2026-08-01,2026-08-01T13:35:00.0,16362581,clyde-fc,stranraer,41,OverUnder,2.5,under_25,under_25,back,1.0,2.04,2.04,0.5588921807203965,0.47959183673469385,0.07930034398570263,500.0,0.01283957552043336,6.41978776021668,6.41978776021668,13.0,86.74,6.41978776021668,6.41978776021668,1.0,2.04,1,0.0,3,1,LOSE,0.0,0.0,-6.41978776021668,0.49019607843137253,0.480649188514357,-0.009546889917015522,false,true
m10_lineup_grw_raw,ladder_sweep_v1,2026-08-01,2026-08-01T13:35:00.0,16362582,edinburgh-city-fc,elgin-city,41,1X2,0.0,away,away,back,1.0,3.25,3.25,0.447926314736496,0.3008279668813248,0.14709834785517123,500.0,0.036439349762477084,18.219674881238543,18.219674881238543,6.22,21.66,11.96,11.96,0.6564332282523683,3.2258097979719396,2,0.007443139085557058,0,5,WIN,38.870000000000005,0.5382000000000001,26.371800000000004,0.3099996784152302,0.3101871239565103,0.00018744554128014013,true,true
m10_lineup_grw_raw,ladder_sweep_v1,2026-08-01,2026-08-01T13:35:00.0,16362582,edinburgh-city-fc,elgin-city,41,1X2,0.0,draw,draw,back,1.0,3.9,3.9,0.2335731218922273,0.250689972401104,-0.017116850508876735,500.0,0.005324865094159586,2.662432547079793,2.662432547079793,13.0,32.5,2.662432547079793,2.662432547079793,1.0,3.9000000000000004,1,-1.1386902816668274e-16,0,5,LOSE,0.0,0.0,-2.662432547079793,0.2564102564102564,0.25486712732732375,-0.0015431290829326372,false,true
m10_lineup_grw_raw,ladder_sweep_v1,2026-08-01,2026-08-01T13:35:00.0,16362584,forfar-athletic,kelty-hearts-fc,41,1X2,0.0,draw,draw,back,1.0,3.75,3.75,0.2518136289788239,0.2591195409962627,-0.007305912017438798,500.0,0.014060515912374037,7.030257956187018,7.030257956187018,8.0,35.069900000000004,7.030257956187018,7.030257956187018,1.0,3.75,1,0.0,1,0,LOSE,0.0,0.0,-7.030257956187018,0.26666666666666666,0.2613002580537751,-0.00536640861289156,false,true
m10_lineup_grw_raw,ladder_sweep_v1,2026-08-01,2026-08-01T13:35:00.0,16362584,forfar-athletic,kelty-hearts-fc,41,1X2,0.0,home,home,back,1.0,3.55,3.55,0.48845516819125956,0.2737178249960522,0.21473734319520738,500.0,0.07732239703323583,38.661198516617915,38.661198516617915,8.53,21.18,8.53,8.53,0.220634649914785,3.55,1,0.0,1,0,WIN,30.281499999999994,0.4350299999999999,21.316469999999995,0.28169014084507044,0.2738283526179972,-0.00786178822707323,false,true
m10_lineup_grw_raw,ladder_sweep_v1,2026-08-01,2026-08-01T13:35:00.0,16362584,forfar-athletic,kelty-hearts-fc,41,OverUnder,2.5,under_25,under_25,back,1.0,2.02,2.02,0.5130168510514784,0.48807959451849076,0.024937256532987673,500.0,0.011441096854254129,5.720548427127064,5.720548427127064,2.7,10.7,5.720548427127064,5.720548427127064,1.0,2.0058132022867774,3,0.007023167184763673,1,0,WIN,11.55550782279667,0.11669918791339212,5.718260207756214,0.49855091135102964,0.48194271481942713,-0.016608196531602504,false,true
m10_lineup_grw_raw,ladder_sweep_v1,2026-08-01,2026-08-01T13:35:00.0,16362792,stirling-albion,dumbarton,41,1X2,0.0,away,away,back,1.0,2.98,2.98,0.37772372518367053,0.3291910313370937,0.048532693846576824,500.0,0.009734059941554395,4.867029970777198,4.867029970777198,2.0,6.0,4.0,4.0,0.8218564553777044,2.9598648648648647,2,0.006756756756756818,2,0,LOSE,0.0,0.0,-4.0,0.3378532621102132,0.32868042614535353,-0.009172835964859682,false,true
m10_lineup_grw_raw,ladder_sweep_v1,2026-08-01,2026-08-01T13:35:00.0,16362792,stirling-albion,dumbarton,41,OverUnder,1.5,over_15,over_15,back,1.0,1.27,1.27,0.7988199026542484,0.7798960138648179,0.01892388878943052,500.0,0.0023493639522433663,1.1746819761216831,1.1746819761216831,3.0,242.71,1.1746819761216831,1.1746819761216831,1.0,1.27,1,0.0,2,0,WIN,1.4918461096745377,0.006343282671057089,0.31082085088179734,0.7874015748031495,0.782312925170068,-0.005088649633081532,false,true
m12_hybrid_grw_cal_optB,ladder_sweep_v1,2026-08-01,2026-08-01T13:35:00.0,16362401,alloa-athletic,east-fife,41,1X2,0.0,home,home,back,1.0,2.22,2.22,0.4600839387850899,0.44771349100772245,0.012370447777367455,500.0,0.0033921962919243893,1.6960981459621947,1.6960981459621947,143.8,178.8,1.6960981459621947,1.6960981459621947,1.0,2.22,1,0.0,0,0,LOSE,0.0,0.0,-1.6960981459621947,0.4504504504504504,0.4494315239621982,-0.001018926488252192,false,true
m12_hybrid_grw_cal_optB,ladder_sweep_v1,2026-08-01,2026-08-01T13:35:00.0,16362582,edinburgh-city-fc,elgin-city,41,1X2,0.0,away,away,back,1.0,3.25,3.25,0.3423150208090102,0.3008279668813248,0.041487053927685424,500.0,0.007216194898056471,3.6080974490282354,3.6080974490282354,6.22,21.66,3.6080974490282354,3.6080974490282354,1.0,3.25,1,0.0,0,5,WIN,11.726316709341765,0.16236438520627058,7.955854875107258,0.3076923076923077,0.3101871239565103,0.002494816264202615,true,true
m12_hybrid_grw_cal_optB,ladder_sweep_v1,2026-08-01,2026-08-01T13:35:00.0,16362584,forfar-athletic,kelty-hearts-fc,41,1X2,0.0,draw,draw,back,1.0,3.75,3.75,0.2659409808532321,0.2591195409962627,0.006821439856969369,500.0,0.004803301337901576,2.401650668950788,2.401650668950788,8.0,35.069900000000004,2.401650668950788,2.401650668950788,1.0,3.75,1,0.0,1,0,LOSE,0.0,0.0,-2.401650668950788,0.26666666666666666,0.2613002580537751,-0.00536640861289156,false,true
m12_hybrid_grw_cal_optB,ladder_sweep_v1,2026-08-01,2026-08-01T13:35:00.0,16362584,forfar-athletic,kelty-hearts-fc,41,1X2,0.0,home,home,back,1.0,3.55,3.55,0.3664277860948954,0.2737178249960522,0.09270996109884322,500.0,0.029163568186699337,14.581784093349668,14.581784093349668,8.53,21.18,8.53,8.53,0.5849764298656902,3.55,1,0.0,1,0,WIN,30.281499999999994,0.4350299999999999,21.316469999999995,0.28169014084507044,0.2738283526179972,-0.00786178822707323,false,true
m12_hybrid_grw_cal_optB,ladder_sweep_v1,2026-08-01,2026-08-01T13:35:00.0,16362584,forfar-athletic,kelty-hearts-fc,41,OverUnder,2.5,under_25,under_25,back,1.0,2.02,2.02,0.5274734663124464,0.48807959451849076,0.03939387179395565,500.0,0.013681382601157602,6.840691300578801,6.840691300578801,2.7,10.7,6.840691300578801,6.840691300578801,1.0,2.0032066530574655,3,0.008313538090363632,1,0,WIN,13.818196427169177,0.13955010253180755,6.837955024058569,0.4991996200061109,0.48194271481942713,-0.01725690518668377,false,true
m12_hybrid_grw_cal_optB,ladder_sweep_v1,2026-08-01,2026-08-01T13:35:00.0,16362792,stirling-albion,dumbarton,41,1X2,0.0,away,away,back,1.0,2.98,2.98,0.36236289673178346,0.3291910313370937,0.03317186539468975,500.0,0.00544548176739562,2.7227408836978104,2.7227408836978104,2.0,6.0,2.7227408836978104,2.7227408836978104,1.0,2.969276424820443,2,0.003598515160925138,2,0,LOSE,0.0,0.0,-2.7227408836978104,0.33678238632176916,0.32868042614535353,-0.008101960176415623,false,true
m12_hybrid_grw_raw,ladder_sweep_v1,2026-08-01,2026-08-01T13:35:00.0,16362401,alloa-athletic,east-fife,41,1X2,0.0,home,home,back,1.0,2.22,2.22,0.4788898041235749,0.44771349100772245,0.03117631311585245,500.0,0.010476289374001807,5.238144687000903,5.238144687000903,143.8,178.8,5.238144687000903,5.238144687000903,1.0,2.22,1,0.0,0,0,LOSE,0.0,0.0,-5.238144687000903,0.4504504504504504,0.4494315239621982,-0.001018926488252192,false,true
m12_hybrid_grw_raw,ladder_sweep_v1,2026-08-01,2026-08-01T13:35:00.0,16362404,east-kilbride,queen-of-the-south,41,1X2,0.0,home,home,back,1.0,1.79,1.79,0.5719187999893491,0.5485170904241441,0.023401709565205042,500.0,0.0038359840171777347,1.9179920085888673,1.9179920085888673,5.74,17.740000000000002,1.9179920085888673,1.9179920085888673,1.0,1.79,1,0.0,5,1,WIN,3.4332056953740726,0.030304273735704105,1.484909413049501,0.5586592178770949,0.6188526857332523,0.06019346785615731,true,true
m12_hybrid_grw_raw,ladder_sweep_v1,2026-08-01,2026-08-01T13:35:00.0,16362404,east-kilbride,queen-of-the-south,41,OverUnder,2.5,under_25,over_25,lay,1.3888888888888888,1.72,2.388888888888889,0.4433656747499466,0.4128891316220645,0.030476543127882116,500.0,0.003818461964344234,1.909230982172117,2.6517096974612735,6.0,76.5,2.6517096974612735,1.909230982172117,1.0,1.7199999999999998,1,-1.8589780877444483e-16,5,1,LOSE,0.0,0.0,-1.909230982172117,0.4186046511627906,0.40047961630695444,-0.018125034855836164,false,true
m12_hybrid_grw_raw,ladder_sweep_v1,2026-08-01,2026-08-01T13:35:00.0,16362405,montrose,hamilton-academical,41,1X2,0.0,home,home,back,1.0,3.05,3.05,0.35930943031485324,0.3219879572865693,0.037321473028283925,500.0,0.009835121687420904,4.917560843710452,4.917560843710452,86.23,90.23,4.917560843710452,4.917560843710452,1.0,3.05,1,0.0,0,5,LOSE,0.0,0.0,-4.917560843710452,0.3278688524590164,0.3131977498918217,-0.014671102567194727,false,true
m12_hybrid_grw_raw,ladder_sweep_v1,2026-08-01,2026-08-01T13:35:00.0,16362581,clyde-fc,stranraer,41,1X2,0.0,home,home,back,1.0,2.0,2.0,0.5365625719350618,0.4887218045112782,0.047840767423783626,500.0,0.01386065767562991,6.930328837814955,6.930328837814955,7.74,20.740000000000002,6.930328837814955,6.930328837814955,1.0,2.0,1,0.0,3,1,WIN,13.86065767562991,0.1386065767562991,6.791722261058656,0.5,0.5021834061135371,0.0021834061135370675,true,true
m12_hybrid_grw_raw,ladder_sweep_v1,2026-08-01,2026-08-01T13:35:00.0,16362582,edinburgh-city-fc,elgin-city,41,1X2,0.0,away,away,back,1.0,3.25,3.25,0.42101419053538713,0.3008279668813248,0.12018622365406234,500.0,0.03090778870966393,15.453894354831965,15.453894354831965,6.22,21.66,11.96,11.96,0.773914957964008,3.2258097979719396,2,0.007443139085557058,0,5,WIN,38.870000000000005,0.5382000000000001,26.371800000000004,0.3099996784152302,0.3101871239565103,0.00018744554128014013,true,true
m12_hybrid_grw_raw,ladder_sweep_v1,2026-08-01,2026-08-01T13:35:00.0,16362582,edinburgh-city-fc,elgin-city,41,1X2,0.0,draw,draw,back,1.0,3.9,3.9,0.24543130407171962,0.250689972401104,-0.005258668329384403,500.0,0.006698154590662008,3.349077295331004,3.349077295331004,13.0,32.5,3.349077295331004,3.349077295331004,1.0,3.9,1,0.0,0,5,LOSE,0.0,0.0,-3.349077295331004,0.25641025641025644,0.25486712732732375,-0.0015431290829326927,false,true
m12_hybrid_grw_raw,ladder_sweep_v1,2026-08-01,2026-08-01T13:35:00.0,16362583,annan-athletic,the-spartans-fc,41,OverUnder,2.5,under_25,over_25,lay,1.0101010101010102,1.99,2.01010101010101,0.5615802106178658,0.488537061786779,0.07304314883108676,500.0,0.012819204422242539,6.409602211121269,6.474345667799263,2.0,10.0,6.474345667799263,6.409602211121269,1.0,1.9983475284445016,3,0.0042016810702636955,2,4,LOSE,0.0,0.0,-6.409602211121269,0.49958654049609064,0.4831460674157303,-0.01644047308036034,false,true
m12_hybrid_grw_raw,ladder_sweep_v1,2026-08-01,2026-08-01T13:35:00.0,16362584,forfar-athletic,kelty-hearts-fc,41,1X2,0.0,draw,draw,back,1.0,3.75,3.75,0.25869845686828363,0.2591195409962627,-0.0004210841279790878,500.0,0.012929333409901772,6.4646667049508855,6.4646667049508855,8.0,35.069900000000004,6.4646667049508855,6.4646667049508855,1.0,3.75,1,0.0,1,0,LOSE,0.0,0.0,-6.4646667049508855,0.26666666666666666,0.2613002580537751,-0.00536640861289156,false,true
m12_hybrid_grw_raw,ladder_sweep_v1,2026-08-01,2026-08-01T13:35:00.0,16362584,forfar-athletic,kelty-hearts-fc,41,1X2,0.0,home,home,back,1.0,3.55,3.55,0.46067396574529196,0.2737178249960522,0.18695614074923977,500.0,0.0681965442920044,34.0982721460022,34.0982721460022,8.53,21.18,8.53,8.53,0.2501593031892112,3.55,1,0.0,1,0,WIN,30.281499999999994,0.4350299999999999,21.316469999999995,0.28169014084507044,0.2738283526179972,-0.00786178822707323,false,true
m12_hybrid_grw_raw,ladder_sweep_v1,2026-08-01,2026-08-01T13:35:00.0,16362584,forfar-athletic,kelty-hearts-fc,41,OverUnder,2.5,under_25,under_25,back,1.0,2.02,2.02,0.5231245124358583,0.48807959451849076,0.03504491791736758,500.0,0.014453966283941922,7.226983141970961,7.226983141970961,2.7,10.7,7.226983141970961,7.226983141970961,1.0,2.0024963071044564,3,0.008665194502744384,1,0,WIN,14.59850594678134,0.1474304560962076,7.224092348714173,0.49937670119650157,0.48194271481942713,-0.01743398637707444,false,true
m12_hybrid_grw_raw,ladder_sweep_v1,2026-08-01,2026-08-01T13:35:00.0,16362792,stirling-albion,dumbarton,41,1X2,0.0,away,away,back,1.0,2.98,2.98,0.41621069018965406,0.3291910313370937,0.08701965885256036,500.0,0.020214124453372825,10.107062226686413,10.107062226686413,2.0,6.0,4.0,4.0,0.3957628745411806,2.9598648648648647,2,0.006756756756756818,2,0,LOSE,0.0,0.0,-4.0,0.3378532621102132,0.32868042614535353,-0.009172835964859682,false,true
m12_hybrid_td_raw,ladder_sweep_v1,2026-08-01,2026-08-01T13:35:00.0,16362401,alloa-athletic,east-fife,41,1X2,0.0,home,home,back,1.0,2.22,2.22,0.4702052975982933,0.44771349100772245,0.022491806590570873,500.0,0.00748630599614242,3.74315299807121,3.74315299807121,143.8,178.8,3.74315299807121,3.74315299807121,1.0,2.22,1,0.0,0,0,LOSE,0.0,0.0,-3.74315299807121,0.4504504504504504,0.4494315239621982,-0.001018926488252192,false,true
m12_hybrid_td_raw,ladder_sweep_v1,2026-08-01,2026-08-01T13:35:00.0,16362404,east-kilbride,queen-of-the-south,41,1X2,0.0,draw,draw,back,1.0,4.4,4.4,0.2234206368219014,0.22314672542254954,0.0002739113993518727,500.0,0.002067838951036026,1.033919475518013,1.033919475518013,78.31,138.49,1.033919475518013,1.033919475518013,1.0,4.4,1,0.0,5,1,LOSE,0.0,0.0,-1.033919475518013,0.22727272727272727,0.20315870996293633,-0.02411401730979093,false,true
m12_hybrid_td_raw,ladder_sweep_v1,2026-08-01,2026-08-01T13:35:00.0,16362404,east-kilbride,queen-of-the-south,41,1X2,0.0,home,home,back,1.0,1.79,1.79,0.5878954966004564,0.5485170904241441,0.039378406176312275,500.0,0.017046406949548763,8.523203474774382,8.523203474774382,5.74,17.740000000000002,8.523203474774382,8.523203474774382,1.0,1.7867222249979602,2,0.0018311592190166765,5,1,WIN,15.256534219846145,0.13466661490143525,6.598664130170327,0.5596840885555905,0.6188526857332523,0.059168597177661764,true,true
m12_hybrid_td_raw,ladder_sweep_v1,2026-08-01,2026-08-01T13:35:00.0,16362404,east-kilbride,queen-of-the-south,41,OverUnder,2.5,under_25,over_25,lay,1.3888888888888888,1.72,2.388888888888889,0.4681273933566486,0.4128891316220645,0.055238261734584126,500.0,0.008293827132342975,4.146913566171488,5.759602175238178,6.0,76.5,5.759602175238178,4.146913566171488,1.0,1.72,1,0.0,5,1,LOSE,0.0,0.0,-4.146913566171488,0.4186046511627907,0.40047961630695444,-0.018125034855836275,false,true
m12_hybrid_td_raw,ladder_sweep_v1,2026-08-01,2026-08-01T13:35:00.0,16362405,montrose,hamilton-academical,41,1X2,0.0,home,home,back,1.0,3.05,3.05,0.37783281967580223,0.3219879572865693,0.05584486238923292,500.0,0.01606443432046873,8.032217160234365,8.032217160234365,86.23,90.23,8.032217160234365,8.032217160234365,1.0,3.05,1,0.0,0,5,LOSE,0.0,0.0,-8.032217160234365,0.3278688524590164,0.3131977498918217,-0.014671102567194727,false,true
m12_hybrid_td_raw,ladder_sweep_v1,2026-08-01,2026-08-01T13:35:00.0,16362581,clyde-fc,stranraer,41,1X2,0.0,home,home,back,1.0,2.0,2.0,0.5354157485090173,0.4887218045112782,0.046693943997739074,500.0,0.013554928327192572,6.777464163596286,6.777464163596286,7.74,20.740000000000002,6.777464163596286,6.777464163596286,1.0,2.0,1,0.0,3,1,WIN,13.554928327192572,0.13554928327192572,6.64191488032436,0.5,0.5021834061135371,0.0021834061135370675,true,true
m12_hybrid_td_raw,ladder_sweep_v1,2026-08-01,2026-08-01T13:35:00.0,16362582,edinburgh-city-fc,elgin-city,41,1X2,0.0,away,away,back,1.0,3.25,3.25,0.4069738544387831,0.3008279668813248,0.1061458875574583,500.0,0.026694424810303673,13.347212405151836,13.347212405151836,6.22,21.66,11.96,11.96,0.896067256364603,3.2258097979719396,2,0.007443139085557058,0,5,WIN,38.870000000000005,0.5382000000000001,26.371800000000004,0.3099996784152302,0.3101871239565103,0.00018744554128014013,true,true
m12_hybrid_td_raw,ladder_sweep_v1,2026-08-01,2026-08-01T13:35:00.0,16362582,edinburgh-city-fc,elgin-city,41,1X2,0.0,draw,draw,back,1.0,3.9,3.9,0.2523776488935635,0.250689972401104,0.001687676492459489,500.0,0.0073451431257703596,3.67257156288518,3.67257156288518,13.0,32.5,3.67257156288518,3.67257156288518,1.0,3.9,1,0.0,0,5,LOSE,0.0,0.0,-3.67257156288518,0.25641025641025644,0.25486712732732375,-0.0015431290829326927,false,true
m12_hybrid_td_raw,ladder_sweep_v1,2026-08-01,2026-08-01T13:35:00.0,16362583,annan-athletic,the-spartans-fc,41,1X2,0.0,home,home,back,1.0,3.15,3.15,0.328126174199967,0.31264532284027896,0.01548085135968802,500.0,0.0022429541592806357,1.121477079640318,1.121477079640318,15.83,82.01,1.121477079640318,1.121477079640318,1.0,3.15,1,0.0,2,4,LOSE,0.0,0.0,-1.121477079640318,0.31746031746031744,0.31089885133436207,-0.006561466125955373,false,true
m12_hybrid_td_raw,ladder_sweep_v1,2026-08-01,2026-08-01T13:35:00.0,16362584,forfar-athletic,kelty-hearts-fc,41,1X2,0.0,draw,draw,back,1.0,3.75,3.75,0.25204223317785307,0.2591195409962627,-0.0070773078184096505,500.0,0.013622258004164802,6.811129002082401,6.811129002082401,8.0,35.069900000000004,6.811129002082401,6.811129002082401,1.0,3.75,1,0.0,1,0,LOSE,0.0,0.0,-6.811129002082401,0.26666666666666666,0.2613002580537751,-0.00536640861289156,false,true
m12_hybrid_td_raw,ladder_sweep_v1,2026-08-01,2026-08-01T13:35:00.0,16362584,forfar-athletic,kelty-hearts-fc,41,1X2,0.0,home,home,back,1.0,3.55,3.55,0.4736917746467526,0.2737178249960522,0.19997394965070042,500.0,0.07009132492961778,35.04566246480889,35.04566246480889,8.53,21.18,8.53,8.53,0.24339674014053522,3.55,1,0.0,1,0,WIN,30.281499999999994,0.4350299999999999,21.316469999999995,0.28169014084507044,0.2738283526179972,-0.00786178822707323,false,true
m12_hybrid_td_raw,ladder_sweep_v1,2026-08-01,2026-08-01T13:35:00.0,16362584,forfar-athletic,kelty-hearts-fc,41,OverUnder,2.5,under_25,under_25,back,1.0,2.02,2.02,0.49931367916281283,0.48807959451849076,0.011234084644322073,500.0,0.005217051493316932,2.608525746658466,2.608525746658466,2.7,10.7,2.608525746658466,2.608525746658466,1.0,2.02,1,0.0,1,0,WIN,5.269222008250101,0.05321392523183271,2.6074823363598023,0.49504950495049505,0.48194271481942713,-0.013106790131067914,false,true
m12_hybrid_td_raw,ladder_sweep_v1,2026-08-01,2026-08-01T13:35:00.0,16362792,stirling-albion,dumbarton,41,1X2,0.0,away,away,back,1.0,2.98,2.98,0.4089977263083746,0.3291910313370937,0.0798066949712809,500.0,0.017583390558542182,8.79169527927109,8.79169527927109,2.0,6.0,4.0,4.0,0.45497482259549327,2.9598648648648647,2,0.006756756756756818,2,0,LOSE,0.0,0.0,-4.0,0.3378532621102132,0.32868042614535353,-0.009172835964859682,false,true
m00_baseline_grw_raw,ladder_sweep_v1,2026-08-08,2026-08-08T13:35:00.0,16362408,east-fife,cove-rangers,41,1X2,0.0,away,away,back,1.0,3.0,3.0,0.4067487369676363,0.3260706235912847,0.08067811337635161,504.0798534499276,0.01644869782895629,8.29145719106243,8.29145719106243,22.2399,38.0999,8.29145719106243,8.29145719106243,1.0,3.0,1,0.0,2,0,LOSE,0.0,0.0,-8.29145719106243,0.3333333333333333,0.2836598664888921,-0.04967346684444124,false,true
m00_baseline_grw_raw,ladder_sweep_v1,2026-08-08,2026-08-08T13:35:00.0,16362409,queen-of-the-south,peterhead,41,1X2,0.0,draw,draw,back,1.0,3.65,3.65,0.23230452635491552,0.26750895347833487,-0.03520442712341934,504.0798534499276,0.008150141053686543,4.108321907938551,4.108321907938551,11.48,62.45,4.108321907938551,4.108321907938551,1.0,3.65,1,0.0,0,1,LOSE,0.0,0.0,-4.108321907938551,0.273972602739726,0.27829167698652857,0.004319074246802557,true,true
m00_baseline_grw_raw,ladder_sweep_v1,2026-08-08,2026-08-08T13:35:00.0,16362409,queen-of-the-south,peterhead,41,1X2,0.0,home,home,back,1.0,3.25,3.25,0.49972336464302997,0.3004331323679761,0.19929023227505388,504.0798534499276,0.06764140944227781,34.09667175880995,34.09667175880995,24.37,132.04000000000002,34.09667175880995,34.09667175880995,1.0,3.2355780436380006,2,0.00443752503446135,0,1,LOSE,0.0,0.0,-34.09667175880995,0.30906378597983863,0.33339435512529214,0.024330569145453507,true,true
m00_baseline_grw_raw,ladder_sweep_v1,2026-08-08,2026-08-08T13:35:00.0,16362410,hamilton-academical,alloa-athletic,41,1X2,0.0,away,away,back,1.0,6.0,6.0,0.3441026749600284,0.1643835616438356,0.17971911331619278,504.0798534499276,0.038196282300333013,19.25397638428393,19.25397638428393,5.04,16.04,10.04,10.04,0.5214507278712128,5.949779027721977,2,0.008370162046337152,1,0,LOSE,0.0,0.0,-10.04,0.16807346883651833,0.18009886639112355,0.012025397554605216,true,true
m00_baseline_grw_raw,ladder_sweep_v1,2026-08-08,2026-08-08T13:35:00.0,16362410,hamilton-academical,alloa-athletic,41,1X2,0.0,draw,draw,back,1.0,4.5,4.5,0.27773975058319955,0.2191780821917808,0.05856166839141874,504.0798534499276,0.020669155321993066,10.418904785644056,10.418904785644056,44.13,68.13,10.418904785644056,10.418904785644056,1.0,4.5,1,0.0,1,0,LOSE,0.0,0.0,-10.418904785644056,0.2222222222222222,0.24379236791969164,0.02157014569746943,true,true
m00_baseline_grw_raw,ladder_sweep_v1,2026-08-08,2026-08-08T13:35:00.0,16362410,hamilton-academical,alloa-athletic,41,OverUnder,2.5,under_25,over_25,lay,1.0416666666666667,1.96,2.0416666666666665,0.5798495241628542,0.48723315194642114,0.09261637221643304,504.0798534499276,0.004758814331564302,2.3988224308503487,2.4987733654691135,25.2,52.3,2.4987733654691135,2.3988224308503487,1.0,1.9599999999999997,1,-2.175130823755409e-16,1,0,WIN,4.897595796319462,0.049975467309382265,2.448797898159731,0.48979591836734687,0.48499999999999993,-0.004795918367346941,false,true
m00_baseline_grw_raw,ladder_sweep_v1,2026-08-08,2026-08-08T13:35:00.0,16362579,dumbarton,clyde-fc,41,1X2,0.0,home,home,back,1.0,3.35,3.35,0.3142880132175523,0.29076841920168806,0.02351959401586423,504.0798534499276,0.00405704940854283,2.0450768712973852,2.0450768712973852,7.0,23.0,2.0450768712973852,2.0450768712973852,1.0,3.35,1,0.0,1,0,WIN,6.851007518846241,0.09611861295097711,4.709812034597879,0.29850746268656714,0.2491457210114663,-0.04936174167510085,false,true
m00_baseline_grw_raw,ladder_sweep_v1,2026-08-08,2026-08-08T13:35:00.0,16362579,dumbarton,clyde-fc,41,OverUnder,2.5,under_25,under_25,back,1.0,2.2,2.2,0.481287478308932,0.4444444444444444,0.03684303386448756,504.0798534499276,0.005350335406617646,2.696996287675782,2.696996287675782,11.0,27.0,2.696996287675782,2.696996287675782,1.0,2.2,1,0.0,1,0,WIN,5.93339183288672,0.06472791090421877,3.17166763430672,0.45454545454545453,0.4348408628606926,-0.019704591684761907,false,true
m00_baseline_grw_raw,ladder_sweep_v1,2026-08-08,2026-08-08T13:35:00.0,16362580,the-spartans-fc,edinburgh-city-fc,41,1X2,0.0,away,away,back,1.0,6.0,6.0,0.18970443092905442,0.1614773969672482,0.02822703396180623,504.0798534499276,0.004592270170631514,2.3148708746144075,2.3148708746144075,26.34,28.39,2.3148708746144075,2.3148708746144075,1.0,6.0,1,0.0,2,2,LOSE,0.0,0.0,-2.3148708746144075,0.16666666666666666,0.15803362417535644,-0.008633042491310222,false,true
m00_baseline_grw_raw,ladder_sweep_v1,2026-08-08,2026-08-08T13:35:00.0,16362585,stranraer,annan-athletic,41,1X2,0.0,away,away,back,1.0,4.1,4.1,0.2799147776380447,0.2362691900476443,0.04364558759040038,504.0798534499276,0.007013340640583038,3.535283722299519,3.535283722299519,9.0,18.0,3.535283722299519,3.535283722299519,1.0,4.1,1,0.0,0,1,WIN,14.494663261428027,0.21918759078257016,10.740191948345938,0.24390243902439027,0.2289696589432169,-0.014932780081173352,false,true
m00_baseline_grw_raw,ladder_sweep_v1,2026-08-08,2026-08-08T13:35:00.0,16362588,kelty-hearts-fc,stirling-albion,41,1X2,0.0,away,away,back,1.0,3.55,3.55,0.3507099690810829,0.27340994027452764,0.07730002880655523,504.0798534499276,0.014788374254800497,7.454521527122517,7.454521527122517,3.0,32.66,7.454521527122517,7.454521527122517,1.0,3.5199516968118303,2,0.008464310757230855,3,2,LOSE,0.0,0.0,-7.454521527122517,0.2840948075809513,0.318320183341789,0.03422537576083773,true,true
m00_baseline_grw_raw,ladder_sweep_v1,2026-08-08,2026-08-08T13:35:00.0,16362589,elgin-city,forfar-athletic,41,1X2,0.0,away,away,back,1.0,5.0,5.0,0.33991069286817754,0.1975842465656322,0.14232644630254535,504.0798534499276,0.03048517047917253,15.36696026753735,15.36696026753735,7.52,52.400000000000006,15.36696026753735,15.36696026753735,1.0,4.948431444889172,2,0.010313711022165606,1,1,LOSE,0.0,0.0,-15.36696026753735,0.20208423843737752,0.1838838966096365,-0.018200341827741023,false,true
m00_baseline_grw_raw,ladder_sweep_v1,2026-08-08,2026-08-08T13:35:00.0,16362589,elgin-city,forfar-athletic,41,1X2,0.0,draw,draw,back,1.0,3.85,3.85,0.2586543276900937,0.2566029176177041,0.0020514100723896256,504.0798534499276,0.008797798833632912,4.434793146739622,4.434793146739622,10.0,80.73,4.434793146739622,4.434793146739622,1.0,3.8499999999999996,1,1.1534784671430197e-16,1,1,WIN,17.07395361494755,0.2527832093641585,12.386377258843766,0.25974025974025977,0.2654747646417268,0.005734504901467041,true,true
m00_baseline_grw_raw,ladder_sweep_v1,2026-08-08,2026-08-08T13:35:00.0,16362589,elgin-city,forfar-athletic,41,OverUnder,2.5,under_25,over_25,lay,1.0638297872340425,1.94,2.0638297872340425,0.5069597232729973,0.4806446431439739,0.026315080129023394,504.0798534499276,0.007815150738039697,3.939460038720144,4.190914934808664,4.92,77.82,4.190914934808664,3.939460038720144,1.0,1.94,1,0.0,1,1,WIN,8.130374973528808,0.08381829869617327,4.10709663611249,0.4845360824742268,0.4950124688279302,0.010476386353703404,true,true
m05_joint_grw_raw,ladder_sweep_v1,2026-08-08,2026-08-08T13:35:00.0,16362408,east-fife,cove-rangers,41,1X2,0.0,away,away,back,1.0,3.0,3.0,0.3550151529093609,0.3260706235912847,0.02894452931807623,531.0881109236078,0.005455310401042452,2.897250495391545,2.897250495391545,22.2399,38.0999,2.897250495391545,2.897250495391545,1.0,3.0,1,0.0,2,0,LOSE,0.0,0.0,-2.897250495391545,0.3333333333333333,0.2836598664888921,-0.04967346684444124,false,true
m05_joint_grw_raw,ladder_sweep_v1,2026-08-08,2026-08-08T13:35:00.0,16362409,queen-of-the-south,peterhead,41,1X2,0.0,home,home,back,1.0,3.25,3.25,0.3603404993091131,0.3004331323679761,0.05990736694113702,531.0881109236078,0.02147230230262476,11.403684467081618,11.403684467081618,24.37,132.04000000000002,11.403684467081618,11.403684467081618,1.0,3.25,1,0.0,0,1,LOSE,0.0,0.0,-11.403684467081618,0.3076923076923077,0.33339435512529214,0.02570204743298443,true,true
m05_joint_grw_raw,ladder_sweep_v1,2026-08-08,2026-08-08T13:35:00.0,16362409,queen-of-the-south,peterhead,41,OverUnder,2.5,under_25,over_25,lay,1.176470588235294,1.85,2.176470588235294,0.4662976338074337,0.45128281180483465,0.01501482200259907,531.0881109236078,0.0035167506206295208,1.8677044436995576,2.197299345528891,14.0,132.76999999999998,2.197299345528891,1.8677044436995576,1.0,1.85,1,0.0,0,1,WIN,4.065003789228449,0.04394598691057782,2.1533533586183133,0.4594594594594595,0.45745992601726265,-0.0019995334421968325,false,true
m05_joint_grw_raw,ladder_sweep_v1,2026-08-08,2026-08-08T13:35:00.0,16362410,hamilton-academical,alloa-athletic,41,1X2,0.0,away,away,back,1.0,6.0,6.0,0.36173665451870507,0.1643835616438356,0.19735309287486946,531.0881109236078,0.05429738082439609,28.836693410128248,28.836693410128248,5.04,16.04,10.04,10.04,0.3481675189733672,5.949779027721977,2,0.008370162046337152,1,0,LOSE,0.0,0.0,-10.04,0.16807346883651833,0.18009886639112355,0.012025397554605216,true,true
m05_joint_grw_raw,ladder_sweep_v1,2026-08-08,2026-08-08T13:35:00.0,16362410,hamilton-academical,alloa-athletic,41,1X2,0.0,draw,draw,back,1.0,4.5,4.5,0.2640774739550502,0.2191780821917808,0.0448993917632694,531.0881109236078,0.02614272198176883,13.884088831698685,13.884088831698685,44.13,68.13,13.884088831698685,13.884088831698685,1.0,4.5,1,0.0,1,0,LOSE,0.0,0.0,-13.884088831698685,0.2222222222222222,0.24379236791969164,0.02157014569746943,true,true
m05_joint_grw_raw,ladder_sweep_v1,2026-08-08,2026-08-08T13:35:00.0,16362579,dumbarton,clyde-fc,41,1X2,0.0,home,home,back,1.0,3.35,3.35,0.31250671889450843,0.29076841920168806,0.021738299692820373,531.0881109236078,0.00454930788097585,2.4160833285173458,2.4160833285173458,7.0,23.0,2.4160833285173458,2.4160833285173458,1.0,3.35,1,0.0,1,0,WIN,8.093879150533109,0.11355591644031526,5.564239905575447,0.29850746268656714,0.2491457210114663,-0.04936174167510085,false,true
m05_joint_grw_raw,ladder_sweep_v1,2026-08-08,2026-08-08T13:35:00.0,16362579,dumbarton,clyde-fc,41,OverUnder,2.5,under_25,under_25,back,1.0,2.2,2.2,0.4922905154875171,0.4444444444444444,0.0478460710430727,531.0881109236078,0.009087777434749806,4.826410550315464,4.826410550315464,11.0,27.0,4.826410550315464,4.826410550315464,1.0,2.2,1,0.0,1,0,WIN,10.618103210694024,0.11583385320757117,5.675858807170987,0.45454545454545453,0.4348408628606926,-0.019704591684761907,false,true
m05_joint_grw_raw,ladder_sweep_v1,2026-08-08,2026-08-08T13:35:00.0,16362580,the-spartans-fc,edinburgh-city-fc,41,1X2,0.0,away,away,back,1.0,6.0,6.0,0.20788851197064312,0.1614773969672482,0.046411115003394926,531.0881109236078,0.01005460998944513,5.339883825368051,5.339883825368051,26.34,28.39,5.339883825368051,5.339883825368051,1.0,6.0,1,0.0,2,2,LOSE,0.0,0.0,-5.339883825368051,0.16666666666666666,0.15803362417535644,-0.008633042491310222,false,true
m05_joint_grw_raw,ladder_sweep_v1,2026-08-08,2026-08-08T13:35:00.0,16362580,the-spartans-fc,edinburgh-city-fc,41,1X2,0.0,draw,draw,back,1.0,4.3,4.3,0.24386399285734528,0.2253172980938347,0.01854669476351059,531.0881109236078,0.002598936125700933,1.3802640774096289,1.3802640774096289,7.0,63.15,1.3802640774096289,1.3802640774096289,1.0,4.3,1,0.0,2,2,WIN,5.935135532861404,0.09109742910903551,4.4637740263427395,0.23255813953488372,0.2118323047456906,-0.020725834789193126,false,true
m05_joint_grw_raw,ladder_sweep_v1,2026-08-08,2026-08-08T13:35:00.0,16362580,the-spartans-fc,edinburgh-city-fc,41,OverUnder,2.5,under_25,under_25,back,1.0,2.12,2.12,0.5253559854312487,0.4619289340101523,0.06342705142109645,531.0881109236078,0.016692061375213642,8.864955343183132,8.864955343183132,2.66,110.67,2.66,2.66,0.30005791309997465,2.12,1,0.0,2,2,LOSE,0.0,0.0,-2.66,0.4716981132075471,0.4678217821782178,-0.0038763310293293274,false,true
m05_joint_grw_raw,ladder_sweep_v1,2026-08-08,2026-08-08T13:35:00.0,16362585,stranraer,annan-athletic,41,1X2,0.0,away,away,back,1.0,4.1,4.1,0.30063145400051305,0.2362691900476443,0.06436226395286876,531.0881109236078,0.015137655445993334,8.039428834625063,8.039428834625063,9.0,18.0,8.039428834625063,8.039428834625063,1.0,4.1,1,0.0,0,1,WIN,32.96165822196276,0.4984445877467539,24.42378479959094,0.24390243902439027,0.2289696589432169,-0.014932780081173352,false,true
m05_joint_grw_raw,ladder_sweep_v1,2026-08-08,2026-08-08T13:35:00.0,16362585,stranraer,annan-athletic,41,OverUnder,1.5,over_15,over_15,back,1.0,1.31,1.31,0.7944669382581343,0.7578558225508318,0.036611115707302466,531.0881109236078,0.01695750879138691,9.005931309988146,9.005931309988146,21.4899,50.4899,9.005931309988146,9.005931309988146,1.0,1.31,1,0.0,0,1,LOSE,0.0,0.0,-9.005931309988146,0.7633587786259541,0.7644444444444445,0.0010856658184903445,true,true
m05_joint_grw_raw,ladder_sweep_v1,2026-08-08,2026-08-08T13:35:00.0,16362588,kelty-hearts-fc,stirling-albion,41,1X2,0.0,away,away,back,1.0,3.55,3.55,0.29816614287214094,0.27340994027452764,0.024756202597613297,531.0881109236078,0.0032392276821904373,1.720315310585976,1.720315310585976,3.0,32.66,1.720315310585976,1.720315310585976,1.0,3.55,1,0.0,3,2,LOSE,0.0,0.0,-1.720315310585976,0.28169014084507044,0.318320183341789,0.036630042496718584,true,true
m05_joint_grw_raw,ladder_sweep_v1,2026-08-08,2026-08-08T13:35:00.0,16362588,kelty-hearts-fc,stirling-albion,41,OverUnder,1.5,over_15,over_15,back,1.0,1.28,1.28,0.8040287699200545,0.7706093189964158,0.03341945092363863,531.0881109236078,0.00287253734422719,1.5255704317031356,1.5255704317031356,23.77,54.769999999999996,1.5255704317031356,1.5255704317031356,1.0,1.28,1,0.0,3,2,WIN,1.9527301525800136,0.00854319441753756,0.41861652645934044,0.78125,0.7784431137724551,-0.0028068862275448803,false,true
m05_joint_grw_raw,ladder_sweep_v1,2026-08-08,2026-08-08T13:35:00.0,16362589,elgin-city,forfar-athletic,41,1X2,0.0,away,away,back,1.0,5.0,5.0,0.3068414192717763,0.1975842465656322,0.10925717270614407,531.0881109236078,0.029841118368993225,15.848263182436384,15.848263182436384,7.52,52.400000000000006,15.848263182436384,15.848263182436384,1.0,4.9469465169517175,2,0.0106106966096565,1,1,LOSE,0.0,0.0,-15.848263182436384,0.20214489818583986,0.1838838966096365,-0.01826100157620336,false,true
m05_joint_grw_raw,ladder_sweep_v1,2026-08-08,2026-08-08T13:35:00.0,16362589,elgin-city,forfar-athletic,41,1X2,0.0,draw,draw,back,1.0,3.85,3.85,0.26033073973608206,0.2566029176177041,0.003727822118377966,531.0881109236078,0.0076783552231757405,4.077883170476821,4.077883170476821,10.0,80.73,4.077883170476821,4.077883170476821,1.0,3.8500000000000005,1,-1.1534784671430197e-16,1,1,WIN,15.69985020633576,0.2324393407171788,11.389527695141762,0.2597402597402597,0.2654747646417268,0.005734504901467097,true,true
m05_joint_grw_raw,ladder_sweep_v1,2026-08-08,2026-08-08T13:35:00.0,16362589,elgin-city,forfar-athletic,41,OverUnder,2.5,under_25,over_25,lay,1.0638297872340425,1.94,2.0638297872340425,0.5173989800187414,0.4806446431439739,0.03675433687476748,531.0881109236078,0.01575230873605797,8.365863889318472,8.89985520140263,4.92,77.82,8.89985520140263,8.365863889318472,1.0,1.944459113583071,2,0.002433680953643616,1,1,WIN,17.265719090721102,0.1779971040280526,8.721858097374577,0.48571816552249764,0.4950124688279302,0.009294303305432572,true,true
m05_joint_td_raw,ladder_sweep_v1,2026-08-08,2026-08-08T13:35:00.0,16362408,east-fife,cove-rangers,41,1X2,0.0,away,away,back,1.0,3.0,3.0,0.3649680956198895,0.3260706235912847,0.03889747202860483,519.648814583383,0.00829248107391776,4.309177960016503,4.309177960016503,22.2399,38.0999,4.309177960016503,4.309177960016503,1.0,3.0,1,0.0,2,0,LOSE,0.0,0.0,-4.309177960016503,0.3333333333333333,0.2836598664888921,-0.04967346684444124,false,true
m05_joint_td_raw,ladder_sweep_v1,2026-08-08,2026-08-08T13:35:00.0,16362409,queen-of-the-south,peterhead,41,1X2,0.0,home,home,back,1.0,3.25,3.25,0.3602011030495561,0.3004331323679761,0.05976797068158002,519.648814583383,0.021523073871631198,11.184439823583736,11.184439823583736,24.37,132.04000000000002,11.184439823583736,11.184439823583736,1.0,3.25,1,0.0,0,1,LOSE,0.0,0.0,-11.184439823583736,0.3076923076923077,0.33339435512529214,0.02570204743298443,true,true
m05_joint_td_raw,ladder_sweep_v1,2026-08-08,2026-08-08T13:35:00.0,16362409,queen-of-the-south,peterhead,41,OverUnder,2.5,under_25,over_25,lay,1.176470588235294,1.85,2.176470588235294,0.4827626270766963,0.45128281180483465,0.031479815271861666,519.648814583383,0.010721363938273965,5.5713440612410965,6.554522424989524,14.0,132.76999999999998,6.554522424989524,5.5713440612410965,1.0,1.85,1,0.0,0,1,WIN,12.12586648623062,0.13109044849979049,6.423431976489733,0.4594594594594595,0.45745992601726265,-0.0019995334421968325,false,true
m05_joint_td_raw,ladder_sweep_v1,2026-08-08,2026-08-08T13:35:00.0,16362410,hamilton-academical,alloa-athletic,41,1X2,0.0,away,away,back,1.0,6.0,6.0,0.3590603079926061,0.1643835616438356,0.19467674634877047,519.648814583383,0.05131677837644752,26.666703051559136,26.666703051559136,5.04,16.04,10.04,10.04,0.3764994862915003,5.949779027721977,2,0.008370162046337152,1,0,LOSE,0.0,0.0,-10.04,0.16807346883651833,0.18009886639112355,0.012025397554605216,true,true
m05_joint_td_raw,ladder_sweep_v1,2026-08-08,2026-08-08T13:35:00.0,16362410,hamilton-academical,alloa-athletic,41,1X2,0.0,draw,draw,back,1.0,4.5,4.5,0.25677850264681834,0.2191780821917808,0.03760042045503753,519.648814583383,0.022677466681467723,11.784318678778867,11.784318678778867,44.13,68.13,11.784318678778867,11.784318678778867,1.0,4.5,1,0.0,1,0,LOSE,0.0,0.0,-11.784318678778867,0.2222222222222222,0.24379236791969164,0.02157014569746943,true,true
m05_joint_td_raw,ladder_sweep_v1,2026-08-08,2026-08-08T13:35:00.0,16362579,dumbarton,clyde-fc,41,1X2,0.0,home,home,back,1.0,3.35,3.35,0.3358002056923381,0.29076841920168806,0.04503178649065004,519.648814583383,0.014624263250310101,7.599481062178976,7.599481062178976,7.0,23.0,7.599481062178976,7.599481062178976,1.0,3.346000795288761,2,0.0011937924511161,1,0,WIN,25.45826155829957,0.3571756099224119,17.501604886198184,0.29886424456563815,0.2491457210114663,-0.04971852355417186,false,true
m05_joint_td_raw,ladder_sweep_v1,2026-08-08,2026-08-08T13:35:00.0,16362579,dumbarton,clyde-fc,41,OverUnder,2.5,under_25,under_25,back,1.0,2.2,2.2,0.48614493818300386,0.4444444444444444,0.04170049373855944,519.648814583383,0.010057593011027516,5.226416285742566,5.226416285742566,11.0,27.0,5.226416285742566,5.226416285742566,1.0,2.2,1,0.0,1,0,WIN,11.498115828633647,0.12543399085782161,6.146265552033259,0.45454545454545453,0.4348408628606926,-0.019704591684761907,false,true
m05_joint_td_raw,ladder_sweep_v1,2026-08-08,2026-08-08T13:35:00.0,16362580,the-spartans-fc,edinburgh-city-fc,41,1X2,0.0,away,away,back,1.0,6.0,6.0,0.22210083429434635,0.1614773969672482,0.060623437327098156,519.648814583383,0.013747336414753192,7.1437870716054706,7.1437870716054706,26.34,28.39,7.1437870716054706,7.1437870716054706,1.0,6.0,1,0.0,2,2,LOSE,0.0,0.0,-7.1437870716054706,0.16666666666666666,0.15803362417535644,-0.008633042491310222,false,true
m05_joint_td_raw,ladder_sweep_v1,2026-08-08,2026-08-08T13:35:00.0,16362580,the-spartans-fc,edinburgh-city-fc,41,1X2,0.0,draw,draw,back,1.0,4.3,4.3,0.23926139794336518,0.2253172980938347,0.013944099849530489,519.648814583383,0.004638767157669469,2.4105298546112683,2.4105298546112683,7.0,63.15,2.4105298546112683,2.4105298546112683,1.0,4.3,1,0.0,2,2,WIN,10.365278374828453,0.1590949704043437,7.795653549812841,0.23255813953488372,0.2118323047456906,-0.020725834789193126,false,true
m05_joint_td_raw,ladder_sweep_v1,2026-08-08,2026-08-08T13:35:00.0,16362580,the-spartans-fc,edinburgh-city-fc,41,OverUnder,2.5,under_25,under_25,back,1.0,2.12,2.12,0.4923422650595818,0.4619289340101523,0.030413331049429504,519.648814583383,0.0022099994607978576,1.1484236000335224,1.1484236000335224,2.66,110.67,1.1484236000335224,1.1484236000335224,1.0,2.12,1,0.0,2,2,LOSE,0.0,0.0,-1.1484236000335224,0.4716981132075471,0.4678217821782178,-0.0038763310293293274,false,true
m05_joint_td_raw,ladder_sweep_v1,2026-08-08,2026-08-08T13:35:00.0,16362585,stranraer,annan-athletic,41,1X2,0.0,away,away,back,1.0,4.1,4.1,0.2984293673115975,0.2362691900476443,0.06216017726395323,519.648814583383,0.014003428957961458,7.27686525810729,7.27686525810729,9.0,18.0,7.27686525810729,7.27686525810729,1.0,4.1,1,0.0,0,1,WIN,29.835147558239886,0.4511656460026519,22.107116654129943,0.24390243902439027,0.2289696589432169,-0.014932780081173352,false,true
m05_joint_td_raw,ladder_sweep_v1,2026-08-08,2026-08-08T13:35:00.0,16362585,stranraer,annan-athletic,41,OverUnder,1.5,over_15,over_15,back,1.0,1.31,1.31,0.7908745545947607,0.7578558225508318,0.03301873204392891,519.648814583383,0.014292089953341587,7.426867602173034,7.426867602173034,21.4899,50.4899,7.426867602173034,7.426867602173034,1.0,1.31,1,0.0,0,1,LOSE,0.0,0.0,-7.426867602173034,0.7633587786259541,0.7644444444444445,0.0010856658184903445,true,true
m05_joint_td_raw,ladder_sweep_v1,2026-08-08,2026-08-08T13:35:00.0,16362589,elgin-city,forfar-athletic,41,1X2,0.0,away,away,back,1.0,5.0,5.0,0.32443075023602247,0.1975842465656322,0.12684650367039027,519.648814583383,0.033933150363200076,17.63332136131661,17.63332136131661,7.52,52.400000000000006,17.63332136131661,17.63332136131661,1.0,4.942153138183795,2,0.011569372363240937,1,1,LOSE,0.0,0.0,-17.63332136131661,0.20234095788611936,0.1838838966096365,-0.01845706127648286,false,true
m05_joint_td_raw,ladder_sweep_v1,2026-08-08,2026-08-08T13:35:00.0,16362589,elgin-city,forfar-athletic,41,1X2,0.0,draw,draw,back,1.0,3.85,3.85,0.2632021803662276,0.2566029176177041,0.006599262748523516,519.648814583383,0.00985168853907846,5.119418270976822,5.119418270976822,10.0,80.73,5.119418270976822,5.119418270976822,1.0,3.85,1,0.0,1,1,WIN,19.709760343260765,0.29180684144567887,14.298535230838263,0.2597402597402597,0.2654747646417268,0.005734504901467097,true,true
m05_joint_td_raw,ladder_sweep_v1,2026-08-08,2026-08-08T13:35:00.0,16362589,elgin-city,forfar-athletic,41,OverUnder,2.5,under_25,over_25,lay,1.0638297872340425,1.94,2.0638297872340425,0.5236774099099281,0.4806446431439739,0.043032766765954134,519.648814583383,0.01653459924190722,8.59218489566839,9.140622229434458,4.92,77.82,9.140622229434458,8.592184895668389,1.0,1.944604658555976,2,0.00251272880843129,1,1,WIN,17.732807125102845,0.18281244458868912,8.957809784845766,0.4857566572207126,0.4950124688279302,0.009255811607217612,true,true
m05_wealth_grw_raw,ladder_sweep_v1,2026-08-08,2026-08-08T13:35:00.0,16362408,east-fife,cove-rangers,41,1X2,0.0,away,away,back,1.0,3.0,3.0,0.3554765007944022,0.3260706235912847,0.029405877203117492,531.2078353470247,0.00558841379817472,2.9686091967518378,2.9686091967518378,22.2399,38.0999,2.9686091967518378,2.9686091967518378,1.0,3.0,1,0.0,2,0,LOSE,0.0,0.0,-2.9686091967518378,0.3333333333333333,0.2836598664888921,-0.04967346684444124,false,true
m05_wealth_grw_raw,ladder_sweep_v1,2026-08-08,2026-08-08T13:35:00.0,16362409,queen-of-the-south,peterhead,41,1X2,0.0,home,home,back,1.0,3.25,3.25,0.3618478337188717,0.3004331323679761,0.061414701350895606,531.2078353470247,0.022186363674228417,11.785570221608738,11.785570221608738,24.37,132.04000000000002,11.785570221608738,11.785570221608738,1.0,3.25,1,0.0,0,1,LOSE,0.0,0.0,-11.785570221608738,0.3076923076923077,0.33339435512529214,0.02570204743298443,true,true
m05_wealth_grw_raw,ladder_sweep_v1,2026-08-08,2026-08-08T13:35:00.0,16362409,queen-of-the-south,peterhead,41,OverUnder,2.5,under_25,over_25,lay,1.176470588235294,1.85,2.176470588235294,0.4675917639605983,0.45128281180483465,0.016308952155763667,531.2078353470247,0.004240244449507722,2.252451075365233,2.649942441606156,14.0,132.76999999999998,2.649942441606156,2.252451075365233,1.0,1.85,1,0.0,0,1,WIN,4.902393516971388,0.05299884883212312,2.596943592774033,0.4594594594594595,0.45745992601726265,-0.0019995334421968325,false,true
m05_wealth_grw_raw,ladder_sweep_v1,2026-08-08,2026-08-08T13:35:00.0,16362410,hamilton-academical,alloa-athletic,41,1X2,0.0,away,away,back,1.0,6.0,6.0,0.35904859406875694,0.1643835616438356,0.19466503242492134,531.2078353470247,0.05347694238313214,28.407370804321182,28.407370804321182,5.04,16.04,10.04,10.04,0.35342939933296347,5.949779027721977,2,0.008370162046337152,1,0,LOSE,0.0,0.0,-10.04,0.16807346883651833,0.18009886639112355,0.012025397554605216,true,true
m05_wealth_grw_raw,ladder_sweep_v1,2026-08-08,2026-08-08T13:35:00.0,16362410,hamilton-academical,alloa-athletic,41,1X2,0.0,draw,draw,back,1.0,4.5,4.5,0.26419874800431387,0.2191780821917808,0.045020665812533056,531.2078353470247,0.025912548056132717,13.764948561224013,13.764948561224013,44.13,68.13,13.764948561224013,13.764948561224013,1.0,4.5,1,0.0,1,0,LOSE,0.0,0.0,-13.764948561224013,0.2222222222222222,0.24379236791969164,0.02157014569746943,true,true
m05_wealth_grw_raw,ladder_sweep_v1,2026-08-08,2026-08-08T13:35:00.0,16362579,dumbarton,clyde-fc,41,1X2,0.0,home,home,back,1.0,3.35,3.35,0.31226564297996695,0.29076841920168806,0.021497223778278896,531.2078353470247,0.004425361464765443,2.3507866843261893,2.3507866843261893,7.0,23.0,2.3507866843261893,2.3507866843261893,1.0,3.35,1,0.0,1,0,WIN,7.875135392492734,0.11048697416333089,5.413861734003214,0.29850746268656714,0.2491457210114663,-0.04936174167510085,false,true
m05_wealth_grw_raw,ladder_sweep_v1,2026-08-08,2026-08-08T13:35:00.0,16362579,dumbarton,clyde-fc,41,OverUnder,2.5,under_25,under_25,back,1.0,2.2,2.2,0.4908971852874248,0.4444444444444444,0.0464527408429804,531.2078353470247,0.008737286934121654,4.641315279080605,4.641315279080605,11.0,27.0,4.641315279080605,4.641315279080605,1.0,2.2,1,0.0,1,0,WIN,10.210893613977333,0.11139156669793454,5.458186768198793,0.45454545454545453,0.4348408628606926,-0.019704591684761907,false,true
m05_wealth_grw_raw,ladder_sweep_v1,2026-08-08,2026-08-08T13:35:00.0,16362580,the-spartans-fc,edinburgh-city-fc,41,1X2,0.0,away,away,back,1.0,6.0,6.0,0.20749772683461434,0.1614773969672482,0.04602032986736615,531.2078353470247,0.009925943806722055,5.272739123345029,5.272739123345029,26.34,28.39,5.272739123345029,5.272739123345029,1.0,6.0,1,0.0,2,2,LOSE,0.0,0.0,-5.272739123345029,0.16666666666666666,0.15803362417535644,-0.008633042491310222,false,true
m05_wealth_grw_raw,ladder_sweep_v1,2026-08-08,2026-08-08T13:35:00.0,16362580,the-spartans-fc,edinburgh-city-fc,41,1X2,0.0,draw,draw,back,1.0,4.3,4.3,0.24370454201479722,0.2253172980938347,0.018387243920962526,531.2078353470247,0.002524924094041168,1.3412594624111562,1.3412594624111562,7.0,63.15,1.3412594624111562,1.3412594624111562,1.0,4.3,1,0.0,2,2,WIN,5.767415688367972,0.08852312451913631,4.337633101437679,0.23255813953488372,0.2118323047456906,-0.020725834789193126,false,true
m05_wealth_grw_raw,ladder_sweep_v1,2026-08-08,2026-08-08T13:35:00.0,16362580,the-spartans-fc,edinburgh-city-fc,41,OverUnder,2.5,under_25,under_25,back,1.0,2.12,2.12,0.5251048108985453,0.4619289340101523,0.06317587688839305,531.2078353470247,0.016622365508479016,8.829930800106183,8.829930800106183,2.66,110.67,2.66,2.66,0.3012481139680067,2.12,1,0.0,2,2,LOSE,0.0,0.0,-2.66,0.4716981132075471,0.4678217821782178,-0.0038763310293293274,false,true
m05_wealth_grw_raw,ladder_sweep_v1,2026-08-08,2026-08-08T13:35:00.0,16362585,stranraer,annan-athletic,41,1X2,0.0,away,away,back,1.0,4.1,4.1,0.30010595355071235,0.2362691900476443,0.06383676350306805,531.2078353470247,0.014968946144107072,7.95162147863731,7.95162147863731,9.0,18.0,7.95162147863731,7.95162147863731,1.0,4.1,1,0.0,0,1,WIN,32.60164806241296,0.4930005316755131,24.157026052100143,0.24390243902439027,0.2289696589432169,-0.014932780081173352,false,true
m05_wealth_grw_raw,ladder_sweep_v1,2026-08-08,2026-08-08T13:35:00.0,16362585,stranraer,annan-athletic,41,OverUnder,1.5,over_15,over_15,back,1.0,1.31,1.31,0.7942445197612702,0.7578558225508318,0.03638869721043836,531.2078353470247,0.01686786425791192,8.960341659372839,8.960341659372839,21.4899,50.4899,8.960341659372839,8.960341659372839,1.0,1.31,1,0.0,0,1,LOSE,0.0,0.0,-8.960341659372839,0.7633587786259541,0.7644444444444445,0.0010856658184903445,true,true
m05_wealth_grw_raw,ladder_sweep_v1,2026-08-08,2026-08-08T13:35:00.0,16362588,kelty-hearts-fc,stirling-albion,41,1X2,0.0,away,away,back,1.0,3.55,3.55,0.2968482024126189,0.27340994027452764,0.023438262138091248,531.2078353470247,0.002822819935032301,1.4995040672629374,1.4995040672629374,3.0,32.66,1.4995040672629374,1.4995040672629374,1.0,3.55,1,0.0,3,2,LOSE,0.0,0.0,-1.4995040672629374,0.28169014084507044,0.318320183341789,0.036630042496718584,true,true
m05_wealth_grw_raw,ladder_sweep_v1,2026-08-08,2026-08-08T13:35:00.0,16362588,kelty-hearts-fc,stirling-albion,41,OverUnder,1.5,over_15,over_15,back,1.0,1.28,1.28,0.8039143517151435,0.7706093189964158,0.033305032718727645,531.2078353470247,0.0025687501927161936,1.3645402294200217,1.3645402294200217,23.77,54.769999999999996,1.3645402294200217,1.3645402294200217,1.0,1.2799999999999998,1,1.734723475976807e-16,3,2,WIN,1.7466114936576278,0.007641425284752122,0.374429838952854,0.7812500000000001,0.7784431137724551,-0.0028068862275449913,false,true
m05_wealth_grw_raw,ladder_sweep_v1,2026-08-08,2026-08-08T13:35:00.0,16362589,elgin-city,forfar-athletic,41,1X2,0.0,away,away,back,1.0,5.0,5.0,0.30663974202063443,0.1975842465656322,0.10905549545500223,531.2078353470247,0.02973532615127718,15.795638238157727,15.795638238157727,7.52,52.400000000000006,15.795638238157727,15.795638238157727,1.0,4.947104428119388,2,0.010579114376122334,1,1,LOSE,0.0,0.0,-15.795638238157727,0.20213844573726614,0.1838838966096365,-0.018254549127629638,false,true
m05_wealth_grw_raw,ladder_sweep_v1,2026-08-08,2026-08-08T13:35:00.0,16362589,elgin-city,forfar-athletic,41,1X2,0.0,draw,draw,back,1.0,3.85,3.85,0.2605880761426404,0.2566029176177041,0.003985158524936305,531.2078353470247,0.00764936592033585,4.063403112318908,4.063403112318908,10.0,80.73,4.063403112318908,4.063403112318908,1.0,3.85,1,0.0,1,1,WIN,15.644101982427795,0.23161397740217776,11.34908489270671,0.2597402597402597,0.2654747646417268,0.005734504901467097,true,true
m05_wealth_grw_raw,ladder_sweep_v1,2026-08-08,2026-08-08T13:35:00.0,16362589,elgin-city,forfar-athletic,41,OverUnder,2.5,under_25,over_25,lay,1.0638297872340425,1.94,2.0638297872340425,0.5188316658901558,0.4806446431439739,0.03818702274618191,531.2078353470247,0.016213604352604456,8.61279367132011,9.162546458851182,4.92,77.82,9.162546458851182,8.61279367132011,1.0,1.9446175329461879,2,0.0025197199276227374,1,1,WIN,17.775340130171294,0.18325092917702365,8.979295529674157,0.48576006178194203,0.4950124688279302,0.009252407045988176,true,true
m10_lineup_grw_raw,ladder_sweep_v1,2026-08-08,2026-08-08T13:35:00.0,16362408,east-fife,cove-rangers,41,1X2,0.0,away,away,back,1.0,3.0,3.0,0.41101168382240727,0.3260706235912847,0.08494106023112258,508.98156632222646,0.016413112994803306,8.353971960318676,8.353971960318676,22.2399,38.0999,8.353971960318676,8.353971960318676,1.0,3.0,1,0.0,2,0,LOSE,0.0,0.0,-8.353971960318676,0.3333333333333333,0.2836598664888921,-0.04967346684444124,false,true
m10_lineup_grw_raw,ladder_sweep_v1,2026-08-08,2026-08-08T13:35:00.0,16362409,queen-of-the-south,peterhead,41,1X2,0.0,draw,draw,back,1.0,3.65,3.65,0.23690889477245997,0.26750895347833487,-0.0306000587058749,508.98156632222646,0.006570307621331051,3.34416546432394,3.34416546432394,11.48,62.45,3.34416546432394,3.34416546432394,1.0,3.65,1,0.0,0,1,LOSE,0.0,0.0,-3.34416546432394,0.273972602739726,0.27829167698652857,0.004319074246802557,true,true
m10_lineup_grw_raw,ladder_sweep_v1,2026-08-08,2026-08-08T13:35:00.0,16362409,queen-of-the-south,peterhead,41,1X2,0.0,home,home,back,1.0,3.25,3.25,0.478881551825402,0.3004331323679761,0.1784484194574259,508.98156632222646,0.0561109866607681,28.559457878483304,28.559457878483304,24.37,132.04000000000002,28.559457878483304,28.559457878483304,1.0,3.242567807295774,2,0.0022868285243772355,0,1,LOSE,0.0,0.0,-28.559457878483304,0.30839756002943136,0.33339435512529214,0.02499679509586078,true,true
m10_lineup_grw_raw,ladder_sweep_v1,2026-08-08,2026-08-08T13:35:00.0,16362410,hamilton-academical,alloa-athletic,41,1X2,0.0,away,away,back,1.0,6.0,6.0,0.3488719788395472,0.1643835616438356,0.18448841719571157,508.98156632222646,0.03667927823603401,18.66907648814534,18.66907648814534,5.04,16.04,10.04,10.04,0.5377877157649062,5.949779027721977,2,0.008370162046337152,1,0,LOSE,0.0,0.0,-10.04,0.16807346883651833,0.18009886639112355,0.012025397554605216,true,true
m10_lineup_grw_raw,ladder_sweep_v1,2026-08-08,2026-08-08T13:35:00.0,16362410,hamilton-academical,alloa-athletic,41,1X2,0.0,draw,draw,back,1.0,4.5,4.5,0.27371565128011455,0.2191780821917808,0.05453756908833374,508.98156632222646,0.019299726663402975,9.823205106729683,9.823205106729683,44.13,68.13,9.823205106729683,9.823205106729683,1.0,4.5,1,0.0,1,0,LOSE,0.0,0.0,-9.823205106729683,0.2222222222222222,0.24379236791969164,0.02157014569746943,true,true
m10_lineup_grw_raw,ladder_sweep_v1,2026-08-08,2026-08-08T13:35:00.0,16362410,hamilton-academical,alloa-athletic,41,OverUnder,2.5,under_25,over_25,lay,1.0416666666666667,1.96,2.0416666666666665,0.5632497121841411,0.48723315194642114,0.07601656023771997,508.98156632222646,0.002401485712341449,1.2223119593679985,1.2732416243416653,25.2,52.3,1.2732416243416653,1.2223119593679985,1.0,1.96,1,0.0,1,0,WIN,2.4955535837096634,0.0254648324868333,1.2477767918548315,0.489795918367347,0.48499999999999993,-0.004795918367347052,false,true
m10_lineup_grw_raw,ladder_sweep_v1,2026-08-08,2026-08-08T13:35:00.0,16362579,dumbarton,clyde-fc,41,1X2,0.0,home,home,back,1.0,3.35,3.35,0.34700275876140213,0.29076841920168806,0.056234339559714075,508.98156632222646,0.015324002179751724,7.799634631775245,7.799634631775245,7.0,23.0,7.799634631775245,7.799634631775245,1.0,3.3448042994463005,2,0.0015509553891640466,1,0,WIN,26.12877601644707,0.36658282769343653,17.96255855697839,0.29897115360846077,0.2491457210114663,-0.049825432596994484,false,true
m10_lineup_grw_raw,ladder_sweep_v1,2026-08-08,2026-08-08T13:35:00.0,16362579,dumbarton,clyde-fc,41,OverUnder,2.5,under_25,under_25,back,1.0,2.2,2.2,0.49886554744984235,0.4444444444444444,0.05442110300539793,508.98156632222646,0.009121018844411062,4.642430457882886,4.642430457882886,11.0,27.0,4.642430457882886,4.642430457882886,1.0,2.2,1,0.0,1,0,WIN,10.21334700734235,0.11141833098918928,5.459498218470275,0.45454545454545453,0.4348408628606926,-0.019704591684761907,false,true
m10_lineup_grw_raw,ladder_sweep_v1,2026-08-08,2026-08-08T13:35:00.0,16362580,the-spartans-fc,edinburgh-city-fc,41,1X2,0.0,away,away,back,1.0,6.0,6.0,0.2285553515316508,0.1614773969672482,0.0670779545644026,508.98156632222646,0.011405111764280608,5.804991649863596,5.804991649863596,26.34,28.39,5.804991649863596,5.804991649863596,1.0,6.0,1,0.0,2,2,LOSE,0.0,0.0,-5.804991649863596,0.16666666666666666,0.15803362417535644,-0.008633042491310222,false,true
m10_lineup_grw_raw,ladder_sweep_v1,2026-08-08,2026-08-08T13:35:00.0,16362585,stranraer,annan-athletic,41,1X2,0.0,away,away,back,1.0,4.1,4.1,0.2783330638175245,0.2362691900476443,0.04206387376988019,508.98156632222646,0.006343951642977606,3.2289544439152036,3.2289544439152036,9.0,18.0,3.2289544439152036,3.2289544439152036,1.0,4.1,1,0.0,0,1,WIN,13.238713220052333,0.2001951755227426,9.809563600614387,0.24390243902439027,0.2289696589432169,-0.014932780081173352,false,true
m10_lineup_grw_raw,ladder_sweep_v1,2026-08-08,2026-08-08T13:35:00.0,16362585,stranraer,annan-athletic,41,OverUnder,2.5,under_25,under_25,back,1.0,2.06,2.06,0.501485673191632,0.47848101265822784,0.02300466053340411,508.98156632222646,0.004942139121685495,2.515457711137836,2.515457711137836,56.58,74.58,2.515457711137836,2.515457711137836,1.0,2.06,1,0.0,0,1,WIN,5.181842884943942,0.05332770347612212,2.613057470329984,0.4854368932038835,0.483790523690773,-0.0016463695131104794,false,true
m10_lineup_grw_raw,ladder_sweep_v1,2026-08-08,2026-08-08T13:35:00.0,16362588,kelty-hearts-fc,stirling-albion,41,1X2,0.0,away,away,back,1.0,3.55,3.55,0.38483050532297586,0.27340994027452764,0.11142056504844822,508.98156632222646,0.02315019382727433,11.783021914869225,11.783021914869225,3.0,32.66,11.783021914869225,11.783021914869225,1.0,3.5125960515516583,2,0.01053632350657507,3,2,LOSE,0.0,0.0,-11.783021914869225,0.284689723874813,0.318320183341789,0.033630459466976015,true,true
m10_lineup_grw_raw,ladder_sweep_v1,2026-08-08,2026-08-08T13:35:00.0,16362588,kelty-hearts-fc,stirling-albion,41,1X2,0.0,draw,draw,back,1.0,3.8,3.8,0.2504075545242522,0.255422444203835,-0.005014889679582801,508.98156632222646,0.004961518020535571,2.5253212134281475,2.5253212134281475,4.0,8.14,2.5253212134281475,2.5253212134281475,1.0,3.7999999999999994,1,1.1686558153949016e-16,3,2,LOSE,0.0,0.0,-2.5253212134281475,0.26315789473684215,0.2656181662322213,0.0024602714953791405,true,true
m10_lineup_grw_raw,ladder_sweep_v1,2026-08-08,2026-08-08T13:35:00.0,16362589,elgin-city,forfar-athletic,41,1X2,0.0,away,away,back,1.0,5.0,5.0,0.3138816717747803,0.1975842465656322,0.11629742520914813,508.98156632222646,0.02273907166285067,11.573768311671088,11.573768311671088,7.52,52.400000000000006,11.573768311671088,11.573768311671088,1.0,4.964513371178539,2,0.007097325764292251,1,1,LOSE,0.0,0.0,-11.573768311671088,0.20142961157190062,0.1838838966096365,-0.01754571496226412,false,true
m10_lineup_grw_raw,ladder_sweep_v1,2026-08-08,2026-08-08T13:35:00.0,16362589,elgin-city,forfar-athletic,41,1X2,0.0,draw,draw,back,1.0,3.85,3.85,0.2537641292320641,0.2566029176177041,-0.002838788385640001,508.98156632222646,0.005913849112476415,3.0100401842615545,3.0100401842615545,10.0,80.73,3.0100401842615545,3.0100401842615545,1.0,3.8500000000000005,1,-1.1534784671430197e-16,1,1,WIN,11.588654709406985,0.17157229050290862,8.407042234642523,0.2597402597402597,0.2654747646417268,0.005734504901467097,true,true
m12_hybrid_grw_cal_optB,ladder_sweep_v1,2026-08-08,2026-08-08T13:35:00.0,16362408,east-fife,cove-rangers,41,1X2,0.0,away,away,back,1.0,3.0,3.0,0.34537136295406434,0.3260706235912847,0.01930073936277965,529.289790200555,0.0024356137008315227,1.2891454647227139,1.2891454647227139,22.2399,38.0999,1.2891454647227139,1.2891454647227139,1.0,3.0,1,0.0,2,0,LOSE,0.0,0.0,-1.2891454647227139,0.3333333333333333,0.2836598664888921,-0.04967346684444124,false,true
m12_hybrid_grw_cal_optB,ladder_sweep_v1,2026-08-08,2026-08-08T13:35:00.0,16362409,queen-of-the-south,peterhead,41,1X2,0.0,home,home,back,1.0,3.25,3.25,0.32670628589604395,0.3004331323679761,0.02627315352806786,529.289790200555,0.006401360184938364,3.388174589284213,3.388174589284213,24.37,132.04000000000002,3.388174589284213,3.388174589284213,1.0,3.25,1,0.0,0,1,LOSE,0.0,0.0,-3.388174589284213,0.3076923076923077,0.33339435512529214,0.02570204743298443,true,true
m12_hybrid_grw_cal_optB,ladder_sweep_v1,2026-08-08,2026-08-08T13:35:00.0,16362410,hamilton-academical,alloa-athletic,41,1X2,0.0,away,away,back,1.0,6.0,6.0,0.26245560448687705,0.1643835616438356,0.09807204284304144,529.289790200555,0.02705442614712158,14.319631539406389,14.319631539406389,5.04,16.04,10.04,10.04,0.7011353589909619,5.949779027721977,2,0.008370162046337152,1,0,LOSE,0.0,0.0,-10.04,0.16807346883651833,0.18009886639112355,0.012025397554605216,true,true
m12_hybrid_grw_cal_optB,ladder_sweep_v1,2026-08-08,2026-08-08T13:35:00.0,16362410,hamilton-academical,alloa-athletic,41,1X2,0.0,draw,draw,back,1.0,4.5,4.5,0.25381915618636375,0.2191780821917808,0.03464107399458294,529.289790200555,0.01556293012451688,8.237300020511437,8.237300020511437,44.13,68.13,8.237300020511437,8.237300020511437,1.0,4.5,1,0.0,1,0,LOSE,0.0,0.0,-8.237300020511437,0.2222222222222222,0.24379236791969164,0.02157014569746943,true,true
m12_hybrid_grw_cal_optB,ladder_sweep_v1,2026-08-08,2026-08-08T13:35:00.0,16362579,dumbarton,clyde-fc,41,1X2,0.0,home,home,back,1.0,3.35,3.35,0.31692682201312394,0.29076841920168806,0.026158402811435888,529.289790200555,0.006298069101769287,3.333503673544064,3.333503673544064,7.0,23.0,3.333503673544064,3.333503673544064,1.0,3.35,1,0.0,1,0,WIN,11.167237306372614,0.15667467265657103,7.67705896017198,0.29850746268656714,0.2491457210114663,-0.04936174167510085,false,true
m12_hybrid_grw_cal_optB,ladder_sweep_v1,2026-08-08,2026-08-08T13:35:00.0,16362579,dumbarton,clyde-fc,41,OverUnder,2.5,under_25,under_25,back,1.0,2.2,2.2,0.47038365399547555,0.4444444444444444,0.025939209551031128,529.289790200555,0.0040716521094724956,2.155083890792344,2.155083890792344,11.0,27.0,2.155083890792344,2.155083890792344,1.0,2.2,1,0.0,1,0,WIN,4.741184559743157,0.051722013379016274,2.534378655571797,0.45454545454545453,0.4348408628606926,-0.019704591684761907,false,true
m12_hybrid_grw_cal_optB,ladder_sweep_v1,2026-08-08,2026-08-08T13:35:00.0,16362580,the-spartans-fc,edinburgh-city-fc,41,1X2,0.0,away,away,back,1.0,6.0,6.0,0.19315114639316397,0.1614773969672482,0.031673749425915776,529.289790200555,0.005944175742623806,3.1461915317285825,3.1461915317285825,26.34,28.39,3.1461915317285825,3.1461915317285825,1.0,6.0,1,0.0,2,2,LOSE,0.0,0.0,-3.1461915317285825,0.16666666666666666,0.15803362417535644,-0.008633042491310222,false,true
m12_hybrid_grw_cal_optB,ladder_sweep_v1,2026-08-08,2026-08-08T13:35:00.0,16362580,the-spartans-fc,edinburgh-city-fc,41,OverUnder,2.5,under_25,under_25,back,1.0,2.12,2.12,0.4939199090237289,0.4619289340101523,0.03199097501357662,529.289790200555,0.0059021048828429455,3.123923855181614,3.123923855181614,2.66,110.67,2.66,2.66,0.851493225607241,2.12,1,0.0,2,2,LOSE,0.0,0.0,-2.66,0.4716981132075471,0.4678217821782178,-0.0038763310293293274,false,true
m12_hybrid_grw_cal_optB,ladder_sweep_v1,2026-08-08,2026-08-08T13:35:00.0,16362585,stranraer,annan-athletic,41,1X2,0.0,away,away,back,1.0,4.1,4.1,0.267199116342361,0.2362691900476443,0.030929926294716692,529.289790200555,0.0055085441733396055,2.9156161898174093,2.9156161898174093,9.0,18.0,2.9156161898174093,2.9156161898174093,1.0,4.1,1,0.0,0,1,WIN,11.954026378251378,0.18076820376867936,8.857641984665289,0.24390243902439027,0.2289696589432169,-0.014932780081173352,false,true
m12_hybrid_grw_cal_optB,ladder_sweep_v1,2026-08-08,2026-08-08T13:35:00.0,16362588,kelty-hearts-fc,stirling-albion,41,1X2,0.0,away,away,back,1.0,3.55,3.55,0.34547990255527034,0.27340994027452764,0.0720699622807427,529.289790200555,0.018877389989900222,9.991609787288345,9.991609787288345,3.0,32.66,9.991609787288345,9.991609787288345,1.0,3.514864009287378,2,0.009897462172569475,3,2,LOSE,0.0,0.0,-9.991609787288345,0.2845060285000173,0.318320183341789,0.03381415484177169,true,true
m12_hybrid_grw_cal_optB,ladder_sweep_v1,2026-08-08,2026-08-08T13:35:00.0,16362588,kelty-hearts-fc,stirling-albion,41,1X2,0.0,draw,draw,back,1.0,3.8,3.8,0.25198270289907937,0.255422444203835,-0.003439741304755606,529.289790200555,0.0024652363847949992,1.3048244489029197,1.3048244489029197,4.0,8.14,1.3048244489029197,1.3048244489029197,1.0,3.8,1,0.0,3,2,LOSE,0.0,0.0,-1.3048244489029197,0.2631578947368421,0.2656181662322213,0.002460271495379196,true,true
m12_hybrid_grw_cal_optB,ladder_sweep_v1,2026-08-08,2026-08-08T13:35:00.0,16362589,elgin-city,forfar-athletic,41,1X2,0.0,away,away,back,1.0,5.0,5.0,0.24223486919050122,0.1975842465656322,0.04465062262486902,529.289790200555,0.010474890567265128,5.544252630721532,5.544252630721532,7.52,52.400000000000006,5.544252630721532,5.544252630721532,1.0,5.0,1,0.0,1,1,LOSE,0.0,0.0,-5.544252630721532,0.2,0.1838838966096365,-0.016116103390363512,false,true
m12_hybrid_grw_raw,ladder_sweep_v1,2026-08-08,2026-08-08T13:35:00.0,16362408,east-fife,cove-rangers,41,1X2,0.0,away,away,back,1.0,3.0,3.0,0.37624206610995004,0.3260706235912847,0.05017144251866534,530.9007112985357,0.010686956335782323,5.673712720283229,5.673712720283229,22.2399,38.0999,5.673712720283229,5.673712720283229,1.0,3.0,1,0.0,2,0,LOSE,0.0,0.0,-5.673712720283229,0.3333333333333333,0.2836598664888921,-0.04967346684444124,false,true
m12_hybrid_grw_raw,ladder_sweep_v1,2026-08-08,2026-08-08T13:35:00.0,16362409,queen-of-the-south,peterhead,41,1X2,0.0,home,home,back,1.0,3.25,3.25,0.36232701291223124,0.3004331323679761,0.06189388054425515,530.9007112985357,0.019589524777443548,10.40009263834507,10.40009263834507,24.37,132.04000000000002,10.40009263834507,10.40009263834507,1.0,3.25,1,0.0,0,1,LOSE,0.0,0.0,-10.40009263834507,0.3076923076923077,0.33339435512529214,0.02570204743298443,true,true
m12_hybrid_grw_raw,ladder_sweep_v1,2026-08-08,2026-08-08T13:35:00.0,16362409,queen-of-the-south,peterhead,41,OverUnder,2.5,under_25,over_25,lay,1.176470588235294,1.85,2.176470588235294,0.46623852581511077,0.45128281180483465,0.014955714010276122,530.9007112985357,0.003182738353481818,1.6897180557406277,1.9879035949889734,14.0,132.76999999999998,1.9879035949889734,1.6897180557406277,1.0,1.85,1,0.0,0,1,WIN,3.677621650729601,0.03975807189977947,1.948145523089194,0.4594594594594595,0.45745992601726265,-0.0019995334421968325,false,true
m12_hybrid_grw_raw,ladder_sweep_v1,2026-08-08,2026-08-08T13:35:00.0,16362410,hamilton-academical,alloa-athletic,41,1X2,0.0,away,away,back,1.0,6.0,6.0,0.35250235300944427,0.1643835616438356,0.18811879136560866,530.9007112985357,0.04541414549203595,24.110402144737076,24.110402144737076,5.04,16.04,10.04,10.04,0.4164177743585075,5.949779027721977,2,0.008370162046337152,1,0,LOSE,0.0,0.0,-10.04,0.16807346883651833,0.18009886639112355,0.012025397554605216,true,true
m12_hybrid_grw_raw,ladder_sweep_v1,2026-08-08,2026-08-08T13:35:00.0,16362410,hamilton-academical,alloa-athletic,41,1X2,0.0,draw,draw,back,1.0,4.5,4.5,0.26444403608393463,0.2191780821917808,0.04526595389215382,530.9007112985357,0.022363928490862953,11.87302554322873,11.87302554322873,44.13,68.13,11.87302554322873,11.87302554322873,1.0,4.5,1,0.0,1,0,LOSE,0.0,0.0,-11.87302554322873,0.2222222222222222,0.24379236791969164,0.02157014569746943,true,true
m12_hybrid_grw_raw,ladder_sweep_v1,2026-08-08,2026-08-08T13:35:00.0,16362579,dumbarton,clyde-fc,41,1X2,0.0,draw,draw,back,1.0,3.9,3.9,0.2594720436445141,0.24976261649375775,0.009709427150756345,530.9007112985357,0.004825825971652954,2.5620344409535005,2.5620344409535005,28.11,32.86,2.5620344409535005,2.5620344409535005,1.0,3.9,1,0.0,1,0,LOSE,0.0,0.0,-2.5620344409535005,0.25641025641025644,0.23449009036373297,-0.02192016604652347,false,true
m12_hybrid_grw_raw,ladder_sweep_v1,2026-08-08,2026-08-08T13:35:00.0,16362579,dumbarton,clyde-fc,41,1X2,0.0,home,home,back,1.0,3.35,3.35,0.36383845986713687,0.29076841920168806,0.07307004066544881,530.9007112985357,0.0264389872659009,14.036477145479715,14.036477145479715,7.0,23.0,14.0,14.0,0.9974012606509702,3.324812030075188,2,0.007518796992481155,1,0,WIN,46.9,0.658,32.242,0.30076888285843506,0.2491457210114663,-0.051623161846968774,false,true
m12_hybrid_grw_raw,ladder_sweep_v1,2026-08-08,2026-08-08T13:35:00.0,16362579,dumbarton,clyde-fc,41,OverUnder,2.5,under_25,under_25,back,1.0,2.2,2.2,0.5017945458719535,0.4444444444444444,0.05735010142750907,530.9007112985357,0.010518905303859705,5.584494307901058,5.584494307901058,11.0,27.0,5.584494307901058,5.584494307901058,1.0,2.2,1,0.0,1,0,WIN,12.285887477382328,0.1340278633896254,6.567365306091645,0.45454545454545453,0.4348408628606926,-0.019704591684761907,false,true
m12_hybrid_grw_raw,ladder_sweep_v1,2026-08-08,2026-08-08T13:35:00.0,16362580,the-spartans-fc,edinburgh-city-fc,41,1X2,0.0,away,away,back,1.0,6.0,6.0,0.23291768603922297,0.1614773969672482,0.07144028907197478,530.9007112985357,0.015214896353365141,8.07759929633505,8.07759929633505,26.34,28.39,8.07759929633505,8.07759929633505,1.0,6.0,1,0.0,2,2,LOSE,0.0,0.0,-8.07759929633505,0.16666666666666666,0.15803362417535644,-0.008633042491310222,false,true
m12_hybrid_grw_raw,ladder_sweep_v1,2026-08-08,2026-08-08T13:35:00.0,16362580,the-spartans-fc,edinburgh-city-fc,41,1X2,0.0,draw,draw,back,1.0,4.3,4.3,0.2536295116590614,0.2253172980938347,0.0283122135652267,530.9007112985357,0.006497451094838359,3.4495014078771344,3.4495014078771344,7.0,63.15,3.4495014078771344,3.4495014078771344,1.0,4.3,1,0.0,2,2,WIN,14.832856053871678,0.22766709291989087,11.155687553074653,0.23255813953488372,0.2118323047456906,-0.020725834789193126,false,true
m12_hybrid_grw_raw,ladder_sweep_v1,2026-08-08,2026-08-08T13:35:00.0,16362580,the-spartans-fc,edinburgh-city-fc,41,OverUnder,2.5,under_25,under_25,back,1.0,2.12,2.12,0.5373215964772857,0.4619289340101523,0.07539266246713344,530.9007112985357,0.015075465999060473,8.003575622058095,8.003575622058095,2.66,110.67,2.66,2.66,0.3323514546009861,2.12,1,0.0,2,2,LOSE,0.0,0.0,-2.66,0.4716981132075471,0.4678217821782178,-0.0038763310293293274,false,true
m12_hybrid_grw_raw,ladder_sweep_v1,2026-08-08,2026-08-08T13:35:00.0,16362585,stranraer,annan-athletic,41,1X2,0.0,away,away,back,1.0,4.1,4.1,0.30779442330849327,0.2362691900476443,0.07152523326084897,530.9007112985357,0.014892625974393017,7.906505722908301,7.906505722908301,9.0,18.0,7.906505722908301,7.906505722908301,1.0,4.1,1,0.0,0,1,WIN,32.416673463924035,0.49020335482031463,24.01996438619542,0.24390243902439027,0.2289696589432169,-0.014932780081173352,false,true
m12_hybrid_grw_raw,ladder_sweep_v1,2026-08-08,2026-08-08T13:35:00.0,16362585,stranraer,annan-athletic,41,OverUnder,1.5,over_15,over_15,back,1.0,1.31,1.31,0.7737945229688143,0.7578558225508318,0.01593870041798251,530.9007112985357,0.005035661750659622,2.673436405284023,2.673436405284023,21.4899,50.4899,2.673436405284023,2.673436405284023,1.0,1.31,1,0.0,0,1,LOSE,0.0,0.0,-2.673436405284023,0.7633587786259541,0.7644444444444445,0.0010856658184903445,true,true
m12_hybrid_grw_raw,ladder_sweep_v1,2026-08-08,2026-08-08T13:35:00.0,16362588,kelty-hearts-fc,stirling-albion,41,1X2,0.0,away,away,back,1.0,3.55,3.55,0.34547990255527034,0.27340994027452764,0.0720699622807427,530.9007112985357,0.01636656688011991,8.689021998170716,8.689021998170716,3.0,32.66,8.689021998170716,8.689021998170716,1.0,3.517103189976265,2,0.009266707048939378,3,2,LOSE,0.0,0.0,-8.689021998170716,0.28432489636641806,0.318320183341789,0.033995286975370964,true,true
m12_hybrid_grw_raw,ladder_sweep_v1,2026-08-08,2026-08-08T13:35:00.0,16362588,kelty-hearts-fc,stirling-albion,41,1X2,0.0,draw,draw,back,1.0,3.8,3.8,0.25198270289907937,0.255422444203835,-0.003439741304755606,530.9007112985357,0.0021373429371665817,1.1347168856306398,1.1347168856306398,4.0,8.14,1.1347168856306398,1.1347168856306398,1.0,3.8,1,0.0,3,2,LOSE,0.0,0.0,-1.1347168856306398,0.2631578947368421,0.2656181662322213,0.002460271495379196,true,true
m12_hybrid_grw_raw,ladder_sweep_v1,2026-08-08,2026-08-08T13:35:00.0,16362589,elgin-city,forfar-athletic,41,1X2,0.0,away,away,back,1.0,5.0,5.0,0.30026844414178105,0.1975842465656322,0.10268419757614886,530.9007112985357,0.02414452689405639,12.818346502021164,12.818346502021164,7.52,52.400000000000006,12.818346502021164,12.818346502021164,1.0,4.958175174633269,2,0.00836496507334612,1,1,LOSE,0.0,0.0,-12.818346502021164,0.2016871055940384,0.1838838966096365,-0.017803208984401908,false,true
m12_hybrid_grw_raw,ladder_sweep_v1,2026-08-08,2026-08-08T13:35:00.0,16362589,elgin-city,forfar-athletic,41,1X2,0.0,draw,draw,back,1.0,3.85,3.85,0.25355444116471654,0.2566029176177041,-0.0030484764529875585,530.9007112985357,0.0058781743442997015,3.1207269405255156,3.1207269405255156,10.0,80.73,3.1207269405255156,3.1207269405255156,1.0,3.85,1,0.0,1,1,WIN,12.014798721023237,0.1778814356099544,8.716190344887766,0.2597402597402597,0.2654747646417268,0.005734504901467097,true,true
m12_hybrid_td_raw,ladder_sweep_v1,2026-08-08,2026-08-08T13:35:00.0,16362408,east-fife,cove-rangers,41,1X2,0.0,away,away,back,1.0,3.0,3.0,0.3666008609036233,0.3260706235912847,0.040530237312338624,530.9749505022515,0.008256236567405014,4.383854802712756,4.383854802712756,22.2399,38.0999,4.383854802712756,4.383854802712756,1.0,3.0,1,0.0,2,0,LOSE,0.0,0.0,-4.383854802712756,0.3333333333333333,0.2836598664888921,-0.04967346684444124,false,true
m12_hybrid_td_raw,ladder_sweep_v1,2026-08-08,2026-08-08T13:35:00.0,16362409,queen-of-the-south,peterhead,41,1X2,0.0,home,home,back,1.0,3.25,3.25,0.35529218310106714,0.3004331323679761,0.05485905073309105,530.9749505022515,0.018448011283604508,9.795431878176881,9.795431878176881,24.37,132.04000000000002,9.795431878176881,9.795431878176881,1.0,3.25,1,0.0,0,1,LOSE,0.0,0.0,-9.795431878176881,0.3076923076923077,0.33339435512529214,0.02570204743298443,true,true
m12_hybrid_td_raw,ladder_sweep_v1,2026-08-08,2026-08-08T13:35:00.0,16362409,queen-of-the-south,peterhead,41,OverUnder,2.5,under_25,over_25,lay,1.176470588235294,1.85,2.176470588235294,0.48703300246863324,0.45128281180483465,0.03575019066379859,530.9749505022515,0.01149221783921799,6.102079798339864,7.1789174098116035,14.0,132.76999999999998,7.1789174098116035,6.102079798339864,1.0,1.85,1,0.0,0,1,WIN,13.280997208151469,0.14357834819623208,7.035339061615371,0.4594594594594595,0.45745992601726265,-0.0019995334421968325,false,true
m12_hybrid_td_raw,ladder_sweep_v1,2026-08-08,2026-08-08T13:35:00.0,16362410,hamilton-academical,alloa-athletic,41,1X2,0.0,away,away,back,1.0,6.0,6.0,0.35594527808830956,0.1643835616438356,0.19156171644447395,530.9749505022515,0.04775503411831857,25.35672687720754,25.35672687720754,5.04,16.04,10.04,10.04,0.3959501574718099,5.949779027721977,2,0.008370162046337152,1,0,LOSE,0.0,0.0,-10.04,0.16807346883651833,0.18009886639112355,0.012025397554605216,true,true
m12_hybrid_td_raw,ladder_sweep_v1,2026-08-08,2026-08-08T13:35:00.0,16362410,hamilton-academical,alloa-athletic,41,1X2,0.0,draw,draw,back,1.0,4.5,4.5,0.25721673369211406,0.2191780821917808,0.038038651500333254,530.9749505022515,0.02131782336826134,11.319230207778308,11.319230207778308,44.13,68.13,11.319230207778308,11.319230207778308,1.0,4.5,1,0.0,1,0,LOSE,0.0,0.0,-11.319230207778308,0.2222222222222222,0.24379236791969164,0.02157014569746943,true,true
m12_hybrid_td_raw,ladder_sweep_v1,2026-08-08,2026-08-08T13:35:00.0,16362579,dumbarton,clyde-fc,41,1X2,0.0,draw,draw,back,1.0,3.9,3.9,0.25844767346591085,0.24976261649375775,0.008685056972153105,530.9749505022515,0.0032735649599467077,1.7381809925736083,1.7381809925736083,28.11,32.86,1.7381809925736083,1.7381809925736083,1.0,3.9,1,0.0,1,0,LOSE,0.0,0.0,-1.7381809925736083,0.25641025641025644,0.23449009036373297,-0.02192016604652347,false,true
m12_hybrid_td_raw,ladder_sweep_v1,2026-08-08,2026-08-08T13:35:00.0,16362579,dumbarton,clyde-fc,41,1X2,0.0,home,home,back,1.0,3.35,3.35,0.3507527978126766,0.29076841920168806,0.05998437861098854,530.9749505022515,0.021286257468194538,11.302469505552777,11.302469505552777,7.0,23.0,11.302469505552777,11.302469505552777,1.0,3.3307891024282354,2,0.005734596290078997,1,0,WIN,37.863272843601806,0.5312160667609805,26.029587271288047,0.3002291556889546,0.2491457210114663,-0.0510834346774883,false,true
m12_hybrid_td_raw,ladder_sweep_v1,2026-08-08,2026-08-08T13:35:00.0,16362579,dumbarton,clyde-fc,41,OverUnder,2.5,under_25,under_25,back,1.0,2.2,2.2,0.49780417631125745,0.4444444444444444,0.05335973186681303,530.9749505022515,0.01057621210470931,5.61570369879934,5.61570369879934,11.0,27.0,5.61570369879934,5.61570369879934,1.0,2.2,1,0.0,1,0,WIN,12.354548137358549,0.13477688877118418,6.604067549788025,0.45454545454545453,0.4348408628606926,-0.019704591684761907,false,true
m12_hybrid_td_raw,ladder_sweep_v1,2026-08-08,2026-08-08T13:35:00.0,16362580,the-spartans-fc,edinburgh-city-fc,41,1X2,0.0,away,away,back,1.0,6.0,6.0,0.2768826955749991,0.1614773969672482,0.11540529860775092,530.9749505022515,0.027326150114640766,14.509501204538477,14.509501204538477,26.34,28.39,14.509501204538477,14.509501204538477,1.0,6.0,1,0.0,2,2,LOSE,0.0,0.0,-14.509501204538477,0.16666666666666666,0.15803362417535644,-0.008633042491310222,false,true
m12_hybrid_td_raw,ladder_sweep_v1,2026-08-08,2026-08-08T13:35:00.0,16362580,the-spartans-fc,edinburgh-city-fc,41,1X2,0.0,draw,draw,back,1.0,4.3,4.3,0.2539546899286883,0.2253172980938347,0.028637391834853615,530.9749505022515,0.011872590255609263,6.304048023305643,6.304048023305643,7.0,63.15,6.304048023305643,6.304048023305643,1.0,4.3,1,0.0,2,2,WIN,27.107406500214264,0.4160671695381724,20.387291307370447,0.23255813953488372,0.2118323047456906,-0.020725834789193126,false,true
m12_hybrid_td_raw,ladder_sweep_v1,2026-08-08,2026-08-08T13:35:00.0,16362580,the-spartans-fc,edinburgh-city-fc,41,OverUnder,2.5,under_25,under_25,back,1.0,2.12,2.12,0.5071429026006419,0.4619289340101523,0.045213968590489595,530.9749505022515,0.005441559304091351,2.8893316821449715,2.8893316821449715,2.66,110.67,2.66,2.66,0.9206281218725567,2.12,1,0.0,2,2,LOSE,0.0,0.0,-2.66,0.4716981132075471,0.4678217821782178,-0.0038763310293293274,false,true
m12_hybrid_td_raw,ladder_sweep_v1,2026-08-08,2026-08-08T13:35:00.0,16362585,stranraer,annan-athletic,41,1X2,0.0,away,away,back,1.0,4.1,4.1,0.29078073021618644,0.2362691900476443,0.05451154016854215,530.9749505022515,0.011162486874338046,5.927000915583676,5.927000915583676,9.0,18.0,5.927000915583676,5.927000915583676,1.0,4.1,1,0.0,0,1,WIN,24.30070375389307,0.3674740567661879,18.006228781543207,0.24390243902439027,0.2289696589432169,-0.014932780081173352,false,true
m12_hybrid_td_raw,ladder_sweep_v1,2026-08-08,2026-08-08T13:35:00.0,16362585,stranraer,annan-athletic,41,OverUnder,1.5,over_15,over_15,back,1.0,1.31,1.31,0.7752543220279844,0.7578558225508318,0.01739849947715255,530.9749505022515,0.005974050867992533,3.172071363930268,3.172071363930268,21.4899,50.4899,3.172071363930268,3.172071363930268,1.0,1.31,1,0.0,0,1,LOSE,0.0,0.0,-3.172071363930268,0.7633587786259541,0.7644444444444445,0.0010856658184903445,true,true
m12_hybrid_td_raw,ladder_sweep_v1,2026-08-08,2026-08-08T13:35:00.0,16362588,kelty-hearts-fc,stirling-albion,41,1X2,0.0,away,away,back,1.0,3.55,3.55,0.33275856432131207,0.27340994027452764,0.059348624046784426,530.9749505022515,0.012756653439379479,6.7734634285488955,6.7734634285488955,3.0,32.66,6.7734634285488955,6.7734634285488955,1.0,3.521970392541257,2,0.007895664072885337,3,2,LOSE,0.0,0.0,-6.7734634285488955,0.2839319723180455,0.318320183341789,0.03438821102374351,true,true
m12_hybrid_td_raw,ladder_sweep_v1,2026-08-08,2026-08-08T13:35:00.0,16362589,elgin-city,forfar-athletic,41,1X2,0.0,away,away,back,1.0,5.0,5.0,0.29609576895949247,0.1975842465656322,0.09851152239386027,530.9749505022515,0.023999741666223085,12.743261643289626,12.743261643289626,7.52,52.400000000000006,12.743261643289626,12.743261643289626,1.0,4.958522043747911,2,0.008295591250417723,1,1,LOSE,0.0,0.0,-12.743261643289626,0.2016729967472621,0.1838838966096365,-0.017789100137625607,false,true
m12_hybrid_td_raw,ladder_sweep_v1,2026-08-08,2026-08-08T13:35:00.0,16362589,elgin-city,forfar-athletic,41,1X2,0.0,draw,draw,back,1.0,3.85,3.85,0.2538796593444109,0.2566029176177041,-0.002723258273293172,530.9749505022515,0.005585489551450446,2.9657550381122437,2.9657550381122437,10.0,80.73,2.9657550381122437,2.9657550381122437,1.0,3.85,1,0.0,1,1,WIN,11.418156896732139,0.1690480371723979,8.283353821447497,0.2597402597402597,0.2654747646417268,0.005734504901467097,true,true
m12_hybrid_td_raw,ladder_sweep_v1,2026-08-08,2026-08-08T13:35:00.0,16362589,elgin-city,forfar-athletic,41,OverUnder,2.5,under_25,over_25,lay,1.0638297872340425,1.94,2.0638297872340425,0.4951554977354883,0.4806446431439739,0.014510854591514355,530.9749505022515,0.003475920216617056,1.8456265649680168,1.963432515923422,4.92,77.82,1.963432515923422,1.8456265649680168,1.0,1.9400000000000002,1,0.0,1,1,WIN,3.809059080891439,0.03926865031846844,1.9241638656049536,0.4845360824742268,0.4950124688279302,0.010476386353703404,true,true
m00_baseline_grw_raw,ladder_sweep_v1,2026-08-15,2026-08-15T13:35:00.0,16362414,alloa-athletic,montrose,42,1X2,0.0,draw,draw,back,1.0,3.55,3.55,0.21877650236849472,0.2793998676178569,-0.06062336524936218,449.5520885475649,0.005143653271922313,2.3123400711571915,2.3123400711571915,78.05,85.22,2.3123400711571915,2.3123400711571915,1.0,3.55,1,0.0,3,0,LOSE,0.0,0.0,-2.3123400711571915,0.28169014084507044,0.2741874266015923,-0.007502714243478148,false,true
m00_baseline_grw_raw,ladder_sweep_v1,2026-08-15,2026-08-15T13:35:00.0,16362414,alloa-athletic,montrose,42,1X2,0.0,home,home,back,1.0,2.62,2.62,0.5885886438801012,0.3785761565051114,0.21001248737498984,449.5520885475649,0.05432621154343452,24.422461862227816,24.422461862227816,6.0,54.0,24.422461862227816,24.422461862227816,1.0,2.604885163423809,2,0.0057690215939660535,3,0,WIN,63.986850079036884,0.7912877643361813,38.77310045247288,0.3838940825650909,0.4176174039625093,0.033723321397418404,true,true
m00_baseline_grw_raw,ladder_sweep_v1,2026-08-15,2026-08-15T13:35:00.0,16362415,east-kilbride,cove-rangers,42,1X2,0.0,away,away,back,1.0,6.4,6.4,0.2962549363776774,0.15345310697214437,0.14280182940553304,449.5520885475649,0.018343148875883796,8.246200887692478,8.246200887692478,5.0,43.14,5.0,5.0,0.6063398246169992,6.4,1,0.0,3,0,LOSE,0.0,0.0,-5.0,0.15625,0.16329621615916406,0.007046216159164065,true,true
m00_baseline_grw_raw,ladder_sweep_v1,2026-08-15,2026-08-15T13:35:00.0,16362415,east-kilbride,cove-rangers,42,1X2,0.0,draw,draw,back,1.0,4.9,4.9,0.2464285598734151,0.20042854788198447,0.04600001199143064,449.5520885475649,0.007101872786812397,3.192661743910628,3.192661743910628,13.85,23.85,3.192661743910628,3.192661743910628,1.0,4.9,1,0.0,3,0,LOSE,0.0,0.0,-3.192661743910628,0.2040816326530612,0.20706633595440394,0.0029847033013427338,true,true
m00_baseline_grw_raw,ladder_sweep_v1,2026-08-15,2026-08-15T13:35:00.0,16362415,east-kilbride,cove-rangers,42,OverUnder,2.5,under_25,over_25,lay,1.9607843137254901,1.51,2.9607843137254903,0.47398403831918995,0.3344442055471942,0.13953983277199578,449.5520885475649,0.013629602013260219,6.127216051133226,12.01414911986907,12.0,108.87,12.01414911986907,6.127216051133226,1.0,1.510011699657064,2,1.5192038273227267e-5,3,0,LOSE,0.0,0.0,-6.127216051133226,0.3377534755345881,0.33555555555555555,-0.00219791997903257,false,true
m00_baseline_grw_raw,ladder_sweep_v1,2026-08-15,2026-08-15T13:35:00.0,16362417,hamilton-academical,airdrieonians,42,OverUnder,2.5,under_25,over_25,lay,0.9803921568627451,2.02,1.9803921568627452,0.5567908770096957,0.4935566364137792,0.06323424059591642,449.5520885475649,0.00615103499279903,2.76521062774196,2.710990811511725,9.0,23.0,2.710990811511725,2.76521062774196,1.0,2.02,1,0.0,4,0,LOSE,0.0,0.0,-2.76521062774196,0.504950495049505,0.4831460674157303,-0.02180442763377466,false,true
m00_baseline_grw_raw,ladder_sweep_v1,2026-08-15,2026-08-15T13:35:00.0,16362419,peterhead,east-fife,42,1X2,0.0,away,away,back,1.0,4.1,4.1,0.3303444203103706,0.23576826196473552,0.09457615834563507,449.5520885475649,0.011346534234910567,5.100858163080492,5.100858163080492,9.0,18.0,5.100858163080492,5.100858163080492,1.0,4.1,1,0.0,2,1,LOSE,0.0,0.0,-5.100858163080492,0.24390243902439027,0.25909975957122855,0.015197320546838283,true,true
m00_baseline_grw_raw,ladder_sweep_v1,2026-08-15,2026-08-15T13:35:00.0,16362419,peterhead,east-fife,42,OverUnder,1.5,over_15,under_15,lay,0.3508771929824561,3.85,1.3508771929824561,0.8009152693565936,0.7251877861645123,0.07572748319208134,449.5520885475649,0.010068787639577546,4.526444512513992,1.5882261447417514,9.55,13.55,1.5882261447417514,4.526444512513992,1.0,3.85,1,0.0,2,1,WIN,6.114670657255743,0.03176452289483503,1.5564616218469163,0.7402597402597403,0.7351580833308992,-0.005101656928841125,false,true
m00_baseline_grw_raw,ladder_sweep_v1,2026-08-15,2026-08-15T13:35:00.0,16362586,annan-athletic,clyde-fc,42,1X2,0.0,away,away,back,1.0,2.32,2.32,0.45452683484112993,0.4231455289093891,0.03138130593174082,449.5520885475649,0.005383032781028699,2.419953629431458,2.419953629431458,38.03,68.07,2.419953629431458,2.419953629431458,1.0,2.3200000000000003,1,-1.9141776286640631e-16,1,2,WIN,5.614292420280982,0.06388677581699048,3.130452015032534,0.43103448275862066,0.42540047254676705,-0.005634010211853613,false,true
m00_baseline_grw_raw,ladder_sweep_v1,2026-08-15,2026-08-15T13:35:00.0,16362586,annan-athletic,clyde-fc,42,OverUnder,2.5,under_25,over_25,lay,1.4285714285714286,1.7,2.428571428571429,0.4817325160278094,0.4074590449634018,0.07427347106440763,449.5520885475649,0.010824431299901478,4.866145698210342,6.95163671172906,13.08,24.08,6.95163671172906,4.866145698210342,1.0,1.7,1,0.0,1,2,LOSE,0.0,0.0,-4.866145698210342,0.4117647058823529,0.41162227602905577,-0.00014242985329715463,false,true
m00_baseline_grw_raw,ladder_sweep_v1,2026-08-15,2026-08-15T13:35:00.0,16362587,dumbarton,edinburgh-city-fc,42,1X2,0.0,home,home,back,1.0,2.38,2.38,0.5143123320475455,0.40951701802082874,0.10479531402671671,449.5520885475649,0.020303653095161977,9.127549654075297,9.127549654075297,4.0,33.47,9.127549654075297,9.127549654075297,1.0,2.3687231457613005,2,0.004738174049873696,0,3,LOSE,0.0,0.0,-9.127549654075297,0.42216837446345085,0.4112925119371444,-0.010875862526306457,false,true
m00_baseline_grw_raw,ladder_sweep_v1,2026-08-15,2026-08-15T13:35:00.0,16362587,dumbarton,edinburgh-city-fc,42,OverUnder,1.5,over_15,under_15,lay,0.2777777777777778,4.6,1.277777777777778,0.8476085537481547,0.766734279918864,0.08087427382929069,449.5520885475649,0.009371608864654442,4.213026338156277,1.1702850939322993,3.0,8.0,1.1702850939322993,4.213026338156277,1.0,4.599999999999999,1,0.0,0,3,WIN,5.383311432088577,0.023405701878645994,1.1468793920536537,0.7826086956521738,0.7732864674868191,-0.009322228165354773,false,true
m00_baseline_grw_raw,ladder_sweep_v1,2026-08-15,2026-08-15T13:35:00.0,16362590,forfar-athletic,stirling-albion,42,1X2,0.0,draw,draw,back,1.0,3.6,3.6,0.24446741400431107,0.27432216905901124,-0.02985475505470017,449.5520885475649,0.002906951453298413,1.3068260971366807,1.3068260971366807,19.0,81.99000000000001,1.3068260971366807,1.3068260971366807,1.0,3.6,1,0.0,3,0,LOSE,0.0,0.0,-1.3068260971366807,0.2777777777777778,0.26257169994534624,-0.015206077832431553,false,true
m00_baseline_grw_raw,ladder_sweep_v1,2026-08-15,2026-08-15T13:35:00.0,16362590,forfar-athletic,stirling-albion,42,1X2,0.0,home,home,back,1.0,2.88,2.88,0.48589837956314214,0.342902711323764,0.14299566823937815,449.5520885475649,0.03425154228149294,15.397852368620379,15.397852368620379,109.14,130.14,15.397852368620379,15.397852368620379,1.0,2.8800000000000003,1,-1.5419764230904951e-16,3,0,WIN,44.34581482162669,0.5789592490601263,28.369003203946185,0.34722222222222215,0.3761560870003556,0.028933864778133422,true,true
m00_baseline_grw_raw,ladder_sweep_v1,2026-08-15,2026-08-15T13:35:00.0,16362590,forfar-athletic,stirling-albion,42,OverUnder,2.5,under_25,over_25,lay,1.1235955056179776,1.89,2.1235955056179776,0.4786221628321917,0.46557330694189175,0.01304885589029997,449.5520885475649,0.00525498825700428,2.3623909462292016,2.6543718496957323,5.71,63.71,2.6543718496957323,2.3623909462292016,1.0,1.89,1,0.0,3,0,LOSE,0.0,0.0,-2.3623909462292016,0.4708994708994709,0.45973308219432707,-0.011166388705143804,false,true
m00_baseline_grw_raw,ladder_sweep_v1,2026-08-15,2026-08-15T13:35:00.0,16362591,stranraer,the-spartans-fc,42,OverUnder,2.5,under_25,over_25,lay,1.25,1.8,2.25,0.5604236102426152,0.43609022556390975,0.12433338467870547,449.5520885475649,0.013652611681446235,6.137560095523036,7.671950119403795,8.52,99.77,7.671950119403795,6.137560095523036,1.0,1.8,1,0.0,1,0,WIN,13.809510214926831,0.1534390023880759,7.518511117015719,0.4444444444444444,0.42891859052247877,-0.015525853921965649,false,true
m00_baseline_grw_raw,ladder_sweep_v1,2026-08-15,2026-08-15T13:35:00.0,16362593,elgin-city,kelty-hearts-fc,42,1X2,0.0,home,home,back,1.0,2.34,2.34,0.5114733602570919,0.41451938158189566,0.09695397867519623,449.5520885475649,0.020935830289821943,9.411746232266825,9.411746232266825,25.0,64.0,9.411746232266825,9.411746232266825,1.0,2.34,1,0.0,4,1,WIN,22.023486183504367,0.2522347990247509,12.359505152212794,0.4273504273504274,0.4170293809626916,-0.010321046387735788,false,true
m05_joint_grw_raw,ladder_sweep_v1,2026-08-15,2026-08-15T13:35:00.0,16362414,alloa-athletic,montrose,42,1X2,0.0,draw,draw,back,1.0,3.55,3.55,0.22497134499265756,0.2793998676178569,-0.054428522625199344,521.0997067173315,0.00277069077165253,1.4438061485125504,1.4438061485125504,78.05,85.22,1.4438061485125504,1.4438061485125504,1.0,3.55,1,0.0,3,0,LOSE,0.0,0.0,-1.4438061485125504,0.28169014084507044,0.2741874266015923,-0.007502714243478148,false,true
m05_joint_grw_raw,ladder_sweep_v1,2026-08-15,2026-08-15T13:35:00.0,16362414,alloa-athletic,montrose,42,1X2,0.0,home,home,back,1.0,2.62,2.62,0.5441876471406266,0.3785761565051114,0.16561149063551522,521.0997067173315,0.0445592412227478,23.219807532720708,23.219807532720708,6.0,54.0,23.219807532720708,23.219807532720708,1.0,2.605138687261702,2,0.005672256770342809,3,0,WIN,60.83589573572826,0.752321764060151,36.8637664389474,0.3838567232100469,0.4176174039625093,0.03376068075246241,true,true
m05_joint_grw_raw,ladder_sweep_v1,2026-08-15,2026-08-15T13:35:00.0,16362415,east-kilbride,cove-rangers,42,1X2,0.0,away,away,back,1.0,6.4,6.4,0.2752049137523191,0.15345310697214437,0.12175180678017472,521.0997067173315,0.017048777251402948,8.88411282559519,8.88411282559519,5.0,43.14,5.0,5.0,0.562802397735761,6.4,1,0.0,3,0,LOSE,0.0,0.0,-5.0,0.15625,0.16329621615916406,0.007046216159164065,true,true
m05_joint_grw_raw,ladder_sweep_v1,2026-08-15,2026-08-15T13:35:00.0,16362415,east-kilbride,cove-rangers,42,1X2,0.0,draw,draw,back,1.0,4.9,4.9,0.2491822510381683,0.20042854788198447,0.048753703156183825,521.0997067173315,0.007065741623208407,3.681955887594343,3.681955887594343,13.85,23.85,3.681955887594343,3.681955887594343,1.0,4.9,1,0.0,3,0,LOSE,0.0,0.0,-3.681955887594343,0.2040816326530612,0.20706633595440394,0.0029847033013427338,true,true
m05_joint_grw_raw,ladder_sweep_v1,2026-08-15,2026-08-15T13:35:00.0,16362415,east-kilbride,cove-rangers,42,OverUnder,2.5,under_25,over_25,lay,1.9607843137254901,1.51,2.9607843137254903,0.4901441131196971,0.3344442055471942,0.1556999075725029,521.0997067173315,0.017156181683659993,8.940081243744476,17.52957106616564,12.0,108.87,17.52957106616564,8.940081243744476,1.0,1.5131401886014126,2,0.004052684132851339,3,0,LOSE,0.0,0.0,-8.940081243744476,0.33912270156257324,0.33555555555555555,-0.0035671460070176852,false,true
m05_joint_grw_raw,ladder_sweep_v1,2026-08-15,2026-08-15T13:35:00.0,16362417,hamilton-academical,airdrieonians,42,1X2,0.0,away,away,back,1.0,3.6,3.6,0.30355008394486566,0.27278920833901077,0.030760875605854887,521.0997067173315,0.003803589342879669,1.9820492910477632,1.9820492910477632,14.0,83.99000000000001,1.9820492910477632,1.9820492910477632,1.0,3.6,1,0.0,4,0,LOSE,0.0,0.0,-1.9820492910477632,0.2777777777777778,0.23920804933463163,-0.038569728443146156,false,true
m05_joint_grw_raw,ladder_sweep_v1,2026-08-15,2026-08-15T13:35:00.0,16362417,hamilton-academical,airdrieonians,42,OverUnder,2.5,under_25,over_25,lay,0.9803921568627451,2.02,1.9803921568627452,0.5252490849237199,0.4935566364137792,0.031692448509940685,521.0997067173315,0.002316663935324056,1.2072128972599847,1.1835420561372398,9.0,23.0,1.1835420561372398,1.2072128972599847,1.0,2.02,1,0.0,4,0,LOSE,0.0,0.0,-1.2072128972599847,0.504950495049505,0.4831460674157303,-0.02180442763377466,false,true
m05_joint_grw_raw,ladder_sweep_v1,2026-08-15,2026-08-15T13:35:00.0,16362419,peterhead,east-fife,42,1X2,0.0,away,away,back,1.0,4.1,4.1,0.321723498996476,0.23576826196473552,0.08595523703174049,521.0997067173315,0.011796807751253552,6.147313059378969,6.147313059378969,9.0,18.0,6.147313059378969,6.147313059378969,1.0,4.1,1,0.0,2,1,LOSE,0.0,0.0,-6.147313059378969,0.24390243902439027,0.25909975957122855,0.015197320546838283,true,true
m05_joint_grw_raw,ladder_sweep_v1,2026-08-15,2026-08-15T13:35:00.0,16362586,annan-athletic,clyde-fc,42,1X2,0.0,away,away,back,1.0,2.32,2.32,0.454937421821983,0.4231455289093891,0.03179189291259388,521.0997067173315,0.006238267034211781,3.2507591219521563,3.2507591219521563,38.03,68.07,3.2507591219521563,3.2507591219521563,1.0,2.32,1,0.0,1,2,WIN,7.541761162929002,0.08582004081953691,4.205182000157309,0.4310344827586207,0.42540047254676705,-0.005634010211853668,false,true
m05_joint_grw_raw,ladder_sweep_v1,2026-08-15,2026-08-15T13:35:00.0,16362586,annan-athletic,clyde-fc,42,OverUnder,2.5,under_25,over_25,lay,1.4285714285714286,1.7,2.428571428571429,0.4891463253509545,0.4074590449634018,0.08168728038755269,521.0997067173315,0.012940758257412584,6.7434253326375835,9.633464760910833,13.08,24.08,9.633464760910833,6.743425332637583,1.0,1.7000000000000002,1,1.8286026287943754e-16,1,2,LOSE,0.0,0.0,-6.743425332637583,0.411764705882353,0.41162227602905577,-0.00014242985329721014,false,true
m05_joint_grw_raw,ladder_sweep_v1,2026-08-15,2026-08-15T13:35:00.0,16362587,dumbarton,edinburgh-city-fc,42,1X2,0.0,home,home,back,1.0,2.38,2.38,0.44167956825814014,0.40951701802082874,0.032162550237311405,521.0997067173315,0.004506374870937453,2.3482706236038595,2.3482706236038595,4.0,33.47,2.3482706236038595,2.3482706236038595,1.0,2.38,1,0.0,0,3,LOSE,0.0,0.0,-2.3482706236038595,0.42016806722689076,0.4112925119371444,-0.008875555289746373,false,true
m05_joint_grw_raw,ladder_sweep_v1,2026-08-15,2026-08-15T13:35:00.0,16362590,forfar-athletic,stirling-albion,42,1X2,0.0,draw,draw,back,1.0,3.6,3.6,0.2380035437598105,0.27432216905901124,-0.03631862529920074,521.0997067173315,0.004711368004569379,2.4550924854185228,2.4550924854185228,19.0,81.99000000000001,2.4550924854185228,2.4550924854185228,1.0,3.6,1,0.0,3,0,LOSE,0.0,0.0,-2.4550924854185228,0.2777777777777778,0.26257169994534624,-0.015206077832431553,false,true
m05_joint_grw_raw,ladder_sweep_v1,2026-08-15,2026-08-15T13:35:00.0,16362590,forfar-athletic,stirling-albion,42,1X2,0.0,home,home,back,1.0,2.88,2.88,0.5037214144710304,0.342902711323764,0.16081870314726637,521.0997067173315,0.04292001688276617,22.36560820991237,22.36560820991237,109.14,130.14,22.36560820991237,22.36560820991237,1.0,2.88,1,0.0,3,0,WIN,64.41295164454762,0.8409468686927051,41.20639656594255,0.3472222222222222,0.3761560870003556,0.028933864778133367,true,true
m05_joint_grw_raw,ladder_sweep_v1,2026-08-15,2026-08-15T13:35:00.0,16362591,stranraer,the-spartans-fc,42,1X2,0.0,away,away,back,1.0,2.4,2.4,0.45891553878685515,0.40290381125226865,0.0560117275345865,521.0997067173315,0.010269529801018498,5.351448967435635,5.351448967435635,2.65,30.65,5.351448967435635,5.351448967435635,1.0,2.389862024289911,2,0.004224156545870421,1,0,LOSE,0.0,0.0,-5.351448967435635,0.4184341982241111,0.4077286345582123,-0.01070556366589881,false,true
m05_joint_grw_raw,ladder_sweep_v1,2026-08-15,2026-08-15T13:35:00.0,16362591,stranraer,the-spartans-fc,42,OverUnder,2.5,under_25,over_25,lay,1.25,1.8,2.25,0.5393625585918197,0.43609022556390975,0.10327233302790995,521.0997067173315,0.017200473202292628,8.963161541114008,11.20395192639251,8.52,99.77,11.20395192639251,8.963161541114008,1.0,1.8023854625177798,2,0.001651646267572736,1,0,WIN,20.167113467506518,0.2240790385278502,10.979872887864659,0.44517972387377963,0.42891859052247877,-0.01626113335130086,false,true
m05_joint_grw_raw,ladder_sweep_v1,2026-08-15,2026-08-15T13:35:00.0,16362593,elgin-city,kelty-hearts-fc,42,1X2,0.0,home,home,back,1.0,2.34,2.34,0.5337214191023083,0.41451938158189566,0.11920203752041264,521.0997067173315,0.03240763812103936,16.887610720275024,16.887610720275024,25.0,64.0,16.887610720275024,16.887610720275024,1.0,2.34,1,0.0,4,1,WIN,39.517009085443554,0.4525879673033706,22.17681039786516,0.4273504273504274,0.4170293809626916,-0.010321046387735788,false,true
m05_joint_grw_raw,ladder_sweep_v1,2026-08-15,2026-08-15T13:35:00.0,16362593,elgin-city,kelty-hearts-fc,42,OverUnder,2.5,under_25,over_25,lay,1.176470588235294,1.85,2.176470588235294,0.46154895362220616,0.45266272189349116,0.008886231728715,521.0997067173315,0.004763313429961001,2.482161231355404,2.9201896839475334,145.51,153.51,2.9201896839475334,2.482161231355404,1.0,1.85,1,0.0,4,1,LOSE,0.0,0.0,-2.482161231355404,0.4594594594594595,0.4529759031671184,-0.006483556292341097,false,true
m05_joint_td_raw,ladder_sweep_v1,2026-08-15,2026-08-15T13:35:00.0,16362414,alloa-athletic,montrose,42,1X2,0.0,home,home,back,1.0,2.62,2.62,0.5145065246458412,0.3785761565051114,0.13593036814072984,532.2088961202232,0.04393201475162224,23.381009075298238,23.381009075298238,6.0,54.0,23.381009075298238,23.381009075298238,1.0,2.6051031887853466,2,0.005685805807119646,3,0,WIN,61.258243777281386,0.757544694039663,37.11969000794348,0.3838619538392486,0.4176174039625093,0.0337554501232607,true,true
m05_joint_td_raw,ladder_sweep_v1,2026-08-15,2026-08-15T13:35:00.0,16362415,east-kilbride,cove-rangers,42,1X2,0.0,away,away,back,1.0,6.4,6.4,0.29393258741831885,0.15345310697214437,0.14047948044617448,532.2088961202232,0.024707026507965867,13.149299304217609,13.149299304217609,5.0,43.14,5.0,5.0,0.38024839836114016,6.4,1,0.0,3,0,LOSE,0.0,0.0,-5.0,0.15625,0.16329621615916406,0.007046216159164065,true,true
m05_joint_td_raw,ladder_sweep_v1,2026-08-15,2026-08-15T13:35:00.0,16362415,east-kilbride,cove-rangers,42,1X2,0.0,draw,draw,back,1.0,4.9,4.9,0.25595413896717456,0.20042854788198447,0.05552559108519009,532.2088961202232,0.010353296872574002,5.510116699757569,5.510116699757569,13.85,23.85,5.510116699757569,5.510116699757569,1.0,4.9,1,0.0,3,0,LOSE,0.0,0.0,-5.510116699757569,0.2040816326530612,0.20706633595440394,0.0029847033013427338,true,true
m05_joint_td_raw,ladder_sweep_v1,2026-08-15,2026-08-15T13:35:00.0,16362415,east-kilbride,cove-rangers,42,OverUnder,2.5,under_25,over_25,lay,1.9607843137254901,1.51,2.9607843137254903,0.5071645482653426,0.3344442055471942,0.17272034271814846,532.2088961202232,0.02247464844989003,11.96120784220606,23.45334871020796,12.0,108.87,23.45334871020796,11.96120784220606,1.0,1.514866968447152,2,0.006260176141698085,3,0,LOSE,0.0,0.0,-11.96120784220606,0.3398760281735682,0.33555555555555555,-0.004320472618012661,false,true
m05_joint_td_raw,ladder_sweep_v1,2026-08-15,2026-08-15T13:35:00.0,16362417,hamilton-academical,airdrieonians,42,1X2,0.0,away,away,back,1.0,3.6,3.6,0.29740441355579317,0.27278920833901077,0.0246152052167824,532.2088961202232,0.0032127102146438406,1.7098329568897639,1.7098329568897639,14.0,83.99000000000001,1.7098329568897639,1.7098329568897639,1.0,3.6,1,0.0,4,0,LOSE,0.0,0.0,-1.7098329568897639,0.2777777777777778,0.23920804933463163,-0.038569728443146156,false,true
m05_joint_td_raw,ladder_sweep_v1,2026-08-15,2026-08-15T13:35:00.0,16362419,peterhead,east-fife,42,1X2,0.0,away,away,back,1.0,4.1,4.1,0.3225580106697166,0.23576826196473552,0.0867897487049811,532.2088961202232,0.015147534666159318,8.061652703619465,8.061652703619465,9.0,18.0,8.061652703619465,8.061652703619465,1.0,4.1,1,0.0,2,1,LOSE,0.0,0.0,-8.061652703619465,0.24390243902439027,0.25909975957122855,0.015197320546838283,true,true
m05_joint_td_raw,ladder_sweep_v1,2026-08-15,2026-08-15T13:35:00.0,16362586,annan-athletic,clyde-fc,42,OverUnder,2.5,under_25,over_25,lay,1.4285714285714286,1.7,2.428571428571429,0.4861175083987704,0.4074590449634018,0.07865846343536859,532.2088961202232,0.012938035319231796,6.8857374952128145,9.836767850304021,13.08,24.08,9.836767850304021,6.8857374952128145,1.0,1.6999999999999997,1,-1.8286026287943754e-16,1,2,LOSE,0.0,0.0,-6.8857374952128145,0.4117647058823528,0.41162227602905577,-0.0001424298532970436,false,true
m05_joint_td_raw,ladder_sweep_v1,2026-08-15,2026-08-15T13:35:00.0,16362587,dumbarton,edinburgh-city-fc,42,1X2,0.0,home,home,back,1.0,2.38,2.38,0.4423649063927207,0.40951701802082874,0.03284788837189195,532.2088961202232,0.005896682632023116,3.138266954360315,3.138266954360315,4.0,33.47,3.138266954360315,3.138266954360315,1.0,2.38,1,0.0,0,3,LOSE,0.0,0.0,-3.138266954360315,0.42016806722689076,0.4112925119371444,-0.008875555289746373,false,true
m05_joint_td_raw,ladder_sweep_v1,2026-08-15,2026-08-15T13:35:00.0,16362590,forfar-athletic,stirling-albion,42,1X2,0.0,draw,draw,back,1.0,3.6,3.6,0.24410463229831694,0.27432216905901124,-0.030217536760694302,532.2088961202232,0.004639610638675187,2.4692420564369653,2.4692420564369653,19.0,81.99000000000001,2.4692420564369653,2.4692420564369653,1.0,3.6,1,0.0,3,0,LOSE,0.0,0.0,-2.4692420564369653,0.2777777777777778,0.26257169994534624,-0.015206077832431553,false,true
m05_joint_td_raw,ladder_sweep_v1,2026-08-15,2026-08-15T13:35:00.0,16362590,forfar-athletic,stirling-albion,42,1X2,0.0,home,home,back,1.0,2.88,2.88,0.48416162193595824,0.342902711323764,0.14125891061219426,532.2088961202232,0.04690183798169391,24.961575418246873,24.961575418246873,109.14,130.14,24.961575418246873,24.961575418246873,1.0,2.8799999999999994,1,1.5419764230904951e-16,3,0,WIN,71.889337204551,0.9385552357260823,45.98920655057803,0.34722222222222227,0.3761560870003556,0.02893386477813331,true,true
m05_joint_td_raw,ladder_sweep_v1,2026-08-15,2026-08-15T13:35:00.0,16362590,forfar-athletic,stirling-albion,42,OverUnder,2.5,under_25,over_25,lay,1.1235955056179776,1.89,2.1235955056179776,0.46979180611275767,0.46557330694189175,0.004218499170865919,532.2088961202232,0.00437189411910131,2.326760943081404,2.6143381382937125,5.71,63.71,2.6143381382937125,2.326760943081404,1.0,1.89,1,0.0,3,0,LOSE,0.0,0.0,-2.326760943081404,0.4708994708994709,0.45973308219432707,-0.011166388705143804,false,true
m05_joint_td_raw,ladder_sweep_v1,2026-08-15,2026-08-15T13:35:00.0,16362591,stranraer,the-spartans-fc,42,1X2,0.0,away,away,back,1.0,2.4,2.4,0.42988530251623563,0.40290381125226865,0.026981491263966983,532.2088961202232,0.003962698612320866,2.108983454120428,2.108983454120428,2.65,30.65,2.108983454120428,2.108983454120428,1.0,2.4,1,0.0,1,0,LOSE,0.0,0.0,-2.108983454120428,0.4166666666666667,0.4077286345582123,-0.008938032108454397,false,true
m05_joint_td_raw,ladder_sweep_v1,2026-08-15,2026-08-15T13:35:00.0,16362591,stranraer,the-spartans-fc,42,OverUnder,2.5,under_25,over_25,lay,1.25,1.8,2.25,0.5080788375224795,0.43609022556390975,0.07198861195856976,532.2088961202232,0.013331955207342469,7.095385164023997,8.869231455029997,8.52,99.77,8.869231455029997,7.095385164023997,1.0,1.800391665919913,2,0.00027185712569790767,1,0,WIN,15.964616619053995,0.17738462910059993,8.691846825929398,0.4445653026898187,0.42891859052247877,-0.015646712167339927,false,true
m05_joint_td_raw,ladder_sweep_v1,2026-08-15,2026-08-15T13:35:00.0,16362593,elgin-city,kelty-hearts-fc,42,1X2,0.0,home,home,back,1.0,2.34,2.34,0.4905206857653731,0.41451938158189566,0.07600130418347745,532.2088961202232,0.023484745865233643,12.498790672599974,12.498790672599974,25.0,64.0,12.498790672599974,12.498790672599974,1.0,2.34,1,0.0,4,1,WIN,29.247170173883937,0.3349675900256793,16.413411911258283,0.4273504273504274,0.4170293809626916,-0.010321046387735788,false,true
m05_joint_td_raw,ladder_sweep_v1,2026-08-15,2026-08-15T13:35:00.0,16362593,elgin-city,kelty-hearts-fc,42,OverUnder,2.5,under_25,over_25,lay,1.176470588235294,1.85,2.176470588235294,0.4797450098218448,0.45266272189349116,0.027082287928353654,532.2088961202232,0.01017020195728288,5.412671957005255,6.367849361182652,145.51,153.51,6.367849361182652,5.412671957005255,1.0,1.85,1,0.0,4,1,LOSE,0.0,0.0,-5.412671957005255,0.4594594594594595,0.4529759031671184,-0.006483556292341097,false,true
m05_wealth_grw_raw,ladder_sweep_v1,2026-08-15,2026-08-15T13:35:00.0,16362414,alloa-athletic,montrose,42,1X2,0.0,draw,draw,back,1.0,3.55,3.55,0.22559935213856191,0.2793998676178569,-0.053800515479294986,521.1269457891491,0.0027116530993540043,1.4131154977060323,1.4131154977060323,78.05,85.22,1.4131154977060323,1.4131154977060323,1.0,3.55,1,0.0,3,0,LOSE,0.0,0.0,-1.4131154977060323,0.28169014084507044,0.2741874266015923,-0.007502714243478148,false,true
m05_wealth_grw_raw,ladder_sweep_v1,2026-08-15,2026-08-15T13:35:00.0,16362414,alloa-athletic,montrose,42,1X2,0.0,home,home,back,1.0,2.62,2.62,0.5420645225340874,0.3785761565051114,0.16348836602897604,521.1269457891491,0.044251091678170096,23.060436254080415,23.060436254080415,6.0,54.0,23.060436254080415,23.060436254080415,1.0,2.605174271539668,2,0.0056586749848595965,3,0,WIN,60.418342985690686,0.7471581346322055,36.61074859697806,0.383851480081214,0.4176174039625093,0.03376592388129529,true,true
m05_wealth_grw_raw,ladder_sweep_v1,2026-08-15,2026-08-15T13:35:00.0,16362415,east-kilbride,cove-rangers,42,1X2,0.0,away,away,back,1.0,6.4,6.4,0.2756024896276121,0.15345310697214437,0.12214938265546771,521.1269457891491,0.01723995584225299,8.984205533613098,8.984205533613098,5.0,43.14,5.0,5.0,0.5565322366338601,6.4,1,0.0,3,0,LOSE,0.0,0.0,-5.0,0.15625,0.16329621615916406,0.007046216159164065,true,true
m05_wealth_grw_raw,ladder_sweep_v1,2026-08-15,2026-08-15T13:35:00.0,16362415,east-kilbride,cove-rangers,42,1X2,0.0,draw,draw,back,1.0,4.9,4.9,0.24861284773018644,0.20042854788198447,0.04818429984820197,521.1269457891491,0.007090308787395419,3.69495096307734,3.69495096307734,13.85,23.85,3.69495096307734,3.69495096307734,1.0,4.9,1,0.0,3,0,LOSE,0.0,0.0,-3.69495096307734,0.2040816326530612,0.20706633595440394,0.0029847033013427338,true,true
m05_wealth_grw_raw,ladder_sweep_v1,2026-08-15,2026-08-15T13:35:00.0,16362415,east-kilbride,cove-rangers,42,OverUnder,2.5,under_25,over_25,lay,1.9607843137254901,1.51,2.9607843137254903,0.4885741914579613,0.3344442055471942,0.15412998591076715,521.1269457891491,0.017156109555967334,8.940510974525292,17.530413675539787,12.0,108.87,17.530413675539787,8.940510974525292,1.0,1.5131405168342067,2,0.0040531051529821074,3,0,LOSE,0.0,0.0,-8.940510974525292,0.3391228449211046,0.33555555555555555,-0.0035672893655490645,false,true
m05_wealth_grw_raw,ladder_sweep_v1,2026-08-15,2026-08-15T13:35:00.0,16362417,hamilton-academical,airdrieonians,42,1X2,0.0,away,away,back,1.0,3.6,3.6,0.3036956785022669,0.27278920833901077,0.03090647016325615,521.1269457891491,0.003857911350329936,2.0104615591227315,2.0104615591227315,14.0,83.99000000000001,2.0104615591227315,2.0104615591227315,1.0,3.5999999999999996,1,1.2335811384723962e-16,4,0,LOSE,0.0,0.0,-2.0104615591227315,0.2777777777777778,0.23920804933463163,-0.038569728443146156,false,true
m05_wealth_grw_raw,ladder_sweep_v1,2026-08-15,2026-08-15T13:35:00.0,16362417,hamilton-academical,airdrieonians,42,OverUnder,2.5,under_25,over_25,lay,0.9803921568627451,2.02,1.9803921568627452,0.5250357221338497,0.4935566364137792,0.03147908572007052,521.1269457891491,0.0023351763880766108,1.2169233389973009,1.1930620970561774,9.0,23.0,1.1930620970561774,1.2169233389973009,1.0,2.02,1,0.0,4,0,LOSE,0.0,0.0,-1.2169233389973009,0.504950495049505,0.4831460674157303,-0.02180442763377466,false,true
m05_wealth_grw_raw,ladder_sweep_v1,2026-08-15,2026-08-15T13:35:00.0,16362419,peterhead,east-fife,42,1X2,0.0,away,away,back,1.0,4.1,4.1,0.32223380130875956,0.23576826196473552,0.08646553934402404,521.1269457891491,0.011960962917853145,6.233180074078078,6.233180074078078,9.0,18.0,6.233180074078078,6.233180074078078,1.0,4.1,1,0.0,2,1,LOSE,0.0,0.0,-6.233180074078078,0.24390243902439027,0.25909975957122855,0.015197320546838283,true,true
m05_wealth_grw_raw,ladder_sweep_v1,2026-08-15,2026-08-15T13:35:00.0,16362586,annan-athletic,clyde-fc,42,1X2,0.0,away,away,back,1.0,2.32,2.32,0.4546479069108509,0.4231455289093891,0.03150237800146177,521.1269457891491,0.006219911744774878,3.2413636106325896,3.2413636106325896,38.03,68.07,3.2413636106325896,3.2413636106325896,1.0,2.32,1,0.0,1,2,WIN,7.519963576667608,0.08557199932070036,4.193027966714317,0.4310344827586207,0.42540047254676705,-0.005634010211853668,false,true
m05_wealth_grw_raw,ladder_sweep_v1,2026-08-15,2026-08-15T13:35:00.0,16362586,annan-athletic,clyde-fc,42,OverUnder,2.5,under_25,over_25,lay,1.4285714285714286,1.7,2.428571428571429,0.489743182759246,0.4074590449634018,0.0822841377958442,521.1269457891491,0.013073299275996637,6.812848523087622,9.732640747268032,13.08,24.08,9.732640747268032,6.812848523087623,1.0,1.6999999999999997,1,-1.8286026287943754e-16,1,2,LOSE,0.0,0.0,-6.812848523087623,0.4117647058823528,0.41162227602905577,-0.0001424298532970436,false,true
m05_wealth_grw_raw,ladder_sweep_v1,2026-08-15,2026-08-15T13:35:00.0,16362587,dumbarton,edinburgh-city-fc,42,1X2,0.0,home,home,back,1.0,2.38,2.38,0.4414020327225144,0.40951701802082874,0.03188501470168564,521.1269457891491,0.00446365922395202,2.3261330984216797,2.3261330984216797,4.0,33.47,2.3261330984216797,2.3261330984216797,1.0,2.38,1,0.0,0,3,LOSE,0.0,0.0,-2.3261330984216797,0.42016806722689076,0.4112925119371444,-0.008875555289746373,false,true
m05_wealth_grw_raw,ladder_sweep_v1,2026-08-15,2026-08-15T13:35:00.0,16362590,forfar-athletic,stirling-albion,42,1X2,0.0,draw,draw,back,1.0,3.6,3.6,0.23795316906614877,0.27432216905901124,-0.03636899999286247,521.1269457891491,0.0047494677108945475,2.475075602302657,2.475075602302657,19.0,81.99000000000001,2.475075602302657,2.475075602302657,1.0,3.6,1,0.0,3,0,LOSE,0.0,0.0,-2.475075602302657,0.2777777777777778,0.26257169994534624,-0.015206077832431553,false,true
m05_wealth_grw_raw,ladder_sweep_v1,2026-08-15,2026-08-15T13:35:00.0,16362590,forfar-athletic,stirling-albion,42,1X2,0.0,home,home,back,1.0,2.88,2.88,0.5038955090858196,0.342902711323764,0.1609927977620556,521.1269457891491,0.04326732206969154,22.547767402653797,22.547767402653797,109.14,130.14,22.547767402653797,22.547767402653797,1.0,2.88,1,0.0,3,0,WIN,64.93757011964294,0.8477960543397828,41.54200666264936,0.3472222222222222,0.3761560870003556,0.028933864778133367,true,true
m05_wealth_grw_raw,ladder_sweep_v1,2026-08-15,2026-08-15T13:35:00.0,16362591,stranraer,the-spartans-fc,42,1X2,0.0,away,away,back,1.0,2.4,2.4,0.45783208618911375,0.40290381125226865,0.0549282749368451,521.1269457891491,0.010070620003790148,5.248071444778269,5.248071444778269,2.65,30.65,5.248071444778269,5.248071444778269,1.0,2.3900571092418352,2,0.004142871149235283,1,0,LOSE,0.0,0.0,-5.248071444778269,0.4184000441383663,0.4077286345582123,-0.010671409580154001,false,true
m05_wealth_grw_raw,ladder_sweep_v1,2026-08-15,2026-08-15T13:35:00.0,16362591,stranraer,the-spartans-fc,42,OverUnder,2.5,under_25,over_25,lay,1.25,1.8,2.25,0.5387877386045661,0.43609022556390975,0.10269751304065633,521.1269457891491,0.017145405116847312,8.934932602860288,11.16866575357536,8.52,99.77,11.16866575357536,8.934932602860288,1.0,1.8023615067485756,2,0.001635108592097762,1,0,WIN,20.103598356435647,0.22337331507150718,10.945292438503852,0.4451723495782041,0.42891859052247877,-0.016253759055725348,false,true
m05_wealth_grw_raw,ladder_sweep_v1,2026-08-15,2026-08-15T13:35:00.0,16362593,elgin-city,kelty-hearts-fc,42,1X2,0.0,home,home,back,1.0,2.34,2.34,0.5309541587513386,0.41451938158189566,0.1164347771694429,521.1269457891491,0.03172272308056115,16.53156579108778,16.53156579108778,25.0,64.0,16.53156579108778,16.53156579108778,1.0,2.34,1,0.0,4,1,WIN,38.6838639511454,0.44304596320115247,21.70925219685647,0.4273504273504274,0.4170293809626916,-0.010321046387735788,false,true
m05_wealth_grw_raw,ladder_sweep_v1,2026-08-15,2026-08-15T13:35:00.0,16362593,elgin-city,kelty-hearts-fc,42,OverUnder,2.5,under_25,over_25,lay,1.176470588235294,1.85,2.176470588235294,0.46371686551616315,0.45266272189349116,0.011054143622671986,521.1269457891491,0.0053231134029072605,2.7740178297463447,3.2635503879368755,145.51,153.51,3.2635503879368755,2.7740178297463447,1.0,1.85,1,0.0,4,1,LOSE,0.0,0.0,-2.7740178297463447,0.4594594594594595,0.4529759031671184,-0.006483556292341097,false,true
m10_lineup_grw_raw,ladder_sweep_v1,2026-08-15,2026-08-15T13:35:00.0,16362414,alloa-athletic,montrose,42,1X2,0.0,draw,draw,back,1.0,3.55,3.55,0.23035027725063492,0.2793998676178569,-0.04904959036722198,462.6731596954292,0.004875793133803296,2.2558986152380496,2.2558986152380496,78.05,85.22,2.2558986152380496,2.2558986152380496,1.0,3.5499999999999994,1,1.2509555207044018e-16,3,0,LOSE,0.0,0.0,-2.2558986152380496,0.2816901408450705,0.2741874266015923,-0.0075027142434782035,false,true
m10_lineup_grw_raw,ladder_sweep_v1,2026-08-15,2026-08-15T13:35:00.0,16362414,alloa-athletic,montrose,42,1X2,0.0,home,home,back,1.0,2.62,2.62,0.5574849894744869,0.3785761565051114,0.1789088329693755,462.6731596954292,0.05323894286628952,24.6322299147906,24.6322299147906,6.0,54.0,24.6322299147906,24.6322299147906,1.0,2.6048434838759835,2,0.00578492981832694,3,0,WIN,64.53644237675138,0.7980842492392155,39.10612821272156,0.3839002251728419,0.4176174039625093,0.0337171787896674,true,true
m10_lineup_grw_raw,ladder_sweep_v1,2026-08-15,2026-08-15T13:35:00.0,16362415,east-kilbride,cove-rangers,42,1X2,0.0,away,away,back,1.0,6.4,6.4,0.3382316714866089,0.15345310697214437,0.1847785645144645,462.6731596954292,0.027962857237524258,12.937663512197549,12.937663512197549,5.0,43.14,5.0,5.0,0.38646854552106963,6.4,1,0.0,3,0,LOSE,0.0,0.0,-5.0,0.15625,0.16329621615916406,0.007046216159164065,true,true
m10_lineup_grw_raw,ladder_sweep_v1,2026-08-15,2026-08-15T13:35:00.0,16362415,east-kilbride,cove-rangers,42,1X2,0.0,draw,draw,back,1.0,4.9,4.9,0.2479948546218182,0.20042854788198447,0.047566306739833725,462.6731596954292,0.010958485596887878,5.070197156588966,5.070197156588966,13.85,23.85,5.070197156588966,5.070197156588966,1.0,4.9,1,0.0,3,0,LOSE,0.0,0.0,-5.070197156588966,0.2040816326530612,0.20706633595440394,0.0029847033013427338,true,true
m10_lineup_grw_raw,ladder_sweep_v1,2026-08-15,2026-08-15T13:35:00.0,16362415,east-kilbride,cove-rangers,42,OverUnder,2.5,under_25,over_25,lay,1.9607843137254901,1.51,2.9607843137254903,0.4637847134731156,0.3344442055471942,0.12934050792592144,462.6731596954292,0.012797219038716,5.920929767957235,11.609666211680851,12.0,108.87,11.609666211680851,5.920929767957235,1.0,1.51,1,0.0,3,0,LOSE,0.0,0.0,-5.920929767957235,0.33774834437086093,0.33555555555555555,-0.00219278881530538,false,true
m10_lineup_grw_raw,ladder_sweep_v1,2026-08-15,2026-08-15T13:35:00.0,16362417,hamilton-academical,airdrieonians,42,OverUnder,2.5,under_25,over_25,lay,0.9803921568627451,2.02,1.9803921568627452,0.5362472339433613,0.4935566364137792,0.04269059752958204,462.6731596954292,0.003379861583233076,1.5637712380476432,1.533109056909454,9.0,23.0,1.533109056909454,1.5637712380476432,1.0,2.02,1,0.0,4,0,LOSE,0.0,0.0,-1.5637712380476432,0.504950495049505,0.4831460674157303,-0.02180442763377466,false,true
m10_lineup_grw_raw,ladder_sweep_v1,2026-08-15,2026-08-15T13:35:00.0,16362419,peterhead,east-fife,42,1X2,0.0,away,away,back,1.0,4.1,4.1,0.32096560026943066,0.23576826196473552,0.08519733830469514,462.6731596954292,0.011649638733461037,5.389975162120676,5.389975162120676,9.0,18.0,5.389975162120676,5.389975162120676,1.0,4.1,1,0.0,2,1,LOSE,0.0,0.0,-5.389975162120676,0.24390243902439027,0.25909975957122855,0.015197320546838283,true,true
m10_lineup_grw_raw,ladder_sweep_v1,2026-08-15,2026-08-15T13:35:00.0,16362419,peterhead,east-fife,42,OverUnder,1.5,over_15,under_15,lay,0.3508771929824561,3.85,1.3508771929824561,0.7987842327309704,0.7251877861645123,0.07359644656645814,462.6731596954292,0.011140315878173157,5.154325147359534,1.808535139424398,9.55,13.55,1.808535139424398,5.154325147359534,1.0,3.85,1,0.0,2,1,WIN,6.962860286783933,0.03617070278848796,1.7723644366359101,0.7402597402597403,0.7351580833308992,-0.005101656928841125,false,true
m10_lineup_grw_raw,ladder_sweep_v1,2026-08-15,2026-08-15T13:35:00.0,16362586,annan-athletic,clyde-fc,42,1X2,0.0,away,away,back,1.0,2.32,2.32,0.4564598928786278,0.4231455289093891,0.0333143639692387,462.6731596954292,0.006728075178606412,3.1128998015542177,3.1128998015542177,38.03,68.07,3.1128998015542177,3.1128998015542177,1.0,2.32,1,0.0,1,2,WIN,7.221927539605785,0.08218055476103134,4.026847183290536,0.4310344827586207,0.42540047254676705,-0.005634010211853668,false,true
m10_lineup_grw_raw,ladder_sweep_v1,2026-08-15,2026-08-15T13:35:00.0,16362586,annan-athletic,clyde-fc,42,OverUnder,2.5,under_25,over_25,lay,1.4285714285714286,1.7,2.428571428571429,0.48488575535564654,0.4074590449634018,0.07742671039224475,462.6731596954292,0.01299959875053271,6.014565428681722,8.592236326688175,13.08,24.08,8.592236326688175,6.014565428681722,1.0,1.6999999999999997,1,-1.8286026287943754e-16,1,2,LOSE,0.0,0.0,-6.014565428681722,0.4117647058823528,0.41162227602905577,-0.0001424298532970436,false,true
m10_lineup_grw_raw,ladder_sweep_v1,2026-08-15,2026-08-15T13:35:00.0,16362587,dumbarton,edinburgh-city-fc,42,1X2,0.0,home,home,back,1.0,2.38,2.38,0.5081623878903676,0.40951701802082874,0.09864536986953887,462.6731596954292,0.02327924246659021,10.770680667333309,10.770680667333309,4.0,33.47,10.770680667333309,10.770680667333309,1.0,2.367388212204747,2,0.005299070502207033,0,3,LOSE,0.0,0.0,-10.770680667333309,0.4224064286730146,0.4112925119371444,-0.0111139167358702,false,true
m10_lineup_grw_raw,ladder_sweep_v1,2026-08-15,2026-08-15T13:35:00.0,16362590,forfar-athletic,stirling-albion,42,1X2,0.0,home,home,back,1.0,2.88,2.88,0.4269500678415857,0.342902711323764,0.08404735651782169,462.6731596954292,0.021214969593787023,9.815597014799899,9.815597014799899,109.14,130.14,9.815597014799899,9.815597014799899,1.0,2.88,1,0.0,3,0,WIN,28.268919402623705,0.3690664477564761,18.08425594006733,0.3472222222222222,0.3761560870003556,0.028933864778133367,true,true
m10_lineup_grw_raw,ladder_sweep_v1,2026-08-15,2026-08-15T13:35:00.0,16362590,forfar-athletic,stirling-albion,42,OverUnder,2.5,under_25,over_25,lay,1.1235955056179776,1.89,2.1235955056179776,0.4919591712717752,0.46557330694189175,0.026385864329883435,462.6731596954292,0.007147093140658369,3.306768166025936,3.715469849467344,5.71,63.71,3.715469849467344,3.306768166025936,1.0,1.89,1,0.0,3,0,LOSE,0.0,0.0,-3.306768166025936,0.4708994708994709,0.45973308219432707,-0.011166388705143804,false,true
m10_lineup_grw_raw,ladder_sweep_v1,2026-08-15,2026-08-15T13:35:00.0,16362591,stranraer,the-spartans-fc,42,OverUnder,2.5,under_25,over_25,lay,1.25,1.8,2.25,0.553094316196756,0.43609022556390975,0.11700409063284622,462.6731596954292,0.014923954235603217,6.904913061336525,8.631141326670656,8.52,99.77,8.631141326670656,6.904913061336525,1.0,1.8001280655080816,2,8.892014610751965e-5,1,0,WIN,15.53605438800718,0.17262282653341313,8.458518500137243,0.44448396802382356,0.42891859052247877,-0.01556537750134479,false,true
m10_lineup_grw_raw,ladder_sweep_v1,2026-08-15,2026-08-15T13:35:00.0,16362593,elgin-city,kelty-hearts-fc,42,1X2,0.0,home,home,back,1.0,2.34,2.34,0.5076412830899804,0.41451938158189566,0.09312190150808469,462.6731596954292,0.023002559573422957,10.642666918917945,10.642666918917945,25.0,64.0,10.642666918917945,10.642666918917945,1.0,2.34,1,0.0,4,1,WIN,24.90384059026799,0.2852234734270009,13.975950197923042,0.4273504273504274,0.4170293809626916,-0.010321046387735788,false,true
m12_hybrid_grw_cal_optB,ladder_sweep_v1,2026-08-15,2026-08-15T13:35:00.0,16362414,alloa-athletic,montrose,42,1X2,0.0,home,home,back,1.0,2.62,2.62,0.4323568316289521,0.3785761565051114,0.053780675123840715,502.7573713278043,0.0224424626730797,11.283113539639919,11.283113539639919,6.0,54.0,11.283113539639919,11.283113539639919,1.0,2.6105971934683945,2,0.0035888574548113106,3,0,WIN,29.561757473856588,0.3655728786843334,17.91307105553234,0.38305411593253774,0.4176174039625093,0.03456328802997155,true,true
m12_hybrid_grw_cal_optB,ladder_sweep_v1,2026-08-15,2026-08-15T13:35:00.0,16362415,east-kilbride,cove-rangers,42,1X2,0.0,away,away,back,1.0,6.4,6.4,0.2698426276829679,0.15345310697214437,0.11638952071082354,502.7573713278043,0.02962399063769775,14.893679661248408,14.893679661248408,5.0,43.14,5.0,5.0,0.33571287376412484,6.4,1,0.0,3,0,LOSE,0.0,0.0,-5.0,0.15625,0.16329621615916406,0.007046216159164065,true,true
m12_hybrid_grw_cal_optB,ladder_sweep_v1,2026-08-15,2026-08-15T13:35:00.0,16362415,east-kilbride,cove-rangers,42,1X2,0.0,draw,draw,back,1.0,4.9,4.9,0.24070368490416355,0.20042854788198447,0.04027513702217908,502.7573713278043,0.012422789207964033,6.245648846755413,6.245648846755413,13.85,23.85,6.245648846755413,6.245648846755413,1.0,4.9,1,0.0,3,0,LOSE,0.0,0.0,-6.245648846755413,0.2040816326530612,0.20706633595440394,0.0029847033013427338,true,true
m12_hybrid_grw_cal_optB,ladder_sweep_v1,2026-08-15,2026-08-15T13:35:00.0,16362415,east-kilbride,cove-rangers,42,OverUnder,2.5,under_25,over_25,lay,1.9607843137254901,1.51,2.9607843137254903,0.45367708873205514,0.3344442055471942,0.11923288318486097,502.7573713278043,0.024250522276286424,12.192128832952124,23.90613496657279,12.0,108.87,23.90613496657279,12.192128832952122,1.0,1.5149638668211813,2,0.006383611030696739,3,0,LOSE,0.0,0.0,-12.192128832952122,0.3399182502627735,0.33555555555555555,-0.004362694707217951,false,true
m12_hybrid_grw_cal_optB,ladder_sweep_v1,2026-08-15,2026-08-15T13:35:00.0,16362419,peterhead,east-fife,42,1X2,0.0,away,away,back,1.0,4.1,4.1,0.2717975899282774,0.23576826196473552,0.036029327963541885,502.7573713278043,0.006829578447025849,3.433620907303744,3.433620907303744,9.0,18.0,3.433620907303744,3.433620907303744,1.0,4.1,1,0.0,2,1,LOSE,0.0,0.0,-3.433620907303744,0.24390243902439027,0.25909975957122855,0.015197320546838283,true,true
m12_hybrid_grw_cal_optB,ladder_sweep_v1,2026-08-15,2026-08-15T13:35:00.0,16362586,annan-athletic,clyde-fc,42,OverUnder,2.5,under_25,over_25,lay,1.4285714285714286,1.7,2.428571428571429,0.4348367372748565,0.4074590449634018,0.027377692311454704,502.7573713278043,0.00501132312674418,2.519479642076137,3.599256631537339,13.08,24.08,3.599256631537339,2.519479642076137,1.0,1.7000000000000002,1,1.8286026287943754e-16,1,2,LOSE,0.0,0.0,-2.519479642076137,0.411764705882353,0.41162227602905577,-0.00014242985329721014,false,true
m12_hybrid_grw_cal_optB,ladder_sweep_v1,2026-08-15,2026-08-15T13:35:00.0,16362587,dumbarton,edinburgh-city-fc,42,1X2,0.0,home,home,back,1.0,2.38,2.38,0.45495228874094096,0.40951701802082874,0.04543527072011222,502.7573713278043,0.015305711176380066,7.695059117339437,7.695059117339437,4.0,33.47,7.695059117339437,7.695059117339437,1.0,2.370354146526517,2,0.004052879610707102,0,3,LOSE,0.0,0.0,-7.695059117339437,0.42187788751541017,0.4112925119371444,-0.010585375578265777,false,true
m12_hybrid_grw_cal_optB,ladder_sweep_v1,2026-08-15,2026-08-15T13:35:00.0,16362590,forfar-athletic,stirling-albion,42,1X2,0.0,home,home,back,1.0,2.88,2.88,0.3780985184489523,0.342902711323764,0.03519580712518833,502.7573713278043,0.012182763697057022,6.124974251840191,6.124974251840191,109.14,130.14,6.124974251840191,6.124974251840191,1.0,2.88,1,0.0,3,0,WIN,17.63992584529975,0.23029903186919118,11.284652561590368,0.3472222222222222,0.3761560870003556,0.028933864778133367,true,true
m12_hybrid_grw_cal_optB,ladder_sweep_v1,2026-08-15,2026-08-15T13:35:00.0,16362591,stranraer,the-spartans-fc,42,1X2,0.0,away,away,back,1.0,2.4,2.4,0.43261452290269375,0.40290381125226865,0.029710711650425103,502.7573713278043,0.005589431321792878,2.810127798561882,2.810127798561882,2.65,30.65,2.810127798561882,2.810127798561882,1.0,2.398851325360417,2,0.0004786144331595891,1,0,LOSE,0.0,0.0,-2.810127798561882,0.416866184839427,0.4077286345582123,-0.009137550281214712,false,true
m12_hybrid_grw_cal_optB,ladder_sweep_v1,2026-08-15,2026-08-15T13:35:00.0,16362591,stranraer,the-spartans-fc,42,OverUnder,2.5,under_25,over_25,lay,1.25,1.8,2.25,0.4786080355736484,0.43609022556390975,0.042517810009738644,502.7573713278043,0.012692005142746732,6.380999142446321,7.976248928057901,8.52,99.77,7.976248928057901,6.380999142446321,1.0,1.8,1,0.0,1,0,WIN,14.357248070504221,0.15952497856115802,7.816723949496743,0.4444444444444444,0.42891859052247877,-0.015525853921965649,false,true
m12_hybrid_grw_cal_optB,ladder_sweep_v1,2026-08-15,2026-08-15T13:35:00.0,16362593,elgin-city,kelty-hearts-fc,42,1X2,0.0,home,home,back,1.0,2.34,2.34,0.4462676690806916,0.41451938158189566,0.031748287498795935,502.7573713278043,0.007673392158992709,3.8578544710225593,3.8578544710225593,25.0,64.0,3.8578544710225593,3.8578544710225593,1.0,2.34,1,0.0,4,1,WIN,9.027379462192787,0.10339049982340458,5.066134491346824,0.4273504273504274,0.4170293809626916,-0.010321046387735788,false,true
m12_hybrid_grw_cal_optB,ladder_sweep_v1,2026-08-15,2026-08-15T13:35:00.0,16362593,elgin-city,kelty-hearts-fc,42,OverUnder,2.5,under_25,over_25,lay,1.176470588235294,1.85,2.176470588235294,0.46548791795863603,0.45266272189349116,0.012825196065144873,502.7573713278043,0.0019074677628967904,0.9589934783665178,1.1282276216076679,145.51,153.51,1.1282276216076679,0.9589934783665178,1.0,1.85,1,0.0,4,1,LOSE,0.0,0.0,-0.9589934783665178,0.4594594594594595,0.4529759031671184,-0.006483556292341097,false,true
m12_hybrid_grw_raw,ladder_sweep_v1,2026-08-15,2026-08-15T13:35:00.0,16362414,alloa-athletic,montrose,42,1X2,0.0,draw,draw,back,1.0,3.55,3.55,0.23723663820772073,0.2793998676178569,-0.04216322941013617,538.9480779816223,0.0028098236485501315,1.5143490548534029,1.5143490548534029,78.05,85.22,1.5143490548534029,1.5143490548534029,1.0,3.55,1,0.0,3,0,LOSE,0.0,0.0,-1.5143490548534029,0.28169014084507044,0.2741874266015923,-0.007502714243478148,false,true
m12_hybrid_grw_raw,ladder_sweep_v1,2026-08-15,2026-08-15T13:35:00.0,16362414,alloa-athletic,montrose,42,1X2,0.0,home,home,back,1.0,2.62,2.62,0.5130365337251931,0.3785761565051114,0.1344603772200817,538.9480779816223,0.044056066830141905,23.743932541534882,23.743932541534882,6.0,54.0,23.743932541534882,23.743932541534882,1.0,2.605025036336882,2,0.00571563498592299,3,0,WIN,62.20910325882139,0.7693034143457302,37.69586730294078,0.38387346994797944,0.4176174039625093,0.03374393401452985,true,true
m12_hybrid_grw_raw,ladder_sweep_v1,2026-08-15,2026-08-15T13:35:00.0,16362415,east-kilbride,cove-rangers,42,1X2,0.0,away,away,back,1.0,6.4,6.4,0.35073289174213057,0.15345310697214437,0.1972797847699862,538.9480779816223,0.03494543731235797,18.833776273722595,18.833776273722595,5.0,43.14,5.0,5.0,0.26548048183922296,6.4,1,0.0,3,0,LOSE,0.0,0.0,-5.0,0.15625,0.16329621615916406,0.007046216159164065,true,true
m12_hybrid_grw_raw,ladder_sweep_v1,2026-08-15,2026-08-15T13:35:00.0,16362415,east-kilbride,cove-rangers,42,1X2,0.0,draw,draw,back,1.0,4.9,4.9,0.2507641894731585,0.20042854788198447,0.05033564159117401,538.9480779816223,0.013934307776255508,7.509868394017279,7.509868394017279,13.85,23.85,7.509868394017279,7.509868394017279,1.0,4.9,1,0.0,3,0,LOSE,0.0,0.0,-7.509868394017279,0.2040816326530612,0.20706633595440394,0.0029847033013427338,true,true
m12_hybrid_grw_raw,ladder_sweep_v1,2026-08-15,2026-08-15T13:35:00.0,16362415,east-kilbride,cove-rangers,42,OverUnder,2.5,under_25,over_25,lay,1.9607843137254901,1.51,2.9607843137254903,0.4668567329732113,0.3344442055471942,0.1324125274260171,538.9480779816223,0.01473890434553595,7.943504168581581,15.575498369767804,12.0,108.87,15.575498369767804,7.94350416858158,1.0,1.5122839383893592,2,0.0029525461689537728,3,0,LOSE,0.0,0.0,-7.94350416858158,0.33874851500106606,0.33555555555555555,-0.0031929594455105126,false,true
m12_hybrid_grw_raw,ladder_sweep_v1,2026-08-15,2026-08-15T13:35:00.0,16362419,peterhead,east-fife,42,1X2,0.0,away,away,back,1.0,4.1,4.1,0.3158656823265101,0.23576826196473552,0.08009742036177456,538.9480779816223,0.013081123641220984,7.05004644427601,7.05004644427601,9.0,18.0,7.05004644427601,7.05004644427601,1.0,4.1,1,0.0,2,1,LOSE,0.0,0.0,-7.05004644427601,0.24390243902439027,0.25909975957122855,0.015197320546838283,true,true
m12_hybrid_grw_raw,ladder_sweep_v1,2026-08-15,2026-08-15T13:35:00.0,16362419,peterhead,east-fife,42,OverUnder,1.5,over_15,under_15,lay,0.3508771929824561,3.85,1.3508771929824561,0.7632953579416198,0.7251877861645123,0.03810757177710755,538.9480779816223,0.005501928403086896,2.965253738036179,1.0404399080828697,9.55,13.55,1.0404399080828697,2.9652537380361785,1.0,3.85,1,0.0,2,1,WIN,4.005693646119048,0.020808798161657396,1.0196311099212123,0.7402597402597403,0.7351580833308992,-0.005101656928841125,false,true
m12_hybrid_grw_raw,ladder_sweep_v1,2026-08-15,2026-08-15T13:35:00.0,16362586,annan-athletic,clyde-fc,42,OverUnder,2.5,under_25,over_25,lay,1.4285714285714286,1.7,2.428571428571429,0.4859692744226794,0.4074590449634018,0.0785102294592776,538.9480779816223,0.012956097611455344,6.982663905836145,9.975234151194494,13.08,24.08,9.975234151194494,6.982663905836145,1.0,1.7,1,0.0,1,2,LOSE,0.0,0.0,-6.982663905836145,0.4117647058823529,0.41162227602905577,-0.00014242985329715463,false,true
m12_hybrid_grw_raw,ladder_sweep_v1,2026-08-15,2026-08-15T13:35:00.0,16362587,dumbarton,edinburgh-city-fc,42,1X2,0.0,home,home,back,1.0,2.38,2.38,0.45495228874094096,0.40951701802082874,0.04543527072011222,538.9480779816223,0.010312070857105211,5.557670768447154,5.557670768447154,4.0,33.47,5.557670768447154,5.557670768447154,1.0,2.37436041055569,2,0.0023695753967688054,0,3,LOSE,0.0,0.0,-5.557670768447154,0.4211660519415257,0.4112925119371444,-0.009873540004381287,false,true
m12_hybrid_grw_raw,ladder_sweep_v1,2026-08-15,2026-08-15T13:35:00.0,16362590,forfar-athletic,stirling-albion,42,1X2,0.0,home,home,back,1.0,2.88,2.88,0.43391069115854247,0.342902711323764,0.09100797983477849,538.9480779816223,0.02661851545180424,14.34599774147401,14.34599774147401,109.14,130.14,14.34599774147401,14.34599774147401,1.0,2.88,1,0.0,3,0,WIN,41.316473495445145,0.5394095150794227,26.431066238891713,0.3472222222222222,0.3761560870003556,0.028933864778133367,true,true
m12_hybrid_grw_raw,ladder_sweep_v1,2026-08-15,2026-08-15T13:35:00.0,16362590,forfar-athletic,stirling-albion,42,OverUnder,2.5,under_25,over_25,lay,1.1235955056179776,1.89,2.1235955056179776,0.4766111189665837,0.46557330694189175,0.011037812024691951,538.9480779816223,0.0046126701805230845,2.485989728156059,2.793246885568606,5.71,63.71,2.793246885568606,2.485989728156059,1.0,1.89,1,0.0,3,0,LOSE,0.0,0.0,-2.485989728156059,0.4708994708994709,0.45973308219432707,-0.011166388705143804,false,true
m12_hybrid_grw_raw,ladder_sweep_v1,2026-08-15,2026-08-15T13:35:00.0,16362591,stranraer,the-spartans-fc,42,1X2,0.0,away,away,back,1.0,2.4,2.4,0.44912855153316805,0.40290381125226865,0.0462247402808994,538.9480779816223,0.009761624985916378,5.261009024137013,5.261009024137013,2.65,30.65,5.261009024137013,5.261009024137013,1.0,2.390032273110037,2,0.004153219537484562,1,0,LOSE,0.0,0.0,-5.261009024137013,0.41840439196193235,0.4077286345582123,-0.010675757403720065,false,true
m12_hybrid_grw_raw,ladder_sweep_v1,2026-08-15,2026-08-15T13:35:00.0,16362591,stranraer,the-spartans-fc,42,OverUnder,2.5,under_25,over_25,lay,1.25,1.8,2.25,0.5416852936052553,0.43609022556390975,0.10559506804134555,538.9480779816223,0.020023362761180014,10.791552874866758,13.489441093583448,8.52,99.77,13.489441093583448,10.791552874866758,1.0,1.804381075154639,3,0.003025842746235815,1,0,WIN,24.280993968450204,0.26978882187166897,13.219652271711778,0.44579334500374423,0.42891859052247877,-0.016874754481265464,false,true
m12_hybrid_grw_raw,ladder_sweep_v1,2026-08-15,2026-08-15T13:35:00.0,16362593,elgin-city,kelty-hearts-fc,42,1X2,0.0,home,home,back,1.0,2.34,2.34,0.5034132196203888,0.41451938158189566,0.0888938380384931,538.9480779816223,0.02676013686630209,14.422324330618665,14.422324330618665,25.0,64.0,14.422324330618665,14.422324330618665,1.0,2.34,1,0.0,4,1,WIN,33.74823893364767,0.3865182920605802,18.93939631096843,0.4273504273504274,0.4170293809626916,-0.010321046387735788,false,true
m12_hybrid_grw_raw,ladder_sweep_v1,2026-08-15,2026-08-15T13:35:00.0,16362593,elgin-city,kelty-hearts-fc,42,OverUnder,2.5,under_25,over_25,lay,1.176470588235294,1.85,2.176470588235294,0.46990666522828006,0.45266272189349116,0.017243943334788903,538.9480779816223,0.007143774038937377,3.85012328782031,4.529556809200364,145.51,153.51,4.529556809200364,3.8501232878203098,1.0,1.85,1,0.0,4,1,LOSE,0.0,0.0,-3.8501232878203098,0.4594594594594595,0.4529759031671184,-0.006483556292341097,false,true
m12_hybrid_td_raw,ladder_sweep_v1,2026-08-15,2026-08-15T13:35:00.0,16362414,alloa-athletic,montrose,42,1X2,0.0,home,home,back,1.0,2.62,2.62,0.4856168189280685,0.3785761565051114,0.10704066242295712,542.1099866393603,0.038087041424985334,20.64736551803156,20.64736551803156,6.0,54.0,20.64736551803156,20.64736551803156,1.0,2.605780336362611,2,0.005427352533354674,3,0,WIN,54.096097657242694,0.6689746427842226,32.77975749642691,0.3837622020726016,0.4176174039625093,0.033855201889907705,true,true
m12_hybrid_td_raw,ladder_sweep_v1,2026-08-15,2026-08-15T13:35:00.0,16362415,east-kilbride,cove-rangers,42,1X2,0.0,away,away,back,1.0,6.4,6.4,0.3041465664786284,0.15345310697214437,0.15069345950648405,542.1099866393603,0.029490231972621943,15.986949260669716,15.986949260669716,5.0,43.14,5.0,5.0,0.3127551053346211,6.4,1,0.0,3,0,LOSE,0.0,0.0,-5.0,0.15625,0.16329621615916406,0.007046216159164065,true,true
m12_hybrid_td_raw,ladder_sweep_v1,2026-08-15,2026-08-15T13:35:00.0,16362415,east-kilbride,cove-rangers,42,1X2,0.0,draw,draw,back,1.0,4.9,4.9,0.25495979049609774,0.20042854788198447,0.05453124261411327,542.1099866393603,0.012545019398518686,6.80078029852148,6.80078029852148,13.85,23.85,6.80078029852148,6.80078029852148,1.0,4.9,1,0.0,3,0,LOSE,0.0,0.0,-6.80078029852148,0.2040816326530612,0.20706633595440394,0.0029847033013427338,true,true
m12_hybrid_td_raw,ladder_sweep_v1,2026-08-15,2026-08-15T13:35:00.0,16362415,east-kilbride,cove-rangers,42,OverUnder,2.5,under_25,over_25,lay,1.9607843137254901,1.51,2.9607843137254903,0.4964549556018141,0.3344442055471942,0.1620107500546199,542.1099866393603,0.02241149886299081,12.149497349183985,23.822543821929383,12.0,108.87,23.822543821929383,12.149497349183985,1.0,1.51494625424106,2,0.006361178537229047,3,0,LOSE,0.0,0.0,-12.149497349183985,0.3399105762329713,0.33555555555555555,-0.004355020677415722,false,true
m12_hybrid_td_raw,ladder_sweep_v1,2026-08-15,2026-08-15T13:35:00.0,16362417,hamilton-academical,airdrieonians,42,1X2,0.0,away,away,back,1.0,3.6,3.6,0.29474618390237045,0.27278920833901077,0.021956975563359682,542.1099866393603,0.002951328730748543,1.5999447787944527,1.5999447787944527,14.0,83.99000000000001,1.5999447787944527,1.5999447787944527,1.0,3.6,1,0.0,4,0,LOSE,0.0,0.0,-1.5999447787944527,0.2777777777777778,0.23920804933463163,-0.038569728443146156,false,true
m12_hybrid_td_raw,ladder_sweep_v1,2026-08-15,2026-08-15T13:35:00.0,16362419,peterhead,east-fife,42,1X2,0.0,away,away,back,1.0,4.1,4.1,0.30782004034191635,0.23576826196473552,0.07205177837718083,542.1099866393603,0.0131817983698631,7.145984538169226,7.145984538169226,9.0,18.0,7.145984538169226,7.145984538169226,1.0,4.1,1,0.0,2,1,LOSE,0.0,0.0,-7.145984538169226,0.24390243902439027,0.25909975957122855,0.015197320546838283,true,true
m12_hybrid_td_raw,ladder_sweep_v1,2026-08-15,2026-08-15T13:35:00.0,16362586,annan-athletic,clyde-fc,42,1X2,0.0,away,away,back,1.0,2.32,2.32,0.45125127271116516,0.4231455289093891,0.02810574380177605,542.1099866393603,0.00716963284026032,3.886729563242641,3.886729563242641,38.03,68.07,3.886729563242641,3.886729563242641,1.0,2.32,1,0.0,1,2,WIN,9.017212586722927,0.1026096604696057,5.02787336301068,0.4310344827586207,0.42540047254676705,-0.005634010211853668,false,true
m12_hybrid_td_raw,ladder_sweep_v1,2026-08-15,2026-08-15T13:35:00.0,16362586,annan-athletic,clyde-fc,42,OverUnder,2.5,under_25,over_25,lay,1.4285714285714286,1.7,2.428571428571429,0.4847894230209084,0.4074590449634018,0.07733037805750659,542.1099866393603,0.01653685328293839,8.96479331227079,12.806847588958274,13.08,24.08,12.806847588958274,8.96479331227079,1.0,1.7,1,0.0,1,2,LOSE,0.0,0.0,-8.96479331227079,0.4117647058823529,0.41162227602905577,-0.00014242985329715463,false,true
m12_hybrid_td_raw,ladder_sweep_v1,2026-08-15,2026-08-15T13:35:00.0,16362587,dumbarton,edinburgh-city-fc,42,OverUnder,2.5,under_25,over_25,lay,1.1363636363636365,1.88,2.1363636363636367,0.4848833026378149,0.4613797845519138,0.023503518085901065,542.1099866393603,0.0051373133431460586,2.784988867815117,3.164760077062633,15.0,15.0,3.164760077062633,2.784988867815117,1.0,1.88,1,0.0,0,3,LOSE,0.0,0.0,-2.784988867815117,NaN,NaN,NaN,,false
m12_hybrid_td_raw,ladder_sweep_v1,2026-08-15,2026-08-15T13:35:00.0,16362590,forfar-athletic,stirling-albion,42,1X2,0.0,home,home,back,1.0,2.88,2.88,0.4423476738514253,0.342902711323764,0.09944496252766133,542.1099866393603,0.034029189842111174,18.44756365065514,18.44756365065514,109.14,130.14,18.44756365065514,18.44756365065514,1.0,2.88,1,0.0,3,0,WIN,53.128983313886806,0.6936283932646333,33.98779126996703,0.3472222222222222,0.3761560870003556,0.028933864778133367,true,true
m12_hybrid_td_raw,ladder_sweep_v1,2026-08-15,2026-08-15T13:35:00.0,16362590,forfar-athletic,stirling-albion,42,OverUnder,2.5,under_25,over_25,lay,1.1235955056179776,1.89,2.1235955056179776,0.47602243689602547,0.46557330694189175,0.010449129954133718,542.1099866393603,0.005117031901527561,2.7739940957702864,3.1168472986183,5.71,63.71,3.1168472986183,2.7739940957702864,1.0,1.89,1,0.0,3,0,LOSE,0.0,0.0,-2.7739940957702864,0.4708994708994709,0.45973308219432707,-0.011166388705143804,false,true
m12_hybrid_td_raw,ladder_sweep_v1,2026-08-15,2026-08-15T13:35:00.0,16362591,stranraer,the-spartans-fc,42,OverUnder,2.5,under_25,over_25,lay,1.25,1.8,2.25,0.5001773683037836,0.43609022556390975,0.06408714273987381,542.1099866393603,0.01159097900878024,6.283585475586961,7.8544818444837015,8.52,99.77,7.8544818444837015,6.283585475586961,1.0,1.8,1,0.0,1,0,WIN,14.138067320070663,0.15708963688967403,7.697392207594027,0.4444444444444444,0.42891859052247877,-0.015525853921965649,false,true
m12_hybrid_td_raw,ladder_sweep_v1,2026-08-15,2026-08-15T13:35:00.0,16362593,elgin-city,kelty-hearts-fc,42,1X2,0.0,home,home,back,1.0,2.34,2.34,0.5160434371532465,0.41451938158189566,0.10152405557135086,542.1099866393603,0.03658270118038893,19.831847648132353,19.831847648132353,25.0,64.0,19.831847648132353,19.831847648132353,1.0,2.34,1,0.0,4,1,WIN,46.4065234966297,0.531493516969947,26.043182331527404,0.4273504273504274,0.4170293809626916,-0.010321046387735788,false,true
m12_hybrid_td_raw,ladder_sweep_v1,2026-08-15,2026-08-15T13:35:00.0,16362593,elgin-city,kelty-hearts-fc,42,OverUnder,2.5,under_25,over_25,lay,1.176470588235294,1.85,2.176470588235294,0.4746562503000093,0.45266272189349116,0.021993528406518137,542.1099866393603,0.01092495183218227,5.922525491779985,6.967677049152923,145.51,153.51,6.967677049152923,5.922525491779985,1.0,1.85,1,0.0,4,1,LOSE,0.0,0.0,-5.922525491779985,0.4594594594594595,0.4529759031671184,-0.006483556292341097,false,true
m00_baseline_grw_raw,ladder_sweep_v1,2026-09-05,2026-09-05T13:35:00.0,16362431,cove-rangers,alloa-athletic,43,1X2,0.0,home,home,back,1.0,3.3,3.3,0.3348691109849389,0.2972341300706399,0.037634980914298954,500.24480244947057,0.006877702445734849,3.44053490127287,3.44053490127287,10.03,25.2299,3.44053490127287,3.44053490127287,1.0,3.3000000000000003,1,-1.345724878333523e-16,1,1,LOSE,0.0,0.0,-3.44053490127287,0.303030303030303,0.29478761849435087,-0.008242684535952116,false,true
m00_baseline_grw_raw,ladder_sweep_v1,2026-09-05,2026-09-05T13:35:00.0,16362431,cove-rangers,alloa-athletic,43,OverUnder,2.5,under_25,over_25,lay,0.9803921568627451,2.02,1.9803921568627452,0.6017911209066518,0.49484845453636095,0.10694266637029082,500.24480244947057,0.012652603992437714,6.3293993846683865,6.205293514380771,8.0,20.0,6.205293514380771,6.3293993846683865,1.0,2.02,1,0.0,1,1,WIN,12.534692899049158,0.12410587028761544,6.0811876440931565,0.504950495049505,0.4981273408239701,-0.0068231542255348665,false,true
m00_baseline_grw_raw,ladder_sweep_v1,2026-09-05,2026-09-05T13:35:00.0,16362432,east-fife,ross-county,43,1X2,0.0,draw,draw,back,1.0,4.5,4.5,0.25738481271478836,0.2160647449589465,0.04132006775584185,500.24480244947057,0.007899642920622202,3.9517553122480122,3.9517553122480122,3.0,53.58,3.0,3.0,0.7591563148411148,4.5,1,0.0,2,2,WIN,13.5,0.21,10.29,0.2222222222222222,0.23477460369894668,0.012552381476724467,true,true
m00_baseline_grw_raw,ladder_sweep_v1,2026-09-05,2026-09-05T13:35:00.0,16362432,east-fife,ross-county,43,1X2,0.0,home,home,back,1.0,7.4,7.4,0.3421001703828761,0.13139072328584583,0.21070944709703027,500.24480244947057,0.034102378528867626,17.059537610230453,17.059537610230453,22.44,26.44,17.059537610230453,17.059537610230453,1.0,7.4,1,0.0,2,2,LOSE,0.0,0.0,-17.059537610230453,0.13513513513513511,0.15118061601826113,0.016045480883126018,true,true
m00_baseline_grw_raw,ladder_sweep_v1,2026-09-05,2026-09-05T13:35:00.0,16362432,east-fife,ross-county,43,OverUnder,2.5,under_25,over_25,lay,1.1627906976744184,1.86,2.1627906976744184,0.5091650895518022,0.4610257896261954,0.04813929992560678,500.24480244947057,0.014973669657274953,7.490500419647141,8.709884208892023,4.14,10.14,8.709884208892023,7.49050041964714,1.0,1.896687476982879,3,0.02199701735231401,2,2,LOSE,0.0,0.0,-7.49050041964714,0.47276501156071754,0.48941469489414696,0.01664968333342942,true,true
m00_baseline_grw_raw,ladder_sweep_v1,2026-09-05,2026-09-05T13:35:00.0,16362433,peterhead,montrose,43,1X2,0.0,away,away,back,1.0,3.25,3.25,0.295164910111111,0.30211032950758976,-0.006945419396478747,500.24480244947057,0.002451106670389644,1.226153372111647,1.226153372111647,10.08,29.25,1.226153372111647,1.226153372111647,1.0,3.25,1,0.0,0,3,WIN,3.9849984593628527,0.05517690174502412,2.7036681855061815,0.3076923076923077,0.31918936035465484,0.01149705266234713,true,true
m00_baseline_grw_raw,ladder_sweep_v1,2026-09-05,2026-09-05T13:35:00.0,16362433,peterhead,montrose,43,1X2,0.0,home,home,back,1.0,2.4,2.4,0.4847147557458642,0.4091077378748611,0.0756070178710031,500.24480244947057,0.014250115185219486,7.128546055712323,7.128546055712323,15.0,35.71,7.128546055712323,7.128546055712323,1.0,2.4,1,0.0,0,3,LOSE,0.0,0.0,-7.128546055712323,0.4166666666666667,0.395820139328689,-0.020846527337977705,false,true
m00_baseline_grw_raw,ladder_sweep_v1,2026-09-05,2026-09-05T13:35:00.0,16362435,east-kilbride,hamilton-academical,43,1X2,0.0,home,home,back,1.0,2.7599,2.7599,0.39036989884712703,0.35340968514932275,0.03696021369780428,500.24480244947057,0.006443133910272234,3.2231442500996184,3.2231442500996184,14.04,26.04,3.2231442500996184,3.2231442500996184,1.0,2.7599,1,0.0,0,1,LOSE,0.0,0.0,-3.2231442500996184,0.3623319685495851,0.3013525277618532,-0.06097944078773193,false,true
m00_baseline_grw_raw,ladder_sweep_v1,2026-09-05,2026-09-05T13:35:00.0,16362435,east-kilbride,hamilton-academical,43,OverUnder,2.5,under_25,over_25,lay,1.2658227848101264,1.79,2.2658227848101267,0.4914455577120934,0.4315294715447154,0.059916086167378035,500.24480244947057,0.008038681628898753,4.021308703402645,5.090264181522334,4.0,14.0,5.090264181522334,4.021308703402644,1.0,1.7921324999641755,2,0.0015039665234832613,0,1,WIN,9.111572884924978,0.10180528363044669,4.988458897891888,0.4420055436637693,0.4362745098039216,-0.005731033859847745,false,true
m00_baseline_grw_raw,ladder_sweep_v1,2026-09-05,2026-09-05T13:35:00.0,16362436,queen-of-the-south,airdrieonians,43,1X2,0.0,draw,draw,back,1.0,3.6,3.6,0.241856364143154,0.2689624700416405,-0.02710610589848647,500.24480244947057,0.0032705964211657604,1.6360988605980114,1.6360988605980114,7.78,18.37,1.6360988605980114,1.6360988605980114,1.0,3.6,1,0.0,2,1,LOSE,0.0,0.0,-1.6360988605980114,0.2777777777777778,0.25392698881620596,-0.023850788961571834,false,true
m00_baseline_grw_raw,ladder_sweep_v1,2026-09-05,2026-09-05T13:35:00.0,16362436,queen-of-the-south,airdrieonians,43,1X2,0.0,home,home,back,1.0,3.2,3.2,0.46910880088563656,0.30258277879684553,0.16652602208879103,500.24480244947057,0.0324848085413918,16.250356631397416,16.250356631397416,40.54,146.78,16.250356631397416,16.250356631397416,1.0,3.2,1,0.0,2,1,WIN,52.00114122047174,0.7150156917814864,35.03576889729283,0.3125,0.28888795104452414,-0.02361204895547586,false,true
m00_baseline_grw_raw,ladder_sweep_v1,2026-09-05,2026-09-05T13:35:00.0,16362602,stirling-albion,the-spartans-fc,43,1X2,0.0,home,home,back,1.0,3.85,3.85,0.3004155796596826,0.2535347354182099,0.04688084424147265,500.24480244947057,0.006329021101069711,3.1660599104031486,3.1660599104031486,7.6,12.6,3.1660599104031486,3.1660599104031486,1.0,3.85,1,0.0,0,2,LOSE,0.0,0.0,-3.1660599104031486,0.2597402597402597,0.28664837968869605,0.026908119948436338,true,true
m00_baseline_grw_raw,ladder_sweep_v1,2026-09-05,2026-09-05T13:35:00.0,16362602,stirling-albion,the-spartans-fc,43,OverUnder,2.5,under_25,under_25,back,1.0,2.7599,2.7599,0.44389430639739935,0.3566516702021026,0.08724263619529676,500.24480244947057,0.003963335519101691,1.982637993793995,1.982637993793995,3.0,42.29,1.982637993793995,1.982637993793995,1.0,2.7599,1,0.0,0,2,WIN,5.471882599072047,0.06978489210556103,3.419459713172491,0.3623319685495851,0.36101499423298733,-0.0013169743165977743,false,true
m00_baseline_grw_raw,ladder_sweep_v1,2026-09-05,2026-09-05T13:35:00.0,16362604,dumbarton,elgin-city,43,1X2,0.0,home,home,back,1.0,3.75,3.75,0.3626619900971618,0.2608385459010138,0.10182344419614803,500.24480244947057,0.017906170377992976,8.957468663365658,8.957468663365658,9.75,17.75,8.957468663365658,8.957468663365658,1.0,3.7499999999999996,1,1.1842378929335003e-16,2,1,WIN,33.59050748762122,0.49266077648511125,24.14037804777045,0.2666666666666667,0.2589928057553956,-0.007673860911271091,false,true
m00_baseline_grw_raw,ladder_sweep_v1,2026-09-05,2026-09-05T13:35:00.0,16362608,forfar-athletic,stranraer,43,1X2,0.0,home,home,back,1.0,2.86,2.86,0.42201661504809157,0.33874610173136893,0.08327051331672264,500.24480244947057,0.016890982115662024,8.44962601162689,8.44962601162689,8.5,78.92,8.44962601162689,8.44962601162689,1.0,2.86,1,0.0,0,3,LOSE,0.0,0.0,-8.44962601162689,0.3496503496503497,0.33836577093280545,-0.011284578717544236,false,true
m00_baseline_grw_raw,ladder_sweep_v1,2026-09-05,2026-09-05T13:35:00.0,16362608,forfar-athletic,stranraer,43,OverUnder,2.5,under_25,over_25,lay,1.0,2.0,2.0,0.5786283594356356,0.49109414758269715,0.08753421185293847,500.24480244947057,0.01407762968501571,7.042261080737487,7.042261080737487,1.0,14.0,7.042261080737487,7.042261080737487,1.0,2.0171356704227565,2,0.00842349301132772,0,3,LOSE,0.0,0.0,-7.042261080737487,0.5042475255070883,0.49186483103879847,-0.012382694468289823,false,true
m00_baseline_grw_raw,ladder_sweep_v1,2026-09-05,2026-09-05T13:35:00.0,16362611,kelty-hearts-fc,annan-athletic,43,1X2,0.0,away,away,back,1.0,3.25,3.25,0.34708683688277503,0.30581454483810816,0.04127229204466687,500.24480244947057,0.005316398321326879,2.6595006279948614,2.6595006279948614,3.08,54.1,2.6595006279948614,2.6595006279948614,1.0,3.25,1,0.0,2,1,LOSE,0.0,0.0,-2.6595006279948614,0.3076923076923077,0.31420193943486446,0.006509631742556754,true,true
m00_baseline_grw_raw,ladder_sweep_v1,2026-09-05,2026-09-05T13:35:00.0,16362613,clyde-fc,edinburgh-city-fc,43,1X2,0.0,draw,draw,back,1.0,4.2,4.2,0.20530047213452035,0.23231334149326804,-0.027012869358747693,500.24480244947057,0.002343706872600249,1.172427181483378,1.172427181483378,8.47,47.3199,1.172427181483378,1.172427181483378,1.0,4.2,1,0.0,3,2,LOSE,0.0,0.0,-1.172427181483378,0.23809523809523808,0.22461830414905543,-0.013476933946182656,false,true
m00_baseline_grw_raw,ladder_sweep_v1,2026-09-05,2026-09-05T13:35:00.0,16362613,clyde-fc,edinburgh-city-fc,43,1X2,0.0,home,home,back,1.0,1.95,1.95,0.6140018814262012,0.5003671970624236,0.11363468436377755,500.24480244947057,0.03006874266548383,15.041732234598927,15.041732234598927,31.57,154.14,15.041732234598927,15.041732234598927,1.0,1.95,1,0.0,3,2,WIN,29.331377857467906,0.2857929124573796,14.0038527104116,0.5128205128205129,0.5373932545501596,0.02457274172964674,true,true
m05_joint_grw_raw,ladder_sweep_v1,2026-09-05,2026-09-05T13:35:00.0,16362431,cove-rangers,alloa-athletic,43,1X2,0.0,home,home,back,1.0,3.3,3.3,0.329808665324554,0.2972341300706399,0.03257453525391407,588.7489178401195,0.0047343766905831655,2.787359153228325,2.787359153228325,10.03,25.2299,2.787359153228325,2.787359153228325,1.0,3.3,1,0.0,1,1,LOSE,0.0,0.0,-2.787359153228325,0.30303030303030304,0.29478761849435087,-0.008242684535952172,false,true
m05_joint_grw_raw,ladder_sweep_v1,2026-09-05,2026-09-05T13:35:00.0,16362431,cove-rangers,alloa-athletic,43,OverUnder,2.5,under_25,over_25,lay,0.9803921568627451,2.02,1.9803921568627452,0.5614036840673758,0.49484845453636095,0.06655522953101489,588.7489178401195,0.00722904984810693,4.256095275085235,4.172642426554152,8.0,20.0,4.172642426554152,4.256095275085235,1.0,2.02,1,0.0,1,1,WIN,8.428737701639387,0.08345284853108303,4.089189578023069,0.504950495049505,0.4981273408239701,-0.0068231542255348665,false,true
m05_joint_grw_raw,ladder_sweep_v1,2026-09-05,2026-09-05T13:35:00.0,16362432,east-fife,ross-county,43,1X2,0.0,draw,draw,back,1.0,4.5,4.5,0.2585281425241759,0.2160647449589465,0.04246339756522938,588.7489178401195,0.008351227956700782,4.916776422143737,4.916776422143737,3.0,53.58,3.0,3.0,0.6101558709256879,4.5,1,0.0,2,2,WIN,13.5,0.21,10.29,0.2222222222222222,0.23477460369894668,0.012552381476724467,true,true
m05_joint_grw_raw,ladder_sweep_v1,2026-09-05,2026-09-05T13:35:00.0,16362432,east-fife,ross-county,43,1X2,0.0,home,home,back,1.0,7.4,7.4,0.3776287240507345,0.13139072328584583,0.24623800076488866,588.7489178401195,0.037130624614273154,21.860615060381022,21.860615060381022,22.44,26.44,21.860615060381022,21.860615060381022,1.0,7.4,1,0.0,2,2,LOSE,0.0,0.0,-21.860615060381022,0.13513513513513511,0.15118061601826113,0.016045480883126018,true,true
m05_joint_grw_raw,ladder_sweep_v1,2026-09-05,2026-09-05T13:35:00.0,16362432,east-fife,ross-county,43,OverUnder,2.5,under_25,over_25,lay,1.1627906976744184,1.86,2.1627906976744184,0.5067032370701341,0.4610257896261954,0.0456774474439387,588.7489178401195,0.01449143071928668,8.531814153935096,9.920714132482669,4.14,10.14,9.920714132482669,8.531814153935096,1.0,1.9018698989007257,3,0.02496002844884971,2,2,LOSE,0.0,0.0,-8.531814153935096,0.47420167879096425,0.48941469489414696,0.015213016103182708,true,true
m05_joint_grw_raw,ladder_sweep_v1,2026-09-05,2026-09-05T13:35:00.0,16362433,peterhead,montrose,43,1X2,0.0,home,home,back,1.0,2.4,2.4,0.5531057005994932,0.4091077378748611,0.14399796272463206,588.7489178401195,0.0270630224963318,15.933325208198157,15.933325208198157,15.0,35.71,15.933325208198157,15.933325208198157,1.0,2.398819197864535,2,0.0004920008897770408,0,3,LOSE,0.0,0.0,-15.933325208198157,0.41687176794741976,0.395820139328689,-0.021051628618730778,false,true
m05_joint_grw_raw,ladder_sweep_v1,2026-09-05,2026-09-05T13:35:00.0,16362435,east-kilbride,hamilton-academical,43,1X2,0.0,home,home,back,1.0,2.7599,2.7599,0.4217364518310161,0.35340968514932275,0.06832676668169335,588.7489178401195,0.01270818043455556,7.481927478561565,7.481927478561565,14.04,26.04,7.481927478561565,7.481927478561565,1.0,2.7599,1,0.0,0,1,LOSE,0.0,0.0,-7.481927478561565,0.3623319685495851,0.3013525277618532,-0.06097944078773193,false,true
m05_joint_grw_raw,ladder_sweep_v1,2026-09-05,2026-09-05T13:35:00.0,16362435,east-kilbride,hamilton-academical,43,OverUnder,2.5,under_25,over_25,lay,1.2658227848101264,1.79,2.2658227848101267,0.48146901837633105,0.4315294715447154,0.04993954683161567,588.7489178401195,0.0077114213525311115,4.540090976311882,5.746950602926432,4.0,14.0,5.746950602926432,4.540090976311882,1.0,1.7930280129650344,2,0.002133124337491065,0,1,WIN,10.287041579238316,0.11493901205852866,5.632011590867904,0.4422842293766769,0.4362745098039216,-0.006009719572755312,false,true
m05_joint_grw_raw,ladder_sweep_v1,2026-09-05,2026-09-05T13:35:00.0,16362436,queen-of-the-south,airdrieonians,43,1X2,0.0,draw,draw,back,1.0,3.6,3.6,0.23442992850537053,0.2689624700416405,-0.034532541536269945,588.7489178401195,0.002890454027806707,1.7017516809378133,1.7017516809378133,7.78,18.37,1.7017516809378133,1.7017516809378133,1.0,3.6,1,0.0,2,1,LOSE,0.0,0.0,-1.7017516809378133,0.2777777777777778,0.25392698881620596,-0.023850788961571834,false,true
m05_joint_grw_raw,ladder_sweep_v1,2026-09-05,2026-09-05T13:35:00.0,16362436,queen-of-the-south,airdrieonians,43,1X2,0.0,home,home,back,1.0,3.2,3.2,0.4778079131567148,0.30258277879684553,0.17522513435986925,588.7489178401195,0.031004305715697622,18.253751438501205,18.253751438501205,40.54,146.78,18.253751438501205,18.253751438501205,1.0,3.2,1,0.0,2,1,WIN,58.412004603203854,0.803165063294053,39.3550881014086,0.3125,0.28888795104452414,-0.02361204895547586,false,true
m05_joint_grw_raw,ladder_sweep_v1,2026-09-05,2026-09-05T13:35:00.0,16362602,stirling-albion,the-spartans-fc,43,1X2,0.0,away,away,back,1.0,1.92,1.92,0.5219990749330712,0.5083899642500564,0.013609110683014736,588.7489178401195,0.0026943124543771955,1.58627354183773,1.58627354183773,25.93,33.019999999999996,1.58627354183773,1.58627354183773,1.0,1.9199999999999997,1,1.1564823173178715e-16,0,2,WIN,3.0456452003284413,0.02918743316981423,1.4301842253208972,0.5208333333333334,0.48003317172748156,-0.040800161605851815,false,true
m05_joint_grw_raw,ladder_sweep_v1,2026-09-05,2026-09-05T13:35:00.0,16362602,stirling-albion,the-spartans-fc,43,OverUnder,2.5,under_25,under_25,back,1.0,2.7599,2.7599,0.49062439177635736,0.3566516702021026,0.13397272157425477,588.7489178401195,0.006303690414669021,3.7112909100355203,3.7112909100355203,3.0,42.29,3.7112909100355203,3.7112909100355203,1.0,2.756063687089553,2,0.0013900188088144714,0,2,WIN,10.242791782607032,0.13063001745143024,6.400870855120082,0.36283631785592585,0.36101499423298733,-0.00182132362293852,false,true
m05_joint_grw_raw,ladder_sweep_v1,2026-09-05,2026-09-05T13:35:00.0,16362604,dumbarton,elgin-city,43,1X2,0.0,draw,draw,back,1.0,3.95,3.95,0.24512357694307482,0.24763153091868392,-0.0025079539756091007,588.7489178401195,0.0017024619872077452,1.0023226526324993,1.0023226526324993,2.5299,7.1299,1.0023226526324993,1.0023226526324993,1.0,3.95,1,0.0,2,1,LOSE,0.0,0.0,-1.0023226526324993,0.2531645569620253,0.23741007194244607,-0.015754485019579212,false,true
m05_joint_grw_raw,ladder_sweep_v1,2026-09-05,2026-09-05T13:35:00.0,16362604,dumbarton,elgin-city,43,1X2,0.0,home,home,back,1.0,3.75,3.75,0.34255483702382333,0.2608385459010138,0.08171629112280954,588.7489178401195,0.013282362117107076,7.819976322807389,7.819976322807389,9.75,17.75,7.819976322807389,7.819976322807389,1.0,3.7499999999999996,1,1.1842378929335003e-16,2,1,WIN,29.32491121052771,0.4300986977544064,21.074836189965914,0.2666666666666667,0.2589928057553956,-0.007673860911271091,false,true
m05_joint_grw_raw,ladder_sweep_v1,2026-09-05,2026-09-05T13:35:00.0,16362608,forfar-athletic,stranraer,43,1X2,0.0,home,home,back,1.0,2.86,2.86,0.4657061351316721,0.33874610173136893,0.12696003340030315,588.7489178401195,0.02295466282426128,13.51453289716865,13.51453289716865,8.5,78.92,13.51453289716865,13.51453289716865,1.0,2.8525244163577708,3,0.0026138404343458432,0,3,LOSE,0.0,0.0,-13.51453289716865,0.3505666750003999,0.33836577093280545,-0.012200904067594442,false,true
m05_joint_grw_raw,ladder_sweep_v1,2026-09-05,2026-09-05T13:35:00.0,16362611,kelty-hearts-fc,annan-athletic,43,1X2,0.0,away,away,back,1.0,3.25,3.25,0.39078976206436183,0.30581454483810816,0.08497521722625367,588.7489178401195,0.011937438111591064,7.028153769982638,7.028153769982638,3.08,54.1,7.028153769982638,7.028153769982638,1.0,3.2217212123582253,2,0.008701165428238374,2,1,LOSE,0.0,0.0,-7.028153769982638,0.3103930893101775,0.31420193943486446,0.0038088501246869577,true,true
m05_joint_grw_raw,ladder_sweep_v1,2026-09-05,2026-09-05T13:35:00.0,16362611,kelty-hearts-fc,annan-athletic,43,1X2,0.0,draw,draw,back,1.0,4.1,4.1,0.24629476173500556,0.24241396846923208,0.00388079326577348,588.7489178401195,0.003768756530844386,2.2188513291375154,2.2188513291375154,22.4899,26.4899,2.2188513291375154,2.2188513291375154,1.0,4.1,1,0.0,2,1,LOSE,0.0,0.0,-2.2188513291375154,0.24390243902439027,0.25579260453992175,0.011890165515531487,true,true
m05_joint_grw_raw,ladder_sweep_v1,2026-09-05,2026-09-05T13:35:00.0,16362613,clyde-fc,edinburgh-city-fc,43,1X2,0.0,home,home,back,1.0,1.95,1.95,0.5737816123634484,0.5003671970624236,0.07341441530102477,588.7489178401195,0.01917168007767995,11.287305898911049,11.287305898911049,31.57,154.14,11.287305898911049,11.287305898911049,1.0,1.95,1,0.0,3,2,WIN,22.010246502876544,0.21445881207930992,10.508481791886187,0.5128205128205129,0.5373932545501596,0.02457274172964674,true,true
m05_joint_grw_raw,ladder_sweep_v1,2026-09-05,2026-09-05T13:35:00.0,16362613,clyde-fc,edinburgh-city-fc,43,OverUnder,2.5,under_25,under_25,back,1.0,2.4,2.4,0.47086470220294785,0.41031941031941027,0.06054529188353758,588.7489178401195,0.008918252168691677,5.250611313342524,5.250611313342524,4.0,12.0,5.250611313342524,5.250611313342524,1.0,2.395205885834972,2,0.001997547568761693,3,2,LOSE,0.0,0.0,-5.250611313342524,0.4175006440631715,0.4050785973397823,-0.012422046723389202,false,true
m05_joint_td_raw,ladder_sweep_v1,2026-09-05,2026-09-05T13:35:00.0,16362431,cove-rangers,alloa-athletic,43,1X2,0.0,home,home,back,1.0,3.3,3.3,0.3585629098039693,0.2972341300706399,0.0613287797333294,585.8385783532424,0.009983387946961726,5.848653801996953,5.848653801996953,10.03,25.2299,5.848653801996953,5.848653801996953,1.0,3.3,1,0.0,1,1,LOSE,0.0,0.0,-5.848653801996953,0.30303030303030304,0.29478761849435087,-0.008242684535952172,false,true
m05_joint_td_raw,ladder_sweep_v1,2026-09-05,2026-09-05T13:35:00.0,16362431,cove-rangers,alloa-athletic,43,OverUnder,2.5,under_25,over_25,lay,0.9803921568627451,2.02,1.9803921568627452,0.5278817177090194,0.49484845453636095,0.03303326317265842,585.8385783532424,0.004358424119933982,2.5533329902826054,2.503267637531966,8.0,20.0,2.503267637531966,2.5533329902826054,1.0,2.02,1,0.0,1,1,WIN,5.056600627814571,0.05006535275063933,2.453202284781327,0.504950495049505,0.4981273408239701,-0.0068231542255348665,false,true
m05_joint_td_raw,ladder_sweep_v1,2026-09-05,2026-09-05T13:35:00.0,16362432,east-fife,ross-county,43,1X2,0.0,draw,draw,back,1.0,4.5,4.5,0.25523543505613927,0.2160647449589465,0.03917069009719276,585.8385783532424,0.009114302409688425,5.339509966373398,5.339509966373398,3.0,53.58,3.0,3.0,0.5618493118082152,4.5,1,0.0,2,2,WIN,13.5,0.21,10.29,0.2222222222222222,0.23477460369894668,0.012552381476724467,true,true
m05_joint_td_raw,ladder_sweep_v1,2026-09-05,2026-09-05T13:35:00.0,16362432,east-fife,ross-county,43,1X2,0.0,home,home,back,1.0,7.4,7.4,0.4141421282643105,0.13139072328584583,0.2827514049784647,585.8385783532424,0.042763579952531584,25.05255488468632,25.05255488468632,22.44,26.44,22.44,22.44,0.8957170277957051,7.4,1,0.0,2,2,LOSE,0.0,0.0,-22.44,0.13513513513513511,0.15118061601826113,0.016045480883126018,true,true
m05_joint_td_raw,ladder_sweep_v1,2026-09-05,2026-09-05T13:35:00.0,16362432,east-fife,ross-county,43,OverUnder,2.5,under_25,over_25,lay,1.1627906976744184,1.86,2.1627906976744184,0.49313781831420456,0.4610257896261954,0.032112028688009164,585.8385783532424,0.013515362069924864,7.917820500974118,9.206768024388507,4.14,10.14,9.206768024388507,7.917820500974117,1.0,1.8989755969293207,3,0.023309444746427856,2,2,LOSE,0.0,0.0,-7.917820500974117,0.47340028928385447,0.48941469489414696,0.016014405610292493,true,true
m05_joint_td_raw,ladder_sweep_v1,2026-09-05,2026-09-05T13:35:00.0,16362433,peterhead,montrose,43,1X2,0.0,home,home,back,1.0,2.4,2.4,0.5447858719981161,0.4091077378748611,0.13567813412325502,585.8385783532424,0.026073785950532686,15.275029693546813,15.275029693546813,15.0,35.71,15.275029693546813,15.275029693546813,1.0,2.3996369252085836,2,0.0001512811630901186,0,3,LOSE,0.0,0.0,-15.275029693546813,0.416729710021893,0.395820139328689,-0.020909570693204038,false,true
m05_joint_td_raw,ladder_sweep_v1,2026-09-05,2026-09-05T13:35:00.0,16362435,east-kilbride,hamilton-academical,43,1X2,0.0,home,home,back,1.0,2.7599,2.7599,0.4124516253858301,0.35340968514932275,0.05904194023650733,585.8385783532424,0.011112025948867581,6.509853484508923,6.509853484508923,14.04,26.04,6.509853484508923,6.509853484508923,1.0,2.7599,1,0.0,0,1,LOSE,0.0,0.0,-6.509853484508923,0.3623319685495851,0.3013525277618532,-0.06097944078773193,false,true
m05_joint_td_raw,ladder_sweep_v1,2026-09-05,2026-09-05T13:35:00.0,16362435,east-kilbride,hamilton-academical,43,OverUnder,2.5,under_25,over_25,lay,1.2658227848101264,1.79,2.2658227848101267,0.5016759534345624,0.4315294715447154,0.07014648188984701,585.8385783532424,0.009087259356768608,5.323667102696521,6.738819117337368,4.0,14.0,6.738819117337368,5.323667102696521,1.0,1.7940508091733405,2,0.002849971133338042,0,1,WIN,12.06248622003389,0.13477638234674738,6.604042734990621,0.4426021855753471,0.4362745098039216,-0.006327675771425512,false,true
m05_joint_td_raw,ladder_sweep_v1,2026-09-05,2026-09-05T13:35:00.0,16362436,queen-of-the-south,airdrieonians,43,1X2,0.0,draw,draw,back,1.0,3.6,3.6,0.24207322766641248,0.2689624700416405,-0.026889242375227995,585.8385783532424,0.002277899448406888,1.3344813744863262,1.3344813744863262,7.78,18.37,1.3344813744863262,1.3344813744863262,1.0,3.6,1,0.0,2,1,LOSE,0.0,0.0,-1.3344813744863262,0.2777777777777778,0.25392698881620596,-0.023850788961571834,false,true
m05_joint_td_raw,ladder_sweep_v1,2026-09-05,2026-09-05T13:35:00.0,16362436,queen-of-the-south,airdrieonians,43,1X2,0.0,home,home,back,1.0,3.2,3.2,0.4493027192684664,0.30258277879684553,0.14671994047162085,585.8385783532424,0.025712083406558728,15.063130389398358,15.063130389398358,40.54,146.78,15.063130389398358,15.063130389398358,1.0,3.1999999999999997,1,1.3877787807814457e-16,2,1,WIN,48.20201724607475,0.6627777371335278,32.47610911954286,0.3125,0.28888795104452414,-0.02361204895547586,false,true
m05_joint_td_raw,ladder_sweep_v1,2026-09-05,2026-09-05T13:35:00.0,16362602,stirling-albion,the-spartans-fc,43,1X2,0.0,home,home,back,1.0,3.85,3.85,0.2874638937507625,0.2535347354182099,0.033929158332552556,585.8385783532424,0.003500433267438899,2.0506888490167996,2.0506888490167996,7.6,12.6,2.0506888490167996,2.0506888490167996,1.0,3.8499999999999996,1,1.1534784671430197e-16,0,2,LOSE,0.0,0.0,-2.0506888490167996,0.25974025974025977,0.28664837968869605,0.026908119948436282,true,true
m05_joint_td_raw,ladder_sweep_v1,2026-09-05,2026-09-05T13:35:00.0,16362602,stirling-albion,the-spartans-fc,43,OverUnder,2.5,under_25,under_25,back,1.0,2.7599,2.7599,0.4698664528282697,0.3566516702021026,0.11321478262616713,585.8385783532424,0.004900550218328854,2.8709313730544475,2.8709313730544475,3.0,42.29,2.8709313730544475,2.8709313730544475,1.0,2.7599,1,0.0,0,2,WIN,7.9234834964929695,0.10105104246877045,4.951501080969751,0.3623319685495851,0.36101499423298733,-0.0013169743165977743,false,true
m05_joint_td_raw,ladder_sweep_v1,2026-09-05,2026-09-05T13:35:00.0,16362604,dumbarton,elgin-city,43,1X2,0.0,draw,draw,back,1.0,3.95,3.95,0.24941766088369718,0.24763153091868392,0.0017861299650132612,585.8385783532424,0.0035074479494464537,2.0547983203517055,2.0547983203517055,2.5299,7.1299,2.0547983203517055,2.0547983203517055,1.0,3.9500000000000006,1,-1.1242764806330697e-16,2,1,LOSE,0.0,0.0,-2.0547983203517055,0.2531645569620253,0.23741007194244607,-0.015754485019579212,false,true
m05_joint_td_raw,ladder_sweep_v1,2026-09-05,2026-09-05T13:35:00.0,16362604,dumbarton,elgin-city,43,1X2,0.0,home,home,back,1.0,3.75,3.75,0.3755199896219129,0.2608385459010138,0.11468144372089911,585.8385783532424,0.020130562935183616,11.793260371398443,11.793260371398443,9.75,17.75,11.793260371398443,11.793260371398443,1.0,3.7412406123745248,2,0.002335836700126729,2,1,WIN,44.22472639274416,0.6486293204269145,31.782836700918807,0.2672910148287177,0.2589928057553956,-0.008298209073322071,false,true
m05_joint_td_raw,ladder_sweep_v1,2026-09-05,2026-09-05T13:35:00.0,16362604,dumbarton,elgin-city,43,OverUnder,2.5,under_25,under_25,back,1.0,2.24,2.24,0.4587377129498476,0.43859649122807015,0.020141221721777458,585.8385783532424,0.0023554015944427234,1.3798851215392853,1.3798851215392853,5.0,14.0,1.3798851215392853,1.3798851215392853,1.0,2.24,1,0.0,2,1,LOSE,0.0,0.0,-1.3798851215392853,0.4464285714285714,0.4289268250836407,-0.01750174634493068,false,true
m05_joint_td_raw,ladder_sweep_v1,2026-09-05,2026-09-05T13:35:00.0,16362608,forfar-athletic,stranraer,43,1X2,0.0,draw,draw,back,1.0,3.5,3.5,0.2496016603916995,0.2768039574147757,-0.027202297023076194,585.8385783532424,0.001956311951467696,1.1460830124632924,1.1460830124632924,3.0,10.23,1.1460830124632924,1.1460830124632924,1.0,3.5,1,0.0,0,3,LOSE,0.0,0.0,-1.1460830124632924,0.2857142857142857,0.2697718935600326,-0.015942392154253082,false,true
m05_joint_td_raw,ladder_sweep_v1,2026-09-05,2026-09-05T13:35:00.0,16362608,forfar-athletic,stranraer,43,1X2,0.0,home,home,back,1.0,2.86,2.86,0.4749547642538412,0.33874610173136893,0.13620866252247227,585.8385783532424,0.0251856510568441,14.754726010042383,14.754726010042383,8.5,78.92,14.754726010042383,14.754726010042383,1.0,2.849761758365855,3,0.003579804767183526,0,3,LOSE,0.0,0.0,-14.754726010042383,0.35090652650677445,0.33836577093280545,-0.012540755573968998,false,true
m05_joint_td_raw,ladder_sweep_v1,2026-09-05,2026-09-05T13:35:00.0,16362611,kelty-hearts-fc,annan-athletic,43,1X2,0.0,away,away,back,1.0,3.25,3.25,0.37448229183330994,0.30581454483810816,0.06866774699520178,585.8385783532424,0.00951704965265596,5.575454838629187,5.575454838629187,3.08,54.1,5.575454838629187,5.575454838629187,1.0,3.227429240785182,2,0.006944848989174801,2,1,LOSE,0.0,0.0,-5.575454838629187,0.30984412837404796,0.31420193943486446,0.004357811060816508,true,true
m05_joint_td_raw,ladder_sweep_v1,2026-09-05,2026-09-05T13:35:00.0,16362611,kelty-hearts-fc,annan-athletic,43,1X2,0.0,draw,draw,back,1.0,4.1,4.1,0.24696601699013293,0.24241396846923208,0.004552048520900853,585.8385783532424,0.0030515278756183843,1.7877027524575642,1.7877027524575642,22.4899,26.4899,1.7877027524575642,1.7877027524575642,1.0,4.1,1,0.0,2,1,LOSE,0.0,0.0,-1.7877027524575642,0.24390243902439027,0.25579260453992175,0.011890165515531487,true,true
m05_joint_td_raw,ladder_sweep_v1,2026-09-05,2026-09-05T13:35:00.0,16362613,clyde-fc,edinburgh-city-fc,43,1X2,0.0,home,home,back,1.0,1.95,1.95,0.5511159922387379,0.5003671970624236,0.050748795176314254,585.8385783532424,0.01201453734360654,7.038579476950396,7.038579476950396,31.57,154.14,7.038579476950396,7.038579476950396,1.0,1.95,1,0.0,3,2,WIN,13.725229980053271,0.1337330100620575,6.552917493040819,0.5128205128205129,0.5373932545501596,0.02457274172964674,true,true
m05_joint_td_raw,ladder_sweep_v1,2026-09-05,2026-09-05T13:35:00.0,16362613,clyde-fc,edinburgh-city-fc,43,OverUnder,2.5,under_25,under_25,back,1.0,2.4,2.4,0.4703275097561911,0.41031941031941027,0.060008099436780815,585.8385783532424,0.00873449782221159,5.117005786793929,5.117005786793929,4.0,12.0,5.117005786793929,5.117005786793929,1.0,2.3956055162994083,2,0.0018310348752464956,3,2,LOSE,0.0,0.0,-5.117005786793929,0.41743099738088,0.4050785973397823,-0.012352400041097722,false,true
m05_wealth_grw_raw,ladder_sweep_v1,2026-09-05,2026-09-05T13:35:00.0,16362431,cove-rangers,alloa-athletic,43,1X2,0.0,home,home,back,1.0,3.3,3.3,0.3320067327552988,0.2972341300706399,0.03477260268465887,587.9819847450078,0.005177716497643343,3.0444040227313036,3.0444040227313036,10.03,25.2299,3.0444040227313036,3.0444040227313036,1.0,3.3,1,0.0,1,1,LOSE,0.0,0.0,-3.0444040227313036,0.30303030303030304,0.29478761849435087,-0.008242684535952172,false,true
m05_wealth_grw_raw,ladder_sweep_v1,2026-09-05,2026-09-05T13:35:00.0,16362431,cove-rangers,alloa-athletic,43,OverUnder,2.5,under_25,over_25,lay,0.9803921568627451,2.02,1.9803921568627452,0.5632307737499687,0.49484845453636095,0.06838231921360771,587.9819847450078,0.007550961947158426,4.43982959242424,4.352774110219843,8.0,20.0,4.352774110219843,4.43982959242424,1.0,2.02,1,0.0,1,1,WIN,8.792603702644083,0.08705548220439686,4.265718628015446,0.504950495049505,0.4981273408239701,-0.0068231542255348665,false,true
m05_wealth_grw_raw,ladder_sweep_v1,2026-09-05,2026-09-05T13:35:00.0,16362432,east-fife,ross-county,43,1X2,0.0,draw,draw,back,1.0,4.5,4.5,0.2585896043538474,0.2160647449589465,0.042524859394900916,587.9819847450078,0.008283701068067004,4.870666995036379,4.870666995036379,3.0,53.58,3.0,3.0,0.615932069069237,4.5,1,0.0,2,2,WIN,13.5,0.21,10.29,0.2222222222222222,0.23477460369894668,0.012552381476724467,true,true
m05_wealth_grw_raw,ladder_sweep_v1,2026-09-05,2026-09-05T13:35:00.0,16362432,east-fife,ross-county,43,1X2,0.0,home,home,back,1.0,7.4,7.4,0.3759559717377304,0.13139072328584583,0.24456524845188454,587.9819847450078,0.036753898012740045,21.61062990064649,21.61062990064649,22.44,26.44,21.61062990064649,21.61062990064649,1.0,7.400000000000001,1,-1.2002411077028718e-16,2,2,LOSE,0.0,0.0,-21.61062990064649,0.13513513513513511,0.15118061601826113,0.016045480883126018,true,true
m05_wealth_grw_raw,ladder_sweep_v1,2026-09-05,2026-09-05T13:35:00.0,16362432,east-fife,ross-county,43,OverUnder,2.5,under_25,over_25,lay,1.1627906976744184,1.86,2.1627906976744184,0.507541576302062,0.4610257896261954,0.04651578667586659,587.9819847450078,0.014490313624849396,8.520043364716576,9.907027168275087,4.14,10.14,9.907027168275087,8.520043364716576,1.0,1.9018182573807203,3,0.024930670777232152,2,2,LOSE,0.0,0.0,-8.520043364716576,0.4741874013885794,0.48941469489414696,0.015227293505567563,true,true
m05_wealth_grw_raw,ladder_sweep_v1,2026-09-05,2026-09-05T13:35:00.0,16362433,peterhead,montrose,43,1X2,0.0,home,home,back,1.0,2.4,2.4,0.554152609017422,0.4091077378748611,0.14504487114256093,587.9819847450078,0.027130038100482486,15.951973648529373,15.951973648529373,15.0,35.71,15.951973648529373,15.951973648529373,1.0,2.3987970237776723,2,0.0005012400926364865,0,3,LOSE,0.0,0.0,-15.951973648529373,0.41687562144177603,0.395820139328689,-0.021055482113087054,false,true
m05_wealth_grw_raw,ladder_sweep_v1,2026-09-05,2026-09-05T13:35:00.0,16362435,east-kilbride,hamilton-academical,43,1X2,0.0,home,home,back,1.0,2.7599,2.7599,0.4222633668040379,0.35340968514932275,0.06885368165471517,587.9819847450078,0.01274803843887827,7.495616942897296,7.495616942897296,14.04,26.04,7.495616942897296,7.495616942897296,1.0,2.7599,1,0.0,0,1,LOSE,0.0,0.0,-7.495616942897296,0.3623319685495851,0.3013525277618532,-0.06097944078773193,false,true
m05_wealth_grw_raw,ladder_sweep_v1,2026-09-05,2026-09-05T13:35:00.0,16362435,east-kilbride,hamilton-academical,43,OverUnder,2.5,under_25,over_25,lay,1.2658227848101264,1.79,2.2658227848101267,0.4801621777501589,0.4315294715447154,0.04863270620544352,587.9819847450078,0.007580244365744929,4.457047127022866,5.6418318063580575,4.0,14.0,5.6418318063580575,4.457047127022866,1.0,1.7928986231640514,2,0.0020423071782966202,0,1,WIN,10.098878933380925,0.11283663612716119,5.528995170230898,0.4422439801781814,0.4362745098039216,-0.005969470374259822,false,true
m05_wealth_grw_raw,ladder_sweep_v1,2026-09-05,2026-09-05T13:35:00.0,16362436,queen-of-the-south,airdrieonians,43,1X2,0.0,draw,draw,back,1.0,3.6,3.6,0.23421599817059527,0.2689624700416405,-0.03474647187104521,587.9819847450078,0.00286196578974395,1.6827843253259616,1.6827843253259616,7.78,18.37,1.6827843253259616,1.6827843253259616,1.0,3.6,1,0.0,2,1,LOSE,0.0,0.0,-1.6827843253259616,0.2777777777777778,0.25392698881620596,-0.023850788961571834,false,true
m05_wealth_grw_raw,ladder_sweep_v1,2026-09-05,2026-09-05T13:35:00.0,16362436,queen-of-the-south,airdrieonians,43,1X2,0.0,home,home,back,1.0,3.2,3.2,0.47802527982059223,0.30258277879684553,0.1754425010237467,587.9819847450078,0.030914601721485854,18.177228877800687,18.177228877800687,40.54,146.78,18.177228877800687,18.177228877800687,1.0,3.2,1,0.0,2,1,WIN,58.1671324089622,0.7997980706232304,39.190105460538284,0.3125,0.28888795104452414,-0.02361204895547586,false,true
m05_wealth_grw_raw,ladder_sweep_v1,2026-09-05,2026-09-05T13:35:00.0,16362602,stirling-albion,the-spartans-fc,43,1X2,0.0,away,away,back,1.0,1.92,1.92,0.5220338746989419,0.5083899642500564,0.013643910448885466,587.9819847450078,0.002687963104528687,1.5804738811221304,1.5804738811221304,25.93,33.019999999999996,1.5804738811221304,1.5804738811221304,1.0,1.92,1,0.0,0,2,WIN,3.03450985175449,0.029080719412647196,1.4249552512197126,0.5208333333333334,0.48003317172748156,-0.040800161605851815,false,true
m05_wealth_grw_raw,ladder_sweep_v1,2026-09-05,2026-09-05T13:35:00.0,16362602,stirling-albion,the-spartans-fc,43,OverUnder,2.5,under_25,under_25,back,1.0,2.7599,2.7599,0.490214502912111,0.3566516702021026,0.1335628327100084,587.9819847450078,0.006248612704941807,3.6740717001545558,3.6740717001545558,3.0,42.29,3.6740717001545558,3.6740717001545558,1.0,2.756227379761413,2,0.0013307077207822943,0,2,WIN,10.140070485256558,0.12931997570204007,6.336678809399963,0.36281476896385917,0.36101499423298733,-0.0017997747308718393,false,true
m05_wealth_grw_raw,ladder_sweep_v1,2026-09-05,2026-09-05T13:35:00.0,16362604,dumbarton,elgin-city,43,1X2,0.0,home,home,back,1.0,3.75,3.75,0.34194702686738937,0.2608385459010138,0.08110848096637557,587.9819847450078,0.013099526065847678,7.702285335416082,7.702285335416082,9.75,17.75,7.702285335416082,7.702285335416082,1.0,3.75,1,0.0,2,1,WIN,28.88357000781031,0.42362569344788453,20.757658978946342,0.26666666666666666,0.2589928057553956,-0.007673860911271035,false,true
m05_wealth_grw_raw,ladder_sweep_v1,2026-09-05,2026-09-05T13:35:00.0,16362608,forfar-athletic,stranraer,43,1X2,0.0,home,home,back,1.0,2.86,2.86,0.4642418678476279,0.33874610173136893,0.12549576611625896,587.9819847450078,0.0225039621530405,13.231924331371292,13.231924331371292,8.5,78.92,13.231924331371292,13.231924331371292,1.0,2.8528154410158324,2,0.0025120835608977194,0,3,LOSE,0.0,0.0,-13.231924331371292,0.3505309125934622,0.33836577093280545,-0.012165141660656742,false,true
m05_wealth_grw_raw,ladder_sweep_v1,2026-09-05,2026-09-05T13:35:00.0,16362611,kelty-hearts-fc,annan-athletic,43,1X2,0.0,away,away,back,1.0,3.25,3.25,0.3925015515507851,0.30581454483810816,0.08668700671267693,587.9819847450078,0.012142964935880015,7.139844623687768,7.139844623687768,3.08,54.1,7.139844623687768,7.139844623687768,1.0,3.2213791504010256,2,0.008806415261222885,2,1,LOSE,0.0,0.0,-7.139844623687768,0.31042604838226234,0.31420193943486446,0.0037758910526021205,true,true
m05_wealth_grw_raw,ladder_sweep_v1,2026-09-05,2026-09-05T13:35:00.0,16362611,kelty-hearts-fc,annan-athletic,43,1X2,0.0,draw,draw,back,1.0,4.1,4.1,0.24605314682436993,0.24241396846923208,0.0036391783551378565,587.9819847450078,0.0038083501776862527,2.239241296079966,2.239241296079966,22.4899,26.4899,2.239241296079966,2.239241296079966,1.0,4.1,1,0.0,2,1,LOSE,0.0,0.0,-2.239241296079966,0.24390243902439027,0.25579260453992175,0.011890165515531487,true,true
m05_wealth_grw_raw,ladder_sweep_v1,2026-09-05,2026-09-05T13:35:00.0,16362613,clyde-fc,edinburgh-city-fc,43,1X2,0.0,home,home,back,1.0,1.95,1.95,0.5751398948909238,0.5003671970624236,0.07477269782850016,587.9819847450078,0.019428130371855475,11.42339065592835,11.42339065592835,31.57,154.14,11.42339065592835,11.42339065592835,1.0,1.95,1,0.0,3,2,WIN,22.27561177906028,0.21704442246263864,10.635176700669293,0.5128205128205129,0.5373932545501596,0.02457274172964674,true,true
m05_wealth_grw_raw,ladder_sweep_v1,2026-09-05,2026-09-05T13:35:00.0,16362613,clyde-fc,edinburgh-city-fc,43,OverUnder,2.5,under_25,under_25,back,1.0,2.4,2.4,0.46964642418721814,0.41031941031941027,0.059327013867807865,587.9819847450078,0.008780258653292787,5.162633909537623,5.162633909537623,4.0,12.0,5.162633909537623,5.162633909537623,1.0,2.3954666961225426,2,0.0018888766156072156,3,2,LOSE,0.0,0.0,-5.162633909537623,0.4174551880093615,0.4050785973397823,-0.01237659066957919,false,true
m10_lineup_grw_raw,ladder_sweep_v1,2026-09-05,2026-09-05T13:35:00.0,16362431,cove-rangers,alloa-athletic,43,1X2,0.0,home,home,back,1.0,3.3,3.3,0.36053645069268214,0.2972341300706399,0.06330232062204222,502.8044379642113,0.012388710908957181,6.2290988256793085,6.2290988256793085,10.03,25.2299,6.2290988256793085,6.2290988256793085,1.0,3.3,1,0.0,1,1,LOSE,0.0,0.0,-6.2290988256793085,0.30303030303030304,0.29478761849435087,-0.008242684535952172,false,true
m10_lineup_grw_raw,ladder_sweep_v1,2026-09-05,2026-09-05T13:35:00.0,16362431,cove-rangers,alloa-athletic,43,OverUnder,2.5,under_25,over_25,lay,0.9803921568627451,2.02,1.9803921568627452,0.5950471851434466,0.49484845453636095,0.10019873060708562,502.8044379642113,0.012404398758901411,6.2369867462533835,6.114692888483709,8.0,20.0,6.114692888483709,6.2369867462533835,1.0,2.02,1,0.0,1,1,WIN,12.351679634737092,0.12229385776967419,5.992399030714036,0.504950495049505,0.4981273408239701,-0.0068231542255348665,false,true
m10_lineup_grw_raw,ladder_sweep_v1,2026-09-05,2026-09-05T13:35:00.0,16362432,east-fife,ross-county,43,1X2,0.0,draw,draw,back,1.0,4.5,4.5,0.2567696373431204,0.2160647449589465,0.04070489238417391,502.8044379642113,0.008779583893981981,4.414413745373252,4.414413745373252,3.0,53.58,3.0,3.0,0.6795919397324958,4.5,1,0.0,2,2,WIN,13.5,0.21,10.29,0.2222222222222222,0.23477460369894668,0.012552381476724467,true,true
m10_lineup_grw_raw,ladder_sweep_v1,2026-09-05,2026-09-05T13:35:00.0,16362432,east-fife,ross-county,43,1X2,0.0,home,home,back,1.0,7.4,7.4,0.37858986139810324,0.13139072328584583,0.2471991381122574,502.8044379642113,0.03951211070084604,19.86686461371859,19.86686461371859,22.44,26.44,19.86686461371859,19.86686461371859,1.0,7.4,1,0.0,2,2,LOSE,0.0,0.0,-19.86686461371859,0.13513513513513511,0.15118061601826113,0.016045480883126018,true,true
m10_lineup_grw_raw,ladder_sweep_v1,2026-09-05,2026-09-05T13:35:00.0,16362432,east-fife,ross-county,43,OverUnder,2.5,under_25,over_25,lay,1.1627906976744184,1.86,2.1627906976744184,0.5014268488722272,0.4610257896261954,0.04040105924603182,502.8044379642113,0.014530302354846484,7.305900508978642,8.495233149975164,4.14,10.14,8.495233149975164,7.305900508978642,1.0,1.8956181258389189,3,0.02138135603607488,2,2,LOSE,0.0,0.0,-7.305900508978642,0.47246758913668696,0.48941469489414696,0.01694710575746,true,true
m10_lineup_grw_raw,ladder_sweep_v1,2026-09-05,2026-09-05T13:35:00.0,16362433,peterhead,montrose,43,1X2,0.0,away,away,back,1.0,3.25,3.25,0.2992292350849209,0.30211032950758976,-0.002881094422668873,502.8044379642113,0.002186673801156291,1.0994692916014543,1.0994692916014543,10.08,29.25,1.0994692916014543,1.0994692916014543,1.0,3.25,1,0.0,0,3,WIN,3.573275197704727,0.04947611812206545,2.424329787981207,0.3076923076923077,0.31918936035465484,0.01149705266234713,true,true
m10_lineup_grw_raw,ladder_sweep_v1,2026-09-05,2026-09-05T13:35:00.0,16362433,peterhead,montrose,43,1X2,0.0,home,home,back,1.0,2.4,2.4,0.470660467218907,0.4091077378748611,0.061552729344045876,502.8044379642113,0.012084601194520397,6.076191111632464,6.076191111632464,15.0,35.71,6.076191111632464,6.076191111632464,1.0,2.4,1,0.0,0,3,LOSE,0.0,0.0,-6.076191111632464,0.4166666666666667,0.395820139328689,-0.020846527337977705,false,true
m10_lineup_grw_raw,ladder_sweep_v1,2026-09-05,2026-09-05T13:35:00.0,16362435,east-kilbride,hamilton-academical,43,1X2,0.0,home,home,back,1.0,2.7599,2.7599,0.414270350898889,0.35340968514932275,0.06086066574956622,502.8044379642113,0.011629015423563939,5.847120564122211,5.847120564122211,14.04,26.04,5.847120564122211,5.847120564122211,1.0,2.7599,1,0.0,0,1,LOSE,0.0,0.0,-5.847120564122211,0.3623319685495851,0.3013525277618532,-0.06097944078773193,false,true
m10_lineup_grw_raw,ladder_sweep_v1,2026-09-05,2026-09-05T13:35:00.0,16362435,east-kilbride,hamilton-academical,43,OverUnder,2.5,under_25,over_25,lay,1.2658227848101264,1.79,2.2658227848101267,0.48660988871382715,0.4315294715447154,0.05508041716911177,502.8044379642113,0.008997348119810705,4.523906564549775,5.726464005759208,4.0,14.0,5.726464005759208,4.523906564549774,1.0,1.7930031674264733,2,0.0021156878491070366,0,1,WIN,10.250370570308982,0.11452928011518416,5.611934725644024,0.44227650114231737,0.4362745098039216,-0.006001991338395796,false,true
m10_lineup_grw_raw,ladder_sweep_v1,2026-09-05,2026-09-05T13:35:00.0,16362436,queen-of-the-south,airdrieonians,43,1X2,0.0,draw,draw,back,1.0,3.6,3.6,0.2467127038016952,0.2689624700416405,-0.02224976623994529,502.8044379642113,0.002248702183752233,1.1306574376504361,1.1306574376504361,7.78,18.37,1.1306574376504361,1.1306574376504361,1.0,3.5999999999999996,1,1.2335811384723962e-16,2,1,LOSE,0.0,0.0,-1.1306574376504361,0.2777777777777778,0.25392698881620596,-0.023850788961571834,false,true
m10_lineup_grw_raw,ladder_sweep_v1,2026-09-05,2026-09-05T13:35:00.0,16362436,queen-of-the-south,airdrieonians,43,1X2,0.0,home,home,back,1.0,3.2,3.2,0.44138432925495774,0.30258277879684553,0.1388015504581122,502.8044379642113,0.025918781994508512,13.032078613465771,13.032078613465771,40.54,146.78,13.032078613465771,13.032078613465771,1.0,3.2,1,0.0,2,1,WIN,41.70265156309047,0.573411458992494,28.097161490632203,0.3125,0.28888795104452414,-0.02361204895547586,false,true
m10_lineup_grw_raw,ladder_sweep_v1,2026-09-05,2026-09-05T13:35:00.0,16362436,queen-of-the-south,airdrieonians,43,OverUnder,2.5,under_25,over_25,lay,1.1235955056179776,1.89,2.1235955056179776,0.46845011534559605,0.4682497256843823,0.00020038966121377344,502.8044379642113,0.001817714565840542,0.913954950656814,1.0269156748952968,13.32,22.32,1.0269156748952968,0.9139549506568141,1.0,1.8900000000000001,1,2.0912137395055857e-16,2,1,LOSE,0.0,0.0,-0.9139549506568141,0.470899470899471,0.45792079207920794,-0.012978678820263045,false,true
m10_lineup_grw_raw,ladder_sweep_v1,2026-09-05,2026-09-05T13:35:00.0,16362602,stirling-albion,the-spartans-fc,43,1X2,0.0,home,home,back,1.0,3.85,3.85,0.3257636413158026,0.2535347354182099,0.07222890589759268,502.8044379642113,0.011578472054310725,5.821707133752031,5.821707133752031,7.6,12.6,5.821707133752031,5.821707133752031,1.0,3.85,1,0.0,0,2,LOSE,0.0,0.0,-5.821707133752031,0.2597402597402597,0.28664837968869605,0.026908119948436338,true,true
m10_lineup_grw_raw,ladder_sweep_v1,2026-09-05,2026-09-05T13:35:00.0,16362602,stirling-albion,the-spartans-fc,43,OverUnder,2.5,under_25,under_25,back,1.0,2.7599,2.7599,0.4764349250972467,0.3566516702021026,0.11978325489514413,502.8044379642113,0.005964782696345275,2.9991192112145386,2.9991192112145386,3.0,42.29,2.9991192112145386,2.9991192112145386,1.0,2.7599,1,0.0,0,2,WIN,8.277269111031005,0.10556299799632933,5.172586901820138,0.3623319685495851,0.36101499423298733,-0.0013169743165977743,false,true
m10_lineup_grw_raw,ladder_sweep_v1,2026-09-05,2026-09-05T13:35:00.0,16362604,dumbarton,elgin-city,43,1X2,0.0,draw,draw,back,1.0,3.95,3.95,0.24329407558712474,0.24763153091868392,-0.004337455331559187,502.8044379642113,0.003215051911628727,1.6165423694522452,1.6165423694522452,2.5299,7.1299,1.6165423694522452,1.6165423694522452,1.0,3.95,1,0.0,2,1,LOSE,0.0,0.0,-1.6165423694522452,0.2531645569620253,0.23741007194244607,-0.015754485019579212,false,true
m10_lineup_grw_raw,ladder_sweep_v1,2026-09-05,2026-09-05T13:35:00.0,16362604,dumbarton,elgin-city,43,1X2,0.0,home,home,back,1.0,3.75,3.75,0.3784102726360575,0.2608385459010138,0.11757172673504368,502.8044379642113,0.021437768376416935,10.77900507971126,10.77900507971126,9.75,17.75,10.77900507971126,10.77900507971126,1.0,3.74516853888223,2,0.0012883896314053326,2,1,WIN,40.421269048917225,0.5928452793841192,29.049418689821845,0.26701068045884435,0.2589928057553956,-0.008017874703448724,false,true
m10_lineup_grw_raw,ladder_sweep_v1,2026-09-05,2026-09-05T13:35:00.0,16362608,forfar-athletic,stranraer,43,1X2,0.0,home,home,back,1.0,2.86,2.86,0.3992943922035361,0.33874610173136893,0.06054829047216714,502.8044379642113,0.011041591620246373,5.551761268848322,5.551761268848322,8.5,78.92,5.551761268848322,5.551761268848322,1.0,2.86,1,0.0,0,3,LOSE,0.0,0.0,-5.551761268848322,0.3496503496503497,0.33836577093280545,-0.011284578717544236,false,true
m10_lineup_grw_raw,ladder_sweep_v1,2026-09-05,2026-09-05T13:35:00.0,16362608,forfar-athletic,stranraer,43,OverUnder,2.5,under_25,over_25,lay,1.0,2.0,2.0,0.5589830312434435,0.49109414758269715,0.06788888366074636,502.8044379642113,0.010004382145231265,5.030247741712197,5.030247741712197,1.0,14.0,5.030247741712197,5.030247741712197,1.0,2.015992260492906,2,0.007870266888227784,0,3,LOSE,0.0,0.0,-5.030247741712197,0.5039663496746253,0.49186483103879847,-0.012101518635826813,false,true
m10_lineup_grw_raw,ladder_sweep_v1,2026-09-05,2026-09-05T13:35:00.0,16362611,kelty-hearts-fc,annan-athletic,43,1X2,0.0,away,away,back,1.0,3.25,3.25,0.33938388427963034,0.30581454483810816,0.033569339441522184,502.8044379642113,0.004401714449455954,2.213201559837649,2.213201559837649,3.08,54.1,2.213201559837649,2.213201559837649,1.0,3.25,1,0.0,2,1,LOSE,0.0,0.0,-2.213201559837649,0.3076923076923077,0.31420193943486446,0.006509631742556754,true,true
m10_lineup_grw_raw,ladder_sweep_v1,2026-09-05,2026-09-05T13:35:00.0,16362613,clyde-fc,edinburgh-city-fc,43,1X2,0.0,home,home,back,1.0,1.95,1.95,0.581259813741226,0.5003671970624236,0.08089261667880243,502.8044379642113,0.019768321608604107,9.939599835909961,9.939599835909961,31.57,154.14,9.939599835909961,9.939599835909961,1.0,1.95,1,0.0,3,2,WIN,19.382219680024424,0.18885239688228925,9.253767447232173,0.5128205128205129,0.5373932545501596,0.02457274172964674,true,true
m10_lineup_grw_raw,ladder_sweep_v1,2026-09-05,2026-09-05T13:35:00.0,16362613,clyde-fc,edinburgh-city-fc,43,OverUnder,2.5,under_25,under_25,back,1.0,2.4,2.4,0.4279725067583794,0.41031941031941027,0.017653096438969118,502.8044379642113,0.004115657560210067,2.0693708864145797,2.0693708864145797,4.0,12.0,2.0693708864145797,2.0693708864145797,1.0,2.4,1,0.0,3,2,LOSE,0.0,0.0,-2.0693708864145797,0.4166666666666667,0.4050785973397823,-0.011588069326884387,false,true
m12_hybrid_grw_cal_optB,ladder_sweep_v1,2026-09-05,2026-09-05T13:35:00.0,16362431,cove-rangers,alloa-athletic,43,1X2,0.0,home,home,back,1.0,3.3,3.3,0.32543896531914185,0.2972341300706399,0.028204835248501925,503.98289476241536,0.005522061973630529,2.7830247785277704,2.7830247785277704,10.03,25.2299,2.7830247785277704,2.7830247785277704,1.0,3.3,1,0.0,1,1,LOSE,0.0,0.0,-2.7830247785277704,0.30303030303030304,0.29478761849435087,-0.008242684535952172,false,true
m12_hybrid_grw_cal_optB,ladder_sweep_v1,2026-09-05,2026-09-05T13:35:00.0,16362431,cove-rangers,alloa-athletic,43,OverUnder,2.5,under_25,over_25,lay,0.9803921568627451,2.02,1.9803921568627452,0.5232748406031583,0.49484845453636095,0.02842638606679737,503.98289476241536,0.003808741386496272,1.9195405093678066,1.8819024601645162,8.0,20.0,1.8819024601645162,1.9195405093678066,1.0,2.02,1,0.0,1,1,WIN,3.801442969532323,0.03763804920329033,1.844264410961226,0.504950495049505,0.4981273408239701,-0.0068231542255348665,false,true
m12_hybrid_grw_cal_optB,ladder_sweep_v1,2026-09-05,2026-09-05T13:35:00.0,16362432,east-fife,ross-county,43,1X2,0.0,draw,draw,back,1.0,4.5,4.5,0.2566643285292838,0.2160647449589465,0.04059958357033727,503.98289476241536,0.011604329244373733,5.848383444355626,5.848383444355626,3.0,53.58,3.0,3.0,0.5129622618871461,4.5,1,0.0,2,2,WIN,13.5,0.21,10.29,0.2222222222222222,0.23477460369894668,0.012552381476724467,true,true
m12_hybrid_grw_cal_optB,ladder_sweep_v1,2026-09-05,2026-09-05T13:35:00.0,16362432,east-fife,ross-county,43,1X2,0.0,home,home,back,1.0,7.4,7.4,0.34664133396859803,0.13139072328584583,0.2152506106827522,503.98289476241536,0.05227510532968585,26.345758908065243,26.345758908065243,22.44,26.44,22.44,22.44,0.851749994308588,7.4,1,0.0,2,2,LOSE,0.0,0.0,-22.44,0.13513513513513511,0.15118061601826113,0.016045480883126018,true,true
m12_hybrid_grw_cal_optB,ladder_sweep_v1,2026-09-05,2026-09-05T13:35:00.0,16362432,east-fife,ross-county,43,OverUnder,2.5,under_25,over_25,lay,1.1627906976744184,1.86,2.1627906976744184,0.4941175315018289,0.4610257896261954,0.03309174187563352,503.98289476241536,0.022250870712712253,11.214058232776969,13.039602596252287,4.14,10.14,10.14,8.720400000000001,0.7776310608510676,1.9026786303941428,3,0.025419345755294784,2,2,LOSE,0.0,0.0,-8.720400000000001,0.474425168798554,0.48941469489414696,0.014989526095592953,true,true
m12_hybrid_grw_cal_optB,ladder_sweep_v1,2026-09-05,2026-09-05T13:35:00.0,16362433,peterhead,montrose,43,1X2,0.0,home,home,back,1.0,2.4,2.4,0.4575863269423335,0.4091077378748611,0.04847858906747238,503.98289476241536,0.013579087524595463,6.843627838877822,6.843627838877822,15.0,35.71,6.843627838877822,6.843627838877822,1.0,2.4,1,0.0,0,3,LOSE,0.0,0.0,-6.843627838877822,0.4166666666666667,0.395820139328689,-0.020846527337977705,false,true
m12_hybrid_grw_cal_optB,ladder_sweep_v1,2026-09-05,2026-09-05T13:35:00.0,16362436,queen-of-the-south,airdrieonians,43,1X2,0.0,home,home,back,1.0,3.2,3.2,0.3551405993642162,0.30258277879684553,0.05255782056737068,503.98289476241536,0.011342011578907098,5.716179827966433,5.716179827966433,40.54,146.78,5.716179827966433,5.716179827966433,1.0,3.2,1,0.0,2,1,WIN,18.291775449492587,0.25151191243052307,12.32408370909563,0.3125,0.28888795104452414,-0.02361204895547586,false,true
m12_hybrid_grw_cal_optB,ladder_sweep_v1,2026-09-05,2026-09-05T13:35:00.0,16362604,dumbarton,elgin-city,43,1X2,0.0,home,home,back,1.0,3.75,3.75,0.2985970095115364,0.2608385459010138,0.0377584636105226,503.98289476241536,0.007758808998995669,3.9103070192225156,3.9103070192225156,9.75,17.75,3.9103070192225156,3.9103070192225156,1.0,3.7499999999999996,1,1.1842378929335003e-16,2,1,WIN,14.663651322084434,0.21506688605723834,10.538277416804679,0.2666666666666667,0.2589928057553956,-0.007673860911271091,false,true
m12_hybrid_grw_cal_optB,ladder_sweep_v1,2026-09-05,2026-09-05T13:35:00.0,16362608,forfar-athletic,stranraer,43,1X2,0.0,home,home,back,1.0,2.86,2.86,0.3767588911709872,0.33874610173136893,0.03801278943961828,503.98289476241536,0.0070521343026375746,3.5541550600966123,3.5541550600966123,8.5,78.92,3.5541550600966123,3.5541550600966123,1.0,2.86,1,0.0,0,3,LOSE,0.0,0.0,-3.5541550600966123,0.3496503496503497,0.33836577093280545,-0.011284578717544236,false,true
m12_hybrid_grw_cal_optB,ladder_sweep_v1,2026-09-05,2026-09-05T13:35:00.0,16362611,kelty-hearts-fc,annan-athletic,43,1X2,0.0,away,away,back,1.0,3.25,3.25,0.3242482534473437,0.30581454483810816,0.018433708609235544,503.98289476241536,0.003069796454035834,1.5471249032363776,1.5471249032363776,3.08,54.1,1.5471249032363776,1.5471249032363776,1.0,3.25,1,0.0,2,1,LOSE,0.0,0.0,-1.5471249032363776,0.3076923076923077,0.31420193943486446,0.006509631742556754,true,true
m12_hybrid_grw_cal_optB,ladder_sweep_v1,2026-09-05,2026-09-05T13:35:00.0,16362613,clyde-fc,edinburgh-city-fc,43,OverUnder,2.5,under_25,under_25,back,1.0,2.4,2.4,0.43378915790458605,0.41031941031941027,0.023469747585175782,503.98289476241536,0.003908469601014758,1.9698018236103205,1.9698018236103205,4.0,12.0,1.9698018236103205,1.9698018236103205,1.0,2.4,1,0.0,3,2,LOSE,0.0,0.0,-1.9698018236103205,0.4166666666666667,0.4050785973397823,-0.011588069326884387,false,true
m12_hybrid_grw_raw,ladder_sweep_v1,2026-09-05,2026-09-05T13:35:00.0,16362431,cove-rangers,alloa-athletic,43,1X2,0.0,home,home,back,1.0,3.3,3.3,0.3581117911673749,0.2972341300706399,0.06087766109673498,583.0984664399313,0.01153273890467455,6.724722369167862,6.724722369167862,10.03,25.2299,6.724722369167862,6.724722369167862,1.0,3.3000000000000003,1,-1.345724878333523e-16,1,1,LOSE,0.0,0.0,-6.724722369167862,0.303030303030303,0.29478761849435087,-0.008242684535952116,false,true
m12_hybrid_grw_raw,ladder_sweep_v1,2026-09-05,2026-09-05T13:35:00.0,16362431,cove-rangers,alloa-athletic,43,OverUnder,2.5,under_25,over_25,lay,0.9803921568627451,2.02,1.9803921568627452,0.5664955758517161,0.49484845453636095,0.07164712131535511,583.0984664399313,0.009793247432664253,5.71042755945332,5.598458391620902,8.0,20.0,5.598458391620902,5.71042755945332,1.0,2.02,1,0.0,1,1,WIN,11.308885951074224,0.11196916783241806,5.486489223788484,0.504950495049505,0.4981273408239701,-0.0068231542255348665,false,true
m12_hybrid_grw_raw,ladder_sweep_v1,2026-09-05,2026-09-05T13:35:00.0,16362432,east-fife,ross-county,43,1X2,0.0,draw,draw,back,1.0,4.5,4.5,0.25664747913368263,0.2160647449589465,0.040582734174736124,583.0984664399313,0.010222983812936267,5.961006183763378,5.961006183763378,3.0,53.58,3.0,3.0,0.5032707411328337,4.5,1,0.0,2,2,WIN,13.5,0.21,10.29,0.2222222222222222,0.23477460369894668,0.012552381476724467,true,true
m12_hybrid_grw_raw,ladder_sweep_v1,2026-09-05,2026-09-05T13:35:00.0,16362432,east-fife,ross-county,43,1X2,0.0,home,home,back,1.0,7.4,7.4,0.4191645670285615,0.13139072328584583,0.28777384374271564,583.0984664399313,0.04728739767256291,27.57320906480661,27.57320906480661,22.44,26.44,22.44,22.44,0.8138334550490012,7.4,1,0.0,2,2,LOSE,0.0,0.0,-22.44,0.13513513513513511,0.15118061601826113,0.016045480883126018,true,true
m12_hybrid_grw_raw,ladder_sweep_v1,2026-09-05,2026-09-05T13:35:00.0,16362432,east-fife,ross-county,43,OverUnder,2.5,under_25,over_25,lay,1.1627906976744184,1.86,2.1627906976744184,0.5016822878003195,0.4610257896261954,0.040656498174124145,583.0984664399313,0.015218774838211819,8.874044269255924,10.31865612704177,4.14,10.14,10.14,8.720400000000001,0.9826861051630967,1.9026786303941428,3,0.025419345755294784,2,2,LOSE,0.0,0.0,-8.720400000000001,0.474425168798554,0.48941469489414696,0.014989526095592953,true,true
m12_hybrid_grw_raw,ladder_sweep_v1,2026-09-05,2026-09-05T13:35:00.0,16362433,peterhead,montrose,43,1X2,0.0,home,home,back,1.0,2.4,2.4,0.5261937448985357,0.4091077378748611,0.11708600702367455,583.0984664399313,0.024351760336077517,14.199474107079546,14.199474107079546,15.0,35.71,14.199474107079546,14.199474107079546,1.0,2.4,1,0.0,0,3,LOSE,0.0,0.0,-14.199474107079546,0.4166666666666667,0.395820139328689,-0.020846527337977705,false,true
m12_hybrid_grw_raw,ladder_sweep_v1,2026-09-05,2026-09-05T13:35:00.0,16362435,east-kilbride,hamilton-academical,43,1X2,0.0,home,home,back,1.0,2.7599,2.7599,0.3990484970940531,0.35340968514932275,0.04563881194473035,583.0984664399313,0.008095958724647464,4.720741116702918,4.720741116702918,14.04,26.04,4.720741116702918,4.720741116702918,1.0,2.7599,1,0.0,0,1,LOSE,0.0,0.0,-4.720741116702918,0.3623319685495851,0.3013525277618532,-0.06097944078773193,false,true
m12_hybrid_grw_raw,ladder_sweep_v1,2026-09-05,2026-09-05T13:35:00.0,16362435,east-kilbride,hamilton-academical,43,OverUnder,2.5,under_25,over_25,lay,1.2658227848101264,1.79,2.2658227848101267,0.4774702761786011,0.4315294715447154,0.04594080463388572,583.0984664399313,0.007192286631148829,4.1938113048193015,5.308621904834558,4.0,14.0,5.308621904834558,4.193811304819301,1.0,1.7924547546293372,2,0.001730535772918977,0,1,WIN,9.502433209653859,0.10617243809669116,5.202449466737867,0.4421058621327429,0.4362745098039216,-0.005831352328821315,false,true
m12_hybrid_grw_raw,ladder_sweep_v1,2026-09-05,2026-09-05T13:35:00.0,16362436,queen-of-the-south,airdrieonians,43,1X2,0.0,home,home,back,1.0,3.2,3.2,0.4343371243254135,0.30258277879684553,0.13175434552856796,583.0984664399313,0.02435155366832389,14.199353599429344,14.199353599429344,40.54,146.78,14.199353599429344,14.199353599429344,1.0,3.2,1,0.0,2,1,WIN,45.437931518173905,0.6247715583748912,30.61380636036967,0.3125,0.28888795104452414,-0.02361204895547586,false,true
m12_hybrid_grw_raw,ladder_sweep_v1,2026-09-05,2026-09-05T13:35:00.0,16362602,stirling-albion,the-spartans-fc,43,OverUnder,2.5,under_25,under_25,back,1.0,2.7599,2.7599,0.5133918805270528,0.3566516702021026,0.15674021032495017,583.0984664399313,0.008269444055465603,4.8219001470528,4.8219001470528,3.0,42.29,4.8219001470528,4.8219001470528,1.0,2.752347128803375,2,0.0027366466888746207,0,2,WIN,13.307962215851022,0.16972124137596445,8.316340827422259,0.36332626416740005,0.36101499423298733,-0.0023112699344127186,false,true
m12_hybrid_grw_raw,ladder_sweep_v1,2026-09-05,2026-09-05T13:35:00.0,16362604,dumbarton,elgin-city,43,1X2,0.0,draw,draw,back,1.0,3.95,3.95,0.2476582402888081,0.24763153091868392,2.6709370124167187e-5,583.0984664399313,0.0033474286435736045,1.951880508584868,1.951880508584868,2.5299,7.1299,1.951880508584868,1.951880508584868,1.0,3.95,1,0.0,2,1,LOSE,0.0,0.0,-1.951880508584868,0.2531645569620253,0.23741007194244607,-0.015754485019579212,false,true
m12_hybrid_grw_raw,ladder_sweep_v1,2026-09-05,2026-09-05T13:35:00.0,16362604,dumbarton,elgin-city,43,1X2,0.0,home,home,back,1.0,3.75,3.75,0.36842185655682735,0.2608385459010138,0.10758331065581356,583.0984664399313,0.020182687335534837,11.768494033986986,11.768494033986986,9.75,17.75,11.768494033986986,11.768494033986986,1.0,3.741328371058607,2,0.002312434384371424,2,1,WIN,44.131852627451195,0.6472671718692843,31.71609142159493,0.2672847451016577,0.2589928057553956,-0.008291939346262045,false,true
m12_hybrid_grw_raw,ladder_sweep_v1,2026-09-05,2026-09-05T13:35:00.0,16362608,forfar-athletic,stranraer,43,1X2,0.0,home,home,back,1.0,2.86,2.86,0.4387460611796855,0.33874610173136893,0.09999995944831658,583.0984664399313,0.018218749410323268,10.623324841612899,10.623324841612899,8.5,78.92,10.623324841612899,10.623324841612899,1.0,2.855980030100867,2,0.0014055838808157352,0,3,LOSE,0.0,0.0,-10.623324841612899,0.35014250431039684,0.33836577093280545,-0.011776733377591386,false,true
m12_hybrid_grw_raw,ladder_sweep_v1,2026-09-05,2026-09-05T13:35:00.0,16362611,kelty-hearts-fc,annan-athletic,43,1X2,0.0,away,away,back,1.0,3.25,3.25,0.3701099417559852,0.30581454483810816,0.06429539691787706,583.0984664399313,0.010005391139354542,5.83412822948931,5.83412822948931,3.08,54.1,5.83412822948931,5.83412822948931,1.0,3.2262031255127983,2,0.0073221152268312896,2,1,LOSE,0.0,0.0,-5.83412822948931,0.309961884325263,0.31420193943486446,0.004240055109601459,true,true
m12_hybrid_grw_raw,ladder_sweep_v1,2026-09-05,2026-09-05T13:35:00.0,16362611,kelty-hearts-fc,annan-athletic,43,1X2,0.0,draw,draw,back,1.0,4.1,4.1,0.2531014379332753,0.24241396846923208,0.010687469464043198,583.0984664399313,0.0030987211861787487,1.8068595715857532,1.8068595715857532,22.4899,26.4899,1.8068595715857532,1.8068595715857532,1.0,4.1,1,0.0,2,1,LOSE,0.0,0.0,-1.8068595715857532,0.24390243902439027,0.25579260453992175,0.011890165515531487,true,true
m12_hybrid_grw_raw,ladder_sweep_v1,2026-09-05,2026-09-05T13:35:00.0,16362611,kelty-hearts-fc,annan-athletic,43,OverUnder,2.5,under_25,under_25,back,1.0,2.22,2.22,0.47595556421178503,0.4422110552763819,0.03374450893540315,583.0984664399313,0.004009961160217628,2.338202203006586,2.338202203006586,4.0,14.0,2.338202203006586,2.338202203006586,1.0,2.22,1,0.0,2,1,LOSE,0.0,0.0,-2.338202203006586,0.4504504504504504,0.44226044226044225,-0.008190008190008147,false,true
m12_hybrid_grw_raw,ladder_sweep_v1,2026-09-05,2026-09-05T13:35:00.0,16362613,clyde-fc,edinburgh-city-fc,43,1X2,0.0,home,home,back,1.0,1.95,1.95,0.540511369801751,0.5003671970624236,0.040144172739327355,583.0984664399313,0.009749751403974759,5.685065091828249,5.685065091828249,31.57,154.14,5.685065091828249,5.685065091828249,1.0,1.9500000000000002,1,-1.1386902816668274e-16,3,2,WIN,11.085876929065085,0.10801623674473673,5.2927956004920995,0.5128205128205128,0.5373932545501596,0.024572741729646852,true,true
m12_hybrid_grw_raw,ladder_sweep_v1,2026-09-05,2026-09-05T13:35:00.0,16362613,clyde-fc,edinburgh-city-fc,43,OverUnder,2.5,under_25,under_25,back,1.0,2.4,2.4,0.4712462840153205,0.41031941031941027,0.06092687369591021,583.0984664399313,0.008790715415818618,5.125852677873699,5.125852677873699,4.0,12.0,5.125852677873699,5.125852677873699,1.0,2.395578405886349,2,0.0018423308806878962,3,2,LOSE,0.0,0.0,-5.125852677873699,0.41743572138687995,0.4050785973397823,-0.012357124047097656,false,true
m12_hybrid_td_raw,ladder_sweep_v1,2026-09-05,2026-09-05T13:35:00.0,16362431,cove-rangers,alloa-athletic,43,1X2,0.0,home,home,back,1.0,3.3,3.3,0.3785738012633814,0.2972341300706399,0.08133967119274149,594.503474575581,0.013718456123396285,8.155669831171746,8.155669831171746,10.03,25.2299,8.155669831171746,8.155669831171746,1.0,3.3,1,0.0,1,1,LOSE,0.0,0.0,-8.155669831171746,0.30303030303030304,0.29478761849435087,-0.008242684535952172,false,true
m12_hybrid_td_raw,ladder_sweep_v1,2026-09-05,2026-09-05T13:35:00.0,16362431,cove-rangers,alloa-athletic,43,OverUnder,2.5,under_25,over_25,lay,0.9803921568627451,2.02,1.9803921568627452,0.517328508345818,0.49484845453636095,0.022480053809457057,594.503474575581,0.0022416099113926912,1.3326448809660152,1.3065145891823677,8.0,20.0,1.3065145891823677,1.3326448809660152,1.0,2.02,1,0.0,1,1,WIN,2.639159470148383,0.02613029178364736,1.2803842973987205,0.504950495049505,0.4981273408239701,-0.0068231542255348665,false,true
m12_hybrid_td_raw,ladder_sweep_v1,2026-09-05,2026-09-05T13:35:00.0,16362432,east-fife,ross-county,43,1X2,0.0,draw,draw,back,1.0,4.5,4.5,0.2511393336261577,0.2160647449589465,0.03507458866721119,594.503474575581,0.009472803379811053,5.631614523268977,5.631614523268977,3.0,53.58,3.0,3.0,0.5327069151491912,4.5,1,0.0,2,2,WIN,13.5,0.21,10.29,0.2222222222222222,0.23477460369894668,0.012552381476724467,true,true
m12_hybrid_td_raw,ladder_sweep_v1,2026-09-05,2026-09-05T13:35:00.0,16362432,east-fife,ross-county,43,1X2,0.0,home,home,back,1.0,7.4,7.4,0.45105142345668453,0.13139072328584583,0.3196607001708387,594.503474575581,0.04674260047454123,27.78863839281296,27.78863839281296,22.44,26.44,22.44,22.44,0.8075242724308404,7.4,1,0.0,2,2,LOSE,0.0,0.0,-22.44,0.13513513513513511,0.15118061601826113,0.016045480883126018,true,true
m12_hybrid_td_raw,ladder_sweep_v1,2026-09-05,2026-09-05T13:35:00.0,16362432,east-fife,ross-county,43,OverUnder,2.5,under_25,over_25,lay,1.1627906976744184,1.86,2.1627906976744184,0.4833595379586723,0.4610257896261954,0.02233374833247692,594.503474575581,0.012412477792762867,7.379261175889763,8.580536251034607,4.14,10.14,8.580536251034607,7.379261175889763,1.0,1.8960493508419698,3,0.02162980353950617,2,2,LOSE,0.0,0.0,-7.379261175889763,0.47258756764114046,0.48941469489414696,0.016827127253006502,true,true
m12_hybrid_td_raw,ladder_sweep_v1,2026-09-05,2026-09-05T13:35:00.0,16362433,peterhead,montrose,43,1X2,0.0,home,home,back,1.0,2.4,2.4,0.5298103492885133,0.4091077378748611,0.12070261141365224,594.503474575581,0.022689771824325983,13.489148186888915,13.489148186888915,15.0,35.71,13.489148186888915,13.489148186888915,1.0,2.4,1,0.0,0,3,LOSE,0.0,0.0,-13.489148186888915,0.4166666666666667,0.395820139328689,-0.020846527337977705,false,true
m12_hybrid_td_raw,ladder_sweep_v1,2026-09-05,2026-09-05T13:35:00.0,16362435,east-kilbride,hamilton-academical,43,1X2,0.0,draw,draw,back,1.0,3.9,3.9,0.252856010167831,0.25009625385733747,0.002759756310493522,594.503474575581,0.002713826085879085,1.6133790374489652,1.6133790374489652,13.87,27.33,1.6133790374489652,1.6133790374489652,1.0,3.9,1,0.0,0,1,LOSE,0.0,0.0,-1.6133790374489652,0.25641025641025644,0.2552858993141814,-0.001124357096075057,false,true
m12_hybrid_td_raw,ladder_sweep_v1,2026-09-05,2026-09-05T13:35:00.0,16362435,east-kilbride,hamilton-academical,43,1X2,0.0,home,home,back,1.0,2.7599,2.7599,0.45789793429235354,0.35340968514932275,0.10448824914303079,594.503474575581,0.02118287140695767,12.593290652924061,12.593290652924061,14.04,26.04,12.593290652924061,12.593290652924061,1.0,2.7598999999999996,1,1.6090771761660299e-16,0,1,LOSE,0.0,0.0,-12.593290652924061,0.36233196854958516,0.3013525277618532,-0.06097944078773199,false,true
m12_hybrid_td_raw,ladder_sweep_v1,2026-09-05,2026-09-05T13:35:00.0,16362435,east-kilbride,hamilton-academical,43,OverUnder,2.5,under_25,over_25,lay,1.2658227848101264,1.79,2.2658227848101267,0.4944969965737966,0.4315294715447154,0.0629675250290812,594.503474575581,0.008013548023458106,4.764082143624123,6.0304837261064845,4.0,14.0,6.0304837261064845,4.764082143624123,1.0,1.793354602217967,2,0.002362221692719654,0,1,WIN,10.794565869730608,0.12060967452212971,5.909874051584356,0.4423857954454573,0.4362745098039216,-0.006111285641535735,false,true
m12_hybrid_td_raw,ladder_sweep_v1,2026-09-05,2026-09-05T13:35:00.0,16362436,queen-of-the-south,airdrieonians,43,1X2,0.0,home,home,back,1.0,3.2,3.2,0.41843379761491223,0.30258277879684553,0.1158510188180667,594.503474575581,0.019236431545002642,11.436125391939383,11.436125391939383,40.54,146.78,11.436125391939383,11.436125391939383,1.0,3.2,1,0.0,2,1,WIN,36.595601254206024,0.5031895172453329,24.65628634502131,0.3125,0.28888795104452414,-0.02361204895547586,false,true
m12_hybrid_td_raw,ladder_sweep_v1,2026-09-05,2026-09-05T13:35:00.0,16362436,queen-of-the-south,airdrieonians,43,OverUnder,2.5,under_25,over_25,lay,1.1235955056179776,1.89,2.1235955056179776,0.4754933736658289,0.4682497256843823,0.00724364798144661,594.503474575581,0.002590330806253775,1.5399606646180355,1.7302928815932985,13.32,22.32,1.7302928815932985,1.5399606646180355,1.0,1.89,1,0.0,2,1,LOSE,0.0,0.0,-1.5399606646180355,0.4708994708994709,0.45792079207920794,-0.012978678820262934,false,true
m12_hybrid_td_raw,ladder_sweep_v1,2026-09-05,2026-09-05T13:35:00.0,16362602,stirling-albion,the-spartans-fc,43,1X2,0.0,home,home,back,1.0,3.85,3.85,0.31368530098568925,0.2535347354182099,0.06015056556747933,594.503474575581,0.008335423108903641,4.955438000300806,4.955438000300806,7.6,12.6,4.955438000300806,4.955438000300806,1.0,3.8500000000000005,1,-1.1534784671430197e-16,0,2,LOSE,0.0,0.0,-4.955438000300806,0.2597402597402597,0.28664837968869605,0.026908119948436338,true,true
m12_hybrid_td_raw,ladder_sweep_v1,2026-09-05,2026-09-05T13:35:00.0,16362602,stirling-albion,the-spartans-fc,43,OverUnder,2.5,under_25,under_25,back,1.0,2.7599,2.7599,0.4790661460167922,0.3566516702021026,0.12241447581468962,594.503474575581,0.0053384459666509804,3.173724676008004,3.173724676008004,3.0,42.29,3.173724676008004,3.173724676008004,1.0,2.758803230155074,2,0.0003973947769578664,0,2,WIN,8.75916273331449,0.11170876114612971,5.473729296160356,0.3624760146245694,0.36101499423298733,-0.0014610203915820796,false,true
m12_hybrid_td_raw,ladder_sweep_v1,2026-09-05,2026-09-05T13:35:00.0,16362604,dumbarton,elgin-city,43,1X2,0.0,draw,draw,back,1.0,3.95,3.95,0.2549244870587122,0.24763153091868392,0.007292956140028256,594.503474575581,0.0037172427387465895,2.209913724025696,2.209913724025696,2.5299,7.1299,2.209913724025696,2.209913724025696,1.0,3.9500000000000006,1,-1.1242764806330697e-16,2,1,LOSE,0.0,0.0,-2.209913724025696,0.2531645569620253,0.23741007194244607,-0.015754485019579212,false,true
m12_hybrid_td_raw,ladder_sweep_v1,2026-09-05,2026-09-05T13:35:00.0,16362604,dumbarton,elgin-city,43,1X2,0.0,home,home,back,1.0,3.75,3.75,0.3739435115758495,0.2608385459010138,0.11310496567483569,594.503474575581,0.019486880482779557,11.585018155651522,11.585018155651522,9.75,17.75,11.585018155651522,11.585018155651522,1.0,3.741990330653705,2,0.002135911825678723,2,1,WIN,43.4438180836932,0.6371759985608337,31.22162392948085,0.2672374623227061,0.2589928057553956,-0.008244656567310493,false,true
m12_hybrid_td_raw,ladder_sweep_v1,2026-09-05,2026-09-05T13:35:00.0,16362604,dumbarton,elgin-city,43,OverUnder,2.5,under_25,under_25,back,1.0,2.24,2.24,0.4810979254517747,0.43859649122807015,0.04250143422370456,594.503474575581,0.004715665519464278,2.8034795362577754,2.8034795362577754,5.0,14.0,2.8034795362577754,2.8034795362577754,1.0,2.24,1,0.0,2,1,LOSE,0.0,0.0,-2.8034795362577754,0.4464285714285714,0.4289268250836407,-0.01750174634493068,false,true
m12_hybrid_td_raw,ladder_sweep_v1,2026-09-05,2026-09-05T13:35:00.0,16362608,forfar-athletic,stranraer,43,1X2,0.0,home,home,back,1.0,2.86,2.86,0.44527170273342437,0.33874610173136893,0.10652560100205544,594.503474575581,0.01745713468096985,10.378327223970452,10.378327223970452,8.5,78.92,10.378327223970452,10.378327223970452,1.0,2.856359438212599,2,0.0012729237018884298,0,3,LOSE,0.0,0.0,-10.378327223970452,0.3500959951405002,0.33836577093280545,-0.011730224207694762,false,true
m12_hybrid_td_raw,ladder_sweep_v1,2026-09-05,2026-09-05T13:35:00.0,16362611,kelty-hearts-fc,annan-athletic,43,1X2,0.0,away,away,back,1.0,3.25,3.25,0.36369996321493053,0.30581454483810816,0.05788541837682237,594.503474575581,0.007862376271985185,4.674210012115796,4.674210012115796,3.08,54.1,4.674210012115796,4.674210012115796,1.0,3.232772096681646,2,0.005300893328724307,2,1,LOSE,0.0,0.0,-4.674210012115796,0.30933204385996566,0.31420193943486446,0.004869895574898808,true,true
m12_hybrid_td_raw,ladder_sweep_v1,2026-09-05,2026-09-05T13:35:00.0,16362611,kelty-hearts-fc,annan-athletic,43,1X2,0.0,draw,draw,back,1.0,4.1,4.1,0.2511950143984862,0.24241396846923208,0.008781045929254105,594.503474575581,0.002661558233966801,1.5823056178785102,1.5823056178785102,22.4899,26.4899,1.5823056178785102,1.5823056178785102,1.0,4.1,1,0.0,2,1,LOSE,0.0,0.0,-1.5823056178785102,0.24390243902439027,0.25579260453992175,0.011890165515531487,true,true
m12_hybrid_td_raw,ladder_sweep_v1,2026-09-05,2026-09-05T13:35:00.0,16362611,kelty-hearts-fc,annan-athletic,43,OverUnder,2.5,under_25,under_25,back,1.0,2.22,2.22,0.4643815831430234,0.4422110552763819,0.022170527866641532,594.503474575581,0.0017058975184949584,1.014162002015114,1.014162002015114,4.0,14.0,1.014162002015114,1.014162002015114,1.0,2.22,1,0.0,2,1,LOSE,0.0,0.0,-1.014162002015114,0.4504504504504504,0.44226044226044225,-0.008190008190008147,false,true
m12_hybrid_td_raw,ladder_sweep_v1,2026-09-05,2026-09-05T13:35:00.0,16362613,clyde-fc,edinburgh-city-fc,43,1X2,0.0,home,home,back,1.0,1.95,1.95,0.5217558146196127,0.5003671970624236,0.021388617557189127,594.503474575581,0.004412082842273526,2.6229985798469166,2.6229985798469166,31.57,154.14,2.6229985798469166,2.6229985798469166,1.0,1.95,1,0.0,3,2,WIN,5.114847230701487,0.04983697301709142,2.4420116778374794,0.5128205128205129,0.5373932545501596,0.02457274172964674,true,true
m12_hybrid_td_raw,ladder_sweep_v1,2026-09-05,2026-09-05T13:35:00.0,16362613,clyde-fc,edinburgh-city-fc,43,OverUnder,2.5,under_25,under_25,back,1.0,2.4,2.4,0.4915665403985338,0.41031941031941027,0.08124713007912354,594.503474575581,0.008431166014962074,5.012357490618507,5.012357490618507,4.0,12.0,5.012357490618507,5.012357490618507,1.0,2.3959335104283945,2,0.0016943706548355753,3,2,LOSE,0.0,0.0,-5.012357490618507,0.4173738526747344,0.4050785973397823,-0.012295255334952127,false,true
