club,season,previous_observed_season,previous_tier,current_tier,movement_direction,match_id,match_date,opponent,is_home,new_season_match_number,window,matches_observed_in_new_season,tier_season_observed_fixtures,tier_season_expected_fixtures,tier_season_fixture_coverage,tier_season_archive_complete,has_complete_20_match_window,goals_for,goals_against,goal_difference,win,market_team_probability,bbc_shot_difference,bbc_proxy_xg_difference,transition_definition
hamilton-academical,21/22,20/21,54,55,downward_tier_move,9573819,2021-07-31,raith-rovers,0,1,1-5,36,180,180,1.000,1,1,4.0,4.0,0.0,0,,-1.000,,consecutive observed seasons changed tier; mechanism unverified
hamilton-academical,21/22,20/21,54,55,downward_tier_move,9573826,2021-08-07,greenock-morton,1,2,1-5,36,180,180,1.000,1,1,0.0,1.0,-1.0,0,,9.000,,consecutive observed seasons changed tier; mechanism unverified
hamilton-academical,21/22,20/21,54,55,downward_tier_move,9573832,2021-08-21,kilmarnock,1,3,1-5,36,180,180,1.000,1,1,0.0,2.0,-2.0,0,,-10.000,,consecutive observed seasons changed tier; mechanism unverified
hamilton-academical,21/22,20/21,54,55,downward_tier_move,9573836,2021-08-28,queen-of-the-south,0,4,1-5,36,180,180,1.000,1,1,2.0,1.0,1.0,1,,0.000,,consecutive observed seasons changed tier; mechanism unverified
hamilton-academical,21/22,20/21,54,55,downward_tier_move,9573835,2021-09-11,arbroath,0,5,1-5,36,180,180,1.000,1,1,0.0,4.0,-4.0,0,,-6.000,,consecutive observed seasons changed tier; mechanism unverified
hamilton-academical,21/22,20/21,54,55,downward_tier_move,9574282,2021-09-18,ayr-united,1,6,6-10,36,180,180,1.000,1,1,0.0,2.0,-2.0,0,,10.000,,consecutive observed seasons changed tier; mechanism unverified
hamilton-academical,21/22,20/21,54,55,downward_tier_move,9574219,2021-09-25,dunfermline-athletic,0,7,6-10,36,180,180,1.000,1,1,0.0,0.0,0.0,0,,2.000,,consecutive observed seasons changed tier; mechanism unverified
hamilton-academical,21/22,20/21,54,55,downward_tier_move,9573880,2021-10-02,inverness-caledonian-thistle,1,8,6-10,36,180,180,1.000,1,1,2.0,1.0,1.0,1,,-8.000,,consecutive observed seasons changed tier; mechanism unverified
hamilton-academical,21/22,20/21,54,55,downward_tier_move,9574271,2021-10-15,partick-thistle,1,9,6-10,36,180,180,1.000,1,1,1.0,6.0,-5.0,0,,-4.000,,consecutive observed seasons changed tier; mechanism unverified
hamilton-academical,21/22,20/21,54,55,downward_tier_move,9574081,2021-10-23,kilmarnock,0,10,6-10,36,180,180,1.000,1,1,1.0,2.0,-1.0,0,,6.000,,consecutive observed seasons changed tier; mechanism unverified
hamilton-academical,21/22,20/21,54,55,downward_tier_move,9574318,2021-10-26,queen-of-the-south,1,11,11-20,36,180,180,1.000,1,1,1.0,0.0,1.0,1,,0.000,,consecutive observed seasons changed tier; mechanism unverified
hamilton-academical,21/22,20/21,54,55,downward_tier_move,9573891,2021-10-30,greenock-morton,0,12,11-20,36,180,180,1.000,1,1,1.0,1.0,0.0,0,,-4.000,,consecutive observed seasons changed tier; mechanism unverified
hamilton-academical,21/22,20/21,54,55,downward_tier_move,9574283,2021-11-06,arbroath,1,13,11-20,36,180,180,1.000,1,1,1.0,1.0,0.0,0,,-10.000,,consecutive observed seasons changed tier; mechanism unverified
hamilton-academical,21/22,20/21,54,55,downward_tier_move,9573863,2021-11-13,raith-rovers,1,14,11-20,36,180,180,1.000,1,1,0.0,3.0,-3.0,0,,7.000,,consecutive observed seasons changed tier; mechanism unverified
hamilton-academical,21/22,20/21,54,55,downward_tier_move,9573870,2021-11-20,partick-thistle,0,15,11-20,36,180,180,1.000,1,1,0.0,1.0,-1.0,0,,7.000,,consecutive observed seasons changed tier; mechanism unverified
hamilton-academical,21/22,20/21,54,55,downward_tier_move,9573881,2021-12-04,dunfermline-athletic,1,16,11-20,36,180,180,1.000,1,1,1.0,0.0,1.0,1,,4.000,,consecutive observed seasons changed tier; mechanism unverified
hamilton-academical,21/22,20/21,54,55,downward_tier_move,9573931,2021-12-10,ayr-united,0,17,11-20,36,180,180,1.000,1,1,1.0,1.0,0.0,0,,4.000,,consecutive observed seasons changed tier; mechanism unverified
hamilton-academical,21/22,20/21,54,55,downward_tier_move,9574505,2021-12-18,inverness-caledonian-thistle,0,18,11-20,36,180,180,1.000,1,1,2.0,1.0,1.0,1,,-4.000,,consecutive observed seasons changed tier; mechanism unverified
hamilton-academical,21/22,20/21,54,55,downward_tier_move,9574524,2021-12-26,kilmarnock,1,19,11-20,36,180,180,1.000,1,1,2.0,3.0,-1.0,0,,-4.000,,consecutive observed seasons changed tier; mechanism unverified
hamilton-academical,21/22,20/21,54,55,downward_tier_move,9573924,2022-01-02,queen-of-the-south,0,20,11-20,36,180,180,1.000,1,1,3.0,0.0,3.0,1,,0.000,,consecutive observed seasons changed tier; mechanism unverified
hamilton-academical,23/24,22/23,55,56,downward_tier_move,11395666,2023-08-05,cove-rangers,1,1,1-5,36,179,180,0.994,0,1,1.0,0.0,1.0,1,0.497283,5.000,0.309,consecutive observed seasons changed tier; mechanism unverified
hamilton-academical,23/24,22/23,55,56,downward_tier_move,11395658,2023-08-12,kelty-hearts-fc,0,2,1-5,36,179,180,0.994,0,1,2.0,0.0,2.0,1,0.393503,11.000,2.427,consecutive observed seasons changed tier; mechanism unverified
hamilton-academical,23/24,22/23,55,56,downward_tier_move,11395657,2023-08-19,edinburgh-city-fc,0,3,1-5,36,179,180,0.994,0,1,3.0,0.0,3.0,1,0.613264,14.000,1.712,consecutive observed seasons changed tier; mechanism unverified
hamilton-academical,23/24,22/23,55,56,downward_tier_move,11395649,2023-08-26,montrose,1,4,1-5,36,179,180,0.994,0,1,1.0,0.0,1.0,1,0.705821,3.000,0.462,consecutive observed seasons changed tier; mechanism unverified
hamilton-academical,23/24,22/23,55,56,downward_tier_move,11395643,2023-09-02,stirling-albion,0,5,1-5,36,179,180,0.994,0,1,2.0,2.0,0.0,0,0.523198,9.000,1.365,consecutive observed seasons changed tier; mechanism unverified
hamilton-academical,23/24,22/23,55,56,downward_tier_move,11395639,2023-09-16,alloa-athletic,1,6,6-10,36,179,180,0.994,0,1,2.0,1.0,1.0,1,0.650113,6.000,0.627,consecutive observed seasons changed tier; mechanism unverified
hamilton-academical,23/24,22/23,55,56,downward_tier_move,11395633,2023-09-23,queen-of-the-south,0,7,6-10,36,179,180,0.994,0,1,2.0,1.0,1.0,1,0.459075,9.000,1.386,consecutive observed seasons changed tier; mechanism unverified
hamilton-academical,23/24,22/23,55,56,downward_tier_move,11395629,2023-09-29,annan-athletic,1,8,6-10,36,179,180,0.994,0,1,5.0,0.0,5.0,1,0.710217,14.000,1.611,consecutive observed seasons changed tier; mechanism unverified
hamilton-academical,23/24,22/23,55,56,downward_tier_move,11395624,2023-10-07,falkirk-fc,0,9,6-10,36,179,180,0.994,0,1,0.0,0.0,0.0,0,0.261118,-2.000,-0.373,consecutive observed seasons changed tier; mechanism unverified
hamilton-academical,23/24,22/23,55,56,downward_tier_move,11395619,2023-10-21,edinburgh-city-fc,1,10,6-10,36,179,180,0.994,0,1,1.0,1.0,0.0,0,0.822150,9.000,1.102,consecutive observed seasons changed tier; mechanism unverified
hamilton-academical,23/24,22/23,55,56,downward_tier_move,11395613,2023-10-28,montrose,0,11,11-20,36,179,180,0.994,0,1,3.0,0.0,3.0,1,,2.000,0.910,consecutive observed seasons changed tier; mechanism unverified
hamilton-academical,23/24,22/23,55,56,downward_tier_move,11395611,2023-11-04,cove-rangers,0,12,11-20,36,179,180,0.994,0,1,0.0,1.0,-1.0,0,0.519309,8.000,-0.097,consecutive observed seasons changed tier; mechanism unverified
hamilton-academical,23/24,22/23,55,56,downward_tier_move,11395605,2023-11-11,stirling-albion,1,13,11-20,36,179,180,0.994,0,1,5.0,0.0,5.0,1,0.741990,15.000,3.158,consecutive observed seasons changed tier; mechanism unverified
hamilton-academical,23/24,22/23,55,56,downward_tier_move,11788194,2023-11-28,annan-athletic,0,14,11-20,36,179,180,0.994,0,1,2.0,1.0,1.0,1,0.616633,8.000,0.573,consecutive observed seasons changed tier; mechanism unverified
hamilton-academical,23/24,22/23,55,56,downward_tier_move,11395595,2023-12-02,queen-of-the-south,1,15,11-20,36,179,180,0.994,0,1,5.0,0.0,5.0,1,,15.000,2.479,consecutive observed seasons changed tier; mechanism unverified
hamilton-academical,23/24,22/23,55,56,downward_tier_move,11395592,2023-12-09,alloa-athletic,0,16,11-20,36,179,180,0.994,0,1,0.0,0.0,0.0,0,,2.000,-0.324,consecutive observed seasons changed tier; mechanism unverified
hamilton-academical,23/24,22/23,55,56,downward_tier_move,11395586,2023-12-16,falkirk-fc,1,17,11-20,36,179,180,0.994,0,1,1.0,3.0,-2.0,0,0.331678,0.000,-0.669,consecutive observed seasons changed tier; mechanism unverified
hamilton-academical,23/24,22/23,55,56,downward_tier_move,11395578,2023-12-23,kelty-hearts-fc,1,18,11-20,36,179,180,0.994,0,1,1.0,1.0,0.0,0,0.731432,6.000,0.247,consecutive observed seasons changed tier; mechanism unverified
hamilton-academical,23/24,22/23,55,56,downward_tier_move,11395579,2023-12-30,edinburgh-city-fc,0,19,11-20,36,179,180,0.994,0,1,5.0,2.0,3.0,1,0.927767,18.000,2.529,consecutive observed seasons changed tier; mechanism unverified
hamilton-academical,23/24,22/23,55,56,downward_tier_move,11395565,2024-01-13,cove-rangers,1,20,11-20,36,179,180,0.994,0,1,2.0,0.0,2.0,1,0.649032,-7.000,-0.386,consecutive observed seasons changed tier; mechanism unverified
hamilton-academical,24/25,23/24,56,55,upward_tier_move,12477138,2024-08-03,ayr-united,1,1,1-5,36,179,180,0.994,0,1,0.0,2.0,-2.0,0,,-4.000,-0.221,consecutive observed seasons changed tier; mechanism unverified
hamilton-academical,24/25,23/24,56,55,upward_tier_move,12476944,2024-08-10,greenock-morton,0,2,1-5,36,179,180,0.994,0,1,0.0,0.0,0.0,0,,-2.000,-0.008,consecutive observed seasons changed tier; mechanism unverified
hamilton-academical,24/25,23/24,56,55,upward_tier_move,12473119,2024-08-17,ayr-united,0,3,1-5,36,179,180,0.994,0,1,2.0,3.0,-1.0,0,,-6.000,-0.485,consecutive observed seasons changed tier; mechanism unverified
hamilton-academical,24/25,23/24,56,55,upward_tier_move,12476938,2024-08-24,dunfermline-athletic,1,4,1-5,36,179,180,0.994,0,1,1.0,0.0,1.0,1,,0.000,0.281,consecutive observed seasons changed tier; mechanism unverified
hamilton-academical,24/25,23/24,56,55,upward_tier_move,12476935,2024-08-31,airdrieonians,1,5,1-5,36,179,180,0.994,0,1,2.0,2.0,0.0,0,,-2.000,0.071,consecutive observed seasons changed tier; mechanism unverified
hamilton-academical,24/25,23/24,56,55,upward_tier_move,12476927,2024-09-14,livingston,0,6,6-10,36,179,180,0.994,0,1,0.0,3.0,-3.0,0,,-12.000,-2.043,consecutive observed seasons changed tier; mechanism unverified
hamilton-academical,24/25,23/24,56,55,upward_tier_move,12476921,2024-09-21,raith-rovers,0,7,6-10,36,179,180,0.994,0,1,3.0,3.0,0.0,0,,-6.000,0.184,consecutive observed seasons changed tier; mechanism unverified
hamilton-academical,24/25,23/24,56,55,upward_tier_move,12476917,2024-09-28,partick-thistle,1,8,6-10,36,179,180,0.994,0,1,1.0,0.0,1.0,1,0.307173,-1.000,-0.048,consecutive observed seasons changed tier; mechanism unverified
hamilton-academical,24/25,23/24,56,55,upward_tier_move,12473103,2024-10-05,queens-park-fc,0,9,6-10,36,179,180,0.994,0,1,0.0,1.0,-1.0,0,,-6.000,-0.237,consecutive observed seasons changed tier; mechanism unverified
hamilton-academical,24/25,23/24,56,55,upward_tier_move,12473113,2024-10-18,falkirk-fc,1,10,6-10,36,179,180,0.994,0,1,1.0,3.0,-2.0,0,0.158286,-6.000,-1.545,consecutive observed seasons changed tier; mechanism unverified
hamilton-academical,24/25,23/24,56,55,upward_tier_move,12473124,2024-10-26,greenock-morton,1,11,11-20,36,179,180,0.994,0,1,3.0,0.0,3.0,1,0.382394,4.000,0.737,consecutive observed seasons changed tier; mechanism unverified
hamilton-academical,24/25,23/24,56,55,upward_tier_move,12476915,2024-11-02,airdrieonians,0,12,11-20,36,179,180,0.994,0,1,4.0,0.0,4.0,1,0.373264,1.000,0.669,consecutive observed seasons changed tier; mechanism unverified
hamilton-academical,24/25,23/24,56,55,upward_tier_move,12476910,2024-11-09,livingston,1,13,11-20,36,179,180,0.994,0,1,1.0,3.0,-2.0,0,0.267682,-3.000,-0.267,consecutive observed seasons changed tier; mechanism unverified
hamilton-academical,24/25,23/24,56,55,upward_tier_move,12476903,2024-11-16,partick-thistle,0,14,11-20,36,179,180,0.994,0,1,1.0,5.0,-4.0,0,0.161562,-12.000,-2.078,consecutive observed seasons changed tier; mechanism unverified
hamilton-academical,24/25,23/24,56,55,upward_tier_move,12476889,2024-12-07,dunfermline-athletic,0,15,11-20,36,179,180,0.994,0,1,2.0,3.0,-1.0,0,0.194583,-3.000,-0.165,consecutive observed seasons changed tier; mechanism unverified
hamilton-academical,24/25,23/24,56,55,upward_tier_move,12476891,2024-12-14,queens-park-fc,1,16,11-20,36,179,180,0.994,0,1,2.0,1.0,1.0,1,0.315549,3.000,0.436,consecutive observed seasons changed tier; mechanism unverified
hamilton-academical,24/25,23/24,56,55,upward_tier_move,12476884,2024-12-21,falkirk-fc,0,17,11-20,36,179,180,0.994,0,1,0.0,1.0,-1.0,0,0.064738,-8.000,-1.487,consecutive observed seasons changed tier; mechanism unverified
hamilton-academical,24/25,23/24,56,55,upward_tier_move,12476878,2024-12-28,airdrieonians,1,18,11-20,36,179,180,0.994,0,1,3.0,2.0,1.0,1,0.524945,7.000,1.330,consecutive observed seasons changed tier; mechanism unverified
hamilton-academical,24/25,23/24,56,55,upward_tier_move,12476866,2025-01-10,partick-thistle,1,19,11-20,36,179,180,0.994,0,1,1.0,2.0,-1.0,0,0.300538,-1.000,-0.172,consecutive observed seasons changed tier; mechanism unverified
hamilton-academical,24/25,23/24,56,55,upward_tier_move,12476863,2025-01-25,livingston,0,20,11-20,36,179,180,0.994,0,1,0.0,3.0,-3.0,0,0.159308,-7.000,-1.065,consecutive observed seasons changed tier; mechanism unverified
hamilton-academical,25/26,24/25,55,56,downward_tier_move,14035486,2025-08-02,montrose,1,1,1-5,35,175,180,0.972,0,1,2.0,0.0,2.0,1,0.497812,-2.000,0.579,consecutive observed seasons changed tier; mechanism unverified
hamilton-academical,25/26,24/25,55,56,downward_tier_move,14035502,2025-08-09,queen-of-the-south,0,2,1-5,35,175,180,0.972,0,1,4.0,1.0,3.0,1,,15.000,1.813,consecutive observed seasons changed tier; mechanism unverified
hamilton-academical,25/26,24/25,55,56,downward_tier_move,14035484,2025-08-16,east-fife,1,3,1-5,35,175,180,0.972,0,1,1.0,2.0,-1.0,0,0.627273,3.000,-1.101,consecutive observed seasons changed tier; mechanism unverified
hamilton-academical,25/26,24/25,55,56,downward_tier_move,14035492,2025-08-23,alloa-athletic,0,4,1-5,35,175,180,0.972,0,1,0.0,1.0,-1.0,0,0.431115,1.000,-0.095,consecutive observed seasons changed tier; mechanism unverified
hamilton-academical,25/26,24/25,55,56,downward_tier_move,14035499,2025-08-30,cove-rangers,1,5,1-5,35,175,180,0.972,0,1,0.0,0.0,0.0,0,0.533729,0.000,0.166,consecutive observed seasons changed tier; mechanism unverified
hamilton-academical,25/26,24/25,55,56,downward_tier_move,14035511,2025-09-13,peterhead,0,6,6-10,35,175,180,0.972,0,1,2.0,2.0,0.0,0,0.402735,-3.000,0.025,consecutive observed seasons changed tier; mechanism unverified
hamilton-academical,25/26,24/25,55,56,downward_tier_move,14035515,2025-09-20,kelty-hearts-fc,0,7,6-10,35,175,180,0.972,0,1,4.0,0.0,4.0,1,0.620776,6.000,1.177,consecutive observed seasons changed tier; mechanism unverified
hamilton-academical,25/26,24/25,55,56,downward_tier_move,14035518,2025-09-27,stenhousemuir,1,8,6-10,35,175,180,0.972,0,1,2.0,0.0,2.0,1,0.489821,0.000,-0.444,consecutive observed seasons changed tier; mechanism unverified
hamilton-academical,25/26,24/25,55,56,downward_tier_move,14035522,2025-10-04,inverness-caledonian-thistle,1,9,6-10,35,175,180,0.972,0,1,3.0,1.0,2.0,1,0.260399,6.000,0.523,consecutive observed seasons changed tier; mechanism unverified
hamilton-academical,25/26,24/25,55,56,downward_tier_move,14035530,2025-10-18,montrose,0,10,6-10,35,175,180,0.972,0,1,4.0,0.0,4.0,1,0.443837,1.000,0.263,consecutive observed seasons changed tier; mechanism unverified
hamilton-academical,25/26,24/25,55,56,downward_tier_move,14035532,2025-10-24,queen-of-the-south,1,11,11-20,35,175,180,0.972,0,1,1.0,2.0,-1.0,0,0.621373,-3.000,-0.324,consecutive observed seasons changed tier; mechanism unverified
hamilton-academical,25/26,24/25,55,56,downward_tier_move,14035539,2025-11-01,east-fife,0,12,11-20,35,175,180,0.972,0,1,1.0,1.0,0.0,0,0.392495,2.000,0.177,consecutive observed seasons changed tier; mechanism unverified
hamilton-academical,25/26,24/25,55,56,downward_tier_move,14035541,2025-11-08,peterhead,1,13,11-20,35,175,180,0.972,0,1,3.0,0.0,3.0,1,0.572457,5.000,0.911,consecutive observed seasons changed tier; mechanism unverified
hamilton-academical,25/26,24/25,55,56,downward_tier_move,14035555,2025-11-15,cove-rangers,0,14,11-20,35,175,180,0.972,0,1,1.0,2.0,-1.0,0,0.559435,5.000,0.253,consecutive observed seasons changed tier; mechanism unverified
hamilton-academical,25/26,24/25,55,56,downward_tier_move,14035551,2025-11-22,kelty-hearts-fc,1,15,11-20,35,175,180,0.972,0,1,3.0,1.0,2.0,1,0.733855,-3.000,-0.115,consecutive observed seasons changed tier; mechanism unverified
hamilton-academical,25/26,24/25,55,56,downward_tier_move,14035562,2025-12-06,stenhousemuir,0,16,11-20,35,175,180,0.972,0,1,0.0,0.0,0.0,0,0.411769,-8.000,-0.804,consecutive observed seasons changed tier; mechanism unverified
hamilton-academical,25/26,24/25,55,56,downward_tier_move,14035564,2025-12-13,inverness-caledonian-thistle,0,17,11-20,35,175,180,0.972,0,1,0.0,4.0,-4.0,0,0.161162,-4.000,-0.150,consecutive observed seasons changed tier; mechanism unverified
hamilton-academical,25/26,24/25,55,56,downward_tier_move,14035568,2025-12-20,alloa-athletic,1,18,11-20,35,175,180,0.972,0,1,1.0,0.0,1.0,1,0.387810,-4.000,-0.328,consecutive observed seasons changed tier; mechanism unverified
hamilton-academical,25/26,24/25,55,56,downward_tier_move,14035574,2025-12-27,queen-of-the-south,0,19,11-20,35,175,180,0.972,0,1,1.0,4.0,-3.0,0,0.279488,-13.000,-1.339,consecutive observed seasons changed tier; mechanism unverified
hamilton-academical,25/26,24/25,55,56,downward_tier_move,15363335,2026-01-17,peterhead,0,20,11-20,35,175,180,0.972,0,1,3.0,2.0,1.0,1,0.198241,-9.000,-0.703,consecutive observed seasons changed tier; mechanism unverified
dundee-united,23/24,22/23,54,55,downward_tier_move,11395859,2023-08-04,arbroath,0,1,1-5,36,178,180,0.989,0,1,4.0,0.0,4.0,1,0.457420,12.000,1.262,consecutive observed seasons changed tier; mechanism unverified
dundee-united,23/24,22/23,54,55,downward_tier_move,11395852,2023-08-12,dunfermline-athletic,1,2,1-5,36,178,180,0.989,0,1,1.0,1.0,0.0,0,0.544891,11.000,-0.364,consecutive observed seasons changed tier; mechanism unverified
dundee-united,23/24,22/23,54,55,downward_tier_move,11395848,2023-08-26,ayr-united,0,3,1-5,36,178,180,0.989,0,1,3.0,0.0,3.0,1,0.429975,11.000,1.428,consecutive observed seasons changed tier; mechanism unverified
dundee-united,23/24,22/23,54,55,downward_tier_move,11395840,2023-09-02,airdrieonians,1,4,1-5,36,178,180,0.989,0,1,2.0,0.0,2.0,1,0.631763,0.000,-0.165,consecutive observed seasons changed tier; mechanism unverified
dundee-united,23/24,22/23,54,55,downward_tier_move,11395833,2023-09-16,greenock-morton,1,5,1-5,36,178,180,0.989,0,1,1.0,1.0,0.0,0,0.622707,2.000,-0.578,consecutive observed seasons changed tier; mechanism unverified
dundee-united,23/24,22/23,54,55,downward_tier_move,11395828,2023-09-23,inverness-caledonian-thistle,0,6,6-10,36,178,180,0.989,0,1,1.0,0.0,1.0,1,0.536768,4.000,0.590,consecutive observed seasons changed tier; mechanism unverified
dundee-united,23/24,22/23,54,55,downward_tier_move,11395823,2023-09-30,queens-park-fc,1,7,6-10,36,178,180,0.989,0,1,4.0,1.0,3.0,1,0.650272,6.000,0.588,consecutive observed seasons changed tier; mechanism unverified
dundee-united,23/24,22/23,54,55,downward_tier_move,11395816,2023-10-07,raith-rovers,0,8,6-10,36,178,180,0.989,0,1,1.0,1.0,0.0,0,0.406646,0.000,0.432,consecutive observed seasons changed tier; mechanism unverified
dundee-united,23/24,22/23,54,55,downward_tier_move,11395811,2023-10-21,partick-thistle,0,9,6-10,36,178,180,0.989,0,1,5.0,0.0,5.0,1,0.384734,6.000,2.103,consecutive observed seasons changed tier; mechanism unverified
dundee-united,23/24,22/23,54,55,downward_tier_move,11395809,2023-10-27,arbroath,1,10,6-10,36,178,180,0.989,0,1,6.0,0.0,6.0,1,0.706196,13.000,2.127,consecutive observed seasons changed tier; mechanism unverified
dundee-united,23/24,22/23,54,55,downward_tier_move,11395805,2023-10-31,airdrieonians,0,11,11-20,36,178,180,0.989,0,1,2.0,0.0,2.0,1,0.628832,0.000,-0.084,consecutive observed seasons changed tier; mechanism unverified
dundee-united,23/24,22/23,54,55,downward_tier_move,11395798,2023-11-04,inverness-caledonian-thistle,1,12,11-20,36,178,180,0.989,0,1,1.0,1.0,0.0,0,0.725558,9.000,0.937,consecutive observed seasons changed tier; mechanism unverified
dundee-united,23/24,22/23,54,55,downward_tier_move,11395794,2023-11-10,dunfermline-athletic,0,13,11-20,36,178,180,0.989,0,1,2.0,1.0,1.0,1,0.548628,10.000,1.137,consecutive observed seasons changed tier; mechanism unverified
dundee-united,23/24,22/23,54,55,downward_tier_move,11395783,2023-12-09,ayr-united,1,14,11-20,36,178,180,0.989,0,1,1.0,0.0,1.0,1,0.772096,9.000,1.788,consecutive observed seasons changed tier; mechanism unverified
dundee-united,23/24,22/23,54,55,downward_tier_move,11395775,2023-12-16,raith-rovers,1,15,11-20,36,178,180,0.989,0,1,0.0,1.0,-1.0,0,0.530130,8.000,0.794,consecutive observed seasons changed tier; mechanism unverified
dundee-united,23/24,22/23,54,55,downward_tier_move,11395768,2023-12-22,queens-park-fc,0,16,11-20,36,178,180,0.989,0,1,0.0,0.0,0.0,0,0.667066,11.000,1.271,consecutive observed seasons changed tier; mechanism unverified
dundee-united,23/24,22/23,54,55,downward_tier_move,11395763,2023-12-29,partick-thistle,1,17,11-20,36,178,180,0.989,0,1,3.0,0.0,3.0,1,0.650113,16.000,2.753,consecutive observed seasons changed tier; mechanism unverified
dundee-united,23/24,22/23,54,55,downward_tier_move,11395761,2024-01-02,arbroath,0,18,11-20,36,178,180,0.989,0,1,3.0,0.0,3.0,1,0.818043,9.000,1.288,consecutive observed seasons changed tier; mechanism unverified
dundee-united,23/24,22/23,54,55,downward_tier_move,11395754,2024-01-06,greenock-morton,1,19,11-20,36,178,180,0.989,0,1,2.0,3.0,-1.0,0,0.713165,2.000,0.348,consecutive observed seasons changed tier; mechanism unverified
dundee-united,23/24,22/23,54,55,downward_tier_move,11395749,2024-01-12,inverness-caledonian-thistle,0,20,11-20,36,178,180,0.989,0,1,1.0,0.0,1.0,1,0.615337,-3.000,-0.706,consecutive observed seasons changed tier; mechanism unverified
dundee-united,24/25,23/24,55,54,upward_tier_move,12477145,2024-08-04,dundee-fc,1,1,1-5,33,198,228,0.868,0,1,2.0,2.0,0.0,0,0.391924,1.000,-0.731,consecutive observed seasons changed tier; mechanism unverified
dundee-united,24/25,23/24,55,54,upward_tier_move,12477122,2024-08-10,ross-county,0,2,1-5,33,198,228,0.868,0,1,1.0,1.0,0.0,0,0.437201,-9.000,-1.841,consecutive observed seasons changed tier; mechanism unverified
dundee-united,24/25,23/24,55,54,upward_tier_move,12477118,2024-08-24,st-johnstone,1,3,1-5,33,198,228,0.868,0,1,2.0,0.0,2.0,1,0.553280,-7.000,-0.300,consecutive observed seasons changed tier; mechanism unverified
dundee-united,24/25,23/24,55,54,upward_tier_move,12477114,2024-09-01,heart-of-midlothian,0,4,1-5,33,198,228,0.868,0,1,1.0,0.0,1.0,1,0.228500,-2.000,0.029,consecutive observed seasons changed tier; mechanism unverified
dundee-united,24/25,23/24,55,54,upward_tier_move,12477106,2024-09-15,rangers,1,5,1-5,33,198,228,0.868,0,1,0.0,1.0,-1.0,0,0.146987,-6.000,-0.427,consecutive observed seasons changed tier; mechanism unverified
dundee-united,24/25,23/24,55,54,upward_tier_move,12477102,2024-09-28,kilmarnock,0,6,6-10,33,198,228,0.868,0,1,3.0,3.0,0.0,0,0.244701,4.000,0.709,consecutive observed seasons changed tier; mechanism unverified
dundee-united,24/25,23/24,55,54,upward_tier_move,12477094,2024-10-05,st-mirren,0,7,6-10,33,198,228,0.868,0,1,1.0,0.0,1.0,1,0.300725,-4.000,-0.678,consecutive observed seasons changed tier; mechanism unverified
dundee-united,24/25,23/24,55,54,upward_tier_move,12477086,2024-10-19,hibernian,1,8,6-10,33,198,228,0.868,0,1,3.0,2.0,1.0,1,0.331267,0.000,0.470,consecutive observed seasons changed tier; mechanism unverified
dundee-united,24/25,23/24,55,54,upward_tier_move,12477083,2024-10-26,aberdeen,0,9,6-10,33,198,228,0.868,0,1,0.0,1.0,-1.0,0,0.203785,-4.000,-0.783,consecutive observed seasons changed tier; mechanism unverified
dundee-united,24/25,23/24,55,54,upward_tier_move,12477077,2024-10-30,motherwell,1,10,6-10,33,198,228,0.868,0,1,1.0,2.0,-1.0,0,0.501102,8.000,0.924,consecutive observed seasons changed tier; mechanism unverified
dundee-united,24/25,23/24,55,54,upward_tier_move,12477050,2024-11-03,hibernian,0,11,11-20,33,198,228,0.868,0,1,1.0,1.0,0.0,0,0.199143,-7.000,-0.399,consecutive observed seasons changed tier; mechanism unverified
dundee-united,24/25,23/24,55,54,upward_tier_move,12477064,2024-11-09,ross-county,1,12,11-20,33,198,228,0.868,0,1,3.0,0.0,3.0,1,0.529550,6.000,0.576,consecutive observed seasons changed tier; mechanism unverified
dundee-united,24/25,23/24,55,54,upward_tier_move,12477055,2024-11-23,rangers,0,13,11-20,33,198,228,0.868,0,1,1.0,1.0,0.0,0,0.069121,-24.000,-2.382,consecutive observed seasons changed tier; mechanism unverified
dundee-united,24/25,23/24,55,54,upward_tier_move,12477053,2024-11-30,st-mirren,1,14,11-20,33,198,228,0.868,0,1,2.0,0.0,2.0,1,0.432049,5.000,2.996,consecutive observed seasons changed tier; mechanism unverified
dundee-united,24/25,23/24,55,54,upward_tier_move,12477036,2024-12-07,kilmarnock,1,15,11-20,33,198,228,0.868,0,1,1.0,1.0,0.0,0,0.489089,6.000,0.820,consecutive observed seasons changed tier; mechanism unverified
dundee-united,24/25,23/24,55,54,upward_tier_move,12477031,2024-12-14,motherwell,0,16,11-20,33,198,228,0.868,0,1,3.0,4.0,-1.0,0,0.333091,4.000,0.338,consecutive observed seasons changed tier; mechanism unverified
dundee-united,24/25,23/24,55,54,upward_tier_move,12477028,2024-12-22,celtic,1,17,11-20,33,198,228,0.868,0,1,0.0,0.0,0.0,0,0.100342,-15.000,-1.360,consecutive observed seasons changed tier; mechanism unverified
dundee-united,24/25,23/24,55,54,upward_tier_move,12477018,2024-12-26,st-johnstone,0,18,11-20,33,198,228,0.868,0,1,2.0,1.0,1.0,1,0.382775,2.000,0.542,consecutive observed seasons changed tier; mechanism unverified
dundee-united,24/25,23/24,55,54,upward_tier_move,12477016,2024-12-29,aberdeen,1,19,11-20,33,198,228,0.868,0,1,1.0,0.0,1.0,1,0.429308,10.000,0.924,consecutive observed seasons changed tier; mechanism unverified
dundee-united,24/25,23/24,55,54,upward_tier_move,12477006,2025-01-02,dundee-fc,0,20,11-20,33,198,228,0.868,0,1,2.0,1.0,1.0,1,0.425341,2.000,0.202,consecutive observed seasons changed tier; mechanism unverified
kilmarnock,21/22,20/21,54,55,downward_tier_move,9573825,2021-08-02,ayr-united,1,1,1-5,36,180,180,1.000,1,1,2.0,0.0,2.0,1,,10.000,,consecutive observed seasons changed tier; mechanism unverified
kilmarnock,21/22,20/21,54,55,downward_tier_move,9573817,2021-08-07,queen-of-the-south,0,2,1-5,36,180,180,1.000,1,1,1.0,0.0,1.0,1,,0.000,,consecutive observed seasons changed tier; mechanism unverified
kilmarnock,21/22,20/21,54,55,downward_tier_move,9573832,2021-08-21,hamilton-academical,0,3,1-5,36,180,180,1.000,1,1,2.0,0.0,2.0,1,,10.000,,consecutive observed seasons changed tier; mechanism unverified
kilmarnock,21/22,20/21,54,55,downward_tier_move,9573899,2021-08-28,inverness-caledonian-thistle,1,4,1-5,36,180,180,1.000,1,1,0.0,1.0,-1.0,0,0.524945,-1.000,,consecutive observed seasons changed tier; mechanism unverified
kilmarnock,21/22,20/21,54,55,downward_tier_move,9573847,2021-09-11,greenock-morton,1,5,1-5,36,180,180,1.000,1,1,1.0,0.0,1.0,1,,5.000,,consecutive observed seasons changed tier; mechanism unverified
kilmarnock,21/22,20/21,54,55,downward_tier_move,9574147,2021-09-18,partick-thistle,0,6,6-10,36,180,180,1.000,1,1,2.0,0.0,2.0,1,,-4.000,,consecutive observed seasons changed tier; mechanism unverified
kilmarnock,21/22,20/21,54,55,downward_tier_move,9573844,2021-09-24,arbroath,0,7,6-10,36,180,180,1.000,1,1,0.0,0.0,0.0,0,,-8.000,,consecutive observed seasons changed tier; mechanism unverified
kilmarnock,21/22,20/21,54,55,downward_tier_move,9573876,2021-10-02,raith-rovers,1,8,6-10,36,180,180,1.000,1,1,1.0,3.0,-2.0,0,,7.000,,consecutive observed seasons changed tier; mechanism unverified
kilmarnock,21/22,20/21,54,55,downward_tier_move,9574192,2021-10-16,dunfermline-athletic,0,9,6-10,36,180,180,1.000,1,1,2.0,2.0,0.0,0,,2.000,,consecutive observed seasons changed tier; mechanism unverified
kilmarnock,21/22,20/21,54,55,downward_tier_move,9574081,2021-10-23,hamilton-academical,1,10,6-10,36,180,180,1.000,1,1,2.0,1.0,1.0,1,,-6.000,,consecutive observed seasons changed tier; mechanism unverified
kilmarnock,21/22,20/21,54,55,downward_tier_move,9574166,2021-10-26,ayr-united,0,11,11-20,36,180,180,1.000,1,1,1.0,0.0,1.0,1,,1.000,,consecutive observed seasons changed tier; mechanism unverified
kilmarnock,21/22,20/21,54,55,downward_tier_move,9573856,2021-10-30,queen-of-the-south,1,12,11-20,36,180,180,1.000,1,1,4.0,0.0,4.0,1,,0.000,,consecutive observed seasons changed tier; mechanism unverified
kilmarnock,21/22,20/21,54,55,downward_tier_move,9574296,2021-11-06,partick-thistle,1,13,11-20,36,180,180,1.000,1,1,0.0,1.0,-1.0,0,,0.000,,consecutive observed seasons changed tier; mechanism unverified
kilmarnock,21/22,20/21,54,55,downward_tier_move,9574205,2021-11-13,greenock-morton,0,14,11-20,36,180,180,1.000,1,1,2.0,0.0,2.0,1,,2.000,,consecutive observed seasons changed tier; mechanism unverified
kilmarnock,21/22,20/21,54,55,downward_tier_move,9574119,2021-11-20,arbroath,1,15,11-20,36,180,180,1.000,1,1,0.0,1.0,-1.0,0,,-4.000,,consecutive observed seasons changed tier; mechanism unverified
kilmarnock,21/22,20/21,54,55,downward_tier_move,9573871,2021-12-03,inverness-caledonian-thistle,0,16,11-20,36,180,180,1.000,1,1,0.0,1.0,-1.0,0,,-3.000,,consecutive observed seasons changed tier; mechanism unverified
kilmarnock,21/22,20/21,54,55,downward_tier_move,9574330,2021-12-11,raith-rovers,0,17,11-20,36,180,180,1.000,1,1,0.0,1.0,-1.0,0,,1.000,,consecutive observed seasons changed tier; mechanism unverified
kilmarnock,21/22,20/21,54,55,downward_tier_move,9574524,2021-12-26,hamilton-academical,0,18,11-20,36,180,180,1.000,1,1,3.0,2.0,1.0,1,,4.000,,consecutive observed seasons changed tier; mechanism unverified
kilmarnock,21/22,20/21,54,55,downward_tier_move,9574488,2021-12-29,greenock-morton,1,19,11-20,36,180,180,1.000,1,1,1.0,0.0,1.0,1,,8.000,,consecutive observed seasons changed tier; mechanism unverified
kilmarnock,21/22,20/21,54,55,downward_tier_move,9574267,2022-01-08,queen-of-the-south,0,20,11-20,36,180,180,1.000,1,1,2.0,0.0,2.0,1,,14.000,,consecutive observed seasons changed tier; mechanism unverified
kilmarnock,22/23,21/22,55,54,upward_tier_move,10387375,2022-07-30,dundee-united,1,1,1-5,33,198,228,0.868,0,1,1.0,1.0,0.0,0,0.414282,11.000,,consecutive observed seasons changed tier; mechanism unverified
kilmarnock,22/23,21/22,55,54,upward_tier_move,10387402,2022-08-06,rangers,0,2,1-5,33,198,228,0.868,0,1,0.0,2.0,-2.0,0,0.047481,-14.000,,consecutive observed seasons changed tier; mechanism unverified
kilmarnock,22/23,21/22,55,54,upward_tier_move,10387421,2022-08-14,celtic,1,3,1-5,33,198,228,0.868,0,1,0.0,5.0,-5.0,0,0.047543,-8.000,,consecutive observed seasons changed tier; mechanism unverified
kilmarnock,22/23,21/22,55,54,upward_tier_move,10387439,2022-08-20,ross-county,0,4,1-5,33,198,228,0.868,0,1,0.0,1.0,-1.0,0,0.257900,6.000,,consecutive observed seasons changed tier; mechanism unverified
kilmarnock,22/23,21/22,55,54,upward_tier_move,10387448,2022-08-27,motherwell,1,5,1-5,33,198,228,0.868,0,1,2.0,1.0,1.0,1,0.333708,11.000,,consecutive observed seasons changed tier; mechanism unverified
kilmarnock,22/23,21/22,55,54,upward_tier_move,10644599,2022-09-03,hibernian,0,6,6-10,33,198,228,0.868,0,1,0.0,1.0,-1.0,0,0.151065,-18.000,,consecutive observed seasons changed tier; mechanism unverified
kilmarnock,22/23,21/22,55,54,upward_tier_move,10387487,2022-09-17,livingston,0,7,6-10,33,198,228,0.868,0,1,0.0,1.0,-1.0,0,0.243628,-6.000,,consecutive observed seasons changed tier; mechanism unverified
kilmarnock,22/23,21/22,55,54,upward_tier_move,10387532,2022-10-01,aberdeen,0,8,6-10,33,198,228,0.868,0,1,1.0,4.0,-3.0,0,0.175971,-9.000,,consecutive observed seasons changed tier; mechanism unverified
kilmarnock,22/23,21/22,55,54,upward_tier_move,10717734,2022-10-05,st-johnstone,1,9,6-10,33,198,228,0.868,0,1,2.0,1.0,1.0,1,,-4.000,,consecutive observed seasons changed tier; mechanism unverified
kilmarnock,22/23,21/22,55,54,upward_tier_move,10387494,2022-10-09,heart-of-midlothian,1,10,6-10,33,198,228,0.868,0,1,2.0,2.0,0.0,0,0.280690,3.000,,consecutive observed seasons changed tier; mechanism unverified
kilmarnock,22/23,21/22,55,54,upward_tier_move,10387535,2022-10-15,st-mirren,0,11,11-20,33,198,228,0.868,0,1,0.0,0.0,0.0,0,0.212017,0.000,,consecutive observed seasons changed tier; mechanism unverified
kilmarnock,22/23,21/22,55,54,upward_tier_move,10387470,2022-10-22,ross-county,1,12,11-20,33,198,228,0.868,0,1,1.0,0.0,1.0,1,0.502161,1.000,,consecutive observed seasons changed tier; mechanism unverified
kilmarnock,22/23,21/22,55,54,upward_tier_move,10387475,2022-10-29,st-johnstone,0,13,11-20,33,198,228,0.868,0,1,0.0,1.0,-1.0,0,0.289561,-1.000,,consecutive observed seasons changed tier; mechanism unverified
kilmarnock,22/23,21/22,55,54,upward_tier_move,10387506,2022-11-04,livingston,1,14,11-20,33,198,228,0.868,0,1,2.0,3.0,-1.0,0,0.387744,3.000,,consecutive observed seasons changed tier; mechanism unverified
kilmarnock,22/23,21/22,55,54,upward_tier_move,10387566,2022-11-09,dundee-united,0,15,11-20,33,198,228,0.868,0,1,0.0,4.0,-4.0,0,0.262072,9.000,,consecutive observed seasons changed tier; mechanism unverified
kilmarnock,22/23,21/22,55,54,upward_tier_move,10387512,2022-11-12,hibernian,1,16,11-20,33,198,228,0.868,0,1,1.0,0.0,1.0,1,0.250255,-9.000,,consecutive observed seasons changed tier; mechanism unverified
kilmarnock,22/23,21/22,55,54,upward_tier_move,10387504,2022-12-17,heart-of-midlothian,0,17,11-20,33,198,228,0.868,0,1,1.0,3.0,-2.0,0,0.169799,1.000,,consecutive observed seasons changed tier; mechanism unverified
kilmarnock,22/23,21/22,55,54,upward_tier_move,10387541,2022-12-23,motherwell,0,18,11-20,33,198,228,0.868,0,1,2.0,2.0,0.0,0,0.237784,-12.000,,consecutive observed seasons changed tier; mechanism unverified
kilmarnock,22/23,21/22,55,54,upward_tier_move,10387495,2022-12-28,aberdeen,1,19,11-20,33,198,228,0.868,0,1,2.0,1.0,1.0,1,0.299570,8.000,,consecutive observed seasons changed tier; mechanism unverified
kilmarnock,22/23,21/22,55,54,upward_tier_move,10387389,2023-01-02,st-mirren,1,20,11-20,33,198,228,0.868,0,1,0.0,0.0,0.0,0,0.352945,6.000,,consecutive observed seasons changed tier; mechanism unverified
ross-county,25/26,24/25,54,55,downward_tier_move,14035324,2025-08-02,airdrieonians,0,1,1-5,35,173,180,0.961,0,1,2.0,2.0,0.0,0,,4.000,0.642,consecutive observed seasons changed tier; mechanism unverified
ross-county,25/26,24/25,54,55,downward_tier_move,14035327,2025-08-08,st-johnstone,1,2,1-5,35,173,180,0.961,0,1,0.0,1.0,-1.0,0,0.343112,-11.000,-1.092,consecutive observed seasons changed tier; mechanism unverified
ross-county,25/26,24/25,54,55,downward_tier_move,14035330,2025-08-23,partick-thistle,1,3,1-5,35,173,180,0.961,0,1,1.0,3.0,-2.0,0,,-3.000,-1.218,consecutive observed seasons changed tier; mechanism unverified
ross-county,25/26,24/25,54,55,downward_tier_move,14035334,2025-08-30,dunfermline-athletic,0,4,1-5,35,173,180,0.961,0,1,2.0,2.0,0.0,0,,1.000,-0.106,consecutive observed seasons changed tier; mechanism unverified
ross-county,25/26,24/25,54,55,downward_tier_move,14035340,2025-09-06,arbroath,1,5,1-5,35,173,180,0.961,0,1,1.0,2.0,-1.0,0,,3.000,0.057,consecutive observed seasons changed tier; mechanism unverified
ross-county,25/26,24/25,54,55,downward_tier_move,14035342,2025-09-13,ayr-united,0,6,6-10,35,173,180,0.961,0,1,1.0,1.0,0.0,0,,-3.000,-0.476,consecutive observed seasons changed tier; mechanism unverified
ross-county,25/26,24/25,54,55,downward_tier_move,14035350,2025-09-20,queens-park-fc,1,7,6-10,35,173,180,0.961,0,1,1.0,2.0,-1.0,0,,4.000,0.929,consecutive observed seasons changed tier; mechanism unverified
ross-county,25/26,24/25,54,55,downward_tier_move,14035351,2025-09-27,greenock-morton,0,8,6-10,35,173,180,0.961,0,1,1.0,1.0,0.0,0,,-7.000,-0.137,consecutive observed seasons changed tier; mechanism unverified
ross-county,25/26,24/25,54,55,downward_tier_move,14035358,2025-10-04,raith-rovers,1,9,6-10,35,173,180,0.961,0,1,2.0,0.0,2.0,1,,-3.000,0.811,consecutive observed seasons changed tier; mechanism unverified
ross-county,25/26,24/25,54,55,downward_tier_move,14035367,2025-10-11,st-johnstone,0,10,6-10,35,173,180,0.961,0,1,0.0,0.0,0.0,0,,-8.000,-0.397,consecutive observed seasons changed tier; mechanism unverified
ross-county,25/26,24/25,54,55,downward_tier_move,14035369,2025-10-18,partick-thistle,0,11,11-20,35,173,180,0.961,0,1,0.0,1.0,-1.0,0,,2.000,-0.357,consecutive observed seasons changed tier; mechanism unverified
ross-county,25/26,24/25,54,55,downward_tier_move,14035375,2025-10-25,dunfermline-athletic,1,12,11-20,35,173,180,0.961,0,1,3.0,2.0,1.0,1,,6.000,0.895,consecutive observed seasons changed tier; mechanism unverified
ross-county,25/26,24/25,54,55,downward_tier_move,14035377,2025-11-01,arbroath,0,13,11-20,35,173,180,0.961,0,1,0.0,3.0,-3.0,0,,3.000,0.200,consecutive observed seasons changed tier; mechanism unverified
ross-county,25/26,24/25,54,55,downward_tier_move,14035385,2025-11-08,ayr-united,1,14,11-20,35,173,180,0.961,0,1,3.0,3.0,0.0,0,,-3.000,-0.169,consecutive observed seasons changed tier; mechanism unverified
ross-county,25/26,24/25,54,55,downward_tier_move,14035389,2025-11-15,greenock-morton,1,15,11-20,35,173,180,0.961,0,1,0.0,3.0,-3.0,0,,5.000,-0.197,consecutive observed seasons changed tier; mechanism unverified
ross-county,25/26,24/25,54,55,downward_tier_move,14035400,2025-12-06,airdrieonians,1,16,11-20,35,173,180,0.961,0,1,1.0,2.0,-1.0,0,,5.000,0.300,consecutive observed seasons changed tier; mechanism unverified
ross-county,25/26,24/25,54,55,downward_tier_move,14035404,2025-12-13,raith-rovers,0,17,11-20,35,173,180,0.961,0,1,0.0,6.0,-6.0,0,,-3.000,-2.051,consecutive observed seasons changed tier; mechanism unverified
ross-county,25/26,24/25,54,55,downward_tier_move,14035409,2025-12-20,arbroath,1,18,11-20,35,173,180,0.961,0,1,0.0,2.0,-2.0,0,,5.000,0.595,consecutive observed seasons changed tier; mechanism unverified
ross-county,25/26,24/25,54,55,downward_tier_move,14035420,2025-12-27,st-johnstone,1,19,11-20,35,173,180,0.961,0,1,0.0,0.0,0.0,0,,-10.000,-0.799,consecutive observed seasons changed tier; mechanism unverified
ross-county,25/26,24/25,54,55,downward_tier_move,14035427,2026-01-09,partick-thistle,1,20,11-20,35,173,180,0.961,0,1,2.0,0.0,2.0,1,,-6.000,-0.173,consecutive observed seasons changed tier; mechanism unverified
ross-county,26/27,25/26,55,56,downward_tier_move,16362406,2026-08-01,peterhead,0,1,1-5,7,39,180,0.217,0,0,1.0,0.0,1.0,1,,5.000,0.584,consecutive observed seasons changed tier; mechanism unverified
ross-county,26/27,25/26,55,56,downward_tier_move,16362412,2026-08-08,montrose,1,2,1-5,7,39,180,0.217,0,0,2.0,1.0,1.0,1,,15.000,0.885,consecutive observed seasons changed tier; mechanism unverified
ross-county,26/27,25/26,55,56,downward_tier_move,16362416,2026-08-22,airdrieonians,0,3,1-5,7,39,180,0.217,0,0,3.0,1.0,2.0,1,,6.000,1.080,consecutive observed seasons changed tier; mechanism unverified
ross-county,26/27,25/26,55,56,downward_tier_move,16362430,2026-08-29,east-kilbride,1,4,1-5,7,39,180,0.217,0,0,4.0,0.0,4.0,1,,,,consecutive observed seasons changed tier; mechanism unverified
ross-county,26/27,25/26,55,56,downward_tier_move,16362432,2026-09-05,east-fife,0,5,1-5,7,39,180,0.217,0,0,2.0,2.0,0.0,0,,,,consecutive observed seasons changed tier; mechanism unverified
ross-county,26/27,25/26,55,56,downward_tier_move,16707341,2026-09-15,queen-of-the-south,1,6,6-10,7,39,180,0.217,0,0,8.0,0.0,8.0,1,,,,consecutive observed seasons changed tier; mechanism unverified
ross-county,26/27,25/26,55,56,downward_tier_move,16362442,2026-09-19,cove-rangers,0,7,6-10,7,39,180,0.217,0,0,2.0,0.0,2.0,1,,,,consecutive observed seasons changed tier; mechanism unverified
st-johnstone,25/26,24/25,54,55,downward_tier_move,14035321,2025-08-02,partick-thistle,1,1,1-5,34,173,180,0.961,0,1,5.0,1.0,4.0,1,0.489084,17.000,2.183,consecutive observed seasons changed tier; mechanism unverified
st-johnstone,25/26,24/25,54,55,downward_tier_move,14035327,2025-08-08,ross-county,0,2,1-5,34,173,180,0.961,0,1,1.0,0.0,1.0,1,0.382399,11.000,1.092,consecutive observed seasons changed tier; mechanism unverified
st-johnstone,25/26,24/25,54,55,downward_tier_move,14035331,2025-08-23,arbroath,1,3,1-5,34,173,180,0.961,0,1,3.0,0.0,3.0,1,,16.000,1.840,consecutive observed seasons changed tier; mechanism unverified
st-johnstone,25/26,24/25,54,55,downward_tier_move,14035336,2025-08-30,greenock-morton,1,4,1-5,34,173,180,0.961,0,1,1.0,1.0,0.0,0,,19.000,1.633,consecutive observed seasons changed tier; mechanism unverified
st-johnstone,25/26,24/25,54,55,downward_tier_move,14035343,2025-09-13,raith-rovers,0,5,1-5,34,173,180,0.961,0,1,2.0,0.0,2.0,1,,4.000,0.425,consecutive observed seasons changed tier; mechanism unverified
st-johnstone,25/26,24/25,54,55,downward_tier_move,14035349,2025-09-19,dunfermline-athletic,1,6,6-10,34,173,180,0.961,0,1,2.0,1.0,1.0,1,,1.000,1.212,consecutive observed seasons changed tier; mechanism unverified
st-johnstone,25/26,24/25,54,55,downward_tier_move,14568910,2025-09-23,airdrieonians,0,7,6-10,34,173,180,0.961,0,1,2.0,1.0,1.0,1,,11.000,1.380,consecutive observed seasons changed tier; mechanism unverified
st-johnstone,25/26,24/25,54,55,downward_tier_move,14035353,2025-09-27,queens-park-fc,0,8,6-10,34,173,180,0.961,0,1,2.0,1.0,1.0,1,,0.000,0.180,consecutive observed seasons changed tier; mechanism unverified
st-johnstone,25/26,24/25,54,55,downward_tier_move,14035361,2025-10-04,ayr-united,1,9,6-10,34,173,180,0.961,0,1,0.0,0.0,0.0,0,,1.000,0.199,consecutive observed seasons changed tier; mechanism unverified
st-johnstone,25/26,24/25,54,55,downward_tier_move,14035367,2025-10-11,ross-county,1,10,6-10,34,173,180,0.961,0,1,0.0,0.0,0.0,0,,8.000,0.397,consecutive observed seasons changed tier; mechanism unverified
st-johnstone,25/26,24/25,54,55,downward_tier_move,14035365,2025-10-18,arbroath,0,11,11-20,34,173,180,0.961,0,1,1.0,3.0,-2.0,0,,7.000,0.721,consecutive observed seasons changed tier; mechanism unverified
st-johnstone,25/26,24/25,54,55,downward_tier_move,14035374,2025-10-25,greenock-morton,0,12,11-20,34,173,180,0.961,0,1,4.0,0.0,4.0,1,,10.000,1.051,consecutive observed seasons changed tier; mechanism unverified
st-johnstone,25/26,24/25,54,55,downward_tier_move,14035381,2025-11-01,airdrieonians,1,13,11-20,34,173,180,0.961,0,1,3.0,0.0,3.0,1,,14.000,1.699,consecutive observed seasons changed tier; mechanism unverified
st-johnstone,25/26,24/25,54,55,downward_tier_move,14035382,2025-11-08,dunfermline-athletic,0,14,11-20,34,173,180,0.961,0,1,2.0,2.0,0.0,0,,9.000,1.016,consecutive observed seasons changed tier; mechanism unverified
st-johnstone,25/26,24/25,54,55,downward_tier_move,14035392,2025-11-15,queens-park-fc,1,15,11-20,34,173,180,0.961,0,1,4.0,3.0,1.0,1,,8.000,-0.248,consecutive observed seasons changed tier; mechanism unverified
st-johnstone,25/26,24/25,54,55,downward_tier_move,14035396,2025-11-22,partick-thistle,0,16,11-20,34,173,180,0.961,0,1,1.0,2.0,-1.0,0,,6.000,0.721,consecutive observed seasons changed tier; mechanism unverified
st-johnstone,25/26,24/25,54,55,downward_tier_move,14035399,2025-12-06,raith-rovers,1,17,11-20,34,173,180,0.961,0,1,0.0,0.0,0.0,0,,17.000,1.620,consecutive observed seasons changed tier; mechanism unverified
st-johnstone,25/26,24/25,54,55,downward_tier_move,14035405,2025-12-12,ayr-united,0,18,11-20,34,173,180,0.961,0,1,4.0,2.0,2.0,1,,12.000,1.461,consecutive observed seasons changed tier; mechanism unverified
st-johnstone,25/26,24/25,54,55,downward_tier_move,14035410,2025-12-20,greenock-morton,1,19,11-20,34,173,180,0.961,0,1,5.0,0.0,5.0,1,,7.000,0.888,consecutive observed seasons changed tier; mechanism unverified
st-johnstone,25/26,24/25,54,55,downward_tier_move,14035420,2025-12-27,ross-county,0,20,11-20,34,173,180,0.961,0,1,0.0,0.0,0.0,0,,10.000,0.799,consecutive observed seasons changed tier; mechanism unverified
st-johnstone,26/27,25/26,55,54,upward_tier_move,16362150,2026-08-02,kilmarnock,1,1,1-5,6,36,228,0.158,0,0,4.0,3.0,1.0,1,,8.000,0.945,consecutive observed seasons changed tier; mechanism unverified
st-johnstone,26/27,25/26,55,54,upward_tier_move,16362162,2026-08-08,st-mirren,0,2,1-5,6,36,228,0.158,0,0,0.0,1.0,-1.0,0,,-4.000,-0.152,consecutive observed seasons changed tier; mechanism unverified
st-johnstone,26/27,25/26,55,54,upward_tier_move,16362161,2026-08-29,heart-of-midlothian,0,3,1-5,6,36,228,0.158,0,0,1.0,2.0,-1.0,0,,,,consecutive observed seasons changed tier; mechanism unverified
st-johnstone,26/27,25/26,55,54,upward_tier_move,16361996,2026-09-02,dundee-fc,0,4,1-5,6,36,228,0.158,0,0,1.0,1.0,0.0,0,,,,consecutive observed seasons changed tier; mechanism unverified
st-johnstone,26/27,25/26,55,54,upward_tier_move,16362012,2026-09-06,hibernian,1,5,1-5,6,36,228,0.158,0,0,2.0,1.0,1.0,1,,,,consecutive observed seasons changed tier; mechanism unverified
st-johnstone,26/27,25/26,55,54,upward_tier_move,16956658,2026-09-09,celtic,1,6,6-10,6,36,228,0.158,0,0,0.0,1.0,-1.0,0,,,,consecutive observed seasons changed tier; mechanism unverified
livingston,24/25,23/24,54,55,downward_tier_move,12477137,2024-08-03,dunfermline-athletic,1,1,1-5,36,179,180,0.994,0,1,2.0,0.0,2.0,1,,4.000,0.775,consecutive observed seasons changed tier; mechanism unverified
livingston,24/25,23/24,54,55,downward_tier_move,12476942,2024-08-09,queens-park-fc,0,2,1-5,36,179,180,0.994,0,1,1.0,1.0,0.0,0,,2.000,0.147,consecutive observed seasons changed tier; mechanism unverified
livingston,24/25,23/24,54,55,downward_tier_move,12476936,2024-08-24,greenock-morton,1,3,1-5,36,179,180,0.994,0,1,1.0,1.0,0.0,0,,12.000,1.011,consecutive observed seasons changed tier; mechanism unverified
livingston,24/25,23/24,54,55,downward_tier_move,12476930,2024-08-31,raith-rovers,0,4,1-5,36,179,180,0.994,0,1,1.0,0.0,1.0,1,,-5.000,-0.437,consecutive observed seasons changed tier; mechanism unverified
livingston,24/25,23/24,54,55,downward_tier_move,12476927,2024-09-14,hamilton-academical,1,5,1-5,36,179,180,0.994,0,1,3.0,0.0,3.0,1,,12.000,2.043,consecutive observed seasons changed tier; mechanism unverified
livingston,24/25,23/24,54,55,downward_tier_move,12476918,2024-09-28,airdrieonians,1,6,6-10,36,179,180,0.994,0,1,2.0,1.0,1.0,1,0.694175,6.000,0.399,consecutive observed seasons changed tier; mechanism unverified
livingston,24/25,23/24,54,55,downward_tier_move,12473106,2024-10-05,partick-thistle,0,7,6-10,36,179,180,0.994,0,1,0.0,0.0,0.0,0,,-3.000,-0.174,consecutive observed seasons changed tier; mechanism unverified
livingston,24/25,23/24,54,55,downward_tier_move,12874628,2024-10-08,falkirk-fc,0,8,6-10,36,179,180,0.994,0,1,0.0,0.0,0.0,0,0.170644,-7.000,-1.078,consecutive observed seasons changed tier; mechanism unverified
livingston,24/25,23/24,54,55,downward_tier_move,12473114,2024-10-19,ayr-united,0,9,6-10,36,179,180,0.994,0,1,2.0,1.0,1.0,1,0.314913,-14.000,-1.708,consecutive observed seasons changed tier; mechanism unverified
livingston,24/25,23/24,54,55,downward_tier_move,12473121,2024-10-26,raith-rovers,1,10,6-10,36,179,180,0.994,0,1,2.0,1.0,1.0,1,0.506377,-2.000,-0.072,consecutive observed seasons changed tier; mechanism unverified
livingston,24/25,23/24,54,55,downward_tier_move,12473120,2024-10-29,dunfermline-athletic,0,11,11-20,36,179,180,0.994,0,1,0.0,3.0,-3.0,0,0.381700,-9.000,-1.586,consecutive observed seasons changed tier; mechanism unverified
livingston,24/25,23/24,54,55,downward_tier_move,12476913,2024-11-02,queens-park-fc,1,12,11-20,36,179,180,0.994,0,1,1.0,1.0,0.0,0,0.507463,6.000,1.765,consecutive observed seasons changed tier; mechanism unverified
livingston,24/25,23/24,54,55,downward_tier_move,12476910,2024-11-09,hamilton-academical,0,13,11-20,36,179,180,0.994,0,1,3.0,1.0,2.0,1,0.432675,3.000,0.267,consecutive observed seasons changed tier; mechanism unverified
livingston,24/25,23/24,54,55,downward_tier_move,12476902,2024-11-16,falkirk-fc,1,14,11-20,36,179,180,0.994,0,1,1.0,0.0,1.0,1,,1.000,0.167,consecutive observed seasons changed tier; mechanism unverified
livingston,24/25,23/24,54,55,downward_tier_move,12476890,2024-12-07,greenock-morton,0,15,11-20,36,179,180,0.994,0,1,0.0,0.0,0.0,0,0.509823,4.000,0.154,consecutive observed seasons changed tier; mechanism unverified
livingston,24/25,23/24,54,55,downward_tier_move,12476885,2024-12-13,partick-thistle,1,16,11-20,36,179,180,0.994,0,1,2.0,0.0,2.0,1,0.424865,10.000,0.782,consecutive observed seasons changed tier; mechanism unverified
livingston,24/25,23/24,54,55,downward_tier_move,13179036,2024-12-17,airdrieonians,0,17,11-20,36,179,180,0.994,0,1,3.0,0.0,3.0,1,0.625080,2.000,1.131,consecutive observed seasons changed tier; mechanism unverified
livingston,24/25,23/24,54,55,downward_tier_move,12476882,2024-12-21,ayr-united,1,18,11-20,36,179,180,0.994,0,1,0.0,1.0,-1.0,0,0.456923,4.000,-0.360,consecutive observed seasons changed tier; mechanism unverified
livingston,24/25,23/24,54,55,downward_tier_move,12476876,2024-12-28,raith-rovers,0,19,11-20,36,179,180,0.994,0,1,1.0,2.0,-1.0,0,0.439585,2.000,0.749,consecutive observed seasons changed tier; mechanism unverified
livingston,24/25,23/24,54,55,downward_tier_move,12476875,2025-01-04,queens-park-fc,0,20,11-20,36,179,180,0.994,0,1,0.0,2.0,-2.0,0,0.477882,9.000,0.484,consecutive observed seasons changed tier; mechanism unverified
livingston,25/26,24/25,55,54,upward_tier_move,14035141,2025-08-02,kilmarnock,0,1,1-5,33,198,228,0.868,0,1,2.0,2.0,0.0,0,0.286208,7.000,1.379,consecutive observed seasons changed tier; mechanism unverified
livingston,25/26,24/25,55,54,upward_tier_move,14035137,2025-08-09,falkirk-fc,1,2,1-5,33,198,228,0.868,0,1,3.0,1.0,2.0,1,0.364070,1.000,0.569,consecutive observed seasons changed tier; mechanism unverified
livingston,25/26,24/25,55,54,upward_tier_move,14035127,2025-08-23,celtic,0,3,1-5,33,198,228,0.868,0,1,0.0,3.0,-3.0,0,0.065200,-13.000,-1.829,consecutive observed seasons changed tier; mechanism unverified
livingston,25/26,24/25,55,54,upward_tier_move,14035128,2025-08-30,heart-of-midlothian,1,4,1-5,33,198,228,0.868,0,1,1.0,2.0,-1.0,0,0.230094,-8.000,-0.365,consecutive observed seasons changed tier; mechanism unverified
livingston,25/26,24/25,55,54,upward_tier_move,14035121,2025-09-13,aberdeen,0,5,1-5,33,198,228,0.868,0,1,0.0,0.0,0.0,0,0.199944,-10.000,-0.870,consecutive observed seasons changed tier; mechanism unverified
livingston,25/26,24/25,55,54,upward_tier_move,14035172,2025-09-20,dundee-fc,0,6,6-10,33,198,228,0.868,0,1,2.0,3.0,-1.0,0,0.406540,-2.000,-1.263,consecutive observed seasons changed tier; mechanism unverified
livingston,25/26,24/25,55,54,upward_tier_move,14035151,2025-09-28,rangers,1,7,6-10,33,198,228,0.868,0,1,1.0,2.0,-1.0,0,0.150634,-6.000,-2.142,consecutive observed seasons changed tier; mechanism unverified
livingston,25/26,24/25,55,54,upward_tier_move,14035155,2025-10-04,dundee-united,0,8,6-10,33,198,228,0.868,0,1,1.0,1.0,0.0,0,,-12.000,-1.944,consecutive observed seasons changed tier; mechanism unverified
livingston,25/26,24/25,55,54,upward_tier_move,14035160,2025-10-18,hibernian,0,9,6-10,33,198,228,0.868,0,1,0.0,4.0,-4.0,0,0.155709,-15.000,-3.043,consecutive observed seasons changed tier; mechanism unverified
livingston,25/26,24/25,55,54,upward_tier_move,14035171,2025-10-25,motherwell,1,10,6-10,33,198,228,0.868,0,1,1.0,2.0,-1.0,0,0.302809,-4.000,0.153,consecutive observed seasons changed tier; mechanism unverified
livingston,25/26,24/25,55,54,upward_tier_move,14035209,2025-11-01,hibernian,1,11,11-20,33,198,228,0.868,0,1,2.0,2.0,0.0,0,0.261816,3.000,1.616,consecutive observed seasons changed tier; mechanism unverified
livingston,25/26,24/25,55,54,upward_tier_move,14035187,2025-11-08,falkirk-fc,0,12,11-20,33,198,228,0.868,0,1,1.0,1.0,0.0,0,0.245142,-1.000,-0.988,consecutive observed seasons changed tier; mechanism unverified
livingston,25/26,24/25,55,54,upward_tier_move,14035195,2025-11-22,rangers,0,13,11-20,33,198,228,0.868,0,1,1.0,2.0,-1.0,0,0.079820,0.000,0.275,consecutive observed seasons changed tier; mechanism unverified
livingston,25/26,24/25,55,54,upward_tier_move,14035199,2025-11-30,aberdeen,1,14,11-20,33,198,228,0.868,0,1,0.0,1.0,-1.0,0,0.347104,1.000,0.568,consecutive observed seasons changed tier; mechanism unverified
livingston,25/26,24/25,55,54,upward_tier_move,14035212,2025-12-06,motherwell,0,15,11-20,33,198,228,0.868,0,1,0.0,3.0,-3.0,0,0.195730,-2.000,-0.998,consecutive observed seasons changed tier; mechanism unverified
livingston,25/26,24/25,55,54,upward_tier_move,14035221,2025-12-13,dundee-fc,1,16,11-20,33,198,228,0.868,0,1,2.0,2.0,0.0,0,,9.000,1.422,consecutive observed seasons changed tier; mechanism unverified
livingston,25/26,24/25,55,54,upward_tier_move,14035224,2025-12-20,st-mirren,0,17,11-20,33,198,228,0.868,0,1,0.0,1.0,-1.0,0,0.208451,-12.000,-2.425,consecutive observed seasons changed tier; mechanism unverified
livingston,25/26,24/25,55,54,upward_tier_move,14035228,2025-12-27,celtic,1,18,11-20,33,198,228,0.868,0,1,2.0,4.0,-2.0,0,0.112903,-4.000,-2.118,consecutive observed seasons changed tier; mechanism unverified
livingston,25/26,24/25,55,54,upward_tier_move,14035234,2025-12-30,dundee-united,1,19,11-20,33,198,228,0.868,0,1,1.0,3.0,-2.0,0,0.412286,-11.000,-3.028,consecutive observed seasons changed tier; mechanism unverified
livingston,25/26,24/25,55,54,upward_tier_move,14035238,2026-01-03,heart-of-midlothian,0,20,11-20,33,198,228,0.868,0,1,0.0,1.0,-1.0,0,0.055715,-7.000,-1.707,consecutive observed seasons changed tier; mechanism unverified
livingston,26/27,25/26,54,55,downward_tier_move,16362198,2026-08-01,queens-park-fc,1,1,1-5,6,31,180,0.172,0,0,2.0,0.0,2.0,1,,14.000,1.173,consecutive observed seasons changed tier; mechanism unverified
livingston,26/27,25/26,54,55,downward_tier_move,16362199,2026-08-07,partick-thistle,0,2,1-5,6,31,180,0.172,0,0,0.0,2.0,-2.0,0,,-5.000,-0.447,consecutive observed seasons changed tier; mechanism unverified
livingston,26/27,25/26,54,55,downward_tier_move,16362207,2026-08-22,dunfermline-athletic,1,3,1-5,6,31,180,0.172,0,0,2.0,0.0,2.0,1,,-3.000,-0.487,consecutive observed seasons changed tier; mechanism unverified
livingston,26/27,25/26,54,55,downward_tier_move,16362210,2026-08-29,arbroath,0,4,1-5,6,31,180,0.172,0,0,0.0,1.0,-1.0,0,,,,consecutive observed seasons changed tier; mechanism unverified
livingston,26/27,25/26,54,55,downward_tier_move,16362218,2026-09-04,stenhousemuir,1,5,1-5,6,31,180,0.172,0,0,0.0,1.0,-1.0,0,,,,consecutive observed seasons changed tier; mechanism unverified
livingston,26/27,25/26,54,55,downward_tier_move,16362222,2026-09-11,greenock-morton,0,6,6-10,6,31,180,0.172,0,0,4.0,1.0,3.0,1,,,,consecutive observed seasons changed tier; mechanism unverified
queen-of-the-south,22/23,21/22,55,56,downward_tier_move,10387835,2022-07-30,clyde-fc,1,1,1-5,36,180,180,1.000,1,1,1.0,4.0,-3.0,0,0.621176,0.000,,consecutive observed seasons changed tier; mechanism unverified
queen-of-the-south,22/23,21/22,55,56,downward_tier_move,10387830,2022-08-06,montrose,0,2,1-5,36,180,180,1.000,1,1,0.0,0.0,0.0,0,0.345330,1.000,,consecutive observed seasons changed tier; mechanism unverified
queen-of-the-south,22/23,21/22,55,56,downward_tier_move,10387840,2022-08-13,airdrieonians,1,3,1-5,36,180,180,1.000,1,1,1.0,1.0,0.0,0,0.311522,6.000,,consecutive observed seasons changed tier; mechanism unverified
queen-of-the-south,22/23,21/22,55,56,downward_tier_move,10387872,2022-08-20,peterhead,0,4,1-5,36,180,180,1.000,1,1,4.0,1.0,3.0,1,0.564063,6.000,,consecutive observed seasons changed tier; mechanism unverified
queen-of-the-south,22/23,21/22,55,56,downward_tier_move,10387858,2022-08-27,falkirk-fc,0,5,1-5,36,180,180,1.000,1,1,1.0,3.0,-2.0,0,0.326945,-6.000,,consecutive observed seasons changed tier; mechanism unverified
queen-of-the-south,22/23,21/22,55,56,downward_tier_move,10387891,2022-09-03,dunfermline-athletic,1,6,6-10,36,180,180,1.000,1,1,0.0,2.0,-2.0,0,0.318304,-9.000,,consecutive observed seasons changed tier; mechanism unverified
queen-of-the-south,22/23,21/22,55,56,downward_tier_move,10387888,2022-09-17,edinburgh-city-fc,1,7,6-10,36,180,180,1.000,1,1,4.0,1.0,3.0,1,0.463509,16.000,,consecutive observed seasons changed tier; mechanism unverified
queen-of-the-south,22/23,21/22,55,56,downward_tier_move,10387903,2022-10-01,alloa-athletic,1,8,6-10,36,180,180,1.000,1,1,1.0,1.0,0.0,0,0.473373,10.000,,consecutive observed seasons changed tier; mechanism unverified
queen-of-the-south,22/23,21/22,55,56,downward_tier_move,10387900,2022-10-08,airdrieonians,0,9,6-10,36,180,180,1.000,1,1,3.0,3.0,0.0,0,0.243389,3.000,,consecutive observed seasons changed tier; mechanism unverified
queen-of-the-south,22/23,21/22,55,56,downward_tier_move,10698037,2022-10-11,kelty-hearts-fc,0,10,6-10,36,180,180,1.000,1,1,0.0,1.0,-1.0,0,0.412205,2.000,,consecutive observed seasons changed tier; mechanism unverified
queen-of-the-south,22/23,21/22,55,56,downward_tier_move,10387972,2022-10-15,peterhead,1,11,11-20,36,180,180,1.000,1,1,2.0,0.0,2.0,1,0.677503,6.000,,consecutive observed seasons changed tier; mechanism unverified
queen-of-the-south,22/23,21/22,55,56,downward_tier_move,10388167,2022-10-22,clyde-fc,0,12,11-20,36,180,180,1.000,1,1,2.0,1.0,1.0,1,0.575080,-5.000,,consecutive observed seasons changed tier; mechanism unverified
queen-of-the-south,22/23,21/22,55,56,downward_tier_move,10387952,2022-10-29,falkirk-fc,1,13,11-20,36,180,180,1.000,1,1,1.0,3.0,-2.0,0,0.354319,-7.000,,consecutive observed seasons changed tier; mechanism unverified
queen-of-the-south,22/23,21/22,55,56,downward_tier_move,10387931,2022-11-05,edinburgh-city-fc,0,14,11-20,36,180,180,1.000,1,1,3.0,0.0,3.0,1,0.443200,6.000,,consecutive observed seasons changed tier; mechanism unverified
queen-of-the-south,22/23,21/22,55,56,downward_tier_move,10387923,2022-11-12,alloa-athletic,0,15,11-20,36,180,180,1.000,1,1,1.0,5.0,-4.0,0,0.368644,-4.000,,consecutive observed seasons changed tier; mechanism unverified
queen-of-the-south,22/23,21/22,55,56,downward_tier_move,10387933,2022-11-19,montrose,1,16,11-20,36,180,180,1.000,1,1,4.0,0.0,4.0,1,0.401408,5.000,,consecutive observed seasons changed tier; mechanism unverified
queen-of-the-south,22/23,21/22,55,56,downward_tier_move,10387927,2022-12-03,dunfermline-athletic,0,17,11-20,36,180,180,1.000,1,1,1.0,1.0,0.0,0,0.247788,2.000,,consecutive observed seasons changed tier; mechanism unverified
queen-of-the-south,22/23,21/22,55,56,downward_tier_move,10387896,2022-12-17,kelty-hearts-fc,1,18,11-20,36,180,180,1.000,1,1,1.0,2.0,-1.0,0,0.538101,-3.000,,consecutive observed seasons changed tier; mechanism unverified
queen-of-the-south,22/23,21/22,55,56,downward_tier_move,10387898,2022-12-23,falkirk-fc,0,19,11-20,36,180,180,1.000,1,1,2.0,5.0,-3.0,0,0.242905,-4.000,,consecutive observed seasons changed tier; mechanism unverified
queen-of-the-south,22/23,21/22,55,56,downward_tier_move,10387967,2022-12-31,clyde-fc,1,20,11-20,36,180,180,1.000,1,1,1.0,0.0,1.0,1,0.512195,0.000,,consecutive observed seasons changed tier; mechanism unverified
alloa-athletic,21/22,20/21,55,56,downward_tier_move,9574026,2021-07-31,peterhead,0,1,1-5,36,180,180,1.000,1,1,0.0,2.0,-2.0,0,0.354877,-8.000,,consecutive observed seasons changed tier; mechanism unverified
alloa-athletic,21/22,20/21,55,56,downward_tier_move,9574554,2021-08-07,east-fife,1,2,1-5,36,180,180,1.000,1,1,3.0,1.0,2.0,1,0.422072,-9.000,,consecutive observed seasons changed tier; mechanism unverified
alloa-athletic,21/22,20/21,55,56,downward_tier_move,9574366,2021-08-14,clyde-fc,0,3,1-5,36,180,180,1.000,1,1,1.0,2.0,-1.0,0,0.375893,6.000,,consecutive observed seasons changed tier; mechanism unverified
alloa-athletic,21/22,20/21,55,56,downward_tier_move,9574144,2021-08-21,queens-park-fc,1,4,1-5,36,180,180,1.000,1,1,1.0,1.0,0.0,0,0.270376,-3.000,,consecutive observed seasons changed tier; mechanism unverified
alloa-athletic,21/22,20/21,55,56,downward_tier_move,9574047,2021-09-11,falkirk-fc,1,5,1-5,36,180,180,1.000,1,1,2.0,0.0,2.0,1,0.253903,0.000,,consecutive observed seasons changed tier; mechanism unverified
alloa-athletic,21/22,20/21,55,56,downward_tier_move,9780717,2021-09-14,airdrieonians,0,6,6-10,36,180,180,1.000,1,1,1.0,2.0,-1.0,0,0.308269,3.000,,consecutive observed seasons changed tier; mechanism unverified
alloa-athletic,21/22,20/21,55,56,downward_tier_move,9574292,2021-09-18,montrose,0,7,6-10,36,180,180,1.000,1,1,2.0,0.0,2.0,1,0.222456,1.000,,consecutive observed seasons changed tier; mechanism unverified
alloa-athletic,21/22,20/21,55,56,downward_tier_move,9574041,2021-09-25,dumbarton,0,8,6-10,36,180,180,1.000,1,1,1.0,1.0,0.0,0,0.371179,-2.000,,consecutive observed seasons changed tier; mechanism unverified
alloa-athletic,21/22,20/21,55,56,downward_tier_move,9574133,2021-10-02,cove-rangers,1,9,6-10,36,180,180,1.000,1,1,1.0,3.0,-2.0,0,0.270598,-8.000,,consecutive observed seasons changed tier; mechanism unverified
alloa-athletic,21/22,20/21,55,56,downward_tier_move,9574311,2021-10-16,peterhead,1,10,6-10,36,180,180,1.000,1,1,2.0,4.0,-2.0,0,0.416273,-11.000,,consecutive observed seasons changed tier; mechanism unverified
alloa-athletic,21/22,20/21,55,56,downward_tier_move,9574159,2021-10-24,queens-park-fc,0,11,11-20,36,180,180,1.000,1,1,4.0,3.0,1.0,1,0.135508,2.000,,consecutive observed seasons changed tier; mechanism unverified
alloa-athletic,21/22,20/21,55,56,downward_tier_move,9574158,2021-10-30,airdrieonians,1,12,11-20,36,180,180,1.000,1,1,2.0,1.0,1.0,1,0.315155,2.000,,consecutive observed seasons changed tier; mechanism unverified
alloa-athletic,21/22,20/21,55,56,downward_tier_move,9574122,2021-11-06,falkirk-fc,0,13,11-20,36,180,180,1.000,1,1,1.0,1.0,0.0,0,,-2.000,,consecutive observed seasons changed tier; mechanism unverified
alloa-athletic,21/22,20/21,55,56,downward_tier_move,9574104,2021-11-13,montrose,1,14,11-20,36,180,180,1.000,1,1,2.0,2.0,0.0,0,0.319301,5.000,,consecutive observed seasons changed tier; mechanism unverified
alloa-athletic,21/22,20/21,55,56,downward_tier_move,9574151,2021-11-20,dumbarton,1,15,11-20,36,180,180,1.000,1,1,1.0,2.0,-1.0,0,0.558910,2.000,,consecutive observed seasons changed tier; mechanism unverified
alloa-athletic,21/22,20/21,55,56,downward_tier_move,9574495,2021-12-04,east-fife,0,16,11-20,36,180,180,1.000,1,1,1.0,1.0,0.0,0,0.419664,-5.000,,consecutive observed seasons changed tier; mechanism unverified
alloa-athletic,21/22,20/21,55,56,downward_tier_move,9574413,2021-12-11,clyde-fc,1,17,11-20,36,180,180,1.000,1,1,0.0,1.0,-1.0,0,0.580691,8.000,,consecutive observed seasons changed tier; mechanism unverified
alloa-athletic,21/22,20/21,55,56,downward_tier_move,9574345,2021-12-18,cove-rangers,0,18,11-20,36,180,180,1.000,1,1,0.0,3.0,-3.0,0,0.146977,-4.000,,consecutive observed seasons changed tier; mechanism unverified
alloa-athletic,21/22,20/21,55,56,downward_tier_move,9574251,2021-12-26,airdrieonians,0,19,11-20,36,180,180,1.000,1,1,1.0,3.0,-2.0,0,0.225183,-6.000,,consecutive observed seasons changed tier; mechanism unverified
alloa-athletic,21/22,20/21,55,56,downward_tier_move,9574381,2022-01-08,montrose,0,20,11-20,36,180,180,1.000,1,1,1.0,1.0,0.0,0,0.231107,-4.000,,consecutive observed seasons changed tier; mechanism unverified
dundee-fc,21/22,20/21,55,54,upward_tier_move,9573900,2021-07-31,st-mirren,1,1,1-5,33,198,228,0.868,0,1,2.0,2.0,0.0,0,0.339372,-3.000,,consecutive observed seasons changed tier; mechanism unverified
dundee-fc,21/22,20/21,55,54,upward_tier_move,9573823,2021-08-08,celtic,0,2,1-5,33,198,228,0.868,0,1,0.0,6.0,-6.0,0,0.060895,-28.000,,consecutive observed seasons changed tier; mechanism unverified
dundee-fc,21/22,20/21,55,54,upward_tier_move,9573903,2021-08-22,hibernian,1,3,1-5,33,198,228,0.868,0,1,2.0,2.0,0.0,0,0.294118,-4.000,,consecutive observed seasons changed tier; mechanism unverified
dundee-fc,21/22,20/21,55,54,upward_tier_move,9573860,2021-08-28,motherwell,0,4,1-5,33,198,228,0.868,0,1,0.0,1.0,-1.0,0,0.289467,11.000,,consecutive observed seasons changed tier; mechanism unverified
dundee-fc,21/22,20/21,55,54,upward_tier_move,9573898,2021-09-11,livingston,1,5,1-5,33,198,228,0.868,0,1,0.0,0.0,0.0,0,0.377287,9.000,,consecutive observed seasons changed tier; mechanism unverified
dundee-fc,21/22,20/21,55,54,upward_tier_move,9573864,2021-09-19,dundee-united,0,6,6-10,33,198,228,0.868,0,1,0.0,1.0,-1.0,0,0.317497,-6.000,,consecutive observed seasons changed tier; mechanism unverified
dundee-fc,21/22,20/21,55,54,upward_tier_move,9573854,2021-09-25,rangers,1,7,6-10,33,198,228,0.868,0,1,0.0,1.0,-1.0,0,0.076285,-5.000,,consecutive observed seasons changed tier; mechanism unverified
dundee-fc,21/22,20/21,55,54,upward_tier_move,9573852,2021-10-02,st-johnstone,0,8,6-10,33,198,228,0.868,0,1,1.0,3.0,-2.0,0,0.226364,-3.000,,consecutive observed seasons changed tier; mechanism unverified
dundee-fc,21/22,20/21,55,54,upward_tier_move,9574168,2021-10-16,aberdeen,1,9,6-10,33,198,228,0.868,0,1,2.0,1.0,1.0,1,0.324043,-8.000,,consecutive observed seasons changed tier; mechanism unverified
dundee-fc,21/22,20/21,55,54,upward_tier_move,9574069,2021-10-23,heart-of-midlothian,0,10,6-10,33,198,228,0.868,0,1,1.0,1.0,0.0,0,,-15.000,,consecutive observed seasons changed tier; mechanism unverified
dundee-fc,21/22,20/21,55,54,upward_tier_move,9574281,2021-10-27,ross-county,1,11,11-20,33,198,228,0.868,0,1,0.0,5.0,-5.0,0,0.470894,-7.000,,consecutive observed seasons changed tier; mechanism unverified
dundee-fc,21/22,20/21,55,54,upward_tier_move,9574120,2021-10-30,st-mirren,0,12,11-20,33,198,228,0.868,0,1,1.0,0.0,1.0,1,0.258140,-8.000,,consecutive observed seasons changed tier; mechanism unverified
dundee-fc,21/22,20/21,55,54,upward_tier_move,9573850,2021-11-07,celtic,1,13,11-20,33,198,228,0.868,0,1,2.0,4.0,-2.0,0,0.074016,-19.000,,consecutive observed seasons changed tier; mechanism unverified
dundee-fc,21/22,20/21,55,54,upward_tier_move,9574089,2021-11-27,motherwell,1,14,11-20,33,198,228,0.868,0,1,3.0,0.0,3.0,1,0.402866,2.000,,consecutive observed seasons changed tier; mechanism unverified
dundee-fc,21/22,20/21,55,54,upward_tier_move,9574068,2021-12-01,st-johnstone,1,15,11-20,33,198,228,0.868,0,1,1.0,0.0,1.0,1,0.348033,10.000,,consecutive observed seasons changed tier; mechanism unverified
dundee-fc,21/22,20/21,55,54,upward_tier_move,9573840,2021-12-04,rangers,0,16,11-20,33,198,228,0.868,0,1,0.0,3.0,-3.0,0,0.039836,-21.000,,consecutive observed seasons changed tier; mechanism unverified
dundee-fc,21/22,20/21,55,54,upward_tier_move,9573936,2021-12-11,ross-county,0,17,11-20,33,198,228,0.868,0,1,2.0,3.0,-1.0,0,0.258497,7.000,,consecutive observed seasons changed tier; mechanism unverified
dundee-fc,21/22,20/21,55,54,upward_tier_move,9574099,2021-12-14,hibernian,0,18,11-20,33,198,228,0.868,0,1,0.0,1.0,-1.0,0,0.165854,-7.000,,consecutive observed seasons changed tier; mechanism unverified
dundee-fc,21/22,20/21,55,54,upward_tier_move,9573935,2021-12-18,heart-of-midlothian,1,19,11-20,33,198,228,0.868,0,1,0.0,1.0,-1.0,0,0.221002,-9.000,,consecutive observed seasons changed tier; mechanism unverified
dundee-fc,21/22,20/21,55,54,upward_tier_move,9573765,2021-12-26,aberdeen,0,20,11-20,33,198,228,0.868,0,1,1.0,2.0,-1.0,0,0.124364,-17.000,,consecutive observed seasons changed tier; mechanism unverified
dundee-fc,22/23,21/22,54,55,downward_tier_move,10387724,2022-07-30,partick-thistle,1,1,1-5,36,180,180,1.000,1,1,2.0,3.0,-1.0,0,0.489084,3.000,,consecutive observed seasons changed tier; mechanism unverified
dundee-fc,22/23,21/22,54,55,downward_tier_move,10387746,2022-08-06,raith-rovers,0,2,1-5,36,180,180,1.000,1,1,1.0,0.0,1.0,1,0.433735,3.000,,consecutive observed seasons changed tier; mechanism unverified
dundee-fc,22/23,21/22,54,55,downward_tier_move,10387798,2022-08-12,arbroath,1,3,1-5,36,180,180,1.000,1,1,4.0,2.0,2.0,1,0.496290,4.000,,consecutive observed seasons changed tier; mechanism unverified
dundee-fc,22/23,21/22,54,55,downward_tier_move,10387735,2022-08-20,greenock-morton,0,4,1-5,36,180,180,1.000,1,1,0.0,0.0,0.0,0,0.459822,-3.000,,consecutive observed seasons changed tier; mechanism unverified
dundee-fc,22/23,21/22,54,55,downward_tier_move,10387796,2022-08-26,ayr-united,0,5,1-5,36,180,180,1.000,1,1,1.0,3.0,-2.0,0,0.344948,-2.000,,consecutive observed seasons changed tier; mechanism unverified
dundee-fc,22/23,21/22,54,55,downward_tier_move,10387743,2022-09-03,queens-park-fc,1,6,6-10,36,180,180,1.000,1,1,3.0,0.0,3.0,1,0.583032,2.000,,consecutive observed seasons changed tier; mechanism unverified
dundee-fc,22/23,21/22,54,55,downward_tier_move,10387631,2022-09-17,inverness-caledonian-thistle,1,7,6-10,36,180,180,1.000,1,1,2.0,3.0,-1.0,0,0.502900,0.000,,consecutive observed seasons changed tier; mechanism unverified
dundee-fc,22/23,21/22,54,55,downward_tier_move,10387640,2022-10-01,hamilton-academical,0,8,6-10,36,180,180,1.000,1,1,2.0,0.0,2.0,1,0.484584,4.000,,consecutive observed seasons changed tier; mechanism unverified
dundee-fc,22/23,21/22,54,55,downward_tier_move,10698045,2022-10-04,cove-rangers,0,9,6-10,36,180,180,1.000,1,1,1.0,3.0,-2.0,0,,1.000,,consecutive observed seasons changed tier; mechanism unverified
dundee-fc,22/23,21/22,54,55,downward_tier_move,10387634,2022-10-08,arbroath,0,10,6-10,36,180,180,1.000,1,1,1.0,1.0,0.0,0,0.471079,-1.000,,consecutive observed seasons changed tier; mechanism unverified
dundee-fc,22/23,21/22,54,55,downward_tier_move,10387656,2022-10-15,ayr-united,1,11,11-20,36,180,180,1.000,1,1,2.0,1.0,1.0,1,0.462725,1.000,,consecutive observed seasons changed tier; mechanism unverified
dundee-fc,22/23,21/22,54,55,downward_tier_move,10387658,2022-10-22,greenock-morton,1,12,11-20,36,180,180,1.000,1,1,0.0,0.0,0.0,0,0.524044,5.000,,consecutive observed seasons changed tier; mechanism unverified
dundee-fc,22/23,21/22,54,55,downward_tier_move,10387661,2022-10-28,queens-park-fc,0,13,11-20,36,180,180,1.000,1,1,2.0,2.0,0.0,0,0.435956,3.000,,consecutive observed seasons changed tier; mechanism unverified
dundee-fc,22/23,21/22,54,55,downward_tier_move,10387788,2022-11-05,partick-thistle,0,14,11-20,36,180,180,1.000,1,1,3.0,2.0,1.0,1,0.408511,8.000,,consecutive observed seasons changed tier; mechanism unverified
dundee-fc,22/23,21/22,54,55,downward_tier_move,10387666,2022-11-12,raith-rovers,1,15,11-20,36,180,180,1.000,1,1,2.0,0.0,2.0,1,0.470719,9.000,,consecutive observed seasons changed tier; mechanism unverified
dundee-fc,22/23,21/22,54,55,downward_tier_move,10387668,2022-11-19,hamilton-academical,1,16,11-20,36,180,180,1.000,1,1,1.0,0.0,1.0,1,0.630604,1.000,,consecutive observed seasons changed tier; mechanism unverified
dundee-fc,22/23,21/22,54,55,downward_tier_move,10387687,2022-12-03,inverness-caledonian-thistle,0,17,11-20,36,180,180,1.000,1,1,1.0,0.0,1.0,1,0.474308,-4.000,,consecutive observed seasons changed tier; mechanism unverified
dundee-fc,22/23,21/22,54,55,downward_tier_move,10387786,2022-12-23,ayr-united,0,18,11-20,36,180,180,1.000,1,1,2.0,0.0,2.0,1,0.455097,3.000,,consecutive observed seasons changed tier; mechanism unverified
dundee-fc,22/23,21/22,54,55,downward_tier_move,10387694,2023-01-02,arbroath,1,19,11-20,36,180,180,1.000,1,1,2.0,4.0,-2.0,0,0.703733,-3.000,,consecutive observed seasons changed tier; mechanism unverified
dundee-fc,22/23,21/22,54,55,downward_tier_move,10387697,2023-01-06,raith-rovers,0,20,11-20,36,180,180,1.000,1,1,1.0,1.0,0.0,0,,8.000,,consecutive observed seasons changed tier; mechanism unverified
dundee-fc,23/24,22/23,55,54,upward_tier_move,11393251,2023-08-05,motherwell,1,1,1-5,33,198,228,0.868,0,1,1.0,1.0,0.0,0,0.412389,4.000,0.075,consecutive observed seasons changed tier; mechanism unverified
dundee-fc,23/24,22/23,55,54,upward_tier_move,11393261,2023-08-12,st-mirren,0,2,1-5,33,198,228,0.868,0,1,1.0,2.0,-1.0,0,0.270495,-8.000,-0.158,consecutive observed seasons changed tier; mechanism unverified
dundee-fc,23/24,22/23,55,54,upward_tier_move,11393263,2023-08-27,heart-of-midlothian,1,3,1-5,33,198,228,0.868,0,1,1.0,0.0,1.0,1,0.312283,2.000,0.010,consecutive observed seasons changed tier; mechanism unverified
dundee-fc,23/24,22/23,55,54,upward_tier_move,11393272,2023-09-02,st-johnstone,0,4,1-5,33,198,228,0.868,0,1,2.0,2.0,0.0,0,0.388249,4.000,0.632,consecutive observed seasons changed tier; mechanism unverified
dundee-fc,23/24,22/23,55,54,upward_tier_move,11393274,2023-09-16,celtic,0,5,1-5,33,198,228,0.868,0,1,0.0,3.0,-3.0,0,0.058485,-16.000,-1.175,consecutive observed seasons changed tier; mechanism unverified
dundee-fc,23/24,22/23,55,54,upward_tier_move,11393281,2023-09-23,kilmarnock,1,6,6-10,33,198,228,0.868,0,1,2.0,2.0,0.0,0,0.393740,-13.000,-0.842,consecutive observed seasons changed tier; mechanism unverified
dundee-fc,23/24,22/23,55,54,upward_tier_move,11393286,2023-09-30,hibernian,0,7,6-10,33,198,228,0.868,0,1,0.0,0.0,0.0,0,0.169952,-12.000,-2.559,consecutive observed seasons changed tier; mechanism unverified
dundee-fc,23/24,22/23,55,54,upward_tier_move,11742862,2023-10-24,ross-county,1,8,6-10,33,198,228,0.868,0,1,0.0,0.0,0.0,0,0.447149,10.000,0.715,consecutive observed seasons changed tier; mechanism unverified
dundee-fc,23/24,22/23,55,54,upward_tier_move,11393308,2023-10-28,livingston,0,9,6-10,33,198,228,0.868,0,1,2.0,0.0,2.0,1,0.322986,14.000,2.169,consecutive observed seasons changed tier; mechanism unverified
dundee-fc,23/24,22/23,55,54,upward_tier_move,11393313,2023-11-01,rangers,1,10,6-10,33,198,228,0.868,0,1,0.0,5.0,-5.0,0,0.113264,-23.000,-4.496,consecutive observed seasons changed tier; mechanism unverified
dundee-fc,23/24,22/23,55,54,upward_tier_move,11393344,2023-11-05,livingston,1,11,11-20,33,198,228,0.868,0,1,1.0,0.0,1.0,1,0.538549,-6.000,-0.777,consecutive observed seasons changed tier; mechanism unverified
dundee-fc,23/24,22/23,55,54,upward_tier_move,11393325,2023-11-11,st-mirren,1,12,11-20,33,198,228,0.868,0,1,4.0,0.0,4.0,1,0.358669,6.000,1.933,consecutive observed seasons changed tier; mechanism unverified
dundee-fc,23/24,22/23,55,54,upward_tier_move,11393332,2023-11-25,hibernian,1,13,11-20,33,198,228,0.868,0,1,1.0,2.0,-1.0,0,0.324043,9.000,0.573,consecutive observed seasons changed tier; mechanism unverified
dundee-fc,23/24,22/23,55,54,upward_tier_move,11393339,2023-12-02,motherwell,0,14,11-20,33,198,228,0.868,0,1,3.0,3.0,0.0,0,0.286446,7.000,0.575,consecutive observed seasons changed tier; mechanism unverified
dundee-fc,23/24,22/23,55,54,upward_tier_move,11393349,2023-12-09,rangers,0,15,11-20,33,198,228,0.868,0,1,1.0,3.0,-2.0,0,0.029480,-11.000,-1.229,consecutive observed seasons changed tier; mechanism unverified
dundee-fc,23/24,22/23,55,54,upward_tier_move,11393358,2023-12-16,ross-county,0,16,11-20,33,198,228,0.868,0,1,1.0,0.0,1.0,1,0.280803,7.000,1.076,consecutive observed seasons changed tier; mechanism unverified
dundee-fc,23/24,22/23,55,54,upward_tier_move,11393368,2023-12-26,celtic,1,17,11-20,33,198,228,0.868,0,1,0.0,3.0,-3.0,0,0.076844,-33.000,-3.849,consecutive observed seasons changed tier; mechanism unverified
dundee-fc,23/24,22/23,55,54,upward_tier_move,11393376,2023-12-30,kilmarnock,0,18,11-20,33,198,228,0.868,0,1,2.0,2.0,0.0,0,0.183824,-3.000,-0.201,consecutive observed seasons changed tier; mechanism unverified
dundee-fc,23/24,22/23,55,54,upward_tier_move,11814981,2024-01-23,heart-of-midlothian,0,19,11-20,33,198,228,0.868,0,1,2.0,3.0,-1.0,0,,-7.000,-1.480,consecutive observed seasons changed tier; mechanism unverified
dundee-fc,23/24,22/23,55,54,upward_tier_move,11393388,2024-01-27,livingston,0,20,11-20,33,198,228,0.868,0,1,4.0,1.0,3.0,1,0.343196,-8.000,-1.942,consecutive observed seasons changed tier; mechanism unverified
heart-of-midlothian,21/22,20/21,55,54,upward_tier_move,9573821,2021-07-31,celtic,1,1,1-5,33,198,228,0.868,0,1,2.0,1.0,1.0,1,0.228476,-8.000,,consecutive observed seasons changed tier; mechanism unverified
heart-of-midlothian,21/22,20/21,55,54,upward_tier_move,9574012,2021-08-07,st-mirren,0,2,1-5,33,198,228,0.868,0,1,2.0,1.0,1.0,1,0.395464,1.000,,consecutive observed seasons changed tier; mechanism unverified
heart-of-midlothian,21/22,20/21,55,54,upward_tier_move,9574123,2021-08-22,aberdeen,1,3,1-5,33,198,228,0.868,0,1,1.0,1.0,0.0,0,0.512091,1.000,,consecutive observed seasons changed tier; mechanism unverified
heart-of-midlothian,21/22,20/21,55,54,upward_tier_move,9573862,2021-08-28,dundee-united,0,4,1-5,33,198,228,0.868,0,1,2.0,0.0,2.0,1,0.427823,3.000,,consecutive observed seasons changed tier; mechanism unverified
heart-of-midlothian,21/22,20/21,55,54,upward_tier_move,9574206,2021-09-12,hibernian,1,5,1-5,33,198,228,0.868,0,1,0.0,0.0,0.0,0,0.441522,2.000,,consecutive observed seasons changed tier; mechanism unverified
heart-of-midlothian,21/22,20/21,55,54,upward_tier_move,9574259,2021-09-18,ross-county,0,6,6-10,33,198,228,0.868,0,1,2.0,2.0,0.0,0,0.579556,8.000,,consecutive observed seasons changed tier; mechanism unverified
heart-of-midlothian,21/22,20/21,55,54,upward_tier_move,9573869,2021-09-25,livingston,1,7,6-10,33,198,228,0.868,0,1,3.0,0.0,3.0,1,0.614578,11.000,,consecutive observed seasons changed tier; mechanism unverified
heart-of-midlothian,21/22,20/21,55,54,upward_tier_move,9573874,2021-10-02,motherwell,1,8,6-10,33,198,228,0.868,0,1,2.0,0.0,2.0,1,0.600775,-10.000,,consecutive observed seasons changed tier; mechanism unverified
heart-of-midlothian,21/22,20/21,55,54,upward_tier_move,9574229,2021-10-16,rangers,0,9,6-10,33,198,228,0.868,0,1,1.0,1.0,0.0,0,0.115593,-22.000,,consecutive observed seasons changed tier; mechanism unverified
heart-of-midlothian,21/22,20/21,55,54,upward_tier_move,9574069,2021-10-23,dundee-fc,1,10,6-10,33,198,228,0.868,0,1,1.0,1.0,0.0,0,,15.000,,consecutive observed seasons changed tier; mechanism unverified
heart-of-midlothian,21/22,20/21,55,54,upward_tier_move,9573842,2021-10-27,st-johnstone,0,11,11-20,33,198,228,0.868,0,1,1.0,1.0,0.0,0,0.419321,9.000,,consecutive observed seasons changed tier; mechanism unverified
heart-of-midlothian,21/22,20/21,55,54,upward_tier_move,9574327,2021-10-30,aberdeen,0,12,11-20,33,198,228,0.868,0,1,1.0,2.0,-1.0,0,,-12.000,,consecutive observed seasons changed tier; mechanism unverified
heart-of-midlothian,21/22,20/21,55,54,upward_tier_move,9574301,2021-11-06,dundee-united,1,13,11-20,33,198,228,0.868,0,1,5.0,2.0,3.0,1,0.560923,10.000,,consecutive observed seasons changed tier; mechanism unverified
heart-of-midlothian,21/22,20/21,55,54,upward_tier_move,9573902,2021-11-20,motherwell,0,14,11-20,33,198,228,0.868,0,1,0.0,2.0,-2.0,0,0.532365,-14.000,,consecutive observed seasons changed tier; mechanism unverified
heart-of-midlothian,21/22,20/21,55,54,upward_tier_move,9574230,2021-11-27,st-mirren,1,15,11-20,33,198,228,0.868,0,1,2.0,0.0,2.0,1,0.546660,-2.000,,consecutive observed seasons changed tier; mechanism unverified
heart-of-midlothian,21/22,20/21,55,54,upward_tier_move,9574207,2021-12-02,celtic,0,16,11-20,33,198,228,0.868,0,1,0.0,1.0,-1.0,0,0.079820,-16.000,,consecutive observed seasons changed tier; mechanism unverified
heart-of-midlothian,21/22,20/21,55,54,upward_tier_move,9574084,2021-12-05,livingston,0,17,11-20,33,198,228,0.868,0,1,1.0,0.0,1.0,1,0.490902,-3.000,,consecutive observed seasons changed tier; mechanism unverified
heart-of-midlothian,21/22,20/21,55,54,upward_tier_move,9574300,2021-12-12,rangers,1,18,11-20,33,198,228,0.868,0,1,0.0,2.0,-2.0,0,0.155102,4.000,,consecutive observed seasons changed tier; mechanism unverified
heart-of-midlothian,21/22,20/21,55,54,upward_tier_move,9573935,2021-12-18,dundee-fc,0,19,11-20,33,198,228,0.868,0,1,1.0,0.0,1.0,1,0.520685,9.000,,consecutive observed seasons changed tier; mechanism unverified
heart-of-midlothian,21/22,20/21,55,54,upward_tier_move,9573910,2021-12-26,ross-county,1,20,11-20,33,198,228,0.868,0,1,2.0,1.0,1.0,1,,4.000,,consecutive observed seasons changed tier; mechanism unverified
forfar-athletic,21/22,20/21,56,57,downward_tier_move,9574011,2021-07-31,annan-athletic,0,1,1-5,36,180,180,1.000,1,1,2.0,0.0,2.0,1,,-3.000,,consecutive observed seasons changed tier; mechanism unverified
forfar-athletic,21/22,20/21,56,57,downward_tier_move,9574164,2021-08-07,edinburgh-city-fc,1,2,1-5,36,180,180,1.000,1,1,2.0,0.0,2.0,1,0.409093,3.000,,consecutive observed seasons changed tier; mechanism unverified
forfar-athletic,21/22,20/21,56,57,downward_tier_move,9574184,2021-08-14,kelty-hearts-fc,1,3,1-5,36,180,180,1.000,1,1,2.0,2.0,0.0,0,0.175362,-10.000,,consecutive observed seasons changed tier; mechanism unverified
forfar-athletic,21/22,20/21,56,57,downward_tier_move,9574110,2021-08-21,elgin-city,0,4,1-5,36,180,180,1.000,1,1,1.0,1.0,0.0,0,,5.000,,consecutive observed seasons changed tier; mechanism unverified
forfar-athletic,21/22,20/21,56,57,downward_tier_move,9574152,2021-08-28,stranraer,1,5,1-5,36,180,180,1.000,1,1,1.0,1.0,0.0,0,0.579081,8.000,,consecutive observed seasons changed tier; mechanism unverified
forfar-athletic,21/22,20/21,56,57,downward_tier_move,9574170,2021-09-11,stirling-albion,0,6,6-10,36,180,180,1.000,1,1,0.0,1.0,-1.0,0,0.315858,0.000,,consecutive observed seasons changed tier; mechanism unverified
forfar-athletic,21/22,20/21,56,57,downward_tier_move,9574196,2021-09-18,cowdenbeath,0,7,6-10,36,180,180,1.000,1,1,1.0,1.0,0.0,0,0.455494,-3.000,,consecutive observed seasons changed tier; mechanism unverified
forfar-athletic,21/22,20/21,56,57,downward_tier_move,9574057,2021-09-25,albion-rovers,1,8,6-10,36,180,180,1.000,1,1,3.0,1.0,2.0,1,,5.000,,consecutive observed seasons changed tier; mechanism unverified
forfar-athletic,21/22,20/21,56,57,downward_tier_move,9574183,2021-10-02,stenhousemuir,0,9,6-10,36,180,180,1.000,1,1,1.0,1.0,0.0,0,0.509085,-4.000,,consecutive observed seasons changed tier; mechanism unverified
forfar-athletic,21/22,20/21,56,57,downward_tier_move,9574109,2021-10-16,annan-athletic,1,10,6-10,36,180,180,1.000,1,1,2.0,0.0,2.0,1,0.515904,2.000,,consecutive observed seasons changed tier; mechanism unverified
forfar-athletic,21/22,20/21,56,57,downward_tier_move,9574132,2021-10-30,stranraer,0,11,11-20,36,180,180,1.000,1,1,3.0,2.0,1.0,1,0.375018,7.000,,consecutive observed seasons changed tier; mechanism unverified
forfar-athletic,21/22,20/21,56,57,downward_tier_move,9574106,2021-11-06,elgin-city,1,12,11-20,36,180,180,1.000,1,1,2.0,1.0,1.0,1,,4.000,,consecutive observed seasons changed tier; mechanism unverified
forfar-athletic,21/22,20/21,56,57,downward_tier_move,9574082,2021-11-13,kelty-hearts-fc,0,13,11-20,36,180,180,1.000,1,1,0.0,1.0,-1.0,0,0.172675,-2.000,,consecutive observed seasons changed tier; mechanism unverified
forfar-athletic,21/22,20/21,56,57,downward_tier_move,9574204,2021-11-20,cowdenbeath,1,14,11-20,36,180,180,1.000,1,1,3.0,0.0,3.0,1,0.604371,10.000,,consecutive observed seasons changed tier; mechanism unverified
forfar-athletic,21/22,20/21,56,57,downward_tier_move,9574390,2021-12-04,albion-rovers,0,15,11-20,36,180,180,1.000,1,1,3.0,2.0,1.0,1,,-4.000,,consecutive observed seasons changed tier; mechanism unverified
forfar-athletic,21/22,20/21,56,57,downward_tier_move,9574547,2021-12-11,stirling-albion,1,16,11-20,36,180,180,1.000,1,1,2.0,0.0,2.0,1,0.464486,2.000,,consecutive observed seasons changed tier; mechanism unverified
forfar-athletic,21/22,20/21,56,57,downward_tier_move,9574321,2021-12-17,edinburgh-city-fc,0,17,11-20,36,180,180,1.000,1,1,4.0,0.0,4.0,1,0.476113,9.000,,consecutive observed seasons changed tier; mechanism unverified
forfar-athletic,21/22,20/21,56,57,downward_tier_move,9574232,2021-12-26,stenhousemuir,1,18,11-20,36,180,180,1.000,1,1,3.0,4.0,-1.0,0,0.536391,-1.000,,consecutive observed seasons changed tier; mechanism unverified
forfar-athletic,21/22,20/21,56,57,downward_tier_move,9574331,2022-01-02,elgin-city,0,19,11-20,36,180,180,1.000,1,1,0.0,1.0,-1.0,0,,0.000,,consecutive observed seasons changed tier; mechanism unverified
forfar-athletic,21/22,20/21,56,57,downward_tier_move,9574363,2022-01-08,stranraer,1,20,11-20,36,180,180,1.000,1,1,3.0,2.0,1.0,1,0.561540,-2.000,,consecutive observed seasons changed tier; mechanism unverified
annan-athletic,23/24,22/23,57,56,upward_tier_move,11395667,2023-08-05,falkirk-fc,0,1,1-5,36,179,180,0.994,0,1,0.0,3.0,-3.0,0,0.119205,-13.000,-1.942,consecutive observed seasons changed tier; mechanism unverified
annan-athletic,23/24,22/23,57,56,upward_tier_move,11395661,2023-08-12,montrose,1,2,1-5,36,179,180,0.994,0,1,1.0,3.0,-2.0,0,0.339508,12.000,1.079,consecutive observed seasons changed tier; mechanism unverified
annan-athletic,23/24,22/23,57,56,upward_tier_move,11395653,2023-08-19,queen-of-the-south,0,3,1-5,36,179,180,0.994,0,1,1.0,3.0,-2.0,0,0.167316,-6.000,-1.286,consecutive observed seasons changed tier; mechanism unverified
annan-athletic,23/24,22/23,57,56,upward_tier_move,11395652,2023-08-26,edinburgh-city-fc,1,4,1-5,36,179,180,0.994,0,1,3.0,2.0,1.0,1,0.480503,1.000,-0.448,consecutive observed seasons changed tier; mechanism unverified
annan-athletic,23/24,22/23,57,56,upward_tier_move,11395646,2023-09-02,kelty-hearts-fc,0,5,1-5,36,179,180,0.994,0,1,1.0,1.0,0.0,0,0.245570,5.000,0.211,consecutive observed seasons changed tier; mechanism unverified
annan-athletic,23/24,22/23,57,56,upward_tier_move,11395642,2023-09-16,stirling-albion,1,6,6-10,36,179,180,0.994,0,1,3.0,0.0,3.0,1,0.302583,3.000,0.498,consecutive observed seasons changed tier; mechanism unverified
annan-athletic,23/24,22/23,57,56,upward_tier_move,11395637,2023-09-23,alloa-athletic,1,7,6-10,36,179,180,0.994,0,1,1.0,1.0,0.0,0,0.351522,7.000,0.542,consecutive observed seasons changed tier; mechanism unverified
annan-athletic,23/24,22/23,57,56,upward_tier_move,11395629,2023-09-29,hamilton-academical,0,8,6-10,36,179,180,0.994,0,1,0.0,5.0,-5.0,0,0.121257,-14.000,-1.611,consecutive observed seasons changed tier; mechanism unverified
annan-athletic,23/24,22/23,57,56,upward_tier_move,11395627,2023-10-07,cove-rangers,0,9,6-10,36,179,180,0.994,0,1,2.0,3.0,-1.0,0,,-7.000,-0.646,consecutive observed seasons changed tier; mechanism unverified
annan-athletic,23/24,22/23,57,56,upward_tier_move,11395620,2023-10-21,queen-of-the-south,1,10,6-10,36,179,180,0.994,0,1,0.0,1.0,-1.0,0,0.362533,7.000,0.789,consecutive observed seasons changed tier; mechanism unverified
annan-athletic,23/24,22/23,57,56,upward_tier_move,11395617,2023-10-28,edinburgh-city-fc,0,11,11-20,36,179,180,0.994,0,1,2.0,3.0,-1.0,0,0.475254,7.000,1.386,consecutive observed seasons changed tier; mechanism unverified
annan-athletic,23/24,22/23,57,56,upward_tier_move,11395612,2023-11-04,kelty-hearts-fc,1,12,11-20,36,179,180,0.994,0,1,2.0,2.0,0.0,0,0.381099,-1.000,-0.108,consecutive observed seasons changed tier; mechanism unverified
annan-athletic,23/24,22/23,57,56,upward_tier_move,11395602,2023-11-11,montrose,0,13,11-20,36,179,180,0.994,0,1,1.0,1.0,0.0,0,0.221783,-3.000,0.893,consecutive observed seasons changed tier; mechanism unverified
annan-athletic,23/24,22/23,57,56,upward_tier_move,11788194,2023-11-28,hamilton-academical,1,14,11-20,36,179,180,0.994,0,1,1.0,2.0,-1.0,0,0.175254,-8.000,-0.573,consecutive observed seasons changed tier; mechanism unverified
annan-athletic,23/24,22/23,57,56,upward_tier_move,11395591,2023-12-09,cove-rangers,1,15,11-20,36,179,180,0.994,0,1,1.0,3.0,-2.0,0,0.270936,3.000,-1.405,consecutive observed seasons changed tier; mechanism unverified
annan-athletic,23/24,22/23,57,56,upward_tier_move,11395583,2023-12-16,stirling-albion,0,16,11-20,36,179,180,0.994,0,1,1.0,1.0,0.0,0,0.283050,-4.000,-0.007,consecutive observed seasons changed tier; mechanism unverified
annan-athletic,23/24,22/23,57,56,upward_tier_move,11395581,2023-12-23,falkirk-fc,1,17,11-20,36,179,180,0.994,0,1,0.0,3.0,-3.0,0,0.071413,-14.000,-2.022,consecutive observed seasons changed tier; mechanism unverified
annan-athletic,23/24,22/23,57,56,upward_tier_move,11395571,2023-12-30,queen-of-the-south,0,18,11-20,36,179,180,0.994,0,1,1.0,2.0,-1.0,0,0.240140,0.000,0.207,consecutive observed seasons changed tier; mechanism unverified
annan-athletic,23/24,22/23,57,56,upward_tier_move,11395573,2024-01-06,montrose,1,19,11-20,36,179,180,0.994,0,1,2.0,2.0,0.0,0,0.326442,1.000,-0.230,consecutive observed seasons changed tier; mechanism unverified
annan-athletic,23/24,22/23,57,56,upward_tier_move,11395566,2024-01-13,kelty-hearts-fc,0,20,11-20,36,179,180,0.994,0,1,1.0,1.0,0.0,0,0.258993,-4.000,-0.921,consecutive observed seasons changed tier; mechanism unverified
annan-athletic,25/26,24/25,56,57,downward_tier_move,14035662,2025-08-02,elgin-city,1,1,1-5,35,175,180,0.972,0,1,3.0,2.0,1.0,1,0.415352,1.000,0.297,consecutive observed seasons changed tier; mechanism unverified
annan-athletic,25/26,24/25,56,57,downward_tier_move,14035669,2025-08-09,stirling-albion,0,2,1-5,35,175,180,0.972,0,1,0.0,0.0,0.0,0,0.357040,-2.000,-0.286,consecutive observed seasons changed tier; mechanism unverified
annan-athletic,25/26,24/25,56,57,downward_tier_move,14035675,2025-08-16,edinburgh-city-fc,0,3,1-5,35,175,180,0.972,0,1,2.0,2.0,0.0,0,0.344369,-8.000,-0.596,consecutive observed seasons changed tier; mechanism unverified
annan-athletic,25/26,24/25,56,57,downward_tier_move,14035677,2025-08-23,dumbarton,1,4,1-5,35,175,180,0.972,0,1,3.0,4.0,-1.0,0,,11.000,1.774,consecutive observed seasons changed tier; mechanism unverified
annan-athletic,25/26,24/25,56,57,downward_tier_move,14035686,2025-08-30,the-spartans-fc,0,5,1-5,35,175,180,0.972,0,1,0.0,1.0,-1.0,0,,4.000,0.316,consecutive observed seasons changed tier; mechanism unverified
annan-athletic,25/26,24/25,56,57,downward_tier_move,14035689,2025-09-13,clyde-fc,1,6,6-10,35,175,180,0.972,0,1,0.0,6.0,-6.0,0,0.347730,-9.000,-1.587,consecutive observed seasons changed tier; mechanism unverified
annan-athletic,25/26,24/25,56,57,downward_tier_move,14035690,2025-09-20,forfar-athletic,0,7,6-10,35,175,180,0.972,0,1,0.0,1.0,-1.0,0,0.222623,-7.000,-1.478,consecutive observed seasons changed tier; mechanism unverified
annan-athletic,25/26,24/25,56,57,downward_tier_move,14035703,2025-09-27,east-kilbride,1,8,6-10,35,175,180,0.972,0,1,3.0,1.0,2.0,1,0.227850,3.000,-0.150,consecutive observed seasons changed tier; mechanism unverified
annan-athletic,25/26,24/25,56,57,downward_tier_move,14035705,2025-10-04,stranraer,0,9,6-10,35,175,180,0.972,0,1,1.0,0.0,1.0,1,0.382926,-1.000,0.697,consecutive observed seasons changed tier; mechanism unverified
annan-athletic,25/26,24/25,56,57,downward_tier_move,14035707,2025-10-18,stirling-albion,1,10,6-10,35,175,180,0.972,0,1,1.0,1.0,0.0,0,,1.000,0.206,consecutive observed seasons changed tier; mechanism unverified
annan-athletic,25/26,24/25,56,57,downward_tier_move,14035712,2025-11-01,elgin-city,0,11,11-20,35,175,180,0.972,0,1,0.0,2.0,-2.0,0,0.284087,-11.000,-0.773,consecutive observed seasons changed tier; mechanism unverified
annan-athletic,25/26,24/25,56,57,downward_tier_move,14035718,2025-11-08,dumbarton,0,12,11-20,35,175,180,0.972,0,1,1.0,2.0,-1.0,0,0.284741,-6.000,-0.508,consecutive observed seasons changed tier; mechanism unverified
annan-athletic,25/26,24/25,56,57,downward_tier_move,14035721,2025-11-15,edinburgh-city-fc,1,13,11-20,35,175,180,0.972,0,1,1.0,1.0,0.0,0,0.418704,1.000,-0.019,consecutive observed seasons changed tier; mechanism unverified
annan-athletic,25/26,24/25,56,57,downward_tier_move,14035726,2025-11-22,clyde-fc,0,14,11-20,35,175,180,0.972,0,1,0.0,1.0,-1.0,0,,10.000,0.716,consecutive observed seasons changed tier; mechanism unverified
annan-athletic,25/26,24/25,56,57,downward_tier_move,14035731,2025-12-06,the-spartans-fc,1,15,11-20,35,175,180,0.972,0,1,1.0,1.0,0.0,0,,-7.000,-0.481,consecutive observed seasons changed tier; mechanism unverified
annan-athletic,25/26,24/25,56,57,downward_tier_move,14035737,2025-12-13,forfar-athletic,1,16,11-20,35,175,180,0.972,0,1,3.0,1.0,2.0,1,0.508002,8.000,1.109,consecutive observed seasons changed tier; mechanism unverified
annan-athletic,25/26,24/25,56,57,downward_tier_move,14035742,2025-12-20,east-kilbride,0,17,11-20,35,175,180,0.972,0,1,3.0,1.0,2.0,1,0.198881,0.000,0.270,consecutive observed seasons changed tier; mechanism unverified
annan-athletic,25/26,24/25,56,57,downward_tier_move,14035746,2025-12-27,stranraer,1,18,11-20,35,175,180,0.972,0,1,2.0,2.0,0.0,0,0.442907,-3.000,0.204,consecutive observed seasons changed tier; mechanism unverified
annan-athletic,25/26,24/25,56,57,downward_tier_move,14035771,2026-01-24,edinburgh-city-fc,0,19,11-20,35,175,180,0.972,0,1,2.0,2.0,0.0,0,0.548105,1.000,-0.581,consecutive observed seasons changed tier; mechanism unverified
annan-athletic,25/26,24/25,56,57,downward_tier_move,14035772,2026-01-31,clyde-fc,1,20,11-20,35,175,180,0.972,0,1,1.0,1.0,0.0,0,0.407781,-3.000,-0.274,consecutive observed seasons changed tier; mechanism unverified
east-fife,22/23,21/22,56,57,downward_tier_move,10388048,2022-07-30,elgin-city,0,1,1-5,36,180,180,1.000,1,1,3.0,1.0,2.0,1,0.335757,-7.000,,consecutive observed seasons changed tier; mechanism unverified
east-fife,22/23,21/22,56,57,downward_tier_move,10388069,2022-08-06,bonnyrigg-rose,1,2,1-5,36,180,180,1.000,1,1,0.0,3.0,-3.0,0,0.343112,-1.000,,consecutive observed seasons changed tier; mechanism unverified
east-fife,22/23,21/22,56,57,downward_tier_move,10388054,2022-08-13,albion-rovers,0,3,1-5,36,180,180,1.000,1,1,1.0,0.0,1.0,1,0.370274,-4.000,,consecutive observed seasons changed tier; mechanism unverified
east-fife,22/23,21/22,56,57,downward_tier_move,10388076,2022-08-20,forfar-athletic,1,4,1-5,36,180,180,1.000,1,1,1.0,0.0,1.0,1,,2.000,,consecutive observed seasons changed tier; mechanism unverified
east-fife,22/23,21/22,56,57,downward_tier_move,10388096,2022-08-27,stranraer,0,5,1-5,36,180,180,1.000,1,1,2.0,2.0,0.0,0,0.372952,3.000,,consecutive observed seasons changed tier; mechanism unverified
east-fife,22/23,21/22,56,57,downward_tier_move,10388146,2022-09-03,dumbarton,1,6,6-10,36,180,180,1.000,1,1,0.0,1.0,-1.0,0,0.384726,-1.000,,consecutive observed seasons changed tier; mechanism unverified
east-fife,22/23,21/22,56,57,downward_tier_move,10388128,2022-09-17,annan-athletic,0,7,6-10,36,180,180,1.000,1,1,2.0,2.0,0.0,0,0.317156,-9.000,,consecutive observed seasons changed tier; mechanism unverified
east-fife,22/23,21/22,56,57,downward_tier_move,10694352,2022-09-20,stenhousemuir,1,8,6-10,36,180,180,1.000,1,1,1.0,2.0,-1.0,0,0.416336,-7.000,,consecutive observed seasons changed tier; mechanism unverified
east-fife,22/23,21/22,56,57,downward_tier_move,10388103,2022-10-01,stirling-albion,1,9,6-10,36,180,180,1.000,1,1,1.0,2.0,-1.0,0,0.271016,-9.000,,consecutive observed seasons changed tier; mechanism unverified
east-fife,22/23,21/22,56,57,downward_tier_move,10388153,2022-10-08,forfar-athletic,0,10,6-10,36,180,180,1.000,1,1,3.0,1.0,2.0,1,0.272801,-1.000,,consecutive observed seasons changed tier; mechanism unverified
east-fife,22/23,21/22,56,57,downward_tier_move,10388120,2022-10-15,bonnyrigg-rose,0,11,11-20,36,180,180,1.000,1,1,4.0,1.0,3.0,1,0.265645,3.000,,consecutive observed seasons changed tier; mechanism unverified
east-fife,22/23,21/22,56,57,downward_tier_move,10387910,2022-10-29,elgin-city,1,12,11-20,36,180,180,1.000,1,1,2.0,1.0,1.0,1,0.395572,0.000,,consecutive observed seasons changed tier; mechanism unverified
east-fife,22/23,21/22,56,57,downward_tier_move,10387996,2022-11-05,stenhousemuir,0,13,11-20,36,180,180,1.000,1,1,2.0,2.0,0.0,0,0.297991,4.000,,consecutive observed seasons changed tier; mechanism unverified
east-fife,22/23,21/22,56,57,downward_tier_move,10387993,2022-11-12,albion-rovers,1,14,11-20,36,180,180,1.000,1,1,2.0,3.0,-1.0,0,0.421360,1.000,,consecutive observed seasons changed tier; mechanism unverified
east-fife,22/23,21/22,56,57,downward_tier_move,10388003,2022-11-19,stirling-albion,0,15,11-20,36,180,180,1.000,1,1,1.0,3.0,-2.0,0,0.227084,4.000,,consecutive observed seasons changed tier; mechanism unverified
east-fife,22/23,21/22,56,57,downward_tier_move,10388010,2022-12-03,annan-athletic,1,16,11-20,36,180,180,1.000,1,1,1.0,3.0,-2.0,0,0.394104,2.000,,consecutive observed seasons changed tier; mechanism unverified
east-fife,22/23,21/22,56,57,downward_tier_move,10388012,2022-12-10,bonnyrigg-rose,1,17,11-20,36,180,180,1.000,1,1,0.0,0.0,0.0,0,0.479106,-1.000,,consecutive observed seasons changed tier; mechanism unverified
east-fife,22/23,21/22,56,57,downward_tier_move,10388004,2022-12-24,dumbarton,0,18,11-20,36,180,180,1.000,1,1,0.0,2.0,-2.0,0,0.227244,-5.000,,consecutive observed seasons changed tier; mechanism unverified
east-fife,22/23,21/22,56,57,downward_tier_move,10388024,2023-01-07,elgin-city,0,19,11-20,36,180,180,1.000,1,1,2.0,1.0,1.0,1,,3.000,,consecutive observed seasons changed tier; mechanism unverified
east-fife,22/23,21/22,56,57,downward_tier_move,10388064,2023-01-14,stenhousemuir,1,20,11-20,36,180,180,1.000,1,1,1.0,1.0,0.0,0,0.407017,0.000,,consecutive observed seasons changed tier; mechanism unverified
east-fife,25/26,24/25,57,56,upward_tier_move,14035487,2025-08-02,peterhead,0,1,1-5,35,175,180,0.972,0,1,1.0,4.0,-3.0,0,,2.000,-0.312,consecutive observed seasons changed tier; mechanism unverified
east-fife,25/26,24/25,57,56,upward_tier_move,14035497,2025-08-09,alloa-athletic,1,2,1-5,35,175,180,0.972,0,1,0.0,1.0,-1.0,0,0.346358,8.000,0.395,consecutive observed seasons changed tier; mechanism unverified
east-fife,25/26,24/25,57,56,upward_tier_move,14035484,2025-08-16,hamilton-academical,0,3,1-5,35,175,180,0.972,0,1,2.0,1.0,1.0,1,0.153878,-3.000,1.101,consecutive observed seasons changed tier; mechanism unverified
east-fife,25/26,24/25,57,56,upward_tier_move,14035494,2025-08-23,kelty-hearts-fc,1,4,1-5,35,175,180,0.972,0,1,2.0,1.0,1.0,1,0.535875,11.000,1.036,consecutive observed seasons changed tier; mechanism unverified
east-fife,25/26,24/25,57,56,upward_tier_move,14035504,2025-08-30,stenhousemuir,0,5,1-5,35,175,180,0.972,0,1,1.0,1.0,0.0,0,0.328622,0.000,0.184,consecutive observed seasons changed tier; mechanism unverified
east-fife,25/26,24/25,57,56,upward_tier_move,14035509,2025-09-13,queen-of-the-south,1,6,6-10,35,175,180,0.972,0,1,2.0,1.0,1.0,1,0.346992,7.000,0.295,consecutive observed seasons changed tier; mechanism unverified
east-fife,25/26,24/25,57,56,upward_tier_move,14035513,2025-09-20,montrose,1,7,6-10,35,175,180,0.972,0,1,1.0,1.0,0.0,0,,10.000,1.250,consecutive observed seasons changed tier; mechanism unverified
east-fife,25/26,24/25,57,56,upward_tier_move,14035519,2025-09-27,inverness-caledonian-thistle,0,8,6-10,35,175,180,0.972,0,1,1.0,4.0,-3.0,0,0.132610,-14.000,-1.078,consecutive observed seasons changed tier; mechanism unverified
east-fife,25/26,24/25,57,56,upward_tier_move,14035524,2025-10-04,cove-rangers,1,9,6-10,35,175,180,0.972,0,1,2.0,0.0,2.0,1,0.461491,4.000,0.809,consecutive observed seasons changed tier; mechanism unverified
east-fife,25/26,24/25,57,56,upward_tier_move,14035527,2025-10-18,alloa-athletic,0,10,6-10,35,175,180,0.972,0,1,1.0,1.0,0.0,0,0.345461,4.000,1.063,consecutive observed seasons changed tier; mechanism unverified
east-fife,25/26,24/25,57,56,upward_tier_move,14035533,2025-10-25,kelty-hearts-fc,0,11,11-20,35,175,180,0.972,0,1,3.0,0.0,3.0,1,0.520129,7.000,-0.068,consecutive observed seasons changed tier; mechanism unverified
east-fife,25/26,24/25,57,56,upward_tier_move,14035539,2025-11-01,hamilton-academical,1,12,11-20,35,175,180,0.972,0,1,1.0,1.0,0.0,0,0.356308,-2.000,-0.177,consecutive observed seasons changed tier; mechanism unverified
east-fife,25/26,24/25,57,56,upward_tier_move,14035545,2025-11-08,queen-of-the-south,0,13,11-20,35,175,180,0.972,0,1,0.0,3.0,-3.0,0,0.344369,-2.000,-1.017,consecutive observed seasons changed tier; mechanism unverified
east-fife,25/26,24/25,57,56,upward_tier_move,14035554,2025-11-15,stenhousemuir,1,14,11-20,35,175,180,0.972,0,1,1.0,0.0,1.0,1,0.435534,1.000,0.259,consecutive observed seasons changed tier; mechanism unverified
east-fife,25/26,24/25,57,56,upward_tier_move,14035559,2025-11-22,montrose,0,15,11-20,35,175,180,0.972,0,1,1.0,2.0,-1.0,0,0.412414,-1.000,-0.115,consecutive observed seasons changed tier; mechanism unverified
east-fife,25/26,24/25,57,56,upward_tier_move,14035563,2025-12-13,cove-rangers,0,16,11-20,35,175,180,0.972,0,1,1.0,0.0,1.0,1,,2.000,0.153,consecutive observed seasons changed tier; mechanism unverified
east-fife,25/26,24/25,57,56,upward_tier_move,14035567,2025-12-20,peterhead,1,17,11-20,35,175,180,0.972,0,1,0.0,1.0,-1.0,0,0.407767,-4.000,-0.602,consecutive observed seasons changed tier; mechanism unverified
east-fife,25/26,24/25,57,56,upward_tier_move,14035576,2025-12-27,kelty-hearts-fc,1,18,11-20,35,175,180,0.972,0,1,0.0,1.0,-1.0,0,0.574464,-3.000,-0.492,consecutive observed seasons changed tier; mechanism unverified
east-fife,25/26,24/25,57,56,upward_tier_move,14035585,2026-01-10,stenhousemuir,0,19,11-20,35,175,180,0.972,0,1,0.0,5.0,-5.0,0,0.219539,-4.000,-0.925,consecutive observed seasons changed tier; mechanism unverified
east-fife,25/26,24/25,57,56,upward_tier_move,15305942,2026-01-20,inverness-caledonian-thistle,1,20,11-20,35,175,180,0.972,0,1,0.0,2.0,-2.0,0,0.146737,-9.000,-1.028,consecutive observed seasons changed tier; mechanism unverified
falkirk-fc,24/25,23/24,56,55,upward_tier_move,12477141,2024-08-02,queens-park-fc,1,1,1-5,35,179,180,0.994,0,1,2.0,1.0,1.0,1,,2.000,0.100,consecutive observed seasons changed tier; mechanism unverified
falkirk-fc,24/25,23/24,56,55,upward_tier_move,12476940,2024-08-10,dunfermline-athletic,0,2,1-5,35,179,180,0.994,0,1,2.0,0.0,2.0,1,,0.000,0.902,consecutive observed seasons changed tier; mechanism unverified
falkirk-fc,24/25,23/24,56,55,upward_tier_move,12476937,2024-08-24,partick-thistle,1,3,1-5,35,179,180,0.994,0,1,2.0,1.0,1.0,1,,14.000,1.616,consecutive observed seasons changed tier; mechanism unverified
falkirk-fc,24/25,23/24,56,55,upward_tier_move,12476933,2024-08-31,greenock-morton,0,4,1-5,35,179,180,0.994,0,1,3.0,2.0,1.0,1,,-1.000,0.677,consecutive observed seasons changed tier; mechanism unverified
falkirk-fc,24/25,23/24,56,55,upward_tier_move,12476931,2024-09-14,airdrieonians,0,5,1-5,35,179,180,0.994,0,1,2.0,0.0,2.0,1,,11.000,1.043,consecutive observed seasons changed tier; mechanism unverified
falkirk-fc,24/25,23/24,56,55,upward_tier_move,12476916,2024-09-28,raith-rovers,0,6,6-10,35,179,180,0.994,0,1,0.0,1.0,-1.0,0,0.518876,0.000,-0.723,consecutive observed seasons changed tier; mechanism unverified
falkirk-fc,24/25,23/24,56,55,upward_tier_move,12473104,2024-10-05,ayr-united,1,7,6-10,35,179,180,0.994,0,1,2.0,0.0,2.0,1,0.511171,7.000,1.167,consecutive observed seasons changed tier; mechanism unverified
falkirk-fc,24/25,23/24,56,55,upward_tier_move,12874628,2024-10-08,livingston,1,8,6-10,35,179,180,0.994,0,1,0.0,0.0,0.0,0,0.578791,7.000,1.078,consecutive observed seasons changed tier; mechanism unverified
falkirk-fc,24/25,23/24,56,55,upward_tier_move,12473123,2024-10-12,partick-thistle,0,9,6-10,35,179,180,0.994,0,1,1.0,1.0,0.0,0,0.386445,13.000,1.556,consecutive observed seasons changed tier; mechanism unverified
falkirk-fc,24/25,23/24,56,55,upward_tier_move,12473113,2024-10-18,hamilton-academical,0,10,6-10,35,179,180,0.994,0,1,3.0,1.0,2.0,1,0.621490,6.000,1.545,consecutive observed seasons changed tier; mechanism unverified
falkirk-fc,24/25,23/24,56,55,upward_tier_move,12473118,2024-10-26,dunfermline-athletic,1,11,11-20,35,179,180,0.994,0,1,2.0,1.0,1.0,1,0.701738,4.000,0.028,consecutive observed seasons changed tier; mechanism unverified
falkirk-fc,24/25,23/24,56,55,upward_tier_move,12476914,2024-11-02,greenock-morton,1,12,11-20,35,179,180,0.994,0,1,6.0,0.0,6.0,1,0.703100,16.000,2.382,consecutive observed seasons changed tier; mechanism unverified
falkirk-fc,24/25,23/24,56,55,upward_tier_move,12476911,2024-11-09,airdrieonians,1,13,11-20,35,179,180,0.994,0,1,2.0,0.0,2.0,1,0.822663,13.000,3.149,consecutive observed seasons changed tier; mechanism unverified
falkirk-fc,24/25,23/24,56,55,upward_tier_move,12476902,2024-11-16,livingston,0,14,11-20,35,179,180,0.994,0,1,0.0,1.0,-1.0,0,,-1.000,-0.167,consecutive observed seasons changed tier; mechanism unverified
falkirk-fc,24/25,23/24,56,55,upward_tier_move,12476895,2024-11-22,queens-park-fc,0,15,11-20,35,179,180,0.994,0,1,1.0,0.0,1.0,1,0.542250,17.000,1.906,consecutive observed seasons changed tier; mechanism unverified
falkirk-fc,24/25,23/24,56,55,upward_tier_move,12476897,2024-12-07,raith-rovers,1,16,11-20,35,179,180,0.994,0,1,3.0,0.0,3.0,1,0.620843,11.000,1.264,consecutive observed seasons changed tier; mechanism unverified
falkirk-fc,24/25,23/24,56,55,upward_tier_move,12476888,2024-12-14,ayr-united,0,17,11-20,35,179,180,0.994,0,1,2.0,5.0,-3.0,0,0.507560,-10.000,-1.933,consecutive observed seasons changed tier; mechanism unverified
falkirk-fc,24/25,23/24,56,55,upward_tier_move,12476884,2024-12-21,hamilton-academical,1,18,11-20,35,179,180,0.994,0,1,1.0,0.0,1.0,1,0.815805,8.000,1.487,consecutive observed seasons changed tier; mechanism unverified
falkirk-fc,24/25,23/24,56,55,upward_tier_move,12476879,2024-12-27,dunfermline-athletic,0,19,11-20,35,179,180,0.994,0,1,3.0,3.0,0.0,0,0.566057,2.000,-0.909,consecutive observed seasons changed tier; mechanism unverified
falkirk-fc,24/25,23/24,56,55,upward_tier_move,12476870,2025-01-11,queens-park-fc,1,20,11-20,35,179,180,0.994,0,1,0.0,0.0,0.0,0,0.707670,9.000,0.911,consecutive observed seasons changed tier; mechanism unverified
falkirk-fc,25/26,24/25,55,54,upward_tier_move,14035124,2025-08-03,dundee-united,1,1,1-5,33,198,228,0.868,0,1,2.0,2.0,0.0,0,0.538644,3.000,1.127,consecutive observed seasons changed tier; mechanism unverified
falkirk-fc,25/26,24/25,55,54,upward_tier_move,14035137,2025-08-09,livingston,0,2,1-5,33,198,228,0.868,0,1,1.0,3.0,-2.0,0,0.358832,-1.000,-0.569,consecutive observed seasons changed tier; mechanism unverified
falkirk-fc,25/26,24/25,55,54,upward_tier_move,14035134,2025-08-31,aberdeen,0,3,1-5,33,198,228,0.868,0,1,1.0,0.0,1.0,1,0.289154,7.000,0.521,consecutive observed seasons changed tier; mechanism unverified
falkirk-fc,25/26,24/25,55,54,upward_tier_move,14035130,2025-09-13,st-mirren,1,4,1-5,33,198,228,0.868,0,1,1.0,2.0,-1.0,0,0.419624,-3.000,-0.472,consecutive observed seasons changed tier; mechanism unverified
falkirk-fc,25/26,24/25,55,54,upward_tier_move,14608157,2025-09-23,hibernian,1,5,1-5,33,198,228,0.868,0,1,2.0,2.0,0.0,0,0.300718,-7.000,-1.686,consecutive observed seasons changed tier; mechanism unverified
falkirk-fc,25/26,24/25,55,54,upward_tier_move,14035150,2025-09-27,heart-of-midlothian,0,6,6-10,33,198,228,0.868,0,1,0.0,3.0,-3.0,0,0.147588,-10.000,-1.206,consecutive observed seasons changed tier; mechanism unverified
falkirk-fc,25/26,24/25,55,54,upward_tier_move,14035161,2025-10-05,rangers,1,7,6-10,33,198,228,0.868,0,1,1.0,1.0,0.0,0,0.180653,5.000,0.486,consecutive observed seasons changed tier; mechanism unverified
falkirk-fc,25/26,24/25,55,54,upward_tier_move,14035163,2025-10-18,motherwell,0,8,6-10,33,198,228,0.868,0,1,2.0,1.0,1.0,1,0.223962,-6.000,-0.701,consecutive observed seasons changed tier; mechanism unverified
falkirk-fc,25/26,24/25,55,54,upward_tier_move,14035169,2025-10-25,dundee-fc,1,9,6-10,33,198,228,0.868,0,1,2.0,1.0,1.0,1,0.529285,-1.000,-1.370,consecutive observed seasons changed tier; mechanism unverified
falkirk-fc,25/26,24/25,55,54,upward_tier_move,14035168,2025-10-29,celtic,0,10,6-10,33,198,228,0.868,0,1,0.0,4.0,-4.0,0,0.051133,-18.000,-3.279,consecutive observed seasons changed tier; mechanism unverified
falkirk-fc,25/26,24/25,55,54,upward_tier_move,14035182,2025-11-01,kilmarnock,1,11,11-20,33,198,228,0.868,0,1,3.0,1.0,2.0,1,0.463009,3.000,0.677,consecutive observed seasons changed tier; mechanism unverified
falkirk-fc,25/26,24/25,55,54,upward_tier_move,14035187,2025-11-08,livingston,1,12,11-20,33,198,228,0.868,0,1,1.0,1.0,0.0,0,0.483213,1.000,0.988,consecutive observed seasons changed tier; mechanism unverified
falkirk-fc,25/26,24/25,55,54,upward_tier_move,14035191,2025-11-22,dundee-united,0,13,11-20,33,198,228,0.868,0,1,3.0,0.0,3.0,1,0.259067,3.000,0.596,consecutive observed seasons changed tier; mechanism unverified
falkirk-fc,25/26,24/25,55,54,upward_tier_move,14035201,2025-11-30,rangers,0,14,11-20,33,198,228,0.868,0,1,0.0,0.0,0.0,0,0.140557,-9.000,-1.746,consecutive observed seasons changed tier; mechanism unverified
falkirk-fc,25/26,24/25,55,54,upward_tier_move,14035204,2025-12-03,motherwell,1,15,11-20,33,198,228,0.868,0,1,0.0,0.0,0.0,0,0.277199,7.000,0.859,consecutive observed seasons changed tier; mechanism unverified
falkirk-fc,25/26,24/25,55,54,upward_tier_move,14035208,2025-12-06,hibernian,0,16,11-20,33,198,228,0.868,0,1,0.0,3.0,-3.0,0,0.181230,-2.000,-1.135,consecutive observed seasons changed tier; mechanism unverified
falkirk-fc,25/26,24/25,55,54,upward_tier_move,14035233,2025-12-13,heart-of-midlothian,1,17,11-20,33,198,228,0.868,0,1,0.0,2.0,-2.0,0,0.208568,-7.000,-0.955,consecutive observed seasons changed tier; mechanism unverified
falkirk-fc,25/26,24/25,55,54,upward_tier_move,14035219,2025-12-20,kilmarnock,0,18,11-20,33,198,228,0.868,0,1,1.0,0.0,1.0,1,0.322159,-6.000,-0.414,consecutive observed seasons changed tier; mechanism unverified
falkirk-fc,25/26,24/25,55,54,upward_tier_move,14035230,2025-12-27,dundee-fc,0,19,11-20,33,198,228,0.868,0,1,0.0,1.0,-1.0,0,0.432844,13.000,1.057,consecutive observed seasons changed tier; mechanism unverified
falkirk-fc,25/26,24/25,55,54,upward_tier_move,14035243,2026-01-03,aberdeen,1,20,11-20,33,198,228,0.868,0,1,1.0,0.0,1.0,1,0.421664,14.000,1.229,consecutive observed seasons changed tier; mechanism unverified
cove-rangers,22/23,21/22,56,55,upward_tier_move,10387769,2022-07-30,raith-rovers,1,1,1-5,36,180,180,1.000,1,1,2.0,0.0,2.0,1,,-5.000,,consecutive observed seasons changed tier; mechanism unverified
cove-rangers,22/23,21/22,56,55,upward_tier_move,10387728,2022-08-06,greenock-morton,0,2,1-5,36,180,180,1.000,1,1,0.0,1.0,-1.0,0,0.374148,1.000,,consecutive observed seasons changed tier; mechanism unverified
cove-rangers,22/23,21/22,56,55,upward_tier_move,10387740,2022-08-13,inverness-caledonian-thistle,0,3,1-5,36,180,180,1.000,1,1,1.0,4.0,-3.0,0,0.293930,-11.000,,consecutive observed seasons changed tier; mechanism unverified
cove-rangers,22/23,21/22,56,55,upward_tier_move,10387727,2022-08-20,ayr-united,1,4,1-5,36,180,180,1.000,1,1,1.0,2.0,-1.0,0,0.349127,-15.000,,consecutive observed seasons changed tier; mechanism unverified
cove-rangers,22/23,21/22,56,55,upward_tier_move,10387747,2022-08-27,queens-park-fc,0,5,1-5,36,180,180,1.000,1,1,0.0,1.0,-1.0,0,0.290059,-8.000,,consecutive observed seasons changed tier; mechanism unverified
cove-rangers,22/23,21/22,56,55,upward_tier_move,10387741,2022-09-03,hamilton-academical,1,6,6-10,36,180,180,1.000,1,1,2.0,2.0,0.0,0,0.386331,-4.000,,consecutive observed seasons changed tier; mechanism unverified
cove-rangers,22/23,21/22,56,55,upward_tier_move,10387776,2022-09-17,partick-thistle,0,7,6-10,36,180,180,1.000,1,1,2.0,2.0,0.0,0,0.146737,-8.000,,consecutive observed seasons changed tier; mechanism unverified
cove-rangers,22/23,21/22,56,55,upward_tier_move,10387644,2022-10-01,arbroath,1,8,6-10,36,180,180,1.000,1,1,2.0,0.0,2.0,1,0.344663,2.000,,consecutive observed seasons changed tier; mechanism unverified
cove-rangers,22/23,21/22,56,55,upward_tier_move,10698045,2022-10-04,dundee-fc,1,9,6-10,36,180,180,1.000,1,1,3.0,1.0,2.0,1,,-1.000,,consecutive observed seasons changed tier; mechanism unverified
cove-rangers,22/23,21/22,56,55,upward_tier_move,10387649,2022-10-08,raith-rovers,0,10,6-10,36,180,180,1.000,1,1,0.0,3.0,-3.0,0,0.277875,-5.000,,consecutive observed seasons changed tier; mechanism unverified
cove-rangers,22/23,21/22,56,55,upward_tier_move,10387657,2022-10-15,inverness-caledonian-thistle,1,11,11-20,36,180,180,1.000,1,1,0.0,1.0,-1.0,0,0.346492,-3.000,,consecutive observed seasons changed tier; mechanism unverified
cove-rangers,22/23,21/22,56,55,upward_tier_move,10387665,2022-10-22,ayr-united,0,12,11-20,36,180,180,1.000,1,1,2.0,2.0,0.0,0,0.157056,-18.000,,consecutive observed seasons changed tier; mechanism unverified
cove-rangers,22/23,21/22,56,55,upward_tier_move,10387660,2022-10-29,hamilton-academical,0,13,11-20,36,180,180,1.000,1,1,4.0,4.0,0.0,0,0.287607,5.000,,consecutive observed seasons changed tier; mechanism unverified
cove-rangers,22/23,21/22,56,55,upward_tier_move,10387670,2022-11-04,queens-park-fc,1,14,11-20,36,180,180,1.000,1,1,2.0,0.0,2.0,1,0.363678,-1.000,,consecutive observed seasons changed tier; mechanism unverified
cove-rangers,22/23,21/22,56,55,upward_tier_move,10387800,2022-11-12,arbroath,0,15,11-20,36,180,180,1.000,1,1,1.0,1.0,0.0,0,,3.000,,consecutive observed seasons changed tier; mechanism unverified
cove-rangers,22/23,21/22,56,55,upward_tier_move,10387679,2022-11-19,greenock-morton,1,16,11-20,36,180,180,1.000,1,1,1.0,2.0,-1.0,0,0.330709,1.000,,consecutive observed seasons changed tier; mechanism unverified
cove-rangers,22/23,21/22,56,55,upward_tier_move,10387780,2022-12-03,partick-thistle,1,17,11-20,36,180,180,1.000,1,1,1.0,1.0,0.0,0,0.346492,3.000,,consecutive observed seasons changed tier; mechanism unverified
cove-rangers,22/23,21/22,56,55,upward_tier_move,10387684,2022-12-23,hamilton-academical,1,18,11-20,36,180,180,1.000,1,1,2.0,0.0,2.0,1,0.458876,-2.000,,consecutive observed seasons changed tier; mechanism unverified
cove-rangers,22/23,21/22,56,55,upward_tier_move,10387703,2023-01-02,inverness-caledonian-thistle,0,19,11-20,36,180,180,1.000,1,1,1.0,6.0,-5.0,0,0.333624,-2.000,,consecutive observed seasons changed tier; mechanism unverified
cove-rangers,22/23,21/22,56,55,upward_tier_move,10387745,2023-01-07,queens-park-fc,1,20,11-20,36,180,180,1.000,1,1,0.0,6.0,-6.0,0,0.269497,-7.000,,consecutive observed seasons changed tier; mechanism unverified
cove-rangers,23/24,22/23,55,56,downward_tier_move,11395666,2023-08-05,hamilton-academical,0,1,1-5,36,179,180,0.994,0,1,0.0,1.0,-1.0,0,0.262565,-5.000,-0.309,consecutive observed seasons changed tier; mechanism unverified
cove-rangers,23/24,22/23,55,56,downward_tier_move,11395659,2023-08-12,falkirk-fc,1,2,1-5,36,179,180,0.994,0,1,2.0,2.0,0.0,0,0.251244,-6.000,0.081,consecutive observed seasons changed tier; mechanism unverified
cove-rangers,23/24,22/23,55,56,downward_tier_move,11395654,2023-08-19,montrose,0,3,1-5,36,179,180,0.994,0,1,2.0,0.0,2.0,1,0.365663,11.000,1.230,consecutive observed seasons changed tier; mechanism unverified
cove-rangers,23/24,22/23,55,56,downward_tier_move,11395651,2023-08-26,queen-of-the-south,1,4,1-5,36,179,180,0.994,0,1,1.0,2.0,-1.0,0,0.448210,9.000,0.930,consecutive observed seasons changed tier; mechanism unverified
cove-rangers,23/24,22/23,55,56,downward_tier_move,11395648,2023-09-02,alloa-athletic,0,5,1-5,36,179,180,0.994,0,1,0.0,1.0,-1.0,0,0.398206,-1.000,-0.578,consecutive observed seasons changed tier; mechanism unverified
cove-rangers,23/24,22/23,55,56,downward_tier_move,11395641,2023-09-16,kelty-hearts-fc,1,6,6-10,36,179,180,0.994,0,1,1.0,2.0,-1.0,0,0.545393,2.000,0.516,consecutive observed seasons changed tier; mechanism unverified
cove-rangers,23/24,22/23,55,56,downward_tier_move,11395636,2023-09-23,edinburgh-city-fc,0,7,6-10,36,179,180,0.994,0,1,2.0,2.0,0.0,0,0.600962,5.000,0.846,consecutive observed seasons changed tier; mechanism unverified
cove-rangers,23/24,22/23,55,56,downward_tier_move,11395628,2023-09-30,stirling-albion,0,8,6-10,36,179,180,0.994,0,1,2.0,2.0,0.0,0,0.402425,-2.000,-0.614,consecutive observed seasons changed tier; mechanism unverified
cove-rangers,23/24,22/23,55,56,downward_tier_move,11395627,2023-10-07,annan-athletic,1,9,6-10,36,179,180,0.994,0,1,3.0,2.0,1.0,1,,7.000,0.646,consecutive observed seasons changed tier; mechanism unverified
cove-rangers,23/24,22/23,55,56,downward_tier_move,11395615,2023-10-28,queen-of-the-south,0,10,6-10,36,179,180,0.994,0,1,1.0,0.0,1.0,1,0.352944,6.000,-0.100,consecutive observed seasons changed tier; mechanism unverified
cove-rangers,23/24,22/23,55,56,downward_tier_move,11395611,2023-11-04,hamilton-academical,1,11,11-20,36,179,180,0.994,0,1,1.0,0.0,1.0,1,0.219013,-8.000,0.097,consecutive observed seasons changed tier; mechanism unverified
cove-rangers,23/24,22/23,55,56,downward_tier_move,11395604,2023-11-11,kelty-hearts-fc,0,12,11-20,36,179,180,0.994,0,1,1.0,0.0,1.0,1,0.415960,3.000,0.142,consecutive observed seasons changed tier; mechanism unverified
cove-rangers,23/24,22/23,55,56,downward_tier_move,11777618,2023-11-14,montrose,1,13,11-20,36,179,180,0.994,0,1,1.0,0.0,1.0,1,0.574955,1.000,0.055,consecutive observed seasons changed tier; mechanism unverified
cove-rangers,23/24,22/23,55,56,downward_tier_move,11395599,2023-11-18,stirling-albion,1,14,11-20,36,179,180,0.994,0,1,3.0,1.0,2.0,1,0.607566,2.000,0.604,consecutive observed seasons changed tier; mechanism unverified
cove-rangers,23/24,22/23,55,56,downward_tier_move,11395591,2023-12-09,annan-athletic,0,15,11-20,36,179,180,0.994,0,1,3.0,1.0,2.0,1,0.501232,-3.000,1.405,consecutive observed seasons changed tier; mechanism unverified
cove-rangers,23/24,22/23,55,56,downward_tier_move,11395588,2023-12-16,alloa-athletic,1,16,11-20,36,179,180,0.994,0,1,1.0,2.0,-1.0,0,0.556025,-2.000,-0.573,consecutive observed seasons changed tier; mechanism unverified
cove-rangers,23/24,22/23,55,56,downward_tier_move,11395580,2023-12-23,edinburgh-city-fc,1,17,11-20,36,179,180,0.994,0,1,7.0,2.0,5.0,1,0.875936,14.000,1.531,consecutive observed seasons changed tier; mechanism unverified
cove-rangers,23/24,22/23,55,56,downward_tier_move,11395575,2023-12-30,montrose,0,18,11-20,36,179,180,0.994,0,1,1.0,1.0,0.0,0,0.470981,2.000,0.502,consecutive observed seasons changed tier; mechanism unverified
cove-rangers,23/24,22/23,55,56,downward_tier_move,11395572,2024-01-06,kelty-hearts-fc,1,19,11-20,36,179,180,0.994,0,1,2.0,0.0,2.0,1,0.575967,3.000,-0.072,consecutive observed seasons changed tier; mechanism unverified
cove-rangers,23/24,22/23,55,56,downward_tier_move,11883582,2024-01-09,falkirk-fc,0,20,11-20,36,179,180,0.994,0,1,0.0,4.0,-4.0,0,0.100343,-14.000,-1.948,consecutive observed seasons changed tier; mechanism unverified
peterhead,23/24,22/23,56,57,downward_tier_move,11395484,2023-08-05,east-fife,0,1,1-5,34,178,180,0.989,0,1,3.0,0.0,3.0,1,0.238364,5.000,0.600,consecutive observed seasons changed tier; mechanism unverified
peterhead,23/24,22/23,56,57,downward_tier_move,11395479,2023-08-12,stenhousemuir,1,2,1-5,34,178,180,0.989,0,1,0.0,0.0,0.0,0,0.383582,1.000,-0.149,consecutive observed seasons changed tier; mechanism unverified
peterhead,23/24,22/23,56,57,downward_tier_move,11395476,2023-08-19,clyde-fc,0,3,1-5,34,178,180,0.989,0,1,2.0,1.0,1.0,1,0.466600,8.000,1.009,consecutive observed seasons changed tier; mechanism unverified
peterhead,23/24,22/23,56,57,downward_tier_move,11395469,2023-08-26,the-spartans-fc,1,4,1-5,34,178,180,0.989,0,1,0.0,1.0,-1.0,0,,-6.000,-0.650,consecutive observed seasons changed tier; mechanism unverified
peterhead,23/24,22/23,56,57,downward_tier_move,11395463,2023-09-02,stranraer,0,5,1-5,34,178,180,0.989,0,1,1.0,2.0,-1.0,0,0.373223,-3.000,-0.791,consecutive observed seasons changed tier; mechanism unverified
peterhead,23/24,22/23,56,57,downward_tier_move,11395458,2023-09-16,bonnyrigg-rose,1,6,6-10,34,178,180,0.989,0,1,2.0,1.0,1.0,1,0.392422,2.000,0.032,consecutive observed seasons changed tier; mechanism unverified
peterhead,23/24,22/23,56,57,downward_tier_move,11395452,2023-09-23,dumbarton,0,7,6-10,34,178,180,0.989,0,1,1.0,0.0,1.0,1,0.272013,5.000,0.486,consecutive observed seasons changed tier; mechanism unverified
peterhead,23/24,22/23,56,57,downward_tier_move,11395450,2023-09-30,elgin-city,1,8,6-10,34,178,180,0.989,0,1,6.0,0.0,6.0,1,0.600906,9.000,2.114,consecutive observed seasons changed tier; mechanism unverified
peterhead,23/24,22/23,56,57,downward_tier_move,11395440,2023-10-07,forfar-athletic,0,9,6-10,34,178,180,0.989,0,1,3.0,1.0,2.0,1,0.364844,-2.000,-1.090,consecutive observed seasons changed tier; mechanism unverified
peterhead,23/24,22/23,56,57,downward_tier_move,11395431,2023-11-04,east-fife,1,10,6-10,34,178,180,0.989,0,1,2.0,0.0,2.0,1,0.495143,6.000,1.009,consecutive observed seasons changed tier; mechanism unverified
peterhead,23/24,22/23,56,57,downward_tier_move,11395423,2023-11-11,stranraer,1,11,11-20,34,178,180,0.989,0,1,3.0,2.0,1.0,1,0.573947,1.000,0.390,consecutive observed seasons changed tier; mechanism unverified
peterhead,23/24,22/23,56,57,downward_tier_move,11777615,2023-11-14,stenhousemuir,0,12,11-20,34,178,180,0.989,0,1,0.0,2.0,-2.0,0,0.302450,-6.000,-1.438,consecutive observed seasons changed tier; mechanism unverified
peterhead,23/24,22/23,56,57,downward_tier_move,11395419,2023-11-18,the-spartans-fc,0,13,11-20,34,178,180,0.989,0,1,2.0,1.0,1.0,1,,1.000,-0.292,consecutive observed seasons changed tier; mechanism unverified
peterhead,23/24,22/23,56,57,downward_tier_move,11395415,2023-12-09,bonnyrigg-rose,0,14,11-20,34,178,180,0.989,0,1,1.0,1.0,0.0,0,0.446301,2.000,0.620,consecutive observed seasons changed tier; mechanism unverified
peterhead,23/24,22/23,56,57,downward_tier_move,11395409,2023-12-16,clyde-fc,1,15,11-20,34,178,180,0.989,0,1,2.0,1.0,1.0,1,0.613888,3.000,0.566,consecutive observed seasons changed tier; mechanism unverified
peterhead,23/24,22/23,56,57,downward_tier_move,11395404,2023-12-23,forfar-athletic,1,16,11-20,34,178,180,0.989,0,1,1.0,2.0,-1.0,0,0.489084,5.000,0.363,consecutive observed seasons changed tier; mechanism unverified
peterhead,23/24,22/23,56,57,downward_tier_move,11395396,2023-12-30,elgin-city,0,17,11-20,34,178,180,0.989,0,1,1.0,2.0,-1.0,0,0.566847,2.000,0.610,consecutive observed seasons changed tier; mechanism unverified
peterhead,23/24,22/23,56,57,downward_tier_move,11395391,2024-01-06,the-spartans-fc,1,18,11-20,34,178,180,0.989,0,1,0.0,1.0,-1.0,0,,0.000,-0.094,consecutive observed seasons changed tier; mechanism unverified
peterhead,23/24,22/23,56,57,downward_tier_move,11883581,2024-01-09,dumbarton,1,19,11-20,34,178,180,0.989,0,1,3.0,1.0,2.0,1,0.360141,10.000,1.777,consecutive observed seasons changed tier; mechanism unverified
peterhead,23/24,22/23,56,57,downward_tier_move,11395386,2024-01-13,stranraer,0,20,11-20,34,178,180,0.989,0,1,0.0,2.0,-2.0,0,0.451702,-1.000,0.071,consecutive observed seasons changed tier; mechanism unverified
peterhead,25/26,24/25,57,56,upward_tier_move,14035487,2025-08-02,east-fife,1,1,1-5,35,175,180,0.972,0,1,4.0,1.0,3.0,1,,-2.000,0.312,consecutive observed seasons changed tier; mechanism unverified
peterhead,25/26,24/25,57,56,upward_tier_move,14035498,2025-08-09,inverness-caledonian-thistle,0,2,1-5,35,175,180,0.972,0,1,0.0,2.0,-2.0,0,0.146142,-8.000,-1.060,consecutive observed seasons changed tier; mechanism unverified
peterhead,25/26,24/25,57,56,upward_tier_move,14035489,2025-08-16,queen-of-the-south,0,3,1-5,35,175,180,0.972,0,1,0.0,4.0,-4.0,0,0.222623,-16.000,-0.921,consecutive observed seasons changed tier; mechanism unverified
peterhead,25/26,24/25,57,56,upward_tier_move,14035493,2025-08-23,cove-rangers,1,4,1-5,35,175,180,0.972,0,1,3.0,1.0,2.0,1,0.378763,4.000,0.688,consecutive observed seasons changed tier; mechanism unverified
peterhead,25/26,24/25,57,56,upward_tier_move,14035505,2025-08-30,montrose,0,5,1-5,35,175,180,0.972,0,1,1.0,2.0,-1.0,0,,5.000,-0.474,consecutive observed seasons changed tier; mechanism unverified
peterhead,25/26,24/25,57,56,upward_tier_move,14035511,2025-09-13,hamilton-academical,1,6,6-10,35,175,180,0.972,0,1,2.0,2.0,0.0,0,0.344408,3.000,-0.025,consecutive observed seasons changed tier; mechanism unverified
peterhead,25/26,24/25,57,56,upward_tier_move,14035516,2025-09-20,stenhousemuir,0,7,6-10,35,175,180,0.972,0,1,1.0,3.0,-2.0,0,0.321437,1.000,-0.449,consecutive observed seasons changed tier; mechanism unverified
peterhead,25/26,24/25,57,56,upward_tier_move,14035521,2025-09-27,alloa-athletic,1,8,6-10,35,175,180,0.972,0,1,2.0,1.0,1.0,1,0.405290,2.000,0.141,consecutive observed seasons changed tier; mechanism unverified
peterhead,25/26,24/25,57,56,upward_tier_move,14035526,2025-10-04,kelty-hearts-fc,0,9,6-10,35,175,180,0.972,0,1,2.0,1.0,1.0,1,0.533364,0.000,0.166,consecutive observed seasons changed tier; mechanism unverified
peterhead,25/26,24/25,57,56,upward_tier_move,14035531,2025-10-18,queen-of-the-south,1,10,6-10,35,175,180,0.972,0,1,3.0,0.0,3.0,1,0.425980,4.000,1.069,consecutive observed seasons changed tier; mechanism unverified
peterhead,25/26,24/25,57,56,upward_tier_move,14035535,2025-10-25,inverness-caledonian-thistle,1,11,11-20,35,175,180,0.972,0,1,0.0,1.0,-1.0,0,0.195730,4.000,-0.258,consecutive observed seasons changed tier; mechanism unverified
peterhead,25/26,24/25,57,56,upward_tier_move,14035538,2025-11-01,cove-rangers,0,12,11-20,35,175,180,0.972,0,1,2.0,1.0,1.0,1,0.364729,-5.000,-0.209,consecutive observed seasons changed tier; mechanism unverified
peterhead,25/26,24/25,57,56,upward_tier_move,14035541,2025-11-08,hamilton-academical,0,13,11-20,35,175,180,0.972,0,1,0.0,3.0,-3.0,0,0.189019,-5.000,-0.911,consecutive observed seasons changed tier; mechanism unverified
peterhead,25/26,24/25,57,56,upward_tier_move,14035549,2025-11-15,montrose,1,14,11-20,35,175,180,0.972,0,1,1.0,1.0,0.0,0,0.528402,5.000,0.939,consecutive observed seasons changed tier; mechanism unverified
peterhead,25/26,24/25,57,56,upward_tier_move,14035556,2025-11-22,stenhousemuir,1,15,11-20,35,175,180,0.972,0,1,1.0,4.0,-3.0,0,0.406563,1.000,0.177,consecutive observed seasons changed tier; mechanism unverified
peterhead,25/26,24/25,57,56,upward_tier_move,14035560,2025-12-06,alloa-athletic,0,16,11-20,35,175,180,0.972,0,1,0.0,4.0,-4.0,0,0.259067,-8.000,-1.263,consecutive observed seasons changed tier; mechanism unverified
peterhead,25/26,24/25,57,56,upward_tier_move,14035566,2025-12-13,kelty-hearts-fc,1,17,11-20,35,175,180,0.972,0,1,3.0,2.0,1.0,1,0.517776,3.000,0.692,consecutive observed seasons changed tier; mechanism unverified
peterhead,25/26,24/25,57,56,upward_tier_move,14035567,2025-12-20,east-fife,0,18,11-20,35,175,180,0.972,0,1,1.0,0.0,1.0,1,0.315858,4.000,0.602,consecutive observed seasons changed tier; mechanism unverified
peterhead,25/26,24/25,57,56,upward_tier_move,14035573,2025-12-27,cove-rangers,1,19,11-20,35,175,180,0.972,0,1,0.0,4.0,-4.0,0,0.374512,2.000,-0.955,consecutive observed seasons changed tier; mechanism unverified
peterhead,25/26,24/25,57,56,upward_tier_move,15363335,2026-01-17,hamilton-academical,1,20,11-20,35,175,180,0.972,0,1,2.0,3.0,-1.0,0,0.560002,9.000,0.703,consecutive observed seasons changed tier; mechanism unverified
dunfermline-athletic,22/23,21/22,55,56,downward_tier_move,10387816,2022-07-30,alloa-athletic,1,1,1-5,36,180,180,1.000,1,1,1.0,0.0,1.0,1,0.497487,-2.000,,consecutive observed seasons changed tier; mechanism unverified
dunfermline-athletic,22/23,21/22,55,56,downward_tier_move,10387882,2022-08-06,edinburgh-city-fc,0,2,1-5,36,180,180,1.000,1,1,3.0,0.0,3.0,1,0.579200,24.000,,consecutive observed seasons changed tier; mechanism unverified
dunfermline-athletic,22/23,21/22,55,56,downward_tier_move,10387863,2022-08-13,montrose,1,3,1-5,36,180,180,1.000,1,1,1.0,0.0,1.0,1,0.487013,3.000,,consecutive observed seasons changed tier; mechanism unverified
dunfermline-athletic,22/23,21/22,55,56,downward_tier_move,10387851,2022-08-20,kelty-hearts-fc,0,4,1-5,36,180,180,1.000,1,1,0.0,0.0,0.0,0,0.468172,4.000,,consecutive observed seasons changed tier; mechanism unverified
dunfermline-athletic,22/23,21/22,55,56,downward_tier_move,10387865,2022-08-27,airdrieonians,1,5,1-5,36,180,180,1.000,1,1,1.0,1.0,0.0,0,0.426621,4.000,,consecutive observed seasons changed tier; mechanism unverified
dunfermline-athletic,22/23,21/22,55,56,downward_tier_move,10387891,2022-09-03,queen-of-the-south,0,6,6-10,36,180,180,1.000,1,1,2.0,0.0,2.0,1,0.414321,9.000,,consecutive observed seasons changed tier; mechanism unverified
dunfermline-athletic,22/23,21/22,55,56,downward_tier_move,10387909,2022-09-17,falkirk-fc,1,7,6-10,36,180,180,1.000,1,1,1.0,1.0,0.0,0,0.521112,3.000,,consecutive observed seasons changed tier; mechanism unverified
dunfermline-athletic,22/23,21/22,55,56,downward_tier_move,10387889,2022-10-01,peterhead,1,8,6-10,36,180,180,1.000,1,1,2.0,2.0,0.0,0,0.807119,12.000,,consecutive observed seasons changed tier; mechanism unverified
dunfermline-athletic,22/23,21/22,55,56,downward_tier_move,10387958,2022-10-08,alloa-athletic,0,9,6-10,36,180,180,1.000,1,1,3.0,0.0,3.0,1,0.503983,0.000,,consecutive observed seasons changed tier; mechanism unverified
dunfermline-athletic,22/23,21/22,55,56,downward_tier_move,10387902,2022-10-15,edinburgh-city-fc,1,10,6-10,36,180,180,1.000,1,1,1.0,0.0,1.0,1,0.628061,9.000,,consecutive observed seasons changed tier; mechanism unverified
dunfermline-athletic,22/23,21/22,55,56,downward_tier_move,10698041,2022-10-18,clyde-fc,0,11,11-20,36,180,180,1.000,1,1,2.0,0.0,2.0,1,0.654266,11.000,,consecutive observed seasons changed tier; mechanism unverified
dunfermline-athletic,22/23,21/22,55,56,downward_tier_move,10387943,2022-10-22,montrose,0,12,11-20,36,180,180,1.000,1,1,0.0,2.0,-2.0,0,0.346403,3.000,,consecutive observed seasons changed tier; mechanism unverified
dunfermline-athletic,22/23,21/22,55,56,downward_tier_move,10387919,2022-10-29,kelty-hearts-fc,1,13,11-20,36,180,180,1.000,1,1,2.0,1.0,1.0,1,0.605166,-4.000,,consecutive observed seasons changed tier; mechanism unverified
dunfermline-athletic,22/23,21/22,55,56,downward_tier_move,10387964,2022-11-05,falkirk-fc,0,14,11-20,36,180,180,1.000,1,1,1.0,0.0,1.0,1,0.293258,-2.000,,consecutive observed seasons changed tier; mechanism unverified
dunfermline-athletic,22/23,21/22,55,56,downward_tier_move,10387930,2022-11-12,clyde-fc,1,15,11-20,36,180,180,1.000,1,1,2.0,2.0,0.0,0,0.734332,6.000,,consecutive observed seasons changed tier; mechanism unverified
dunfermline-athletic,22/23,21/22,55,56,downward_tier_move,10387905,2022-11-19,peterhead,0,16,11-20,36,180,180,1.000,1,1,2.0,0.0,2.0,1,0.666026,1.000,,consecutive observed seasons changed tier; mechanism unverified
dunfermline-athletic,22/23,21/22,55,56,downward_tier_move,10387927,2022-12-03,queen-of-the-south,1,17,11-20,36,180,180,1.000,1,1,1.0,1.0,0.0,0,0.516224,-2.000,,consecutive observed seasons changed tier; mechanism unverified
dunfermline-athletic,22/23,21/22,55,56,downward_tier_move,10388168,2022-12-24,kelty-hearts-fc,0,18,11-20,36,180,180,1.000,1,1,2.0,1.0,1.0,1,0.477635,-1.000,,consecutive observed seasons changed tier; mechanism unverified
dunfermline-athletic,22/23,21/22,55,56,downward_tier_move,10387917,2023-01-07,edinburgh-city-fc,0,19,11-20,36,180,180,1.000,1,1,1.0,0.0,1.0,1,0.491865,10.000,,consecutive observed seasons changed tier; mechanism unverified
dunfermline-athletic,22/23,21/22,55,56,downward_tier_move,10387804,2023-01-14,peterhead,1,20,11-20,36,180,180,1.000,1,1,4.0,0.0,4.0,1,0.812179,8.000,,consecutive observed seasons changed tier; mechanism unverified
dunfermline-athletic,23/24,22/23,56,55,upward_tier_move,11395858,2023-08-05,airdrieonians,1,1,1-5,36,178,180,0.989,0,1,2.0,1.0,1.0,1,0.461165,1.000,-0.003,consecutive observed seasons changed tier; mechanism unverified
dunfermline-athletic,23/24,22/23,56,55,upward_tier_move,11395852,2023-08-12,dundee-united,0,2,1-5,36,178,180,0.989,0,1,1.0,1.0,0.0,0,0.199430,-11.000,0.364,consecutive observed seasons changed tier; mechanism unverified
dunfermline-athletic,23/24,22/23,56,55,upward_tier_move,11395846,2023-08-26,raith-rovers,1,3,1-5,36,178,180,0.989,0,1,0.0,1.0,-1.0,0,0.381637,2.000,-0.076,consecutive observed seasons changed tier; mechanism unverified
dunfermline-athletic,23/24,22/23,56,55,upward_tier_move,11395839,2023-09-02,inverness-caledonian-thistle,0,4,1-5,36,178,180,0.989,0,1,1.0,1.0,0.0,0,0.321201,3.000,0.538,consecutive observed seasons changed tier; mechanism unverified
dunfermline-athletic,23/24,22/23,56,55,upward_tier_move,11395832,2023-09-16,queens-park-fc,0,5,1-5,36,178,180,0.989,0,1,2.0,0.0,2.0,1,0.369821,1.000,0.608,consecutive observed seasons changed tier; mechanism unverified
dunfermline-athletic,23/24,22/23,56,55,upward_tier_move,11395827,2023-09-23,greenock-morton,1,6,6-10,36,178,180,0.989,0,1,3.0,1.0,2.0,1,0.466955,1.000,1.037,consecutive observed seasons changed tier; mechanism unverified
dunfermline-athletic,23/24,22/23,56,55,upward_tier_move,11395821,2023-09-30,partick-thistle,0,7,6-10,36,178,180,0.989,0,1,0.0,3.0,-3.0,0,0.344098,-4.000,-0.806,consecutive observed seasons changed tier; mechanism unverified
dunfermline-athletic,23/24,22/23,56,55,upward_tier_move,11395813,2023-10-21,ayr-united,1,8,6-10,36,178,180,0.989,0,1,0.0,1.0,-1.0,0,,-6.000,-0.461,consecutive observed seasons changed tier; mechanism unverified
dunfermline-athletic,23/24,22/23,56,55,upward_tier_move,11395806,2023-10-28,raith-rovers,0,9,6-10,36,178,180,0.989,0,1,0.0,1.0,-1.0,0,0.281649,2.000,0.530,consecutive observed seasons changed tier; mechanism unverified
dunfermline-athletic,23/24,22/23,56,55,upward_tier_move,11395797,2023-11-03,greenock-morton,0,10,6-10,36,178,180,0.989,0,1,2.0,1.0,1.0,1,0.323542,1.000,-1.200,consecutive observed seasons changed tier; mechanism unverified
dunfermline-athletic,23/24,22/23,56,55,upward_tier_move,11395794,2023-11-10,dundee-united,1,11,11-20,36,178,180,0.989,0,1,1.0,2.0,-1.0,0,0.192020,-10.000,-1.137,consecutive observed seasons changed tier; mechanism unverified
dunfermline-athletic,23/24,22/23,56,55,upward_tier_move,11691827,2023-11-18,inverness-caledonian-thistle,1,12,11-20,36,178,180,0.989,0,1,1.0,1.0,0.0,0,0.368413,7.000,-0.202,consecutive observed seasons changed tier; mechanism unverified
dunfermline-athletic,23/24,22/23,56,55,upward_tier_move,11813347,2023-11-28,arbroath,1,13,11-20,36,178,180,0.989,0,1,3.0,0.0,3.0,1,0.502151,11.000,2.108,consecutive observed seasons changed tier; mechanism unverified
dunfermline-athletic,23/24,22/23,56,55,upward_tier_move,11395782,2023-12-09,airdrieonians,0,14,11-20,36,178,180,0.989,0,1,2.0,1.0,1.0,1,0.369789,-3.000,-0.883,consecutive observed seasons changed tier; mechanism unverified
dunfermline-athletic,23/24,22/23,56,55,upward_tier_move,11395772,2023-12-16,partick-thistle,1,15,11-20,36,178,180,0.989,0,1,1.0,2.0,-1.0,0,0.369352,1.000,-0.500,consecutive observed seasons changed tier; mechanism unverified
dunfermline-athletic,23/24,22/23,56,55,upward_tier_move,11395770,2023-12-23,arbroath,0,16,11-20,36,178,180,0.989,0,1,1.0,1.0,0.0,0,0.510681,-5.000,-0.004,consecutive observed seasons changed tier; mechanism unverified
dunfermline-athletic,23/24,22/23,56,55,upward_tier_move,11395766,2023-12-30,ayr-united,0,17,11-20,36,178,180,0.989,0,1,2.0,2.0,0.0,0,0.327809,-1.000,-0.066,consecutive observed seasons changed tier; mechanism unverified
dunfermline-athletic,23/24,22/23,56,55,upward_tier_move,11395760,2024-01-02,raith-rovers,1,18,11-20,36,178,180,0.989,0,1,1.0,2.0,-1.0,0,0.260999,-3.000,-0.909,consecutive observed seasons changed tier; mechanism unverified
dunfermline-athletic,23/24,22/23,56,55,upward_tier_move,11395752,2024-01-05,queens-park-fc,0,19,11-20,36,178,180,0.989,0,1,1.0,2.0,-1.0,0,0.459822,-9.000,-0.949,consecutive observed seasons changed tier; mechanism unverified
dunfermline-athletic,23/24,22/23,56,55,upward_tier_move,11395743,2024-01-27,dundee-united,0,20,11-20,36,178,180,0.989,0,1,0.0,0.0,0.0,0,0.095181,-5.000,-0.773,consecutive observed seasons changed tier; mechanism unverified
arbroath,24/25,23/24,55,56,downward_tier_move,12477128,2024-08-03,stenhousemuir,0,1,1-5,36,180,180,1.000,1,1,1.0,2.0,-1.0,0,,-1.000,-0.050,consecutive observed seasons changed tier; mechanism unverified
arbroath,24/25,23/24,55,56,downward_tier_move,12476799,2024-08-10,montrose,1,2,1-5,36,180,180,1.000,1,1,0.0,0.0,0.0,0,,9.000,1.127,consecutive observed seasons changed tier; mechanism unverified
arbroath,24/25,23/24,55,56,downward_tier_move,12476796,2024-08-17,kelty-hearts-fc,1,3,1-5,36,180,180,1.000,1,1,0.0,3.0,-3.0,0,0.415778,-5.000,-1.028,consecutive observed seasons changed tier; mechanism unverified
arbroath,24/25,23/24,55,56,downward_tier_move,12476791,2024-08-24,dumbarton,0,4,1-5,36,180,180,1.000,1,1,2.0,2.0,0.0,0,0.249740,-5.000,-0.612,consecutive observed seasons changed tier; mechanism unverified
arbroath,24/25,23/24,55,56,downward_tier_move,12476782,2024-08-31,alloa-athletic,1,5,1-5,36,180,180,1.000,1,1,0.0,0.0,0.0,0,0.356123,6.000,0.657,consecutive observed seasons changed tier; mechanism unverified
arbroath,24/25,23/24,55,56,downward_tier_move,12476777,2024-09-14,queen-of-the-south,0,6,6-10,36,180,180,1.000,1,1,1.0,2.0,-1.0,0,0.325946,-5.000,-0.397,consecutive observed seasons changed tier; mechanism unverified
arbroath,24/25,23/24,55,56,downward_tier_move,12476773,2024-09-21,annan-athletic,1,7,6-10,36,180,180,1.000,1,1,2.0,0.0,2.0,1,0.447027,5.000,1.203,consecutive observed seasons changed tier; mechanism unverified
arbroath,24/25,23/24,55,56,downward_tier_move,12476768,2024-09-28,cove-rangers,0,8,6-10,36,180,180,1.000,1,1,4.0,2.0,2.0,1,0.342569,-1.000,-0.430,consecutive observed seasons changed tier; mechanism unverified
arbroath,24/25,23/24,55,56,downward_tier_move,12476761,2024-10-05,inverness-caledonian-thistle,1,9,6-10,36,180,180,1.000,1,1,1.0,0.0,1.0,1,0.409317,-7.000,-0.469,consecutive observed seasons changed tier; mechanism unverified
arbroath,24/25,23/24,55,56,downward_tier_move,12476763,2024-10-19,dumbarton,1,10,6-10,36,180,180,1.000,1,1,1.0,3.0,-2.0,0,0.488557,-7.000,-0.695,consecutive observed seasons changed tier; mechanism unverified
arbroath,24/25,23/24,55,56,downward_tier_move,12476755,2024-10-26,alloa-athletic,0,11,11-20,36,180,180,1.000,1,1,1.0,0.0,1.0,1,0.322917,5.000,1.328,consecutive observed seasons changed tier; mechanism unverified
arbroath,24/25,23/24,55,56,downward_tier_move,12476748,2024-11-02,stenhousemuir,1,12,11-20,36,180,180,1.000,1,1,1.0,0.0,1.0,1,0.466489,2.000,0.105,consecutive observed seasons changed tier; mechanism unverified
arbroath,24/25,23/24,55,56,downward_tier_move,12476746,2024-11-09,montrose,0,13,11-20,36,180,180,1.000,1,1,1.0,1.0,0.0,0,0.431708,8.000,2.264,consecutive observed seasons changed tier; mechanism unverified
arbroath,24/25,23/24,55,56,downward_tier_move,12476744,2024-11-16,cove-rangers,1,14,11-20,36,180,180,1.000,1,1,2.0,1.0,1.0,1,0.499843,-3.000,-0.323,consecutive observed seasons changed tier; mechanism unverified
arbroath,24/25,23/24,55,56,downward_tier_move,12476730,2024-12-07,queen-of-the-south,1,15,11-20,36,180,180,1.000,1,1,2.0,1.0,1.0,1,0.469834,7.000,0.600,consecutive observed seasons changed tier; mechanism unverified
arbroath,24/25,23/24,55,56,downward_tier_move,12476720,2024-12-14,inverness-caledonian-thistle,0,16,11-20,36,180,180,1.000,1,1,2.0,0.0,2.0,1,0.219567,-1.000,0.188,consecutive observed seasons changed tier; mechanism unverified
arbroath,24/25,23/24,55,56,downward_tier_move,13179034,2024-12-17,kelty-hearts-fc,0,17,11-20,36,180,180,1.000,1,1,2.0,3.0,-1.0,0,0.424036,-1.000,0.199,consecutive observed seasons changed tier; mechanism unverified
arbroath,24/25,23/24,55,56,downward_tier_move,12476718,2024-12-21,annan-athletic,0,18,11-20,36,180,180,1.000,1,1,4.0,0.0,4.0,1,0.430328,8.000,1.044,consecutive observed seasons changed tier; mechanism unverified
arbroath,24/25,23/24,55,56,downward_tier_move,12476714,2024-12-28,montrose,1,19,11-20,36,180,180,1.000,1,1,3.0,0.0,3.0,1,0.512443,-3.000,-0.225,consecutive observed seasons changed tier; mechanism unverified
arbroath,24/25,23/24,55,56,downward_tier_move,12476711,2025-01-04,alloa-athletic,1,20,11-20,36,180,180,1.000,1,1,1.0,3.0,-2.0,0,0.504831,5.000,-1.085,consecutive observed seasons changed tier; mechanism unverified
arbroath,25/26,24/25,56,55,upward_tier_move,14035315,2025-08-01,ayr-united,1,1,1-5,35,173,180,0.961,0,1,1.0,1.0,0.0,0,0.203675,8.000,0.682,consecutive observed seasons changed tier; mechanism unverified
arbroath,25/26,24/25,56,55,upward_tier_move,14035328,2025-08-09,queens-park-fc,0,2,1-5,35,173,180,0.961,0,1,3.0,1.0,2.0,1,,-9.000,-0.820,consecutive observed seasons changed tier; mechanism unverified
arbroath,25/26,24/25,56,55,upward_tier_move,14035331,2025-08-23,st-johnstone,0,3,1-5,35,173,180,0.961,0,1,0.0,3.0,-3.0,0,,-16.000,-1.840,consecutive observed seasons changed tier; mechanism unverified
arbroath,25/26,24/25,56,55,upward_tier_move,14035332,2025-08-30,airdrieonians,1,4,1-5,35,173,180,0.961,0,1,1.0,0.0,1.0,1,,7.000,0.836,consecutive observed seasons changed tier; mechanism unverified
arbroath,25/26,24/25,56,55,upward_tier_move,14035340,2025-09-06,ross-county,0,5,1-5,35,173,180,0.961,0,1,2.0,1.0,1.0,1,,-3.000,-0.057,consecutive observed seasons changed tier; mechanism unverified
arbroath,25/26,24/25,56,55,upward_tier_move,14035345,2025-09-13,dunfermline-athletic,1,6,6-10,35,173,180,0.961,0,1,0.0,5.0,-5.0,0,,-3.000,-0.540,consecutive observed seasons changed tier; mechanism unverified
arbroath,25/26,24/25,56,55,upward_tier_move,14035347,2025-09-20,greenock-morton,1,7,6-10,35,173,180,0.961,0,1,1.0,1.0,0.0,0,,-1.000,-0.685,consecutive observed seasons changed tier; mechanism unverified
arbroath,25/26,24/25,56,55,upward_tier_move,14035354,2025-09-27,raith-rovers,0,8,6-10,35,173,180,0.961,0,1,0.0,3.0,-3.0,0,,-6.000,-1.331,consecutive observed seasons changed tier; mechanism unverified
arbroath,25/26,24/25,56,55,upward_tier_move,14035359,2025-10-04,partick-thistle,0,9,6-10,35,173,180,0.961,0,1,1.0,1.0,0.0,0,,-7.000,-0.624,consecutive observed seasons changed tier; mechanism unverified
arbroath,25/26,24/25,56,55,upward_tier_move,14035364,2025-10-11,queens-park-fc,1,10,6-10,35,173,180,0.961,0,1,4.0,1.0,3.0,1,,6.000,0.747,consecutive observed seasons changed tier; mechanism unverified
arbroath,25/26,24/25,56,55,upward_tier_move,14035365,2025-10-18,st-johnstone,1,11,11-20,35,173,180,0.961,0,1,3.0,1.0,2.0,1,,-7.000,-0.721,consecutive observed seasons changed tier; mechanism unverified
arbroath,25/26,24/25,56,55,upward_tier_move,14035373,2025-10-25,airdrieonians,0,12,11-20,35,173,180,0.961,0,1,0.0,1.0,-1.0,0,,4.000,-0.150,consecutive observed seasons changed tier; mechanism unverified
arbroath,25/26,24/25,56,55,upward_tier_move,14035377,2025-11-01,ross-county,1,13,11-20,35,173,180,0.961,0,1,3.0,0.0,3.0,1,,-3.000,-0.200,consecutive observed seasons changed tier; mechanism unverified
arbroath,25/26,24/25,56,55,upward_tier_move,14035384,2025-11-08,greenock-morton,0,14,11-20,35,173,180,0.961,0,1,0.0,1.0,-1.0,0,,3.000,-0.357,consecutive observed seasons changed tier; mechanism unverified
arbroath,25/26,24/25,56,55,upward_tier_move,14035387,2025-11-15,ayr-united,0,15,11-20,35,173,180,0.961,0,1,1.0,1.0,0.0,0,,-3.000,-0.605,consecutive observed seasons changed tier; mechanism unverified
arbroath,25/26,24/25,56,55,upward_tier_move,14035393,2025-11-22,raith-rovers,1,16,11-20,35,173,180,0.961,0,1,0.0,0.0,0.0,0,,2.000,-0.094,consecutive observed seasons changed tier; mechanism unverified
arbroath,25/26,24/25,56,55,upward_tier_move,14035397,2025-12-06,dunfermline-athletic,0,17,11-20,35,173,180,0.961,0,1,2.0,1.0,1.0,1,,6.000,0.728,consecutive observed seasons changed tier; mechanism unverified
arbroath,25/26,24/25,56,55,upward_tier_move,14035402,2025-12-13,partick-thistle,1,18,11-20,35,173,180,0.961,0,1,2.0,1.0,1.0,1,,4.000,0.257,consecutive observed seasons changed tier; mechanism unverified
arbroath,25/26,24/25,56,55,upward_tier_move,14035409,2025-12-20,ross-county,0,19,11-20,35,173,180,0.961,0,1,2.0,0.0,2.0,1,,-5.000,-0.595,consecutive observed seasons changed tier; mechanism unverified
arbroath,25/26,24/25,56,55,upward_tier_move,14035411,2025-12-27,airdrieonians,1,20,11-20,35,173,180,0.961,0,1,1.0,1.0,0.0,0,,0.000,-0.533,consecutive observed seasons changed tier; mechanism unverified
inverness-caledonian-thistle,24/25,23/24,55,56,downward_tier_move,12477132,2024-08-03,dumbarton,1,1,1-5,36,180,180,1.000,1,1,1.0,1.0,0.0,0,0.509458,4.000,0.255,consecutive observed seasons changed tier; mechanism unverified
inverness-caledonian-thistle,24/25,23/24,55,56,downward_tier_move,12476800,2024-08-10,annan-athletic,0,2,1-5,36,180,180,1.000,1,1,0.0,1.0,-1.0,0,0.352307,0.000,-0.594,consecutive observed seasons changed tier; mechanism unverified
inverness-caledonian-thistle,24/25,23/24,55,56,downward_tier_move,12476793,2024-08-17,montrose,1,3,1-5,36,180,180,1.000,1,1,1.0,1.0,0.0,0,0.448536,15.000,1.250,consecutive observed seasons changed tier; mechanism unverified
inverness-caledonian-thistle,24/25,23/24,55,56,downward_tier_move,12476788,2024-08-24,kelty-hearts-fc,0,4,1-5,36,180,180,1.000,1,1,0.0,0.0,0.0,0,0.309271,0.000,0.260,consecutive observed seasons changed tier; mechanism unverified
inverness-caledonian-thistle,24/25,23/24,55,56,downward_tier_move,12476785,2024-08-31,queen-of-the-south,1,5,1-5,36,180,180,1.000,1,1,1.0,0.0,1.0,1,,0.000,0.444,consecutive observed seasons changed tier; mechanism unverified
inverness-caledonian-thistle,24/25,23/24,55,56,downward_tier_move,12476780,2024-09-14,alloa-athletic,0,6,6-10,36,180,180,1.000,1,1,2.0,2.0,0.0,0,0.308006,4.000,0.166,consecutive observed seasons changed tier; mechanism unverified
inverness-caledonian-thistle,24/25,23/24,55,56,downward_tier_move,12476772,2024-09-21,cove-rangers,1,7,6-10,36,180,180,1.000,1,1,1.0,1.0,0.0,0,0.541177,1.000,-0.023,consecutive observed seasons changed tier; mechanism unverified
inverness-caledonian-thistle,24/25,23/24,55,56,downward_tier_move,12476770,2024-09-28,stenhousemuir,1,8,6-10,36,180,180,1.000,1,1,0.0,0.0,0.0,0,0.592591,2.000,-0.774,consecutive observed seasons changed tier; mechanism unverified
inverness-caledonian-thistle,24/25,23/24,55,56,downward_tier_move,12476761,2024-10-05,arbroath,0,9,6-10,36,180,180,1.000,1,1,0.0,1.0,-1.0,0,0.317058,7.000,0.469,consecutive observed seasons changed tier; mechanism unverified
inverness-caledonian-thistle,24/25,23/24,55,56,downward_tier_move,12476758,2024-10-19,annan-athletic,1,10,6-10,36,180,180,1.000,1,1,1.0,0.0,1.0,1,0.586223,5.000,0.837,consecutive observed seasons changed tier; mechanism unverified
inverness-caledonian-thistle,24/25,23/24,55,56,downward_tier_move,12476753,2024-10-26,dumbarton,0,11,11-20,36,180,180,1.000,1,1,1.0,3.0,-2.0,0,,0.000,-0.080,consecutive observed seasons changed tier; mechanism unverified
inverness-caledonian-thistle,24/25,23/24,55,56,downward_tier_move,12476739,2024-11-02,kelty-hearts-fc,1,12,11-20,36,180,180,1.000,1,1,1.0,1.0,0.0,0,0.529730,1.000,-0.003,consecutive observed seasons changed tier; mechanism unverified
inverness-caledonian-thistle,24/25,23/24,55,56,downward_tier_move,12476742,2024-11-09,cove-rangers,0,13,11-20,36,180,180,1.000,1,1,2.0,1.0,1.0,1,0.317275,7.000,-0.420,consecutive observed seasons changed tier; mechanism unverified
inverness-caledonian-thistle,24/25,23/24,55,56,downward_tier_move,12476735,2024-11-16,alloa-athletic,1,14,11-20,36,180,180,1.000,1,1,1.0,0.0,1.0,1,0.505609,5.000,0.866,consecutive observed seasons changed tier; mechanism unverified
inverness-caledonian-thistle,24/25,23/24,55,56,downward_tier_move,12476727,2024-12-07,montrose,0,15,11-20,36,180,180,1.000,1,1,3.0,2.0,1.0,1,0.390016,16.000,1.448,consecutive observed seasons changed tier; mechanism unverified
inverness-caledonian-thistle,24/25,23/24,55,56,downward_tier_move,12476720,2024-12-14,arbroath,1,16,11-20,36,180,180,1.000,1,1,0.0,2.0,-2.0,0,0.461706,1.000,-0.188,consecutive observed seasons changed tier; mechanism unverified
inverness-caledonian-thistle,24/25,23/24,55,56,downward_tier_move,12476726,2024-12-21,stenhousemuir,0,17,11-20,36,180,180,1.000,1,1,1.0,0.0,1.0,1,0.321690,12.000,1.645,consecutive observed seasons changed tier; mechanism unverified
inverness-caledonian-thistle,24/25,23/24,55,56,downward_tier_move,12476713,2024-12-28,cove-rangers,1,18,11-20,36,180,180,1.000,1,1,1.0,4.0,-3.0,0,0.558962,-2.000,-0.207,consecutive observed seasons changed tier; mechanism unverified
inverness-caledonian-thistle,24/25,23/24,55,56,downward_tier_move,12476708,2025-01-04,dumbarton,1,19,11-20,36,180,180,1.000,1,1,2.0,0.0,2.0,1,0.537430,5.000,1.045,consecutive observed seasons changed tier; mechanism unverified
inverness-caledonian-thistle,24/25,23/24,55,56,downward_tier_move,13324922,2025-01-18,annan-athletic,0,20,11-20,36,180,180,1.000,1,1,3.0,0.0,3.0,1,,12.000,1.833,consecutive observed seasons changed tier; mechanism unverified
inverness-caledonian-thistle,26/27,25/26,56,55,upward_tier_move,16362196,2026-08-01,dunfermline-athletic,1,1,1-5,6,31,180,0.172,0,0,0.0,0.0,0.0,0,,12.000,1.528,consecutive observed seasons changed tier; mechanism unverified
inverness-caledonian-thistle,26/27,25/26,56,55,upward_tier_move,16362200,2026-08-08,arbroath,0,2,1-5,6,31,180,0.172,0,0,0.0,0.0,0.0,0,,7.000,0.593,consecutive observed seasons changed tier; mechanism unverified
inverness-caledonian-thistle,26/27,25/26,56,55,upward_tier_move,16362206,2026-08-21,partick-thistle,1,3,1-5,6,31,180,0.172,0,0,1.0,1.0,0.0,0,,1.000,-0.267,consecutive observed seasons changed tier; mechanism unverified
inverness-caledonian-thistle,26/27,25/26,56,55,upward_tier_move,16362212,2026-08-29,stenhousemuir,0,4,1-5,6,31,180,0.172,0,0,1.0,3.0,-2.0,0,,,,consecutive observed seasons changed tier; mechanism unverified
inverness-caledonian-thistle,26/27,25/26,56,55,upward_tier_move,16362216,2026-09-05,raith-rovers,1,5,1-5,6,31,180,0.172,0,0,0.0,2.0,-2.0,0,,,,consecutive observed seasons changed tier; mechanism unverified
inverness-caledonian-thistle,26/27,25/26,56,55,upward_tier_move,16362217,2026-09-12,ayr-united,0,6,6-10,6,31,180,0.172,0,0,3.0,1.0,2.0,1,,,,consecutive observed seasons changed tier; mechanism unverified
dumbarton,22/23,21/22,56,57,downward_tier_move,10388063,2022-07-30,stirling-albion,1,1,1-5,36,180,180,1.000,1,1,2.0,0.0,2.0,1,0.404864,-1.000,,consecutive observed seasons changed tier; mechanism unverified
dumbarton,22/23,21/22,56,57,downward_tier_move,10388070,2022-08-06,albion-rovers,0,2,1-5,36,180,180,1.000,1,1,2.0,1.0,1.0,1,0.440415,5.000,,consecutive observed seasons changed tier; mechanism unverified
dumbarton,22/23,21/22,56,57,downward_tier_move,10388071,2022-08-13,annan-athletic,1,3,1-5,36,180,180,1.000,1,1,4.0,0.0,4.0,1,0.413338,-5.000,,consecutive observed seasons changed tier; mechanism unverified
dumbarton,22/23,21/22,56,57,downward_tier_move,10388009,2022-08-20,stenhousemuir,0,4,1-5,36,180,180,1.000,1,1,3.0,1.0,2.0,1,0.328461,2.000,,consecutive observed seasons changed tier; mechanism unverified
dumbarton,22/23,21/22,56,57,downward_tier_move,10388119,2022-08-27,elgin-city,1,5,1-5,36,180,180,1.000,1,1,2.0,1.0,1.0,1,0.577741,-3.000,,consecutive observed seasons changed tier; mechanism unverified
dumbarton,22/23,21/22,56,57,downward_tier_move,10388146,2022-09-03,east-fife,0,6,6-10,36,180,180,1.000,1,1,1.0,0.0,1.0,1,0.344926,1.000,,consecutive observed seasons changed tier; mechanism unverified
dumbarton,22/23,21/22,56,57,downward_tier_move,10388093,2022-09-17,bonnyrigg-rose,1,7,6-10,36,180,180,1.000,1,1,1.0,0.0,1.0,1,0.515032,1.000,,consecutive observed seasons changed tier; mechanism unverified
dumbarton,22/23,21/22,56,57,downward_tier_move,10694353,2022-09-20,stranraer,0,8,6-10,36,180,180,1.000,1,1,2.0,3.0,-1.0,0,0.552337,-3.000,,consecutive observed seasons changed tier; mechanism unverified
dumbarton,22/23,21/22,56,57,downward_tier_move,10388110,2022-10-01,forfar-athletic,0,9,6-10,36,180,180,1.000,1,1,0.0,0.0,0.0,0,0.386579,4.000,,consecutive observed seasons changed tier; mechanism unverified
dumbarton,22/23,21/22,56,57,downward_tier_move,10388134,2022-10-08,stirling-albion,0,10,6-10,36,180,180,1.000,1,1,0.0,6.0,-6.0,0,0.273371,-10.000,,consecutive observed seasons changed tier; mechanism unverified
dumbarton,22/23,21/22,56,57,downward_tier_move,10388067,2022-10-15,albion-rovers,1,11,11-20,36,180,180,1.000,1,1,1.0,1.0,0.0,0,0.508930,-5.000,,consecutive observed seasons changed tier; mechanism unverified
dumbarton,22/23,21/22,56,57,downward_tier_move,10388000,2022-10-29,annan-athletic,0,12,11-20,36,180,180,1.000,1,1,1.0,0.0,1.0,1,0.380135,-1.000,,consecutive observed seasons changed tier; mechanism unverified
dumbarton,22/23,21/22,56,57,downward_tier_move,10387999,2022-11-05,stranraer,1,13,11-20,36,180,180,1.000,1,1,2.0,0.0,2.0,1,0.467767,-8.000,,consecutive observed seasons changed tier; mechanism unverified
dumbarton,22/23,21/22,56,57,downward_tier_move,10387995,2022-11-12,elgin-city,0,14,11-20,36,180,180,1.000,1,1,4.0,0.0,4.0,1,0.370759,3.000,,consecutive observed seasons changed tier; mechanism unverified
dumbarton,22/23,21/22,56,57,downward_tier_move,10388017,2022-11-19,forfar-athletic,1,15,11-20,36,180,180,1.000,1,1,2.0,2.0,0.0,0,0.515885,4.000,,consecutive observed seasons changed tier; mechanism unverified
dumbarton,22/23,21/22,56,57,downward_tier_move,10388007,2022-12-03,bonnyrigg-rose,0,16,11-20,36,180,180,1.000,1,1,1.0,1.0,0.0,0,0.455154,-6.000,,consecutive observed seasons changed tier; mechanism unverified
dumbarton,22/23,21/22,56,57,downward_tier_move,10388004,2022-12-24,east-fife,1,17,11-20,36,180,180,1.000,1,1,2.0,0.0,2.0,1,0.534691,5.000,,consecutive observed seasons changed tier; mechanism unverified
dumbarton,22/23,21/22,56,57,downward_tier_move,10388016,2022-12-31,albion-rovers,0,18,11-20,36,180,180,1.000,1,1,1.0,0.0,1.0,1,0.509405,-9.000,,consecutive observed seasons changed tier; mechanism unverified
dumbarton,22/23,21/22,56,57,downward_tier_move,10388027,2023-01-14,forfar-athletic,0,19,11-20,36,180,180,1.000,1,1,1.0,2.0,-1.0,0,0.395856,-6.000,,consecutive observed seasons changed tier; mechanism unverified
dumbarton,22/23,21/22,56,57,downward_tier_move,10388031,2023-01-28,bonnyrigg-rose,1,20,11-20,36,180,180,1.000,1,1,1.0,0.0,1.0,1,0.606314,0.000,,consecutive observed seasons changed tier; mechanism unverified
dumbarton,24/25,23/24,57,56,upward_tier_move,12477132,2024-08-03,inverness-caledonian-thistle,0,1,1-5,36,180,180,1.000,1,1,1.0,1.0,0.0,0,0.237747,-4.000,-0.255,consecutive observed seasons changed tier; mechanism unverified
dumbarton,24/25,23/24,57,56,upward_tier_move,12476798,2024-08-10,alloa-athletic,1,2,1-5,36,180,180,1.000,1,1,3.0,3.0,0.0,0,0.353687,-2.000,-0.146,consecutive observed seasons changed tier; mechanism unverified
dumbarton,24/25,23/24,57,56,upward_tier_move,12476795,2024-08-17,cove-rangers,0,3,1-5,36,180,180,1.000,1,1,1.0,1.0,0.0,0,0.373166,0.000,-0.726,consecutive observed seasons changed tier; mechanism unverified
dumbarton,24/25,23/24,57,56,upward_tier_move,12476791,2024-08-24,arbroath,1,4,1-5,36,180,180,1.000,1,1,2.0,2.0,0.0,0,0.480270,5.000,0.612,consecutive observed seasons changed tier; mechanism unverified
dumbarton,24/25,23/24,57,56,upward_tier_move,12476784,2024-08-31,kelty-hearts-fc,1,5,1-5,36,180,180,1.000,1,1,2.0,2.0,0.0,0,0.481848,7.000,2.011,consecutive observed seasons changed tier; mechanism unverified
dumbarton,24/25,23/24,57,56,upward_tier_move,12476783,2024-09-14,annan-athletic,0,6,6-10,36,180,180,1.000,1,1,1.0,1.0,0.0,0,0.313810,-6.000,-2.034,consecutive observed seasons changed tier; mechanism unverified
dumbarton,24/25,23/24,57,56,upward_tier_move,12476771,2024-09-21,montrose,1,7,6-10,36,180,180,1.000,1,1,0.0,1.0,-1.0,0,0.478500,10.000,1.246,consecutive observed seasons changed tier; mechanism unverified
dumbarton,24/25,23/24,57,56,upward_tier_move,12476767,2024-09-28,queen-of-the-south,0,8,6-10,36,180,180,1.000,1,1,0.0,2.0,-2.0,0,0.321596,4.000,0.126,consecutive observed seasons changed tier; mechanism unverified
dumbarton,24/25,23/24,57,56,upward_tier_move,12476759,2024-10-05,stenhousemuir,1,9,6-10,36,180,180,1.000,1,1,1.0,3.0,-2.0,0,0.480607,-13.000,-3.201,consecutive observed seasons changed tier; mechanism unverified
dumbarton,24/25,23/24,57,56,upward_tier_move,12476763,2024-10-19,arbroath,0,10,6-10,36,180,180,1.000,1,1,3.0,1.0,2.0,1,0.249164,7.000,0.695,consecutive observed seasons changed tier; mechanism unverified
dumbarton,24/25,23/24,57,56,upward_tier_move,12476753,2024-10-26,inverness-caledonian-thistle,1,11,11-20,36,180,180,1.000,1,1,3.0,1.0,2.0,1,,0.000,0.080,consecutive observed seasons changed tier; mechanism unverified
dumbarton,24/25,23/24,57,56,upward_tier_move,12476749,2024-11-02,cove-rangers,1,12,11-20,36,180,180,1.000,1,1,0.0,3.0,-3.0,0,0.385456,5.000,0.424,consecutive observed seasons changed tier; mechanism unverified
dumbarton,24/25,23/24,57,56,upward_tier_move,12476747,2024-11-09,kelty-hearts-fc,0,13,11-20,36,180,180,1.000,1,1,0.0,2.0,-2.0,0,0.370918,-6.000,-0.443,consecutive observed seasons changed tier; mechanism unverified
dumbarton,24/25,23/24,57,56,upward_tier_move,12476737,2024-11-16,queen-of-the-south,1,14,11-20,36,180,180,1.000,1,1,2.0,1.0,1.0,1,0.415704,12.000,2.117,consecutive observed seasons changed tier; mechanism unverified
dumbarton,24/25,23/24,57,56,upward_tier_move,13171689,2024-12-03,alloa-athletic,0,15,11-20,36,180,180,1.000,1,1,2.0,2.0,0.0,0,0.330919,3.000,0.485,consecutive observed seasons changed tier; mechanism unverified
dumbarton,24/25,23/24,57,56,upward_tier_move,12476724,2024-12-07,stenhousemuir,0,16,11-20,36,180,180,1.000,1,1,0.0,4.0,-4.0,0,0.273064,-7.000,-2.653,consecutive observed seasons changed tier; mechanism unverified
dumbarton,24/25,23/24,57,56,upward_tier_move,12476725,2024-12-14,annan-athletic,1,17,11-20,36,180,180,1.000,1,1,1.0,5.0,-4.0,0,0.457105,0.000,-0.584,consecutive observed seasons changed tier; mechanism unverified
dumbarton,24/25,23/24,57,56,upward_tier_move,12476717,2024-12-21,montrose,0,18,11-20,36,180,180,1.000,1,1,2.0,1.0,1.0,1,0.293319,0.000,-0.841,consecutive observed seasons changed tier; mechanism unverified
dumbarton,24/25,23/24,57,56,upward_tier_move,12476712,2024-12-28,kelty-hearts-fc,1,19,11-20,36,180,180,1.000,1,1,2.0,0.0,2.0,1,0.391349,1.000,-0.268,consecutive observed seasons changed tier; mechanism unverified
dumbarton,24/25,23/24,57,56,upward_tier_move,12476708,2025-01-04,inverness-caledonian-thistle,0,20,11-20,36,180,180,1.000,1,1,0.0,2.0,-2.0,0,0.196004,-5.000,-1.045,consecutive observed seasons changed tier; mechanism unverified
dumbarton,25/26,24/25,56,57,downward_tier_move,14035664,2025-08-02,clyde-fc,1,1,1-5,35,175,180,0.972,0,1,2.0,1.0,1.0,1,0.362823,-6.000,-0.480,consecutive observed seasons changed tier; mechanism unverified
dumbarton,25/26,24/25,56,57,downward_tier_move,14035670,2025-08-09,the-spartans-fc,0,2,1-5,35,175,180,0.972,0,1,2.0,1.0,1.0,1,,-1.000,-0.185,consecutive observed seasons changed tier; mechanism unverified
dumbarton,25/26,24/25,56,57,downward_tier_move,14035672,2025-08-16,elgin-city,1,3,1-5,35,175,180,0.972,0,1,1.0,1.0,0.0,0,0.562238,-11.000,-0.606,consecutive observed seasons changed tier; mechanism unverified
dumbarton,25/26,24/25,56,57,downward_tier_move,14035677,2025-08-23,annan-athletic,0,4,1-5,35,175,180,0.972,0,1,4.0,3.0,1.0,1,,-11.000,-1.774,consecutive observed seasons changed tier; mechanism unverified
dumbarton,25/26,24/25,56,57,downward_tier_move,14035680,2025-08-30,edinburgh-city-fc,1,5,1-5,35,175,180,0.972,0,1,1.0,2.0,-1.0,0,0.434637,-9.000,-1.357,consecutive observed seasons changed tier; mechanism unverified
dumbarton,25/26,24/25,56,57,downward_tier_move,14035695,2025-09-13,forfar-athletic,0,6,6-10,35,175,180,0.972,0,1,3.0,2.0,1.0,1,0.281134,4.000,0.552,consecutive observed seasons changed tier; mechanism unverified
dumbarton,25/26,24/25,56,57,downward_tier_move,14035694,2025-09-20,east-kilbride,0,7,6-10,35,175,180,0.972,0,1,1.0,1.0,0.0,0,0.203242,-5.000,-0.925,consecutive observed seasons changed tier; mechanism unverified
dumbarton,25/26,24/25,56,57,downward_tier_move,14035698,2025-09-27,stranraer,1,8,6-10,35,175,180,0.972,0,1,1.0,2.0,-1.0,0,0.582248,0.000,-0.518,consecutive observed seasons changed tier; mechanism unverified
dumbarton,25/26,24/25,56,57,downward_tier_move,14035704,2025-10-04,stirling-albion,0,9,6-10,35,175,180,0.972,0,1,2.0,2.0,0.0,0,0.420190,-7.000,-1.722,consecutive observed seasons changed tier; mechanism unverified
dumbarton,25/26,24/25,56,57,downward_tier_move,14035708,2025-10-18,the-spartans-fc,1,10,6-10,35,175,180,0.972,0,1,1.0,2.0,-1.0,0,,-6.000,-0.528,consecutive observed seasons changed tier; mechanism unverified
dumbarton,25/26,24/25,56,57,downward_tier_move,14035714,2025-11-01,clyde-fc,0,11,11-20,35,175,180,0.972,0,1,1.0,3.0,-2.0,0,0.306707,-2.000,0.017,consecutive observed seasons changed tier; mechanism unverified
dumbarton,25/26,24/25,56,57,downward_tier_move,14035718,2025-11-08,annan-athletic,1,12,11-20,35,175,180,0.972,0,1,2.0,1.0,1.0,1,0.452997,6.000,0.508,consecutive observed seasons changed tier; mechanism unverified
dumbarton,25/26,24/25,56,57,downward_tier_move,14035722,2025-11-15,elgin-city,0,13,11-20,35,175,180,0.972,0,1,0.0,2.0,-2.0,0,0.263398,-8.000,-0.764,consecutive observed seasons changed tier; mechanism unverified
dumbarton,25/26,24/25,56,57,downward_tier_move,14035727,2025-11-22,forfar-athletic,1,14,11-20,35,175,180,0.972,0,1,1.0,4.0,-3.0,0,0.385927,-6.000,-1.180,consecutive observed seasons changed tier; mechanism unverified
dumbarton,25/26,24/25,56,57,downward_tier_move,14035732,2025-12-06,edinburgh-city-fc,0,15,11-20,35,175,180,0.972,0,1,3.0,4.0,-1.0,0,0.250495,-3.000,-0.286,consecutive observed seasons changed tier; mechanism unverified
dumbarton,25/26,24/25,56,57,downward_tier_move,14035739,2025-12-13,east-kilbride,1,16,11-20,35,175,180,0.972,0,1,2.0,0.0,2.0,1,0.207547,-6.000,0.179,consecutive observed seasons changed tier; mechanism unverified
dumbarton,25/26,24/25,56,57,downward_tier_move,14035745,2025-12-20,stranraer,0,17,11-20,35,175,180,0.972,0,1,1.0,1.0,0.0,0,0.251735,3.000,-0.408,consecutive observed seasons changed tier; mechanism unverified
dumbarton,25/26,24/25,56,57,downward_tier_move,14035748,2025-12-27,stirling-albion,1,18,11-20,35,175,180,0.972,0,1,1.0,2.0,-1.0,0,0.493306,-2.000,0.138,consecutive observed seasons changed tier; mechanism unverified
dumbarton,25/26,24/25,56,57,downward_tier_move,14035755,2026-01-03,the-spartans-fc,0,19,11-20,35,175,180,0.972,0,1,0.0,2.0,-2.0,0,,-7.000,-0.659,consecutive observed seasons changed tier; mechanism unverified
dumbarton,25/26,24/25,56,57,downward_tier_move,14035768,2026-01-24,elgin-city,1,20,11-20,35,175,180,0.972,0,1,2.0,2.0,0.0,0,,1.000,-0.480,consecutive observed seasons changed tier; mechanism unverified
clyde-fc,23/24,22/23,56,57,downward_tier_move,11395483,2023-08-05,the-spartans-fc,0,1,1-5,36,178,180,0.989,0,1,1.0,1.0,0.0,0,,1.000,0.163,consecutive observed seasons changed tier; mechanism unverified
clyde-fc,23/24,22/23,56,57,downward_tier_move,11395482,2023-08-12,bonnyrigg-rose,1,2,1-5,36,178,180,0.989,0,1,0.0,2.0,-2.0,0,0.416901,-3.000,-0.306,consecutive observed seasons changed tier; mechanism unverified
clyde-fc,23/24,22/23,56,57,downward_tier_move,11395476,2023-08-19,peterhead,1,3,1-5,36,178,180,0.989,0,1,1.0,2.0,-1.0,0,0.277368,-8.000,-1.009,consecutive observed seasons changed tier; mechanism unverified
clyde-fc,23/24,22/23,56,57,downward_tier_move,11395467,2023-08-26,stranraer,0,4,1-5,36,178,180,0.989,0,1,0.0,1.0,-1.0,0,0.212681,-6.000,-0.815,consecutive observed seasons changed tier; mechanism unverified
clyde-fc,23/24,22/23,56,57,downward_tier_move,11395466,2023-09-02,forfar-athletic,1,5,1-5,36,178,180,0.989,0,1,0.0,0.0,0.0,0,0.322570,0.000,0.294,consecutive observed seasons changed tier; mechanism unverified
clyde-fc,23/24,22/23,56,57,downward_tier_move,11395460,2023-09-16,east-fife,0,6,6-10,36,178,180,0.989,0,1,0.0,2.0,-2.0,0,,-3.000,-0.493,consecutive observed seasons changed tier; mechanism unverified
clyde-fc,23/24,22/23,56,57,downward_tier_move,11395448,2023-09-23,elgin-city,1,7,6-10,36,178,180,0.989,0,1,2.0,1.0,1.0,1,0.449367,-2.000,-0.812,consecutive observed seasons changed tier; mechanism unverified
clyde-fc,23/24,22/23,56,57,downward_tier_move,11395446,2023-09-30,stenhousemuir,0,8,6-10,36,178,180,0.989,0,1,2.0,2.0,0.0,0,0.166395,-1.000,0.171,consecutive observed seasons changed tier; mechanism unverified
clyde-fc,23/24,22/23,56,57,downward_tier_move,11395443,2023-10-07,dumbarton,1,9,6-10,36,178,180,0.989,0,1,0.0,4.0,-4.0,0,0.212619,-1.000,-1.533,consecutive observed seasons changed tier; mechanism unverified
clyde-fc,23/24,22/23,56,57,downward_tier_move,11395438,2023-10-21,bonnyrigg-rose,0,10,6-10,36,178,180,0.989,0,1,2.0,3.0,-1.0,0,0.185156,4.000,0.098,consecutive observed seasons changed tier; mechanism unverified
clyde-fc,23/24,22/23,56,57,downward_tier_move,11395437,2023-11-04,the-spartans-fc,1,11,11-20,36,178,180,0.989,0,1,1.0,2.0,-1.0,0,,3.000,-0.140,consecutive observed seasons changed tier; mechanism unverified
clyde-fc,23/24,22/23,56,57,downward_tier_move,11395426,2023-11-11,forfar-athletic,0,12,11-20,36,178,180,0.989,0,1,1.0,1.0,0.0,0,0.256469,-2.000,-0.545,consecutive observed seasons changed tier; mechanism unverified
clyde-fc,23/24,22/23,56,57,downward_tier_move,11395427,2023-11-18,east-fife,1,13,11-20,36,178,180,0.989,0,1,0.0,4.0,-4.0,0,0.335927,-3.000,-0.826,consecutive observed seasons changed tier; mechanism unverified
clyde-fc,23/24,22/23,56,57,downward_tier_move,11395413,2023-12-09,stranraer,1,14,11-20,36,178,180,0.989,0,1,2.0,2.0,0.0,0,0.352221,0.000,-0.713,consecutive observed seasons changed tier; mechanism unverified
clyde-fc,23/24,22/23,56,57,downward_tier_move,11395409,2023-12-16,peterhead,0,15,11-20,36,178,180,0.989,0,1,1.0,2.0,-1.0,0,0.162383,-3.000,-0.566,consecutive observed seasons changed tier; mechanism unverified
clyde-fc,23/24,22/23,56,57,downward_tier_move,11395403,2023-12-23,dumbarton,0,16,11-20,36,178,180,0.989,0,1,4.0,4.0,0.0,0,0.132909,3.000,0.774,consecutive observed seasons changed tier; mechanism unverified
clyde-fc,23/24,22/23,56,57,downward_tier_move,11395397,2023-12-30,stenhousemuir,1,17,11-20,36,178,180,0.989,0,1,1.0,2.0,-1.0,0,0.184716,1.000,-0.414,consecutive observed seasons changed tier; mechanism unverified
clyde-fc,23/24,22/23,56,57,downward_tier_move,11395394,2024-01-06,bonnyrigg-rose,1,18,11-20,36,178,180,0.989,0,1,3.0,2.0,1.0,1,0.304949,-1.000,-0.138,consecutive observed seasons changed tier; mechanism unverified
clyde-fc,23/24,22/23,56,57,downward_tier_move,11395388,2024-01-13,east-fife,0,19,11-20,36,178,180,0.989,0,1,1.0,1.0,0.0,0,0.292307,4.000,0.262,consecutive observed seasons changed tier; mechanism unverified
clyde-fc,23/24,22/23,56,57,downward_tier_move,11395373,2024-01-27,the-spartans-fc,0,20,11-20,36,178,180,0.989,0,1,1.0,1.0,0.0,0,,2.000,0.106,consecutive observed seasons changed tier; mechanism unverified
airdrieonians,23/24,22/23,56,55,upward_tier_move,11395858,2023-08-05,dunfermline-athletic,0,1,1-5,36,178,180,0.989,0,1,1.0,2.0,-1.0,0,0.262136,-1.000,0.003,consecutive observed seasons changed tier; mechanism unverified
airdrieonians,23/24,22/23,56,55,upward_tier_move,11395854,2023-08-12,partick-thistle,1,2,1-5,36,178,180,0.989,0,1,2.0,1.0,1.0,1,0.289620,4.000,0.334,consecutive observed seasons changed tier; mechanism unverified
airdrieonians,23/24,22/23,56,55,upward_tier_move,11395849,2023-08-26,inverness-caledonian-thistle,1,3,1-5,36,178,180,0.989,0,1,2.0,1.0,1.0,1,0.463771,-11.000,-1.453,consecutive observed seasons changed tier; mechanism unverified
airdrieonians,23/24,22/23,56,55,upward_tier_move,11395840,2023-09-02,dundee-united,0,4,1-5,36,178,180,0.989,0,1,0.0,2.0,-2.0,0,0.151240,0.000,0.165,consecutive observed seasons changed tier; mechanism unverified
airdrieonians,23/24,22/23,56,55,upward_tier_move,11395835,2023-09-16,arbroath,0,5,1-5,36,178,180,0.989,0,1,0.0,4.0,-4.0,0,0.353430,-5.000,-1.365,consecutive observed seasons changed tier; mechanism unverified
airdrieonians,23/24,22/23,56,55,upward_tier_move,11395829,2023-09-23,raith-rovers,1,6,6-10,36,178,180,0.989,0,1,1.0,0.0,1.0,1,0.338566,-4.000,-0.026,consecutive observed seasons changed tier; mechanism unverified
airdrieonians,23/24,22/23,56,55,upward_tier_move,11395822,2023-09-30,greenock-morton,0,7,6-10,36,178,180,0.989,0,1,1.0,0.0,1.0,1,0.313808,-5.000,-0.794,consecutive observed seasons changed tier; mechanism unverified
airdrieonians,23/24,22/23,56,55,upward_tier_move,11395820,2023-10-07,ayr-united,1,8,6-10,36,178,180,0.989,0,1,1.0,2.0,-1.0,0,0.452214,-3.000,-0.394,consecutive observed seasons changed tier; mechanism unverified
airdrieonians,23/24,22/23,56,55,upward_tier_move,11395814,2023-10-20,queens-park-fc,1,9,6-10,36,178,180,0.989,0,1,1.0,1.0,0.0,0,0.474842,-3.000,-0.181,consecutive observed seasons changed tier; mechanism unverified
airdrieonians,23/24,22/23,56,55,upward_tier_move,11395808,2023-10-28,inverness-caledonian-thistle,0,10,6-10,36,178,180,0.989,0,1,0.0,1.0,-1.0,0,0.313725,2.000,-0.087,consecutive observed seasons changed tier; mechanism unverified
airdrieonians,23/24,22/23,56,55,upward_tier_move,11395805,2023-10-31,dundee-united,1,11,11-20,36,178,180,0.989,0,1,0.0,2.0,-2.0,0,0.152444,0.000,0.084,consecutive observed seasons changed tier; mechanism unverified
airdrieonians,23/24,22/23,56,55,upward_tier_move,11395796,2023-11-04,raith-rovers,0,12,11-20,36,178,180,0.989,0,1,1.0,1.0,0.0,0,0.196927,6.000,0.534,consecutive observed seasons changed tier; mechanism unverified
airdrieonians,23/24,22/23,56,55,upward_tier_move,11395795,2023-11-11,arbroath,1,13,11-20,36,178,180,0.989,0,1,2.0,0.0,2.0,1,0.439351,-2.000,-0.066,consecutive observed seasons changed tier; mechanism unverified
airdrieonians,23/24,22/23,56,55,upward_tier_move,11395787,2023-12-02,partick-thistle,0,14,11-20,36,178,180,0.989,0,1,1.0,2.0,-1.0,0,0.262829,0.000,-0.024,consecutive observed seasons changed tier; mechanism unverified
airdrieonians,23/24,22/23,56,55,upward_tier_move,11395782,2023-12-09,dunfermline-athletic,1,15,11-20,36,178,180,0.989,0,1,1.0,2.0,-1.0,0,0.332204,3.000,0.883,consecutive observed seasons changed tier; mechanism unverified
airdrieonians,23/24,22/23,56,55,upward_tier_move,11395776,2023-12-16,ayr-united,0,16,11-20,36,178,180,0.989,0,1,0.0,1.0,-1.0,0,0.274988,5.000,0.222,consecutive observed seasons changed tier; mechanism unverified
airdrieonians,23/24,22/23,56,55,upward_tier_move,11395771,2023-12-23,greenock-morton,1,17,11-20,36,178,180,0.989,0,1,0.0,0.0,0.0,0,0.437731,-2.000,-0.286,consecutive observed seasons changed tier; mechanism unverified
airdrieonians,23/24,22/23,56,55,upward_tier_move,11395762,2023-12-30,queens-park-fc,0,18,11-20,36,178,180,0.989,0,1,2.0,1.0,1.0,1,0.358607,5.000,0.028,consecutive observed seasons changed tier; mechanism unverified
airdrieonians,23/24,22/23,56,55,upward_tier_move,11395757,2024-01-02,inverness-caledonian-thistle,1,19,11-20,36,178,180,0.989,0,1,2.0,0.0,2.0,1,0.420014,5.000,0.857,consecutive observed seasons changed tier; mechanism unverified
airdrieonians,23/24,22/23,56,55,upward_tier_move,11395756,2024-01-06,raith-rovers,1,20,11-20,36,178,180,0.989,0,1,1.0,0.0,1.0,1,0.336615,0.000,-0.085,consecutive observed seasons changed tier; mechanism unverified
airdrieonians,26/27,25/26,55,56,downward_tier_move,16362400,2026-08-01,cove-rangers,0,1,1-5,8,39,180,0.217,0,0,0.0,0.0,0.0,0,,-2.000,0.259,consecutive observed seasons changed tier; mechanism unverified
airdrieonians,26/27,25/26,55,56,downward_tier_move,16362413,2026-08-08,east-kilbride,1,2,1-5,8,39,180,0.217,0,0,1.0,1.0,0.0,0,,-2.000,0.287,consecutive observed seasons changed tier; mechanism unverified
airdrieonians,26/27,25/26,55,56,downward_tier_move,16362417,2026-08-15,hamilton-academical,0,3,1-5,8,39,180,0.217,0,0,0.0,4.0,-4.0,0,,-4.000,-1.783,consecutive observed seasons changed tier; mechanism unverified
airdrieonians,26/27,25/26,55,56,downward_tier_move,16362416,2026-08-22,ross-county,1,4,1-5,8,39,180,0.217,0,0,1.0,3.0,-2.0,0,,-6.000,-1.080,consecutive observed seasons changed tier; mechanism unverified
airdrieonians,26/27,25/26,55,56,downward_tier_move,16362425,2026-08-29,east-fife,1,5,1-5,8,39,180,0.217,0,0,0.0,0.0,0.0,0,,,,consecutive observed seasons changed tier; mechanism unverified
airdrieonians,26/27,25/26,55,56,downward_tier_move,16362436,2026-09-05,queen-of-the-south,0,6,6-10,8,39,180,0.217,0,0,1.0,2.0,-1.0,0,,,,consecutive observed seasons changed tier; mechanism unverified
airdrieonians,26/27,25/26,55,56,downward_tier_move,16362437,2026-09-12,alloa-athletic,1,7,6-10,8,39,180,0.217,0,0,1.0,0.0,1.0,1,,,,consecutive observed seasons changed tier; mechanism unverified
airdrieonians,26/27,25/26,55,56,downward_tier_move,16362449,2026-09-19,peterhead,0,8,6-10,8,39,180,0.217,0,0,2.0,1.0,1.0,1,,,,consecutive observed seasons changed tier; mechanism unverified
queens-park-fc,21/22,20/21,57,56,upward_tier_move,9574035,2021-07-31,east-fife,0,1,1-5,36,180,180,1.000,1,1,1.0,1.0,0.0,0,0.459057,9.000,,consecutive observed seasons changed tier; mechanism unverified
queens-park-fc,21/22,20/21,57,56,upward_tier_move,9574021,2021-08-07,cove-rangers,1,2,1-5,36,180,180,1.000,1,1,2.0,0.0,2.0,1,0.378576,9.000,,consecutive observed seasons changed tier; mechanism unverified
queens-park-fc,21/22,20/21,57,56,upward_tier_move,9574034,2021-08-14,dumbarton,1,3,1-5,36,180,180,1.000,1,1,3.0,0.0,3.0,1,,8.000,,consecutive observed seasons changed tier; mechanism unverified
queens-park-fc,21/22,20/21,57,56,upward_tier_move,9574144,2021-08-21,alloa-athletic,0,4,1-5,36,180,180,1.000,1,1,1.0,1.0,0.0,0,0.485626,3.000,,consecutive observed seasons changed tier; mechanism unverified
queens-park-fc,21/22,20/21,57,56,upward_tier_move,9574148,2021-08-28,falkirk-fc,0,5,1-5,36,180,180,1.000,1,1,1.0,0.0,1.0,1,0.337247,-9.000,,consecutive observed seasons changed tier; mechanism unverified
queens-park-fc,21/22,20/21,57,56,upward_tier_move,9574049,2021-09-11,airdrieonians,1,6,6-10,36,180,180,1.000,1,1,0.0,0.0,0.0,0,0.546159,4.000,,consecutive observed seasons changed tier; mechanism unverified
queens-park-fc,21/22,20/21,57,56,upward_tier_move,9574052,2021-09-18,clyde-fc,0,7,6-10,36,180,180,1.000,1,1,2.0,2.0,0.0,0,0.607090,2.000,,consecutive observed seasons changed tier; mechanism unverified
queens-park-fc,21/22,20/21,57,56,upward_tier_move,9574135,2021-09-25,peterhead,1,8,6-10,36,180,180,1.000,1,1,3.0,2.0,1.0,1,,11.000,,consecutive observed seasons changed tier; mechanism unverified
queens-park-fc,21/22,20/21,57,56,upward_tier_move,9574138,2021-10-03,montrose,1,9,6-10,36,180,180,1.000,1,1,1.0,1.0,0.0,0,0.571134,3.000,,consecutive observed seasons changed tier; mechanism unverified
queens-park-fc,21/22,20/21,57,56,upward_tier_move,9574048,2021-10-16,dumbarton,0,10,6-10,36,180,180,1.000,1,1,3.0,0.0,3.0,1,0.510667,8.000,,consecutive observed seasons changed tier; mechanism unverified
queens-park-fc,21/22,20/21,57,56,upward_tier_move,9574159,2021-10-24,alloa-athletic,1,11,11-20,36,180,180,1.000,1,1,3.0,4.0,-1.0,0,0.651140,-2.000,,consecutive observed seasons changed tier; mechanism unverified
queens-park-fc,21/22,20/21,57,56,upward_tier_move,9574165,2021-10-30,cove-rangers,0,12,11-20,36,180,180,1.000,1,1,3.0,3.0,0.0,0,0.294254,-7.000,,consecutive observed seasons changed tier; mechanism unverified
queens-park-fc,21/22,20/21,57,56,upward_tier_move,9574056,2021-11-06,east-fife,1,13,11-20,36,180,180,1.000,1,1,1.0,1.0,0.0,0,0.707094,2.000,,consecutive observed seasons changed tier; mechanism unverified
queens-park-fc,21/22,20/21,57,56,upward_tier_move,9574060,2021-11-13,clyde-fc,1,14,11-20,36,180,180,1.000,1,1,0.0,0.0,0.0,0,0.694988,8.000,,consecutive observed seasons changed tier; mechanism unverified
queens-park-fc,21/22,20/21,57,56,upward_tier_move,9574188,2021-11-20,peterhead,0,15,11-20,36,180,180,1.000,1,1,1.0,2.0,-1.0,0,0.506846,1.000,,consecutive observed seasons changed tier; mechanism unverified
queens-park-fc,21/22,20/21,57,56,upward_tier_move,9574421,2021-12-04,falkirk-fc,1,16,11-20,36,180,180,1.000,1,1,6.0,0.0,6.0,1,0.365646,13.000,,consecutive observed seasons changed tier; mechanism unverified
queens-park-fc,21/22,20/21,57,56,upward_tier_move,9574518,2021-12-18,montrose,0,17,11-20,36,180,180,1.000,1,1,1.0,1.0,0.0,0,0.348287,0.000,,consecutive observed seasons changed tier; mechanism unverified
queens-park-fc,21/22,20/21,57,56,upward_tier_move,10040295,2021-12-29,airdrieonians,0,18,11-20,36,180,180,1.000,1,1,0.0,1.0,-1.0,0,0.265800,-6.000,,consecutive observed seasons changed tier; mechanism unverified
queens-park-fc,21/22,20/21,57,56,upward_tier_move,9574491,2022-01-15,alloa-athletic,0,19,11-20,36,180,180,1.000,1,1,1.0,1.0,0.0,0,0.421929,3.000,,consecutive observed seasons changed tier; mechanism unverified
queens-park-fc,21/22,20/21,57,56,upward_tier_move,10073442,2022-01-22,clyde-fc,0,20,11-20,36,180,180,1.000,1,1,1.0,1.0,0.0,0,0.547030,5.000,,consecutive observed seasons changed tier; mechanism unverified
queens-park-fc,22/23,21/22,56,55,upward_tier_move,10387761,2022-07-30,inverness-caledonian-thistle,0,1,1-5,36,180,180,1.000,1,1,1.0,1.0,0.0,0,0.187779,-1.000,,consecutive observed seasons changed tier; mechanism unverified
queens-park-fc,22/23,21/22,56,55,upward_tier_move,10387749,2022-08-05,ayr-united,1,2,1-5,36,180,180,1.000,1,1,2.0,3.0,-1.0,0,0.327836,-10.000,,consecutive observed seasons changed tier; mechanism unverified
queens-park-fc,22/23,21/22,56,55,upward_tier_move,10387737,2022-08-13,partick-thistle,1,3,1-5,36,180,180,1.000,1,1,3.0,2.0,1.0,1,0.244565,-4.000,,consecutive observed seasons changed tier; mechanism unverified
queens-park-fc,22/23,21/22,56,55,upward_tier_move,10387795,2022-08-20,arbroath,0,4,1-5,36,180,180,1.000,1,1,2.0,1.0,1.0,1,0.179114,3.000,,consecutive observed seasons changed tier; mechanism unverified
queens-park-fc,22/23,21/22,56,55,upward_tier_move,10387747,2022-08-27,cove-rangers,1,5,1-5,36,180,180,1.000,1,1,1.0,0.0,1.0,1,0.424026,8.000,,consecutive observed seasons changed tier; mechanism unverified
queens-park-fc,22/23,21/22,56,55,upward_tier_move,10387743,2022-09-03,dundee-fc,0,6,6-10,36,180,180,1.000,1,1,0.0,3.0,-3.0,0,0.170957,-2.000,,consecutive observed seasons changed tier; mechanism unverified
queens-park-fc,22/23,21/22,56,55,upward_tier_move,10387621,2022-09-17,hamilton-academical,0,7,6-10,36,180,180,1.000,1,1,2.0,0.0,2.0,1,0.365856,-1.000,,consecutive observed seasons changed tier; mechanism unverified
queens-park-fc,22/23,21/22,56,55,upward_tier_move,10387633,2022-10-01,raith-rovers,1,8,6-10,36,180,180,1.000,1,1,1.0,0.0,1.0,1,0.417801,3.000,,consecutive observed seasons changed tier; mechanism unverified
queens-park-fc,22/23,21/22,56,55,upward_tier_move,10731913,2022-10-04,greenock-morton,1,9,6-10,36,180,180,1.000,1,1,1.0,2.0,-1.0,0,,-2.000,,consecutive observed seasons changed tier; mechanism unverified
queens-park-fc,22/23,21/22,56,55,upward_tier_move,10387635,2022-10-08,ayr-united,0,10,6-10,36,180,180,1.000,1,1,0.0,5.0,-5.0,0,0.195618,5.000,,consecutive observed seasons changed tier; mechanism unverified
queens-park-fc,22/23,21/22,56,55,upward_tier_move,10387784,2022-10-14,arbroath,1,11,11-20,36,180,180,1.000,1,1,1.0,1.0,0.0,0,0.413764,-2.000,,consecutive observed seasons changed tier; mechanism unverified
queens-park-fc,22/23,21/22,56,55,upward_tier_move,10387662,2022-10-22,partick-thistle,0,12,11-20,36,180,180,1.000,1,1,4.0,0.0,4.0,1,0.212700,1.000,,consecutive observed seasons changed tier; mechanism unverified
queens-park-fc,22/23,21/22,56,55,upward_tier_move,10387661,2022-10-28,dundee-fc,1,13,11-20,36,180,180,1.000,1,1,2.0,2.0,0.0,0,0.315549,-3.000,,consecutive observed seasons changed tier; mechanism unverified
queens-park-fc,22/23,21/22,56,55,upward_tier_move,10387670,2022-11-04,cove-rangers,0,14,11-20,36,180,180,1.000,1,1,0.0,2.0,-2.0,0,0.401200,1.000,,consecutive observed seasons changed tier; mechanism unverified
queens-park-fc,22/23,21/22,56,55,upward_tier_move,10387678,2022-11-12,inverness-caledonian-thistle,1,15,11-20,36,180,180,1.000,1,1,2.0,1.0,1.0,1,0.462191,5.000,,consecutive observed seasons changed tier; mechanism unverified
queens-park-fc,22/23,21/22,56,55,upward_tier_move,10387787,2022-11-19,raith-rovers,0,16,11-20,36,180,180,1.000,1,1,5.0,2.0,3.0,1,0.268892,-10.000,,consecutive observed seasons changed tier; mechanism unverified
queens-park-fc,22/23,21/22,56,55,upward_tier_move,10387682,2022-12-03,hamilton-academical,1,17,11-20,36,180,180,1.000,1,1,4.0,0.0,4.0,1,0.513784,-3.000,,consecutive observed seasons changed tier; mechanism unverified
queens-park-fc,22/23,21/22,56,55,upward_tier_move,10387690,2022-12-23,arbroath,0,18,11-20,36,180,180,1.000,1,1,4.0,1.0,3.0,1,0.401408,13.000,,consecutive observed seasons changed tier; mechanism unverified
queens-park-fc,22/23,21/22,56,55,upward_tier_move,10387699,2023-01-02,partick-thistle,1,19,11-20,36,180,180,1.000,1,1,2.0,0.0,2.0,1,0.399202,-4.000,,consecutive observed seasons changed tier; mechanism unverified
queens-park-fc,22/23,21/22,56,55,upward_tier_move,10387745,2023-01-07,cove-rangers,0,20,11-20,36,180,180,1.000,1,1,6.0,0.0,6.0,1,0.474827,7.000,,consecutive observed seasons changed tier; mechanism unverified
stenhousemuir,24/25,23/24,57,56,upward_tier_move,12477128,2024-08-03,arbroath,1,1,1-5,36,180,180,1.000,1,1,2.0,1.0,1.0,1,,1.000,0.050,consecutive observed seasons changed tier; mechanism unverified
stenhousemuir,24/25,23/24,57,56,upward_tier_move,12476797,2024-08-10,kelty-hearts-fc,0,2,1-5,36,180,180,1.000,1,1,0.0,2.0,-2.0,0,0.312708,2.000,0.359,consecutive observed seasons changed tier; mechanism unverified
stenhousemuir,24/25,23/24,57,56,upward_tier_move,12476790,2024-08-17,alloa-athletic,0,3,1-5,36,180,180,1.000,1,1,0.0,1.0,-1.0,0,0.240149,-2.000,0.060,consecutive observed seasons changed tier; mechanism unverified
stenhousemuir,24/25,23/24,57,56,upward_tier_move,12476786,2024-08-24,cove-rangers,1,4,1-5,36,180,180,1.000,1,1,3.0,2.0,1.0,1,0.391815,3.000,0.642,consecutive observed seasons changed tier; mechanism unverified
stenhousemuir,24/25,23/24,57,56,upward_tier_move,12476779,2024-08-31,annan-athletic,1,5,1-5,36,180,180,1.000,1,1,5.0,1.0,4.0,1,0.388785,-2.000,0.150,consecutive observed seasons changed tier; mechanism unverified
stenhousemuir,24/25,23/24,57,56,upward_tier_move,12476776,2024-09-14,montrose,0,6,6-10,36,180,180,1.000,1,1,0.0,3.0,-3.0,0,0.330358,0.000,0.205,consecutive observed seasons changed tier; mechanism unverified
stenhousemuir,24/25,23/24,57,56,upward_tier_move,12476774,2024-09-21,queen-of-the-south,1,7,6-10,36,180,180,1.000,1,1,0.0,0.0,0.0,0,0.391815,-10.000,-1.185,consecutive observed seasons changed tier; mechanism unverified
stenhousemuir,24/25,23/24,57,56,upward_tier_move,12476770,2024-09-28,inverness-caledonian-thistle,0,8,6-10,36,180,180,1.000,1,1,0.0,0.0,0.0,0,0.171751,-2.000,0.774,consecutive observed seasons changed tier; mechanism unverified
stenhousemuir,24/25,23/24,57,56,upward_tier_move,12476759,2024-10-05,dumbarton,0,9,6-10,36,180,180,1.000,1,1,3.0,1.0,2.0,1,0.263069,13.000,3.201,consecutive observed seasons changed tier; mechanism unverified
stenhousemuir,24/25,23/24,57,56,upward_tier_move,12476756,2024-10-19,alloa-athletic,1,10,6-10,36,180,180,1.000,1,1,0.0,1.0,-1.0,0,0.397926,5.000,0.604,consecutive observed seasons changed tier; mechanism unverified
stenhousemuir,24/25,23/24,57,56,upward_tier_move,12476751,2024-10-26,kelty-hearts-fc,1,11,11-20,36,180,180,1.000,1,1,2.0,1.0,1.0,1,0.408239,8.000,1.098,consecutive observed seasons changed tier; mechanism unverified
stenhousemuir,24/25,23/24,57,56,upward_tier_move,12476748,2024-11-02,arbroath,0,12,11-20,36,180,180,1.000,1,1,0.0,1.0,-1.0,0,0.254862,-2.000,-0.105,consecutive observed seasons changed tier; mechanism unverified
stenhousemuir,24/25,23/24,57,56,upward_tier_move,12476743,2024-11-09,annan-athletic,0,13,11-20,36,180,180,1.000,1,1,1.0,1.0,0.0,0,0.391578,2.000,0.233,consecutive observed seasons changed tier; mechanism unverified
stenhousemuir,24/25,23/24,57,56,upward_tier_move,12476738,2024-11-16,montrose,1,14,11-20,36,180,180,1.000,1,1,1.0,0.0,1.0,1,,6.000,-0.048,consecutive observed seasons changed tier; mechanism unverified
stenhousemuir,24/25,23/24,57,56,upward_tier_move,13179032,2024-12-03,cove-rangers,0,15,11-20,36,180,180,1.000,1,1,3.0,0.0,3.0,1,0.285119,4.000,0.469,consecutive observed seasons changed tier; mechanism unverified
stenhousemuir,24/25,23/24,57,56,upward_tier_move,12476724,2024-12-07,dumbarton,1,16,11-20,36,180,180,1.000,1,1,4.0,0.0,4.0,1,0.474611,7.000,2.653,consecutive observed seasons changed tier; mechanism unverified
stenhousemuir,24/25,23/24,57,56,upward_tier_move,12476723,2024-12-14,queen-of-the-south,0,17,11-20,36,180,180,1.000,1,1,1.0,2.0,-1.0,0,0.363322,-4.000,-0.234,consecutive observed seasons changed tier; mechanism unverified
stenhousemuir,24/25,23/24,57,56,upward_tier_move,12476726,2024-12-21,inverness-caledonian-thistle,1,18,11-20,36,180,180,1.000,1,1,0.0,1.0,-1.0,0,0.380626,-12.000,-1.645,consecutive observed seasons changed tier; mechanism unverified
stenhousemuir,24/25,23/24,57,56,upward_tier_move,12476715,2024-12-28,alloa-athletic,0,19,11-20,36,180,180,1.000,1,1,3.0,1.0,2.0,1,0.269571,3.000,0.193,consecutive observed seasons changed tier; mechanism unverified
stenhousemuir,24/25,23/24,57,56,upward_tier_move,12476706,2025-01-04,annan-athletic,1,20,11-20,36,180,180,1.000,1,1,1.0,1.0,0.0,0,0.543359,1.000,1.300,consecutive observed seasons changed tier; mechanism unverified
stenhousemuir,26/27,25/26,56,55,upward_tier_move,16362201,2026-08-01,raith-rovers,0,1,1-5,6,31,180,0.172,0,0,1.0,1.0,0.0,0,,-11.000,,consecutive observed seasons changed tier; mechanism unverified
stenhousemuir,26/27,25/26,56,55,upward_tier_move,16362203,2026-08-08,greenock-morton,1,2,1-5,6,31,180,0.172,0,0,2.0,0.0,2.0,1,,2.000,-0.199,consecutive observed seasons changed tier; mechanism unverified
stenhousemuir,26/27,25/26,56,55,upward_tier_move,16362209,2026-08-22,queens-park-fc,0,3,1-5,6,31,180,0.172,0,0,2.0,0.0,2.0,1,,6.000,0.813,consecutive observed seasons changed tier; mechanism unverified
stenhousemuir,26/27,25/26,56,55,upward_tier_move,16362212,2026-08-29,inverness-caledonian-thistle,1,4,1-5,6,31,180,0.172,0,0,3.0,1.0,2.0,1,,,,consecutive observed seasons changed tier; mechanism unverified
stenhousemuir,26/27,25/26,56,55,upward_tier_move,16362218,2026-09-04,livingston,0,5,1-5,6,31,180,0.172,0,0,1.0,0.0,1.0,1,,,,consecutive observed seasons changed tier; mechanism unverified
stenhousemuir,26/27,25/26,56,55,upward_tier_move,16362225,2026-09-15,partick-thistle,1,6,6-10,6,31,180,0.172,0,0,1.0,0.0,1.0,1,,,,consecutive observed seasons changed tier; mechanism unverified
stirling-albion,23/24,22/23,57,56,upward_tier_move,11395662,2023-08-05,edinburgh-city-fc,1,1,1-5,36,179,180,0.994,0,1,1.0,0.0,1.0,1,0.576933,7.000,0.875,consecutive observed seasons changed tier; mechanism unverified
stirling-albion,23/24,22/23,57,56,upward_tier_move,11395663,2023-08-12,alloa-athletic,0,2,1-5,36,179,180,0.994,0,1,1.0,0.0,1.0,1,0.322877,1.000,0.746,consecutive observed seasons changed tier; mechanism unverified
stirling-albion,23/24,22/23,57,56,upward_tier_move,11527786,2023-08-22,falkirk-fc,0,3,1-5,36,179,180,0.994,0,1,0.0,3.0,-3.0,0,0.178863,-9.000,-1.846,consecutive observed seasons changed tier; mechanism unverified
stirling-albion,23/24,22/23,57,56,upward_tier_move,11395647,2023-08-26,kelty-hearts-fc,1,4,1-5,36,179,180,0.994,0,1,1.0,0.0,1.0,1,0.423532,1.000,0.066,consecutive observed seasons changed tier; mechanism unverified
stirling-albion,23/24,22/23,57,56,upward_tier_move,11395643,2023-09-02,hamilton-academical,1,5,1-5,36,179,180,0.994,0,1,2.0,2.0,0.0,0,0.217241,-9.000,-1.365,consecutive observed seasons changed tier; mechanism unverified
stirling-albion,23/24,22/23,57,56,upward_tier_move,11395642,2023-09-16,annan-athletic,0,6,6-10,36,179,180,0.994,0,1,0.0,3.0,-3.0,0,0.453875,-3.000,-0.498,consecutive observed seasons changed tier; mechanism unverified
stirling-albion,23/24,22/23,57,56,upward_tier_move,11395634,2023-09-23,montrose,0,7,6-10,36,179,180,0.994,0,1,0.0,1.0,-1.0,0,0.335268,-1.000,-0.552,consecutive observed seasons changed tier; mechanism unverified
stirling-albion,23/24,22/23,57,56,upward_tier_move,11395628,2023-09-30,cove-rangers,1,8,6-10,36,179,180,0.994,0,1,2.0,2.0,0.0,0,0.343738,2.000,0.614,consecutive observed seasons changed tier; mechanism unverified
stirling-albion,23/24,22/23,57,56,upward_tier_move,11395622,2023-10-07,queen-of-the-south,0,9,6-10,36,179,180,0.994,0,1,1.0,0.0,1.0,1,0.270951,3.000,0.257,consecutive observed seasons changed tier; mechanism unverified
stirling-albion,23/24,22/23,57,56,upward_tier_move,11395618,2023-10-21,falkirk-fc,1,10,6-10,36,179,180,0.994,0,1,1.0,2.0,-1.0,0,0.146907,-14.000,-1.623,consecutive observed seasons changed tier; mechanism unverified
stirling-albion,23/24,22/23,57,56,upward_tier_move,11395616,2023-10-28,kelty-hearts-fc,0,11,11-20,36,179,180,0.994,0,1,0.0,1.0,-1.0,0,0.334234,-1.000,0.172,consecutive observed seasons changed tier; mechanism unverified
stirling-albion,23/24,22/23,57,56,upward_tier_move,11395608,2023-11-04,alloa-athletic,1,12,11-20,36,179,180,0.994,0,1,0.0,2.0,-2.0,0,0.437682,-6.000,-0.797,consecutive observed seasons changed tier; mechanism unverified
stirling-albion,23/24,22/23,57,56,upward_tier_move,11395605,2023-11-11,hamilton-academical,0,13,11-20,36,179,180,0.994,0,1,0.0,5.0,-5.0,0,0.091062,-15.000,-3.158,consecutive observed seasons changed tier; mechanism unverified
stirling-albion,23/24,22/23,57,56,upward_tier_move,11395599,2023-11-18,cove-rangers,0,14,11-20,36,179,180,0.994,0,1,1.0,3.0,-2.0,0,0.160711,-2.000,-0.604,consecutive observed seasons changed tier; mechanism unverified
stirling-albion,23/24,22/23,57,56,upward_tier_move,11395590,2023-12-09,edinburgh-city-fc,0,15,11-20,36,179,180,0.994,0,1,3.0,1.0,2.0,1,0.786893,11.000,2.943,consecutive observed seasons changed tier; mechanism unverified
stirling-albion,23/24,22/23,57,56,upward_tier_move,11395583,2023-12-16,annan-athletic,1,16,11-20,36,179,180,0.994,0,1,1.0,1.0,0.0,0,0.462932,4.000,0.007,consecutive observed seasons changed tier; mechanism unverified
stirling-albion,23/24,22/23,57,56,upward_tier_move,11395577,2023-12-23,queen-of-the-south,1,17,11-20,36,179,180,0.994,0,1,1.0,1.0,0.0,0,0.364895,-8.000,-0.484,consecutive observed seasons changed tier; mechanism unverified
stirling-albion,23/24,22/23,57,56,upward_tier_move,11395576,2023-12-30,falkirk-fc,0,18,11-20,36,179,180,0.994,0,1,0.0,5.0,-5.0,0,0.038390,-12.000,-1.138,consecutive observed seasons changed tier; mechanism unverified
stirling-albion,23/24,22/23,57,56,upward_tier_move,11395564,2024-01-13,montrose,0,19,11-20,36,179,180,0.994,0,1,1.0,0.0,1.0,1,0.309454,0.000,-0.048,consecutive observed seasons changed tier; mechanism unverified
stirling-albion,23/24,22/23,57,56,upward_tier_move,11395558,2024-01-27,kelty-hearts-fc,1,20,11-20,36,179,180,0.994,0,1,5.0,0.0,5.0,1,0.364121,5.000,1.020,consecutive observed seasons changed tier; mechanism unverified
stirling-albion,24/25,23/24,56,57,downward_tier_move,12477129,2024-08-03,edinburgh-city-fc,0,1,1-5,36,180,180,1.000,1,1,2.0,1.0,1.0,1,,8.000,1.241,consecutive observed seasons changed tier; mechanism unverified
stirling-albion,24/25,23/24,56,57,downward_tier_move,12476633,2024-08-10,elgin-city,1,2,1-5,36,180,180,1.000,1,1,0.0,1.0,-1.0,0,0.488064,-1.000,-0.428,consecutive observed seasons changed tier; mechanism unverified
stirling-albion,24/25,23/24,56,57,downward_tier_move,12476634,2024-08-17,clyde-fc,0,3,1-5,36,180,180,1.000,1,1,2.0,0.0,2.0,1,0.185158,-10.000,-0.377,consecutive observed seasons changed tier; mechanism unverified
stirling-albion,24/25,23/24,56,57,downward_tier_move,12476622,2024-08-24,east-fife,1,4,1-5,36,180,180,1.000,1,1,0.0,4.0,-4.0,0,0.345594,-6.000,-0.468,consecutive observed seasons changed tier; mechanism unverified
stirling-albion,24/25,23/24,56,57,downward_tier_move,12476618,2024-08-31,the-spartans-fc,1,5,1-5,36,180,180,1.000,1,1,1.0,0.0,1.0,1,,1.000,0.055,consecutive observed seasons changed tier; mechanism unverified
stirling-albion,24/25,23/24,56,57,downward_tier_move,12476614,2024-09-14,peterhead,0,6,6-10,36,180,180,1.000,1,1,1.0,2.0,-1.0,0,0.171769,-6.000,-0.864,consecutive observed seasons changed tier; mechanism unverified
stirling-albion,24/25,23/24,56,57,downward_tier_move,12476606,2024-09-21,bonnyrigg-rose,1,7,6-10,36,180,180,1.000,1,1,0.0,2.0,-2.0,0,0.396825,-5.000,-0.256,consecutive observed seasons changed tier; mechanism unverified
stirling-albion,24/25,23/24,56,57,downward_tier_move,12476609,2024-09-28,stranraer,0,8,6-10,36,180,180,1.000,1,1,2.0,0.0,2.0,1,0.297188,0.000,0.655,consecutive observed seasons changed tier; mechanism unverified
stirling-albion,24/25,23/24,56,57,downward_tier_move,12476598,2024-10-05,forfar-athletic,1,9,6-10,36,180,180,1.000,1,1,2.0,1.0,1.0,1,0.351891,-2.000,-0.698,consecutive observed seasons changed tier; mechanism unverified
stirling-albion,24/25,23/24,56,57,downward_tier_move,12476594,2024-10-19,clyde-fc,1,10,6-10,36,180,180,1.000,1,1,3.0,1.0,2.0,1,0.319116,6.000,1.428,consecutive observed seasons changed tier; mechanism unverified
stirling-albion,24/25,23/24,56,57,downward_tier_move,12476590,2024-11-02,east-fife,0,11,11-20,36,180,180,1.000,1,1,1.0,1.0,0.0,0,0.212291,-2.000,-0.038,consecutive observed seasons changed tier; mechanism unverified
stirling-albion,24/25,23/24,56,57,downward_tier_move,12476586,2024-11-09,peterhead,1,12,11-20,36,180,180,1.000,1,1,2.0,3.0,-1.0,0,0.270094,-8.000,-2.092,consecutive observed seasons changed tier; mechanism unverified
stirling-albion,24/25,23/24,56,57,downward_tier_move,12476578,2024-11-16,the-spartans-fc,0,13,11-20,36,180,180,1.000,1,1,0.0,3.0,-3.0,0,,-2.000,-1.149,consecutive observed seasons changed tier; mechanism unverified
stirling-albion,24/25,23/24,56,57,downward_tier_move,13171688,2024-12-03,bonnyrigg-rose,0,14,11-20,36,180,180,1.000,1,1,1.0,2.0,-1.0,0,,-5.000,-1.295,consecutive observed seasons changed tier; mechanism unverified
stirling-albion,24/25,23/24,56,57,downward_tier_move,12476562,2024-12-07,edinburgh-city-fc,1,15,11-20,36,180,180,1.000,1,1,0.0,3.0,-3.0,0,0.561404,-3.000,-0.070,consecutive observed seasons changed tier; mechanism unverified
stirling-albion,24/25,23/24,56,57,downward_tier_move,12476561,2024-12-14,elgin-city,0,16,11-20,36,180,180,1.000,1,1,4.0,2.0,2.0,1,0.254736,1.000,0.009,consecutive observed seasons changed tier; mechanism unverified
stirling-albion,24/25,23/24,56,57,downward_tier_move,12476550,2024-12-21,stranraer,1,17,11-20,36,180,180,1.000,1,1,1.0,1.0,0.0,0,0.407344,-6.000,-0.821,consecutive observed seasons changed tier; mechanism unverified
stirling-albion,24/25,23/24,56,57,downward_tier_move,12476553,2024-12-28,forfar-athletic,0,18,11-20,36,180,180,1.000,1,1,2.0,2.0,0.0,0,0.234441,-8.000,-0.703,consecutive observed seasons changed tier; mechanism unverified
stirling-albion,24/25,23/24,56,57,downward_tier_move,12476545,2025-01-04,clyde-fc,0,19,11-20,36,180,180,1.000,1,1,0.0,2.0,-2.0,0,0.282306,-9.000,-1.717,consecutive observed seasons changed tier; mechanism unverified
stirling-albion,24/25,23/24,56,57,downward_tier_move,12476529,2025-01-18,peterhead,0,20,11-20,36,180,180,1.000,1,1,2.0,3.0,-1.0,0,,-6.000,-0.912,consecutive observed seasons changed tier; mechanism unverified
edinburgh-city-fc,22/23,21/22,57,56,upward_tier_move,10387841,2022-07-30,kelty-hearts-fc,0,1,1-5,36,180,180,1.000,1,1,2.0,0.0,2.0,1,0.198283,-6.000,,consecutive observed seasons changed tier; mechanism unverified
edinburgh-city-fc,22/23,21/22,57,56,upward_tier_move,10387882,2022-08-06,dunfermline-athletic,1,2,1-5,36,180,180,1.000,1,1,0.0,3.0,-3.0,0,0.190468,-24.000,,consecutive observed seasons changed tier; mechanism unverified
edinburgh-city-fc,22/23,21/22,57,56,upward_tier_move,10387853,2022-08-13,alloa-athletic,0,3,1-5,36,180,180,1.000,1,1,4.0,2.0,2.0,1,0.169120,2.000,,consecutive observed seasons changed tier; mechanism unverified
edinburgh-city-fc,22/23,21/22,57,56,upward_tier_move,10387847,2022-08-20,falkirk-fc,1,4,1-5,36,180,180,1.000,1,1,0.0,3.0,-3.0,0,0.250000,-7.000,,consecutive observed seasons changed tier; mechanism unverified
edinburgh-city-fc,22/23,21/22,57,56,upward_tier_move,10387962,2022-08-27,clyde-fc,1,5,1-5,36,180,180,1.000,1,1,2.0,0.0,2.0,1,0.355949,-6.000,,consecutive observed seasons changed tier; mechanism unverified
edinburgh-city-fc,22/23,21/22,57,56,upward_tier_move,10387860,2022-09-03,airdrieonians,0,6,6-10,36,180,180,1.000,1,1,6.0,0.0,6.0,1,0.108725,4.000,,consecutive observed seasons changed tier; mechanism unverified
edinburgh-city-fc,22/23,21/22,57,56,upward_tier_move,10387888,2022-09-17,queen-of-the-south,0,7,6-10,36,180,180,1.000,1,1,1.0,4.0,-3.0,0,0.280681,-16.000,,consecutive observed seasons changed tier; mechanism unverified
edinburgh-city-fc,22/23,21/22,57,56,upward_tier_move,10387937,2022-10-01,montrose,0,8,6-10,36,180,180,1.000,1,1,2.0,1.0,1.0,1,0.208608,3.000,,consecutive observed seasons changed tier; mechanism unverified
edinburgh-city-fc,22/23,21/22,57,56,upward_tier_move,10717735,2022-10-05,peterhead,1,9,6-10,36,180,180,1.000,1,1,2.0,0.0,2.0,1,0.616789,8.000,,consecutive observed seasons changed tier; mechanism unverified
edinburgh-city-fc,22/23,21/22,57,56,upward_tier_move,10387892,2022-10-08,kelty-hearts-fc,1,10,6-10,36,180,180,1.000,1,1,2.0,0.0,2.0,1,0.340146,5.000,,consecutive observed seasons changed tier; mechanism unverified
edinburgh-city-fc,22/23,21/22,57,56,upward_tier_move,10387902,2022-10-15,dunfermline-athletic,0,11,11-20,36,180,180,1.000,1,1,0.0,1.0,-1.0,0,0.144085,-9.000,,consecutive observed seasons changed tier; mechanism unverified
edinburgh-city-fc,22/23,21/22,57,56,upward_tier_move,10387950,2022-10-22,airdrieonians,1,12,11-20,36,180,180,1.000,1,1,3.0,1.0,2.0,1,0.349509,-4.000,,consecutive observed seasons changed tier; mechanism unverified
edinburgh-city-fc,22/23,21/22,57,56,upward_tier_move,10387948,2022-10-29,peterhead,0,13,11-20,36,180,180,1.000,1,1,1.0,1.0,0.0,0,0.543038,-6.000,,consecutive observed seasons changed tier; mechanism unverified
edinburgh-city-fc,22/23,21/22,57,56,upward_tier_move,10387931,2022-11-05,queen-of-the-south,1,14,11-20,36,180,180,1.000,1,1,0.0,3.0,-3.0,0,0.305467,-6.000,,consecutive observed seasons changed tier; mechanism unverified
edinburgh-city-fc,22/23,21/22,57,56,upward_tier_move,10388161,2022-11-12,falkirk-fc,0,15,11-20,36,180,180,1.000,1,1,0.0,2.0,-2.0,0,0.208336,-11.000,,consecutive observed seasons changed tier; mechanism unverified
edinburgh-city-fc,22/23,21/22,57,56,upward_tier_move,10387947,2022-11-19,alloa-athletic,1,16,11-20,36,180,180,1.000,1,1,4.0,3.0,1.0,1,0.312628,0.000,,consecutive observed seasons changed tier; mechanism unverified
edinburgh-city-fc,22/23,21/22,57,56,upward_tier_move,10387938,2022-12-03,clyde-fc,0,17,11-20,36,180,180,1.000,1,1,2.0,0.0,2.0,1,0.367794,1.000,,consecutive observed seasons changed tier; mechanism unverified
edinburgh-city-fc,22/23,21/22,57,56,upward_tier_move,10387961,2022-12-17,montrose,1,18,11-20,36,180,180,1.000,1,1,2.0,2.0,0.0,0,0.345426,-2.000,,consecutive observed seasons changed tier; mechanism unverified
edinburgh-city-fc,22/23,21/22,57,56,upward_tier_move,10387899,2022-12-24,peterhead,1,19,11-20,36,180,180,1.000,1,1,4.0,0.0,4.0,1,0.686504,14.000,,consecutive observed seasons changed tier; mechanism unverified
edinburgh-city-fc,22/23,21/22,57,56,upward_tier_move,10387912,2023-01-02,airdrieonians,0,20,11-20,36,180,180,1.000,1,1,5.0,3.0,2.0,1,0.169068,5.000,,consecutive observed seasons changed tier; mechanism unverified
edinburgh-city-fc,24/25,23/24,56,57,downward_tier_move,12477129,2024-08-03,stirling-albion,1,1,1-5,36,180,180,1.000,1,1,1.0,2.0,-1.0,0,,-8.000,-1.241,consecutive observed seasons changed tier; mechanism unverified
edinburgh-city-fc,24/25,23/24,56,57,downward_tier_move,12476632,2024-08-10,east-fife,0,2,1-5,36,180,180,1.000,1,1,0.0,2.0,-2.0,0,0.094918,-9.000,-1.179,consecutive observed seasons changed tier; mechanism unverified
edinburgh-city-fc,24/25,23/24,56,57,downward_tier_move,12476631,2024-08-17,bonnyrigg-rose,1,3,1-5,36,180,180,1.000,1,1,2.0,2.0,0.0,0,0.166067,-2.000,0.316,consecutive observed seasons changed tier; mechanism unverified
edinburgh-city-fc,24/25,23/24,56,57,downward_tier_move,12476627,2024-08-24,forfar-athletic,0,4,1-5,36,180,180,1.000,1,1,3.0,0.0,3.0,1,0.130544,0.000,0.090,consecutive observed seasons changed tier; mechanism unverified
edinburgh-city-fc,24/25,23/24,56,57,downward_tier_move,12476620,2024-08-31,peterhead,1,5,1-5,36,180,180,1.000,1,1,0.0,4.0,-4.0,0,0.147905,-2.000,-0.848,consecutive observed seasons changed tier; mechanism unverified
edinburgh-city-fc,24/25,23/24,56,57,downward_tier_move,12476616,2024-09-14,clyde-fc,0,6,6-10,36,180,180,1.000,1,1,1.0,1.0,0.0,0,0.095984,-2.000,-1.002,consecutive observed seasons changed tier; mechanism unverified
edinburgh-city-fc,24/25,23/24,56,57,downward_tier_move,12476610,2024-09-28,elgin-city,0,7,6-10,36,180,180,1.000,1,1,3.0,3.0,0.0,0,,-3.000,-0.047,consecutive observed seasons changed tier; mechanism unverified
edinburgh-city-fc,24/25,23/24,56,57,downward_tier_move,12476597,2024-10-05,stranraer,1,8,6-10,36,180,180,1.000,1,1,1.0,2.0,-1.0,0,0.333333,7.000,-0.066,consecutive observed seasons changed tier; mechanism unverified
edinburgh-city-fc,24/25,23/24,56,57,downward_tier_move,12954858,2024-10-12,the-spartans-fc,1,9,6-10,36,180,180,1.000,1,1,2.0,0.0,2.0,1,,6.000,1.283,consecutive observed seasons changed tier; mechanism unverified
edinburgh-city-fc,24/25,23/24,56,57,downward_tier_move,12476596,2024-10-19,bonnyrigg-rose,0,10,6-10,36,180,180,1.000,1,1,0.0,2.0,-2.0,0,0.170190,-5.000,-1.584,consecutive observed seasons changed tier; mechanism unverified
edinburgh-city-fc,24/25,23/24,56,57,downward_tier_move,12476589,2024-11-02,forfar-athletic,1,11,11-20,36,180,180,1.000,1,1,2.0,0.0,2.0,1,0.266734,-8.000,-0.593,consecutive observed seasons changed tier; mechanism unverified
edinburgh-city-fc,24/25,23/24,56,57,downward_tier_move,12476583,2024-11-09,clyde-fc,1,12,11-20,36,180,180,1.000,1,1,1.0,0.0,1.0,1,0.214797,4.000,0.422,consecutive observed seasons changed tier; mechanism unverified
edinburgh-city-fc,24/25,23/24,56,57,downward_tier_move,12476584,2024-11-16,peterhead,0,13,11-20,36,180,180,1.000,1,1,3.0,2.0,1.0,1,0.125848,-10.000,-2.409,consecutive observed seasons changed tier; mechanism unverified
edinburgh-city-fc,24/25,23/24,56,57,downward_tier_move,12476562,2024-12-07,stirling-albion,0,14,11-20,36,180,180,1.000,1,1,3.0,0.0,3.0,1,0.204678,3.000,0.070,consecutive observed seasons changed tier; mechanism unverified
edinburgh-city-fc,24/25,23/24,56,57,downward_tier_move,12476563,2024-12-14,stranraer,0,15,11-20,36,180,180,1.000,1,1,0.0,0.0,0.0,0,,0.000,-0.004,consecutive observed seasons changed tier; mechanism unverified
edinburgh-city-fc,24/25,23/24,56,57,downward_tier_move,12476551,2024-12-21,elgin-city,1,16,11-20,36,180,180,1.000,1,1,1.0,0.0,1.0,1,0.289620,4.000,-0.025,consecutive observed seasons changed tier; mechanism unverified
edinburgh-city-fc,24/25,23/24,56,57,downward_tier_move,12476547,2024-12-28,the-spartans-fc,0,17,11-20,36,180,180,1.000,1,1,0.0,1.0,-1.0,0,,-11.000,-1.624,consecutive observed seasons changed tier; mechanism unverified
edinburgh-city-fc,24/25,23/24,56,57,downward_tier_move,12476539,2025-01-04,bonnyrigg-rose,1,18,11-20,36,180,180,1.000,1,1,2.0,0.0,2.0,1,0.336533,5.000,1.430,consecutive observed seasons changed tier; mechanism unverified
edinburgh-city-fc,24/25,23/24,56,57,downward_tier_move,13217663,2025-01-08,east-fife,1,19,11-20,36,180,180,1.000,1,1,2.0,4.0,-2.0,0,0.282908,-7.000,-1.658,consecutive observed seasons changed tier; mechanism unverified
edinburgh-city-fc,24/25,23/24,56,57,downward_tier_move,12476544,2025-01-11,peterhead,1,20,11-20,36,180,180,1.000,1,1,0.0,1.0,-1.0,0,0.263882,-6.000,-0.805,consecutive observed seasons changed tier; mechanism unverified
partick-thistle,21/22,20/21,56,55,upward_tier_move,9573824,2021-07-31,queen-of-the-south,1,1,1-5,36,180,180,1.000,1,1,3.0,2.0,1.0,1,,0.000,,consecutive observed seasons changed tier; mechanism unverified
partick-thistle,21/22,20/21,56,55,upward_tier_move,9573815,2021-08-07,dunfermline-athletic,0,2,1-5,36,180,180,1.000,1,1,3.0,0.0,3.0,1,,-1.000,,consecutive observed seasons changed tier; mechanism unverified
partick-thistle,21/22,20/21,56,55,upward_tier_move,9573833,2021-08-21,arbroath,0,3,1-5,36,180,180,1.000,1,1,1.0,3.0,-2.0,0,,-6.000,,consecutive observed seasons changed tier; mechanism unverified
partick-thistle,21/22,20/21,56,55,upward_tier_move,9573839,2021-08-28,greenock-morton,1,4,1-5,36,180,180,1.000,1,1,3.0,0.0,3.0,1,,12.000,,consecutive observed seasons changed tier; mechanism unverified
partick-thistle,21/22,20/21,56,55,upward_tier_move,9573893,2021-09-11,inverness-caledonian-thistle,0,5,1-5,36,180,180,1.000,1,1,1.0,3.0,-2.0,0,,-4.000,,consecutive observed seasons changed tier; mechanism unverified
partick-thistle,21/22,20/21,56,55,upward_tier_move,9574147,2021-09-18,kilmarnock,1,6,6-10,36,180,180,1.000,1,1,0.0,2.0,-2.0,0,,4.000,,consecutive observed seasons changed tier; mechanism unverified
partick-thistle,21/22,20/21,56,55,upward_tier_move,9574171,2021-09-26,raith-rovers,0,7,6-10,36,180,180,1.000,1,1,0.0,1.0,-1.0,0,,3.000,,consecutive observed seasons changed tier; mechanism unverified
partick-thistle,21/22,20/21,56,55,upward_tier_move,9573849,2021-10-02,ayr-united,1,8,6-10,36,180,180,1.000,1,1,4.0,0.0,4.0,1,,7.000,,consecutive observed seasons changed tier; mechanism unverified
partick-thistle,21/22,20/21,56,55,upward_tier_move,9574271,2021-10-15,hamilton-academical,0,9,6-10,36,180,180,1.000,1,1,6.0,1.0,5.0,1,,4.000,,consecutive observed seasons changed tier; mechanism unverified
partick-thistle,21/22,20/21,56,55,upward_tier_move,9574174,2021-10-23,dunfermline-athletic,1,10,6-10,36,180,180,1.000,1,1,0.0,0.0,0.0,0,,7.000,,consecutive observed seasons changed tier; mechanism unverified
partick-thistle,21/22,20/21,56,55,upward_tier_move,9573858,2021-10-26,greenock-morton,0,11,11-20,36,180,180,1.000,1,1,0.0,0.0,0.0,0,,1.000,,consecutive observed seasons changed tier; mechanism unverified
partick-thistle,21/22,20/21,56,55,upward_tier_move,9573846,2021-10-30,inverness-caledonian-thistle,1,12,11-20,36,180,180,1.000,1,1,0.0,0.0,0.0,0,,-9.000,,consecutive observed seasons changed tier; mechanism unverified
partick-thistle,21/22,20/21,56,55,upward_tier_move,9574296,2021-11-06,kilmarnock,0,13,11-20,36,180,180,1.000,1,1,1.0,0.0,1.0,1,,0.000,,consecutive observed seasons changed tier; mechanism unverified
partick-thistle,21/22,20/21,56,55,upward_tier_move,9574116,2021-11-13,ayr-united,0,14,11-20,36,180,180,1.000,1,1,4.0,0.0,4.0,1,,4.000,,consecutive observed seasons changed tier; mechanism unverified
partick-thistle,21/22,20/21,56,55,upward_tier_move,9573870,2021-11-20,hamilton-academical,1,15,11-20,36,180,180,1.000,1,1,1.0,0.0,1.0,1,,-7.000,,consecutive observed seasons changed tier; mechanism unverified
partick-thistle,21/22,20/21,56,55,upward_tier_move,9573875,2021-12-04,queen-of-the-south,0,16,11-20,36,180,180,1.000,1,1,0.0,0.0,0.0,0,,0.000,,consecutive observed seasons changed tier; mechanism unverified
partick-thistle,21/22,20/21,56,55,upward_tier_move,9574411,2021-12-11,arbroath,1,17,11-20,36,180,180,1.000,1,1,0.0,2.0,-2.0,0,,-4.000,,consecutive observed seasons changed tier; mechanism unverified
partick-thistle,21/22,20/21,56,55,upward_tier_move,9574407,2021-12-18,raith-rovers,1,18,11-20,36,180,180,1.000,1,1,1.0,0.0,1.0,1,,13.000,,consecutive observed seasons changed tier; mechanism unverified
partick-thistle,21/22,20/21,56,55,upward_tier_move,9574264,2022-01-08,hamilton-academical,0,19,11-20,36,180,180,1.000,1,1,2.0,2.0,0.0,0,,2.000,,consecutive observed seasons changed tier; mechanism unverified
partick-thistle,21/22,20/21,56,55,upward_tier_move,9573916,2022-01-14,kilmarnock,1,20,11-20,36,180,180,1.000,1,1,1.0,1.0,0.0,0,,1.000,,consecutive observed seasons changed tier; mechanism unverified
kelty-hearts-fc,22/23,21/22,57,56,upward_tier_move,10387841,2022-07-30,edinburgh-city-fc,1,1,1-5,36,180,180,1.000,1,1,0.0,2.0,-2.0,0,0.553863,6.000,,consecutive observed seasons changed tier; mechanism unverified
kelty-hearts-fc,22/23,21/22,57,56,upward_tier_move,10387827,2022-08-06,alloa-athletic,0,2,1-5,36,180,180,1.000,1,1,1.0,3.0,-2.0,0,0.302833,-4.000,,consecutive observed seasons changed tier; mechanism unverified
kelty-hearts-fc,22/23,21/22,57,56,upward_tier_move,10387854,2022-08-13,clyde-fc,0,3,1-5,36,180,180,1.000,1,1,0.0,3.0,-3.0,0,0.302565,-4.000,,consecutive observed seasons changed tier; mechanism unverified
kelty-hearts-fc,22/23,21/22,57,56,upward_tier_move,10387851,2022-08-20,dunfermline-athletic,1,4,1-5,36,180,180,1.000,1,1,0.0,0.0,0.0,0,0.273101,-4.000,,consecutive observed seasons changed tier; mechanism unverified
kelty-hearts-fc,22/23,21/22,57,56,upward_tier_move,10387855,2022-08-27,montrose,0,5,1-5,36,180,180,1.000,1,1,0.0,3.0,-3.0,0,0.247246,0.000,,consecutive observed seasons changed tier; mechanism unverified
kelty-hearts-fc,22/23,21/22,57,56,upward_tier_move,10387874,2022-09-03,falkirk-fc,1,6,6-10,36,180,180,1.000,1,1,2.0,0.0,2.0,1,0.301717,0.000,,consecutive observed seasons changed tier; mechanism unverified
kelty-hearts-fc,22/23,21/22,57,56,upward_tier_move,10388163,2022-09-17,peterhead,0,7,6-10,36,180,180,1.000,1,1,1.0,2.0,-1.0,0,0.505580,7.000,,consecutive observed seasons changed tier; mechanism unverified
kelty-hearts-fc,22/23,21/22,57,56,upward_tier_move,10387932,2022-10-01,airdrieonians,1,8,6-10,36,180,180,1.000,1,1,1.0,0.0,1.0,1,0.298106,3.000,,consecutive observed seasons changed tier; mechanism unverified
kelty-hearts-fc,22/23,21/22,57,56,upward_tier_move,10387892,2022-10-08,edinburgh-city-fc,0,9,6-10,36,180,180,1.000,1,1,0.0,2.0,-2.0,0,0.409847,-5.000,,consecutive observed seasons changed tier; mechanism unverified
kelty-hearts-fc,22/23,21/22,57,56,upward_tier_move,10698037,2022-10-11,queen-of-the-south,1,10,6-10,36,180,180,1.000,1,1,1.0,0.0,1.0,1,0.321786,-2.000,,consecutive observed seasons changed tier; mechanism unverified
kelty-hearts-fc,22/23,21/22,57,56,upward_tier_move,10387913,2022-10-15,clyde-fc,1,11,11-20,36,180,180,1.000,1,1,2.0,1.0,1.0,1,0.513858,0.000,,consecutive observed seasons changed tier; mechanism unverified
kelty-hearts-fc,22/23,21/22,57,56,upward_tier_move,10387934,2022-10-22,falkirk-fc,0,12,11-20,36,180,180,1.000,1,1,3.0,2.0,1.0,1,0.125430,-5.000,,consecutive observed seasons changed tier; mechanism unverified
kelty-hearts-fc,22/23,21/22,57,56,upward_tier_move,10387919,2022-10-29,dunfermline-athletic,0,13,11-20,36,180,180,1.000,1,1,1.0,2.0,-1.0,0,0.151292,4.000,,consecutive observed seasons changed tier; mechanism unverified
kelty-hearts-fc,22/23,21/22,57,56,upward_tier_move,10387940,2022-11-05,alloa-athletic,1,14,11-20,36,180,180,1.000,1,1,1.0,1.0,0.0,0,0.416113,0.000,,consecutive observed seasons changed tier; mechanism unverified
kelty-hearts-fc,22/23,21/22,57,56,upward_tier_move,10387969,2022-11-12,montrose,1,15,11-20,36,180,180,1.000,1,1,1.0,3.0,-2.0,0,0.362552,1.000,,consecutive observed seasons changed tier; mechanism unverified
kelty-hearts-fc,22/23,21/22,57,56,upward_tier_move,10387954,2022-11-19,airdrieonians,0,16,11-20,36,180,180,1.000,1,1,0.0,1.0,-1.0,0,0.241514,-8.000,,consecutive observed seasons changed tier; mechanism unverified
kelty-hearts-fc,22/23,21/22,57,56,upward_tier_move,10388165,2022-12-03,peterhead,1,17,11-20,36,180,180,1.000,1,1,3.0,0.0,3.0,1,0.596182,6.000,,consecutive observed seasons changed tier; mechanism unverified
kelty-hearts-fc,22/23,21/22,57,56,upward_tier_move,10387896,2022-12-17,queen-of-the-south,0,18,11-20,36,180,180,1.000,1,1,2.0,1.0,1.0,1,0.208514,3.000,,consecutive observed seasons changed tier; mechanism unverified
kelty-hearts-fc,22/23,21/22,57,56,upward_tier_move,10388168,2022-12-24,dunfermline-athletic,1,19,11-20,36,180,180,1.000,1,1,1.0,2.0,-1.0,0,0.241092,1.000,,consecutive observed seasons changed tier; mechanism unverified
kelty-hearts-fc,22/23,21/22,57,56,upward_tier_move,10387921,2022-12-31,alloa-athletic,0,20,11-20,36,180,180,1.000,1,1,0.0,0.0,0.0,0,0.270677,8.000,,consecutive observed seasons changed tier; mechanism unverified
kelty-hearts-fc,26/27,25/26,56,57,downward_tier_move,16362584,2026-08-01,forfar-athletic,0,1,1-5,8,40,180,0.222,0,0,0.0,1.0,-1.0,0,,7.000,0.473,consecutive observed seasons changed tier; mechanism unverified
kelty-hearts-fc,26/27,25/26,56,57,downward_tier_move,16362588,2026-08-08,stirling-albion,1,2,1-5,8,40,180,0.222,0,0,3.0,2.0,1.0,1,,3.000,-0.478,consecutive observed seasons changed tier; mechanism unverified
kelty-hearts-fc,26/27,25/26,56,57,downward_tier_move,16362593,2026-08-15,elgin-city,0,3,1-5,8,40,180,0.222,0,0,1.0,4.0,-3.0,0,,-11.000,-0.905,consecutive observed seasons changed tier; mechanism unverified
kelty-hearts-fc,26/27,25/26,56,57,downward_tier_move,16362597,2026-08-22,dumbarton,1,4,1-5,8,40,180,0.222,0,0,3.0,1.0,2.0,1,,5.000,0.140,consecutive observed seasons changed tier; mechanism unverified
kelty-hearts-fc,26/27,25/26,56,57,downward_tier_move,16362601,2026-08-29,stranraer,0,5,1-5,8,40,180,0.222,0,0,0.0,2.0,-2.0,0,,,,consecutive observed seasons changed tier; mechanism unverified
kelty-hearts-fc,26/27,25/26,56,57,downward_tier_move,16362611,2026-09-05,annan-athletic,1,6,6-10,8,40,180,0.222,0,0,2.0,1.0,1.0,1,,,,consecutive observed seasons changed tier; mechanism unverified
kelty-hearts-fc,26/27,25/26,56,57,downward_tier_move,16362618,2026-09-12,clyde-fc,0,7,6-10,8,40,180,0.222,0,0,1.0,4.0,-3.0,0,,,,consecutive observed seasons changed tier; mechanism unverified
kelty-hearts-fc,26/27,25/26,56,57,downward_tier_move,16362616,2026-09-19,edinburgh-city-fc,1,8,6-10,8,40,180,0.222,0,0,1.0,3.0,-2.0,0,,,,consecutive observed seasons changed tier; mechanism unverified
east-kilbride,26/27,25/26,57,56,upward_tier_move,16362404,2026-08-01,queen-of-the-south,1,1,1-5,8,39,180,0.217,0,0,5.0,1.0,4.0,1,,11.000,2.038,consecutive observed seasons changed tier; mechanism unverified
east-kilbride,26/27,25/26,57,56,upward_tier_move,16362413,2026-08-08,airdrieonians,0,2,1-5,8,39,180,0.217,0,0,1.0,1.0,0.0,0,,2.000,-0.287,consecutive observed seasons changed tier; mechanism unverified
east-kilbride,26/27,25/26,57,56,upward_tier_move,16362415,2026-08-15,cove-rangers,1,3,1-5,8,39,180,0.217,0,0,3.0,0.0,3.0,1,,6.000,1.980,consecutive observed seasons changed tier; mechanism unverified
east-kilbride,26/27,25/26,57,56,upward_tier_move,16362426,2026-08-22,montrose,0,4,1-5,8,39,180,0.217,0,0,0.0,3.0,-3.0,0,,-2.000,-1.851,consecutive observed seasons changed tier; mechanism unverified
east-kilbride,26/27,25/26,57,56,upward_tier_move,16362430,2026-08-29,ross-county,0,5,1-5,8,39,180,0.217,0,0,0.0,4.0,-4.0,0,,,,consecutive observed seasons changed tier; mechanism unverified
east-kilbride,26/27,25/26,57,56,upward_tier_move,16362435,2026-09-05,hamilton-academical,1,6,6-10,8,39,180,0.217,0,0,0.0,1.0,-1.0,0,,,,consecutive observed seasons changed tier; mechanism unverified
east-kilbride,26/27,25/26,57,56,upward_tier_move,16362438,2026-09-12,peterhead,1,7,6-10,8,39,180,0.217,0,0,3.0,1.0,2.0,1,,,,consecutive observed seasons changed tier; mechanism unverified
east-kilbride,26/27,25/26,57,56,upward_tier_move,16362444,2026-09-19,alloa-athletic,0,8,6-10,8,39,180,0.217,0,0,2.0,1.0,1.0,1,,,,consecutive observed seasons changed tier; mechanism unverified
