arm,match_id,joint,total,allocation
fusion_qs_bias,12477128,-2.4146999404175027,-1.5163996319497866,-0.8983003084677161
fusion_qs_bias,12477134,-2.169291242897779,-1.468178920766716,-0.7011123221310631
fusion_qs_bias,12477131,-3.7271876379302875,-1.7176973321309095,-2.0094903057993783
fusion_qs_bias,12477135,-2.9114312480171973,-2.9114312480171973,0.0
fusion_qs_bias,12477132,-2.1375954137895485,-1.440447184393401,-0.6971482293961475
fusion_qs_bias,12476800,-2.6039403207735985,-1.8960725348729655,-0.707867785900633
fusion_qs_bias,12476794,-2.4632625031479067,-1.4988974062122313,-0.9643650969356754
fusion_qs_bias,12476797,-2.7326898058897737,-1.4219282660120813,-1.3107615398776924
fusion_qs_bias,12476799,-2.8168917326528864,-2.8168917326528864,0.0
fusion_qs_bias,12476798,-4.261591322169974,-3.0684406143678418,-1.1931507078021326
fusion_qs_bias,12477129,-2.3137005955604173,-1.5001656911293852,-0.813534904431032
fusion_qs_bias,12477126,-5.1117673891848785,-3.4324875661082785,-1.6792798230766
fusion_qs_bias,12477130,-2.964806248260407,-1.9746082809462027,-0.9901979673142045
fusion_qs_bias,12477123,-2.6099918161427524,-2.6099918161427524,0.0
fusion_qs_bias,12477133,-2.3511770433904733,-1.6891734455858158,-0.6620035978046575
fusion_qs_bias,12476632,-2.3329240965680507,-1.5317843960953488,-0.8011397004727019
fusion_qs_bias,12476633,-2.836456559295319,-1.7471975262320356,-1.0892590330632834
fusion_qs_bias,12476630,-2.5440887097889275,-1.3877675349949548,-1.1563211747939728
fusion_qs_bias,12476635,-2.3995034890438864,-1.5323788189561056,-0.8671246700877808
fusion_qs_bias,12476636,-2.354410721045657,-1.7068071708710142,-0.6476035501746429
fusion_qs_bias,12476793,-2.1823372951856377,-1.4518646120445888,-0.7304726831410489
fusion_qs_bias,12476795,-2.2160885748444294,-1.5029612400206307,-0.7131273348237988
fusion_qs_bias,12476796,-4.181823523716322,-1.5034260949635039,-2.6783974287528185
fusion_qs_bias,12476792,-2.657022073524889,-1.5250616436079871,-1.1319604299169017
fusion_qs_bias,12476790,-2.3756665977612212,-1.7629492004922704,-0.6127173972689508
fusion_qs_bias,12476788,-2.8593620944340254,-2.8593620944340254,0.0
fusion_qs_bias,12476786,-3.519564915667068,-2.3880002371011724,-1.1315646785658955
fusion_qs_bias,12476787,-2.626468448859925,-1.9553337562904962,-0.6711346925694286
fusion_qs_bias,12476791,-2.8485783965826226,-1.832783681812449,-1.0157947147701736
fusion_qs_bias,12476789,-2.4541176670814315,-1.8056937911316306,-0.6484238759498009
fusion_qs_bias,12476629,-2.409724835458415,-1.5395182010822164,-0.8702066343761987
fusion_qs_bias,12476634,-2.894080456492154,-1.4223653210981029,-1.4717151353940512
fusion_qs_bias,12476623,-2.208344535706478,-1.712676760136521,-0.4956677755699572
fusion_qs_bias,12476631,-2.9670037770477116,-1.7835396117584132,-1.1834641652892983
fusion_qs_bias,12476624,-2.5745867894313226,-2.5745867894313226,0.0
fusion_qs_bias,12476627,-5.021938841765511,-1.503217186624761,-3.51872165514075
fusion_qs_bias,12476625,-2.4743530934701496,-1.5134164335467755,-0.9609366599233742
fusion_qs_bias,12476621,-2.108380923482839,-1.392962382392567,-0.715418541090272
fusion_qs_bias,12476622,-4.790421625175597,-1.9428755192879648,-2.8475461058876324
fusion_qs_bias,12476782,-2.88829617051136,-2.88829617051136,0.0
fusion_qs_bias,12476785,-2.3284689931624674,-1.7587551426735037,-0.5697138504889636
fusion_qs_bias,12476784,-2.829089060412071,-1.8126172401475666,-1.0164718202645044
fusion_qs_bias,12476781,-2.4862711600454084,-1.8804429796911275,-0.6058281803542809
fusion_qs_bias,12476779,-5.188105607590481,-3.1059933383283456,-2.0821122692621357
fusion_qs_bias,12476619,-5.393857518417137,-3.338326074124524,-2.055531444292613
fusion_qs_bias,12476620,-3.301651667827116,-1.768357827923143,-1.5332938399039728
fusion_qs_bias,12476618,-2.322605872578719,-1.6183432457155074,-0.7042626268632115
fusion_qs_bias,12476626,-2.5782808833510513,-1.406911828859764,-1.1713690544912874
fusion_qs_bias,12476617,-2.0850028676476566,-1.3713829532972126,-0.713619914350444
fusion_qs_bias,12476780,-2.8865142659233936,-1.857875848557641,-1.0286384173657526
fusion_qs_bias,12476778,-3.240162851612295,-1.784657813744177,-1.455505037868118
fusion_qs_bias,12476776,-3.4456333953396787,-1.51145872057699,-1.9341746747626887
fusion_qs_bias,12476777,-2.480350296609125,-1.5059077216762804,-0.9744425749328445
fusion_qs_bias,12476783,-2.237084843456536,-1.5281319326525584,-0.7089529108039776
fusion_qs_bias,12476772,-2.18232965562743,-1.4615498232066655,-0.7207798324207644
fusion_qs_bias,12476774,-2.7330907802295514,-2.7330907802295514,0.0
fusion_qs_bias,12476771,-2.6869529321103682,-1.839698866046374,-0.8472540660639942
fusion_qs_bias,12476773,-2.695302143823082,-1.5218703339387851,-1.173431809884297
fusion_qs_bias,12476775,-2.4299334129824173,-1.8847389461809008,-0.5451944668015165
fusion_qs_bias,12476611,-2.6919793107791543,-1.521968811816556,-1.1700104989625983
fusion_qs_bias,12476616,-2.562578385607714,-1.6253175052097188,-0.9372608803979952
fusion_qs_bias,12476614,-2.3931682084564434,-1.5215150297924305,-0.8716531786640129
fusion_qs_bias,12476612,-2.082439508103859,-1.5737082845039143,-0.5087312235999446
fusion_qs_bias,12476615,-2.4575744810010134,-1.520872516397732,-0.9367019646032815
fusion_qs_bias,12811090,-2.0810524272837942,-1.3687718554917436,-0.7122805717920506
fusion_qs_bias,12476607,-2.5736105063396537,-1.3861542314168787,-1.187456274922775
fusion_qs_bias,12476613,-2.739224406279343,-2.739224406279343,0.0
fusion_qs_bias,12476606,-2.9458910117376873,-1.4027500182466623,-1.543140993491025
fusion_qs_bias,12476603,-2.470363792659673,-1.5387625667812184,-0.9316012258784545
fusion_qs_bias,12476770,-2.5955471466834386,-2.5955471466834386,0.0
fusion_qs_bias,12476767,-2.6896563978087356,-1.4514447492078957,-1.2382116486008399
fusion_qs_bias,12476766,-2.861442367342879,-1.8552200194509254,-1.0062223478919536
fusion_qs_bias,12476769,-3.4120475743103413,-1.5001945048774874,-1.911853069432854
fusion_qs_bias,12476768,-4.621747701218912,-3.0713936509680773,-1.550354050250835
fusion_qs_bias,12476761,-2.3384673816713613,-1.639387223926045,-0.6990801577453163
fusion_qs_bias,12476765,-3.1503219158461193,-1.4898775416244119,-1.6604443742217074
fusion_qs_bias,12476764,-5.993176489356037,-3.1335175503326615,-2.859658939023375
fusion_qs_bias,12476762,-2.5140576754014456,-1.9097603562315095,-0.6042973191699361
fusion_qs_bias,12476759,-3.516380681022285,-1.8538791850467287,-1.6625014959755564
fusion_qs_bias,12476604,-2.9362311720585406,-1.9237633802816267,-1.0124677917769138
fusion_qs_bias,12476609,-2.7724802348731816,-1.3962371707744474,-1.3762430640987342
fusion_qs_bias,12476610,-4.592479145713011,-2.91079720940971,-1.6816819363033013
fusion_qs_bias,12476601,-2.3002139823125676,-1.5870991177927711,-0.7131148645197964
fusion_qs_bias,12476605,-2.3982502659077025,-1.6188275182556005,-0.7794227476521021
fusion_qs_bias,12476600,-4.83303346941772,-2.521913123902618,-2.311120345515102
fusion_qs_bias,12476598,-2.449983407332062,-1.5348723764499121,-0.9151110308821497
fusion_qs_bias,12476599,-2.522337017880358,-1.6541721941215384,-0.8681648237588195
fusion_qs_bias,12476597,-2.377910858023772,-1.5008292742065532,-0.8770815838172188
fusion_qs_bias,12476602,-2.098713415797917,-1.3820246623168926,-0.7166887534810245
fusion_qs_bias,12476760,-2.7347993415970393,-1.475643334093684,-1.2591560075033552
fusion_qs_bias,12476763,-3.5345835902019247,-1.8274421734701738,-1.707141416731751
fusion_qs_bias,12476758,-2.260300121417543,-1.785719533599957,-0.47458058781758616
fusion_qs_bias,12476757,-3.0304730486672495,-1.4387016077318289,-1.5917714409354207
fusion_qs_bias,12476756,-2.4308065638865064,-1.7444304885027413,-0.6863760753837651
fusion_qs_bias,12954858,-3.4590961234335023,-1.4530357638046887,-2.0060603596288136
fusion_qs_bias,12476594,-3.4909132523336606,-1.9117482720687977,-1.5791649802648628
fusion_qs_bias,12476592,-3.6857736002075097,-2.0052162343849544,-1.6805573658225552
fusion_qs_bias,12476595,-2.5287543918231337,-2.5287543918231337,0.0
fusion_qs_bias,12476593,-2.6450088145178006,-2.6450088145178006,0.0
fusion_qs_bias,12476596,-2.3805035024187453,-1.499490314488194,-0.8810131879305514
fusion_qs_bias,12476750,-2.952608122973928,-1.4535492949701236,-1.4990588280038044
fusion_qs_bias,12476753,-3.5217581744549427,-1.9220017457962397,-1.599756428658703
fusion_qs_bias,12476755,-2.53407414909499,-1.7611823207568005,-0.7728918283381896
fusion_qs_bias,12476752,-2.523281975010603,-1.8311950815479583,-0.6920868934626445
fusion_qs_bias,12476751,-2.4255945233799094,-1.5059216251612393,-0.9196728982186702
fusion_qs_bias,12476749,-3.7177809503474544,-1.4997282417083888,-2.218052708639066
fusion_qs_bias,12476748,-2.3229583815236095,-1.7336470249866207,-0.5893113565369887
fusion_qs_bias,12476739,-2.1619080483369872,-1.4053094144936056,-0.7565986338433817
fusion_qs_bias,12476741,-2.3410457273912364,-1.725214801986101,-0.6158309254051353
fusion_qs_bias,12476754,-4.899310327449718,-2.3172252355481477,-2.58208509190157
fusion_qs_bias,12476589,-3.2204631923085674,-1.4328786322136164,-1.787584560094951
fusion_qs_bias,12476587,-2.3832769984945767,-1.533806569205345,-0.8494704292892317
fusion_qs_bias,12476591,-2.9543108369961533,-1.890940163448112,-1.0633706735480413
fusion_qs_bias,12476590,-2.191235549957246,-1.414686021405911,-0.7765495285513349
fusion_qs_bias,12476588,-2.2187164129708425,-1.6720295263040468,-0.5466868866667958
fusion_qs_bias,12476746,-2.0946097259410528,-1.3906917147740923,-0.7039180111669605
fusion_qs_bias,12476747,-2.793353944003623,-1.5013967946196458,-1.2919571493839772
fusion_qs_bias,12476742,-2.475392872026886,-1.527416586945932,-0.9479762850809541
fusion_qs_bias,12476745,-2.119424422415564,-1.4143066325366522,-0.7051177898789116
fusion_qs_bias,12476743,-2.161253805433374,-1.4573351731058217,-0.7039186323275524
fusion_qs_bias,12476737,-2.467603745772715,-1.5044265343956695,-0.9631772113770456
fusion_qs_bias,12476735,-2.193327019501461,-1.6367186004799534,-0.5566084190215075
fusion_qs_bias,12476744,-2.405227675183532,-1.5045184739868764,-0.9007092011966558
fusion_qs_bias,12476738,-2.2698126239802128,-1.6662724447336945,-0.6035401792465183
fusion_qs_bias,12476740,-2.85986784985177,-1.4829178772854366,-1.3769499725663332
fusion_qs_bias,12476586,-3.662949482852883,-2.562743330761569,-1.1002061520913138
fusion_qs_bias,12476582,-2.8871471295661646,-1.5191132504916562,-1.3680338790745084
fusion_qs_bias,12476579,-3.9355942045270718,-1.5590135824978095,-2.3765806220292625
fusion_qs_bias,12476585,-2.7020730142058675,-1.3932363073786225,-1.308836706827245
fusion_qs_bias,12476583,-2.8892120846105427,-1.8938795110390199,-0.9953325735715228
fusion_qs_bias,12476584,-4.42859603284618,-2.2172341950322245,-2.2113618378139552
fusion_qs_bias,12476581,-3.2793604346225647,-1.9199043955771953,-1.3594560390453694
fusion_qs_bias,12476580,-2.4885059490474517,-1.5501337041704784,-0.9383722448769733
fusion_qs_bias,12476574,-2.55164940515038,-1.526414868823785,-1.0252345363265951
fusion_qs_bias,12476578,-3.405534624012158,-1.5320596842958718,-1.873474939716286
fusion_qs_bias,12476731,-2.3855044623837944,-1.517602897995443,-0.8679015643883514
fusion_qs_bias,12476548,-2.094630986161722,-1.3880504050148381,-0.7065805811468839
fusion_qs_bias,13179032,-3.8853626513786508,-1.5094639992270944,-2.375898652151556
fusion_qs_bias,13171689,-2.8169155585061953,-1.8048569055559451,-1.0120586529502502
fusion_qs_bias,12476727,-3.9706882012782314,-2.8600166268428397,-1.1106715744353917
fusion_qs_bias,12476729,-2.1513107068657904,-1.4416990192972763,-0.7096116875685141
fusion_qs_bias,12476724,-4.371320260862715,-1.821095004254494,-2.550225256608221
fusion_qs_bias,12476730,-2.375588659372914,-1.5123660850731175,-0.8632225742997965
fusion_qs_bias,12476728,-2.8460141462445474,-1.4403410571272177,-1.4056730891173297
fusion_qs_bias,12476720,-2.8561733949361834,-1.3638201182382392,-1.4923532766979442
fusion_qs_bias,12476722,-2.828617595984469,-2.828617595984469,0.0
fusion_qs_bias,12476721,-2.689579794618016,-1.527088108203211,-1.162491686414805
fusion_qs_bias,12476725,-6.254833605113607,-2.973138022310656,-3.281695582802951
fusion_qs_bias,12476723,-2.4443291568275356,-1.5163466010513154,-0.9279825557762202
fusion_qs_bias,13171688,-2.3755247377986777,-1.5118745681033532,-0.8636501696953245
fusion_qs_bias,12476562,-4.278964142939241,-1.5040822527394497,-2.7748818901997914
fusion_qs_bias,12476564,-3.7062159324737824,-2.5198199305821545,-1.186396001891628
fusion_qs_bias,12476565,-2.393339418539412,-1.5321981805594402,-0.8611412379799719
fusion_qs_bias,13175772,-3.9651302096214236,-1.9178082691877736,-2.0473219404336502
fusion_qs_bias,12476563,-2.771109519327981,-2.771109519327981,0.0
fusion_qs_bias,12476556,-2.2207566417417475,-1.6360217000780635,-0.584734941663684
fusion_qs_bias,12476558,-3.654862740898823,-2.515888463155964,-1.1389742777428586
fusion_qs_bias,12476561,-5.1025761844509425,-3.333023121894284,-1.7695530625566587
fusion_qs_bias,12476560,-5.8767756649525875,-3.5146256567585707,-2.3621500081940168
fusion_qs_bias,13179034,-3.7117032908846,-2.469110434077581,-1.2425928568070188
fusion_qs_bias,12476726,-2.244736916468015,-1.5617614814087528,-0.6829754350592621
fusion_qs_bias,12476718,-4.186163319315634,-1.8727538656454368,-2.3134094536701975
fusion_qs_bias,12476716,-2.8065468976264203,-1.4584592347208987,-1.3480876629055216
fusion_qs_bias,12476719,-2.731669707437259,-1.4232978280711435,-1.3083718793661157
fusion_qs_bias,12476717,-2.5059724632211937,-1.5072671472807178,-0.998705315940476
fusion_qs_bias,12476713,-5.125440128360485,-2.601250787732125,-2.52418934062836
fusion_qs_bias,12476715,-3.363268668721544,-1.874058653335338,-1.489210015386206
fusion_qs_bias,12476714,-3.0320712062895265,-1.5319032750299746,-1.500167931259552
fusion_qs_bias,12476710,-2.1518592329105872,-1.4315762591381662,-0.720282973772421
fusion_qs_bias,12476712,-2.7372696550975,-1.5201790136902116,-1.2170906414072886
fusion_qs_bias,13175771,-2.0785140128371653,-1.3690392635521382,-0.7094747492850271
fusion_qs_bias,13159980,-4.80713446645846,-3.343985103543078,-1.4631493629153818
fusion_qs_bias,12476551,-2.6236639224903295,-1.7496411953612299,-0.8740227271290997
fusion_qs_bias,12476555,-2.4553169922720284,-1.4175687878586145,-1.0377482044134139
fusion_qs_bias,12476557,-5.199999542163232,-3.356723875179523,-1.8432756669837085
fusion_qs_bias,12476554,-2.5172544342026386,-1.3867326018957027,-1.130521832306936
fusion_qs_bias,12476550,-2.1002706265095474,-1.3941360786102996,-0.7061345478992478
fusion_qs_bias,12476549,-2.9338489542667974,-1.387573245477072,-1.5462757087897254
fusion_qs_bias,12476547,-2.283345231756912,-1.8636755016154003,-0.41966973014151177
fusion_qs_bias,12476552,-2.1094617356406578,-1.39934173813943,-0.7101199975012278
fusion_qs_bias,12476553,-3.0008647630384178,-1.962447446283119,-1.0384173167552988
fusion_qs_bias,12476711,-3.583280716845085,-1.8761127760378564,-1.7071679408072284
fusion_qs_bias,12476708,-2.3729072717835145,-1.415210231270109,-0.9576970405134055
fusion_qs_bias,12476707,-2.3574441187268507,-1.7361996494561607,-0.62124446927069
fusion_qs_bias,12476709,-2.6695353863347093,-2.6695353863347093,0.0
fusion_qs_bias,12476706,-2.17840113921182,-1.4463994620711798,-0.7320016771406401
fusion_qs_bias,12476705,-2.116549455547112,-1.4083240910893664,-0.7082253644577456
fusion_qs_bias,12476701,-2.7651388104946144,-2.7651388104946144,0.0
fusion_qs_bias,12476539,-3.0908112506684864,-1.434720579009817,-1.6560906716586694
fusion_qs_bias,12476545,-2.4830163427845036,-1.4410425746203472,-1.0419737681641563
fusion_qs_bias,12476546,-2.143046191225963,-1.6064406952829855,-0.5366054959429776
fusion_qs_bias,13217663,-4.29473665901655,-3.1519794000667023,-1.1427572589498478
fusion_qs_bias,12476541,-3.135090367832049,-1.5115572443267247,-1.6235331235053245
fusion_qs_bias,12476544,-2.247768212646422,-1.7938943937738054,-0.4538738188726166
fusion_qs_bias,12476533,-2.088427137624943,-1.3812683638540095,-0.7071587737709333
fusion_qs_bias,13324922,-3.141105951837112,-1.536915491008572,-1.6041904608285398
fusion_qs_bias,13197505,-4.100624508445769,-2.8553963210056716,-1.2452281874400972
fusion_qs_bias,12476697,-2.5114666346627126,-1.5527379649440147,-0.9587286697186979
fusion_qs_bias,12476698,-5.105778487602487,-1.8795250061976065,-3.2262534814048807
fusion_qs_bias,12476700,-2.918744443896678,-1.9249464254176893,-0.9937980184789885
fusion_qs_bias,12476696,-2.9905546465830977,-1.8299920840862578,-1.1605625624968399
fusion_qs_bias,13315347,-2.160294147128561,-1.6758071864920536,-0.4844869606365072
fusion_qs_bias,12476531,-3.384944627566056,-1.4666788852023414,-1.9182657423637146
fusion_qs_bias,12476529,-3.566005148589249,-2.480859616983819,-1.0851455316054301
fusion_qs_bias,12476538,-2.5542987752046047,-1.3759700713489944,-1.1783287038556103
fusion_qs_bias,13233442,-2.920135123667458,-1.9158486068496186,-1.0042865168178396
fusion_qs_bias,12476519,-2.413335709156937,-1.6804873482213067,-0.7328483609356304
fusion_qs_bias,12476525,-2.821021813808124,-2.821021813808124,0.0
fusion_qs_bias,12476523,-3.552987365538314,-2.43857995535507,-1.1144074101832442
fusion_qs_bias,12476522,-3.4794421381467546,-1.5181387818691054,-1.9613033562776492
fusion_qs_bias,12476524,-2.41747423653211,-1.5808105668914878,-0.836663669640622
fusion_qs_bias,12476693,-2.0504969082364615,-1.5613212473075382,-0.4891756609289233
fusion_qs_bias,12476695,-2.5098512347147888,-1.5060861263477647,-1.003765108367024
fusion_qs_bias,12476691,-3.6182533506505354,-1.5447448976128166,-2.073508453037719
fusion_qs_bias,12476692,-3.623470168164285,-1.8328740359255502,-1.7905961322387347
fusion_qs_bias,12476699,-2.198023924846615,-1.4974049493234962,-0.7006189755231187
fusion_qs_bias,12476689,-3.6789839274904903,-1.5520681780028474,-2.126915749487643
fusion_qs_bias,12476685,-2.951147009541928,-1.9585093019637392,-0.9926377075781887
fusion_qs_bias,12476686,-2.4611664303395226,-1.5269643643552988,-0.9342020659842238
fusion_qs_bias,12476690,-2.467943506419546,-1.5000703422193238,-0.9678731642002221
fusion_qs_bias,13343736,-3.1893606353180166,-1.95046910949046,-1.2388915258275566
fusion_qs_bias,12476521,-5.467520889642714,-4.135225869912351,-1.3322950197303625
fusion_qs_bias,12476514,-3.0735525229180776,-2.0155896942032476,-1.05796282871483
fusion_qs_bias,12476518,-2.7271119918134494,-1.396294377444148,-1.3308176143693013
fusion_qs_bias,12476520,-2.4925122561444777,-1.5098589575171606,-0.9826532986273171
fusion_qs_bias,12476515,-2.446940825819922,-1.6723232895944953,-0.7746175362254266
fusion_qs_bias,13348881,-3.3030267115427847,-1.8715363518429737,-1.431490359699811
fusion_qs_bias,13255608,-3.2741078852932453,-1.5121459892506663,-1.761961896042579
fusion_qs_bias,12476516,-2.6441042259811076,-1.6708126172216171,-0.9732916087594905
fusion_qs_bias,12476512,-2.289901617426482,-1.676431406821967,-0.6134702106045149
fusion_qs_bias,12476511,-3.2269583482778414,-1.8728303614472221,-1.3541279868306193
fusion_qs_bias,12476517,-2.522546170123876,-1.4086615668713967,-1.1138846032524794
fusion_qs_bias,12476513,-5.602500072491464,-4.358499986514934,-1.2440000859765306
fusion_qs_bias,13391276,-2.118836912655869,-1.3996613157901998,-0.7191755968656692
fusion_qs_bias,12476688,-2.8845658450338743,-1.8272234972384505,-1.0573423477954238
fusion_qs_bias,12476684,-3.6735448365831775,-1.5199409812751596,-2.1536038553080177
fusion_qs_bias,12476681,-3.662073941957021,-2.457474664257152,-1.2045992776998693
fusion_qs_bias,12476682,-2.705500894792877,-1.4432587529304335,-1.2622421418624434
fusion_qs_bias,12476679,-2.2019252355289183,-1.60458157044742,-0.5973436650814983
fusion_qs_bias,12476678,-2.35552616320054,-1.5004778248297168,-0.8550483383708232
fusion_qs_bias,12476675,-2.8561277889590526,-1.3992951196345578,-1.4568326693244948
fusion_qs_bias,12476680,-5.371648240422221,-4.0864316589016125,-1.2852165815206087
fusion_qs_bias,12476677,-3.5250898414795553,-1.5446923241108959,-1.9803975173686594
fusion_qs_bias,12476508,-3.3447555841767094,-1.957885037834171,-1.3868705463425384
fusion_qs_bias,12476510,-6.153335307516204,-2.422899567322026,-3.730435740194178
fusion_qs_bias,12476506,-2.165029464880747,-1.4036921877236146,-0.7613372771571323
fusion_qs_bias,12476509,-2.9607286083777735,-1.878209198673645,-1.0825194097041284
fusion_qs_bias,12476507,-2.370731686246881,-1.6666514035436766,-0.7040802827032042
fusion_qs_bias,12476502,-2.570542222124657,-2.570542222124657,0.0
fusion_qs_bias,12476500,-2.8136493817479566,-1.5033889596286776,-1.310260422119279
fusion_qs_bias,12476501,-3.391368051378026,-1.5171169746210842,-1.874251076756942
fusion_qs_bias,12476505,-2.7843290823826887,-1.3639235118815396,-1.4204055705011491
fusion_qs_bias,12476504,-3.0106297335478622,-1.448900658606615,-1.5617290749412471
fusion_qs_bias,13415294,-2.350951876460736,-1.5063124811645856,-0.8446393952961502
fusion_qs_bias,12476674,-2.4869959777850483,-1.5029438566297484,-0.9840521211552999
fusion_qs_bias,12476671,-2.838402482656041,-1.501274788560459,-1.3371276940955819
fusion_qs_bias,12476670,-2.1423930872548667,-1.3531538076119398,-0.7892392796429268
fusion_qs_bias,12476672,-3.192324849903803,-1.8259332892339042,-1.3663915606698989
fusion_qs_bias,12476669,-2.5973803172190415,-1.7065332261499933,-0.8908470910690482
fusion_qs_bias,13343733,-2.3780100015082613,-1.4993494140280568,-0.8786605874802045
fusion_qs_bias,12476667,-3.2108678061314517,-1.8913211806732042,-1.3195466254582475
fusion_qs_bias,12476662,-2.2414323792327893,-1.729283094171713,-0.5121492850610763
fusion_qs_bias,12476673,-2.753654707304456,-1.408309162195676,-1.34534554510878
fusion_qs_bias,12476676,-3.571645886232607,-2.4473664075908346,-1.1242794786417725
fusion_qs_bias,12476668,-2.5932664744698397,-2.5932664744698397,0.0
fusion_qs_bias,12476526,-2.0913586373792468,-1.3871663239499827,-0.704192313429264
fusion_qs_bias,12476497,-2.413341620430337,-1.4120445847134762,-1.0012970357168607
fusion_qs_bias,12476499,-2.441433354039493,-1.6908243429740355,-0.7506090110654573
fusion_qs_bias,12476496,-2.5736084644675623,-1.738591025852255,-0.8350174386153073
fusion_qs_bias,12476498,-2.38939624699115,-1.6393642561622035,-0.7500319908289463
fusion_qs_bias,12476495,-3.1443068255508324,-1.898254521456189,-1.2460523040946434
fusion_qs_bias,13436762,-2.526194860829761,-1.5547374222641395,-0.9714574385656216
fusion_qs_bias,12476490,-2.4291238644671433,-1.5148232539868196,-0.9143006104803237
fusion_qs_bias,12476492,-2.5580382409954425,-1.7172960762734597,-0.8407421647219828
fusion_qs_bias,12476489,-2.8721336265323054,-2.8721336265323054,0.0
fusion_qs_bias,12476493,-2.598971877519783,-2.598971877519783,0.0
fusion_qs_bias,12476491,-2.3821711707203628,-1.6079935705948165,-0.7741776001255463
fusion_qs_bias,13399583,-4.382852530358491,-1.8719400876372996,-2.5109124427211915
fusion_qs_bias,13480337,-4.105910745909336,-2.7428072558592236,-1.3631034900501122
fusion_qs_bias,12476665,-2.386574971940168,-1.552505188229347,-0.8340697837108209
fusion_qs_bias,12476661,-2.928040734670587,-1.9243931471441746,-1.0036475875264121
fusion_qs_bias,12476666,-2.8408355247710544,-1.7019055370548979,-1.1389299877161565
fusion_qs_bias,12476663,-2.64299340357681,-2.64299340357681,0.0
fusion_qs_bias,12476660,-3.566551650044276,-2.493414351189412,-1.0731372988548644
fusion_qs_bias,12640468,-2.1183171937892484,-1.4048355942893382,-0.7134815994999102
fusion_qs_bias,12476657,-2.1675027480066986,-1.390201115988201,-0.7773016320184976
fusion_qs_bias,12476659,-2.882637557177623,-2.882637557177623,0.0
fusion_qs_bias,12476664,-2.7681822003016925,-2.7681822003016925,0.0
fusion_qs_bias,12476658,-3.085014626647033,-1.9413952014798084,-1.1436194251672247
fusion_qs_bias,13343735,-2.959004594036889,-1.4126672620164689,-1.5463373320204203
fusion_qs_bias,12476485,-2.3244914807555226,-1.4320276151206843,-0.8924638656348383
fusion_qs_bias,12476487,-2.9180633037023473,-1.3673540398515902,-1.5507092638507571
fusion_qs_bias,12476486,-2.7154023647559837,-1.4201380298239021,-1.2952643349320816
fusion_qs_bias,12476488,-4.837730876932739,-1.5141348185966115,-3.323596058336128
fusion_qs_bias,12476494,-2.1220870624823642,-1.420188765353594,-0.7018982971287702
fusion_qs_bias,12476483,-6.529430470062129,-4.239092994046341,-2.2903374760157886
fusion_qs_bias,12476484,-3.030269154512954,-1.8933620892057923,-1.1369070653071618
fusion_qs_bias,12476482,-2.375903597961537,-1.508961772947445,-0.8669418250140919
fusion_qs_bias,12476478,-2.5681814627682984,-1.5162047460982346,-1.0519767166700638
fusion_qs_bias,12476481,-2.176695208954751,-1.523939801727232,-0.6527554072275188
fusion_qs_bias,12476656,-3.675992905583577,-2.24439288948565,-1.431600016097927
fusion_qs_bias,12476654,-2.3522631250058423,-1.776771592461904,-0.5754915325439383
fusion_qs_bias,12476652,-4.649159689996265,-2.81597918480578,-1.8331805051904846
fusion_qs_bias,12476651,-4.110694127529413,-2.6767024581665906,-1.4339916693628227
fusion_qs_bias,12476655,-2.5014104682311626,-1.5169738616413135,-0.9844366065898491
fusion_qs_bias,12476648,-3.6585707193321535,-1.5363124583519723,-2.122258260980181
fusion_qs_bias,12476649,-2.1966010271788328,-1.64615339881958,-0.5504476283592528
fusion_qs_bias,12476653,-2.4838142001798653,-1.417993554638371,-1.0658206455414942
fusion_qs_bias,12476650,-8.147991634667822,-3.14545982485067,-5.002531809817151
fusion_qs_bias,12476646,-4.886017585817487,-2.483265352221882,-2.4027522335956046
fusion_qs_bias,12476477,-2.455397942300792,-1.504045224862428,-0.951352717438364
fusion_qs_bias,12476474,-4.433543058480765,-3.2622341957939742,-1.1713088626867911
fusion_qs_bias,12476479,-2.406639032832929,-1.6722933583345947,-0.7343456744983343
fusion_qs_bias,12476480,-2.4020936556262305,-2.4020936556262305,0.0
fusion_qs_bias,12476476,-2.4628266637023315,-1.5209579678652505,-0.941868695837081
fusion_qs_bias,12476469,-4.679689219119595,-2.5255113520461525,-2.1541778670734426
fusion_qs_bias,12476475,-2.472124282358,-1.5047117498630223,-0.9674125324949778
fusion_qs_bias,12476471,-3.0943405336924723,-1.4322153922682106,-1.6621251414242617
fusion_qs_bias,12476470,-2.3940161576317243,-1.5285575517050527,-0.8654586059266716
fusion_qs_bias,12476473,-2.33049298909146,-1.5529023511647968,-0.777590637926663
fusion_qs_bias,12476645,-2.8337324849951395,-1.758116555748473,-1.0756159292466665
fusion_qs_bias,12476642,-3.4325203745761033,-1.364241081136364,-2.068279293439739
fusion_qs_bias,12476647,-2.395124269326197,-1.856200094835726,-0.5389241744904709
fusion_qs_bias,12476643,-4.0197538198243645,-1.9311186918053422,-2.088635128019022
fusion_qs_bias,12476644,-2.371043564604209,-1.5344942850400523,-0.8365492795641567
fusion_qs_bias,12476640,-2.2349802884338716,-1.4911742993777097,-0.7438059890561619
fusion_qs_bias,12476641,-6.649776059377847,-3.144862980866334,-3.5049130785115126
fusion_qs_bias,12476637,-2.0433985761907434,-1.345471099191891,-0.6979274769988524
fusion_qs_bias,12476639,-3.1435719923670313,-1.9827431681806154,-1.160828824186416
fusion_qs_bias,12476638,-2.8915935087154887,-1.8496450228250843,-1.0419484858904045
fusion_qs_bias,12476465,-2.525244824419814,-1.3967125256935444,-1.1285322987262696
fusion_qs_bias,12476472,-2.0611226845655137,-1.3606942701543656,-0.7004284144111481
fusion_qs_bias,12476468,-2.6564438813075606,-1.422114164636936,-1.2343297166706246
fusion_qs_bias,12476464,-3.1808028021108288,-1.926498568895749,-1.2543042332150798
fusion_qs_bias,12476467,-2.1893325728467183,-1.7505327266193311,-0.4387998462273872
fusion_qs_bias,12476463,-5.492057008604486,-1.938769732348077,-3.553287276256409
fusion_qs_bias,12476466,-2.3331556898513837,-1.460097419211324,-0.8730582706400596
fusion_qs_bias,12476461,-2.8006146387963415,-1.3901491847960754,-1.4104654540002661
fusion_qs_bias,12476460,-3.0180705319800927,-1.3468944020503504,-1.6711761299297423
fusion_qs_bias,12476462,-2.7166265850965265,-1.4412610543189308,-1.2753655307775957
fusion_qs_bias,12473328,-3.357960411826218,-1.5529936949646528,-1.804966716861565
fusion_qs_bias,12473336,-2.989943188160524,-1.8653346153330133,-1.1246085728275106
fusion_qs_bias,12473335,-2.4434109581390238,-1.3769001265598193,-1.0665108315792045
fusion_qs_bias,12473322,-2.4108390906904047,-1.5120982332917012,-0.8987408573987035
fusion_qs_bias,12473327,-3.0936991154533033,-1.771242387257583,-1.3224567281957202
fusion_qs_bias,12473331,-4.34510598000732,-3.0876523872821187,-1.2574535927252013
fusion_qs_bias,12473333,-2.457603118966536,-1.345334554014003,-1.112268564952533
fusion_qs_bias,12473334,-2.0898174411825283,-1.3844998600039575,-0.7053175811785708
fusion_qs_bias,12473337,-2.509703194491188,-1.512291432841944,-0.9974117616492442
fusion_qs_bias,12473330,-2.3358979135594815,-1.4996791636194717,-0.8362187499400098
fusion_qs_bias,12476454,-3.2984464005284226,-1.5258679473997778,-1.7725784531286448
fusion_qs_bias,12476455,-4.216381402534838,-2.4000794673350825,-1.8163019351997551
fusion_qs_bias,12476458,-2.5065942930507243,-1.5218036150776064,-0.9847906779731179
fusion_qs_bias,12476459,-2.221040316670733,-1.6342192778209044,-0.5868210388498287
fusion_qs_bias,12476457,-2.464827273813697,-2.464827273813697,0.0
fusion_qs_bias,12476452,-2.339974654804368,-1.4273678679311956,-0.9126067868731722
fusion_qs_bias,12476567,-2.3964947293948633,-1.6225114725438512,-0.7739832568510121
fusion_qs_bias,12476453,-8.070689424800374,-4.309826090409171,-3.7608633343912032
fusion_qs_bias,12476575,-2.571169046224545,-2.571169046224545,0.0
fusion_qs_bias,12476570,-3.1379479468955482,-1.8805145609277347,-1.2574333859678135
fusion_qs_bias,14035482,-2.959859191170418,-1.4208980106931128,-1.5389611804773051
fusion_qs_bias,14035495,-3.250405003748843,-1.5463121526290649,-1.704092851119778
fusion_qs_bias,14035487,-4.253985623096772,-2.634457318355022,-1.6195283047417495
fusion_qs_bias,14035486,-2.2282023527273394,-1.4883378311610327,-0.7398645215663067
fusion_qs_bias,14343735,-2.565583535911698,-1.5092070273894458,-1.056376508522252
fusion_qs_bias,14035506,-2.4117736461484554,-1.751051609653718,-0.6607220364947373
fusion_qs_bias,14035498,-2.3905046768042992,-1.352564547846757,-1.0379401289575423
fusion_qs_bias,14035502,-3.8154266821649716,-2.4152381935259895,-1.4001884886389822
fusion_qs_bias,14035497,-2.4798616321045737,-1.72538266177054,-0.7544789703340338
fusion_qs_bias,14035501,-2.586667480632487,-1.528559418970548,-1.058108061661939
fusion_qs_bias,14035665,-2.0929121939763684,-1.5517724196881924,-0.5411397742881761
fusion_qs_bias,14035666,-2.468556004747745,-1.5031996398957372,-0.9653563648520076
fusion_qs_bias,14035662,-3.506125992911559,-2.422461591522357,-1.083664401389202
fusion_qs_bias,14035664,-2.4201927556656693,-1.4990744863116368,-0.9211182693540325
fusion_qs_bias,14035663,-3.7168845357510114,-1.9018787277985172,-1.8150058079524942
fusion_qs_bias,14035669,-2.874277154096683,-2.874277154096683,0.0
fusion_qs_bias,14035667,-2.5386899754631203,-2.5386899754631203,0.0
fusion_qs_bias,14035671,-2.663730975961818,-1.513302941824425,-1.1504280341373931
fusion_qs_bias,14035670,-2.499654500130408,-1.501794765095608,-0.9978597350347997
fusion_qs_bias,14035668,-2.329183696529947,-1.6996824062682423,-0.6295012902617048
fusion_qs_bias,14035484,-2.7431887291606496,-1.5047367703822896,-1.23845195877836
fusion_qs_bias,14035485,-4.537748831543451,-3.300402627043386,-1.2373462045000645
fusion_qs_bias,14035488,-2.935564842056265,-1.543513883638941,-1.392050958417324
fusion_qs_bias,14035489,-4.219788658339345,-1.967890840629189,-2.251897817710156
fusion_qs_bias,14035494,-2.3964559354393193,-1.5192742162095105,-0.8771817192298088
fusion_qs_bias,14035493,-3.198378361330884,-1.8910876640535066,-1.3072906972773772
fusion_qs_bias,14035496,-2.4261145827908805,-1.346248979556913,-1.0798656032339675
fusion_qs_bias,14035492,-2.559605939606061,-1.864172889292204,-0.6954330503138568
fusion_qs_bias,14035491,-2.5525041036042517,-2.5525041036042517,0.0
fusion_qs_bias,14035675,-2.8258323773452343,-1.8181298638434116,-1.0077025135018227
fusion_qs_bias,14035672,-2.2148369637303165,-1.4989514299264115,-0.715885533803905
fusion_qs_bias,14035674,-4.722532587315037,-3.511336236908613,-1.2111963504064236
fusion_qs_bias,14035676,-3.566114124094769,-1.9087298843064977,-1.6573842397882712
fusion_qs_bias,14035673,-2.699704344640354,-1.7723305105205491,-0.927373834119805
fusion_qs_bias,14035678,-5.047043113974812,-3.1489464595447068,-1.8980966544301054
fusion_qs_bias,14035683,-2.178659909107239,-1.5285466171321218,-0.6501132919751171
fusion_qs_bias,14035681,-3.314616029643488,-2.2266204291024065,-1.0879956005410816
fusion_qs_bias,14035679,-2.1098128061484003,-1.393151859528205,-0.7166609466201952
fusion_qs_bias,14035677,-5.067670783262572,-3.700754168962598,-1.3669166142999738
fusion_qs_bias,14035503,-2.3367656342801904,-1.5110310394740327,-0.8257345948061576
fusion_qs_bias,14035505,-2.503610847338824,-1.5265263240222415,-0.9770845233165826
fusion_qs_bias,14035500,-2.13256773675784,-1.6730079807119362,-0.4595597560459037
fusion_qs_bias,14035504,-2.0843290378822945,-1.3833624570647265,-0.700966580817568
fusion_qs_bias,14035499,-2.976708809191841,-2.976708809191841,0.0
fusion_qs_bias,14035680,-2.7626585623325495,-1.5033952641940893,-1.2592632981384602
fusion_qs_bias,14035682,-2.7739308261288835,-2.7739308261288835,0.0
fusion_qs_bias,14035686,-2.3421309807395874,-1.759020655446555,-0.5831103252930323
fusion_qs_bias,14035684,-4.834677995319173,-2.3932515790418805,-2.4414264162772925
fusion_qs_bias,14035685,-2.302020450771521,-1.712234442941444,-0.5897860078300772
fusion_qs_bias,14035511,-2.9187965704394707,-1.8919135411318566,-1.026883029307614
fusion_qs_bias,14035510,-2.3704010421109065,-1.689845106507873,-0.6805559356030335
fusion_qs_bias,14035509,-2.5686381273174694,-1.5254203765229182,-1.0432177507945513
fusion_qs_bias,14035508,-2.5392064911976244,-1.7288234214999647,-0.8103830696976597
fusion_qs_bias,14035507,-2.1962671028846055,-1.65639346475772,-0.5398736381268854
fusion_qs_bias,14035514,-2.5622200374394466,-1.3585029908409756,-1.203717046598471
fusion_qs_bias,14035515,-3.738873742435744,-1.841633466699465,-1.897240275736279
fusion_qs_bias,14035512,-2.462835883842267,-1.5026603185737748,-0.9601755652684922
fusion_qs_bias,14035513,-2.1041091086958734,-1.3891564381005286,-0.7149526705953448
fusion_qs_bias,14035516,-3.286910927259526,-1.9470459477232063,-1.3398649795363196
fusion_qs_bias,14035687,-2.779541202951868,-1.7027099677325641,-1.0768312352193037
fusion_qs_bias,14035695,-3.8497777845895746,-2.525220380530025,-1.3245574040595498
fusion_qs_bias,14035689,-7.340754190951525,-3.1141115299412734,-4.226642661010252
fusion_qs_bias,14035692,-3.2371175898973235,-1.504981865463963,-1.7321357244333604
fusion_qs_bias,14035688,-2.4950928967456782,-1.3586386730378768,-1.1364542237078015
fusion_qs_bias,14035694,-2.497940364974213,-1.7066205823572136,-0.7913197826169993
fusion_qs_bias,14035690,-2.2539983021980836,-1.6576715676066043,-0.5963267345914793
fusion_qs_bias,14035693,-3.6980822090272505,-1.9282497418304603,-1.7698324671967902
fusion_qs_bias,14035691,-2.3884575676331306,-1.5031036426537894,-0.8853539249793412
fusion_qs_bias,14035697,-2.0986168093634996,-1.3908774129815737,-0.7077393963819258
fusion_qs_bias,14035517,-3.3841964803349307,-1.4487243198932926,-1.935472160441638
fusion_qs_bias,14035518,-2.4255963619709124,-1.4303381988651525,-0.99525816310576
fusion_qs_bias,14035519,-3.5996760141840447,-2.5335271221458164,-1.0661488920382283
fusion_qs_bias,14035521,-2.4595938410889233,-1.512863287095832,-0.9467305539930913
fusion_qs_bias,14035520,-2.551109125816835,-1.5257776579371618,-1.0253314678796732
fusion_qs_bias,14035524,-2.6463969844043076,-1.4218786308157905,-1.2245183535885171
fusion_qs_bias,14035522,-3.577418482327664,-1.9615442702823662,-1.6158742120452976
fusion_qs_bias,14035526,-2.4029064135527567,-1.516614389035134,-0.8862920245176227
fusion_qs_bias,14035525,-3.2078683487949418,-1.9778428043861442,-1.2300255444087975
fusion_qs_bias,14035523,-2.330487523496246,-1.7534287835235625,-0.5770587399726836
fusion_qs_bias,14035700,-3.8780344661753676,-2.613947839060593,-1.2640866271147746
fusion_qs_bias,14035703,-3.629991067626366,-1.6784177423903468,-1.951573325236019
fusion_qs_bias,14035698,-2.859381120120232,-1.5041636181920666,-1.3552175019281654
fusion_qs_bias,14035696,-2.086251468951827,-1.3840080883043782,-0.7022433806474488
fusion_qs_bias,14035699,-4.522401984689954,-3.146821402480436,-1.3755805822095177
fusion_qs_bias,14035706,-2.489777672238288,-1.705871778459306,-0.7839058937789818
fusion_qs_bias,14035704,-2.802046027656332,-1.7972924841527214,-1.0047535435036108
fusion_qs_bias,14035702,-2.736480770410752,-1.7121732460709933,-1.0243075243397586
fusion_qs_bias,14035701,-2.498751409626985,-1.5468953357346635,-0.9518560738923216
fusion_qs_bias,14035705,-2.397827008642111,-1.7362711016547445,-0.6615559069873664
fusion_qs_bias,14501655,-2.463215026945196,-1.4432630493433776,-1.0199519776018182
fusion_qs_bias,14035529,-3.516051988263186,-1.7733776337236415,-1.7426743545395444
fusion_qs_bias,14035528,-2.4346003204125912,-1.7117373523058557,-0.7228629681067356
fusion_qs_bias,14035531,-3.4735480091860227,-1.519455562693657,-1.9540924464923657
fusion_qs_bias,14035527,-2.134216101599307,-1.4267663423012735,-0.7074497592980336
fusion_qs_bias,14035530,-4.301003521067031,-1.9037166107310708,-2.39728691033596
fusion_qs_bias,14035709,-2.9506686191602407,-1.5117994356180189,-1.4388691835422218
fusion_qs_bias,14035708,-2.535972947798167,-1.5083930195208262,-1.027579928277341
fusion_qs_bias,14035710,-3.8536535133585526,-1.8607044361688931,-1.9929490771896594
fusion_qs_bias,14035707,-2.1889069171538718,-1.4799747866030812,-0.7089321305507905
fusion_qs_bias,14035711,-2.5570250157535863,-2.5570250157535863,0.0
fusion_qs_bias,14035532,-2.705992295353801,-1.5054793008961662,-1.200512994457635
fusion_qs_bias,14035534,-3.7556789028124173,-1.5195372992220555,-2.2361416035903616
fusion_qs_bias,14035533,-3.0662606416381384,-1.50988659690234,-1.5563740447357983
fusion_qs_bias,14035535,-2.133638858145138,-1.6357959931297508,-0.4978428650153872
fusion_qs_bias,14297746,-2.685711544389054,-2.685711544389054,0.0
fusion_qs_bias,14035538,-2.5049040826716356,-1.5106589025631618,-0.9942451801084737
fusion_qs_bias,14035539,-2.1328928508155904,-1.429116534802534,-0.7037763160130563
fusion_qs_bias,14035536,-2.7354559794606974,-1.5001042761154642,-1.2353517033452333
fusion_qs_bias,14035540,-2.0481243547447767,-1.6848084416076792,-0.36331591313709755
fusion_qs_bias,14035542,-2.0974832128512415,-1.3906640384622657,-0.7068191743889758
fusion_qs_bias,14035713,-2.5132532379490793,-1.8744502500988283,-0.638802987850251
fusion_qs_bias,14035714,-2.9733691043393637,-1.7774681715610439,-1.1959009327783199
fusion_qs_bias,14035716,-2.5755906299215146,-1.5018545615938907,-1.0737360683276238
fusion_qs_bias,14035715,-3.689860791767942,-2.075722737145547,-1.6141380546223947
fusion_qs_bias,14035712,-2.5751563677010023,-1.4573413978135124,-1.11781496988749
fusion_qs_bias,14035546,-2.1559689393897274,-1.792376657864666,-0.3635922815250614
fusion_qs_bias,14035541,-3.045382721844729,-1.5035745154453373,-1.5418082063993916
fusion_qs_bias,14035544,-3.0784381018223206,-1.8966844021598446,-1.181753699662476
fusion_qs_bias,14035545,-3.475622096363808,-1.5165597030301146,-1.9590623933336935
fusion_qs_bias,14035543,-4.851023717763667,-1.9360154946920571,-2.9150082230716095
fusion_qs_bias,14035548,-2.140635892649112,-1.4146655593277315,-0.7259703333213805
fusion_qs_bias,14035555,-2.641112134162944,-1.5026645140795707,-1.1384476200833733
fusion_qs_bias,14035549,-2.102100722076458,-1.3919146764417694,-0.7101860456346885
fusion_qs_bias,14035554,-2.260436191556943,-1.6448380216735923,-0.6155981698833508
fusion_qs_bias,14035717,-3.4715039171470883,-1.8484314379107292,-1.6230724792363591
fusion_qs_bias,14035718,-2.394766106847761,-1.50069335088941,-0.894072755958351
fusion_qs_bias,14035719,-2.049035230376328,-1.3399023966979795,-0.7091328336783487
fusion_qs_bias,14035735,-2.760162901839447,-2.760162901839447,0.0
fusion_qs_bias,14035720,-2.447090825969087,-1.696898905452966,-0.7501919205161212
fusion_qs_bias,14035722,-2.698120261447712,-1.4685665876452012,-1.229553673802511
fusion_qs_bias,14035721,-2.1945925675819384,-1.4924832779735737,-0.7021092896083647
fusion_qs_bias,14035725,-2.1128317031326245,-1.394340850525904,-0.7184908526067204
fusion_qs_bias,14035724,-2.7442855202551555,-1.7394036829340724,-1.004881837321083
fusion_qs_bias,14035723,-4.484133082511504,-1.9660935953246346,-2.5180394871868694
fusion_qs_bias,14035551,-2.631271496713592,-1.7562038593805034,-0.8750676373330886
fusion_qs_bias,14035559,-2.550102854769363,-1.5250823354975296,-1.0250205192718336
fusion_qs_bias,14035550,-2.7688602687359163,-2.7688602687359163,0.0
fusion_qs_bias,14035556,-4.704856004757516,-2.5980118913039503,-2.1068441134535654
fusion_qs_bias,14035552,-3.4493800573626068,-1.9039076492846976,-1.5454724080779092
fusion_qs_bias,15017622,-2.145965007512583,-1.3925748066171626,-0.7533902008954203
fusion_qs_bias,14035727,-4.534320618700414,-2.5159335276696337,-2.01838709103078
fusion_qs_bias,14035729,-2.391831639712307,-1.6430674754077057,-0.7487641643046012
fusion_qs_bias,14035726,-2.42408678000892,-1.8509565763172784,-0.5731302036916417
fusion_qs_bias,14035730,-5.667147038461821,-2.0103531944053805,-3.6567938440564407
fusion_qs_bias,14035728,-2.151340352486338,-1.4334042543238628,-0.7179360981624754
fusion_qs_bias,14035553,-2.155375127345267,-1.4292749290764275,-0.7261001982688395
fusion_qs_bias,14035562,-2.6628786787000127,-2.6628786787000127,0.0
fusion_qs_bias,14035558,-3.3442021471042658,-1.5232324732537412,-1.8209696738505246
fusion_qs_bias,14035560,-4.380662509609297,-1.8885390375409798,-2.492123472068317
fusion_qs_bias,14035563,-2.366872227668578,-1.7259874928520917,-0.6408847348164863
fusion_qs_bias,14035564,-3.9058492395361215,-1.9301741360660147,-1.9756751034701068
fusion_qs_bias,14035561,-2.9376106188097117,-1.4207301802959595,-1.5168804385137522
fusion_qs_bias,14035565,-3.679451124704133,-1.5400440691168993,-2.1394070555872338
fusion_qs_bias,14035566,-3.515739512470638,-2.4102405381472307,-1.1054989743234072
fusion_qs_bias,14035731,-2.1224036545384264,-1.4110314002587598,-0.7113722542796665
fusion_qs_bias,14035732,-5.009243815326218,-3.7517798356266745,-1.2574639796995433
fusion_qs_bias,14035736,-3.569801780260804,-2.4858050763084263,-1.0839967039523777
fusion_qs_bias,14035733,-2.138740802442161,-1.4265622083665168,-0.7121785940756442
fusion_qs_bias,14035734,-3.244809530743505,-1.5007043006578311,-1.744105230085674
fusion_qs_bias,14035739,-3.269266061678018,-1.645210697111375,-1.624055364566643
fusion_qs_bias,14035740,-4.383473527286151,-2.368360058302049,-2.015113468984102
fusion_qs_bias,14035737,-3.2408606613182824,-1.950989620858698,-1.2898710404595843
fusion_qs_bias,14035738,-2.1160984452621148,-1.40431111112344,-0.7117873341386747
fusion_qs_bias,14035741,-2.8072781622084895,-1.5194612219858818,-1.2878169402226076
fusion_qs_bias,14035568,-2.320714079182096,-1.7816665489944403,-0.5390475301876558
fusion_qs_bias,14035569,-5.745781670466476,-4.181810997210707,-1.5639706732557688
fusion_qs_bias,14035572,-2.611669738119356,-1.6110887106739122,-1.0005810274454436
fusion_qs_bias,14035570,-2.2268769485108137,-1.669219122343267,-0.5576578261675467
fusion_qs_bias,14035567,-2.5119250816126604,-1.7138099355799528,-0.7981151460327076
fusion_qs_bias,14035574,-4.581902722029777,-2.4694696548556268,-2.11243306717415
fusion_qs_bias,14035575,-3.048236630828543,-1.5244597213824354,-1.5237769094461076
fusion_qs_bias,14035571,-2.6319425530485256,-2.6319425530485256,0.0
fusion_qs_bias,14035576,-2.7939081275284607,-1.7800143761842626,-1.0138937513441981
fusion_qs_bias,14035573,-5.011196695454105,-1.885327486572095,-3.12586920888201
fusion_qs_bias,14035742,-3.713148060096293,-1.6909873476343094,-2.022160712461984
fusion_qs_bias,14035745,-2.152020424263789,-1.4481543467168458,-0.703866077546943
fusion_qs_bias,14035747,-2.341338664299694,-1.6260632124368064,-0.7152754518628874
fusion_qs_bias,14035744,-3.7482144524810392,-2.58466080291036,-1.1635536495706793
fusion_qs_bias,14035743,-2.9666717177010153,-1.4996212774957967,-1.4670504402052187
fusion_qs_bias,14035750,-3.4944487795024073,-1.9038834646780118,-1.5905653148243954
fusion_qs_bias,14035751,-5.156002367117226,-3.5605279607698006,-1.5954744063474258
fusion_qs_bias,14035749,-2.335074939061559,-1.5928337169839268,-0.742241222077632
fusion_qs_bias,14035748,-2.7778791749700678,-1.500277304412775,-1.2776018705572927
fusion_qs_bias,14035746,-2.885919020631747,-1.8666331336120354,-1.0192858870197115
fusion_qs_bias,14035582,-2.742272517230686,-1.378451201205993,-1.363821316024693
fusion_qs_bias,14035580,-2.1770369589984093,-1.429342108165975,-0.7476948508324344
fusion_qs_bias,14035586,-2.7204234323310525,-2.7204234323310525,0.0
fusion_qs_bias,14035585,-5.627439677547656,-2.6407518327862536,-2.9866878447614025
fusion_qs_bias,14035583,-2.779340286796279,-1.8318942874914592,-0.9474459993048199
fusion_qs_bias,14035755,-2.5027861375534117,-1.433184352237134,-1.0696017853162778
fusion_qs_bias,14035756,-2.1431586641496243,-1.442634127966353,-0.7005245361832713
fusion_qs_bias,14035752,-2.147752232953008,-1.3999942796905607,-0.7477579532624474
fusion_qs_bias,14035760,-4.972185986992715,-2.2499221676013446,-2.72226381939137
fusion_qs_bias,14035761,-3.0056828044535786,-2.01465480561365,-0.9910279988399284
fusion_qs_bias,15363335,-3.570741962191644,-2.448127117810945,-1.1226148443806991
fusion_qs_bias,15305942,-2.255182980564312,-1.406760718412394,-0.848422262151918
fusion_qs_bias,15374710,-3.8838558696155507,-2.552026368297296,-1.3318295013182548
fusion_qs_bias,14035591,-2.556447818558671,-1.4494237569282804,-1.1070240616303906
fusion_qs_bias,14035588,-2.89168619983284,-1.9181027285768262,-0.9735834712560139
fusion_qs_bias,14035587,-5.459468831067152,-3.3442436714222463,-2.115225159644906
fusion_qs_bias,14035590,-2.4243195518083205,-1.3835321253462736,-1.040787426462047
fusion_qs_bias,14035767,-2.351758726563661,-1.51301718232222,-0.838741544241441
fusion_qs_bias,14035771,-2.7689665655851927,-1.775218051464719,-0.9937485141204738
fusion_qs_bias,14035768,-2.8268827846255675,-1.8041966394480884,-1.0226861451774791
fusion_qs_bias,14035766,-2.4449014045753708,-1.5280967254888536,-0.9168046790865172
fusion_qs_bias,14035769,-3.4276008409700296,-1.542709949017926,-1.8848908919521037
fusion_qs_bias,14035770,-2.524757567248348,-1.7080846858665988,-0.8166728813817492
fusion_qs_bias,14035592,-2.91513129308426,-1.889253088173028,-1.025878204911232
fusion_qs_bias,14035594,-3.0056012041982605,-1.9274805079055,-1.0781206962927605
fusion_qs_bias,14035595,-2.7976516664756987,-2.7976516664756987,0.0
fusion_qs_bias,14035593,-3.840466068047194,-2.6141675897953656,-1.2262984782518283
fusion_qs_bias,14035597,-2.9938286053044174,-1.9888282206332375,-1.00500038467118
fusion_qs_bias,14035598,-2.433829499592582,-1.5021488731662667,-0.9316806264263156
fusion_qs_bias,14035596,-2.11671035048222,-1.4160180237021793,-0.7006923267800407
fusion_qs_bias,15399014,-8.213625797201564,-3.08090181040616,-5.132723986795404
fusion_qs_bias,14035774,-2.590130565426381,-1.5020454219835349,-1.0880851434428462
fusion_qs_bias,14035773,-4.716323929597829,-3.48559790132376,-1.230726028274069
fusion_qs_bias,14035772,-2.1844497488003674,-1.4826085069384873,-0.70184124186188
fusion_qs_bias,14035775,-2.726961769569263,-1.7651603999746999,-0.9618013695945633
fusion_qs_bias,14035776,-2.150899029426346,-1.4472486369169146,-0.7036503925094315
fusion_qs_bias,14035782,-2.664445197953653,-1.6287230388284772,-1.035722159125176
fusion_qs_bias,14035777,-2.7375123082063224,-1.4293384387434096,-1.3081738694629128
fusion_qs_bias,14035781,-2.8443515941224122,-2.8443515941224122,0.0
fusion_qs_bias,15456958,-2.090468529937699,-1.389719140945475,-0.700749388992224
fusion_qs_bias,14035602,-2.5616033489027332,-1.514252841663105,-1.0473505072396283
fusion_qs_bias,14035606,-2.60383731821814,-1.5146915049629235,-1.0891458132552163
fusion_qs_bias,14035603,-2.1911991094284584,-1.794792003261652,-0.3964071061668064
fusion_qs_bias,14035604,-3.1036247032342796,-1.9974981225001884,-1.1061265807340912
fusion_qs_bias,14035605,-2.119897209386861,-1.404134784276095,-0.7157624251107662
fusion_qs_bias,15332289,-3.0524815464613497,-1.9098103403483093,-1.1426712061130404
fusion_qs_bias,15368752,-2.342909130574079,-1.7514202557073968,-0.591488874866682
fusion_qs_bias,14035607,-2.211229879430433,-1.4382056660080407,-0.7730242134223921
fusion_qs_bias,14035608,-2.1724481364451793,-1.3695937256282793,-0.8028544108169
fusion_qs_bias,14035610,-3.870959682166059,-2.5545724053886496,-1.3163872767774092
fusion_qs_bias,14035609,-3.0724449661956195,-1.5051639422812724,-1.567281023914347
fusion_qs_bias,14035611,-3.0481877727309783,-1.9124872046763983,-1.13570056805458
fusion_qs_bias,15336943,-2.5197687369580724,-1.9503935283470206,-0.5693752086110517
fusion_qs_bias,15416466,-2.16048660448177,-1.4520934331689004,-0.7083931713128697
fusion_qs_bias,14035787,-2.9493968285522283,-2.9493968285522283,0.0
fusion_qs_bias,14035778,-4.194756466551462,-2.7414713329947213,-1.453285133556741
fusion_qs_bias,15366428,-6.586990761250963,-3.628588882083782,-2.9584018791671807
fusion_qs_bias,15547533,-3.107595646228278,-1.4991814714063085,-1.6084141748219694
fusion_qs_bias,14035786,-2.768657786838406,-1.69336079448865,-1.0752969923497562
fusion_qs_bias,14035788,-4.437281262760918,-2.2193773848755303,-2.217903877885388
fusion_qs_bias,14035789,-2.3767695750975437,-1.9104646708874795,-0.4663049042100642
fusion_qs_bias,14035790,-2.5517699519857975,-1.5101901825956494,-1.041579769390148
fusion_qs_bias,14035792,-2.6738549318697986,-1.5338359351762827,-1.140018996693516
fusion_qs_bias,14035614,-2.867752948224513,-2.867752948224513,0.0
fusion_qs_bias,14035616,-2.1681813116772806,-1.5971326607869025,-0.571048650890378
fusion_qs_bias,14035613,-2.134145697854807,-1.4329645451332058,-0.7011811527216012
fusion_qs_bias,14035612,-2.57190750806011,-1.4112435953359845,-1.1606639127241254
fusion_qs_bias,14035615,-3.275665526257864,-1.4232573114442835,-1.8524082148135805
fusion_qs_bias,15490658,-2.1228366917096904,-1.4035175341138837,-0.7193191575958067
fusion_qs_bias,15490775,-2.235142890586723,-1.6358548668230621,-0.5992880237636611
fusion_qs_bias,14035620,-2.6667880772955876,-1.795660375422025,-0.8711277018735626
fusion_qs_bias,14035618,-2.426905769373766,-1.51587990892936,-0.9110258604444061
fusion_qs_bias,14035619,-3.6770442350363535,-1.5074358375201897,-2.1696083975161637
fusion_qs_bias,14035617,-2.3314338955883604,-1.508160593420445,-0.8232733021679155
fusion_qs_bias,14035621,-2.080211599320713,-1.3688527345885906,-0.7113588647321223
fusion_qs_bias,15399013,-2.9832051923528344,-2.9832051923528344,0.0
fusion_qs_bias,15416481,-2.962505420536033,-1.5004078599739408,-1.462097560562092
fusion_qs_bias,15395623,-3.0642487563595298,-1.5036246804331168,-1.560624075926413
fusion_qs_bias,14035796,-3.9049745031396914,-1.9012054801778964,-2.0037690229617953
fusion_qs_bias,14035794,-2.2098384691815953,-1.51038121164781,-0.6994572575337854
fusion_qs_bias,14035791,-3.163332128520095,-1.725683521694226,-1.4376486068258691
fusion_qs_bias,14035793,-2.7733090068980513,-2.7733090068980513,0.0
fusion_qs_bias,14035795,-2.5342616606580166,-1.5070470300329226,-1.027214630625094
fusion_qs_bias,15458714,-2.2592418604811795,-1.4450978279016164,-0.814144032579563
fusion_qs_bias,14035801,-2.1134288621193456,-1.4082760159270982,-0.7051528461922474
fusion_qs_bias,14035798,-4.022075408665981,-1.5148879456250692,-2.507187463040912
fusion_qs_bias,14035799,-3.1427819576637654,-1.508753905494621,-1.6340280521691444
fusion_qs_bias,14035800,-4.509689499938779,-2.3796892281171407,-2.1300002718216384
fusion_qs_bias,14035797,-4.21834813670639,-2.9139238834663046,-1.3044242532400854
fusion_qs_bias,15530801,-3.3001341723807007,-1.9103752863445675,-1.3897588860361332
fusion_qs_bias,14035622,-2.9785901009398073,-1.8467927838749247,-1.1317973170648825
fusion_qs_bias,14035624,-2.3434200330484773,-1.4495237834413408,-0.8938962496071365
fusion_qs_bias,14035626,-2.224413458026786,-1.566327809130181,-0.6580856488966049
fusion_qs_bias,14035627,-2.0845530183666883,-1.3862718577457482,-0.69828116062094
fusion_qs_bias,14035623,-7.98522856699552,-6.482478885507393,-1.502749681488127
fusion_qs_bias,15457468,-2.729178137720009,-1.846294801906098,-0.8828833358139108
fusion_qs_bias,14035625,-2.8923677276928332,-1.86324677052717,-1.0291209571656632
fusion_qs_bias,14035628,-2.178983125681355,-1.4054873631081404,-0.7734957625732148
fusion_qs_bias,14035631,-2.2633404896350586,-1.3669884367394132,-0.8963520528956455
fusion_qs_bias,14035629,-3.0080426958588475,-1.8512625815986892,-1.1567801142601584
fusion_qs_bias,14035632,-2.123353288714577,-1.4111544569642063,-0.7121988317503707
fusion_qs_bias,15422405,-2.415729530790029,-1.4988236037964453,-0.9169059269935838
fusion_qs_bias,15588942,-2.7830748886700456,-1.4485180309331123,-1.3345568577369333
fusion_qs_bias,14035804,-2.9842270156599224,-1.5006388315550114,-1.483588184104911
fusion_qs_bias,14035803,-2.1927364240586305,-1.485139580094464,-0.7075968439641664
fusion_qs_bias,14035805,-2.5864914024558905,-1.499770746484317,-1.0867206559715734
fusion_qs_bias,14035806,-2.399352796069754,-1.523598953305047,-0.8757538427647071
fusion_qs_bias,14035802,-3.426101610307006,-1.5155595300050235,-1.9105420803019824
fusion_qs_bias,15588903,-2.037079273893482,-1.5835004838253417,-0.4535787900681403
fusion_qs_bias,14035808,-2.4837699772405215,-1.498263387903505,-0.9855065893370165
fusion_qs_bias,14035811,-3.188567734350371,-2.0678019849044786,-1.1207657494458925
fusion_qs_bias,14035810,-2.0820557916335156,-1.3514818952588041,-0.7305738963747115
fusion_qs_bias,14035809,-3.331142094798988,-1.4984479934005512,-1.8326941013984368
fusion_qs_bias,14035807,-2.3658851187548464,-1.5039475793156456,-0.8619375394392008
fusion_qs_bias,14035637,-2.246893042633748,-1.430099981607316,-0.816793061026432
fusion_qs_bias,14035633,-2.673095686193456,-1.5100962275578953,-1.1629994586355605
fusion_qs_bias,14035635,-3.0619670406024087,-2.028327056909782,-1.0336399836926264
fusion_qs_bias,14035630,-2.6360523417565243,-1.5073561837294078,-1.1286961580271164
fusion_qs_bias,14035638,-2.966880592593062,-1.526022929268692,-1.44085766332437
fusion_qs_bias,14035636,-2.4521898443491112,-1.7416486734659842,-0.7105411708831271
fusion_qs_bias,14035634,-2.164061995252218,-1.417141243241414,-0.7469207520108041
fusion_qs_bias,14035645,-2.3477753710341065,-1.7411961902423325,-0.606579180791774
fusion_qs_bias,15588896,-2.6628187011324154,-1.4039453892764655,-1.2588733118559499
fusion_qs_bias,15588927,-3.3858671974707684,-1.8612323026639503,-1.524634894806818
fusion_qs_bias,14035814,-2.8897567216747877,-1.8937131369101659,-0.9960435847646218
fusion_qs_bias,14035816,-2.170952023787966,-1.4545982044915133,-0.7163538192964527
fusion_qs_bias,14035815,-2.9512154455838613,-1.4689986944152864,-1.4822167511685749
fusion_qs_bias,14035813,-2.5440984848616988,-1.8866198735976565,-0.6574786112640423
fusion_qs_bias,14035812,-2.3692371493445905,-1.7833339696557249,-0.5859031796888656
fusion_qs_bias,14035819,-2.7949571847947183,-1.5112697412724418,-1.2836874435222765
fusion_qs_bias,14035818,-2.357784947661804,-1.5100104725218118,-0.847774475139992
fusion_qs_bias,14035827,-2.4499635148291175,-1.5164412313928097,-0.9335222834363077
fusion_qs_bias,14035820,-2.1486961790601473,-1.4475901120550887,-0.7011060670050586
fusion_qs_bias,14035817,-2.6997414646024525,-1.7569119219897364,-0.942829542612716
fusion_qs_bias,15881894,-3.6243368556776856,-2.4573251827423666,-1.167011672935319
fusion_qs_bias,14035640,-2.561490618509344,-1.8119734161153414,-0.7495172023940024
fusion_qs_bias,14035642,-2.5344666284336665,-1.5135480880782766,-1.02091854035539
fusion_qs_bias,14035643,-3.3513499826893787,-1.9167000778932795,-1.4346499047960992
fusion_qs_bias,14035641,-2.1120915190669654,-1.3504229532662007,-0.7616685658007647
fusion_qs_bias,14035644,-2.4635838233571867,-1.4355513377242959,-1.0280324856328908
fusion_qs_bias,15680573,-2.186465124172995,-1.4289907074712724,-0.7574744167017227
fusion_qs_bias,14035650,-2.912393194452041,-1.4514757183685092,-1.4609174760835317
fusion_qs_bias,14035647,-2.8539178349809267,-1.3598640287831978,-1.4940538061977289
fusion_qs_bias,14035646,-2.4069411759120585,-1.4515791284319988,-0.9553620474800597
fusion_qs_bias,14035648,-2.175597359166854,-1.9316949641973395,-0.24390239496951427
fusion_qs_bias,14035651,-2.1253756341956653,-1.419326356772736,-0.7060492774229292
fusion_qs_bias,14035821,-2.3485432385329905,-1.4984111427110598,-0.8501320958219307
fusion_qs_bias,14035823,-2.6811669355533745,-1.8699913046529368,-0.8111756309004376
fusion_qs_bias,14035822,-2.966243205476085,-1.5276311083427927,-1.4386120971332923
fusion_qs_bias,14035826,-2.53339862849333,-1.4948377060893094,-1.0385609224040204
fusion_qs_bias,14035824,-3.773731547986922,-1.4989161101938802,-2.2748154377930416
fusion_qs_bias,14032717,-2.8403573747543542,-1.814894333726794,-1.0254630410275603
fusion_qs_bias,14032707,-3.1595595533008805,-1.671781724744681,-1.4877778285561996
fusion_qs_bias,14032715,-2.5399282872155124,-1.495710492320147,-1.0442177948953655
fusion_qs_bias,14032721,-2.4939226708243334,-1.3951860842833823,-1.098736586540951
fusion_qs_bias,14032718,-2.37291812009953,-1.6223393577789298,-0.7505787623206004
fusion_qs_bias,14035653,-2.67247508347511,-1.396274977989427,-1.2762001054856829
fusion_qs_bias,14035652,-2.3579995879003657,-1.452087550128738,-0.9059120377716277
fusion_qs_bias,14035654,-2.951720486902152,-1.8034175216489021,-1.1483029652532497
fusion_qs_bias,14035655,-3.0716812841574974,-1.8629830553033673,-1.2086982288541301
fusion_qs_bias,14035656,-2.1492528364208163,-1.6118747826957474,-0.537378053725069
fusion_qs_bias,14032710,-2.9435736506703374,-1.7988182541933373,-1.144755396477
fusion_qs_bias,14032708,-2.5711088771819357,-2.083372539850378,-0.48773633733155775
fusion_qs_bias,14032714,-2.163110151212349,-1.4006183827225378,-0.7624917684898112
fusion_qs_bias,14032719,-3.276534700615487,-1.838129445795704,-1.4384052548197828
fusion_qs_bias,14032720,-2.280459077597142,-1.4783436538120565,-0.8021154237850856
fusion_qs_nobias,12477128,-2.4042701421531563,-1.5200075011420697,-0.8842626410110865
fusion_qs_nobias,12477134,-2.1613061742209148,-1.4565473880341826,-0.7047587861867322
fusion_qs_nobias,12477131,-3.851972358773807,-1.7205935144968516,-2.1313788442769557
fusion_qs_nobias,12477135,-2.871929953015856,-2.871929953015856,0.0
fusion_qs_nobias,12477132,-2.1279926884142166,-1.4290222737860974,-0.6989704146281193
fusion_qs_nobias,12476800,-2.564328944486179,-1.866218903465843,-0.6981100410203362
fusion_qs_nobias,12476794,-2.4509456306022868,-1.4988701705844996,-0.9520754600177872
fusion_qs_nobias,12476797,-2.6905714930119116,-1.4117091025804256,-1.278862390431486
fusion_qs_nobias,12476799,-2.779951671553116,-2.779951671553116,0.0
fusion_qs_nobias,12476798,-4.313581858726165,-3.111741204934817,-1.201840653791348
fusion_qs_nobias,12477129,-2.312386620587802,-1.4989361845893396,-0.8134504359984625
fusion_qs_nobias,12477126,-5.170934429582092,-3.4878888050263277,-1.683045624555764
fusion_qs_nobias,12477130,-2.9832784242781885,-1.9941513989708095,-0.989127025307379
fusion_qs_nobias,12477123,-2.5822421706293506,-2.5822421706293506,0.0
fusion_qs_nobias,12477133,-2.332868485552568,-1.6644182241944858,-0.668450261358082
fusion_qs_nobias,12476632,-2.2741583108527292,-1.5360511827837255,-0.7381071280690037
fusion_qs_nobias,12476633,-2.913371510228928,-1.7537894454642955,-1.1595820647646327
fusion_qs_nobias,12476630,-2.501186900301149,-1.381061632021477,-1.1201252682796718
fusion_qs_nobias,12476635,-2.388287276840689,-1.5362789732067903,-0.8520083036338988
fusion_qs_nobias,12476636,-2.3161350020756934,-1.6832979974087505,-0.6328370046669429
fusion_qs_nobias,12476793,-2.1904544258537597,-1.4481386700199885,-0.7423157558337712
fusion_qs_nobias,12476795,-2.214198229082527,-1.4951643984603293,-0.7190338306221975
fusion_qs_nobias,12476796,-4.288480786322349,-1.503405402730051,-2.7850753835922983
fusion_qs_nobias,12476792,-2.609037939861007,-1.5220638728598914,-1.0869740670011157
fusion_qs_nobias,12476790,-2.3464672478875754,-1.7463037867344533,-0.6001634611531221
fusion_qs_nobias,12476788,-2.835801236618962,-2.835801236618962,0.0
fusion_qs_nobias,12476786,-3.5325133982994705,-2.4073229819293225,-1.125190416370148
fusion_qs_nobias,12476787,-2.612740973271612,-1.9370374769334882,-0.6757034963381237
fusion_qs_nobias,12476791,-2.8631233037095223,-1.8422109376604048,-1.0209123660491175
fusion_qs_nobias,12476789,-2.430020157679051,-1.7919309780764494,-0.6380891796026016
fusion_qs_nobias,12476629,-2.40318383368989,-1.5415521584329124,-0.8616316752569775
fusion_qs_nobias,12476634,-2.897223992209087,-1.4158710209977061,-1.481352971211381
fusion_qs_nobias,12476623,-2.1799834754726026,-1.7099398738691356,-0.47004360160346703
fusion_qs_nobias,12476631,-3.008644104751908,-1.7835307229217117,-1.2251133818301962
fusion_qs_nobias,12476624,-2.5532901520141076,-2.5532901520141076,0.0
fusion_qs_nobias,12476627,-5.275596184847672,-1.50539764949097,-3.770198535356702
fusion_qs_nobias,12476625,-2.4614035660335,-1.5150444225361248,-0.946359143497375
fusion_qs_nobias,12476621,-2.109821424189078,-1.3881205591715846,-0.7217008650174932
fusion_qs_nobias,12476622,-4.856896251397992,-1.952335625324727,-2.9045606260732653
fusion_qs_nobias,12476782,-2.8831993631139303,-2.8831993631139303,0.0
fusion_qs_nobias,12476785,-2.3052868550043106,-1.757030968771052,-0.5482558862332587
fusion_qs_nobias,12476784,-2.845050592647497,-1.8164319781657796,-1.0286186144817173
fusion_qs_nobias,12476781,-2.4603230251374386,-1.8756413719314666,-0.584681653205972
fusion_qs_nobias,12476779,-5.144483408898465,-3.12110295864036,-2.0233804502581045
fusion_qs_nobias,12476619,-5.315249674073237,-3.3497444130537746,-1.9655052610194623
fusion_qs_nobias,12476620,-3.18533337441773,-1.7599330757357527,-1.4254002986819774
fusion_qs_nobias,12476618,-2.3034622619378906,-1.6089235631067074,-0.6945386988311832
fusion_qs_nobias,12476626,-2.5335549318715547,-1.4067430478879621,-1.1268118839835926
fusion_qs_nobias,12476617,-2.089239031348809,-1.3692481311795457,-0.7199909001692633
fusion_qs_nobias,12476780,-2.906962982576306,-1.8629086311541447,-1.0440543514221614
fusion_qs_nobias,12476778,-3.2618299419124854,-1.788227266946245,-1.4736026749662405
fusion_qs_nobias,12476776,-3.4259552076891593,-1.512553887820846,-1.9134013198683133
fusion_qs_nobias,12476777,-2.475472058634414,-1.5064752367208254,-0.9689968219135887
fusion_qs_nobias,12476783,-2.2345777813662626,-1.5223964165491084,-0.7121813648171542
fusion_qs_nobias,12476772,-2.1881314596810455,-1.45925952909333,-0.7288719305877156
fusion_qs_nobias,12476774,-2.7323204117861444,-2.7323204117861444,0.0
fusion_qs_nobias,12476771,-2.7126031033745086,-1.836359340714985,-0.8762437626595236
fusion_qs_nobias,12476773,-2.6561690203369888,-1.519008407949752,-1.1371606123872369
fusion_qs_nobias,12476775,-2.4067668872999257,-1.884047927604636,-0.5227189596952897
fusion_qs_nobias,12476611,-2.7244597125122576,-1.5222284163462567,-1.2022312961660009
fusion_qs_nobias,12476616,-2.6697408024200504,-1.667514510343925,-1.0022262920761253
fusion_qs_nobias,12476614,-2.3833396207484108,-1.5219331713878197,-0.8614064493605911
fusion_qs_nobias,12476612,-2.069641079475386,-1.579028824973384,-0.4906122545020022
fusion_qs_nobias,12476615,-2.4522010695082046,-1.5213287970869773,-0.9308722724212273
fusion_qs_nobias,12811090,-2.0844370814865365,-1.3678378368160202,-0.7165992446705163
fusion_qs_nobias,12476607,-2.5389501835364436,-1.3841287503135276,-1.154821433222916
fusion_qs_nobias,12476613,-2.750600205099551,-2.750600205099551,0.0
fusion_qs_nobias,12476606,-2.972580231409921,-1.3993314970812067,-1.573248734328714
fusion_qs_nobias,12476603,-2.459561303049052,-1.5391971290320217,-0.9203641740170303
fusion_qs_nobias,12476770,-2.613628888868288,-2.613628888868288,0.0
fusion_qs_nobias,12476767,-2.6573307912117814,-1.451788087692304,-1.2055427035194775
fusion_qs_nobias,12476766,-2.8650130995715286,-1.8544420840054485,-1.01057101556608
fusion_qs_nobias,12476769,-3.380497352395093,-1.499765537442698,-1.8807318149523953
fusion_qs_nobias,12476768,-4.644559279735907,-3.0736249752912843,-1.5709343044446231
fusion_qs_nobias,12476761,-2.332292076242114,-1.6372874836807858,-0.6950045925613284
fusion_qs_nobias,12476765,-3.196264786937646,-1.4927501028611925,-1.7035146840764535
fusion_qs_nobias,12476764,-6.086766112464853,-3.1212646110274433,-2.96550150143741
fusion_qs_nobias,12476762,-2.504814494291448,-1.9145176850116994,-0.5902968092797485
fusion_qs_nobias,12476759,-3.5619635644204943,-1.8510436625376125,-1.7109199018828818
fusion_qs_nobias,12476604,-2.9438111457462868,-1.921879793501108,-1.0219313522451787
fusion_qs_nobias,12476609,-2.780714240987508,-1.3953559115336518,-1.385358329453856
fusion_qs_nobias,12476610,-4.675859254403893,-2.8409966259651265,-1.8348626284387661
fusion_qs_nobias,12476601,-2.297932531948268,-1.585145185107268,-0.712787346841
fusion_qs_nobias,12476605,-2.4186920758230532,-1.6222527557216773,-0.796439320101376
fusion_qs_nobias,12476600,-4.659245485951263,-2.499717614511506,-2.1595278714397566
fusion_qs_nobias,12476598,-2.441555066296154,-1.5341747054621149,-0.9073803608340392
fusion_qs_nobias,12476599,-2.5585253248418733,-1.6604733680351489,-0.8980519568067244
fusion_qs_nobias,12476597,-2.3723827757077367,-1.5002962799863626,-0.8720864957213741
fusion_qs_nobias,12476602,-2.1060307553361435,-1.383174138370777,-0.7228566169653665
fusion_qs_nobias,12476760,-2.6885947046505287,-1.4748128294115106,-1.2137818752390181
fusion_qs_nobias,12476763,-3.622038423160315,-1.8221374976391778,-1.7999009255211373
fusion_qs_nobias,12476758,-2.245566116948321,-1.8042881859582138,-0.44127793099010715
fusion_qs_nobias,12476757,-3.082518182287621,-1.4381214669004425,-1.6443967153871784
fusion_qs_nobias,12476756,-2.4447111689363275,-1.7431617701506295,-0.701549398785698
fusion_qs_nobias,12954858,-3.506349978439584,-1.4553922089283582,-2.0509577695112258
fusion_qs_nobias,12476594,-3.490646313954721,-1.914432410717992,-1.5762139032367288
fusion_qs_nobias,12476592,-3.752627253027627,-2.003511335676528,-1.7491159173510988
fusion_qs_nobias,12476595,-2.5280537760017046,-2.5280537760017046,0.0
fusion_qs_nobias,12476593,-2.6526688724888383,-2.6526688724888383,0.0
fusion_qs_nobias,12476596,-2.3344959498259295,-1.5105437408686315,-0.8239522089572979
fusion_qs_nobias,12476750,-2.986843284773721,-1.45684297857204,-1.530000306201681
fusion_qs_nobias,12476753,-3.541582549921309,-1.9198168535580458,-1.6217656963632632
fusion_qs_nobias,12476755,-2.561191780307305,-1.7683188200030504,-0.7928729603042546
fusion_qs_nobias,12476752,-2.517365433202255,-1.8323334480482512,-0.6850319851540037
fusion_qs_nobias,12476751,-2.410237402839064,-1.5047688448399228,-0.905468557999141
fusion_qs_nobias,12476749,-3.745434086908616,-1.4992930689718773,-2.2461410179367385
fusion_qs_nobias,12476748,-2.3138635284206304,-1.7417618893023037,-0.5721016391183267
fusion_qs_nobias,12476739,-2.1964976560116765,-1.414757174252062,-0.7817404817596145
fusion_qs_nobias,12476741,-2.333657335072962,-1.7309845457702424,-0.6026727893027195
fusion_qs_nobias,12476754,-4.734905462510601,-2.3014064400774714,-2.4334990224331294
fusion_qs_nobias,12476589,-3.2752575652128293,-1.4385793737035673,-1.836678191509262
fusion_qs_nobias,12476587,-2.3697981430374395,-1.5297278494857076,-0.8400702935517319
fusion_qs_nobias,12476591,-2.97519447752161,-1.8828557023946406,-1.0923387751269693
fusion_qs_nobias,12476590,-2.2277558720756163,-1.4247702767864794,-0.8029855952891369
fusion_qs_nobias,12476588,-2.2061275666997546,-1.681463684466674,-0.5246638822330807
fusion_qs_nobias,12476746,-2.098413072118093,-1.392606002558328,-0.7058070695597651
fusion_qs_nobias,12476747,-2.7647349189999835,-1.507515700821479,-1.2572192181785045
fusion_qs_nobias,12476742,-2.4843243563314252,-1.525650628021712,-0.9586737283097133
fusion_qs_nobias,12476745,-2.127122541755554,-1.4179099602316263,-0.7092125815239279
fusion_qs_nobias,12476743,-2.165504406235966,-1.4596952719330203,-0.7058091343029458
fusion_qs_nobias,12476737,-2.4598850099123246,-1.5035292559962739,-0.9563557539160508
fusion_qs_nobias,12476735,-2.1841738979553678,-1.650278308638178,-0.5338955893171897
fusion_qs_nobias,12476744,-2.393896779101326,-1.5030638529282556,-0.8908329261730703
fusion_qs_nobias,12476738,-2.2592152957154865,-1.6765696871339926,-0.582645608581494
fusion_qs_nobias,12476740,-2.8692251077508146,-1.4869049006718456,-1.382320207078969
fusion_qs_nobias,12476586,-3.6581770613751945,-2.5551740045113673,-1.1030030568638272
fusion_qs_nobias,12476582,-2.961968647774923,-1.514278964816682,-1.4476896829582413
fusion_qs_nobias,12476579,-4.013641287431215,-1.5565941953923066,-2.4570470920389083
fusion_qs_nobias,12476585,-2.6749199592931863,-1.397845384901377,-1.2770745743918093
fusion_qs_nobias,12476583,-2.941304589685242,-1.919256639949901,-1.0220479497353412
fusion_qs_nobias,12476584,-4.593794800504231,-2.1524767352650427,-2.441318065239188
fusion_qs_nobias,12476581,-3.2569841789729073,-1.9126044223931826,-1.3443797565797246
fusion_qs_nobias,12476580,-2.4802681638716084,-1.546930711326121,-0.9333374525454874
fusion_qs_nobias,12476574,-2.5636348265422857,-1.5235586791108586,-1.040076147431427
fusion_qs_nobias,12476578,-3.359046542042118,-1.5307056393031002,-1.8283409027390178
fusion_qs_nobias,12476731,-2.3697508577794886,-1.514770410957683,-0.8549804468218056
fusion_qs_nobias,12476548,-2.0968083410094187,-1.3889936566239016,-0.7078146843855171
fusion_qs_nobias,13179032,-3.9491822779519277,-1.507501645534967,-2.4416806324169604
fusion_qs_nobias,13171689,-2.8221476901190323,-1.7991334071042753,-1.023014283014757
fusion_qs_nobias,12476727,-3.9676825726936746,-2.8529014036582643,-1.1147811690354104
fusion_qs_nobias,12476729,-2.1587658823655165,-1.4461990194610987,-0.7125668629044177
fusion_qs_nobias,12476724,-4.288443720368409,-1.81613803002295,-2.4723056903454594
fusion_qs_nobias,12476730,-2.3607824952990253,-1.5094871708209998,-0.8512953244780255
fusion_qs_nobias,12476728,-2.869162343760012,-1.4433610814670035,-1.4258012622930083
fusion_qs_nobias,12476720,-2.8874098979337792,-1.3655966461102502,-1.521813251823529
fusion_qs_nobias,12476722,-2.8553272729324206,-2.8553272729324206,0.0
fusion_qs_nobias,12476721,-2.7267673569623567,-1.5235872465355418,-1.203180110426815
fusion_qs_nobias,12476725,-6.40746115383806,-2.9406936447663794,-3.4667675090716807
fusion_qs_nobias,12476723,-2.4346935074704716,-1.5145341736564784,-0.9201593338139933
fusion_qs_nobias,13171688,-2.3637377960860864,-1.5095878501106923,-0.8541499459753941
fusion_qs_nobias,12476562,-4.404072803236943,-1.5031591827955042,-2.9009136204414387
fusion_qs_nobias,12476564,-3.6990422160297305,-2.512090922232238,-1.1869512937974926
fusion_qs_nobias,12476565,-2.3766674347325236,-1.5270471040919893,-0.8496203306405343
fusion_qs_nobias,13175772,-4.0595360124499855,-1.8985252290651196,-2.161010783384866
fusion_qs_nobias,12476563,-2.8031065442145118,-2.8031065442145118,0.0
fusion_qs_nobias,12476556,-2.21089365600829,-1.6476046963102835,-0.5632889596980064
fusion_qs_nobias,12476558,-3.6367436432559828,-2.501940530437696,-1.134803112818287
fusion_qs_nobias,12476561,-5.142644311661939,-3.3080742804055356,-1.834570031256403
fusion_qs_nobias,12476560,-5.839564243690814,-3.506866479144509,-2.3326977645463054
fusion_qs_nobias,13179034,-3.7200150711371274,-2.4765162610363607,-1.2434988101007667
fusion_qs_nobias,12476726,-2.256117953806177,-1.557506804384238,-0.6986111494219389
fusion_qs_nobias,12476718,-4.173594087126889,-1.8758756586510115,-2.2977184284758776
fusion_qs_nobias,12476716,-2.774921334595592,-1.4561466822242073,-1.3187746523713848
fusion_qs_nobias,12476719,-2.687961055295551,-1.4214490105645923,-1.2665120447309586
fusion_qs_nobias,12476717,-2.5287435227648922,-1.507028400667476,-1.0217151220974163
fusion_qs_nobias,12476713,-5.278505873849959,-2.5867829528695037,-2.691722920980455
fusion_qs_nobias,12476715,-3.3899987466988133,-1.8761393651404799,-1.5138593815583334
fusion_qs_nobias,12476714,-2.927725250656969,-1.52889575787498,-1.398829492781989
fusion_qs_nobias,12476710,-2.1625825680238444,-1.4323489811381325,-0.7302335868857119
fusion_qs_nobias,12476712,-2.7011414159299356,-1.518997207444263,-1.1821442084856726
fusion_qs_nobias,13175771,-2.078241631931532,-1.3665704398697618,-0.7116711920617704
fusion_qs_nobias,13159980,-4.799526085475351,-3.3554802528993366,-1.4440458325760148
fusion_qs_nobias,12476551,-2.6283712515035274,-1.7458253775525807,-0.8825458739509466
fusion_qs_nobias,12476555,-2.3954056659311456,-1.420920365200707,-0.9744853007304386
fusion_qs_nobias,12476557,-5.062594199540527,-3.3409721651119018,-1.7216220344286253
fusion_qs_nobias,12476554,-2.4681165874895896,-1.3881335285787928,-1.0799830589107968
fusion_qs_nobias,12476550,-2.1039384884667043,-1.3935035454232745,-0.7104349430434298
fusion_qs_nobias,12476549,-2.9287322080869433,-1.3842426765988318,-1.5444895314881115
fusion_qs_nobias,12476547,-2.2836022661965365,-1.8936086356814998,-0.38999363051503666
fusion_qs_nobias,12476552,-2.1094347753773697,-1.3981495701184885,-0.7112852052588812
fusion_qs_nobias,12476553,-3.0234107014685914,-1.9593127544371653,-1.064097947031426
fusion_qs_nobias,12476711,-3.6625608722839016,-1.8740585615349155,-1.7885023107489861
fusion_qs_nobias,12476708,-2.309895965724401,-1.4210505791960972,-0.8888453865283037
fusion_qs_nobias,12476707,-2.339081096329723,-1.7314385951624105,-0.6076425011673126
fusion_qs_nobias,12476709,-2.66080062423318,-2.66080062423318,0.0
fusion_qs_nobias,12476706,-2.1979245432101817,-1.4490048549973038,-0.7489196882128779
fusion_qs_nobias,12476705,-2.1219049483523023,-1.4068570052695268,-0.7150479430827754
fusion_qs_nobias,12476701,-2.754334341092356,-2.754334341092356,0.0
fusion_qs_nobias,12476539,-3.090861099507752,-1.4322561825426021,-1.65860491696515
fusion_qs_nobias,12476545,-2.429297753477905,-1.4441252643961806,-0.9851724890817244
fusion_qs_nobias,12476546,-2.119189220890893,-1.6081242664655047,-0.5110649544253885
fusion_qs_nobias,13217663,-4.279610192470603,-3.14067090616134,-1.138939286309263
fusion_qs_nobias,12476541,-3.0537675689661135,-1.5108943071822394,-1.542873261783874
fusion_qs_nobias,12476544,-2.2362052634357115,-1.8004821169177176,-0.4357231465179938
fusion_qs_nobias,12476533,-2.092295981589402,-1.3793162997505244,-0.7129796818388778
fusion_qs_nobias,13324922,-3.1038165972722505,-1.5354466979585413,-1.5683698993137092
fusion_qs_nobias,13197505,-4.103085910420644,-2.8553295832397216,-1.2477563271809222
fusion_qs_nobias,12476697,-2.5159871778458944,-1.5525599549848537,-0.9634272228610408
fusion_qs_nobias,12476698,-5.181227931505038,-1.8768401359201574,-3.304387795584881
fusion_qs_nobias,12476700,-2.921181011515954,-1.9239217723707276,-0.9972592391452266
fusion_qs_nobias,12476696,-2.949781726909057,-1.8252901959282524,-1.1244915309808048
fusion_qs_nobias,13315347,-2.1521822330217373,-1.6949017271063926,-0.45728050591534464
fusion_qs_nobias,12476531,-3.4872442591743265,-1.4757911349530808,-2.0114531242212457
fusion_qs_nobias,12476529,-3.5586608697210136,-2.4532548991073972,-1.1054059706136163
fusion_qs_nobias,12476538,-2.5426543505263437,-1.3765690440251839,-1.1660853065011598
fusion_qs_nobias,13233442,-2.926252880149034,-1.9153540461831198,-1.0108988339659142
fusion_qs_nobias,12476519,-2.419475470209779,-1.6811232963379692,-0.7383521738718097
fusion_qs_nobias,12476525,-2.832169756008941,-2.832169756008941,0.0
fusion_qs_nobias,12476523,-3.4511870303263628,-2.400329638983065,-1.050857391343298
fusion_qs_nobias,12476522,-3.4328575263151193,-1.5171987992004192,-1.9156587271147
fusion_qs_nobias,12476524,-2.4521236438886787,-1.587815027992315,-0.8643086158963635
fusion_qs_nobias,12476693,-2.0337378815288347,-1.5714915535775094,-0.46224632795132536
fusion_qs_nobias,12476695,-2.501035105688103,-1.5055748393576414,-0.9954602663304617
fusion_qs_nobias,12476691,-3.64182797292488,-1.5455761970597632,-2.0962517758651167
fusion_qs_nobias,12476692,-3.6985941660311816,-1.827913935357352,-1.8706802306738297
fusion_qs_nobias,12476699,-2.1981124044413507,-1.4961128793842753,-0.7019995250570754
fusion_qs_nobias,12476689,-3.6567361878015836,-1.551633373619373,-2.1051028141822106
fusion_qs_nobias,12476685,-2.955956248441253,-1.9604416837444552,-0.9955145646967978
fusion_qs_nobias,12476686,-2.452721128537619,-1.5272400497727752,-0.925481078764844
fusion_qs_nobias,12476690,-2.4569384519364785,-1.4994948259838892,-0.9574436259525894
fusion_qs_nobias,13343736,-3.169913279726183,-1.9531245603941214,-1.2167887193320615
fusion_qs_nobias,12476521,-5.474410874669816,-4.145979261755421,-1.328431612914395
fusion_qs_nobias,12476514,-3.0952445902886954,-2.0091300867019286,-1.0861145035867668
fusion_qs_nobias,12476518,-2.6846269411622785,-1.3953847046599845,-1.289242236502294
fusion_qs_nobias,12476520,-2.4863531635553313,-1.5098252552357334,-0.9765279083195979
fusion_qs_nobias,12476515,-2.447186157021124,-1.669497059809713,-0.777689097211411
fusion_qs_nobias,13348881,-3.3446949195262983,-1.8723924944018993,-1.472302425124399
fusion_qs_nobias,13255608,-3.205991829284968,-1.5122404603617452,-1.6937513689232226
fusion_qs_nobias,12476516,-2.7041411870898253,-1.6839445025121353,-1.02019668457769
fusion_qs_nobias,12476512,-2.27764114049558,-1.6752244426674907,-0.6024166978280894
fusion_qs_nobias,12476511,-3.2099333798190033,-1.8745646142068422,-1.3353687656121611
fusion_qs_nobias,12476517,-2.485851232962161,-1.4112459671697748,-1.0746052657923861
fusion_qs_nobias,12476513,-5.6189495939309335,-4.373332444642541,-1.2456171492883925
fusion_qs_nobias,13391276,-2.1284592469039216,-1.3989027431806387,-0.729556503723283
fusion_qs_nobias,12476688,-2.843732134544746,-1.82455038641528,-1.0191817481294663
fusion_qs_nobias,12476684,-3.700557590233363,-1.5209723383378548,-2.1795852518955083
fusion_qs_nobias,12476681,-3.6911458543592386,-2.469585658249851,-1.2215601961093876
fusion_qs_nobias,12476682,-2.670279651621022,-1.4408179729400352,-1.2294616786809867
fusion_qs_nobias,12476679,-2.1864932275421034,-1.5979130149094,-0.5885802126327033
fusion_qs_nobias,12476678,-2.3437785017282575,-1.5003167368446426,-0.8434617648836149
fusion_qs_nobias,12476675,-2.8483910932303087,-1.3954777797678684,-1.4529133134624403
fusion_qs_nobias,12476680,-5.3973973377297035,-4.105890262733761,-1.291507074995943
fusion_qs_nobias,12476677,-3.5268502469810326,-1.5465531076178614,-1.9802971393631712
fusion_qs_nobias,12476508,-3.3513035101264026,-1.9671644794046794,-1.3841390307217232
fusion_qs_nobias,12476510,-6.153360906860892,-2.431057492309575,-3.7223034145513174
fusion_qs_nobias,12476506,-2.1910930361565795,-1.4073287528482479,-0.7837642833083316
fusion_qs_nobias,12476509,-2.991343055344781,-1.8743398002122738,-1.117003255132507
fusion_qs_nobias,12476507,-2.361040103639849,-1.657254602565358,-0.7037855010744911
fusion_qs_nobias,12476502,-2.562707923240478,-2.562707923240478,0.0
fusion_qs_nobias,12476500,-2.8788165427571966,-1.5025256161003822,-1.3762909266568144
fusion_qs_nobias,12476501,-3.3510891139077303,-1.5183757462117207,-1.8327133676960097
fusion_qs_nobias,12476505,-2.7886882487221545,-1.360292072857282,-1.4283961758648724
fusion_qs_nobias,12476504,-3.043142480362108,-1.4467100623844105,-1.5964324179776974
fusion_qs_nobias,13415294,-2.34066715334836,-1.5057931389443626,-0.8348740144039974
fusion_qs_nobias,12476674,-2.484562233130974,-1.5032683533627844,-0.9812938797681896
fusion_qs_nobias,12476671,-2.7512991567574296,-1.50071963382772,-1.2505795229297096
fusion_qs_nobias,12476670,-2.1756323845928556,-1.356192836238974,-0.8194395483538817
fusion_qs_nobias,12476672,-3.203254260437874,-1.8335208076528458,-1.3697334527850284
fusion_qs_nobias,12476669,-2.6295607011355857,-1.7041647215553328,-0.9253959795802529
fusion_qs_nobias,13343733,-2.3718097395646005,-1.4988618759335823,-0.8729478636310182
fusion_qs_nobias,12476667,-3.1999752120080776,-1.8994176951949768,-1.3005575168131007
fusion_qs_nobias,12476662,-2.2191840288852296,-1.7233829045982811,-0.49580112428694845
fusion_qs_nobias,12476673,-2.7499566405786573,-1.4033023633651915,-1.3466542772134658
fusion_qs_nobias,12476676,-3.5855302833833793,-2.4610607829994953,-1.124469500383884
fusion_qs_nobias,12476668,-2.581120829201853,-2.581120829201853,0.0
fusion_qs_nobias,12476526,-2.090771547853806,-1.3833387708540577,-0.7074327769997484
fusion_qs_nobias,12476497,-2.36570211337305,-1.4114945132282726,-0.9542076001447772
fusion_qs_nobias,12476499,-2.446168170568967,-1.6806592540466747,-0.7655089165222924
fusion_qs_nobias,12476496,-2.579929223275933,-1.7306255693949417,-0.8493036538809915
fusion_qs_nobias,12476498,-2.3926687784069482,-1.6307175087523245,-0.7619512696546238
fusion_qs_nobias,12476495,-3.125527962590962,-1.9052013280551439,-1.2203266345358181
fusion_qs_nobias,13436762,-2.5368564085625995,-1.5581680859055955,-0.978688322657004
fusion_qs_nobias,12476490,-2.4262023347057404,-1.515957319618131,-0.9102450150876094
fusion_qs_nobias,12476492,-2.574350028325707,-1.7108007114144335,-0.8635493169112736
fusion_qs_nobias,12476489,-2.8563485896457186,-2.8563485896457186,0.0
fusion_qs_nobias,12476493,-2.5853311893902253,-2.5853311893902253,0.0
fusion_qs_nobias,12476491,-2.395970697487682,-1.6011393356910053,-0.7948313617966767
fusion_qs_nobias,13399583,-4.3686483386021,-1.873113438742271,-2.4955348998598286
fusion_qs_nobias,13480337,-4.0382403101609174,-2.733151739272546,-1.3050885708883713
fusion_qs_nobias,12476665,-2.444712396035156,-1.5720794160952127,-0.8726329799399435
fusion_qs_nobias,12476661,-2.934354831598239,-1.9272576289544572,-1.0070972026437819
fusion_qs_nobias,12476666,-2.9421209615717765,-1.7326376160655526,-1.209483345506224
fusion_qs_nobias,12476663,-2.651591005236129,-2.651591005236129,0.0
fusion_qs_nobias,12476660,-3.5595738733585036,-2.4843341318101864,-1.0752397415483173
fusion_qs_nobias,12640468,-2.1211084009087107,-1.404114073590205,-0.7169943273185058
fusion_qs_nobias,12476657,-2.198245021411794,-1.3966477086210491,-0.801597312790745
fusion_qs_nobias,12476659,-2.882974537683611,-2.882974537683611,0.0
fusion_qs_nobias,12476664,-2.7694010715657535,-2.7694010715657535,0.0
fusion_qs_nobias,12476658,-3.0543039695924032,-1.940724710912099,-1.1135792586803042
fusion_qs_nobias,13343735,-2.9926054474123625,-1.4128369524865771,-1.5797684949257853
fusion_qs_nobias,12476485,-2.274243516836009,-1.4391877013105048,-0.8350558155255041
fusion_qs_nobias,12476487,-2.9571327408027144,-1.3672110114663465,-1.5899217293363679
fusion_qs_nobias,12476486,-2.6973976468116447,-1.418974165672887,-1.2784234811387578
fusion_qs_nobias,12476488,-5.017558386987357,-1.5101751158664718,-3.507383271120885
fusion_qs_nobias,12476494,-2.124105757296346,-1.4194864489954369,-0.7046193083009094
fusion_qs_nobias,12476483,-6.570974857977243,-4.243882601052464,-2.3270922569247787
fusion_qs_nobias,12476484,-2.9924919868054,-1.8901703063067015,-1.1023216804986984
fusion_qs_nobias,12476482,-2.3695193663960854,-1.5085845048485678,-0.8609348615475176
fusion_qs_nobias,12476478,-2.5835884533425206,-1.5161742554193296,-1.067414197923191
fusion_qs_nobias,12476481,-2.172382454477119,-1.5193531944225027,-0.6530292600546161
fusion_qs_nobias,12476656,-3.7270535250631163,-2.236710473834111,-1.4903430512290052
fusion_qs_nobias,12476654,-2.3352714637752405,-1.7760408766834248,-0.5592305870918157
fusion_qs_nobias,12476652,-4.641981569852561,-2.82687522448921,-1.815106345363351
fusion_qs_nobias,12476651,-4.168093205280018,-2.6708308890637307,-1.497262316216287
fusion_qs_nobias,12476655,-2.4964701020671303,-1.5177545467444784,-0.9787155553226519
fusion_qs_nobias,12476648,-3.6847537655899045,-1.5372514478586194,-2.147502317731285
fusion_qs_nobias,12476649,-2.183652998870219,-1.6421789985222488,-0.5414740003479701
fusion_qs_nobias,12476653,-2.456447509266671,-1.4173834102237115,-1.0390640990429594
fusion_qs_nobias,12476650,-8.28683436173278,-3.1432086164300324,-5.143625745302748
fusion_qs_nobias,12476646,-4.9867635946118485,-2.477963663651386,-2.5087999309604623
fusion_qs_nobias,12476477,-2.450568792553076,-1.5044429006253064,-0.9461258919277697
fusion_qs_nobias,12476474,-4.4059869657129145,-3.2488056561706125,-1.157181309542302
fusion_qs_nobias,12476479,-2.4150558210470727,-1.66687201551945,-0.7481838055276226
fusion_qs_nobias,12476480,-2.3962606167975515,-2.3962606167975515,0.0
fusion_qs_nobias,12476476,-2.4682503161634783,-1.5217273327783416,-0.9465229833851367
fusion_qs_nobias,12476469,-4.5006492813907615,-2.5050469039371843,-1.9956023774535772
fusion_qs_nobias,12476475,-2.463060190130642,-1.5049953228058253,-0.9580648673248167
fusion_qs_nobias,12476471,-3.149957741469765,-1.4323511139254848,-1.71760662754428
fusion_qs_nobias,12476470,-2.385651625435631,-1.528174691811722,-0.857476933623909
fusion_qs_nobias,12476473,-2.3237455874336885,-1.5482028273447157,-0.7755427600889728
fusion_qs_nobias,12476645,-2.8238509806786705,-1.760912068195491,-1.0629389124831794
fusion_qs_nobias,12476642,-3.567185310281657,-1.3695088243910198,-2.1976764858906375
fusion_qs_nobias,12476647,-2.3683300026385616,-1.854643983992703,-0.5136860186458587
fusion_qs_nobias,12476643,-3.906827667087358,-1.9300816406068237,-1.9767460264805343
fusion_qs_nobias,12476644,-2.3591359249895403,-1.5324764410097862,-0.8266594839797541
fusion_qs_nobias,12476640,-2.2536116886779083,-1.4927310444064539,-0.7608806442714544
fusion_qs_nobias,12476641,-6.760009636491799,-3.1529509096519703,-3.6070587268398286
fusion_qs_nobias,12476637,-2.041507943548887,-1.3428127900024989,-0.6986951535463883
fusion_qs_nobias,12476639,-3.1349340931050698,-1.9882984035340439,-1.146635689571026
fusion_qs_nobias,12476638,-2.9146182673238488,-1.8491038312279058,-1.065514436095943
fusion_qs_nobias,12476465,-2.5099172484633394,-1.3929220933600746,-1.1169951551032649
fusion_qs_nobias,12476472,-2.062227879910819,-1.3585177988964097,-0.7037100810144092
fusion_qs_nobias,12476468,-2.6136219704017725,-1.4200651272318434,-1.193556843169929
fusion_qs_nobias,12476464,-3.1600206977336733,-1.9333556275588248,-1.2266650701748485
fusion_qs_nobias,12476467,-2.1761601036977343,-1.7716766907669876,-0.40448341293074663
fusion_qs_nobias,12476463,-5.561551942711397,-1.9400477473482278,-3.621504195363169
fusion_qs_nobias,12476466,-2.2788938161544117,-1.4668937769120216,-0.8120000392423901
fusion_qs_nobias,12476461,-2.773213205416249,-1.3858754992774478,-1.3873377061388013
fusion_qs_nobias,12476460,-3.0848277441711978,-1.346135762450887,-1.7386919817203108
fusion_qs_nobias,12476462,-2.6911922821875245,-1.437668140059779,-1.2535241421277454
fusion_qs_nobias,12473328,-3.309296184308259,-1.5554095949535103,-1.7538865893547488
fusion_qs_nobias,12473336,-3.0310438262926143,-1.8587853130494676,-1.1722585132431467
fusion_qs_nobias,12473335,-2.39050511689989,-1.376412737107642,-1.0140923797922479
fusion_qs_nobias,12473322,-2.3996227745555383,-1.5129803592994768,-0.8866424152560615
fusion_qs_nobias,12473327,-3.079876111640469,-1.7769174019537428,-1.3029587096867261
fusion_qs_nobias,12473331,-4.35285581589048,-3.1052253238825402,-1.2476304920079402
fusion_qs_nobias,12473333,-2.433899376957548,-1.3424324711206814,-1.0914669058368667
fusion_qs_nobias,12473334,-2.0905212398851467,-1.3814138114767425,-0.7091074284084042
fusion_qs_nobias,12473337,-2.509356542355109,-1.5135518330684403,-0.9958047092866689
fusion_qs_nobias,12473330,-2.3276073028722544,-1.4993498947861914,-0.828257408086063
fusion_qs_nobias,12476454,-3.24430683669127,-1.5267365089425275,-1.7175703277487424
fusion_qs_nobias,12476455,-4.234993036369609,-2.415995267635306,-1.8189977687343029
fusion_qs_nobias,12476458,-2.5036404620640096,-1.523473856098634,-0.9801666059653755
fusion_qs_nobias,12476459,-2.1947991513842,-1.6271628006745327,-0.5676363507096673
fusion_qs_nobias,12476457,-2.4480866028187274,-2.4480866028187274,0.0
fusion_qs_nobias,12476452,-2.287140209867867,-1.430546348049612,-0.8565938618182551
fusion_qs_nobias,12476567,-2.411065298164319,-1.6166663636376164,-0.7943989345267024
fusion_qs_nobias,12476453,-8.175125781711255,-4.334554475262795,-3.84057130644846
fusion_qs_nobias,12476575,-2.5716973370040597,-2.5716973370040597,0.0
fusion_qs_nobias,12476570,-3.123289727159895,-1.8869737145403473,-1.2363160126195478
fusion_qs_nobias,14035482,-2.9958845392333453,-1.417330961243806,-1.5785535779895392
fusion_qs_nobias,14035495,-3.2019924819017893,-1.5478084751596277,-1.6541840067421616
fusion_qs_nobias,14035487,-4.221686913967251,-2.648852041503214,-1.5728348724640373
fusion_qs_nobias,14035486,-2.170492680001055,-1.5156629095988357,-0.6548297704022192
fusion_qs_nobias,14343735,-2.587605057484976,-1.5096187709955289,-1.077986286489447
fusion_qs_nobias,14035506,-2.393634474954584,-1.7423018746870784,-0.6513326002675057
fusion_qs_nobias,14035498,-2.3298633025281923,-1.3522414311022357,-0.9776218714259566
fusion_qs_nobias,14035502,-3.7618876969358,-2.4133166464965794,-1.3485710504392205
fusion_qs_nobias,14035497,-2.4891313007349587,-1.7172234929127885,-0.7719078078221702
fusion_qs_nobias,14035501,-2.6068527518193854,-1.529971510822979,-1.0768812409964064
fusion_qs_nobias,14035665,-2.0643617613131724,-1.5511816225708306,-0.5131801387423418
fusion_qs_nobias,14035666,-2.471918591839186,-1.5036269920510825,-0.9682915997881036
fusion_qs_nobias,14035662,-3.505607752766965,-2.427394495304324,-1.0782132574626413
fusion_qs_nobias,14035664,-2.4071555330559287,-1.498252051210548,-0.9089034818453807
fusion_qs_nobias,14035663,-3.819545430061586,-1.8991603748729469,-1.9203850551886392
fusion_qs_nobias,14035669,-2.859216088114466,-2.859216088114466,0.0
fusion_qs_nobias,14035667,-2.527782343323602,-2.527782343323602,0.0
fusion_qs_nobias,14035671,-2.7039875032912297,-1.5132254755839947,-1.190762027707235
fusion_qs_nobias,14035670,-2.5045893893747477,-1.5015966308561073,-1.0029927585186404
fusion_qs_nobias,14035668,-2.3143595627268088,-1.6900224312477004,-0.6243371314791084
fusion_qs_nobias,14035484,-2.8097036482508804,-1.5037686639555063,-1.305934984295374
fusion_qs_nobias,14035485,-4.569235418193884,-3.3002035717294023,-1.2690318464644816
fusion_qs_nobias,14035488,-3.029817467488098,-1.5390560443688306,-1.4907614231192674
fusion_qs_nobias,14035489,-4.1319615971585595,-1.966542276211678,-2.1654193209468815
fusion_qs_nobias,14035494,-2.3805903272562805,-1.5176545451097347,-0.8629357821465458
fusion_qs_nobias,14035493,-3.1748489131672324,-1.8936257703708024,-1.28122314279643
fusion_qs_nobias,14035496,-2.381178658326655,-1.3462170553672224,-1.0349616029594328
fusion_qs_nobias,14035492,-2.5622184420056624,-1.863166254737748,-0.6990521872679143
fusion_qs_nobias,14035491,-2.542981315909857,-2.542981315909857,0.0
fusion_qs_nobias,14035675,-2.834871205551094,-1.8206157202599906,-1.0142554852911034
fusion_qs_nobias,14035672,-2.22766644827867,-1.5018626565743316,-0.7258037917043383
fusion_qs_nobias,14035674,-4.678206292749846,-3.4947739314788278,-1.1834323612710183
fusion_qs_nobias,14035676,-3.6232948398284415,-1.909052972732235,-1.7142418670962065
fusion_qs_nobias,14035673,-2.661807872509874,-1.7557726796391742,-0.9060351928707
fusion_qs_nobias,14035678,-5.140348877628439,-3.1341033983701703,-2.0062454792582685
fusion_qs_nobias,14035683,-2.1639331372381485,-1.5260425136126567,-0.6378906236254918
fusion_qs_nobias,14035681,-3.318957232435608,-2.224583449482366,-1.0943737829532418
fusion_qs_nobias,14035679,-2.1143299945498204,-1.3925235002284027,-0.7218064943214177
fusion_qs_nobias,14035677,-5.099143118965429,-3.713778682978442,-1.3853644359869874
fusion_qs_nobias,14035503,-2.3373173737637556,-1.5099761212804665,-0.827341252483289
fusion_qs_nobias,14035505,-2.506085390618296,-1.529489095701081,-0.9765962949172151
fusion_qs_nobias,14035500,-2.104011564143747,-1.6811813819715389,-0.42283018217220825
fusion_qs_nobias,14035504,-2.0812041952803533,-1.3770213987094424,-0.7041827965709109
fusion_qs_nobias,14035499,-2.9711922476662918,-2.9711922476662918,0.0
fusion_qs_nobias,14035680,-2.826328362159508,-1.5029095739951024,-1.3234187881644055
fusion_qs_nobias,14035682,-2.7655974534942542,-2.7655974534942542,0.0
fusion_qs_nobias,14035686,-2.313036460544808,-1.750009281789454,-0.563027178755354
fusion_qs_nobias,14035684,-4.708331001351564,-2.3972143160353774,-2.311116685316186
fusion_qs_nobias,14035685,-2.2731781998438487,-1.7001568945640313,-0.5730213052798174
fusion_qs_nobias,14035511,-2.935709746951257,-1.8955983810005916,-1.0401113659506653
fusion_qs_nobias,14035510,-2.358959041714694,-1.6793454108125718,-0.6796136309021221
fusion_qs_nobias,14035509,-2.5733339734615894,-1.527014565275981,-1.0463194081856084
fusion_qs_nobias,14035508,-2.5670442256677304,-1.7254907768597256,-0.8415534488080048
fusion_qs_nobias,14035507,-2.17285692202044,-1.6531059702378197,-0.5197509517826202
fusion_qs_nobias,14035514,-2.540863504737499,-1.3557954669373864,-1.1850680378001124
fusion_qs_nobias,14035515,-3.617112867652345,-1.8384966944152739,-1.7786161732370713
fusion_qs_nobias,14035512,-2.4547965979493442,-1.503252381349094,-0.9515442166002503
fusion_qs_nobias,14035513,-2.1141865814388803,-1.3888050316774967,-0.7253815497613836
fusion_qs_nobias,14035516,-3.2726694879707203,-1.9534283443955138,-1.3192411435752065
fusion_qs_nobias,14035687,-2.8059242939686877,-1.7029707381355201,-1.1029535558331676
fusion_qs_nobias,14035695,-3.904523382409188,-2.5345875934998885,-1.3699357889092996
fusion_qs_nobias,14035689,-7.397804498320285,-3.131793080840888,-4.2660114174793975
fusion_qs_nobias,14035692,-3.1598851403224337,-1.505028944076354,-1.6548561962460797
fusion_qs_nobias,14035688,-2.457191459266754,-1.358666314086707,-1.0985251451800468
fusion_qs_nobias,14035694,-2.5546486045906946,-1.7256208796561778,-0.8290277249345168
fusion_qs_nobias,14035690,-2.2329662250456477,-1.6507213648231343,-0.5822448602225134
fusion_qs_nobias,14035693,-3.7945949002430255,-1.9219152565711026,-1.8726796436719229
fusion_qs_nobias,14035691,-2.3781569599762897,-1.5030012392799383,-0.8751557206963514
fusion_qs_nobias,14035697,-2.100265934747285,-1.3880688442319706,-0.7121970905153145
fusion_qs_nobias,14035517,-3.509185679614127,-1.4553405637860082,-2.053845115828119
fusion_qs_nobias,14035518,-2.3660156545346096,-1.4330762444626401,-0.9329394100719695
fusion_qs_nobias,14035519,-3.4806125859220005,-2.4800480127559448,-1.0005645731660557
fusion_qs_nobias,14035521,-2.4531590591280095,-1.513795128892976,-0.9393639302350334
fusion_qs_nobias,14035520,-2.5548331824477746,-1.5275861261083985,-1.027247056339376
fusion_qs_nobias,14035524,-2.5984875146382937,-1.4197443621634342,-1.1787431524748595
fusion_qs_nobias,14035522,-3.6068886773700455,-1.967016975731773,-1.6398717016382724
fusion_qs_nobias,14035526,-2.3990554276127334,-1.5170239219459578,-0.8820315056667756
fusion_qs_nobias,14035525,-3.17248385157992,-1.9822644649174501,-1.19021938666247
fusion_qs_nobias,14035523,-2.3037550834970695,-1.7481133240612314,-0.555641759435838
fusion_qs_nobias,14035700,-3.92298816574384,-2.620903452782216,-1.3020847129616242
fusion_qs_nobias,14035703,-3.7213090700828797,-1.676917389783837,-2.044391680299043
fusion_qs_nobias,14035698,-2.9541646300608555,-1.5040504595088953,-1.4501141705519602
fusion_qs_nobias,14035696,-2.0857680480594936,-1.3807041479908782,-0.7050639000686154
fusion_qs_nobias,14035699,-4.538605537106639,-3.162946596819209,-1.3756589402874297
fusion_qs_nobias,14035706,-2.5055187571654116,-1.7025239092393556,-0.802994847926056
fusion_qs_nobias,14035704,-2.814872151359746,-1.803864279961497,-1.0110078713982489
fusion_qs_nobias,14035702,-2.7463893161849344,-1.7136863506534143,-1.03270296553152
fusion_qs_nobias,14035701,-2.488493302688642,-1.5489246731776216,-0.9395686295110206
fusion_qs_nobias,14035705,-2.39372380888207,-1.7258426794564101,-0.6678811294256597
fusion_qs_nobias,14501655,-2.4155930874739915,-1.4398634057982782,-0.9757296816757133
fusion_qs_nobias,14035529,-3.7392784309407197,-1.7230333555179225,-2.0162450754227974
fusion_qs_nobias,14035528,-2.4268588618418154,-1.696574575798787,-0.7302842860430285
fusion_qs_nobias,14035531,-3.4284266164625423,-1.5216941033076348,-1.9067325131549075
fusion_qs_nobias,14035527,-2.133588680362463,-1.4202796301036704,-0.7133090502587924
fusion_qs_nobias,14035530,-4.25935577061711,-1.9134676158760429,-2.345888154741067
fusion_qs_nobias,14035709,-2.8477150767069395,-1.5127636819783736,-1.3349513947285658
fusion_qs_nobias,14035708,-2.5538959357673314,-1.5097359554221232,-1.0441599803452082
fusion_qs_nobias,14035710,-3.9836320289268596,-1.8569707681972376,-2.1266612607296222
fusion_qs_nobias,14035707,-2.1901207824074214,-1.4747280308597959,-0.7153927515476255
fusion_qs_nobias,14035711,-2.535115736330446,-2.535115736330446,0.0
fusion_qs_nobias,14035532,-2.777945707476093,-1.5050662582707912,-1.272879449205302
fusion_qs_nobias,14035534,-3.809257326555739,-1.5220438434656007,-2.287213483090138
fusion_qs_nobias,14035533,-3.0014284005606697,-1.510154232060881,-1.4912741684997888
fusion_qs_nobias,14035535,-2.1126225323298877,-1.636170604084127,-0.47645192824576066
fusion_qs_nobias,14297746,-2.672388043492673,-2.672388043492673,0.0
fusion_qs_nobias,14035538,-2.514401232352613,-1.5125998491390238,-1.0018013832135892
fusion_qs_nobias,14035539,-2.1320345325140146,-1.4249609021092393,-0.7070736304047753
fusion_qs_nobias,14035536,-2.608334898856941,-1.4996357788155223,-1.1086991200414187
fusion_qs_nobias,14035540,-2.0484897013776773,-1.7287959681504947,-0.31969373322718253
fusion_qs_nobias,14035542,-2.098421589500121,-1.386971101038594,-0.7114504884615269
fusion_qs_nobias,14035713,-2.4964998393757445,-1.859048320876353,-0.6374515184993914
fusion_qs_nobias,14035714,-2.930909518952997,-1.7792255817333844,-1.1516839372196124
fusion_qs_nobias,14035716,-2.5875038117056794,-1.5016320022746126,-1.0858718094310669
fusion_qs_nobias,14035715,-3.7229298392591623,-2.0888956480326173,-1.634034191226545
fusion_qs_nobias,14035712,-2.5168007726840362,-1.455529759010735,-1.0612710136733012
fusion_qs_nobias,14035546,-2.162519343753525,-1.8421336497240348,-0.32038569402949
fusion_qs_nobias,14035541,-2.9486996591591774,-1.503137357926472,-1.4455623012327055
fusion_qs_nobias,14035544,-3.1466188674143254,-1.877504412305413,-1.2691144551089124
fusion_qs_nobias,14035545,-3.4363635238845136,-1.5171360851897948,-1.9192274386947188
fusion_qs_nobias,14035543,-4.8969599290422785,-1.9428347727236837,-2.954125156318595
fusion_qs_nobias,14035548,-2.1500798286963954,-1.4141184300751015,-0.7359613986212938
fusion_qs_nobias,14035555,-2.6617828058607724,-1.5028507225903247,-1.1589320832704477
fusion_qs_nobias,14035549,-2.109163463017913,-1.3905725886535154,-0.7185908743643976
fusion_qs_nobias,14035554,-2.2377337760780005,-1.6400775132778385,-0.597656262800162
fusion_qs_nobias,14035717,-3.52875284522989,-1.8494012090162437,-1.6793516362136462
fusion_qs_nobias,14035718,-2.383405133157422,-1.5001352458396724,-0.8832698873177498
fusion_qs_nobias,14035719,-2.05176270143327,-1.3382134195843787,-0.7135492818488915
fusion_qs_nobias,14035735,-2.7820905133828253,-2.7820905133828253,0.0
fusion_qs_nobias,14035720,-2.4045232658772138,-1.738817407389763,-0.6657058584874507
fusion_qs_nobias,14035722,-2.643939044408912,-1.4661893812551088,-1.1777496631538034
fusion_qs_nobias,14035721,-2.193256774172566,-1.4886117825685732,-0.7046449916039927
fusion_qs_nobias,14035725,-2.1220603637938553,-1.3940065303243545,-0.7280538334695008
fusion_qs_nobias,14035724,-2.7138464760499876,-1.7348565170142525,-0.9789899590357352
fusion_qs_nobias,14035723,-4.483956855206177,-1.9733372683895636,-2.5106195868166132
fusion_qs_nobias,14035551,-2.5972021272158035,-1.7205071391600066,-0.8766949880557968
fusion_qs_nobias,14035559,-2.552757539534905,-1.5255268214098092,-1.0272307181250957
fusion_qs_nobias,14035550,-2.7600485012716836,-2.7600485012716836,0.0
fusion_qs_nobias,14035556,-4.784437494271847,-2.598090306927462,-2.186347187344385
fusion_qs_nobias,14035552,-3.2424686837888386,-1.8729492741870584,-1.3695194096017802
fusion_qs_nobias,15017622,-2.1654584914551473,-1.3955823307942623,-0.769876160660885
fusion_qs_nobias,14035727,-4.600205141131172,-2.5202660873746185,-2.079939053756554
fusion_qs_nobias,14035729,-2.4291043487192194,-1.6565133380299395,-0.7725910106892799
fusion_qs_nobias,14035726,-2.397917013682572,-1.8548418228717252,-0.5430751908108469
fusion_qs_nobias,14035730,-5.831174393383685,-1.9996850763761764,-3.831489317007508
fusion_qs_nobias,14035728,-2.161495925081039,-1.434657470038172,-0.7268384550428668
fusion_qs_nobias,14035553,-2.173055829881284,-1.4321772653859302,-0.7408785644953537
fusion_qs_nobias,14035562,-2.6595226713905946,-2.6595226713905946,0.0
fusion_qs_nobias,14035558,-3.3314861863445775,-1.523538677216136,-1.8079475091284416
fusion_qs_nobias,14035560,-4.284087654305619,-1.8888896896079352,-2.395197964697684
fusion_qs_nobias,14035563,-2.3634888488300367,-1.7211293554784828,-0.642359493351554
fusion_qs_nobias,14035564,-3.732370814219786,-1.9182540145844602,-1.8141167996353256
fusion_qs_nobias,14035561,-2.986178511018546,-1.420256776506249,-1.5659217345122969
fusion_qs_nobias,14035565,-3.657009935518712,-1.5411866541678705,-2.115823281350841
fusion_qs_nobias,14035566,-3.5217003958213944,-2.3723445858599788,-1.1493558099614156
fusion_qs_nobias,14035731,-2.132708624540774,-1.412374012653453,-0.7203346118873208
fusion_qs_nobias,14035732,-5.0066159493457025,-3.7465248059087726,-1.26009114343693
fusion_qs_nobias,14035736,-3.5568147576696116,-2.471641084908442,-1.0851736727611696
fusion_qs_nobias,14035733,-2.148714831911139,-1.4273846980160299,-0.7213301338951092
fusion_qs_nobias,14035734,-3.22518871093997,-1.5006867362226604,-1.7245019747173098
fusion_qs_nobias,14035739,-3.294166579449567,-1.6449754948355724,-1.6491910846139948
fusion_qs_nobias,14035740,-4.438994509274508,-2.3686967955618554,-2.0702977137126526
fusion_qs_nobias,14035737,-3.2183003567653725,-1.9545089046268316,-1.263791452138541
fusion_qs_nobias,14035738,-2.116467048758722,-1.4030750000788137,-0.7133920486799084
fusion_qs_nobias,14035741,-2.8773315663211116,-1.5168893007432884,-1.3604422655778232
fusion_qs_nobias,14035568,-2.29526512683322,-1.7839620472138618,-0.5113030796193583
fusion_qs_nobias,14035569,-5.75133128822716,-4.206674021275973,-1.5446572669511873
fusion_qs_nobias,14035572,-2.6708781877312755,-1.6206825522777188,-1.0501956354535567
fusion_qs_nobias,14035570,-2.200178501031782,-1.670128658296935,-0.530049842734847
fusion_qs_nobias,14035567,-2.5401233153918468,-1.7106638928468403,-0.8294594225450065
fusion_qs_nobias,14035574,-4.590859329597794,-2.4782300793579246,-2.11262925023987
fusion_qs_nobias,14035575,-3.1487171336363615,-1.5201308700691007,-1.6285862635672608
fusion_qs_nobias,14035571,-2.624602060360649,-2.624602060360649,0.0
fusion_qs_nobias,14035576,-2.896651704253123,-1.8052687684133764,-1.0913829358397464
fusion_qs_nobias,14035573,-5.109639971373044,-1.8896174043466851,-3.2200225670263585
fusion_qs_nobias,14035742,-3.868088263562881,-1.6860417992172747,-2.182046464345606
fusion_qs_nobias,14035745,-2.1554572665492087,-1.4452378973433304,-0.7102193692058782
fusion_qs_nobias,14035747,-2.3369879433007066,-1.6212137363650871,-0.7157742069356194
fusion_qs_nobias,14035744,-3.770270886339892,-2.5953746856435718,-1.1748962006963204
fusion_qs_nobias,14035743,-3.102406670715556,-1.5013092442410083,-1.601097426474548
fusion_qs_nobias,14035750,-3.5636985240535703,-1.904117359293915,-1.6595811647596554
fusion_qs_nobias,14035751,-5.184225879063227,-3.5745282895174766,-1.6096975895457506
fusion_qs_nobias,14035749,-2.3605412941652673,-1.5980388686311024,-0.7625024255341648
fusion_qs_nobias,14035748,-2.8542135510201008,-1.5008589323695865,-1.3533546186505143
fusion_qs_nobias,14035746,-2.9056882008666536,-1.8697384841020823,-1.0359497167645713
fusion_qs_nobias,14035582,-2.718980442375657,-1.3740019916079493,-1.3449784507677078
fusion_qs_nobias,14035580,-2.196136131041265,-1.4301644238526052,-0.7659717071886598
fusion_qs_nobias,14035586,-2.7439636618906538,-2.7439636618906538,0.0
fusion_qs_nobias,14035585,-5.495700114154463,-2.6524073768008876,-2.8432927373535755
fusion_qs_nobias,14035583,-2.7125609975547054,-1.8083607750542559,-0.9042002225004495
fusion_qs_nobias,14035755,-2.436724862826721,-1.4344607896611195,-1.0022640731656016
fusion_qs_nobias,14035756,-2.1442343599691296,-1.4393395840940986,-0.704894775875031
fusion_qs_nobias,14035752,-2.180233418688589,-1.4049610148681986,-0.7752724038203904
fusion_qs_nobias,14035760,-5.14787924097791,-2.2378889250973435,-2.9099903158805667
fusion_qs_nobias,14035761,-3.0175627091169193,-2.0225456877072148,-0.9950170214097045
fusion_qs_nobias,15363335,-3.586016122027063,-2.4593379437235607,-1.1266781783035023
fusion_qs_nobias,15305942,-2.1900206921087384,-1.4152726037138124,-0.774748088394926
fusion_qs_nobias,15374710,-3.7944033951184806,-2.548120826636299,-1.2462825684821817
fusion_qs_nobias,14035591,-2.4973647812228243,-1.449363964738144,-1.0480008164846804
fusion_qs_nobias,14035588,-2.828886574507463,-1.9007154274139708,-0.9281711470934924
fusion_qs_nobias,14035587,-5.451709677776617,-3.3694826033694865,-2.0822270744071307
fusion_qs_nobias,14035590,-2.374679795186304,-1.3818921022227924,-0.9927876929635115
fusion_qs_nobias,14035767,-2.3476142646157796,-1.5125156335519905,-0.8350986310637891
fusion_qs_nobias,14035771,-2.780415713192557,-1.7811275309468917,-0.9992881822456654
fusion_qs_nobias,14035768,-2.844359878283828,-1.8097830585182841,-1.034576819765544
fusion_qs_nobias,14035766,-2.428552948270837,-1.5288608811862268,-0.89969206708461
fusion_qs_nobias,14035769,-3.554396043924167,-1.5485278833756437,-2.0058681605485233
fusion_qs_nobias,14035770,-2.5470058033176275,-1.701777232796299,-0.8452285705213285
fusion_qs_nobias,14035592,-2.9433361895154837,-1.8955491730651812,-1.0477870164503025
fusion_qs_nobias,14035594,-3.0379030438064816,-1.9348406436465346,-1.103062400159947
fusion_qs_nobias,14035595,-2.78524205140976,-2.78524205140976,0.0
fusion_qs_nobias,14035593,-3.8853300015811376,-2.631825464714507,-1.2535045368666307
fusion_qs_nobias,14035597,-3.02171755212185,-2.0016311367174486,-1.0200864154044011
fusion_qs_nobias,14035598,-2.2795432921974235,-1.5009415661974552,-0.7786017259999682
fusion_qs_nobias,14035596,-2.112570797636727,-1.4093688594691014,-0.7032019381676258
fusion_qs_nobias,15399014,-8.496459669069077,-3.068899429171477,-5.4275602398976
fusion_qs_nobias,14035774,-2.6195404180292385,-1.5004781957557378,-1.1190622222735007
fusion_qs_nobias,14035773,-4.761435128985348,-3.5002325515869597,-1.2612025773983886
fusion_qs_nobias,14035772,-2.1832528957441615,-1.4763370303046308,-0.7069158654395307
fusion_qs_nobias,14035775,-2.6738822683432097,-1.7530227357430521,-0.9208595326001576
fusion_qs_nobias,14035776,-2.1441607638917266,-1.4390134993577188,-0.7051472645340078
fusion_qs_nobias,14035782,-2.6294405079591634,-1.6233315171292126,-1.0061089908299508
fusion_qs_nobias,14035777,-2.6876274428167246,-1.4217248216350336,-1.265902621181691
fusion_qs_nobias,14035781,-2.8214472535694903,-2.8214472535694903,0.0
fusion_qs_nobias,15456958,-2.086455628248024,-1.3831420499133127,-0.7033135783347115
fusion_qs_nobias,14035602,-2.5693764428095256,-1.5170173857128246,-1.052359057096701
fusion_qs_nobias,14035606,-2.649856491015499,-1.5159971600526743,-1.1338593309628249
fusion_qs_nobias,14035603,-2.179472712741964,-1.8127027310048058,-0.36676998173715836
fusion_qs_nobias,14035604,-3.1589674608007856,-1.9909807614475277,-1.167986699353258
fusion_qs_nobias,14035605,-2.118785350150015,-1.3980502333054523,-0.7207351168445628
fusion_qs_nobias,15332289,-3.0005801486420056,-1.9129852301575923,-1.0875949184844134
fusion_qs_nobias,15368752,-2.3026585116219533,-1.7414408829024215,-0.5612176287195318
fusion_qs_nobias,14035607,-2.2598613582577745,-1.4468900503761626,-0.8129713078816119
fusion_qs_nobias,14035608,-2.2300965603958995,-1.3780569609032758,-0.8520395994926238
fusion_qs_nobias,14035610,-3.9085433990206995,-2.5756895211533384,-1.332853877867361
fusion_qs_nobias,14035609,-2.968721603905299,-1.505100348763999,-1.4636212551413001
fusion_qs_nobias,14035611,-2.998489090366654,-1.9174185426816417,-1.0810705476850122
fusion_qs_nobias,15336943,-2.4804125591972337,-1.9406984939662102,-0.5397140652310235
fusion_qs_nobias,15416466,-2.1646820596342673,-1.447799318098245,-0.7168827415360224
fusion_qs_nobias,14035787,-3.0210902727728968,-3.0210902727728968,0.0
fusion_qs_nobias,14035778,-4.255336367974377,-2.7718254063415246,-1.4835109616328523
fusion_qs_nobias,15366428,-6.678266636107505,-3.6639964856954266,-3.0142701504120786
fusion_qs_nobias,15547533,-3.0795797536368315,-1.4990092003836908,-1.5805705532531407
fusion_qs_nobias,14035786,-2.7188769269219613,-1.6931922183177275,-1.0256847086042338
fusion_qs_nobias,14035788,-4.197892430367839,-2.201280809872367,-1.9966116204954716
fusion_qs_nobias,14035789,-2.3527503838959483,-1.920736030958185,-0.43201435293776336
fusion_qs_nobias,14035790,-2.547877388877585,-1.5128398582625322,-1.0350375306150528
fusion_qs_nobias,14035792,-2.6868466269989995,-1.5363017771207317,-1.1505448498782678
fusion_qs_nobias,14035614,-2.9346659012720675,-2.9346659012720675,0.0
fusion_qs_nobias,14035616,-2.1291247705613787,-1.588531679313965,-0.5405930912474137
fusion_qs_nobias,14035613,-2.131577880722217,-1.4255323102997928,-0.7060455704224242
fusion_qs_nobias,14035612,-2.5485275704464234,-1.4026191837303577,-1.1459083867160658
fusion_qs_nobias,14035615,-3.3939867456246033,-1.4237820317670837,-1.9702047138575196
fusion_qs_nobias,15490658,-2.134949394109752,-1.4007772753975802,-0.7341721187121719
fusion_qs_nobias,15490775,-2.216507912206033,-1.6172442807547778,-0.5992636314512552
fusion_qs_nobias,14035620,-2.639371856845796,-1.7550692522050857,-0.8843026046407101
fusion_qs_nobias,14035618,-2.4117474086071984,-1.5178140793057093,-0.893933329301489
fusion_qs_nobias,14035619,-3.7285341992648675,-1.509840290134962,-2.2186939091299056
fusion_qs_nobias,14035617,-2.3278973707089956,-1.5063597744556967,-0.8215375962532989
fusion_qs_nobias,14035621,-2.087034533349224,-1.3649097795683873,-0.7221247537808366
fusion_qs_nobias,15399013,-2.9532052482773796,-2.9532052482773796,0.0
fusion_qs_nobias,15416481,-2.845168242368355,-1.5002859468876055,-1.3448822954807493
fusion_qs_nobias,15395623,-3.0464075251502263,-1.4919874003332794,-1.554420124816947
fusion_qs_nobias,14035796,-3.749419330733314,-1.8976517519550153,-1.8517675787782988
fusion_qs_nobias,14035794,-2.199966143577414,-1.4990655599091471,-0.7009005836682667
fusion_qs_nobias,14035791,-3.2154826977558644,-1.7336172512568917,-1.4818654464989727
fusion_qs_nobias,14035793,-2.74341904788216,-2.74341904788216,0.0
fusion_qs_nobias,14035795,-2.5651255486427127,-1.5092548864981203,-1.0558706621445924
fusion_qs_nobias,15458714,-2.189975529460196,-1.4613062976950753,-0.7286692317651209
fusion_qs_nobias,14035801,-2.106476780952918,-1.3999813248852158,-0.7064954560677024
fusion_qs_nobias,14035798,-4.045491071697507,-1.5165184291099507,-2.528972642587556
fusion_qs_nobias,14035799,-3.035318644633021,-1.5074523101558204,-1.5278663344772005
fusion_qs_nobias,14035800,-4.532600650374104,-2.403850822984482,-2.128749827389622
fusion_qs_nobias,14035797,-4.289481470922583,-2.915483080318087,-1.3739983906044961
fusion_qs_nobias,15530801,-3.274291813322215,-1.9199377683275727,-1.3543540449946425
fusion_qs_nobias,14035622,-2.973353534457353,-1.8526486608795594,-1.1207048735777936
fusion_qs_nobias,14035624,-2.4577059434770483,-1.480449393187676,-0.9772565502893722
fusion_qs_nobias,14035626,-2.219265273435738,-1.5533532142507358,-0.6659120591850023
fusion_qs_nobias,14035627,-2.0829794904878995,-1.3820723480696393,-0.7009071424182602
fusion_qs_nobias,14035623,-8.037616586413835,-6.537613233268023,-1.5000033531458117
fusion_qs_nobias,15457468,-2.6819003083045394,-1.8095271580196268,-0.8723731502849126
fusion_qs_nobias,14035625,-2.9195172959221956,-1.8643153451992962,-1.0552019507228994
fusion_qs_nobias,14035628,-2.2022530307379906,-1.4071968143645572,-0.7950562163734334
fusion_qs_nobias,14035631,-2.1796755449259204,-1.3734946727262132,-0.8061808721997072
fusion_qs_nobias,14035629,-3.0742677282039024,-1.836759034905287,-1.2375086932986155
fusion_qs_nobias,14035632,-2.1324555730439005,-1.4087826134362462,-0.7236729596076543
fusion_qs_nobias,15422405,-2.3982969825165603,-1.4986119125713107,-0.8996850699452497
fusion_qs_nobias,15588942,-2.7359433365465122,-1.4422372797595535,-1.2937060567869587
fusion_qs_nobias,14035804,-2.869099444976188,-1.5009817670221854,-1.3681176779540027
fusion_qs_nobias,14035803,-2.1969659918902464,-1.480955559506447,-0.7160104323837995
fusion_qs_nobias,14035805,-2.593271187073499,-1.4987638490425645,-1.0945073380309345
fusion_qs_nobias,14035806,-2.3906774868537872,-1.524362583724988,-0.8663149031287993
fusion_qs_nobias,14035802,-3.4376600534700597,-1.5171544258459686,-1.920505627624091
fusion_qs_nobias,15588903,-2.018703253973917,-1.5973595415034303,-0.42134371247048663
fusion_qs_nobias,14035808,-2.46927175376483,-1.4978257852751222,-0.9714459684897079
fusion_qs_nobias,14035811,-3.221067599443393,-2.0360780685697004,-1.1849895308736924
fusion_qs_nobias,14035810,-2.0817579656319345,-1.3495375257159699,-0.7322204399159646
fusion_qs_nobias,14035809,-3.3295491137694446,-1.4980577254501324,-1.8314913883193122
fusion_qs_nobias,14035807,-2.3479510349502566,-1.5036477420958414,-0.8443032928544152
fusion_qs_nobias,14035637,-2.3112522947199015,-1.44223462794201,-0.8690176667778915
fusion_qs_nobias,14035633,-2.7359695220234626,-1.5106210798988529,-1.2253484421246097
fusion_qs_nobias,14035635,-3.0846081007298634,-2.0405039328690457,-1.0441041678608176
fusion_qs_nobias,14035630,-2.681303323167106,-1.5087474381304684,-1.1725558850366378
fusion_qs_nobias,14035638,-2.8487133666074387,-1.5244832380805882,-1.3242301285268505
fusion_qs_nobias,14035636,-2.452393790818914,-1.7241468983344994,-0.7282468924844148
fusion_qs_nobias,14035634,-2.174069257293117,-1.413853007028971,-0.7602162502641459
fusion_qs_nobias,14035645,-2.3082295991604873,-1.7275400045585436,-0.5806895946019437
fusion_qs_nobias,15588896,-2.6149478294668915,-1.397912394171539,-1.2170354352953525
fusion_qs_nobias,15588927,-3.3933934917901776,-1.8739386380020595,-1.519454853788118
fusion_qs_nobias,14035814,-2.9080574311722884,-1.904720548291762,-1.0033368828805265
fusion_qs_nobias,14035816,-2.1708590717035454,-1.4495250790858298,-0.7213339926177156
fusion_qs_nobias,14035815,-2.9288848789320427,-1.4592005878206273,-1.4696842911114154
fusion_qs_nobias,14035813,-2.5069877300028836,-1.8672950362788712,-0.6396926937240124
fusion_qs_nobias,14035812,-2.3312152371890504,-1.7711369091844227,-0.5600783280046278
fusion_qs_nobias,14035819,-2.7468995128434095,-1.5118210767618214,-1.235078436081588
fusion_qs_nobias,14035818,-2.3427734110016543,-1.5098380934974893,-0.8329353175041649
fusion_qs_nobias,14035827,-2.43556834875276,-1.518704383304776,-0.916863965447984
fusion_qs_nobias,14035820,-2.14625952631563,-1.4403589841078168,-0.7059005422078131
fusion_qs_nobias,14035817,-2.6491302273978525,-1.7443683965175873,-0.9047618308802652
fusion_qs_nobias,15881894,-3.6585303356430283,-2.4757349784403098,-1.1827953572027186
fusion_qs_nobias,14035640,-2.5443363686547897,-1.7960579698665797,-0.74827839878821
fusion_qs_nobias,14035642,-2.5308553544530876,-1.5158204735463956,-1.015034880906692
fusion_qs_nobias,14035643,-3.3452595713496676,-1.927693052714856,-1.4175665186348116
fusion_qs_nobias,14035641,-2.1290712807593275,-1.3499490275055714,-0.7791222532537561
fusion_qs_nobias,14035644,-2.3939105812194876,-1.4372002482406268,-0.9567103329788609
fusion_qs_nobias,15680573,-2.1326184821291,-1.4380635985741097,-0.6945548835549904
fusion_qs_nobias,14035650,-2.9486923794397506,-1.4449244611960237,-1.503767918243727
fusion_qs_nobias,14035647,-2.843221482372738,-1.3558121453032859,-1.487409337069452
fusion_qs_nobias,14035646,-2.337510505006697,-1.4553371439742642,-0.8821733610324327
fusion_qs_nobias,14035648,-2.266169192480802,-2.068388608546783,-0.1977805839340192
fusion_qs_nobias,14035651,-2.121296178523141,-1.4133259722736968,-0.707970206249444
fusion_qs_nobias,14035821,-2.3338276527277713,-1.4982493874284057,-0.8355782652993655
fusion_qs_nobias,14035823,-2.67659305248422,-1.8559445387541107,-0.8206485137301094
fusion_qs_nobias,14035822,-3.050944393922128,-1.5258992556845314,-1.5250451382375967
fusion_qs_nobias,14035826,-2.4939212438493454,-1.490275208506101,-1.0036460353432444
fusion_qs_nobias,14035824,-3.8386744632221563,-1.4990906055205482,-2.339583857701608
fusion_qs_nobias,14032717,-2.8577289235216976,-1.8218478017917383,-1.0358811217299593
fusion_qs_nobias,14032707,-2.9522587055138785,-1.6607383097074808,-1.2915203958063977
fusion_qs_nobias,14032715,-2.473696778668605,-1.4948555418300562,-0.9788412368385488
fusion_qs_nobias,14032721,-2.496765870608484,-1.3886356187336382,-1.1081302518748457
fusion_qs_nobias,14032718,-2.38572575182123,-1.6125104536266768,-0.7732152981945533
fusion_qs_nobias,14035653,-2.6739212674659147,-1.393331665781005,-1.2805896016849097
fusion_qs_nobias,14035652,-2.4464592732614876,-1.4770773207652848,-0.9693819524962028
fusion_qs_nobias,14035654,-3.010195795001943,-1.788993074369231,-1.2212027206327118
fusion_qs_nobias,14035655,-3.0319587689190715,-1.8634409011642585,-1.168517867754813
fusion_qs_nobias,14035656,-2.124826278502896,-1.6185541185138321,-0.5062721599890638
fusion_qs_nobias,14032710,-2.902001597727953,-1.7979418412883164,-1.1040597564396368
fusion_qs_nobias,14032708,-2.5599014953130297,-2.094293293685855,-0.46560820162717453
fusion_qs_nobias,14032714,-2.177080814864319,-1.4014980187211665,-0.7755827961431523
fusion_qs_nobias,14032719,-3.0509687324568153,-1.8050253098846616,-1.2459434225721537
fusion_qs_nobias,14032720,-2.346137716240913,-1.4969400323772768,-0.8491976838636361
fusion_grw_bias,12477128,-2.416875314905354,-1.5174695483164096,-0.8994057665889443
fusion_grw_bias,12477134,-2.174178985622474,-1.4747035395117132,-0.6994754461107606
fusion_grw_bias,12477131,-3.670159798730854,-1.711096179417804,-1.95906361931305
fusion_grw_bias,12477135,-2.9326650409619703,-2.9326650409619703,0.0
fusion_grw_bias,12477132,-2.14422175352178,-1.448442313833342,-0.695779439688438
fusion_grw_bias,12476800,-2.6117205986045047,-1.9089094916702478,-0.7028111069342569
fusion_grw_bias,12476794,-2.4572034194955115,-1.4972753571053863,-0.9599280623901252
fusion_grw_bias,12476797,-2.7320113971431152,-1.4201144107574741,-1.3118969863856411
fusion_grw_bias,12476799,-2.826979934402016,-2.826979934402016,0.0
fusion_grw_bias,12476798,-4.213222036306828,-3.0327802901122545,-1.1804417461945733
fusion_grw_bias,12477129,-2.3127493930480374,-1.4979836602207726,-0.8147657328272648
fusion_grw_bias,12477126,-5.097742077577156,-3.4532473657470213,-1.6444947118301343
fusion_grw_bias,12477130,-3.028196313004724,-2.0409568161056395,-0.9872394968990843
fusion_grw_bias,12477123,-2.6141231267133094,-2.6141231267133094,0.0
fusion_grw_bias,12477133,-2.378848320933789,-1.7071364780242124,-0.6717118429095765
fusion_grw_bias,12476632,-2.3588649376468345,-1.523799237801702,-0.8350656998451325
fusion_grw_bias,12476633,-2.78240025009722,-1.7256926331179823,-1.0567076169792375
fusion_grw_bias,12476630,-2.5250761508939745,-1.365747906725672,-1.1593282441683026
fusion_grw_bias,12476635,-2.40263410768607,-1.5300501825228,-0.8725839251632703
fusion_grw_bias,12476636,-2.3589140669531137,-1.7113834103929244,-0.6475306565601893
fusion_grw_bias,12476793,-2.1696849689838795,-1.4482006127905962,-0.7214843561932833
fusion_grw_bias,12476795,-2.218114084150679,-1.5142353019232773,-0.7038787822274015
fusion_grw_bias,12476796,-4.158922851721703,-1.5062520676216735,-2.65267078410003
fusion_grw_bias,12476792,-2.6466440544400673,-1.5319953433956557,-1.1146487110444117
fusion_grw_bias,12476790,-2.3833654797574564,-1.7571475255426277,-0.6262179542148287
fusion_grw_bias,12476788,-2.8704834539432547,-2.8704834539432547,0.0
fusion_grw_bias,12476786,-3.5046806080776265,-2.3905903610923467,-1.1140902469852798
fusion_grw_bias,12476787,-2.6409560947389323,-1.9744318734946948,-0.6665242212442375
fusion_grw_bias,12476791,-2.8014205138076504,-1.8091073575897203,-0.9923131562179301
fusion_grw_bias,12476789,-2.4424024857092115,-1.7918761794120333,-0.6505263062971782
fusion_grw_bias,12476629,-2.423375541558094,-1.5459867453560383,-0.8773887962020557
fusion_grw_bias,12476634,-2.83875156292042,-1.4286545142438531,-1.4100970486765667
fusion_grw_bias,12476623,-2.2123782157424525,-1.7015054310068447,-0.5108727847356078
fusion_grw_bias,12476631,-2.9108629388239824,-1.8019551993657843,-1.108907739458198
fusion_grw_bias,12476624,-2.4753473362680323,-2.4753473362680323,0.0
fusion_grw_bias,12476627,-4.8800770456856295,-1.502593603017915,-3.3774834426677147
fusion_grw_bias,12476625,-2.4404121730238355,-1.5117349155628963,-0.9286772574609392
fusion_grw_bias,12476621,-2.1033048321360273,-1.3943456267311902,-0.708959205404837
fusion_grw_bias,12476622,-4.997625807383443,-1.9456216544949287,-3.0520041528885145
fusion_grw_bias,12476782,-2.9133620093537678,-2.9133620093537678,0.0
fusion_grw_bias,12476785,-2.308696698897007,-1.7303085500109345,-0.5783881488860723
fusion_grw_bias,12476784,-2.799172892428859,-1.7995057947501047,-0.9996670976787541
fusion_grw_bias,12476781,-2.4875880675830335,-1.8783168350159156,-0.6092712325671179
fusion_grw_bias,12476779,-5.189513885581713,-3.139215927463626,-2.0502979581180867
fusion_grw_bias,12476619,-5.570519226922707,-3.5074513834905865,-2.063067843432121
fusion_grw_bias,12476620,-3.471230130991821,-1.7958316392010258,-1.6753984917907954
fusion_grw_bias,12476618,-2.275818103905262,-1.575080177735604,-0.7007379261696578
fusion_grw_bias,12476626,-2.652935072787371,-1.453804824910592,-1.1991302478767791
fusion_grw_bias,12476617,-2.093866896543504,-1.384118700625938,-0.7097481959175662
fusion_grw_bias,12476780,-2.9062750486596745,-1.8996309476738609,-1.0066441009858136
fusion_grw_bias,12476778,-3.233070498884134,-1.7841275183707368,-1.4489429805133973
fusion_grw_bias,12476776,-3.4670407308681677,-1.51546985439546,-1.9515708764727078
fusion_grw_bias,12476777,-2.479609477513167,-1.517764270575714,-0.9618452069374532
fusion_grw_bias,12476783,-2.289481474813598,-1.5904892615562558,-0.6989922132573423
fusion_grw_bias,12476772,-2.1436442443239954,-1.4351616911541298,-0.7084825531698655
fusion_grw_bias,12476774,-2.7166731815983294,-2.7166731815983294,0.0
fusion_grw_bias,12476771,-2.6821050215276756,-1.8514048836212218,-0.8307001379064538
fusion_grw_bias,12476773,-2.716242999588803,-1.5491000144402276,-1.1671429851485755
fusion_grw_bias,12476775,-2.452698623770285,-1.894339038230863,-0.5583595855394221
fusion_grw_bias,12476611,-2.6230618571254642,-1.5257400594496071,-1.0973217976758571
fusion_grw_bias,12476616,-2.469001344285563,-1.5931545265482145,-0.8758468177373486
fusion_grw_bias,12476614,-2.402133868520591,-1.535183384548435,-0.866950483972156
fusion_grw_bias,12476612,-1.9858234663348064,-1.4639183580712414,-0.5219051082635651
fusion_grw_bias,12476615,-2.45310985186091,-1.5155532327367682,-0.9375566191241416
fusion_grw_bias,12811090,-2.055950976379653,-1.3537819941700782,-0.7021689822095747
fusion_grw_bias,12476607,-2.6216519491037573,-1.3814968536503454,-1.240155095453412
fusion_grw_bias,12476613,-2.8028291417452156,-2.8028291417452156,0.0
fusion_grw_bias,12476606,-2.9592184697592088,-1.4065043890379498,-1.552714080721259
fusion_grw_bias,12476603,-2.4652516162573606,-1.546169293210746,-0.9190823230466145
fusion_grw_bias,12476770,-2.573098166671871,-2.573098166671871,0.0
fusion_grw_bias,12476767,-2.703926686774919,-1.4550645461009426,-1.2488621406739766
fusion_grw_bias,12476766,-2.9072718087301332,-1.9178221727195526,-0.9894496360105807
fusion_grw_bias,12476769,-3.3792913255636985,-1.505543997950102,-1.8737473276135965
fusion_grw_bias,12476768,-4.560123318176531,-2.998200802074701,-1.5619225161018302
fusion_grw_bias,12476761,-2.2843067060792888,-1.5906223364016543,-0.6936843696776345
fusion_grw_bias,12476765,-3.1311311410815517,-1.4862028633341258,-1.644928277747426
fusion_grw_bias,12476764,-6.038990329002803,-3.2177983258548046,-2.8211920031479982
fusion_grw_bias,12476762,-2.479038423056424,-1.8487761050958935,-0.6302623179605307
fusion_grw_bias,12476759,-3.400947527664721,-1.7819569009105065,-1.6189906267542147
fusion_grw_bias,12476604,-2.9446232772903054,-1.9429245343422692,-1.0016987429480362
fusion_grw_bias,12476609,-2.7878433600396217,-1.41907891662581,-1.3687644434138118
fusion_grw_bias,12476610,-4.552809117353414,-3.000311648850189,-1.552497468503225
fusion_grw_bias,12476601,-2.228336961276154,-1.4951420218833011,-0.7331949393928527
fusion_grw_bias,12476605,-2.4369955735460502,-1.6636694062162725,-0.7733261673297778
fusion_grw_bias,12476600,-5.003303601906749,-2.533121859556166,-2.470181742350583
fusion_grw_bias,12476598,-2.4236185275715716,-1.526143361659854,-0.8974751659117175
fusion_grw_bias,12476599,-2.502108921382965,-1.6328176932840774,-0.8692912280988874
fusion_grw_bias,12476597,-2.3811887284782207,-1.5033773308167466,-0.8778113976614741
fusion_grw_bias,12476602,-2.0569929438441803,-1.3522163375944478,-0.7047766062497325
fusion_grw_bias,12476760,-2.7298331359537817,-1.4637879789128694,-1.2660451570409124
fusion_grw_bias,12476763,-3.417390120224913,-1.7755573874238688,-1.641832732801044
fusion_grw_bias,12476758,-2.168923566082675,-1.6731161513790767,-0.49580741470359824
fusion_grw_bias,12476757,-2.9837236951165744,-1.4198221536262319,-1.5639015414903426
fusion_grw_bias,12476756,-2.485101596734,-1.802442901518776,-0.6826586952152243
fusion_grw_bias,12954858,-3.3577262903304037,-1.3912039272760892,-1.9665223630543145
fusion_grw_bias,12476594,-3.3922659126576353,-1.9162341446986737,-1.4760317679589616
fusion_grw_bias,12476592,-3.8359858285495454,-2.116688551238251,-1.7192972773112944
fusion_grw_bias,12476595,-2.523743663346309,-2.523743663346309,0.0
fusion_grw_bias,12476593,-2.6328741832459013,-2.6328741832459013,0.0
fusion_grw_bias,12476596,-2.4046020061684423,-1.4938327795242083,-0.910769226644234
fusion_grw_bias,12476750,-2.934581166720518,-1.435701123976838,-1.49888004274368
fusion_grw_bias,12476753,-3.447245180210476,-1.9170006382343452,-1.5302445419761308
fusion_grw_bias,12476755,-2.4918900086468683,-1.7184274750181205,-0.7734625336287477
fusion_grw_bias,12476752,-2.4410422749289618,-1.7508709401694214,-0.6901713347595404
fusion_grw_bias,12476751,-2.422826425155939,-1.503405222607498,-0.919421202548441
fusion_grw_bias,12476749,-3.749512896704063,-1.5071158981210855,-2.2423969985829775
fusion_grw_bias,12476748,-2.3918104824861,-1.8034031326440867,-0.5884073498420133
fusion_grw_bias,12476739,-2.1276054163780467,-1.388215103038355,-0.7393903133396917
fusion_grw_bias,12476741,-2.2476446527545133,-1.6351276147679707,-0.6125170379865426
fusion_grw_bias,12476754,-5.091136531811291,-2.4142835489511416,-2.676852982860149
fusion_grw_bias,12476589,-3.17528518263288,-1.417667293279111,-1.757617889353769
fusion_grw_bias,12476587,-2.418513228905749,-1.5619735728034825,-0.8565396561022665
fusion_grw_bias,12476591,-2.9290512028722224,-1.885901972504327,-1.0431492303678955
fusion_grw_bias,12476590,-2.1630788255578137,-1.4133145658677604,-0.7497642596900533
fusion_grw_bias,12476588,-2.2590334255097893,-1.6820880125868363,-0.576945412922953
fusion_grw_bias,12476746,-2.065394542105326,-1.3680487813477686,-0.6973457607575573
fusion_grw_bias,12476747,-2.83285303189389,-1.5441660204110905,-1.2886870114827993
fusion_grw_bias,12476742,-2.499036053695689,-1.5403712510643912,-0.9586648026312978
fusion_grw_bias,12476745,-2.0888211549289437,-1.3884940751534094,-0.7003270797755343
fusion_grw_bias,12476743,-2.177133035921873,-1.479824381011327,-0.697308654910546
fusion_grw_bias,12476737,-2.4667570932450014,-1.506702580794018,-0.9600545124509834
fusion_grw_bias,12476735,-2.141551220288548,-1.5792028696418232,-0.5623483506467248
fusion_grw_bias,12476744,-2.4127765875619103,-1.5070589466647644,-0.9057176408971459
fusion_grw_bias,12476738,-2.267346762412585,-1.6425017571407545,-0.6248450052718304
fusion_grw_bias,12476740,-2.900641925673079,-1.489937188074927,-1.4107047375981518
fusion_grw_bias,12476586,-3.6304634799873603,-2.5297657868515704,-1.10069769313579
fusion_grw_bias,12476582,-2.8433900596092285,-1.5283641773494065,-1.315025882259822
fusion_grw_bias,12476579,-3.9052762682775293,-1.5756932913702832,-2.329582976907246
fusion_grw_bias,12476585,-2.7018465598893613,-1.4041522409364937,-1.2976943189528676
fusion_grw_bias,12476583,-2.786348904322565,-1.8374058001037206,-0.9489431042188445
fusion_grw_bias,12476584,-4.331327076040835,-2.300835693325618,-2.030491382715217
fusion_grw_bias,12476581,-3.2931426567886324,-1.941101099870902,-1.3520415569177304
fusion_grw_bias,12476580,-2.502361011417762,-1.560356292041576,-0.9420047193761858
fusion_grw_bias,12476574,-2.5540458510976998,-1.5230506629970126,-1.0309951881006871
fusion_grw_bias,12476578,-3.3716788635299055,-1.533064025079696,-1.8386148384502095
fusion_grw_bias,12476731,-2.404588792806026,-1.5299842580939338,-0.8746045347120923
fusion_grw_bias,12476548,-2.089215666370211,-1.3883189003871996,-0.7008967659830112
fusion_grw_bias,13179032,-3.8849209812289254,-1.5107675792629085,-2.3741534019660167
fusion_grw_bias,13171689,-2.795773989487431,-1.7946355226262405,-1.0011384668611907
fusion_grw_bias,12476727,-4.053628031162753,-2.940566907680295,-1.1130611234824581
fusion_grw_bias,12476729,-2.1287779393504906,-1.428194137785588,-0.7005838015649026
fusion_grw_bias,12476724,-4.359395757437419,-1.7976638716942352,-2.5617318857431837
fusion_grw_bias,12476730,-2.3904072832761813,-1.5192452511688705,-0.8711620321073108
fusion_grw_bias,12476728,-2.8543139397236903,-1.4322588435237587,-1.4220550961999316
fusion_grw_bias,12476720,-2.889591580380754,-1.3572359573192547,-1.5323556230614992
fusion_grw_bias,12476722,-2.7786469762556893,-2.7786469762556893,0.0
fusion_grw_bias,12476721,-2.6731090880456296,-1.535050202739898,-1.1380588853057316
fusion_grw_bias,12476725,-6.135966196268978,-2.9724355105265374,-3.1635306857424403
fusion_grw_bias,12476723,-2.4376710439241265,-1.5190896794090938,-0.9185813645150327
fusion_grw_bias,13171688,-2.38500029685692,-1.5100793481301322,-0.8749209487267879
fusion_grw_bias,12476562,-4.308098580343041,-1.5060788191239682,-2.802019761219073
fusion_grw_bias,12476564,-3.660287704801166,-2.4985319833310773,-1.1617557214700889
fusion_grw_bias,12476565,-2.402816110231484,-1.5430623672192776,-0.8597537430122064
fusion_grw_bias,13175772,-3.8792146537811805,-1.9534749705126264,-1.925739683268554
fusion_grw_bias,12476563,-2.722012558863371,-2.722012558863371,0.0
fusion_grw_bias,12476556,-2.2352588291702116,-1.6352827762248527,-0.5999760529453588
fusion_grw_bias,12476558,-3.6719488319880966,-2.54547372025285,-1.1264751117352465
fusion_grw_bias,12476561,-5.0233311478111835,-3.3113393114745433,-1.7119918363366402
fusion_grw_bias,12476560,-5.742193666893236,-3.4703105796041775,-2.2718830872890585
fusion_grw_bias,13179034,-3.7114483370069777,-2.4963872137497924,-1.2150611232571853
fusion_grw_bias,12476726,-2.2191506742695344,-1.5411981931599827,-0.6779524811095516
fusion_grw_bias,12476718,-4.29374570634095,-1.8937892116162685,-2.399956494724681
fusion_grw_bias,12476716,-2.8017660440497525,-1.4598293227165684,-1.341936721333184
fusion_grw_bias,12476719,-2.723786308773958,-1.4108004426608394,-1.3129858661131186
fusion_grw_bias,12476717,-2.5101578974729195,-1.5042737153666794,-1.00588418210624
fusion_grw_bias,12476713,-5.072225931331555,-2.611861237448487,-2.4603646938830686
fusion_grw_bias,12476715,-3.414722927580654,-1.8892459248531337,-1.5254770027275202
fusion_grw_bias,12476714,-3.1026859721923437,-1.5380911751838924,-1.5645947970084513
fusion_grw_bias,12476710,-2.130594861569084,-1.4152840319207205,-0.7153108296483635
fusion_grw_bias,12476712,-2.7707729902560896,-1.5412798354242288,-1.2294931548318608
fusion_grw_bias,13175771,-2.077328775346882,-1.3752731689346693,-0.7020556064122125
fusion_grw_bias,13159980,-4.885161968768348,-3.434499584313081,-1.450662384455267
fusion_grw_bias,12476551,-2.490404376417175,-1.647890570478478,-0.842513805938697
fusion_grw_bias,12476555,-2.4821388659878076,-1.426109280030331,-1.0560295859574766
fusion_grw_bias,12476557,-5.230266015892519,-3.3704930407213665,-1.8597729751711523
fusion_grw_bias,12476554,-2.5335013193399196,-1.3917486651813515,-1.141752654158568
fusion_grw_bias,12476550,-2.116101868554697,-1.4149935152093125,-0.7011083533453846
fusion_grw_bias,12476549,-2.8870208738143304,-1.374024345531101,-1.5129965282832294
fusion_grw_bias,12476547,-2.228287445671744,-1.781827811198966,-0.4464596344727778
fusion_grw_bias,12476552,-2.099688371194029,-1.397691793063157,-0.7019965781308719
fusion_grw_bias,12476553,-2.9337417950228573,-1.9160448332767193,-1.017696961746138
fusion_grw_bias,12476711,-3.554156174791482,-1.892670990227355,-1.661485184564127
fusion_grw_bias,12476708,-2.4245747990939264,-1.41870968890354,-1.0058651101903864
fusion_grw_bias,12476707,-2.3505166860673605,-1.7285209565227553,-0.6219957295446052
fusion_grw_bias,12476709,-2.627722006016735,-2.627722006016735,0.0
fusion_grw_bias,12476706,-2.1659241414317294,-1.4420757416244752,-0.7238483998072542
fusion_grw_bias,12476705,-2.0961465590771082,-1.3919394163639207,-0.7042071427131875
fusion_grw_bias,12476701,-2.7575737502287057,-2.7575737502287057,0.0
fusion_grw_bias,12476539,-3.0473292551571705,-1.4147152025133125,-1.632614052643858
fusion_grw_bias,12476545,-2.544785225657394,-1.4689057244788608,-1.0758795011785334
fusion_grw_bias,12476546,-2.1321170026156087,-1.5796122229874179,-0.5525047796281908
fusion_grw_bias,13217663,-4.454348416054235,-3.298483929201985,-1.1558644868522499
fusion_grw_bias,12476541,-3.198152115147737,-1.5119373702359862,-1.6862147449117508
fusion_grw_bias,12476544,-2.2123290470671058,-1.7319651332426318,-0.48036391382447396
fusion_grw_bias,12476533,-2.087173257872842,-1.3819377901865042,-0.7052354676863379
fusion_grw_bias,13324922,-3.240444253094161,-1.548483165591874,-1.6919610875022868
fusion_grw_bias,13197505,-4.140970204392856,-2.9251648901441323,-1.2158053142487235
fusion_grw_bias,12476697,-2.5300735290407217,-1.5644458249159923,-0.9656277041247294
fusion_grw_bias,12476698,-5.0790210547581705,-1.8811232520673897,-3.1978978026907807
fusion_grw_bias,12476700,-2.9327213097665763,-1.9462412430298655,-0.9864800667367108
fusion_grw_bias,12476696,-2.9981845932394293,-1.8167746605406052,-1.181409932698824
fusion_grw_bias,13315347,-2.171837137590462,-1.669780446091967,-0.5020566914984952
fusion_grw_bias,12476531,-3.3468027139460452,-1.4489615607615234,-1.8978411531845218
fusion_grw_bias,12476529,-3.508968233754615,-2.4389057089135964,-1.0700625248410187
fusion_grw_bias,12476538,-2.5964486620308174,-1.3691290220688341,-1.2273196399619832
fusion_grw_bias,13233442,-2.892178271849963,-1.8958650132192052,-0.9963132586307577
fusion_grw_bias,12476519,-2.425931091496486,-1.7054457122190956,-0.7204853792773902
fusion_grw_bias,12476525,-2.8643894971828576,-2.8643894971828576,0.0
fusion_grw_bias,12476523,-3.686921055236602,-2.5298079879440225,-1.1571130672925793
fusion_grw_bias,12476522,-3.475075858546204,-1.5117148055444891,-1.9633610530017147
fusion_grw_bias,12476524,-2.3857317232134747,-1.5609562940845492,-0.8247754291289255
fusion_grw_bias,12476693,-2.0389274524710683,-1.5295544485452865,-0.5093730039257818
fusion_grw_bias,12476695,-2.49510220974748,-1.508148697506197,-0.9869535122412829
fusion_grw_bias,12476691,-3.66979876070671,-1.553650355490053,-2.1161484052166575
fusion_grw_bias,12476692,-3.591942163622824,-1.8432454375542675,-1.7486967260685566
fusion_grw_bias,12476699,-2.2212167671044933,-1.5254000219365798,-0.6958167451679136
fusion_grw_bias,12476689,-3.6449711827574776,-1.5549896673366317,-2.089981515420846
fusion_grw_bias,12476685,-2.964042507173566,-1.9778379996508415,-0.9862045075227244
fusion_grw_bias,12476686,-2.4521307198441242,-1.531454641298511,-0.9206760785456132
fusion_grw_bias,12476690,-2.4650609942409947,-1.5026114699474136,-0.9624495242935811
fusion_grw_bias,13343736,-3.1814043973517485,-1.9458897777900548,-1.2355146195616937
fusion_grw_bias,12476521,-5.495389952083988,-4.176693351959691,-1.318696600124297
fusion_grw_bias,12476514,-3.0728948318277847,-2.0293223129952196,-1.043572518832565
fusion_grw_bias,12476518,-2.7251249795586743,-1.4002699570397634,-1.3248550225189109
fusion_grw_bias,12476520,-2.47539694217995,-1.5063039805498697,-0.9690929616300803
fusion_grw_bias,12476515,-2.4324743167713807,-1.6787270950203521,-0.7537472217510286
fusion_grw_bias,13348881,-3.2910673352946525,-1.847482729829983,-1.4435846054646695
fusion_grw_bias,13255608,-3.3269393149137154,-1.5109035634537742,-1.8160357514599412
fusion_grw_bias,12476516,-2.5647469129515597,-1.6164544739361872,-0.9482924390153724
fusion_grw_bias,12476512,-2.333980440823307,-1.6939331584796051,-0.640047282343702
fusion_grw_bias,12476511,-3.183971891629558,-1.8560172013904763,-1.3279546902390815
fusion_grw_bias,12476517,-2.542587563344338,-1.4116280769771175,-1.1309594863672205
fusion_grw_bias,12476513,-5.572690129373841,-4.333375460882236,-1.2393146684916054
fusion_grw_bias,13391276,-2.095237868372233,-1.385069602798075,-0.7101682655741579
fusion_grw_bias,12476688,-2.946351110458656,-1.8550194594760876,-1.0913316509825683
fusion_grw_bias,12476684,-3.6927807086895794,-1.522817295968049,-2.1699634127215304
fusion_grw_bias,12476681,-3.649035728474888,-2.4394342959726565,-1.2096014325022315
fusion_grw_bias,12476682,-2.6879508277664717,-1.4392754281721356,-1.248675399594336
fusion_grw_bias,12476679,-2.2042863847098575,-1.5812708070468475,-0.62301557766301
fusion_grw_bias,12476678,-2.3681192209874267,-1.5012420297774016,-0.866877191210025
fusion_grw_bias,12476675,-2.8178086381850456,-1.4060228761000524,-1.4117857620849932
fusion_grw_bias,12476680,-5.3711634856458925,-4.087112452962441,-1.2840510326834513
fusion_grw_bias,12476677,-3.6187328678602246,-1.5564048941437099,-2.0623279737165148
fusion_grw_bias,12476508,-3.3069899573406025,-1.9332469870465472,-1.3737429702940553
fusion_grw_bias,12476510,-6.124271238843643,-2.42359192530332,-3.700679313540323
fusion_grw_bias,12476506,-2.1391049518423584,-1.3993595804033736,-0.7397453714389848
fusion_grw_bias,12476509,-2.928772154644947,-1.8763265908616336,-1.0524455637833134
fusion_grw_bias,12476507,-2.33115418678846,-1.6521351456513627,-0.6790190411370973
fusion_grw_bias,12476502,-2.5704156986815216,-2.5704156986815216,0.0
fusion_grw_bias,12476500,-2.770908079052943,-1.5089218659488381,-1.2619862131041046
fusion_grw_bias,12476501,-3.3763304910252403,-1.5135423470195186,-1.8627881440057217
fusion_grw_bias,12476505,-2.819542528181125,-1.3666139391025987,-1.4529285890785262
fusion_grw_bias,12476504,-3.0448003379283852,-1.47124101146818,-1.5735593264602052
fusion_grw_bias,13415294,-2.364604255670822,-1.509428067809359,-0.8551761878614632
fusion_grw_bias,12476674,-2.4633766560231485,-1.5035779739878068,-0.9597986820353417
fusion_grw_bias,12476671,-2.929687003684019,-1.5025895471647155,-1.4270974565193033
fusion_grw_bias,12476670,-2.1107548475726254,-1.3458622036791574,-0.764892643893468
fusion_grw_bias,12476672,-3.2010803643155095,-1.800668741172079,-1.4004116231434305
fusion_grw_bias,12476669,-2.508531184657225,-1.6563407017657954,-0.8521904828914297
fusion_grw_bias,13343733,-2.403637585893374,-1.5005879744613706,-0.9030496114320035
fusion_grw_bias,12476667,-3.220408830433143,-1.918371429202962,-1.302037401230181
fusion_grw_bias,12476662,-2.2930685931761468,-1.7416848307737545,-0.5513837624023923
fusion_grw_bias,12476673,-2.7784955093946064,-1.4081661873319753,-1.3703293220626311
fusion_grw_bias,12476676,-3.5728128673466992,-2.430137813842983,-1.1426750535037162
fusion_grw_bias,12476668,-2.5604720947953146,-2.5604720947953146,0.0
fusion_grw_bias,12476526,-2.1010681179139556,-1.400407210129866,-0.7006609077840897
fusion_grw_bias,12476497,-2.4373948063374007,-1.4121701447084059,-1.0252246616289948
fusion_grw_bias,12476499,-2.388063483484909,-1.658396582710999,-0.7296669007739098
fusion_grw_bias,12476496,-2.555677696108858,-1.7544632249985375,-0.8012144711103204
fusion_grw_bias,12476498,-2.4000045782584056,-1.6505283904024437,-0.7494761878559619
fusion_grw_bias,12476495,-3.1260867208098757,-1.8774025028528634,-1.2486842179570123
fusion_grw_bias,13436762,-2.535444649473549,-1.5540297168241117,-0.9814149326494375
fusion_grw_bias,12476490,-2.451549595614475,-1.5141621038332138,-0.9373874917812612
fusion_grw_bias,12476492,-2.5396845894869857,-1.6866933661414336,-0.8529912233455521
fusion_grw_bias,12476489,-2.9586516330163923,-2.9586516330163923,0.0
fusion_grw_bias,12476493,-2.590183007557845,-2.590183007557845,0.0
fusion_grw_bias,12476491,-2.3740951845315164,-1.6116283740223627,-0.7624668105091537
fusion_grw_bias,13399583,-4.543936407356404,-1.8954681785369278,-2.6484682288194765
fusion_grw_bias,13480337,-4.155220428648297,-2.763495023414541,-1.3917254052337564
fusion_grw_bias,12476665,-2.3401106512163166,-1.546887849910949,-0.7932228013053675
fusion_grw_bias,12476661,-2.9289982497446987,-1.9404146288212798,-0.9885836209234189
fusion_grw_bias,12476666,-2.75428322984281,-1.675987968039122,-1.078295261803688
fusion_grw_bias,12476663,-2.586536713733938,-2.586536713733938,0.0
fusion_grw_bias,12476660,-3.562584633728983,-2.4928688411538635,-1.0697157925751193
fusion_grw_bias,12640468,-2.0959050716814014,-1.392746104923394,-0.7031589667580074
fusion_grw_bias,12476657,-2.1482063789580508,-1.390748161525823,-0.7574582174322277
fusion_grw_bias,12476659,-2.8977213416512457,-2.8977213416512457,0.0
fusion_grw_bias,12476664,-2.7350512986039646,-2.7350512986039646,0.0
fusion_grw_bias,12476658,-3.1052809054731516,-1.9475693434175774,-1.1577115620555742
fusion_grw_bias,13343735,-2.9401627311064997,-1.4166511797120112,-1.5235115513944886
fusion_grw_bias,12476485,-2.3286831421916316,-1.4097906004465468,-0.9188925417450848
fusion_grw_bias,12476487,-2.9003509574193456,-1.3656380229893865,-1.534712934429959
fusion_grw_bias,12476486,-2.724681708391066,-1.4260498001198294,-1.2986319082712368
fusion_grw_bias,12476488,-4.6458555877241325,-1.5175563574201867,-3.128299230303946
fusion_grw_bias,12476494,-2.137138071015935,-1.4381974985041053,-0.6989405725118298
fusion_grw_bias,12476483,-6.570253158131487,-4.33994022994926,-2.2303129281822267
fusion_grw_bias,12476484,-3.029871143831169,-1.8789092368050906,-1.1509619070260786
fusion_grw_bias,12476482,-2.3901837873525746,-1.508274170117484,-0.8819096172350906
fusion_grw_bias,12476478,-2.5764494705955627,-1.5173270400134151,-1.0591224305821476
fusion_grw_bias,12476481,-2.1879821794867795,-1.5219550465409957,-0.6660271329457839
fusion_grw_bias,12476656,-3.5887751524169356,-2.20550657896246,-1.3832685734544756
fusion_grw_bias,12476654,-2.3413848970359465,-1.7616138266027979,-0.5797710704331487
fusion_grw_bias,12476652,-4.669654235636986,-2.8386171230834027,-1.8310371125535831
fusion_grw_bias,12476651,-4.086718709440969,-2.6921440521789397,-1.3945746572620297
fusion_grw_bias,12476655,-2.495380791335757,-1.5189634809275419,-0.976417310408215
fusion_grw_bias,12476648,-3.662897361915266,-1.5376897562875635,-2.1252076056277023
fusion_grw_bias,12476649,-2.213731568093624,-1.6356483080748212,-0.5780832600188026
fusion_grw_bias,12476653,-2.5450304577979757,-1.4094637485981367,-1.135566709199839
fusion_grw_bias,12476650,-8.103497685964447,-3.1427748778974314,-4.960722808067016
fusion_grw_bias,12476646,-4.81475342605709,-2.4698634176710734,-2.3448900083860162
fusion_grw_bias,12476477,-2.437983333243159,-1.5064833712769576,-0.9314999619662012
fusion_grw_bias,12476474,-4.465612097518145,-3.278049898773554,-1.1875621987445908
fusion_grw_bias,12476479,-2.412188795626303,-1.6769923503693012,-0.7351964452570019
fusion_grw_bias,12476480,-2.3449750102470177,-2.3449750102470177,0.0
fusion_grw_bias,12476476,-2.4705210106351077,-1.5198310392660836,-0.950689971369024
fusion_grw_bias,12476469,-4.875617771004681,-2.5669585209929995,-2.308659250011681
fusion_grw_bias,12476475,-2.4820389605323645,-1.5075683003999858,-0.9744706601323787
fusion_grw_bias,12476471,-3.080198797554433,-1.4374154905000611,-1.6427833070543718
fusion_grw_bias,12476470,-2.399424472199178,-1.5347171491669207,-0.8647073230322575
fusion_grw_bias,12476473,-2.3018845246263093,-1.5518228562037257,-0.7500616684225836
fusion_grw_bias,12476645,-2.891144035115498,-1.7591997166075914,-1.1319443185079063
fusion_grw_bias,12476642,-3.3248872642234115,-1.3580788698956014,-1.96680839432781
fusion_grw_bias,12476647,-2.431112364888438,-1.8789981563545224,-0.5521142085339155
fusion_grw_bias,12476643,-4.1142833391701465,-1.9468126771701368,-2.1674706620000097
fusion_grw_bias,12476644,-2.383330069552117,-1.540341599019179,-0.8429884705329378
fusion_grw_bias,12476640,-2.222678847974822,-1.4919855467474659,-0.7306933012273562
fusion_grw_bias,12476641,-6.441820238039362,-3.1760563483801705,-3.265763889659192
fusion_grw_bias,12476637,-2.041322001528726,-1.3464959657055797,-0.6948260358231464
fusion_grw_bias,12476639,-3.2389888660893345,-2.013894305458348,-1.2250945606309864
fusion_grw_bias,12476638,-2.86184957010251,-1.8374870953523899,-1.02436247475012
fusion_grw_bias,12476465,-2.5891983327158776,-1.4039375910191283,-1.1852607416967493
fusion_grw_bias,12476472,-2.054117982021144,-1.3563023011942728,-0.6978156808268714
fusion_grw_bias,12476468,-2.684021903649036,-1.4117843963449264,-1.2722375073041097
fusion_grw_bias,12476464,-3.1726294755357625,-1.9173645600107194,-1.255264915525043
fusion_grw_bias,12476467,-2.1824959000477864,-1.711029756011103,-0.4714661440366834
fusion_grw_bias,12476463,-5.315006861761472,-1.9684503890947935,-3.3465564726666788
fusion_grw_bias,12476466,-2.394985233921881,-1.4690828117828405,-0.9259024221390406
fusion_grw_bias,12476461,-2.747681731271986,-1.3795743631875512,-1.368107368084435
fusion_grw_bias,12476460,-2.988183570656654,-1.3416568630148473,-1.6465267076418069
fusion_grw_bias,12476462,-2.7225174217046724,-1.4521985253095147,-1.2703188963951577
fusion_grw_bias,12473328,-3.382404539822728,-1.5534784005622249,-1.8289261392605032
fusion_grw_bias,12473336,-2.964701986941047,-1.8833379884659693,-1.0813639984750776
fusion_grw_bias,12473335,-2.494163483945393,-1.3676982404114073,-1.1264652435339857
fusion_grw_bias,12473322,-2.4099788258033854,-1.5089157814239562,-0.9010630443794292
fusion_grw_bias,12473327,-3.064805502291341,-1.7607209215435276,-1.3040845807478136
fusion_grw_bias,12473331,-4.373428813749394,-3.091820182890836,-1.2816086308585577
fusion_grw_bias,12473333,-2.504264353943978,-1.3477869869732584,-1.1564773669707198
fusion_grw_bias,12473334,-2.0818236356244135,-1.3776117698669512,-0.7042118657574623
fusion_grw_bias,12473337,-2.481603497777251,-1.5115691899765857,-0.9700343078006655
fusion_grw_bias,12473330,-2.3391804182513662,-1.4997792277926831,-0.8394011904586831
fusion_grw_bias,12476454,-3.2986876413047805,-1.5224312727807316,-1.776256368524049
fusion_grw_bias,12476455,-4.1868894977380435,-2.353187457853713,-1.8337020398843307
fusion_grw_bias,12476458,-2.500412542138126,-1.526252295923364,-0.9741602462147618
fusion_grw_bias,12476459,-2.205639243497091,-1.6125250195683982,-0.5931142239286928
fusion_grw_bias,12476457,-2.383971973507822,-2.383971973507822,0.0
fusion_grw_bias,12476452,-2.3949422792546486,-1.4289789524498526,-0.965963326804796
fusion_grw_bias,12476567,-2.391544977981935,-1.6325392525233218,-0.7590057254586133
fusion_grw_bias,12476453,-7.920614303688163,-4.368530078028652,-3.5520842256595113
fusion_grw_bias,12476575,-2.551299444462203,-2.551299444462203,0.0
fusion_grw_bias,12476570,-3.1485200062604375,-1.9128975703602382,-1.2356224359001993
fusion_grw_bias,14035482,-2.9508110822842517,-1.414926019239537,-1.5358850630447147
fusion_grw_bias,14035495,-3.2933418240771783,-1.549509979202653,-1.7438318448745254
fusion_grw_bias,14035487,-4.274256730835011,-2.650569813732318,-1.6236869171026926
fusion_grw_bias,14035486,-2.291403844898333,-1.467183223884549,-0.8242206210137839
fusion_grw_bias,14343735,-2.5626204123144642,-1.5073538786186367,-1.0552665336958276
fusion_grw_bias,14035506,-2.4149528824099997,-1.7564713912040704,-0.6584814912059294
fusion_grw_bias,14035498,-2.4070545691943805,-1.3473591255893977,-1.0596954436049828
fusion_grw_bias,14035502,-3.9719561959347036,-2.432103230420352,-1.5398529655143518
fusion_grw_bias,14035497,-2.471620459247721,-1.7158655276298602,-0.7557549316178607
fusion_grw_bias,14035501,-2.5873356190311196,-1.5298175897351236,-1.057518029295996
fusion_grw_bias,14035665,-2.1025114729209458,-1.5548170524658678,-0.547694420455078
fusion_grw_bias,14035666,-2.467390477835497,-1.5017672715363475,-0.9656232062991494
fusion_grw_bias,14035662,-3.512789822775921,-2.432758179937828,-1.080031642838093
fusion_grw_bias,14035664,-2.4174530061085693,-1.4977904702982898,-0.9196625358102795
fusion_grw_bias,14035663,-3.6858002491142865,-1.9119526962583548,-1.7738475528559317
fusion_grw_bias,14035669,-2.8987036257346563,-2.8987036257346563,0.0
fusion_grw_bias,14035667,-2.5347038456054576,-2.5347038456054576,0.0
fusion_grw_bias,14035671,-2.6592103029430314,-1.5132910858804507,-1.1459192170625807
fusion_grw_bias,14035670,-2.5007745355463435,-1.5003193597416589,-1.0004551758046847
fusion_grw_bias,14035668,-2.3375639811556574,-1.6973498434392071,-0.6402141377164503
fusion_grw_bias,14035484,-2.7177205818114714,-1.5019391455496658,-1.2157814362618056
fusion_grw_bias,14035485,-4.54594662661194,-3.3250957454712937,-1.2208508811406462
fusion_grw_bias,14035488,-2.8738056163593004,-1.5477820811575638,-1.3260235352017367
fusion_grw_bias,14035489,-4.2991609436147105,-1.9753739822872847,-2.323786961327426
fusion_grw_bias,14035494,-2.3981103279497757,-1.5205945428041228,-0.877515785145653
fusion_grw_bias,14035493,-3.1966247043948073,-1.891392671401577,-1.3052320329932303
fusion_grw_bias,14035496,-2.4719698726069907,-1.3433800355963883,-1.1285898370106024
fusion_grw_bias,14035492,-2.6204601286810023,-1.9220750701093632,-0.6983850585716391
fusion_grw_bias,14035491,-2.5348412486902485,-2.5348412486902485,0.0
fusion_grw_bias,14035675,-2.8250686932528986,-1.8272143806775627,-0.9978543125753359
fusion_grw_bias,14035672,-2.216636169907927,-1.505236439045334,-0.711399730862593
fusion_grw_bias,14035674,-4.720001952490278,-3.5021943858781412,-1.2178075666121364
fusion_grw_bias,14035676,-3.560416441430225,-1.930384721828557,-1.6300317196016678
fusion_grw_bias,14035673,-2.7004030457660444,-1.7479229729492338,-0.9524800728168106
fusion_grw_bias,14035678,-5.052481180391755,-3.176995852392017,-1.8754853279997379
fusion_grw_bias,14035683,-2.1545528862186947,-1.5093099248188957,-0.645242961399799
fusion_grw_bias,14035681,-3.2208416943093776,-2.1383849644648434,-1.0824567298445342
fusion_grw_bias,14035679,-2.0903648185466484,-1.38664332676042,-0.7037214917862284
fusion_grw_bias,14035677,-5.042776972900026,-3.682130372922605,-1.360646599977421
fusion_grw_bias,14035503,-2.340912105929828,-1.5150553660976196,-0.8258567398322083
fusion_grw_bias,14035505,-2.486694149510976,-1.5227368099617733,-0.9639573395492027
fusion_grw_bias,14035500,-2.1446113560601905,-1.670329335720875,-0.47428202033931544
fusion_grw_bias,14035504,-2.0741031169905186,-1.3779253941428222,-0.6961777228476964
fusion_grw_bias,14035499,-2.997078853361541,-2.997078853361541,0.0
fusion_grw_bias,14035680,-2.7547647277163576,-1.5057363098316967,-1.249028417884661
fusion_grw_bias,14035682,-2.7392678295245956,-2.7392678295245956,0.0
fusion_grw_bias,14035686,-2.331467950965602,-1.7258281064485708,-0.6056398445170315
fusion_grw_bias,14035684,-4.831841102731573,-2.3130160742589823,-2.518825028472591
fusion_grw_bias,14035685,-2.2978046200852114,-1.7025711930105336,-0.5952334270746777
fusion_grw_bias,14035511,-2.913761797320629,-1.9127283906441659,-1.0010334066764632
fusion_grw_bias,14035510,-2.3077764933438902,-1.614482999777851,-0.6932934935660393
fusion_grw_bias,14035509,-2.535158071879084,-1.5107195584942945,-1.0244385133847895
fusion_grw_bias,14035508,-2.5066064861059227,-1.7135367668818966,-0.7930697192240261
fusion_grw_bias,14035507,-2.281488080104733,-1.7231147906597168,-0.5583732894450162
fusion_grw_bias,14035514,-2.681339485862003,-1.4159044845951037,-1.2654350012668993
fusion_grw_bias,14035515,-3.9845079695764913,-1.895925366156741,-2.0885826034197503
fusion_grw_bias,14035512,-2.4575970324764045,-1.5081538407116934,-0.949443191764711
fusion_grw_bias,14035513,-2.1135853288644144,-1.4054074805910408,-0.7081778482733736
fusion_grw_bias,14035516,-3.3166921556206557,-1.9831012731767705,-1.3335908824438851
fusion_grw_bias,14035687,-2.712984265185688,-1.6605901787022102,-1.052394086483478
fusion_grw_bias,14035695,-3.9019752068027986,-2.599317633105148,-1.3026575736976507
fusion_grw_bias,14035689,-7.508869191521883,-3.1688689836218877,-4.340000207899995
fusion_grw_bias,14035692,-3.2449688896304205,-1.5033351978467637,-1.7416336917836568
fusion_grw_bias,14035688,-2.573006044597369,-1.3330087788000617,-1.239997265797307
fusion_grw_bias,14035694,-2.48637801347887,-1.7127954193270847,-0.7735825941517855
fusion_grw_bias,14035690,-2.2374037441070205,-1.6308259969668633,-0.6065777471401572
fusion_grw_bias,14035693,-3.6507545660596943,-1.9792508873062367,-1.6715036787534576
fusion_grw_bias,14035691,-2.3742121167198063,-1.50221605162739,-0.8719960650924163
fusion_grw_bias,14035697,-2.081580315782302,-1.3812274012830548,-0.7003529144992471
fusion_grw_bias,14035517,-3.2226517088803,-1.390866238052979,-1.8317854708273211
fusion_grw_bias,14035518,-2.455869334472954,-1.4353027408287378,-1.0205665936442163
fusion_grw_bias,14035519,-3.562046812583717,-2.4256508935407375,-1.1363959190429793
fusion_grw_bias,14035521,-2.438996168987667,-1.51430099804818,-0.9246951709394868
fusion_grw_bias,14035520,-2.544883030849322,-1.5179972455396262,-1.026885785309696
fusion_grw_bias,14035524,-2.6168467414490193,-1.4141599640423228,-1.2026867774066965
fusion_grw_bias,14035522,-3.437948305998583,-1.9011300464645018,-1.5368182595340811
fusion_grw_bias,14035526,-2.426921386042897,-1.5302213915475078,-0.8966999944953891
fusion_grw_bias,14035525,-3.174948473009649,-1.9568363324207385,-1.2181121405889104
fusion_grw_bias,14035523,-2.340295367676949,-1.7730543677460862,-0.567240999930863
fusion_grw_bias,14035700,-3.895296517174451,-2.6365007124403674,-1.2587958047340835
fusion_grw_bias,14035703,-3.4682818783930434,-1.6842058612289108,-1.7840760171641326
fusion_grw_bias,14035698,-2.806537728576887,-1.5171948102854433,-1.2893429182914435
fusion_grw_bias,14035696,-2.1179006901885984,-1.4217823653545258,-0.6961183248340725
fusion_grw_bias,14035699,-4.483840550412607,-3.1077318817929487,-1.3761086686196582
fusion_grw_bias,14035706,-2.497292603773591,-1.7193842099902636,-0.7779083937833273
fusion_grw_bias,14035704,-2.8072724872640733,-1.8175144751362196,-0.9897580121278537
fusion_grw_bias,14035702,-2.6976021372674954,-1.696662826490078,-1.0009393107774174
fusion_grw_bias,14035701,-2.490815798904989,-1.5344505257950212,-0.9563652731099677
fusion_grw_bias,14035705,-2.3181816474971533,-1.6668870923352408,-0.6512945551619125
fusion_grw_bias,14501655,-2.5142549775306726,-1.412271448734278,-1.1019835287963946
fusion_grw_bias,14035529,-3.3541125373233753,-1.806418209928111,-1.5476943273952644
fusion_grw_bias,14035528,-2.433961931174195,-1.6928572226363698,-0.7411047085378253
fusion_grw_bias,14035531,-3.463848742452088,-1.5103703898088627,-1.9534783526432251
fusion_grw_bias,14035527,-2.1412465469577753,-1.4388803576390976,-0.7023661893186777
fusion_grw_bias,14035530,-4.371706051757813,-1.9108240882436331,-2.4608819635141796
fusion_grw_bias,14035709,-2.9711938334130727,-1.5207115158834588,-1.450482317529614
fusion_grw_bias,14035708,-2.5854227602418325,-1.5234995974276198,-1.0619231628142127
fusion_grw_bias,14035710,-3.7146570314004883,-1.831380017078377,-1.8832770143221114
fusion_grw_bias,14035707,-2.1872907855108856,-1.4827455983397344,-0.7045451871711512
fusion_grw_bias,14035711,-2.5642965066811976,-2.5642965066811976,0.0
fusion_grw_bias,14035532,-2.6692479414555583,-1.5088701385646182,-1.1603778028909402
fusion_grw_bias,14035534,-3.7559174544600147,-1.529450009832685,-2.2264674446273296
fusion_grw_bias,14035533,-3.170740603225948,-1.5155537775028964,-1.6551868257230518
fusion_grw_bias,14035535,-2.2829585741229934,-1.7600750653461326,-0.5228835087768609
fusion_grw_bias,14297746,-2.688693319393944,-2.688693319393944,0.0
fusion_grw_bias,14035538,-2.5035124655545578,-1.5120753226774288,-0.9914371428771289
fusion_grw_bias,14035539,-2.1358929138649945,-1.438102713919651,-0.6977901999453435
fusion_grw_bias,14035536,-2.8245277319114086,-1.5054762817601341,-1.3190514501512745
fusion_grw_bias,14035540,-2.141645874542804,-1.760497211028828,-0.381148663513976
fusion_grw_bias,14035542,-2.1033686923274955,-1.3986365531330727,-0.7047321391944228
fusion_grw_bias,14035713,-2.66967114606669,-2.0037375289365102,-0.6659336171301797
fusion_grw_bias,14035714,-2.97819754591139,-1.7723926498281146,-1.2058048960832755
fusion_grw_bias,14035716,-2.593935742947853,-1.5072870320956082,-1.086648710852245
fusion_grw_bias,14035715,-3.6880172842905474,-2.117776087659161,-1.5702411966313865
fusion_grw_bias,14035712,-2.6356803242503632,-1.459505296882394,-1.1761750273679692
fusion_grw_bias,14035546,-2.1865053766865845,-1.7994142212641695,-0.387091155422415
fusion_grw_bias,14035541,-3.107752224235246,-1.50295996173497,-1.604792262500276
fusion_grw_bias,14035544,-3.0738578014390114,-1.9395127949585413,-1.13434500648047
fusion_grw_bias,14035545,-3.4461934323721755,-1.509716828541149,-1.9364766038310264
fusion_grw_bias,14035543,-4.860378471102823,-1.9321263523391332,-2.92825211876369
fusion_grw_bias,14035548,-2.122138744456263,-1.4069600363034291,-0.7151787081528338
fusion_grw_bias,14035555,-2.6105173776678168,-1.5100579222715373,-1.1004594553962794
fusion_grw_bias,14035549,-2.1326645715361643,-1.4252973865349223,-0.707367185001242
fusion_grw_bias,14035554,-2.2955044390421913,-1.6780838879823763,-0.617420551059815
fusion_grw_bias,14035717,-3.4159771922640942,-1.8144034917902512,-1.601573700473843
fusion_grw_bias,14035718,-2.3929410178677104,-1.5032847778777658,-0.8896562399899446
fusion_grw_bias,14035719,-2.0344745069504677,-1.333837907262882,-0.7006365996875856
fusion_grw_bias,14035735,-2.8096445032869104,-2.8096445032869104,0.0
fusion_grw_bias,14035720,-2.4776641117501486,-1.6776146713870257,-0.8000494403631229
fusion_grw_bias,14035722,-2.719786592569854,-1.4612310106381767,-1.2585555819316774
fusion_grw_bias,14035721,-2.22760213266964,-1.5312475921852047,-0.6963545404844351
fusion_grw_bias,14035725,-2.086833593502353,-1.3812492430061885,-0.7055843504961645
fusion_grw_bias,14035724,-2.7703574948924055,-1.736894674338782,-1.0334628205536234
fusion_grw_bias,14035723,-4.5315889262873315,-1.9630201271388288,-2.568568799148503
fusion_grw_bias,14035551,-2.6744084550197185,-1.789096931657602,-0.8853115233621165
fusion_grw_bias,14035559,-2.5203346273678635,-1.5153429427283656,-1.004991684639498
fusion_grw_bias,14035550,-2.6575662114971195,-2.6575662114971195,0.0
fusion_grw_bias,14035556,-4.6745337910555484,-2.5633580943194065,-2.111175696736142
fusion_grw_bias,14035552,-3.5171732482680453,-1.8517579969959885,-1.6654152512720568
fusion_grw_bias,15017622,-2.1465384934309277,-1.4112611707515166,-0.7352773226794111
fusion_grw_bias,14035727,-4.490592045541295,-2.4956824465822325,-1.9949095989590622
fusion_grw_bias,14035729,-2.431559379738347,-1.6911094276582852,-0.7404499520800618
fusion_grw_bias,14035726,-2.44332196731829,-1.8649975707987938,-0.5783243965194962
fusion_grw_bias,14035730,-5.636777576061818,-2.074916975969388,-3.56186060009243
fusion_grw_bias,14035728,-2.1433377445645703,-1.43887656261958,-0.7044611819449902
fusion_grw_bias,14035553,-2.1382387157982055,-1.4193189402414594,-0.718919775556746
fusion_grw_bias,14035562,-2.6320819536662077,-2.6320819536662077,0.0
fusion_grw_bias,14035558,-3.38283387707247,-1.5246058244880136,-1.8582280525844563
fusion_grw_bias,14035560,-4.393776190663738,-1.868209942178914,-2.5255662484848242
fusion_grw_bias,14035563,-2.3701613174864056,-1.7168665923872446,-0.653294725099161
fusion_grw_bias,14035564,-3.941809270877395,-1.8900186482139727,-2.051790622663422
fusion_grw_bias,14035561,-2.939706358325153,-1.430228819953971,-1.5094775383711818
fusion_grw_bias,14035565,-3.6456566419570375,-1.54348784544972,-2.1021687965073177
fusion_grw_bias,14035566,-3.465592114817873,-2.3821052370231963,-1.0834868777946767
fusion_grw_bias,14035731,-2.0965349486637366,-1.392431844550109,-0.7041031041136276
fusion_grw_bias,14035732,-4.923990390450963,-3.6732199831268737,-1.2507704073240893
fusion_grw_bias,14035736,-3.5230026520346427,-2.440527338204368,-1.0824753138302747
fusion_grw_bias,14035733,-2.1550576882560066,-1.4493517508334555,-0.7057059374225512
fusion_grw_bias,14035734,-3.3173223511338237,-1.504505410996588,-1.8128169401372356
fusion_grw_bias,14035739,-3.203864677922633,-1.6228672104829671,-1.5809974674396658
fusion_grw_bias,14035740,-4.297379971449766,-2.3005182861554005,-1.9968616852943657
fusion_grw_bias,14035737,-3.2412162193797602,-1.9422764261024348,-1.2989397932773254
fusion_grw_bias,14035738,-2.092899107548142,-1.3892698622542732,-0.7036292452938688
fusion_grw_bias,14035741,-2.7695397549274627,-1.5121632090815895,-1.2573765458458732
fusion_grw_bias,14035568,-2.300430204452591,-1.7612209997665345,-0.5392092046860564
fusion_grw_bias,14035569,-5.891546889923944,-4.266678599452087,-1.6248682904718574
fusion_grw_bias,14035572,-2.5935546242252743,-1.6479773516792506,-0.9455772725460236
fusion_grw_bias,14035570,-2.2512927353005945,-1.6833682831539933,-0.5679244521466011
fusion_grw_bias,14035567,-2.546660317953007,-1.763267815913627,-0.7833925020393802
fusion_grw_bias,14035574,-4.543057635893414,-2.4553868578425773,-2.0876707780508363
fusion_grw_bias,14035575,-2.9340908161551225,-1.5168938846774134,-1.417196931477709
fusion_grw_bias,14035571,-2.5774936998006956,-2.5774936998006956,0.0
fusion_grw_bias,14035576,-2.7801651030672834,-1.802465002854562,-0.9777001002127215
fusion_grw_bias,14035573,-5.087212372395239,-1.9004324435094786,-3.186779928885761
fusion_grw_bias,14035742,-3.6594067517972704,-1.6918090965246215,-1.9675976552726488
fusion_grw_bias,14035745,-2.161476327076885,-1.4628689101789027,-0.6986074168979823
fusion_grw_bias,14035747,-2.3019144428321816,-1.6017198077849488,-0.7001946350472328
fusion_grw_bias,14035744,-3.6694444212267254,-2.4943166331582245,-1.175127788068501
fusion_grw_bias,14035743,-2.880320864532428,-1.501360542446148,-1.37896032208628
fusion_grw_bias,14035750,-3.4845825259516197,-1.9092977818766563,-1.5752847440749633
fusion_grw_bias,14035751,-4.99774566112922,-3.472813263935241,-1.5249323971939788
fusion_grw_bias,14035749,-2.330553931999005,-1.5960397292272657,-0.7345142027717395
fusion_grw_bias,14035748,-2.7382921899578196,-1.5015586062335278,-1.2367335837242919
fusion_grw_bias,14035746,-2.8301965361518766,-1.81937903447376,-1.0108175016781167
fusion_grw_bias,14035582,-2.7359211235276097,-1.3788491347656409,-1.3570719887619689
fusion_grw_bias,14035580,-2.144342254703259,-1.4174470371934453,-0.7268952175098136
fusion_grw_bias,14035586,-2.7515141283257223,-2.7515141283257223,0.0
fusion_grw_bias,14035585,-5.775585358177152,-2.6826601801544867,-3.0929251780226656
fusion_grw_bias,14035583,-2.7993352199921318,-1.8213177050755527,-0.9780175149165791
fusion_grw_bias,14035755,-2.520017237381212,-1.3959373388863536,-1.1240798984948586
fusion_grw_bias,14035756,-2.206812084118704,-1.5103173301848813,-0.6964947539338229
fusion_grw_bias,14035752,-2.1400888730490393,-1.4102689089861506,-0.7298199640628886
fusion_grw_bias,14035760,-4.846424913474404,-2.2031661551648143,-2.64325875830959
fusion_grw_bias,14035761,-2.9256840558683734,-1.9404705746533546,-0.9852134812150188
fusion_grw_bias,15363335,-3.5535515385122265,-2.4328621874072587,-1.1206893511049678
fusion_grw_bias,15305942,-2.3409875023639715,-1.4150333763696397,-0.9259541259943318
fusion_grw_bias,15374710,-3.962305699534983,-2.582911121157001,-1.379394578377982
fusion_grw_bias,14035591,-2.5507043181673636,-1.45364428072522,-1.0970600374421438
fusion_grw_bias,14035588,-2.8887657324256533,-1.8992877255664709,-0.9894780068591824
fusion_grw_bias,14035587,-5.5663396667479095,-3.3324719858424774,-2.233867680905432
fusion_grw_bias,14035590,-2.4775030043853614,-1.3740099767641591,-1.1034930276212023
fusion_grw_bias,14035767,-2.357091518039115,-1.5140471662372108,-0.8430443518019044
fusion_grw_bias,14035771,-2.746936447468738,-1.7598537524767581,-0.9870826949919798
fusion_grw_bias,14035768,-2.810632254337824,-1.8087111355974006,-1.0019211187404236
fusion_grw_bias,14035766,-2.443746030232381,-1.5391346351570716,-0.9046113950753094
fusion_grw_bias,14035769,-3.410202829380858,-1.5597803881364207,-1.8504224412444374
fusion_grw_bias,14035770,-2.5710792666614983,-1.7506008816800034,-0.820478384981495
fusion_grw_bias,14035592,-2.9266791915561967,-1.9102878663846743,-1.0163913251715224
fusion_grw_bias,14035594,-2.9214578457908096,-1.8743463348202827,-1.047111510970527
fusion_grw_bias,14035595,-2.698024312553275,-2.698024312553275,0.0
fusion_grw_bias,14035593,-3.8755517132147665,-2.6507994446724426,-1.224752268542324
fusion_grw_bias,14035597,-2.966123144861113,-1.9730444517835717,-0.9930786930775413
fusion_grw_bias,14035598,-2.553006476602472,-1.5050108216957128,-1.0479956549067593
fusion_grw_bias,14035596,-2.1206731710623776,-1.4244810780798507,-0.6961920929825269
fusion_grw_bias,15399014,-8.494995997472188,-3.2602262058631384,-5.234769791609049
fusion_grw_bias,14035774,-2.5701783750876657,-1.5037758515972064,-1.0664025234904593
fusion_grw_bias,14035773,-4.755553082669737,-3.5354328137761946,-1.2201202688935422
fusion_grw_bias,14035772,-2.2255661676445087,-1.5281090369521735,-0.6974571306923352
fusion_grw_bias,14035775,-2.771681982315086,-1.7806309297099798,-0.991051052605106
fusion_grw_bias,14035776,-2.1891117179517954,-1.4916427701555734,-0.6974689477962219
fusion_grw_bias,14035782,-2.717820908451723,-1.6084177238238604,-1.1094031846278625
fusion_grw_bias,14035777,-2.7288915183894225,-1.4286055360960066,-1.3002859822934159
fusion_grw_bias,14035781,-2.9972596661797923,-2.9972596661797923,0.0
fusion_grw_bias,15456958,-2.09775035263535,-1.4014596222796107,-0.6962907303557391
fusion_grw_bias,14035602,-2.526928334235382,-1.5233418645379466,-1.0035864696974353
fusion_grw_bias,14035606,-2.583830162442967,-1.5187035074377024,-1.0651266550052645
fusion_grw_bias,14035603,-2.210676065403953,-1.759695529934665,-0.45098053546928774
fusion_grw_bias,14035604,-3.083362424982783,-2.0260489547431964,-1.0573134702395866
fusion_grw_bias,14035605,-2.1105001701648383,-1.4051009925727913,-0.705399177592047
fusion_grw_bias,15332289,-3.091476097310293,-1.907982818832871,-1.183493278477422
fusion_grw_bias,15368752,-2.296583938473355,-1.709404519286048,-0.587179419187307
fusion_grw_bias,14035607,-2.1742727349797297,-1.4257088134907392,-0.7485639214889905
fusion_grw_bias,14035608,-2.149862907547095,-1.3650249518504234,-0.7848379556966716
fusion_grw_bias,14035610,-3.7674412647389675,-2.5132793671121796,-1.2541618976267879
fusion_grw_bias,14035609,-3.184781461776204,-1.51449960227332,-1.670281859502884
fusion_grw_bias,14035611,-3.1030129078508435,-1.9326211817642536,-1.17039172608659
fusion_grw_bias,15336943,-2.5073917683154145,-1.924338204631568,-0.5830535636838465
fusion_grw_bias,15416466,-2.194888986173524,-1.4940622818106561,-0.7008267043628678
fusion_grw_bias,14035787,-2.9120819064034293,-2.9120819064034293,0.0
fusion_grw_bias,14035778,-4.176761357848623,-2.7476408873140867,-1.429120470534536
fusion_grw_bias,15366428,-6.5173919395285145,-3.526842351846344,-2.9905495876821706
fusion_grw_bias,15547533,-3.2019306585825347,-1.5025043197806907,-1.699426338801844
fusion_grw_bias,14035786,-2.7934622691153903,-1.7118567038234893,-1.081605565291901
fusion_grw_bias,14035788,-4.625434001408152,-2.193802336922941,-2.431631664485211
fusion_grw_bias,14035789,-2.4827557814693937,-2.0033279015586625,-0.4794278799107312
fusion_grw_bias,14035790,-2.5178802396176763,-1.505702579715252,-1.0121776599024244
fusion_grw_bias,14035792,-2.600797294133434,-1.5339791558460627,-1.0668181382873714
fusion_grw_bias,14035614,-2.8203843726243734,-2.8203843726243734,0.0
fusion_grw_bias,14035616,-2.1262585729060297,-1.5451370290669286,-0.5811215438391011
fusion_grw_bias,14035613,-2.1533292749104427,-1.4536093613079293,-0.6997199136025134
fusion_grw_bias,14035612,-2.6319294570381317,-1.410011476439763,-1.2219179805983686
fusion_grw_bias,14035615,-3.213599057644132,-1.4284783032075212,-1.7851207544366108
fusion_grw_bias,15490658,-2.1326101120813843,-1.4175805796715926,-0.7150295324097917
fusion_grw_bias,15490775,-2.2204094012414655,-1.5838820571543382,-0.6365273440871273
fusion_grw_bias,14035620,-2.6555141284446444,-1.7788186850649585,-0.8766954433796859
fusion_grw_bias,14035618,-2.434104178033042,-1.5200481289943326,-0.9140560490387095
fusion_grw_bias,14035619,-3.66872487436295,-1.5097479017896687,-2.1589769725732815
fusion_grw_bias,14035617,-2.3362399837149903,-1.5134215109762656,-0.8228184727387247
fusion_grw_bias,14035621,-2.067956437253638,-1.362299946212752,-0.7056564910408858
fusion_grw_bias,15399013,-2.9582023123402683,-2.9582023123402683,0.0
fusion_grw_bias,15416481,-3.0363190641321927,-1.5059341198289522,-1.5303849443032405
fusion_grw_bias,15395623,-3.0445426004397858,-1.5138797312914538,-1.530662869148332
fusion_grw_bias,14035796,-4.110221088562758,-1.93300425708526,-2.177216831477498
fusion_grw_bias,14035794,-2.2000032328473864,-1.5045815675992698,-0.6954216652481167
fusion_grw_bias,14035791,-3.158109476953582,-1.7259400171674901,-1.432169459786092
fusion_grw_bias,14035793,-2.8443112385426237,-2.8443112385426237,0.0
fusion_grw_bias,14035795,-2.5134272779783893,-1.5024962313702113,-1.010931046608178
fusion_grw_bias,15458714,-2.3230272025085417,-1.4220330673722563,-0.9009941351362853
fusion_grw_bias,14035801,-2.1298448991940715,-1.4304126603989558,-0.6994322387951157
fusion_grw_bias,14035798,-3.8883393525788605,-1.5318294423316043,-2.356509910247256
fusion_grw_bias,14035799,-3.197385325965092,-1.5164311413574212,-1.6809541846076708
fusion_grw_bias,14035800,-4.373586364447251,-2.3503597565338525,-2.023226607913398
fusion_grw_bias,14035797,-4.16470698537137,-2.8920980550826925,-1.2726089302886776
fusion_grw_bias,15530801,-3.2806026955343848,-1.8976522205449204,-1.3829504749894643
fusion_grw_bias,14035622,-3.0199582213745586,-1.8329761506743871,-1.1869820707001715
fusion_grw_bias,14035624,-2.2874651754254387,-1.4390763950790442,-0.8483887803463945
fusion_grw_bias,14035626,-2.2167424068770547,-1.5473557093633679,-0.6693866975136868
fusion_grw_bias,14035627,-2.0767078648188146,-1.3819637257957031,-0.6947441390231115
fusion_grw_bias,14035623,-7.753240677584811,-6.282811325067856,-1.4704293525169554
fusion_grw_bias,15457468,-2.752264149909755,-1.8533570674539124,-0.8989070824558427
fusion_grw_bias,14035625,-2.884815639569515,-1.8725207812525213,-1.0122948583169935
fusion_grw_bias,14035628,-2.1582140064653026,-1.410808274002283,-0.7474057324630197
fusion_grw_bias,14035631,-2.286893366111395,-1.3503251886650673,-0.9365681774463277
fusion_grw_bias,14035629,-2.9435367056041994,-1.8389065324358091,-1.1046301731683903
fusion_grw_bias,14035632,-2.138868615236416,-1.432145111259152,-0.7067235039772641
fusion_grw_bias,15422405,-2.4187407900959528,-1.4999184983248108,-0.9188222917711419
fusion_grw_bias,15588942,-2.7955965896258745,-1.453911408373402,-1.3416851812524726
fusion_grw_bias,14035804,-3.048034530715345,-1.5020434560412064,-1.5459910746741385
fusion_grw_bias,14035803,-2.19434523467818,-1.4894648631181613,-0.7048803715600189
fusion_grw_bias,14035805,-2.558897694253139,-1.5029722235968503,-1.0559254706562886
fusion_grw_bias,14035806,-2.418302926127622,-1.5307945506110157,-0.8875083755166062
fusion_grw_bias,14035802,-3.4902474775081958,-1.5128586653214606,-1.9773888121867351
fusion_grw_bias,15588903,-2.053767558690367,-1.5651896097061564,-0.4885779489842106
fusion_grw_bias,14035808,-2.48002577905793,-1.4998808919208666,-0.9801448871370635
fusion_grw_bias,14035811,-3.186771003732088,-2.096541982934028,-1.09022902079806
fusion_grw_bias,14035810,-2.0645401442415663,-1.3520830570258517,-0.7124570872157145
fusion_grw_bias,14035809,-3.383812999930805,-1.4994118067403992,-1.8844011931904059
fusion_grw_bias,14035807,-2.373586348847057,-1.5024547693853136,-0.8711315794617434
fusion_grw_bias,14035637,-2.224284826662217,-1.4366914956006174,-0.7875933310615995
fusion_grw_bias,14035633,-2.6674152818697623,-1.513469401752042,-1.1539458801177203
fusion_grw_bias,14035635,-3.062709432591714,-2.053943626807156,-1.008765805784558
fusion_grw_bias,14035630,-2.6249361264003674,-1.5051129092186422,-1.1198232171817253
fusion_grw_bias,14035638,-3.064661297817469,-1.5355890229296516,-1.5290722748878174
fusion_grw_bias,14035636,-2.4721178978202256,-1.7611443547894265,-0.7109735430307991
fusion_grw_bias,14035634,-2.1465906910426167,-1.4172722925566268,-0.7293183984859899
fusion_grw_bias,14035645,-2.4124468126924232,-1.7989032349262795,-0.6135435777661438
fusion_grw_bias,15588896,-2.663580048177053,-1.426612288160529,-1.236967760016524
fusion_grw_bias,15588927,-3.317140520291924,-1.8394810452031483,-1.4776594750887757
fusion_grw_bias,14035814,-2.881698009816907,-1.8905836864901266,-0.9911143233267803
fusion_grw_bias,14035816,-2.1381052470854565,-1.4319815165644112,-0.7061237305210453
fusion_grw_bias,14035815,-2.9336915225833,-1.4938374426237124,-1.4398540799595874
fusion_grw_bias,14035813,-2.5095651547569204,-1.8571501790112026,-0.6524149757457178
fusion_grw_bias,14035812,-2.386116619408825,-1.7923377293032223,-0.5937788901056027
fusion_grw_bias,14035819,-2.9876861580193563,-1.531984908214803,-1.4557012498045534
fusion_grw_bias,14035818,-2.36110768723298,-1.5080153245320416,-0.8530923627009384
fusion_grw_bias,14035827,-2.4521950861790867,-1.5101945442997002,-0.9420005418793864
fusion_grw_bias,14035820,-2.147180540956186,-1.4484877633035231,-0.698692777652663
fusion_grw_bias,14035817,-2.739340374793845,-1.76238608752429,-0.9769542872695551
fusion_grw_bias,15881894,-3.554907863179809,-2.3839511775477344,-1.1709566856320746
fusion_grw_bias,14035640,-2.5895056898474187,-1.8581315116096346,-0.7313741782377841
fusion_grw_bias,14035642,-2.5099231773009927,-1.5117242757202014,-0.9981989015807913
fusion_grw_bias,14035643,-3.3170019727629203,-1.8954538288155274,-1.421548143947393
fusion_grw_bias,14035641,-2.08478948040439,-1.3467796701627925,-0.7380098102415973
fusion_grw_bias,14035644,-2.505578070440083,-1.4457141086360672,-1.0598639618040158
fusion_grw_bias,15680573,-2.2645600439144027,-1.4210409223991067,-0.843519121515296
fusion_grw_bias,14035650,-2.956671226641443,-1.4882638551506397,-1.4684073714908032
fusion_grw_bias,14035647,-2.8254712337065078,-1.3584793601187057,-1.466991873587802
fusion_grw_bias,14035646,-2.4750078247793663,-1.4675373142509074,-1.007470510528459
fusion_grw_bias,14035648,-2.11019412640027,-1.8303255849848854,-0.27986854141538475
fusion_grw_bias,14035651,-2.131274205740625,-1.4316969239242507,-0.6995772818163741
fusion_grw_bias,14035821,-2.3573325546437793,-1.5003620328744554,-0.856970521769324
fusion_grw_bias,14035823,-2.6612145886121894,-1.8694042856172046,-0.7918103029949848
fusion_grw_bias,14035822,-2.882547507856146,-1.5391085172557681,-1.343438990600378
fusion_grw_bias,14035826,-2.586029028999113,-1.4778641943342075,-1.1081648346649053
fusion_grw_bias,14035824,-3.761836464112278,-1.4995505751493214,-2.262285888962957
fusion_grw_bias,14032717,-2.819183921516222,-1.8153843954847788,-1.0037995260314434
fusion_grw_bias,14032707,-3.328099526699613,-1.6932224039377317,-1.6348771227618815
fusion_grw_bias,14032715,-2.5605816027434494,-1.4850622060339993,-1.07551939670945
fusion_grw_bias,14032721,-2.5645671163157586,-1.3833536402623068,-1.1812134760534518
fusion_grw_bias,14032718,-2.405968564767509,-1.6489653243327644,-0.7570032404347444
fusion_grw_bias,14035653,-2.6939623434066844,-1.3938728787744674,-1.300089464632217
fusion_grw_bias,14035652,-2.278858338008399,-1.4365804032613811,-0.842277934747018
fusion_grw_bias,14035654,-2.8682404303591156,-1.7626464362807384,-1.1055939940783772
fusion_grw_bias,14035655,-3.0964651205192157,-1.8608712985193563,-1.2355938219998595
fusion_grw_bias,14035656,-2.1791195298333723,-1.6221649848647939,-0.5569545449685784
fusion_grw_bias,14032710,-2.9339232762068974,-1.7845920571547451,-1.1493312190521523
fusion_grw_bias,14032708,-2.569778266167961,-2.0381781495275813,-0.5316001166403796
fusion_grw_bias,14032714,-2.1427983823739476,-1.3990134894708393,-0.7437848929031083
fusion_grw_bias,14032719,-3.5872036756264296,-1.9203301953811316,-1.666873480245298
fusion_grw_bias,14032720,-2.2330434028531982,-1.4669885597181254,-0.7660548431350729
qs_marketobs,12477128,-2.404372205567681,-1.5182774190619366,-0.8860947865057445
qs_marketobs,12477134,-2.1602263501833665,-1.455828159403976,-0.7043981907793906
qs_marketobs,12477131,-3.9025885341650075,-1.7195539756224316,-2.183034558542576
qs_marketobs,12477135,-2.8893184274369275,-2.8893184274369275,0.0
qs_marketobs,12477132,-2.1232433207721555,-1.4235454285819502,-0.6996978921902053
qs_marketobs,12476800,-2.570544642878083,-1.864351628399651,-0.7061930144784321
qs_marketobs,12476794,-2.4531168021585095,-1.4986203968314291,-0.9544964053270804
qs_marketobs,12476797,-2.683911812444402,-1.4154454351680745,-1.2684663772763276
qs_marketobs,12476799,-2.7806110816928964,-2.7806110816928964,0.0
qs_marketobs,12476798,-4.341649827102503,-3.136038464747056,-1.2056113623554472
qs_marketobs,12477129,-2.3135056165233907,-1.4989041286054996,-0.8146014879178911
qs_marketobs,12477126,-5.158647756642266,-3.4515426646559684,-1.707105091986298
qs_marketobs,12477130,-2.990107031071466,-1.8808026000650735,-1.1093044310063924
qs_marketobs,12477123,-2.586117607490606,-2.586117607490606,0.0
qs_marketobs,12477133,-2.3100803546177686,-1.6440362662116148,-0.6660440884061538
qs_marketobs,12476632,-2.2628176373776947,-1.5420495915515844,-0.7207680458261103
qs_marketobs,12476633,-2.950511431021704,-1.7730916920805164,-1.1774197389411878
qs_marketobs,12476630,-2.4157274827119304,-1.4426485442694728,-0.9730789384424576
qs_marketobs,12476635,-2.3894210719117854,-1.535042805357597,-0.8543782665541884
qs_marketobs,12476636,-2.3175533231304053,-1.6864149088257596,-0.6311384143046457
qs_marketobs,12476793,-2.214262716756468,-1.461337664401184,-0.7529250523552842
qs_marketobs,12476795,-2.196150435755382,-1.4786477823368895,-0.7175026534184923
qs_marketobs,12476796,-4.273053145023345,-1.50290011342987,-2.770153031593475
qs_marketobs,12476792,-2.5599985617309806,-1.5323110892578427,-1.027687472473138
qs_marketobs,12476790,-2.3476580165879515,-1.7504503558456321,-0.5972076607423193
qs_marketobs,12476788,-2.850301373599053,-2.850301373599053,0.0
qs_marketobs,12476786,-3.5531594574848526,-2.4243020958852246,-1.128857361599628
qs_marketobs,12476787,-2.5907273146989995,-1.9421579024201072,-0.6485694122788923
qs_marketobs,12476791,-2.8666031801962992,-1.8509805199503475,-1.0156226602459517
qs_marketobs,12476789,-2.4427362361973346,-1.8094981695317782,-0.6332380666655564
qs_marketobs,12476629,-2.393334546138972,-1.5335442577745417,-0.8597902883644304
qs_marketobs,12476634,-2.8637438162526494,-1.4184193293603227,-1.4453244868923267
qs_marketobs,12476623,-2.1874696955143262,-1.7135136909031639,-0.4739560046111624
qs_marketobs,12476631,-3.0158333638644237,-1.805368360468048,-1.2104650033963757
qs_marketobs,12476624,-2.7534574322404453,-2.7534574322404453,0.0
qs_marketobs,12476627,-5.258655205839647,-1.5037124538655235,-3.754942751974123
qs_marketobs,12476625,-2.45664986273186,-1.5184958597362845,-0.9381540029955753
qs_marketobs,12476621,-2.117282953631464,-1.3873964809862622,-0.7298864726452017
qs_marketobs,12476622,-4.884509386589115,-1.926384342150335,-2.9581250444387797
qs_marketobs,12476782,-2.8613515734305333,-2.8613515734305333,0.0
qs_marketobs,12476785,-2.359114230257592,-1.8139070406726363,-0.5452071895849557
qs_marketobs,12476784,-2.8667301398118283,-1.832119872458856,-1.0346102673529722
qs_marketobs,12476781,-2.487078565795143,-1.8688689133540197,-0.6182096524411234
qs_marketobs,12476779,-5.094463476494916,-3.1154630275376514,-1.9790004489572643
qs_marketobs,12476619,-5.4178696352400415,-3.3287391628274206,-2.089130472412621
qs_marketobs,12476620,-3.1250914605791364,-1.7568318071257272,-1.3682596534534093
qs_marketobs,12476618,-2.505220540827904,-1.7662406421945236,-0.7389798986333802
qs_marketobs,12476626,-2.5104720173451325,-1.4005597793519386,-1.1099122379931938
qs_marketobs,12476617,-2.1034481429057323,-1.3728360481094515,-0.7306120947962809
qs_marketobs,12476780,-2.8773005153189564,-1.815962785992418,-1.0613377293265385
qs_marketobs,12476778,-3.3057730961024134,-1.79323441930183,-1.5125386768005835
qs_marketobs,12476776,-3.232977277817734,-1.5113065490364348,-1.7216707287812993
qs_marketobs,12476777,-2.483232744976885,-1.5035701126945857,-0.9796626322822994
qs_marketobs,12476783,-2.2100438226012127,-1.4924135516218886,-0.7176302709793241
qs_marketobs,12476772,-2.2122088898508245,-1.4837082814164992,-0.7285006084343253
qs_marketobs,12476774,-2.7384248412947585,-2.7384248412947585,0.0
qs_marketobs,12476771,-2.5957517061350943,-1.8011078199006278,-0.7946438862344665
qs_marketobs,12476773,-2.639348439197831,-1.5075009415282687,-1.1318474976695623
qs_marketobs,12476775,-2.413623315508613,-1.8908745961352889,-0.522748719373324
qs_marketobs,12476611,-2.6754700789538384,-1.5188815231175978,-1.1565885558362405
qs_marketobs,12476616,-2.6987690408827714,-1.6649741284112043,-1.033794912471567
qs_marketobs,12476614,-2.3871942493699922,-1.5166056218614599,-0.8705886275085324
qs_marketobs,12476612,-2.242642932097668,-1.7705728866518622,-0.4720700454458058
qs_marketobs,12476615,-2.4626428812535446,-1.5267812943907961,-0.9358615868627485
qs_marketobs,12811090,-2.19762155110008,-1.4313150909458459,-0.7663064601542342
qs_marketobs,12476607,-2.5540550572844953,-1.391611365455311,-1.1624436918291843
qs_marketobs,12476613,-2.736791584200104,-2.736791584200104,0.0
qs_marketobs,12476606,-2.9741395233223735,-1.3989673082505236,-1.57517221507185
qs_marketobs,12476603,-2.456485133096306,-1.531731342954462,-0.9247537901418439
qs_marketobs,12476770,-2.6386481821246837,-2.6386481821246837,0.0
qs_marketobs,12476767,-2.7126636812907208,-1.4472404991690748,-1.265423182121646
qs_marketobs,12476766,-2.8471409402422685,-1.8348056881669663,-1.0123352520753022
qs_marketobs,12476769,-3.27179060799103,-1.4990501902363405,-1.7727404177546897
qs_marketobs,12476768,-4.631528195603233,-3.070764058919927,-1.5607641366833054
qs_marketobs,12476761,-2.3889124312116774,-1.6853157402830088,-0.7035966909286686
qs_marketobs,12476765,-3.2761942777678406,-1.500334232662803,-1.7758600451050375
qs_marketobs,12476764,-5.783518531540449,-3.1068603158154646,-2.6766582157249843
qs_marketobs,12476762,-2.5419040122392618,-1.9107949893062721,-0.6311090229329896
qs_marketobs,12476759,-3.5139443054331703,-1.8856240603460497,-1.6283202450871206
qs_marketobs,12476604,-2.935041544383842,-1.918425843313423,-1.016615701070419
qs_marketobs,12476609,-2.689301377024068,-1.4033398294400605,-1.2859615475840074
qs_marketobs,12476610,-4.736657729884904,-2.8388504933779384,-1.8978072365069654
qs_marketobs,12476601,-2.5023410641765804,-1.7498957735424923,-0.7524452906340882
qs_marketobs,12476605,-2.4107512608768187,-1.6146831375967525,-0.7960681232800662
qs_marketobs,12476600,-4.663951079928603,-2.5127688841907365,-2.1511821957378667
qs_marketobs,12476598,-2.4061652382360745,-1.525019069351776,-0.8811461688842985
qs_marketobs,12476599,-2.5466007520151854,-1.6676029300275368,-0.8789978219876486
qs_marketobs,12476597,-2.363072701213182,-1.5006546511602898,-0.8624180500528922
qs_marketobs,12476602,-2.2104960499220057,-1.4487695844465194,-0.7617264654754863
qs_marketobs,12476760,-2.783811702689187,-1.4789260646578293,-1.3048856380313576
qs_marketobs,12476763,-3.4824431493138386,-1.8637996746557022,-1.6186434746581364
qs_marketobs,12476758,-2.2981550970486646,-1.8473630348577061,-0.45079206219095846
qs_marketobs,12476757,-3.0313869274564973,-1.4433510079273075,-1.5880359195291898
qs_marketobs,12476756,-2.3736897220726196,-1.7387475929229619,-0.6349421291496578
qs_marketobs,12954858,-3.6610617193200214,-1.5889053429789732,-2.072156376341048
qs_marketobs,12476594,-3.477081629261823,-1.9065244885168706,-1.5705571407449526
qs_marketobs,12476592,-3.668812644222567,-1.856906165506289,-1.8119064787162777
qs_marketobs,12476595,-2.5560951199599575,-2.5560951199599575,0.0
qs_marketobs,12476593,-2.665089000580766,-2.665089000580766,0.0
qs_marketobs,12476596,-2.270189722293554,-1.5107896553280846,-0.7594000669654695
qs_marketobs,12476750,-2.9836064557816844,-1.466062118986763,-1.5175443367949213
qs_marketobs,12476753,-3.4817295388754586,-1.9183663137032205,-1.563363225172238
qs_marketobs,12476755,-2.5567803683446244,-1.7837176558658023,-0.7730627124788221
qs_marketobs,12476752,-2.5531261223697377,-1.8566900888102116,-0.6964360335595261
qs_marketobs,12476751,-2.4419693400923252,-1.5075847128561617,-0.9343846272361636
qs_marketobs,12476749,-3.843746790926973,-1.49867610382999,-2.345070687096983
qs_marketobs,12476748,-2.270778026485623,-1.7368015172789815,-0.5339765092066415
qs_marketobs,12476739,-2.200882062089618,-1.4291966271175502,-0.7716854349720677
qs_marketobs,12476741,-2.3505958775878266,-1.7789068405451411,-0.5716890370426855
qs_marketobs,12476754,-4.718035130906408,-2.2787348831233865,-2.4393002477830215
qs_marketobs,12476589,-3.288384901766955,-1.439129190251765,-1.8492557115151902
qs_marketobs,12476587,-2.4963957547946567,-1.513174983448466,-0.9832207713461907
qs_marketobs,12476591,-3.000495867415675,-1.885519736961208,-1.1149761304544672
qs_marketobs,12476590,-2.235344256280877,-1.4344042165137174,-0.8009400397671596
qs_marketobs,12476588,-2.2025410218176202,-1.6834697355038508,-0.5190712863137694
qs_marketobs,12476746,-2.1253989347435644,-1.418596146758591,-0.7068027879849734
qs_marketobs,12476747,-2.7156879224492547,-1.468502663791528,-1.2471852586577268
qs_marketobs,12476742,-2.4423832023519245,-1.512700039176947,-0.9296831631749776
qs_marketobs,12476745,-2.155195725078558,-1.4438140662030656,-0.7113816588754924
qs_marketobs,12476743,-2.1526392272963233,-1.4463622633866158,-0.7062769639097075
qs_marketobs,12476737,-2.460238800664617,-1.5031384029234736,-0.9571003977411436
qs_marketobs,12476735,-2.246724004923439,-1.7198634634653964,-0.5268605414580425
qs_marketobs,12476744,-2.3831333851948626,-1.5008453714501568,-0.8822880137447058
qs_marketobs,12476738,-2.3061751527948386,-1.6959611302662454,-0.6102140225285932
qs_marketobs,12476740,-2.8665865038409963,-1.483233534773444,-1.3833529690675523
qs_marketobs,12476586,-3.6587244704161535,-2.555091685663581,-1.1036327847525724
qs_marketobs,12476582,-2.9683939515582556,-1.509329557684198,-1.4590643938740575
qs_marketobs,12476579,-3.2208452264626897,-1.5210047555104893,-1.6998404709522004
qs_marketobs,12476585,-2.723143928435446,-1.390720747812068,-1.3324231806233782
qs_marketobs,12476583,-3.0018516471696346,-1.9231976201267196,-1.078654027042915
qs_marketobs,12476584,-4.641249324255931,-2.1416191552634833,-2.4996301689924474
qs_marketobs,12476581,-3.2150914356173192,-1.9137539604760145,-1.3013374751413047
qs_marketobs,12476580,-2.4429710815653007,-1.538406832737247,-0.9045642488280536
qs_marketobs,12476574,-2.559679774643889,-1.5213939575457123,-1.0382858170981768
qs_marketobs,12476578,-2.7849045225361007,-1.5146125915078492,-1.2702919310282514
qs_marketobs,12476731,-2.366250897951362,-1.5068731176434562,-0.8593777803079059
qs_marketobs,12476548,-2.1109033872918417,-1.3924482633499708,-0.7184551239418708
qs_marketobs,13179032,-3.935481895007967,-1.5077656886987012,-2.427716206309266
qs_marketobs,13171689,-2.83286796018719,-1.8108176923519728,-1.0220502678352172
qs_marketobs,12476727,-3.855873624433875,-2.7386368342365954,-1.1172367901972797
qs_marketobs,12476729,-2.1628410617146585,-1.4544234589718217,-0.7084176027428368
qs_marketobs,12476724,-4.408801606103895,-1.8525730041403023,-2.5562286019635923
qs_marketobs,12476730,-2.3785412500096594,-1.5072469240986035,-0.8712943259110559
qs_marketobs,12476728,-2.8818318020226426,-1.4558364060989373,-1.4259953959237053
qs_marketobs,12476720,-2.925663294891801,-1.3758478730497954,-1.5498154218420055
qs_marketobs,12476722,-2.8783019870404023,-2.8783019870404023,0.0
qs_marketobs,12476721,-2.7247011047914778,-1.51323653163276,-1.2114645731587177
qs_marketobs,12476725,-6.474447068903047,-2.9754266846925708,-3.4990203842104766
qs_marketobs,12476723,-2.3998803331132277,-1.5101012973548882,-0.8897790357583395
qs_marketobs,13171688,-2.384572978472879,-1.5116864739300226,-0.8728865045428564
qs_marketobs,12476562,-4.6219371175153245,-1.5024952503721314,-3.119441867143193
qs_marketobs,12476564,-3.6887231135026566,-2.540952968679008,-1.1477701448236486
qs_marketobs,12476565,-2.3928328342430683,-1.527250232878757,-0.8655826013643113
qs_marketobs,13175772,-4.02109464343158,-1.7957933042350829,-2.2253013391964966
qs_marketobs,12476563,-2.839449733534683,-2.839449733534683,0.0
qs_marketobs,12476556,-2.2202401457480905,-1.6258830036708338,-0.5943571420772567
qs_marketobs,12476558,-3.570209827396278,-2.3344730160898886,-1.2357368113063893
qs_marketobs,12476561,-5.179798999652005,-3.2958112710892076,-1.883987728562797
qs_marketobs,12476560,-5.5917117629611,-3.4854748851558703,-2.1062368778052294
qs_marketobs,13179034,-3.6634648159468552,-2.450832941740507,-1.2126318742063482
qs_marketobs,12476726,-2.212283434668043,-1.5725917875998014,-0.6396916470682417
qs_marketobs,12476718,-4.171126073832206,-1.8788176358246182,-2.2923084380075878
qs_marketobs,12476716,-2.8064866294820647,-1.4739810116968357,-1.332505617785229
qs_marketobs,12476719,-2.727598468819808,-1.4525780015002345,-1.2750204673195733
qs_marketobs,12476717,-2.4907825347525234,-1.5138576218545223,-0.9769249128980011
qs_marketobs,12476713,-5.174953453157903,-2.5385867033011564,-2.6363667498567462
qs_marketobs,12476715,-3.5831973176147507,-1.858703953825785,-1.7244933637889657
qs_marketobs,12476714,-2.9585330281384095,-1.526136055295947,-1.4323969728424624
qs_marketobs,12476710,-2.1999170449365564,-1.4572437222058285,-0.7426733227307278
qs_marketobs,12476712,-2.6084634078859565,-1.4972058101859005,-1.111257597700056
qs_marketobs,13175771,-2.0751142566038765,-1.3642387662581514,-0.7108754903457251
qs_marketobs,13159980,-4.760408365425427,-3.3652160514430225,-1.3951923139824043
qs_marketobs,12476551,-2.7321014889787536,-1.7849840703470132,-0.9471174186317404
qs_marketobs,12476555,-2.3979141731610194,-1.4080754637795017,-0.9898387093815177
qs_marketobs,12476557,-4.995331104918047,-3.1344842001426247,-1.8608469047754221
qs_marketobs,12476554,-2.4524340563681752,-1.3855603407017116,-1.0668737156664636
qs_marketobs,12476550,-2.126977004499925,-1.4025855526197246,-0.7243914518802004
qs_marketobs,12476549,-2.8436446965948345,-1.3816447660188451,-1.4619999305759894
qs_marketobs,12476547,-2.4960524461728384,-2.1404933754238726,-0.35555907074896576
qs_marketobs,12476552,-2.1240177720244273,-1.4041506626697715,-0.7198671093546558
qs_marketobs,12476553,-3.0185986512947465,-1.968311423832802,-1.0502872274619444
qs_marketobs,12476711,-3.6065741326478356,-1.863747417616295,-1.7428267150315406
qs_marketobs,12476708,-2.3293733690700096,-1.4038209023658454,-0.9255524667041641
qs_marketobs,12476707,-2.3516210280376746,-1.7749566575672304,-0.5766643704704442
qs_marketobs,12476709,-2.729155789400539,-2.729155789400539,0.0
qs_marketobs,12476706,-2.177576830557431,-1.4370630668893334,-0.7405137636680976
qs_marketobs,12476705,-2.141281657355311,-1.4281708691391553,-0.7131107882161556
qs_marketobs,12476701,-2.77994190687032,-2.77994190687032,0.0
qs_marketobs,12476539,-3.1687228812082644,-1.440742110909562,-1.7279807702987025
qs_marketobs,12476545,-2.4016211984288516,-1.4296468679158747,-0.9719743305129769
qs_marketobs,12476546,-2.137972573360524,-1.6164014475584811,-0.5215711258020428
qs_marketobs,13217663,-4.244515279388816,-3.1057855855612138,-1.1387296938276021
qs_marketobs,12476541,-3.1269579750250727,-1.5142914836626835,-1.6126664913623892
qs_marketobs,12476544,-2.246993899807391,-1.828059674206603,-0.41893422560078797
qs_marketobs,12476533,-2.094974380930347,-1.3794374152204327,-0.7155369657099142
qs_marketobs,13324922,-3.144147013732008,-1.5345471897745178,-1.60959982395749
qs_marketobs,13197505,-4.010297329844313,-2.787893261664427,-1.2224040681798862
qs_marketobs,12476697,-2.5280956259874534,-1.5479002176296253,-0.9801954083578281
qs_marketobs,12476698,-5.18059932943015,-1.8703707502294171,-3.3102285792007327
qs_marketobs,12476700,-2.9029563879950526,-1.9056540092672074,-0.9973023787278452
qs_marketobs,12476696,-2.984538521691702,-1.8326279191163684,-1.1519106025753336
qs_marketobs,13315347,-2.156985161442622,-1.7174634124462311,-0.43952174899639096
qs_marketobs,12476531,-3.520290191750977,-1.4732783193037169,-2.04701187244726
qs_marketobs,12476529,-3.570411236160272,-2.471504507340807,-1.0989067288194647
qs_marketobs,12476538,-2.5438849191146904,-1.3817390211233331,-1.1621458979913573
qs_marketobs,13233442,-2.971893089138997,-1.8390436188965529,-1.1328494702424443
qs_marketobs,12476519,-2.4102535426884772,-1.7976248037756344,-0.6126287389128429
qs_marketobs,12476525,-2.7903948913464807,-2.7903948913464807,0.0
qs_marketobs,12476523,-3.454387042922431,-2.397384296323202,-1.0570027465992289
qs_marketobs,12476522,-3.4419498246535167,-1.5186536198756175,-1.9232962047778992
qs_marketobs,12476524,-2.4939414884271605,-1.610810690517483,-0.8831307979096774
qs_marketobs,12476693,-2.038150362775992,-1.5729944199074417,-0.4651559428685501
qs_marketobs,12476695,-2.5420872168039854,-1.5042311509341406,-1.0378560658698448
qs_marketobs,12476691,-3.6386951110626646,-1.538700886392478,-2.0999942246701866
qs_marketobs,12476692,-3.665975076326296,-1.8128204361874334,-1.8531546401388626
qs_marketobs,12476699,-2.177242723510007,-1.4768827910123248,-0.7003599324976824
qs_marketobs,12476689,-3.62212708974415,-1.554390373964489,-2.0677367157796613
qs_marketobs,12476685,-2.930190733000901,-1.9349223680940115,-0.9952683649068894
qs_marketobs,12476686,-2.4376153958437383,-1.525936293075739,-0.9116791027679993
qs_marketobs,12476690,-2.472576265751335,-1.5002826156541098,-0.972293650097225
qs_marketobs,13343736,-3.090248803542781,-1.935278178090569,-1.154970625452212
qs_marketobs,12476521,-5.525118858757205,-4.184862293592117,-1.3402565651650882
qs_marketobs,12476514,-3.089059523360413,-1.993196191339191,-1.095863332021222
qs_marketobs,12476518,-3.0315906304179334,-1.46417415034571,-1.5674164800722235
qs_marketobs,12476520,-2.4674216755268574,-1.511157001095924,-0.9562646744309333
qs_marketobs,12476515,-2.4285232094516114,-1.6671845772690608,-0.7613386321825506
qs_marketobs,13348881,-3.0224851346933734,-1.8125063359594842,-1.2099787987338892
qs_marketobs,13255608,-3.3019368177282757,-1.5149901581490652,-1.7869466595792105
qs_marketobs,12476516,-2.711254548202708,-1.6961499766873533,-1.0151045715153546
qs_marketobs,12476512,-2.5605970907625344,-1.7840232501408124,-0.776573840621722
qs_marketobs,12476511,-3.20735533593159,-1.8897508770376708,-1.317604458893919
qs_marketobs,12476517,-2.4646370872644052,-1.4233884296446453,-1.04124865761976
qs_marketobs,12476513,-5.664389135356192,-4.411955324979646,-1.2524338103765462
qs_marketobs,13391276,-2.118629984226762,-1.4031824646946467,-0.7154475195321155
qs_marketobs,12476688,-2.8751053606729258,-1.82356536173512,-1.0515399989378058
qs_marketobs,12476684,-3.7314150146610134,-1.519847477516618,-2.2115675371443952
qs_marketobs,12476681,-3.7177781628492403,-2.492680105729298,-1.2250980571199421
qs_marketobs,12476682,-2.690254287265305,-1.4602300501104624,-1.2300242371548424
qs_marketobs,12476679,-2.229348674091801,-1.6249493325879418,-0.6043993415038591
qs_marketobs,12476678,-2.3640573197682087,-1.499593933335352,-0.8644633864328566
qs_marketobs,12476675,-2.8107952359996724,-1.3878686516868488,-1.4229265843128236
qs_marketobs,12476680,-5.386947576416319,-4.104499029871672,-1.2824485465446473
qs_marketobs,12476677,-3.585239264627682,-1.542785369602602,-2.04245389502508
qs_marketobs,12476508,-3.3259752607738027,-1.9721243999919924,-1.3538508607818103
qs_marketobs,12476510,-6.311861248922339,-2.256808122889792,-4.055053126032547
qs_marketobs,12476506,-2.1692416531000616,-1.3984724162527014,-0.7707692368473602
qs_marketobs,12476509,-2.97816957879912,-1.8836017032680017,-1.0945678755311183
qs_marketobs,12476507,-2.3358714540926546,-1.6727343999939301,-0.6631370540987245
qs_marketobs,12476502,-2.5637283535282855,-2.5637283535282855,0.0
qs_marketobs,12476500,-2.8605142996417667,-1.5029433648265733,-1.3575709348151934
qs_marketobs,12476501,-3.3240192161933555,-1.5201117175453638,-1.8039074986479917
qs_marketobs,12476505,-2.8421018975926096,-1.361943312493508,-1.4801585850991015
qs_marketobs,12476504,-2.754927645360535,-1.4974719856886427,-1.2574556596718924
qs_marketobs,13415294,-2.344771647798683,-1.5040406611893489,-0.840730986609334
qs_marketobs,12476674,-2.454726283821622,-1.5011322417539121,-0.95359404206771
qs_marketobs,12476671,-2.7539953604658236,-1.5021203785237423,-1.2518749819420814
qs_marketobs,12476670,-2.158558145795187,-1.3523023873253137,-0.8062557584698731
qs_marketobs,12476672,-3.286862699794189,-1.8527221880308875,-1.4341405117633015
qs_marketobs,12476669,-2.6323766446756913,-1.7339185874940597,-0.8984580571816316
qs_marketobs,13343733,-2.3868259142041968,-1.4995035927302698,-0.887322321473927
qs_marketobs,12476667,-3.1776525343147424,-1.874616092556886,-1.3030364417578564
qs_marketobs,12476662,-2.211215085783376,-1.699552347602459,-0.5116627381809171
qs_marketobs,12476673,-2.7598595291200265,-1.3929041707815661,-1.3669553583384604
qs_marketobs,12476676,-3.615047169627315,-2.47425365438339,-1.1407935152439248
qs_marketobs,12476668,-2.6178362138094213,-2.6178362138094213,0.0
qs_marketobs,12476526,-2.2661707379581904,-1.4628496258958756,-0.8033211120623147
qs_marketobs,12476497,-2.3456002989698854,-1.4212748060412044,-0.924325492928681
qs_marketobs,12476499,-2.418529023434223,-1.68253827423165,-0.735990749202573
qs_marketobs,12476496,-2.5449943253687692,-1.7065130649581854,-0.8384812604105838
qs_marketobs,12476498,-2.397488165785306,-1.6460258822027227,-0.7514622835825833
qs_marketobs,12476495,-2.883608133089951,-1.8144895468048456,-1.0691185862851051
qs_marketobs,13436762,-2.525255712658223,-1.5489107467034031,-0.97634496595482
qs_marketobs,12476490,-2.440487697543564,-1.5149480809803886,-0.9255396165631753
qs_marketobs,12476492,-2.6137187789972063,-1.706858945750554,-0.9068598332466522
qs_marketobs,12476489,-3.0564732064700193,-3.0564732064700193,0.0
qs_marketobs,12476493,-2.609712787232171,-2.609712787232171,0.0
qs_marketobs,12476491,-2.401254776436031,-1.6248615099690487,-0.7763932664669821
qs_marketobs,13399583,-4.385081188310451,-1.8411413635353553,-2.543939824775096
qs_marketobs,13480337,-4.006978680467527,-2.7321547762128895,-1.2748239042546374
qs_marketobs,12476665,-2.419615857544086,-1.5552782587873832,-0.8643375987567026
qs_marketobs,12476661,-2.9210412981102443,-1.9213988190408036,-0.9996424790694407
qs_marketobs,12476666,-2.935496872298016,-1.7233872439839923,-1.2121096283140238
qs_marketobs,12476663,-2.698246657418868,-2.698246657418868,0.0
qs_marketobs,12476660,-3.5793105141652823,-2.5045219010190785,-1.0747886131462039
qs_marketobs,12640468,-2.132069054194976,-1.417796985616924,-0.7142720685780521
qs_marketobs,12476657,-2.195394876452939,-1.391219658794737,-0.804175217658202
qs_marketobs,12476659,-2.8526111666751137,-2.8526111666751137,0.0
qs_marketobs,12476664,-2.782565442463603,-2.782565442463603,0.0
qs_marketobs,12476658,-3.040016508516012,-1.9437288187577628,-1.0962876897582492
qs_marketobs,13343735,-2.6759804580174156,-1.484187915852734,-1.1917925421646816
qs_marketobs,12476485,-2.26607421571108,-1.4464149895959229,-0.819659226115157
qs_marketobs,12476487,-2.606415761033945,-1.431217318092264,-1.1751984429416809
qs_marketobs,12476486,-2.6851980407523386,-1.4206317234339012,-1.2645663173184374
qs_marketobs,12476488,-5.078748342967008,-1.5064084425954474,-3.5723399003715604
qs_marketobs,12476494,-2.1122828306903307,-1.4067849058744615,-0.7054979248158693
qs_marketobs,12476483,-6.639205719424956,-4.215082205167631,-2.4241235142573245
qs_marketobs,12476484,-3.009441582644484,-1.9005742563866874,-1.1088673262577966
qs_marketobs,12476482,-2.3744099168029185,-1.510473768035866,-0.8639361487670525
qs_marketobs,12476478,-2.847795825860115,-1.5130145455631585,-1.3347812802969565
qs_marketobs,12476481,-2.2096930942649773,-1.5510380903723509,-0.6586550038926264
qs_marketobs,12476656,-3.7584806397218076,-2.259714761128804,-1.4987658785930034
qs_marketobs,12476654,-2.3307063064001805,-1.782730867104473,-0.5479754392957075
qs_marketobs,12476652,-4.634745895029613,-2.8265691429850035,-1.8081767520446093
qs_marketobs,12476651,-4.176667738367476,-2.691101414963764,-1.4855663234037118
qs_marketobs,12476655,-2.485045415445792,-1.512109027458351,-0.9729363879874409
qs_marketobs,12476648,-3.6730786071643555,-1.5362119015166429,-2.1368667056477126
qs_marketobs,12476649,-2.1683668428353453,-1.6303508703738212,-0.5380159724615241
qs_marketobs,12476653,-2.4607831136646374,-1.4146951814749895,-1.046087932189648
qs_marketobs,12476650,-8.235422501547715,-3.0897724953192447,-5.14565000622847
qs_marketobs,12476646,-4.982584089476829,-2.4989028045287096,-2.483681284948119
qs_marketobs,12476477,-2.438216710593695,-1.5068191290663813,-0.9313975815273139
qs_marketobs,12476474,-4.431396415668091,-3.0275236758815125,-1.403872739786579
qs_marketobs,12476479,-2.421290465928657,-1.6720997047040738,-0.7491907612245832
qs_marketobs,12476480,-2.4659012350355907,-2.4659012350355907,0.0
qs_marketobs,12476476,-2.457751096387729,-1.522656786258425,-0.9350943101293039
qs_marketobs,12476469,-4.4880147175629554,-2.4863953390072404,-2.001619378555715
qs_marketobs,12476475,-2.4725729976442827,-1.506723241462936,-0.9658497561813468
qs_marketobs,12476471,-3.132714151733135,-1.427866420715746,-1.7048477310173888
qs_marketobs,12476470,-2.422634748580352,-1.5212059512482672,-0.9014287973320847
qs_marketobs,12476473,-2.393866037636659,-1.5688076342137456,-0.8250584034229136
qs_marketobs,12476645,-2.7872666900739,-1.7562534115497141,-1.031013278524186
qs_marketobs,12476642,-3.5443647019339872,-1.3767227824467785,-2.1676419194872087
qs_marketobs,12476647,-2.34405661943063,-1.8268145470528359,-0.5172420723777942
qs_marketobs,12476643,-3.9373517194320486,-1.9335671702614767,-2.0037845491705717
qs_marketobs,12476644,-2.365402207585899,-1.5351481203365769,-0.8302540872493223
qs_marketobs,12476640,-2.2653820771181117,-1.494083458548518,-0.7712986185695936
qs_marketobs,12476641,-6.7742390091385545,-3.141708302908721,-3.6325307062298333
qs_marketobs,12476637,-2.0381343357476442,-1.3397656989699478,-0.6983686367776964
qs_marketobs,12476639,-3.158234969252204,-1.9633358229733862,-1.1948991462788179
qs_marketobs,12476638,-2.9429899578349668,-1.859671305286084,-1.0833186525488827
qs_marketobs,12476465,-2.4871718247020955,-1.3860238121656987,-1.1011480125363968
qs_marketobs,12476472,-2.071701270323042,-1.366951546163666,-0.7047497241593761
qs_marketobs,12476468,-2.6263870931486846,-1.423473880114582,-1.2029132130341025
qs_marketobs,12476464,-3.1446693817830185,-1.9414409436405284,-1.20322843814249
qs_marketobs,12476467,-2.42060711725287,-1.856317059704034,-0.5642900575488361
qs_marketobs,12476463,-5.460932097533813,-1.912462515572599,-3.5484695819612138
qs_marketobs,12476466,-2.2405614726205894,-1.4578848148151118,-0.7826766578054776
qs_marketobs,12476461,-2.7805763210869188,-1.3844231285939692,-1.3961531924929496
qs_marketobs,12476460,-3.0466530611148794,-1.353286890648811,-1.6933661704660685
qs_marketobs,12476462,-2.504240655389482,-1.5421037957838464,-0.9621368596056357
qs_marketobs,12473328,-3.295997477212091,-1.5568402754031117,-1.7391572018089794
qs_marketobs,12473336,-2.9881303967588795,-1.8330545714275923,-1.1550758253312872
qs_marketobs,12473335,-2.465925858122237,-1.371428146910956,-1.0944977112112813
qs_marketobs,12473322,-2.408492332601353,-1.5170307878916707,-0.8914615447096823
qs_marketobs,12473327,-3.085250381199949,-1.7909912919659787,-1.2942590892339705
qs_marketobs,12473331,-4.317179460679002,-3.0840634859694145,-1.2331159747095874
qs_marketobs,12473333,-2.4035368782530573,-1.3397870344034706,-1.0637498438495867
qs_marketobs,12473334,-2.105097559670822,-1.3857632097944537,-0.7193343498763682
qs_marketobs,12473337,-2.4773635000555587,-1.509893487402827,-0.9674700126527318
qs_marketobs,12473330,-2.321552788813664,-1.4998045656878727,-0.8217482231257911
qs_marketobs,12476454,-3.235884220412411,-1.525793219766895,-1.710091000645516
qs_marketobs,12476455,-4.285361444743543,-2.4446103186956925,-1.8407511260478508
qs_marketobs,12476458,-2.728292276276995,-1.5113717282977026,-1.2169205479792926
qs_marketobs,12476459,-2.212541450499455,-1.6476873570411548,-0.5648540934583002
qs_marketobs,12476457,-2.4892908315104623,-2.4892908315104623,0.0
qs_marketobs,12476452,-2.2699442315011353,-1.4361881558853715,-0.8337560756157638
qs_marketobs,12476567,-2.38809022132228,-1.6143128556659,-0.77377736565638
qs_marketobs,12476453,-8.19234018647336,-4.2991175283406795,-3.8932226581326796
qs_marketobs,12476575,-2.600618012212192,-2.600618012212192,0.0
qs_marketobs,12476570,-2.841163202672543,-1.7655120691162791,-1.075651133556264
qs_marketobs,14035482,-2.9992953505936057,-1.426329661644255,-1.5729656889493508
qs_marketobs,14035495,-3.200692373170678,-1.5386401174085513,-1.6620522557621267
qs_marketobs,14035487,-4.188747789260745,-2.623718132218969,-1.565029657041776
qs_marketobs,14035486,-2.1717980143368973,-1.5156298622240558,-0.6561681521128415
qs_marketobs,14343735,-2.5842201403467344,-1.5115641414746195,-1.072655998872115
qs_marketobs,14035506,-2.386220238955807,-1.738235942603555,-0.647984296352252
qs_marketobs,14035498,-2.316297092551842,-1.3606651184171086,-0.9556319741347332
qs_marketobs,14035502,-3.744254080777159,-2.4028244771383207,-1.3414296036388382
qs_marketobs,14035497,-2.4778345342371995,-1.7204427768651938,-0.7573917573720057
qs_marketobs,14035501,-2.6122838175999155,-1.5237147174492853,-1.0885691001506301
qs_marketobs,14035665,-2.095171727958669,-1.5822688991561624,-0.5129028288025066
qs_marketobs,14035666,-2.458537999207323,-1.5057770526138414,-0.9527609465934814
qs_marketobs,14035662,-3.5008178425609517,-2.4267094440018613,-1.0741083985590905
qs_marketobs,14035664,-2.400933329647679,-1.4995752637728739,-0.9013580658748053
qs_marketobs,14035663,-3.3789459666127426,-1.8374007320837675,-1.541545234528975
qs_marketobs,14035669,-2.821739581459459,-2.821739581459459,0.0
qs_marketobs,14035667,-2.5555499797842662,-2.5555499797842662,0.0
qs_marketobs,14035671,-2.7286205478446486,-1.5132751454594886,-1.21534540238516
qs_marketobs,14035670,-2.7128993529985523,-1.509910745431246,-1.2029886075673064
qs_marketobs,14035668,-2.3058107849586724,-1.7026172851358867,-0.6031934998227857
qs_marketobs,14035484,-2.7670976340843154,-1.5054147364875279,-1.2616828975967875
qs_marketobs,14035485,-4.5420892810336815,-3.2674137809794543,-1.2746755000542271
qs_marketobs,14035488,-2.9823814372128092,-1.5422559837134748,-1.4401254534993344
qs_marketobs,14035489,-4.1310248131886045,-1.9617793623868882,-2.169245450801716
qs_marketobs,14035494,-2.3835632364123462,-1.516023890527423,-0.8675393458849232
qs_marketobs,14035493,-3.1846315365219438,-1.882723589148174,-1.3019079473737698
qs_marketobs,14035496,-2.417059407972329,-1.3457465563511306,-1.0713128516211983
qs_marketobs,14035492,-2.52194698318244,-1.8508225133931497,-0.6711244697892904
qs_marketobs,14035491,-2.534538672224764,-2.534538672224764,0.0
qs_marketobs,14035675,-2.8520703792316966,-1.8308350363913297,-1.0212353428403669
qs_marketobs,14035672,-2.2166803977654297,-1.489292903604686,-0.7273874941607437
qs_marketobs,14035674,-4.643205127068967,-3.4539546606111275,-1.1892504664578394
qs_marketobs,14035676,-3.282924613123651,-1.8357370090205902,-1.4471876041030607
qs_marketobs,14035673,-2.624412810498328,-1.7361025140505117,-0.8883102964478162
qs_marketobs,14035678,-5.206710535118092,-3.1329924398409466,-2.0737180952771457
qs_marketobs,14035683,-2.240949305738954,-1.6969107163966721,-0.5440385893422817
qs_marketobs,14035681,-3.3048697963665576,-2.2056546960630583,-1.0992151003034993
qs_marketobs,14035679,-2.1010531522323386,-1.388354214677309,-0.7126989375550297
qs_marketobs,14035677,-5.1896786693500125,-3.8053262798562377,-1.3843523894937748
qs_marketobs,14035503,-2.3339342191964407,-1.5086405406529755,-0.8252936785434652
qs_marketobs,14035505,-2.4785706400781082,-1.5308623141266926,-0.9477083259514156
qs_marketobs,14035500,-2.1265835756072287,-1.7005522938300865,-0.4260312817771421
qs_marketobs,14035504,-2.0762699477810385,-1.3717474514084333,-0.7045224963726051
qs_marketobs,14035499,-2.966065380821198,-2.966065380821198,0.0
qs_marketobs,14035680,-2.908253569826978,-1.5013553390059315,-1.4068982308210463
qs_marketobs,14035682,-2.797696743437926,-2.797696743437926,0.0
qs_marketobs,14035686,-2.4659134034228827,-1.9365110302897524,-0.5294023731331303
qs_marketobs,14035684,-4.4724744924094555,-2.361912237097809,-2.1105622553116463
qs_marketobs,14035685,-2.25549794012483,-1.6856144005737235,-0.5698835395511066
qs_marketobs,14035511,-2.9370123959152106,-1.899124758998136,-1.0378876369170746
qs_marketobs,14035510,-2.376103765856704,-1.6860243093567666,-0.6900794564999373
qs_marketobs,14035509,-2.587748298471848,-1.5288056184728602,-1.0589426799989878
qs_marketobs,14035508,-2.5373521692544894,-1.7197891524596174,-0.817563016794872
qs_marketobs,14035507,-2.1966646489305743,-1.6697627431549091,-0.5269019057756652
qs_marketobs,14035514,-2.5432256400222766,-1.3558771459456502,-1.1873484940766263
qs_marketobs,14035515,-3.594758763115968,-1.8263169854541452,-1.7684417776618226
qs_marketobs,14035512,-2.4574264507059755,-1.5005670214897426,-0.9568594292162329
qs_marketobs,14035513,-2.0963001099588725,-1.3786327060274461,-0.7176674039314264
qs_marketobs,14035516,-3.3030952676493883,-1.964453165576103,-1.3386421020732853
qs_marketobs,14035687,-2.8530109973863436,-1.7138751267343797,-1.1391358706519639
qs_marketobs,14035695,-3.899500171557881,-2.533924629423703,-1.3655755421341782
qs_marketobs,14035689,-7.3310889894728835,-3.1441991918025542,-4.186889797670329
qs_marketobs,14035692,-3.2053159327587513,-1.5056152201437212,-1.69970071261503
qs_marketobs,14035688,-2.4390668356729694,-1.4445578830944268,-0.9945089525785427
qs_marketobs,14035694,-2.5059361754808887,-1.6790077692346939,-0.8269284062461948
qs_marketobs,14035690,-2.2298772440643715,-1.6666546047094097,-0.5632226393549618
qs_marketobs,14035693,-3.780007509976541,-1.7920201330118077,-1.9879873769647332
qs_marketobs,14035691,-2.357777802008617,-1.5023522598281864,-0.8554255421804304
qs_marketobs,14035697,-2.0994711728296473,-1.390543307950647,-0.7089278648790003
qs_marketobs,14035517,-3.454835780100675,-1.4618294793884856,-1.9930063007121892
qs_marketobs,14035518,-2.3320768250010517,-1.4346905918711035,-0.8973862331299483
qs_marketobs,14035519,-3.4487555954676568,-2.4614510950633166,-0.9873045004043401
qs_marketobs,14035521,-2.439833637790846,-1.5132466584655595,-0.9265869793252866
qs_marketobs,14035520,-2.551072491446469,-1.5287155910321963,-1.0223569004142725
qs_marketobs,14035524,-2.6361662464096023,-1.4221431900068842,-1.2140230564027181
qs_marketobs,14035522,-3.5825660663209997,-1.9647294380552938,-1.617836628265706
qs_marketobs,14035526,-2.409255026036401,-1.5175175670907024,-0.8917374589456986
qs_marketobs,14035525,-3.240085058507231,-1.9963849371106943,-1.2437001213965369
qs_marketobs,14035523,-2.3083912616569524,-1.7665141266113455,-0.5418771350456069
qs_marketobs,14035700,-3.632541168774682,-2.3633316226116987,-1.2692095461629833
qs_marketobs,14035703,-3.644259577008693,-1.6888171963774106,-1.9554423806312826
qs_marketobs,14035698,-2.8984012602191322,-1.5054675407457996,-1.3929337194733327
qs_marketobs,14035696,-2.0889286245058134,-1.3853367233614369,-0.7035919011443765
qs_marketobs,14035699,-4.649260975364238,-3.1952417315333594,-1.4540192438308788
qs_marketobs,14035706,-2.8484041584892674,-1.9380224191765727,-0.9103817393126947
qs_marketobs,14035704,-2.8317914238324,-1.8241964872554937,-1.0075949365769061
qs_marketobs,14035702,-2.7602170650791558,-1.7173973348485319,-1.042819730230624
qs_marketobs,14035701,-2.5389619681306064,-1.5422770697776929,-0.9966848983529135
qs_marketobs,14035705,-2.381658577473383,-1.7138961620084896,-0.6677624154648936
qs_marketobs,14501655,-2.4362555370598384,-1.4539615951177962,-0.9822939419420422
qs_marketobs,14035529,-3.7102173218419887,-1.7177582409442809,-1.9924590808977078
qs_marketobs,14035528,-2.464861581022821,-1.7001921848904202,-0.7646693961324007
qs_marketobs,14035531,-3.4534300517207814,-1.52114468929116,-1.9322853624296215
qs_marketobs,14035527,-2.1414990731737373,-1.4250934647559605,-0.7164056084177768
qs_marketobs,14035530,-4.289486322155424,-1.9201470936567653,-2.369339228498659
qs_marketobs,14035709,-2.7754137461094026,-1.516064644323158,-1.2593491017862446
qs_marketobs,14035708,-2.5583120370591863,-1.5086929125284692,-1.0496191245307172
qs_marketobs,14035710,-3.928655170281024,-1.8641757540166335,-2.0644794162643905
qs_marketobs,14035707,-2.178576719709017,-1.4617993865118606,-0.7167773331971563
qs_marketobs,14035711,-2.547284346520973,-2.547284346520973,0.0
qs_marketobs,14035532,-2.7192542607695334,-1.505151244752261,-1.2141030160172723
qs_marketobs,14035534,-3.7939781198569635,-1.520004772441109,-2.2739733474158546
qs_marketobs,14035533,-3.023770618280982,-1.5104564015623703,-1.5133142167186115
qs_marketobs,14035535,-2.100163828225398,-1.640243719825117,-0.45992010840028086
qs_marketobs,14297746,-2.685273902691809,-2.685273902691809,0.0
qs_marketobs,14035538,-2.529107600835828,-1.5105791474907,-1.018528453345128
qs_marketobs,14035539,-2.128576255867595,-1.4220962494916465,-0.7064800063759484
qs_marketobs,14035536,-2.5871339194509013,-1.499669231539769,-1.0874646879111323
qs_marketobs,14035540,-2.0478270690859874,-1.7383743625243664,-0.30945270656162105
qs_marketobs,14035542,-2.105886057693104,-1.38735218743892,-0.7185338702541839
qs_marketobs,14035713,-2.469392108743123,-1.8326237723499692,-0.6367683363931538
qs_marketobs,14035714,-2.998116957163558,-1.7992768537655472,-1.198840103398011
qs_marketobs,14035716,-2.606855153609687,-1.5261948760003967,-1.0806602776092904
qs_marketobs,14035715,-3.7417377144335524,-2.07184614662087,-1.6698915678126824
qs_marketobs,14035712,-2.541031340605028,-1.4562816073094051,-1.0847497332956229
qs_marketobs,14035546,-2.1843186355013953,-1.872546163477585,-0.3117724720238102
qs_marketobs,14035541,-2.942274921135094,-1.502380821177236,-1.4398940999578578
qs_marketobs,14035544,-3.1351656479945573,-1.8767211087478581,-1.2584445392466992
qs_marketobs,14035545,-3.407049531483031,-1.518612331183407,-1.8884372002996241
qs_marketobs,14035543,-4.948705872442523,-1.9323139642622338,-3.0163919081802892
qs_marketobs,14035548,-2.148618427465921,-1.4160750441257555,-0.7325433833401653
qs_marketobs,14035555,-2.6586351901897376,-1.501558732960552,-1.1570764572291856
qs_marketobs,14035549,-2.1014961415564337,-1.385913548132823,-0.7155825934236106
qs_marketobs,14035554,-2.230777877767929,-1.62908790064607,-0.6016899771218589
qs_marketobs,14035717,-3.551456903183251,-1.8451926035559438,-1.706264299627307
qs_marketobs,14035718,-2.3711492095215925,-1.4993535447462263,-0.8717956647753662
qs_marketobs,14035719,-2.159424397690874,-1.3999702879087659,-0.7594541097821081
qs_marketobs,14035735,-2.7991503214903157,-2.7991503214903157,0.0
qs_marketobs,14035720,-2.3874488802394493,-1.7467617208376398,-0.6406871594018095
qs_marketobs,14035722,-2.706955952119737,-1.4574600279088603,-1.2494959242108767
qs_marketobs,14035721,-2.189346078808477,-1.4855455541381166,-0.7038005246703605
qs_marketobs,14035725,-2.2629321231946666,-1.489581028570165,-0.7733510946245017
qs_marketobs,14035724,-2.6591078614230805,-1.7253868012790128,-0.9337210601440677
qs_marketobs,14035723,-4.384530859843095,-1.9762541469323769,-2.4082767129107183
qs_marketobs,14035551,-2.5905600522123957,-1.7092968419856953,-0.8812632102267004
qs_marketobs,14035559,-2.5327839856383907,-1.5283397206394176,-1.004444264998973
qs_marketobs,14035550,-2.7883356341250902,-2.7883356341250902,0.0
qs_marketobs,14035556,-4.79085149483952,-2.5972478029817556,-2.193603691857765
qs_marketobs,14035552,-3.1926744482577867,-1.86132102866845,-1.3313534195893366
qs_marketobs,15017622,-2.181336252123875,-1.4055330657158474,-0.7758031864080277
qs_marketobs,14035727,-4.5934615227537545,-2.533650714563975,-2.0598108081897797
qs_marketobs,14035729,-2.427441828955976,-1.6516629570332495,-0.7757788719227263
qs_marketobs,14035726,-2.4228361557150304,-1.8540462055975104,-0.56878995011752
qs_marketobs,14035730,-5.643234620039535,-1.8409973621431133,-3.8022372578964214
qs_marketobs,14035728,-2.14173473904443,-1.4290266119069002,-0.71270812713753
qs_marketobs,14035553,-2.1861456268199717,-1.439781411286863,-0.7463642155331087
qs_marketobs,14035562,-2.6534821390095167,-2.6534821390095167,0.0
qs_marketobs,14035558,-3.247965286678935,-1.5248853010462744,-1.7230799856326606
qs_marketobs,14035560,-4.35710182380417,-1.8832189479243195,-2.47388287587985
qs_marketobs,14035563,-2.3613042336125942,-1.7315844594681944,-0.6297197741443998
qs_marketobs,14035564,-3.7711433736467077,-1.9127058309654628,-1.858437542681245
qs_marketobs,14035561,-2.958483409055786,-1.4260518893922982,-1.5324315196634877
qs_marketobs,14035565,-3.6212750655254466,-1.5465990596121808,-2.0746760059132656
qs_marketobs,14035566,-3.528726567130052,-2.348176098435868,-1.1805504686941841
qs_marketobs,14035731,-2.2601600692225943,-1.5024135319328877,-0.7577465372897065
qs_marketobs,14035732,-5.044889035509055,-3.7797147658180092,-1.2651742696910455
qs_marketobs,14035736,-3.620346683303255,-2.528111017722396,-1.092235665580859
qs_marketobs,14035733,-2.154700454584952,-1.4326785978402607,-0.7220218567446912
qs_marketobs,14035734,-3.173526129329044,-1.5001650085395806,-1.6733611207894636
qs_marketobs,14035739,-3.2534694324138593,-1.6352559249925582,-1.618213507421301
qs_marketobs,14035740,-4.4640348103030965,-2.3582698245886644,-2.105764985714432
qs_marketobs,14035737,-3.183579677345687,-1.9449488470299257,-1.2386308303157614
qs_marketobs,14035738,-2.3112081444478942,-1.5118800925346427,-0.7993280519132515
qs_marketobs,14035741,-2.9651527471623713,-1.5141405437248667,-1.4510122034375046
qs_marketobs,14035568,-2.300920111293103,-1.8221771312718529,-0.47874298002124993
qs_marketobs,14035569,-5.787176621245151,-4.184164190932105,-1.6030124303130462
qs_marketobs,14035572,-2.628449868329257,-1.6136671098962818,-1.0147827584329754
qs_marketobs,14035570,-2.1874129389926886,-1.6624059807623173,-0.5250069582303714
qs_marketobs,14035567,-2.509715062422182,-1.7041082419113804,-0.8056068205108016
qs_marketobs,14035574,-4.690958600485081,-2.462350332539631,-2.22860826794545
qs_marketobs,14035575,-3.1376038715653234,-1.5211583066515408,-1.6164455649137826
qs_marketobs,14035571,-2.635188642445574,-2.635188642445574,0.0
qs_marketobs,14035576,-2.8640199433451112,-1.7946484737555293,-1.069371469589582
qs_marketobs,14035573,-5.231224749479067,-1.8768392574230301,-3.3543854920560374
qs_marketobs,14035742,-3.900152251521009,-1.6812372182803481,-2.218915033240661
qs_marketobs,14035745,-2.131354505008371,-1.4272226143548739,-0.7041318906534972
qs_marketobs,14035747,-2.407429761227734,-1.8271028427316023,-0.5803269184961319
qs_marketobs,14035744,-3.780833440277518,-2.6003469058254183,-1.1804865344520996
qs_marketobs,14035743,-3.0824399723283746,-1.5001887696206353,-1.5822512027077393
qs_marketobs,14035750,-3.1831006124344254,-1.7961175782496919,-1.3869830341847336
qs_marketobs,14035751,-5.0996265089909505,-3.570643178496642,-1.5289833304943086
qs_marketobs,14035749,-2.392329384370979,-1.6130792938366563,-0.7792500905343229
qs_marketobs,14035748,-2.887094414850417,-1.4996535062524756,-1.3874409085979413
qs_marketobs,14035746,-2.929866100366764,-1.8701763302030572,-1.0596897701637067
qs_marketobs,14035582,-2.68238531581632,-1.3758262650180828,-1.306559050798237
qs_marketobs,14035580,-2.1922101312361852,-1.4344762578179429,-0.7577338734182424
qs_marketobs,14035586,-2.7839323305177293,-2.7839323305177293,0.0
qs_marketobs,14035585,-5.5320425531776,-2.6325779271681227,-2.8994646260094776
qs_marketobs,14035583,-2.741487606168148,-1.8238993544027886,-0.9175882517653593
qs_marketobs,14035755,-2.4666054393465235,-1.5661136003779346,-0.900491838968589
qs_marketobs,14035756,-2.1269184662901375,-1.4241336964181948,-0.7027847698719427
qs_marketobs,14035752,-2.1751230913548283,-1.4010586794916084,-0.7740644118632198
qs_marketobs,14035760,-5.322650088816524,-2.2395544512828276,-3.0830956375336966
qs_marketobs,14035761,-3.047177793885991,-2.050826914174988,-0.9963508797110032
qs_marketobs,15363335,-3.596275571066535,-2.4707275486245623,-1.1255480224419725
qs_marketobs,15305942,-2.222142996387988,-1.4136511962161267,-0.8084918001718613
qs_marketobs,15374710,-3.7117406627789427,-2.5122047252208906,-1.199535937558052
qs_marketobs,14035591,-2.4364113589565934,-1.460204062095635,-0.9762072968609585
qs_marketobs,14035588,-2.8049584201564963,-1.8778161344687285,-0.9271422856877678
qs_marketobs,14035587,-5.558844498580671,-3.3692426864736724,-2.1896018121069982
qs_marketobs,14035590,-2.4101163910017696,-1.3836341088831339,-1.0264822821186357
qs_marketobs,14035767,-2.3424891034647097,-1.5153162580967443,-0.8271728453679654
qs_marketobs,14035771,-2.785505188265588,-1.7839565467225182,-1.0015486415430699
qs_marketobs,14035768,-2.8528582915582352,-1.8177809935905471,-1.035077297967688
qs_marketobs,14035766,-2.509162831868467,-1.508947421845264,-1.0002154100232028
qs_marketobs,14035769,-3.629017080532998,-1.5515535900731638,-2.0774634904598344
qs_marketobs,14035770,-2.5611602757253267,-1.6792547451681743,-0.8819055305571524
qs_marketobs,14035592,-2.9308035954330296,-1.8732043285507736,-1.057599266882256
qs_marketobs,14035594,-3.0372860990612227,-1.9353852395612552,-1.1019008594999675
qs_marketobs,14035595,-2.795691731167076,-2.795691731167076,0.0
qs_marketobs,14035593,-3.9311056903974015,-2.644458767709696,-1.2866469226877055
qs_marketobs,14035597,-3.0085769760168763,-2.000397403002611,-1.0081795730142655
qs_marketobs,14035598,-2.313420590986061,-1.5004938050679013,-0.8129267859181595
qs_marketobs,14035596,-2.115990590444759,-1.412336249869229,-0.70365434057553
qs_marketobs,15399014,-6.70330697278089,-2.7234034575867225,-3.9799035151941675
qs_marketobs,14035774,-2.6501408012765997,-1.4998006848843755,-1.1503401163922242
qs_marketobs,14035773,-4.51660247734991,-3.0917892314143667,-1.424813245935543
qs_marketobs,14035772,-2.182639333436126,-1.4760402758916096,-0.7065990575445162
qs_marketobs,14035775,-2.6598044279818085,-1.7488246230565805,-0.910979804925228
qs_marketobs,14035776,-2.1288895114615474,-1.4239088901574048,-0.7049806213041425
qs_marketobs,14035782,-2.613746577174814,-1.6225429195142442,-0.9912036576605698
qs_marketobs,14035777,-2.7225994921385634,-1.4139269687184155,-1.308672523420148
qs_marketobs,14035781,-2.7918531299979676,-2.7918531299979676,0.0
qs_marketobs,15456958,-2.077251783759903,-1.3731463331349052,-0.704105450624998
qs_marketobs,14035602,-2.5210518216405977,-1.5145860908589517,-1.006465730781646
qs_marketobs,14035606,-2.6283577578581476,-1.5151905756792747,-1.113167182178873
qs_marketobs,14035603,-2.199828015609146,-1.824059631319905,-0.3757683842892412
qs_marketobs,14035604,-3.166713615206726,-1.9972147908167588,-1.1694988243899673
qs_marketobs,14035605,-2.1095509206167633,-1.3940397885611273,-0.715511132055636
qs_marketobs,15332289,-3.025149969925117,-1.917956838176064,-1.1071931317490529
qs_marketobs,15368752,-2.315635703337651,-1.7458037528878656,-0.5698319504497855
qs_marketobs,14035607,-2.2466153188780473,-1.4500634495396112,-0.7965518693384361
qs_marketobs,14035608,-2.240640646298455,-1.3866206651069306,-0.8540199811915246
qs_marketobs,14035610,-3.9187926595928957,-2.6074566802267425,-1.3113359793661532
qs_marketobs,14035609,-2.969972758168525,-1.5033456583593645,-1.4666270998091606
qs_marketobs,14035611,-3.048865172058039,-1.9339359053862117,-1.1149292666718273
qs_marketobs,15336943,-2.499060443210902,-1.9463702331147799,-0.552690210096122
qs_marketobs,15416466,-2.1471470507268853,-1.4366799162611599,-0.7104671344657254
qs_marketobs,14035787,-3.177700503196914,-3.177700503196914,0.0
qs_marketobs,14035778,-4.204886356701884,-2.759708506846158,-1.445177849855726
qs_marketobs,15366428,-6.784359690287524,-3.700812917079076,-3.0835467732084485
qs_marketobs,15547533,-3.0487939079012736,-1.499187041394917,-1.5496068665063565
qs_marketobs,14035786,-2.708390490286696,-1.6897592142148314,-1.0186312760718648
qs_marketobs,14035788,-4.2347267699935935,-2.2089199430084903,-2.0258068269851033
qs_marketobs,14035789,-2.316799098916018,-1.9224202729385946,-0.39437882597742346
qs_marketobs,14035790,-2.538317164418992,-1.512749363968031,-1.025567800450961
qs_marketobs,14035792,-2.6121807688283534,-1.5152188404840803,-1.096961928344273
qs_marketobs,14035614,-2.992304359222062,-2.992304359222062,0.0
qs_marketobs,14035616,-2.1442599228372763,-1.6020740023931874,-0.5421859204440889
qs_marketobs,14035613,-2.1290076848146873,-1.4189353840050312,-0.7100723008096561
qs_marketobs,14035612,-2.611255384217915,-1.4002085781661449,-1.2110468060517703
qs_marketobs,14035615,-3.390564174805839,-1.4173303923488068,-1.9732337824570323
qs_marketobs,15490658,-2.1272297809587344,-1.394447093484048,-0.7327826874746863
qs_marketobs,15490775,-2.235526817634536,-1.62350665289624,-0.6120201647382961
qs_marketobs,14035620,-2.641601605863503,-1.7509891856420265,-0.8906124202214765
qs_marketobs,14035618,-2.3998497907850544,-1.5157177222322156,-0.8841320685528389
qs_marketobs,14035619,-3.7473322940398432,-1.5087304732998554,-2.238601820739988
qs_marketobs,14035617,-2.328223423508899,-1.5056485997507583,-0.8225748237581407
qs_marketobs,14035621,-2.0825148353968963,-1.3620790802046812,-0.7204357551922151
qs_marketobs,15399013,-2.965344649425652,-2.965344649425652,0.0
qs_marketobs,15416481,-2.8212148535852215,-1.500036998566305,-1.3211778550189166
qs_marketobs,15395623,-3.0724043856581504,-1.4965557179023883,-1.5758486677557622
qs_marketobs,14035796,-3.675263661023611,-1.7835784971955022,-1.891685163828109
qs_marketobs,14035794,-2.204680648976493,-1.5032835710218213,-0.7013970779546719
qs_marketobs,14035791,-3.199145280635307,-1.7361182695943738,-1.4630270110409334
qs_marketobs,14035793,-2.7272883956518634,-2.7272883956518634,0.0
qs_marketobs,14035795,-2.5450258201380294,-1.5126856178482753,-1.032340202289754
qs_marketobs,15458714,-2.4127208878018456,-1.5635533174470908,-0.8491675703547548
qs_marketobs,14035801,-2.1019530439413905,-1.3971487150494226,-0.7048043288919679
qs_marketobs,14035798,-3.546419970712485,-1.5097236900639694,-2.036696280648515
qs_marketobs,14035799,-3.0649434237293693,-1.5044678552073658,-1.5604755685220035
qs_marketobs,14035800,-4.490680660406694,-2.422403103662976,-2.068277556743718
qs_marketobs,14035797,-4.290349207572498,-2.893534556620505,-1.3968146509519928
qs_marketobs,15530801,-3.3236356785812426,-1.9247718693345859,-1.3988638092466568
qs_marketobs,14035622,-2.9586477943467213,-1.8499051659930557,-1.1087426283536657
qs_marketobs,14035624,-2.4924963388390355,-1.50382161187906,-0.9886747269599756
qs_marketobs,14035626,-2.2119550125830907,-1.5531741700784538,-0.6587808425046369
qs_marketobs,14035627,-2.083109413355514,-1.3832665571347207,-0.6998428562207935
qs_marketobs,14035623,-8.150728279911263,-6.631534505047365,-1.519193774863898
qs_marketobs,15457468,-2.665191866209874,-1.7913672334133466,-0.8738246327965276
qs_marketobs,14035625,-2.8994775512234017,-1.8427246780840771,-1.0567528731393245
qs_marketobs,14035628,-2.2017316822132416,-1.4096070867617132,-0.7921245954515284
qs_marketobs,14035631,-2.1819608850247705,-1.3769048646832656,-0.8050560203415049
qs_marketobs,14035629,-3.0777919636527167,-1.8468534556511877,-1.230938508001529
qs_marketobs,14035632,-2.1182470136058336,-1.3972107924293646,-0.7210362211764689
qs_marketobs,15422405,-2.3875254735580835,-1.498678286295918,-0.8888471872621655
qs_marketobs,15588942,-2.7791020301238625,-1.436256847680454,-1.3428451824434084
qs_marketobs,14035804,-2.819826494822987,-1.5018785131197312,-1.3179479817032558
qs_marketobs,14035803,-2.2038831869452875,-1.4846459841824062,-0.7192372027628813
qs_marketobs,14035805,-2.552642199325796,-1.4979726433638016,-1.0546695559619943
qs_marketobs,14035806,-2.50201680990707,-1.509459816187257,-0.9925569937198131
qs_marketobs,14035802,-3.4694319384583188,-1.5183092622808685,-1.9511226761774503
qs_marketobs,15588903,-2.272661027402994,-1.7541970511548157,-0.5184639762481782
qs_marketobs,14035808,-2.4908635913725754,-1.4975859609003255,-0.9932776304722499
qs_marketobs,14035811,-3.220860369449269,-2.0489012622395775,-1.1719591072096915
qs_marketobs,14035810,-2.1882872030383878,-1.4196063088027622,-0.7686808942356256
qs_marketobs,14035809,-3.319533083253165,-1.4982646689311372,-1.821268414322028
qs_marketobs,14035807,-2.364500020360975,-1.5067977862464819,-0.8577022341144933
qs_marketobs,14035637,-2.3210577782769874,-1.443527266925158,-0.8775305113518295
qs_marketobs,14035633,-2.7293383977895695,-1.5084842408318828,-1.2208541569576867
qs_marketobs,14035635,-3.077588738265383,-2.0403077316649583,-1.0372810066004248
qs_marketobs,14035630,-2.7085823056598275,-1.509897107015765,-1.1986851986440625
qs_marketobs,14035638,-2.8521290114237505,-1.520632347044111,-1.3314966643796395
qs_marketobs,14035636,-2.444041198545361,-1.726917139877584,-0.717124058667777
qs_marketobs,14035634,-2.166694852474593,-1.4092569168906666,-0.7574379355839262
qs_marketobs,14035645,-2.2787535915940067,-1.6876473400927752,-0.5911062515012315
qs_marketobs,15588896,-2.574163496227034,-1.3975207821152356,-1.1766427141117985
qs_marketobs,15588927,-3.3704017181850894,-1.8870057720118236,-1.4833959461732658
qs_marketobs,14035814,-2.902578843597643,-1.893145541074994,-1.009433302522649
qs_marketobs,14035816,-2.3500618341919504,-1.5870436062395727,-0.7630182279523776
qs_marketobs,14035815,-2.903424317790983,-1.4564012051179138,-1.4470231126730693
qs_marketobs,14035813,-2.496248563498365,-1.8656168367659103,-0.6306317267324546
qs_marketobs,14035812,-2.313274981656612,-1.7574924535905228,-0.5557825280660891
qs_marketobs,14035819,-2.9705837029880464,-1.51313957412679,-1.4574441288612565
qs_marketobs,14035818,-2.3449777228254676,-1.5102065827245472,-0.8347711401009204
qs_marketobs,14035827,-2.4510759550025614,-1.519856780841833,-0.9312191741607283
qs_marketobs,14035820,-2.146911611986513,-1.4383665566252122,-0.7085450553613006
qs_marketobs,14035817,-2.667471402231865,-1.7527350150197294,-0.9147363872121357
qs_marketobs,15881894,-3.6701044184498306,-2.494436186089761,-1.1756682323600698
qs_marketobs,14035640,-2.522762273570385,-1.7883740565559791,-0.734388217014406
qs_marketobs,14035642,-2.521263153892659,-1.5175098239509333,-1.0037533299417256
qs_marketobs,14035643,-3.360814003493619,-1.944942750432002,-1.415871253061617
qs_marketobs,14035641,-2.13588697024913,-1.354719977822217,-0.7811669924269131
qs_marketobs,14035644,-2.37619700894743,-1.4413414446861152,-0.9348555642613146
qs_marketobs,15680573,-2.121855592669009,-1.4476576010237243,-0.6741979916452847
qs_marketobs,14035650,-2.8894767170806945,-1.431406023382831,-1.4580706936978636
qs_marketobs,14035647,-2.8517761424446286,-1.3618489696894547,-1.489927172755174
qs_marketobs,14035646,-2.3209707575210095,-1.4490703980741784,-0.8719003594468311
qs_marketobs,14035648,-2.3147443333307343,-2.1242099158286294,-0.19053441750210487
qs_marketobs,14035651,-2.1204532180485556,-1.4083015980086908,-0.7121516200398648
qs_marketobs,14035821,-2.3422399151437068,-1.497993188018404,-0.8442467271253027
qs_marketobs,14035823,-2.6847375834987734,-1.8538540257104494,-0.830883557788324
qs_marketobs,14035822,-2.812600404501386,-1.5170945932399975,-1.2955058112613884
qs_marketobs,14035826,-2.5413060668774134,-1.4878137084160294,-1.053492358461384
qs_marketobs,14035824,-3.826575640477127,-1.4988062407628666,-2.3277693997142603
qs_marketobs,14032717,-2.8470563239628053,-1.8277798533031424,-1.0192764706596629
qs_marketobs,14032707,-3.0047194162975477,-1.6636533609086896,-1.341066055388858
qs_marketobs,14032715,-2.477578399911322,-1.5026900467462836,-0.9748883531650385
qs_marketobs,14032721,-2.804168323545313,-1.4970181039414263,-1.3071502196038867
qs_marketobs,14032718,-2.3801812717387776,-1.596230705164753,-0.7839505665740245
qs_marketobs,14035653,-2.6486581022274764,-1.4023904439430674,-1.246267658284409
qs_marketobs,14035652,-2.4593356308007723,-1.4832363669839215,-0.9760992638168509
qs_marketobs,14035654,-3.0351082215905834,-1.8161458079883095,-1.2189624136022739
qs_marketobs,14035655,-3.0383687451235666,-1.8576886292428008,-1.1806801158807658
qs_marketobs,14035656,-2.1197464780010407,-1.6141107707982272,-0.5056357072028135
qs_marketobs,14032710,-2.882322956611877,-1.7922775421476347,-1.0900454144642424
qs_marketobs,14032708,-2.5793029480444503,-2.1083958413522472,-0.47090710669220304
qs_marketobs,14032714,-2.268098986449581,-1.4874066038932812,-0.7806923825562997
qs_marketobs,14032719,-3.0965411762585995,-1.8056780346227663,-1.2908631416358332
qs_marketobs,14032720,-2.3109517749584496,-1.4787760119804048,-0.8321757629780449
qs_joint,12477128,-2.4608216621840944,-1.5257984084700749,-0.9350232537140195
qs_joint,12477134,-2.1644828938743093,-1.4511123268133994,-0.7133705670609098
qs_joint,12477131,-3.3798162098130144,-1.7466368485550192,-1.6331793612579952
qs_joint,12477135,-2.7310679691240862,-2.7310679691240862,0.0
qs_joint,12477132,-2.1861979880006395,-1.4772567453575314,-0.7089412426431081
qs_joint,12476800,-2.5218885080644977,-1.8933900934888508,-0.6284984145756469
qs_joint,12476794,-2.4535241711194353,-1.5097173758051432,-0.9438067953142921
qs_joint,12476797,-2.6790288487461567,-1.3998106074589176,-1.279218241287239
qs_joint,12476799,-2.7928935996901316,-2.7928935996901316,0.0
qs_joint,12476798,-4.186680804055905,-2.9807322949311152,-1.2059485091247901
qs_joint,12477129,-2.34672948177407,-1.5046977824468777,-0.8420316993271921
qs_joint,12477126,-5.08874462593379,-3.61395098045795,-1.4747936454758404
qs_joint,12477130,-3.0668169535578045,-2.068035020325106,-0.9987819332326984
qs_joint,12477123,-2.5737334745453087,-2.5737334745453087,0.0
qs_joint,12477133,-2.5128533433785,-1.8118025410693663,-0.7010508023091337
qs_joint,12476632,-2.5454289079202015,-1.477570714041783,-1.0678581938784184
qs_joint,12476633,-2.745596110020912,-1.710787899343152,-1.0348082106777599
qs_joint,12476630,-2.6808745602455613,-1.4142888868567014,-1.2665856733888599
qs_joint,12476635,-2.4014844597755185,-1.5451528948829027,-0.8563315648926157
qs_joint,12476636,-2.318538649021645,-1.66577074161862,-0.652767907403025
qs_joint,12476793,-2.147458085597144,-1.4260957566007733,-0.7213623289963706
qs_joint,12476795,-2.2606978541035336,-1.5491964874266697,-0.7115013666768639
qs_joint,12476796,-4.145999582505375,-1.5183392819201735,-2.6276603005852017
qs_joint,12476792,-2.7003675353871355,-1.466293664802258,-1.2340738705848775
qs_joint,12476790,-2.3535853875067203,-1.7176204827759873,-0.635964904730733
qs_joint,12476788,-2.7462704427768467,-2.7462704427768467,0.0
qs_joint,12476786,-3.513537719571124,-2.3916088103171065,-1.1219289092540174
qs_joint,12476787,-2.619248051881269,-1.8950433539483178,-0.7242046979329511
qs_joint,12476791,-2.8706695680481045,-1.827306580089713,-1.0433629879583914
qs_joint,12476789,-2.332368934650304,-1.694298463398754,-0.6380704712515501
qs_joint,12476629,-2.572962247348613,-1.6238229413238345,-0.9491393060247786
qs_joint,12476634,-2.580873524524937,-1.3797460907145873,-1.2011274338103495
qs_joint,12476623,-2.135034482888946,-1.6611081194611346,-0.47392636342781125
qs_joint,12476631,-2.7639765581138773,-1.6850853792432527,-1.0788911788706246
qs_joint,12476624,-2.4444342825407417,-2.4444342825407417,0.0
qs_joint,12476627,-4.474752114419745,-1.506706142542439,-2.9680459718773062
qs_joint,12476625,-2.3537670627481426,-1.5051860707395455,-0.8485809920085972
qs_joint,12476621,-2.11287760084495,-1.4105434849540348,-0.7023341158909151
qs_joint,12476622,-5.580294143959304,-2.1544203818714798,-3.4258737620878246
qs_joint,12476782,-2.8534907706791466,-2.8534907706791466,0.0
qs_joint,12476785,-2.1350722272559275,-1.5504674956868967,-0.5846047315690308
qs_joint,12476784,-2.789875756574769,-1.7768540707886258,-1.0130216857861432
qs_joint,12476781,-2.459608071026799,-1.8639597083197295,-0.5956483627070694
qs_joint,12476779,-5.061755115229354,-3.100178889900901,-1.9615762253284528
qs_joint,12476619,-5.339737603540081,-3.5630624727042166,-1.7766751308358648
qs_joint,12476620,-3.655315250237545,-1.7478241809334738,-1.9074910693040714
qs_joint,12476618,-2.1197881401125973,-1.481653511466524,-0.6381346286460734
qs_joint,12476626,-2.481445776811306,-1.4465368963618996,-1.0349088804494062
qs_joint,12476617,-2.089898399270497,-1.3799838370229223,-0.7099145622475747
qs_joint,12476780,-3.170768071204589,-2.143920463189935,-1.0268476080146542
qs_joint,12476778,-3.2213007536949343,-1.7944011649272928,-1.4268995887676414
qs_joint,12476776,-3.653978497618657,-1.5280306024779153,-2.1259478951407416
qs_joint,12476777,-2.4964232291089097,-1.5588839745781156,-0.9375392545307941
qs_joint,12476783,-2.429889776176513,-1.7252500154980432,-0.7046397606784698
qs_joint,12476772,-2.1444610748057302,-1.4069534455817063,-0.7375076292240239
qs_joint,12476774,-2.6507953473911545,-2.6507953473911545,0.0
qs_joint,12476771,-2.761973440817461,-1.9276204608748992,-0.8343529799425617
qs_joint,12476773,-2.772950127765583,-1.5494507989979414,-1.2234993287676414
qs_joint,12476775,-2.2967971550320465,-1.711074842444877,-0.5857223125871696
qs_joint,12476611,-2.656916512510592,-1.59170420388245,-1.065212308628142
qs_joint,12476616,-2.431584610141525,-1.687279899073792,-0.7443047110677328
qs_joint,12476614,-2.4469107848693743,-1.5792702636610774,-0.8676405212082969
qs_joint,12476612,-1.9374505307395946,-1.3888760663886281,-0.5485744643509665
qs_joint,12476615,-2.53897606027897,-1.5216354655915696,-1.0173405946874006
qs_joint,12811090,-2.067988694512665,-1.3628256552197338,-0.7051630392929311
qs_joint,12476607,-2.777512802204301,-1.361481844591135,-1.416030957613166
qs_joint,12476613,-2.8107526556082174,-2.8107526556082174,0.0
qs_joint,12476606,-2.883669096364626,-1.4167995088425553,-1.4668695875220705
qs_joint,12476603,-2.5111331746014045,-1.6217693256186965,-0.889363848982708
qs_joint,12476770,-2.4377732172402666,-2.4377732172402666,0.0
qs_joint,12476767,-2.677460727911116,-1.4575894572698875,-1.2198712706412282
qs_joint,12476766,-2.9787574652128783,-1.9806682513682068,-0.9980892138446715
qs_joint,12476769,-3.4821902278070853,-1.5124938352242325,-1.9696963925828528
qs_joint,12476768,-4.772283180282356,-3.120647448926488,-1.651635731355868
qs_joint,12476761,-2.1907080957548115,-1.4785160930383099,-0.7121920027165016
qs_joint,12476765,-2.95780473951739,-1.4635464705772654,-1.4942582689401245
qs_joint,12476764,-6.382348107372972,-3.3792150162391406,-3.0031330911338316
qs_joint,12476762,-2.468830893048219,-1.855512694043984,-0.6133181990042351
qs_joint,12476759,-3.284582739402174,-1.7687247749124704,-1.5158579644897037
qs_joint,12476604,-3.063873211213076,-1.9097523792921964,-1.1541208319208796
qs_joint,12476609,-2.674379801759105,-1.357636056625395,-1.3167437451337098
qs_joint,12476610,-4.0816515127152995,-2.7238251419099306,-1.3578263708053688
qs_joint,12476601,-2.2681793377440904,-1.454353078573511,-0.8138262591705794
qs_joint,12476605,-2.50146058127812,-1.6654390168665034,-0.8360215644116167
qs_joint,12476600,-5.672871227220671,-2.5454458861821343,-3.127425341038537
qs_joint,12476598,-2.503582006701398,-1.6014054413676477,-0.9021765653337501
qs_joint,12476599,-2.6272258109668347,-1.650631953203413,-0.9765938577634217
qs_joint,12476597,-2.4558448356144593,-1.5139163792232078,-0.9419284563912516
qs_joint,12476602,-2.071015834536405,-1.365055863826241,-0.705959970710164
qs_joint,12476760,-2.623691552033581,-1.4723439229648676,-1.1513476290687135
qs_joint,12476763,-3.4367691360331847,-1.7686678919557655,-1.6681012440774192
qs_joint,12476758,-2.1208363384216145,-1.5779286016447052,-0.5429077367769093
qs_joint,12476757,-3.1174183405460214,-1.4321132237599827,-1.6853051167860387
qs_joint,12476756,-2.609637352255541,-1.7401151633796905,-0.8695221888758504
qs_joint,12954858,-3.2379962256913197,-1.4722826487045388,-1.7657135769867809
qs_joint,12476594,-3.1528191474928025,-1.9467958105689531,-1.2060233369238493
qs_joint,12476592,-3.8824418946798787,-2.112446621143901,-1.7699952735359776
qs_joint,12476595,-2.308967831199202,-2.308967831199202,0.0
qs_joint,12476593,-2.5330225411557077,-2.5330225411557077,0.0
qs_joint,12476596,-2.656294292810853,-1.6678808702962695,-0.9884134225145833
qs_joint,12476750,-2.819902412863298,-1.4216148407248541,-1.398287572138444
qs_joint,12476753,-3.4598278936182014,-1.979777056553441,-1.4800508370647605
qs_joint,12476755,-2.417251367830922,-1.6232072668149655,-0.7940441010159565
qs_joint,12476752,-2.4016053238997372,-1.7571689118895906,-0.6444364120101467
qs_joint,12476751,-2.3882729180970284,-1.5171808443303847,-0.8710920737666437
qs_joint,12476749,-3.6133476463045318,-1.5301005524805176,-2.0832470938240144
qs_joint,12476748,-2.454699338167708,-1.7240754062081833,-0.7306239319595245
qs_joint,12476739,-2.0951247751204045,-1.3494146036217904,-0.7457101714986141
qs_joint,12476741,-2.2271480473887793,-1.592401025695875,-0.6347470216929043
qs_joint,12476754,-5.368509316818981,-2.453835911744587,-2.914673405074394
qs_joint,12476589,-3.090859703655253,-1.4663089372185634,-1.6245507664366898
qs_joint,12476587,-2.4419771193284356,-1.58025885471371,-0.8617182646147257
qs_joint,12476591,-2.8437482072374607,-1.8411216658186642,-1.0026265414187965
qs_joint,12476590,-2.073849578729276,-1.354915721698303,-0.7189338570309731
qs_joint,12476588,-2.2411754314802748,-1.6633455868792488,-0.5778298446010259
qs_joint,12476746,-2.0622775118682632,-1.3541455840412242,-0.708131927827039
qs_joint,12476747,-2.932850648153853,-1.6440587808028866,-1.2887918673509664
qs_joint,12476742,-2.658975774314644,-1.6142934185755848,-1.044682355739059
qs_joint,12476745,-2.074429350038159,-1.3680767189372671,-0.7063526311008921
qs_joint,12476743,-2.2051325914260382,-1.4977192150143415,-0.7074133764116968
qs_joint,12476737,-2.4503842142354624,-1.5173694200412307,-0.9330147941942317
qs_joint,12476735,-1.9822371341791951,-1.4231129564649665,-0.5591241777142286
qs_joint,12476744,-2.5003878968814504,-1.5346178108302961,-0.9657700860511542
qs_joint,12476738,-2.1539436040189073,-1.6084344682126939,-0.5455091358062134
qs_joint,12476740,-2.976978230513945,-1.5195843689773476,-1.4573938615365976
qs_joint,12476586,-3.7246399854940253,-2.5672947501716887,-1.1573452353223366
qs_joint,12476582,-2.8767875839666806,-1.5816258170302855,-1.295161766936395
qs_joint,12476579,-3.9167817930803825,-1.6353046653786034,-2.281477127701779
qs_joint,12476585,-2.591576838673771,-1.4400995935860421,-1.151477245087729
qs_joint,12476583,-2.816295835488231,-2.0835074154225905,-0.7327884200656403
qs_joint,12476584,-4.017825989858247,-2.1066772619311465,-1.9111487279271007
qs_joint,12476581,-3.4798428434294637,-1.9366757241601988,-1.5431671192692649
qs_joint,12476580,-2.5709880941738885,-1.5890878634065644,-0.9819002307673241
qs_joint,12476574,-2.518199983951327,-1.5525131626484536,-0.9656868213028735
qs_joint,12476578,-3.573357399675122,-1.5716338479382923,-2.0017235517368297
qs_joint,12476731,-2.4497069458069913,-1.5319264826699315,-0.9177804631370599
qs_joint,12476548,-2.1087106033995506,-1.4020435331852514,-0.7066670702142992
qs_joint,13179032,-3.7142854288074014,-1.5192442697908881,-2.1950411590165135
qs_joint,13171689,-2.8069606230165163,-1.7977670283846254,-1.0091935946318908
qs_joint,12476727,-4.282998197776606,-3.1557701405752225,-1.1272280572013833
qs_joint,12476729,-2.1983897789007636,-1.4857866022359694,-0.7126031766647942
qs_joint,12476724,-4.007455159494978,-1.7638318389685914,-2.243623320526387
qs_joint,12476730,-2.403698302364774,-1.5398031569135697,-0.8638951454512043
qs_joint,12476728,-2.9204765754794586,-1.4168290057864859,-1.5036475696929728
qs_joint,12476720,-2.9236525493571195,-1.3383060118937016,-1.585346537463418
qs_joint,12476722,-2.8230851209169527,-2.8230851209169527,0.0
qs_joint,12476721,-2.6643494119825943,-1.5582433222018013,-1.106106089780793
qs_joint,12476725,-5.732405510005869,-2.7355506153331604,-2.9968548946727083
qs_joint,12476723,-2.607655138940466,-1.5467208242049273,-1.0609343147355388
qs_joint,13171688,-2.424435556584597,-1.5268832368470302,-0.8975523197375668
qs_joint,12476562,-4.200045436252916,-1.517944729982106,-2.68210070627081
qs_joint,12476564,-3.83166285148987,-2.390719171944268,-1.4409436795456019
qs_joint,12476565,-2.410177914114876,-1.5452138646663938,-0.864964049448482
qs_joint,13175772,-3.971342896547031,-2.0459080268504732,-1.925434869696558
qs_joint,12476563,-2.945370756036411,-2.945370756036411,0.0
qs_joint,12476556,-2.2270126455496797,-1.7064355361392245,-0.5205771094104552
qs_joint,12476558,-3.6548738354804966,-2.5644292212917468,-1.0904446141887498
qs_joint,12476561,-4.956337144948577,-3.436579807013689,-1.5197573379348883
qs_joint,12476560,-5.906679677628217,-3.499104015137013,-2.407575662491204
qs_joint,13179034,-3.837266248069083,-2.56123580703311,-1.276030441035973
qs_joint,12476726,-2.213070138554529,-1.4722901612295147,-0.7407799773250141
qs_joint,12476718,-4.172834814082722,-1.8286455247238977,-2.344189289358824
qs_joint,12476716,-2.641887339277703,-1.404636700617633,-1.23725063866007
qs_joint,12476719,-2.581647269670815,-1.3671224309989949,-1.21452483867182
qs_joint,12476717,-2.5507787085360802,-1.5205233678926176,-1.0302553406434627
qs_joint,12476713,-5.294817129115411,-2.879184260983806,-2.415632868131605
qs_joint,12476715,-3.231256472155492,-1.9322204927385518,-1.2990359794169404
qs_joint,12476714,-2.9624532701272868,-1.5329941504900073,-1.4294591196372795
qs_joint,12476710,-2.1241379159980722,-1.4176928230277122,-0.7064450929703601
qs_joint,12476712,-2.863784672653277,-1.5772445074311463,-1.2865401652221307
qs_joint,13175771,-2.113888100483531,-1.3958719854534387,-0.7180161150300923
qs_joint,13159980,-4.505934304858805,-3.1415401166938612,-1.3643941881649435
qs_joint,12476551,-2.582687982431816,-1.8757698520671775,-0.7069181303646384
qs_joint,12476555,-2.4892426406466095,-1.485596179225297,-1.0036464614213125
qs_joint,12476557,-5.652018017381669,-3.6034234611700384,-2.048594556211631
qs_joint,12476554,-2.7491735028833872,-1.4176135819710636,-1.3315599209123237
qs_joint,12476550,-2.085817486572248,-1.3747318297782734,-0.7110856567939745
qs_joint,12476549,-3.1500831053325014,-1.4288847344020823,-1.721198370930419
qs_joint,12476547,-2.3958177067609316,-1.905467175190433,-0.49035053157049857
qs_joint,12476552,-2.117417311235782,-1.4107244067360192,-0.706692904499763
qs_joint,12476553,-3.0222689073226694,-1.9973244563525063,-1.024944450970163
qs_joint,12476711,-3.9250150270061877,-1.9490741674489738,-1.9759408595572139
qs_joint,12476708,-2.428859688725345,-1.4705698247842214,-0.9582898639411235
qs_joint,12476707,-2.4300054391002117,-1.6392785393285725,-0.7907268997716392
qs_joint,12476709,-2.445401395650662,-2.445401395650662,0.0
qs_joint,12476706,-2.283199752839975,-1.5248680360297584,-0.7583317168102166
qs_joint,12476705,-2.083888782870971,-1.3620901012062174,-0.7217986816647537
qs_joint,12476701,-2.591118784032727,-2.591118784032727,0.0
qs_joint,12476539,-3.033286097245627,-1.5166429510451944,-1.5166431462004326
qs_joint,12476545,-2.7551768666704626,-1.4954893842001298,-1.2596874824703328
qs_joint,12476546,-2.0836045402003593,-1.5343726407434979,-0.5492318994568615
qs_joint,13217663,-4.287645457536746,-3.0727773128192872,-1.2148681447174585
qs_joint,12476541,-2.9174081707041033,-1.517943861376547,-1.3994643093275563
qs_joint,12476544,-2.4187897797083067,-1.9110938331274494,-0.5076959465808573
qs_joint,12476533,-2.0940595719208104,-1.381709427905506,-0.7123501440153044
qs_joint,13324922,-3.1182446349587063,-1.539609794463243,-1.5786348404954633
qs_joint,13197505,-4.362750725985186,-2.977869571286546,-1.3848811546986397
qs_joint,12476697,-2.4882658049099238,-1.5706011846383605,-0.9176646202715633
qs_joint,12476698,-5.031741935304483,-1.9011355504913323,-3.1306063848131505
qs_joint,12476700,-2.9144884786626557,-1.8995989565027736,-1.0148895221598822
qs_joint,12476696,-3.0847487992249145,-1.8383231381086111,-1.2464256611163034
qs_joint,13315347,-2.1412504720328833,-1.63123817643377,-0.5100122955991133
qs_joint,12476531,-3.248007311220218,-1.588788356168083,-1.659218955052135
qs_joint,12476529,-3.556531795053197,-2.416338727565747,-1.1401930674874503
qs_joint,12476538,-2.574121856166195,-1.364142541748726,-1.209979314417469
qs_joint,13233442,-2.9299011004230335,-1.918046984042195,-1.0118541163808386
qs_joint,12476519,-2.3935797079316035,-1.6442550174128954,-0.7493246905187081
qs_joint,12476525,-2.8759783021135528,-2.8759783021135528,0.0
qs_joint,12476523,-3.368040235524505,-2.247929515389357,-1.120110720135148
qs_joint,12476522,-3.578615360138114,-1.5198085969762205,-2.0588067631618934
qs_joint,12476524,-2.2874655096517644,-1.5052304752961694,-0.782235034355595
qs_joint,12476693,-2.10802618252759,-1.6379373088038232,-0.47008887372376695
qs_joint,12476695,-2.462304174553961,-1.5301165308585154,-0.9321876436954457
qs_joint,12476691,-3.406735733264533,-1.5608811181087014,-1.8458546151558315
qs_joint,12476692,-3.725078297141612,-1.8801385796365748,-1.8449397175050373
qs_joint,12476699,-2.272817723424784,-1.5607257305286355,-0.7120919928961484
qs_joint,12476689,-3.6064662538727017,-1.554585465194101,-2.051880788678601
qs_joint,12476685,-3.0263821867071687,-2.0106910552418493,-1.0156911314653194
qs_joint,12476686,-2.436780335619999,-1.529121772383007,-0.907658563236992
qs_joint,12476690,-2.4894900608058586,-1.5444641612947552,-0.9450258995111034
qs_joint,13343736,-3.3989137052227623,-1.9755347041670626,-1.4233790010556997
qs_joint,12476521,-4.908022672539087,-3.5794065528938717,-1.3286161196452158
qs_joint,12476514,-3.1204249538574382,-2.0496142378000886,-1.0708107160573497
qs_joint,12476518,-2.597169732829108,-1.3637433788221738,-1.2334263540069343
qs_joint,12476520,-2.4820954707992353,-1.514454029673936,-0.9676414411252994
qs_joint,12476515,-2.4739530892995445,-1.6391731041628972,-0.8347799851366473
qs_joint,13348881,-3.3123250016888957,-1.862050723733973,-1.4502742779549227
qs_joint,13255608,-3.0941843294831144,-1.5160633029177815,-1.578121026565333
qs_joint,12476516,-2.7342313950628006,-1.7820654488518113,-0.9521659462109893
qs_joint,12476512,-2.1868642506979206,-1.6319805177659976,-0.554883732931923
qs_joint,12476511,-3.2104035552126327,-1.8459416898064818,-1.3644618654061509
qs_joint,12476517,-2.7162364883516754,-1.3724967017635443,-1.343739786588131
qs_joint,12476513,-5.341620936260853,-4.029244994040238,-1.3123759422206147
qs_joint,13391276,-2.206284084964521,-1.4243344446515984,-0.7819496403129225
qs_joint,12476688,-2.8255425923029787,-1.8052449900871825,-1.0202976022157961
qs_joint,12476684,-3.3986961641277755,-1.5315952093790626,-1.867100954748713
qs_joint,12476681,-3.5434218854384576,-2.2914170658719577,-1.2520048195665
qs_joint,12476682,-2.597340413364735,-1.379283518410294,-1.2180568949544408
qs_joint,12476679,-2.057800136622799,-1.4882573971615245,-0.5695427394612746
qs_joint,12476678,-2.3568864172930413,-1.5170855035504955,-0.8398009137425457
qs_joint,12476675,-2.8265158428634165,-1.443057302780561,-1.3834585400828554
qs_joint,12476680,-5.239468692919642,-3.8729848042659993,-1.3664838886536428
qs_joint,12476677,-3.515388282085782,-1.540758637739341,-1.974629644346441
qs_joint,12476508,-3.4504467830918086,-1.9517590177897655,-1.4986877653020432
qs_joint,12476510,-5.589036054124349,-2.2713693729982554,-3.3176666811260933
qs_joint,12476506,-2.225000687248737,-1.445587638085539,-0.7794130491631981
qs_joint,12476509,-3.0511073041417442,-1.8355956409825398,-1.2155116631592044
qs_joint,12476507,-2.3679671114802203,-1.6003418313168234,-0.7676252801633969
qs_joint,12476502,-2.5024556080471516,-2.5024556080471516,0.0
qs_joint,12476500,-2.7894885202140665,-1.5126969349863515,-1.276791585227715
qs_joint,12476501,-3.3487432007314415,-1.5222524643431246,-1.826490736388317
qs_joint,12476505,-2.720364477634968,-1.3818078477002704,-1.3385566299346976
qs_joint,12476504,-2.8162596746717634,-1.4416908722898525,-1.374568802381911
qs_joint,13415294,-2.4013112890474604,-1.55365827804055,-0.8476530110069105
qs_joint,12476674,-2.712134564344419,-1.544680966015299,-1.16745359832912
qs_joint,12476671,-2.9245137216304418,-1.5247729177520915,-1.3997408038783503
qs_joint,12476670,-2.2904177428579025,-1.4262811852805473,-0.8641365575773552
qs_joint,12476672,-2.853091460331226,-1.7332869748722106,-1.1198044854590155
qs_joint,12476669,-2.421053671563684,-1.5259948680429,-0.8950588035207838
qs_joint,13343733,-2.3925429226999952,-1.5287132195104642,-0.863829703189531
qs_joint,12476667,-3.1546323764958726,-2.044529359273503,-1.1101030172223694
qs_joint,12476662,-2.3282251383533272,-1.8512119684966188,-0.4770131698567084
qs_joint,12476673,-2.770997303483494,-1.5486095376202667,-1.2223877658632272
qs_joint,12476676,-3.5090605890809115,-2.3818172852531356,-1.1272433038277758
qs_joint,12476668,-2.457829680244078,-2.457829680244078,0.0
qs_joint,12476526,-2.0755456749089096,-1.3662248063476548,-0.7093208685612549
qs_joint,12476497,-2.4543822047123753,-1.3832923651922606,-1.0710898395201147
qs_joint,12476499,-2.6257236313231536,-1.8103160776650356,-0.815407553658118
qs_joint,12476496,-2.736823712848577,-1.8444144688590685,-0.8924092439895084
qs_joint,12476498,-2.454488562560125,-1.5854202519592269,-0.8690683106008983
qs_joint,12476495,-3.0680512777966995,-1.8413804211165004,-1.2266708566801992
qs_joint,13436762,-2.599494010815687,-1.6152355622605024,-0.9842584485551846
qs_joint,12476490,-2.4077823357251664,-1.5395413316268884,-0.868241004098278
qs_joint,12476492,-2.685767641869694,-1.9634929018927822,-0.7222747399769118
qs_joint,12476489,-3.15264129552716,-3.15264129552716,0.0
qs_joint,12476493,-2.4777764861987763,-2.4777764861987763,0.0
qs_joint,12476491,-2.283307990841729,-1.476487917074241,-0.8068200737674878
qs_joint,13399583,-4.40136402868945,-2.173922251953285,-2.227441776736165
qs_joint,13480337,-4.097415400584288,-2.5961326072475255,-1.5012827933367627
qs_joint,12476665,-2.5079041186847073,-1.6560456197364681,-0.8518584989482392
qs_joint,12476661,-3.0209012271305333,-1.9044845340631997,-1.1164166930673336
qs_joint,12476666,-2.9377705594444836,-1.8424904697389448,-1.0952800897055388
qs_joint,12476663,-2.3364226620939252,-2.3364226620939252,0.0
qs_joint,12476660,-3.4257237960055984,-2.3228516393054495,-1.102872156700149
qs_joint,12640468,-2.07656456022632,-1.3464746661123022,-0.7300898941140177
qs_joint,12476657,-2.247374895047631,-1.4684141812304112,-0.7789607138172197
qs_joint,12476659,-3.079761896811263,-3.079761896811263,0.0
qs_joint,12476664,-2.691432827746611,-2.691432827746611,0.0
qs_joint,12476658,-3.1495921210130913,-1.8260564418327705,-1.3235356791803208
qs_joint,13343735,-2.8949029545662945,-1.3787649668769364,-1.5161379876893581
qs_joint,12476485,-2.373549100826762,-1.47079462796549,-0.9027544728612722
qs_joint,12476487,-3.0393254112610686,-1.3314933818874668,-1.7078320293736018
qs_joint,12476486,-2.60287587558388,-1.4129269448385138,-1.1899489307453663
qs_joint,12476488,-4.515988491769795,-1.5735351861981859,-2.942453305571609
qs_joint,12476494,-2.2690808005080068,-1.5583234111283941,-0.7107573893796126
qs_joint,12476483,-6.06678743124387,-4.060768566373036,-2.0060188648708337
qs_joint,12476484,-3.060064488801142,-1.826840967101137,-1.233223521700005
qs_joint,12476482,-2.380215664155779,-1.5157900739391574,-0.8644255902166216
qs_joint,12476478,-2.6218522942727875,-1.5548353307113822,-1.0670169635614053
qs_joint,12476481,-1.9457794261748544,-1.3318498315769904,-0.613929594597864
qs_joint,12476656,-3.498940388537912,-2.0928088152029103,-1.4061315733350015
qs_joint,12476654,-2.3323689413321924,-1.6934818782640098,-0.6388870630681827
qs_joint,12476652,-4.702862004525031,-2.6844996321687837,-2.018362372356247
qs_joint,12476651,-3.9936642851593778,-2.3691290951605852,-1.6245351899987925
qs_joint,12476655,-2.605832847412403,-1.59958314993869,-1.0062496974737127
qs_joint,12476648,-3.700975437764707,-1.5578347361833016,-2.1431407015814052
qs_joint,12476649,-2.3654409347445338,-1.8209852797461652,-0.5444556549983686
qs_joint,12476653,-2.665653109873176,-1.4784324366457726,-1.1872206732274035
qs_joint,12476650,-8.555333262825975,-3.6011712306828505,-4.954162032143125
qs_joint,12476646,-4.825252188238368,-2.3037655653635323,-2.5214866228748356
qs_joint,12476477,-2.5248257585710183,-1.5324246640844332,-0.9924010944865851
qs_joint,12476474,-4.554482407910473,-3.2921642322795,-1.2623181756309725
qs_joint,12476479,-2.403397920567431,-1.6755075649460842,-0.727890355621347
qs_joint,12476480,-1.971160590071593,-1.971160590071593,0.0
qs_joint,12476476,-2.5774122528785086,-1.5338961193236278,-1.0435161335548808
qs_joint,12476469,-4.546331577563632,-2.5322854874587626,-2.0140460901048693
qs_joint,12476475,-2.4316963212884413,-1.5203692320260442,-0.911327089262397
qs_joint,12476471,-3.121666327630323,-1.4685112491579821,-1.653155078472341
qs_joint,12476470,-2.4581362356242114,-1.5692452840736255,-0.8888909515505858
qs_joint,12476473,-2.0584488864139776,-1.4509659427110408,-0.6074829437029368
qs_joint,12476645,-3.042640681830827,-1.793956124326082,-1.248684557504745
qs_joint,12476642,-3.62032302638442,-1.334663465831685,-2.285659560552735
qs_joint,12476647,-2.713390131418434,-2.1786250258176696,-0.5347651056007643
qs_joint,12476643,-3.8998194491597067,-1.9151166289668051,-1.9847028201929016
qs_joint,12476644,-2.362999603320282,-1.522972244290454,-0.840027359029828
qs_joint,12476640,-2.267830815779747,-1.5361666336826991,-0.7316641820970478
qs_joint,12476641,-6.376131828291676,-3.1976356592553494,-3.1784961690363267
qs_joint,12476637,-2.1412415806631913,-1.4255736135562747,-0.7156679671069166
qs_joint,12476639,-3.3733729895857345,-2.2962240667517957,-1.0771489228339388
qs_joint,12476638,-2.7325698346859535,-1.7227758919305993,-1.0097939427553542
qs_joint,12476465,-2.65071716355284,-1.486738060648323,-1.163979102904517
qs_joint,12476472,-2.046417783895808,-1.3345623925833492,-0.711855391312459
qs_joint,12476468,-2.6652208879530948,-1.4277431003476038,-1.237477787605491
qs_joint,12476464,-3.13173077056064,-1.8345133184287201,-1.2972174521319197
qs_joint,12476467,-1.999876886693611,-1.5921360163139895,-0.4077408703796215
qs_joint,12476463,-5.870280501241171,-2.2607635772463386,-3.609516923994833
qs_joint,12476466,-2.6127995421655843,-1.613152861060297,-0.9996466811052873
qs_joint,12476461,-2.8447753772965876,-1.4652375037247822,-1.3795378735718054
qs_joint,12476460,-3.343314393887567,-1.3342907825581678,-2.009023611329399
qs_joint,12476462,-2.750373034371731,-1.5066091429986352,-1.2437638913730957
qs_joint,12473328,-3.3123238677095643,-1.5490875934065065,-1.7632362743030578
qs_joint,12473336,-3.457490204011477,-2.2139119108711127,-1.2435782931403643
qs_joint,12473335,-2.3559147427582277,-1.4403331789531686,-0.9155815638050591
qs_joint,12473322,-2.3903165891775897,-1.523193870779417,-0.8671227183981727
qs_joint,12473327,-2.993115229368179,-1.6965772825618943,-1.2965379468062848
qs_joint,12473331,-4.496138090060759,-3.1892545999283426,-1.3068834901324164
qs_joint,12473333,-2.4888375605475788,-1.428470307631024,-1.0603672529165549
qs_joint,12473334,-2.117017278180544,-1.406533549051427,-0.7104837291291171
qs_joint,12473337,-2.691628024881081,-1.5690782509045247,-1.1225497739765562
qs_joint,12473330,-2.433716827686626,-1.5231776159471442,-0.9105392117394817
qs_joint,12476454,-3.190550425372894,-1.5555471681731803,-1.6350032571997135
qs_joint,12476455,-3.980329415226483,-2.1726040625461547,-1.8077253526803285
qs_joint,12476458,-2.5542102529802713,-1.5366504938967658,-1.0175597590835055
qs_joint,12476459,-2.071569304283152,-1.5166370829472857,-0.5549322213358661
qs_joint,12476457,-2.3698993197341847,-2.3698993197341847,0.0
qs_joint,12476452,-2.5148027186721236,-1.3906518128522825,-1.1241509058198411
qs_joint,12476567,-2.500110670212484,-1.666260130488134,-0.8338505397243501
qs_joint,12476453,-7.944609239634298,-4.320555061895776,-3.624054177738522
qs_joint,12476575,-2.4241876879304805,-2.4241876879304805,0.0
qs_joint,12476570,-3.1028002473819374,-1.8320611007028416,-1.2707391466790958
qs_joint,14035482,-3.0228767805955234,-1.3892462281582143,-1.6336305524373091
qs_joint,14035495,-3.2022579089421197,-1.6023853682084885,-1.5998725407336312
qs_joint,14035487,-4.278337785300305,-2.731792757450712,-1.5465450278495934
qs_joint,14035486,-2.17308678997964,-1.5049269134620336,-0.6681598765176064
qs_joint,14343735,-2.6430905056223297,-1.5058898113959773,-1.1372006942263524
qs_joint,14035506,-2.4224848172697087,-1.7587466120914454,-0.6637382051782632
qs_joint,14035498,-2.4392558191572036,-1.3357737980859816,-1.103482021071222
qs_joint,14035502,-3.9209103134040832,-2.5386696820058896,-1.3822406313981936
qs_joint,14035497,-2.496796484373942,-1.6928243154411797,-0.8039721689327624
qs_joint,14035501,-2.569030207570134,-1.554586330280459,-1.0144438772896751
qs_joint,14035665,-1.9410684565568246,-1.4163674382306208,-0.5247010183262037
qs_joint,14035666,-2.566209161516961,-1.5057210581910736,-1.0604881033258873
qs_joint,14035662,-3.5395814165109223,-2.4039693577259027,-1.1356120587850196
qs_joint,14035664,-2.435355033626316,-1.534587836021342,-0.9007671976049738
qs_joint,14035663,-3.6868679511141504,-1.9355301832690666,-1.7513377678450839
qs_joint,14035669,-3.053451054006731,-3.053451054006731,0.0
qs_joint,14035667,-2.4088955349756,-2.4088955349756,0.0
qs_joint,14035671,-2.575966136781511,-1.506490413119775,-1.0694757236617363
qs_joint,14035670,-2.5329025334345365,-1.5068237252743009,-1.0260788081602357
qs_joint,14035668,-2.336674324818962,-1.6379882145134397,-0.6986861103055222
qs_joint,14035484,-3.0650050694536195,-1.5142091027584845,-1.550795966695135
qs_joint,14035485,-4.611130128312676,-3.259846739257182,-1.351283389055494
qs_joint,14035488,-2.7929300944610183,-1.5507800820417326,-1.2421500124192857
qs_joint,14035489,-4.615069764581611,-2.004856425336567,-2.6102133392450435
qs_joint,14035494,-2.4066987048479125,-1.5488534600623056,-0.8578452447856069
qs_joint,14035493,-3.230859744222677,-1.967952807132268,-1.262906937090409
qs_joint,14035496,-2.33858227820967,-1.3595191613847135,-0.9790631168249566
qs_joint,14035492,-2.8502073853158274,-1.8564119428489803,-0.9937954424668471
qs_joint,14035491,-2.646479058259242,-2.646479058259242,0.0
qs_joint,14035675,-2.720139335935604,-1.7211312112455446,-0.9990081246900593
qs_joint,14035672,-2.2288947972052418,-1.5230971251866297,-0.7057976720186121
qs_joint,14035674,-4.947948218570821,-3.7726228996625686,-1.1753253189082526
qs_joint,14035676,-3.382865367808127,-1.8966853410449813,-1.4861800267631455
qs_joint,14035673,-3.1594215660595637,-1.952995463208626,-1.2064261028509378
qs_joint,14035678,-4.928819687555325,-3.047706149699529,-1.8811135378557964
qs_joint,14035683,-2.0619958317726272,-1.3922840804722494,-0.6697117513003779
qs_joint,14035681,-3.682215352793648,-2.428903977906415,-1.2533113748872329
qs_joint,14035679,-2.1128178090343215,-1.411855209152416,-0.7009625998819056
qs_joint,14035677,-4.661005325127708,-3.281794423862833,-1.3792109012648752
qs_joint,14035503,-2.3822840233450036,-1.5409925855688609,-0.8412914377761427
qs_joint,14035505,-2.690099139872731,-1.528851861011191,-1.1612472788615402
qs_joint,14035500,-2.0491499946776686,-1.586937668982348,-0.46221232569532056
qs_joint,14035504,-2.1286957324446756,-1.4228231433818195,-0.7058725890628561
qs_joint,14035499,-2.8690398763207625,-2.8690398763207625,0.0
qs_joint,14035680,-2.6880682915577965,-1.5636263233337304,-1.124441968224066
qs_joint,14035682,-2.5867487792210246,-2.5867487792210246,0.0
qs_joint,14035686,-2.3861405412024874,-1.7819190148286297,-0.6042215263738577
qs_joint,14035684,-5.858825272312575,-2.7033885356965563,-3.1554367366160183
qs_joint,14035685,-2.3578844585620224,-1.7464168975679457,-0.6114675609940767
qs_joint,14035511,-2.9389352206145496,-1.9006410847623398,-1.0382941358522098
qs_joint,14035510,-2.268012753766521,-1.6430667751785988,-0.6249459785879221
qs_joint,14035509,-2.4576023353676524,-1.5365201934765826,-0.9210821418910697
qs_joint,14035508,-2.6459607937419003,-1.737884607330029,-0.9080761864118714
qs_joint,14035507,-2.1531245741600786,-1.5238151617744469,-0.6293094123856318
qs_joint,14035514,-2.5931652870785666,-1.3614207718699527,-1.231744515208614
qs_joint,14035515,-3.712739420475569,-1.9155878766526726,-1.7971515438228964
qs_joint,14035512,-2.5331783765006595,-1.5425687489874307,-0.9906096275132288
qs_joint,14035513,-2.2414515143119855,-1.4641210823047366,-0.7773304320072489
qs_joint,14035516,-3.203049743314751,-1.9134224123952515,-1.2896273309194997
qs_joint,14035687,-2.745328896700139,-1.7102212972192292,-1.0351075994809096
qs_joint,14035695,-3.7966281105657846,-2.4529290017937484,-1.3436991087720362
qs_joint,14035689,-7.4780215769196285,-2.999544944110073,-4.4784766328095555
qs_joint,14035692,-3.0191867180505767,-1.5234139428179692,-1.4957727752326075
qs_joint,14035688,-2.5520234778794677,-1.347414267268036,-1.2046092106114317
qs_joint,14035694,-2.5055168046935536,-1.7517513080866882,-0.7537654966068654
qs_joint,14035690,-2.239233138582475,-1.6295357002557171,-0.6096974383267577
qs_joint,14035693,-3.832279471029877,-1.960529920629082,-1.871749550400795
qs_joint,14035691,-2.4401134782503986,-1.5181327920673355,-0.9219806861830631
qs_joint,14035697,-2.084658155155413,-1.3704789848436005,-0.7141791703118126
qs_joint,14035517,-3.410255581926465,-1.4075269144077793,-2.002728667518686
qs_joint,14035518,-2.453611606527283,-1.4595351087635933,-0.9940764977636898
qs_joint,14035519,-4.101906093819721,-2.767099151432939,-1.3348069423867823
qs_joint,14035521,-2.4497678738614326,-1.524701559592817,-0.9250663142686155
qs_joint,14035520,-2.5999777355684133,-1.5292730057813602,-1.0707047297870531
qs_joint,14035524,-2.5359093177789878,-1.3988097147375147,-1.137099603041473
qs_joint,14035522,-3.3064277162296682,-2.0215779459013383,-1.28484977032833
qs_joint,14035526,-2.4156912801655617,-1.53305649044296,-0.8826347897226017
qs_joint,14035525,-2.869280951236467,-1.8645007290591233,-1.0047802221773439
qs_joint,14035523,-2.3027791797659285,-1.6631769926426072,-0.6396021871233213
qs_joint,14035700,-4.123075499015494,-2.766278758261904,-1.3567967407535897
qs_joint,14035703,-3.4939955213885914,-1.7237149938611411,-1.7702805275274502
qs_joint,14035698,-2.746586338728266,-1.5134997518112105,-1.2330865869170555
qs_joint,14035696,-2.1020295658006933,-1.3894709289720188,-0.7125586368286745
qs_joint,14035699,-4.33238665541263,-3.0353715277890974,-1.2970151276235322
qs_joint,14035706,-2.5481094824662573,-1.7539276498314822,-0.7941818326347752
qs_joint,14035704,-2.7275627795903095,-1.711573367059661,-1.0159894125306486
qs_joint,14035702,-2.8290201129465977,-1.8004313850791214,-1.0285887278674763
qs_joint,14035701,-2.5220308477289333,-1.6153818639923592,-0.9066489837365741
qs_joint,14035705,-2.5366524184900046,-1.8265271906235165,-0.710125227866488
qs_joint,14501655,-2.5928734344066857,-1.3709132486580735,-1.2219601857486122
qs_joint,14035529,-3.3882300044033182,-1.9910919411471795,-1.3971380632561388
qs_joint,14035528,-2.441505379907458,-1.7267394144373478,-0.7147659654701104
qs_joint,14035531,-3.2417976449539747,-1.5338800020832348,-1.7079176428707399
qs_joint,14035527,-2.098669909284905,-1.3933452215275555,-0.7053246877573494
qs_joint,14035530,-3.545297629847759,-1.831155018625181,-1.714142611222578
qs_joint,14035709,-3.2671650128293255,-1.5123159104799062,-1.7548491023494193
qs_joint,14035708,-2.471672543081362,-1.5079182470800065,-0.9637542960013554
qs_joint,14035710,-3.6110712612639047,-1.8202362888383528,-1.790834972425552
qs_joint,14035707,-2.278187575595202,-1.5599023708537845,-0.7182852047414177
qs_joint,14035711,-2.4525697413951364,-2.4525697413951364,0.0
qs_joint,14035532,-3.027288794457507,-1.515643080286523,-1.5116457141709838
qs_joint,14035534,-3.3302511175192757,-1.5221108828963008,-1.808140234622975
qs_joint,14035533,-3.1145712354426447,-1.5339598217969963,-1.5806114136456484
qs_joint,14035535,-2.2050802281773207,-1.5516557369491322,-0.6534244912281886
qs_joint,14297746,-2.651919416331598,-2.651919416331598,0.0
qs_joint,14035538,-2.5197412899811136,-1.5308102894733964,-0.9889310005077172
qs_joint,14035539,-2.128037887732799,-1.4107600876675805,-0.7172778000652182
qs_joint,14035536,-3.073842554078975,-1.5342471539792955,-1.5395954000996797
qs_joint,14035540,-2.079174770661314,-1.6969346747286589,-0.38224009593265507
qs_joint,14035542,-2.104654272934583,-1.402693109445862,-0.7019611634887211
qs_joint,14035713,-2.7130275620161064,-2.0109250356255846,-0.7021025263905218
qs_joint,14035714,-2.834297209610449,-1.7077441849020643,-1.1265530247083846
qs_joint,14035716,-2.533718051745306,-1.522984298059102,-1.0107337536862042
qs_joint,14035715,-3.661398660248368,-2.1641437832020105,-1.4972548770463576
qs_joint,14035712,-2.5328458879019102,-1.4596241273470492,-1.073221760554861
qs_joint,14035546,-2.0837534041038195,-1.5988172281449688,-0.48493617595885063
qs_joint,14035541,-3.0105588223396933,-1.5261266061744083,-1.484432216165285
qs_joint,14035544,-3.0799286083579664,-1.9234795442570707,-1.1564490641008958
qs_joint,14035545,-3.6656674082576903,-1.5326863592275288,-2.1329810490301613
qs_joint,14035543,-4.437600344576117,-1.9581359317969498,-2.479464412779167
qs_joint,14035548,-2.101368573345846,-1.387109441535717,-0.7142591318101288
qs_joint,14035555,-2.685026020508472,-1.524518467049876,-1.160507553458596
qs_joint,14035549,-2.223885392272892,-1.4431527148760617,-0.7807326773968304
qs_joint,14035554,-2.2598095068396695,-1.6739823746808593,-0.5858271321588102
qs_joint,14035717,-3.1748760326321057,-1.8406976371757224,-1.3341783954563833
qs_joint,14035718,-2.464615622642574,-1.526523806631097,-0.9380918160114771
qs_joint,14035719,-2.0375046781913184,-1.3319203723146993,-0.7055843058766191
qs_joint,14035735,-2.8347540684827637,-2.8347540684827637,0.0
qs_joint,14035720,-2.4757074974375666,-1.564658820741724,-0.9110486766958426
qs_joint,14035722,-2.5441976279492,-1.5340956696170924,-1.0101019583321074
qs_joint,14035721,-2.2599498033755485,-1.5541646087186722,-0.7057851946568763
qs_joint,14035725,-2.096096755760819,-1.3853615980234733,-0.7107351577373457
qs_joint,14035724,-3.0091279866090574,-1.8096081739633405,-1.199519812645717
qs_joint,14035723,-4.543988917910174,-1.976256826515741,-2.5677320913944333
qs_joint,14035551,-2.713023395457564,-1.819530167628467,-0.8934932278290972
qs_joint,14035559,-2.7379865926021334,-1.5208541699572482,-1.2171324226448852
qs_joint,14035550,-2.609552485590545,-2.609552485590545,0.0
qs_joint,14035556,-4.7792893598628226,-2.6120263682651457,-2.167262991597677
qs_joint,14035552,-3.8414894993400335,-2.007599625103436,-1.8338898742365974
qs_joint,15017622,-2.0737894214117234,-1.3493971327773244,-0.724392288634399
qs_joint,14035727,-4.229560367234261,-2.448822207175029,-1.780738160059232
qs_joint,14035729,-2.3800715303061684,-1.6345264789544922,-0.7455450513516761
qs_joint,14035726,-2.378111950541124,-1.8602102062077122,-0.517901744333412
qs_joint,14035730,-5.517424612426147,-2.017851290082051,-3.499573322344096
qs_joint,14035728,-2.173175154942154,-1.4333821385659895,-0.7397930163761643
qs_joint,14035553,-2.1107951948378276,-1.4011664108110136,-0.7096287840268141
qs_joint,14035562,-2.687853035284551,-2.687853035284551,0.0
qs_joint,14035558,-3.8388449210178255,-1.5180219210204586,-2.320822999997367
qs_joint,14035560,-4.424675425067226,-1.9589333160023104,-2.465742109064916
qs_joint,14035563,-2.3418814425645347,-1.6487117690246937,-0.6931696735398409
qs_joint,14035564,-4.253932218035407,-2.0527144063046023,-2.201217811730805
qs_joint,14035561,-2.9535763671434556,-1.3879217104382964,-1.5656546567051592
qs_joint,14035565,-3.9618821513919684,-1.5147803263967103,-2.447101824995258
qs_joint,14035566,-3.551788695246589,-2.4543830813297993,-1.0974056139167896
qs_joint,14035731,-2.0999284381922276,-1.393684339382319,-0.7062440988099086
qs_joint,14035732,-4.6719890989941115,-3.387897857483828,-1.2840912415102834
qs_joint,14035736,-3.406343513382562,-2.305245785302831,-1.101097728079731
qs_joint,14035733,-2.126413096988627,-1.4085094276284489,-0.7179036693601779
qs_joint,14035734,-3.5610712234438164,-1.531966204994774,-2.0291050184490427
qs_joint,14035739,-3.3114992767612095,-1.6280545336503978,-1.6834447431108117
qs_joint,14035740,-4.150461139550404,-2.334429394856802,-1.816031744693602
qs_joint,14035737,-3.4478874526374512,-1.9855894721561769,-1.4622979804812744
qs_joint,14035738,-2.1283148794217137,-1.4178067497638243,-0.7105081296578895
qs_joint,14035741,-2.745816071008697,-1.5266621495926422,-1.219153921416055
qs_joint,14035568,-2.210601736609079,-1.640046928153121,-0.5705548084559582
qs_joint,14035569,-5.79970184039187,-4.270803227881819,-1.5288986125100505
qs_joint,14035572,-2.5140359458615027,-1.5588432182368444,-0.9551927276246583
qs_joint,14035570,-2.3101148692667755,-1.7627157242415614,-0.547399145025214
qs_joint,14035567,-2.493790905589253,-1.6586982378497823,-0.8350926677394708
qs_joint,14035574,-4.547501031037015,-2.5702907282765977,-1.9772103027604175
qs_joint,14035575,-3.0284554237100254,-1.5338347902605147,-1.4946206334495107
qs_joint,14035571,-2.5498297854437584,-2.5498297854437584,0.0
qs_joint,14035576,-2.7735684251311175,-1.7354028635508092,-1.0381655615803083
qs_joint,14035573,-4.88491420524394,-1.9486783855085166,-2.9362358197354235
qs_joint,14035742,-3.6803103125748824,-1.7668145648209745,-1.9134957477539078
qs_joint,14035745,-2.3653885769569856,-1.625162120546329,-0.7402264564106567
qs_joint,14035747,-2.2868092371088125,-1.548015267210293,-0.7387939698985195
qs_joint,14035744,-3.7115475576203787,-2.4413229580813964,-1.2702245995389823
qs_joint,14035743,-2.9975151956049624,-1.5167958450724885,-1.4807193505324738
qs_joint,14035750,-3.310049738583499,-1.899615335732888,-1.410434402850611
qs_joint,14035751,-5.203916798036458,-3.5271549064073433,-1.6767618916291145
qs_joint,14035749,-2.2171651500360885,-1.498632278269043,-0.7185328717670454
qs_joint,14035748,-2.6826611882386167,-1.5379118015169135,-1.1447493867217031
qs_joint,14035746,-2.8420631517465647,-1.8243183154046518,-1.0177448363419128
qs_joint,14035582,-2.7691369739441076,-1.3814838210532507,-1.387653152890857
qs_joint,14035580,-2.139969566128445,-1.3973684449397172,-0.7426011211887276
qs_joint,14035586,-2.3792173190438124,-2.3792173190438124,0.0
qs_joint,14035585,-5.875602340515902,-2.9675772176352626,-2.9080251228806397
qs_joint,14035583,-2.7712536195424122,-1.796400480578258,-0.9748531389641542
qs_joint,14035755,-2.4782493429458206,-1.448326795714446,-1.0299225472313747
qs_joint,14035756,-2.342310538274859,-1.623176905767624,-0.7191336325072348
qs_joint,14035752,-2.187543964166537,-1.442846569156874,-0.7446973950096631
qs_joint,14035760,-4.4455562248605665,-2.1406666872911386,-2.304889537569428
qs_joint,14035761,-2.8166749218103084,-1.797524806015697,-1.0191501157946115
qs_joint,15363335,-3.5850954150059215,-2.412830075798934,-1.1722653392069877
qs_joint,15305942,-2.2072824756452114,-1.3445225141075632,-0.8627599615376482
qs_joint,15374710,-4.009286699676055,-2.59480752144324,-1.4144791782328152
qs_joint,14035591,-2.7227658539343165,-1.4471644355008553,-1.2756014184334612
qs_joint,14035588,-3.209583911160248,-2.195790769073737,-1.0137931420865112
qs_joint,14035587,-5.430050467158168,-3.4737376225036756,-1.9563128446544922
qs_joint,14035590,-2.368521857993935,-1.3968228371496483,-0.9716990208442866
qs_joint,14035767,-2.4471622793379564,-1.5242024622442663,-0.9229598170936901
qs_joint,14035771,-2.7940759915542284,-1.7664964466294362,-1.0275795449247922
qs_joint,14035768,-2.8140344784426983,-1.773496191074814,-1.0405382873678843
qs_joint,14035766,-2.5325805913741273,-1.5816113996881798,-0.9509691916859475
qs_joint,14035769,-3.1470631963711275,-1.5518838386811078,-1.5951793576900197
qs_joint,14035770,-2.7133311019873196,-1.906492156555784,-0.8068389454315357
qs_joint,14035592,-3.0336416487942133,-1.9898027636176194,-1.0438388851765938
qs_joint,14035594,-3.1447710372915787,-2.0155177133964894,-1.1292533238950893
qs_joint,14035595,-2.7616851308884427,-2.7616851308884427,0.0
qs_joint,14035593,-3.6525683071921784,-2.4764539659245846,-1.1761143412675938
qs_joint,14035597,-3.140305687081957,-1.930958565204493,-1.2093471218774638
qs_joint,14035598,-2.2561346446330766,-1.5357710188519025,-0.7203636257811741
qs_joint,14035596,-2.1377762425438416,-1.4197650876290058,-0.7180111549148358
qs_joint,15399014,-7.685095726793076,-3.40507266720785,-4.2800230595852256
qs_joint,14035774,-2.5423200851470216,-1.5383970463733716,-1.00392303877365
qs_joint,14035773,-4.82984736715613,-3.5741273573309265,-1.255720009825204
qs_joint,14035772,-2.187483529354475,-1.4667438515535283,-0.7207396778009469
qs_joint,14035775,-2.9610339669402292,-1.8337763656081654,-1.1272576013320639
qs_joint,14035776,-2.2746262768892938,-1.5462153023600405,-0.7284109745292533
qs_joint,14035782,-2.8207203789401087,-1.6085831174422156,-1.2121372614978931
qs_joint,14035777,-2.5950930897657005,-1.5064121829254704,-1.0886809068402301
qs_joint,14035781,-2.9945094199466613,-2.9945094199466613,0.0
qs_joint,15456958,-2.277720978029153,-1.5558652616509088,-0.7218557163782444
qs_joint,14035602,-2.905669640914392,-1.5342993864863457,-1.3713702544280462
qs_joint,14035606,-2.6664994920661123,-1.5352238018506037,-1.1312756902155086
qs_joint,14035603,-1.9543503720541762,-1.5336882609143863,-0.4206621111397899
qs_joint,14035604,-3.0145019167902714,-1.88470989191797,-1.1297920248723015
qs_joint,14035605,-2.2346258728344415,-1.4700281339555905,-0.764597738878851
qs_joint,15332289,-2.952760472505224,-1.8298443256793957,-1.1229161468258282
qs_joint,15368752,-2.1646056551584305,-1.7385180726268779,-0.42608758253155266
qs_joint,14035607,-2.3100125194117167,-1.4459926545845239,-0.8640198648271928
qs_joint,14035608,-2.182528303547973,-1.3446132655237022,-0.8379150380242708
qs_joint,14035610,-3.673122454254842,-2.3229135238212133,-1.3502089304336287
qs_joint,14035609,-3.2345588286816955,-1.5410048951409143,-1.6935539335407812
qs_joint,14035611,-2.7912212156089047,-1.8111683918325219,-0.9800528237763828
qs_joint,15336943,-2.4170547705899956,-1.9075602176170345,-0.5094945529729611
qs_joint,15416466,-2.2641297290534608,-1.5101676320004025,-0.7539620970530583
qs_joint,14035787,-2.8794923449236536,-2.8794923449236536,0.0
qs_joint,14035778,-4.4499507431831296,-2.850814666867995,-1.5991360763151348
qs_joint,15366428,-6.3291473516788,-3.403004064154879,-2.926143287523921
qs_joint,15547533,-3.195858871696869,-1.5164786475674707,-1.6793802241293985
qs_joint,14035786,-2.797724277664582,-1.7294806499715125,-1.0682436276930696
qs_joint,14035788,-4.332333385438735,-2.253303992452648,-2.0790293929860875
qs_joint,14035789,-2.6339819105841578,-2.034665599827918,-0.5993163107562398
qs_joint,14035790,-2.5491674031081155,-1.527258288119135,-1.0219091149889805
qs_joint,14035792,-2.6525503649827202,-1.536280112602621,-1.1162702523800991
qs_joint,14035614,-2.4624881152086315,-2.4624881152086315,0.0
qs_joint,14035616,-2.1505736073681163,-1.6115134261460715,-0.5390601812220448
qs_joint,14035613,-2.2110984537192016,-1.492712486627955,-0.7183859670912465
qs_joint,14035612,-2.3090464663631907,-1.4597851549179761,-0.8492613114452146
qs_joint,14035615,-3.15412676241649,-1.4866187386862872,-1.667508023730203
qs_joint,15490658,-2.271885968192374,-1.4977722244212994,-0.7741137437710746
qs_joint,15490775,-2.221627938850305,-1.6108843807828985,-0.6107435580674063
qs_joint,14035620,-2.7614265115948635,-1.8497355251506626,-0.9116909864442009
qs_joint,14035618,-2.5319579424575793,-1.5311491227664082,-1.000808819691171
qs_joint,14035619,-3.155994082040298,-1.5450212679434034,-1.6109728140968944
qs_joint,14035617,-2.370217130220999,-1.5236280558849793,-0.8465890743360198
qs_joint,14035621,-2.1497847138329553,-1.426089417149584,-0.7236952966833714
qs_joint,15399013,-2.9048142810575603,-2.9048142810575603,0.0
qs_joint,15416481,-3.1521508282337147,-1.52095487398644,-1.6311959542472747
qs_joint,15395623,-2.7830151267829777,-1.4592614547442695,-1.3237536720387082
qs_joint,14035796,-3.582395461973615,-1.9823422478019637,-1.6000532141716513
qs_joint,14035794,-2.2138292167170595,-1.4844761629764998,-0.7293530537405597
qs_joint,14035791,-3.425625337464892,-1.7347581407082913,-1.690867196756601
qs_joint,14035793,-2.838275972901651,-2.838275972901651,0.0
qs_joint,14035795,-2.7209624740044336,-1.5194548947170137,-1.20150757928742
qs_joint,15458714,-2.217932037178005,-1.4205444428916756,-0.7973875942863293
qs_joint,14035801,-2.1735608472171033,-1.4303417351723255,-0.7432191120447778
qs_joint,14035798,-4.536623214329727,-1.547953052843151,-2.988670161486576
qs_joint,14035799,-3.0027626221772055,-1.5502633251772244,-1.452499296999981
qs_joint,14035800,-4.478787749436341,-2.2280789556686527,-2.2507087937676884
qs_joint,14035797,-4.36763727199372,-3.099983969257563,-1.2676533027361572
qs_joint,15530801,-3.0342414564838602,-1.853662826652947,-1.1805786298309133
qs_joint,14035622,-3.276938155105223,-1.9198288264257528,-1.35710932867947
qs_joint,14035624,-2.232639137500025,-1.3545874199717043,-0.8780517175283207
qs_joint,14035626,-2.370423392516827,-1.6318979362892143,-0.7385254562276129
qs_joint,14035627,-2.123695519905898,-1.3889192948618352,-0.7347762250440628
qs_joint,14035623,-6.96163352061946,-5.452703229045603,-1.5089302915738578
qs_joint,15457468,-3.0262707943028095,-2.0451031961713753,-0.9811675981314343
qs_joint,14035625,-3.102944438012492,-2.072659002182034,-1.030285435830458
qs_joint,14035628,-2.149756735861477,-1.375383395972989,-0.774373339888488
qs_joint,14035631,-2.2265443706711765,-1.4044392010704485,-0.822105169600728
qs_joint,14035629,-3.1126375805372155,-1.8204246803197288,-1.2922129002174867
qs_joint,14035632,-2.2857747000967783,-1.5347020542272216,-0.7510726458695567
qs_joint,15422405,-2.5396946287576103,-1.5124314805447834,-1.027263148212827
qs_joint,15588942,-2.8002358177137543,-1.5118199402125405,-1.2884158775012138
qs_joint,14035804,-3.3038852345388667,-1.512822547704694,-1.7910626868341728
qs_joint,14035803,-2.20333567608455,-1.4798949732439286,-0.7234407028406216
qs_joint,14035805,-2.6936839117420424,-1.5355981044276286,-1.1580858073144138
qs_joint,14035806,-2.502244680483069,-1.5685298799826386,-0.9337148005004305
qs_joint,14035802,-3.353535720868749,-1.5257330827722715,-1.8278026380964776
qs_joint,15588903,-1.9694654821054107,-1.5312752623839563,-0.43819021972145444
qs_joint,14035808,-2.4392162837767084,-1.5138070019531389,-0.9254092818235695
qs_joint,14035811,-3.218000375309964,-2.0366514683609664,-1.1813489069489975
qs_joint,14035810,-2.097148452763482,-1.3462745769326088,-0.7508738758308733
qs_joint,14035809,-3.3890488931902443,-1.5120420028597759,-1.8770068903304684
qs_joint,14035807,-2.3582775709129558,-1.5158438449179568,-0.842433725994999
qs_joint,14035637,-2.2082346414707277,-1.4094390000721515,-0.7987956413985762
qs_joint,14035633,-2.866629514206258,-1.534529946853038,-1.33209956735322
qs_joint,14035635,-3.139488978089422,-1.9739466342189242,-1.1655423438704977
qs_joint,14035630,-2.518562133308581,-1.5130510141387288,-1.005511119169852
qs_joint,14035638,-3.0263662603842905,-1.5639941929309558,-1.4623720674533347
qs_joint,14035636,-2.5265601547020324,-1.7733194302361204,-0.7532407244659121
qs_joint,14035634,-2.245981237527161,-1.474062165187585,-0.7719190723395761
qs_joint,14035645,-2.5648267126595807,-2.085398254130558,-0.4794284585290227
qs_joint,15588896,-2.7082033622629034,-1.3939016746567126,-1.3143016876061908
qs_joint,15588927,-3.5141114426740225,-1.814818289467785,-1.6992931532062376
qs_joint,14035814,-3.0086789007696577,-1.9896658564141307,-1.019013044355527
qs_joint,14035816,-2.1536929777842144,-1.4192474248020326,-0.7344455529821818
qs_joint,14035815,-3.0475617885400585,-1.4452366929372922,-1.6023250956027664
qs_joint,14035813,-2.5840397918298272,-1.9011732272635884,-0.6828665645662388
qs_joint,14035812,-2.566042027981522,-1.8972348125996028,-0.6688072153819191
qs_joint,14035819,-2.711864121222982,-1.5327464507997566,-1.1791176704232256
qs_joint,14035818,-2.3666955838548382,-1.5258624888120431,-0.8408330950427951
qs_joint,14035827,-2.464964165256307,-1.54036553942318,-0.9245986258331269
qs_joint,14035820,-2.2003402169646753,-1.4882243243190778,-0.7121158926455975
qs_joint,14035817,-2.6690576156697587,-1.7602281434602476,-0.9088294722095112
qs_joint,15881894,-3.596042461057692,-2.3541287293502093,-1.2419137317074829
qs_joint,14035640,-2.556723664664886,-1.830569371946771,-0.726154292718115
qs_joint,14035642,-2.775453207635205,-1.521022391162852,-1.2544308164723532
qs_joint,14035643,-3.3541872125375414,-1.7990429453331191,-1.5551442672044222
qs_joint,14035641,-2.0765113896370306,-1.332962789521851,-0.7435486001151796
qs_joint,14035644,-2.6227754547216584,-1.411120857106323,-1.2116545976153354
qs_joint,15680573,-2.3755605168741942,-1.3516956434278646,-1.0238648734463296
qs_joint,14035650,-3.1436325349371774,-1.5481701467932578,-1.5954623881439196
qs_joint,14035647,-2.7892559182226204,-1.3536172087255278,-1.4356387094970926
qs_joint,14035646,-2.437528209527843,-1.5079183025285514,-0.9296099069992916
qs_joint,14035648,-1.9634732689911538,-1.6752099203125554,-0.2882633486785984
qs_joint,14035651,-2.178667253893396,-1.4539432989670238,-0.7247239549263722
qs_joint,14035821,-2.360477368130646,-1.51350619751501,-0.846971170615636
qs_joint,14035823,-2.6238107502000036,-1.8423000215281955,-0.7815107286718082
qs_joint,14035822,-3.0079078575927354,-1.5273658746989982,-1.4805419828937372
qs_joint,14035826,-2.373423090291806,-1.4986238264113056,-0.8747992638805002
qs_joint,14035824,-3.904695457774719,-1.5151099188792228,-2.389585538895496
qs_joint,14032717,-2.921506713718273,-1.8339015638315899,-1.087605149886683
qs_joint,14032707,-3.064070041516768,-1.6884049758564794,-1.3756650656602885
qs_joint,14032715,-2.4284445713708123,-1.4730394299993022,-0.9554051413715101
qs_joint,14032721,-2.35466727826054,-1.379389973187015,-0.9752773050735251
qs_joint,14032718,-2.436836365177482,-1.7072392594847785,-0.7295971056927035
qs_joint,14035653,-2.69257454550995,-1.3679863835799577,-1.3245881619299924
qs_joint,14035652,-2.292480770631951,-1.3939543241503702,-0.8985264464815808
qs_joint,14035654,-2.8447669933815236,-1.7174921498305584,-1.1272748435509652
qs_joint,14035655,-3.2401411040479666,-1.9411676057465614,-1.2989734983014052
qs_joint,14035656,-2.2515562478025553,-1.6959177015689726,-0.5556385462335827
qs_joint,14032710,-2.877298030404699,-1.8402837924019249,-1.037014238002774
qs_joint,14032708,-2.5294702803606217,-1.9962103362090873,-0.5332599441515344
qs_joint,14032714,-2.228412216291533,-1.4111788759425818,-0.8172333403489513
qs_joint,14032719,-3.5018687164393665,-1.9056169244769807,-1.5962517919623858
qs_joint,14032720,-2.3388222411964428,-1.5388776081228825,-0.7999446330735602
