JULIA_PKG_PRECOMPILE_AUTO=0 /root/.juliaup/bin/julia --project -t 16[root@mcmc-beast qs_experiment]# JULIA_PKG_PRECOMPILE_AUTO=0 /root/.juliaup/bin/julia --project -t 16

  🦋 Kaimon gate connected (qs_experiment)
  host REPL mirroring enabled
               _
   _       _ _(_)_     |  Documentation: https://docs.julialang.org
  (_)     | (_) (_)    |
   _ _   _| |_  __ _   |  Type "?" for help, "]?" for Pkg help.
  | | | | | | |/ _` |  |
  | | |_| | | | (_| |  |  Version 1.12.4 (2026-01-06)
 _/ |\__'_|_|_|\__'_|  |  Official https://julialang.org release
|__/                   |


julia>

ENV["QSX2_ONLY"] = "qs_joint"; started = time(); try include("experiment
julia>
ENV["QSX2_ONLY"] = "qs_joint"; started = time(); try include("experiments




julia>
ENV["QSX2_ONLY"] = "qs_joint"; started = time(); try include("experiments/


julia>
ENV["QSX2_ONLY"] = "qs_joint"; started = time(); try include("experiments/s


julia>
ENV["QSX2_ONLY"] = "qs_joint"; started = time(); try include("experiments/sc


julia>
ENV["QSX2_ONLY"] = "qs_joint"; started = time(); try include("experiments/sco


julia>
ENV["QSX2_ONLY"] = "qs_joint"; started = time(); try include("experiments/scot


julia>
ENV["QSX2_ONLY"] = "qs_joint"; started = time(); try include("experiments/scotl


julia>
ENV["QSX2_ONLY"] = "qs_joint"; started = time(); try include("experiments/scotla


julia>
ENV["QSX2_ONLY"] = "qs_joint"; started = time(); try include("experiments/scotlan


julia>
ENV["QSX2_ONLY"] = "qs_joint"; started = time(); try include("experiments/scotland


julia>
ENV["QSX2_ONLY"] = "qs_joint"; started = time(); try include("experiments/scotland/


julia>
ENV["QSX2_ONLY"] = "qs_joint"; started = time(); try include("experiments/scotland/0


julia>
ENV["QSX2_ONLY"] = "qs_joint"; started = time(); try include("experiments/scotland/06


julia>
ENV["QSX2_ONLY"] = "qs_joint"; started = time(); try include("experiments/scotland/06_


julia>
ENV["QSX2_ONLY"] = "qs_joint"; started = time(); try include("experiments/scotland/06_q


julia>
ENV["QSX2_ONLY"] = "qs_joint"; started = time(); try include("experiments/scotland/06_qs


julia>
ENV["QSX2_ONLY"] = "qs_joint"; started = time(); try include("experiments/scotland/06_qs_


julia>
ENV["QSX2_ONLY"] = "qs_joint"; started = time(); try include("experiments/scotland/06_qs_j


julia>
ENV["QSX2_ONLY"] = "qs_joint"; started = time(); try include("experiments/scotland/06_qs_jo


julia>
ENV["QSX2_ONLY"] = "qs_joint"; started = time(); try include("experiments/scotland/06_qs_joi


julia>
ENV["QSX2_ONLY"] = "qs_joint"; started = time(); try include("experiments/scotland/06_qs_join


julia>
ENV["QSX2_ONLY"] = "qs_joint"; started = time(); try include("experiments/scotland/06_qs_joint


julia>
ENV["QSX2_ONLY"] = "qs_joint"; started = time(); try include("experiments/scotland/06_qs_joint_


julia>
ENV["QSX2_ONLY"] = "qs_joint"; started = time(); try include("experiments/scotland/06_qs_joint_a


julia>
ENV["QSX2_ONLY"] = "qs_joint"; started = time(); try include("experiments/scotland/06_qs_joint_an


julia>
ENV["QSX2_ONLY"] = "qs_joint"; started = time(); try include("experiments/scotland/06_qs_joint_and


julia>
ENV["QSX2_ONLY"] = "qs_joint"; started = time(); try include("experiments/scotland/06_qs_joint_and_


julia>
ENV["QSX2_ONLY"] = "qs_joint"; started = time(); try include("experiments/scotland/06_qs_joint_and_m


julia>
ENV["QSX2_ONLY"] = "qs_joint"; started = time(); try include("experiments/scotland/06_qs_joint_and_ma


julia>
ENV["QSX2_ONLY"] = "qs_joint"; started = time(); try include("experiments/scotland/06_qs_joint_and_mar


julia>
ENV["QSX2_ONLY"] = "qs_joint"; started = time(); try include("experiments/scotland/06_qs_joint_and_mark


julia>
ENV["QSX2_ONLY"] = "qs_joint"; started = time(); try include("experiments/scotland/06_qs_joint_and_marke


julia>
ENV["QSX2_ONLY"] = "qs_joint"; started = time(); try include("experiments/scotland/06_qs_joint_and_market


julia>
ENV["QSX2_ONLY"] = "qs_joint"; started = time(); try include("experiments/scotland/06_qs_joint_and_market_


julia>
ENV["QSX2_ONLY"] = "qs_joint"; started = time(); try include("experiments/scotland/06_qs_joint_and_market_o


julia>
ENV["QSX2_ONLY"] = "qs_joint"; started = time(); try include("experiments/scotland/06_qs_joint_and_market_ob


julia>
ENV["QSX2_ONLY"] = "qs_joint"; started = time(); try include("experiments/scotland/06_qs_joint_and_market_obs


julia>
ENV["QSX2_ONLY"] = "qs_joint"; started = time(); try include("experiments/scotland/06_qs_joint_and_market_obse


julia>
ENV["QSX2_ONLY"] = "qs_joint"; started = time(); try include("experiments/scotland/06_qs_joint_and_market_obser


julia>
ENV["QSX2_ONLY"] = "qs_joint"; started = time(); try include("experiments/scotland/06_qs_joint_and_market_observ


julia>
ENV["QSX2_ONLY"] = "qs_joint"; started = time(); try include("experiments/scotland/06_qs_joint_and_market_observa


julia>
ENV["QSX2_ONLY"] = "qs_joint"; started = time(); try include("experiments/scotland/06_qs_joint_and_market_observat


julia>
ENV["QSX2_ONLY"] = "qs_joint"; started = time(); try include("experiments/scotland/06_qs_joint_and_market_observati


julia>
ENV["QSX2_ONLY"] = "qs_joint"; started = time(); try include("experiments/scotland/06_qs_joint_and_market_observatio


julia>
ENV["QSX2_ONLY"] = "qs_joint"; started = time(); try include("experiments/scotland/06_qs_joint_and_market_observation


julia>
ENV["QSX2_ONLY"] = "qs_joint"; started = time(); try include("experiments/scotland/06_qs_joint_and_market_observation/


julia>
ENV["QSX2_ONLY"] = "qs_joint"; started = time(); try include("experiments/scotland/06_qs_joint_and_market_observation/r


julia>
ENV["QSX2_ONLY"] = "qs_joint"; started = time(); try include("experiments/scotland/06_qs_joint_and_market_observation/r0


julia>
ENV["QSX2_ONLY"] = "qs_joint"; started = time(); try include("experiments/scotland/06_qs_joint_and_market_observation/r05


julia>
ENV["QSX2_ONLY"] = "qs_joint"; started = time(); try include("experiments/scotland/06_qs_joint_and_market_observation/r05_


julia>
ENV["QSX2_ONLY"] = "qs_joint"; started = time(); try include("experiments/scotland/06_qs_joint_and_market_observation/r05_g


julia>
ENV["QSX2_ONLY"] = "qs_joint"; started = time(); try include("experiments/scotland/06_qs_joint_and_market_observation/r05_gr


julia>
ENV["QSX2_ONLY"] = "qs_joint"; started = time(); try include("experiments/scotland/06_qs_joint_and_market_observation/r05_gri


julia>
ENV["QSX2_ONLY"] = "qs_joint"; started = time(); try include("experiments/scotland/06_qs_joint_and_market_observation/r05_grid


julia>
ENV["QSX2_ONLY"] = "qs_joint"; started = time(); try include("experiments/scotland/06_qs_joint_and_market_observation/r05_grid.


julia>
ENV["QSX2_ONLY"] = "qs_joint"; started = time(); try include("experiments/scotland/06_qs_joint_and_market_observation/r05_grid.j


julia>
ENV["QSX2_ONLY"] = "qs_joint"; started = time(); try include("experiments/scotland/06_qs_joint_and_market_observation/r05_grid.jl


julia>
ENV["QSX2_ONLY"] = "qs_joint"; started = time(); try include("experiments/scotland/06_qs_joint_and_market_observation/r05_grid.jl"


julia>
ENV["QSX2_ONLY"] = "qs_joint"; started = time(); try include("experiments/scotland/06_qs_joint_and_market_observation/r05_grid.jl")


julia>
ENV["QSX2_ONLY"] = "qs_joint"; started = time(); try include("experiments/scotland/06_qs_joint_and_market_observation/r05_grid.jl");


julia>
ENV["QSX2_ONLY"] = "qs_joint"; started = time(); try include("experiments/scotland/06_qs_joint_and_market_observation/r05_grid.jl");


julia>
ENV["QSX2_ONLY"] = "qs_joint"; started = time(); try include("experiments/scotland/06_qs_joint_and_market_observation/r05_grid.jl"); p


julia>
ENV["QSX2_ONLY"] = "qs_joint"; started = time(); try include("experiments/scotland/06_qs_joint_and_market_observation/r05_grid.jl"); pr


julia>
ENV["QSX2_ONLY"] = "qs_joint"; started = time(); try include("experiments/scotland/06_qs_joint_and_market_observation/r05_grid.jl"); pri


julia>
ENV["QSX2_ONLY"] = "qs_joint"; started = time(); try include("experiments/scotland/06_qs_joint_and_market_observation/r05_grid.jl"); prin


julia>
ENV["QSX2_ONLY"] = "qs_joint"; started = time(); try include("experiments/scotland/06_qs_joint_and_market_observation/r05_grid.jl"); print


julia>
ENV["QSX2_ONLY"] = "qs_joint"; started = time(); try include("experiments/scotland/06_qs_joint_and_market_observation/r05_grid.jl"); printl


julia>
ENV["QSX2_ONLY"] = "qs_joint"; started = time(); try include("experiments/scotland/06_qs_joint_and_market_observation/r05_grid.jl"); println


julia>
ENV["QSX2_ONLY"] = "qs_joint"; started = time(); try include("experiments/scotland/06_qs_joint_and_market_observation/r05_grid.jl"); println(


julia>
ENV["QSX2_ONLY"] = "qs_joint"; started = time(); try include("experiments/scotland/06_qs_joint_and_market_observation/r05_grid.jl"); println("


julia>
ENV["QSX2_ONLY"] = "qs_joint"; started = time(); try include("experiments/scotland/06_qs_joint_and_market_observation/r05_grid.jl"); println("P


julia>
ENV["QSX2_ONLY"] = "qs_joint"; started = time(); try include("experiments/scotland/06_qs_joint_and_market_observation/r05_grid.jl"); println("PH


julia>
ENV["QSX2_ONLY"] = "qs_joint"; started = time(); try include("experiments/scotland/06_qs_joint_and_market_observation/r05_grid.jl"); println("PHA


julia>
ENV["QSX2_ONLY"] = "qs_joint"; started = time(); try include("experiments/scotland/06_qs_joint_and_market_observation/r05_grid.jl"); println("PHAS


julia>
ENV["QSX2_ONLY"] = "qs_joint"; started = time(); try include("experiments/scotland/06_qs_joint_and_market_observation/r05_grid.jl"); println("PHASE


julia>
ENV["QSX2_ONLY"] = "qs_joint"; started = time(); try include("experiments/scotland/06_qs_joint_and_market_observation/r05_grid.jl"); println("PHASE3


julia>
ENV["QSX2_ONLY"] = "qs_joint"; started = time(); try include("experiments/scotland/06_qs_joint_and_market_observation/r05_grid.jl"); println("PHASE3_


julia>
ENV["QSX2_ONLY"] = "qs_joint"; started = time(); try include("experiments/scotland/06_qs_joint_and_market_observation/r05_grid.jl"); println("PHASE3_I


julia>
ENV["QSX2_ONLY"] = "qs_joint"; started = time(); try include("experiments/scotland/06_qs_joint_and_market_observation/r05_grid.jl"); println("PHASE3_IN


julia>
ENV["QSX2_ONLY"] = "qs_joint"; started = time(); try include("experiments/scotland/06_qs_joint_and_market_observation/r05_grid.jl"); println("PHASE3_INC


julia>
ENV["QSX2_ONLY"] = "qs_joint"; started = time(); try include("experiments/scotland/06_qs_joint_and_market_observation/r05_grid.jl"); println("PHASE3_INCL





julia>
ENV["QSX2_ONLY"] = "qs_joint"; started = time(); try include("experiments/scotland/06_qs_joint_and_market_observation/r05_grid.jl"); println("PHASE3_INCLU



julia>
ENV["QSX2_ONLY"] = "qs_joint"; started = time(); try include("experiments/scotland/06_qs_joint_and_market_observation/r05_grid.jl"); println("PHASE3_INCLUD



julia>
ENV["QSX2_ONLY"] = "qs_joint"; started = time(); try include("experiments/scotland/06_qs_joint_and_market_observation/r05_grid.jl"); println("PHASE3_INCLUDE



julia>
ENV["QSX2_ONLY"] = "qs_joint"; started = time(); try include("experiments/scotland/06_qs_joint_and_market_observation/r05_grid.jl"); println("PHASE3_INCLUDE_



julia>
ENV["QSX2_ONLY"] = "qs_joint"; started = time(); try include("experiments/scotland/06_qs_joint_and_market_observation/r05_grid.jl"); println("PHASE3_INCLUDE_R



julia>
ENV["QSX2_ONLY"] = "qs_joint"; started = time(); try include("experiments/scotland/06_qs_joint_and_market_observation/r05_grid.jl"); println("PHASE3_INCLUDE_RE



julia>
ENV["QSX2_ONLY"] = "qs_joint"; started = time(); try include("experiments/scotland/06_qs_joint_and_market_observation/r05_grid.jl"); println("PHASE3_INCLUDE_RET



julia>
ENV["QSX2_ONLY"] = "qs_joint"; started = time(); try include("experiments/scotland/06_qs_joint_and_market_observation/r05_grid.jl"); println("PHASE3_INCLUDE_RETU



julia>
ENV["QSX2_ONLY"] = "qs_joint"; started = time(); try include("experiments/scotland/06_qs_joint_and_market_observation/r05_grid.jl"); println("PHASE3_INCLUDE_RETUR



julia>
ENV["QSX2_ONLY"] = "qs_joint"; started = time(); try include("experiments/scotland/06_qs_joint_and_market_observation/r05_grid.jl"); println("PHASE3_INCLUDE_RETURN



julia>
ENV["QSX2_ONLY"] = "qs_joint"; started = time(); try include("experiments/scotland/06_qs_joint_and_market_observation/r05_grid.jl"); println("PHASE3_INCLUDE_RETURNE



julia>
ENV["QSX2_ONLY"] = "qs_joint"; started = time(); try include("experiments/scotland/06_qs_joint_and_market_observation/r05_grid.jl"); println("PHASE3_INCLUDE_RETURNED



julia>
ENV["QSX2_ONLY"] = "qs_joint"; started = time(); try include("experiments/scotland/06_qs_joint_and_market_observation/r05_grid.jl"); println("PHASE3_INCLUDE_RETURNED_



julia>
ENV["QSX2_ONLY"] = "qs_joint"; started = time(); try include("experiments/scotland/06_qs_joint_and_market_observation/r05_grid.jl"); println("PHASE3_INCLUDE_RETURNED_q



julia>
ENV["QSX2_ONLY"] = "qs_joint"; started = time(); try include("experiments/scotland/06_qs_joint_and_market_observation/r05_grid.jl"); println("PHASE3_INCLUDE_RETURNED_qs



julia>
ENV["QSX2_ONLY"] = "qs_joint"; started = time(); try include("experiments/scotland/06_qs_joint_and_market_observation/r05_grid.jl"); println("PHASE3_INCLUDE_RETURNED_qs_



julia>
ENV["QSX2_ONLY"] = "qs_joint"; started = time(); try include("experiments/scotland/06_qs_joint_and_market_observation/r05_grid.jl"); println("PHASE3_INCLUDE_RETURNED_qs_j



julia>
ENV["QSX2_ONLY"] = "qs_joint"; started = time(); try include("experiments/scotland/06_qs_joint_and_market_observation/r05_grid.jl"); println("PHASE3_INCLUDE_RETURNED_qs_jo



julia>
ENV["QSX2_ONLY"] = "qs_joint"; started = time(); try include("experiments/scotland/06_qs_joint_and_market_observation/r05_grid.jl"); println("PHASE3_INCLUDE_RETURNED_qs_joi



julia>
ENV["QSX2_ONLY"] = "qs_joint"; started = time(); try include("experiments/scotland/06_qs_joint_and_market_observation/r05_grid.jl"); println("PHASE3_INCLUDE_RETURNED_qs_join



julia>
ENV["QSX2_ONLY"] = "qs_joint"; started = time(); try include("experiments/scotland/06_qs_joint_and_market_observation/r05_grid.jl"); println("PHASE3_INCLUDE_RETURNED_qs_joint



julia>
ENV["QSX2_ONLY"] = "qs_joint"; started = time(); try include("experiments/scotland/06_qs_joint_and_market_observation/r05_grid.jl"); println("PHASE3_INCLUDE_RETURNED_qs_joint



julia>
ENV["QSX2_ONLY"] = "qs_joint"; started = time(); try include("experiments/scotland/06_qs_joint_and_market_observation/r05_grid.jl"); println("PHASE3_INCLUDE_RETURNED_qs_joint w



julia>
ENV["QSX2_ONLY"] = "qs_joint"; started = time(); try include("experiments/scotland/06_qs_joint_and_market_observation/r05_grid.jl"); println("PHASE3_INCLUDE_RETURNED_qs_joint wa



julia>
ENV["QSX2_ONLY"] = "qs_joint"; started = time(); try include("experiments/scotland/06_qs_joint_and_market_observation/r05_grid.jl"); println("PHASE3_INCLUDE_RETURNED_qs_joint wal



julia>
ENV["QSX2_ONLY"] = "qs_joint"; started = time(); try include("experiments/scotland/06_qs_joint_and_market_observation/r05_grid.jl"); println("PHASE3_INCLUDE_RETURNED_qs_joint wall



julia>
ENV["QSX2_ONLY"] = "qs_joint"; started = time(); try include("experiments/scotland/06_qs_joint_and_market_observation/r05_grid.jl"); println("PHASE3_INCLUDE_RETURNED_qs_joint wall_



julia>
ENV["QSX2_ONLY"] = "qs_joint"; started = time(); try include("experiments/scotland/06_qs_joint_and_market_observation/r05_grid.jl"); println("PHASE3_INCLUDE_RETURNED_qs_joint wall_s



julia>
ENV["QSX2_ONLY"] = "qs_joint"; started = time(); try include("experiments/scotland/06_qs_joint_and_market_observation/r05_grid.jl"); println("PHASE3_INCLUDE_RETURNED_qs_joint wall_s=



julia>
ENV["QSX2_ONLY"] = "qs_joint"; started = time(); try include("experiments/scotland/06_qs_joint_and_market_observation/r05_grid.jl"); println("PHASE3_INCLUDE_RETURNED_qs_joint wall_s="



julia>
ENV["QSX2_ONLY"] = "qs_joint"; started = time(); try include("experiments/scotland/06_qs_joint_and_market_observation/r05_grid.jl"); println("PHASE3_INCLUDE_RETURNED_qs_joint wall_s=",



julia>
ENV["QSX2_ONLY"] = "qs_joint"; started = time(); try include("experiments/scotland/06_qs_joint_and_market_observation/r05_grid.jl"); println("PHASE3_INCLUDE_RETURNED_qs_joint wall_s=",



julia>
ENV["QSX2_ONLY"] = "qs_joint"; started = time(); try include("experiments/scotland/06_qs_joint_and_market_observation/r05_grid.jl"); println("PHASE3_INCLUDE_RETURNED_qs_joint wall_s=", t



julia>
ENV["QSX2_ONLY"] = "qs_joint"; started = time(); try include("experiments/scotland/06_qs_joint_and_market_observation/r05_grid.jl"); println("PHASE3_INCLUDE_RETURNED_qs_joint wall_s=", ti



julia>
ENV["QSX2_ONLY"] = "qs_joint"; started = time(); try include("experiments/scotland/06_qs_joint_and_market_observation/r05_grid.jl"); println("PHASE3_INCLUDE_RETURNED_qs_joint wall_s=", tim



julia>
ENV["QSX2_ONLY"] = "qs_joint"; started = time(); try include("experiments/scotland/06_qs_joint_and_market_observation/r05_grid.jl"); println("PHASE3_INCLUDE_RETURNED_qs_joint wall_s=", time



julia>
ENV["QSX2_ONLY"] = "qs_joint"; started = time(); try include("experiments/scotland/06_qs_joint_and_market_observation/r05_grid.jl"); println("PHASE3_INCLUDE_RETURNED_qs_joint wall_s=", time(



julia>
ENV["QSX2_ONLY"] = "qs_joint"; started = time(); try include("experiments/scotland/06_qs_joint_and_market_observation/r05_grid.jl"); println("PHASE3_INCLUDE_RETURNED_qs_joint wall_s=", time()



julia>
ENV["QSX2_ONLY"] = "qs_joint"; started = time(); try include("experiments/scotland/06_qs_joint_and_market_observation/r05_grid.jl"); println("PHASE3_INCLUDE_RETURNED_qs_joint wall_s=", time()-



julia>
ENV["QSX2_ONLY"] = "qs_joint"; started = time(); try include("experiments/scotland/06_qs_joint_and_market_observation/r05_grid.jl"); println("PHASE3_INCLUDE_RETURNED_qs_joint wall_s=", time()-s



julia>
ENV["QSX2_ONLY"] = "qs_joint"; started = time(); try include("experiments/scotland/06_qs_joint_and_market_observation/r05_grid.jl"); println("PHASE3_INCLUDE_RETURNED_qs_joint wall_s=", time()-st



julia>
ENV["QSX2_ONLY"] = "qs_joint"; started = time(); try include("experiments/scotland/06_qs_joint_and_market_observation/r05_grid.jl"); println("PHASE3_INCLUDE_RETURNED_qs_joint wall_s=", time()-sta



julia>
ENV["QSX2_ONLY"] = "qs_joint"; started = time(); try include("experiments/scotland/06_qs_joint_and_market_observation/r05_grid.jl"); println("PHASE3_INCLUDE_RETURNED_qs_joint wall_s=", time()-star



julia>
ENV["QSX2_ONLY"] = "qs_joint"; started = time(); try include("experiments/scotland/06_qs_joint_and_market_observation/r05_grid.jl"); println("PHASE3_INCLUDE_RETURNED_qs_joint wall_s=", time()-start



julia>
ENV["QSX2_ONLY"] = "qs_joint"; started = time(); try include("experiments/scotland/06_qs_joint_and_market_observation/r05_grid.jl"); println("PHASE3_INCLUDE_RETURNED_qs_joint wall_s=", time()-starte



julia>
ENV["QSX2_ONLY"] = "qs_joint"; started = time(); try include("experiments/scotland/06_qs_joint_and_market_observation/r05_grid.jl"); println("PHASE3_INCLUDE_RETURNED_qs_joint wall_s=", time()-started



julia>
ENV["QSX2_ONLY"] = "qs_joint"; started = time(); try include("experiments/scotland/06_qs_joint_and_market_observation/r05_grid.jl"); println("PHASE3_INCLUDE_RETURNED_qs_joint wall_s=", time()-started)



julia>
ENV["QSX2_ONLY"] = "qs_joint"; started = time(); try include("experiments/scotland/06_qs_joint_and_market_observation/r05_grid.jl"); println("PHASE3_INCLUDE_RETURNED_qs_joint wall_s=", time()-started);



julia>
ENV["QSX2_ONLY"] = "qs_joint"; started = time(); try include("experiments/scotland/06_qs_joint_and_market_observation/r05_grid.jl"); println("PHASE3_INCLUDE_RETURNED_qs_joint wall_s=", time()-started);



julia>
ENV["QSX2_ONLY"] = "qs_joint"; started = time(); try include("experiments/scotland/06_qs_joint_and_market_observation/r05_grid.jl"); println("PHASE3_INCLUDE_RETURNED_qs_joint wall_s=", time()-started); w



julia>
ENV["QSX2_ONLY"] = "qs_joint"; started = time(); try include("experiments/scotland/06_qs_joint_and_market_observation/r05_grid.jl"); println("PHASE3_INCLUDE_RETURNED_qs_joint wall_s=", time()-started); wr



julia>
ENV["QSX2_ONLY"] = "qs_joint"; started = time(); try include("experiments/scotland/06_qs_joint_and_market_observation/r05_grid.jl"); println("PHASE3_INCLUDE_RETURNED_qs_joint wall_s=", time()-started); wri



julia>
ENV["QSX2_ONLY"] = "qs_joint"; started = time(); try include("experiments/scotland/06_qs_joint_and_market_observation/r05_grid.jl"); println("PHASE3_INCLUDE_RETURNED_qs_joint wall_s=", time()-started); writ



julia>
ENV["QSX2_ONLY"] = "qs_joint"; started = time(); try include("experiments/scotland/06_qs_joint_and_market_observation/r05_grid.jl"); println("PHASE3_INCLUDE_RETURNED_qs_joint wall_s=", time()-started); write



julia>
ENV["QSX2_ONLY"] = "qs_joint"; started = time(); try include("experiments/scotland/06_qs_joint_and_market_observation/r05_grid.jl"); println("PHASE3_INCLUDE_RETURNED_qs_joint wall_s=", time()-started); write(



julia>
ENV["QSX2_ONLY"] = "qs_joint"; started = time(); try include("experiments/scotland/06_qs_joint_and_market_observation/r05_grid.jl"); println("PHASE3_INCLUDE_RETURNED_qs_joint wall_s=", time()-started); write("



julia>
ENV["QSX2_ONLY"] = "qs_joint"; started = time(); try include("experiments/scotland/06_qs_joint_and_market_observation/r05_grid.jl"); println("PHASE3_INCLUDE_RETURNED_qs_joint wall_s=", time()-started); write("/



julia>
ENV["QSX2_ONLY"] = "qs_joint"; started = time(); try include("experiments/scotland/06_qs_joint_and_market_observation/r05_grid.jl"); println("PHASE3_INCLUDE_RETURNED_qs_joint wall_s=", time()-started); write("/r



julia>
ENV["QSX2_ONLY"] = "qs_joint"; started = time(); try include("experiments/scotland/06_qs_joint_and_market_observation/r05_grid.jl"); println("PHASE3_INCLUDE_RETURNED_qs_joint wall_s=", time()-started); write("/ro



julia>
ENV["QSX2_ONLY"] = "qs_joint"; started = time(); try include("experiments/scotland/06_qs_joint_and_market_observation/r05_grid.jl"); println("PHASE3_INCLUDE_RETURNED_qs_joint wall_s=", time()-started); write("/roo



julia>
ENV["QSX2_ONLY"] = "qs_joint"; started = time(); try include("experiments/scotland/06_qs_joint_and_market_observation/r05_grid.jl"); println("PHASE3_INCLUDE_RETURNED_qs_joint wall_s=", time()-started); write("/root



julia>
ENV["QSX2_ONLY"] = "qs_joint"; started = time(); try include("experiments/scotland/06_qs_joint_and_market_observation/r05_grid.jl"); println("PHASE3_INCLUDE_RETURNED_qs_joint wall_s=", time()-started); write("/root/



julia>
ENV["QSX2_ONLY"] = "qs_joint"; started = time(); try include("experiments/scotland/06_qs_joint_and_market_observation/r05_grid.jl"); println("PHASE3_INCLUDE_RETURNED_qs_joint wall_s=", time()-started); write("/root/B



julia>
ENV["QSX2_ONLY"] = "qs_joint"; started = time(); try include("experiments/scotland/06_qs_joint_and_market_observation/r05_grid.jl"); println("PHASE3_INCLUDE_RETURNED_qs_joint wall_s=", time()-started); write("/root/BF



julia>
ENV["QSX2_ONLY"] = "qs_joint"; started = time(); try include("experiments/scotland/06_qs_joint_and_market_observation/r05_grid.jl"); println("PHASE3_INCLUDE_RETURNED_qs_joint wall_s=", time()-started); write("/root/BF_



julia>
ENV["QSX2_ONLY"] = "qs_joint"; started = time(); try include("experiments/scotland/06_qs_joint_and_market_observation/r05_grid.jl"); println("PHASE3_INCLUDE_RETURNED_qs_joint wall_s=", time()-started); write("/root/BF_r



julia>
ENV["QSX2_ONLY"] = "qs_joint"; started = time(); try include("experiments/scotland/06_qs_joint_and_market_observation/r05_grid.jl"); println("PHASE3_INCLUDE_RETURNED_qs_joint wall_s=", time()-started); write("/root/BF_ru



julia>
ENV["QSX2_ONLY"] = "qs_joint"; started = time(); try include("experiments/scotland/06_qs_joint_and_market_observation/r05_grid.jl"); println("PHASE3_INCLUDE_RETURNED_qs_joint wall_s=", time()-started); write("/root/BF_run



julia>
ENV["QSX2_ONLY"] = "qs_joint"; started = time(); try include("experiments/scotland/06_qs_joint_and_market_observation/r05_grid.jl"); println("PHASE3_INCLUDE_RETURNED_qs_joint wall_s=", time()-started); write("/root/BF_runs



julia>
ENV["QSX2_ONLY"] = "qs_joint"; started = time(); try include("experiments/scotland/06_qs_joint_and_market_observation/r05_grid.jl"); println("PHASE3_INCLUDE_RETURNED_qs_joint wall_s=", time()-started); write("/root/BF_runs/



julia>
ENV["QSX2_ONLY"] = "qs_joint"; started = time(); try include("experiments/scotland/06_qs_joint_and_market_observation/r05_grid.jl"); println("PHASE3_INCLUDE_RETURNED_qs_joint wall_s=", time()-started); write("/root/BF_runs/l



julia>
ENV["QSX2_ONLY"] = "qs_joint"; started = time(); try include("experiments/scotland/06_qs_joint_and_market_observation/r05_grid.jl"); println("PHASE3_INCLUDE_RETURNED_qs_joint wall_s=", time()-started); write("/root/BF_runs/lo



julia>
ENV["QSX2_ONLY"] = "qs_joint"; started = time(); try include("experiments/scotland/06_qs_joint_and_market_observation/r05_grid.jl"); println("PHASE3_INCLUDE_RETURNED_qs_joint wall_s=", time()-started); write("/root/BF_runs/log



julia>
ENV["QSX2_ONLY"] = "qs_joint"; started = time(); try include("experiments/scotland/06_qs_joint_and_market_observation/r05_grid.jl"); println("PHASE3_INCLUDE_RETURNED_qs_joint wall_s=", time()-started); write("/root/BF_runs/logs



julia>
ENV["QSX2_ONLY"] = "qs_joint"; started = time(); try include("experiments/scotland/06_qs_joint_and_market_observation/r05_grid.jl"); println("PHASE3_INCLUDE_RETURNED_qs_joint wall_s=", time()-started); write("/root/BF_runs/logs/



julia>
ENV["QSX2_ONLY"] = "qs_joint"; started = time(); try include("experiments/scotland/06_qs_joint_and_market_observation/r05_grid.jl"); println("PHASE3_INCLUDE_RETURNED_qs_joint wall_s=", time()-started); write("/root/BF_runs/logs/q



julia>
ENV["QSX2_ONLY"] = "qs_joint"; started = time(); try include("experiments/scotland/06_qs_joint_and_market_observation/r05_grid.jl"); println("PHASE3_INCLUDE_RETURNED_qs_joint wall_s=", time()-started); write("/root/BF_runs/logs/qs



julia>
ENV["QSX2_ONLY"] = "qs_joint"; started = time(); try include("experiments/scotland/06_qs_joint_and_market_observation/r05_grid.jl"); println("PHASE3_INCLUDE_RETURNED_qs_joint wall_s=", time()-started); write("/root/BF_runs/logs/qs_



julia>
ENV["QSX2_ONLY"] = "qs_joint"; started = time(); try include("experiments/scotland/06_qs_joint_and_market_observation/r05_grid.jl"); println("PHASE3_INCLUDE_RETURNED_qs_joint wall_s=", time()-started); write("/root/BF_runs/logs/qs_e



julia>
ENV["QSX2_ONLY"] = "qs_joint"; started = time(); try include("experiments/scotland/06_qs_joint_and_market_observation/r05_grid.jl"); println("PHASE3_INCLUDE_RETURNED_qs_joint wall_s=", time()-started); write("/root/BF_runs/logs/qs_ex






julia>
ENV["QSX2_ONLY"] = "qs_joint"; started = time(); try include("experiments/scotland/06_qs_joint_and_market_observation/r05_grid.jl"); println("PHASE3_INCLUDE_RETURNED_qs_joint wall_s=", time()-started); write("/root/BF_runs/logs/qs_exp




julia>
ENV["QSX2_ONLY"] = "qs_joint"; started = time(); try include("experiments/scotland/06_qs_joint_and_market_observation/r05_grid.jl"); println("PHASE3_INCLUDE_RETURNED_qs_joint wall_s=", time()-started); write("/root/BF_runs/logs/qs_expe




julia>
ENV["QSX2_ONLY"] = "qs_joint"; started = time(); try include("experiments/scotland/06_qs_joint_and_market_observation/r05_grid.jl"); println("PHASE3_INCLUDE_RETURNED_qs_joint wall_s=", time()-started); write("/root/BF_runs/logs/qs_exper




julia>
ENV["QSX2_ONLY"] = "qs_joint"; started = time(); try include("experiments/scotland/06_qs_joint_and_market_observation/r05_grid.jl"); println("PHASE3_INCLUDE_RETURNED_qs_joint wall_s=", time()-started); write("/root/BF_runs/logs/qs_experi




julia>
ENV["QSX2_ONLY"] = "qs_joint"; started = time(); try include("experiments/scotland/06_qs_joint_and_market_observation/r05_grid.jl"); println("PHASE3_INCLUDE_RETURNED_qs_joint wall_s=", time()-started); write("/root/BF_runs/logs/qs_experim




julia>
ENV["QSX2_ONLY"] = "qs_joint"; started = time(); try include("experiments/scotland/06_qs_joint_and_market_observation/r05_grid.jl"); println("PHASE3_INCLUDE_RETURNED_qs_joint wall_s=", time()-started); write("/root/BF_runs/logs/qs_experime




julia>
ENV["QSX2_ONLY"] = "qs_joint"; started = time(); try include("experiments/scotland/06_qs_joint_and_market_observation/r05_grid.jl"); println("PHASE3_INCLUDE_RETURNED_qs_joint wall_s=", time()-started); write("/root/BF_runs/logs/qs_experimen




julia>
ENV["QSX2_ONLY"] = "qs_joint"; started = time(); try include("experiments/scotland/06_qs_joint_and_market_observation/r05_grid.jl"); println("PHASE3_INCLUDE_RETURNED_qs_joint wall_s=", time()-started); write("/root/BF_runs/logs/qs_experiment




julia>
ENV["QSX2_ONLY"] = "qs_joint"; started = time(); try include("experiments/scotland/06_qs_joint_and_market_observation/r05_grid.jl"); println("PHASE3_INCLUDE_RETURNED_qs_joint wall_s=", time()-started); write("/root/BF_runs/logs/qs_experiment_




julia>
ENV["QSX2_ONLY"] = "qs_joint"; started = time(); try include("experiments/scotland/06_qs_joint_and_market_observation/r05_grid.jl"); println("PHASE3_INCLUDE_RETURNED_qs_joint wall_s=", time()-started); write("/root/BF_runs/logs/qs_experiment_w




julia>
ENV["QSX2_ONLY"] = "qs_joint"; started = time(); try include("experiments/scotland/06_qs_joint_and_market_observation/r05_grid.jl"); println("PHASE3_INCLUDE_RETURNED_qs_joint wall_s=", time()-started); write("/root/BF_runs/logs/qs_experiment_w2




julia>
ENV["QSX2_ONLY"] = "qs_joint"; started = time(); try include("experiments/scotland/06_qs_joint_and_market_observation/r05_grid.jl"); println("PHASE3_INCLUDE_RETURNED_qs_joint wall_s=", time()-started); write("/root/BF_runs/logs/qs_experiment_w2/




julia>
ENV["QSX2_ONLY"] = "qs_joint"; started = time(); try include("experiments/scotland/06_qs_joint_and_market_observation/r05_grid.jl"); println("PHASE3_INCLUDE_RETURNED_qs_joint wall_s=", time()-started); write("/root/BF_runs/logs/qs_experiment_w2/p




julia>
ENV["QSX2_ONLY"] = "qs_joint"; started = time(); try include("experiments/scotland/06_qs_joint_and_market_observation/r05_grid.jl"); println("PHASE3_INCLUDE_RETURNED_qs_joint wall_s=", time()-started); write("/root/BF_runs/logs/qs_experiment_w2/ph




julia>
ENV["QSX2_ONLY"] = "qs_joint"; started = time(); try include("experiments/scotland/06_qs_joint_and_market_observation/r05_grid.jl"); println("PHASE3_INCLUDE_RETURNED_qs_joint wall_s=", time()-started); write("/root/BF_runs/logs/qs_experiment_w2/pha




julia>
ENV["QSX2_ONLY"] = "qs_joint"; started = time(); try include("experiments/scotland/06_qs_joint_and_market_observation/r05_grid.jl"); println("PHASE3_INCLUDE_RETURNED_qs_joint wall_s=", time()-started); write("/root/BF_runs/logs/qs_experiment_w2/phas




julia>
ENV["QSX2_ONLY"] = "qs_joint"; started = time(); try include("experiments/scotland/06_qs_joint_and_market_observation/r05_grid.jl"); println("PHASE3_INCLUDE_RETURNED_qs_joint wall_s=", time()-started); write("/root/BF_runs/logs/qs_experiment_w2/phase




julia>
ENV["QSX2_ONLY"] = "qs_joint"; started = time(); try include("experiments/scotland/06_qs_joint_and_market_observation/r05_grid.jl"); println("PHASE3_INCLUDE_RETURNED_qs_joint wall_s=", time()-started); write("/root/BF_runs/logs/qs_experiment_w2/phase3




julia>
ENV["QSX2_ONLY"] = "qs_joint"; started = time(); try include("experiments/scotland/06_qs_joint_and_market_observation/r05_grid.jl"); println("PHASE3_INCLUDE_RETURNED_qs_joint wall_s=", time()-started); write("/root/BF_runs/logs/qs_experiment_w2/phase3_




julia>
ENV["QSX2_ONLY"] = "qs_joint"; started = time(); try include("experiments/scotland/06_qs_joint_and_market_observation/r05_grid.jl"); println("PHASE3_INCLUDE_RETURNED_qs_joint wall_s=", time()-started); write("/root/BF_runs/logs/qs_experiment_w2/phase3_g




julia>
ENV["QSX2_ONLY"] = "qs_joint"; started = time(); try include("experiments/scotland/06_qs_joint_and_market_observation/r05_grid.jl"); println("PHASE3_INCLUDE_RETURNED_qs_joint wall_s=", time()-started); write("/root/BF_runs/logs/qs_experiment_w2/phase3_gr




julia>
ENV["QSX2_ONLY"] = "qs_joint"; started = time(); try include("experiments/scotland/06_qs_joint_and_market_observation/r05_grid.jl"); println("PHASE3_INCLUDE_RETURNED_qs_joint wall_s=", time()-started); write("/root/BF_runs/logs/qs_experiment_w2/phase3_gri




julia>
ENV["QSX2_ONLY"] = "qs_joint"; started = time(); try include("experiments/scotland/06_qs_joint_and_market_observation/r05_grid.jl"); println("PHASE3_INCLUDE_RETURNED_qs_joint wall_s=", time()-started); write("/root/BF_runs/logs/qs_experiment_w2/phase3_grid




julia>
ENV["QSX2_ONLY"] = "qs_joint"; started = time(); try include("experiments/scotland/06_qs_joint_and_market_observation/r05_grid.jl"); println("PHASE3_INCLUDE_RETURNED_qs_joint wall_s=", time()-started); write("/root/BF_runs/logs/qs_experiment_w2/phase3_grid_




julia>
ENV["QSX2_ONLY"] = "qs_joint"; started = time(); try include("experiments/scotland/06_qs_joint_and_market_observation/r05_grid.jl"); println("PHASE3_INCLUDE_RETURNED_qs_joint wall_s=", time()-started); write("/root/BF_runs/logs/qs_experiment_w2/phase3_grid_v




julia>
ENV["QSX2_ONLY"] = "qs_joint"; started = time(); try include("experiments/scotland/06_qs_joint_and_market_observation/r05_grid.jl"); println("PHASE3_INCLUDE_RETURNED_qs_joint wall_s=", time()-started); write("/root/BF_runs/logs/qs_experiment_w2/phase3_grid_v1




julia>
ENV["QSX2_ONLY"] = "qs_joint"; started = time(); try include("experiments/scotland/06_qs_joint_and_market_observation/r05_grid.jl"); println("PHASE3_INCLUDE_RETURNED_qs_joint wall_s=", time()-started); write("/root/BF_runs/logs/qs_experiment_w2/phase3_grid_v1_




julia>
ENV["QSX2_ONLY"] = "qs_joint"; started = time(); try include("experiments/scotland/06_qs_joint_and_market_observation/r05_grid.jl"); println("PHASE3_INCLUDE_RETURNED_qs_joint wall_s=", time()-started); write("/root/BF_runs/logs/qs_experiment_w2/phase3_grid_v1_q




julia>
ENV["QSX2_ONLY"] = "qs_joint"; started = time(); try include("experiments/scotland/06_qs_joint_and_market_observation/r05_grid.jl"); println("PHASE3_INCLUDE_RETURNED_qs_joint wall_s=", time()-started); write("/root/BF_runs/logs/qs_experiment_w2/phase3_grid_v1_qs




julia>
ENV["QSX2_ONLY"] = "qs_joint"; started = time(); try include("experiments/scotland/06_qs_joint_and_market_observation/r05_grid.jl"); println("PHASE3_INCLUDE_RETURNED_qs_joint wall_s=", time()-started); write("/root/BF_runs/logs/qs_experiment_w2/phase3_grid_v1_qs_




julia>
ENV["QSX2_ONLY"] = "qs_joint"; started = time(); try include("experiments/scotland/06_qs_joint_and_market_observation/r05_grid.jl"); println("PHASE3_INCLUDE_RETURNED_qs_joint wall_s=", time()-started); write("/root/BF_runs/logs/qs_experiment_w2/phase3_grid_v1_qs_j




julia>
ENV["QSX2_ONLY"] = "qs_joint"; started = time(); try include("experiments/scotland/06_qs_joint_and_market_observation/r05_grid.jl"); println("PHASE3_INCLUDE_RETURNED_qs_joint wall_s=", time()-started); write("/root/BF_runs/logs/qs_experiment_w2/phase3_grid_v1_qs_jo




julia>
ENV["QSX2_ONLY"] = "qs_joint"; started = time(); try include("experiments/scotland/06_qs_joint_and_market_observation/r05_grid.jl"); println("PHASE3_INCLUDE_RETURNED_qs_joint wall_s=", time()-started); write("/root/BF_runs/logs/qs_experiment_w2/phase3_grid_v1_qs_joi




julia>
ENV["QSX2_ONLY"] = "qs_joint"; started = time(); try include("experiments/scotland/06_qs_joint_and_market_observation/r05_grid.jl"); println("PHASE3_INCLUDE_RETURNED_qs_joint wall_s=", time()-started); write("/root/BF_runs/logs/qs_experiment_w2/phase3_grid_v1_qs_join




julia>
ENV["QSX2_ONLY"] = "qs_joint"; started = time(); try include("experiments/scotland/06_qs_joint_and_market_observation/r05_grid.jl"); println("PHASE3_INCLUDE_RETURNED_qs_joint wall_s=", time()-started); write("/root/BF_runs/logs/qs_experiment_w2/phase3_grid_v1_qs_joint




julia>
ENV["QSX2_ONLY"] = "qs_joint"; started = time(); try include("experiments/scotland/06_qs_joint_and_market_observation/r05_grid.jl"); println("PHASE3_INCLUDE_RETURNED_qs_joint wall_s=", time()-started); write("/root/BF_runs/logs/qs_experiment_w2/phase3_grid_v1_qs_joint.




julia>
ENV["QSX2_ONLY"] = "qs_joint"; started = time(); try include("experiments/scotland/06_qs_joint_and_market_observation/r05_grid.jl"); println("PHASE3_INCLUDE_RETURNED_qs_joint wall_s=", time()-started); write("/root/BF_runs/logs/qs_experiment_w2/phase3_grid_v1_qs_joint.s




julia>
ENV["QSX2_ONLY"] = "qs_joint"; started = time(); try include("experiments/scotland/06_qs_joint_and_market_observation/r05_grid.jl"); println("PHASE3_INCLUDE_RETURNED_qs_joint wall_s=", time()-started); write("/root/BF_runs/logs/qs_experiment_w2/phase3_grid_v1_qs_joint.st




julia>
ENV["QSX2_ONLY"] = "qs_joint"; started = time(); try include("experiments/scotland/06_qs_joint_and_market_observation/r05_grid.jl"); println("PHASE3_INCLUDE_RETURNED_qs_joint wall_s=", time()-started); write("/root/BF_runs/logs/qs_experiment_w2/phase3_grid_v1_qs_joint.sta




julia>
ENV["QSX2_ONLY"] = "qs_joint"; started = time(); try include("experiments/scotland/06_qs_joint_and_market_observation/r05_grid.jl"); println("PHASE3_INCLUDE_RETURNED_qs_joint wall_s=", time()-started); write("/root/BF_runs/logs/qs_experiment_w2/phase3_grid_v1_qs_joint.stat




julia>
ENV["QSX2_ONLY"] = "qs_joint"; started = time(); try include("experiments/scotland/06_qs_joint_and_market_observation/r05_grid.jl"); println("PHASE3_INCLUDE_RETURNED_qs_joint wall_s=", time()-started); write("/root/BF_runs/logs/qs_experiment_w2/phase3_grid_v1_qs_joint.statu




julia>
ENV["QSX2_ONLY"] = "qs_joint"; started = time(); try include("experiments/scotland/06_qs_joint_and_market_observation/r05_grid.jl"); println("PHASE3_INCLUDE_RETURNED_qs_joint wall_s=", time()-started); write("/root/BF_runs/logs/qs_experiment_w2/phase3_grid_v1_qs_joint.status




julia>
ENV["QSX2_ONLY"] = "qs_joint"; started = time(); try include("experiments/scotland/06_qs_joint_and_market_observation/r05_grid.jl"); println("PHASE3_INCLUDE_RETURNED_qs_joint wall_s=", time()-started); write("/root/BF_runs/logs/qs_experiment_w2/phase3_grid_v1_qs_joint.status"




julia>
ENV["QSX2_ONLY"] = "qs_joint"; started = time(); try include("experiments/scotland/06_qs_joint_and_market_observation/r05_grid.jl"); println("PHASE3_INCLUDE_RETURNED_qs_joint wall_s=", time()-started); write("/root/BF_runs/logs/qs_experiment_w2/phase3_grid_v1_qs_joint.status",




julia>
ENV["QSX2_ONLY"] = "qs_joint"; started = time(); try include("experiments/scotland/06_qs_joint_and_market_observation/r05_grid.jl"); println("PHASE3_INCLUDE_RETURNED_qs_joint wall_s=", time()-started); write("/root/BF_runs/logs/qs_experiment_w2/phase3_grid_v1_qs_joint.status",




julia>
ENV["QSX2_ONLY"] = "qs_joint"; started = time(); try include("experiments/scotland/06_qs_joint_and_market_observation/r05_grid.jl"); println("PHASE3_INCLUDE_RETURNED_qs_joint wall_s=", time()-started); write("/root/BF_runs/logs/qs_experiment_w2/phase3_grid_v1_qs_joint.status", "




julia>
ENV["QSX2_ONLY"] = "qs_joint"; started = time(); try include("experiments/scotland/06_qs_joint_and_market_observation/r05_grid.jl"); println("PHASE3_INCLUDE_RETURNED_qs_joint wall_s=", time()-started); write("/root/BF_runs/logs/qs_experiment_w2/phase3_grid_v1_qs_joint.status", "P




julia>
ENV["QSX2_ONLY"] = "qs_joint"; started = time(); try include("experiments/scotland/06_qs_joint_and_market_observation/r05_grid.jl"); println("PHASE3_INCLUDE_RETURNED_qs_joint wall_s=", time()-started); write("/root/BF_runs/logs/qs_experiment_w2/phase3_grid_v1_qs_joint.status", "PA




julia>
ENV["QSX2_ONLY"] = "qs_joint"; started = time(); try include("experiments/scotland/06_qs_joint_and_market_observation/r05_grid.jl"); println("PHASE3_INCLUDE_RETURNED_qs_joint wall_s=", time()-started); write("/root/BF_runs/logs/qs_experiment_w2/phase3_grid_v1_qs_joint.status", "PAS




julia>
ENV["QSX2_ONLY"] = "qs_joint"; started = time(); try include("experiments/scotland/06_qs_joint_and_market_observation/r05_grid.jl"); println("PHASE3_INCLUDE_RETURNED_qs_joint wall_s=", time()-started); write("/root/BF_runs/logs/qs_experiment_w2/phase3_grid_v1_qs_joint.status", "PASS




julia>
ENV["QSX2_ONLY"] = "qs_joint"; started = time(); try include("experiments/scotland/06_qs_joint_and_market_observation/r05_grid.jl"); println("PHASE3_INCLUDE_RETURNED_qs_joint wall_s=", time()-started); write("/root/BF_runs/logs/qs_experiment_w2/phase3_grid_v1_qs_joint.status", "PASS"




julia>
ENV["QSX2_ONLY"] = "qs_joint"; started = time(); try include("experiments/scotland/06_qs_joint_and_market_observation/r05_grid.jl"); println("PHASE3_INCLUDE_RETURNED_qs_joint wall_s=", time()-started); write("/root/BF_runs/logs/qs_experiment_w2/phase3_grid_v1_qs_joint.status", "PASS")




julia>
ENV["QSX2_ONLY"] = "qs_joint"; started = time(); try include("experiments/scotland/06_qs_joint_and_market_observation/r05_grid.jl"); println("PHASE3_INCLUDE_RETURNED_qs_joint wall_s=", time()-started); write("/root/BF_runs/logs/qs_experiment_w2/phase3_grid_v1_qs_joint.status", "PASS")




julia>
ENV["QSX2_ONLY"] = "qs_joint"; started = time(); try include("experiments/scotland/06_qs_joint_and_market_observation/r05_grid.jl"); println("PHASE3_INCLUDE_RETURNED_qs_joint wall_s=", time()-started); write("/root/BF_runs/logs/qs_experiment_w2/phase3_grid_v1_qs_joint.status", "PASS") c




julia>
ENV["QSX2_ONLY"] = "qs_joint"; started = time(); try include("experiments/scotland/06_qs_joint_and_market_observation/r05_grid.jl"); println("PHASE3_INCLUDE_RETURNED_qs_joint wall_s=", time()-started); write("/root/BF_runs/logs/qs_experiment_w2/phase3_grid_v1_qs_joint.status", "PASS") ca




julia>
ENV["QSX2_ONLY"] = "qs_joint"; started = time(); try include("experiments/scotland/06_qs_joint_and_market_observation/r05_grid.jl"); println("PHASE3_INCLUDE_RETURNED_qs_joint wall_s=", time()-started); write("/root/BF_runs/logs/qs_experiment_w2/phase3_grid_v1_qs_joint.status", "PASS") cat




julia>
ENV["QSX2_ONLY"] = "qs_joint"; started = time(); try include("experiments/scotland/06_qs_joint_and_market_observation/r05_grid.jl"); println("PHASE3_INCLUDE_RETURNED_qs_joint wall_s=", time()-started); write("/root/BF_runs/logs/qs_experiment_w2/phase3_grid_v1_qs_joint.status", "PASS") catc




julia>
ENV["QSX2_ONLY"] = "qs_joint"; started = time(); try include("experiments/scotland/06_qs_joint_and_market_observation/r05_grid.jl"); println("PHASE3_INCLUDE_RETURNED_qs_joint wall_s=", time()-started); write("/root/BF_runs/logs/qs_experiment_w2/phase3_grid_v1_qs_joint.status", "PASS") catch




julia>
ENV["QSX2_ONLY"] = "qs_joint"; started = time(); try include("experiments/scotland/06_qs_joint_and_market_observation/r05_grid.jl"); println("PHASE3_INCLUDE_RETURNED_qs_joint wall_s=", time()-started); write("/root/BF_runs/logs/qs_experiment_w2/phase3_grid_v1_qs_joint.status", "PASS") catch




julia>
ENV["QSX2_ONLY"] = "qs_joint"; started = time(); try include("experiments/scotland/06_qs_joint_and_market_observation/r05_grid.jl"); println("PHASE3_INCLUDE_RETURNED_qs_joint wall_s=", time()-started); write("/root/BF_runs/logs/qs_experiment_w2/phase3_grid_v1_qs_joint.status", "PASS") catch e




julia>
ENV["QSX2_ONLY"] = "qs_joint"; started = time(); try include("experiments/scotland/06_qs_joint_and_market_observation/r05_grid.jl"); println("PHASE3_INCLUDE_RETURNED_qs_joint wall_s=", time()-started); write("/root/BF_runs/logs/qs_experiment_w2/phase3_grid_v1_qs_joint.status", "PASS") catch er




julia>
ENV["QSX2_ONLY"] = "qs_joint"; started = time(); try include("experiments/scotland/06_qs_joint_and_market_observation/r05_grid.jl"); println("PHASE3_INCLUDE_RETURNED_qs_joint wall_s=", time()-started); write("/root/BF_runs/logs/qs_experiment_w2/phase3_grid_v1_qs_joint.status", "PASS") catch err




julia>
ENV["QSX2_ONLY"] = "qs_joint"; started = time(); try include("experiments/scotland/06_qs_joint_and_market_observation/r05_grid.jl"); println("PHASE3_INCLUDE_RETURNED_qs_joint wall_s=", time()-started); write("/root/BF_runs/logs/qs_experiment_w2/phase3_grid_v1_qs_joint.status", "PASS") catch err;




julia>
ENV["QSX2_ONLY"] = "qs_joint"; started = time(); try include("experiments/scotland/06_qs_joint_and_market_observation/r05_grid.jl"); println("PHASE3_INCLUDE_RETURNED_qs_joint wall_s=", time()-started); write("/root/BF_runs/logs/qs_experiment_w2/phase3_grid_v1_qs_joint.status", "PASS") catch err;




julia>
ENV["QSX2_ONLY"] = "qs_joint"; started = time(); try include("experiments/scotland/06_qs_joint_and_market_observation/r05_grid.jl"); println("PHASE3_INCLUDE_RETURNED_qs_joint wall_s=", time()-started); write("/root/BF_runs/logs/qs_experiment_w2/phase3_grid_v1_qs_joint.status", "PASS") catch err; s




julia>
ENV["QSX2_ONLY"] = "qs_joint"; started = time(); try include("experiments/scotland/06_qs_joint_and_market_observation/r05_grid.jl"); println("PHASE3_INCLUDE_RETURNED_qs_joint wall_s=", time()-started); write("/root/BF_runs/logs/qs_experiment_w2/phase3_grid_v1_qs_joint.status", "PASS") catch err; sh




julia>
ENV["QSX2_ONLY"] = "qs_joint"; started = time(); try include("experiments/scotland/06_qs_joint_and_market_observation/r05_grid.jl"); println("PHASE3_INCLUDE_RETURNED_qs_joint wall_s=", time()-started); write("/root/BF_runs/logs/qs_experiment_w2/phase3_grid_v1_qs_joint.status", "PASS") catch err; sho




julia>
ENV["QSX2_ONLY"] = "qs_joint"; started = time(); try include("experiments/scotland/06_qs_joint_and_market_observation/r05_grid.jl"); println("PHASE3_INCLUDE_RETURNED_qs_joint wall_s=", time()-started); write("/root/BF_runs/logs/qs_experiment_w2/phase3_grid_v1_qs_joint.status", "PASS") catch err; show




julia>
ENV["QSX2_ONLY"] = "qs_joint"; started = time(); try include("experiments/scotland/06_qs_joint_and_market_observation/r05_grid.jl"); println("PHASE3_INCLUDE_RETURNED_qs_joint wall_s=", time()-started); write("/root/BF_runs/logs/qs_experiment_w2/phase3_grid_v1_qs_joint.status", "PASS") catch err; showe




julia>
ENV["QSX2_ONLY"] = "qs_joint"; started = time(); try include("experiments/scotland/06_qs_joint_and_market_observation/r05_grid.jl"); println("PHASE3_INCLUDE_RETURNED_qs_joint wall_s=", time()-started); write("/root/BF_runs/logs/qs_experiment_w2/phase3_grid_v1_qs_joint.status", "PASS") catch err; shower




julia>
ENV["QSX2_ONLY"] = "qs_joint"; started = time(); try include("experiments/scotland/06_qs_joint_and_market_observation/r05_grid.jl"); println("PHASE3_INCLUDE_RETURNED_qs_joint wall_s=", time()-started); write("/root/BF_runs/logs/qs_experiment_w2/phase3_grid_v1_qs_joint.status", "PASS") catch err; showerr




julia>
ENV["QSX2_ONLY"] = "qs_joint"; started = time(); try include("experiments/scotland/06_qs_joint_and_market_observation/r05_grid.jl"); println("PHASE3_INCLUDE_RETURNED_qs_joint wall_s=", time()-started); write("/root/BF_runs/logs/qs_experiment_w2/phase3_grid_v1_qs_joint.status", "PASS") catch err; showerro




julia>
ENV["QSX2_ONLY"] = "qs_joint"; started = time(); try include("experiments/scotland/06_qs_joint_and_market_observation/r05_grid.jl"); println("PHASE3_INCLUDE_RETURNED_qs_joint wall_s=", time()-started); write("/root/BF_runs/logs/qs_experiment_w2/phase3_grid_v1_qs_joint.status", "PASS") catch err; showerror




julia>
ENV["QSX2_ONLY"] = "qs_joint"; started = time(); try include("experiments/scotland/06_qs_joint_and_market_observation/r05_grid.jl"); println("PHASE3_INCLUDE_RETURNED_qs_joint wall_s=", time()-started); write("/root/BF_runs/logs/qs_experiment_w2/phase3_grid_v1_qs_joint.status", "PASS") catch err; showerror(




julia>
ENV["QSX2_ONLY"] = "qs_joint"; started = time(); try include("experiments/scotland/06_qs_joint_and_market_observation/r05_grid.jl"); println("PHASE3_INCLUDE_RETURNED_qs_joint wall_s=", time()-started); write("/root/BF_runs/logs/qs_experiment_w2/phase3_grid_v1_qs_joint.status", "PASS") catch err; showerror(s




julia>
ENV["QSX2_ONLY"] = "qs_joint"; started = time(); try include("experiments/scotland/06_qs_joint_and_market_observation/r05_grid.jl"); println("PHASE3_INCLUDE_RETURNED_qs_joint wall_s=", time()-started); write("/root/BF_runs/logs/qs_experiment_w2/phase3_grid_v1_qs_joint.status", "PASS") catch err; showerror(st




julia>
ENV["QSX2_ONLY"] = "qs_joint"; started = time(); try include("experiments/scotland/06_qs_joint_and_market_observation/r05_grid.jl"); println("PHASE3_INCLUDE_RETURNED_qs_joint wall_s=", time()-started); write("/root/BF_runs/logs/qs_experiment_w2/phase3_grid_v1_qs_joint.status", "PASS") catch err; showerror(std




julia>
ENV["QSX2_ONLY"] = "qs_joint"; started = time(); try include("experiments/scotland/06_qs_joint_and_market_observation/r05_grid.jl"); println("PHASE3_INCLUDE_RETURNED_qs_joint wall_s=", time()-started); write("/root/BF_runs/logs/qs_experiment_w2/phase3_grid_v1_qs_joint.status", "PASS") catch err; showerror(stde




julia>
ENV["QSX2_ONLY"] = "qs_joint"; started = time(); try include("experiments/scotland/06_qs_joint_and_market_observation/r05_grid.jl"); println("PHASE3_INCLUDE_RETURNED_qs_joint wall_s=", time()-started); write("/root/BF_runs/logs/qs_experiment_w2/phase3_grid_v1_qs_joint.status", "PASS") catch err; showerror(stder




julia>
ENV["QSX2_ONLY"] = "qs_joint"; started = time(); try include("experiments/scotland/06_qs_joint_and_market_observation/r05_grid.jl"); println("PHASE3_INCLUDE_RETURNED_qs_joint wall_s=", time()-started); write("/root/BF_runs/logs/qs_experiment_w2/phase3_grid_v1_qs_joint.status", "PASS") catch err; showerror(stderr







julia>
ENV["QSX2_ONLY"] = "qs_joint"; started = time(); try include("experiments/scotland/06_qs_joint_and_market_observation/r05_grid.jl"); println("PHASE3_INCLUDE_RETURNED_qs_joint wall_s=", time()-started); write("/root/BF_runs/logs/qs_experiment_w2/phase3_grid_v1_qs_joint.status", "PASS") catch err; showerror(stderr,





julia>
ENV["QSX2_ONLY"] = "qs_joint"; started = time(); try include("experiments/scotland/06_qs_joint_and_market_observation/r05_grid.jl"); println("PHASE3_INCLUDE_RETURNED_qs_joint wall_s=", time()-started); write("/root/BF_runs/logs/qs_experiment_w2/phase3_grid_v1_qs_joint.status", "PASS") catch err; showerror(stderr,





julia>
ENV["QSX2_ONLY"] = "qs_joint"; started = time(); try include("experiments/scotland/06_qs_joint_and_market_observation/r05_grid.jl"); println("PHASE3_INCLUDE_RETURNED_qs_joint wall_s=", time()-started); write("/root/BF_runs/logs/qs_experiment_w2/phase3_grid_v1_qs_joint.status", "PASS") catch err; showerror(stderr, e





julia>
ENV["QSX2_ONLY"] = "qs_joint"; started = time(); try include("experiments/scotland/06_qs_joint_and_market_observation/r05_grid.jl"); println("PHASE3_INCLUDE_RETURNED_qs_joint wall_s=", time()-started); write("/root/BF_runs/logs/qs_experiment_w2/phase3_grid_v1_qs_joint.status", "PASS") catch err; showerror(stderr, er





julia>
ENV["QSX2_ONLY"] = "qs_joint"; started = time(); try include("experiments/scotland/06_qs_joint_and_market_observation/r05_grid.jl"); println("PHASE3_INCLUDE_RETURNED_qs_joint wall_s=", time()-started); write("/root/BF_runs/logs/qs_experiment_w2/phase3_grid_v1_qs_joint.status", "PASS") catch err; showerror(stderr, err





julia>
ENV["QSX2_ONLY"] = "qs_joint"; started = time(); try include("experiments/scotland/06_qs_joint_and_market_observation/r05_grid.jl"); println("PHASE3_INCLUDE_RETURNED_qs_joint wall_s=", time()-started); write("/root/BF_runs/logs/qs_experiment_w2/phase3_grid_v1_qs_joint.status", "PASS") catch err; showerror(stderr, err,





julia>
ENV["QSX2_ONLY"] = "qs_joint"; started = time(); try include("experiments/scotland/06_qs_joint_and_market_observation/r05_grid.jl"); println("PHASE3_INCLUDE_RETURNED_qs_joint wall_s=", time()-started); write("/root/BF_runs/logs/qs_experiment_w2/phase3_grid_v1_qs_joint.status", "PASS") catch err; showerror(stderr, err,





julia>
ENV["QSX2_ONLY"] = "qs_joint"; started = time(); try include("experiments/scotland/06_qs_joint_and_market_observation/r05_grid.jl"); println("PHASE3_INCLUDE_RETURNED_qs_joint wall_s=", time()-started); write("/root/BF_runs/logs/qs_experiment_w2/phase3_grid_v1_qs_joint.status", "PASS") catch err; showerror(stderr, err, c





julia>
ENV["QSX2_ONLY"] = "qs_joint"; started = time(); try include("experiments/scotland/06_qs_joint_and_market_observation/r05_grid.jl"); println("PHASE3_INCLUDE_RETURNED_qs_joint wall_s=", time()-started); write("/root/BF_runs/logs/qs_experiment_w2/phase3_grid_v1_qs_joint.status", "PASS") catch err; showerror(stderr, err, ca





julia>
ENV["QSX2_ONLY"] = "qs_joint"; started = time(); try include("experiments/scotland/06_qs_joint_and_market_observation/r05_grid.jl"); println("PHASE3_INCLUDE_RETURNED_qs_joint wall_s=", time()-started); write("/root/BF_runs/logs/qs_experiment_w2/phase3_grid_v1_qs_joint.status", "PASS") catch err; showerror(stderr, err, cat





julia>
ENV["QSX2_ONLY"] = "qs_joint"; started = time(); try include("experiments/scotland/06_qs_joint_and_market_observation/r05_grid.jl"); println("PHASE3_INCLUDE_RETURNED_qs_joint wall_s=", time()-started); write("/root/BF_runs/logs/qs_experiment_w2/phase3_grid_v1_qs_joint.status", "PASS") catch err; showerror(stderr, err, catc





julia>
ENV["QSX2_ONLY"] = "qs_joint"; started = time(); try include("experiments/scotland/06_qs_joint_and_market_observation/r05_grid.jl"); println("PHASE3_INCLUDE_RETURNED_qs_joint wall_s=", time()-started); write("/root/BF_runs/logs/qs_experiment_w2/phase3_grid_v1_qs_joint.status", "PASS") catch err; showerror(stderr, err, catch





julia>
ENV["QSX2_ONLY"] = "qs_joint"; started = time(); try include("experiments/scotland/06_qs_joint_and_market_observation/r05_grid.jl"); println("PHASE3_INCLUDE_RETURNED_qs_joint wall_s=", time()-started); write("/root/BF_runs/logs/qs_experiment_w2/phase3_grid_v1_qs_joint.status", "PASS") catch err; showerror(stderr, err, catch_





julia>
ENV["QSX2_ONLY"] = "qs_joint"; started = time(); try include("experiments/scotland/06_qs_joint_and_market_observation/r05_grid.jl"); println("PHASE3_INCLUDE_RETURNED_qs_joint wall_s=", time()-started); write("/root/BF_runs/logs/qs_experiment_w2/phase3_grid_v1_qs_joint.status", "PASS") catch err; showerror(stderr, err, catch_b





julia>
ENV["QSX2_ONLY"] = "qs_joint"; started = time(); try include("experiments/scotland/06_qs_joint_and_market_observation/r05_grid.jl"); println("PHASE3_INCLUDE_RETURNED_qs_joint wall_s=", time()-started); write("/root/BF_runs/logs/qs_experiment_w2/phase3_grid_v1_qs_joint.status", "PASS") catch err; showerror(stderr, err, catch_ba





julia>
ENV["QSX2_ONLY"] = "qs_joint"; started = time(); try include("experiments/scotland/06_qs_joint_and_market_observation/r05_grid.jl"); println("PHASE3_INCLUDE_RETURNED_qs_joint wall_s=", time()-started); write("/root/BF_runs/logs/qs_experiment_w2/phase3_grid_v1_qs_joint.status", "PASS") catch err; showerror(stderr, err, catch_bac





julia>
ENV["QSX2_ONLY"] = "qs_joint"; started = time(); try include("experiments/scotland/06_qs_joint_and_market_observation/r05_grid.jl"); println("PHASE3_INCLUDE_RETURNED_qs_joint wall_s=", time()-started); write("/root/BF_runs/logs/qs_experiment_w2/phase3_grid_v1_qs_joint.status", "PASS") catch err; showerror(stderr, err, catch_back





julia>
ENV["QSX2_ONLY"] = "qs_joint"; started = time(); try include("experiments/scotland/06_qs_joint_and_market_observation/r05_grid.jl"); println("PHASE3_INCLUDE_RETURNED_qs_joint wall_s=", time()-started); write("/root/BF_runs/logs/qs_experiment_w2/phase3_grid_v1_qs_joint.status", "PASS") catch err; showerror(stderr, err, catch_backt





julia>
ENV["QSX2_ONLY"] = "qs_joint"; started = time(); try include("experiments/scotland/06_qs_joint_and_market_observation/r05_grid.jl"); println("PHASE3_INCLUDE_RETURNED_qs_joint wall_s=", time()-started); write("/root/BF_runs/logs/qs_experiment_w2/phase3_grid_v1_qs_joint.status", "PASS") catch err; showerror(stderr, err, catch_backtr





julia>
ENV["QSX2_ONLY"] = "qs_joint"; started = time(); try include("experiments/scotland/06_qs_joint_and_market_observation/r05_grid.jl"); println("PHASE3_INCLUDE_RETURNED_qs_joint wall_s=", time()-started); write("/root/BF_runs/logs/qs_experiment_w2/phase3_grid_v1_qs_joint.status", "PASS") catch err; showerror(stderr, err, catch_backtra





julia>
ENV["QSX2_ONLY"] = "qs_joint"; started = time(); try include("experiments/scotland/06_qs_joint_and_market_observation/r05_grid.jl"); println("PHASE3_INCLUDE_RETURNED_qs_joint wall_s=", time()-started); write("/root/BF_runs/logs/qs_experiment_w2/phase3_grid_v1_qs_joint.status", "PASS") catch err; showerror(stderr, err, catch_backtrac





julia>
ENV["QSX2_ONLY"] = "qs_joint"; started = time(); try include("experiments/scotland/06_qs_joint_and_market_observation/r05_grid.jl"); println("PHASE3_INCLUDE_RETURNED_qs_joint wall_s=", time()-started); write("/root/BF_runs/logs/qs_experiment_w2/phase3_grid_v1_qs_joint.status", "PASS") catch err; showerror(stderr, err, catch_backtrace





julia>
ENV["QSX2_ONLY"] = "qs_joint"; started = time(); try include("experiments/scotland/06_qs_joint_and_market_observation/r05_grid.jl"); println("PHASE3_INCLUDE_RETURNED_qs_joint wall_s=", time()-started); write("/root/BF_runs/logs/qs_experiment_w2/phase3_grid_v1_qs_joint.status", "PASS") catch err; showerror(stderr, err, catch_backtrace(





julia>
ENV["QSX2_ONLY"] = "qs_joint"; started = time(); try include("experiments/scotland/06_qs_joint_and_market_observation/r05_grid.jl"); println("PHASE3_INCLUDE_RETURNED_qs_joint wall_s=", time()-started); write("/root/BF_runs/logs/qs_experiment_w2/phase3_grid_v1_qs_joint.status", "PASS") catch err; showerror(stderr, err, catch_backtrace()





julia>
ENV["QSX2_ONLY"] = "qs_joint"; started = time(); try include("experiments/scotland/06_qs_joint_and_market_observation/r05_grid.jl"); println("PHASE3_INCLUDE_RETURNED_qs_joint wall_s=", time()-started); write("/root/BF_runs/logs/qs_experiment_w2/phase3_grid_v1_qs_joint.status", "PASS") catch err; showerror(stderr, err, catch_backtrace())





julia>
ENV["QSX2_ONLY"] = "qs_joint"; started = time(); try include("experiments/scotland/06_qs_joint_and_market_observation/r05_grid.jl"); println("PHASE3_INCLUDE_RETURNED_qs_joint wall_s=", time()-started); write("/root/BF_runs/logs/qs_experiment_w2/phase3_grid_v1_qs_joint.status", "PASS") catch err; showerror(stderr, err, catch_backtrace());





julia>
ENV["QSX2_ONLY"] = "qs_joint"; started = time(); try include("experiments/scotland/06_qs_joint_and_market_observation/r05_grid.jl"); println("PHASE3_INCLUDE_RETURNED_qs_joint wall_s=", time()-started); write("/root/BF_runs/logs/qs_experiment_w2/phase3_grid_v1_qs_joint.status", "PASS") catch err; showerror(stderr, err, catch_backtrace());





julia>
ENV["QSX2_ONLY"] = "qs_joint"; started = time(); try include("experiments/scotland/06_qs_joint_and_market_observation/r05_grid.jl"); println("PHASE3_INCLUDE_RETURNED_qs_joint wall_s=", time()-started); write("/root/BF_runs/logs/qs_experiment_w2/phase3_grid_v1_qs_joint.status", "PASS") catch err; showerror(stderr, err, catch_backtrace()); p





julia>
ENV["QSX2_ONLY"] = "qs_joint"; started = time(); try include("experiments/scotland/06_qs_joint_and_market_observation/r05_grid.jl"); println("PHASE3_INCLUDE_RETURNED_qs_joint wall_s=", time()-started); write("/root/BF_runs/logs/qs_experiment_w2/phase3_grid_v1_qs_joint.status", "PASS") catch err; showerror(stderr, err, catch_backtrace()); pr





julia>
ENV["QSX2_ONLY"] = "qs_joint"; started = time(); try include("experiments/scotland/06_qs_joint_and_market_observation/r05_grid.jl"); println("PHASE3_INCLUDE_RETURNED_qs_joint wall_s=", time()-started); write("/root/BF_runs/logs/qs_experiment_w2/phase3_grid_v1_qs_joint.status", "PASS") catch err; showerror(stderr, err, catch_backtrace()); pri





julia>
ENV["QSX2_ONLY"] = "qs_joint"; started = time(); try include("experiments/scotland/06_qs_joint_and_market_observation/r05_grid.jl"); println("PHASE3_INCLUDE_RETURNED_qs_joint wall_s=", time()-started); write("/root/BF_runs/logs/qs_experiment_w2/phase3_grid_v1_qs_joint.status", "PASS") catch err; showerror(stderr, err, catch_backtrace()); prin





julia>
ENV["QSX2_ONLY"] = "qs_joint"; started = time(); try include("experiments/scotland/06_qs_joint_and_market_observation/r05_grid.jl"); println("PHASE3_INCLUDE_RETURNED_qs_joint wall_s=", time()-started); write("/root/BF_runs/logs/qs_experiment_w2/phase3_grid_v1_qs_joint.status", "PASS") catch err; showerror(stderr, err, catch_backtrace()); print





julia>
ENV["QSX2_ONLY"] = "qs_joint"; started = time(); try include("experiments/scotland/06_qs_joint_and_market_observation/r05_grid.jl"); println("PHASE3_INCLUDE_RETURNED_qs_joint wall_s=", time()-started); write("/root/BF_runs/logs/qs_experiment_w2/phase3_grid_v1_qs_joint.status", "PASS") catch err; showerror(stderr, err, catch_backtrace()); printl





julia>
ENV["QSX2_ONLY"] = "qs_joint"; started = time(); try include("experiments/scotland/06_qs_joint_and_market_observation/r05_grid.jl"); println("PHASE3_INCLUDE_RETURNED_qs_joint wall_s=", time()-started); write("/root/BF_runs/logs/qs_experiment_w2/phase3_grid_v1_qs_joint.status", "PASS") catch err; showerror(stderr, err, catch_backtrace()); println





julia>
ENV["QSX2_ONLY"] = "qs_joint"; started = time(); try include("experiments/scotland/06_qs_joint_and_market_observation/r05_grid.jl"); println("PHASE3_INCLUDE_RETURNED_qs_joint wall_s=", time()-started); write("/root/BF_runs/logs/qs_experiment_w2/phase3_grid_v1_qs_joint.status", "PASS") catch err; showerror(stderr, err, catch_backtrace()); println(





julia>
ENV["QSX2_ONLY"] = "qs_joint"; started = time(); try include("experiments/scotland/06_qs_joint_and_market_observation/r05_grid.jl"); println("PHASE3_INCLUDE_RETURNED_qs_joint wall_s=", time()-started); write("/root/BF_runs/logs/qs_experiment_w2/phase3_grid_v1_qs_joint.status", "PASS") catch err; showerror(stderr, err, catch_backtrace()); println(s





julia>
ENV["QSX2_ONLY"] = "qs_joint"; started = time(); try include("experiments/scotland/06_qs_joint_and_market_observation/r05_grid.jl"); println("PHASE3_INCLUDE_RETURNED_qs_joint wall_s=", time()-started); write("/root/BF_runs/logs/qs_experiment_w2/phase3_grid_v1_qs_joint.status", "PASS") catch err; showerror(stderr, err, catch_backtrace()); println(st





julia>
ENV["QSX2_ONLY"] = "qs_joint"; started = time(); try include("experiments/scotland/06_qs_joint_and_market_observation/r05_grid.jl"); println("PHASE3_INCLUDE_RETURNED_qs_joint wall_s=", time()-started); write("/root/BF_runs/logs/qs_experiment_w2/phase3_grid_v1_qs_joint.status", "PASS") catch err; showerror(stderr, err, catch_backtrace()); println(std





julia>
ENV["QSX2_ONLY"] = "qs_joint"; started = time(); try include("experiments/scotland/06_qs_joint_and_market_observation/r05_grid.jl"); println("PHASE3_INCLUDE_RETURNED_qs_joint wall_s=", time()-started); write("/root/BF_runs/logs/qs_experiment_w2/phase3_grid_v1_qs_joint.status", "PASS") catch err; showerror(stderr, err, catch_backtrace()); println(stde





julia>
ENV["QSX2_ONLY"] = "qs_joint"; started = time(); try include("experiments/scotland/06_qs_joint_and_market_observation/r05_grid.jl"); println("PHASE3_INCLUDE_RETURNED_qs_joint wall_s=", time()-started); write("/root/BF_runs/logs/qs_experiment_w2/phase3_grid_v1_qs_joint.status", "PASS") catch err; showerror(stderr, err, catch_backtrace()); println(stder





julia>
ENV["QSX2_ONLY"] = "qs_joint"; started = time(); try include("experiments/scotland/06_qs_joint_and_market_observation/r05_grid.jl"); println("PHASE3_INCLUDE_RETURNED_qs_joint wall_s=", time()-started); write("/root/BF_runs/logs/qs_experiment_w2/phase3_grid_v1_qs_joint.status", "PASS") catch err; showerror(stderr, err, catch_backtrace()); println(stderr





julia>
ENV["QSX2_ONLY"] = "qs_joint"; started = time(); try include("experiments/scotland/06_qs_joint_and_market_observation/r05_grid.jl"); println("PHASE3_INCLUDE_RETURNED_qs_joint wall_s=", time()-started); write("/root/BF_runs/logs/qs_experiment_w2/phase3_grid_v1_qs_joint.status", "PASS") catch err; showerror(stderr, err, catch_backtrace()); println(stderr)





julia>
ENV["QSX2_ONLY"] = "qs_joint"; started = time(); try include("experiments/scotland/06_qs_joint_and_market_observation/r05_grid.jl"); println("PHASE3_INCLUDE_RETURNED_qs_joint wall_s=", time()-started); write("/root/BF_runs/logs/qs_experiment_w2/phase3_grid_v1_qs_joint.status", "PASS") catch err; showerror(stderr, err, catch_backtrace()); println(stderr);





julia>
ENV["QSX2_ONLY"] = "qs_joint"; started = time(); try include("experiments/scotland/06_qs_joint_and_market_observation/r05_grid.jl"); println("PHASE3_INCLUDE_RETURNED_qs_joint wall_s=", time()-started); write("/root/BF_runs/logs/qs_experiment_w2/phase3_grid_v1_qs_joint.status", "PASS") catch err; showerror(stderr, err, catch_backtrace()); println(stderr);





julia>
ENV["QSX2_ONLY"] = "qs_joint"; started = time(); try include("experiments/scotland/06_qs_joint_and_market_observation/r05_grid.jl"); println("PHASE3_INCLUDE_RETURNED_qs_joint wall_s=", time()-started); write("/root/BF_runs/logs/qs_experiment_w2/phase3_grid_v1_qs_joint.status", "PASS") catch err; showerror(stderr, err, catch_backtrace()); println(stderr); p





julia>
ENV["QSX2_ONLY"] = "qs_joint"; started = time(); try include("experiments/scotland/06_qs_joint_and_market_observation/r05_grid.jl"); println("PHASE3_INCLUDE_RETURNED_qs_joint wall_s=", time()-started); write("/root/BF_runs/logs/qs_experiment_w2/phase3_grid_v1_qs_joint.status", "PASS") catch err; showerror(stderr, err, catch_backtrace()); println(stderr); pr





julia>
ENV["QSX2_ONLY"] = "qs_joint"; started = time(); try include("experiments/scotland/06_qs_joint_and_market_observation/r05_grid.jl"); println("PHASE3_INCLUDE_RETURNED_qs_joint wall_s=", time()-started); write("/root/BF_runs/logs/qs_experiment_w2/phase3_grid_v1_qs_joint.status", "PASS") catch err; showerror(stderr, err, catch_backtrace()); println(stderr); pri





julia>
ENV["QSX2_ONLY"] = "qs_joint"; started = time(); try include("experiments/scotland/06_qs_joint_and_market_observation/r05_grid.jl"); println("PHASE3_INCLUDE_RETURNED_qs_joint wall_s=", time()-started); write("/root/BF_runs/logs/qs_experiment_w2/phase3_grid_v1_qs_joint.status", "PASS") catch err; showerror(stderr, err, catch_backtrace()); println(stderr); prin





julia>
ENV["QSX2_ONLY"] = "qs_joint"; started = time(); try include("experiments/scotland/06_qs_joint_and_market_observation/r05_grid.jl"); println("PHASE3_INCLUDE_RETURNED_qs_joint wall_s=", time()-started); write("/root/BF_runs/logs/qs_experiment_w2/phase3_grid_v1_qs_joint.status", "PASS") catch err; showerror(stderr, err, catch_backtrace()); println(stderr); print





julia>
ENV["QSX2_ONLY"] = "qs_joint"; started = time(); try include("experiments/scotland/06_qs_joint_and_market_observation/r05_grid.jl"); println("PHASE3_INCLUDE_RETURNED_qs_joint wall_s=", time()-started); write("/root/BF_runs/logs/qs_experiment_w2/phase3_grid_v1_qs_joint.status", "PASS") catch err; showerror(stderr, err, catch_backtrace()); println(stderr); printl





julia>
ENV["QSX2_ONLY"] = "qs_joint"; started = time(); try include("experiments/scotland/06_qs_joint_and_market_observation/r05_grid.jl"); println("PHASE3_INCLUDE_RETURNED_qs_joint wall_s=", time()-started); write("/root/BF_runs/logs/qs_experiment_w2/phase3_grid_v1_qs_joint.status", "PASS") catch err; showerror(stderr, err, catch_backtrace()); println(stderr); println





julia>
ENV["QSX2_ONLY"] = "qs_joint"; started = time(); try include("experiments/scotland/06_qs_joint_and_market_observation/r05_grid.jl"); println("PHASE3_INCLUDE_RETURNED_qs_joint wall_s=", time()-started); write("/root/BF_runs/logs/qs_experiment_w2/phase3_grid_v1_qs_joint.status", "PASS") catch err; showerror(stderr, err, catch_backtrace()); println(stderr); println(





julia>
ENV["QSX2_ONLY"] = "qs_joint"; started = time(); try include("experiments/scotland/06_qs_joint_and_market_observation/r05_grid.jl"); println("PHASE3_INCLUDE_RETURNED_qs_joint wall_s=", time()-started); write("/root/BF_runs/logs/qs_experiment_w2/phase3_grid_v1_qs_joint.status", "PASS") catch err; showerror(stderr, err, catch_backtrace()); println(stderr); println("





julia>
ENV["QSX2_ONLY"] = "qs_joint"; started = time(); try include("experiments/scotland/06_qs_joint_and_market_observation/r05_grid.jl"); println("PHASE3_INCLUDE_RETURNED_qs_joint wall_s=", time()-started); write("/root/BF_runs/logs/qs_experiment_w2/phase3_grid_v1_qs_joint.status", "PASS") catch err; showerror(stderr, err, catch_backtrace()); println(stderr); println("P





julia>
ENV["QSX2_ONLY"] = "qs_joint"; started = time(); try include("experiments/scotland/06_qs_joint_and_market_observation/r05_grid.jl"); println("PHASE3_INCLUDE_RETURNED_qs_joint wall_s=", time()-started); write("/root/BF_runs/logs/qs_experiment_w2/phase3_grid_v1_qs_joint.status", "PASS") catch err; showerror(stderr, err, catch_backtrace()); println(stderr); println("PH





julia>
ENV["QSX2_ONLY"] = "qs_joint"; started = time(); try include("experiments/scotland/06_qs_joint_and_market_observation/r05_grid.jl"); println("PHASE3_INCLUDE_RETURNED_qs_joint wall_s=", time()-started); write("/root/BF_runs/logs/qs_experiment_w2/phase3_grid_v1_qs_joint.status", "PASS") catch err; showerror(stderr, err, catch_backtrace()); println(stderr); println("PHA





julia>
ENV["QSX2_ONLY"] = "qs_joint"; started = time(); try include("experiments/scotland/06_qs_joint_and_market_observation/r05_grid.jl"); println("PHASE3_INCLUDE_RETURNED_qs_joint wall_s=", time()-started); write("/root/BF_runs/logs/qs_experiment_w2/phase3_grid_v1_qs_joint.status", "PASS") catch err; showerror(stderr, err, catch_backtrace()); println(stderr); println("PHAS





julia>
ENV["QSX2_ONLY"] = "qs_joint"; started = time(); try include("experiments/scotland/06_qs_joint_and_market_observation/r05_grid.jl"); println("PHASE3_INCLUDE_RETURNED_qs_joint wall_s=", time()-started); write("/root/BF_runs/logs/qs_experiment_w2/phase3_grid_v1_qs_joint.status", "PASS") catch err; showerror(stderr, err, catch_backtrace()); println(stderr); println("PHASE





julia>
ENV["QSX2_ONLY"] = "qs_joint"; started = time(); try include("experiments/scotland/06_qs_joint_and_market_observation/r05_grid.jl"); println("PHASE3_INCLUDE_RETURNED_qs_joint wall_s=", time()-started); write("/root/BF_runs/logs/qs_experiment_w2/phase3_grid_v1_qs_joint.status", "PASS") catch err; showerror(stderr, err, catch_backtrace()); println(stderr); println("PHASE3





julia>
ENV["QSX2_ONLY"] = "qs_joint"; started = time(); try include("experiments/scotland/06_qs_joint_and_market_observation/r05_grid.jl"); println("PHASE3_INCLUDE_RETURNED_qs_joint wall_s=", time()-started); write("/root/BF_runs/logs/qs_experiment_w2/phase3_grid_v1_qs_joint.status", "PASS") catch err; showerror(stderr, err, catch_backtrace()); println(stderr); println("PHASE3_





julia>
ENV["QSX2_ONLY"] = "qs_joint"; started = time(); try include("experiments/scotland/06_qs_joint_and_market_observation/r05_grid.jl"); println("PHASE3_INCLUDE_RETURNED_qs_joint wall_s=", time()-started); write("/root/BF_runs/logs/qs_experiment_w2/phase3_grid_v1_qs_joint.status", "PASS") catch err; showerror(stderr, err, catch_backtrace()); println(stderr); println("PHASE3_F





julia>
ENV["QSX2_ONLY"] = "qs_joint"; started = time(); try include("experiments/scotland/06_qs_joint_and_market_observation/r05_grid.jl"); println("PHASE3_INCLUDE_RETURNED_qs_joint wall_s=", time()-started); write("/root/BF_runs/logs/qs_experiment_w2/phase3_grid_v1_qs_joint.status", "PASS") catch err; showerror(stderr, err, catch_backtrace()); println(stderr); println("PHASE3_FA





julia>
ENV["QSX2_ONLY"] = "qs_joint"; started = time(); try include("experiments/scotland/06_qs_joint_and_market_observation/r05_grid.jl"); println("PHASE3_INCLUDE_RETURNED_qs_joint wall_s=", time()-started); write("/root/BF_runs/logs/qs_experiment_w2/phase3_grid_v1_qs_joint.status", "PASS") catch err; showerror(stderr, err, catch_backtrace()); println(stderr); println("PHASE3_FAI





julia>
ENV["QSX2_ONLY"] = "qs_joint"; started = time(); try include("experiments/scotland/06_qs_joint_and_market_observation/r05_grid.jl"); println("PHASE3_INCLUDE_RETURNED_qs_joint wall_s=", time()-started); write("/root/BF_runs/logs/qs_experiment_w2/phase3_grid_v1_qs_joint.status", "PASS") catch err; showerror(stderr, err, catch_backtrace()); println(stderr); println("PHASE3_FAIL





julia>
ENV["QSX2_ONLY"] = "qs_joint"; started = time(); try include("experiments/scotland/06_qs_joint_and_market_observation/r05_grid.jl"); println("PHASE3_INCLUDE_RETURNED_qs_joint wall_s=", time()-started); write("/root/BF_runs/logs/qs_experiment_w2/phase3_grid_v1_qs_joint.status", "PASS") catch err; showerror(stderr, err, catch_backtrace()); println(stderr); println("PHASE3_FAIL_





julia>
ENV["QSX2_ONLY"] = "qs_joint"; started = time(); try include("experiments/scotland/06_qs_joint_and_market_observation/r05_grid.jl"); println("PHASE3_INCLUDE_RETURNED_qs_joint wall_s=", time()-started); write("/root/BF_runs/logs/qs_experiment_w2/phase3_grid_v1_qs_joint.status", "PASS") catch err; showerror(stderr, err, catch_backtrace()); println(stderr); println("PHASE3_FAIL_q





julia>
ENV["QSX2_ONLY"] = "qs_joint"; started = time(); try include("experiments/scotland/06_qs_joint_and_market_observation/r05_grid.jl"); println("PHASE3_INCLUDE_RETURNED_qs_joint wall_s=", time()-started); write("/root/BF_runs/logs/qs_experiment_w2/phase3_grid_v1_qs_joint.status", "PASS") catch err; showerror(stderr, err, catch_backtrace()); println(stderr); println("PHASE3_FAIL_qs





julia>
ENV["QSX2_ONLY"] = "qs_joint"; started = time(); try include("experiments/scotland/06_qs_joint_and_market_observation/r05_grid.jl"); println("PHASE3_INCLUDE_RETURNED_qs_joint wall_s=", time()-started); write("/root/BF_runs/logs/qs_experiment_w2/phase3_grid_v1_qs_joint.status", "PASS") catch err; showerror(stderr, err, catch_backtrace()); println(stderr); println("PHASE3_FAIL_qs_





julia>
ENV["QSX2_ONLY"] = "qs_joint"; started = time(); try include("experiments/scotland/06_qs_joint_and_market_observation/r05_grid.jl"); println("PHASE3_INCLUDE_RETURNED_qs_joint wall_s=", time()-started); write("/root/BF_runs/logs/qs_experiment_w2/phase3_grid_v1_qs_joint.status", "PASS") catch err; showerror(stderr, err, catch_backtrace()); println(stderr); println("PHASE3_FAIL_qs_j





julia>
ENV["QSX2_ONLY"] = "qs_joint"; started = time(); try include("experiments/scotland/06_qs_joint_and_market_observation/r05_grid.jl"); println("PHASE3_INCLUDE_RETURNED_qs_joint wall_s=", time()-started); write("/root/BF_runs/logs/qs_experiment_w2/phase3_grid_v1_qs_joint.status", "PASS") catch err; showerror(stderr, err, catch_backtrace()); println(stderr); println("PHASE3_FAIL_qs_jo





julia>
ENV["QSX2_ONLY"] = "qs_joint"; started = time(); try include("experiments/scotland/06_qs_joint_and_market_observation/r05_grid.jl"); println("PHASE3_INCLUDE_RETURNED_qs_joint wall_s=", time()-started); write("/root/BF_runs/logs/qs_experiment_w2/phase3_grid_v1_qs_joint.status", "PASS") catch err; showerror(stderr, err, catch_backtrace()); println(stderr); println("PHASE3_FAIL_qs_joi





julia>
ENV["QSX2_ONLY"] = "qs_joint"; started = time(); try include("experiments/scotland/06_qs_joint_and_market_observation/r05_grid.jl"); println("PHASE3_INCLUDE_RETURNED_qs_joint wall_s=", time()-started); write("/root/BF_runs/logs/qs_experiment_w2/phase3_grid_v1_qs_joint.status", "PASS") catch err; showerror(stderr, err, catch_backtrace()); println(stderr); println("PHASE3_FAIL_qs_join





julia>
ENV["QSX2_ONLY"] = "qs_joint"; started = time(); try include("experiments/scotland/06_qs_joint_and_market_observation/r05_grid.jl"); println("PHASE3_INCLUDE_RETURNED_qs_joint wall_s=", time()-started); write("/root/BF_runs/logs/qs_experiment_w2/phase3_grid_v1_qs_joint.status", "PASS") catch err; showerror(stderr, err, catch_backtrace()); println(stderr); println("PHASE3_FAIL_qs_joint





julia>
ENV["QSX2_ONLY"] = "qs_joint"; started = time(); try include("experiments/scotland/06_qs_joint_and_market_observation/r05_grid.jl"); println("PHASE3_INCLUDE_RETURNED_qs_joint wall_s=", time()-started); write("/root/BF_runs/logs/qs_experiment_w2/phase3_grid_v1_qs_joint.status", "PASS") catch err; showerror(stderr, err, catch_backtrace()); println(stderr); println("PHASE3_FAIL_qs_joint





julia>
ENV["QSX2_ONLY"] = "qs_joint"; started = time(); try include("experiments/scotland/06_qs_joint_and_market_observation/r05_grid.jl"); println("PHASE3_INCLUDE_RETURNED_qs_joint wall_s=", time()-started); write("/root/BF_runs/logs/qs_experiment_w2/phase3_grid_v1_qs_joint.status", "PASS") catch err; showerror(stderr, err, catch_backtrace()); println(stderr); println("PHASE3_FAIL_qs_joint w





julia>
ENV["QSX2_ONLY"] = "qs_joint"; started = time(); try include("experiments/scotland/06_qs_joint_and_market_observation/r05_grid.jl"); println("PHASE3_INCLUDE_RETURNED_qs_joint wall_s=", time()-started); write("/root/BF_runs/logs/qs_experiment_w2/phase3_grid_v1_qs_joint.status", "PASS") catch err; showerror(stderr, err, catch_backtrace()); println(stderr); println("PHASE3_FAIL_qs_joint wa





julia>
ENV["QSX2_ONLY"] = "qs_joint"; started = time(); try include("experiments/scotland/06_qs_joint_and_market_observation/r05_grid.jl"); println("PHASE3_INCLUDE_RETURNED_qs_joint wall_s=", time()-started); write("/root/BF_runs/logs/qs_experiment_w2/phase3_grid_v1_qs_joint.status", "PASS") catch err; showerror(stderr, err, catch_backtrace()); println(stderr); println("PHASE3_FAIL_qs_joint wal





julia>
ENV["QSX2_ONLY"] = "qs_joint"; started = time(); try include("experiments/scotland/06_qs_joint_and_market_observation/r05_grid.jl"); println("PHASE3_INCLUDE_RETURNED_qs_joint wall_s=", time()-started); write("/root/BF_runs/logs/qs_experiment_w2/phase3_grid_v1_qs_joint.status", "PASS") catch err; showerror(stderr, err, catch_backtrace()); println(stderr); println("PHASE3_FAIL_qs_joint wall





julia>
ENV["QSX2_ONLY"] = "qs_joint"; started = time(); try include("experiments/scotland/06_qs_joint_and_market_observation/r05_grid.jl"); println("PHASE3_INCLUDE_RETURNED_qs_joint wall_s=", time()-started); write("/root/BF_runs/logs/qs_experiment_w2/phase3_grid_v1_qs_joint.status", "PASS") catch err; showerror(stderr, err, catch_backtrace()); println(stderr); println("PHASE3_FAIL_qs_joint wall_





julia>
ENV["QSX2_ONLY"] = "qs_joint"; started = time(); try include("experiments/scotland/06_qs_joint_and_market_observation/r05_grid.jl"); println("PHASE3_INCLUDE_RETURNED_qs_joint wall_s=", time()-started); write("/root/BF_runs/logs/qs_experiment_w2/phase3_grid_v1_qs_joint.status", "PASS") catch err; showerror(stderr, err, catch_backtrace()); println(stderr); println("PHASE3_FAIL_qs_joint wall_s








julia>
ENV["QSX2_ONLY"] = "qs_joint"; started = time(); try include("experiments/scotland/06_qs_joint_and_market_observation/r05_grid.jl"); println("PHASE3_INCLUDE_RETURNED_qs_joint wall_s=", time()-started); write("/root/BF_runs/logs/qs_experiment_w2/phase3_grid_v1_qs_joint.status", "PASS") catch err; showerror(stderr, err, catch_backtrace()); println(stderr); println("PHASE3_FAIL_qs_joint wall_s=






julia>
ENV["QSX2_ONLY"] = "qs_joint"; started = time(); try include("experiments/scotland/06_qs_joint_and_market_observation/r05_grid.jl"); println("PHASE3_INCLUDE_RETURNED_qs_joint wall_s=", time()-started); write("/root/BF_runs/logs/qs_experiment_w2/phase3_grid_v1_qs_joint.status", "PASS") catch err; showerror(stderr, err, catch_backtrace()); println(stderr); println("PHASE3_FAIL_qs_joint wall_s="






julia>
ENV["QSX2_ONLY"] = "qs_joint"; started = time(); try include("experiments/scotland/06_qs_joint_and_market_observation/r05_grid.jl"); println("PHASE3_INCLUDE_RETURNED_qs_joint wall_s=", time()-started); write("/root/BF_runs/logs/qs_experiment_w2/phase3_grid_v1_qs_joint.status", "PASS") catch err; showerror(stderr, err, catch_backtrace()); println(stderr); println("PHASE3_FAIL_qs_joint wall_s=",






julia>
ENV["QSX2_ONLY"] = "qs_joint"; started = time(); try include("experiments/scotland/06_qs_joint_and_market_observation/r05_grid.jl"); println("PHASE3_INCLUDE_RETURNED_qs_joint wall_s=", time()-started); write("/root/BF_runs/logs/qs_experiment_w2/phase3_grid_v1_qs_joint.status", "PASS") catch err; showerror(stderr, err, catch_backtrace()); println(stderr); println("PHASE3_FAIL_qs_joint wall_s=",






julia>
ENV["QSX2_ONLY"] = "qs_joint"; started = time(); try include("experiments/scotland/06_qs_joint_and_market_observation/r05_grid.jl"); println("PHASE3_INCLUDE_RETURNED_qs_joint wall_s=", time()-started); write("/root/BF_runs/logs/qs_experiment_w2/phase3_grid_v1_qs_joint.status", "PASS") catch err; showerror(stderr, err, catch_backtrace()); println(stderr); println("PHASE3_FAIL_qs_joint wall_s=", t






julia>
ENV["QSX2_ONLY"] = "qs_joint"; started = time(); try include("experiments/scotland/06_qs_joint_and_market_observation/r05_grid.jl"); println("PHASE3_INCLUDE_RETURNED_qs_joint wall_s=", time()-started); write("/root/BF_runs/logs/qs_experiment_w2/phase3_grid_v1_qs_joint.status", "PASS") catch err; showerror(stderr, err, catch_backtrace()); println(stderr); println("PHASE3_FAIL_qs_joint wall_s=", ti






julia>
ENV["QSX2_ONLY"] = "qs_joint"; started = time(); try include("experiments/scotland/06_qs_joint_and_market_observation/r05_grid.jl"); println("PHASE3_INCLUDE_RETURNED_qs_joint wall_s=", time()-started); write("/root/BF_runs/logs/qs_experiment_w2/phase3_grid_v1_qs_joint.status", "PASS") catch err; showerror(stderr, err, catch_backtrace()); println(stderr); println("PHASE3_FAIL_qs_joint wall_s=", tim






julia>
ENV["QSX2_ONLY"] = "qs_joint"; started = time(); try include("experiments/scotland/06_qs_joint_and_market_observation/r05_grid.jl"); println("PHASE3_INCLUDE_RETURNED_qs_joint wall_s=", time()-started); write("/root/BF_runs/logs/qs_experiment_w2/phase3_grid_v1_qs_joint.status", "PASS") catch err; showerror(stderr, err, catch_backtrace()); println(stderr); println("PHASE3_FAIL_qs_joint wall_s=", time






julia>
ENV["QSX2_ONLY"] = "qs_joint"; started = time(); try include("experiments/scotland/06_qs_joint_and_market_observation/r05_grid.jl"); println("PHASE3_INCLUDE_RETURNED_qs_joint wall_s=", time()-started); write("/root/BF_runs/logs/qs_experiment_w2/phase3_grid_v1_qs_joint.status", "PASS") catch err; showerror(stderr, err, catch_backtrace()); println(stderr); println("PHASE3_FAIL_qs_joint wall_s=", time(






julia>
ENV["QSX2_ONLY"] = "qs_joint"; started = time(); try include("experiments/scotland/06_qs_joint_and_market_observation/r05_grid.jl"); println("PHASE3_INCLUDE_RETURNED_qs_joint wall_s=", time()-started); write("/root/BF_runs/logs/qs_experiment_w2/phase3_grid_v1_qs_joint.status", "PASS") catch err; showerror(stderr, err, catch_backtrace()); println(stderr); println("PHASE3_FAIL_qs_joint wall_s=", time()






julia>
ENV["QSX2_ONLY"] = "qs_joint"; started = time(); try include("experiments/scotland/06_qs_joint_and_market_observation/r05_grid.jl"); println("PHASE3_INCLUDE_RETURNED_qs_joint wall_s=", time()-started); write("/root/BF_runs/logs/qs_experiment_w2/phase3_grid_v1_qs_joint.status", "PASS") catch err; showerror(stderr, err, catch_backtrace()); println(stderr); println("PHASE3_FAIL_qs_joint wall_s=", time()-






julia>
ENV["QSX2_ONLY"] = "qs_joint"; started = time(); try include("experiments/scotland/06_qs_joint_and_market_observation/r05_grid.jl"); println("PHASE3_INCLUDE_RETURNED_qs_joint wall_s=", time()-started); write("/root/BF_runs/logs/qs_experiment_w2/phase3_grid_v1_qs_joint.status", "PASS") catch err; showerror(stderr, err, catch_backtrace()); println(stderr); println("PHASE3_FAIL_qs_joint wall_s=", time()-s






julia>
ENV["QSX2_ONLY"] = "qs_joint"; started = time(); try include("experiments/scotland/06_qs_joint_and_market_observation/r05_grid.jl"); println("PHASE3_INCLUDE_RETURNED_qs_joint wall_s=", time()-started); write("/root/BF_runs/logs/qs_experiment_w2/phase3_grid_v1_qs_joint.status", "PASS") catch err; showerror(stderr, err, catch_backtrace()); println(stderr); println("PHASE3_FAIL_qs_joint wall_s=", time()-st






julia>
ENV["QSX2_ONLY"] = "qs_joint"; started = time(); try include("experiments/scotland/06_qs_joint_and_market_observation/r05_grid.jl"); println("PHASE3_INCLUDE_RETURNED_qs_joint wall_s=", time()-started); write("/root/BF_runs/logs/qs_experiment_w2/phase3_grid_v1_qs_joint.status", "PASS") catch err; showerror(stderr, err, catch_backtrace()); println(stderr); println("PHASE3_FAIL_qs_joint wall_s=", time()-sta






julia>
ENV["QSX2_ONLY"] = "qs_joint"; started = time(); try include("experiments/scotland/06_qs_joint_and_market_observation/r05_grid.jl"); println("PHASE3_INCLUDE_RETURNED_qs_joint wall_s=", time()-started); write("/root/BF_runs/logs/qs_experiment_w2/phase3_grid_v1_qs_joint.status", "PASS") catch err; showerror(stderr, err, catch_backtrace()); println(stderr); println("PHASE3_FAIL_qs_joint wall_s=", time()-star






julia>
ENV["QSX2_ONLY"] = "qs_joint"; started = time(); try include("experiments/scotland/06_qs_joint_and_market_observation/r05_grid.jl"); println("PHASE3_INCLUDE_RETURNED_qs_joint wall_s=", time()-started); write("/root/BF_runs/logs/qs_experiment_w2/phase3_grid_v1_qs_joint.status", "PASS") catch err; showerror(stderr, err, catch_backtrace()); println(stderr); println("PHASE3_FAIL_qs_joint wall_s=", time()-start






julia>
ENV["QSX2_ONLY"] = "qs_joint"; started = time(); try include("experiments/scotland/06_qs_joint_and_market_observation/r05_grid.jl"); println("PHASE3_INCLUDE_RETURNED_qs_joint wall_s=", time()-started); write("/root/BF_runs/logs/qs_experiment_w2/phase3_grid_v1_qs_joint.status", "PASS") catch err; showerror(stderr, err, catch_backtrace()); println(stderr); println("PHASE3_FAIL_qs_joint wall_s=", time()-starte






julia>
ENV["QSX2_ONLY"] = "qs_joint"; started = time(); try include("experiments/scotland/06_qs_joint_and_market_observation/r05_grid.jl"); println("PHASE3_INCLUDE_RETURNED_qs_joint wall_s=", time()-started); write("/root/BF_runs/logs/qs_experiment_w2/phase3_grid_v1_qs_joint.status", "PASS") catch err; showerror(stderr, err, catch_backtrace()); println(stderr); println("PHASE3_FAIL_qs_joint wall_s=", time()-started






julia>
ENV["QSX2_ONLY"] = "qs_joint"; started = time(); try include("experiments/scotland/06_qs_joint_and_market_observation/r05_grid.jl"); println("PHASE3_INCLUDE_RETURNED_qs_joint wall_s=", time()-started); write("/root/BF_runs/logs/qs_experiment_w2/phase3_grid_v1_qs_joint.status", "PASS") catch err; showerror(stderr, err, catch_backtrace()); println(stderr); println("PHASE3_FAIL_qs_joint wall_s=", time()-started)






julia>
ENV["QSX2_ONLY"] = "qs_joint"; started = time(); try include("experiments/scotland/06_qs_joint_and_market_observation/r05_grid.jl"); println("PHASE3_INCLUDE_RETURNED_qs_joint wall_s=", time()-started); write("/root/BF_runs/logs/qs_experiment_w2/phase3_grid_v1_qs_joint.status", "PASS") catch err; showerror(stderr, err, catch_backtrace()); println(stderr); println("PHASE3_FAIL_qs_joint wall_s=", time()-started);






julia>
ENV["QSX2_ONLY"] = "qs_joint"; started = time(); try include("experiments/scotland/06_qs_joint_and_market_observation/r05_grid.jl"); println("PHASE3_INCLUDE_RETURNED_qs_joint wall_s=", time()-started); write("/root/BF_runs/logs/qs_experiment_w2/phase3_grid_v1_qs_joint.status", "PASS") catch err; showerror(stderr, err, catch_backtrace()); println(stderr); println("PHASE3_FAIL_qs_joint wall_s=", time()-started);






julia>
ENV["QSX2_ONLY"] = "qs_joint"; started = time(); try include("experiments/scotland/06_qs_joint_and_market_observation/r05_grid.jl"); println("PHASE3_INCLUDE_RETURNED_qs_joint wall_s=", time()-started); write("/root/BF_runs/logs/qs_experiment_w2/phase3_grid_v1_qs_joint.status", "PASS") catch err; showerror(stderr, err, catch_backtrace()); println(stderr); println("PHASE3_FAIL_qs_joint wall_s=", time()-started); w






julia>
ENV["QSX2_ONLY"] = "qs_joint"; started = time(); try include("experiments/scotland/06_qs_joint_and_market_observation/r05_grid.jl"); println("PHASE3_INCLUDE_RETURNED_qs_joint wall_s=", time()-started); write("/root/BF_runs/logs/qs_experiment_w2/phase3_grid_v1_qs_joint.status", "PASS") catch err; showerror(stderr, err, catch_backtrace()); println(stderr); println("PHASE3_FAIL_qs_joint wall_s=", time()-started); wr






julia>
ENV["QSX2_ONLY"] = "qs_joint"; started = time(); try include("experiments/scotland/06_qs_joint_and_market_observation/r05_grid.jl"); println("PHASE3_INCLUDE_RETURNED_qs_joint wall_s=", time()-started); write("/root/BF_runs/logs/qs_experiment_w2/phase3_grid_v1_qs_joint.status", "PASS") catch err; showerror(stderr, err, catch_backtrace()); println(stderr); println("PHASE3_FAIL_qs_joint wall_s=", time()-started); wri






julia>
ENV["QSX2_ONLY"] = "qs_joint"; started = time(); try include("experiments/scotland/06_qs_joint_and_market_observation/r05_grid.jl"); println("PHASE3_INCLUDE_RETURNED_qs_joint wall_s=", time()-started); write("/root/BF_runs/logs/qs_experiment_w2/phase3_grid_v1_qs_joint.status", "PASS") catch err; showerror(stderr, err, catch_backtrace()); println(stderr); println("PHASE3_FAIL_qs_joint wall_s=", time()-started); writ






julia>
ENV["QSX2_ONLY"] = "qs_joint"; started = time(); try include("experiments/scotland/06_qs_joint_and_market_observation/r05_grid.jl"); println("PHASE3_INCLUDE_RETURNED_qs_joint wall_s=", time()-started); write("/root/BF_runs/logs/qs_experiment_w2/phase3_grid_v1_qs_joint.status", "PASS") catch err; showerror(stderr, err, catch_backtrace()); println(stderr); println("PHASE3_FAIL_qs_joint wall_s=", time()-started); write






julia>
ENV["QSX2_ONLY"] = "qs_joint"; started = time(); try include("experiments/scotland/06_qs_joint_and_market_observation/r05_grid.jl"); println("PHASE3_INCLUDE_RETURNED_qs_joint wall_s=", time()-started); write("/root/BF_runs/logs/qs_experiment_w2/phase3_grid_v1_qs_joint.status", "PASS") catch err; showerror(stderr, err, catch_backtrace()); println(stderr); println("PHASE3_FAIL_qs_joint wall_s=", time()-started); write(






julia>
ENV["QSX2_ONLY"] = "qs_joint"; started = time(); try include("experiments/scotland/06_qs_joint_and_market_observation/r05_grid.jl"); println("PHASE3_INCLUDE_RETURNED_qs_joint wall_s=", time()-started); write("/root/BF_runs/logs/qs_experiment_w2/phase3_grid_v1_qs_joint.status", "PASS") catch err; showerror(stderr, err, catch_backtrace()); println(stderr); println("PHASE3_FAIL_qs_joint wall_s=", time()-started); write("






julia>
ENV["QSX2_ONLY"] = "qs_joint"; started = time(); try include("experiments/scotland/06_qs_joint_and_market_observation/r05_grid.jl"); println("PHASE3_INCLUDE_RETURNED_qs_joint wall_s=", time()-started); write("/root/BF_runs/logs/qs_experiment_w2/phase3_grid_v1_qs_joint.status", "PASS") catch err; showerror(stderr, err, catch_backtrace()); println(stderr); println("PHASE3_FAIL_qs_joint wall_s=", time()-started); write("/






julia>
ENV["QSX2_ONLY"] = "qs_joint"; started = time(); try include("experiments/scotland/06_qs_joint_and_market_observation/r05_grid.jl"); println("PHASE3_INCLUDE_RETURNED_qs_joint wall_s=", time()-started); write("/root/BF_runs/logs/qs_experiment_w2/phase3_grid_v1_qs_joint.status", "PASS") catch err; showerror(stderr, err, catch_backtrace()); println(stderr); println("PHASE3_FAIL_qs_joint wall_s=", time()-started); write("/r






julia>
ENV["QSX2_ONLY"] = "qs_joint"; started = time(); try include("experiments/scotland/06_qs_joint_and_market_observation/r05_grid.jl"); println("PHASE3_INCLUDE_RETURNED_qs_joint wall_s=", time()-started); write("/root/BF_runs/logs/qs_experiment_w2/phase3_grid_v1_qs_joint.status", "PASS") catch err; showerror(stderr, err, catch_backtrace()); println(stderr); println("PHASE3_FAIL_qs_joint wall_s=", time()-started); write("/ro






julia>
ENV["QSX2_ONLY"] = "qs_joint"; started = time(); try include("experiments/scotland/06_qs_joint_and_market_observation/r05_grid.jl"); println("PHASE3_INCLUDE_RETURNED_qs_joint wall_s=", time()-started); write("/root/BF_runs/logs/qs_experiment_w2/phase3_grid_v1_qs_joint.status", "PASS") catch err; showerror(stderr, err, catch_backtrace()); println(stderr); println("PHASE3_FAIL_qs_joint wall_s=", time()-started); write("/roo






julia>
ENV["QSX2_ONLY"] = "qs_joint"; started = time(); try include("experiments/scotland/06_qs_joint_and_market_observation/r05_grid.jl"); println("PHASE3_INCLUDE_RETURNED_qs_joint wall_s=", time()-started); write("/root/BF_runs/logs/qs_experiment_w2/phase3_grid_v1_qs_joint.status", "PASS") catch err; showerror(stderr, err, catch_backtrace()); println(stderr); println("PHASE3_FAIL_qs_joint wall_s=", time()-started); write("/root






julia>
ENV["QSX2_ONLY"] = "qs_joint"; started = time(); try include("experiments/scotland/06_qs_joint_and_market_observation/r05_grid.jl"); println("PHASE3_INCLUDE_RETURNED_qs_joint wall_s=", time()-started); write("/root/BF_runs/logs/qs_experiment_w2/phase3_grid_v1_qs_joint.status", "PASS") catch err; showerror(stderr, err, catch_backtrace()); println(stderr); println("PHASE3_FAIL_qs_joint wall_s=", time()-started); write("/root/






julia>
ENV["QSX2_ONLY"] = "qs_joint"; started = time(); try include("experiments/scotland/06_qs_joint_and_market_observation/r05_grid.jl"); println("PHASE3_INCLUDE_RETURNED_qs_joint wall_s=", time()-started); write("/root/BF_runs/logs/qs_experiment_w2/phase3_grid_v1_qs_joint.status", "PASS") catch err; showerror(stderr, err, catch_backtrace()); println(stderr); println("PHASE3_FAIL_qs_joint wall_s=", time()-started); write("/root/B






julia>
ENV["QSX2_ONLY"] = "qs_joint"; started = time(); try include("experiments/scotland/06_qs_joint_and_market_observation/r05_grid.jl"); println("PHASE3_INCLUDE_RETURNED_qs_joint wall_s=", time()-started); write("/root/BF_runs/logs/qs_experiment_w2/phase3_grid_v1_qs_joint.status", "PASS") catch err; showerror(stderr, err, catch_backtrace()); println(stderr); println("PHASE3_FAIL_qs_joint wall_s=", time()-started); write("/root/BF






julia>
ENV["QSX2_ONLY"] = "qs_joint"; started = time(); try include("experiments/scotland/06_qs_joint_and_market_observation/r05_grid.jl"); println("PHASE3_INCLUDE_RETURNED_qs_joint wall_s=", time()-started); write("/root/BF_runs/logs/qs_experiment_w2/phase3_grid_v1_qs_joint.status", "PASS") catch err; showerror(stderr, err, catch_backtrace()); println(stderr); println("PHASE3_FAIL_qs_joint wall_s=", time()-started); write("/root/BF_






julia>
ENV["QSX2_ONLY"] = "qs_joint"; started = time(); try include("experiments/scotland/06_qs_joint_and_market_observation/r05_grid.jl"); println("PHASE3_INCLUDE_RETURNED_qs_joint wall_s=", time()-started); write("/root/BF_runs/logs/qs_experiment_w2/phase3_grid_v1_qs_joint.status", "PASS") catch err; showerror(stderr, err, catch_backtrace()); println(stderr); println("PHASE3_FAIL_qs_joint wall_s=", time()-started); write("/root/BF_r






julia>
ENV["QSX2_ONLY"] = "qs_joint"; started = time(); try include("experiments/scotland/06_qs_joint_and_market_observation/r05_grid.jl"); println("PHASE3_INCLUDE_RETURNED_qs_joint wall_s=", time()-started); write("/root/BF_runs/logs/qs_experiment_w2/phase3_grid_v1_qs_joint.status", "PASS") catch err; showerror(stderr, err, catch_backtrace()); println(stderr); println("PHASE3_FAIL_qs_joint wall_s=", time()-started); write("/root/BF_ru






julia>
ENV["QSX2_ONLY"] = "qs_joint"; started = time(); try include("experiments/scotland/06_qs_joint_and_market_observation/r05_grid.jl"); println("PHASE3_INCLUDE_RETURNED_qs_joint wall_s=", time()-started); write("/root/BF_runs/logs/qs_experiment_w2/phase3_grid_v1_qs_joint.status", "PASS") catch err; showerror(stderr, err, catch_backtrace()); println(stderr); println("PHASE3_FAIL_qs_joint wall_s=", time()-started); write("/root/BF_run






julia>
ENV["QSX2_ONLY"] = "qs_joint"; started = time(); try include("experiments/scotland/06_qs_joint_and_market_observation/r05_grid.jl"); println("PHASE3_INCLUDE_RETURNED_qs_joint wall_s=", time()-started); write("/root/BF_runs/logs/qs_experiment_w2/phase3_grid_v1_qs_joint.status", "PASS") catch err; showerror(stderr, err, catch_backtrace()); println(stderr); println("PHASE3_FAIL_qs_joint wall_s=", time()-started); write("/root/BF_runs






julia>
ENV["QSX2_ONLY"] = "qs_joint"; started = time(); try include("experiments/scotland/06_qs_joint_and_market_observation/r05_grid.jl"); println("PHASE3_INCLUDE_RETURNED_qs_joint wall_s=", time()-started); write("/root/BF_runs/logs/qs_experiment_w2/phase3_grid_v1_qs_joint.status", "PASS") catch err; showerror(stderr, err, catch_backtrace()); println(stderr); println("PHASE3_FAIL_qs_joint wall_s=", time()-started); write("/root/BF_runs/






julia>
ENV["QSX2_ONLY"] = "qs_joint"; started = time(); try include("experiments/scotland/06_qs_joint_and_market_observation/r05_grid.jl"); println("PHASE3_INCLUDE_RETURNED_qs_joint wall_s=", time()-started); write("/root/BF_runs/logs/qs_experiment_w2/phase3_grid_v1_qs_joint.status", "PASS") catch err; showerror(stderr, err, catch_backtrace()); println(stderr); println("PHASE3_FAIL_qs_joint wall_s=", time()-started); write("/root/BF_runs/l






julia>
ENV["QSX2_ONLY"] = "qs_joint"; started = time(); try include("experiments/scotland/06_qs_joint_and_market_observation/r05_grid.jl"); println("PHASE3_INCLUDE_RETURNED_qs_joint wall_s=", time()-started); write("/root/BF_runs/logs/qs_experiment_w2/phase3_grid_v1_qs_joint.status", "PASS") catch err; showerror(stderr, err, catch_backtrace()); println(stderr); println("PHASE3_FAIL_qs_joint wall_s=", time()-started); write("/root/BF_runs/lo






julia>
ENV["QSX2_ONLY"] = "qs_joint"; started = time(); try include("experiments/scotland/06_qs_joint_and_market_observation/r05_grid.jl"); println("PHASE3_INCLUDE_RETURNED_qs_joint wall_s=", time()-started); write("/root/BF_runs/logs/qs_experiment_w2/phase3_grid_v1_qs_joint.status", "PASS") catch err; showerror(stderr, err, catch_backtrace()); println(stderr); println("PHASE3_FAIL_qs_joint wall_s=", time()-started); write("/root/BF_runs/log






julia>
ENV["QSX2_ONLY"] = "qs_joint"; started = time(); try include("experiments/scotland/06_qs_joint_and_market_observation/r05_grid.jl"); println("PHASE3_INCLUDE_RETURNED_qs_joint wall_s=", time()-started); write("/root/BF_runs/logs/qs_experiment_w2/phase3_grid_v1_qs_joint.status", "PASS") catch err; showerror(stderr, err, catch_backtrace()); println(stderr); println("PHASE3_FAIL_qs_joint wall_s=", time()-started); write("/root/BF_runs/logs






julia>
ENV["QSX2_ONLY"] = "qs_joint"; started = time(); try include("experiments/scotland/06_qs_joint_and_market_observation/r05_grid.jl"); println("PHASE3_INCLUDE_RETURNED_qs_joint wall_s=", time()-started); write("/root/BF_runs/logs/qs_experiment_w2/phase3_grid_v1_qs_joint.status", "PASS") catch err; showerror(stderr, err, catch_backtrace()); println(stderr); println("PHASE3_FAIL_qs_joint wall_s=", time()-started); write("/root/BF_runs/logs/






julia>
ENV["QSX2_ONLY"] = "qs_joint"; started = time(); try include("experiments/scotland/06_qs_joint_and_market_observation/r05_grid.jl"); println("PHASE3_INCLUDE_RETURNED_qs_joint wall_s=", time()-started); write("/root/BF_runs/logs/qs_experiment_w2/phase3_grid_v1_qs_joint.status", "PASS") catch err; showerror(stderr, err, catch_backtrace()); println(stderr); println("PHASE3_FAIL_qs_joint wall_s=", time()-started); write("/root/BF_runs/logs/q






julia>
ENV["QSX2_ONLY"] = "qs_joint"; started = time(); try include("experiments/scotland/06_qs_joint_and_market_observation/r05_grid.jl"); println("PHASE3_INCLUDE_RETURNED_qs_joint wall_s=", time()-started); write("/root/BF_runs/logs/qs_experiment_w2/phase3_grid_v1_qs_joint.status", "PASS") catch err; showerror(stderr, err, catch_backtrace()); println(stderr); println("PHASE3_FAIL_qs_joint wall_s=", time()-started); write("/root/BF_runs/logs/qs






julia>
ENV["QSX2_ONLY"] = "qs_joint"; started = time(); try include("experiments/scotland/06_qs_joint_and_market_observation/r05_grid.jl"); println("PHASE3_INCLUDE_RETURNED_qs_joint wall_s=", time()-started); write("/root/BF_runs/logs/qs_experiment_w2/phase3_grid_v1_qs_joint.status", "PASS") catch err; showerror(stderr, err, catch_backtrace()); println(stderr); println("PHASE3_FAIL_qs_joint wall_s=", time()-started); write("/root/BF_runs/logs/qs_






julia>
ENV["QSX2_ONLY"] = "qs_joint"; started = time(); try include("experiments/scotland/06_qs_joint_and_market_observation/r05_grid.jl"); println("PHASE3_INCLUDE_RETURNED_qs_joint wall_s=", time()-started); write("/root/BF_runs/logs/qs_experiment_w2/phase3_grid_v1_qs_joint.status", "PASS") catch err; showerror(stderr, err, catch_backtrace()); println(stderr); println("PHASE3_FAIL_qs_joint wall_s=", time()-started); write("/root/BF_runs/logs/qs_e






julia>
ENV["QSX2_ONLY"] = "qs_joint"; started = time(); try include("experiments/scotland/06_qs_joint_and_market_observation/r05_grid.jl"); println("PHASE3_INCLUDE_RETURNED_qs_joint wall_s=", time()-started); write("/root/BF_runs/logs/qs_experiment_w2/phase3_grid_v1_qs_joint.status", "PASS") catch err; showerror(stderr, err, catch_backtrace()); println(stderr); println("PHASE3_FAIL_qs_joint wall_s=", time()-started); write("/root/BF_runs/logs/qs_ex






julia>
ENV["QSX2_ONLY"] = "qs_joint"; started = time(); try include("experiments/scotland/06_qs_joint_and_market_observation/r05_grid.jl"); println("PHASE3_INCLUDE_RETURNED_qs_joint wall_s=", time()-started); write("/root/BF_runs/logs/qs_experiment_w2/phase3_grid_v1_qs_joint.status", "PASS") catch err; showerror(stderr, err, catch_backtrace()); println(stderr); println("PHASE3_FAIL_qs_joint wall_s=", time()-started); write("/root/BF_runs/logs/qs_exp






julia>
ENV["QSX2_ONLY"] = "qs_joint"; started = time(); try include("experiments/scotland/06_qs_joint_and_market_observation/r05_grid.jl"); println("PHASE3_INCLUDE_RETURNED_qs_joint wall_s=", time()-started); write("/root/BF_runs/logs/qs_experiment_w2/phase3_grid_v1_qs_joint.status", "PASS") catch err; showerror(stderr, err, catch_backtrace()); println(stderr); println("PHASE3_FAIL_qs_joint wall_s=", time()-started); write("/root/BF_runs/logs/qs_expe






julia>
ENV["QSX2_ONLY"] = "qs_joint"; started = time(); try include("experiments/scotland/06_qs_joint_and_market_observation/r05_grid.jl"); println("PHASE3_INCLUDE_RETURNED_qs_joint wall_s=", time()-started); write("/root/BF_runs/logs/qs_experiment_w2/phase3_grid_v1_qs_joint.status", "PASS") catch err; showerror(stderr, err, catch_backtrace()); println(stderr); println("PHASE3_FAIL_qs_joint wall_s=", time()-started); write("/root/BF_runs/logs/qs_exper






julia>
ENV["QSX2_ONLY"] = "qs_joint"; started = time(); try include("experiments/scotland/06_qs_joint_and_market_observation/r05_grid.jl"); println("PHASE3_INCLUDE_RETURNED_qs_joint wall_s=", time()-started); write("/root/BF_runs/logs/qs_experiment_w2/phase3_grid_v1_qs_joint.status", "PASS") catch err; showerror(stderr, err, catch_backtrace()); println(stderr); println("PHASE3_FAIL_qs_joint wall_s=", time()-started); write("/root/BF_runs/logs/qs_experi






julia>
ENV["QSX2_ONLY"] = "qs_joint"; started = time(); try include("experiments/scotland/06_qs_joint_and_market_observation/r05_grid.jl"); println("PHASE3_INCLUDE_RETURNED_qs_joint wall_s=", time()-started); write("/root/BF_runs/logs/qs_experiment_w2/phase3_grid_v1_qs_joint.status", "PASS") catch err; showerror(stderr, err, catch_backtrace()); println(stderr); println("PHASE3_FAIL_qs_joint wall_s=", time()-started); write("/root/BF_runs/logs/qs_experim






julia>
ENV["QSX2_ONLY"] = "qs_joint"; started = time(); try include("experiments/scotland/06_qs_joint_and_market_observation/r05_grid.jl"); println("PHASE3_INCLUDE_RETURNED_qs_joint wall_s=", time()-started); write("/root/BF_runs/logs/qs_experiment_w2/phase3_grid_v1_qs_joint.status", "PASS") catch err; showerror(stderr, err, catch_backtrace()); println(stderr); println("PHASE3_FAIL_qs_joint wall_s=", time()-started); write("/root/BF_runs/logs/qs_experime






julia>
ENV["QSX2_ONLY"] = "qs_joint"; started = time(); try include("experiments/scotland/06_qs_joint_and_market_observation/r05_grid.jl"); println("PHASE3_INCLUDE_RETURNED_qs_joint wall_s=", time()-started); write("/root/BF_runs/logs/qs_experiment_w2/phase3_grid_v1_qs_joint.status", "PASS") catch err; showerror(stderr, err, catch_backtrace()); println(stderr); println("PHASE3_FAIL_qs_joint wall_s=", time()-started); write("/root/BF_runs/logs/qs_experimen






julia>
ENV["QSX2_ONLY"] = "qs_joint"; started = time(); try include("experiments/scotland/06_qs_joint_and_market_observation/r05_grid.jl"); println("PHASE3_INCLUDE_RETURNED_qs_joint wall_s=", time()-started); write("/root/BF_runs/logs/qs_experiment_w2/phase3_grid_v1_qs_joint.status", "PASS") catch err; showerror(stderr, err, catch_backtrace()); println(stderr); println("PHASE3_FAIL_qs_joint wall_s=", time()-started); write("/root/BF_runs/logs/qs_experiment






julia>
ENV["QSX2_ONLY"] = "qs_joint"; started = time(); try include("experiments/scotland/06_qs_joint_and_market_observation/r05_grid.jl"); println("PHASE3_INCLUDE_RETURNED_qs_joint wall_s=", time()-started); write("/root/BF_runs/logs/qs_experiment_w2/phase3_grid_v1_qs_joint.status", "PASS") catch err; showerror(stderr, err, catch_backtrace()); println(stderr); println("PHASE3_FAIL_qs_joint wall_s=", time()-started); write("/root/BF_runs/logs/qs_experiment_






julia>
ENV["QSX2_ONLY"] = "qs_joint"; started = time(); try include("experiments/scotland/06_qs_joint_and_market_observation/r05_grid.jl"); println("PHASE3_INCLUDE_RETURNED_qs_joint wall_s=", time()-started); write("/root/BF_runs/logs/qs_experiment_w2/phase3_grid_v1_qs_joint.status", "PASS") catch err; showerror(stderr, err, catch_backtrace()); println(stderr); println("PHASE3_FAIL_qs_joint wall_s=", time()-started); write("/root/BF_runs/logs/qs_experiment_w






julia>
ENV["QSX2_ONLY"] = "qs_joint"; started = time(); try include("experiments/scotland/06_qs_joint_and_market_observation/r05_grid.jl"); println("PHASE3_INCLUDE_RETURNED_qs_joint wall_s=", time()-started); write("/root/BF_runs/logs/qs_experiment_w2/phase3_grid_v1_qs_joint.status", "PASS") catch err; showerror(stderr, err, catch_backtrace()); println(stderr); println("PHASE3_FAIL_qs_joint wall_s=", time()-started); write("/root/BF_runs/logs/qs_experiment_w2






julia>
ENV["QSX2_ONLY"] = "qs_joint"; started = time(); try include("experiments/scotland/06_qs_joint_and_market_observation/r05_grid.jl"); println("PHASE3_INCLUDE_RETURNED_qs_joint wall_s=", time()-started); write("/root/BF_runs/logs/qs_experiment_w2/phase3_grid_v1_qs_joint.status", "PASS") catch err; showerror(stderr, err, catch_backtrace()); println(stderr); println("PHASE3_FAIL_qs_joint wall_s=", time()-started); write("/root/BF_runs/logs/qs_experiment_w2/






julia>
ENV["QSX2_ONLY"] = "qs_joint"; started = time(); try include("experiments/scotland/06_qs_joint_and_market_observation/r05_grid.jl"); println("PHASE3_INCLUDE_RETURNED_qs_joint wall_s=", time()-started); write("/root/BF_runs/logs/qs_experiment_w2/phase3_grid_v1_qs_joint.status", "PASS") catch err; showerror(stderr, err, catch_backtrace()); println(stderr); println("PHASE3_FAIL_qs_joint wall_s=", time()-started); write("/root/BF_runs/logs/qs_experiment_w2/p






julia>
ENV["QSX2_ONLY"] = "qs_joint"; started = time(); try include("experiments/scotland/06_qs_joint_and_market_observation/r05_grid.jl"); println("PHASE3_INCLUDE_RETURNED_qs_joint wall_s=", time()-started); write("/root/BF_runs/logs/qs_experiment_w2/phase3_grid_v1_qs_joint.status", "PASS") catch err; showerror(stderr, err, catch_backtrace()); println(stderr); println("PHASE3_FAIL_qs_joint wall_s=", time()-started); write("/root/BF_runs/logs/qs_experiment_w2/ph






julia>
ENV["QSX2_ONLY"] = "qs_joint"; started = time(); try include("experiments/scotland/06_qs_joint_and_market_observation/r05_grid.jl"); println("PHASE3_INCLUDE_RETURNED_qs_joint wall_s=", time()-started); write("/root/BF_runs/logs/qs_experiment_w2/phase3_grid_v1_qs_joint.status", "PASS") catch err; showerror(stderr, err, catch_backtrace()); println(stderr); println("PHASE3_FAIL_qs_joint wall_s=", time()-started); write("/root/BF_runs/logs/qs_experiment_w2/pha






julia>
ENV["QSX2_ONLY"] = "qs_joint"; started = time(); try include("experiments/scotland/06_qs_joint_and_market_observation/r05_grid.jl"); println("PHASE3_INCLUDE_RETURNED_qs_joint wall_s=", time()-started); write("/root/BF_runs/logs/qs_experiment_w2/phase3_grid_v1_qs_joint.status", "PASS") catch err; showerror(stderr, err, catch_backtrace()); println(stderr); println("PHASE3_FAIL_qs_joint wall_s=", time()-started); write("/root/BF_runs/logs/qs_experiment_w2/phas






julia>
ENV["QSX2_ONLY"] = "qs_joint"; started = time(); try include("experiments/scotland/06_qs_joint_and_market_observation/r05_grid.jl"); println("PHASE3_INCLUDE_RETURNED_qs_joint wall_s=", time()-started); write("/root/BF_runs/logs/qs_experiment_w2/phase3_grid_v1_qs_joint.status", "PASS") catch err; showerror(stderr, err, catch_backtrace()); println(stderr); println("PHASE3_FAIL_qs_joint wall_s=", time()-started); write("/root/BF_runs/logs/qs_experiment_w2/phase






julia>
ENV["QSX2_ONLY"] = "qs_joint"; started = time(); try include("experiments/scotland/06_qs_joint_and_market_observation/r05_grid.jl"); println("PHASE3_INCLUDE_RETURNED_qs_joint wall_s=", time()-started); write("/root/BF_runs/logs/qs_experiment_w2/phase3_grid_v1_qs_joint.status", "PASS") catch err; showerror(stderr, err, catch_backtrace()); println(stderr); println("PHASE3_FAIL_qs_joint wall_s=", time()-started); write("/root/BF_runs/logs/qs_experiment_w2/phase3






julia>
ENV["QSX2_ONLY"] = "qs_joint"; started = time(); try include("experiments/scotland/06_qs_joint_and_market_observation/r05_grid.jl"); println("PHASE3_INCLUDE_RETURNED_qs_joint wall_s=", time()-started); write("/root/BF_runs/logs/qs_experiment_w2/phase3_grid_v1_qs_joint.status", "PASS") catch err; showerror(stderr, err, catch_backtrace()); println(stderr); println("PHASE3_FAIL_qs_joint wall_s=", time()-started); write("/root/BF_runs/logs/qs_experiment_w2/phase3_






julia>
ENV["QSX2_ONLY"] = "qs_joint"; started = time(); try include("experiments/scotland/06_qs_joint_and_market_observation/r05_grid.jl"); println("PHASE3_INCLUDE_RETURNED_qs_joint wall_s=", time()-started); write("/root/BF_runs/logs/qs_experiment_w2/phase3_grid_v1_qs_joint.status", "PASS") catch err; showerror(stderr, err, catch_backtrace()); println(stderr); println("PHASE3_FAIL_qs_joint wall_s=", time()-started); write("/root/BF_runs/logs/qs_experiment_w2/phase3_g






julia>
ENV["QSX2_ONLY"] = "qs_joint"; started = time(); try include("experiments/scotland/06_qs_joint_and_market_observation/r05_grid.jl"); println("PHASE3_INCLUDE_RETURNED_qs_joint wall_s=", time()-started); write("/root/BF_runs/logs/qs_experiment_w2/phase3_grid_v1_qs_joint.status", "PASS") catch err; showerror(stderr, err, catch_backtrace()); println(stderr); println("PHASE3_FAIL_qs_joint wall_s=", time()-started); write("/root/BF_runs/logs/qs_experiment_w2/phase3_gr






julia>
ENV["QSX2_ONLY"] = "qs_joint"; started = time(); try include("experiments/scotland/06_qs_joint_and_market_observation/r05_grid.jl"); println("PHASE3_INCLUDE_RETURNED_qs_joint wall_s=", time()-started); write("/root/BF_runs/logs/qs_experiment_w2/phase3_grid_v1_qs_joint.status", "PASS") catch err; showerror(stderr, err, catch_backtrace()); println(stderr); println("PHASE3_FAIL_qs_joint wall_s=", time()-started); write("/root/BF_runs/logs/qs_experiment_w2/phase3_gri






julia>
ENV["QSX2_ONLY"] = "qs_joint"; started = time(); try include("experiments/scotland/06_qs_joint_and_market_observation/r05_grid.jl"); println("PHASE3_INCLUDE_RETURNED_qs_joint wall_s=", time()-started); write("/root/BF_runs/logs/qs_experiment_w2/phase3_grid_v1_qs_joint.status", "PASS") catch err; showerror(stderr, err, catch_backtrace()); println(stderr); println("PHASE3_FAIL_qs_joint wall_s=", time()-started); write("/root/BF_runs/logs/qs_experiment_w2/phase3_grid






julia>
ENV["QSX2_ONLY"] = "qs_joint"; started = time(); try include("experiments/scotland/06_qs_joint_and_market_observation/r05_grid.jl"); println("PHASE3_INCLUDE_RETURNED_qs_joint wall_s=", time()-started); write("/root/BF_runs/logs/qs_experiment_w2/phase3_grid_v1_qs_joint.status", "PASS") catch err; showerror(stderr, err, catch_backtrace()); println(stderr); println("PHASE3_FAIL_qs_joint wall_s=", time()-started); write("/root/BF_runs/logs/qs_experiment_w2/phase3_grid_






julia>
ENV["QSX2_ONLY"] = "qs_joint"; started = time(); try include("experiments/scotland/06_qs_joint_and_market_observation/r05_grid.jl"); println("PHASE3_INCLUDE_RETURNED_qs_joint wall_s=", time()-started); write("/root/BF_runs/logs/qs_experiment_w2/phase3_grid_v1_qs_joint.status", "PASS") catch err; showerror(stderr, err, catch_backtrace()); println(stderr); println("PHASE3_FAIL_qs_joint wall_s=", time()-started); write("/root/BF_runs/logs/qs_experiment_w2/phase3_grid_v






julia>
ENV["QSX2_ONLY"] = "qs_joint"; started = time(); try include("experiments/scotland/06_qs_joint_and_market_observation/r05_grid.jl"); println("PHASE3_INCLUDE_RETURNED_qs_joint wall_s=", time()-started); write("/root/BF_runs/logs/qs_experiment_w2/phase3_grid_v1_qs_joint.status", "PASS") catch err; showerror(stderr, err, catch_backtrace()); println(stderr); println("PHASE3_FAIL_qs_joint wall_s=", time()-started); write("/root/BF_runs/logs/qs_experiment_w2/phase3_grid_v1






julia>
ENV["QSX2_ONLY"] = "qs_joint"; started = time(); try include("experiments/scotland/06_qs_joint_and_market_observation/r05_grid.jl"); println("PHASE3_INCLUDE_RETURNED_qs_joint wall_s=", time()-started); write("/root/BF_runs/logs/qs_experiment_w2/phase3_grid_v1_qs_joint.status", "PASS") catch err; showerror(stderr, err, catch_backtrace()); println(stderr); println("PHASE3_FAIL_qs_joint wall_s=", time()-started); write("/root/BF_runs/logs/qs_experiment_w2/phase3_grid_v1_






julia>
ENV["QSX2_ONLY"] = "qs_joint"; started = time(); try include("experiments/scotland/06_qs_joint_and_market_observation/r05_grid.jl"); println("PHASE3_INCLUDE_RETURNED_qs_joint wall_s=", time()-started); write("/root/BF_runs/logs/qs_experiment_w2/phase3_grid_v1_qs_joint.status", "PASS") catch err; showerror(stderr, err, catch_backtrace()); println(stderr); println("PHASE3_FAIL_qs_joint wall_s=", time()-started); write("/root/BF_runs/logs/qs_experiment_w2/phase3_grid_v1_q









julia>
ENV["QSX2_ONLY"] = "qs_joint"; started = time(); try include("experiments/scotland/06_qs_joint_and_market_observation/r05_grid.jl"); println("PHASE3_INCLUDE_RETURNED_qs_joint wall_s=", time()-started); write("/root/BF_runs/logs/qs_experiment_w2/phase3_grid_v1_qs_joint.status", "PASS") catch err; showerror(stderr, err, catch_backtrace()); println(stderr); println("PHASE3_FAIL_qs_joint wall_s=", time()-started); write("/root/BF_runs/logs/qs_experiment_w2/phase3_grid_v1_qs







julia>
ENV["QSX2_ONLY"] = "qs_joint"; started = time(); try include("experiments/scotland/06_qs_joint_and_market_observation/r05_grid.jl"); println("PHASE3_INCLUDE_RETURNED_qs_joint wall_s=", time()-started); write("/root/BF_runs/logs/qs_experiment_w2/phase3_grid_v1_qs_joint.status", "PASS") catch err; showerror(stderr, err, catch_backtrace()); println(stderr); println("PHASE3_FAIL_qs_joint wall_s=", time()-started); write("/root/BF_runs/logs/qs_experiment_w2/phase3_grid_v1_qs_







julia>
ENV["QSX2_ONLY"] = "qs_joint"; started = time(); try include("experiments/scotland/06_qs_joint_and_market_observation/r05_grid.jl"); println("PHASE3_INCLUDE_RETURNED_qs_joint wall_s=", time()-started); write("/root/BF_runs/logs/qs_experiment_w2/phase3_grid_v1_qs_joint.status", "PASS") catch err; showerror(stderr, err, catch_backtrace()); println(stderr); println("PHASE3_FAIL_qs_joint wall_s=", time()-started); write("/root/BF_runs/logs/qs_experiment_w2/phase3_grid_v1_qs_j







julia>
ENV["QSX2_ONLY"] = "qs_joint"; started = time(); try include("experiments/scotland/06_qs_joint_and_market_observation/r05_grid.jl"); println("PHASE3_INCLUDE_RETURNED_qs_joint wall_s=", time()-started); write("/root/BF_runs/logs/qs_experiment_w2/phase3_grid_v1_qs_joint.status", "PASS") catch err; showerror(stderr, err, catch_backtrace()); println(stderr); println("PHASE3_FAIL_qs_joint wall_s=", time()-started); write("/root/BF_runs/logs/qs_experiment_w2/phase3_grid_v1_qs_jo







julia>
ENV["QSX2_ONLY"] = "qs_joint"; started = time(); try include("experiments/scotland/06_qs_joint_and_market_observation/r05_grid.jl"); println("PHASE3_INCLUDE_RETURNED_qs_joint wall_s=", time()-started); write("/root/BF_runs/logs/qs_experiment_w2/phase3_grid_v1_qs_joint.status", "PASS") catch err; showerror(stderr, err, catch_backtrace()); println(stderr); println("PHASE3_FAIL_qs_joint wall_s=", time()-started); write("/root/BF_runs/logs/qs_experiment_w2/phase3_grid_v1_qs_joi







julia>
ENV["QSX2_ONLY"] = "qs_joint"; started = time(); try include("experiments/scotland/06_qs_joint_and_market_observation/r05_grid.jl"); println("PHASE3_INCLUDE_RETURNED_qs_joint wall_s=", time()-started); write("/root/BF_runs/logs/qs_experiment_w2/phase3_grid_v1_qs_joint.status", "PASS") catch err; showerror(stderr, err, catch_backtrace()); println(stderr); println("PHASE3_FAIL_qs_joint wall_s=", time()-started); write("/root/BF_runs/logs/qs_experiment_w2/phase3_grid_v1_qs_join







julia>
ENV["QSX2_ONLY"] = "qs_joint"; started = time(); try include("experiments/scotland/06_qs_joint_and_market_observation/r05_grid.jl"); println("PHASE3_INCLUDE_RETURNED_qs_joint wall_s=", time()-started); write("/root/BF_runs/logs/qs_experiment_w2/phase3_grid_v1_qs_joint.status", "PASS") catch err; showerror(stderr, err, catch_backtrace()); println(stderr); println("PHASE3_FAIL_qs_joint wall_s=", time()-started); write("/root/BF_runs/logs/qs_experiment_w2/phase3_grid_v1_qs_joint







julia>
ENV["QSX2_ONLY"] = "qs_joint"; started = time(); try include("experiments/scotland/06_qs_joint_and_market_observation/r05_grid.jl"); println("PHASE3_INCLUDE_RETURNED_qs_joint wall_s=", time()-started); write("/root/BF_runs/logs/qs_experiment_w2/phase3_grid_v1_qs_joint.status", "PASS") catch err; showerror(stderr, err, catch_backtrace()); println(stderr); println("PHASE3_FAIL_qs_joint wall_s=", time()-started); write("/root/BF_runs/logs/qs_experiment_w2/phase3_grid_v1_qs_joint.







julia>
ENV["QSX2_ONLY"] = "qs_joint"; started = time(); try include("experiments/scotland/06_qs_joint_and_market_observation/r05_grid.jl"); println("PHASE3_INCLUDE_RETURNED_qs_joint wall_s=", time()-started); write("/root/BF_runs/logs/qs_experiment_w2/phase3_grid_v1_qs_joint.status", "PASS") catch err; showerror(stderr, err, catch_backtrace()); println(stderr); println("PHASE3_FAIL_qs_joint wall_s=", time()-started); write("/root/BF_runs/logs/qs_experiment_w2/phase3_grid_v1_qs_joint.s







julia>
ENV["QSX2_ONLY"] = "qs_joint"; started = time(); try include("experiments/scotland/06_qs_joint_and_market_observation/r05_grid.jl"); println("PHASE3_INCLUDE_RETURNED_qs_joint wall_s=", time()-started); write("/root/BF_runs/logs/qs_experiment_w2/phase3_grid_v1_qs_joint.status", "PASS") catch err; showerror(stderr, err, catch_backtrace()); println(stderr); println("PHASE3_FAIL_qs_joint wall_s=", time()-started); write("/root/BF_runs/logs/qs_experiment_w2/phase3_grid_v1_qs_joint.st







julia>
ENV["QSX2_ONLY"] = "qs_joint"; started = time(); try include("experiments/scotland/06_qs_joint_and_market_observation/r05_grid.jl"); println("PHASE3_INCLUDE_RETURNED_qs_joint wall_s=", time()-started); write("/root/BF_runs/logs/qs_experiment_w2/phase3_grid_v1_qs_joint.status", "PASS") catch err; showerror(stderr, err, catch_backtrace()); println(stderr); println("PHASE3_FAIL_qs_joint wall_s=", time()-started); write("/root/BF_runs/logs/qs_experiment_w2/phase3_grid_v1_qs_joint.sta







julia>
ENV["QSX2_ONLY"] = "qs_joint"; started = time(); try include("experiments/scotland/06_qs_joint_and_market_observation/r05_grid.jl"); println("PHASE3_INCLUDE_RETURNED_qs_joint wall_s=", time()-started); write("/root/BF_runs/logs/qs_experiment_w2/phase3_grid_v1_qs_joint.status", "PASS") catch err; showerror(stderr, err, catch_backtrace()); println(stderr); println("PHASE3_FAIL_qs_joint wall_s=", time()-started); write("/root/BF_runs/logs/qs_experiment_w2/phase3_grid_v1_qs_joint.stat







julia>
ENV["QSX2_ONLY"] = "qs_joint"; started = time(); try include("experiments/scotland/06_qs_joint_and_market_observation/r05_grid.jl"); println("PHASE3_INCLUDE_RETURNED_qs_joint wall_s=", time()-started); write("/root/BF_runs/logs/qs_experiment_w2/phase3_grid_v1_qs_joint.status", "PASS") catch err; showerror(stderr, err, catch_backtrace()); println(stderr); println("PHASE3_FAIL_qs_joint wall_s=", time()-started); write("/root/BF_runs/logs/qs_experiment_w2/phase3_grid_v1_qs_joint.statu







julia>
ENV["QSX2_ONLY"] = "qs_joint"; started = time(); try include("experiments/scotland/06_qs_joint_and_market_observation/r05_grid.jl"); println("PHASE3_INCLUDE_RETURNED_qs_joint wall_s=", time()-started); write("/root/BF_runs/logs/qs_experiment_w2/phase3_grid_v1_qs_joint.status", "PASS") catch err; showerror(stderr, err, catch_backtrace()); println(stderr); println("PHASE3_FAIL_qs_joint wall_s=", time()-started); write("/root/BF_runs/logs/qs_experiment_w2/phase3_grid_v1_qs_joint.status







julia>
ENV["QSX2_ONLY"] = "qs_joint"; started = time(); try include("experiments/scotland/06_qs_joint_and_market_observation/r05_grid.jl"); println("PHASE3_INCLUDE_RETURNED_qs_joint wall_s=", time()-started); write("/root/BF_runs/logs/qs_experiment_w2/phase3_grid_v1_qs_joint.status", "PASS") catch err; showerror(stderr, err, catch_backtrace()); println(stderr); println("PHASE3_FAIL_qs_joint wall_s=", time()-started); write("/root/BF_runs/logs/qs_experiment_w2/phase3_grid_v1_qs_joint.status"







julia>
ENV["QSX2_ONLY"] = "qs_joint"; started = time(); try include("experiments/scotland/06_qs_joint_and_market_observation/r05_grid.jl"); println("PHASE3_INCLUDE_RETURNED_qs_joint wall_s=", time()-started); write("/root/BF_runs/logs/qs_experiment_w2/phase3_grid_v1_qs_joint.status", "PASS") catch err; showerror(stderr, err, catch_backtrace()); println(stderr); println("PHASE3_FAIL_qs_joint wall_s=", time()-started); write("/root/BF_runs/logs/qs_experiment_w2/phase3_grid_v1_qs_joint.status",







julia>
ENV["QSX2_ONLY"] = "qs_joint"; started = time(); try include("experiments/scotland/06_qs_joint_and_market_observation/r05_grid.jl"); println("PHASE3_INCLUDE_RETURNED_qs_joint wall_s=", time()-started); write("/root/BF_runs/logs/qs_experiment_w2/phase3_grid_v1_qs_joint.status", "PASS") catch err; showerror(stderr, err, catch_backtrace()); println(stderr); println("PHASE3_FAIL_qs_joint wall_s=", time()-started); write("/root/BF_runs/logs/qs_experiment_w2/phase3_grid_v1_qs_joint.status",







julia>
ENV["QSX2_ONLY"] = "qs_joint"; started = time(); try include("experiments/scotland/06_qs_joint_and_market_observation/r05_grid.jl"); println("PHASE3_INCLUDE_RETURNED_qs_joint wall_s=", time()-started); write("/root/BF_runs/logs/qs_experiment_w2/phase3_grid_v1_qs_joint.status", "PASS") catch err; showerror(stderr, err, catch_backtrace()); println(stderr); println("PHASE3_FAIL_qs_joint wall_s=", time()-started); write("/root/BF_runs/logs/qs_experiment_w2/phase3_grid_v1_qs_joint.status", "







julia>
ENV["QSX2_ONLY"] = "qs_joint"; started = time(); try include("experiments/scotland/06_qs_joint_and_market_observation/r05_grid.jl"); println("PHASE3_INCLUDE_RETURNED_qs_joint wall_s=", time()-started); write("/root/BF_runs/logs/qs_experiment_w2/phase3_grid_v1_qs_joint.status", "PASS") catch err; showerror(stderr, err, catch_backtrace()); println(stderr); println("PHASE3_FAIL_qs_joint wall_s=", time()-started); write("/root/BF_runs/logs/qs_experiment_w2/phase3_grid_v1_qs_joint.status", "F







julia>
ENV["QSX2_ONLY"] = "qs_joint"; started = time(); try include("experiments/scotland/06_qs_joint_and_market_observation/r05_grid.jl"); println("PHASE3_INCLUDE_RETURNED_qs_joint wall_s=", time()-started); write("/root/BF_runs/logs/qs_experiment_w2/phase3_grid_v1_qs_joint.status", "PASS") catch err; showerror(stderr, err, catch_backtrace()); println(stderr); println("PHASE3_FAIL_qs_joint wall_s=", time()-started); write("/root/BF_runs/logs/qs_experiment_w2/phase3_grid_v1_qs_joint.status", "FA







julia>
ENV["QSX2_ONLY"] = "qs_joint"; started = time(); try include("experiments/scotland/06_qs_joint_and_market_observation/r05_grid.jl"); println("PHASE3_INCLUDE_RETURNED_qs_joint wall_s=", time()-started); write("/root/BF_runs/logs/qs_experiment_w2/phase3_grid_v1_qs_joint.status", "PASS") catch err; showerror(stderr, err, catch_backtrace()); println(stderr); println("PHASE3_FAIL_qs_joint wall_s=", time()-started); write("/root/BF_runs/logs/qs_experiment_w2/phase3_grid_v1_qs_joint.status", "FAI







julia>
ENV["QSX2_ONLY"] = "qs_joint"; started = time(); try include("experiments/scotland/06_qs_joint_and_market_observation/r05_grid.jl"); println("PHASE3_INCLUDE_RETURNED_qs_joint wall_s=", time()-started); write("/root/BF_runs/logs/qs_experiment_w2/phase3_grid_v1_qs_joint.status", "PASS") catch err; showerror(stderr, err, catch_backtrace()); println(stderr); println("PHASE3_FAIL_qs_joint wall_s=", time()-started); write("/root/BF_runs/logs/qs_experiment_w2/phase3_grid_v1_qs_joint.status", "FAIL







julia>
ENV["QSX2_ONLY"] = "qs_joint"; started = time(); try include("experiments/scotland/06_qs_joint_and_market_observation/r05_grid.jl"); println("PHASE3_INCLUDE_RETURNED_qs_joint wall_s=", time()-started); write("/root/BF_runs/logs/qs_experiment_w2/phase3_grid_v1_qs_joint.status", "PASS") catch err; showerror(stderr, err, catch_backtrace()); println(stderr); println("PHASE3_FAIL_qs_joint wall_s=", time()-started); write("/root/BF_runs/logs/qs_experiment_w2/phase3_grid_v1_qs_joint.status", "FAIL"







julia>
ENV["QSX2_ONLY"] = "qs_joint"; started = time(); try include("experiments/scotland/06_qs_joint_and_market_observation/r05_grid.jl"); println("PHASE3_INCLUDE_RETURNED_qs_joint wall_s=", time()-started); write("/root/BF_runs/logs/qs_experiment_w2/phase3_grid_v1_qs_joint.status", "PASS") catch err; showerror(stderr, err, catch_backtrace()); println(stderr); println("PHASE3_FAIL_qs_joint wall_s=", time()-started); write("/root/BF_runs/logs/qs_experiment_w2/phase3_grid_v1_qs_joint.status", "FAIL")







julia>
ENV["QSX2_ONLY"] = "qs_joint"; started = time(); try include("experiments/scotland/06_qs_joint_and_market_observation/r05_grid.jl"); println("PHASE3_INCLUDE_RETURNED_qs_joint wall_s=", time()-started); write("/root/BF_runs/logs/qs_experiment_w2/phase3_grid_v1_qs_joint.status", "PASS") catch err; showerror(stderr, err, catch_backtrace()); println(stderr); println("PHASE3_FAIL_qs_joint wall_s=", time()-started); write("/root/BF_runs/logs/qs_experiment_w2/phase3_grid_v1_qs_joint.status", "FAIL")







julia>
ENV["QSX2_ONLY"] = "qs_joint"; started = time(); try include("experiments/scotland/06_qs_joint_and_market_observation/r05_grid.jl"); println("PHASE3_INCLUDE_RETURNED_qs_joint wall_s=", time()-started); write("/root/BF_runs/logs/qs_experiment_w2/phase3_grid_v1_qs_joint.status", "PASS") catch err; showerror(stderr, err, catch_backtrace()); println(stderr); println("PHASE3_FAIL_qs_joint wall_s=", time()-started); write("/root/BF_runs/logs/qs_experiment_w2/phase3_grid_v1_qs_joint.status", "FAIL") e







julia>
ENV["QSX2_ONLY"] = "qs_joint"; started = time(); try include("experiments/scotland/06_qs_joint_and_market_observation/r05_grid.jl"); println("PHASE3_INCLUDE_RETURNED_qs_joint wall_s=", time()-started); write("/root/BF_runs/logs/qs_experiment_w2/phase3_grid_v1_qs_joint.status", "PASS") catch err; showerror(stderr, err, catch_backtrace()); println(stderr); println("PHASE3_FAIL_qs_joint wall_s=", time()-started); write("/root/BF_runs/logs/qs_experiment_w2/phase3_grid_v1_qs_joint.status", "FAIL") en







julia>
ENV["QSX2_ONLY"] = "qs_joint"; started = time(); try include("experiments/scotland/06_qs_joint_and_market_observation/r05_grid.jl"); println("PHASE3_INCLUDE_RETURNED_qs_joint wall_s=", time()-started); write("/root/BF_runs/logs/qs_experiment_w2/phase3_grid_v1_qs_joint.status", "PASS") catch err; showerror(stderr, err, catch_backtrace()); println(stderr); println("PHASE3_FAIL_qs_joint wall_s=", time()-started); write("/root/BF_runs/logs/qs_experiment_w2/phase3_grid_v1_qs_joint.status", "FAIL") end







julia>
ENV["QSX2_ONLY"] = "qs_joint"; started = time(); try include("experiments/scotland/06_qs_joint_and_market_observation/r05_grid.jl"); println("PHASE3_INCLUDE_RETURNED_qs_joint wall_s=", time()-started); write("/root/BF_runs/logs/qs_experiment_w2/phase3_grid_v1_qs_joint.status", "PASS") catch err; showerror(stderr, err, catch_backtrace()); println(stderr); println("PHASE3_FAIL_qs_joint wall_s=", time()-started); write("/root/BF_runs/logs/qs_experiment_w2/phase3_grid_v1_qs_joint.status", "FAIL") end;







julia>
ENV["QSX2_ONLY"] = "qs_joint"; started = time(); try include("experiments/scotland/06_qs_joint_and_market_observation/r05_grid.jl"); println("PHASE3_INCLUDE_RETURNED_qs_joint wall_s=", time()-started); write("/root/BF_runs/logs/qs_experiment_w2/phase3_grid_v1_qs_joint.status", "PASS") catch err; showerror(stderr, err, catch_backtrace()); println(stderr); println("PHASE3_FAIL_qs_joint wall_s=", time()-started); write("/root/BF_runs/logs/qs_experiment_w2/phase3_grid_v1_qs_joint.status", "FAIL") end;







julia>
ENV["QSX2_ONLY"] = "qs_joint"; started = time(); try include("experiments/scotland/06_qs_joint_and_market_observation/r05_grid.jl"); println("PHASE3_INCLUDE_RETURNED_qs_joint wall_s=", time()-started); write("/root/BF_runs/logs/qs_experiment_w2/phase3_grid_v1_qs_joint.status", "PASS") catch err; showerror(stderr, err, catch_backtrace()); println(stderr); println("PHASE3_FAIL_qs_joint wall_s=", time()-started); write("/root/BF_runs/logs/qs_experiment_w2/phase3_grid_v1_qs_joint.status", "FAIL") end; w







julia>
ENV["QSX2_ONLY"] = "qs_joint"; started = time(); try include("experiments/scotland/06_qs_joint_and_market_observation/r05_grid.jl"); println("PHASE3_INCLUDE_RETURNED_qs_joint wall_s=", time()-started); write("/root/BF_runs/logs/qs_experiment_w2/phase3_grid_v1_qs_joint.status", "PASS") catch err; showerror(stderr, err, catch_backtrace()); println(stderr); println("PHASE3_FAIL_qs_joint wall_s=", time()-started); write("/root/BF_runs/logs/qs_experiment_w2/phase3_grid_v1_qs_joint.status", "FAIL") end; wr







julia>
ENV["QSX2_ONLY"] = "qs_joint"; started = time(); try include("experiments/scotland/06_qs_joint_and_market_observation/r05_grid.jl"); println("PHASE3_INCLUDE_RETURNED_qs_joint wall_s=", time()-started); write("/root/BF_runs/logs/qs_experiment_w2/phase3_grid_v1_qs_joint.status", "PASS") catch err; showerror(stderr, err, catch_backtrace()); println(stderr); println("PHASE3_FAIL_qs_joint wall_s=", time()-started); write("/root/BF_runs/logs/qs_experiment_w2/phase3_grid_v1_qs_joint.status", "FAIL") end; wri







julia>
ENV["QSX2_ONLY"] = "qs_joint"; started = time(); try include("experiments/scotland/06_qs_joint_and_market_observation/r05_grid.jl"); println("PHASE3_INCLUDE_RETURNED_qs_joint wall_s=", time()-started); write("/root/BF_runs/logs/qs_experiment_w2/phase3_grid_v1_qs_joint.status", "PASS") catch err; showerror(stderr, err, catch_backtrace()); println(stderr); println("PHASE3_FAIL_qs_joint wall_s=", time()-started); write("/root/BF_runs/logs/qs_experiment_w2/phase3_grid_v1_qs_joint.status", "FAIL") end; writ







julia>
ENV["QSX2_ONLY"] = "qs_joint"; started = time(); try include("experiments/scotland/06_qs_joint_and_market_observation/r05_grid.jl"); println("PHASE3_INCLUDE_RETURNED_qs_joint wall_s=", time()-started); write("/root/BF_runs/logs/qs_experiment_w2/phase3_grid_v1_qs_joint.status", "PASS") catch err; showerror(stderr, err, catch_backtrace()); println(stderr); println("PHASE3_FAIL_qs_joint wall_s=", time()-started); write("/root/BF_runs/logs/qs_experiment_w2/phase3_grid_v1_qs_joint.status", "FAIL") end; write







julia>
ENV["QSX2_ONLY"] = "qs_joint"; started = time(); try include("experiments/scotland/06_qs_joint_and_market_observation/r05_grid.jl"); println("PHASE3_INCLUDE_RETURNED_qs_joint wall_s=", time()-started); write("/root/BF_runs/logs/qs_experiment_w2/phase3_grid_v1_qs_joint.status", "PASS") catch err; showerror(stderr, err, catch_backtrace()); println(stderr); println("PHASE3_FAIL_qs_joint wall_s=", time()-started); write("/root/BF_runs/logs/qs_experiment_w2/phase3_grid_v1_qs_joint.status", "FAIL") end; write(







julia>
ENV["QSX2_ONLY"] = "qs_joint"; started = time(); try include("experiments/scotland/06_qs_joint_and_market_observation/r05_grid.jl"); println("PHASE3_INCLUDE_RETURNED_qs_joint wall_s=", time()-started); write("/root/BF_runs/logs/qs_experiment_w2/phase3_grid_v1_qs_joint.status", "PASS") catch err; showerror(stderr, err, catch_backtrace()); println(stderr); println("PHASE3_FAIL_qs_joint wall_s=", time()-started); write("/root/BF_runs/logs/qs_experiment_w2/phase3_grid_v1_qs_joint.status", "FAIL") end; write("







julia>
ENV["QSX2_ONLY"] = "qs_joint"; started = time(); try include("experiments/scotland/06_qs_joint_and_market_observation/r05_grid.jl"); println("PHASE3_INCLUDE_RETURNED_qs_joint wall_s=", time()-started); write("/root/BF_runs/logs/qs_experiment_w2/phase3_grid_v1_qs_joint.status", "PASS") catch err; showerror(stderr, err, catch_backtrace()); println(stderr); println("PHASE3_FAIL_qs_joint wall_s=", time()-started); write("/root/BF_runs/logs/qs_experiment_w2/phase3_grid_v1_qs_joint.status", "FAIL") end; write("/







julia>
ENV["QSX2_ONLY"] = "qs_joint"; started = time(); try include("experiments/scotland/06_qs_joint_and_market_observation/r05_grid.jl"); println("PHASE3_INCLUDE_RETURNED_qs_joint wall_s=", time()-started); write("/root/BF_runs/logs/qs_experiment_w2/phase3_grid_v1_qs_joint.status", "PASS") catch err; showerror(stderr, err, catch_backtrace()); println(stderr); println("PHASE3_FAIL_qs_joint wall_s=", time()-started); write("/root/BF_runs/logs/qs_experiment_w2/phase3_grid_v1_qs_joint.status", "FAIL") end; write("/r







julia>
ENV["QSX2_ONLY"] = "qs_joint"; started = time(); try include("experiments/scotland/06_qs_joint_and_market_observation/r05_grid.jl"); println("PHASE3_INCLUDE_RETURNED_qs_joint wall_s=", time()-started); write("/root/BF_runs/logs/qs_experiment_w2/phase3_grid_v1_qs_joint.status", "PASS") catch err; showerror(stderr, err, catch_backtrace()); println(stderr); println("PHASE3_FAIL_qs_joint wall_s=", time()-started); write("/root/BF_runs/logs/qs_experiment_w2/phase3_grid_v1_qs_joint.status", "FAIL") end; write("/ro







julia>
ENV["QSX2_ONLY"] = "qs_joint"; started = time(); try include("experiments/scotland/06_qs_joint_and_market_observation/r05_grid.jl"); println("PHASE3_INCLUDE_RETURNED_qs_joint wall_s=", time()-started); write("/root/BF_runs/logs/qs_experiment_w2/phase3_grid_v1_qs_joint.status", "PASS") catch err; showerror(stderr, err, catch_backtrace()); println(stderr); println("PHASE3_FAIL_qs_joint wall_s=", time()-started); write("/root/BF_runs/logs/qs_experiment_w2/phase3_grid_v1_qs_joint.status", "FAIL") end; write("/roo







julia>
ENV["QSX2_ONLY"] = "qs_joint"; started = time(); try include("experiments/scotland/06_qs_joint_and_market_observation/r05_grid.jl"); println("PHASE3_INCLUDE_RETURNED_qs_joint wall_s=", time()-started); write("/root/BF_runs/logs/qs_experiment_w2/phase3_grid_v1_qs_joint.status", "PASS") catch err; showerror(stderr, err, catch_backtrace()); println(stderr); println("PHASE3_FAIL_qs_joint wall_s=", time()-started); write("/root/BF_runs/logs/qs_experiment_w2/phase3_grid_v1_qs_joint.status", "FAIL") end; write("/root







julia>
ENV["QSX2_ONLY"] = "qs_joint"; started = time(); try include("experiments/scotland/06_qs_joint_and_market_observation/r05_grid.jl"); println("PHASE3_INCLUDE_RETURNED_qs_joint wall_s=", time()-started); write("/root/BF_runs/logs/qs_experiment_w2/phase3_grid_v1_qs_joint.status", "PASS") catch err; showerror(stderr, err, catch_backtrace()); println(stderr); println("PHASE3_FAIL_qs_joint wall_s=", time()-started); write("/root/BF_runs/logs/qs_experiment_w2/phase3_grid_v1_qs_joint.status", "FAIL") end; write("/root/







julia>
ENV["QSX2_ONLY"] = "qs_joint"; started = time(); try include("experiments/scotland/06_qs_joint_and_market_observation/r05_grid.jl"); println("PHASE3_INCLUDE_RETURNED_qs_joint wall_s=", time()-started); write("/root/BF_runs/logs/qs_experiment_w2/phase3_grid_v1_qs_joint.status", "PASS") catch err; showerror(stderr, err, catch_backtrace()); println(stderr); println("PHASE3_FAIL_qs_joint wall_s=", time()-started); write("/root/BF_runs/logs/qs_experiment_w2/phase3_grid_v1_qs_joint.status", "FAIL") end; write("/root/B







julia>
ENV["QSX2_ONLY"] = "qs_joint"; started = time(); try include("experiments/scotland/06_qs_joint_and_market_observation/r05_grid.jl"); println("PHASE3_INCLUDE_RETURNED_qs_joint wall_s=", time()-started); write("/root/BF_runs/logs/qs_experiment_w2/phase3_grid_v1_qs_joint.status", "PASS") catch err; showerror(stderr, err, catch_backtrace()); println(stderr); println("PHASE3_FAIL_qs_joint wall_s=", time()-started); write("/root/BF_runs/logs/qs_experiment_w2/phase3_grid_v1_qs_joint.status", "FAIL") end; write("/root/BF







julia>
ENV["QSX2_ONLY"] = "qs_joint"; started = time(); try include("experiments/scotland/06_qs_joint_and_market_observation/r05_grid.jl"); println("PHASE3_INCLUDE_RETURNED_qs_joint wall_s=", time()-started); write("/root/BF_runs/logs/qs_experiment_w2/phase3_grid_v1_qs_joint.status", "PASS") catch err; showerror(stderr, err, catch_backtrace()); println(stderr); println("PHASE3_FAIL_qs_joint wall_s=", time()-started); write("/root/BF_runs/logs/qs_experiment_w2/phase3_grid_v1_qs_joint.status", "FAIL") end; write("/root/BF_







julia>
ENV["QSX2_ONLY"] = "qs_joint"; started = time(); try include("experiments/scotland/06_qs_joint_and_market_observation/r05_grid.jl"); println("PHASE3_INCLUDE_RETURNED_qs_joint wall_s=", time()-started); write("/root/BF_runs/logs/qs_experiment_w2/phase3_grid_v1_qs_joint.status", "PASS") catch err; showerror(stderr, err, catch_backtrace()); println(stderr); println("PHASE3_FAIL_qs_joint wall_s=", time()-started); write("/root/BF_runs/logs/qs_experiment_w2/phase3_grid_v1_qs_joint.status", "FAIL") end; write("/root/BF_r







julia>
ENV["QSX2_ONLY"] = "qs_joint"; started = time(); try include("experiments/scotland/06_qs_joint_and_market_observation/r05_grid.jl"); println("PHASE3_INCLUDE_RETURNED_qs_joint wall_s=", time()-started); write("/root/BF_runs/logs/qs_experiment_w2/phase3_grid_v1_qs_joint.status", "PASS") catch err; showerror(stderr, err, catch_backtrace()); println(stderr); println("PHASE3_FAIL_qs_joint wall_s=", time()-started); write("/root/BF_runs/logs/qs_experiment_w2/phase3_grid_v1_qs_joint.status", "FAIL") end; write("/root/BF_ru







julia>
ENV["QSX2_ONLY"] = "qs_joint"; started = time(); try include("experiments/scotland/06_qs_joint_and_market_observation/r05_grid.jl"); println("PHASE3_INCLUDE_RETURNED_qs_joint wall_s=", time()-started); write("/root/BF_runs/logs/qs_experiment_w2/phase3_grid_v1_qs_joint.status", "PASS") catch err; showerror(stderr, err, catch_backtrace()); println(stderr); println("PHASE3_FAIL_qs_joint wall_s=", time()-started); write("/root/BF_runs/logs/qs_experiment_w2/phase3_grid_v1_qs_joint.status", "FAIL") end; write("/root/BF_run







julia>
ENV["QSX2_ONLY"] = "qs_joint"; started = time(); try include("experiments/scotland/06_qs_joint_and_market_observation/r05_grid.jl"); println("PHASE3_INCLUDE_RETURNED_qs_joint wall_s=", time()-started); write("/root/BF_runs/logs/qs_experiment_w2/phase3_grid_v1_qs_joint.status", "PASS") catch err; showerror(stderr, err, catch_backtrace()); println(stderr); println("PHASE3_FAIL_qs_joint wall_s=", time()-started); write("/root/BF_runs/logs/qs_experiment_w2/phase3_grid_v1_qs_joint.status", "FAIL") end; write("/root/BF_runs







julia>
ENV["QSX2_ONLY"] = "qs_joint"; started = time(); try include("experiments/scotland/06_qs_joint_and_market_observation/r05_grid.jl"); println("PHASE3_INCLUDE_RETURNED_qs_joint wall_s=", time()-started); write("/root/BF_runs/logs/qs_experiment_w2/phase3_grid_v1_qs_joint.status", "PASS") catch err; showerror(stderr, err, catch_backtrace()); println(stderr); println("PHASE3_FAIL_qs_joint wall_s=", time()-started); write("/root/BF_runs/logs/qs_experiment_w2/phase3_grid_v1_qs_joint.status", "FAIL") end; write("/root/BF_runs/







julia>
ENV["QSX2_ONLY"] = "qs_joint"; started = time(); try include("experiments/scotland/06_qs_joint_and_market_observation/r05_grid.jl"); println("PHASE3_INCLUDE_RETURNED_qs_joint wall_s=", time()-started); write("/root/BF_runs/logs/qs_experiment_w2/phase3_grid_v1_qs_joint.status", "PASS") catch err; showerror(stderr, err, catch_backtrace()); println(stderr); println("PHASE3_FAIL_qs_joint wall_s=", time()-started); write("/root/BF_runs/logs/qs_experiment_w2/phase3_grid_v1_qs_joint.status", "FAIL") end; write("/root/BF_runs/l







julia>
ENV["QSX2_ONLY"] = "qs_joint"; started = time(); try include("experiments/scotland/06_qs_joint_and_market_observation/r05_grid.jl"); println("PHASE3_INCLUDE_RETURNED_qs_joint wall_s=", time()-started); write("/root/BF_runs/logs/qs_experiment_w2/phase3_grid_v1_qs_joint.status", "PASS") catch err; showerror(stderr, err, catch_backtrace()); println(stderr); println("PHASE3_FAIL_qs_joint wall_s=", time()-started); write("/root/BF_runs/logs/qs_experiment_w2/phase3_grid_v1_qs_joint.status", "FAIL") end; write("/root/BF_runs/lo







julia>
ENV["QSX2_ONLY"] = "qs_joint"; started = time(); try include("experiments/scotland/06_qs_joint_and_market_observation/r05_grid.jl"); println("PHASE3_INCLUDE_RETURNED_qs_joint wall_s=", time()-started); write("/root/BF_runs/logs/qs_experiment_w2/phase3_grid_v1_qs_joint.status", "PASS") catch err; showerror(stderr, err, catch_backtrace()); println(stderr); println("PHASE3_FAIL_qs_joint wall_s=", time()-started); write("/root/BF_runs/logs/qs_experiment_w2/phase3_grid_v1_qs_joint.status", "FAIL") end; write("/root/BF_runs/log







julia>
ENV["QSX2_ONLY"] = "qs_joint"; started = time(); try include("experiments/scotland/06_qs_joint_and_market_observation/r05_grid.jl"); println("PHASE3_INCLUDE_RETURNED_qs_joint wall_s=", time()-started); write("/root/BF_runs/logs/qs_experiment_w2/phase3_grid_v1_qs_joint.status", "PASS") catch err; showerror(stderr, err, catch_backtrace()); println(stderr); println("PHASE3_FAIL_qs_joint wall_s=", time()-started); write("/root/BF_runs/logs/qs_experiment_w2/phase3_grid_v1_qs_joint.status", "FAIL") end; write("/root/BF_runs/logs







julia>
ENV["QSX2_ONLY"] = "qs_joint"; started = time(); try include("experiments/scotland/06_qs_joint_and_market_observation/r05_grid.jl"); println("PHASE3_INCLUDE_RETURNED_qs_joint wall_s=", time()-started); write("/root/BF_runs/logs/qs_experiment_w2/phase3_grid_v1_qs_joint.status", "PASS") catch err; showerror(stderr, err, catch_backtrace()); println(stderr); println("PHASE3_FAIL_qs_joint wall_s=", time()-started); write("/root/BF_runs/logs/qs_experiment_w2/phase3_grid_v1_qs_joint.status", "FAIL") end; write("/root/BF_runs/logs/







julia>
ENV["QSX2_ONLY"] = "qs_joint"; started = time(); try include("experiments/scotland/06_qs_joint_and_market_observation/r05_grid.jl"); println("PHASE3_INCLUDE_RETURNED_qs_joint wall_s=", time()-started); write("/root/BF_runs/logs/qs_experiment_w2/phase3_grid_v1_qs_joint.status", "PASS") catch err; showerror(stderr, err, catch_backtrace()); println(stderr); println("PHASE3_FAIL_qs_joint wall_s=", time()-started); write("/root/BF_runs/logs/qs_experiment_w2/phase3_grid_v1_qs_joint.status", "FAIL") end; write("/root/BF_runs/logs/q







julia>
ENV["QSX2_ONLY"] = "qs_joint"; started = time(); try include("experiments/scotland/06_qs_joint_and_market_observation/r05_grid.jl"); println("PHASE3_INCLUDE_RETURNED_qs_joint wall_s=", time()-started); write("/root/BF_runs/logs/qs_experiment_w2/phase3_grid_v1_qs_joint.status", "PASS") catch err; showerror(stderr, err, catch_backtrace()); println(stderr); println("PHASE3_FAIL_qs_joint wall_s=", time()-started); write("/root/BF_runs/logs/qs_experiment_w2/phase3_grid_v1_qs_joint.status", "FAIL") end; write("/root/BF_runs/logs/qs







julia>
ENV["QSX2_ONLY"] = "qs_joint"; started = time(); try include("experiments/scotland/06_qs_joint_and_market_observation/r05_grid.jl"); println("PHASE3_INCLUDE_RETURNED_qs_joint wall_s=", time()-started); write("/root/BF_runs/logs/qs_experiment_w2/phase3_grid_v1_qs_joint.status", "PASS") catch err; showerror(stderr, err, catch_backtrace()); println(stderr); println("PHASE3_FAIL_qs_joint wall_s=", time()-started); write("/root/BF_runs/logs/qs_experiment_w2/phase3_grid_v1_qs_joint.status", "FAIL") end; write("/root/BF_runs/logs/qs_







julia>
ENV["QSX2_ONLY"] = "qs_joint"; started = time(); try include("experiments/scotland/06_qs_joint_and_market_observation/r05_grid.jl"); println("PHASE3_INCLUDE_RETURNED_qs_joint wall_s=", time()-started); write("/root/BF_runs/logs/qs_experiment_w2/phase3_grid_v1_qs_joint.status", "PASS") catch err; showerror(stderr, err, catch_backtrace()); println(stderr); println("PHASE3_FAIL_qs_joint wall_s=", time()-started); write("/root/BF_runs/logs/qs_experiment_w2/phase3_grid_v1_qs_joint.status", "FAIL") end; write("/root/BF_runs/logs/qs_e







julia>
ENV["QSX2_ONLY"] = "qs_joint"; started = time(); try include("experiments/scotland/06_qs_joint_and_market_observation/r05_grid.jl"); println("PHASE3_INCLUDE_RETURNED_qs_joint wall_s=", time()-started); write("/root/BF_runs/logs/qs_experiment_w2/phase3_grid_v1_qs_joint.status", "PASS") catch err; showerror(stderr, err, catch_backtrace()); println(stderr); println("PHASE3_FAIL_qs_joint wall_s=", time()-started); write("/root/BF_runs/logs/qs_experiment_w2/phase3_grid_v1_qs_joint.status", "FAIL") end; write("/root/BF_runs/logs/qs_ex







julia>
ENV["QSX2_ONLY"] = "qs_joint"; started = time(); try include("experiments/scotland/06_qs_joint_and_market_observation/r05_grid.jl"); println("PHASE3_INCLUDE_RETURNED_qs_joint wall_s=", time()-started); write("/root/BF_runs/logs/qs_experiment_w2/phase3_grid_v1_qs_joint.status", "PASS") catch err; showerror(stderr, err, catch_backtrace()); println(stderr); println("PHASE3_FAIL_qs_joint wall_s=", time()-started); write("/root/BF_runs/logs/qs_experiment_w2/phase3_grid_v1_qs_joint.status", "FAIL") end; write("/root/BF_runs/logs/qs_exp







julia>
ENV["QSX2_ONLY"] = "qs_joint"; started = time(); try include("experiments/scotland/06_qs_joint_and_market_observation/r05_grid.jl"); println("PHASE3_INCLUDE_RETURNED_qs_joint wall_s=", time()-started); write("/root/BF_runs/logs/qs_experiment_w2/phase3_grid_v1_qs_joint.status", "PASS") catch err; showerror(stderr, err, catch_backtrace()); println(stderr); println("PHASE3_FAIL_qs_joint wall_s=", time()-started); write("/root/BF_runs/logs/qs_experiment_w2/phase3_grid_v1_qs_joint.status", "FAIL") end; write("/root/BF_runs/logs/qs_expe







julia>
ENV["QSX2_ONLY"] = "qs_joint"; started = time(); try include("experiments/scotland/06_qs_joint_and_market_observation/r05_grid.jl"); println("PHASE3_INCLUDE_RETURNED_qs_joint wall_s=", time()-started); write("/root/BF_runs/logs/qs_experiment_w2/phase3_grid_v1_qs_joint.status", "PASS") catch err; showerror(stderr, err, catch_backtrace()); println(stderr); println("PHASE3_FAIL_qs_joint wall_s=", time()-started); write("/root/BF_runs/logs/qs_experiment_w2/phase3_grid_v1_qs_joint.status", "FAIL") end; write("/root/BF_runs/logs/qs_exper







julia>
ENV["QSX2_ONLY"] = "qs_joint"; started = time(); try include("experiments/scotland/06_qs_joint_and_market_observation/r05_grid.jl"); println("PHASE3_INCLUDE_RETURNED_qs_joint wall_s=", time()-started); write("/root/BF_runs/logs/qs_experiment_w2/phase3_grid_v1_qs_joint.status", "PASS") catch err; showerror(stderr, err, catch_backtrace()); println(stderr); println("PHASE3_FAIL_qs_joint wall_s=", time()-started); write("/root/BF_runs/logs/qs_experiment_w2/phase3_grid_v1_qs_joint.status", "FAIL") end; write("/root/BF_runs/logs/qs_experi







julia>
ENV["QSX2_ONLY"] = "qs_joint"; started = time(); try include("experiments/scotland/06_qs_joint_and_market_observation/r05_grid.jl"); println("PHASE3_INCLUDE_RETURNED_qs_joint wall_s=", time()-started); write("/root/BF_runs/logs/qs_experiment_w2/phase3_grid_v1_qs_joint.status", "PASS") catch err; showerror(stderr, err, catch_backtrace()); println(stderr); println("PHASE3_FAIL_qs_joint wall_s=", time()-started); write("/root/BF_runs/logs/qs_experiment_w2/phase3_grid_v1_qs_joint.status", "FAIL") end; write("/root/BF_runs/logs/qs_experim







julia>
ENV["QSX2_ONLY"] = "qs_joint"; started = time(); try include("experiments/scotland/06_qs_joint_and_market_observation/r05_grid.jl"); println("PHASE3_INCLUDE_RETURNED_qs_joint wall_s=", time()-started); write("/root/BF_runs/logs/qs_experiment_w2/phase3_grid_v1_qs_joint.status", "PASS") catch err; showerror(stderr, err, catch_backtrace()); println(stderr); println("PHASE3_FAIL_qs_joint wall_s=", time()-started); write("/root/BF_runs/logs/qs_experiment_w2/phase3_grid_v1_qs_joint.status", "FAIL") end; write("/root/BF_runs/logs/qs_experime







julia>
ENV["QSX2_ONLY"] = "qs_joint"; started = time(); try include("experiments/scotland/06_qs_joint_and_market_observation/r05_grid.jl"); println("PHASE3_INCLUDE_RETURNED_qs_joint wall_s=", time()-started); write("/root/BF_runs/logs/qs_experiment_w2/phase3_grid_v1_qs_joint.status", "PASS") catch err; showerror(stderr, err, catch_backtrace()); println(stderr); println("PHASE3_FAIL_qs_joint wall_s=", time()-started); write("/root/BF_runs/logs/qs_experiment_w2/phase3_grid_v1_qs_joint.status", "FAIL") end; write("/root/BF_runs/logs/qs_experimen







julia>
ENV["QSX2_ONLY"] = "qs_joint"; started = time(); try include("experiments/scotland/06_qs_joint_and_market_observation/r05_grid.jl"); println("PHASE3_INCLUDE_RETURNED_qs_joint wall_s=", time()-started); write("/root/BF_runs/logs/qs_experiment_w2/phase3_grid_v1_qs_joint.status", "PASS") catch err; showerror(stderr, err, catch_backtrace()); println(stderr); println("PHASE3_FAIL_qs_joint wall_s=", time()-started); write("/root/BF_runs/logs/qs_experiment_w2/phase3_grid_v1_qs_joint.status", "FAIL") end; write("/root/BF_runs/logs/qs_experiment







julia>
ENV["QSX2_ONLY"] = "qs_joint"; started = time(); try include("experiments/scotland/06_qs_joint_and_market_observation/r05_grid.jl"); println("PHASE3_INCLUDE_RETURNED_qs_joint wall_s=", time()-started); write("/root/BF_runs/logs/qs_experiment_w2/phase3_grid_v1_qs_joint.status", "PASS") catch err; showerror(stderr, err, catch_backtrace()); println(stderr); println("PHASE3_FAIL_qs_joint wall_s=", time()-started); write("/root/BF_runs/logs/qs_experiment_w2/phase3_grid_v1_qs_joint.status", "FAIL") end; write("/root/BF_runs/logs/qs_experiment_







julia>
ENV["QSX2_ONLY"] = "qs_joint"; started = time(); try include("experiments/scotland/06_qs_joint_and_market_observation/r05_grid.jl"); println("PHASE3_INCLUDE_RETURNED_qs_joint wall_s=", time()-started); write("/root/BF_runs/logs/qs_experiment_w2/phase3_grid_v1_qs_joint.status", "PASS") catch err; showerror(stderr, err, catch_backtrace()); println(stderr); println("PHASE3_FAIL_qs_joint wall_s=", time()-started); write("/root/BF_runs/logs/qs_experiment_w2/phase3_grid_v1_qs_joint.status", "FAIL") end; write("/root/BF_runs/logs/qs_experiment_w







julia>
ENV["QSX2_ONLY"] = "qs_joint"; started = time(); try include("experiments/scotland/06_qs_joint_and_market_observation/r05_grid.jl"); println("PHASE3_INCLUDE_RETURNED_qs_joint wall_s=", time()-started); write("/root/BF_runs/logs/qs_experiment_w2/phase3_grid_v1_qs_joint.status", "PASS") catch err; showerror(stderr, err, catch_backtrace()); println(stderr); println("PHASE3_FAIL_qs_joint wall_s=", time()-started); write("/root/BF_runs/logs/qs_experiment_w2/phase3_grid_v1_qs_joint.status", "FAIL") end; write("/root/BF_runs/logs/qs_experiment_w2







julia>
ENV["QSX2_ONLY"] = "qs_joint"; started = time(); try include("experiments/scotland/06_qs_joint_and_market_observation/r05_grid.jl"); println("PHASE3_INCLUDE_RETURNED_qs_joint wall_s=", time()-started); write("/root/BF_runs/logs/qs_experiment_w2/phase3_grid_v1_qs_joint.status", "PASS") catch err; showerror(stderr, err, catch_backtrace()); println(stderr); println("PHASE3_FAIL_qs_joint wall_s=", time()-started); write("/root/BF_runs/logs/qs_experiment_w2/phase3_grid_v1_qs_joint.status", "FAIL") end; write("/root/BF_runs/logs/qs_experiment_w2/







julia>
ENV["QSX2_ONLY"] = "qs_joint"; started = time(); try include("experiments/scotland/06_qs_joint_and_market_observation/r05_grid.jl"); println("PHASE3_INCLUDE_RETURNED_qs_joint wall_s=", time()-started); write("/root/BF_runs/logs/qs_experiment_w2/phase3_grid_v1_qs_joint.status", "PASS") catch err; showerror(stderr, err, catch_backtrace()); println(stderr); println("PHASE3_FAIL_qs_joint wall_s=", time()-started); write("/root/BF_runs/logs/qs_experiment_w2/phase3_grid_v1_qs_joint.status", "FAIL") end; write("/root/BF_runs/logs/qs_experiment_w2/p







julia>
ENV["QSX2_ONLY"] = "qs_joint"; started = time(); try include("experiments/scotland/06_qs_joint_and_market_observation/r05_grid.jl"); println("PHASE3_INCLUDE_RETURNED_qs_joint wall_s=", time()-started); write("/root/BF_runs/logs/qs_experiment_w2/phase3_grid_v1_qs_joint.status", "PASS") catch err; showerror(stderr, err, catch_backtrace()); println(stderr); println("PHASE3_FAIL_qs_joint wall_s=", time()-started); write("/root/BF_runs/logs/qs_experiment_w2/phase3_grid_v1_qs_joint.status", "FAIL") end; write("/root/BF_runs/logs/qs_experiment_w2/ph







julia>
ENV["QSX2_ONLY"] = "qs_joint"; started = time(); try include("experiments/scotland/06_qs_joint_and_market_observation/r05_grid.jl"); println("PHASE3_INCLUDE_RETURNED_qs_joint wall_s=", time()-started); write("/root/BF_runs/logs/qs_experiment_w2/phase3_grid_v1_qs_joint.status", "PASS") catch err; showerror(stderr, err, catch_backtrace()); println(stderr); println("PHASE3_FAIL_qs_joint wall_s=", time()-started); write("/root/BF_runs/logs/qs_experiment_w2/phase3_grid_v1_qs_joint.status", "FAIL") end; write("/root/BF_runs/logs/qs_experiment_w2/pha







julia>
ENV["QSX2_ONLY"] = "qs_joint"; started = time(); try include("experiments/scotland/06_qs_joint_and_market_observation/r05_grid.jl"); println("PHASE3_INCLUDE_RETURNED_qs_joint wall_s=", time()-started); write("/root/BF_runs/logs/qs_experiment_w2/phase3_grid_v1_qs_joint.status", "PASS") catch err; showerror(stderr, err, catch_backtrace()); println(stderr); println("PHASE3_FAIL_qs_joint wall_s=", time()-started); write("/root/BF_runs/logs/qs_experiment_w2/phase3_grid_v1_qs_joint.status", "FAIL") end; write("/root/BF_runs/logs/qs_experiment_w2/phas







julia>
ENV["QSX2_ONLY"] = "qs_joint"; started = time(); try include("experiments/scotland/06_qs_joint_and_market_observation/r05_grid.jl"); println("PHASE3_INCLUDE_RETURNED_qs_joint wall_s=", time()-started); write("/root/BF_runs/logs/qs_experiment_w2/phase3_grid_v1_qs_joint.status", "PASS") catch err; showerror(stderr, err, catch_backtrace()); println(stderr); println("PHASE3_FAIL_qs_joint wall_s=", time()-started); write("/root/BF_runs/logs/qs_experiment_w2/phase3_grid_v1_qs_joint.status", "FAIL") end; write("/root/BF_runs/logs/qs_experiment_w2/phase







julia>
ENV["QSX2_ONLY"] = "qs_joint"; started = time(); try include("experiments/scotland/06_qs_joint_and_market_observation/r05_grid.jl"); println("PHASE3_INCLUDE_RETURNED_qs_joint wall_s=", time()-started); write("/root/BF_runs/logs/qs_experiment_w2/phase3_grid_v1_qs_joint.status", "PASS") catch err; showerror(stderr, err, catch_backtrace()); println(stderr); println("PHASE3_FAIL_qs_joint wall_s=", time()-started); write("/root/BF_runs/logs/qs_experiment_w2/phase3_grid_v1_qs_joint.status", "FAIL") end; write("/root/BF_runs/logs/qs_experiment_w2/phase3







julia>
ENV["QSX2_ONLY"] = "qs_joint"; started = time(); try include("experiments/scotland/06_qs_joint_and_market_observation/r05_grid.jl"); println("PHASE3_INCLUDE_RETURNED_qs_joint wall_s=", time()-started); write("/root/BF_runs/logs/qs_experiment_w2/phase3_grid_v1_qs_joint.status", "PASS") catch err; showerror(stderr, err, catch_backtrace()); println(stderr); println("PHASE3_FAIL_qs_joint wall_s=", time()-started); write("/root/BF_runs/logs/qs_experiment_w2/phase3_grid_v1_qs_joint.status", "FAIL") end; write("/root/BF_runs/logs/qs_experiment_w2/phase3_










julia>
ENV["QSX2_ONLY"] = "qs_joint"; started = time(); try include("experiments/scotland/06_qs_joint_and_market_observation/r05_grid.jl"); println("PHASE3_INCLUDE_RETURNED_qs_joint wall_s=", time()-started); write("/root/BF_runs/logs/qs_experiment_w2/phase3_grid_v1_qs_joint.status", "PASS") catch err; showerror(stderr, err, catch_backtrace()); println(stderr); println("PHASE3_FAIL_qs_joint wall_s=", time()-started); write("/root/BF_runs/logs/qs_experiment_w2/phase3_grid_v1_qs_joint.status", "FAIL") end; write("/root/BF_runs/logs/qs_experiment_w2/phase3_g








julia>
ENV["QSX2_ONLY"] = "qs_joint"; started = time(); try include("experiments/scotland/06_qs_joint_and_market_observation/r05_grid.jl"); println("PHASE3_INCLUDE_RETURNED_qs_joint wall_s=", time()-started); write("/root/BF_runs/logs/qs_experiment_w2/phase3_grid_v1_qs_joint.status", "PASS") catch err; showerror(stderr, err, catch_backtrace()); println(stderr); println("PHASE3_FAIL_qs_joint wall_s=", time()-started); write("/root/BF_runs/logs/qs_experiment_w2/phase3_grid_v1_qs_joint.status", "FAIL") end; write("/root/BF_runs/logs/qs_experiment_w2/phase3_gr








julia>
ENV["QSX2_ONLY"] = "qs_joint"; started = time(); try include("experiments/scotland/06_qs_joint_and_market_observation/r05_grid.jl"); println("PHASE3_INCLUDE_RETURNED_qs_joint wall_s=", time()-started); write("/root/BF_runs/logs/qs_experiment_w2/phase3_grid_v1_qs_joint.status", "PASS") catch err; showerror(stderr, err, catch_backtrace()); println(stderr); println("PHASE3_FAIL_qs_joint wall_s=", time()-started); write("/root/BF_runs/logs/qs_experiment_w2/phase3_grid_v1_qs_joint.status", "FAIL") end; write("/root/BF_runs/logs/qs_experiment_w2/phase3_gri








julia>
ENV["QSX2_ONLY"] = "qs_joint"; started = time(); try include("experiments/scotland/06_qs_joint_and_market_observation/r05_grid.jl"); println("PHASE3_INCLUDE_RETURNED_qs_joint wall_s=", time()-started); write("/root/BF_runs/logs/qs_experiment_w2/phase3_grid_v1_qs_joint.status", "PASS") catch err; showerror(stderr, err, catch_backtrace()); println(stderr); println("PHASE3_FAIL_qs_joint wall_s=", time()-started); write("/root/BF_runs/logs/qs_experiment_w2/phase3_grid_v1_qs_joint.status", "FAIL") end; write("/root/BF_runs/logs/qs_experiment_w2/phase3_grid








julia>
ENV["QSX2_ONLY"] = "qs_joint"; started = time(); try include("experiments/scotland/06_qs_joint_and_market_observation/r05_grid.jl"); println("PHASE3_INCLUDE_RETURNED_qs_joint wall_s=", time()-started); write("/root/BF_runs/logs/qs_experiment_w2/phase3_grid_v1_qs_joint.status", "PASS") catch err; showerror(stderr, err, catch_backtrace()); println(stderr); println("PHASE3_FAIL_qs_joint wall_s=", time()-started); write("/root/BF_runs/logs/qs_experiment_w2/phase3_grid_v1_qs_joint.status", "FAIL") end; write("/root/BF_runs/logs/qs_experiment_w2/phase3_grid_








julia>
ENV["QSX2_ONLY"] = "qs_joint"; started = time(); try include("experiments/scotland/06_qs_joint_and_market_observation/r05_grid.jl"); println("PHASE3_INCLUDE_RETURNED_qs_joint wall_s=", time()-started); write("/root/BF_runs/logs/qs_experiment_w2/phase3_grid_v1_qs_joint.status", "PASS") catch err; showerror(stderr, err, catch_backtrace()); println(stderr); println("PHASE3_FAIL_qs_joint wall_s=", time()-started); write("/root/BF_runs/logs/qs_experiment_w2/phase3_grid_v1_qs_joint.status", "FAIL") end; write("/root/BF_runs/logs/qs_experiment_w2/phase3_grid_v








julia>
ENV["QSX2_ONLY"] = "qs_joint"; started = time(); try include("experiments/scotland/06_qs_joint_and_market_observation/r05_grid.jl"); println("PHASE3_INCLUDE_RETURNED_qs_joint wall_s=", time()-started); write("/root/BF_runs/logs/qs_experiment_w2/phase3_grid_v1_qs_joint.status", "PASS") catch err; showerror(stderr, err, catch_backtrace()); println(stderr); println("PHASE3_FAIL_qs_joint wall_s=", time()-started); write("/root/BF_runs/logs/qs_experiment_w2/phase3_grid_v1_qs_joint.status", "FAIL") end; write("/root/BF_runs/logs/qs_experiment_w2/phase3_grid_v1








julia>
ENV["QSX2_ONLY"] = "qs_joint"; started = time(); try include("experiments/scotland/06_qs_joint_and_market_observation/r05_grid.jl"); println("PHASE3_INCLUDE_RETURNED_qs_joint wall_s=", time()-started); write("/root/BF_runs/logs/qs_experiment_w2/phase3_grid_v1_qs_joint.status", "PASS") catch err; showerror(stderr, err, catch_backtrace()); println(stderr); println("PHASE3_FAIL_qs_joint wall_s=", time()-started); write("/root/BF_runs/logs/qs_experiment_w2/phase3_grid_v1_qs_joint.status", "FAIL") end; write("/root/BF_runs/logs/qs_experiment_w2/phase3_grid_v1_








julia>
ENV["QSX2_ONLY"] = "qs_joint"; started = time(); try include("experiments/scotland/06_qs_joint_and_market_observation/r05_grid.jl"); println("PHASE3_INCLUDE_RETURNED_qs_joint wall_s=", time()-started); write("/root/BF_runs/logs/qs_experiment_w2/phase3_grid_v1_qs_joint.status", "PASS") catch err; showerror(stderr, err, catch_backtrace()); println(stderr); println("PHASE3_FAIL_qs_joint wall_s=", time()-started); write("/root/BF_runs/logs/qs_experiment_w2/phase3_grid_v1_qs_joint.status", "FAIL") end; write("/root/BF_runs/logs/qs_experiment_w2/phase3_grid_v1_q








julia>
ENV["QSX2_ONLY"] = "qs_joint"; started = time(); try include("experiments/scotland/06_qs_joint_and_market_observation/r05_grid.jl"); println("PHASE3_INCLUDE_RETURNED_qs_joint wall_s=", time()-started); write("/root/BF_runs/logs/qs_experiment_w2/phase3_grid_v1_qs_joint.status", "PASS") catch err; showerror(stderr, err, catch_backtrace()); println(stderr); println("PHASE3_FAIL_qs_joint wall_s=", time()-started); write("/root/BF_runs/logs/qs_experiment_w2/phase3_grid_v1_qs_joint.status", "FAIL") end; write("/root/BF_runs/logs/qs_experiment_w2/phase3_grid_v1_qs








julia>
ENV["QSX2_ONLY"] = "qs_joint"; started = time(); try include("experiments/scotland/06_qs_joint_and_market_observation/r05_grid.jl"); println("PHASE3_INCLUDE_RETURNED_qs_joint wall_s=", time()-started); write("/root/BF_runs/logs/qs_experiment_w2/phase3_grid_v1_qs_joint.status", "PASS") catch err; showerror(stderr, err, catch_backtrace()); println(stderr); println("PHASE3_FAIL_qs_joint wall_s=", time()-started); write("/root/BF_runs/logs/qs_experiment_w2/phase3_grid_v1_qs_joint.status", "FAIL") end; write("/root/BF_runs/logs/qs_experiment_w2/phase3_grid_v1_qs_








julia>
ENV["QSX2_ONLY"] = "qs_joint"; started = time(); try include("experiments/scotland/06_qs_joint_and_market_observation/r05_grid.jl"); println("PHASE3_INCLUDE_RETURNED_qs_joint wall_s=", time()-started); write("/root/BF_runs/logs/qs_experiment_w2/phase3_grid_v1_qs_joint.status", "PASS") catch err; showerror(stderr, err, catch_backtrace()); println(stderr); println("PHASE3_FAIL_qs_joint wall_s=", time()-started); write("/root/BF_runs/logs/qs_experiment_w2/phase3_grid_v1_qs_joint.status", "FAIL") end; write("/root/BF_runs/logs/qs_experiment_w2/phase3_grid_v1_qs_j








julia>
ENV["QSX2_ONLY"] = "qs_joint"; started = time(); try include("experiments/scotland/06_qs_joint_and_market_observation/r05_grid.jl"); println("PHASE3_INCLUDE_RETURNED_qs_joint wall_s=", time()-started); write("/root/BF_runs/logs/qs_experiment_w2/phase3_grid_v1_qs_joint.status", "PASS") catch err; showerror(stderr, err, catch_backtrace()); println(stderr); println("PHASE3_FAIL_qs_joint wall_s=", time()-started); write("/root/BF_runs/logs/qs_experiment_w2/phase3_grid_v1_qs_joint.status", "FAIL") end; write("/root/BF_runs/logs/qs_experiment_w2/phase3_grid_v1_qs_jo








julia>
ENV["QSX2_ONLY"] = "qs_joint"; started = time(); try include("experiments/scotland/06_qs_joint_and_market_observation/r05_grid.jl"); println("PHASE3_INCLUDE_RETURNED_qs_joint wall_s=", time()-started); write("/root/BF_runs/logs/qs_experiment_w2/phase3_grid_v1_qs_joint.status", "PASS") catch err; showerror(stderr, err, catch_backtrace()); println(stderr); println("PHASE3_FAIL_qs_joint wall_s=", time()-started); write("/root/BF_runs/logs/qs_experiment_w2/phase3_grid_v1_qs_joint.status", "FAIL") end; write("/root/BF_runs/logs/qs_experiment_w2/phase3_grid_v1_qs_joi








julia>
ENV["QSX2_ONLY"] = "qs_joint"; started = time(); try include("experiments/scotland/06_qs_joint_and_market_observation/r05_grid.jl"); println("PHASE3_INCLUDE_RETURNED_qs_joint wall_s=", time()-started); write("/root/BF_runs/logs/qs_experiment_w2/phase3_grid_v1_qs_joint.status", "PASS") catch err; showerror(stderr, err, catch_backtrace()); println(stderr); println("PHASE3_FAIL_qs_joint wall_s=", time()-started); write("/root/BF_runs/logs/qs_experiment_w2/phase3_grid_v1_qs_joint.status", "FAIL") end; write("/root/BF_runs/logs/qs_experiment_w2/phase3_grid_v1_qs_join








julia>
ENV["QSX2_ONLY"] = "qs_joint"; started = time(); try include("experiments/scotland/06_qs_joint_and_market_observation/r05_grid.jl"); println("PHASE3_INCLUDE_RETURNED_qs_joint wall_s=", time()-started); write("/root/BF_runs/logs/qs_experiment_w2/phase3_grid_v1_qs_joint.status", "PASS") catch err; showerror(stderr, err, catch_backtrace()); println(stderr); println("PHASE3_FAIL_qs_joint wall_s=", time()-started); write("/root/BF_runs/logs/qs_experiment_w2/phase3_grid_v1_qs_joint.status", "FAIL") end; write("/root/BF_runs/logs/qs_experiment_w2/phase3_grid_v1_qs_joint








julia>
ENV["QSX2_ONLY"] = "qs_joint"; started = time(); try include("experiments/scotland/06_qs_joint_and_market_observation/r05_grid.jl"); println("PHASE3_INCLUDE_RETURNED_qs_joint wall_s=", time()-started); write("/root/BF_runs/logs/qs_experiment_w2/phase3_grid_v1_qs_joint.status", "PASS") catch err; showerror(stderr, err, catch_backtrace()); println(stderr); println("PHASE3_FAIL_qs_joint wall_s=", time()-started); write("/root/BF_runs/logs/qs_experiment_w2/phase3_grid_v1_qs_joint.status", "FAIL") end; write("/root/BF_runs/logs/qs_experiment_w2/phase3_grid_v1_qs_joint.








julia>
ENV["QSX2_ONLY"] = "qs_joint"; started = time(); try include("experiments/scotland/06_qs_joint_and_market_observation/r05_grid.jl"); println("PHASE3_INCLUDE_RETURNED_qs_joint wall_s=", time()-started); write("/root/BF_runs/logs/qs_experiment_w2/phase3_grid_v1_qs_joint.status", "PASS") catch err; showerror(stderr, err, catch_backtrace()); println(stderr); println("PHASE3_FAIL_qs_joint wall_s=", time()-started); write("/root/BF_runs/logs/qs_experiment_w2/phase3_grid_v1_qs_joint.status", "FAIL") end; write("/root/BF_runs/logs/qs_experiment_w2/phase3_grid_v1_qs_joint.n








julia>
ENV["QSX2_ONLY"] = "qs_joint"; started = time(); try include("experiments/scotland/06_qs_joint_and_market_observation/r05_grid.jl"); println("PHASE3_INCLUDE_RETURNED_qs_joint wall_s=", time()-started); write("/root/BF_runs/logs/qs_experiment_w2/phase3_grid_v1_qs_joint.status", "PASS") catch err; showerror(stderr, err, catch_backtrace()); println(stderr); println("PHASE3_FAIL_qs_joint wall_s=", time()-started); write("/root/BF_runs/logs/qs_experiment_w2/phase3_grid_v1_qs_joint.status", "FAIL") end; write("/root/BF_runs/logs/qs_experiment_w2/phase3_grid_v1_qs_joint.no








julia>
ENV["QSX2_ONLY"] = "qs_joint"; started = time(); try include("experiments/scotland/06_qs_joint_and_market_observation/r05_grid.jl"); println("PHASE3_INCLUDE_RETURNED_qs_joint wall_s=", time()-started); write("/root/BF_runs/logs/qs_experiment_w2/phase3_grid_v1_qs_joint.status", "PASS") catch err; showerror(stderr, err, catch_backtrace()); println(stderr); println("PHASE3_FAIL_qs_joint wall_s=", time()-started); write("/root/BF_runs/logs/qs_experiment_w2/phase3_grid_v1_qs_joint.status", "FAIL") end; write("/root/BF_runs/logs/qs_experiment_w2/phase3_grid_v1_qs_joint.not








julia>
ENV["QSX2_ONLY"] = "qs_joint"; started = time(); try include("experiments/scotland/06_qs_joint_and_market_observation/r05_grid.jl"); println("PHASE3_INCLUDE_RETURNED_qs_joint wall_s=", time()-started); write("/root/BF_runs/logs/qs_experiment_w2/phase3_grid_v1_qs_joint.status", "PASS") catch err; showerror(stderr, err, catch_backtrace()); println(stderr); println("PHASE3_FAIL_qs_joint wall_s=", time()-started); write("/root/BF_runs/logs/qs_experiment_w2/phase3_grid_v1_qs_joint.status", "FAIL") end; write("/root/BF_runs/logs/qs_experiment_w2/phase3_grid_v1_qs_joint.noti








julia>
ENV["QSX2_ONLY"] = "qs_joint"; started = time(); try include("experiments/scotland/06_qs_joint_and_market_observation/r05_grid.jl"); println("PHASE3_INCLUDE_RETURNED_qs_joint wall_s=", time()-started); write("/root/BF_runs/logs/qs_experiment_w2/phase3_grid_v1_qs_joint.status", "PASS") catch err; showerror(stderr, err, catch_backtrace()); println(stderr); println("PHASE3_FAIL_qs_joint wall_s=", time()-started); write("/root/BF_runs/logs/qs_experiment_w2/phase3_grid_v1_qs_joint.status", "FAIL") end; write("/root/BF_runs/logs/qs_experiment_w2/phase3_grid_v1_qs_joint.notif








julia>
ENV["QSX2_ONLY"] = "qs_joint"; started = time(); try include("experiments/scotland/06_qs_joint_and_market_observation/r05_grid.jl"); println("PHASE3_INCLUDE_RETURNED_qs_joint wall_s=", time()-started); write("/root/BF_runs/logs/qs_experiment_w2/phase3_grid_v1_qs_joint.status", "PASS") catch err; showerror(stderr, err, catch_backtrace()); println(stderr); println("PHASE3_FAIL_qs_joint wall_s=", time()-started); write("/root/BF_runs/logs/qs_experiment_w2/phase3_grid_v1_qs_joint.status", "FAIL") end; write("/root/BF_runs/logs/qs_experiment_w2/phase3_grid_v1_qs_joint.notify








julia>
ENV["QSX2_ONLY"] = "qs_joint"; started = time(); try include("experiments/scotland/06_qs_joint_and_market_observation/r05_grid.jl"); println("PHASE3_INCLUDE_RETURNED_qs_joint wall_s=", time()-started); write("/root/BF_runs/logs/qs_experiment_w2/phase3_grid_v1_qs_joint.status", "PASS") catch err; showerror(stderr, err, catch_backtrace()); println(stderr); println("PHASE3_FAIL_qs_joint wall_s=", time()-started); write("/root/BF_runs/logs/qs_experiment_w2/phase3_grid_v1_qs_joint.status", "FAIL") end; write("/root/BF_runs/logs/qs_experiment_w2/phase3_grid_v1_qs_joint.notify"








julia>
ENV["QSX2_ONLY"] = "qs_joint"; started = time(); try include("experiments/scotland/06_qs_joint_and_market_observation/r05_grid.jl"); println("PHASE3_INCLUDE_RETURNED_qs_joint wall_s=", time()-started); write("/root/BF_runs/logs/qs_experiment_w2/phase3_grid_v1_qs_joint.status", "PASS") catch err; showerror(stderr, err, catch_backtrace()); println(stderr); println("PHASE3_FAIL_qs_joint wall_s=", time()-started); write("/root/BF_runs/logs/qs_experiment_w2/phase3_grid_v1_qs_joint.status", "FAIL") end; write("/root/BF_runs/logs/qs_experiment_w2/phase3_grid_v1_qs_joint.notify",








julia>
ENV["QSX2_ONLY"] = "qs_joint"; started = time(); try include("experiments/scotland/06_qs_joint_and_market_observation/r05_grid.jl"); println("PHASE3_INCLUDE_RETURNED_qs_joint wall_s=", time()-started); write("/root/BF_runs/logs/qs_experiment_w2/phase3_grid_v1_qs_joint.status", "PASS") catch err; showerror(stderr, err, catch_backtrace()); println(stderr); println("PHASE3_FAIL_qs_joint wall_s=", time()-started); write("/root/BF_runs/logs/qs_experiment_w2/phase3_grid_v1_qs_joint.status", "FAIL") end; write("/root/BF_runs/logs/qs_experiment_w2/phase3_grid_v1_qs_joint.notify",








julia>
ENV["QSX2_ONLY"] = "qs_joint"; started = time(); try include("experiments/scotland/06_qs_joint_and_market_observation/r05_grid.jl"); println("PHASE3_INCLUDE_RETURNED_qs_joint wall_s=", time()-started); write("/root/BF_runs/logs/qs_experiment_w2/phase3_grid_v1_qs_joint.status", "PASS") catch err; showerror(stderr, err, catch_backtrace()); println(stderr); println("PHASE3_FAIL_qs_joint wall_s=", time()-started); write("/root/BF_runs/logs/qs_experiment_w2/phase3_grid_v1_qs_joint.status", "FAIL") end; write("/root/BF_runs/logs/qs_experiment_w2/phase3_grid_v1_qs_joint.notify", r








julia>
ENV["QSX2_ONLY"] = "qs_joint"; started = time(); try include("experiments/scotland/06_qs_joint_and_market_observation/r05_grid.jl"); println("PHASE3_INCLUDE_RETURNED_qs_joint wall_s=", time()-started); write("/root/BF_runs/logs/qs_experiment_w2/phase3_grid_v1_qs_joint.status", "PASS") catch err; showerror(stderr, err, catch_backtrace()); println(stderr); println("PHASE3_FAIL_qs_joint wall_s=", time()-started); write("/root/BF_runs/logs/qs_experiment_w2/phase3_grid_v1_qs_joint.status", "FAIL") end; write("/root/BF_runs/logs/qs_experiment_w2/phase3_grid_v1_qs_joint.notify", re








julia>
ENV["QSX2_ONLY"] = "qs_joint"; started = time(); try include("experiments/scotland/06_qs_joint_and_market_observation/r05_grid.jl"); println("PHASE3_INCLUDE_RETURNED_qs_joint wall_s=", time()-started); write("/root/BF_runs/logs/qs_experiment_w2/phase3_grid_v1_qs_joint.status", "PASS") catch err; showerror(stderr, err, catch_backtrace()); println(stderr); println("PHASE3_FAIL_qs_joint wall_s=", time()-started); write("/root/BF_runs/logs/qs_experiment_w2/phase3_grid_v1_qs_joint.status", "FAIL") end; write("/root/BF_runs/logs/qs_experiment_w2/phase3_grid_v1_qs_joint.notify", rea








julia>
ENV["QSX2_ONLY"] = "qs_joint"; started = time(); try include("experiments/scotland/06_qs_joint_and_market_observation/r05_grid.jl"); println("PHASE3_INCLUDE_RETURNED_qs_joint wall_s=", time()-started); write("/root/BF_runs/logs/qs_experiment_w2/phase3_grid_v1_qs_joint.status", "PASS") catch err; showerror(stderr, err, catch_backtrace()); println(stderr); println("PHASE3_FAIL_qs_joint wall_s=", time()-started); write("/root/BF_runs/logs/qs_experiment_w2/phase3_grid_v1_qs_joint.status", "FAIL") end; write("/root/BF_runs/logs/qs_experiment_w2/phase3_grid_v1_qs_joint.notify", read








julia>
ENV["QSX2_ONLY"] = "qs_joint"; started = time(); try include("experiments/scotland/06_qs_joint_and_market_observation/r05_grid.jl"); println("PHASE3_INCLUDE_RETURNED_qs_joint wall_s=", time()-started); write("/root/BF_runs/logs/qs_experiment_w2/phase3_grid_v1_qs_joint.status", "PASS") catch err; showerror(stderr, err, catch_backtrace()); println(stderr); println("PHASE3_FAIL_qs_joint wall_s=", time()-started); write("/root/BF_runs/logs/qs_experiment_w2/phase3_grid_v1_qs_joint.status", "FAIL") end; write("/root/BF_runs/logs/qs_experiment_w2/phase3_grid_v1_qs_joint.notify", read(








julia>
ENV["QSX2_ONLY"] = "qs_joint"; started = time(); try include("experiments/scotland/06_qs_joint_and_market_observation/r05_grid.jl"); println("PHASE3_INCLUDE_RETURNED_qs_joint wall_s=", time()-started); write("/root/BF_runs/logs/qs_experiment_w2/phase3_grid_v1_qs_joint.status", "PASS") catch err; showerror(stderr, err, catch_backtrace()); println(stderr); println("PHASE3_FAIL_qs_joint wall_s=", time()-started); write("/root/BF_runs/logs/qs_experiment_w2/phase3_grid_v1_qs_joint.status", "FAIL") end; write("/root/BF_runs/logs/qs_experiment_w2/phase3_grid_v1_qs_joint.notify", read("








julia>
ENV["QSX2_ONLY"] = "qs_joint"; started = time(); try include("experiments/scotland/06_qs_joint_and_market_observation/r05_grid.jl"); println("PHASE3_INCLUDE_RETURNED_qs_joint wall_s=", time()-started); write("/root/BF_runs/logs/qs_experiment_w2/phase3_grid_v1_qs_joint.status", "PASS") catch err; showerror(stderr, err, catch_backtrace()); println(stderr); println("PHASE3_FAIL_qs_joint wall_s=", time()-started); write("/root/BF_runs/logs/qs_experiment_w2/phase3_grid_v1_qs_joint.status", "FAIL") end; write("/root/BF_runs/logs/qs_experiment_w2/phase3_grid_v1_qs_joint.notify", read("/








julia>
ENV["QSX2_ONLY"] = "qs_joint"; started = time(); try include("experiments/scotland/06_qs_joint_and_market_observation/r05_grid.jl"); println("PHASE3_INCLUDE_RETURNED_qs_joint wall_s=", time()-started); write("/root/BF_runs/logs/qs_experiment_w2/phase3_grid_v1_qs_joint.status", "PASS") catch err; showerror(stderr, err, catch_backtrace()); println(stderr); println("PHASE3_FAIL_qs_joint wall_s=", time()-started); write("/root/BF_runs/logs/qs_experiment_w2/phase3_grid_v1_qs_joint.status", "FAIL") end; write("/root/BF_runs/logs/qs_experiment_w2/phase3_grid_v1_qs_joint.notify", read("/r








julia>
ENV["QSX2_ONLY"] = "qs_joint"; started = time(); try include("experiments/scotland/06_qs_joint_and_market_observation/r05_grid.jl"); println("PHASE3_INCLUDE_RETURNED_qs_joint wall_s=", time()-started); write("/root/BF_runs/logs/qs_experiment_w2/phase3_grid_v1_qs_joint.status", "PASS") catch err; showerror(stderr, err, catch_backtrace()); println(stderr); println("PHASE3_FAIL_qs_joint wall_s=", time()-started); write("/root/BF_runs/logs/qs_experiment_w2/phase3_grid_v1_qs_joint.status", "FAIL") end; write("/root/BF_runs/logs/qs_experiment_w2/phase3_grid_v1_qs_joint.notify", read("/ro








julia>
ENV["QSX2_ONLY"] = "qs_joint"; started = time(); try include("experiments/scotland/06_qs_joint_and_market_observation/r05_grid.jl"); println("PHASE3_INCLUDE_RETURNED_qs_joint wall_s=", time()-started); write("/root/BF_runs/logs/qs_experiment_w2/phase3_grid_v1_qs_joint.status", "PASS") catch err; showerror(stderr, err, catch_backtrace()); println(stderr); println("PHASE3_FAIL_qs_joint wall_s=", time()-started); write("/root/BF_runs/logs/qs_experiment_w2/phase3_grid_v1_qs_joint.status", "FAIL") end; write("/root/BF_runs/logs/qs_experiment_w2/phase3_grid_v1_qs_joint.notify", read("/roo








julia>
ENV["QSX2_ONLY"] = "qs_joint"; started = time(); try include("experiments/scotland/06_qs_joint_and_market_observation/r05_grid.jl"); println("PHASE3_INCLUDE_RETURNED_qs_joint wall_s=", time()-started); write("/root/BF_runs/logs/qs_experiment_w2/phase3_grid_v1_qs_joint.status", "PASS") catch err; showerror(stderr, err, catch_backtrace()); println(stderr); println("PHASE3_FAIL_qs_joint wall_s=", time()-started); write("/root/BF_runs/logs/qs_experiment_w2/phase3_grid_v1_qs_joint.status", "FAIL") end; write("/root/BF_runs/logs/qs_experiment_w2/phase3_grid_v1_qs_joint.notify", read("/root








julia>
ENV["QSX2_ONLY"] = "qs_joint"; started = time(); try include("experiments/scotland/06_qs_joint_and_market_observation/r05_grid.jl"); println("PHASE3_INCLUDE_RETURNED_qs_joint wall_s=", time()-started); write("/root/BF_runs/logs/qs_experiment_w2/phase3_grid_v1_qs_joint.status", "PASS") catch err; showerror(stderr, err, catch_backtrace()); println(stderr); println("PHASE3_FAIL_qs_joint wall_s=", time()-started); write("/root/BF_runs/logs/qs_experiment_w2/phase3_grid_v1_qs_joint.status", "FAIL") end; write("/root/BF_runs/logs/qs_experiment_w2/phase3_grid_v1_qs_joint.notify", read("/root/








julia>
ENV["QSX2_ONLY"] = "qs_joint"; started = time(); try include("experiments/scotland/06_qs_joint_and_market_observation/r05_grid.jl"); println("PHASE3_INCLUDE_RETURNED_qs_joint wall_s=", time()-started); write("/root/BF_runs/logs/qs_experiment_w2/phase3_grid_v1_qs_joint.status", "PASS") catch err; showerror(stderr, err, catch_backtrace()); println(stderr); println("PHASE3_FAIL_qs_joint wall_s=", time()-started); write("/root/BF_runs/logs/qs_experiment_w2/phase3_grid_v1_qs_joint.status", "FAIL") end; write("/root/BF_runs/logs/qs_experiment_w2/phase3_grid_v1_qs_joint.notify", read("/root/B








julia>
ENV["QSX2_ONLY"] = "qs_joint"; started = time(); try include("experiments/scotland/06_qs_joint_and_market_observation/r05_grid.jl"); println("PHASE3_INCLUDE_RETURNED_qs_joint wall_s=", time()-started); write("/root/BF_runs/logs/qs_experiment_w2/phase3_grid_v1_qs_joint.status", "PASS") catch err; showerror(stderr, err, catch_backtrace()); println(stderr); println("PHASE3_FAIL_qs_joint wall_s=", time()-started); write("/root/BF_runs/logs/qs_experiment_w2/phase3_grid_v1_qs_joint.status", "FAIL") end; write("/root/BF_runs/logs/qs_experiment_w2/phase3_grid_v1_qs_joint.notify", read("/root/BF








julia>
ENV["QSX2_ONLY"] = "qs_joint"; started = time(); try include("experiments/scotland/06_qs_joint_and_market_observation/r05_grid.jl"); println("PHASE3_INCLUDE_RETURNED_qs_joint wall_s=", time()-started); write("/root/BF_runs/logs/qs_experiment_w2/phase3_grid_v1_qs_joint.status", "PASS") catch err; showerror(stderr, err, catch_backtrace()); println(stderr); println("PHASE3_FAIL_qs_joint wall_s=", time()-started); write("/root/BF_runs/logs/qs_experiment_w2/phase3_grid_v1_qs_joint.status", "FAIL") end; write("/root/BF_runs/logs/qs_experiment_w2/phase3_grid_v1_qs_joint.notify", read("/root/BF_








julia>
ENV["QSX2_ONLY"] = "qs_joint"; started = time(); try include("experiments/scotland/06_qs_joint_and_market_observation/r05_grid.jl"); println("PHASE3_INCLUDE_RETURNED_qs_joint wall_s=", time()-started); write("/root/BF_runs/logs/qs_experiment_w2/phase3_grid_v1_qs_joint.status", "PASS") catch err; showerror(stderr, err, catch_backtrace()); println(stderr); println("PHASE3_FAIL_qs_joint wall_s=", time()-started); write("/root/BF_runs/logs/qs_experiment_w2/phase3_grid_v1_qs_joint.status", "FAIL") end; write("/root/BF_runs/logs/qs_experiment_w2/phase3_grid_v1_qs_joint.notify", read("/root/BF_r








julia>
ENV["QSX2_ONLY"] = "qs_joint"; started = time(); try include("experiments/scotland/06_qs_joint_and_market_observation/r05_grid.jl"); println("PHASE3_INCLUDE_RETURNED_qs_joint wall_s=", time()-started); write("/root/BF_runs/logs/qs_experiment_w2/phase3_grid_v1_qs_joint.status", "PASS") catch err; showerror(stderr, err, catch_backtrace()); println(stderr); println("PHASE3_FAIL_qs_joint wall_s=", time()-started); write("/root/BF_runs/logs/qs_experiment_w2/phase3_grid_v1_qs_joint.status", "FAIL") end; write("/root/BF_runs/logs/qs_experiment_w2/phase3_grid_v1_qs_joint.notify", read("/root/BF_ru








julia>
ENV["QSX2_ONLY"] = "qs_joint"; started = time(); try include("experiments/scotland/06_qs_joint_and_market_observation/r05_grid.jl"); println("PHASE3_INCLUDE_RETURNED_qs_joint wall_s=", time()-started); write("/root/BF_runs/logs/qs_experiment_w2/phase3_grid_v1_qs_joint.status", "PASS") catch err; showerror(stderr, err, catch_backtrace()); println(stderr); println("PHASE3_FAIL_qs_joint wall_s=", time()-started); write("/root/BF_runs/logs/qs_experiment_w2/phase3_grid_v1_qs_joint.status", "FAIL") end; write("/root/BF_runs/logs/qs_experiment_w2/phase3_grid_v1_qs_joint.notify", read("/root/BF_run








julia>
ENV["QSX2_ONLY"] = "qs_joint"; started = time(); try include("experiments/scotland/06_qs_joint_and_market_observation/r05_grid.jl"); println("PHASE3_INCLUDE_RETURNED_qs_joint wall_s=", time()-started); write("/root/BF_runs/logs/qs_experiment_w2/phase3_grid_v1_qs_joint.status", "PASS") catch err; showerror(stderr, err, catch_backtrace()); println(stderr); println("PHASE3_FAIL_qs_joint wall_s=", time()-started); write("/root/BF_runs/logs/qs_experiment_w2/phase3_grid_v1_qs_joint.status", "FAIL") end; write("/root/BF_runs/logs/qs_experiment_w2/phase3_grid_v1_qs_joint.notify", read("/root/BF_runs








julia>
ENV["QSX2_ONLY"] = "qs_joint"; started = time(); try include("experiments/scotland/06_qs_joint_and_market_observation/r05_grid.jl"); println("PHASE3_INCLUDE_RETURNED_qs_joint wall_s=", time()-started); write("/root/BF_runs/logs/qs_experiment_w2/phase3_grid_v1_qs_joint.status", "PASS") catch err; showerror(stderr, err, catch_backtrace()); println(stderr); println("PHASE3_FAIL_qs_joint wall_s=", time()-started); write("/root/BF_runs/logs/qs_experiment_w2/phase3_grid_v1_qs_joint.status", "FAIL") end; write("/root/BF_runs/logs/qs_experiment_w2/phase3_grid_v1_qs_joint.notify", read("/root/BF_runs/








julia>
ENV["QSX2_ONLY"] = "qs_joint"; started = time(); try include("experiments/scotland/06_qs_joint_and_market_observation/r05_grid.jl"); println("PHASE3_INCLUDE_RETURNED_qs_joint wall_s=", time()-started); write("/root/BF_runs/logs/qs_experiment_w2/phase3_grid_v1_qs_joint.status", "PASS") catch err; showerror(stderr, err, catch_backtrace()); println(stderr); println("PHASE3_FAIL_qs_joint wall_s=", time()-started); write("/root/BF_runs/logs/qs_experiment_w2/phase3_grid_v1_qs_joint.status", "FAIL") end; write("/root/BF_runs/logs/qs_experiment_w2/phase3_grid_v1_qs_joint.notify", read("/root/BF_runs/l








julia>
ENV["QSX2_ONLY"] = "qs_joint"; started = time(); try include("experiments/scotland/06_qs_joint_and_market_observation/r05_grid.jl"); println("PHASE3_INCLUDE_RETURNED_qs_joint wall_s=", time()-started); write("/root/BF_runs/logs/qs_experiment_w2/phase3_grid_v1_qs_joint.status", "PASS") catch err; showerror(stderr, err, catch_backtrace()); println(stderr); println("PHASE3_FAIL_qs_joint wall_s=", time()-started); write("/root/BF_runs/logs/qs_experiment_w2/phase3_grid_v1_qs_joint.status", "FAIL") end; write("/root/BF_runs/logs/qs_experiment_w2/phase3_grid_v1_qs_joint.notify", read("/root/BF_runs/lo








julia>
ENV["QSX2_ONLY"] = "qs_joint"; started = time(); try include("experiments/scotland/06_qs_joint_and_market_observation/r05_grid.jl"); println("PHASE3_INCLUDE_RETURNED_qs_joint wall_s=", time()-started); write("/root/BF_runs/logs/qs_experiment_w2/phase3_grid_v1_qs_joint.status", "PASS") catch err; showerror(stderr, err, catch_backtrace()); println(stderr); println("PHASE3_FAIL_qs_joint wall_s=", time()-started); write("/root/BF_runs/logs/qs_experiment_w2/phase3_grid_v1_qs_joint.status", "FAIL") end; write("/root/BF_runs/logs/qs_experiment_w2/phase3_grid_v1_qs_joint.notify", read("/root/BF_runs/log








julia>
ENV["QSX2_ONLY"] = "qs_joint"; started = time(); try include("experiments/scotland/06_qs_joint_and_market_observation/r05_grid.jl"); println("PHASE3_INCLUDE_RETURNED_qs_joint wall_s=", time()-started); write("/root/BF_runs/logs/qs_experiment_w2/phase3_grid_v1_qs_joint.status", "PASS") catch err; showerror(stderr, err, catch_backtrace()); println(stderr); println("PHASE3_FAIL_qs_joint wall_s=", time()-started); write("/root/BF_runs/logs/qs_experiment_w2/phase3_grid_v1_qs_joint.status", "FAIL") end; write("/root/BF_runs/logs/qs_experiment_w2/phase3_grid_v1_qs_joint.notify", read("/root/BF_runs/logs








julia>
ENV["QSX2_ONLY"] = "qs_joint"; started = time(); try include("experiments/scotland/06_qs_joint_and_market_observation/r05_grid.jl"); println("PHASE3_INCLUDE_RETURNED_qs_joint wall_s=", time()-started); write("/root/BF_runs/logs/qs_experiment_w2/phase3_grid_v1_qs_joint.status", "PASS") catch err; showerror(stderr, err, catch_backtrace()); println(stderr); println("PHASE3_FAIL_qs_joint wall_s=", time()-started); write("/root/BF_runs/logs/qs_experiment_w2/phase3_grid_v1_qs_joint.status", "FAIL") end; write("/root/BF_runs/logs/qs_experiment_w2/phase3_grid_v1_qs_joint.notify", read("/root/BF_runs/logs/








julia>
ENV["QSX2_ONLY"] = "qs_joint"; started = time(); try include("experiments/scotland/06_qs_joint_and_market_observation/r05_grid.jl"); println("PHASE3_INCLUDE_RETURNED_qs_joint wall_s=", time()-started); write("/root/BF_runs/logs/qs_experiment_w2/phase3_grid_v1_qs_joint.status", "PASS") catch err; showerror(stderr, err, catch_backtrace()); println(stderr); println("PHASE3_FAIL_qs_joint wall_s=", time()-started); write("/root/BF_runs/logs/qs_experiment_w2/phase3_grid_v1_qs_joint.status", "FAIL") end; write("/root/BF_runs/logs/qs_experiment_w2/phase3_grid_v1_qs_joint.notify", read("/root/BF_runs/logs/q








julia>
ENV["QSX2_ONLY"] = "qs_joint"; started = time(); try include("experiments/scotland/06_qs_joint_and_market_observation/r05_grid.jl"); println("PHASE3_INCLUDE_RETURNED_qs_joint wall_s=", time()-started); write("/root/BF_runs/logs/qs_experiment_w2/phase3_grid_v1_qs_joint.status", "PASS") catch err; showerror(stderr, err, catch_backtrace()); println(stderr); println("PHASE3_FAIL_qs_joint wall_s=", time()-started); write("/root/BF_runs/logs/qs_experiment_w2/phase3_grid_v1_qs_joint.status", "FAIL") end; write("/root/BF_runs/logs/qs_experiment_w2/phase3_grid_v1_qs_joint.notify", read("/root/BF_runs/logs/qs








julia>
ENV["QSX2_ONLY"] = "qs_joint"; started = time(); try include("experiments/scotland/06_qs_joint_and_market_observation/r05_grid.jl"); println("PHASE3_INCLUDE_RETURNED_qs_joint wall_s=", time()-started); write("/root/BF_runs/logs/qs_experiment_w2/phase3_grid_v1_qs_joint.status", "PASS") catch err; showerror(stderr, err, catch_backtrace()); println(stderr); println("PHASE3_FAIL_qs_joint wall_s=", time()-started); write("/root/BF_runs/logs/qs_experiment_w2/phase3_grid_v1_qs_joint.status", "FAIL") end; write("/root/BF_runs/logs/qs_experiment_w2/phase3_grid_v1_qs_joint.notify", read("/root/BF_runs/logs/qs_








julia>
ENV["QSX2_ONLY"] = "qs_joint"; started = time(); try include("experiments/scotland/06_qs_joint_and_market_observation/r05_grid.jl"); println("PHASE3_INCLUDE_RETURNED_qs_joint wall_s=", time()-started); write("/root/BF_runs/logs/qs_experiment_w2/phase3_grid_v1_qs_joint.status", "PASS") catch err; showerror(stderr, err, catch_backtrace()); println(stderr); println("PHASE3_FAIL_qs_joint wall_s=", time()-started); write("/root/BF_runs/logs/qs_experiment_w2/phase3_grid_v1_qs_joint.status", "FAIL") end; write("/root/BF_runs/logs/qs_experiment_w2/phase3_grid_v1_qs_joint.notify", read("/root/BF_runs/logs/qs_e








julia>
ENV["QSX2_ONLY"] = "qs_joint"; started = time(); try include("experiments/scotland/06_qs_joint_and_market_observation/r05_grid.jl"); println("PHASE3_INCLUDE_RETURNED_qs_joint wall_s=", time()-started); write("/root/BF_runs/logs/qs_experiment_w2/phase3_grid_v1_qs_joint.status", "PASS") catch err; showerror(stderr, err, catch_backtrace()); println(stderr); println("PHASE3_FAIL_qs_joint wall_s=", time()-started); write("/root/BF_runs/logs/qs_experiment_w2/phase3_grid_v1_qs_joint.status", "FAIL") end; write("/root/BF_runs/logs/qs_experiment_w2/phase3_grid_v1_qs_joint.notify", read("/root/BF_runs/logs/qs_ex








julia>
ENV["QSX2_ONLY"] = "qs_joint"; started = time(); try include("experiments/scotland/06_qs_joint_and_market_observation/r05_grid.jl"); println("PHASE3_INCLUDE_RETURNED_qs_joint wall_s=", time()-started); write("/root/BF_runs/logs/qs_experiment_w2/phase3_grid_v1_qs_joint.status", "PASS") catch err; showerror(stderr, err, catch_backtrace()); println(stderr); println("PHASE3_FAIL_qs_joint wall_s=", time()-started); write("/root/BF_runs/logs/qs_experiment_w2/phase3_grid_v1_qs_joint.status", "FAIL") end; write("/root/BF_runs/logs/qs_experiment_w2/phase3_grid_v1_qs_joint.notify", read("/root/BF_runs/logs/qs_exp








julia>
ENV["QSX2_ONLY"] = "qs_joint"; started = time(); try include("experiments/scotland/06_qs_joint_and_market_observation/r05_grid.jl"); println("PHASE3_INCLUDE_RETURNED_qs_joint wall_s=", time()-started); write("/root/BF_runs/logs/qs_experiment_w2/phase3_grid_v1_qs_joint.status", "PASS") catch err; showerror(stderr, err, catch_backtrace()); println(stderr); println("PHASE3_FAIL_qs_joint wall_s=", time()-started); write("/root/BF_runs/logs/qs_experiment_w2/phase3_grid_v1_qs_joint.status", "FAIL") end; write("/root/BF_runs/logs/qs_experiment_w2/phase3_grid_v1_qs_joint.notify", read("/root/BF_runs/logs/qs_expe








julia>
ENV["QSX2_ONLY"] = "qs_joint"; started = time(); try include("experiments/scotland/06_qs_joint_and_market_observation/r05_grid.jl"); println("PHASE3_INCLUDE_RETURNED_qs_joint wall_s=", time()-started); write("/root/BF_runs/logs/qs_experiment_w2/phase3_grid_v1_qs_joint.status", "PASS") catch err; showerror(stderr, err, catch_backtrace()); println(stderr); println("PHASE3_FAIL_qs_joint wall_s=", time()-started); write("/root/BF_runs/logs/qs_experiment_w2/phase3_grid_v1_qs_joint.status", "FAIL") end; write("/root/BF_runs/logs/qs_experiment_w2/phase3_grid_v1_qs_joint.notify", read("/root/BF_runs/logs/qs_exper








julia>
ENV["QSX2_ONLY"] = "qs_joint"; started = time(); try include("experiments/scotland/06_qs_joint_and_market_observation/r05_grid.jl"); println("PHASE3_INCLUDE_RETURNED_qs_joint wall_s=", time()-started); write("/root/BF_runs/logs/qs_experiment_w2/phase3_grid_v1_qs_joint.status", "PASS") catch err; showerror(stderr, err, catch_backtrace()); println(stderr); println("PHASE3_FAIL_qs_joint wall_s=", time()-started); write("/root/BF_runs/logs/qs_experiment_w2/phase3_grid_v1_qs_joint.status", "FAIL") end; write("/root/BF_runs/logs/qs_experiment_w2/phase3_grid_v1_qs_joint.notify", read("/root/BF_runs/logs/qs_experi








julia>
ENV["QSX2_ONLY"] = "qs_joint"; started = time(); try include("experiments/scotland/06_qs_joint_and_market_observation/r05_grid.jl"); println("PHASE3_INCLUDE_RETURNED_qs_joint wall_s=", time()-started); write("/root/BF_runs/logs/qs_experiment_w2/phase3_grid_v1_qs_joint.status", "PASS") catch err; showerror(stderr, err, catch_backtrace()); println(stderr); println("PHASE3_FAIL_qs_joint wall_s=", time()-started); write("/root/BF_runs/logs/qs_experiment_w2/phase3_grid_v1_qs_joint.status", "FAIL") end; write("/root/BF_runs/logs/qs_experiment_w2/phase3_grid_v1_qs_joint.notify", read("/root/BF_runs/logs/qs_experim








julia>
ENV["QSX2_ONLY"] = "qs_joint"; started = time(); try include("experiments/scotland/06_qs_joint_and_market_observation/r05_grid.jl"); println("PHASE3_INCLUDE_RETURNED_qs_joint wall_s=", time()-started); write("/root/BF_runs/logs/qs_experiment_w2/phase3_grid_v1_qs_joint.status", "PASS") catch err; showerror(stderr, err, catch_backtrace()); println(stderr); println("PHASE3_FAIL_qs_joint wall_s=", time()-started); write("/root/BF_runs/logs/qs_experiment_w2/phase3_grid_v1_qs_joint.status", "FAIL") end; write("/root/BF_runs/logs/qs_experiment_w2/phase3_grid_v1_qs_joint.notify", read("/root/BF_runs/logs/qs_experime








julia>
ENV["QSX2_ONLY"] = "qs_joint"; started = time(); try include("experiments/scotland/06_qs_joint_and_market_observation/r05_grid.jl"); println("PHASE3_INCLUDE_RETURNED_qs_joint wall_s=", time()-started); write("/root/BF_runs/logs/qs_experiment_w2/phase3_grid_v1_qs_joint.status", "PASS") catch err; showerror(stderr, err, catch_backtrace()); println(stderr); println("PHASE3_FAIL_qs_joint wall_s=", time()-started); write("/root/BF_runs/logs/qs_experiment_w2/phase3_grid_v1_qs_joint.status", "FAIL") end; write("/root/BF_runs/logs/qs_experiment_w2/phase3_grid_v1_qs_joint.notify", read("/root/BF_runs/logs/qs_experimen








julia>
ENV["QSX2_ONLY"] = "qs_joint"; started = time(); try include("experiments/scotland/06_qs_joint_and_market_observation/r05_grid.jl"); println("PHASE3_INCLUDE_RETURNED_qs_joint wall_s=", time()-started); write("/root/BF_runs/logs/qs_experiment_w2/phase3_grid_v1_qs_joint.status", "PASS") catch err; showerror(stderr, err, catch_backtrace()); println(stderr); println("PHASE3_FAIL_qs_joint wall_s=", time()-started); write("/root/BF_runs/logs/qs_experiment_w2/phase3_grid_v1_qs_joint.status", "FAIL") end; write("/root/BF_runs/logs/qs_experiment_w2/phase3_grid_v1_qs_joint.notify", read("/root/BF_runs/logs/qs_experiment








julia>
ENV["QSX2_ONLY"] = "qs_joint"; started = time(); try include("experiments/scotland/06_qs_joint_and_market_observation/r05_grid.jl"); println("PHASE3_INCLUDE_RETURNED_qs_joint wall_s=", time()-started); write("/root/BF_runs/logs/qs_experiment_w2/phase3_grid_v1_qs_joint.status", "PASS") catch err; showerror(stderr, err, catch_backtrace()); println(stderr); println("PHASE3_FAIL_qs_joint wall_s=", time()-started); write("/root/BF_runs/logs/qs_experiment_w2/phase3_grid_v1_qs_joint.status", "FAIL") end; write("/root/BF_runs/logs/qs_experiment_w2/phase3_grid_v1_qs_joint.notify", read("/root/BF_runs/logs/qs_experiment_








julia>
ENV["QSX2_ONLY"] = "qs_joint"; started = time(); try include("experiments/scotland/06_qs_joint_and_market_observation/r05_grid.jl"); println("PHASE3_INCLUDE_RETURNED_qs_joint wall_s=", time()-started); write("/root/BF_runs/logs/qs_experiment_w2/phase3_grid_v1_qs_joint.status", "PASS") catch err; showerror(stderr, err, catch_backtrace()); println(stderr); println("PHASE3_FAIL_qs_joint wall_s=", time()-started); write("/root/BF_runs/logs/qs_experiment_w2/phase3_grid_v1_qs_joint.status", "FAIL") end; write("/root/BF_runs/logs/qs_experiment_w2/phase3_grid_v1_qs_joint.notify", read("/root/BF_runs/logs/qs_experiment_w








julia>
ENV["QSX2_ONLY"] = "qs_joint"; started = time(); try include("experiments/scotland/06_qs_joint_and_market_observation/r05_grid.jl"); println("PHASE3_INCLUDE_RETURNED_qs_joint wall_s=", time()-started); write("/root/BF_runs/logs/qs_experiment_w2/phase3_grid_v1_qs_joint.status", "PASS") catch err; showerror(stderr, err, catch_backtrace()); println(stderr); println("PHASE3_FAIL_qs_joint wall_s=", time()-started); write("/root/BF_runs/logs/qs_experiment_w2/phase3_grid_v1_qs_joint.status", "FAIL") end; write("/root/BF_runs/logs/qs_experiment_w2/phase3_grid_v1_qs_joint.notify", read("/root/BF_runs/logs/qs_experiment_w2








julia>
ENV["QSX2_ONLY"] = "qs_joint"; started = time(); try include("experiments/scotland/06_qs_joint_and_market_observation/r05_grid.jl"); println("PHASE3_INCLUDE_RETURNED_qs_joint wall_s=", time()-started); write("/root/BF_runs/logs/qs_experiment_w2/phase3_grid_v1_qs_joint.status", "PASS") catch err; showerror(stderr, err, catch_backtrace()); println(stderr); println("PHASE3_FAIL_qs_joint wall_s=", time()-started); write("/root/BF_runs/logs/qs_experiment_w2/phase3_grid_v1_qs_joint.status", "FAIL") end; write("/root/BF_runs/logs/qs_experiment_w2/phase3_grid_v1_qs_joint.notify", read("/root/BF_runs/logs/qs_experiment_w2/








julia>
ENV["QSX2_ONLY"] = "qs_joint"; started = time(); try include("experiments/scotland/06_qs_joint_and_market_observation/r05_grid.jl"); println("PHASE3_INCLUDE_RETURNED_qs_joint wall_s=", time()-started); write("/root/BF_runs/logs/qs_experiment_w2/phase3_grid_v1_qs_joint.status", "PASS") catch err; showerror(stderr, err, catch_backtrace()); println(stderr); println("PHASE3_FAIL_qs_joint wall_s=", time()-started); write("/root/BF_runs/logs/qs_experiment_w2/phase3_grid_v1_qs_joint.status", "FAIL") end; write("/root/BF_runs/logs/qs_experiment_w2/phase3_grid_v1_qs_joint.notify", read("/root/BF_runs/logs/qs_experiment_w2/p








julia>
ENV["QSX2_ONLY"] = "qs_joint"; started = time(); try include("experiments/scotland/06_qs_joint_and_market_observation/r05_grid.jl"); println("PHASE3_INCLUDE_RETURNED_qs_joint wall_s=", time()-started); write("/root/BF_runs/logs/qs_experiment_w2/phase3_grid_v1_qs_joint.status", "PASS") catch err; showerror(stderr, err, catch_backtrace()); println(stderr); println("PHASE3_FAIL_qs_joint wall_s=", time()-started); write("/root/BF_runs/logs/qs_experiment_w2/phase3_grid_v1_qs_joint.status", "FAIL") end; write("/root/BF_runs/logs/qs_experiment_w2/phase3_grid_v1_qs_joint.notify", read("/root/BF_runs/logs/qs_experiment_w2/ph








julia>
ENV["QSX2_ONLY"] = "qs_joint"; started = time(); try include("experiments/scotland/06_qs_joint_and_market_observation/r05_grid.jl"); println("PHASE3_INCLUDE_RETURNED_qs_joint wall_s=", time()-started); write("/root/BF_runs/logs/qs_experiment_w2/phase3_grid_v1_qs_joint.status", "PASS") catch err; showerror(stderr, err, catch_backtrace()); println(stderr); println("PHASE3_FAIL_qs_joint wall_s=", time()-started); write("/root/BF_runs/logs/qs_experiment_w2/phase3_grid_v1_qs_joint.status", "FAIL") end; write("/root/BF_runs/logs/qs_experiment_w2/phase3_grid_v1_qs_joint.notify", read("/root/BF_runs/logs/qs_experiment_w2/pha








julia>
ENV["QSX2_ONLY"] = "qs_joint"; started = time(); try include("experiments/scotland/06_qs_joint_and_market_observation/r05_grid.jl"); println("PHASE3_INCLUDE_RETURNED_qs_joint wall_s=", time()-started); write("/root/BF_runs/logs/qs_experiment_w2/phase3_grid_v1_qs_joint.status", "PASS") catch err; showerror(stderr, err, catch_backtrace()); println(stderr); println("PHASE3_FAIL_qs_joint wall_s=", time()-started); write("/root/BF_runs/logs/qs_experiment_w2/phase3_grid_v1_qs_joint.status", "FAIL") end; write("/root/BF_runs/logs/qs_experiment_w2/phase3_grid_v1_qs_joint.notify", read("/root/BF_runs/logs/qs_experiment_w2/phas








julia>
ENV["QSX2_ONLY"] = "qs_joint"; started = time(); try include("experiments/scotland/06_qs_joint_and_market_observation/r05_grid.jl"); println("PHASE3_INCLUDE_RETURNED_qs_joint wall_s=", time()-started); write("/root/BF_runs/logs/qs_experiment_w2/phase3_grid_v1_qs_joint.status", "PASS") catch err; showerror(stderr, err, catch_backtrace()); println(stderr); println("PHASE3_FAIL_qs_joint wall_s=", time()-started); write("/root/BF_runs/logs/qs_experiment_w2/phase3_grid_v1_qs_joint.status", "FAIL") end; write("/root/BF_runs/logs/qs_experiment_w2/phase3_grid_v1_qs_joint.notify", read("/root/BF_runs/logs/qs_experiment_w2/phase








julia>
ENV["QSX2_ONLY"] = "qs_joint"; started = time(); try include("experiments/scotland/06_qs_joint_and_market_observation/r05_grid.jl"); println("PHASE3_INCLUDE_RETURNED_qs_joint wall_s=", time()-started); write("/root/BF_runs/logs/qs_experiment_w2/phase3_grid_v1_qs_joint.status", "PASS") catch err; showerror(stderr, err, catch_backtrace()); println(stderr); println("PHASE3_FAIL_qs_joint wall_s=", time()-started); write("/root/BF_runs/logs/qs_experiment_w2/phase3_grid_v1_qs_joint.status", "FAIL") end; write("/root/BF_runs/logs/qs_experiment_w2/phase3_grid_v1_qs_joint.notify", read("/root/BF_runs/logs/qs_experiment_w2/phase3








julia>
ENV["QSX2_ONLY"] = "qs_joint"; started = time(); try include("experiments/scotland/06_qs_joint_and_market_observation/r05_grid.jl"); println("PHASE3_INCLUDE_RETURNED_qs_joint wall_s=", time()-started); write("/root/BF_runs/logs/qs_experiment_w2/phase3_grid_v1_qs_joint.status", "PASS") catch err; showerror(stderr, err, catch_backtrace()); println(stderr); println("PHASE3_FAIL_qs_joint wall_s=", time()-started); write("/root/BF_runs/logs/qs_experiment_w2/phase3_grid_v1_qs_joint.status", "FAIL") end; write("/root/BF_runs/logs/qs_experiment_w2/phase3_grid_v1_qs_joint.notify", read("/root/BF_runs/logs/qs_experiment_w2/phase3_








julia>
ENV["QSX2_ONLY"] = "qs_joint"; started = time(); try include("experiments/scotland/06_qs_joint_and_market_observation/r05_grid.jl"); println("PHASE3_INCLUDE_RETURNED_qs_joint wall_s=", time()-started); write("/root/BF_runs/logs/qs_experiment_w2/phase3_grid_v1_qs_joint.status", "PASS") catch err; showerror(stderr, err, catch_backtrace()); println(stderr); println("PHASE3_FAIL_qs_joint wall_s=", time()-started); write("/root/BF_runs/logs/qs_experiment_w2/phase3_grid_v1_qs_joint.status", "FAIL") end; write("/root/BF_runs/logs/qs_experiment_w2/phase3_grid_v1_qs_joint.notify", read("/root/BF_runs/logs/qs_experiment_w2/phase3_g








julia>
ENV["QSX2_ONLY"] = "qs_joint"; started = time(); try include("experiments/scotland/06_qs_joint_and_market_observation/r05_grid.jl"); println("PHASE3_INCLUDE_RETURNED_qs_joint wall_s=", time()-started); write("/root/BF_runs/logs/qs_experiment_w2/phase3_grid_v1_qs_joint.status", "PASS") catch err; showerror(stderr, err, catch_backtrace()); println(stderr); println("PHASE3_FAIL_qs_joint wall_s=", time()-started); write("/root/BF_runs/logs/qs_experiment_w2/phase3_grid_v1_qs_joint.status", "FAIL") end; write("/root/BF_runs/logs/qs_experiment_w2/phase3_grid_v1_qs_joint.notify", read("/root/BF_runs/logs/qs_experiment_w2/phase3_gr








julia>
ENV["QSX2_ONLY"] = "qs_joint"; started = time(); try include("experiments/scotland/06_qs_joint_and_market_observation/r05_grid.jl"); println("PHASE3_INCLUDE_RETURNED_qs_joint wall_s=", time()-started); write("/root/BF_runs/logs/qs_experiment_w2/phase3_grid_v1_qs_joint.status", "PASS") catch err; showerror(stderr, err, catch_backtrace()); println(stderr); println("PHASE3_FAIL_qs_joint wall_s=", time()-started); write("/root/BF_runs/logs/qs_experiment_w2/phase3_grid_v1_qs_joint.status", "FAIL") end; write("/root/BF_runs/logs/qs_experiment_w2/phase3_grid_v1_qs_joint.notify", read("/root/BF_runs/logs/qs_experiment_w2/phase3_gri








julia>
ENV["QSX2_ONLY"] = "qs_joint"; started = time(); try include("experiments/scotland/06_qs_joint_and_market_observation/r05_grid.jl"); println("PHASE3_INCLUDE_RETURNED_qs_joint wall_s=", time()-started); write("/root/BF_runs/logs/qs_experiment_w2/phase3_grid_v1_qs_joint.status", "PASS") catch err; showerror(stderr, err, catch_backtrace()); println(stderr); println("PHASE3_FAIL_qs_joint wall_s=", time()-started); write("/root/BF_runs/logs/qs_experiment_w2/phase3_grid_v1_qs_joint.status", "FAIL") end; write("/root/BF_runs/logs/qs_experiment_w2/phase3_grid_v1_qs_joint.notify", read("/root/BF_runs/logs/qs_experiment_w2/phase3_grid








julia>
ENV["QSX2_ONLY"] = "qs_joint"; started = time(); try include("experiments/scotland/06_qs_joint_and_market_observation/r05_grid.jl"); println("PHASE3_INCLUDE_RETURNED_qs_joint wall_s=", time()-started); write("/root/BF_runs/logs/qs_experiment_w2/phase3_grid_v1_qs_joint.status", "PASS") catch err; showerror(stderr, err, catch_backtrace()); println(stderr); println("PHASE3_FAIL_qs_joint wall_s=", time()-started); write("/root/BF_runs/logs/qs_experiment_w2/phase3_grid_v1_qs_joint.status", "FAIL") end; write("/root/BF_runs/logs/qs_experiment_w2/phase3_grid_v1_qs_joint.notify", read("/root/BF_runs/logs/qs_experiment_w2/phase3_grid_











julia>
ENV["QSX2_ONLY"] = "qs_joint"; started = time(); try include("experiments/scotland/06_qs_joint_and_market_observation/r05_grid.jl"); println("PHASE3_INCLUDE_RETURNED_qs_joint wall_s=", time()-started); write("/root/BF_runs/logs/qs_experiment_w2/phase3_grid_v1_qs_joint.status", "PASS") catch err; showerror(stderr, err, catch_backtrace()); println(stderr); println("PHASE3_FAIL_qs_joint wall_s=", time()-started); write("/root/BF_runs/logs/qs_experiment_w2/phase3_grid_v1_qs_joint.status", "FAIL") end; write("/root/BF_runs/logs/qs_experiment_w2/phase3_grid_v1_qs_joint.notify", read("/root/BF_runs/logs/qs_experiment_w2/phase3_grid_v









julia>
ENV["QSX2_ONLY"] = "qs_joint"; started = time(); try include("experiments/scotland/06_qs_joint_and_market_observation/r05_grid.jl"); println("PHASE3_INCLUDE_RETURNED_qs_joint wall_s=", time()-started); write("/root/BF_runs/logs/qs_experiment_w2/phase3_grid_v1_qs_joint.status", "PASS") catch err; showerror(stderr, err, catch_backtrace()); println(stderr); println("PHASE3_FAIL_qs_joint wall_s=", time()-started); write("/root/BF_runs/logs/qs_experiment_w2/phase3_grid_v1_qs_joint.status", "FAIL") end; write("/root/BF_runs/logs/qs_experiment_w2/phase3_grid_v1_qs_joint.notify", read("/root/BF_runs/logs/qs_experiment_w2/phase3_grid_v1









julia>
ENV["QSX2_ONLY"] = "qs_joint"; started = time(); try include("experiments/scotland/06_qs_joint_and_market_observation/r05_grid.jl"); println("PHASE3_INCLUDE_RETURNED_qs_joint wall_s=", time()-started); write("/root/BF_runs/logs/qs_experiment_w2/phase3_grid_v1_qs_joint.status", "PASS") catch err; showerror(stderr, err, catch_backtrace()); println(stderr); println("PHASE3_FAIL_qs_joint wall_s=", time()-started); write("/root/BF_runs/logs/qs_experiment_w2/phase3_grid_v1_qs_joint.status", "FAIL") end; write("/root/BF_runs/logs/qs_experiment_w2/phase3_grid_v1_qs_joint.notify", read("/root/BF_runs/logs/qs_experiment_w2/phase3_grid_v1_









julia>
ENV["QSX2_ONLY"] = "qs_joint"; started = time(); try include("experiments/scotland/06_qs_joint_and_market_observation/r05_grid.jl"); println("PHASE3_INCLUDE_RETURNED_qs_joint wall_s=", time()-started); write("/root/BF_runs/logs/qs_experiment_w2/phase3_grid_v1_qs_joint.status", "PASS") catch err; showerror(stderr, err, catch_backtrace()); println(stderr); println("PHASE3_FAIL_qs_joint wall_s=", time()-started); write("/root/BF_runs/logs/qs_experiment_w2/phase3_grid_v1_qs_joint.status", "FAIL") end; write("/root/BF_runs/logs/qs_experiment_w2/phase3_grid_v1_qs_joint.notify", read("/root/BF_runs/logs/qs_experiment_w2/phase3_grid_v1_q









julia>
ENV["QSX2_ONLY"] = "qs_joint"; started = time(); try include("experiments/scotland/06_qs_joint_and_market_observation/r05_grid.jl"); println("PHASE3_INCLUDE_RETURNED_qs_joint wall_s=", time()-started); write("/root/BF_runs/logs/qs_experiment_w2/phase3_grid_v1_qs_joint.status", "PASS") catch err; showerror(stderr, err, catch_backtrace()); println(stderr); println("PHASE3_FAIL_qs_joint wall_s=", time()-started); write("/root/BF_runs/logs/qs_experiment_w2/phase3_grid_v1_qs_joint.status", "FAIL") end; write("/root/BF_runs/logs/qs_experiment_w2/phase3_grid_v1_qs_joint.notify", read("/root/BF_runs/logs/qs_experiment_w2/phase3_grid_v1_qs









julia>
ENV["QSX2_ONLY"] = "qs_joint"; started = time(); try include("experiments/scotland/06_qs_joint_and_market_observation/r05_grid.jl"); println("PHASE3_INCLUDE_RETURNED_qs_joint wall_s=", time()-started); write("/root/BF_runs/logs/qs_experiment_w2/phase3_grid_v1_qs_joint.status", "PASS") catch err; showerror(stderr, err, catch_backtrace()); println(stderr); println("PHASE3_FAIL_qs_joint wall_s=", time()-started); write("/root/BF_runs/logs/qs_experiment_w2/phase3_grid_v1_qs_joint.status", "FAIL") end; write("/root/BF_runs/logs/qs_experiment_w2/phase3_grid_v1_qs_joint.notify", read("/root/BF_runs/logs/qs_experiment_w2/phase3_grid_v1_qs_









julia>
ENV["QSX2_ONLY"] = "qs_joint"; started = time(); try include("experiments/scotland/06_qs_joint_and_market_observation/r05_grid.jl"); println("PHASE3_INCLUDE_RETURNED_qs_joint wall_s=", time()-started); write("/root/BF_runs/logs/qs_experiment_w2/phase3_grid_v1_qs_joint.status", "PASS") catch err; showerror(stderr, err, catch_backtrace()); println(stderr); println("PHASE3_FAIL_qs_joint wall_s=", time()-started); write("/root/BF_runs/logs/qs_experiment_w2/phase3_grid_v1_qs_joint.status", "FAIL") end; write("/root/BF_runs/logs/qs_experiment_w2/phase3_grid_v1_qs_joint.notify", read("/root/BF_runs/logs/qs_experiment_w2/phase3_grid_v1_qs_j









julia>
ENV["QSX2_ONLY"] = "qs_joint"; started = time(); try include("experiments/scotland/06_qs_joint_and_market_observation/r05_grid.jl"); println("PHASE3_INCLUDE_RETURNED_qs_joint wall_s=", time()-started); write("/root/BF_runs/logs/qs_experiment_w2/phase3_grid_v1_qs_joint.status", "PASS") catch err; showerror(stderr, err, catch_backtrace()); println(stderr); println("PHASE3_FAIL_qs_joint wall_s=", time()-started); write("/root/BF_runs/logs/qs_experiment_w2/phase3_grid_v1_qs_joint.status", "FAIL") end; write("/root/BF_runs/logs/qs_experiment_w2/phase3_grid_v1_qs_joint.notify", read("/root/BF_runs/logs/qs_experiment_w2/phase3_grid_v1_qs_jo









julia>
ENV["QSX2_ONLY"] = "qs_joint"; started = time(); try include("experiments/scotland/06_qs_joint_and_market_observation/r05_grid.jl"); println("PHASE3_INCLUDE_RETURNED_qs_joint wall_s=", time()-started); write("/root/BF_runs/logs/qs_experiment_w2/phase3_grid_v1_qs_joint.status", "PASS") catch err; showerror(stderr, err, catch_backtrace()); println(stderr); println("PHASE3_FAIL_qs_joint wall_s=", time()-started); write("/root/BF_runs/logs/qs_experiment_w2/phase3_grid_v1_qs_joint.status", "FAIL") end; write("/root/BF_runs/logs/qs_experiment_w2/phase3_grid_v1_qs_joint.notify", read("/root/BF_runs/logs/qs_experiment_w2/phase3_grid_v1_qs_joi









julia>
ENV["QSX2_ONLY"] = "qs_joint"; started = time(); try include("experiments/scotland/06_qs_joint_and_market_observation/r05_grid.jl"); println("PHASE3_INCLUDE_RETURNED_qs_joint wall_s=", time()-started); write("/root/BF_runs/logs/qs_experiment_w2/phase3_grid_v1_qs_joint.status", "PASS") catch err; showerror(stderr, err, catch_backtrace()); println(stderr); println("PHASE3_FAIL_qs_joint wall_s=", time()-started); write("/root/BF_runs/logs/qs_experiment_w2/phase3_grid_v1_qs_joint.status", "FAIL") end; write("/root/BF_runs/logs/qs_experiment_w2/phase3_grid_v1_qs_joint.notify", read("/root/BF_runs/logs/qs_experiment_w2/phase3_grid_v1_qs_join









julia>
ENV["QSX2_ONLY"] = "qs_joint"; started = time(); try include("experiments/scotland/06_qs_joint_and_market_observation/r05_grid.jl"); println("PHASE3_INCLUDE_RETURNED_qs_joint wall_s=", time()-started); write("/root/BF_runs/logs/qs_experiment_w2/phase3_grid_v1_qs_joint.status", "PASS") catch err; showerror(stderr, err, catch_backtrace()); println(stderr); println("PHASE3_FAIL_qs_joint wall_s=", time()-started); write("/root/BF_runs/logs/qs_experiment_w2/phase3_grid_v1_qs_joint.status", "FAIL") end; write("/root/BF_runs/logs/qs_experiment_w2/phase3_grid_v1_qs_joint.notify", read("/root/BF_runs/logs/qs_experiment_w2/phase3_grid_v1_qs_joint









julia>
ENV["QSX2_ONLY"] = "qs_joint"; started = time(); try include("experiments/scotland/06_qs_joint_and_market_observation/r05_grid.jl"); println("PHASE3_INCLUDE_RETURNED_qs_joint wall_s=", time()-started); write("/root/BF_runs/logs/qs_experiment_w2/phase3_grid_v1_qs_joint.status", "PASS") catch err; showerror(stderr, err, catch_backtrace()); println(stderr); println("PHASE3_FAIL_qs_joint wall_s=", time()-started); write("/root/BF_runs/logs/qs_experiment_w2/phase3_grid_v1_qs_joint.status", "FAIL") end; write("/root/BF_runs/logs/qs_experiment_w2/phase3_grid_v1_qs_joint.notify", read("/root/BF_runs/logs/qs_experiment_w2/phase3_grid_v1_qs_joint.









julia>
ENV["QSX2_ONLY"] = "qs_joint"; started = time(); try include("experiments/scotland/06_qs_joint_and_market_observation/r05_grid.jl"); println("PHASE3_INCLUDE_RETURNED_qs_joint wall_s=", time()-started); write("/root/BF_runs/logs/qs_experiment_w2/phase3_grid_v1_qs_joint.status", "PASS") catch err; showerror(stderr, err, catch_backtrace()); println(stderr); println("PHASE3_FAIL_qs_joint wall_s=", time()-started); write("/root/BF_runs/logs/qs_experiment_w2/phase3_grid_v1_qs_joint.status", "FAIL") end; write("/root/BF_runs/logs/qs_experiment_w2/phase3_grid_v1_qs_joint.notify", read("/root/BF_runs/logs/qs_experiment_w2/phase3_grid_v1_qs_joint.s









julia>
ENV["QSX2_ONLY"] = "qs_joint"; started = time(); try include("experiments/scotland/06_qs_joint_and_market_observation/r05_grid.jl"); println("PHASE3_INCLUDE_RETURNED_qs_joint wall_s=", time()-started); write("/root/BF_runs/logs/qs_experiment_w2/phase3_grid_v1_qs_joint.status", "PASS") catch err; showerror(stderr, err, catch_backtrace()); println(stderr); println("PHASE3_FAIL_qs_joint wall_s=", time()-started); write("/root/BF_runs/logs/qs_experiment_w2/phase3_grid_v1_qs_joint.status", "FAIL") end; write("/root/BF_runs/logs/qs_experiment_w2/phase3_grid_v1_qs_joint.notify", read("/root/BF_runs/logs/qs_experiment_w2/phase3_grid_v1_qs_joint.st









julia>
ENV["QSX2_ONLY"] = "qs_joint"; started = time(); try include("experiments/scotland/06_qs_joint_and_market_observation/r05_grid.jl"); println("PHASE3_INCLUDE_RETURNED_qs_joint wall_s=", time()-started); write("/root/BF_runs/logs/qs_experiment_w2/phase3_grid_v1_qs_joint.status", "PASS") catch err; showerror(stderr, err, catch_backtrace()); println(stderr); println("PHASE3_FAIL_qs_joint wall_s=", time()-started); write("/root/BF_runs/logs/qs_experiment_w2/phase3_grid_v1_qs_joint.status", "FAIL") end; write("/root/BF_runs/logs/qs_experiment_w2/phase3_grid_v1_qs_joint.notify", read("/root/BF_runs/logs/qs_experiment_w2/phase3_grid_v1_qs_joint.sta









julia>
ENV["QSX2_ONLY"] = "qs_joint"; started = time(); try include("experiments/scotland/06_qs_joint_and_market_observation/r05_grid.jl"); println("PHASE3_INCLUDE_RETURNED_qs_joint wall_s=", time()-started); write("/root/BF_runs/logs/qs_experiment_w2/phase3_grid_v1_qs_joint.status", "PASS") catch err; showerror(stderr, err, catch_backtrace()); println(stderr); println("PHASE3_FAIL_qs_joint wall_s=", time()-started); write("/root/BF_runs/logs/qs_experiment_w2/phase3_grid_v1_qs_joint.status", "FAIL") end; write("/root/BF_runs/logs/qs_experiment_w2/phase3_grid_v1_qs_joint.notify", read("/root/BF_runs/logs/qs_experiment_w2/phase3_grid_v1_qs_joint.stat









julia>
ENV["QSX2_ONLY"] = "qs_joint"; started = time(); try include("experiments/scotland/06_qs_joint_and_market_observation/r05_grid.jl"); println("PHASE3_INCLUDE_RETURNED_qs_joint wall_s=", time()-started); write("/root/BF_runs/logs/qs_experiment_w2/phase3_grid_v1_qs_joint.status", "PASS") catch err; showerror(stderr, err, catch_backtrace()); println(stderr); println("PHASE3_FAIL_qs_joint wall_s=", time()-started); write("/root/BF_runs/logs/qs_experiment_w2/phase3_grid_v1_qs_joint.status", "FAIL") end; write("/root/BF_runs/logs/qs_experiment_w2/phase3_grid_v1_qs_joint.notify", read("/root/BF_runs/logs/qs_experiment_w2/phase3_grid_v1_qs_joint.statu









julia>
ENV["QSX2_ONLY"] = "qs_joint"; started = time(); try include("experiments/scotland/06_qs_joint_and_market_observation/r05_grid.jl"); println("PHASE3_INCLUDE_RETURNED_qs_joint wall_s=", time()-started); write("/root/BF_runs/logs/qs_experiment_w2/phase3_grid_v1_qs_joint.status", "PASS") catch err; showerror(stderr, err, catch_backtrace()); println(stderr); println("PHASE3_FAIL_qs_joint wall_s=", time()-started); write("/root/BF_runs/logs/qs_experiment_w2/phase3_grid_v1_qs_joint.status", "FAIL") end; write("/root/BF_runs/logs/qs_experiment_w2/phase3_grid_v1_qs_joint.notify", read("/root/BF_runs/logs/qs_experiment_w2/phase3_grid_v1_qs_joint.status









julia>
ENV["QSX2_ONLY"] = "qs_joint"; started = time(); try include("experiments/scotland/06_qs_joint_and_market_observation/r05_grid.jl"); println("PHASE3_INCLUDE_RETURNED_qs_joint wall_s=", time()-started); write("/root/BF_runs/logs/qs_experiment_w2/phase3_grid_v1_qs_joint.status", "PASS") catch err; showerror(stderr, err, catch_backtrace()); println(stderr); println("PHASE3_FAIL_qs_joint wall_s=", time()-started); write("/root/BF_runs/logs/qs_experiment_w2/phase3_grid_v1_qs_joint.status", "FAIL") end; write("/root/BF_runs/logs/qs_experiment_w2/phase3_grid_v1_qs_joint.notify", read("/root/BF_runs/logs/qs_experiment_w2/phase3_grid_v1_qs_joint.status"









julia>
ENV["QSX2_ONLY"] = "qs_joint"; started = time(); try include("experiments/scotland/06_qs_joint_and_market_observation/r05_grid.jl"); println("PHASE3_INCLUDE_RETURNED_qs_joint wall_s=", time()-started); write("/root/BF_runs/logs/qs_experiment_w2/phase3_grid_v1_qs_joint.status", "PASS") catch err; showerror(stderr, err, catch_backtrace()); println(stderr); println("PHASE3_FAIL_qs_joint wall_s=", time()-started); write("/root/BF_runs/logs/qs_experiment_w2/phase3_grid_v1_qs_joint.status", "FAIL") end; write("/root/BF_runs/logs/qs_experiment_w2/phase3_grid_v1_qs_joint.notify", read("/root/BF_runs/logs/qs_experiment_w2/phase3_grid_v1_qs_joint.status",









julia>
ENV["QSX2_ONLY"] = "qs_joint"; started = time(); try include("experiments/scotland/06_qs_joint_and_market_observation/r05_grid.jl"); println("PHASE3_INCLUDE_RETURNED_qs_joint wall_s=", time()-started); write("/root/BF_runs/logs/qs_experiment_w2/phase3_grid_v1_qs_joint.status", "PASS") catch err; showerror(stderr, err, catch_backtrace()); println(stderr); println("PHASE3_FAIL_qs_joint wall_s=", time()-started); write("/root/BF_runs/logs/qs_experiment_w2/phase3_grid_v1_qs_joint.status", "FAIL") end; write("/root/BF_runs/logs/qs_experiment_w2/phase3_grid_v1_qs_joint.notify", read("/root/BF_runs/logs/qs_experiment_w2/phase3_grid_v1_qs_joint.status",









julia>
ENV["QSX2_ONLY"] = "qs_joint"; started = time(); try include("experiments/scotland/06_qs_joint_and_market_observation/r05_grid.jl"); println("PHASE3_INCLUDE_RETURNED_qs_joint wall_s=", time()-started); write("/root/BF_runs/logs/qs_experiment_w2/phase3_grid_v1_qs_joint.status", "PASS") catch err; showerror(stderr, err, catch_backtrace()); println(stderr); println("PHASE3_FAIL_qs_joint wall_s=", time()-started); write("/root/BF_runs/logs/qs_experiment_w2/phase3_grid_v1_qs_joint.status", "FAIL") end; write("/root/BF_runs/logs/qs_experiment_w2/phase3_grid_v1_qs_joint.notify", read("/root/BF_runs/logs/qs_experiment_w2/phase3_grid_v1_qs_joint.status", S









julia>
ENV["QSX2_ONLY"] = "qs_joint"; started = time(); try include("experiments/scotland/06_qs_joint_and_market_observation/r05_grid.jl"); println("PHASE3_INCLUDE_RETURNED_qs_joint wall_s=", time()-started); write("/root/BF_runs/logs/qs_experiment_w2/phase3_grid_v1_qs_joint.status", "PASS") catch err; showerror(stderr, err, catch_backtrace()); println(stderr); println("PHASE3_FAIL_qs_joint wall_s=", time()-started); write("/root/BF_runs/logs/qs_experiment_w2/phase3_grid_v1_qs_joint.status", "FAIL") end; write("/root/BF_runs/logs/qs_experiment_w2/phase3_grid_v1_qs_joint.notify", read("/root/BF_runs/logs/qs_experiment_w2/phase3_grid_v1_qs_joint.status", St









julia>
ENV["QSX2_ONLY"] = "qs_joint"; started = time(); try include("experiments/scotland/06_qs_joint_and_market_observation/r05_grid.jl"); println("PHASE3_INCLUDE_RETURNED_qs_joint wall_s=", time()-started); write("/root/BF_runs/logs/qs_experiment_w2/phase3_grid_v1_qs_joint.status", "PASS") catch err; showerror(stderr, err, catch_backtrace()); println(stderr); println("PHASE3_FAIL_qs_joint wall_s=", time()-started); write("/root/BF_runs/logs/qs_experiment_w2/phase3_grid_v1_qs_joint.status", "FAIL") end; write("/root/BF_runs/logs/qs_experiment_w2/phase3_grid_v1_qs_joint.notify", read("/root/BF_runs/logs/qs_experiment_w2/phase3_grid_v1_qs_joint.status", Str









julia>
ENV["QSX2_ONLY"] = "qs_joint"; started = time(); try include("experiments/scotland/06_qs_joint_and_market_observation/r05_grid.jl"); println("PHASE3_INCLUDE_RETURNED_qs_joint wall_s=", time()-started); write("/root/BF_runs/logs/qs_experiment_w2/phase3_grid_v1_qs_joint.status", "PASS") catch err; showerror(stderr, err, catch_backtrace()); println(stderr); println("PHASE3_FAIL_qs_joint wall_s=", time()-started); write("/root/BF_runs/logs/qs_experiment_w2/phase3_grid_v1_qs_joint.status", "FAIL") end; write("/root/BF_runs/logs/qs_experiment_w2/phase3_grid_v1_qs_joint.notify", read("/root/BF_runs/logs/qs_experiment_w2/phase3_grid_v1_qs_joint.status", Stri









julia>
ENV["QSX2_ONLY"] = "qs_joint"; started = time(); try include("experiments/scotland/06_qs_joint_and_market_observation/r05_grid.jl"); println("PHASE3_INCLUDE_RETURNED_qs_joint wall_s=", time()-started); write("/root/BF_runs/logs/qs_experiment_w2/phase3_grid_v1_qs_joint.status", "PASS") catch err; showerror(stderr, err, catch_backtrace()); println(stderr); println("PHASE3_FAIL_qs_joint wall_s=", time()-started); write("/root/BF_runs/logs/qs_experiment_w2/phase3_grid_v1_qs_joint.status", "FAIL") end; write("/root/BF_runs/logs/qs_experiment_w2/phase3_grid_v1_qs_joint.notify", read("/root/BF_runs/logs/qs_experiment_w2/phase3_grid_v1_qs_joint.status", Strin









julia>
ENV["QSX2_ONLY"] = "qs_joint"; started = time(); try include("experiments/scotland/06_qs_joint_and_market_observation/r05_grid.jl"); println("PHASE3_INCLUDE_RETURNED_qs_joint wall_s=", time()-started); write("/root/BF_runs/logs/qs_experiment_w2/phase3_grid_v1_qs_joint.status", "PASS") catch err; showerror(stderr, err, catch_backtrace()); println(stderr); println("PHASE3_FAIL_qs_joint wall_s=", time()-started); write("/root/BF_runs/logs/qs_experiment_w2/phase3_grid_v1_qs_joint.status", "FAIL") end; write("/root/BF_runs/logs/qs_experiment_w2/phase3_grid_v1_qs_joint.notify", read("/root/BF_runs/logs/qs_experiment_w2/phase3_grid_v1_qs_joint.status", String









julia>
ENV["QSX2_ONLY"] = "qs_joint"; started = time(); try include("experiments/scotland/06_qs_joint_and_market_observation/r05_grid.jl"); println("PHASE3_INCLUDE_RETURNED_qs_joint wall_s=", time()-started); write("/root/BF_runs/logs/qs_experiment_w2/phase3_grid_v1_qs_joint.status", "PASS") catch err; showerror(stderr, err, catch_backtrace()); println(stderr); println("PHASE3_FAIL_qs_joint wall_s=", time()-started); write("/root/BF_runs/logs/qs_experiment_w2/phase3_grid_v1_qs_joint.status", "FAIL") end; write("/root/BF_runs/logs/qs_experiment_w2/phase3_grid_v1_qs_joint.notify", read("/root/BF_runs/logs/qs_experiment_w2/phase3_grid_v1_qs_joint.status", String)









julia>
ENV["QSX2_ONLY"] = "qs_joint"; started = time(); try include("experiments/scotland/06_qs_joint_and_market_observation/r05_grid.jl"); println("PHASE3_INCLUDE_RETURNED_qs_joint wall_s=", time()-started); write("/root/BF_runs/logs/qs_experiment_w2/phase3_grid_v1_qs_joint.status", "PASS") catch err; showerror(stderr, err, catch_backtrace()); println(stderr); println("PHASE3_FAIL_qs_joint wall_s=", time()-started); write("/root/BF_runs/logs/qs_experiment_w2/phase3_grid_v1_qs_joint.status", "FAIL") end; write("/root/BF_runs/logs/qs_experiment_w2/phase3_grid_v1_qs_joint.notify", read("/root/BF_runs/logs/qs_experiment_w2/phase3_grid_v1_qs_joint.status", String)









julia>
ENV["QSX2_ONLY"] = "qs_joint"; started = time(); try include("experiments/scotland/06_qs_joint_and_market_observation/r05_grid.jl"); println("PHASE3_INCLUDE_RETURNED_qs_joint wall_s=", time()-started); write("/root/BF_runs/logs/qs_experiment_w2/phase3_grid_v1_qs_joint.status", "PASS") catch err; showerror(stderr, err, catch_backtrace()); println(stderr); println("PHASE3_FAIL_qs_joint wall_s=", time()-started); write("/root/BF_runs/logs/qs_experiment_w2/phase3_grid_v1_qs_joint.status", "FAIL") end; write("/root/BF_runs/logs/qs_experiment_w2/phase3_grid_v1_qs_joint.notify", read("/root/BF_runs/logs/qs_experiment_w2/phase3_grid_v1_qs_joint.status", String) *









julia>
ENV["QSX2_ONLY"] = "qs_joint"; started = time(); try include("experiments/scotland/06_qs_joint_and_market_observation/r05_grid.jl"); println("PHASE3_INCLUDE_RETURNED_qs_joint wall_s=", time()-started); write("/root/BF_runs/logs/qs_experiment_w2/phase3_grid_v1_qs_joint.status", "PASS") catch err; showerror(stderr, err, catch_backtrace()); println(stderr); println("PHASE3_FAIL_qs_joint wall_s=", time()-started); write("/root/BF_runs/logs/qs_experiment_w2/phase3_grid_v1_qs_joint.status", "FAIL") end; write("/root/BF_runs/logs/qs_experiment_w2/phase3_grid_v1_qs_joint.notify", read("/root/BF_runs/logs/qs_experiment_w2/phase3_grid_v1_qs_joint.status", String) *









julia>
ENV["QSX2_ONLY"] = "qs_joint"; started = time(); try include("experiments/scotland/06_qs_joint_and_market_observation/r05_grid.jl"); println("PHASE3_INCLUDE_RETURNED_qs_joint wall_s=", time()-started); write("/root/BF_runs/logs/qs_experiment_w2/phase3_grid_v1_qs_joint.status", "PASS") catch err; showerror(stderr, err, catch_backtrace()); println(stderr); println("PHASE3_FAIL_qs_joint wall_s=", time()-started); write("/root/BF_runs/logs/qs_experiment_w2/phase3_grid_v1_qs_joint.status", "FAIL") end; write("/root/BF_runs/logs/qs_experiment_w2/phase3_grid_v1_qs_joint.notify", read("/root/BF_runs/logs/qs_experiment_w2/phase3_grid_v1_qs_joint.status", String) * "









julia>
ENV["QSX2_ONLY"] = "qs_joint"; started = time(); try include("experiments/scotland/06_qs_joint_and_market_observation/r05_grid.jl"); println("PHASE3_INCLUDE_RETURNED_qs_joint wall_s=", time()-started); write("/root/BF_runs/logs/qs_experiment_w2/phase3_grid_v1_qs_joint.status", "PASS") catch err; showerror(stderr, err, catch_backtrace()); println(stderr); println("PHASE3_FAIL_qs_joint wall_s=", time()-started); write("/root/BF_runs/logs/qs_experiment_w2/phase3_grid_v1_qs_joint.status", "FAIL") end; write("/root/BF_runs/logs/qs_experiment_w2/phase3_grid_v1_qs_joint.notify", read("/root/BF_runs/logs/qs_experiment_w2/phase3_grid_v1_qs_joint.status", String) * "\









julia>
ENV["QSX2_ONLY"] = "qs_joint"; started = time(); try include("experiments/scotland/06_qs_joint_and_market_observation/r05_grid.jl"); println("PHASE3_INCLUDE_RETURNED_qs_joint wall_s=", time()-started); write("/root/BF_runs/logs/qs_experiment_w2/phase3_grid_v1_qs_joint.status", "PASS") catch err; showerror(stderr, err, catch_backtrace()); println(stderr); println("PHASE3_FAIL_qs_joint wall_s=", time()-started); write("/root/BF_runs/logs/qs_experiment_w2/phase3_grid_v1_qs_joint.status", "FAIL") end; write("/root/BF_runs/logs/qs_experiment_w2/phase3_grid_v1_qs_joint.notify", read("/root/BF_runs/logs/qs_experiment_w2/phase3_grid_v1_qs_joint.status", String) * "\n









julia>
ENV["QSX2_ONLY"] = "qs_joint"; started = time(); try include("experiments/scotland/06_qs_joint_and_market_observation/r05_grid.jl"); println("PHASE3_INCLUDE_RETURNED_qs_joint wall_s=", time()-started); write("/root/BF_runs/logs/qs_experiment_w2/phase3_grid_v1_qs_joint.status", "PASS") catch err; showerror(stderr, err, catch_backtrace()); println(stderr); println("PHASE3_FAIL_qs_joint wall_s=", time()-started); write("/root/BF_runs/logs/qs_experiment_w2/phase3_grid_v1_qs_joint.status", "FAIL") end; write("/root/BF_runs/logs/qs_experiment_w2/phase3_grid_v1_qs_joint.notify", read("/root/BF_runs/logs/qs_experiment_w2/phase3_grid_v1_qs_joint.status", String) * "\n"









julia>
ENV["QSX2_ONLY"] = "qs_joint"; started = time(); try include("experiments/scotland/06_qs_joint_and_market_observation/r05_grid.jl"); println("PHASE3_INCLUDE_RETURNED_qs_joint wall_s=", time()-started); write("/root/BF_runs/logs/qs_experiment_w2/phase3_grid_v1_qs_joint.status", "PASS") catch err; showerror(stderr, err, catch_backtrace()); println(stderr); println("PHASE3_FAIL_qs_joint wall_s=", time()-started); write("/root/BF_runs/logs/qs_experiment_w2/phase3_grid_v1_qs_joint.status", "FAIL") end; write("/root/BF_runs/logs/qs_experiment_w2/phase3_grid_v1_qs_joint.notify", read("/root/BF_runs/logs/qs_experiment_w2/phase3_grid_v1_qs_joint.status", String) * "\n")









julia>
ENV["QSX2_ONLY"] = "qs_joint"; started = time(); try include("experiments/scotland/06_qs_joint_and_market_observation/r05_grid.jl"); println("PHASE3_INCLUDE_RETURNED_qs_joint wall_s=", time()-started); write("/root/BF_runs/logs/qs_experiment_w2/phase3_grid_v1_qs_joint.status", "PASS") catch err; showerror(stderr, err, catch_backtrace()); println(stderr); println("PHASE3_FAIL_qs_joint wall_s=", time()-started); write("/root/BF_runs/logs/qs_experiment_w2/phase3_grid_v1_qs_joint.status", "FAIL") end; write("/root/BF_runs/logs/qs_experiment_w2/phase3_grid_v1_qs_joint.notify", read("/root/BF_runs/logs/qs_experiment_w2/phase3_grid_v1_qs_joint.status", String) * "\n")

QS_MARKET_ARM_LOADED
[ Info: Loading DataStore for ScottishLower from local cache (Age: 342.7 hours)...
NOTICE:  relation "runs" already exists, skipping
NOTICE:  column "ad_backend" of relation "runs" already exists, skipping
NOTICE:  relation "configs" already exists, skipping
NOTICE:  relation "fold_results" already exists, skipping
NOTICE:  relation "match_latents" already exists, skipping
NOTICE:  relation "portfolio_runs" already exists, skipping
NOTICE:  relation "portfolio_bets" already exists, skipping
NOTICE:  relation "config_registry" already exists, skipping
NOTICE:  relation "fit_artifacts" already exists, skipping
NOTICE:  column "layout" of relation "fit_artifacts" already exists, skipping
NOTICE:  relation "fit_fold_artifacts" already exists, skipping
NOTICE:  relation "portfolio_artifacts" already exists, skipping
NOTICE:  relation "calibration_runs" already exists, skipping
NOTICE:  relation "calibration_artifacts" already exists, skipping
NOTICE:  column "id" of relation "runs" already exists, skipping
NOTICE:  column "name" of relation "runs" already exists, skipping
NOTICE:  column "id" of relation "portfolio_runs" already exists, skipping
NOTICE:  column "id" of relation "config_registry" already exists, skipping
NOTICE:  column "n_matches" of relation "fold_results" already exists, skipping
NOTICE:  column "first_match_date" of relation "fold_results" already exists, skipping
NOTICE:  column "last_match_date" of relation "fold_results" already exists, skipping
NOTICE:  column "book_spec_blob" of relation "portfolio_artifacts" already exists, skipping
NOTICE:  column "policy_spec_blob" of relation "portfolio_artifacts" already exists, skipping
NOTICE:  column "id" of relation "calibration_runs" already exists, skipping
NOTICE:  column "experiment_name" of relation "calibration_runs" already exists, skipping
NOTICE:  column "book_as_of_minutes" of relation "calibration_runs" already exists, skipping
NOTICE:  column "n_fixtures" of relation "calibration_runs" already exists, skipping
NOTICE:  column "n_inverted" of relation "calibration_runs" already exists, skipping
NOTICE:  column "diagnostics_blob" of relation "calibration_artifacts" already exists, skipping
NOTICE:  relation "idx_runs_id" already exists, skipping
NOTICE:  relation "idx_portfolio_runs_id" already exists, skipping
NOTICE:  relation "idx_config_registry_id" already exists, skipping
NOTICE:  relation "idx_configs_config_hash" already exists, skipping
NOTICE:  relation "idx_runs_name" already exists, skipping
NOTICE:  relation "idx_runs_created_at" already exists, skipping
NOTICE:  relation "idx_match_latents_match_id" already exists, skipping
NOTICE:  relation "idx_portfolio_runs_created_at" already exists, skipping
NOTICE:  relation "idx_portfolio_bets_match_id" already exists, skipping
NOTICE:  relation "idx_config_registry_name" already exists, skipping
NOTICE:  relation "idx_config_registry_hash" already exists, skipping
NOTICE:  relation "idx_config_registry_created_at" already exists, skipping
NOTICE:  relation "idx_config_registry_type" already exists, skipping
NOTICE:  relation "idx_config_registry_tags" already exists, skipping
NOTICE:  relation "idx_fold_results_run_id" already exists, skipping
NOTICE:  relation "idx_match_latents_fold_id" already exists, skipping
NOTICE:  relation "idx_portfolio_runs_model_run_id" already exists, skipping
NOTICE:  relation "idx_portfolio_bets_run_id" already exists, skipping
NOTICE:  relation "idx_calibration_runs_id" already exists, skipping
NOTICE:  relation "idx_calibration_runs_model_run_id" already exists, skipping
NOTICE:  relation "idx_calibration_runs_experiment" already exists, skipping
NOTICE:  relation "idx_calibration_runs_name" already exists, skipping
NOTICE:  relation "idx_calibration_runs_hash" already exists, skipping
NOTICE:  relation "idx_calibration_runs_created_at" already exists, skipping
NOTICE:  relation "idx_portfolio_runs_calibration" already exists, skipping
NOTICE:  relation "harness_scores" already exists, skipping
NOTICE:  column "control_run_id" of relation "harness_scores" already exists, skipping
NOTICE:  column "panel" of relation "harness_scores" already exists, skipping
NOTICE:  constraint "harness_scores_pkey" of relation "harness_scores" does not exist, skipping
NOTICE:  relation "harness_scores_unique_idx" already exists, skipping
NOTICE:  relation "harness_scores_lookup_idx" already exists, skipping
NOTICE:  relation "harness_experiments" already exists, skipping
NOTICE:  column "run_commits" of relation "harness_experiments" already exists, skipping
NOTICE:  relation "harness_checks" already exists, skipping
NOTICE:  relation "harness_checks_recipe_stage_idx" already exists, skipping
NOTICE:  relation "harness_checks_run_idx" already exists, skipping
[FOLD_CHECKPOINT] arm=qs_joint fold=1 attempt=0 at=2026-10-09T21:43:36.424
[FOLD_CHECKPOINT] arm=qs_joint fold=4 attempt=0 at=2026-10-09T21:51:52.445
[FOLD_CHECKPOINT] arm=qs_joint fold=5 attempt=0 at=2026-10-09T21:54:46.970
[FOLD_CHECKPOINT] arm=qs_joint fold=11 attempt=0 at=2026-10-09T21:56:08.880
[FOLD_CHECKPOINT] arm=qs_joint fold=3 attempt=0 at=2026-10-09T21:56:12.761
[FOLD_CHECKPOINT] arm=qs_joint fold=30 attempt=0 at=2026-10-09T21:56:28.499
[FOLD_CHECKPOINT] arm=qs_joint fold=2 attempt=0 at=2026-10-09T21:56:35.987
[FOLD_CHECKPOINT] arm=qs_joint fold=24 attempt=0 at=2026-10-09T21:56:53.733
[FOLD_CHECKPOINT] arm=qs_joint fold=28 attempt=0 at=2026-10-09T21:58:32.502
[FOLD_CHECKPOINT] arm=qs_joint fold=35 attempt=0 at=2026-10-09T21:59:13.534
[FOLD_CHECKPOINT] arm=qs_joint fold=21 attempt=0 at=2026-10-09T22:02:40.230
[FOLD_CHECKPOINT] arm=qs_joint fold=25 attempt=0 at=2026-10-09T22:03:23.596
[FOLD_CHECKPOINT] arm=qs_joint fold=31 attempt=0 at=2026-10-09T22:04:35.430
[FOLD_CHECKPOINT] arm=qs_joint fold=39 attempt=0 at=2026-10-09T22:04:41.905
[FOLD_CHECKPOINT] arm=qs_joint fold=29 attempt=0 at=2026-10-09T22:04:51.805
[FOLD_CHECKPOINT] arm=qs_joint fold=8 attempt=0 at=2026-10-09T22:05:20.666
[FOLD_CHECKPOINT] arm=qs_joint fold=32 attempt=0 at=2026-10-09T22:05:21.553
[FOLD_CHECKPOINT] arm=qs_joint fold=36 attempt=0 at=2026-10-09T22:05:46.441
[FOLD_CHECKPOINT] arm=qs_joint fold=7 attempt=0 at=2026-10-09T22:06:21.562
[FOLD_CHECKPOINT] arm=qs_joint fold=9 attempt=0 at=2026-10-09T22:06:26.943
[FOLD_CHECKPOINT] arm=qs_joint fold=34 attempt=0 at=2026-10-09T22:07:01.102
[FOLD_CHECKPOINT] arm=qs_joint fold=40 attempt=0 at=2026-10-09T22:08:41.868
[FOLD_CHECKPOINT] arm=qs_joint fold=37 attempt=0 at=2026-10-09T22:08:59.084
[FOLD_CHECKPOINT] arm=qs_joint fold=15 attempt=0 at=2026-10-09T22:09:18.308
[FOLD_CHECKPOINT] arm=qs_joint fold=16 attempt=0 at=2026-10-09T22:09:38.834
[FOLD_CHECKPOINT] arm=qs_joint fold=27 attempt=0 at=2026-10-09T22:09:47.061
[FOLD_CHECKPOINT] arm=qs_joint fold=26 attempt=0 at=2026-10-09T22:09:54.762
[FOLD_CHECKPOINT] arm=qs_joint fold=18 attempt=0 at=2026-10-09T22:09:57.209
[FOLD_CHECKPOINT] arm=qs_joint fold=6 attempt=0 at=2026-10-09T22:10:05.076
[FOLD_CHECKPOINT] arm=qs_joint fold=23 attempt=0 at=2026-10-09T22:10:11.143
[FOLD_CHECKPOINT] arm=qs_joint fold=22 attempt=0 at=2026-10-09T22:10:11.374
[FOLD_CHECKPOINT] arm=qs_joint fold=17 attempt=0 at=2026-10-09T22:10:16.773
[FOLD_CHECKPOINT] arm=qs_joint fold=19 attempt=0 at=2026-10-09T22:10:33.608
[FOLD_CHECKPOINT] arm=qs_joint fold=33 attempt=0 at=2026-10-09T22:10:38.225
[FOLD_CHECKPOINT] arm=qs_joint fold=10 attempt=0 at=2026-10-09T22:10:41.247
[FOLD_CHECKPOINT] arm=qs_joint fold=20 attempt=0 at=2026-10-09T22:10:47.121
[FOLD_CHECKPOINT] arm=qs_joint fold=14 attempt=0 at=2026-10-09T22:10:51.366
[FOLD_CHECKPOINT] arm=qs_joint fold=13 attempt=0 at=2026-10-09T22:10:53.980
[FOLD_CHECKPOINT] arm=qs_joint fold=38 attempt=0 at=2026-10-09T22:10:58.359
[FOLD_CHECKPOINT] arm=qs_joint fold=12 attempt=0 at=2026-10-09T22:12:29.746
NOTICE:  relation "harness_scores" already exists, skipping
NOTICE:  column "control_run_id" of relation "harness_scores" already exists, skipping
NOTICE:  column "panel" of relation "harness_scores" already exists, skipping
NOTICE:  constraint "harness_scores_pkey" of relation "harness_scores" does not exist, skipping
NOTICE:  relation "harness_scores_unique_idx" already exists, skipping
NOTICE:  relation "harness_scores_lookup_idx" already exists, skipping
NOTICE:  relation "harness_experiments" already exists, skipping
NOTICE:  column "run_commits" of relation "harness_experiments" already exists, skipping
NOTICE:  relation "harness_checks" already exists, skipping
NOTICE:  relation "harness_checks_recipe_stage_idx" already exists, skipping
NOTICE:  relation "harness_checks_run_idx" already exists, skipping
     > all 40 folds restored from checkpoints
 [5] Auditing convergence...
     > PASS  R̂≤1.0094  ESS≥761  div 0/160000
 [6] Extracting out-of-sample latents...
     > CountLatents  710 fixtures × 4000 draws
------------------------------------------------------------------
DONE in 50.4s
LoadError: expected exactly one role=:control; found 0
Stacktrace:
  [1] error(s::String)
    @ Base ./error.jl:44
  [2] _control_ref
    @ ~/BF_runs/qs_experiment/src/harness/scoring.jl:479 [inlined]
  [3] score_runs(refs::Vector{BayesianFootball.Harness.RunRef}; ds::BayesianFootball.Data.DataStore, tiers::Dict{Tuple{String, String}, Int64}, control::Nothing, target_seasons::Vector{String}, bootstrap_B::Int64, expected_fixtures::Int64, failures::Nothing)
    @ BayesianFootball.Harness ~/BF_runs/qs_experiment/src/harness/scoring.jl:514
  [4] invokelatest
    @ ./Base_compiler.jl:250 [inlined]
  [5] grid(candidate::BayesianFootball.Harness.Candidate{BayesianFootball.Models.PreGame.Builder.PoissonCountModel{BayesianFootball.Models.PreGame.GlobalInterception, BayesianFootball.Models.PreGame.QualityStyleGRW, BayesianFootball.Models.PreGame.GlobalHomeAdvantage, Tuple{}, BayesianFootball.Models.PreGame.Builder.SharedKappaJoint{BayesianFootball.Features.MatchProxyXGFeature, Distributions.Truncated{Distributions.Normal{Float64}, Distributions.Continuous, Float64, Float64, Float64}, Distributions.Normal{Float64}}, BayesianFootball.Models.PreGame.Builder.ClampGuard}, BayesianFootball.Samplers.QueuedNUTSConfig}; ds::BayesianFootball.Data.DataStore, experiment::String, db::BayesianFootball.Training.Inference.PostgresStorage, control::Nothing, target_seasons::Vector{String}, bootstrap_B::Int64)
    @ BayesianFootball.Harness ~/BF_runs/qs_experiment/src/harness/stages.jl:360
  [6] grid
    @ ~/BF_runs/qs_experiment/src/harness/stages.jl:225 [inlined]
  [7] WARNING: Detected access to binding `Wave2Grid.grid_stage` in a world prior to its definition world.
  Julia 1.12 has introduced more strict world age semantics for global bindings.
  !!! This code may malfunction under Revise.
  !!! This code will error in future versions of Julia.
Hint: Add an appropriate `invokelatest` around the access to this binding.
To make this warning an error, and hence obtain a stack trace, use `julia --depwarn=error`.
grid_stage(candidate::BayesianFootball.Harness.Candidate{BayesianFootball.Models.PreGame.Builder.PoissonCountModel{BayesianFootball.Models.PreGame.GlobalInterception, BayesianFootball.Models.PreGame.QualityStyleGRW, BayesianFootball.Models.PreGame.GlobalHomeAdvantage, Tuple{}, BayesianFootball.Models.PreGame.Builder.SharedKappaJoint{BayesianFootball.Features.MatchProxyXGFeature, Distributions.Truncated{Distributions.Normal{Float64}, Distributions.Continuous, Float64, Float64, Float64}, Distributions.Normal{Float64}}, BayesianFootball.Models.PreGame.Builder.ClampGuard}, BayesianFootball.Samplers.QueuedNUTSConfig}, ds::BayesianFootball.Data.DataStore, db::BayesianFootball.Training.Inference.PostgresStorage, experiment::String, arm::Int64, attempt::Int64, output::String; control::Nothing)
    @ Main.Wave2Grid ~/BF_runs/qs_experiment/experiments/scotland/06_qs_joint_and_market_observation/l05_grid.jl:87
  [8] grid_stage
    @ ~/BF_runs/qs_experiment/experiments/scotland/06_qs_joint_and_market_observation/l05_grid.jl:75 [inlined]
  [9] (::Main.Wave2Grid.var"#run")(candidate::BayesianFootball.Harness.Candidate{BayesianFootball.Models.PreGame.Builder.PoissonCountModel{BayesianFootball.Models.PreGame.GlobalInterception, BayesianFootball.Models.PreGame.QualityStyleGRW, BayesianFootball.Models.PreGame.GlobalHomeAdvantage, Tuple{}, BayesianFootball.Models.PreGame.Builder.SharedKappaJoint{BayesianFootball.Features.MatchProxyXGFeature, Distributions.Truncated{Distributions.Normal{Float64}, Distributions.Continuous, Float64, Float64, Float64}, Distributions.Normal{Float64}}, BayesianFootball.Models.PreGame.Builder.ClampGuard}, BayesianFootball.Samplers.QueuedNUTSConfig}, ds::BayesianFootball.Data.DataStore, db::BayesianFootball.Training.Inference.PostgresStorage, metadata::@NamedTuple{experiment::String}; output::String)
    @ Main.Wave2Grid ~/BF_runs/qs_experiment/experiments/scotland/06_qs_joint_and_market_observation/l05_grid.jl:116
 [10] top-level scope
    @ ~/BF_runs/qs_experiment/experiments/scotland/06_qs_joint_and_market_observation/r05_grid.jl:31
 [11] include(mapexpr::Function, mod::Module, _path::String)
    @ Base ./Base.jl:307
 [12] top-level scope
    @ REPL[1]:1
 [13] __repl_entry_eval_expanded_with_loc(mod::Module, ast::Any, toplevel_file::Ref{Ptr{UInt8}}, toplevel_line::Ref{Int32})
    @ REPL ~/.julia/juliaup/julia-1.12.4+0.x64.linux.gnu/share/julia/stdlib/v1.12/REPL/src/REPL.jl:301
 [14] toplevel_eval_with_hooks(mod::Module, ast::Any, toplevel_file::Any, toplevel_line::Any)
    @ REPL ~/.julia/juliaup/julia-1.12.4+0.x64.linux.gnu/share/julia/stdlib/v1.12/REPL/src/REPL.jl:308
 [15] toplevel_eval_with_hooks(mod::Module, ast::Any, toplevel_file::Any, toplevel_line::Any) (repeats 4 times)
    @ REPL ~/.julia/juliaup/julia-1.12.4+0.x64.linux.gnu/share/julia/stdlib/v1.12/REPL/src/REPL.jl:312
 [16] toplevel_eval_with_hooks
    @ ~/.julia/juliaup/julia-1.12.4+0.x64.linux.gnu/share/julia/stdlib/v1.12/REPL/src/REPL.jl:305 [inlined]
 [17] eval_user_input(ast::Any, backend::REPL.REPLBackend, mod::Module)
    @ REPL ~/.julia/juliaup/julia-1.12.4+0.x64.linux.gnu/share/julia/stdlib/v1.12/REPL/src/REPL.jl:330
 [18] repl_backend_loop(backend::REPL.REPLBackend, get_module::Function)
    @ REPL ~/.julia/juliaup/julia-1.12.4+0.x64.linux.gnu/share/julia/stdlib/v1.12/REPL/src/REPL.jl:452
 [19] start_repl_backend(backend::REPL.REPLBackend, consumer::Any; get_module::Function)
    @ REPL ~/.julia/juliaup/julia-1.12.4+0.x64.linux.gnu/share/julia/stdlib/v1.12/REPL/src/REPL.jl:427
 [20] start_repl_backend
    @ ~/.julia/juliaup/julia-1.12.4+0.x64.linux.gnu/share/julia/stdlib/v1.12/REPL/src/REPL.jl:424 [inlined]
 [21] run_repl(repl::REPL.AbstractREPL, consumer::Any; backend_on_current_task::Bool, backend::Any)
    @ REPL ~/.julia/juliaup/julia-1.12.4+0.x64.linux.gnu/share/julia/stdlib/v1.12/REPL/src/REPL.jl:653
 [22] run_repl(repl::REPL.AbstractREPL, consumer::Any)
    @ REPL ~/.julia/juliaup/julia-1.12.4+0.x64.linux.gnu/share/julia/stdlib/v1.12/REPL/src/REPL.jl:639
 [23] run_std_repl(REPL::Module, quiet::Bool, banner::Symbol, history_file::Bool)
    @ Base ./client.jl:478
 [24] run_main_repl(interactive::Bool, quiet::Bool, banner::Symbol, history_file::Bool)
    @ Base ./client.jl:499
 [25] repl_main
    @ ./client.jl:586 [inlined]
 [26] _start()
    @ Base ./client.jl:561
in expression starting at /root/BF_runs/qs_experiment/experiments/scotland/06_qs_joint_and_market_observation/r05_grid.jl:31
PHASE3_FAIL_qs_joint wall_s=1962.5365459918976
5



julia>


julia>

include("/tmp/qsx2_grid_blocked_audit.jl")
julia>
include("/tmp/qsx2_grid_blocked_audit.jl")

BLOCKED_AUDIT run_id=2a5eee90-3402-40ce-a5e3-f4c6b57fc8ea folds=40 max_rhat=1.0093676210309184 min_bulk=832.3498809239868 min_tail=761.022212780583 divergences=0 rhat_reruns_due=0 tail_reviews=0



julia>


julia>
