JULIA_PKG_PRECOMPILE_AUTO=0 /root/.juliaup/bin/julia --project -t 16[root@mcmc-beast qs_experiment]# JULIA_PKG_PRECOMPILE_AUTO=0 /root/.juliaup/bin/julia --project -t 16

  🦋 Kaimon gate connected (qs_experiment)
  host REPL mirroring enabled
               _
   _       _ _(_)_     |  Documentation: https://docs.julialang.org
  (_)     | (_) (_)    |
   _ _   _| |_  __ _   |  Type "?" for help, "]?" for Pkg help.
  | | | | | | |/ _` |  |
  | | |_| | | | (_| |  |  Version 1.12.4 (2026-01-06)
 _/ |\__'_|_|_|\__'_|  |  Official https://julialang.org release
|__/                   |


julia>

ENV["QSX2_ONLY"] = "grw_marketobs"; started = time(); try include("exper
julia>
ENV["QSX2_ONLY"] = "grw_marketobs"; started = time(); try include("experi




julia>
ENV["QSX2_ONLY"] = "grw_marketobs"; started = time(); try include("experim


julia>
ENV["QSX2_ONLY"] = "grw_marketobs"; started = time(); try include("experime


julia>
ENV["QSX2_ONLY"] = "grw_marketobs"; started = time(); try include("experimen


julia>
ENV["QSX2_ONLY"] = "grw_marketobs"; started = time(); try include("experiment


julia>
ENV["QSX2_ONLY"] = "grw_marketobs"; started = time(); try include("experiments


julia>
ENV["QSX2_ONLY"] = "grw_marketobs"; started = time(); try include("experiments/


julia>
ENV["QSX2_ONLY"] = "grw_marketobs"; started = time(); try include("experiments/s


julia>
ENV["QSX2_ONLY"] = "grw_marketobs"; started = time(); try include("experiments/sc


julia>
ENV["QSX2_ONLY"] = "grw_marketobs"; started = time(); try include("experiments/sco


julia>
ENV["QSX2_ONLY"] = "grw_marketobs"; started = time(); try include("experiments/scot


julia>
ENV["QSX2_ONLY"] = "grw_marketobs"; started = time(); try include("experiments/scotl


julia>
ENV["QSX2_ONLY"] = "grw_marketobs"; started = time(); try include("experiments/scotla


julia>
ENV["QSX2_ONLY"] = "grw_marketobs"; started = time(); try include("experiments/scotlan


julia>
ENV["QSX2_ONLY"] = "grw_marketobs"; started = time(); try include("experiments/scotland


julia>
ENV["QSX2_ONLY"] = "grw_marketobs"; started = time(); try include("experiments/scotland/


julia>
ENV["QSX2_ONLY"] = "grw_marketobs"; started = time(); try include("experiments/scotland/0


julia>
ENV["QSX2_ONLY"] = "grw_marketobs"; started = time(); try include("experiments/scotland/06


julia>
ENV["QSX2_ONLY"] = "grw_marketobs"; started = time(); try include("experiments/scotland/06_


julia>
ENV["QSX2_ONLY"] = "grw_marketobs"; started = time(); try include("experiments/scotland/06_q


julia>
ENV["QSX2_ONLY"] = "grw_marketobs"; started = time(); try include("experiments/scotland/06_qs


julia>
ENV["QSX2_ONLY"] = "grw_marketobs"; started = time(); try include("experiments/scotland/06_qs_


julia>
ENV["QSX2_ONLY"] = "grw_marketobs"; started = time(); try include("experiments/scotland/06_qs_j


julia>
ENV["QSX2_ONLY"] = "grw_marketobs"; started = time(); try include("experiments/scotland/06_qs_jo


julia>
ENV["QSX2_ONLY"] = "grw_marketobs"; started = time(); try include("experiments/scotland/06_qs_joi


julia>
ENV["QSX2_ONLY"] = "grw_marketobs"; started = time(); try include("experiments/scotland/06_qs_join


julia>
ENV["QSX2_ONLY"] = "grw_marketobs"; started = time(); try include("experiments/scotland/06_qs_joint


julia>
ENV["QSX2_ONLY"] = "grw_marketobs"; started = time(); try include("experiments/scotland/06_qs_joint_


julia>
ENV["QSX2_ONLY"] = "grw_marketobs"; started = time(); try include("experiments/scotland/06_qs_joint_a


julia>
ENV["QSX2_ONLY"] = "grw_marketobs"; started = time(); try include("experiments/scotland/06_qs_joint_an


julia>
ENV["QSX2_ONLY"] = "grw_marketobs"; started = time(); try include("experiments/scotland/06_qs_joint_and


julia>
ENV["QSX2_ONLY"] = "grw_marketobs"; started = time(); try include("experiments/scotland/06_qs_joint_and_


julia>
ENV["QSX2_ONLY"] = "grw_marketobs"; started = time(); try include("experiments/scotland/06_qs_joint_and_m


julia>
ENV["QSX2_ONLY"] = "grw_marketobs"; started = time(); try include("experiments/scotland/06_qs_joint_and_ma


julia>
ENV["QSX2_ONLY"] = "grw_marketobs"; started = time(); try include("experiments/scotland/06_qs_joint_and_mar


julia>
ENV["QSX2_ONLY"] = "grw_marketobs"; started = time(); try include("experiments/scotland/06_qs_joint_and_mark


julia>
ENV["QSX2_ONLY"] = "grw_marketobs"; started = time(); try include("experiments/scotland/06_qs_joint_and_marke


julia>
ENV["QSX2_ONLY"] = "grw_marketobs"; started = time(); try include("experiments/scotland/06_qs_joint_and_market


julia>
ENV["QSX2_ONLY"] = "grw_marketobs"; started = time(); try include("experiments/scotland/06_qs_joint_and_market_


julia>
ENV["QSX2_ONLY"] = "grw_marketobs"; started = time(); try include("experiments/scotland/06_qs_joint_and_market_o


julia>
ENV["QSX2_ONLY"] = "grw_marketobs"; started = time(); try include("experiments/scotland/06_qs_joint_and_market_ob


julia>
ENV["QSX2_ONLY"] = "grw_marketobs"; started = time(); try include("experiments/scotland/06_qs_joint_and_market_obs


julia>
ENV["QSX2_ONLY"] = "grw_marketobs"; started = time(); try include("experiments/scotland/06_qs_joint_and_market_obse


julia>
ENV["QSX2_ONLY"] = "grw_marketobs"; started = time(); try include("experiments/scotland/06_qs_joint_and_market_obser


julia>
ENV["QSX2_ONLY"] = "grw_marketobs"; started = time(); try include("experiments/scotland/06_qs_joint_and_market_observ


julia>
ENV["QSX2_ONLY"] = "grw_marketobs"; started = time(); try include("experiments/scotland/06_qs_joint_and_market_observa


julia>
ENV["QSX2_ONLY"] = "grw_marketobs"; started = time(); try include("experiments/scotland/06_qs_joint_and_market_observat


julia>
ENV["QSX2_ONLY"] = "grw_marketobs"; started = time(); try include("experiments/scotland/06_qs_joint_and_market_observati


julia>
ENV["QSX2_ONLY"] = "grw_marketobs"; started = time(); try include("experiments/scotland/06_qs_joint_and_market_observatio


julia>
ENV["QSX2_ONLY"] = "grw_marketobs"; started = time(); try include("experiments/scotland/06_qs_joint_and_market_observation


julia>
ENV["QSX2_ONLY"] = "grw_marketobs"; started = time(); try include("experiments/scotland/06_qs_joint_and_market_observation/


julia>
ENV["QSX2_ONLY"] = "grw_marketobs"; started = time(); try include("experiments/scotland/06_qs_joint_and_market_observation/r


julia>
ENV["QSX2_ONLY"] = "grw_marketobs"; started = time(); try include("experiments/scotland/06_qs_joint_and_market_observation/r0


julia>
ENV["QSX2_ONLY"] = "grw_marketobs"; started = time(); try include("experiments/scotland/06_qs_joint_and_market_observation/r05


julia>
ENV["QSX2_ONLY"] = "grw_marketobs"; started = time(); try include("experiments/scotland/06_qs_joint_and_market_observation/r05_


julia>
ENV["QSX2_ONLY"] = "grw_marketobs"; started = time(); try include("experiments/scotland/06_qs_joint_and_market_observation/r05_g


julia>
ENV["QSX2_ONLY"] = "grw_marketobs"; started = time(); try include("experiments/scotland/06_qs_joint_and_market_observation/r05_gr


julia>
ENV["QSX2_ONLY"] = "grw_marketobs"; started = time(); try include("experiments/scotland/06_qs_joint_and_market_observation/r05_gri


julia>
ENV["QSX2_ONLY"] = "grw_marketobs"; started = time(); try include("experiments/scotland/06_qs_joint_and_market_observation/r05_grid


julia>
ENV["QSX2_ONLY"] = "grw_marketobs"; started = time(); try include("experiments/scotland/06_qs_joint_and_market_observation/r05_grid.


julia>
ENV["QSX2_ONLY"] = "grw_marketobs"; started = time(); try include("experiments/scotland/06_qs_joint_and_market_observation/r05_grid.j


julia>
ENV["QSX2_ONLY"] = "grw_marketobs"; started = time(); try include("experiments/scotland/06_qs_joint_and_market_observation/r05_grid.jl


julia>
ENV["QSX2_ONLY"] = "grw_marketobs"; started = time(); try include("experiments/scotland/06_qs_joint_and_market_observation/r05_grid.jl"


julia>
ENV["QSX2_ONLY"] = "grw_marketobs"; started = time(); try include("experiments/scotland/06_qs_joint_and_market_observation/r05_grid.jl")


julia>
ENV["QSX2_ONLY"] = "grw_marketobs"; started = time(); try include("experiments/scotland/06_qs_joint_and_market_observation/r05_grid.jl");


julia>
ENV["QSX2_ONLY"] = "grw_marketobs"; started = time(); try include("experiments/scotland/06_qs_joint_and_market_observation/r05_grid.jl");


julia>
ENV["QSX2_ONLY"] = "grw_marketobs"; started = time(); try include("experiments/scotland/06_qs_joint_and_market_observation/r05_grid.jl"); p


julia>
ENV["QSX2_ONLY"] = "grw_marketobs"; started = time(); try include("experiments/scotland/06_qs_joint_and_market_observation/r05_grid.jl"); pr


julia>
ENV["QSX2_ONLY"] = "grw_marketobs"; started = time(); try include("experiments/scotland/06_qs_joint_and_market_observation/r05_grid.jl"); pri


julia>
ENV["QSX2_ONLY"] = "grw_marketobs"; started = time(); try include("experiments/scotland/06_qs_joint_and_market_observation/r05_grid.jl"); prin


julia>
ENV["QSX2_ONLY"] = "grw_marketobs"; started = time(); try include("experiments/scotland/06_qs_joint_and_market_observation/r05_grid.jl"); print


julia>
ENV["QSX2_ONLY"] = "grw_marketobs"; started = time(); try include("experiments/scotland/06_qs_joint_and_market_observation/r05_grid.jl"); printl


julia>
ENV["QSX2_ONLY"] = "grw_marketobs"; started = time(); try include("experiments/scotland/06_qs_joint_and_market_observation/r05_grid.jl"); println


julia>
ENV["QSX2_ONLY"] = "grw_marketobs"; started = time(); try include("experiments/scotland/06_qs_joint_and_market_observation/r05_grid.jl"); println(


julia>
ENV["QSX2_ONLY"] = "grw_marketobs"; started = time(); try include("experiments/scotland/06_qs_joint_and_market_observation/r05_grid.jl"); println("


julia>
ENV["QSX2_ONLY"] = "grw_marketobs"; started = time(); try include("experiments/scotland/06_qs_joint_and_market_observation/r05_grid.jl"); println("P


julia>
ENV["QSX2_ONLY"] = "grw_marketobs"; started = time(); try include("experiments/scotland/06_qs_joint_and_market_observation/r05_grid.jl"); println("PH


julia>
ENV["QSX2_ONLY"] = "grw_marketobs"; started = time(); try include("experiments/scotland/06_qs_joint_and_market_observation/r05_grid.jl"); println("PHA


julia>
ENV["QSX2_ONLY"] = "grw_marketobs"; started = time(); try include("experiments/scotland/06_qs_joint_and_market_observation/r05_grid.jl"); println("PHAS


julia>
ENV["QSX2_ONLY"] = "grw_marketobs"; started = time(); try include("experiments/scotland/06_qs_joint_and_market_observation/r05_grid.jl"); println("PHASE


julia>
ENV["QSX2_ONLY"] = "grw_marketobs"; started = time(); try include("experiments/scotland/06_qs_joint_and_market_observation/r05_grid.jl"); println("PHASE3





julia>
ENV["QSX2_ONLY"] = "grw_marketobs"; started = time(); try include("experiments/scotland/06_qs_joint_and_market_observation/r05_grid.jl"); println("PHASE3_



julia>
ENV["QSX2_ONLY"] = "grw_marketobs"; started = time(); try include("experiments/scotland/06_qs_joint_and_market_observation/r05_grid.jl"); println("PHASE3_I



julia>
ENV["QSX2_ONLY"] = "grw_marketobs"; started = time(); try include("experiments/scotland/06_qs_joint_and_market_observation/r05_grid.jl"); println("PHASE3_IN



julia>
ENV["QSX2_ONLY"] = "grw_marketobs"; started = time(); try include("experiments/scotland/06_qs_joint_and_market_observation/r05_grid.jl"); println("PHASE3_INC



julia>
ENV["QSX2_ONLY"] = "grw_marketobs"; started = time(); try include("experiments/scotland/06_qs_joint_and_market_observation/r05_grid.jl"); println("PHASE3_INCL



julia>
ENV["QSX2_ONLY"] = "grw_marketobs"; started = time(); try include("experiments/scotland/06_qs_joint_and_market_observation/r05_grid.jl"); println("PHASE3_INCLU



julia>
ENV["QSX2_ONLY"] = "grw_marketobs"; started = time(); try include("experiments/scotland/06_qs_joint_and_market_observation/r05_grid.jl"); println("PHASE3_INCLUD



julia>
ENV["QSX2_ONLY"] = "grw_marketobs"; started = time(); try include("experiments/scotland/06_qs_joint_and_market_observation/r05_grid.jl"); println("PHASE3_INCLUDE



julia>
ENV["QSX2_ONLY"] = "grw_marketobs"; started = time(); try include("experiments/scotland/06_qs_joint_and_market_observation/r05_grid.jl"); println("PHASE3_INCLUDE_



julia>
ENV["QSX2_ONLY"] = "grw_marketobs"; started = time(); try include("experiments/scotland/06_qs_joint_and_market_observation/r05_grid.jl"); println("PHASE3_INCLUDE_R



julia>
ENV["QSX2_ONLY"] = "grw_marketobs"; started = time(); try include("experiments/scotland/06_qs_joint_and_market_observation/r05_grid.jl"); println("PHASE3_INCLUDE_RE



julia>
ENV["QSX2_ONLY"] = "grw_marketobs"; started = time(); try include("experiments/scotland/06_qs_joint_and_market_observation/r05_grid.jl"); println("PHASE3_INCLUDE_RET



julia>
ENV["QSX2_ONLY"] = "grw_marketobs"; started = time(); try include("experiments/scotland/06_qs_joint_and_market_observation/r05_grid.jl"); println("PHASE3_INCLUDE_RETU



julia>
ENV["QSX2_ONLY"] = "grw_marketobs"; started = time(); try include("experiments/scotland/06_qs_joint_and_market_observation/r05_grid.jl"); println("PHASE3_INCLUDE_RETUR



julia>
ENV["QSX2_ONLY"] = "grw_marketobs"; started = time(); try include("experiments/scotland/06_qs_joint_and_market_observation/r05_grid.jl"); println("PHASE3_INCLUDE_RETURN



julia>
ENV["QSX2_ONLY"] = "grw_marketobs"; started = time(); try include("experiments/scotland/06_qs_joint_and_market_observation/r05_grid.jl"); println("PHASE3_INCLUDE_RETURNE



julia>
ENV["QSX2_ONLY"] = "grw_marketobs"; started = time(); try include("experiments/scotland/06_qs_joint_and_market_observation/r05_grid.jl"); println("PHASE3_INCLUDE_RETURNED



julia>
ENV["QSX2_ONLY"] = "grw_marketobs"; started = time(); try include("experiments/scotland/06_qs_joint_and_market_observation/r05_grid.jl"); println("PHASE3_INCLUDE_RETURNED_



julia>
ENV["QSX2_ONLY"] = "grw_marketobs"; started = time(); try include("experiments/scotland/06_qs_joint_and_market_observation/r05_grid.jl"); println("PHASE3_INCLUDE_RETURNED_g



julia>
ENV["QSX2_ONLY"] = "grw_marketobs"; started = time(); try include("experiments/scotland/06_qs_joint_and_market_observation/r05_grid.jl"); println("PHASE3_INCLUDE_RETURNED_gr



julia>
ENV["QSX2_ONLY"] = "grw_marketobs"; started = time(); try include("experiments/scotland/06_qs_joint_and_market_observation/r05_grid.jl"); println("PHASE3_INCLUDE_RETURNED_grw



julia>
ENV["QSX2_ONLY"] = "grw_marketobs"; started = time(); try include("experiments/scotland/06_qs_joint_and_market_observation/r05_grid.jl"); println("PHASE3_INCLUDE_RETURNED_grw_



julia>
ENV["QSX2_ONLY"] = "grw_marketobs"; started = time(); try include("experiments/scotland/06_qs_joint_and_market_observation/r05_grid.jl"); println("PHASE3_INCLUDE_RETURNED_grw_m



julia>
ENV["QSX2_ONLY"] = "grw_marketobs"; started = time(); try include("experiments/scotland/06_qs_joint_and_market_observation/r05_grid.jl"); println("PHASE3_INCLUDE_RETURNED_grw_ma



julia>
ENV["QSX2_ONLY"] = "grw_marketobs"; started = time(); try include("experiments/scotland/06_qs_joint_and_market_observation/r05_grid.jl"); println("PHASE3_INCLUDE_RETURNED_grw_mar



julia>
ENV["QSX2_ONLY"] = "grw_marketobs"; started = time(); try include("experiments/scotland/06_qs_joint_and_market_observation/r05_grid.jl"); println("PHASE3_INCLUDE_RETURNED_grw_mark



julia>
ENV["QSX2_ONLY"] = "grw_marketobs"; started = time(); try include("experiments/scotland/06_qs_joint_and_market_observation/r05_grid.jl"); println("PHASE3_INCLUDE_RETURNED_grw_marke



julia>
ENV["QSX2_ONLY"] = "grw_marketobs"; started = time(); try include("experiments/scotland/06_qs_joint_and_market_observation/r05_grid.jl"); println("PHASE3_INCLUDE_RETURNED_grw_market



julia>
ENV["QSX2_ONLY"] = "grw_marketobs"; started = time(); try include("experiments/scotland/06_qs_joint_and_market_observation/r05_grid.jl"); println("PHASE3_INCLUDE_RETURNED_grw_marketo



julia>
ENV["QSX2_ONLY"] = "grw_marketobs"; started = time(); try include("experiments/scotland/06_qs_joint_and_market_observation/r05_grid.jl"); println("PHASE3_INCLUDE_RETURNED_grw_marketob



julia>
ENV["QSX2_ONLY"] = "grw_marketobs"; started = time(); try include("experiments/scotland/06_qs_joint_and_market_observation/r05_grid.jl"); println("PHASE3_INCLUDE_RETURNED_grw_marketobs



julia>
ENV["QSX2_ONLY"] = "grw_marketobs"; started = time(); try include("experiments/scotland/06_qs_joint_and_market_observation/r05_grid.jl"); println("PHASE3_INCLUDE_RETURNED_grw_marketobs



julia>
ENV["QSX2_ONLY"] = "grw_marketobs"; started = time(); try include("experiments/scotland/06_qs_joint_and_market_observation/r05_grid.jl"); println("PHASE3_INCLUDE_RETURNED_grw_marketobs w



julia>
ENV["QSX2_ONLY"] = "grw_marketobs"; started = time(); try include("experiments/scotland/06_qs_joint_and_market_observation/r05_grid.jl"); println("PHASE3_INCLUDE_RETURNED_grw_marketobs wa



julia>
ENV["QSX2_ONLY"] = "grw_marketobs"; started = time(); try include("experiments/scotland/06_qs_joint_and_market_observation/r05_grid.jl"); println("PHASE3_INCLUDE_RETURNED_grw_marketobs wal



julia>
ENV["QSX2_ONLY"] = "grw_marketobs"; started = time(); try include("experiments/scotland/06_qs_joint_and_market_observation/r05_grid.jl"); println("PHASE3_INCLUDE_RETURNED_grw_marketobs wall



julia>
ENV["QSX2_ONLY"] = "grw_marketobs"; started = time(); try include("experiments/scotland/06_qs_joint_and_market_observation/r05_grid.jl"); println("PHASE3_INCLUDE_RETURNED_grw_marketobs wall_



julia>
ENV["QSX2_ONLY"] = "grw_marketobs"; started = time(); try include("experiments/scotland/06_qs_joint_and_market_observation/r05_grid.jl"); println("PHASE3_INCLUDE_RETURNED_grw_marketobs wall_s



julia>
ENV["QSX2_ONLY"] = "grw_marketobs"; started = time(); try include("experiments/scotland/06_qs_joint_and_market_observation/r05_grid.jl"); println("PHASE3_INCLUDE_RETURNED_grw_marketobs wall_s=



julia>
ENV["QSX2_ONLY"] = "grw_marketobs"; started = time(); try include("experiments/scotland/06_qs_joint_and_market_observation/r05_grid.jl"); println("PHASE3_INCLUDE_RETURNED_grw_marketobs wall_s="



julia>
ENV["QSX2_ONLY"] = "grw_marketobs"; started = time(); try include("experiments/scotland/06_qs_joint_and_market_observation/r05_grid.jl"); println("PHASE3_INCLUDE_RETURNED_grw_marketobs wall_s=",



julia>
ENV["QSX2_ONLY"] = "grw_marketobs"; started = time(); try include("experiments/scotland/06_qs_joint_and_market_observation/r05_grid.jl"); println("PHASE3_INCLUDE_RETURNED_grw_marketobs wall_s=",



julia>
ENV["QSX2_ONLY"] = "grw_marketobs"; started = time(); try include("experiments/scotland/06_qs_joint_and_market_observation/r05_grid.jl"); println("PHASE3_INCLUDE_RETURNED_grw_marketobs wall_s=", t



julia>
ENV["QSX2_ONLY"] = "grw_marketobs"; started = time(); try include("experiments/scotland/06_qs_joint_and_market_observation/r05_grid.jl"); println("PHASE3_INCLUDE_RETURNED_grw_marketobs wall_s=", ti



julia>
ENV["QSX2_ONLY"] = "grw_marketobs"; started = time(); try include("experiments/scotland/06_qs_joint_and_market_observation/r05_grid.jl"); println("PHASE3_INCLUDE_RETURNED_grw_marketobs wall_s=", tim



julia>
ENV["QSX2_ONLY"] = "grw_marketobs"; started = time(); try include("experiments/scotland/06_qs_joint_and_market_observation/r05_grid.jl"); println("PHASE3_INCLUDE_RETURNED_grw_marketobs wall_s=", time



julia>
ENV["QSX2_ONLY"] = "grw_marketobs"; started = time(); try include("experiments/scotland/06_qs_joint_and_market_observation/r05_grid.jl"); println("PHASE3_INCLUDE_RETURNED_grw_marketobs wall_s=", time(



julia>
ENV["QSX2_ONLY"] = "grw_marketobs"; started = time(); try include("experiments/scotland/06_qs_joint_and_market_observation/r05_grid.jl"); println("PHASE3_INCLUDE_RETURNED_grw_marketobs wall_s=", time()



julia>
ENV["QSX2_ONLY"] = "grw_marketobs"; started = time(); try include("experiments/scotland/06_qs_joint_and_market_observation/r05_grid.jl"); println("PHASE3_INCLUDE_RETURNED_grw_marketobs wall_s=", time()-



julia>
ENV["QSX2_ONLY"] = "grw_marketobs"; started = time(); try include("experiments/scotland/06_qs_joint_and_market_observation/r05_grid.jl"); println("PHASE3_INCLUDE_RETURNED_grw_marketobs wall_s=", time()-s



julia>
ENV["QSX2_ONLY"] = "grw_marketobs"; started = time(); try include("experiments/scotland/06_qs_joint_and_market_observation/r05_grid.jl"); println("PHASE3_INCLUDE_RETURNED_grw_marketobs wall_s=", time()-st



julia>
ENV["QSX2_ONLY"] = "grw_marketobs"; started = time(); try include("experiments/scotland/06_qs_joint_and_market_observation/r05_grid.jl"); println("PHASE3_INCLUDE_RETURNED_grw_marketobs wall_s=", time()-sta



julia>
ENV["QSX2_ONLY"] = "grw_marketobs"; started = time(); try include("experiments/scotland/06_qs_joint_and_market_observation/r05_grid.jl"); println("PHASE3_INCLUDE_RETURNED_grw_marketobs wall_s=", time()-star



julia>
ENV["QSX2_ONLY"] = "grw_marketobs"; started = time(); try include("experiments/scotland/06_qs_joint_and_market_observation/r05_grid.jl"); println("PHASE3_INCLUDE_RETURNED_grw_marketobs wall_s=", time()-start



julia>
ENV["QSX2_ONLY"] = "grw_marketobs"; started = time(); try include("experiments/scotland/06_qs_joint_and_market_observation/r05_grid.jl"); println("PHASE3_INCLUDE_RETURNED_grw_marketobs wall_s=", time()-starte



julia>
ENV["QSX2_ONLY"] = "grw_marketobs"; started = time(); try include("experiments/scotland/06_qs_joint_and_market_observation/r05_grid.jl"); println("PHASE3_INCLUDE_RETURNED_grw_marketobs wall_s=", time()-started



julia>
ENV["QSX2_ONLY"] = "grw_marketobs"; started = time(); try include("experiments/scotland/06_qs_joint_and_market_observation/r05_grid.jl"); println("PHASE3_INCLUDE_RETURNED_grw_marketobs wall_s=", time()-started)



julia>
ENV["QSX2_ONLY"] = "grw_marketobs"; started = time(); try include("experiments/scotland/06_qs_joint_and_market_observation/r05_grid.jl"); println("PHASE3_INCLUDE_RETURNED_grw_marketobs wall_s=", time()-started);



julia>
ENV["QSX2_ONLY"] = "grw_marketobs"; started = time(); try include("experiments/scotland/06_qs_joint_and_market_observation/r05_grid.jl"); println("PHASE3_INCLUDE_RETURNED_grw_marketobs wall_s=", time()-started);



julia>
ENV["QSX2_ONLY"] = "grw_marketobs"; started = time(); try include("experiments/scotland/06_qs_joint_and_market_observation/r05_grid.jl"); println("PHASE3_INCLUDE_RETURNED_grw_marketobs wall_s=", time()-started); w



julia>
ENV["QSX2_ONLY"] = "grw_marketobs"; started = time(); try include("experiments/scotland/06_qs_joint_and_market_observation/r05_grid.jl"); println("PHASE3_INCLUDE_RETURNED_grw_marketobs wall_s=", time()-started); wr



julia>
ENV["QSX2_ONLY"] = "grw_marketobs"; started = time(); try include("experiments/scotland/06_qs_joint_and_market_observation/r05_grid.jl"); println("PHASE3_INCLUDE_RETURNED_grw_marketobs wall_s=", time()-started); wri



julia>
ENV["QSX2_ONLY"] = "grw_marketobs"; started = time(); try include("experiments/scotland/06_qs_joint_and_market_observation/r05_grid.jl"); println("PHASE3_INCLUDE_RETURNED_grw_marketobs wall_s=", time()-started); writ



julia>
ENV["QSX2_ONLY"] = "grw_marketobs"; started = time(); try include("experiments/scotland/06_qs_joint_and_market_observation/r05_grid.jl"); println("PHASE3_INCLUDE_RETURNED_grw_marketobs wall_s=", time()-started); write



julia>
ENV["QSX2_ONLY"] = "grw_marketobs"; started = time(); try include("experiments/scotland/06_qs_joint_and_market_observation/r05_grid.jl"); println("PHASE3_INCLUDE_RETURNED_grw_marketobs wall_s=", time()-started); write(



julia>
ENV["QSX2_ONLY"] = "grw_marketobs"; started = time(); try include("experiments/scotland/06_qs_joint_and_market_observation/r05_grid.jl"); println("PHASE3_INCLUDE_RETURNED_grw_marketobs wall_s=", time()-started); write("



julia>
ENV["QSX2_ONLY"] = "grw_marketobs"; started = time(); try include("experiments/scotland/06_qs_joint_and_market_observation/r05_grid.jl"); println("PHASE3_INCLUDE_RETURNED_grw_marketobs wall_s=", time()-started); write("/



julia>
ENV["QSX2_ONLY"] = "grw_marketobs"; started = time(); try include("experiments/scotland/06_qs_joint_and_market_observation/r05_grid.jl"); println("PHASE3_INCLUDE_RETURNED_grw_marketobs wall_s=", time()-started); write("/r



julia>
ENV["QSX2_ONLY"] = "grw_marketobs"; started = time(); try include("experiments/scotland/06_qs_joint_and_market_observation/r05_grid.jl"); println("PHASE3_INCLUDE_RETURNED_grw_marketobs wall_s=", time()-started); write("/ro



julia>
ENV["QSX2_ONLY"] = "grw_marketobs"; started = time(); try include("experiments/scotland/06_qs_joint_and_market_observation/r05_grid.jl"); println("PHASE3_INCLUDE_RETURNED_grw_marketobs wall_s=", time()-started); write("/roo



julia>
ENV["QSX2_ONLY"] = "grw_marketobs"; started = time(); try include("experiments/scotland/06_qs_joint_and_market_observation/r05_grid.jl"); println("PHASE3_INCLUDE_RETURNED_grw_marketobs wall_s=", time()-started); write("/root



julia>
ENV["QSX2_ONLY"] = "grw_marketobs"; started = time(); try include("experiments/scotland/06_qs_joint_and_market_observation/r05_grid.jl"); println("PHASE3_INCLUDE_RETURNED_grw_marketobs wall_s=", time()-started); write("/root/



julia>
ENV["QSX2_ONLY"] = "grw_marketobs"; started = time(); try include("experiments/scotland/06_qs_joint_and_market_observation/r05_grid.jl"); println("PHASE3_INCLUDE_RETURNED_grw_marketobs wall_s=", time()-started); write("/root/B



julia>
ENV["QSX2_ONLY"] = "grw_marketobs"; started = time(); try include("experiments/scotland/06_qs_joint_and_market_observation/r05_grid.jl"); println("PHASE3_INCLUDE_RETURNED_grw_marketobs wall_s=", time()-started); write("/root/BF



julia>
ENV["QSX2_ONLY"] = "grw_marketobs"; started = time(); try include("experiments/scotland/06_qs_joint_and_market_observation/r05_grid.jl"); println("PHASE3_INCLUDE_RETURNED_grw_marketobs wall_s=", time()-started); write("/root/BF_



julia>
ENV["QSX2_ONLY"] = "grw_marketobs"; started = time(); try include("experiments/scotland/06_qs_joint_and_market_observation/r05_grid.jl"); println("PHASE3_INCLUDE_RETURNED_grw_marketobs wall_s=", time()-started); write("/root/BF_r



julia>
ENV["QSX2_ONLY"] = "grw_marketobs"; started = time(); try include("experiments/scotland/06_qs_joint_and_market_observation/r05_grid.jl"); println("PHASE3_INCLUDE_RETURNED_grw_marketobs wall_s=", time()-started); write("/root/BF_ru



julia>
ENV["QSX2_ONLY"] = "grw_marketobs"; started = time(); try include("experiments/scotland/06_qs_joint_and_market_observation/r05_grid.jl"); println("PHASE3_INCLUDE_RETURNED_grw_marketobs wall_s=", time()-started); write("/root/BF_run



julia>
ENV["QSX2_ONLY"] = "grw_marketobs"; started = time(); try include("experiments/scotland/06_qs_joint_and_market_observation/r05_grid.jl"); println("PHASE3_INCLUDE_RETURNED_grw_marketobs wall_s=", time()-started); write("/root/BF_runs



julia>
ENV["QSX2_ONLY"] = "grw_marketobs"; started = time(); try include("experiments/scotland/06_qs_joint_and_market_observation/r05_grid.jl"); println("PHASE3_INCLUDE_RETURNED_grw_marketobs wall_s=", time()-started); write("/root/BF_runs/






julia>
ENV["QSX2_ONLY"] = "grw_marketobs"; started = time(); try include("experiments/scotland/06_qs_joint_and_market_observation/r05_grid.jl"); println("PHASE3_INCLUDE_RETURNED_grw_marketobs wall_s=", time()-started); write("/root/BF_runs/l




julia>
ENV["QSX2_ONLY"] = "grw_marketobs"; started = time(); try include("experiments/scotland/06_qs_joint_and_market_observation/r05_grid.jl"); println("PHASE3_INCLUDE_RETURNED_grw_marketobs wall_s=", time()-started); write("/root/BF_runs/lo




julia>
ENV["QSX2_ONLY"] = "grw_marketobs"; started = time(); try include("experiments/scotland/06_qs_joint_and_market_observation/r05_grid.jl"); println("PHASE3_INCLUDE_RETURNED_grw_marketobs wall_s=", time()-started); write("/root/BF_runs/log




julia>
ENV["QSX2_ONLY"] = "grw_marketobs"; started = time(); try include("experiments/scotland/06_qs_joint_and_market_observation/r05_grid.jl"); println("PHASE3_INCLUDE_RETURNED_grw_marketobs wall_s=", time()-started); write("/root/BF_runs/logs




julia>
ENV["QSX2_ONLY"] = "grw_marketobs"; started = time(); try include("experiments/scotland/06_qs_joint_and_market_observation/r05_grid.jl"); println("PHASE3_INCLUDE_RETURNED_grw_marketobs wall_s=", time()-started); write("/root/BF_runs/logs/




julia>
ENV["QSX2_ONLY"] = "grw_marketobs"; started = time(); try include("experiments/scotland/06_qs_joint_and_market_observation/r05_grid.jl"); println("PHASE3_INCLUDE_RETURNED_grw_marketobs wall_s=", time()-started); write("/root/BF_runs/logs/q




julia>
ENV["QSX2_ONLY"] = "grw_marketobs"; started = time(); try include("experiments/scotland/06_qs_joint_and_market_observation/r05_grid.jl"); println("PHASE3_INCLUDE_RETURNED_grw_marketobs wall_s=", time()-started); write("/root/BF_runs/logs/qs




julia>
ENV["QSX2_ONLY"] = "grw_marketobs"; started = time(); try include("experiments/scotland/06_qs_joint_and_market_observation/r05_grid.jl"); println("PHASE3_INCLUDE_RETURNED_grw_marketobs wall_s=", time()-started); write("/root/BF_runs/logs/qs_




julia>
ENV["QSX2_ONLY"] = "grw_marketobs"; started = time(); try include("experiments/scotland/06_qs_joint_and_market_observation/r05_grid.jl"); println("PHASE3_INCLUDE_RETURNED_grw_marketobs wall_s=", time()-started); write("/root/BF_runs/logs/qs_e




julia>
ENV["QSX2_ONLY"] = "grw_marketobs"; started = time(); try include("experiments/scotland/06_qs_joint_and_market_observation/r05_grid.jl"); println("PHASE3_INCLUDE_RETURNED_grw_marketobs wall_s=", time()-started); write("/root/BF_runs/logs/qs_ex




julia>
ENV["QSX2_ONLY"] = "grw_marketobs"; started = time(); try include("experiments/scotland/06_qs_joint_and_market_observation/r05_grid.jl"); println("PHASE3_INCLUDE_RETURNED_grw_marketobs wall_s=", time()-started); write("/root/BF_runs/logs/qs_exp




julia>
ENV["QSX2_ONLY"] = "grw_marketobs"; started = time(); try include("experiments/scotland/06_qs_joint_and_market_observation/r05_grid.jl"); println("PHASE3_INCLUDE_RETURNED_grw_marketobs wall_s=", time()-started); write("/root/BF_runs/logs/qs_expe




julia>
ENV["QSX2_ONLY"] = "grw_marketobs"; started = time(); try include("experiments/scotland/06_qs_joint_and_market_observation/r05_grid.jl"); println("PHASE3_INCLUDE_RETURNED_grw_marketobs wall_s=", time()-started); write("/root/BF_runs/logs/qs_exper




julia>
ENV["QSX2_ONLY"] = "grw_marketobs"; started = time(); try include("experiments/scotland/06_qs_joint_and_market_observation/r05_grid.jl"); println("PHASE3_INCLUDE_RETURNED_grw_marketobs wall_s=", time()-started); write("/root/BF_runs/logs/qs_experi




julia>
ENV["QSX2_ONLY"] = "grw_marketobs"; started = time(); try include("experiments/scotland/06_qs_joint_and_market_observation/r05_grid.jl"); println("PHASE3_INCLUDE_RETURNED_grw_marketobs wall_s=", time()-started); write("/root/BF_runs/logs/qs_experim




julia>
ENV["QSX2_ONLY"] = "grw_marketobs"; started = time(); try include("experiments/scotland/06_qs_joint_and_market_observation/r05_grid.jl"); println("PHASE3_INCLUDE_RETURNED_grw_marketobs wall_s=", time()-started); write("/root/BF_runs/logs/qs_experime




julia>
ENV["QSX2_ONLY"] = "grw_marketobs"; started = time(); try include("experiments/scotland/06_qs_joint_and_market_observation/r05_grid.jl"); println("PHASE3_INCLUDE_RETURNED_grw_marketobs wall_s=", time()-started); write("/root/BF_runs/logs/qs_experimen




julia>
ENV["QSX2_ONLY"] = "grw_marketobs"; started = time(); try include("experiments/scotland/06_qs_joint_and_market_observation/r05_grid.jl"); println("PHASE3_INCLUDE_RETURNED_grw_marketobs wall_s=", time()-started); write("/root/BF_runs/logs/qs_experiment




julia>
ENV["QSX2_ONLY"] = "grw_marketobs"; started = time(); try include("experiments/scotland/06_qs_joint_and_market_observation/r05_grid.jl"); println("PHASE3_INCLUDE_RETURNED_grw_marketobs wall_s=", time()-started); write("/root/BF_runs/logs/qs_experiment_




julia>
ENV["QSX2_ONLY"] = "grw_marketobs"; started = time(); try include("experiments/scotland/06_qs_joint_and_market_observation/r05_grid.jl"); println("PHASE3_INCLUDE_RETURNED_grw_marketobs wall_s=", time()-started); write("/root/BF_runs/logs/qs_experiment_w




julia>
ENV["QSX2_ONLY"] = "grw_marketobs"; started = time(); try include("experiments/scotland/06_qs_joint_and_market_observation/r05_grid.jl"); println("PHASE3_INCLUDE_RETURNED_grw_marketobs wall_s=", time()-started); write("/root/BF_runs/logs/qs_experiment_w2




julia>
ENV["QSX2_ONLY"] = "grw_marketobs"; started = time(); try include("experiments/scotland/06_qs_joint_and_market_observation/r05_grid.jl"); println("PHASE3_INCLUDE_RETURNED_grw_marketobs wall_s=", time()-started); write("/root/BF_runs/logs/qs_experiment_w2/




julia>
ENV["QSX2_ONLY"] = "grw_marketobs"; started = time(); try include("experiments/scotland/06_qs_joint_and_market_observation/r05_grid.jl"); println("PHASE3_INCLUDE_RETURNED_grw_marketobs wall_s=", time()-started); write("/root/BF_runs/logs/qs_experiment_w2/p




julia>
ENV["QSX2_ONLY"] = "grw_marketobs"; started = time(); try include("experiments/scotland/06_qs_joint_and_market_observation/r05_grid.jl"); println("PHASE3_INCLUDE_RETURNED_grw_marketobs wall_s=", time()-started); write("/root/BF_runs/logs/qs_experiment_w2/ph




julia>
ENV["QSX2_ONLY"] = "grw_marketobs"; started = time(); try include("experiments/scotland/06_qs_joint_and_market_observation/r05_grid.jl"); println("PHASE3_INCLUDE_RETURNED_grw_marketobs wall_s=", time()-started); write("/root/BF_runs/logs/qs_experiment_w2/pha




julia>
ENV["QSX2_ONLY"] = "grw_marketobs"; started = time(); try include("experiments/scotland/06_qs_joint_and_market_observation/r05_grid.jl"); println("PHASE3_INCLUDE_RETURNED_grw_marketobs wall_s=", time()-started); write("/root/BF_runs/logs/qs_experiment_w2/phas




julia>
ENV["QSX2_ONLY"] = "grw_marketobs"; started = time(); try include("experiments/scotland/06_qs_joint_and_market_observation/r05_grid.jl"); println("PHASE3_INCLUDE_RETURNED_grw_marketobs wall_s=", time()-started); write("/root/BF_runs/logs/qs_experiment_w2/phase




julia>
ENV["QSX2_ONLY"] = "grw_marketobs"; started = time(); try include("experiments/scotland/06_qs_joint_and_market_observation/r05_grid.jl"); println("PHASE3_INCLUDE_RETURNED_grw_marketobs wall_s=", time()-started); write("/root/BF_runs/logs/qs_experiment_w2/phase3




julia>
ENV["QSX2_ONLY"] = "grw_marketobs"; started = time(); try include("experiments/scotland/06_qs_joint_and_market_observation/r05_grid.jl"); println("PHASE3_INCLUDE_RETURNED_grw_marketobs wall_s=", time()-started); write("/root/BF_runs/logs/qs_experiment_w2/phase3_




julia>
ENV["QSX2_ONLY"] = "grw_marketobs"; started = time(); try include("experiments/scotland/06_qs_joint_and_market_observation/r05_grid.jl"); println("PHASE3_INCLUDE_RETURNED_grw_marketobs wall_s=", time()-started); write("/root/BF_runs/logs/qs_experiment_w2/phase3_g




julia>
ENV["QSX2_ONLY"] = "grw_marketobs"; started = time(); try include("experiments/scotland/06_qs_joint_and_market_observation/r05_grid.jl"); println("PHASE3_INCLUDE_RETURNED_grw_marketobs wall_s=", time()-started); write("/root/BF_runs/logs/qs_experiment_w2/phase3_gr




julia>
ENV["QSX2_ONLY"] = "grw_marketobs"; started = time(); try include("experiments/scotland/06_qs_joint_and_market_observation/r05_grid.jl"); println("PHASE3_INCLUDE_RETURNED_grw_marketobs wall_s=", time()-started); write("/root/BF_runs/logs/qs_experiment_w2/phase3_gri




julia>
ENV["QSX2_ONLY"] = "grw_marketobs"; started = time(); try include("experiments/scotland/06_qs_joint_and_market_observation/r05_grid.jl"); println("PHASE3_INCLUDE_RETURNED_grw_marketobs wall_s=", time()-started); write("/root/BF_runs/logs/qs_experiment_w2/phase3_grid




julia>
ENV["QSX2_ONLY"] = "grw_marketobs"; started = time(); try include("experiments/scotland/06_qs_joint_and_market_observation/r05_grid.jl"); println("PHASE3_INCLUDE_RETURNED_grw_marketobs wall_s=", time()-started); write("/root/BF_runs/logs/qs_experiment_w2/phase3_grid_




julia>
ENV["QSX2_ONLY"] = "grw_marketobs"; started = time(); try include("experiments/scotland/06_qs_joint_and_market_observation/r05_grid.jl"); println("PHASE3_INCLUDE_RETURNED_grw_marketobs wall_s=", time()-started); write("/root/BF_runs/logs/qs_experiment_w2/phase3_grid_v




julia>
ENV["QSX2_ONLY"] = "grw_marketobs"; started = time(); try include("experiments/scotland/06_qs_joint_and_market_observation/r05_grid.jl"); println("PHASE3_INCLUDE_RETURNED_grw_marketobs wall_s=", time()-started); write("/root/BF_runs/logs/qs_experiment_w2/phase3_grid_v2




julia>
ENV["QSX2_ONLY"] = "grw_marketobs"; started = time(); try include("experiments/scotland/06_qs_joint_and_market_observation/r05_grid.jl"); println("PHASE3_INCLUDE_RETURNED_grw_marketobs wall_s=", time()-started); write("/root/BF_runs/logs/qs_experiment_w2/phase3_grid_v2_




julia>
ENV["QSX2_ONLY"] = "grw_marketobs"; started = time(); try include("experiments/scotland/06_qs_joint_and_market_observation/r05_grid.jl"); println("PHASE3_INCLUDE_RETURNED_grw_marketobs wall_s=", time()-started); write("/root/BF_runs/logs/qs_experiment_w2/phase3_grid_v2_g




julia>
ENV["QSX2_ONLY"] = "grw_marketobs"; started = time(); try include("experiments/scotland/06_qs_joint_and_market_observation/r05_grid.jl"); println("PHASE3_INCLUDE_RETURNED_grw_marketobs wall_s=", time()-started); write("/root/BF_runs/logs/qs_experiment_w2/phase3_grid_v2_gr




julia>
ENV["QSX2_ONLY"] = "grw_marketobs"; started = time(); try include("experiments/scotland/06_qs_joint_and_market_observation/r05_grid.jl"); println("PHASE3_INCLUDE_RETURNED_grw_marketobs wall_s=", time()-started); write("/root/BF_runs/logs/qs_experiment_w2/phase3_grid_v2_grw




julia>
ENV["QSX2_ONLY"] = "grw_marketobs"; started = time(); try include("experiments/scotland/06_qs_joint_and_market_observation/r05_grid.jl"); println("PHASE3_INCLUDE_RETURNED_grw_marketobs wall_s=", time()-started); write("/root/BF_runs/logs/qs_experiment_w2/phase3_grid_v2_grw_




julia>
ENV["QSX2_ONLY"] = "grw_marketobs"; started = time(); try include("experiments/scotland/06_qs_joint_and_market_observation/r05_grid.jl"); println("PHASE3_INCLUDE_RETURNED_grw_marketobs wall_s=", time()-started); write("/root/BF_runs/logs/qs_experiment_w2/phase3_grid_v2_grw_m




julia>
ENV["QSX2_ONLY"] = "grw_marketobs"; started = time(); try include("experiments/scotland/06_qs_joint_and_market_observation/r05_grid.jl"); println("PHASE3_INCLUDE_RETURNED_grw_marketobs wall_s=", time()-started); write("/root/BF_runs/logs/qs_experiment_w2/phase3_grid_v2_grw_ma




julia>
ENV["QSX2_ONLY"] = "grw_marketobs"; started = time(); try include("experiments/scotland/06_qs_joint_and_market_observation/r05_grid.jl"); println("PHASE3_INCLUDE_RETURNED_grw_marketobs wall_s=", time()-started); write("/root/BF_runs/logs/qs_experiment_w2/phase3_grid_v2_grw_mar




julia>
ENV["QSX2_ONLY"] = "grw_marketobs"; started = time(); try include("experiments/scotland/06_qs_joint_and_market_observation/r05_grid.jl"); println("PHASE3_INCLUDE_RETURNED_grw_marketobs wall_s=", time()-started); write("/root/BF_runs/logs/qs_experiment_w2/phase3_grid_v2_grw_mark




julia>
ENV["QSX2_ONLY"] = "grw_marketobs"; started = time(); try include("experiments/scotland/06_qs_joint_and_market_observation/r05_grid.jl"); println("PHASE3_INCLUDE_RETURNED_grw_marketobs wall_s=", time()-started); write("/root/BF_runs/logs/qs_experiment_w2/phase3_grid_v2_grw_marke




julia>
ENV["QSX2_ONLY"] = "grw_marketobs"; started = time(); try include("experiments/scotland/06_qs_joint_and_market_observation/r05_grid.jl"); println("PHASE3_INCLUDE_RETURNED_grw_marketobs wall_s=", time()-started); write("/root/BF_runs/logs/qs_experiment_w2/phase3_grid_v2_grw_market




julia>
ENV["QSX2_ONLY"] = "grw_marketobs"; started = time(); try include("experiments/scotland/06_qs_joint_and_market_observation/r05_grid.jl"); println("PHASE3_INCLUDE_RETURNED_grw_marketobs wall_s=", time()-started); write("/root/BF_runs/logs/qs_experiment_w2/phase3_grid_v2_grw_marketo




julia>
ENV["QSX2_ONLY"] = "grw_marketobs"; started = time(); try include("experiments/scotland/06_qs_joint_and_market_observation/r05_grid.jl"); println("PHASE3_INCLUDE_RETURNED_grw_marketobs wall_s=", time()-started); write("/root/BF_runs/logs/qs_experiment_w2/phase3_grid_v2_grw_marketob




julia>
ENV["QSX2_ONLY"] = "grw_marketobs"; started = time(); try include("experiments/scotland/06_qs_joint_and_market_observation/r05_grid.jl"); println("PHASE3_INCLUDE_RETURNED_grw_marketobs wall_s=", time()-started); write("/root/BF_runs/logs/qs_experiment_w2/phase3_grid_v2_grw_marketobs




julia>
ENV["QSX2_ONLY"] = "grw_marketobs"; started = time(); try include("experiments/scotland/06_qs_joint_and_market_observation/r05_grid.jl"); println("PHASE3_INCLUDE_RETURNED_grw_marketobs wall_s=", time()-started); write("/root/BF_runs/logs/qs_experiment_w2/phase3_grid_v2_grw_marketobs.




julia>
ENV["QSX2_ONLY"] = "grw_marketobs"; started = time(); try include("experiments/scotland/06_qs_joint_and_market_observation/r05_grid.jl"); println("PHASE3_INCLUDE_RETURNED_grw_marketobs wall_s=", time()-started); write("/root/BF_runs/logs/qs_experiment_w2/phase3_grid_v2_grw_marketobs.s




julia>
ENV["QSX2_ONLY"] = "grw_marketobs"; started = time(); try include("experiments/scotland/06_qs_joint_and_market_observation/r05_grid.jl"); println("PHASE3_INCLUDE_RETURNED_grw_marketobs wall_s=", time()-started); write("/root/BF_runs/logs/qs_experiment_w2/phase3_grid_v2_grw_marketobs.st




julia>
ENV["QSX2_ONLY"] = "grw_marketobs"; started = time(); try include("experiments/scotland/06_qs_joint_and_market_observation/r05_grid.jl"); println("PHASE3_INCLUDE_RETURNED_grw_marketobs wall_s=", time()-started); write("/root/BF_runs/logs/qs_experiment_w2/phase3_grid_v2_grw_marketobs.sta




julia>
ENV["QSX2_ONLY"] = "grw_marketobs"; started = time(); try include("experiments/scotland/06_qs_joint_and_market_observation/r05_grid.jl"); println("PHASE3_INCLUDE_RETURNED_grw_marketobs wall_s=", time()-started); write("/root/BF_runs/logs/qs_experiment_w2/phase3_grid_v2_grw_marketobs.stat




julia>
ENV["QSX2_ONLY"] = "grw_marketobs"; started = time(); try include("experiments/scotland/06_qs_joint_and_market_observation/r05_grid.jl"); println("PHASE3_INCLUDE_RETURNED_grw_marketobs wall_s=", time()-started); write("/root/BF_runs/logs/qs_experiment_w2/phase3_grid_v2_grw_marketobs.statu




julia>
ENV["QSX2_ONLY"] = "grw_marketobs"; started = time(); try include("experiments/scotland/06_qs_joint_and_market_observation/r05_grid.jl"); println("PHASE3_INCLUDE_RETURNED_grw_marketobs wall_s=", time()-started); write("/root/BF_runs/logs/qs_experiment_w2/phase3_grid_v2_grw_marketobs.status




julia>
ENV["QSX2_ONLY"] = "grw_marketobs"; started = time(); try include("experiments/scotland/06_qs_joint_and_market_observation/r05_grid.jl"); println("PHASE3_INCLUDE_RETURNED_grw_marketobs wall_s=", time()-started); write("/root/BF_runs/logs/qs_experiment_w2/phase3_grid_v2_grw_marketobs.status"




julia>
ENV["QSX2_ONLY"] = "grw_marketobs"; started = time(); try include("experiments/scotland/06_qs_joint_and_market_observation/r05_grid.jl"); println("PHASE3_INCLUDE_RETURNED_grw_marketobs wall_s=", time()-started); write("/root/BF_runs/logs/qs_experiment_w2/phase3_grid_v2_grw_marketobs.status",




julia>
ENV["QSX2_ONLY"] = "grw_marketobs"; started = time(); try include("experiments/scotland/06_qs_joint_and_market_observation/r05_grid.jl"); println("PHASE3_INCLUDE_RETURNED_grw_marketobs wall_s=", time()-started); write("/root/BF_runs/logs/qs_experiment_w2/phase3_grid_v2_grw_marketobs.status",




julia>
ENV["QSX2_ONLY"] = "grw_marketobs"; started = time(); try include("experiments/scotland/06_qs_joint_and_market_observation/r05_grid.jl"); println("PHASE3_INCLUDE_RETURNED_grw_marketobs wall_s=", time()-started); write("/root/BF_runs/logs/qs_experiment_w2/phase3_grid_v2_grw_marketobs.status", "




julia>
ENV["QSX2_ONLY"] = "grw_marketobs"; started = time(); try include("experiments/scotland/06_qs_joint_and_market_observation/r05_grid.jl"); println("PHASE3_INCLUDE_RETURNED_grw_marketobs wall_s=", time()-started); write("/root/BF_runs/logs/qs_experiment_w2/phase3_grid_v2_grw_marketobs.status", "P




julia>
ENV["QSX2_ONLY"] = "grw_marketobs"; started = time(); try include("experiments/scotland/06_qs_joint_and_market_observation/r05_grid.jl"); println("PHASE3_INCLUDE_RETURNED_grw_marketobs wall_s=", time()-started); write("/root/BF_runs/logs/qs_experiment_w2/phase3_grid_v2_grw_marketobs.status", "PA




julia>
ENV["QSX2_ONLY"] = "grw_marketobs"; started = time(); try include("experiments/scotland/06_qs_joint_and_market_observation/r05_grid.jl"); println("PHASE3_INCLUDE_RETURNED_grw_marketobs wall_s=", time()-started); write("/root/BF_runs/logs/qs_experiment_w2/phase3_grid_v2_grw_marketobs.status", "PAS




julia>
ENV["QSX2_ONLY"] = "grw_marketobs"; started = time(); try include("experiments/scotland/06_qs_joint_and_market_observation/r05_grid.jl"); println("PHASE3_INCLUDE_RETURNED_grw_marketobs wall_s=", time()-started); write("/root/BF_runs/logs/qs_experiment_w2/phase3_grid_v2_grw_marketobs.status", "PASS




julia>
ENV["QSX2_ONLY"] = "grw_marketobs"; started = time(); try include("experiments/scotland/06_qs_joint_and_market_observation/r05_grid.jl"); println("PHASE3_INCLUDE_RETURNED_grw_marketobs wall_s=", time()-started); write("/root/BF_runs/logs/qs_experiment_w2/phase3_grid_v2_grw_marketobs.status", "PASS"




julia>
ENV["QSX2_ONLY"] = "grw_marketobs"; started = time(); try include("experiments/scotland/06_qs_joint_and_market_observation/r05_grid.jl"); println("PHASE3_INCLUDE_RETURNED_grw_marketobs wall_s=", time()-started); write("/root/BF_runs/logs/qs_experiment_w2/phase3_grid_v2_grw_marketobs.status", "PASS")




julia>
ENV["QSX2_ONLY"] = "grw_marketobs"; started = time(); try include("experiments/scotland/06_qs_joint_and_market_observation/r05_grid.jl"); println("PHASE3_INCLUDE_RETURNED_grw_marketobs wall_s=", time()-started); write("/root/BF_runs/logs/qs_experiment_w2/phase3_grid_v2_grw_marketobs.status", "PASS")




julia>
ENV["QSX2_ONLY"] = "grw_marketobs"; started = time(); try include("experiments/scotland/06_qs_joint_and_market_observation/r05_grid.jl"); println("PHASE3_INCLUDE_RETURNED_grw_marketobs wall_s=", time()-started); write("/root/BF_runs/logs/qs_experiment_w2/phase3_grid_v2_grw_marketobs.status", "PASS") c




julia>
ENV["QSX2_ONLY"] = "grw_marketobs"; started = time(); try include("experiments/scotland/06_qs_joint_and_market_observation/r05_grid.jl"); println("PHASE3_INCLUDE_RETURNED_grw_marketobs wall_s=", time()-started); write("/root/BF_runs/logs/qs_experiment_w2/phase3_grid_v2_grw_marketobs.status", "PASS") ca




julia>
ENV["QSX2_ONLY"] = "grw_marketobs"; started = time(); try include("experiments/scotland/06_qs_joint_and_market_observation/r05_grid.jl"); println("PHASE3_INCLUDE_RETURNED_grw_marketobs wall_s=", time()-started); write("/root/BF_runs/logs/qs_experiment_w2/phase3_grid_v2_grw_marketobs.status", "PASS") cat




julia>
ENV["QSX2_ONLY"] = "grw_marketobs"; started = time(); try include("experiments/scotland/06_qs_joint_and_market_observation/r05_grid.jl"); println("PHASE3_INCLUDE_RETURNED_grw_marketobs wall_s=", time()-started); write("/root/BF_runs/logs/qs_experiment_w2/phase3_grid_v2_grw_marketobs.status", "PASS") catc




julia>
ENV["QSX2_ONLY"] = "grw_marketobs"; started = time(); try include("experiments/scotland/06_qs_joint_and_market_observation/r05_grid.jl"); println("PHASE3_INCLUDE_RETURNED_grw_marketobs wall_s=", time()-started); write("/root/BF_runs/logs/qs_experiment_w2/phase3_grid_v2_grw_marketobs.status", "PASS") catch




julia>
ENV["QSX2_ONLY"] = "grw_marketobs"; started = time(); try include("experiments/scotland/06_qs_joint_and_market_observation/r05_grid.jl"); println("PHASE3_INCLUDE_RETURNED_grw_marketobs wall_s=", time()-started); write("/root/BF_runs/logs/qs_experiment_w2/phase3_grid_v2_grw_marketobs.status", "PASS") catch




julia>
ENV["QSX2_ONLY"] = "grw_marketobs"; started = time(); try include("experiments/scotland/06_qs_joint_and_market_observation/r05_grid.jl"); println("PHASE3_INCLUDE_RETURNED_grw_marketobs wall_s=", time()-started); write("/root/BF_runs/logs/qs_experiment_w2/phase3_grid_v2_grw_marketobs.status", "PASS") catch e




julia>
ENV["QSX2_ONLY"] = "grw_marketobs"; started = time(); try include("experiments/scotland/06_qs_joint_and_market_observation/r05_grid.jl"); println("PHASE3_INCLUDE_RETURNED_grw_marketobs wall_s=", time()-started); write("/root/BF_runs/logs/qs_experiment_w2/phase3_grid_v2_grw_marketobs.status", "PASS") catch er




julia>
ENV["QSX2_ONLY"] = "grw_marketobs"; started = time(); try include("experiments/scotland/06_qs_joint_and_market_observation/r05_grid.jl"); println("PHASE3_INCLUDE_RETURNED_grw_marketobs wall_s=", time()-started); write("/root/BF_runs/logs/qs_experiment_w2/phase3_grid_v2_grw_marketobs.status", "PASS") catch err




julia>
ENV["QSX2_ONLY"] = "grw_marketobs"; started = time(); try include("experiments/scotland/06_qs_joint_and_market_observation/r05_grid.jl"); println("PHASE3_INCLUDE_RETURNED_grw_marketobs wall_s=", time()-started); write("/root/BF_runs/logs/qs_experiment_w2/phase3_grid_v2_grw_marketobs.status", "PASS") catch err;




julia>
ENV["QSX2_ONLY"] = "grw_marketobs"; started = time(); try include("experiments/scotland/06_qs_joint_and_market_observation/r05_grid.jl"); println("PHASE3_INCLUDE_RETURNED_grw_marketobs wall_s=", time()-started); write("/root/BF_runs/logs/qs_experiment_w2/phase3_grid_v2_grw_marketobs.status", "PASS") catch err;




julia>
ENV["QSX2_ONLY"] = "grw_marketobs"; started = time(); try include("experiments/scotland/06_qs_joint_and_market_observation/r05_grid.jl"); println("PHASE3_INCLUDE_RETURNED_grw_marketobs wall_s=", time()-started); write("/root/BF_runs/logs/qs_experiment_w2/phase3_grid_v2_grw_marketobs.status", "PASS") catch err; s







julia>
ENV["QSX2_ONLY"] = "grw_marketobs"; started = time(); try include("experiments/scotland/06_qs_joint_and_market_observation/r05_grid.jl"); println("PHASE3_INCLUDE_RETURNED_grw_marketobs wall_s=", time()-started); write("/root/BF_runs/logs/qs_experiment_w2/phase3_grid_v2_grw_marketobs.status", "PASS") catch err; sh





julia>
ENV["QSX2_ONLY"] = "grw_marketobs"; started = time(); try include("experiments/scotland/06_qs_joint_and_market_observation/r05_grid.jl"); println("PHASE3_INCLUDE_RETURNED_grw_marketobs wall_s=", time()-started); write("/root/BF_runs/logs/qs_experiment_w2/phase3_grid_v2_grw_marketobs.status", "PASS") catch err; sho





julia>
ENV["QSX2_ONLY"] = "grw_marketobs"; started = time(); try include("experiments/scotland/06_qs_joint_and_market_observation/r05_grid.jl"); println("PHASE3_INCLUDE_RETURNED_grw_marketobs wall_s=", time()-started); write("/root/BF_runs/logs/qs_experiment_w2/phase3_grid_v2_grw_marketobs.status", "PASS") catch err; show





julia>
ENV["QSX2_ONLY"] = "grw_marketobs"; started = time(); try include("experiments/scotland/06_qs_joint_and_market_observation/r05_grid.jl"); println("PHASE3_INCLUDE_RETURNED_grw_marketobs wall_s=", time()-started); write("/root/BF_runs/logs/qs_experiment_w2/phase3_grid_v2_grw_marketobs.status", "PASS") catch err; showe





julia>
ENV["QSX2_ONLY"] = "grw_marketobs"; started = time(); try include("experiments/scotland/06_qs_joint_and_market_observation/r05_grid.jl"); println("PHASE3_INCLUDE_RETURNED_grw_marketobs wall_s=", time()-started); write("/root/BF_runs/logs/qs_experiment_w2/phase3_grid_v2_grw_marketobs.status", "PASS") catch err; shower





julia>
ENV["QSX2_ONLY"] = "grw_marketobs"; started = time(); try include("experiments/scotland/06_qs_joint_and_market_observation/r05_grid.jl"); println("PHASE3_INCLUDE_RETURNED_grw_marketobs wall_s=", time()-started); write("/root/BF_runs/logs/qs_experiment_w2/phase3_grid_v2_grw_marketobs.status", "PASS") catch err; showerr





julia>
ENV["QSX2_ONLY"] = "grw_marketobs"; started = time(); try include("experiments/scotland/06_qs_joint_and_market_observation/r05_grid.jl"); println("PHASE3_INCLUDE_RETURNED_grw_marketobs wall_s=", time()-started); write("/root/BF_runs/logs/qs_experiment_w2/phase3_grid_v2_grw_marketobs.status", "PASS") catch err; showerro





julia>
ENV["QSX2_ONLY"] = "grw_marketobs"; started = time(); try include("experiments/scotland/06_qs_joint_and_market_observation/r05_grid.jl"); println("PHASE3_INCLUDE_RETURNED_grw_marketobs wall_s=", time()-started); write("/root/BF_runs/logs/qs_experiment_w2/phase3_grid_v2_grw_marketobs.status", "PASS") catch err; showerror





julia>
ENV["QSX2_ONLY"] = "grw_marketobs"; started = time(); try include("experiments/scotland/06_qs_joint_and_market_observation/r05_grid.jl"); println("PHASE3_INCLUDE_RETURNED_grw_marketobs wall_s=", time()-started); write("/root/BF_runs/logs/qs_experiment_w2/phase3_grid_v2_grw_marketobs.status", "PASS") catch err; showerror(





julia>
ENV["QSX2_ONLY"] = "grw_marketobs"; started = time(); try include("experiments/scotland/06_qs_joint_and_market_observation/r05_grid.jl"); println("PHASE3_INCLUDE_RETURNED_grw_marketobs wall_s=", time()-started); write("/root/BF_runs/logs/qs_experiment_w2/phase3_grid_v2_grw_marketobs.status", "PASS") catch err; showerror(s





julia>
ENV["QSX2_ONLY"] = "grw_marketobs"; started = time(); try include("experiments/scotland/06_qs_joint_and_market_observation/r05_grid.jl"); println("PHASE3_INCLUDE_RETURNED_grw_marketobs wall_s=", time()-started); write("/root/BF_runs/logs/qs_experiment_w2/phase3_grid_v2_grw_marketobs.status", "PASS") catch err; showerror(st





julia>
ENV["QSX2_ONLY"] = "grw_marketobs"; started = time(); try include("experiments/scotland/06_qs_joint_and_market_observation/r05_grid.jl"); println("PHASE3_INCLUDE_RETURNED_grw_marketobs wall_s=", time()-started); write("/root/BF_runs/logs/qs_experiment_w2/phase3_grid_v2_grw_marketobs.status", "PASS") catch err; showerror(std





julia>
ENV["QSX2_ONLY"] = "grw_marketobs"; started = time(); try include("experiments/scotland/06_qs_joint_and_market_observation/r05_grid.jl"); println("PHASE3_INCLUDE_RETURNED_grw_marketobs wall_s=", time()-started); write("/root/BF_runs/logs/qs_experiment_w2/phase3_grid_v2_grw_marketobs.status", "PASS") catch err; showerror(stde





julia>
ENV["QSX2_ONLY"] = "grw_marketobs"; started = time(); try include("experiments/scotland/06_qs_joint_and_market_observation/r05_grid.jl"); println("PHASE3_INCLUDE_RETURNED_grw_marketobs wall_s=", time()-started); write("/root/BF_runs/logs/qs_experiment_w2/phase3_grid_v2_grw_marketobs.status", "PASS") catch err; showerror(stder





julia>
ENV["QSX2_ONLY"] = "grw_marketobs"; started = time(); try include("experiments/scotland/06_qs_joint_and_market_observation/r05_grid.jl"); println("PHASE3_INCLUDE_RETURNED_grw_marketobs wall_s=", time()-started); write("/root/BF_runs/logs/qs_experiment_w2/phase3_grid_v2_grw_marketobs.status", "PASS") catch err; showerror(stderr





julia>
ENV["QSX2_ONLY"] = "grw_marketobs"; started = time(); try include("experiments/scotland/06_qs_joint_and_market_observation/r05_grid.jl"); println("PHASE3_INCLUDE_RETURNED_grw_marketobs wall_s=", time()-started); write("/root/BF_runs/logs/qs_experiment_w2/phase3_grid_v2_grw_marketobs.status", "PASS") catch err; showerror(stderr,





julia>
ENV["QSX2_ONLY"] = "grw_marketobs"; started = time(); try include("experiments/scotland/06_qs_joint_and_market_observation/r05_grid.jl"); println("PHASE3_INCLUDE_RETURNED_grw_marketobs wall_s=", time()-started); write("/root/BF_runs/logs/qs_experiment_w2/phase3_grid_v2_grw_marketobs.status", "PASS") catch err; showerror(stderr,





julia>
ENV["QSX2_ONLY"] = "grw_marketobs"; started = time(); try include("experiments/scotland/06_qs_joint_and_market_observation/r05_grid.jl"); println("PHASE3_INCLUDE_RETURNED_grw_marketobs wall_s=", time()-started); write("/root/BF_runs/logs/qs_experiment_w2/phase3_grid_v2_grw_marketobs.status", "PASS") catch err; showerror(stderr, e





julia>
ENV["QSX2_ONLY"] = "grw_marketobs"; started = time(); try include("experiments/scotland/06_qs_joint_and_market_observation/r05_grid.jl"); println("PHASE3_INCLUDE_RETURNED_grw_marketobs wall_s=", time()-started); write("/root/BF_runs/logs/qs_experiment_w2/phase3_grid_v2_grw_marketobs.status", "PASS") catch err; showerror(stderr, er





julia>
ENV["QSX2_ONLY"] = "grw_marketobs"; started = time(); try include("experiments/scotland/06_qs_joint_and_market_observation/r05_grid.jl"); println("PHASE3_INCLUDE_RETURNED_grw_marketobs wall_s=", time()-started); write("/root/BF_runs/logs/qs_experiment_w2/phase3_grid_v2_grw_marketobs.status", "PASS") catch err; showerror(stderr, err





julia>
ENV["QSX2_ONLY"] = "grw_marketobs"; started = time(); try include("experiments/scotland/06_qs_joint_and_market_observation/r05_grid.jl"); println("PHASE3_INCLUDE_RETURNED_grw_marketobs wall_s=", time()-started); write("/root/BF_runs/logs/qs_experiment_w2/phase3_grid_v2_grw_marketobs.status", "PASS") catch err; showerror(stderr, err,





julia>
ENV["QSX2_ONLY"] = "grw_marketobs"; started = time(); try include("experiments/scotland/06_qs_joint_and_market_observation/r05_grid.jl"); println("PHASE3_INCLUDE_RETURNED_grw_marketobs wall_s=", time()-started); write("/root/BF_runs/logs/qs_experiment_w2/phase3_grid_v2_grw_marketobs.status", "PASS") catch err; showerror(stderr, err,





julia>
ENV["QSX2_ONLY"] = "grw_marketobs"; started = time(); try include("experiments/scotland/06_qs_joint_and_market_observation/r05_grid.jl"); println("PHASE3_INCLUDE_RETURNED_grw_marketobs wall_s=", time()-started); write("/root/BF_runs/logs/qs_experiment_w2/phase3_grid_v2_grw_marketobs.status", "PASS") catch err; showerror(stderr, err, c





julia>
ENV["QSX2_ONLY"] = "grw_marketobs"; started = time(); try include("experiments/scotland/06_qs_joint_and_market_observation/r05_grid.jl"); println("PHASE3_INCLUDE_RETURNED_grw_marketobs wall_s=", time()-started); write("/root/BF_runs/logs/qs_experiment_w2/phase3_grid_v2_grw_marketobs.status", "PASS") catch err; showerror(stderr, err, ca





julia>
ENV["QSX2_ONLY"] = "grw_marketobs"; started = time(); try include("experiments/scotland/06_qs_joint_and_market_observation/r05_grid.jl"); println("PHASE3_INCLUDE_RETURNED_grw_marketobs wall_s=", time()-started); write("/root/BF_runs/logs/qs_experiment_w2/phase3_grid_v2_grw_marketobs.status", "PASS") catch err; showerror(stderr, err, cat





julia>
ENV["QSX2_ONLY"] = "grw_marketobs"; started = time(); try include("experiments/scotland/06_qs_joint_and_market_observation/r05_grid.jl"); println("PHASE3_INCLUDE_RETURNED_grw_marketobs wall_s=", time()-started); write("/root/BF_runs/logs/qs_experiment_w2/phase3_grid_v2_grw_marketobs.status", "PASS") catch err; showerror(stderr, err, catc





julia>
ENV["QSX2_ONLY"] = "grw_marketobs"; started = time(); try include("experiments/scotland/06_qs_joint_and_market_observation/r05_grid.jl"); println("PHASE3_INCLUDE_RETURNED_grw_marketobs wall_s=", time()-started); write("/root/BF_runs/logs/qs_experiment_w2/phase3_grid_v2_grw_marketobs.status", "PASS") catch err; showerror(stderr, err, catch





julia>
ENV["QSX2_ONLY"] = "grw_marketobs"; started = time(); try include("experiments/scotland/06_qs_joint_and_market_observation/r05_grid.jl"); println("PHASE3_INCLUDE_RETURNED_grw_marketobs wall_s=", time()-started); write("/root/BF_runs/logs/qs_experiment_w2/phase3_grid_v2_grw_marketobs.status", "PASS") catch err; showerror(stderr, err, catch_





julia>
ENV["QSX2_ONLY"] = "grw_marketobs"; started = time(); try include("experiments/scotland/06_qs_joint_and_market_observation/r05_grid.jl"); println("PHASE3_INCLUDE_RETURNED_grw_marketobs wall_s=", time()-started); write("/root/BF_runs/logs/qs_experiment_w2/phase3_grid_v2_grw_marketobs.status", "PASS") catch err; showerror(stderr, err, catch_b





julia>
ENV["QSX2_ONLY"] = "grw_marketobs"; started = time(); try include("experiments/scotland/06_qs_joint_and_market_observation/r05_grid.jl"); println("PHASE3_INCLUDE_RETURNED_grw_marketobs wall_s=", time()-started); write("/root/BF_runs/logs/qs_experiment_w2/phase3_grid_v2_grw_marketobs.status", "PASS") catch err; showerror(stderr, err, catch_ba





julia>
ENV["QSX2_ONLY"] = "grw_marketobs"; started = time(); try include("experiments/scotland/06_qs_joint_and_market_observation/r05_grid.jl"); println("PHASE3_INCLUDE_RETURNED_grw_marketobs wall_s=", time()-started); write("/root/BF_runs/logs/qs_experiment_w2/phase3_grid_v2_grw_marketobs.status", "PASS") catch err; showerror(stderr, err, catch_bac





julia>
ENV["QSX2_ONLY"] = "grw_marketobs"; started = time(); try include("experiments/scotland/06_qs_joint_and_market_observation/r05_grid.jl"); println("PHASE3_INCLUDE_RETURNED_grw_marketobs wall_s=", time()-started); write("/root/BF_runs/logs/qs_experiment_w2/phase3_grid_v2_grw_marketobs.status", "PASS") catch err; showerror(stderr, err, catch_back





julia>
ENV["QSX2_ONLY"] = "grw_marketobs"; started = time(); try include("experiments/scotland/06_qs_joint_and_market_observation/r05_grid.jl"); println("PHASE3_INCLUDE_RETURNED_grw_marketobs wall_s=", time()-started); write("/root/BF_runs/logs/qs_experiment_w2/phase3_grid_v2_grw_marketobs.status", "PASS") catch err; showerror(stderr, err, catch_backt





julia>
ENV["QSX2_ONLY"] = "grw_marketobs"; started = time(); try include("experiments/scotland/06_qs_joint_and_market_observation/r05_grid.jl"); println("PHASE3_INCLUDE_RETURNED_grw_marketobs wall_s=", time()-started); write("/root/BF_runs/logs/qs_experiment_w2/phase3_grid_v2_grw_marketobs.status", "PASS") catch err; showerror(stderr, err, catch_backtr





julia>
ENV["QSX2_ONLY"] = "grw_marketobs"; started = time(); try include("experiments/scotland/06_qs_joint_and_market_observation/r05_grid.jl"); println("PHASE3_INCLUDE_RETURNED_grw_marketobs wall_s=", time()-started); write("/root/BF_runs/logs/qs_experiment_w2/phase3_grid_v2_grw_marketobs.status", "PASS") catch err; showerror(stderr, err, catch_backtra





julia>
ENV["QSX2_ONLY"] = "grw_marketobs"; started = time(); try include("experiments/scotland/06_qs_joint_and_market_observation/r05_grid.jl"); println("PHASE3_INCLUDE_RETURNED_grw_marketobs wall_s=", time()-started); write("/root/BF_runs/logs/qs_experiment_w2/phase3_grid_v2_grw_marketobs.status", "PASS") catch err; showerror(stderr, err, catch_backtrac





julia>
ENV["QSX2_ONLY"] = "grw_marketobs"; started = time(); try include("experiments/scotland/06_qs_joint_and_market_observation/r05_grid.jl"); println("PHASE3_INCLUDE_RETURNED_grw_marketobs wall_s=", time()-started); write("/root/BF_runs/logs/qs_experiment_w2/phase3_grid_v2_grw_marketobs.status", "PASS") catch err; showerror(stderr, err, catch_backtrace





julia>
ENV["QSX2_ONLY"] = "grw_marketobs"; started = time(); try include("experiments/scotland/06_qs_joint_and_market_observation/r05_grid.jl"); println("PHASE3_INCLUDE_RETURNED_grw_marketobs wall_s=", time()-started); write("/root/BF_runs/logs/qs_experiment_w2/phase3_grid_v2_grw_marketobs.status", "PASS") catch err; showerror(stderr, err, catch_backtrace(





julia>
ENV["QSX2_ONLY"] = "grw_marketobs"; started = time(); try include("experiments/scotland/06_qs_joint_and_market_observation/r05_grid.jl"); println("PHASE3_INCLUDE_RETURNED_grw_marketobs wall_s=", time()-started); write("/root/BF_runs/logs/qs_experiment_w2/phase3_grid_v2_grw_marketobs.status", "PASS") catch err; showerror(stderr, err, catch_backtrace()





julia>
ENV["QSX2_ONLY"] = "grw_marketobs"; started = time(); try include("experiments/scotland/06_qs_joint_and_market_observation/r05_grid.jl"); println("PHASE3_INCLUDE_RETURNED_grw_marketobs wall_s=", time()-started); write("/root/BF_runs/logs/qs_experiment_w2/phase3_grid_v2_grw_marketobs.status", "PASS") catch err; showerror(stderr, err, catch_backtrace())





julia>
ENV["QSX2_ONLY"] = "grw_marketobs"; started = time(); try include("experiments/scotland/06_qs_joint_and_market_observation/r05_grid.jl"); println("PHASE3_INCLUDE_RETURNED_grw_marketobs wall_s=", time()-started); write("/root/BF_runs/logs/qs_experiment_w2/phase3_grid_v2_grw_marketobs.status", "PASS") catch err; showerror(stderr, err, catch_backtrace());





julia>
ENV["QSX2_ONLY"] = "grw_marketobs"; started = time(); try include("experiments/scotland/06_qs_joint_and_market_observation/r05_grid.jl"); println("PHASE3_INCLUDE_RETURNED_grw_marketobs wall_s=", time()-started); write("/root/BF_runs/logs/qs_experiment_w2/phase3_grid_v2_grw_marketobs.status", "PASS") catch err; showerror(stderr, err, catch_backtrace());





julia>
ENV["QSX2_ONLY"] = "grw_marketobs"; started = time(); try include("experiments/scotland/06_qs_joint_and_market_observation/r05_grid.jl"); println("PHASE3_INCLUDE_RETURNED_grw_marketobs wall_s=", time()-started); write("/root/BF_runs/logs/qs_experiment_w2/phase3_grid_v2_grw_marketobs.status", "PASS") catch err; showerror(stderr, err, catch_backtrace()); p





julia>
ENV["QSX2_ONLY"] = "grw_marketobs"; started = time(); try include("experiments/scotland/06_qs_joint_and_market_observation/r05_grid.jl"); println("PHASE3_INCLUDE_RETURNED_grw_marketobs wall_s=", time()-started); write("/root/BF_runs/logs/qs_experiment_w2/phase3_grid_v2_grw_marketobs.status", "PASS") catch err; showerror(stderr, err, catch_backtrace()); pr





julia>
ENV["QSX2_ONLY"] = "grw_marketobs"; started = time(); try include("experiments/scotland/06_qs_joint_and_market_observation/r05_grid.jl"); println("PHASE3_INCLUDE_RETURNED_grw_marketobs wall_s=", time()-started); write("/root/BF_runs/logs/qs_experiment_w2/phase3_grid_v2_grw_marketobs.status", "PASS") catch err; showerror(stderr, err, catch_backtrace()); pri





julia>
ENV["QSX2_ONLY"] = "grw_marketobs"; started = time(); try include("experiments/scotland/06_qs_joint_and_market_observation/r05_grid.jl"); println("PHASE3_INCLUDE_RETURNED_grw_marketobs wall_s=", time()-started); write("/root/BF_runs/logs/qs_experiment_w2/phase3_grid_v2_grw_marketobs.status", "PASS") catch err; showerror(stderr, err, catch_backtrace()); prin





julia>
ENV["QSX2_ONLY"] = "grw_marketobs"; started = time(); try include("experiments/scotland/06_qs_joint_and_market_observation/r05_grid.jl"); println("PHASE3_INCLUDE_RETURNED_grw_marketobs wall_s=", time()-started); write("/root/BF_runs/logs/qs_experiment_w2/phase3_grid_v2_grw_marketobs.status", "PASS") catch err; showerror(stderr, err, catch_backtrace()); print





julia>
ENV["QSX2_ONLY"] = "grw_marketobs"; started = time(); try include("experiments/scotland/06_qs_joint_and_market_observation/r05_grid.jl"); println("PHASE3_INCLUDE_RETURNED_grw_marketobs wall_s=", time()-started); write("/root/BF_runs/logs/qs_experiment_w2/phase3_grid_v2_grw_marketobs.status", "PASS") catch err; showerror(stderr, err, catch_backtrace()); printl





julia>
ENV["QSX2_ONLY"] = "grw_marketobs"; started = time(); try include("experiments/scotland/06_qs_joint_and_market_observation/r05_grid.jl"); println("PHASE3_INCLUDE_RETURNED_grw_marketobs wall_s=", time()-started); write("/root/BF_runs/logs/qs_experiment_w2/phase3_grid_v2_grw_marketobs.status", "PASS") catch err; showerror(stderr, err, catch_backtrace()); println





julia>
ENV["QSX2_ONLY"] = "grw_marketobs"; started = time(); try include("experiments/scotland/06_qs_joint_and_market_observation/r05_grid.jl"); println("PHASE3_INCLUDE_RETURNED_grw_marketobs wall_s=", time()-started); write("/root/BF_runs/logs/qs_experiment_w2/phase3_grid_v2_grw_marketobs.status", "PASS") catch err; showerror(stderr, err, catch_backtrace()); println(





julia>
ENV["QSX2_ONLY"] = "grw_marketobs"; started = time(); try include("experiments/scotland/06_qs_joint_and_market_observation/r05_grid.jl"); println("PHASE3_INCLUDE_RETURNED_grw_marketobs wall_s=", time()-started); write("/root/BF_runs/logs/qs_experiment_w2/phase3_grid_v2_grw_marketobs.status", "PASS") catch err; showerror(stderr, err, catch_backtrace()); println(s





julia>
ENV["QSX2_ONLY"] = "grw_marketobs"; started = time(); try include("experiments/scotland/06_qs_joint_and_market_observation/r05_grid.jl"); println("PHASE3_INCLUDE_RETURNED_grw_marketobs wall_s=", time()-started); write("/root/BF_runs/logs/qs_experiment_w2/phase3_grid_v2_grw_marketobs.status", "PASS") catch err; showerror(stderr, err, catch_backtrace()); println(st





julia>
ENV["QSX2_ONLY"] = "grw_marketobs"; started = time(); try include("experiments/scotland/06_qs_joint_and_market_observation/r05_grid.jl"); println("PHASE3_INCLUDE_RETURNED_grw_marketobs wall_s=", time()-started); write("/root/BF_runs/logs/qs_experiment_w2/phase3_grid_v2_grw_marketobs.status", "PASS") catch err; showerror(stderr, err, catch_backtrace()); println(std





julia>
ENV["QSX2_ONLY"] = "grw_marketobs"; started = time(); try include("experiments/scotland/06_qs_joint_and_market_observation/r05_grid.jl"); println("PHASE3_INCLUDE_RETURNED_grw_marketobs wall_s=", time()-started); write("/root/BF_runs/logs/qs_experiment_w2/phase3_grid_v2_grw_marketobs.status", "PASS") catch err; showerror(stderr, err, catch_backtrace()); println(stde





julia>
ENV["QSX2_ONLY"] = "grw_marketobs"; started = time(); try include("experiments/scotland/06_qs_joint_and_market_observation/r05_grid.jl"); println("PHASE3_INCLUDE_RETURNED_grw_marketobs wall_s=", time()-started); write("/root/BF_runs/logs/qs_experiment_w2/phase3_grid_v2_grw_marketobs.status", "PASS") catch err; showerror(stderr, err, catch_backtrace()); println(stder





julia>
ENV["QSX2_ONLY"] = "grw_marketobs"; started = time(); try include("experiments/scotland/06_qs_joint_and_market_observation/r05_grid.jl"); println("PHASE3_INCLUDE_RETURNED_grw_marketobs wall_s=", time()-started); write("/root/BF_runs/logs/qs_experiment_w2/phase3_grid_v2_grw_marketobs.status", "PASS") catch err; showerror(stderr, err, catch_backtrace()); println(stderr





julia>
ENV["QSX2_ONLY"] = "grw_marketobs"; started = time(); try include("experiments/scotland/06_qs_joint_and_market_observation/r05_grid.jl"); println("PHASE3_INCLUDE_RETURNED_grw_marketobs wall_s=", time()-started); write("/root/BF_runs/logs/qs_experiment_w2/phase3_grid_v2_grw_marketobs.status", "PASS") catch err; showerror(stderr, err, catch_backtrace()); println(stderr)





julia>
ENV["QSX2_ONLY"] = "grw_marketobs"; started = time(); try include("experiments/scotland/06_qs_joint_and_market_observation/r05_grid.jl"); println("PHASE3_INCLUDE_RETURNED_grw_marketobs wall_s=", time()-started); write("/root/BF_runs/logs/qs_experiment_w2/phase3_grid_v2_grw_marketobs.status", "PASS") catch err; showerror(stderr, err, catch_backtrace()); println(stderr);





julia>
ENV["QSX2_ONLY"] = "grw_marketobs"; started = time(); try include("experiments/scotland/06_qs_joint_and_market_observation/r05_grid.jl"); println("PHASE3_INCLUDE_RETURNED_grw_marketobs wall_s=", time()-started); write("/root/BF_runs/logs/qs_experiment_w2/phase3_grid_v2_grw_marketobs.status", "PASS") catch err; showerror(stderr, err, catch_backtrace()); println(stderr);





julia>
ENV["QSX2_ONLY"] = "grw_marketobs"; started = time(); try include("experiments/scotland/06_qs_joint_and_market_observation/r05_grid.jl"); println("PHASE3_INCLUDE_RETURNED_grw_marketobs wall_s=", time()-started); write("/root/BF_runs/logs/qs_experiment_w2/phase3_grid_v2_grw_marketobs.status", "PASS") catch err; showerror(stderr, err, catch_backtrace()); println(stderr); p





julia>
ENV["QSX2_ONLY"] = "grw_marketobs"; started = time(); try include("experiments/scotland/06_qs_joint_and_market_observation/r05_grid.jl"); println("PHASE3_INCLUDE_RETURNED_grw_marketobs wall_s=", time()-started); write("/root/BF_runs/logs/qs_experiment_w2/phase3_grid_v2_grw_marketobs.status", "PASS") catch err; showerror(stderr, err, catch_backtrace()); println(stderr); pr





julia>
ENV["QSX2_ONLY"] = "grw_marketobs"; started = time(); try include("experiments/scotland/06_qs_joint_and_market_observation/r05_grid.jl"); println("PHASE3_INCLUDE_RETURNED_grw_marketobs wall_s=", time()-started); write("/root/BF_runs/logs/qs_experiment_w2/phase3_grid_v2_grw_marketobs.status", "PASS") catch err; showerror(stderr, err, catch_backtrace()); println(stderr); pri





julia>
ENV["QSX2_ONLY"] = "grw_marketobs"; started = time(); try include("experiments/scotland/06_qs_joint_and_market_observation/r05_grid.jl"); println("PHASE3_INCLUDE_RETURNED_grw_marketobs wall_s=", time()-started); write("/root/BF_runs/logs/qs_experiment_w2/phase3_grid_v2_grw_marketobs.status", "PASS") catch err; showerror(stderr, err, catch_backtrace()); println(stderr); prin





julia>
ENV["QSX2_ONLY"] = "grw_marketobs"; started = time(); try include("experiments/scotland/06_qs_joint_and_market_observation/r05_grid.jl"); println("PHASE3_INCLUDE_RETURNED_grw_marketobs wall_s=", time()-started); write("/root/BF_runs/logs/qs_experiment_w2/phase3_grid_v2_grw_marketobs.status", "PASS") catch err; showerror(stderr, err, catch_backtrace()); println(stderr); print





julia>
ENV["QSX2_ONLY"] = "grw_marketobs"; started = time(); try include("experiments/scotland/06_qs_joint_and_market_observation/r05_grid.jl"); println("PHASE3_INCLUDE_RETURNED_grw_marketobs wall_s=", time()-started); write("/root/BF_runs/logs/qs_experiment_w2/phase3_grid_v2_grw_marketobs.status", "PASS") catch err; showerror(stderr, err, catch_backtrace()); println(stderr); printl





julia>
ENV["QSX2_ONLY"] = "grw_marketobs"; started = time(); try include("experiments/scotland/06_qs_joint_and_market_observation/r05_grid.jl"); println("PHASE3_INCLUDE_RETURNED_grw_marketobs wall_s=", time()-started); write("/root/BF_runs/logs/qs_experiment_w2/phase3_grid_v2_grw_marketobs.status", "PASS") catch err; showerror(stderr, err, catch_backtrace()); println(stderr); println





julia>
ENV["QSX2_ONLY"] = "grw_marketobs"; started = time(); try include("experiments/scotland/06_qs_joint_and_market_observation/r05_grid.jl"); println("PHASE3_INCLUDE_RETURNED_grw_marketobs wall_s=", time()-started); write("/root/BF_runs/logs/qs_experiment_w2/phase3_grid_v2_grw_marketobs.status", "PASS") catch err; showerror(stderr, err, catch_backtrace()); println(stderr); println(





julia>
ENV["QSX2_ONLY"] = "grw_marketobs"; started = time(); try include("experiments/scotland/06_qs_joint_and_market_observation/r05_grid.jl"); println("PHASE3_INCLUDE_RETURNED_grw_marketobs wall_s=", time()-started); write("/root/BF_runs/logs/qs_experiment_w2/phase3_grid_v2_grw_marketobs.status", "PASS") catch err; showerror(stderr, err, catch_backtrace()); println(stderr); println("





julia>
ENV["QSX2_ONLY"] = "grw_marketobs"; started = time(); try include("experiments/scotland/06_qs_joint_and_market_observation/r05_grid.jl"); println("PHASE3_INCLUDE_RETURNED_grw_marketobs wall_s=", time()-started); write("/root/BF_runs/logs/qs_experiment_w2/phase3_grid_v2_grw_marketobs.status", "PASS") catch err; showerror(stderr, err, catch_backtrace()); println(stderr); println("P





julia>
ENV["QSX2_ONLY"] = "grw_marketobs"; started = time(); try include("experiments/scotland/06_qs_joint_and_market_observation/r05_grid.jl"); println("PHASE3_INCLUDE_RETURNED_grw_marketobs wall_s=", time()-started); write("/root/BF_runs/logs/qs_experiment_w2/phase3_grid_v2_grw_marketobs.status", "PASS") catch err; showerror(stderr, err, catch_backtrace()); println(stderr); println("PH





julia>
ENV["QSX2_ONLY"] = "grw_marketobs"; started = time(); try include("experiments/scotland/06_qs_joint_and_market_observation/r05_grid.jl"); println("PHASE3_INCLUDE_RETURNED_grw_marketobs wall_s=", time()-started); write("/root/BF_runs/logs/qs_experiment_w2/phase3_grid_v2_grw_marketobs.status", "PASS") catch err; showerror(stderr, err, catch_backtrace()); println(stderr); println("PHA





julia>
ENV["QSX2_ONLY"] = "grw_marketobs"; started = time(); try include("experiments/scotland/06_qs_joint_and_market_observation/r05_grid.jl"); println("PHASE3_INCLUDE_RETURNED_grw_marketobs wall_s=", time()-started); write("/root/BF_runs/logs/qs_experiment_w2/phase3_grid_v2_grw_marketobs.status", "PASS") catch err; showerror(stderr, err, catch_backtrace()); println(stderr); println("PHAS





julia>
ENV["QSX2_ONLY"] = "grw_marketobs"; started = time(); try include("experiments/scotland/06_qs_joint_and_market_observation/r05_grid.jl"); println("PHASE3_INCLUDE_RETURNED_grw_marketobs wall_s=", time()-started); write("/root/BF_runs/logs/qs_experiment_w2/phase3_grid_v2_grw_marketobs.status", "PASS") catch err; showerror(stderr, err, catch_backtrace()); println(stderr); println("PHASE





julia>
ENV["QSX2_ONLY"] = "grw_marketobs"; started = time(); try include("experiments/scotland/06_qs_joint_and_market_observation/r05_grid.jl"); println("PHASE3_INCLUDE_RETURNED_grw_marketobs wall_s=", time()-started); write("/root/BF_runs/logs/qs_experiment_w2/phase3_grid_v2_grw_marketobs.status", "PASS") catch err; showerror(stderr, err, catch_backtrace()); println(stderr); println("PHASE3





julia>
ENV["QSX2_ONLY"] = "grw_marketobs"; started = time(); try include("experiments/scotland/06_qs_joint_and_market_observation/r05_grid.jl"); println("PHASE3_INCLUDE_RETURNED_grw_marketobs wall_s=", time()-started); write("/root/BF_runs/logs/qs_experiment_w2/phase3_grid_v2_grw_marketobs.status", "PASS") catch err; showerror(stderr, err, catch_backtrace()); println(stderr); println("PHASE3_





julia>
ENV["QSX2_ONLY"] = "grw_marketobs"; started = time(); try include("experiments/scotland/06_qs_joint_and_market_observation/r05_grid.jl"); println("PHASE3_INCLUDE_RETURNED_grw_marketobs wall_s=", time()-started); write("/root/BF_runs/logs/qs_experiment_w2/phase3_grid_v2_grw_marketobs.status", "PASS") catch err; showerror(stderr, err, catch_backtrace()); println(stderr); println("PHASE3_F





julia>
ENV["QSX2_ONLY"] = "grw_marketobs"; started = time(); try include("experiments/scotland/06_qs_joint_and_market_observation/r05_grid.jl"); println("PHASE3_INCLUDE_RETURNED_grw_marketobs wall_s=", time()-started); write("/root/BF_runs/logs/qs_experiment_w2/phase3_grid_v2_grw_marketobs.status", "PASS") catch err; showerror(stderr, err, catch_backtrace()); println(stderr); println("PHASE3_FA





julia>
ENV["QSX2_ONLY"] = "grw_marketobs"; started = time(); try include("experiments/scotland/06_qs_joint_and_market_observation/r05_grid.jl"); println("PHASE3_INCLUDE_RETURNED_grw_marketobs wall_s=", time()-started); write("/root/BF_runs/logs/qs_experiment_w2/phase3_grid_v2_grw_marketobs.status", "PASS") catch err; showerror(stderr, err, catch_backtrace()); println(stderr); println("PHASE3_FAI





julia>
ENV["QSX2_ONLY"] = "grw_marketobs"; started = time(); try include("experiments/scotland/06_qs_joint_and_market_observation/r05_grid.jl"); println("PHASE3_INCLUDE_RETURNED_grw_marketobs wall_s=", time()-started); write("/root/BF_runs/logs/qs_experiment_w2/phase3_grid_v2_grw_marketobs.status", "PASS") catch err; showerror(stderr, err, catch_backtrace()); println(stderr); println("PHASE3_FAIL





julia>
ENV["QSX2_ONLY"] = "grw_marketobs"; started = time(); try include("experiments/scotland/06_qs_joint_and_market_observation/r05_grid.jl"); println("PHASE3_INCLUDE_RETURNED_grw_marketobs wall_s=", time()-started); write("/root/BF_runs/logs/qs_experiment_w2/phase3_grid_v2_grw_marketobs.status", "PASS") catch err; showerror(stderr, err, catch_backtrace()); println(stderr); println("PHASE3_FAIL_








julia>
ENV["QSX2_ONLY"] = "grw_marketobs"; started = time(); try include("experiments/scotland/06_qs_joint_and_market_observation/r05_grid.jl"); println("PHASE3_INCLUDE_RETURNED_grw_marketobs wall_s=", time()-started); write("/root/BF_runs/logs/qs_experiment_w2/phase3_grid_v2_grw_marketobs.status", "PASS") catch err; showerror(stderr, err, catch_backtrace()); println(stderr); println("PHASE3_FAIL_g






julia>
ENV["QSX2_ONLY"] = "grw_marketobs"; started = time(); try include("experiments/scotland/06_qs_joint_and_market_observation/r05_grid.jl"); println("PHASE3_INCLUDE_RETURNED_grw_marketobs wall_s=", time()-started); write("/root/BF_runs/logs/qs_experiment_w2/phase3_grid_v2_grw_marketobs.status", "PASS") catch err; showerror(stderr, err, catch_backtrace()); println(stderr); println("PHASE3_FAIL_gr






julia>
ENV["QSX2_ONLY"] = "grw_marketobs"; started = time(); try include("experiments/scotland/06_qs_joint_and_market_observation/r05_grid.jl"); println("PHASE3_INCLUDE_RETURNED_grw_marketobs wall_s=", time()-started); write("/root/BF_runs/logs/qs_experiment_w2/phase3_grid_v2_grw_marketobs.status", "PASS") catch err; showerror(stderr, err, catch_backtrace()); println(stderr); println("PHASE3_FAIL_grw






julia>
ENV["QSX2_ONLY"] = "grw_marketobs"; started = time(); try include("experiments/scotland/06_qs_joint_and_market_observation/r05_grid.jl"); println("PHASE3_INCLUDE_RETURNED_grw_marketobs wall_s=", time()-started); write("/root/BF_runs/logs/qs_experiment_w2/phase3_grid_v2_grw_marketobs.status", "PASS") catch err; showerror(stderr, err, catch_backtrace()); println(stderr); println("PHASE3_FAIL_grw_






julia>
ENV["QSX2_ONLY"] = "grw_marketobs"; started = time(); try include("experiments/scotland/06_qs_joint_and_market_observation/r05_grid.jl"); println("PHASE3_INCLUDE_RETURNED_grw_marketobs wall_s=", time()-started); write("/root/BF_runs/logs/qs_experiment_w2/phase3_grid_v2_grw_marketobs.status", "PASS") catch err; showerror(stderr, err, catch_backtrace()); println(stderr); println("PHASE3_FAIL_grw_m






julia>
ENV["QSX2_ONLY"] = "grw_marketobs"; started = time(); try include("experiments/scotland/06_qs_joint_and_market_observation/r05_grid.jl"); println("PHASE3_INCLUDE_RETURNED_grw_marketobs wall_s=", time()-started); write("/root/BF_runs/logs/qs_experiment_w2/phase3_grid_v2_grw_marketobs.status", "PASS") catch err; showerror(stderr, err, catch_backtrace()); println(stderr); println("PHASE3_FAIL_grw_ma






julia>
ENV["QSX2_ONLY"] = "grw_marketobs"; started = time(); try include("experiments/scotland/06_qs_joint_and_market_observation/r05_grid.jl"); println("PHASE3_INCLUDE_RETURNED_grw_marketobs wall_s=", time()-started); write("/root/BF_runs/logs/qs_experiment_w2/phase3_grid_v2_grw_marketobs.status", "PASS") catch err; showerror(stderr, err, catch_backtrace()); println(stderr); println("PHASE3_FAIL_grw_mar






julia>
ENV["QSX2_ONLY"] = "grw_marketobs"; started = time(); try include("experiments/scotland/06_qs_joint_and_market_observation/r05_grid.jl"); println("PHASE3_INCLUDE_RETURNED_grw_marketobs wall_s=", time()-started); write("/root/BF_runs/logs/qs_experiment_w2/phase3_grid_v2_grw_marketobs.status", "PASS") catch err; showerror(stderr, err, catch_backtrace()); println(stderr); println("PHASE3_FAIL_grw_mark






julia>
ENV["QSX2_ONLY"] = "grw_marketobs"; started = time(); try include("experiments/scotland/06_qs_joint_and_market_observation/r05_grid.jl"); println("PHASE3_INCLUDE_RETURNED_grw_marketobs wall_s=", time()-started); write("/root/BF_runs/logs/qs_experiment_w2/phase3_grid_v2_grw_marketobs.status", "PASS") catch err; showerror(stderr, err, catch_backtrace()); println(stderr); println("PHASE3_FAIL_grw_marke






julia>
ENV["QSX2_ONLY"] = "grw_marketobs"; started = time(); try include("experiments/scotland/06_qs_joint_and_market_observation/r05_grid.jl"); println("PHASE3_INCLUDE_RETURNED_grw_marketobs wall_s=", time()-started); write("/root/BF_runs/logs/qs_experiment_w2/phase3_grid_v2_grw_marketobs.status", "PASS") catch err; showerror(stderr, err, catch_backtrace()); println(stderr); println("PHASE3_FAIL_grw_market






julia>
ENV["QSX2_ONLY"] = "grw_marketobs"; started = time(); try include("experiments/scotland/06_qs_joint_and_market_observation/r05_grid.jl"); println("PHASE3_INCLUDE_RETURNED_grw_marketobs wall_s=", time()-started); write("/root/BF_runs/logs/qs_experiment_w2/phase3_grid_v2_grw_marketobs.status", "PASS") catch err; showerror(stderr, err, catch_backtrace()); println(stderr); println("PHASE3_FAIL_grw_marketo






julia>
ENV["QSX2_ONLY"] = "grw_marketobs"; started = time(); try include("experiments/scotland/06_qs_joint_and_market_observation/r05_grid.jl"); println("PHASE3_INCLUDE_RETURNED_grw_marketobs wall_s=", time()-started); write("/root/BF_runs/logs/qs_experiment_w2/phase3_grid_v2_grw_marketobs.status", "PASS") catch err; showerror(stderr, err, catch_backtrace()); println(stderr); println("PHASE3_FAIL_grw_marketob






julia>
ENV["QSX2_ONLY"] = "grw_marketobs"; started = time(); try include("experiments/scotland/06_qs_joint_and_market_observation/r05_grid.jl"); println("PHASE3_INCLUDE_RETURNED_grw_marketobs wall_s=", time()-started); write("/root/BF_runs/logs/qs_experiment_w2/phase3_grid_v2_grw_marketobs.status", "PASS") catch err; showerror(stderr, err, catch_backtrace()); println(stderr); println("PHASE3_FAIL_grw_marketobs






julia>
ENV["QSX2_ONLY"] = "grw_marketobs"; started = time(); try include("experiments/scotland/06_qs_joint_and_market_observation/r05_grid.jl"); println("PHASE3_INCLUDE_RETURNED_grw_marketobs wall_s=", time()-started); write("/root/BF_runs/logs/qs_experiment_w2/phase3_grid_v2_grw_marketobs.status", "PASS") catch err; showerror(stderr, err, catch_backtrace()); println(stderr); println("PHASE3_FAIL_grw_marketobs






julia>
ENV["QSX2_ONLY"] = "grw_marketobs"; started = time(); try include("experiments/scotland/06_qs_joint_and_market_observation/r05_grid.jl"); println("PHASE3_INCLUDE_RETURNED_grw_marketobs wall_s=", time()-started); write("/root/BF_runs/logs/qs_experiment_w2/phase3_grid_v2_grw_marketobs.status", "PASS") catch err; showerror(stderr, err, catch_backtrace()); println(stderr); println("PHASE3_FAIL_grw_marketobs w






julia>
ENV["QSX2_ONLY"] = "grw_marketobs"; started = time(); try include("experiments/scotland/06_qs_joint_and_market_observation/r05_grid.jl"); println("PHASE3_INCLUDE_RETURNED_grw_marketobs wall_s=", time()-started); write("/root/BF_runs/logs/qs_experiment_w2/phase3_grid_v2_grw_marketobs.status", "PASS") catch err; showerror(stderr, err, catch_backtrace()); println(stderr); println("PHASE3_FAIL_grw_marketobs wa






julia>
ENV["QSX2_ONLY"] = "grw_marketobs"; started = time(); try include("experiments/scotland/06_qs_joint_and_market_observation/r05_grid.jl"); println("PHASE3_INCLUDE_RETURNED_grw_marketobs wall_s=", time()-started); write("/root/BF_runs/logs/qs_experiment_w2/phase3_grid_v2_grw_marketobs.status", "PASS") catch err; showerror(stderr, err, catch_backtrace()); println(stderr); println("PHASE3_FAIL_grw_marketobs wal






julia>
ENV["QSX2_ONLY"] = "grw_marketobs"; started = time(); try include("experiments/scotland/06_qs_joint_and_market_observation/r05_grid.jl"); println("PHASE3_INCLUDE_RETURNED_grw_marketobs wall_s=", time()-started); write("/root/BF_runs/logs/qs_experiment_w2/phase3_grid_v2_grw_marketobs.status", "PASS") catch err; showerror(stderr, err, catch_backtrace()); println(stderr); println("PHASE3_FAIL_grw_marketobs wall






julia>
ENV["QSX2_ONLY"] = "grw_marketobs"; started = time(); try include("experiments/scotland/06_qs_joint_and_market_observation/r05_grid.jl"); println("PHASE3_INCLUDE_RETURNED_grw_marketobs wall_s=", time()-started); write("/root/BF_runs/logs/qs_experiment_w2/phase3_grid_v2_grw_marketobs.status", "PASS") catch err; showerror(stderr, err, catch_backtrace()); println(stderr); println("PHASE3_FAIL_grw_marketobs wall_






julia>
ENV["QSX2_ONLY"] = "grw_marketobs"; started = time(); try include("experiments/scotland/06_qs_joint_and_market_observation/r05_grid.jl"); println("PHASE3_INCLUDE_RETURNED_grw_marketobs wall_s=", time()-started); write("/root/BF_runs/logs/qs_experiment_w2/phase3_grid_v2_grw_marketobs.status", "PASS") catch err; showerror(stderr, err, catch_backtrace()); println(stderr); println("PHASE3_FAIL_grw_marketobs wall_s






julia>
ENV["QSX2_ONLY"] = "grw_marketobs"; started = time(); try include("experiments/scotland/06_qs_joint_and_market_observation/r05_grid.jl"); println("PHASE3_INCLUDE_RETURNED_grw_marketobs wall_s=", time()-started); write("/root/BF_runs/logs/qs_experiment_w2/phase3_grid_v2_grw_marketobs.status", "PASS") catch err; showerror(stderr, err, catch_backtrace()); println(stderr); println("PHASE3_FAIL_grw_marketobs wall_s=






julia>
ENV["QSX2_ONLY"] = "grw_marketobs"; started = time(); try include("experiments/scotland/06_qs_joint_and_market_observation/r05_grid.jl"); println("PHASE3_INCLUDE_RETURNED_grw_marketobs wall_s=", time()-started); write("/root/BF_runs/logs/qs_experiment_w2/phase3_grid_v2_grw_marketobs.status", "PASS") catch err; showerror(stderr, err, catch_backtrace()); println(stderr); println("PHASE3_FAIL_grw_marketobs wall_s="






julia>
ENV["QSX2_ONLY"] = "grw_marketobs"; started = time(); try include("experiments/scotland/06_qs_joint_and_market_observation/r05_grid.jl"); println("PHASE3_INCLUDE_RETURNED_grw_marketobs wall_s=", time()-started); write("/root/BF_runs/logs/qs_experiment_w2/phase3_grid_v2_grw_marketobs.status", "PASS") catch err; showerror(stderr, err, catch_backtrace()); println(stderr); println("PHASE3_FAIL_grw_marketobs wall_s=",






julia>
ENV["QSX2_ONLY"] = "grw_marketobs"; started = time(); try include("experiments/scotland/06_qs_joint_and_market_observation/r05_grid.jl"); println("PHASE3_INCLUDE_RETURNED_grw_marketobs wall_s=", time()-started); write("/root/BF_runs/logs/qs_experiment_w2/phase3_grid_v2_grw_marketobs.status", "PASS") catch err; showerror(stderr, err, catch_backtrace()); println(stderr); println("PHASE3_FAIL_grw_marketobs wall_s=",






julia>
ENV["QSX2_ONLY"] = "grw_marketobs"; started = time(); try include("experiments/scotland/06_qs_joint_and_market_observation/r05_grid.jl"); println("PHASE3_INCLUDE_RETURNED_grw_marketobs wall_s=", time()-started); write("/root/BF_runs/logs/qs_experiment_w2/phase3_grid_v2_grw_marketobs.status", "PASS") catch err; showerror(stderr, err, catch_backtrace()); println(stderr); println("PHASE3_FAIL_grw_marketobs wall_s=", t






julia>
ENV["QSX2_ONLY"] = "grw_marketobs"; started = time(); try include("experiments/scotland/06_qs_joint_and_market_observation/r05_grid.jl"); println("PHASE3_INCLUDE_RETURNED_grw_marketobs wall_s=", time()-started); write("/root/BF_runs/logs/qs_experiment_w2/phase3_grid_v2_grw_marketobs.status", "PASS") catch err; showerror(stderr, err, catch_backtrace()); println(stderr); println("PHASE3_FAIL_grw_marketobs wall_s=", ti






julia>
ENV["QSX2_ONLY"] = "grw_marketobs"; started = time(); try include("experiments/scotland/06_qs_joint_and_market_observation/r05_grid.jl"); println("PHASE3_INCLUDE_RETURNED_grw_marketobs wall_s=", time()-started); write("/root/BF_runs/logs/qs_experiment_w2/phase3_grid_v2_grw_marketobs.status", "PASS") catch err; showerror(stderr, err, catch_backtrace()); println(stderr); println("PHASE3_FAIL_grw_marketobs wall_s=", tim






julia>
ENV["QSX2_ONLY"] = "grw_marketobs"; started = time(); try include("experiments/scotland/06_qs_joint_and_market_observation/r05_grid.jl"); println("PHASE3_INCLUDE_RETURNED_grw_marketobs wall_s=", time()-started); write("/root/BF_runs/logs/qs_experiment_w2/phase3_grid_v2_grw_marketobs.status", "PASS") catch err; showerror(stderr, err, catch_backtrace()); println(stderr); println("PHASE3_FAIL_grw_marketobs wall_s=", time






julia>
ENV["QSX2_ONLY"] = "grw_marketobs"; started = time(); try include("experiments/scotland/06_qs_joint_and_market_observation/r05_grid.jl"); println("PHASE3_INCLUDE_RETURNED_grw_marketobs wall_s=", time()-started); write("/root/BF_runs/logs/qs_experiment_w2/phase3_grid_v2_grw_marketobs.status", "PASS") catch err; showerror(stderr, err, catch_backtrace()); println(stderr); println("PHASE3_FAIL_grw_marketobs wall_s=", time(






julia>
ENV["QSX2_ONLY"] = "grw_marketobs"; started = time(); try include("experiments/scotland/06_qs_joint_and_market_observation/r05_grid.jl"); println("PHASE3_INCLUDE_RETURNED_grw_marketobs wall_s=", time()-started); write("/root/BF_runs/logs/qs_experiment_w2/phase3_grid_v2_grw_marketobs.status", "PASS") catch err; showerror(stderr, err, catch_backtrace()); println(stderr); println("PHASE3_FAIL_grw_marketobs wall_s=", time()






julia>
ENV["QSX2_ONLY"] = "grw_marketobs"; started = time(); try include("experiments/scotland/06_qs_joint_and_market_observation/r05_grid.jl"); println("PHASE3_INCLUDE_RETURNED_grw_marketobs wall_s=", time()-started); write("/root/BF_runs/logs/qs_experiment_w2/phase3_grid_v2_grw_marketobs.status", "PASS") catch err; showerror(stderr, err, catch_backtrace()); println(stderr); println("PHASE3_FAIL_grw_marketobs wall_s=", time()-






julia>
ENV["QSX2_ONLY"] = "grw_marketobs"; started = time(); try include("experiments/scotland/06_qs_joint_and_market_observation/r05_grid.jl"); println("PHASE3_INCLUDE_RETURNED_grw_marketobs wall_s=", time()-started); write("/root/BF_runs/logs/qs_experiment_w2/phase3_grid_v2_grw_marketobs.status", "PASS") catch err; showerror(stderr, err, catch_backtrace()); println(stderr); println("PHASE3_FAIL_grw_marketobs wall_s=", time()-s






julia>
ENV["QSX2_ONLY"] = "grw_marketobs"; started = time(); try include("experiments/scotland/06_qs_joint_and_market_observation/r05_grid.jl"); println("PHASE3_INCLUDE_RETURNED_grw_marketobs wall_s=", time()-started); write("/root/BF_runs/logs/qs_experiment_w2/phase3_grid_v2_grw_marketobs.status", "PASS") catch err; showerror(stderr, err, catch_backtrace()); println(stderr); println("PHASE3_FAIL_grw_marketobs wall_s=", time()-st






julia>
ENV["QSX2_ONLY"] = "grw_marketobs"; started = time(); try include("experiments/scotland/06_qs_joint_and_market_observation/r05_grid.jl"); println("PHASE3_INCLUDE_RETURNED_grw_marketobs wall_s=", time()-started); write("/root/BF_runs/logs/qs_experiment_w2/phase3_grid_v2_grw_marketobs.status", "PASS") catch err; showerror(stderr, err, catch_backtrace()); println(stderr); println("PHASE3_FAIL_grw_marketobs wall_s=", time()-sta






julia>
ENV["QSX2_ONLY"] = "grw_marketobs"; started = time(); try include("experiments/scotland/06_qs_joint_and_market_observation/r05_grid.jl"); println("PHASE3_INCLUDE_RETURNED_grw_marketobs wall_s=", time()-started); write("/root/BF_runs/logs/qs_experiment_w2/phase3_grid_v2_grw_marketobs.status", "PASS") catch err; showerror(stderr, err, catch_backtrace()); println(stderr); println("PHASE3_FAIL_grw_marketobs wall_s=", time()-star






julia>
ENV["QSX2_ONLY"] = "grw_marketobs"; started = time(); try include("experiments/scotland/06_qs_joint_and_market_observation/r05_grid.jl"); println("PHASE3_INCLUDE_RETURNED_grw_marketobs wall_s=", time()-started); write("/root/BF_runs/logs/qs_experiment_w2/phase3_grid_v2_grw_marketobs.status", "PASS") catch err; showerror(stderr, err, catch_backtrace()); println(stderr); println("PHASE3_FAIL_grw_marketobs wall_s=", time()-start






julia>
ENV["QSX2_ONLY"] = "grw_marketobs"; started = time(); try include("experiments/scotland/06_qs_joint_and_market_observation/r05_grid.jl"); println("PHASE3_INCLUDE_RETURNED_grw_marketobs wall_s=", time()-started); write("/root/BF_runs/logs/qs_experiment_w2/phase3_grid_v2_grw_marketobs.status", "PASS") catch err; showerror(stderr, err, catch_backtrace()); println(stderr); println("PHASE3_FAIL_grw_marketobs wall_s=", time()-starte






julia>
ENV["QSX2_ONLY"] = "grw_marketobs"; started = time(); try include("experiments/scotland/06_qs_joint_and_market_observation/r05_grid.jl"); println("PHASE3_INCLUDE_RETURNED_grw_marketobs wall_s=", time()-started); write("/root/BF_runs/logs/qs_experiment_w2/phase3_grid_v2_grw_marketobs.status", "PASS") catch err; showerror(stderr, err, catch_backtrace()); println(stderr); println("PHASE3_FAIL_grw_marketobs wall_s=", time()-started






julia>
ENV["QSX2_ONLY"] = "grw_marketobs"; started = time(); try include("experiments/scotland/06_qs_joint_and_market_observation/r05_grid.jl"); println("PHASE3_INCLUDE_RETURNED_grw_marketobs wall_s=", time()-started); write("/root/BF_runs/logs/qs_experiment_w2/phase3_grid_v2_grw_marketobs.status", "PASS") catch err; showerror(stderr, err, catch_backtrace()); println(stderr); println("PHASE3_FAIL_grw_marketobs wall_s=", time()-started)






julia>
ENV["QSX2_ONLY"] = "grw_marketobs"; started = time(); try include("experiments/scotland/06_qs_joint_and_market_observation/r05_grid.jl"); println("PHASE3_INCLUDE_RETURNED_grw_marketobs wall_s=", time()-started); write("/root/BF_runs/logs/qs_experiment_w2/phase3_grid_v2_grw_marketobs.status", "PASS") catch err; showerror(stderr, err, catch_backtrace()); println(stderr); println("PHASE3_FAIL_grw_marketobs wall_s=", time()-started);






julia>
ENV["QSX2_ONLY"] = "grw_marketobs"; started = time(); try include("experiments/scotland/06_qs_joint_and_market_observation/r05_grid.jl"); println("PHASE3_INCLUDE_RETURNED_grw_marketobs wall_s=", time()-started); write("/root/BF_runs/logs/qs_experiment_w2/phase3_grid_v2_grw_marketobs.status", "PASS") catch err; showerror(stderr, err, catch_backtrace()); println(stderr); println("PHASE3_FAIL_grw_marketobs wall_s=", time()-started);






julia>
ENV["QSX2_ONLY"] = "grw_marketobs"; started = time(); try include("experiments/scotland/06_qs_joint_and_market_observation/r05_grid.jl"); println("PHASE3_INCLUDE_RETURNED_grw_marketobs wall_s=", time()-started); write("/root/BF_runs/logs/qs_experiment_w2/phase3_grid_v2_grw_marketobs.status", "PASS") catch err; showerror(stderr, err, catch_backtrace()); println(stderr); println("PHASE3_FAIL_grw_marketobs wall_s=", time()-started); w






julia>
ENV["QSX2_ONLY"] = "grw_marketobs"; started = time(); try include("experiments/scotland/06_qs_joint_and_market_observation/r05_grid.jl"); println("PHASE3_INCLUDE_RETURNED_grw_marketobs wall_s=", time()-started); write("/root/BF_runs/logs/qs_experiment_w2/phase3_grid_v2_grw_marketobs.status", "PASS") catch err; showerror(stderr, err, catch_backtrace()); println(stderr); println("PHASE3_FAIL_grw_marketobs wall_s=", time()-started); wr






julia>
ENV["QSX2_ONLY"] = "grw_marketobs"; started = time(); try include("experiments/scotland/06_qs_joint_and_market_observation/r05_grid.jl"); println("PHASE3_INCLUDE_RETURNED_grw_marketobs wall_s=", time()-started); write("/root/BF_runs/logs/qs_experiment_w2/phase3_grid_v2_grw_marketobs.status", "PASS") catch err; showerror(stderr, err, catch_backtrace()); println(stderr); println("PHASE3_FAIL_grw_marketobs wall_s=", time()-started); wri






julia>
ENV["QSX2_ONLY"] = "grw_marketobs"; started = time(); try include("experiments/scotland/06_qs_joint_and_market_observation/r05_grid.jl"); println("PHASE3_INCLUDE_RETURNED_grw_marketobs wall_s=", time()-started); write("/root/BF_runs/logs/qs_experiment_w2/phase3_grid_v2_grw_marketobs.status", "PASS") catch err; showerror(stderr, err, catch_backtrace()); println(stderr); println("PHASE3_FAIL_grw_marketobs wall_s=", time()-started); writ






julia>
ENV["QSX2_ONLY"] = "grw_marketobs"; started = time(); try include("experiments/scotland/06_qs_joint_and_market_observation/r05_grid.jl"); println("PHASE3_INCLUDE_RETURNED_grw_marketobs wall_s=", time()-started); write("/root/BF_runs/logs/qs_experiment_w2/phase3_grid_v2_grw_marketobs.status", "PASS") catch err; showerror(stderr, err, catch_backtrace()); println(stderr); println("PHASE3_FAIL_grw_marketobs wall_s=", time()-started); write






julia>
ENV["QSX2_ONLY"] = "grw_marketobs"; started = time(); try include("experiments/scotland/06_qs_joint_and_market_observation/r05_grid.jl"); println("PHASE3_INCLUDE_RETURNED_grw_marketobs wall_s=", time()-started); write("/root/BF_runs/logs/qs_experiment_w2/phase3_grid_v2_grw_marketobs.status", "PASS") catch err; showerror(stderr, err, catch_backtrace()); println(stderr); println("PHASE3_FAIL_grw_marketobs wall_s=", time()-started); write(






julia>
ENV["QSX2_ONLY"] = "grw_marketobs"; started = time(); try include("experiments/scotland/06_qs_joint_and_market_observation/r05_grid.jl"); println("PHASE3_INCLUDE_RETURNED_grw_marketobs wall_s=", time()-started); write("/root/BF_runs/logs/qs_experiment_w2/phase3_grid_v2_grw_marketobs.status", "PASS") catch err; showerror(stderr, err, catch_backtrace()); println(stderr); println("PHASE3_FAIL_grw_marketobs wall_s=", time()-started); write("






julia>
ENV["QSX2_ONLY"] = "grw_marketobs"; started = time(); try include("experiments/scotland/06_qs_joint_and_market_observation/r05_grid.jl"); println("PHASE3_INCLUDE_RETURNED_grw_marketobs wall_s=", time()-started); write("/root/BF_runs/logs/qs_experiment_w2/phase3_grid_v2_grw_marketobs.status", "PASS") catch err; showerror(stderr, err, catch_backtrace()); println(stderr); println("PHASE3_FAIL_grw_marketobs wall_s=", time()-started); write("/






julia>
ENV["QSX2_ONLY"] = "grw_marketobs"; started = time(); try include("experiments/scotland/06_qs_joint_and_market_observation/r05_grid.jl"); println("PHASE3_INCLUDE_RETURNED_grw_marketobs wall_s=", time()-started); write("/root/BF_runs/logs/qs_experiment_w2/phase3_grid_v2_grw_marketobs.status", "PASS") catch err; showerror(stderr, err, catch_backtrace()); println(stderr); println("PHASE3_FAIL_grw_marketobs wall_s=", time()-started); write("/r






julia>
ENV["QSX2_ONLY"] = "grw_marketobs"; started = time(); try include("experiments/scotland/06_qs_joint_and_market_observation/r05_grid.jl"); println("PHASE3_INCLUDE_RETURNED_grw_marketobs wall_s=", time()-started); write("/root/BF_runs/logs/qs_experiment_w2/phase3_grid_v2_grw_marketobs.status", "PASS") catch err; showerror(stderr, err, catch_backtrace()); println(stderr); println("PHASE3_FAIL_grw_marketobs wall_s=", time()-started); write("/ro






julia>
ENV["QSX2_ONLY"] = "grw_marketobs"; started = time(); try include("experiments/scotland/06_qs_joint_and_market_observation/r05_grid.jl"); println("PHASE3_INCLUDE_RETURNED_grw_marketobs wall_s=", time()-started); write("/root/BF_runs/logs/qs_experiment_w2/phase3_grid_v2_grw_marketobs.status", "PASS") catch err; showerror(stderr, err, catch_backtrace()); println(stderr); println("PHASE3_FAIL_grw_marketobs wall_s=", time()-started); write("/roo






julia>
ENV["QSX2_ONLY"] = "grw_marketobs"; started = time(); try include("experiments/scotland/06_qs_joint_and_market_observation/r05_grid.jl"); println("PHASE3_INCLUDE_RETURNED_grw_marketobs wall_s=", time()-started); write("/root/BF_runs/logs/qs_experiment_w2/phase3_grid_v2_grw_marketobs.status", "PASS") catch err; showerror(stderr, err, catch_backtrace()); println(stderr); println("PHASE3_FAIL_grw_marketobs wall_s=", time()-started); write("/root






julia>
ENV["QSX2_ONLY"] = "grw_marketobs"; started = time(); try include("experiments/scotland/06_qs_joint_and_market_observation/r05_grid.jl"); println("PHASE3_INCLUDE_RETURNED_grw_marketobs wall_s=", time()-started); write("/root/BF_runs/logs/qs_experiment_w2/phase3_grid_v2_grw_marketobs.status", "PASS") catch err; showerror(stderr, err, catch_backtrace()); println(stderr); println("PHASE3_FAIL_grw_marketobs wall_s=", time()-started); write("/root/






julia>
ENV["QSX2_ONLY"] = "grw_marketobs"; started = time(); try include("experiments/scotland/06_qs_joint_and_market_observation/r05_grid.jl"); println("PHASE3_INCLUDE_RETURNED_grw_marketobs wall_s=", time()-started); write("/root/BF_runs/logs/qs_experiment_w2/phase3_grid_v2_grw_marketobs.status", "PASS") catch err; showerror(stderr, err, catch_backtrace()); println(stderr); println("PHASE3_FAIL_grw_marketobs wall_s=", time()-started); write("/root/B






julia>
ENV["QSX2_ONLY"] = "grw_marketobs"; started = time(); try include("experiments/scotland/06_qs_joint_and_market_observation/r05_grid.jl"); println("PHASE3_INCLUDE_RETURNED_grw_marketobs wall_s=", time()-started); write("/root/BF_runs/logs/qs_experiment_w2/phase3_grid_v2_grw_marketobs.status", "PASS") catch err; showerror(stderr, err, catch_backtrace()); println(stderr); println("PHASE3_FAIL_grw_marketobs wall_s=", time()-started); write("/root/BF






julia>
ENV["QSX2_ONLY"] = "grw_marketobs"; started = time(); try include("experiments/scotland/06_qs_joint_and_market_observation/r05_grid.jl"); println("PHASE3_INCLUDE_RETURNED_grw_marketobs wall_s=", time()-started); write("/root/BF_runs/logs/qs_experiment_w2/phase3_grid_v2_grw_marketobs.status", "PASS") catch err; showerror(stderr, err, catch_backtrace()); println(stderr); println("PHASE3_FAIL_grw_marketobs wall_s=", time()-started); write("/root/BF_






julia>
ENV["QSX2_ONLY"] = "grw_marketobs"; started = time(); try include("experiments/scotland/06_qs_joint_and_market_observation/r05_grid.jl"); println("PHASE3_INCLUDE_RETURNED_grw_marketobs wall_s=", time()-started); write("/root/BF_runs/logs/qs_experiment_w2/phase3_grid_v2_grw_marketobs.status", "PASS") catch err; showerror(stderr, err, catch_backtrace()); println(stderr); println("PHASE3_FAIL_grw_marketobs wall_s=", time()-started); write("/root/BF_r






julia>
ENV["QSX2_ONLY"] = "grw_marketobs"; started = time(); try include("experiments/scotland/06_qs_joint_and_market_observation/r05_grid.jl"); println("PHASE3_INCLUDE_RETURNED_grw_marketobs wall_s=", time()-started); write("/root/BF_runs/logs/qs_experiment_w2/phase3_grid_v2_grw_marketobs.status", "PASS") catch err; showerror(stderr, err, catch_backtrace()); println(stderr); println("PHASE3_FAIL_grw_marketobs wall_s=", time()-started); write("/root/BF_ru






julia>
ENV["QSX2_ONLY"] = "grw_marketobs"; started = time(); try include("experiments/scotland/06_qs_joint_and_market_observation/r05_grid.jl"); println("PHASE3_INCLUDE_RETURNED_grw_marketobs wall_s=", time()-started); write("/root/BF_runs/logs/qs_experiment_w2/phase3_grid_v2_grw_marketobs.status", "PASS") catch err; showerror(stderr, err, catch_backtrace()); println(stderr); println("PHASE3_FAIL_grw_marketobs wall_s=", time()-started); write("/root/BF_run






julia>
ENV["QSX2_ONLY"] = "grw_marketobs"; started = time(); try include("experiments/scotland/06_qs_joint_and_market_observation/r05_grid.jl"); println("PHASE3_INCLUDE_RETURNED_grw_marketobs wall_s=", time()-started); write("/root/BF_runs/logs/qs_experiment_w2/phase3_grid_v2_grw_marketobs.status", "PASS") catch err; showerror(stderr, err, catch_backtrace()); println(stderr); println("PHASE3_FAIL_grw_marketobs wall_s=", time()-started); write("/root/BF_runs






julia>
ENV["QSX2_ONLY"] = "grw_marketobs"; started = time(); try include("experiments/scotland/06_qs_joint_and_market_observation/r05_grid.jl"); println("PHASE3_INCLUDE_RETURNED_grw_marketobs wall_s=", time()-started); write("/root/BF_runs/logs/qs_experiment_w2/phase3_grid_v2_grw_marketobs.status", "PASS") catch err; showerror(stderr, err, catch_backtrace()); println(stderr); println("PHASE3_FAIL_grw_marketobs wall_s=", time()-started); write("/root/BF_runs/






julia>
ENV["QSX2_ONLY"] = "grw_marketobs"; started = time(); try include("experiments/scotland/06_qs_joint_and_market_observation/r05_grid.jl"); println("PHASE3_INCLUDE_RETURNED_grw_marketobs wall_s=", time()-started); write("/root/BF_runs/logs/qs_experiment_w2/phase3_grid_v2_grw_marketobs.status", "PASS") catch err; showerror(stderr, err, catch_backtrace()); println(stderr); println("PHASE3_FAIL_grw_marketobs wall_s=", time()-started); write("/root/BF_runs/l






julia>
ENV["QSX2_ONLY"] = "grw_marketobs"; started = time(); try include("experiments/scotland/06_qs_joint_and_market_observation/r05_grid.jl"); println("PHASE3_INCLUDE_RETURNED_grw_marketobs wall_s=", time()-started); write("/root/BF_runs/logs/qs_experiment_w2/phase3_grid_v2_grw_marketobs.status", "PASS") catch err; showerror(stderr, err, catch_backtrace()); println(stderr); println("PHASE3_FAIL_grw_marketobs wall_s=", time()-started); write("/root/BF_runs/lo






julia>
ENV["QSX2_ONLY"] = "grw_marketobs"; started = time(); try include("experiments/scotland/06_qs_joint_and_market_observation/r05_grid.jl"); println("PHASE3_INCLUDE_RETURNED_grw_marketobs wall_s=", time()-started); write("/root/BF_runs/logs/qs_experiment_w2/phase3_grid_v2_grw_marketobs.status", "PASS") catch err; showerror(stderr, err, catch_backtrace()); println(stderr); println("PHASE3_FAIL_grw_marketobs wall_s=", time()-started); write("/root/BF_runs/log






julia>
ENV["QSX2_ONLY"] = "grw_marketobs"; started = time(); try include("experiments/scotland/06_qs_joint_and_market_observation/r05_grid.jl"); println("PHASE3_INCLUDE_RETURNED_grw_marketobs wall_s=", time()-started); write("/root/BF_runs/logs/qs_experiment_w2/phase3_grid_v2_grw_marketobs.status", "PASS") catch err; showerror(stderr, err, catch_backtrace()); println(stderr); println("PHASE3_FAIL_grw_marketobs wall_s=", time()-started); write("/root/BF_runs/logs






julia>
ENV["QSX2_ONLY"] = "grw_marketobs"; started = time(); try include("experiments/scotland/06_qs_joint_and_market_observation/r05_grid.jl"); println("PHASE3_INCLUDE_RETURNED_grw_marketobs wall_s=", time()-started); write("/root/BF_runs/logs/qs_experiment_w2/phase3_grid_v2_grw_marketobs.status", "PASS") catch err; showerror(stderr, err, catch_backtrace()); println(stderr); println("PHASE3_FAIL_grw_marketobs wall_s=", time()-started); write("/root/BF_runs/logs/






julia>
ENV["QSX2_ONLY"] = "grw_marketobs"; started = time(); try include("experiments/scotland/06_qs_joint_and_market_observation/r05_grid.jl"); println("PHASE3_INCLUDE_RETURNED_grw_marketobs wall_s=", time()-started); write("/root/BF_runs/logs/qs_experiment_w2/phase3_grid_v2_grw_marketobs.status", "PASS") catch err; showerror(stderr, err, catch_backtrace()); println(stderr); println("PHASE3_FAIL_grw_marketobs wall_s=", time()-started); write("/root/BF_runs/logs/q






julia>
ENV["QSX2_ONLY"] = "grw_marketobs"; started = time(); try include("experiments/scotland/06_qs_joint_and_market_observation/r05_grid.jl"); println("PHASE3_INCLUDE_RETURNED_grw_marketobs wall_s=", time()-started); write("/root/BF_runs/logs/qs_experiment_w2/phase3_grid_v2_grw_marketobs.status", "PASS") catch err; showerror(stderr, err, catch_backtrace()); println(stderr); println("PHASE3_FAIL_grw_marketobs wall_s=", time()-started); write("/root/BF_runs/logs/qs






julia>
ENV["QSX2_ONLY"] = "grw_marketobs"; started = time(); try include("experiments/scotland/06_qs_joint_and_market_observation/r05_grid.jl"); println("PHASE3_INCLUDE_RETURNED_grw_marketobs wall_s=", time()-started); write("/root/BF_runs/logs/qs_experiment_w2/phase3_grid_v2_grw_marketobs.status", "PASS") catch err; showerror(stderr, err, catch_backtrace()); println(stderr); println("PHASE3_FAIL_grw_marketobs wall_s=", time()-started); write("/root/BF_runs/logs/qs_






julia>
ENV["QSX2_ONLY"] = "grw_marketobs"; started = time(); try include("experiments/scotland/06_qs_joint_and_market_observation/r05_grid.jl"); println("PHASE3_INCLUDE_RETURNED_grw_marketobs wall_s=", time()-started); write("/root/BF_runs/logs/qs_experiment_w2/phase3_grid_v2_grw_marketobs.status", "PASS") catch err; showerror(stderr, err, catch_backtrace()); println(stderr); println("PHASE3_FAIL_grw_marketobs wall_s=", time()-started); write("/root/BF_runs/logs/qs_e






julia>
ENV["QSX2_ONLY"] = "grw_marketobs"; started = time(); try include("experiments/scotland/06_qs_joint_and_market_observation/r05_grid.jl"); println("PHASE3_INCLUDE_RETURNED_grw_marketobs wall_s=", time()-started); write("/root/BF_runs/logs/qs_experiment_w2/phase3_grid_v2_grw_marketobs.status", "PASS") catch err; showerror(stderr, err, catch_backtrace()); println(stderr); println("PHASE3_FAIL_grw_marketobs wall_s=", time()-started); write("/root/BF_runs/logs/qs_ex






julia>
ENV["QSX2_ONLY"] = "grw_marketobs"; started = time(); try include("experiments/scotland/06_qs_joint_and_market_observation/r05_grid.jl"); println("PHASE3_INCLUDE_RETURNED_grw_marketobs wall_s=", time()-started); write("/root/BF_runs/logs/qs_experiment_w2/phase3_grid_v2_grw_marketobs.status", "PASS") catch err; showerror(stderr, err, catch_backtrace()); println(stderr); println("PHASE3_FAIL_grw_marketobs wall_s=", time()-started); write("/root/BF_runs/logs/qs_exp






julia>
ENV["QSX2_ONLY"] = "grw_marketobs"; started = time(); try include("experiments/scotland/06_qs_joint_and_market_observation/r05_grid.jl"); println("PHASE3_INCLUDE_RETURNED_grw_marketobs wall_s=", time()-started); write("/root/BF_runs/logs/qs_experiment_w2/phase3_grid_v2_grw_marketobs.status", "PASS") catch err; showerror(stderr, err, catch_backtrace()); println(stderr); println("PHASE3_FAIL_grw_marketobs wall_s=", time()-started); write("/root/BF_runs/logs/qs_expe






julia>
ENV["QSX2_ONLY"] = "grw_marketobs"; started = time(); try include("experiments/scotland/06_qs_joint_and_market_observation/r05_grid.jl"); println("PHASE3_INCLUDE_RETURNED_grw_marketobs wall_s=", time()-started); write("/root/BF_runs/logs/qs_experiment_w2/phase3_grid_v2_grw_marketobs.status", "PASS") catch err; showerror(stderr, err, catch_backtrace()); println(stderr); println("PHASE3_FAIL_grw_marketobs wall_s=", time()-started); write("/root/BF_runs/logs/qs_exper






julia>
ENV["QSX2_ONLY"] = "grw_marketobs"; started = time(); try include("experiments/scotland/06_qs_joint_and_market_observation/r05_grid.jl"); println("PHASE3_INCLUDE_RETURNED_grw_marketobs wall_s=", time()-started); write("/root/BF_runs/logs/qs_experiment_w2/phase3_grid_v2_grw_marketobs.status", "PASS") catch err; showerror(stderr, err, catch_backtrace()); println(stderr); println("PHASE3_FAIL_grw_marketobs wall_s=", time()-started); write("/root/BF_runs/logs/qs_experi






julia>
ENV["QSX2_ONLY"] = "grw_marketobs"; started = time(); try include("experiments/scotland/06_qs_joint_and_market_observation/r05_grid.jl"); println("PHASE3_INCLUDE_RETURNED_grw_marketobs wall_s=", time()-started); write("/root/BF_runs/logs/qs_experiment_w2/phase3_grid_v2_grw_marketobs.status", "PASS") catch err; showerror(stderr, err, catch_backtrace()); println(stderr); println("PHASE3_FAIL_grw_marketobs wall_s=", time()-started); write("/root/BF_runs/logs/qs_experim






julia>
ENV["QSX2_ONLY"] = "grw_marketobs"; started = time(); try include("experiments/scotland/06_qs_joint_and_market_observation/r05_grid.jl"); println("PHASE3_INCLUDE_RETURNED_grw_marketobs wall_s=", time()-started); write("/root/BF_runs/logs/qs_experiment_w2/phase3_grid_v2_grw_marketobs.status", "PASS") catch err; showerror(stderr, err, catch_backtrace()); println(stderr); println("PHASE3_FAIL_grw_marketobs wall_s=", time()-started); write("/root/BF_runs/logs/qs_experime






julia>
ENV["QSX2_ONLY"] = "grw_marketobs"; started = time(); try include("experiments/scotland/06_qs_joint_and_market_observation/r05_grid.jl"); println("PHASE3_INCLUDE_RETURNED_grw_marketobs wall_s=", time()-started); write("/root/BF_runs/logs/qs_experiment_w2/phase3_grid_v2_grw_marketobs.status", "PASS") catch err; showerror(stderr, err, catch_backtrace()); println(stderr); println("PHASE3_FAIL_grw_marketobs wall_s=", time()-started); write("/root/BF_runs/logs/qs_experimen






julia>
ENV["QSX2_ONLY"] = "grw_marketobs"; started = time(); try include("experiments/scotland/06_qs_joint_and_market_observation/r05_grid.jl"); println("PHASE3_INCLUDE_RETURNED_grw_marketobs wall_s=", time()-started); write("/root/BF_runs/logs/qs_experiment_w2/phase3_grid_v2_grw_marketobs.status", "PASS") catch err; showerror(stderr, err, catch_backtrace()); println(stderr); println("PHASE3_FAIL_grw_marketobs wall_s=", time()-started); write("/root/BF_runs/logs/qs_experiment









julia>
ENV["QSX2_ONLY"] = "grw_marketobs"; started = time(); try include("experiments/scotland/06_qs_joint_and_market_observation/r05_grid.jl"); println("PHASE3_INCLUDE_RETURNED_grw_marketobs wall_s=", time()-started); write("/root/BF_runs/logs/qs_experiment_w2/phase3_grid_v2_grw_marketobs.status", "PASS") catch err; showerror(stderr, err, catch_backtrace()); println(stderr); println("PHASE3_FAIL_grw_marketobs wall_s=", time()-started); write("/root/BF_runs/logs/qs_experiment_







julia>
ENV["QSX2_ONLY"] = "grw_marketobs"; started = time(); try include("experiments/scotland/06_qs_joint_and_market_observation/r05_grid.jl"); println("PHASE3_INCLUDE_RETURNED_grw_marketobs wall_s=", time()-started); write("/root/BF_runs/logs/qs_experiment_w2/phase3_grid_v2_grw_marketobs.status", "PASS") catch err; showerror(stderr, err, catch_backtrace()); println(stderr); println("PHASE3_FAIL_grw_marketobs wall_s=", time()-started); write("/root/BF_runs/logs/qs_experiment_w







julia>
ENV["QSX2_ONLY"] = "grw_marketobs"; started = time(); try include("experiments/scotland/06_qs_joint_and_market_observation/r05_grid.jl"); println("PHASE3_INCLUDE_RETURNED_grw_marketobs wall_s=", time()-started); write("/root/BF_runs/logs/qs_experiment_w2/phase3_grid_v2_grw_marketobs.status", "PASS") catch err; showerror(stderr, err, catch_backtrace()); println(stderr); println("PHASE3_FAIL_grw_marketobs wall_s=", time()-started); write("/root/BF_runs/logs/qs_experiment_w2







julia>
ENV["QSX2_ONLY"] = "grw_marketobs"; started = time(); try include("experiments/scotland/06_qs_joint_and_market_observation/r05_grid.jl"); println("PHASE3_INCLUDE_RETURNED_grw_marketobs wall_s=", time()-started); write("/root/BF_runs/logs/qs_experiment_w2/phase3_grid_v2_grw_marketobs.status", "PASS") catch err; showerror(stderr, err, catch_backtrace()); println(stderr); println("PHASE3_FAIL_grw_marketobs wall_s=", time()-started); write("/root/BF_runs/logs/qs_experiment_w2/







julia>
ENV["QSX2_ONLY"] = "grw_marketobs"; started = time(); try include("experiments/scotland/06_qs_joint_and_market_observation/r05_grid.jl"); println("PHASE3_INCLUDE_RETURNED_grw_marketobs wall_s=", time()-started); write("/root/BF_runs/logs/qs_experiment_w2/phase3_grid_v2_grw_marketobs.status", "PASS") catch err; showerror(stderr, err, catch_backtrace()); println(stderr); println("PHASE3_FAIL_grw_marketobs wall_s=", time()-started); write("/root/BF_runs/logs/qs_experiment_w2/p







julia>
ENV["QSX2_ONLY"] = "grw_marketobs"; started = time(); try include("experiments/scotland/06_qs_joint_and_market_observation/r05_grid.jl"); println("PHASE3_INCLUDE_RETURNED_grw_marketobs wall_s=", time()-started); write("/root/BF_runs/logs/qs_experiment_w2/phase3_grid_v2_grw_marketobs.status", "PASS") catch err; showerror(stderr, err, catch_backtrace()); println(stderr); println("PHASE3_FAIL_grw_marketobs wall_s=", time()-started); write("/root/BF_runs/logs/qs_experiment_w2/ph







julia>
ENV["QSX2_ONLY"] = "grw_marketobs"; started = time(); try include("experiments/scotland/06_qs_joint_and_market_observation/r05_grid.jl"); println("PHASE3_INCLUDE_RETURNED_grw_marketobs wall_s=", time()-started); write("/root/BF_runs/logs/qs_experiment_w2/phase3_grid_v2_grw_marketobs.status", "PASS") catch err; showerror(stderr, err, catch_backtrace()); println(stderr); println("PHASE3_FAIL_grw_marketobs wall_s=", time()-started); write("/root/BF_runs/logs/qs_experiment_w2/pha







julia>
ENV["QSX2_ONLY"] = "grw_marketobs"; started = time(); try include("experiments/scotland/06_qs_joint_and_market_observation/r05_grid.jl"); println("PHASE3_INCLUDE_RETURNED_grw_marketobs wall_s=", time()-started); write("/root/BF_runs/logs/qs_experiment_w2/phase3_grid_v2_grw_marketobs.status", "PASS") catch err; showerror(stderr, err, catch_backtrace()); println(stderr); println("PHASE3_FAIL_grw_marketobs wall_s=", time()-started); write("/root/BF_runs/logs/qs_experiment_w2/phas







julia>
ENV["QSX2_ONLY"] = "grw_marketobs"; started = time(); try include("experiments/scotland/06_qs_joint_and_market_observation/r05_grid.jl"); println("PHASE3_INCLUDE_RETURNED_grw_marketobs wall_s=", time()-started); write("/root/BF_runs/logs/qs_experiment_w2/phase3_grid_v2_grw_marketobs.status", "PASS") catch err; showerror(stderr, err, catch_backtrace()); println(stderr); println("PHASE3_FAIL_grw_marketobs wall_s=", time()-started); write("/root/BF_runs/logs/qs_experiment_w2/phase







julia>
ENV["QSX2_ONLY"] = "grw_marketobs"; started = time(); try include("experiments/scotland/06_qs_joint_and_market_observation/r05_grid.jl"); println("PHASE3_INCLUDE_RETURNED_grw_marketobs wall_s=", time()-started); write("/root/BF_runs/logs/qs_experiment_w2/phase3_grid_v2_grw_marketobs.status", "PASS") catch err; showerror(stderr, err, catch_backtrace()); println(stderr); println("PHASE3_FAIL_grw_marketobs wall_s=", time()-started); write("/root/BF_runs/logs/qs_experiment_w2/phase3







julia>
ENV["QSX2_ONLY"] = "grw_marketobs"; started = time(); try include("experiments/scotland/06_qs_joint_and_market_observation/r05_grid.jl"); println("PHASE3_INCLUDE_RETURNED_grw_marketobs wall_s=", time()-started); write("/root/BF_runs/logs/qs_experiment_w2/phase3_grid_v2_grw_marketobs.status", "PASS") catch err; showerror(stderr, err, catch_backtrace()); println(stderr); println("PHASE3_FAIL_grw_marketobs wall_s=", time()-started); write("/root/BF_runs/logs/qs_experiment_w2/phase3_







julia>
ENV["QSX2_ONLY"] = "grw_marketobs"; started = time(); try include("experiments/scotland/06_qs_joint_and_market_observation/r05_grid.jl"); println("PHASE3_INCLUDE_RETURNED_grw_marketobs wall_s=", time()-started); write("/root/BF_runs/logs/qs_experiment_w2/phase3_grid_v2_grw_marketobs.status", "PASS") catch err; showerror(stderr, err, catch_backtrace()); println(stderr); println("PHASE3_FAIL_grw_marketobs wall_s=", time()-started); write("/root/BF_runs/logs/qs_experiment_w2/phase3_g







julia>
ENV["QSX2_ONLY"] = "grw_marketobs"; started = time(); try include("experiments/scotland/06_qs_joint_and_market_observation/r05_grid.jl"); println("PHASE3_INCLUDE_RETURNED_grw_marketobs wall_s=", time()-started); write("/root/BF_runs/logs/qs_experiment_w2/phase3_grid_v2_grw_marketobs.status", "PASS") catch err; showerror(stderr, err, catch_backtrace()); println(stderr); println("PHASE3_FAIL_grw_marketobs wall_s=", time()-started); write("/root/BF_runs/logs/qs_experiment_w2/phase3_gr







julia>
ENV["QSX2_ONLY"] = "grw_marketobs"; started = time(); try include("experiments/scotland/06_qs_joint_and_market_observation/r05_grid.jl"); println("PHASE3_INCLUDE_RETURNED_grw_marketobs wall_s=", time()-started); write("/root/BF_runs/logs/qs_experiment_w2/phase3_grid_v2_grw_marketobs.status", "PASS") catch err; showerror(stderr, err, catch_backtrace()); println(stderr); println("PHASE3_FAIL_grw_marketobs wall_s=", time()-started); write("/root/BF_runs/logs/qs_experiment_w2/phase3_gri







julia>
ENV["QSX2_ONLY"] = "grw_marketobs"; started = time(); try include("experiments/scotland/06_qs_joint_and_market_observation/r05_grid.jl"); println("PHASE3_INCLUDE_RETURNED_grw_marketobs wall_s=", time()-started); write("/root/BF_runs/logs/qs_experiment_w2/phase3_grid_v2_grw_marketobs.status", "PASS") catch err; showerror(stderr, err, catch_backtrace()); println(stderr); println("PHASE3_FAIL_grw_marketobs wall_s=", time()-started); write("/root/BF_runs/logs/qs_experiment_w2/phase3_grid







julia>
ENV["QSX2_ONLY"] = "grw_marketobs"; started = time(); try include("experiments/scotland/06_qs_joint_and_market_observation/r05_grid.jl"); println("PHASE3_INCLUDE_RETURNED_grw_marketobs wall_s=", time()-started); write("/root/BF_runs/logs/qs_experiment_w2/phase3_grid_v2_grw_marketobs.status", "PASS") catch err; showerror(stderr, err, catch_backtrace()); println(stderr); println("PHASE3_FAIL_grw_marketobs wall_s=", time()-started); write("/root/BF_runs/logs/qs_experiment_w2/phase3_grid_







julia>
ENV["QSX2_ONLY"] = "grw_marketobs"; started = time(); try include("experiments/scotland/06_qs_joint_and_market_observation/r05_grid.jl"); println("PHASE3_INCLUDE_RETURNED_grw_marketobs wall_s=", time()-started); write("/root/BF_runs/logs/qs_experiment_w2/phase3_grid_v2_grw_marketobs.status", "PASS") catch err; showerror(stderr, err, catch_backtrace()); println(stderr); println("PHASE3_FAIL_grw_marketobs wall_s=", time()-started); write("/root/BF_runs/logs/qs_experiment_w2/phase3_grid_v







julia>
ENV["QSX2_ONLY"] = "grw_marketobs"; started = time(); try include("experiments/scotland/06_qs_joint_and_market_observation/r05_grid.jl"); println("PHASE3_INCLUDE_RETURNED_grw_marketobs wall_s=", time()-started); write("/root/BF_runs/logs/qs_experiment_w2/phase3_grid_v2_grw_marketobs.status", "PASS") catch err; showerror(stderr, err, catch_backtrace()); println(stderr); println("PHASE3_FAIL_grw_marketobs wall_s=", time()-started); write("/root/BF_runs/logs/qs_experiment_w2/phase3_grid_v2







julia>
ENV["QSX2_ONLY"] = "grw_marketobs"; started = time(); try include("experiments/scotland/06_qs_joint_and_market_observation/r05_grid.jl"); println("PHASE3_INCLUDE_RETURNED_grw_marketobs wall_s=", time()-started); write("/root/BF_runs/logs/qs_experiment_w2/phase3_grid_v2_grw_marketobs.status", "PASS") catch err; showerror(stderr, err, catch_backtrace()); println(stderr); println("PHASE3_FAIL_grw_marketobs wall_s=", time()-started); write("/root/BF_runs/logs/qs_experiment_w2/phase3_grid_v2_







julia>
ENV["QSX2_ONLY"] = "grw_marketobs"; started = time(); try include("experiments/scotland/06_qs_joint_and_market_observation/r05_grid.jl"); println("PHASE3_INCLUDE_RETURNED_grw_marketobs wall_s=", time()-started); write("/root/BF_runs/logs/qs_experiment_w2/phase3_grid_v2_grw_marketobs.status", "PASS") catch err; showerror(stderr, err, catch_backtrace()); println(stderr); println("PHASE3_FAIL_grw_marketobs wall_s=", time()-started); write("/root/BF_runs/logs/qs_experiment_w2/phase3_grid_v2_g







julia>
ENV["QSX2_ONLY"] = "grw_marketobs"; started = time(); try include("experiments/scotland/06_qs_joint_and_market_observation/r05_grid.jl"); println("PHASE3_INCLUDE_RETURNED_grw_marketobs wall_s=", time()-started); write("/root/BF_runs/logs/qs_experiment_w2/phase3_grid_v2_grw_marketobs.status", "PASS") catch err; showerror(stderr, err, catch_backtrace()); println(stderr); println("PHASE3_FAIL_grw_marketobs wall_s=", time()-started); write("/root/BF_runs/logs/qs_experiment_w2/phase3_grid_v2_gr







julia>
ENV["QSX2_ONLY"] = "grw_marketobs"; started = time(); try include("experiments/scotland/06_qs_joint_and_market_observation/r05_grid.jl"); println("PHASE3_INCLUDE_RETURNED_grw_marketobs wall_s=", time()-started); write("/root/BF_runs/logs/qs_experiment_w2/phase3_grid_v2_grw_marketobs.status", "PASS") catch err; showerror(stderr, err, catch_backtrace()); println(stderr); println("PHASE3_FAIL_grw_marketobs wall_s=", time()-started); write("/root/BF_runs/logs/qs_experiment_w2/phase3_grid_v2_grw







julia>
ENV["QSX2_ONLY"] = "grw_marketobs"; started = time(); try include("experiments/scotland/06_qs_joint_and_market_observation/r05_grid.jl"); println("PHASE3_INCLUDE_RETURNED_grw_marketobs wall_s=", time()-started); write("/root/BF_runs/logs/qs_experiment_w2/phase3_grid_v2_grw_marketobs.status", "PASS") catch err; showerror(stderr, err, catch_backtrace()); println(stderr); println("PHASE3_FAIL_grw_marketobs wall_s=", time()-started); write("/root/BF_runs/logs/qs_experiment_w2/phase3_grid_v2_grw_







julia>
ENV["QSX2_ONLY"] = "grw_marketobs"; started = time(); try include("experiments/scotland/06_qs_joint_and_market_observation/r05_grid.jl"); println("PHASE3_INCLUDE_RETURNED_grw_marketobs wall_s=", time()-started); write("/root/BF_runs/logs/qs_experiment_w2/phase3_grid_v2_grw_marketobs.status", "PASS") catch err; showerror(stderr, err, catch_backtrace()); println(stderr); println("PHASE3_FAIL_grw_marketobs wall_s=", time()-started); write("/root/BF_runs/logs/qs_experiment_w2/phase3_grid_v2_grw_m







julia>
ENV["QSX2_ONLY"] = "grw_marketobs"; started = time(); try include("experiments/scotland/06_qs_joint_and_market_observation/r05_grid.jl"); println("PHASE3_INCLUDE_RETURNED_grw_marketobs wall_s=", time()-started); write("/root/BF_runs/logs/qs_experiment_w2/phase3_grid_v2_grw_marketobs.status", "PASS") catch err; showerror(stderr, err, catch_backtrace()); println(stderr); println("PHASE3_FAIL_grw_marketobs wall_s=", time()-started); write("/root/BF_runs/logs/qs_experiment_w2/phase3_grid_v2_grw_ma







julia>
ENV["QSX2_ONLY"] = "grw_marketobs"; started = time(); try include("experiments/scotland/06_qs_joint_and_market_observation/r05_grid.jl"); println("PHASE3_INCLUDE_RETURNED_grw_marketobs wall_s=", time()-started); write("/root/BF_runs/logs/qs_experiment_w2/phase3_grid_v2_grw_marketobs.status", "PASS") catch err; showerror(stderr, err, catch_backtrace()); println(stderr); println("PHASE3_FAIL_grw_marketobs wall_s=", time()-started); write("/root/BF_runs/logs/qs_experiment_w2/phase3_grid_v2_grw_mar







julia>
ENV["QSX2_ONLY"] = "grw_marketobs"; started = time(); try include("experiments/scotland/06_qs_joint_and_market_observation/r05_grid.jl"); println("PHASE3_INCLUDE_RETURNED_grw_marketobs wall_s=", time()-started); write("/root/BF_runs/logs/qs_experiment_w2/phase3_grid_v2_grw_marketobs.status", "PASS") catch err; showerror(stderr, err, catch_backtrace()); println(stderr); println("PHASE3_FAIL_grw_marketobs wall_s=", time()-started); write("/root/BF_runs/logs/qs_experiment_w2/phase3_grid_v2_grw_mark







julia>
ENV["QSX2_ONLY"] = "grw_marketobs"; started = time(); try include("experiments/scotland/06_qs_joint_and_market_observation/r05_grid.jl"); println("PHASE3_INCLUDE_RETURNED_grw_marketobs wall_s=", time()-started); write("/root/BF_runs/logs/qs_experiment_w2/phase3_grid_v2_grw_marketobs.status", "PASS") catch err; showerror(stderr, err, catch_backtrace()); println(stderr); println("PHASE3_FAIL_grw_marketobs wall_s=", time()-started); write("/root/BF_runs/logs/qs_experiment_w2/phase3_grid_v2_grw_marke







julia>
ENV["QSX2_ONLY"] = "grw_marketobs"; started = time(); try include("experiments/scotland/06_qs_joint_and_market_observation/r05_grid.jl"); println("PHASE3_INCLUDE_RETURNED_grw_marketobs wall_s=", time()-started); write("/root/BF_runs/logs/qs_experiment_w2/phase3_grid_v2_grw_marketobs.status", "PASS") catch err; showerror(stderr, err, catch_backtrace()); println(stderr); println("PHASE3_FAIL_grw_marketobs wall_s=", time()-started); write("/root/BF_runs/logs/qs_experiment_w2/phase3_grid_v2_grw_market







julia>
ENV["QSX2_ONLY"] = "grw_marketobs"; started = time(); try include("experiments/scotland/06_qs_joint_and_market_observation/r05_grid.jl"); println("PHASE3_INCLUDE_RETURNED_grw_marketobs wall_s=", time()-started); write("/root/BF_runs/logs/qs_experiment_w2/phase3_grid_v2_grw_marketobs.status", "PASS") catch err; showerror(stderr, err, catch_backtrace()); println(stderr); println("PHASE3_FAIL_grw_marketobs wall_s=", time()-started); write("/root/BF_runs/logs/qs_experiment_w2/phase3_grid_v2_grw_marketo







julia>
ENV["QSX2_ONLY"] = "grw_marketobs"; started = time(); try include("experiments/scotland/06_qs_joint_and_market_observation/r05_grid.jl"); println("PHASE3_INCLUDE_RETURNED_grw_marketobs wall_s=", time()-started); write("/root/BF_runs/logs/qs_experiment_w2/phase3_grid_v2_grw_marketobs.status", "PASS") catch err; showerror(stderr, err, catch_backtrace()); println(stderr); println("PHASE3_FAIL_grw_marketobs wall_s=", time()-started); write("/root/BF_runs/logs/qs_experiment_w2/phase3_grid_v2_grw_marketob







julia>
ENV["QSX2_ONLY"] = "grw_marketobs"; started = time(); try include("experiments/scotland/06_qs_joint_and_market_observation/r05_grid.jl"); println("PHASE3_INCLUDE_RETURNED_grw_marketobs wall_s=", time()-started); write("/root/BF_runs/logs/qs_experiment_w2/phase3_grid_v2_grw_marketobs.status", "PASS") catch err; showerror(stderr, err, catch_backtrace()); println(stderr); println("PHASE3_FAIL_grw_marketobs wall_s=", time()-started); write("/root/BF_runs/logs/qs_experiment_w2/phase3_grid_v2_grw_marketobs







julia>
ENV["QSX2_ONLY"] = "grw_marketobs"; started = time(); try include("experiments/scotland/06_qs_joint_and_market_observation/r05_grid.jl"); println("PHASE3_INCLUDE_RETURNED_grw_marketobs wall_s=", time()-started); write("/root/BF_runs/logs/qs_experiment_w2/phase3_grid_v2_grw_marketobs.status", "PASS") catch err; showerror(stderr, err, catch_backtrace()); println(stderr); println("PHASE3_FAIL_grw_marketobs wall_s=", time()-started); write("/root/BF_runs/logs/qs_experiment_w2/phase3_grid_v2_grw_marketobs.







julia>
ENV["QSX2_ONLY"] = "grw_marketobs"; started = time(); try include("experiments/scotland/06_qs_joint_and_market_observation/r05_grid.jl"); println("PHASE3_INCLUDE_RETURNED_grw_marketobs wall_s=", time()-started); write("/root/BF_runs/logs/qs_experiment_w2/phase3_grid_v2_grw_marketobs.status", "PASS") catch err; showerror(stderr, err, catch_backtrace()); println(stderr); println("PHASE3_FAIL_grw_marketobs wall_s=", time()-started); write("/root/BF_runs/logs/qs_experiment_w2/phase3_grid_v2_grw_marketobs.s







julia>
ENV["QSX2_ONLY"] = "grw_marketobs"; started = time(); try include("experiments/scotland/06_qs_joint_and_market_observation/r05_grid.jl"); println("PHASE3_INCLUDE_RETURNED_grw_marketobs wall_s=", time()-started); write("/root/BF_runs/logs/qs_experiment_w2/phase3_grid_v2_grw_marketobs.status", "PASS") catch err; showerror(stderr, err, catch_backtrace()); println(stderr); println("PHASE3_FAIL_grw_marketobs wall_s=", time()-started); write("/root/BF_runs/logs/qs_experiment_w2/phase3_grid_v2_grw_marketobs.st







julia>
ENV["QSX2_ONLY"] = "grw_marketobs"; started = time(); try include("experiments/scotland/06_qs_joint_and_market_observation/r05_grid.jl"); println("PHASE3_INCLUDE_RETURNED_grw_marketobs wall_s=", time()-started); write("/root/BF_runs/logs/qs_experiment_w2/phase3_grid_v2_grw_marketobs.status", "PASS") catch err; showerror(stderr, err, catch_backtrace()); println(stderr); println("PHASE3_FAIL_grw_marketobs wall_s=", time()-started); write("/root/BF_runs/logs/qs_experiment_w2/phase3_grid_v2_grw_marketobs.sta







julia>
ENV["QSX2_ONLY"] = "grw_marketobs"; started = time(); try include("experiments/scotland/06_qs_joint_and_market_observation/r05_grid.jl"); println("PHASE3_INCLUDE_RETURNED_grw_marketobs wall_s=", time()-started); write("/root/BF_runs/logs/qs_experiment_w2/phase3_grid_v2_grw_marketobs.status", "PASS") catch err; showerror(stderr, err, catch_backtrace()); println(stderr); println("PHASE3_FAIL_grw_marketobs wall_s=", time()-started); write("/root/BF_runs/logs/qs_experiment_w2/phase3_grid_v2_grw_marketobs.stat







julia>
ENV["QSX2_ONLY"] = "grw_marketobs"; started = time(); try include("experiments/scotland/06_qs_joint_and_market_observation/r05_grid.jl"); println("PHASE3_INCLUDE_RETURNED_grw_marketobs wall_s=", time()-started); write("/root/BF_runs/logs/qs_experiment_w2/phase3_grid_v2_grw_marketobs.status", "PASS") catch err; showerror(stderr, err, catch_backtrace()); println(stderr); println("PHASE3_FAIL_grw_marketobs wall_s=", time()-started); write("/root/BF_runs/logs/qs_experiment_w2/phase3_grid_v2_grw_marketobs.statu







julia>
ENV["QSX2_ONLY"] = "grw_marketobs"; started = time(); try include("experiments/scotland/06_qs_joint_and_market_observation/r05_grid.jl"); println("PHASE3_INCLUDE_RETURNED_grw_marketobs wall_s=", time()-started); write("/root/BF_runs/logs/qs_experiment_w2/phase3_grid_v2_grw_marketobs.status", "PASS") catch err; showerror(stderr, err, catch_backtrace()); println(stderr); println("PHASE3_FAIL_grw_marketobs wall_s=", time()-started); write("/root/BF_runs/logs/qs_experiment_w2/phase3_grid_v2_grw_marketobs.status







julia>
ENV["QSX2_ONLY"] = "grw_marketobs"; started = time(); try include("experiments/scotland/06_qs_joint_and_market_observation/r05_grid.jl"); println("PHASE3_INCLUDE_RETURNED_grw_marketobs wall_s=", time()-started); write("/root/BF_runs/logs/qs_experiment_w2/phase3_grid_v2_grw_marketobs.status", "PASS") catch err; showerror(stderr, err, catch_backtrace()); println(stderr); println("PHASE3_FAIL_grw_marketobs wall_s=", time()-started); write("/root/BF_runs/logs/qs_experiment_w2/phase3_grid_v2_grw_marketobs.status"







julia>
ENV["QSX2_ONLY"] = "grw_marketobs"; started = time(); try include("experiments/scotland/06_qs_joint_and_market_observation/r05_grid.jl"); println("PHASE3_INCLUDE_RETURNED_grw_marketobs wall_s=", time()-started); write("/root/BF_runs/logs/qs_experiment_w2/phase3_grid_v2_grw_marketobs.status", "PASS") catch err; showerror(stderr, err, catch_backtrace()); println(stderr); println("PHASE3_FAIL_grw_marketobs wall_s=", time()-started); write("/root/BF_runs/logs/qs_experiment_w2/phase3_grid_v2_grw_marketobs.status",







julia>
ENV["QSX2_ONLY"] = "grw_marketobs"; started = time(); try include("experiments/scotland/06_qs_joint_and_market_observation/r05_grid.jl"); println("PHASE3_INCLUDE_RETURNED_grw_marketobs wall_s=", time()-started); write("/root/BF_runs/logs/qs_experiment_w2/phase3_grid_v2_grw_marketobs.status", "PASS") catch err; showerror(stderr, err, catch_backtrace()); println(stderr); println("PHASE3_FAIL_grw_marketobs wall_s=", time()-started); write("/root/BF_runs/logs/qs_experiment_w2/phase3_grid_v2_grw_marketobs.status",







julia>
ENV["QSX2_ONLY"] = "grw_marketobs"; started = time(); try include("experiments/scotland/06_qs_joint_and_market_observation/r05_grid.jl"); println("PHASE3_INCLUDE_RETURNED_grw_marketobs wall_s=", time()-started); write("/root/BF_runs/logs/qs_experiment_w2/phase3_grid_v2_grw_marketobs.status", "PASS") catch err; showerror(stderr, err, catch_backtrace()); println(stderr); println("PHASE3_FAIL_grw_marketobs wall_s=", time()-started); write("/root/BF_runs/logs/qs_experiment_w2/phase3_grid_v2_grw_marketobs.status", "







julia>
ENV["QSX2_ONLY"] = "grw_marketobs"; started = time(); try include("experiments/scotland/06_qs_joint_and_market_observation/r05_grid.jl"); println("PHASE3_INCLUDE_RETURNED_grw_marketobs wall_s=", time()-started); write("/root/BF_runs/logs/qs_experiment_w2/phase3_grid_v2_grw_marketobs.status", "PASS") catch err; showerror(stderr, err, catch_backtrace()); println(stderr); println("PHASE3_FAIL_grw_marketobs wall_s=", time()-started); write("/root/BF_runs/logs/qs_experiment_w2/phase3_grid_v2_grw_marketobs.status", "F







julia>
ENV["QSX2_ONLY"] = "grw_marketobs"; started = time(); try include("experiments/scotland/06_qs_joint_and_market_observation/r05_grid.jl"); println("PHASE3_INCLUDE_RETURNED_grw_marketobs wall_s=", time()-started); write("/root/BF_runs/logs/qs_experiment_w2/phase3_grid_v2_grw_marketobs.status", "PASS") catch err; showerror(stderr, err, catch_backtrace()); println(stderr); println("PHASE3_FAIL_grw_marketobs wall_s=", time()-started); write("/root/BF_runs/logs/qs_experiment_w2/phase3_grid_v2_grw_marketobs.status", "FA







julia>
ENV["QSX2_ONLY"] = "grw_marketobs"; started = time(); try include("experiments/scotland/06_qs_joint_and_market_observation/r05_grid.jl"); println("PHASE3_INCLUDE_RETURNED_grw_marketobs wall_s=", time()-started); write("/root/BF_runs/logs/qs_experiment_w2/phase3_grid_v2_grw_marketobs.status", "PASS") catch err; showerror(stderr, err, catch_backtrace()); println(stderr); println("PHASE3_FAIL_grw_marketobs wall_s=", time()-started); write("/root/BF_runs/logs/qs_experiment_w2/phase3_grid_v2_grw_marketobs.status", "FAI







julia>
ENV["QSX2_ONLY"] = "grw_marketobs"; started = time(); try include("experiments/scotland/06_qs_joint_and_market_observation/r05_grid.jl"); println("PHASE3_INCLUDE_RETURNED_grw_marketobs wall_s=", time()-started); write("/root/BF_runs/logs/qs_experiment_w2/phase3_grid_v2_grw_marketobs.status", "PASS") catch err; showerror(stderr, err, catch_backtrace()); println(stderr); println("PHASE3_FAIL_grw_marketobs wall_s=", time()-started); write("/root/BF_runs/logs/qs_experiment_w2/phase3_grid_v2_grw_marketobs.status", "FAIL







julia>
ENV["QSX2_ONLY"] = "grw_marketobs"; started = time(); try include("experiments/scotland/06_qs_joint_and_market_observation/r05_grid.jl"); println("PHASE3_INCLUDE_RETURNED_grw_marketobs wall_s=", time()-started); write("/root/BF_runs/logs/qs_experiment_w2/phase3_grid_v2_grw_marketobs.status", "PASS") catch err; showerror(stderr, err, catch_backtrace()); println(stderr); println("PHASE3_FAIL_grw_marketobs wall_s=", time()-started); write("/root/BF_runs/logs/qs_experiment_w2/phase3_grid_v2_grw_marketobs.status", "FAIL"







julia>
ENV["QSX2_ONLY"] = "grw_marketobs"; started = time(); try include("experiments/scotland/06_qs_joint_and_market_observation/r05_grid.jl"); println("PHASE3_INCLUDE_RETURNED_grw_marketobs wall_s=", time()-started); write("/root/BF_runs/logs/qs_experiment_w2/phase3_grid_v2_grw_marketobs.status", "PASS") catch err; showerror(stderr, err, catch_backtrace()); println(stderr); println("PHASE3_FAIL_grw_marketobs wall_s=", time()-started); write("/root/BF_runs/logs/qs_experiment_w2/phase3_grid_v2_grw_marketobs.status", "FAIL")







julia>
ENV["QSX2_ONLY"] = "grw_marketobs"; started = time(); try include("experiments/scotland/06_qs_joint_and_market_observation/r05_grid.jl"); println("PHASE3_INCLUDE_RETURNED_grw_marketobs wall_s=", time()-started); write("/root/BF_runs/logs/qs_experiment_w2/phase3_grid_v2_grw_marketobs.status", "PASS") catch err; showerror(stderr, err, catch_backtrace()); println(stderr); println("PHASE3_FAIL_grw_marketobs wall_s=", time()-started); write("/root/BF_runs/logs/qs_experiment_w2/phase3_grid_v2_grw_marketobs.status", "FAIL")







julia>
ENV["QSX2_ONLY"] = "grw_marketobs"; started = time(); try include("experiments/scotland/06_qs_joint_and_market_observation/r05_grid.jl"); println("PHASE3_INCLUDE_RETURNED_grw_marketobs wall_s=", time()-started); write("/root/BF_runs/logs/qs_experiment_w2/phase3_grid_v2_grw_marketobs.status", "PASS") catch err; showerror(stderr, err, catch_backtrace()); println(stderr); println("PHASE3_FAIL_grw_marketobs wall_s=", time()-started); write("/root/BF_runs/logs/qs_experiment_w2/phase3_grid_v2_grw_marketobs.status", "FAIL") e







julia>
ENV["QSX2_ONLY"] = "grw_marketobs"; started = time(); try include("experiments/scotland/06_qs_joint_and_market_observation/r05_grid.jl"); println("PHASE3_INCLUDE_RETURNED_grw_marketobs wall_s=", time()-started); write("/root/BF_runs/logs/qs_experiment_w2/phase3_grid_v2_grw_marketobs.status", "PASS") catch err; showerror(stderr, err, catch_backtrace()); println(stderr); println("PHASE3_FAIL_grw_marketobs wall_s=", time()-started); write("/root/BF_runs/logs/qs_experiment_w2/phase3_grid_v2_grw_marketobs.status", "FAIL") en







julia>
ENV["QSX2_ONLY"] = "grw_marketobs"; started = time(); try include("experiments/scotland/06_qs_joint_and_market_observation/r05_grid.jl"); println("PHASE3_INCLUDE_RETURNED_grw_marketobs wall_s=", time()-started); write("/root/BF_runs/logs/qs_experiment_w2/phase3_grid_v2_grw_marketobs.status", "PASS") catch err; showerror(stderr, err, catch_backtrace()); println(stderr); println("PHASE3_FAIL_grw_marketobs wall_s=", time()-started); write("/root/BF_runs/logs/qs_experiment_w2/phase3_grid_v2_grw_marketobs.status", "FAIL") end







julia>
ENV["QSX2_ONLY"] = "grw_marketobs"; started = time(); try include("experiments/scotland/06_qs_joint_and_market_observation/r05_grid.jl"); println("PHASE3_INCLUDE_RETURNED_grw_marketobs wall_s=", time()-started); write("/root/BF_runs/logs/qs_experiment_w2/phase3_grid_v2_grw_marketobs.status", "PASS") catch err; showerror(stderr, err, catch_backtrace()); println(stderr); println("PHASE3_FAIL_grw_marketobs wall_s=", time()-started); write("/root/BF_runs/logs/qs_experiment_w2/phase3_grid_v2_grw_marketobs.status", "FAIL") end;







julia>
ENV["QSX2_ONLY"] = "grw_marketobs"; started = time(); try include("experiments/scotland/06_qs_joint_and_market_observation/r05_grid.jl"); println("PHASE3_INCLUDE_RETURNED_grw_marketobs wall_s=", time()-started); write("/root/BF_runs/logs/qs_experiment_w2/phase3_grid_v2_grw_marketobs.status", "PASS") catch err; showerror(stderr, err, catch_backtrace()); println(stderr); println("PHASE3_FAIL_grw_marketobs wall_s=", time()-started); write("/root/BF_runs/logs/qs_experiment_w2/phase3_grid_v2_grw_marketobs.status", "FAIL") end;







julia>
ENV["QSX2_ONLY"] = "grw_marketobs"; started = time(); try include("experiments/scotland/06_qs_joint_and_market_observation/r05_grid.jl"); println("PHASE3_INCLUDE_RETURNED_grw_marketobs wall_s=", time()-started); write("/root/BF_runs/logs/qs_experiment_w2/phase3_grid_v2_grw_marketobs.status", "PASS") catch err; showerror(stderr, err, catch_backtrace()); println(stderr); println("PHASE3_FAIL_grw_marketobs wall_s=", time()-started); write("/root/BF_runs/logs/qs_experiment_w2/phase3_grid_v2_grw_marketobs.status", "FAIL") end; w







julia>
ENV["QSX2_ONLY"] = "grw_marketobs"; started = time(); try include("experiments/scotland/06_qs_joint_and_market_observation/r05_grid.jl"); println("PHASE3_INCLUDE_RETURNED_grw_marketobs wall_s=", time()-started); write("/root/BF_runs/logs/qs_experiment_w2/phase3_grid_v2_grw_marketobs.status", "PASS") catch err; showerror(stderr, err, catch_backtrace()); println(stderr); println("PHASE3_FAIL_grw_marketobs wall_s=", time()-started); write("/root/BF_runs/logs/qs_experiment_w2/phase3_grid_v2_grw_marketobs.status", "FAIL") end; wr







julia>
ENV["QSX2_ONLY"] = "grw_marketobs"; started = time(); try include("experiments/scotland/06_qs_joint_and_market_observation/r05_grid.jl"); println("PHASE3_INCLUDE_RETURNED_grw_marketobs wall_s=", time()-started); write("/root/BF_runs/logs/qs_experiment_w2/phase3_grid_v2_grw_marketobs.status", "PASS") catch err; showerror(stderr, err, catch_backtrace()); println(stderr); println("PHASE3_FAIL_grw_marketobs wall_s=", time()-started); write("/root/BF_runs/logs/qs_experiment_w2/phase3_grid_v2_grw_marketobs.status", "FAIL") end; wri







julia>
ENV["QSX2_ONLY"] = "grw_marketobs"; started = time(); try include("experiments/scotland/06_qs_joint_and_market_observation/r05_grid.jl"); println("PHASE3_INCLUDE_RETURNED_grw_marketobs wall_s=", time()-started); write("/root/BF_runs/logs/qs_experiment_w2/phase3_grid_v2_grw_marketobs.status", "PASS") catch err; showerror(stderr, err, catch_backtrace()); println(stderr); println("PHASE3_FAIL_grw_marketobs wall_s=", time()-started); write("/root/BF_runs/logs/qs_experiment_w2/phase3_grid_v2_grw_marketobs.status", "FAIL") end; writ







julia>
ENV["QSX2_ONLY"] = "grw_marketobs"; started = time(); try include("experiments/scotland/06_qs_joint_and_market_observation/r05_grid.jl"); println("PHASE3_INCLUDE_RETURNED_grw_marketobs wall_s=", time()-started); write("/root/BF_runs/logs/qs_experiment_w2/phase3_grid_v2_grw_marketobs.status", "PASS") catch err; showerror(stderr, err, catch_backtrace()); println(stderr); println("PHASE3_FAIL_grw_marketobs wall_s=", time()-started); write("/root/BF_runs/logs/qs_experiment_w2/phase3_grid_v2_grw_marketobs.status", "FAIL") end; write







julia>
ENV["QSX2_ONLY"] = "grw_marketobs"; started = time(); try include("experiments/scotland/06_qs_joint_and_market_observation/r05_grid.jl"); println("PHASE3_INCLUDE_RETURNED_grw_marketobs wall_s=", time()-started); write("/root/BF_runs/logs/qs_experiment_w2/phase3_grid_v2_grw_marketobs.status", "PASS") catch err; showerror(stderr, err, catch_backtrace()); println(stderr); println("PHASE3_FAIL_grw_marketobs wall_s=", time()-started); write("/root/BF_runs/logs/qs_experiment_w2/phase3_grid_v2_grw_marketobs.status", "FAIL") end; write(







julia>
ENV["QSX2_ONLY"] = "grw_marketobs"; started = time(); try include("experiments/scotland/06_qs_joint_and_market_observation/r05_grid.jl"); println("PHASE3_INCLUDE_RETURNED_grw_marketobs wall_s=", time()-started); write("/root/BF_runs/logs/qs_experiment_w2/phase3_grid_v2_grw_marketobs.status", "PASS") catch err; showerror(stderr, err, catch_backtrace()); println(stderr); println("PHASE3_FAIL_grw_marketobs wall_s=", time()-started); write("/root/BF_runs/logs/qs_experiment_w2/phase3_grid_v2_grw_marketobs.status", "FAIL") end; write("







julia>
ENV["QSX2_ONLY"] = "grw_marketobs"; started = time(); try include("experiments/scotland/06_qs_joint_and_market_observation/r05_grid.jl"); println("PHASE3_INCLUDE_RETURNED_grw_marketobs wall_s=", time()-started); write("/root/BF_runs/logs/qs_experiment_w2/phase3_grid_v2_grw_marketobs.status", "PASS") catch err; showerror(stderr, err, catch_backtrace()); println(stderr); println("PHASE3_FAIL_grw_marketobs wall_s=", time()-started); write("/root/BF_runs/logs/qs_experiment_w2/phase3_grid_v2_grw_marketobs.status", "FAIL") end; write("/







julia>
ENV["QSX2_ONLY"] = "grw_marketobs"; started = time(); try include("experiments/scotland/06_qs_joint_and_market_observation/r05_grid.jl"); println("PHASE3_INCLUDE_RETURNED_grw_marketobs wall_s=", time()-started); write("/root/BF_runs/logs/qs_experiment_w2/phase3_grid_v2_grw_marketobs.status", "PASS") catch err; showerror(stderr, err, catch_backtrace()); println(stderr); println("PHASE3_FAIL_grw_marketobs wall_s=", time()-started); write("/root/BF_runs/logs/qs_experiment_w2/phase3_grid_v2_grw_marketobs.status", "FAIL") end; write("/r







julia>
ENV["QSX2_ONLY"] = "grw_marketobs"; started = time(); try include("experiments/scotland/06_qs_joint_and_market_observation/r05_grid.jl"); println("PHASE3_INCLUDE_RETURNED_grw_marketobs wall_s=", time()-started); write("/root/BF_runs/logs/qs_experiment_w2/phase3_grid_v2_grw_marketobs.status", "PASS") catch err; showerror(stderr, err, catch_backtrace()); println(stderr); println("PHASE3_FAIL_grw_marketobs wall_s=", time()-started); write("/root/BF_runs/logs/qs_experiment_w2/phase3_grid_v2_grw_marketobs.status", "FAIL") end; write("/ro







julia>
ENV["QSX2_ONLY"] = "grw_marketobs"; started = time(); try include("experiments/scotland/06_qs_joint_and_market_observation/r05_grid.jl"); println("PHASE3_INCLUDE_RETURNED_grw_marketobs wall_s=", time()-started); write("/root/BF_runs/logs/qs_experiment_w2/phase3_grid_v2_grw_marketobs.status", "PASS") catch err; showerror(stderr, err, catch_backtrace()); println(stderr); println("PHASE3_FAIL_grw_marketobs wall_s=", time()-started); write("/root/BF_runs/logs/qs_experiment_w2/phase3_grid_v2_grw_marketobs.status", "FAIL") end; write("/roo







julia>
ENV["QSX2_ONLY"] = "grw_marketobs"; started = time(); try include("experiments/scotland/06_qs_joint_and_market_observation/r05_grid.jl"); println("PHASE3_INCLUDE_RETURNED_grw_marketobs wall_s=", time()-started); write("/root/BF_runs/logs/qs_experiment_w2/phase3_grid_v2_grw_marketobs.status", "PASS") catch err; showerror(stderr, err, catch_backtrace()); println(stderr); println("PHASE3_FAIL_grw_marketobs wall_s=", time()-started); write("/root/BF_runs/logs/qs_experiment_w2/phase3_grid_v2_grw_marketobs.status", "FAIL") end; write("/root







julia>
ENV["QSX2_ONLY"] = "grw_marketobs"; started = time(); try include("experiments/scotland/06_qs_joint_and_market_observation/r05_grid.jl"); println("PHASE3_INCLUDE_RETURNED_grw_marketobs wall_s=", time()-started); write("/root/BF_runs/logs/qs_experiment_w2/phase3_grid_v2_grw_marketobs.status", "PASS") catch err; showerror(stderr, err, catch_backtrace()); println(stderr); println("PHASE3_FAIL_grw_marketobs wall_s=", time()-started); write("/root/BF_runs/logs/qs_experiment_w2/phase3_grid_v2_grw_marketobs.status", "FAIL") end; write("/root/







julia>
ENV["QSX2_ONLY"] = "grw_marketobs"; started = time(); try include("experiments/scotland/06_qs_joint_and_market_observation/r05_grid.jl"); println("PHASE3_INCLUDE_RETURNED_grw_marketobs wall_s=", time()-started); write("/root/BF_runs/logs/qs_experiment_w2/phase3_grid_v2_grw_marketobs.status", "PASS") catch err; showerror(stderr, err, catch_backtrace()); println(stderr); println("PHASE3_FAIL_grw_marketobs wall_s=", time()-started); write("/root/BF_runs/logs/qs_experiment_w2/phase3_grid_v2_grw_marketobs.status", "FAIL") end; write("/root/B







julia>
ENV["QSX2_ONLY"] = "grw_marketobs"; started = time(); try include("experiments/scotland/06_qs_joint_and_market_observation/r05_grid.jl"); println("PHASE3_INCLUDE_RETURNED_grw_marketobs wall_s=", time()-started); write("/root/BF_runs/logs/qs_experiment_w2/phase3_grid_v2_grw_marketobs.status", "PASS") catch err; showerror(stderr, err, catch_backtrace()); println(stderr); println("PHASE3_FAIL_grw_marketobs wall_s=", time()-started); write("/root/BF_runs/logs/qs_experiment_w2/phase3_grid_v2_grw_marketobs.status", "FAIL") end; write("/root/BF







julia>
ENV["QSX2_ONLY"] = "grw_marketobs"; started = time(); try include("experiments/scotland/06_qs_joint_and_market_observation/r05_grid.jl"); println("PHASE3_INCLUDE_RETURNED_grw_marketobs wall_s=", time()-started); write("/root/BF_runs/logs/qs_experiment_w2/phase3_grid_v2_grw_marketobs.status", "PASS") catch err; showerror(stderr, err, catch_backtrace()); println(stderr); println("PHASE3_FAIL_grw_marketobs wall_s=", time()-started); write("/root/BF_runs/logs/qs_experiment_w2/phase3_grid_v2_grw_marketobs.status", "FAIL") end; write("/root/BF_







julia>
ENV["QSX2_ONLY"] = "grw_marketobs"; started = time(); try include("experiments/scotland/06_qs_joint_and_market_observation/r05_grid.jl"); println("PHASE3_INCLUDE_RETURNED_grw_marketobs wall_s=", time()-started); write("/root/BF_runs/logs/qs_experiment_w2/phase3_grid_v2_grw_marketobs.status", "PASS") catch err; showerror(stderr, err, catch_backtrace()); println(stderr); println("PHASE3_FAIL_grw_marketobs wall_s=", time()-started); write("/root/BF_runs/logs/qs_experiment_w2/phase3_grid_v2_grw_marketobs.status", "FAIL") end; write("/root/BF_r







julia>
ENV["QSX2_ONLY"] = "grw_marketobs"; started = time(); try include("experiments/scotland/06_qs_joint_and_market_observation/r05_grid.jl"); println("PHASE3_INCLUDE_RETURNED_grw_marketobs wall_s=", time()-started); write("/root/BF_runs/logs/qs_experiment_w2/phase3_grid_v2_grw_marketobs.status", "PASS") catch err; showerror(stderr, err, catch_backtrace()); println(stderr); println("PHASE3_FAIL_grw_marketobs wall_s=", time()-started); write("/root/BF_runs/logs/qs_experiment_w2/phase3_grid_v2_grw_marketobs.status", "FAIL") end; write("/root/BF_ru







julia>
ENV["QSX2_ONLY"] = "grw_marketobs"; started = time(); try include("experiments/scotland/06_qs_joint_and_market_observation/r05_grid.jl"); println("PHASE3_INCLUDE_RETURNED_grw_marketobs wall_s=", time()-started); write("/root/BF_runs/logs/qs_experiment_w2/phase3_grid_v2_grw_marketobs.status", "PASS") catch err; showerror(stderr, err, catch_backtrace()); println(stderr); println("PHASE3_FAIL_grw_marketobs wall_s=", time()-started); write("/root/BF_runs/logs/qs_experiment_w2/phase3_grid_v2_grw_marketobs.status", "FAIL") end; write("/root/BF_run







julia>
ENV["QSX2_ONLY"] = "grw_marketobs"; started = time(); try include("experiments/scotland/06_qs_joint_and_market_observation/r05_grid.jl"); println("PHASE3_INCLUDE_RETURNED_grw_marketobs wall_s=", time()-started); write("/root/BF_runs/logs/qs_experiment_w2/phase3_grid_v2_grw_marketobs.status", "PASS") catch err; showerror(stderr, err, catch_backtrace()); println(stderr); println("PHASE3_FAIL_grw_marketobs wall_s=", time()-started); write("/root/BF_runs/logs/qs_experiment_w2/phase3_grid_v2_grw_marketobs.status", "FAIL") end; write("/root/BF_runs







julia>
ENV["QSX2_ONLY"] = "grw_marketobs"; started = time(); try include("experiments/scotland/06_qs_joint_and_market_observation/r05_grid.jl"); println("PHASE3_INCLUDE_RETURNED_grw_marketobs wall_s=", time()-started); write("/root/BF_runs/logs/qs_experiment_w2/phase3_grid_v2_grw_marketobs.status", "PASS") catch err; showerror(stderr, err, catch_backtrace()); println(stderr); println("PHASE3_FAIL_grw_marketobs wall_s=", time()-started); write("/root/BF_runs/logs/qs_experiment_w2/phase3_grid_v2_grw_marketobs.status", "FAIL") end; write("/root/BF_runs/







julia>
ENV["QSX2_ONLY"] = "grw_marketobs"; started = time(); try include("experiments/scotland/06_qs_joint_and_market_observation/r05_grid.jl"); println("PHASE3_INCLUDE_RETURNED_grw_marketobs wall_s=", time()-started); write("/root/BF_runs/logs/qs_experiment_w2/phase3_grid_v2_grw_marketobs.status", "PASS") catch err; showerror(stderr, err, catch_backtrace()); println(stderr); println("PHASE3_FAIL_grw_marketobs wall_s=", time()-started); write("/root/BF_runs/logs/qs_experiment_w2/phase3_grid_v2_grw_marketobs.status", "FAIL") end; write("/root/BF_runs/l







julia>
ENV["QSX2_ONLY"] = "grw_marketobs"; started = time(); try include("experiments/scotland/06_qs_joint_and_market_observation/r05_grid.jl"); println("PHASE3_INCLUDE_RETURNED_grw_marketobs wall_s=", time()-started); write("/root/BF_runs/logs/qs_experiment_w2/phase3_grid_v2_grw_marketobs.status", "PASS") catch err; showerror(stderr, err, catch_backtrace()); println(stderr); println("PHASE3_FAIL_grw_marketobs wall_s=", time()-started); write("/root/BF_runs/logs/qs_experiment_w2/phase3_grid_v2_grw_marketobs.status", "FAIL") end; write("/root/BF_runs/lo







julia>
ENV["QSX2_ONLY"] = "grw_marketobs"; started = time(); try include("experiments/scotland/06_qs_joint_and_market_observation/r05_grid.jl"); println("PHASE3_INCLUDE_RETURNED_grw_marketobs wall_s=", time()-started); write("/root/BF_runs/logs/qs_experiment_w2/phase3_grid_v2_grw_marketobs.status", "PASS") catch err; showerror(stderr, err, catch_backtrace()); println(stderr); println("PHASE3_FAIL_grw_marketobs wall_s=", time()-started); write("/root/BF_runs/logs/qs_experiment_w2/phase3_grid_v2_grw_marketobs.status", "FAIL") end; write("/root/BF_runs/log







julia>
ENV["QSX2_ONLY"] = "grw_marketobs"; started = time(); try include("experiments/scotland/06_qs_joint_and_market_observation/r05_grid.jl"); println("PHASE3_INCLUDE_RETURNED_grw_marketobs wall_s=", time()-started); write("/root/BF_runs/logs/qs_experiment_w2/phase3_grid_v2_grw_marketobs.status", "PASS") catch err; showerror(stderr, err, catch_backtrace()); println(stderr); println("PHASE3_FAIL_grw_marketobs wall_s=", time()-started); write("/root/BF_runs/logs/qs_experiment_w2/phase3_grid_v2_grw_marketobs.status", "FAIL") end; write("/root/BF_runs/logs










julia>
ENV["QSX2_ONLY"] = "grw_marketobs"; started = time(); try include("experiments/scotland/06_qs_joint_and_market_observation/r05_grid.jl"); println("PHASE3_INCLUDE_RETURNED_grw_marketobs wall_s=", time()-started); write("/root/BF_runs/logs/qs_experiment_w2/phase3_grid_v2_grw_marketobs.status", "PASS") catch err; showerror(stderr, err, catch_backtrace()); println(stderr); println("PHASE3_FAIL_grw_marketobs wall_s=", time()-started); write("/root/BF_runs/logs/qs_experiment_w2/phase3_grid_v2_grw_marketobs.status", "FAIL") end; write("/root/BF_runs/logs/








julia>
ENV["QSX2_ONLY"] = "grw_marketobs"; started = time(); try include("experiments/scotland/06_qs_joint_and_market_observation/r05_grid.jl"); println("PHASE3_INCLUDE_RETURNED_grw_marketobs wall_s=", time()-started); write("/root/BF_runs/logs/qs_experiment_w2/phase3_grid_v2_grw_marketobs.status", "PASS") catch err; showerror(stderr, err, catch_backtrace()); println(stderr); println("PHASE3_FAIL_grw_marketobs wall_s=", time()-started); write("/root/BF_runs/logs/qs_experiment_w2/phase3_grid_v2_grw_marketobs.status", "FAIL") end; write("/root/BF_runs/logs/q








julia>
ENV["QSX2_ONLY"] = "grw_marketobs"; started = time(); try include("experiments/scotland/06_qs_joint_and_market_observation/r05_grid.jl"); println("PHASE3_INCLUDE_RETURNED_grw_marketobs wall_s=", time()-started); write("/root/BF_runs/logs/qs_experiment_w2/phase3_grid_v2_grw_marketobs.status", "PASS") catch err; showerror(stderr, err, catch_backtrace()); println(stderr); println("PHASE3_FAIL_grw_marketobs wall_s=", time()-started); write("/root/BF_runs/logs/qs_experiment_w2/phase3_grid_v2_grw_marketobs.status", "FAIL") end; write("/root/BF_runs/logs/qs








julia>
ENV["QSX2_ONLY"] = "grw_marketobs"; started = time(); try include("experiments/scotland/06_qs_joint_and_market_observation/r05_grid.jl"); println("PHASE3_INCLUDE_RETURNED_grw_marketobs wall_s=", time()-started); write("/root/BF_runs/logs/qs_experiment_w2/phase3_grid_v2_grw_marketobs.status", "PASS") catch err; showerror(stderr, err, catch_backtrace()); println(stderr); println("PHASE3_FAIL_grw_marketobs wall_s=", time()-started); write("/root/BF_runs/logs/qs_experiment_w2/phase3_grid_v2_grw_marketobs.status", "FAIL") end; write("/root/BF_runs/logs/qs_








julia>
ENV["QSX2_ONLY"] = "grw_marketobs"; started = time(); try include("experiments/scotland/06_qs_joint_and_market_observation/r05_grid.jl"); println("PHASE3_INCLUDE_RETURNED_grw_marketobs wall_s=", time()-started); write("/root/BF_runs/logs/qs_experiment_w2/phase3_grid_v2_grw_marketobs.status", "PASS") catch err; showerror(stderr, err, catch_backtrace()); println(stderr); println("PHASE3_FAIL_grw_marketobs wall_s=", time()-started); write("/root/BF_runs/logs/qs_experiment_w2/phase3_grid_v2_grw_marketobs.status", "FAIL") end; write("/root/BF_runs/logs/qs_e








julia>
ENV["QSX2_ONLY"] = "grw_marketobs"; started = time(); try include("experiments/scotland/06_qs_joint_and_market_observation/r05_grid.jl"); println("PHASE3_INCLUDE_RETURNED_grw_marketobs wall_s=", time()-started); write("/root/BF_runs/logs/qs_experiment_w2/phase3_grid_v2_grw_marketobs.status", "PASS") catch err; showerror(stderr, err, catch_backtrace()); println(stderr); println("PHASE3_FAIL_grw_marketobs wall_s=", time()-started); write("/root/BF_runs/logs/qs_experiment_w2/phase3_grid_v2_grw_marketobs.status", "FAIL") end; write("/root/BF_runs/logs/qs_ex








julia>
ENV["QSX2_ONLY"] = "grw_marketobs"; started = time(); try include("experiments/scotland/06_qs_joint_and_market_observation/r05_grid.jl"); println("PHASE3_INCLUDE_RETURNED_grw_marketobs wall_s=", time()-started); write("/root/BF_runs/logs/qs_experiment_w2/phase3_grid_v2_grw_marketobs.status", "PASS") catch err; showerror(stderr, err, catch_backtrace()); println(stderr); println("PHASE3_FAIL_grw_marketobs wall_s=", time()-started); write("/root/BF_runs/logs/qs_experiment_w2/phase3_grid_v2_grw_marketobs.status", "FAIL") end; write("/root/BF_runs/logs/qs_exp








julia>
ENV["QSX2_ONLY"] = "grw_marketobs"; started = time(); try include("experiments/scotland/06_qs_joint_and_market_observation/r05_grid.jl"); println("PHASE3_INCLUDE_RETURNED_grw_marketobs wall_s=", time()-started); write("/root/BF_runs/logs/qs_experiment_w2/phase3_grid_v2_grw_marketobs.status", "PASS") catch err; showerror(stderr, err, catch_backtrace()); println(stderr); println("PHASE3_FAIL_grw_marketobs wall_s=", time()-started); write("/root/BF_runs/logs/qs_experiment_w2/phase3_grid_v2_grw_marketobs.status", "FAIL") end; write("/root/BF_runs/logs/qs_expe








julia>
ENV["QSX2_ONLY"] = "grw_marketobs"; started = time(); try include("experiments/scotland/06_qs_joint_and_market_observation/r05_grid.jl"); println("PHASE3_INCLUDE_RETURNED_grw_marketobs wall_s=", time()-started); write("/root/BF_runs/logs/qs_experiment_w2/phase3_grid_v2_grw_marketobs.status", "PASS") catch err; showerror(stderr, err, catch_backtrace()); println(stderr); println("PHASE3_FAIL_grw_marketobs wall_s=", time()-started); write("/root/BF_runs/logs/qs_experiment_w2/phase3_grid_v2_grw_marketobs.status", "FAIL") end; write("/root/BF_runs/logs/qs_exper








julia>
ENV["QSX2_ONLY"] = "grw_marketobs"; started = time(); try include("experiments/scotland/06_qs_joint_and_market_observation/r05_grid.jl"); println("PHASE3_INCLUDE_RETURNED_grw_marketobs wall_s=", time()-started); write("/root/BF_runs/logs/qs_experiment_w2/phase3_grid_v2_grw_marketobs.status", "PASS") catch err; showerror(stderr, err, catch_backtrace()); println(stderr); println("PHASE3_FAIL_grw_marketobs wall_s=", time()-started); write("/root/BF_runs/logs/qs_experiment_w2/phase3_grid_v2_grw_marketobs.status", "FAIL") end; write("/root/BF_runs/logs/qs_experi








julia>
ENV["QSX2_ONLY"] = "grw_marketobs"; started = time(); try include("experiments/scotland/06_qs_joint_and_market_observation/r05_grid.jl"); println("PHASE3_INCLUDE_RETURNED_grw_marketobs wall_s=", time()-started); write("/root/BF_runs/logs/qs_experiment_w2/phase3_grid_v2_grw_marketobs.status", "PASS") catch err; showerror(stderr, err, catch_backtrace()); println(stderr); println("PHASE3_FAIL_grw_marketobs wall_s=", time()-started); write("/root/BF_runs/logs/qs_experiment_w2/phase3_grid_v2_grw_marketobs.status", "FAIL") end; write("/root/BF_runs/logs/qs_experim








julia>
ENV["QSX2_ONLY"] = "grw_marketobs"; started = time(); try include("experiments/scotland/06_qs_joint_and_market_observation/r05_grid.jl"); println("PHASE3_INCLUDE_RETURNED_grw_marketobs wall_s=", time()-started); write("/root/BF_runs/logs/qs_experiment_w2/phase3_grid_v2_grw_marketobs.status", "PASS") catch err; showerror(stderr, err, catch_backtrace()); println(stderr); println("PHASE3_FAIL_grw_marketobs wall_s=", time()-started); write("/root/BF_runs/logs/qs_experiment_w2/phase3_grid_v2_grw_marketobs.status", "FAIL") end; write("/root/BF_runs/logs/qs_experime








julia>
ENV["QSX2_ONLY"] = "grw_marketobs"; started = time(); try include("experiments/scotland/06_qs_joint_and_market_observation/r05_grid.jl"); println("PHASE3_INCLUDE_RETURNED_grw_marketobs wall_s=", time()-started); write("/root/BF_runs/logs/qs_experiment_w2/phase3_grid_v2_grw_marketobs.status", "PASS") catch err; showerror(stderr, err, catch_backtrace()); println(stderr); println("PHASE3_FAIL_grw_marketobs wall_s=", time()-started); write("/root/BF_runs/logs/qs_experiment_w2/phase3_grid_v2_grw_marketobs.status", "FAIL") end; write("/root/BF_runs/logs/qs_experimen








julia>
ENV["QSX2_ONLY"] = "grw_marketobs"; started = time(); try include("experiments/scotland/06_qs_joint_and_market_observation/r05_grid.jl"); println("PHASE3_INCLUDE_RETURNED_grw_marketobs wall_s=", time()-started); write("/root/BF_runs/logs/qs_experiment_w2/phase3_grid_v2_grw_marketobs.status", "PASS") catch err; showerror(stderr, err, catch_backtrace()); println(stderr); println("PHASE3_FAIL_grw_marketobs wall_s=", time()-started); write("/root/BF_runs/logs/qs_experiment_w2/phase3_grid_v2_grw_marketobs.status", "FAIL") end; write("/root/BF_runs/logs/qs_experiment








julia>
ENV["QSX2_ONLY"] = "grw_marketobs"; started = time(); try include("experiments/scotland/06_qs_joint_and_market_observation/r05_grid.jl"); println("PHASE3_INCLUDE_RETURNED_grw_marketobs wall_s=", time()-started); write("/root/BF_runs/logs/qs_experiment_w2/phase3_grid_v2_grw_marketobs.status", "PASS") catch err; showerror(stderr, err, catch_backtrace()); println(stderr); println("PHASE3_FAIL_grw_marketobs wall_s=", time()-started); write("/root/BF_runs/logs/qs_experiment_w2/phase3_grid_v2_grw_marketobs.status", "FAIL") end; write("/root/BF_runs/logs/qs_experiment_








julia>
ENV["QSX2_ONLY"] = "grw_marketobs"; started = time(); try include("experiments/scotland/06_qs_joint_and_market_observation/r05_grid.jl"); println("PHASE3_INCLUDE_RETURNED_grw_marketobs wall_s=", time()-started); write("/root/BF_runs/logs/qs_experiment_w2/phase3_grid_v2_grw_marketobs.status", "PASS") catch err; showerror(stderr, err, catch_backtrace()); println(stderr); println("PHASE3_FAIL_grw_marketobs wall_s=", time()-started); write("/root/BF_runs/logs/qs_experiment_w2/phase3_grid_v2_grw_marketobs.status", "FAIL") end; write("/root/BF_runs/logs/qs_experiment_w








julia>
ENV["QSX2_ONLY"] = "grw_marketobs"; started = time(); try include("experiments/scotland/06_qs_joint_and_market_observation/r05_grid.jl"); println("PHASE3_INCLUDE_RETURNED_grw_marketobs wall_s=", time()-started); write("/root/BF_runs/logs/qs_experiment_w2/phase3_grid_v2_grw_marketobs.status", "PASS") catch err; showerror(stderr, err, catch_backtrace()); println(stderr); println("PHASE3_FAIL_grw_marketobs wall_s=", time()-started); write("/root/BF_runs/logs/qs_experiment_w2/phase3_grid_v2_grw_marketobs.status", "FAIL") end; write("/root/BF_runs/logs/qs_experiment_w2








julia>
ENV["QSX2_ONLY"] = "grw_marketobs"; started = time(); try include("experiments/scotland/06_qs_joint_and_market_observation/r05_grid.jl"); println("PHASE3_INCLUDE_RETURNED_grw_marketobs wall_s=", time()-started); write("/root/BF_runs/logs/qs_experiment_w2/phase3_grid_v2_grw_marketobs.status", "PASS") catch err; showerror(stderr, err, catch_backtrace()); println(stderr); println("PHASE3_FAIL_grw_marketobs wall_s=", time()-started); write("/root/BF_runs/logs/qs_experiment_w2/phase3_grid_v2_grw_marketobs.status", "FAIL") end; write("/root/BF_runs/logs/qs_experiment_w2/








julia>
ENV["QSX2_ONLY"] = "grw_marketobs"; started = time(); try include("experiments/scotland/06_qs_joint_and_market_observation/r05_grid.jl"); println("PHASE3_INCLUDE_RETURNED_grw_marketobs wall_s=", time()-started); write("/root/BF_runs/logs/qs_experiment_w2/phase3_grid_v2_grw_marketobs.status", "PASS") catch err; showerror(stderr, err, catch_backtrace()); println(stderr); println("PHASE3_FAIL_grw_marketobs wall_s=", time()-started); write("/root/BF_runs/logs/qs_experiment_w2/phase3_grid_v2_grw_marketobs.status", "FAIL") end; write("/root/BF_runs/logs/qs_experiment_w2/p








julia>
ENV["QSX2_ONLY"] = "grw_marketobs"; started = time(); try include("experiments/scotland/06_qs_joint_and_market_observation/r05_grid.jl"); println("PHASE3_INCLUDE_RETURNED_grw_marketobs wall_s=", time()-started); write("/root/BF_runs/logs/qs_experiment_w2/phase3_grid_v2_grw_marketobs.status", "PASS") catch err; showerror(stderr, err, catch_backtrace()); println(stderr); println("PHASE3_FAIL_grw_marketobs wall_s=", time()-started); write("/root/BF_runs/logs/qs_experiment_w2/phase3_grid_v2_grw_marketobs.status", "FAIL") end; write("/root/BF_runs/logs/qs_experiment_w2/ph








julia>
ENV["QSX2_ONLY"] = "grw_marketobs"; started = time(); try include("experiments/scotland/06_qs_joint_and_market_observation/r05_grid.jl"); println("PHASE3_INCLUDE_RETURNED_grw_marketobs wall_s=", time()-started); write("/root/BF_runs/logs/qs_experiment_w2/phase3_grid_v2_grw_marketobs.status", "PASS") catch err; showerror(stderr, err, catch_backtrace()); println(stderr); println("PHASE3_FAIL_grw_marketobs wall_s=", time()-started); write("/root/BF_runs/logs/qs_experiment_w2/phase3_grid_v2_grw_marketobs.status", "FAIL") end; write("/root/BF_runs/logs/qs_experiment_w2/pha








julia>
ENV["QSX2_ONLY"] = "grw_marketobs"; started = time(); try include("experiments/scotland/06_qs_joint_and_market_observation/r05_grid.jl"); println("PHASE3_INCLUDE_RETURNED_grw_marketobs wall_s=", time()-started); write("/root/BF_runs/logs/qs_experiment_w2/phase3_grid_v2_grw_marketobs.status", "PASS") catch err; showerror(stderr, err, catch_backtrace()); println(stderr); println("PHASE3_FAIL_grw_marketobs wall_s=", time()-started); write("/root/BF_runs/logs/qs_experiment_w2/phase3_grid_v2_grw_marketobs.status", "FAIL") end; write("/root/BF_runs/logs/qs_experiment_w2/phas








julia>
ENV["QSX2_ONLY"] = "grw_marketobs"; started = time(); try include("experiments/scotland/06_qs_joint_and_market_observation/r05_grid.jl"); println("PHASE3_INCLUDE_RETURNED_grw_marketobs wall_s=", time()-started); write("/root/BF_runs/logs/qs_experiment_w2/phase3_grid_v2_grw_marketobs.status", "PASS") catch err; showerror(stderr, err, catch_backtrace()); println(stderr); println("PHASE3_FAIL_grw_marketobs wall_s=", time()-started); write("/root/BF_runs/logs/qs_experiment_w2/phase3_grid_v2_grw_marketobs.status", "FAIL") end; write("/root/BF_runs/logs/qs_experiment_w2/phase








julia>
ENV["QSX2_ONLY"] = "grw_marketobs"; started = time(); try include("experiments/scotland/06_qs_joint_and_market_observation/r05_grid.jl"); println("PHASE3_INCLUDE_RETURNED_grw_marketobs wall_s=", time()-started); write("/root/BF_runs/logs/qs_experiment_w2/phase3_grid_v2_grw_marketobs.status", "PASS") catch err; showerror(stderr, err, catch_backtrace()); println(stderr); println("PHASE3_FAIL_grw_marketobs wall_s=", time()-started); write("/root/BF_runs/logs/qs_experiment_w2/phase3_grid_v2_grw_marketobs.status", "FAIL") end; write("/root/BF_runs/logs/qs_experiment_w2/phase3








julia>
ENV["QSX2_ONLY"] = "grw_marketobs"; started = time(); try include("experiments/scotland/06_qs_joint_and_market_observation/r05_grid.jl"); println("PHASE3_INCLUDE_RETURNED_grw_marketobs wall_s=", time()-started); write("/root/BF_runs/logs/qs_experiment_w2/phase3_grid_v2_grw_marketobs.status", "PASS") catch err; showerror(stderr, err, catch_backtrace()); println(stderr); println("PHASE3_FAIL_grw_marketobs wall_s=", time()-started); write("/root/BF_runs/logs/qs_experiment_w2/phase3_grid_v2_grw_marketobs.status", "FAIL") end; write("/root/BF_runs/logs/qs_experiment_w2/phase3_








julia>
ENV["QSX2_ONLY"] = "grw_marketobs"; started = time(); try include("experiments/scotland/06_qs_joint_and_market_observation/r05_grid.jl"); println("PHASE3_INCLUDE_RETURNED_grw_marketobs wall_s=", time()-started); write("/root/BF_runs/logs/qs_experiment_w2/phase3_grid_v2_grw_marketobs.status", "PASS") catch err; showerror(stderr, err, catch_backtrace()); println(stderr); println("PHASE3_FAIL_grw_marketobs wall_s=", time()-started); write("/root/BF_runs/logs/qs_experiment_w2/phase3_grid_v2_grw_marketobs.status", "FAIL") end; write("/root/BF_runs/logs/qs_experiment_w2/phase3_g








julia>
ENV["QSX2_ONLY"] = "grw_marketobs"; started = time(); try include("experiments/scotland/06_qs_joint_and_market_observation/r05_grid.jl"); println("PHASE3_INCLUDE_RETURNED_grw_marketobs wall_s=", time()-started); write("/root/BF_runs/logs/qs_experiment_w2/phase3_grid_v2_grw_marketobs.status", "PASS") catch err; showerror(stderr, err, catch_backtrace()); println(stderr); println("PHASE3_FAIL_grw_marketobs wall_s=", time()-started); write("/root/BF_runs/logs/qs_experiment_w2/phase3_grid_v2_grw_marketobs.status", "FAIL") end; write("/root/BF_runs/logs/qs_experiment_w2/phase3_gr








julia>
ENV["QSX2_ONLY"] = "grw_marketobs"; started = time(); try include("experiments/scotland/06_qs_joint_and_market_observation/r05_grid.jl"); println("PHASE3_INCLUDE_RETURNED_grw_marketobs wall_s=", time()-started); write("/root/BF_runs/logs/qs_experiment_w2/phase3_grid_v2_grw_marketobs.status", "PASS") catch err; showerror(stderr, err, catch_backtrace()); println(stderr); println("PHASE3_FAIL_grw_marketobs wall_s=", time()-started); write("/root/BF_runs/logs/qs_experiment_w2/phase3_grid_v2_grw_marketobs.status", "FAIL") end; write("/root/BF_runs/logs/qs_experiment_w2/phase3_gri








julia>
ENV["QSX2_ONLY"] = "grw_marketobs"; started = time(); try include("experiments/scotland/06_qs_joint_and_market_observation/r05_grid.jl"); println("PHASE3_INCLUDE_RETURNED_grw_marketobs wall_s=", time()-started); write("/root/BF_runs/logs/qs_experiment_w2/phase3_grid_v2_grw_marketobs.status", "PASS") catch err; showerror(stderr, err, catch_backtrace()); println(stderr); println("PHASE3_FAIL_grw_marketobs wall_s=", time()-started); write("/root/BF_runs/logs/qs_experiment_w2/phase3_grid_v2_grw_marketobs.status", "FAIL") end; write("/root/BF_runs/logs/qs_experiment_w2/phase3_grid








julia>
ENV["QSX2_ONLY"] = "grw_marketobs"; started = time(); try include("experiments/scotland/06_qs_joint_and_market_observation/r05_grid.jl"); println("PHASE3_INCLUDE_RETURNED_grw_marketobs wall_s=", time()-started); write("/root/BF_runs/logs/qs_experiment_w2/phase3_grid_v2_grw_marketobs.status", "PASS") catch err; showerror(stderr, err, catch_backtrace()); println(stderr); println("PHASE3_FAIL_grw_marketobs wall_s=", time()-started); write("/root/BF_runs/logs/qs_experiment_w2/phase3_grid_v2_grw_marketobs.status", "FAIL") end; write("/root/BF_runs/logs/qs_experiment_w2/phase3_grid_








julia>
ENV["QSX2_ONLY"] = "grw_marketobs"; started = time(); try include("experiments/scotland/06_qs_joint_and_market_observation/r05_grid.jl"); println("PHASE3_INCLUDE_RETURNED_grw_marketobs wall_s=", time()-started); write("/root/BF_runs/logs/qs_experiment_w2/phase3_grid_v2_grw_marketobs.status", "PASS") catch err; showerror(stderr, err, catch_backtrace()); println(stderr); println("PHASE3_FAIL_grw_marketobs wall_s=", time()-started); write("/root/BF_runs/logs/qs_experiment_w2/phase3_grid_v2_grw_marketobs.status", "FAIL") end; write("/root/BF_runs/logs/qs_experiment_w2/phase3_grid_v








julia>
ENV["QSX2_ONLY"] = "grw_marketobs"; started = time(); try include("experiments/scotland/06_qs_joint_and_market_observation/r05_grid.jl"); println("PHASE3_INCLUDE_RETURNED_grw_marketobs wall_s=", time()-started); write("/root/BF_runs/logs/qs_experiment_w2/phase3_grid_v2_grw_marketobs.status", "PASS") catch err; showerror(stderr, err, catch_backtrace()); println(stderr); println("PHASE3_FAIL_grw_marketobs wall_s=", time()-started); write("/root/BF_runs/logs/qs_experiment_w2/phase3_grid_v2_grw_marketobs.status", "FAIL") end; write("/root/BF_runs/logs/qs_experiment_w2/phase3_grid_v2








julia>
ENV["QSX2_ONLY"] = "grw_marketobs"; started = time(); try include("experiments/scotland/06_qs_joint_and_market_observation/r05_grid.jl"); println("PHASE3_INCLUDE_RETURNED_grw_marketobs wall_s=", time()-started); write("/root/BF_runs/logs/qs_experiment_w2/phase3_grid_v2_grw_marketobs.status", "PASS") catch err; showerror(stderr, err, catch_backtrace()); println(stderr); println("PHASE3_FAIL_grw_marketobs wall_s=", time()-started); write("/root/BF_runs/logs/qs_experiment_w2/phase3_grid_v2_grw_marketobs.status", "FAIL") end; write("/root/BF_runs/logs/qs_experiment_w2/phase3_grid_v2_








julia>
ENV["QSX2_ONLY"] = "grw_marketobs"; started = time(); try include("experiments/scotland/06_qs_joint_and_market_observation/r05_grid.jl"); println("PHASE3_INCLUDE_RETURNED_grw_marketobs wall_s=", time()-started); write("/root/BF_runs/logs/qs_experiment_w2/phase3_grid_v2_grw_marketobs.status", "PASS") catch err; showerror(stderr, err, catch_backtrace()); println(stderr); println("PHASE3_FAIL_grw_marketobs wall_s=", time()-started); write("/root/BF_runs/logs/qs_experiment_w2/phase3_grid_v2_grw_marketobs.status", "FAIL") end; write("/root/BF_runs/logs/qs_experiment_w2/phase3_grid_v2_g








julia>
ENV["QSX2_ONLY"] = "grw_marketobs"; started = time(); try include("experiments/scotland/06_qs_joint_and_market_observation/r05_grid.jl"); println("PHASE3_INCLUDE_RETURNED_grw_marketobs wall_s=", time()-started); write("/root/BF_runs/logs/qs_experiment_w2/phase3_grid_v2_grw_marketobs.status", "PASS") catch err; showerror(stderr, err, catch_backtrace()); println(stderr); println("PHASE3_FAIL_grw_marketobs wall_s=", time()-started); write("/root/BF_runs/logs/qs_experiment_w2/phase3_grid_v2_grw_marketobs.status", "FAIL") end; write("/root/BF_runs/logs/qs_experiment_w2/phase3_grid_v2_gr








julia>
ENV["QSX2_ONLY"] = "grw_marketobs"; started = time(); try include("experiments/scotland/06_qs_joint_and_market_observation/r05_grid.jl"); println("PHASE3_INCLUDE_RETURNED_grw_marketobs wall_s=", time()-started); write("/root/BF_runs/logs/qs_experiment_w2/phase3_grid_v2_grw_marketobs.status", "PASS") catch err; showerror(stderr, err, catch_backtrace()); println(stderr); println("PHASE3_FAIL_grw_marketobs wall_s=", time()-started); write("/root/BF_runs/logs/qs_experiment_w2/phase3_grid_v2_grw_marketobs.status", "FAIL") end; write("/root/BF_runs/logs/qs_experiment_w2/phase3_grid_v2_grw








julia>
ENV["QSX2_ONLY"] = "grw_marketobs"; started = time(); try include("experiments/scotland/06_qs_joint_and_market_observation/r05_grid.jl"); println("PHASE3_INCLUDE_RETURNED_grw_marketobs wall_s=", time()-started); write("/root/BF_runs/logs/qs_experiment_w2/phase3_grid_v2_grw_marketobs.status", "PASS") catch err; showerror(stderr, err, catch_backtrace()); println(stderr); println("PHASE3_FAIL_grw_marketobs wall_s=", time()-started); write("/root/BF_runs/logs/qs_experiment_w2/phase3_grid_v2_grw_marketobs.status", "FAIL") end; write("/root/BF_runs/logs/qs_experiment_w2/phase3_grid_v2_grw_








julia>
ENV["QSX2_ONLY"] = "grw_marketobs"; started = time(); try include("experiments/scotland/06_qs_joint_and_market_observation/r05_grid.jl"); println("PHASE3_INCLUDE_RETURNED_grw_marketobs wall_s=", time()-started); write("/root/BF_runs/logs/qs_experiment_w2/phase3_grid_v2_grw_marketobs.status", "PASS") catch err; showerror(stderr, err, catch_backtrace()); println(stderr); println("PHASE3_FAIL_grw_marketobs wall_s=", time()-started); write("/root/BF_runs/logs/qs_experiment_w2/phase3_grid_v2_grw_marketobs.status", "FAIL") end; write("/root/BF_runs/logs/qs_experiment_w2/phase3_grid_v2_grw_m








julia>
ENV["QSX2_ONLY"] = "grw_marketobs"; started = time(); try include("experiments/scotland/06_qs_joint_and_market_observation/r05_grid.jl"); println("PHASE3_INCLUDE_RETURNED_grw_marketobs wall_s=", time()-started); write("/root/BF_runs/logs/qs_experiment_w2/phase3_grid_v2_grw_marketobs.status", "PASS") catch err; showerror(stderr, err, catch_backtrace()); println(stderr); println("PHASE3_FAIL_grw_marketobs wall_s=", time()-started); write("/root/BF_runs/logs/qs_experiment_w2/phase3_grid_v2_grw_marketobs.status", "FAIL") end; write("/root/BF_runs/logs/qs_experiment_w2/phase3_grid_v2_grw_ma








julia>
ENV["QSX2_ONLY"] = "grw_marketobs"; started = time(); try include("experiments/scotland/06_qs_joint_and_market_observation/r05_grid.jl"); println("PHASE3_INCLUDE_RETURNED_grw_marketobs wall_s=", time()-started); write("/root/BF_runs/logs/qs_experiment_w2/phase3_grid_v2_grw_marketobs.status", "PASS") catch err; showerror(stderr, err, catch_backtrace()); println(stderr); println("PHASE3_FAIL_grw_marketobs wall_s=", time()-started); write("/root/BF_runs/logs/qs_experiment_w2/phase3_grid_v2_grw_marketobs.status", "FAIL") end; write("/root/BF_runs/logs/qs_experiment_w2/phase3_grid_v2_grw_mar








julia>
ENV["QSX2_ONLY"] = "grw_marketobs"; started = time(); try include("experiments/scotland/06_qs_joint_and_market_observation/r05_grid.jl"); println("PHASE3_INCLUDE_RETURNED_grw_marketobs wall_s=", time()-started); write("/root/BF_runs/logs/qs_experiment_w2/phase3_grid_v2_grw_marketobs.status", "PASS") catch err; showerror(stderr, err, catch_backtrace()); println(stderr); println("PHASE3_FAIL_grw_marketobs wall_s=", time()-started); write("/root/BF_runs/logs/qs_experiment_w2/phase3_grid_v2_grw_marketobs.status", "FAIL") end; write("/root/BF_runs/logs/qs_experiment_w2/phase3_grid_v2_grw_mark








julia>
ENV["QSX2_ONLY"] = "grw_marketobs"; started = time(); try include("experiments/scotland/06_qs_joint_and_market_observation/r05_grid.jl"); println("PHASE3_INCLUDE_RETURNED_grw_marketobs wall_s=", time()-started); write("/root/BF_runs/logs/qs_experiment_w2/phase3_grid_v2_grw_marketobs.status", "PASS") catch err; showerror(stderr, err, catch_backtrace()); println(stderr); println("PHASE3_FAIL_grw_marketobs wall_s=", time()-started); write("/root/BF_runs/logs/qs_experiment_w2/phase3_grid_v2_grw_marketobs.status", "FAIL") end; write("/root/BF_runs/logs/qs_experiment_w2/phase3_grid_v2_grw_marke








julia>
ENV["QSX2_ONLY"] = "grw_marketobs"; started = time(); try include("experiments/scotland/06_qs_joint_and_market_observation/r05_grid.jl"); println("PHASE3_INCLUDE_RETURNED_grw_marketobs wall_s=", time()-started); write("/root/BF_runs/logs/qs_experiment_w2/phase3_grid_v2_grw_marketobs.status", "PASS") catch err; showerror(stderr, err, catch_backtrace()); println(stderr); println("PHASE3_FAIL_grw_marketobs wall_s=", time()-started); write("/root/BF_runs/logs/qs_experiment_w2/phase3_grid_v2_grw_marketobs.status", "FAIL") end; write("/root/BF_runs/logs/qs_experiment_w2/phase3_grid_v2_grw_market








julia>
ENV["QSX2_ONLY"] = "grw_marketobs"; started = time(); try include("experiments/scotland/06_qs_joint_and_market_observation/r05_grid.jl"); println("PHASE3_INCLUDE_RETURNED_grw_marketobs wall_s=", time()-started); write("/root/BF_runs/logs/qs_experiment_w2/phase3_grid_v2_grw_marketobs.status", "PASS") catch err; showerror(stderr, err, catch_backtrace()); println(stderr); println("PHASE3_FAIL_grw_marketobs wall_s=", time()-started); write("/root/BF_runs/logs/qs_experiment_w2/phase3_grid_v2_grw_marketobs.status", "FAIL") end; write("/root/BF_runs/logs/qs_experiment_w2/phase3_grid_v2_grw_marketo








julia>
ENV["QSX2_ONLY"] = "grw_marketobs"; started = time(); try include("experiments/scotland/06_qs_joint_and_market_observation/r05_grid.jl"); println("PHASE3_INCLUDE_RETURNED_grw_marketobs wall_s=", time()-started); write("/root/BF_runs/logs/qs_experiment_w2/phase3_grid_v2_grw_marketobs.status", "PASS") catch err; showerror(stderr, err, catch_backtrace()); println(stderr); println("PHASE3_FAIL_grw_marketobs wall_s=", time()-started); write("/root/BF_runs/logs/qs_experiment_w2/phase3_grid_v2_grw_marketobs.status", "FAIL") end; write("/root/BF_runs/logs/qs_experiment_w2/phase3_grid_v2_grw_marketob








julia>
ENV["QSX2_ONLY"] = "grw_marketobs"; started = time(); try include("experiments/scotland/06_qs_joint_and_market_observation/r05_grid.jl"); println("PHASE3_INCLUDE_RETURNED_grw_marketobs wall_s=", time()-started); write("/root/BF_runs/logs/qs_experiment_w2/phase3_grid_v2_grw_marketobs.status", "PASS") catch err; showerror(stderr, err, catch_backtrace()); println(stderr); println("PHASE3_FAIL_grw_marketobs wall_s=", time()-started); write("/root/BF_runs/logs/qs_experiment_w2/phase3_grid_v2_grw_marketobs.status", "FAIL") end; write("/root/BF_runs/logs/qs_experiment_w2/phase3_grid_v2_grw_marketobs








julia>
ENV["QSX2_ONLY"] = "grw_marketobs"; started = time(); try include("experiments/scotland/06_qs_joint_and_market_observation/r05_grid.jl"); println("PHASE3_INCLUDE_RETURNED_grw_marketobs wall_s=", time()-started); write("/root/BF_runs/logs/qs_experiment_w2/phase3_grid_v2_grw_marketobs.status", "PASS") catch err; showerror(stderr, err, catch_backtrace()); println(stderr); println("PHASE3_FAIL_grw_marketobs wall_s=", time()-started); write("/root/BF_runs/logs/qs_experiment_w2/phase3_grid_v2_grw_marketobs.status", "FAIL") end; write("/root/BF_runs/logs/qs_experiment_w2/phase3_grid_v2_grw_marketobs.








julia>
ENV["QSX2_ONLY"] = "grw_marketobs"; started = time(); try include("experiments/scotland/06_qs_joint_and_market_observation/r05_grid.jl"); println("PHASE3_INCLUDE_RETURNED_grw_marketobs wall_s=", time()-started); write("/root/BF_runs/logs/qs_experiment_w2/phase3_grid_v2_grw_marketobs.status", "PASS") catch err; showerror(stderr, err, catch_backtrace()); println(stderr); println("PHASE3_FAIL_grw_marketobs wall_s=", time()-started); write("/root/BF_runs/logs/qs_experiment_w2/phase3_grid_v2_grw_marketobs.status", "FAIL") end; write("/root/BF_runs/logs/qs_experiment_w2/phase3_grid_v2_grw_marketobs.n








julia>
ENV["QSX2_ONLY"] = "grw_marketobs"; started = time(); try include("experiments/scotland/06_qs_joint_and_market_observation/r05_grid.jl"); println("PHASE3_INCLUDE_RETURNED_grw_marketobs wall_s=", time()-started); write("/root/BF_runs/logs/qs_experiment_w2/phase3_grid_v2_grw_marketobs.status", "PASS") catch err; showerror(stderr, err, catch_backtrace()); println(stderr); println("PHASE3_FAIL_grw_marketobs wall_s=", time()-started); write("/root/BF_runs/logs/qs_experiment_w2/phase3_grid_v2_grw_marketobs.status", "FAIL") end; write("/root/BF_runs/logs/qs_experiment_w2/phase3_grid_v2_grw_marketobs.no








julia>
ENV["QSX2_ONLY"] = "grw_marketobs"; started = time(); try include("experiments/scotland/06_qs_joint_and_market_observation/r05_grid.jl"); println("PHASE3_INCLUDE_RETURNED_grw_marketobs wall_s=", time()-started); write("/root/BF_runs/logs/qs_experiment_w2/phase3_grid_v2_grw_marketobs.status", "PASS") catch err; showerror(stderr, err, catch_backtrace()); println(stderr); println("PHASE3_FAIL_grw_marketobs wall_s=", time()-started); write("/root/BF_runs/logs/qs_experiment_w2/phase3_grid_v2_grw_marketobs.status", "FAIL") end; write("/root/BF_runs/logs/qs_experiment_w2/phase3_grid_v2_grw_marketobs.not








julia>
ENV["QSX2_ONLY"] = "grw_marketobs"; started = time(); try include("experiments/scotland/06_qs_joint_and_market_observation/r05_grid.jl"); println("PHASE3_INCLUDE_RETURNED_grw_marketobs wall_s=", time()-started); write("/root/BF_runs/logs/qs_experiment_w2/phase3_grid_v2_grw_marketobs.status", "PASS") catch err; showerror(stderr, err, catch_backtrace()); println(stderr); println("PHASE3_FAIL_grw_marketobs wall_s=", time()-started); write("/root/BF_runs/logs/qs_experiment_w2/phase3_grid_v2_grw_marketobs.status", "FAIL") end; write("/root/BF_runs/logs/qs_experiment_w2/phase3_grid_v2_grw_marketobs.noti








julia>
ENV["QSX2_ONLY"] = "grw_marketobs"; started = time(); try include("experiments/scotland/06_qs_joint_and_market_observation/r05_grid.jl"); println("PHASE3_INCLUDE_RETURNED_grw_marketobs wall_s=", time()-started); write("/root/BF_runs/logs/qs_experiment_w2/phase3_grid_v2_grw_marketobs.status", "PASS") catch err; showerror(stderr, err, catch_backtrace()); println(stderr); println("PHASE3_FAIL_grw_marketobs wall_s=", time()-started); write("/root/BF_runs/logs/qs_experiment_w2/phase3_grid_v2_grw_marketobs.status", "FAIL") end; write("/root/BF_runs/logs/qs_experiment_w2/phase3_grid_v2_grw_marketobs.notif








julia>
ENV["QSX2_ONLY"] = "grw_marketobs"; started = time(); try include("experiments/scotland/06_qs_joint_and_market_observation/r05_grid.jl"); println("PHASE3_INCLUDE_RETURNED_grw_marketobs wall_s=", time()-started); write("/root/BF_runs/logs/qs_experiment_w2/phase3_grid_v2_grw_marketobs.status", "PASS") catch err; showerror(stderr, err, catch_backtrace()); println(stderr); println("PHASE3_FAIL_grw_marketobs wall_s=", time()-started); write("/root/BF_runs/logs/qs_experiment_w2/phase3_grid_v2_grw_marketobs.status", "FAIL") end; write("/root/BF_runs/logs/qs_experiment_w2/phase3_grid_v2_grw_marketobs.notify








julia>
ENV["QSX2_ONLY"] = "grw_marketobs"; started = time(); try include("experiments/scotland/06_qs_joint_and_market_observation/r05_grid.jl"); println("PHASE3_INCLUDE_RETURNED_grw_marketobs wall_s=", time()-started); write("/root/BF_runs/logs/qs_experiment_w2/phase3_grid_v2_grw_marketobs.status", "PASS") catch err; showerror(stderr, err, catch_backtrace()); println(stderr); println("PHASE3_FAIL_grw_marketobs wall_s=", time()-started); write("/root/BF_runs/logs/qs_experiment_w2/phase3_grid_v2_grw_marketobs.status", "FAIL") end; write("/root/BF_runs/logs/qs_experiment_w2/phase3_grid_v2_grw_marketobs.notify"








julia>
ENV["QSX2_ONLY"] = "grw_marketobs"; started = time(); try include("experiments/scotland/06_qs_joint_and_market_observation/r05_grid.jl"); println("PHASE3_INCLUDE_RETURNED_grw_marketobs wall_s=", time()-started); write("/root/BF_runs/logs/qs_experiment_w2/phase3_grid_v2_grw_marketobs.status", "PASS") catch err; showerror(stderr, err, catch_backtrace()); println(stderr); println("PHASE3_FAIL_grw_marketobs wall_s=", time()-started); write("/root/BF_runs/logs/qs_experiment_w2/phase3_grid_v2_grw_marketobs.status", "FAIL") end; write("/root/BF_runs/logs/qs_experiment_w2/phase3_grid_v2_grw_marketobs.notify",








julia>
ENV["QSX2_ONLY"] = "grw_marketobs"; started = time(); try include("experiments/scotland/06_qs_joint_and_market_observation/r05_grid.jl"); println("PHASE3_INCLUDE_RETURNED_grw_marketobs wall_s=", time()-started); write("/root/BF_runs/logs/qs_experiment_w2/phase3_grid_v2_grw_marketobs.status", "PASS") catch err; showerror(stderr, err, catch_backtrace()); println(stderr); println("PHASE3_FAIL_grw_marketobs wall_s=", time()-started); write("/root/BF_runs/logs/qs_experiment_w2/phase3_grid_v2_grw_marketobs.status", "FAIL") end; write("/root/BF_runs/logs/qs_experiment_w2/phase3_grid_v2_grw_marketobs.notify",








julia>
ENV["QSX2_ONLY"] = "grw_marketobs"; started = time(); try include("experiments/scotland/06_qs_joint_and_market_observation/r05_grid.jl"); println("PHASE3_INCLUDE_RETURNED_grw_marketobs wall_s=", time()-started); write("/root/BF_runs/logs/qs_experiment_w2/phase3_grid_v2_grw_marketobs.status", "PASS") catch err; showerror(stderr, err, catch_backtrace()); println(stderr); println("PHASE3_FAIL_grw_marketobs wall_s=", time()-started); write("/root/BF_runs/logs/qs_experiment_w2/phase3_grid_v2_grw_marketobs.status", "FAIL") end; write("/root/BF_runs/logs/qs_experiment_w2/phase3_grid_v2_grw_marketobs.notify", r








julia>
ENV["QSX2_ONLY"] = "grw_marketobs"; started = time(); try include("experiments/scotland/06_qs_joint_and_market_observation/r05_grid.jl"); println("PHASE3_INCLUDE_RETURNED_grw_marketobs wall_s=", time()-started); write("/root/BF_runs/logs/qs_experiment_w2/phase3_grid_v2_grw_marketobs.status", "PASS") catch err; showerror(stderr, err, catch_backtrace()); println(stderr); println("PHASE3_FAIL_grw_marketobs wall_s=", time()-started); write("/root/BF_runs/logs/qs_experiment_w2/phase3_grid_v2_grw_marketobs.status", "FAIL") end; write("/root/BF_runs/logs/qs_experiment_w2/phase3_grid_v2_grw_marketobs.notify", re








julia>
ENV["QSX2_ONLY"] = "grw_marketobs"; started = time(); try include("experiments/scotland/06_qs_joint_and_market_observation/r05_grid.jl"); println("PHASE3_INCLUDE_RETURNED_grw_marketobs wall_s=", time()-started); write("/root/BF_runs/logs/qs_experiment_w2/phase3_grid_v2_grw_marketobs.status", "PASS") catch err; showerror(stderr, err, catch_backtrace()); println(stderr); println("PHASE3_FAIL_grw_marketobs wall_s=", time()-started); write("/root/BF_runs/logs/qs_experiment_w2/phase3_grid_v2_grw_marketobs.status", "FAIL") end; write("/root/BF_runs/logs/qs_experiment_w2/phase3_grid_v2_grw_marketobs.notify", rea








julia>
ENV["QSX2_ONLY"] = "grw_marketobs"; started = time(); try include("experiments/scotland/06_qs_joint_and_market_observation/r05_grid.jl"); println("PHASE3_INCLUDE_RETURNED_grw_marketobs wall_s=", time()-started); write("/root/BF_runs/logs/qs_experiment_w2/phase3_grid_v2_grw_marketobs.status", "PASS") catch err; showerror(stderr, err, catch_backtrace()); println(stderr); println("PHASE3_FAIL_grw_marketobs wall_s=", time()-started); write("/root/BF_runs/logs/qs_experiment_w2/phase3_grid_v2_grw_marketobs.status", "FAIL") end; write("/root/BF_runs/logs/qs_experiment_w2/phase3_grid_v2_grw_marketobs.notify", read








julia>
ENV["QSX2_ONLY"] = "grw_marketobs"; started = time(); try include("experiments/scotland/06_qs_joint_and_market_observation/r05_grid.jl"); println("PHASE3_INCLUDE_RETURNED_grw_marketobs wall_s=", time()-started); write("/root/BF_runs/logs/qs_experiment_w2/phase3_grid_v2_grw_marketobs.status", "PASS") catch err; showerror(stderr, err, catch_backtrace()); println(stderr); println("PHASE3_FAIL_grw_marketobs wall_s=", time()-started); write("/root/BF_runs/logs/qs_experiment_w2/phase3_grid_v2_grw_marketobs.status", "FAIL") end; write("/root/BF_runs/logs/qs_experiment_w2/phase3_grid_v2_grw_marketobs.notify", read(








julia>
ENV["QSX2_ONLY"] = "grw_marketobs"; started = time(); try include("experiments/scotland/06_qs_joint_and_market_observation/r05_grid.jl"); println("PHASE3_INCLUDE_RETURNED_grw_marketobs wall_s=", time()-started); write("/root/BF_runs/logs/qs_experiment_w2/phase3_grid_v2_grw_marketobs.status", "PASS") catch err; showerror(stderr, err, catch_backtrace()); println(stderr); println("PHASE3_FAIL_grw_marketobs wall_s=", time()-started); write("/root/BF_runs/logs/qs_experiment_w2/phase3_grid_v2_grw_marketobs.status", "FAIL") end; write("/root/BF_runs/logs/qs_experiment_w2/phase3_grid_v2_grw_marketobs.notify", read("








julia>
ENV["QSX2_ONLY"] = "grw_marketobs"; started = time(); try include("experiments/scotland/06_qs_joint_and_market_observation/r05_grid.jl"); println("PHASE3_INCLUDE_RETURNED_grw_marketobs wall_s=", time()-started); write("/root/BF_runs/logs/qs_experiment_w2/phase3_grid_v2_grw_marketobs.status", "PASS") catch err; showerror(stderr, err, catch_backtrace()); println(stderr); println("PHASE3_FAIL_grw_marketobs wall_s=", time()-started); write("/root/BF_runs/logs/qs_experiment_w2/phase3_grid_v2_grw_marketobs.status", "FAIL") end; write("/root/BF_runs/logs/qs_experiment_w2/phase3_grid_v2_grw_marketobs.notify", read("/








julia>
ENV["QSX2_ONLY"] = "grw_marketobs"; started = time(); try include("experiments/scotland/06_qs_joint_and_market_observation/r05_grid.jl"); println("PHASE3_INCLUDE_RETURNED_grw_marketobs wall_s=", time()-started); write("/root/BF_runs/logs/qs_experiment_w2/phase3_grid_v2_grw_marketobs.status", "PASS") catch err; showerror(stderr, err, catch_backtrace()); println(stderr); println("PHASE3_FAIL_grw_marketobs wall_s=", time()-started); write("/root/BF_runs/logs/qs_experiment_w2/phase3_grid_v2_grw_marketobs.status", "FAIL") end; write("/root/BF_runs/logs/qs_experiment_w2/phase3_grid_v2_grw_marketobs.notify", read("/r








julia>
ENV["QSX2_ONLY"] = "grw_marketobs"; started = time(); try include("experiments/scotland/06_qs_joint_and_market_observation/r05_grid.jl"); println("PHASE3_INCLUDE_RETURNED_grw_marketobs wall_s=", time()-started); write("/root/BF_runs/logs/qs_experiment_w2/phase3_grid_v2_grw_marketobs.status", "PASS") catch err; showerror(stderr, err, catch_backtrace()); println(stderr); println("PHASE3_FAIL_grw_marketobs wall_s=", time()-started); write("/root/BF_runs/logs/qs_experiment_w2/phase3_grid_v2_grw_marketobs.status", "FAIL") end; write("/root/BF_runs/logs/qs_experiment_w2/phase3_grid_v2_grw_marketobs.notify", read("/ro








julia>
ENV["QSX2_ONLY"] = "grw_marketobs"; started = time(); try include("experiments/scotland/06_qs_joint_and_market_observation/r05_grid.jl"); println("PHASE3_INCLUDE_RETURNED_grw_marketobs wall_s=", time()-started); write("/root/BF_runs/logs/qs_experiment_w2/phase3_grid_v2_grw_marketobs.status", "PASS") catch err; showerror(stderr, err, catch_backtrace()); println(stderr); println("PHASE3_FAIL_grw_marketobs wall_s=", time()-started); write("/root/BF_runs/logs/qs_experiment_w2/phase3_grid_v2_grw_marketobs.status", "FAIL") end; write("/root/BF_runs/logs/qs_experiment_w2/phase3_grid_v2_grw_marketobs.notify", read("/roo








julia>
ENV["QSX2_ONLY"] = "grw_marketobs"; started = time(); try include("experiments/scotland/06_qs_joint_and_market_observation/r05_grid.jl"); println("PHASE3_INCLUDE_RETURNED_grw_marketobs wall_s=", time()-started); write("/root/BF_runs/logs/qs_experiment_w2/phase3_grid_v2_grw_marketobs.status", "PASS") catch err; showerror(stderr, err, catch_backtrace()); println(stderr); println("PHASE3_FAIL_grw_marketobs wall_s=", time()-started); write("/root/BF_runs/logs/qs_experiment_w2/phase3_grid_v2_grw_marketobs.status", "FAIL") end; write("/root/BF_runs/logs/qs_experiment_w2/phase3_grid_v2_grw_marketobs.notify", read("/root








julia>
ENV["QSX2_ONLY"] = "grw_marketobs"; started = time(); try include("experiments/scotland/06_qs_joint_and_market_observation/r05_grid.jl"); println("PHASE3_INCLUDE_RETURNED_grw_marketobs wall_s=", time()-started); write("/root/BF_runs/logs/qs_experiment_w2/phase3_grid_v2_grw_marketobs.status", "PASS") catch err; showerror(stderr, err, catch_backtrace()); println(stderr); println("PHASE3_FAIL_grw_marketobs wall_s=", time()-started); write("/root/BF_runs/logs/qs_experiment_w2/phase3_grid_v2_grw_marketobs.status", "FAIL") end; write("/root/BF_runs/logs/qs_experiment_w2/phase3_grid_v2_grw_marketobs.notify", read("/root/








julia>
ENV["QSX2_ONLY"] = "grw_marketobs"; started = time(); try include("experiments/scotland/06_qs_joint_and_market_observation/r05_grid.jl"); println("PHASE3_INCLUDE_RETURNED_grw_marketobs wall_s=", time()-started); write("/root/BF_runs/logs/qs_experiment_w2/phase3_grid_v2_grw_marketobs.status", "PASS") catch err; showerror(stderr, err, catch_backtrace()); println(stderr); println("PHASE3_FAIL_grw_marketobs wall_s=", time()-started); write("/root/BF_runs/logs/qs_experiment_w2/phase3_grid_v2_grw_marketobs.status", "FAIL") end; write("/root/BF_runs/logs/qs_experiment_w2/phase3_grid_v2_grw_marketobs.notify", read("/root/B








julia>
ENV["QSX2_ONLY"] = "grw_marketobs"; started = time(); try include("experiments/scotland/06_qs_joint_and_market_observation/r05_grid.jl"); println("PHASE3_INCLUDE_RETURNED_grw_marketobs wall_s=", time()-started); write("/root/BF_runs/logs/qs_experiment_w2/phase3_grid_v2_grw_marketobs.status", "PASS") catch err; showerror(stderr, err, catch_backtrace()); println(stderr); println("PHASE3_FAIL_grw_marketobs wall_s=", time()-started); write("/root/BF_runs/logs/qs_experiment_w2/phase3_grid_v2_grw_marketobs.status", "FAIL") end; write("/root/BF_runs/logs/qs_experiment_w2/phase3_grid_v2_grw_marketobs.notify", read("/root/BF








julia>
ENV["QSX2_ONLY"] = "grw_marketobs"; started = time(); try include("experiments/scotland/06_qs_joint_and_market_observation/r05_grid.jl"); println("PHASE3_INCLUDE_RETURNED_grw_marketobs wall_s=", time()-started); write("/root/BF_runs/logs/qs_experiment_w2/phase3_grid_v2_grw_marketobs.status", "PASS") catch err; showerror(stderr, err, catch_backtrace()); println(stderr); println("PHASE3_FAIL_grw_marketobs wall_s=", time()-started); write("/root/BF_runs/logs/qs_experiment_w2/phase3_grid_v2_grw_marketobs.status", "FAIL") end; write("/root/BF_runs/logs/qs_experiment_w2/phase3_grid_v2_grw_marketobs.notify", read("/root/BF_








julia>
ENV["QSX2_ONLY"] = "grw_marketobs"; started = time(); try include("experiments/scotland/06_qs_joint_and_market_observation/r05_grid.jl"); println("PHASE3_INCLUDE_RETURNED_grw_marketobs wall_s=", time()-started); write("/root/BF_runs/logs/qs_experiment_w2/phase3_grid_v2_grw_marketobs.status", "PASS") catch err; showerror(stderr, err, catch_backtrace()); println(stderr); println("PHASE3_FAIL_grw_marketobs wall_s=", time()-started); write("/root/BF_runs/logs/qs_experiment_w2/phase3_grid_v2_grw_marketobs.status", "FAIL") end; write("/root/BF_runs/logs/qs_experiment_w2/phase3_grid_v2_grw_marketobs.notify", read("/root/BF_r








julia>
ENV["QSX2_ONLY"] = "grw_marketobs"; started = time(); try include("experiments/scotland/06_qs_joint_and_market_observation/r05_grid.jl"); println("PHASE3_INCLUDE_RETURNED_grw_marketobs wall_s=", time()-started); write("/root/BF_runs/logs/qs_experiment_w2/phase3_grid_v2_grw_marketobs.status", "PASS") catch err; showerror(stderr, err, catch_backtrace()); println(stderr); println("PHASE3_FAIL_grw_marketobs wall_s=", time()-started); write("/root/BF_runs/logs/qs_experiment_w2/phase3_grid_v2_grw_marketobs.status", "FAIL") end; write("/root/BF_runs/logs/qs_experiment_w2/phase3_grid_v2_grw_marketobs.notify", read("/root/BF_ru








julia>
ENV["QSX2_ONLY"] = "grw_marketobs"; started = time(); try include("experiments/scotland/06_qs_joint_and_market_observation/r05_grid.jl"); println("PHASE3_INCLUDE_RETURNED_grw_marketobs wall_s=", time()-started); write("/root/BF_runs/logs/qs_experiment_w2/phase3_grid_v2_grw_marketobs.status", "PASS") catch err; showerror(stderr, err, catch_backtrace()); println(stderr); println("PHASE3_FAIL_grw_marketobs wall_s=", time()-started); write("/root/BF_runs/logs/qs_experiment_w2/phase3_grid_v2_grw_marketobs.status", "FAIL") end; write("/root/BF_runs/logs/qs_experiment_w2/phase3_grid_v2_grw_marketobs.notify", read("/root/BF_run








julia>
ENV["QSX2_ONLY"] = "grw_marketobs"; started = time(); try include("experiments/scotland/06_qs_joint_and_market_observation/r05_grid.jl"); println("PHASE3_INCLUDE_RETURNED_grw_marketobs wall_s=", time()-started); write("/root/BF_runs/logs/qs_experiment_w2/phase3_grid_v2_grw_marketobs.status", "PASS") catch err; showerror(stderr, err, catch_backtrace()); println(stderr); println("PHASE3_FAIL_grw_marketobs wall_s=", time()-started); write("/root/BF_runs/logs/qs_experiment_w2/phase3_grid_v2_grw_marketobs.status", "FAIL") end; write("/root/BF_runs/logs/qs_experiment_w2/phase3_grid_v2_grw_marketobs.notify", read("/root/BF_runs








julia>
ENV["QSX2_ONLY"] = "grw_marketobs"; started = time(); try include("experiments/scotland/06_qs_joint_and_market_observation/r05_grid.jl"); println("PHASE3_INCLUDE_RETURNED_grw_marketobs wall_s=", time()-started); write("/root/BF_runs/logs/qs_experiment_w2/phase3_grid_v2_grw_marketobs.status", "PASS") catch err; showerror(stderr, err, catch_backtrace()); println(stderr); println("PHASE3_FAIL_grw_marketobs wall_s=", time()-started); write("/root/BF_runs/logs/qs_experiment_w2/phase3_grid_v2_grw_marketobs.status", "FAIL") end; write("/root/BF_runs/logs/qs_experiment_w2/phase3_grid_v2_grw_marketobs.notify", read("/root/BF_runs/








julia>
ENV["QSX2_ONLY"] = "grw_marketobs"; started = time(); try include("experiments/scotland/06_qs_joint_and_market_observation/r05_grid.jl"); println("PHASE3_INCLUDE_RETURNED_grw_marketobs wall_s=", time()-started); write("/root/BF_runs/logs/qs_experiment_w2/phase3_grid_v2_grw_marketobs.status", "PASS") catch err; showerror(stderr, err, catch_backtrace()); println(stderr); println("PHASE3_FAIL_grw_marketobs wall_s=", time()-started); write("/root/BF_runs/logs/qs_experiment_w2/phase3_grid_v2_grw_marketobs.status", "FAIL") end; write("/root/BF_runs/logs/qs_experiment_w2/phase3_grid_v2_grw_marketobs.notify", read("/root/BF_runs/l








julia>
ENV["QSX2_ONLY"] = "grw_marketobs"; started = time(); try include("experiments/scotland/06_qs_joint_and_market_observation/r05_grid.jl"); println("PHASE3_INCLUDE_RETURNED_grw_marketobs wall_s=", time()-started); write("/root/BF_runs/logs/qs_experiment_w2/phase3_grid_v2_grw_marketobs.status", "PASS") catch err; showerror(stderr, err, catch_backtrace()); println(stderr); println("PHASE3_FAIL_grw_marketobs wall_s=", time()-started); write("/root/BF_runs/logs/qs_experiment_w2/phase3_grid_v2_grw_marketobs.status", "FAIL") end; write("/root/BF_runs/logs/qs_experiment_w2/phase3_grid_v2_grw_marketobs.notify", read("/root/BF_runs/lo








julia>
ENV["QSX2_ONLY"] = "grw_marketobs"; started = time(); try include("experiments/scotland/06_qs_joint_and_market_observation/r05_grid.jl"); println("PHASE3_INCLUDE_RETURNED_grw_marketobs wall_s=", time()-started); write("/root/BF_runs/logs/qs_experiment_w2/phase3_grid_v2_grw_marketobs.status", "PASS") catch err; showerror(stderr, err, catch_backtrace()); println(stderr); println("PHASE3_FAIL_grw_marketobs wall_s=", time()-started); write("/root/BF_runs/logs/qs_experiment_w2/phase3_grid_v2_grw_marketobs.status", "FAIL") end; write("/root/BF_runs/logs/qs_experiment_w2/phase3_grid_v2_grw_marketobs.notify", read("/root/BF_runs/log








julia>
ENV["QSX2_ONLY"] = "grw_marketobs"; started = time(); try include("experiments/scotland/06_qs_joint_and_market_observation/r05_grid.jl"); println("PHASE3_INCLUDE_RETURNED_grw_marketobs wall_s=", time()-started); write("/root/BF_runs/logs/qs_experiment_w2/phase3_grid_v2_grw_marketobs.status", "PASS") catch err; showerror(stderr, err, catch_backtrace()); println(stderr); println("PHASE3_FAIL_grw_marketobs wall_s=", time()-started); write("/root/BF_runs/logs/qs_experiment_w2/phase3_grid_v2_grw_marketobs.status", "FAIL") end; write("/root/BF_runs/logs/qs_experiment_w2/phase3_grid_v2_grw_marketobs.notify", read("/root/BF_runs/logs











julia>
ENV["QSX2_ONLY"] = "grw_marketobs"; started = time(); try include("experiments/scotland/06_qs_joint_and_market_observation/r05_grid.jl"); println("PHASE3_INCLUDE_RETURNED_grw_marketobs wall_s=", time()-started); write("/root/BF_runs/logs/qs_experiment_w2/phase3_grid_v2_grw_marketobs.status", "PASS") catch err; showerror(stderr, err, catch_backtrace()); println(stderr); println("PHASE3_FAIL_grw_marketobs wall_s=", time()-started); write("/root/BF_runs/logs/qs_experiment_w2/phase3_grid_v2_grw_marketobs.status", "FAIL") end; write("/root/BF_runs/logs/qs_experiment_w2/phase3_grid_v2_grw_marketobs.notify", read("/root/BF_runs/logs/









julia>
ENV["QSX2_ONLY"] = "grw_marketobs"; started = time(); try include("experiments/scotland/06_qs_joint_and_market_observation/r05_grid.jl"); println("PHASE3_INCLUDE_RETURNED_grw_marketobs wall_s=", time()-started); write("/root/BF_runs/logs/qs_experiment_w2/phase3_grid_v2_grw_marketobs.status", "PASS") catch err; showerror(stderr, err, catch_backtrace()); println(stderr); println("PHASE3_FAIL_grw_marketobs wall_s=", time()-started); write("/root/BF_runs/logs/qs_experiment_w2/phase3_grid_v2_grw_marketobs.status", "FAIL") end; write("/root/BF_runs/logs/qs_experiment_w2/phase3_grid_v2_grw_marketobs.notify", read("/root/BF_runs/logs/q









julia>
ENV["QSX2_ONLY"] = "grw_marketobs"; started = time(); try include("experiments/scotland/06_qs_joint_and_market_observation/r05_grid.jl"); println("PHASE3_INCLUDE_RETURNED_grw_marketobs wall_s=", time()-started); write("/root/BF_runs/logs/qs_experiment_w2/phase3_grid_v2_grw_marketobs.status", "PASS") catch err; showerror(stderr, err, catch_backtrace()); println(stderr); println("PHASE3_FAIL_grw_marketobs wall_s=", time()-started); write("/root/BF_runs/logs/qs_experiment_w2/phase3_grid_v2_grw_marketobs.status", "FAIL") end; write("/root/BF_runs/logs/qs_experiment_w2/phase3_grid_v2_grw_marketobs.notify", read("/root/BF_runs/logs/qs









julia>
ENV["QSX2_ONLY"] = "grw_marketobs"; started = time(); try include("experiments/scotland/06_qs_joint_and_market_observation/r05_grid.jl"); println("PHASE3_INCLUDE_RETURNED_grw_marketobs wall_s=", time()-started); write("/root/BF_runs/logs/qs_experiment_w2/phase3_grid_v2_grw_marketobs.status", "PASS") catch err; showerror(stderr, err, catch_backtrace()); println(stderr); println("PHASE3_FAIL_grw_marketobs wall_s=", time()-started); write("/root/BF_runs/logs/qs_experiment_w2/phase3_grid_v2_grw_marketobs.status", "FAIL") end; write("/root/BF_runs/logs/qs_experiment_w2/phase3_grid_v2_grw_marketobs.notify", read("/root/BF_runs/logs/qs_









julia>
ENV["QSX2_ONLY"] = "grw_marketobs"; started = time(); try include("experiments/scotland/06_qs_joint_and_market_observation/r05_grid.jl"); println("PHASE3_INCLUDE_RETURNED_grw_marketobs wall_s=", time()-started); write("/root/BF_runs/logs/qs_experiment_w2/phase3_grid_v2_grw_marketobs.status", "PASS") catch err; showerror(stderr, err, catch_backtrace()); println(stderr); println("PHASE3_FAIL_grw_marketobs wall_s=", time()-started); write("/root/BF_runs/logs/qs_experiment_w2/phase3_grid_v2_grw_marketobs.status", "FAIL") end; write("/root/BF_runs/logs/qs_experiment_w2/phase3_grid_v2_grw_marketobs.notify", read("/root/BF_runs/logs/qs_e









julia>
ENV["QSX2_ONLY"] = "grw_marketobs"; started = time(); try include("experiments/scotland/06_qs_joint_and_market_observation/r05_grid.jl"); println("PHASE3_INCLUDE_RETURNED_grw_marketobs wall_s=", time()-started); write("/root/BF_runs/logs/qs_experiment_w2/phase3_grid_v2_grw_marketobs.status", "PASS") catch err; showerror(stderr, err, catch_backtrace()); println(stderr); println("PHASE3_FAIL_grw_marketobs wall_s=", time()-started); write("/root/BF_runs/logs/qs_experiment_w2/phase3_grid_v2_grw_marketobs.status", "FAIL") end; write("/root/BF_runs/logs/qs_experiment_w2/phase3_grid_v2_grw_marketobs.notify", read("/root/BF_runs/logs/qs_ex









julia>
ENV["QSX2_ONLY"] = "grw_marketobs"; started = time(); try include("experiments/scotland/06_qs_joint_and_market_observation/r05_grid.jl"); println("PHASE3_INCLUDE_RETURNED_grw_marketobs wall_s=", time()-started); write("/root/BF_runs/logs/qs_experiment_w2/phase3_grid_v2_grw_marketobs.status", "PASS") catch err; showerror(stderr, err, catch_backtrace()); println(stderr); println("PHASE3_FAIL_grw_marketobs wall_s=", time()-started); write("/root/BF_runs/logs/qs_experiment_w2/phase3_grid_v2_grw_marketobs.status", "FAIL") end; write("/root/BF_runs/logs/qs_experiment_w2/phase3_grid_v2_grw_marketobs.notify", read("/root/BF_runs/logs/qs_exp









julia>
ENV["QSX2_ONLY"] = "grw_marketobs"; started = time(); try include("experiments/scotland/06_qs_joint_and_market_observation/r05_grid.jl"); println("PHASE3_INCLUDE_RETURNED_grw_marketobs wall_s=", time()-started); write("/root/BF_runs/logs/qs_experiment_w2/phase3_grid_v2_grw_marketobs.status", "PASS") catch err; showerror(stderr, err, catch_backtrace()); println(stderr); println("PHASE3_FAIL_grw_marketobs wall_s=", time()-started); write("/root/BF_runs/logs/qs_experiment_w2/phase3_grid_v2_grw_marketobs.status", "FAIL") end; write("/root/BF_runs/logs/qs_experiment_w2/phase3_grid_v2_grw_marketobs.notify", read("/root/BF_runs/logs/qs_expe









julia>
ENV["QSX2_ONLY"] = "grw_marketobs"; started = time(); try include("experiments/scotland/06_qs_joint_and_market_observation/r05_grid.jl"); println("PHASE3_INCLUDE_RETURNED_grw_marketobs wall_s=", time()-started); write("/root/BF_runs/logs/qs_experiment_w2/phase3_grid_v2_grw_marketobs.status", "PASS") catch err; showerror(stderr, err, catch_backtrace()); println(stderr); println("PHASE3_FAIL_grw_marketobs wall_s=", time()-started); write("/root/BF_runs/logs/qs_experiment_w2/phase3_grid_v2_grw_marketobs.status", "FAIL") end; write("/root/BF_runs/logs/qs_experiment_w2/phase3_grid_v2_grw_marketobs.notify", read("/root/BF_runs/logs/qs_exper









julia>
ENV["QSX2_ONLY"] = "grw_marketobs"; started = time(); try include("experiments/scotland/06_qs_joint_and_market_observation/r05_grid.jl"); println("PHASE3_INCLUDE_RETURNED_grw_marketobs wall_s=", time()-started); write("/root/BF_runs/logs/qs_experiment_w2/phase3_grid_v2_grw_marketobs.status", "PASS") catch err; showerror(stderr, err, catch_backtrace()); println(stderr); println("PHASE3_FAIL_grw_marketobs wall_s=", time()-started); write("/root/BF_runs/logs/qs_experiment_w2/phase3_grid_v2_grw_marketobs.status", "FAIL") end; write("/root/BF_runs/logs/qs_experiment_w2/phase3_grid_v2_grw_marketobs.notify", read("/root/BF_runs/logs/qs_experi









julia>
ENV["QSX2_ONLY"] = "grw_marketobs"; started = time(); try include("experiments/scotland/06_qs_joint_and_market_observation/r05_grid.jl"); println("PHASE3_INCLUDE_RETURNED_grw_marketobs wall_s=", time()-started); write("/root/BF_runs/logs/qs_experiment_w2/phase3_grid_v2_grw_marketobs.status", "PASS") catch err; showerror(stderr, err, catch_backtrace()); println(stderr); println("PHASE3_FAIL_grw_marketobs wall_s=", time()-started); write("/root/BF_runs/logs/qs_experiment_w2/phase3_grid_v2_grw_marketobs.status", "FAIL") end; write("/root/BF_runs/logs/qs_experiment_w2/phase3_grid_v2_grw_marketobs.notify", read("/root/BF_runs/logs/qs_experim









julia>
ENV["QSX2_ONLY"] = "grw_marketobs"; started = time(); try include("experiments/scotland/06_qs_joint_and_market_observation/r05_grid.jl"); println("PHASE3_INCLUDE_RETURNED_grw_marketobs wall_s=", time()-started); write("/root/BF_runs/logs/qs_experiment_w2/phase3_grid_v2_grw_marketobs.status", "PASS") catch err; showerror(stderr, err, catch_backtrace()); println(stderr); println("PHASE3_FAIL_grw_marketobs wall_s=", time()-started); write("/root/BF_runs/logs/qs_experiment_w2/phase3_grid_v2_grw_marketobs.status", "FAIL") end; write("/root/BF_runs/logs/qs_experiment_w2/phase3_grid_v2_grw_marketobs.notify", read("/root/BF_runs/logs/qs_experime









julia>
ENV["QSX2_ONLY"] = "grw_marketobs"; started = time(); try include("experiments/scotland/06_qs_joint_and_market_observation/r05_grid.jl"); println("PHASE3_INCLUDE_RETURNED_grw_marketobs wall_s=", time()-started); write("/root/BF_runs/logs/qs_experiment_w2/phase3_grid_v2_grw_marketobs.status", "PASS") catch err; showerror(stderr, err, catch_backtrace()); println(stderr); println("PHASE3_FAIL_grw_marketobs wall_s=", time()-started); write("/root/BF_runs/logs/qs_experiment_w2/phase3_grid_v2_grw_marketobs.status", "FAIL") end; write("/root/BF_runs/logs/qs_experiment_w2/phase3_grid_v2_grw_marketobs.notify", read("/root/BF_runs/logs/qs_experimen









julia>
ENV["QSX2_ONLY"] = "grw_marketobs"; started = time(); try include("experiments/scotland/06_qs_joint_and_market_observation/r05_grid.jl"); println("PHASE3_INCLUDE_RETURNED_grw_marketobs wall_s=", time()-started); write("/root/BF_runs/logs/qs_experiment_w2/phase3_grid_v2_grw_marketobs.status", "PASS") catch err; showerror(stderr, err, catch_backtrace()); println(stderr); println("PHASE3_FAIL_grw_marketobs wall_s=", time()-started); write("/root/BF_runs/logs/qs_experiment_w2/phase3_grid_v2_grw_marketobs.status", "FAIL") end; write("/root/BF_runs/logs/qs_experiment_w2/phase3_grid_v2_grw_marketobs.notify", read("/root/BF_runs/logs/qs_experiment









julia>
ENV["QSX2_ONLY"] = "grw_marketobs"; started = time(); try include("experiments/scotland/06_qs_joint_and_market_observation/r05_grid.jl"); println("PHASE3_INCLUDE_RETURNED_grw_marketobs wall_s=", time()-started); write("/root/BF_runs/logs/qs_experiment_w2/phase3_grid_v2_grw_marketobs.status", "PASS") catch err; showerror(stderr, err, catch_backtrace()); println(stderr); println("PHASE3_FAIL_grw_marketobs wall_s=", time()-started); write("/root/BF_runs/logs/qs_experiment_w2/phase3_grid_v2_grw_marketobs.status", "FAIL") end; write("/root/BF_runs/logs/qs_experiment_w2/phase3_grid_v2_grw_marketobs.notify", read("/root/BF_runs/logs/qs_experiment_









julia>
ENV["QSX2_ONLY"] = "grw_marketobs"; started = time(); try include("experiments/scotland/06_qs_joint_and_market_observation/r05_grid.jl"); println("PHASE3_INCLUDE_RETURNED_grw_marketobs wall_s=", time()-started); write("/root/BF_runs/logs/qs_experiment_w2/phase3_grid_v2_grw_marketobs.status", "PASS") catch err; showerror(stderr, err, catch_backtrace()); println(stderr); println("PHASE3_FAIL_grw_marketobs wall_s=", time()-started); write("/root/BF_runs/logs/qs_experiment_w2/phase3_grid_v2_grw_marketobs.status", "FAIL") end; write("/root/BF_runs/logs/qs_experiment_w2/phase3_grid_v2_grw_marketobs.notify", read("/root/BF_runs/logs/qs_experiment_w









julia>
ENV["QSX2_ONLY"] = "grw_marketobs"; started = time(); try include("experiments/scotland/06_qs_joint_and_market_observation/r05_grid.jl"); println("PHASE3_INCLUDE_RETURNED_grw_marketobs wall_s=", time()-started); write("/root/BF_runs/logs/qs_experiment_w2/phase3_grid_v2_grw_marketobs.status", "PASS") catch err; showerror(stderr, err, catch_backtrace()); println(stderr); println("PHASE3_FAIL_grw_marketobs wall_s=", time()-started); write("/root/BF_runs/logs/qs_experiment_w2/phase3_grid_v2_grw_marketobs.status", "FAIL") end; write("/root/BF_runs/logs/qs_experiment_w2/phase3_grid_v2_grw_marketobs.notify", read("/root/BF_runs/logs/qs_experiment_w2









julia>
ENV["QSX2_ONLY"] = "grw_marketobs"; started = time(); try include("experiments/scotland/06_qs_joint_and_market_observation/r05_grid.jl"); println("PHASE3_INCLUDE_RETURNED_grw_marketobs wall_s=", time()-started); write("/root/BF_runs/logs/qs_experiment_w2/phase3_grid_v2_grw_marketobs.status", "PASS") catch err; showerror(stderr, err, catch_backtrace()); println(stderr); println("PHASE3_FAIL_grw_marketobs wall_s=", time()-started); write("/root/BF_runs/logs/qs_experiment_w2/phase3_grid_v2_grw_marketobs.status", "FAIL") end; write("/root/BF_runs/logs/qs_experiment_w2/phase3_grid_v2_grw_marketobs.notify", read("/root/BF_runs/logs/qs_experiment_w2/









julia>
ENV["QSX2_ONLY"] = "grw_marketobs"; started = time(); try include("experiments/scotland/06_qs_joint_and_market_observation/r05_grid.jl"); println("PHASE3_INCLUDE_RETURNED_grw_marketobs wall_s=", time()-started); write("/root/BF_runs/logs/qs_experiment_w2/phase3_grid_v2_grw_marketobs.status", "PASS") catch err; showerror(stderr, err, catch_backtrace()); println(stderr); println("PHASE3_FAIL_grw_marketobs wall_s=", time()-started); write("/root/BF_runs/logs/qs_experiment_w2/phase3_grid_v2_grw_marketobs.status", "FAIL") end; write("/root/BF_runs/logs/qs_experiment_w2/phase3_grid_v2_grw_marketobs.notify", read("/root/BF_runs/logs/qs_experiment_w2/p









julia>
ENV["QSX2_ONLY"] = "grw_marketobs"; started = time(); try include("experiments/scotland/06_qs_joint_and_market_observation/r05_grid.jl"); println("PHASE3_INCLUDE_RETURNED_grw_marketobs wall_s=", time()-started); write("/root/BF_runs/logs/qs_experiment_w2/phase3_grid_v2_grw_marketobs.status", "PASS") catch err; showerror(stderr, err, catch_backtrace()); println(stderr); println("PHASE3_FAIL_grw_marketobs wall_s=", time()-started); write("/root/BF_runs/logs/qs_experiment_w2/phase3_grid_v2_grw_marketobs.status", "FAIL") end; write("/root/BF_runs/logs/qs_experiment_w2/phase3_grid_v2_grw_marketobs.notify", read("/root/BF_runs/logs/qs_experiment_w2/ph









julia>
ENV["QSX2_ONLY"] = "grw_marketobs"; started = time(); try include("experiments/scotland/06_qs_joint_and_market_observation/r05_grid.jl"); println("PHASE3_INCLUDE_RETURNED_grw_marketobs wall_s=", time()-started); write("/root/BF_runs/logs/qs_experiment_w2/phase3_grid_v2_grw_marketobs.status", "PASS") catch err; showerror(stderr, err, catch_backtrace()); println(stderr); println("PHASE3_FAIL_grw_marketobs wall_s=", time()-started); write("/root/BF_runs/logs/qs_experiment_w2/phase3_grid_v2_grw_marketobs.status", "FAIL") end; write("/root/BF_runs/logs/qs_experiment_w2/phase3_grid_v2_grw_marketobs.notify", read("/root/BF_runs/logs/qs_experiment_w2/pha









julia>
ENV["QSX2_ONLY"] = "grw_marketobs"; started = time(); try include("experiments/scotland/06_qs_joint_and_market_observation/r05_grid.jl"); println("PHASE3_INCLUDE_RETURNED_grw_marketobs wall_s=", time()-started); write("/root/BF_runs/logs/qs_experiment_w2/phase3_grid_v2_grw_marketobs.status", "PASS") catch err; showerror(stderr, err, catch_backtrace()); println(stderr); println("PHASE3_FAIL_grw_marketobs wall_s=", time()-started); write("/root/BF_runs/logs/qs_experiment_w2/phase3_grid_v2_grw_marketobs.status", "FAIL") end; write("/root/BF_runs/logs/qs_experiment_w2/phase3_grid_v2_grw_marketobs.notify", read("/root/BF_runs/logs/qs_experiment_w2/phas









julia>
ENV["QSX2_ONLY"] = "grw_marketobs"; started = time(); try include("experiments/scotland/06_qs_joint_and_market_observation/r05_grid.jl"); println("PHASE3_INCLUDE_RETURNED_grw_marketobs wall_s=", time()-started); write("/root/BF_runs/logs/qs_experiment_w2/phase3_grid_v2_grw_marketobs.status", "PASS") catch err; showerror(stderr, err, catch_backtrace()); println(stderr); println("PHASE3_FAIL_grw_marketobs wall_s=", time()-started); write("/root/BF_runs/logs/qs_experiment_w2/phase3_grid_v2_grw_marketobs.status", "FAIL") end; write("/root/BF_runs/logs/qs_experiment_w2/phase3_grid_v2_grw_marketobs.notify", read("/root/BF_runs/logs/qs_experiment_w2/phase









julia>
ENV["QSX2_ONLY"] = "grw_marketobs"; started = time(); try include("experiments/scotland/06_qs_joint_and_market_observation/r05_grid.jl"); println("PHASE3_INCLUDE_RETURNED_grw_marketobs wall_s=", time()-started); write("/root/BF_runs/logs/qs_experiment_w2/phase3_grid_v2_grw_marketobs.status", "PASS") catch err; showerror(stderr, err, catch_backtrace()); println(stderr); println("PHASE3_FAIL_grw_marketobs wall_s=", time()-started); write("/root/BF_runs/logs/qs_experiment_w2/phase3_grid_v2_grw_marketobs.status", "FAIL") end; write("/root/BF_runs/logs/qs_experiment_w2/phase3_grid_v2_grw_marketobs.notify", read("/root/BF_runs/logs/qs_experiment_w2/phase3









julia>
ENV["QSX2_ONLY"] = "grw_marketobs"; started = time(); try include("experiments/scotland/06_qs_joint_and_market_observation/r05_grid.jl"); println("PHASE3_INCLUDE_RETURNED_grw_marketobs wall_s=", time()-started); write("/root/BF_runs/logs/qs_experiment_w2/phase3_grid_v2_grw_marketobs.status", "PASS") catch err; showerror(stderr, err, catch_backtrace()); println(stderr); println("PHASE3_FAIL_grw_marketobs wall_s=", time()-started); write("/root/BF_runs/logs/qs_experiment_w2/phase3_grid_v2_grw_marketobs.status", "FAIL") end; write("/root/BF_runs/logs/qs_experiment_w2/phase3_grid_v2_grw_marketobs.notify", read("/root/BF_runs/logs/qs_experiment_w2/phase3_









julia>
ENV["QSX2_ONLY"] = "grw_marketobs"; started = time(); try include("experiments/scotland/06_qs_joint_and_market_observation/r05_grid.jl"); println("PHASE3_INCLUDE_RETURNED_grw_marketobs wall_s=", time()-started); write("/root/BF_runs/logs/qs_experiment_w2/phase3_grid_v2_grw_marketobs.status", "PASS") catch err; showerror(stderr, err, catch_backtrace()); println(stderr); println("PHASE3_FAIL_grw_marketobs wall_s=", time()-started); write("/root/BF_runs/logs/qs_experiment_w2/phase3_grid_v2_grw_marketobs.status", "FAIL") end; write("/root/BF_runs/logs/qs_experiment_w2/phase3_grid_v2_grw_marketobs.notify", read("/root/BF_runs/logs/qs_experiment_w2/phase3_g









julia>
ENV["QSX2_ONLY"] = "grw_marketobs"; started = time(); try include("experiments/scotland/06_qs_joint_and_market_observation/r05_grid.jl"); println("PHASE3_INCLUDE_RETURNED_grw_marketobs wall_s=", time()-started); write("/root/BF_runs/logs/qs_experiment_w2/phase3_grid_v2_grw_marketobs.status", "PASS") catch err; showerror(stderr, err, catch_backtrace()); println(stderr); println("PHASE3_FAIL_grw_marketobs wall_s=", time()-started); write("/root/BF_runs/logs/qs_experiment_w2/phase3_grid_v2_grw_marketobs.status", "FAIL") end; write("/root/BF_runs/logs/qs_experiment_w2/phase3_grid_v2_grw_marketobs.notify", read("/root/BF_runs/logs/qs_experiment_w2/phase3_gr









julia>
ENV["QSX2_ONLY"] = "grw_marketobs"; started = time(); try include("experiments/scotland/06_qs_joint_and_market_observation/r05_grid.jl"); println("PHASE3_INCLUDE_RETURNED_grw_marketobs wall_s=", time()-started); write("/root/BF_runs/logs/qs_experiment_w2/phase3_grid_v2_grw_marketobs.status", "PASS") catch err; showerror(stderr, err, catch_backtrace()); println(stderr); println("PHASE3_FAIL_grw_marketobs wall_s=", time()-started); write("/root/BF_runs/logs/qs_experiment_w2/phase3_grid_v2_grw_marketobs.status", "FAIL") end; write("/root/BF_runs/logs/qs_experiment_w2/phase3_grid_v2_grw_marketobs.notify", read("/root/BF_runs/logs/qs_experiment_w2/phase3_gri









julia>
ENV["QSX2_ONLY"] = "grw_marketobs"; started = time(); try include("experiments/scotland/06_qs_joint_and_market_observation/r05_grid.jl"); println("PHASE3_INCLUDE_RETURNED_grw_marketobs wall_s=", time()-started); write("/root/BF_runs/logs/qs_experiment_w2/phase3_grid_v2_grw_marketobs.status", "PASS") catch err; showerror(stderr, err, catch_backtrace()); println(stderr); println("PHASE3_FAIL_grw_marketobs wall_s=", time()-started); write("/root/BF_runs/logs/qs_experiment_w2/phase3_grid_v2_grw_marketobs.status", "FAIL") end; write("/root/BF_runs/logs/qs_experiment_w2/phase3_grid_v2_grw_marketobs.notify", read("/root/BF_runs/logs/qs_experiment_w2/phase3_grid









julia>
ENV["QSX2_ONLY"] = "grw_marketobs"; started = time(); try include("experiments/scotland/06_qs_joint_and_market_observation/r05_grid.jl"); println("PHASE3_INCLUDE_RETURNED_grw_marketobs wall_s=", time()-started); write("/root/BF_runs/logs/qs_experiment_w2/phase3_grid_v2_grw_marketobs.status", "PASS") catch err; showerror(stderr, err, catch_backtrace()); println(stderr); println("PHASE3_FAIL_grw_marketobs wall_s=", time()-started); write("/root/BF_runs/logs/qs_experiment_w2/phase3_grid_v2_grw_marketobs.status", "FAIL") end; write("/root/BF_runs/logs/qs_experiment_w2/phase3_grid_v2_grw_marketobs.notify", read("/root/BF_runs/logs/qs_experiment_w2/phase3_grid_









julia>
ENV["QSX2_ONLY"] = "grw_marketobs"; started = time(); try include("experiments/scotland/06_qs_joint_and_market_observation/r05_grid.jl"); println("PHASE3_INCLUDE_RETURNED_grw_marketobs wall_s=", time()-started); write("/root/BF_runs/logs/qs_experiment_w2/phase3_grid_v2_grw_marketobs.status", "PASS") catch err; showerror(stderr, err, catch_backtrace()); println(stderr); println("PHASE3_FAIL_grw_marketobs wall_s=", time()-started); write("/root/BF_runs/logs/qs_experiment_w2/phase3_grid_v2_grw_marketobs.status", "FAIL") end; write("/root/BF_runs/logs/qs_experiment_w2/phase3_grid_v2_grw_marketobs.notify", read("/root/BF_runs/logs/qs_experiment_w2/phase3_grid_v









julia>
ENV["QSX2_ONLY"] = "grw_marketobs"; started = time(); try include("experiments/scotland/06_qs_joint_and_market_observation/r05_grid.jl"); println("PHASE3_INCLUDE_RETURNED_grw_marketobs wall_s=", time()-started); write("/root/BF_runs/logs/qs_experiment_w2/phase3_grid_v2_grw_marketobs.status", "PASS") catch err; showerror(stderr, err, catch_backtrace()); println(stderr); println("PHASE3_FAIL_grw_marketobs wall_s=", time()-started); write("/root/BF_runs/logs/qs_experiment_w2/phase3_grid_v2_grw_marketobs.status", "FAIL") end; write("/root/BF_runs/logs/qs_experiment_w2/phase3_grid_v2_grw_marketobs.notify", read("/root/BF_runs/logs/qs_experiment_w2/phase3_grid_v2









julia>
ENV["QSX2_ONLY"] = "grw_marketobs"; started = time(); try include("experiments/scotland/06_qs_joint_and_market_observation/r05_grid.jl"); println("PHASE3_INCLUDE_RETURNED_grw_marketobs wall_s=", time()-started); write("/root/BF_runs/logs/qs_experiment_w2/phase3_grid_v2_grw_marketobs.status", "PASS") catch err; showerror(stderr, err, catch_backtrace()); println(stderr); println("PHASE3_FAIL_grw_marketobs wall_s=", time()-started); write("/root/BF_runs/logs/qs_experiment_w2/phase3_grid_v2_grw_marketobs.status", "FAIL") end; write("/root/BF_runs/logs/qs_experiment_w2/phase3_grid_v2_grw_marketobs.notify", read("/root/BF_runs/logs/qs_experiment_w2/phase3_grid_v2_









julia>
ENV["QSX2_ONLY"] = "grw_marketobs"; started = time(); try include("experiments/scotland/06_qs_joint_and_market_observation/r05_grid.jl"); println("PHASE3_INCLUDE_RETURNED_grw_marketobs wall_s=", time()-started); write("/root/BF_runs/logs/qs_experiment_w2/phase3_grid_v2_grw_marketobs.status", "PASS") catch err; showerror(stderr, err, catch_backtrace()); println(stderr); println("PHASE3_FAIL_grw_marketobs wall_s=", time()-started); write("/root/BF_runs/logs/qs_experiment_w2/phase3_grid_v2_grw_marketobs.status", "FAIL") end; write("/root/BF_runs/logs/qs_experiment_w2/phase3_grid_v2_grw_marketobs.notify", read("/root/BF_runs/logs/qs_experiment_w2/phase3_grid_v2_g









julia>
ENV["QSX2_ONLY"] = "grw_marketobs"; started = time(); try include("experiments/scotland/06_qs_joint_and_market_observation/r05_grid.jl"); println("PHASE3_INCLUDE_RETURNED_grw_marketobs wall_s=", time()-started); write("/root/BF_runs/logs/qs_experiment_w2/phase3_grid_v2_grw_marketobs.status", "PASS") catch err; showerror(stderr, err, catch_backtrace()); println(stderr); println("PHASE3_FAIL_grw_marketobs wall_s=", time()-started); write("/root/BF_runs/logs/qs_experiment_w2/phase3_grid_v2_grw_marketobs.status", "FAIL") end; write("/root/BF_runs/logs/qs_experiment_w2/phase3_grid_v2_grw_marketobs.notify", read("/root/BF_runs/logs/qs_experiment_w2/phase3_grid_v2_gr









julia>
ENV["QSX2_ONLY"] = "grw_marketobs"; started = time(); try include("experiments/scotland/06_qs_joint_and_market_observation/r05_grid.jl"); println("PHASE3_INCLUDE_RETURNED_grw_marketobs wall_s=", time()-started); write("/root/BF_runs/logs/qs_experiment_w2/phase3_grid_v2_grw_marketobs.status", "PASS") catch err; showerror(stderr, err, catch_backtrace()); println(stderr); println("PHASE3_FAIL_grw_marketobs wall_s=", time()-started); write("/root/BF_runs/logs/qs_experiment_w2/phase3_grid_v2_grw_marketobs.status", "FAIL") end; write("/root/BF_runs/logs/qs_experiment_w2/phase3_grid_v2_grw_marketobs.notify", read("/root/BF_runs/logs/qs_experiment_w2/phase3_grid_v2_grw









julia>
ENV["QSX2_ONLY"] = "grw_marketobs"; started = time(); try include("experiments/scotland/06_qs_joint_and_market_observation/r05_grid.jl"); println("PHASE3_INCLUDE_RETURNED_grw_marketobs wall_s=", time()-started); write("/root/BF_runs/logs/qs_experiment_w2/phase3_grid_v2_grw_marketobs.status", "PASS") catch err; showerror(stderr, err, catch_backtrace()); println(stderr); println("PHASE3_FAIL_grw_marketobs wall_s=", time()-started); write("/root/BF_runs/logs/qs_experiment_w2/phase3_grid_v2_grw_marketobs.status", "FAIL") end; write("/root/BF_runs/logs/qs_experiment_w2/phase3_grid_v2_grw_marketobs.notify", read("/root/BF_runs/logs/qs_experiment_w2/phase3_grid_v2_grw_









julia>
ENV["QSX2_ONLY"] = "grw_marketobs"; started = time(); try include("experiments/scotland/06_qs_joint_and_market_observation/r05_grid.jl"); println("PHASE3_INCLUDE_RETURNED_grw_marketobs wall_s=", time()-started); write("/root/BF_runs/logs/qs_experiment_w2/phase3_grid_v2_grw_marketobs.status", "PASS") catch err; showerror(stderr, err, catch_backtrace()); println(stderr); println("PHASE3_FAIL_grw_marketobs wall_s=", time()-started); write("/root/BF_runs/logs/qs_experiment_w2/phase3_grid_v2_grw_marketobs.status", "FAIL") end; write("/root/BF_runs/logs/qs_experiment_w2/phase3_grid_v2_grw_marketobs.notify", read("/root/BF_runs/logs/qs_experiment_w2/phase3_grid_v2_grw_m









julia>
ENV["QSX2_ONLY"] = "grw_marketobs"; started = time(); try include("experiments/scotland/06_qs_joint_and_market_observation/r05_grid.jl"); println("PHASE3_INCLUDE_RETURNED_grw_marketobs wall_s=", time()-started); write("/root/BF_runs/logs/qs_experiment_w2/phase3_grid_v2_grw_marketobs.status", "PASS") catch err; showerror(stderr, err, catch_backtrace()); println(stderr); println("PHASE3_FAIL_grw_marketobs wall_s=", time()-started); write("/root/BF_runs/logs/qs_experiment_w2/phase3_grid_v2_grw_marketobs.status", "FAIL") end; write("/root/BF_runs/logs/qs_experiment_w2/phase3_grid_v2_grw_marketobs.notify", read("/root/BF_runs/logs/qs_experiment_w2/phase3_grid_v2_grw_ma









julia>
ENV["QSX2_ONLY"] = "grw_marketobs"; started = time(); try include("experiments/scotland/06_qs_joint_and_market_observation/r05_grid.jl"); println("PHASE3_INCLUDE_RETURNED_grw_marketobs wall_s=", time()-started); write("/root/BF_runs/logs/qs_experiment_w2/phase3_grid_v2_grw_marketobs.status", "PASS") catch err; showerror(stderr, err, catch_backtrace()); println(stderr); println("PHASE3_FAIL_grw_marketobs wall_s=", time()-started); write("/root/BF_runs/logs/qs_experiment_w2/phase3_grid_v2_grw_marketobs.status", "FAIL") end; write("/root/BF_runs/logs/qs_experiment_w2/phase3_grid_v2_grw_marketobs.notify", read("/root/BF_runs/logs/qs_experiment_w2/phase3_grid_v2_grw_mar









julia>
ENV["QSX2_ONLY"] = "grw_marketobs"; started = time(); try include("experiments/scotland/06_qs_joint_and_market_observation/r05_grid.jl"); println("PHASE3_INCLUDE_RETURNED_grw_marketobs wall_s=", time()-started); write("/root/BF_runs/logs/qs_experiment_w2/phase3_grid_v2_grw_marketobs.status", "PASS") catch err; showerror(stderr, err, catch_backtrace()); println(stderr); println("PHASE3_FAIL_grw_marketobs wall_s=", time()-started); write("/root/BF_runs/logs/qs_experiment_w2/phase3_grid_v2_grw_marketobs.status", "FAIL") end; write("/root/BF_runs/logs/qs_experiment_w2/phase3_grid_v2_grw_marketobs.notify", read("/root/BF_runs/logs/qs_experiment_w2/phase3_grid_v2_grw_mark









julia>
ENV["QSX2_ONLY"] = "grw_marketobs"; started = time(); try include("experiments/scotland/06_qs_joint_and_market_observation/r05_grid.jl"); println("PHASE3_INCLUDE_RETURNED_grw_marketobs wall_s=", time()-started); write("/root/BF_runs/logs/qs_experiment_w2/phase3_grid_v2_grw_marketobs.status", "PASS") catch err; showerror(stderr, err, catch_backtrace()); println(stderr); println("PHASE3_FAIL_grw_marketobs wall_s=", time()-started); write("/root/BF_runs/logs/qs_experiment_w2/phase3_grid_v2_grw_marketobs.status", "FAIL") end; write("/root/BF_runs/logs/qs_experiment_w2/phase3_grid_v2_grw_marketobs.notify", read("/root/BF_runs/logs/qs_experiment_w2/phase3_grid_v2_grw_marke









julia>
ENV["QSX2_ONLY"] = "grw_marketobs"; started = time(); try include("experiments/scotland/06_qs_joint_and_market_observation/r05_grid.jl"); println("PHASE3_INCLUDE_RETURNED_grw_marketobs wall_s=", time()-started); write("/root/BF_runs/logs/qs_experiment_w2/phase3_grid_v2_grw_marketobs.status", "PASS") catch err; showerror(stderr, err, catch_backtrace()); println(stderr); println("PHASE3_FAIL_grw_marketobs wall_s=", time()-started); write("/root/BF_runs/logs/qs_experiment_w2/phase3_grid_v2_grw_marketobs.status", "FAIL") end; write("/root/BF_runs/logs/qs_experiment_w2/phase3_grid_v2_grw_marketobs.notify", read("/root/BF_runs/logs/qs_experiment_w2/phase3_grid_v2_grw_market









julia>
ENV["QSX2_ONLY"] = "grw_marketobs"; started = time(); try include("experiments/scotland/06_qs_joint_and_market_observation/r05_grid.jl"); println("PHASE3_INCLUDE_RETURNED_grw_marketobs wall_s=", time()-started); write("/root/BF_runs/logs/qs_experiment_w2/phase3_grid_v2_grw_marketobs.status", "PASS") catch err; showerror(stderr, err, catch_backtrace()); println(stderr); println("PHASE3_FAIL_grw_marketobs wall_s=", time()-started); write("/root/BF_runs/logs/qs_experiment_w2/phase3_grid_v2_grw_marketobs.status", "FAIL") end; write("/root/BF_runs/logs/qs_experiment_w2/phase3_grid_v2_grw_marketobs.notify", read("/root/BF_runs/logs/qs_experiment_w2/phase3_grid_v2_grw_marketo









julia>
ENV["QSX2_ONLY"] = "grw_marketobs"; started = time(); try include("experiments/scotland/06_qs_joint_and_market_observation/r05_grid.jl"); println("PHASE3_INCLUDE_RETURNED_grw_marketobs wall_s=", time()-started); write("/root/BF_runs/logs/qs_experiment_w2/phase3_grid_v2_grw_marketobs.status", "PASS") catch err; showerror(stderr, err, catch_backtrace()); println(stderr); println("PHASE3_FAIL_grw_marketobs wall_s=", time()-started); write("/root/BF_runs/logs/qs_experiment_w2/phase3_grid_v2_grw_marketobs.status", "FAIL") end; write("/root/BF_runs/logs/qs_experiment_w2/phase3_grid_v2_grw_marketobs.notify", read("/root/BF_runs/logs/qs_experiment_w2/phase3_grid_v2_grw_marketob









julia>
ENV["QSX2_ONLY"] = "grw_marketobs"; started = time(); try include("experiments/scotland/06_qs_joint_and_market_observation/r05_grid.jl"); println("PHASE3_INCLUDE_RETURNED_grw_marketobs wall_s=", time()-started); write("/root/BF_runs/logs/qs_experiment_w2/phase3_grid_v2_grw_marketobs.status", "PASS") catch err; showerror(stderr, err, catch_backtrace()); println(stderr); println("PHASE3_FAIL_grw_marketobs wall_s=", time()-started); write("/root/BF_runs/logs/qs_experiment_w2/phase3_grid_v2_grw_marketobs.status", "FAIL") end; write("/root/BF_runs/logs/qs_experiment_w2/phase3_grid_v2_grw_marketobs.notify", read("/root/BF_runs/logs/qs_experiment_w2/phase3_grid_v2_grw_marketobs









julia>
ENV["QSX2_ONLY"] = "grw_marketobs"; started = time(); try include("experiments/scotland/06_qs_joint_and_market_observation/r05_grid.jl"); println("PHASE3_INCLUDE_RETURNED_grw_marketobs wall_s=", time()-started); write("/root/BF_runs/logs/qs_experiment_w2/phase3_grid_v2_grw_marketobs.status", "PASS") catch err; showerror(stderr, err, catch_backtrace()); println(stderr); println("PHASE3_FAIL_grw_marketobs wall_s=", time()-started); write("/root/BF_runs/logs/qs_experiment_w2/phase3_grid_v2_grw_marketobs.status", "FAIL") end; write("/root/BF_runs/logs/qs_experiment_w2/phase3_grid_v2_grw_marketobs.notify", read("/root/BF_runs/logs/qs_experiment_w2/phase3_grid_v2_grw_marketobs.









julia>
ENV["QSX2_ONLY"] = "grw_marketobs"; started = time(); try include("experiments/scotland/06_qs_joint_and_market_observation/r05_grid.jl"); println("PHASE3_INCLUDE_RETURNED_grw_marketobs wall_s=", time()-started); write("/root/BF_runs/logs/qs_experiment_w2/phase3_grid_v2_grw_marketobs.status", "PASS") catch err; showerror(stderr, err, catch_backtrace()); println(stderr); println("PHASE3_FAIL_grw_marketobs wall_s=", time()-started); write("/root/BF_runs/logs/qs_experiment_w2/phase3_grid_v2_grw_marketobs.status", "FAIL") end; write("/root/BF_runs/logs/qs_experiment_w2/phase3_grid_v2_grw_marketobs.notify", read("/root/BF_runs/logs/qs_experiment_w2/phase3_grid_v2_grw_marketobs.s









julia>
ENV["QSX2_ONLY"] = "grw_marketobs"; started = time(); try include("experiments/scotland/06_qs_joint_and_market_observation/r05_grid.jl"); println("PHASE3_INCLUDE_RETURNED_grw_marketobs wall_s=", time()-started); write("/root/BF_runs/logs/qs_experiment_w2/phase3_grid_v2_grw_marketobs.status", "PASS") catch err; showerror(stderr, err, catch_backtrace()); println(stderr); println("PHASE3_FAIL_grw_marketobs wall_s=", time()-started); write("/root/BF_runs/logs/qs_experiment_w2/phase3_grid_v2_grw_marketobs.status", "FAIL") end; write("/root/BF_runs/logs/qs_experiment_w2/phase3_grid_v2_grw_marketobs.notify", read("/root/BF_runs/logs/qs_experiment_w2/phase3_grid_v2_grw_marketobs.st









julia>
ENV["QSX2_ONLY"] = "grw_marketobs"; started = time(); try include("experiments/scotland/06_qs_joint_and_market_observation/r05_grid.jl"); println("PHASE3_INCLUDE_RETURNED_grw_marketobs wall_s=", time()-started); write("/root/BF_runs/logs/qs_experiment_w2/phase3_grid_v2_grw_marketobs.status", "PASS") catch err; showerror(stderr, err, catch_backtrace()); println(stderr); println("PHASE3_FAIL_grw_marketobs wall_s=", time()-started); write("/root/BF_runs/logs/qs_experiment_w2/phase3_grid_v2_grw_marketobs.status", "FAIL") end; write("/root/BF_runs/logs/qs_experiment_w2/phase3_grid_v2_grw_marketobs.notify", read("/root/BF_runs/logs/qs_experiment_w2/phase3_grid_v2_grw_marketobs.sta









julia>
ENV["QSX2_ONLY"] = "grw_marketobs"; started = time(); try include("experiments/scotland/06_qs_joint_and_market_observation/r05_grid.jl"); println("PHASE3_INCLUDE_RETURNED_grw_marketobs wall_s=", time()-started); write("/root/BF_runs/logs/qs_experiment_w2/phase3_grid_v2_grw_marketobs.status", "PASS") catch err; showerror(stderr, err, catch_backtrace()); println(stderr); println("PHASE3_FAIL_grw_marketobs wall_s=", time()-started); write("/root/BF_runs/logs/qs_experiment_w2/phase3_grid_v2_grw_marketobs.status", "FAIL") end; write("/root/BF_runs/logs/qs_experiment_w2/phase3_grid_v2_grw_marketobs.notify", read("/root/BF_runs/logs/qs_experiment_w2/phase3_grid_v2_grw_marketobs.stat









julia>
ENV["QSX2_ONLY"] = "grw_marketobs"; started = time(); try include("experiments/scotland/06_qs_joint_and_market_observation/r05_grid.jl"); println("PHASE3_INCLUDE_RETURNED_grw_marketobs wall_s=", time()-started); write("/root/BF_runs/logs/qs_experiment_w2/phase3_grid_v2_grw_marketobs.status", "PASS") catch err; showerror(stderr, err, catch_backtrace()); println(stderr); println("PHASE3_FAIL_grw_marketobs wall_s=", time()-started); write("/root/BF_runs/logs/qs_experiment_w2/phase3_grid_v2_grw_marketobs.status", "FAIL") end; write("/root/BF_runs/logs/qs_experiment_w2/phase3_grid_v2_grw_marketobs.notify", read("/root/BF_runs/logs/qs_experiment_w2/phase3_grid_v2_grw_marketobs.statu









julia>
ENV["QSX2_ONLY"] = "grw_marketobs"; started = time(); try include("experiments/scotland/06_qs_joint_and_market_observation/r05_grid.jl"); println("PHASE3_INCLUDE_RETURNED_grw_marketobs wall_s=", time()-started); write("/root/BF_runs/logs/qs_experiment_w2/phase3_grid_v2_grw_marketobs.status", "PASS") catch err; showerror(stderr, err, catch_backtrace()); println(stderr); println("PHASE3_FAIL_grw_marketobs wall_s=", time()-started); write("/root/BF_runs/logs/qs_experiment_w2/phase3_grid_v2_grw_marketobs.status", "FAIL") end; write("/root/BF_runs/logs/qs_experiment_w2/phase3_grid_v2_grw_marketobs.notify", read("/root/BF_runs/logs/qs_experiment_w2/phase3_grid_v2_grw_marketobs.status









julia>
ENV["QSX2_ONLY"] = "grw_marketobs"; started = time(); try include("experiments/scotland/06_qs_joint_and_market_observation/r05_grid.jl"); println("PHASE3_INCLUDE_RETURNED_grw_marketobs wall_s=", time()-started); write("/root/BF_runs/logs/qs_experiment_w2/phase3_grid_v2_grw_marketobs.status", "PASS") catch err; showerror(stderr, err, catch_backtrace()); println(stderr); println("PHASE3_FAIL_grw_marketobs wall_s=", time()-started); write("/root/BF_runs/logs/qs_experiment_w2/phase3_grid_v2_grw_marketobs.status", "FAIL") end; write("/root/BF_runs/logs/qs_experiment_w2/phase3_grid_v2_grw_marketobs.notify", read("/root/BF_runs/logs/qs_experiment_w2/phase3_grid_v2_grw_marketobs.status"









julia>
ENV["QSX2_ONLY"] = "grw_marketobs"; started = time(); try include("experiments/scotland/06_qs_joint_and_market_observation/r05_grid.jl"); println("PHASE3_INCLUDE_RETURNED_grw_marketobs wall_s=", time()-started); write("/root/BF_runs/logs/qs_experiment_w2/phase3_grid_v2_grw_marketobs.status", "PASS") catch err; showerror(stderr, err, catch_backtrace()); println(stderr); println("PHASE3_FAIL_grw_marketobs wall_s=", time()-started); write("/root/BF_runs/logs/qs_experiment_w2/phase3_grid_v2_grw_marketobs.status", "FAIL") end; write("/root/BF_runs/logs/qs_experiment_w2/phase3_grid_v2_grw_marketobs.notify", read("/root/BF_runs/logs/qs_experiment_w2/phase3_grid_v2_grw_marketobs.status",









julia>
ENV["QSX2_ONLY"] = "grw_marketobs"; started = time(); try include("experiments/scotland/06_qs_joint_and_market_observation/r05_grid.jl"); println("PHASE3_INCLUDE_RETURNED_grw_marketobs wall_s=", time()-started); write("/root/BF_runs/logs/qs_experiment_w2/phase3_grid_v2_grw_marketobs.status", "PASS") catch err; showerror(stderr, err, catch_backtrace()); println(stderr); println("PHASE3_FAIL_grw_marketobs wall_s=", time()-started); write("/root/BF_runs/logs/qs_experiment_w2/phase3_grid_v2_grw_marketobs.status", "FAIL") end; write("/root/BF_runs/logs/qs_experiment_w2/phase3_grid_v2_grw_marketobs.notify", read("/root/BF_runs/logs/qs_experiment_w2/phase3_grid_v2_grw_marketobs.status",









julia>
ENV["QSX2_ONLY"] = "grw_marketobs"; started = time(); try include("experiments/scotland/06_qs_joint_and_market_observation/r05_grid.jl"); println("PHASE3_INCLUDE_RETURNED_grw_marketobs wall_s=", time()-started); write("/root/BF_runs/logs/qs_experiment_w2/phase3_grid_v2_grw_marketobs.status", "PASS") catch err; showerror(stderr, err, catch_backtrace()); println(stderr); println("PHASE3_FAIL_grw_marketobs wall_s=", time()-started); write("/root/BF_runs/logs/qs_experiment_w2/phase3_grid_v2_grw_marketobs.status", "FAIL") end; write("/root/BF_runs/logs/qs_experiment_w2/phase3_grid_v2_grw_marketobs.notify", read("/root/BF_runs/logs/qs_experiment_w2/phase3_grid_v2_grw_marketobs.status", S









julia>
ENV["QSX2_ONLY"] = "grw_marketobs"; started = time(); try include("experiments/scotland/06_qs_joint_and_market_observation/r05_grid.jl"); println("PHASE3_INCLUDE_RETURNED_grw_marketobs wall_s=", time()-started); write("/root/BF_runs/logs/qs_experiment_w2/phase3_grid_v2_grw_marketobs.status", "PASS") catch err; showerror(stderr, err, catch_backtrace()); println(stderr); println("PHASE3_FAIL_grw_marketobs wall_s=", time()-started); write("/root/BF_runs/logs/qs_experiment_w2/phase3_grid_v2_grw_marketobs.status", "FAIL") end; write("/root/BF_runs/logs/qs_experiment_w2/phase3_grid_v2_grw_marketobs.notify", read("/root/BF_runs/logs/qs_experiment_w2/phase3_grid_v2_grw_marketobs.status", St









julia>
ENV["QSX2_ONLY"] = "grw_marketobs"; started = time(); try include("experiments/scotland/06_qs_joint_and_market_observation/r05_grid.jl"); println("PHASE3_INCLUDE_RETURNED_grw_marketobs wall_s=", time()-started); write("/root/BF_runs/logs/qs_experiment_w2/phase3_grid_v2_grw_marketobs.status", "PASS") catch err; showerror(stderr, err, catch_backtrace()); println(stderr); println("PHASE3_FAIL_grw_marketobs wall_s=", time()-started); write("/root/BF_runs/logs/qs_experiment_w2/phase3_grid_v2_grw_marketobs.status", "FAIL") end; write("/root/BF_runs/logs/qs_experiment_w2/phase3_grid_v2_grw_marketobs.notify", read("/root/BF_runs/logs/qs_experiment_w2/phase3_grid_v2_grw_marketobs.status", Str









julia>
ENV["QSX2_ONLY"] = "grw_marketobs"; started = time(); try include("experiments/scotland/06_qs_joint_and_market_observation/r05_grid.jl"); println("PHASE3_INCLUDE_RETURNED_grw_marketobs wall_s=", time()-started); write("/root/BF_runs/logs/qs_experiment_w2/phase3_grid_v2_grw_marketobs.status", "PASS") catch err; showerror(stderr, err, catch_backtrace()); println(stderr); println("PHASE3_FAIL_grw_marketobs wall_s=", time()-started); write("/root/BF_runs/logs/qs_experiment_w2/phase3_grid_v2_grw_marketobs.status", "FAIL") end; write("/root/BF_runs/logs/qs_experiment_w2/phase3_grid_v2_grw_marketobs.notify", read("/root/BF_runs/logs/qs_experiment_w2/phase3_grid_v2_grw_marketobs.status", Stri









julia>
ENV["QSX2_ONLY"] = "grw_marketobs"; started = time(); try include("experiments/scotland/06_qs_joint_and_market_observation/r05_grid.jl"); println("PHASE3_INCLUDE_RETURNED_grw_marketobs wall_s=", time()-started); write("/root/BF_runs/logs/qs_experiment_w2/phase3_grid_v2_grw_marketobs.status", "PASS") catch err; showerror(stderr, err, catch_backtrace()); println(stderr); println("PHASE3_FAIL_grw_marketobs wall_s=", time()-started); write("/root/BF_runs/logs/qs_experiment_w2/phase3_grid_v2_grw_marketobs.status", "FAIL") end; write("/root/BF_runs/logs/qs_experiment_w2/phase3_grid_v2_grw_marketobs.notify", read("/root/BF_runs/logs/qs_experiment_w2/phase3_grid_v2_grw_marketobs.status", Strin









julia>
ENV["QSX2_ONLY"] = "grw_marketobs"; started = time(); try include("experiments/scotland/06_qs_joint_and_market_observation/r05_grid.jl"); println("PHASE3_INCLUDE_RETURNED_grw_marketobs wall_s=", time()-started); write("/root/BF_runs/logs/qs_experiment_w2/phase3_grid_v2_grw_marketobs.status", "PASS") catch err; showerror(stderr, err, catch_backtrace()); println(stderr); println("PHASE3_FAIL_grw_marketobs wall_s=", time()-started); write("/root/BF_runs/logs/qs_experiment_w2/phase3_grid_v2_grw_marketobs.status", "FAIL") end; write("/root/BF_runs/logs/qs_experiment_w2/phase3_grid_v2_grw_marketobs.notify", read("/root/BF_runs/logs/qs_experiment_w2/phase3_grid_v2_grw_marketobs.status", String









julia>
ENV["QSX2_ONLY"] = "grw_marketobs"; started = time(); try include("experiments/scotland/06_qs_joint_and_market_observation/r05_grid.jl"); println("PHASE3_INCLUDE_RETURNED_grw_marketobs wall_s=", time()-started); write("/root/BF_runs/logs/qs_experiment_w2/phase3_grid_v2_grw_marketobs.status", "PASS") catch err; showerror(stderr, err, catch_backtrace()); println(stderr); println("PHASE3_FAIL_grw_marketobs wall_s=", time()-started); write("/root/BF_runs/logs/qs_experiment_w2/phase3_grid_v2_grw_marketobs.status", "FAIL") end; write("/root/BF_runs/logs/qs_experiment_w2/phase3_grid_v2_grw_marketobs.notify", read("/root/BF_runs/logs/qs_experiment_w2/phase3_grid_v2_grw_marketobs.status", String)









julia>
ENV["QSX2_ONLY"] = "grw_marketobs"; started = time(); try include("experiments/scotland/06_qs_joint_and_market_observation/r05_grid.jl"); println("PHASE3_INCLUDE_RETURNED_grw_marketobs wall_s=", time()-started); write("/root/BF_runs/logs/qs_experiment_w2/phase3_grid_v2_grw_marketobs.status", "PASS") catch err; showerror(stderr, err, catch_backtrace()); println(stderr); println("PHASE3_FAIL_grw_marketobs wall_s=", time()-started); write("/root/BF_runs/logs/qs_experiment_w2/phase3_grid_v2_grw_marketobs.status", "FAIL") end; write("/root/BF_runs/logs/qs_experiment_w2/phase3_grid_v2_grw_marketobs.notify", read("/root/BF_runs/logs/qs_experiment_w2/phase3_grid_v2_grw_marketobs.status", String)









julia>
ENV["QSX2_ONLY"] = "grw_marketobs"; started = time(); try include("experiments/scotland/06_qs_joint_and_market_observation/r05_grid.jl"); println("PHASE3_INCLUDE_RETURNED_grw_marketobs wall_s=", time()-started); write("/root/BF_runs/logs/qs_experiment_w2/phase3_grid_v2_grw_marketobs.status", "PASS") catch err; showerror(stderr, err, catch_backtrace()); println(stderr); println("PHASE3_FAIL_grw_marketobs wall_s=", time()-started); write("/root/BF_runs/logs/qs_experiment_w2/phase3_grid_v2_grw_marketobs.status", "FAIL") end; write("/root/BF_runs/logs/qs_experiment_w2/phase3_grid_v2_grw_marketobs.notify", read("/root/BF_runs/logs/qs_experiment_w2/phase3_grid_v2_grw_marketobs.status", String) *









julia>
ENV["QSX2_ONLY"] = "grw_marketobs"; started = time(); try include("experiments/scotland/06_qs_joint_and_market_observation/r05_grid.jl"); println("PHASE3_INCLUDE_RETURNED_grw_marketobs wall_s=", time()-started); write("/root/BF_runs/logs/qs_experiment_w2/phase3_grid_v2_grw_marketobs.status", "PASS") catch err; showerror(stderr, err, catch_backtrace()); println(stderr); println("PHASE3_FAIL_grw_marketobs wall_s=", time()-started); write("/root/BF_runs/logs/qs_experiment_w2/phase3_grid_v2_grw_marketobs.status", "FAIL") end; write("/root/BF_runs/logs/qs_experiment_w2/phase3_grid_v2_grw_marketobs.notify", read("/root/BF_runs/logs/qs_experiment_w2/phase3_grid_v2_grw_marketobs.status", String) *









julia>
ENV["QSX2_ONLY"] = "grw_marketobs"; started = time(); try include("experiments/scotland/06_qs_joint_and_market_observation/r05_grid.jl"); println("PHASE3_INCLUDE_RETURNED_grw_marketobs wall_s=", time()-started); write("/root/BF_runs/logs/qs_experiment_w2/phase3_grid_v2_grw_marketobs.status", "PASS") catch err; showerror(stderr, err, catch_backtrace()); println(stderr); println("PHASE3_FAIL_grw_marketobs wall_s=", time()-started); write("/root/BF_runs/logs/qs_experiment_w2/phase3_grid_v2_grw_marketobs.status", "FAIL") end; write("/root/BF_runs/logs/qs_experiment_w2/phase3_grid_v2_grw_marketobs.notify", read("/root/BF_runs/logs/qs_experiment_w2/phase3_grid_v2_grw_marketobs.status", String) * "









julia>
ENV["QSX2_ONLY"] = "grw_marketobs"; started = time(); try include("experiments/scotland/06_qs_joint_and_market_observation/r05_grid.jl"); println("PHASE3_INCLUDE_RETURNED_grw_marketobs wall_s=", time()-started); write("/root/BF_runs/logs/qs_experiment_w2/phase3_grid_v2_grw_marketobs.status", "PASS") catch err; showerror(stderr, err, catch_backtrace()); println(stderr); println("PHASE3_FAIL_grw_marketobs wall_s=", time()-started); write("/root/BF_runs/logs/qs_experiment_w2/phase3_grid_v2_grw_marketobs.status", "FAIL") end; write("/root/BF_runs/logs/qs_experiment_w2/phase3_grid_v2_grw_marketobs.notify", read("/root/BF_runs/logs/qs_experiment_w2/phase3_grid_v2_grw_marketobs.status", String) * "\









julia>
ENV["QSX2_ONLY"] = "grw_marketobs"; started = time(); try include("experiments/scotland/06_qs_joint_and_market_observation/r05_grid.jl"); println("PHASE3_INCLUDE_RETURNED_grw_marketobs wall_s=", time()-started); write("/root/BF_runs/logs/qs_experiment_w2/phase3_grid_v2_grw_marketobs.status", "PASS") catch err; showerror(stderr, err, catch_backtrace()); println(stderr); println("PHASE3_FAIL_grw_marketobs wall_s=", time()-started); write("/root/BF_runs/logs/qs_experiment_w2/phase3_grid_v2_grw_marketobs.status", "FAIL") end; write("/root/BF_runs/logs/qs_experiment_w2/phase3_grid_v2_grw_marketobs.notify", read("/root/BF_runs/logs/qs_experiment_w2/phase3_grid_v2_grw_marketobs.status", String) * "\n









julia>
ENV["QSX2_ONLY"] = "grw_marketobs"; started = time(); try include("experiments/scotland/06_qs_joint_and_market_observation/r05_grid.jl"); println("PHASE3_INCLUDE_RETURNED_grw_marketobs wall_s=", time()-started); write("/root/BF_runs/logs/qs_experiment_w2/phase3_grid_v2_grw_marketobs.status", "PASS") catch err; showerror(stderr, err, catch_backtrace()); println(stderr); println("PHASE3_FAIL_grw_marketobs wall_s=", time()-started); write("/root/BF_runs/logs/qs_experiment_w2/phase3_grid_v2_grw_marketobs.status", "FAIL") end; write("/root/BF_runs/logs/qs_experiment_w2/phase3_grid_v2_grw_marketobs.notify", read("/root/BF_runs/logs/qs_experiment_w2/phase3_grid_v2_grw_marketobs.status", String) * "\n"









julia>
ENV["QSX2_ONLY"] = "grw_marketobs"; started = time(); try include("experiments/scotland/06_qs_joint_and_market_observation/r05_grid.jl"); println("PHASE3_INCLUDE_RETURNED_grw_marketobs wall_s=", time()-started); write("/root/BF_runs/logs/qs_experiment_w2/phase3_grid_v2_grw_marketobs.status", "PASS") catch err; showerror(stderr, err, catch_backtrace()); println(stderr); println("PHASE3_FAIL_grw_marketobs wall_s=", time()-started); write("/root/BF_runs/logs/qs_experiment_w2/phase3_grid_v2_grw_marketobs.status", "FAIL") end; write("/root/BF_runs/logs/qs_experiment_w2/phase3_grid_v2_grw_marketobs.notify", read("/root/BF_runs/logs/qs_experiment_w2/phase3_grid_v2_grw_marketobs.status", String) * "\n")









julia>
ENV["QSX2_ONLY"] = "grw_marketobs"; started = time(); try include("experiments/scotland/06_qs_joint_and_market_observation/r05_grid.jl"); println("PHASE3_INCLUDE_RETURNED_grw_marketobs wall_s=", time()-started); write("/root/BF_runs/logs/qs_experiment_w2/phase3_grid_v2_grw_marketobs.status", "PASS") catch err; showerror(stderr, err, catch_backtrace()); println(stderr); println("PHASE3_FAIL_grw_marketobs wall_s=", time()-started); write("/root/BF_runs/logs/qs_experiment_w2/phase3_grid_v2_grw_marketobs.status", "FAIL") end; write("/root/BF_runs/logs/qs_experiment_w2/phase3_grid_v2_grw_marketobs.notify", read("/root/BF_runs/logs/qs_experiment_w2/phase3_grid_v2_grw_marketobs.status", String) * "\n")

QS_MARKET_ARM_LOADED
[ Info: Loading DataStore for ScottishLower from local cache (Age: 343.6 hours)...
NOTICE:  relation "runs" already exists, skipping
NOTICE:  column "ad_backend" of relation "runs" already exists, skipping
NOTICE:  relation "configs" already exists, skipping
NOTICE:  relation "fold_results" already exists, skipping
NOTICE:  relation "match_latents" already exists, skipping
NOTICE:  relation "portfolio_runs" already exists, skipping
NOTICE:  relation "portfolio_bets" already exists, skipping
NOTICE:  relation "config_registry" already exists, skipping
NOTICE:  relation "fit_artifacts" already exists, skipping
NOTICE:  column "layout" of relation "fit_artifacts" already exists, skipping
NOTICE:  relation "fit_fold_artifacts" already exists, skipping
NOTICE:  relation "portfolio_artifacts" already exists, skipping
NOTICE:  relation "calibration_runs" already exists, skipping
NOTICE:  relation "calibration_artifacts" already exists, skipping
NOTICE:  column "id" of relation "runs" already exists, skipping
NOTICE:  column "name" of relation "runs" already exists, skipping
NOTICE:  column "id" of relation "portfolio_runs" already exists, skipping
NOTICE:  column "id" of relation "config_registry" already exists, skipping
NOTICE:  column "n_matches" of relation "fold_results" already exists, skipping
NOTICE:  column "first_match_date" of relation "fold_results" already exists, skipping
NOTICE:  column "last_match_date" of relation "fold_results" already exists, skipping
NOTICE:  column "book_spec_blob" of relation "portfolio_artifacts" already exists, skipping
NOTICE:  column "policy_spec_blob" of relation "portfolio_artifacts" already exists, skipping
NOTICE:  column "id" of relation "calibration_runs" already exists, skipping
NOTICE:  column "experiment_name" of relation "calibration_runs" already exists, skipping
NOTICE:  column "book_as_of_minutes" of relation "calibration_runs" already exists, skipping
NOTICE:  column "n_fixtures" of relation "calibration_runs" already exists, skipping
NOTICE:  column "n_inverted" of relation "calibration_runs" already exists, skipping
NOTICE:  column "diagnostics_blob" of relation "calibration_artifacts" already exists, skipping
NOTICE:  relation "idx_runs_id" already exists, skipping
NOTICE:  relation "idx_portfolio_runs_id" already exists, skipping
NOTICE:  relation "idx_config_registry_id" already exists, skipping
NOTICE:  relation "idx_configs_config_hash" already exists, skipping
NOTICE:  relation "idx_runs_name" already exists, skipping
NOTICE:  relation "idx_runs_created_at" already exists, skipping
NOTICE:  relation "idx_match_latents_match_id" already exists, skipping
NOTICE:  relation "idx_portfolio_runs_created_at" already exists, skipping
NOTICE:  relation "idx_portfolio_bets_match_id" already exists, skipping
NOTICE:  relation "idx_config_registry_name" already exists, skipping
NOTICE:  relation "idx_config_registry_hash" already exists, skipping
NOTICE:  relation "idx_config_registry_created_at" already exists, skipping
NOTICE:  relation "idx_config_registry_type" already exists, skipping
NOTICE:  relation "idx_config_registry_tags" already exists, skipping
NOTICE:  relation "idx_fold_results_run_id" already exists, skipping
NOTICE:  relation "idx_match_latents_fold_id" already exists, skipping
NOTICE:  relation "idx_portfolio_runs_model_run_id" already exists, skipping
NOTICE:  relation "idx_portfolio_bets_run_id" already exists, skipping
NOTICE:  relation "idx_calibration_runs_id" already exists, skipping
NOTICE:  relation "idx_calibration_runs_model_run_id" already exists, skipping
NOTICE:  relation "idx_calibration_runs_experiment" already exists, skipping
NOTICE:  relation "idx_calibration_runs_name" already exists, skipping
NOTICE:  relation "idx_calibration_runs_hash" already exists, skipping
NOTICE:  relation "idx_calibration_runs_created_at" already exists, skipping
NOTICE:  relation "idx_portfolio_runs_calibration" already exists, skipping
NOTICE:  relation "harness_scores" already exists, skipping
NOTICE:  column "control_run_id" of relation "harness_scores" already exists, skipping
NOTICE:  column "panel" of relation "harness_scores" already exists, skipping
NOTICE:  constraint "harness_scores_pkey" of relation "harness_scores" does not exist, skipping
NOTICE:  relation "harness_scores_unique_idx" already exists, skipping
NOTICE:  relation "harness_scores_lookup_idx" already exists, skipping
NOTICE:  relation "harness_experiments" already exists, skipping
NOTICE:  column "run_commits" of relation "harness_experiments" already exists, skipping
NOTICE:  relation "harness_checks" already exists, skipping
NOTICE:  relation "harness_checks_recipe_stage_idx" already exists, skipping
NOTICE:  relation "harness_checks_run_idx" already exists, skipping
[CONTROL_VERIFIED] experiment=scottish_lower_qs_wave2_2426 run_id=98447840-e95c-420f-92b4-2db6545506a3 folds=40
[FOLD_CHECKPOINT] arm=grw_marketobs fold=2 attempt=0 at=2026-10-09T22:36:15.100
[FOLD_CHECKPOINT] arm=grw_marketobs fold=7 attempt=0 at=2026-10-09T22:42:09.935
[FOLD_CHECKPOINT] arm=grw_marketobs fold=1 attempt=0 at=2026-10-09T22:42:44.877
[FOLD_CHECKPOINT] arm=grw_marketobs fold=35 attempt=0 at=2026-10-09T22:56:21.321
[FOLD_CHECKPOINT] arm=grw_marketobs fold=30 attempt=0 at=2026-10-09T22:58:54.218
[FOLD_CHECKPOINT] arm=grw_marketobs fold=27 attempt=0 at=2026-10-09T22:59:02.390
[FOLD_CHECKPOINT] arm=grw_marketobs fold=38 attempt=0 at=2026-10-09T23:01:03.213
[FOLD_CHECKPOINT] arm=grw_marketobs fold=25 attempt=0 at=2026-10-09T23:02:15.611
[FOLD_CHECKPOINT] arm=grw_marketobs fold=26 attempt=0 at=2026-10-09T23:03:53.939
[FOLD_CHECKPOINT] arm=grw_marketobs fold=39 attempt=0 at=2026-10-09T23:04:54.373
[FOLD_CHECKPOINT] arm=grw_marketobs fold=36 attempt=0 at=2026-10-09T23:05:11.802
[FOLD_CHECKPOINT] arm=grw_marketobs fold=37 attempt=0 at=2026-10-09T23:05:41.205
[FOLD_CHECKPOINT] arm=grw_marketobs fold=17 attempt=0 at=2026-10-09T23:06:35.172
[FOLD_CHECKPOINT] arm=grw_marketobs fold=34 attempt=0 at=2026-10-09T23:07:07.735
[FOLD_CHECKPOINT] arm=grw_marketobs fold=21 attempt=0 at=2026-10-09T23:07:32.189
[FOLD_CHECKPOINT] arm=grw_marketobs fold=23 attempt=0 at=2026-10-09T23:07:41.026
[FOLD_CHECKPOINT] arm=grw_marketobs fold=29 attempt=0 at=2026-10-09T23:08:26.533
[FOLD_CHECKPOINT] arm=grw_marketobs fold=33 attempt=0 at=2026-10-09T23:08:49.055
[FOLD_CHECKPOINT] arm=grw_marketobs fold=32 attempt=0 at=2026-10-09T23:09:01.221
[FOLD_CHECKPOINT] arm=grw_marketobs fold=3 attempt=0 at=2026-10-09T23:09:01.781
[FOLD_CHECKPOINT] arm=grw_marketobs fold=24 attempt=0 at=2026-10-09T23:09:59.261
[FOLD_CHECKPOINT] arm=grw_marketobs fold=28 attempt=0 at=2026-10-09T23:10:01.051
[FOLD_CHECKPOINT] arm=grw_marketobs fold=22 attempt=0 at=2026-10-09T23:11:03.655
[FOLD_CHECKPOINT] arm=grw_marketobs fold=9 attempt=0 at=2026-10-09T23:11:20.411
[FOLD_CHECKPOINT] arm=grw_marketobs fold=31 attempt=0 at=2026-10-09T23:12:24.040
[FOLD_CHECKPOINT] arm=grw_marketobs fold=12 attempt=0 at=2026-10-09T23:12:46.741
[FOLD_CHECKPOINT] arm=grw_marketobs fold=40 attempt=0 at=2026-10-09T23:13:12.449
[FOLD_CHECKPOINT] arm=grw_marketobs fold=6 attempt=0 at=2026-10-09T23:13:28.844
[FOLD_CHECKPOINT] arm=grw_marketobs fold=10 attempt=0 at=2026-10-09T23:14:18.758
[FOLD_CHECKPOINT] arm=grw_marketobs fold=15 attempt=0 at=2026-10-09T23:14:20.220
[FOLD_CHECKPOINT] arm=grw_marketobs fold=4 attempt=0 at=2026-10-09T23:14:51.491
[FOLD_CHECKPOINT] arm=grw_marketobs fold=13 attempt=0 at=2026-10-09T23:15:12.207
[FOLD_CHECKPOINT] arm=grw_marketobs fold=5 attempt=0 at=2026-10-09T23:15:20.162
[FOLD_CHECKPOINT] arm=grw_marketobs fold=20 attempt=0 at=2026-10-09T23:15:22.530
[FOLD_CHECKPOINT] arm=grw_marketobs fold=11 attempt=0 at=2026-10-09T23:15:32.971
[FOLD_CHECKPOINT] arm=grw_marketobs fold=8 attempt=0 at=2026-10-09T23:15:35.905
[FOLD_CHECKPOINT] arm=grw_marketobs fold=16 attempt=0 at=2026-10-09T23:16:12.399
[FOLD_CHECKPOINT] arm=grw_marketobs fold=14 attempt=0 at=2026-10-09T23:16:13.096
[FOLD_CHECKPOINT] arm=grw_marketobs fold=18 attempt=0 at=2026-10-09T23:16:20.274
[FOLD_CHECKPOINT] arm=grw_marketobs fold=19 attempt=0 at=2026-10-09T23:16:23.220
NOTICE:  relation "harness_scores" already exists, skipping
NOTICE:  column "control_run_id" of relation "harness_scores" already exists, skipping
NOTICE:  column "panel" of relation "harness_scores" already exists, skipping
NOTICE:  constraint "harness_scores_pkey" of relation "harness_scores" does not exist, skipping
NOTICE:  relation "harness_scores_unique_idx" already exists, skipping
NOTICE:  relation "harness_scores_lookup_idx" already exists, skipping
NOTICE:  relation "harness_experiments" already exists, skipping
NOTICE:  column "run_commits" of relation "harness_experiments" already exists, skipping
NOTICE:  relation "harness_checks" already exists, skipping
NOTICE:  relation "harness_checks_recipe_stage_idx" already exists, skipping
NOTICE:  relation "harness_checks_run_idx" already exists, skipping
     > all 40 folds restored from checkpoints
 [5] Auditing convergence...
     > FAIL  R̂≤1.0172  ESS≥339  div 0/160000
 [6] Extracting out-of-sample latents...
     > CountLatents  710 fixtures × 4000 draws
------------------------------------------------------------------
DONE in 48.0s
[CONTROL_SCORE_PARITY] arm=grw_marketobs (rows = 664, cells = 9960, exact = true, max_abs_diff = 0.0, passed = true, mismatches = "")
[GRID_ARM_DONE] (candidate = "grw_marketobs", primary_run_id = "e47a71a7-52eb-4aa5-b747-e64099ea9977", final_run_id = "e47a71a7-52eb-4aa5-b747-e64099ea9977", rerun_folds = "", max_rhat = 1.0172089628407075, min_ess_tail = 339.3441247268322, git_sha = "081ba5a6")
PHASE3_ARM_DONE arm=grw_marketobs final_run=e47a71a7-52eb-4aa5-b747-e64099ea9977
PHASE3_INCLUDE_RETURNED_grw_marketobs wall_s=2758.9133508205414
