JULIA_PKG_PRECOMPILE_AUTO=0 /root/.juliaup/bin/julia --project -t 16[root@mcmc-beast qs_experiment]# JULIA_PKG_PRECOMPILE_AUTO=0 /root/.juliaup/bin/julia --project -t 16

  🦋 Kaimon gate connected (qs_experiment)
  host REPL mirroring enabled
               _
   _       _ _(_)_     |  Documentation: https://docs.julialang.org
  (_)     | (_) (_)    |
   _ _   _| |_  __ _   |  Type "?" for help, "]?" for Pkg help.
  | | | | | | |/ _` |  |
  | | |_| | | | (_| |  |  Version 1.12.4 (2026-01-06)
 _/ |\__'_|_|_|\__'_|  |  Official https://julialang.org release
|__/                   |


julia> 

ENV["QSX2_ONLY"] = "qs_marketobs"; try include("experiments/scotland/06_
julia> 
ENV["QSX2_ONLY"] = "qs_marketobs"; try include("experiments/scotland/06_q




julia> 
ENV["QSX2_ONLY"] = "qs_marketobs"; try include("experiments/scotland/06_qs


julia> 
ENV["QSX2_ONLY"] = "qs_marketobs"; try include("experiments/scotland/06_qs_


julia> 
ENV["QSX2_ONLY"] = "qs_marketobs"; try include("experiments/scotland/06_qs_j


julia> 
ENV["QSX2_ONLY"] = "qs_marketobs"; try include("experiments/scotland/06_qs_jo


julia> 
ENV["QSX2_ONLY"] = "qs_marketobs"; try include("experiments/scotland/06_qs_joi


julia> 
ENV["QSX2_ONLY"] = "qs_marketobs"; try include("experiments/scotland/06_qs_join


julia> 
ENV["QSX2_ONLY"] = "qs_marketobs"; try include("experiments/scotland/06_qs_joint


julia> 
ENV["QSX2_ONLY"] = "qs_marketobs"; try include("experiments/scotland/06_qs_joint_


julia> 
ENV["QSX2_ONLY"] = "qs_marketobs"; try include("experiments/scotland/06_qs_joint_a


julia> 
ENV["QSX2_ONLY"] = "qs_marketobs"; try include("experiments/scotland/06_qs_joint_an


julia> 
ENV["QSX2_ONLY"] = "qs_marketobs"; try include("experiments/scotland/06_qs_joint_and


julia> 
ENV["QSX2_ONLY"] = "qs_marketobs"; try include("experiments/scotland/06_qs_joint_and_


julia> 
ENV["QSX2_ONLY"] = "qs_marketobs"; try include("experiments/scotland/06_qs_joint_and_m


julia> 
ENV["QSX2_ONLY"] = "qs_marketobs"; try include("experiments/scotland/06_qs_joint_and_ma


julia> 
ENV["QSX2_ONLY"] = "qs_marketobs"; try include("experiments/scotland/06_qs_joint_and_mar


julia> 
ENV["QSX2_ONLY"] = "qs_marketobs"; try include("experiments/scotland/06_qs_joint_and_mark


julia> 
ENV["QSX2_ONLY"] = "qs_marketobs"; try include("experiments/scotland/06_qs_joint_and_marke


julia> 
ENV["QSX2_ONLY"] = "qs_marketobs"; try include("experiments/scotland/06_qs_joint_and_market


julia> 
ENV["QSX2_ONLY"] = "qs_marketobs"; try include("experiments/scotland/06_qs_joint_and_market_


julia> 
ENV["QSX2_ONLY"] = "qs_marketobs"; try include("experiments/scotland/06_qs_joint_and_market_o


julia> 
ENV["QSX2_ONLY"] = "qs_marketobs"; try include("experiments/scotland/06_qs_joint_and_market_ob


julia> 
ENV["QSX2_ONLY"] = "qs_marketobs"; try include("experiments/scotland/06_qs_joint_and_market_obs


julia> 
ENV["QSX2_ONLY"] = "qs_marketobs"; try include("experiments/scotland/06_qs_joint_and_market_obse


julia> 
ENV["QSX2_ONLY"] = "qs_marketobs"; try include("experiments/scotland/06_qs_joint_and_market_obser


julia> 
ENV["QSX2_ONLY"] = "qs_marketobs"; try include("experiments/scotland/06_qs_joint_and_market_observ


julia> 
ENV["QSX2_ONLY"] = "qs_marketobs"; try include("experiments/scotland/06_qs_joint_and_market_observa


julia> 
ENV["QSX2_ONLY"] = "qs_marketobs"; try include("experiments/scotland/06_qs_joint_and_market_observat


julia> 
ENV["QSX2_ONLY"] = "qs_marketobs"; try include("experiments/scotland/06_qs_joint_and_market_observati


julia> 
ENV["QSX2_ONLY"] = "qs_marketobs"; try include("experiments/scotland/06_qs_joint_and_market_observatio


julia> 
ENV["QSX2_ONLY"] = "qs_marketobs"; try include("experiments/scotland/06_qs_joint_and_market_observation


julia> 
ENV["QSX2_ONLY"] = "qs_marketobs"; try include("experiments/scotland/06_qs_joint_and_market_observation/


julia> 
ENV["QSX2_ONLY"] = "qs_marketobs"; try include("experiments/scotland/06_qs_joint_and_market_observation/r


julia> 
ENV["QSX2_ONLY"] = "qs_marketobs"; try include("experiments/scotland/06_qs_joint_and_market_observation/r0


julia> 
ENV["QSX2_ONLY"] = "qs_marketobs"; try include("experiments/scotland/06_qs_joint_and_market_observation/r07


julia> 
ENV["QSX2_ONLY"] = "qs_marketobs"; try include("experiments/scotland/06_qs_joint_and_market_observation/r07_


julia> 
ENV["QSX2_ONLY"] = "qs_marketobs"; try include("experiments/scotland/06_qs_joint_and_market_observation/r07_r


julia> 
ENV["QSX2_ONLY"] = "qs_marketobs"; try include("experiments/scotland/06_qs_joint_and_market_observation/r07_re


julia> 
ENV["QSX2_ONLY"] = "qs_marketobs"; try include("experiments/scotland/06_qs_joint_and_market_observation/r07_rep


julia> 
ENV["QSX2_ONLY"] = "qs_marketobs"; try include("experiments/scotland/06_qs_joint_and_market_observation/r07_repr


julia> 
ENV["QSX2_ONLY"] = "qs_marketobs"; try include("experiments/scotland/06_qs_joint_and_market_observation/r07_repro


julia> 
ENV["QSX2_ONLY"] = "qs_marketobs"; try include("experiments/scotland/06_qs_joint_and_market_observation/r07_reprod


julia> 
ENV["QSX2_ONLY"] = "qs_marketobs"; try include("experiments/scotland/06_qs_joint_and_market_observation/r07_reprodu


julia> 
ENV["QSX2_ONLY"] = "qs_marketobs"; try include("experiments/scotland/06_qs_joint_and_market_observation/r07_reproduc


julia> 
ENV["QSX2_ONLY"] = "qs_marketobs"; try include("experiments/scotland/06_qs_joint_and_market_observation/r07_reproduce


julia> 
ENV["QSX2_ONLY"] = "qs_marketobs"; try include("experiments/scotland/06_qs_joint_and_market_observation/r07_reproduce.


julia> 
ENV["QSX2_ONLY"] = "qs_marketobs"; try include("experiments/scotland/06_qs_joint_and_market_observation/r07_reproduce.j


julia> 
ENV["QSX2_ONLY"] = "qs_marketobs"; try include("experiments/scotland/06_qs_joint_and_market_observation/r07_reproduce.jl


julia> 
ENV["QSX2_ONLY"] = "qs_marketobs"; try include("experiments/scotland/06_qs_joint_and_market_observation/r07_reproduce.jl"


julia> 
ENV["QSX2_ONLY"] = "qs_marketobs"; try include("experiments/scotland/06_qs_joint_and_market_observation/r07_reproduce.jl")


julia> 
ENV["QSX2_ONLY"] = "qs_marketobs"; try include("experiments/scotland/06_qs_joint_and_market_observation/r07_reproduce.jl");


julia> 
ENV["QSX2_ONLY"] = "qs_marketobs"; try include("experiments/scotland/06_qs_joint_and_market_observation/r07_reproduce.jl"); 


julia> 
ENV["QSX2_ONLY"] = "qs_marketobs"; try include("experiments/scotland/06_qs_joint_and_market_observation/r07_reproduce.jl"); w


julia> 
ENV["QSX2_ONLY"] = "qs_marketobs"; try include("experiments/scotland/06_qs_joint_and_market_observation/r07_reproduce.jl"); wr


julia> 
ENV["QSX2_ONLY"] = "qs_marketobs"; try include("experiments/scotland/06_qs_joint_and_market_observation/r07_reproduce.jl"); wri


julia> 
ENV["QSX2_ONLY"] = "qs_marketobs"; try include("experiments/scotland/06_qs_joint_and_market_observation/r07_reproduce.jl"); writ


julia> 
ENV["QSX2_ONLY"] = "qs_marketobs"; try include("experiments/scotland/06_qs_joint_and_market_observation/r07_reproduce.jl"); write


julia> 
ENV["QSX2_ONLY"] = "qs_marketobs"; try include("experiments/scotland/06_qs_joint_and_market_observation/r07_reproduce.jl"); write(


julia> 
ENV["QSX2_ONLY"] = "qs_marketobs"; try include("experiments/scotland/06_qs_joint_and_market_observation/r07_reproduce.jl"); write("


julia> 
ENV["QSX2_ONLY"] = "qs_marketobs"; try include("experiments/scotland/06_qs_joint_and_market_observation/r07_reproduce.jl"); write("/


julia> 
ENV["QSX2_ONLY"] = "qs_marketobs"; try include("experiments/scotland/06_qs_joint_and_market_observation/r07_reproduce.jl"); write("/r


julia> 
ENV["QSX2_ONLY"] = "qs_marketobs"; try include("experiments/scotland/06_qs_joint_and_market_observation/r07_reproduce.jl"); write("/ro


julia> 
ENV["QSX2_ONLY"] = "qs_marketobs"; try include("experiments/scotland/06_qs_joint_and_market_observation/r07_reproduce.jl"); write("/roo


julia> 
ENV["QSX2_ONLY"] = "qs_marketobs"; try include("experiments/scotland/06_qs_joint_and_market_observation/r07_reproduce.jl"); write("/root


julia> 
ENV["QSX2_ONLY"] = "qs_marketobs"; try include("experiments/scotland/06_qs_joint_and_market_observation/r07_reproduce.jl"); write("/root/


julia> 
ENV["QSX2_ONLY"] = "qs_marketobs"; try include("experiments/scotland/06_qs_joint_and_market_observation/r07_reproduce.jl"); write("/root/B


julia> 
ENV["QSX2_ONLY"] = "qs_marketobs"; try include("experiments/scotland/06_qs_joint_and_market_observation/r07_reproduce.jl"); write("/root/BF


julia> 
ENV["QSX2_ONLY"] = "qs_marketobs"; try include("experiments/scotland/06_qs_joint_and_market_observation/r07_reproduce.jl"); write("/root/BF_


julia> 
ENV["QSX2_ONLY"] = "qs_marketobs"; try include("experiments/scotland/06_qs_joint_and_market_observation/r07_reproduce.jl"); write("/root/BF_r


julia> 
ENV["QSX2_ONLY"] = "qs_marketobs"; try include("experiments/scotland/06_qs_joint_and_market_observation/r07_reproduce.jl"); write("/root/BF_ru


julia> 
ENV["QSX2_ONLY"] = "qs_marketobs"; try include("experiments/scotland/06_qs_joint_and_market_observation/r07_reproduce.jl"); write("/root/BF_run


julia> 
ENV["QSX2_ONLY"] = "qs_marketobs"; try include("experiments/scotland/06_qs_joint_and_market_observation/r07_reproduce.jl"); write("/root/BF_runs


julia> 
ENV["QSX2_ONLY"] = "qs_marketobs"; try include("experiments/scotland/06_qs_joint_and_market_observation/r07_reproduce.jl"); write("/root/BF_runs/


julia> 
ENV["QSX2_ONLY"] = "qs_marketobs"; try include("experiments/scotland/06_qs_joint_and_market_observation/r07_reproduce.jl"); write("/root/BF_runs/l


julia> 
ENV["QSX2_ONLY"] = "qs_marketobs"; try include("experiments/scotland/06_qs_joint_and_market_observation/r07_reproduce.jl"); write("/root/BF_runs/lo


julia> 
ENV["QSX2_ONLY"] = "qs_marketobs"; try include("experiments/scotland/06_qs_joint_and_market_observation/r07_reproduce.jl"); write("/root/BF_runs/log


julia> 
ENV["QSX2_ONLY"] = "qs_marketobs"; try include("experiments/scotland/06_qs_joint_and_market_observation/r07_reproduce.jl"); write("/root/BF_runs/logs


julia> 
ENV["QSX2_ONLY"] = "qs_marketobs"; try include("experiments/scotland/06_qs_joint_and_market_observation/r07_reproduce.jl"); write("/root/BF_runs/logs/


julia> 
ENV["QSX2_ONLY"] = "qs_marketobs"; try include("experiments/scotland/06_qs_joint_and_market_observation/r07_reproduce.jl"); write("/root/BF_runs/logs/q


julia> 
ENV["QSX2_ONLY"] = "qs_marketobs"; try include("experiments/scotland/06_qs_joint_and_market_observation/r07_reproduce.jl"); write("/root/BF_runs/logs/qs


julia> 
ENV["QSX2_ONLY"] = "qs_marketobs"; try include("experiments/scotland/06_qs_joint_and_market_observation/r07_reproduce.jl"); write("/root/BF_runs/logs/qs_





julia> 
ENV["QSX2_ONLY"] = "qs_marketobs"; try include("experiments/scotland/06_qs_joint_and_market_observation/r07_reproduce.jl"); write("/root/BF_runs/logs/qs_e



julia> 
ENV["QSX2_ONLY"] = "qs_marketobs"; try include("experiments/scotland/06_qs_joint_and_market_observation/r07_reproduce.jl"); write("/root/BF_runs/logs/qs_ex



julia> 
ENV["QSX2_ONLY"] = "qs_marketobs"; try include("experiments/scotland/06_qs_joint_and_market_observation/r07_reproduce.jl"); write("/root/BF_runs/logs/qs_exp



julia> 
ENV["QSX2_ONLY"] = "qs_marketobs"; try include("experiments/scotland/06_qs_joint_and_market_observation/r07_reproduce.jl"); write("/root/BF_runs/logs/qs_expe



julia> 
ENV["QSX2_ONLY"] = "qs_marketobs"; try include("experiments/scotland/06_qs_joint_and_market_observation/r07_reproduce.jl"); write("/root/BF_runs/logs/qs_exper



julia> 
ENV["QSX2_ONLY"] = "qs_marketobs"; try include("experiments/scotland/06_qs_joint_and_market_observation/r07_reproduce.jl"); write("/root/BF_runs/logs/qs_experi



julia> 
ENV["QSX2_ONLY"] = "qs_marketobs"; try include("experiments/scotland/06_qs_joint_and_market_observation/r07_reproduce.jl"); write("/root/BF_runs/logs/qs_experim



julia> 
ENV["QSX2_ONLY"] = "qs_marketobs"; try include("experiments/scotland/06_qs_joint_and_market_observation/r07_reproduce.jl"); write("/root/BF_runs/logs/qs_experime



julia> 
ENV["QSX2_ONLY"] = "qs_marketobs"; try include("experiments/scotland/06_qs_joint_and_market_observation/r07_reproduce.jl"); write("/root/BF_runs/logs/qs_experimen



julia> 
ENV["QSX2_ONLY"] = "qs_marketobs"; try include("experiments/scotland/06_qs_joint_and_market_observation/r07_reproduce.jl"); write("/root/BF_runs/logs/qs_experiment



julia> 
ENV["QSX2_ONLY"] = "qs_marketobs"; try include("experiments/scotland/06_qs_joint_and_market_observation/r07_reproduce.jl"); write("/root/BF_runs/logs/qs_experiment_



julia> 
ENV["QSX2_ONLY"] = "qs_marketobs"; try include("experiments/scotland/06_qs_joint_and_market_observation/r07_reproduce.jl"); write("/root/BF_runs/logs/qs_experiment_w



julia> 
ENV["QSX2_ONLY"] = "qs_marketobs"; try include("experiments/scotland/06_qs_joint_and_market_observation/r07_reproduce.jl"); write("/root/BF_runs/logs/qs_experiment_w2



julia> 
ENV["QSX2_ONLY"] = "qs_marketobs"; try include("experiments/scotland/06_qs_joint_and_market_observation/r07_reproduce.jl"); write("/root/BF_runs/logs/qs_experiment_w2/



julia> 
ENV["QSX2_ONLY"] = "qs_marketobs"; try include("experiments/scotland/06_qs_joint_and_market_observation/r07_reproduce.jl"); write("/root/BF_runs/logs/qs_experiment_w2/p



julia> 
ENV["QSX2_ONLY"] = "qs_marketobs"; try include("experiments/scotland/06_qs_joint_and_market_observation/r07_reproduce.jl"); write("/root/BF_runs/logs/qs_experiment_w2/ph



julia> 
ENV["QSX2_ONLY"] = "qs_marketobs"; try include("experiments/scotland/06_qs_joint_and_market_observation/r07_reproduce.jl"); write("/root/BF_runs/logs/qs_experiment_w2/pha



julia> 
ENV["QSX2_ONLY"] = "qs_marketobs"; try include("experiments/scotland/06_qs_joint_and_market_observation/r07_reproduce.jl"); write("/root/BF_runs/logs/qs_experiment_w2/phas



julia> 
ENV["QSX2_ONLY"] = "qs_marketobs"; try include("experiments/scotland/06_qs_joint_and_market_observation/r07_reproduce.jl"); write("/root/BF_runs/logs/qs_experiment_w2/phase



julia> 
ENV["QSX2_ONLY"] = "qs_marketobs"; try include("experiments/scotland/06_qs_joint_and_market_observation/r07_reproduce.jl"); write("/root/BF_runs/logs/qs_experiment_w2/phase5



julia> 
ENV["QSX2_ONLY"] = "qs_marketobs"; try include("experiments/scotland/06_qs_joint_and_market_observation/r07_reproduce.jl"); write("/root/BF_runs/logs/qs_experiment_w2/phase5_



julia> 
ENV["QSX2_ONLY"] = "qs_marketobs"; try include("experiments/scotland/06_qs_joint_and_market_observation/r07_reproduce.jl"); write("/root/BF_runs/logs/qs_experiment_w2/phase5_r



julia> 
ENV["QSX2_ONLY"] = "qs_marketobs"; try include("experiments/scotland/06_qs_joint_and_market_observation/r07_reproduce.jl"); write("/root/BF_runs/logs/qs_experiment_w2/phase5_re



julia> 
ENV["QSX2_ONLY"] = "qs_marketobs"; try include("experiments/scotland/06_qs_joint_and_market_observation/r07_reproduce.jl"); write("/root/BF_runs/logs/qs_experiment_w2/phase5_rep



julia> 
ENV["QSX2_ONLY"] = "qs_marketobs"; try include("experiments/scotland/06_qs_joint_and_market_observation/r07_reproduce.jl"); write("/root/BF_runs/logs/qs_experiment_w2/phase5_repr



julia> 
ENV["QSX2_ONLY"] = "qs_marketobs"; try include("experiments/scotland/06_qs_joint_and_market_observation/r07_reproduce.jl"); write("/root/BF_runs/logs/qs_experiment_w2/phase5_repro



julia> 
ENV["QSX2_ONLY"] = "qs_marketobs"; try include("experiments/scotland/06_qs_joint_and_market_observation/r07_reproduce.jl"); write("/root/BF_runs/logs/qs_experiment_w2/phase5_repro_



julia> 
ENV["QSX2_ONLY"] = "qs_marketobs"; try include("experiments/scotland/06_qs_joint_and_market_observation/r07_reproduce.jl"); write("/root/BF_runs/logs/qs_experiment_w2/phase5_repro_q



julia> 
ENV["QSX2_ONLY"] = "qs_marketobs"; try include("experiments/scotland/06_qs_joint_and_market_observation/r07_reproduce.jl"); write("/root/BF_runs/logs/qs_experiment_w2/phase5_repro_qs



julia> 
ENV["QSX2_ONLY"] = "qs_marketobs"; try include("experiments/scotland/06_qs_joint_and_market_observation/r07_reproduce.jl"); write("/root/BF_runs/logs/qs_experiment_w2/phase5_repro_qs_



julia> 
ENV["QSX2_ONLY"] = "qs_marketobs"; try include("experiments/scotland/06_qs_joint_and_market_observation/r07_reproduce.jl"); write("/root/BF_runs/logs/qs_experiment_w2/phase5_repro_qs_m



julia> 
ENV["QSX2_ONLY"] = "qs_marketobs"; try include("experiments/scotland/06_qs_joint_and_market_observation/r07_reproduce.jl"); write("/root/BF_runs/logs/qs_experiment_w2/phase5_repro_qs_ma



julia> 
ENV["QSX2_ONLY"] = "qs_marketobs"; try include("experiments/scotland/06_qs_joint_and_market_observation/r07_reproduce.jl"); write("/root/BF_runs/logs/qs_experiment_w2/phase5_repro_qs_mar



julia> 
ENV["QSX2_ONLY"] = "qs_marketobs"; try include("experiments/scotland/06_qs_joint_and_market_observation/r07_reproduce.jl"); write("/root/BF_runs/logs/qs_experiment_w2/phase5_repro_qs_mark



julia> 
ENV["QSX2_ONLY"] = "qs_marketobs"; try include("experiments/scotland/06_qs_joint_and_market_observation/r07_reproduce.jl"); write("/root/BF_runs/logs/qs_experiment_w2/phase5_repro_qs_marke



julia> 
ENV["QSX2_ONLY"] = "qs_marketobs"; try include("experiments/scotland/06_qs_joint_and_market_observation/r07_reproduce.jl"); write("/root/BF_runs/logs/qs_experiment_w2/phase5_repro_qs_market



julia> 
ENV["QSX2_ONLY"] = "qs_marketobs"; try include("experiments/scotland/06_qs_joint_and_market_observation/r07_reproduce.jl"); write("/root/BF_runs/logs/qs_experiment_w2/phase5_repro_qs_marketo



julia> 
ENV["QSX2_ONLY"] = "qs_marketobs"; try include("experiments/scotland/06_qs_joint_and_market_observation/r07_reproduce.jl"); write("/root/BF_runs/logs/qs_experiment_w2/phase5_repro_qs_marketob



julia> 
ENV["QSX2_ONLY"] = "qs_marketobs"; try include("experiments/scotland/06_qs_joint_and_market_observation/r07_reproduce.jl"); write("/root/BF_runs/logs/qs_experiment_w2/phase5_repro_qs_marketobs



julia> 
ENV["QSX2_ONLY"] = "qs_marketobs"; try include("experiments/scotland/06_qs_joint_and_market_observation/r07_reproduce.jl"); write("/root/BF_runs/logs/qs_experiment_w2/phase5_repro_qs_marketobs.



julia> 
ENV["QSX2_ONLY"] = "qs_marketobs"; try include("experiments/scotland/06_qs_joint_and_market_observation/r07_reproduce.jl"); write("/root/BF_runs/logs/qs_experiment_w2/phase5_repro_qs_marketobs.s



julia> 
ENV["QSX2_ONLY"] = "qs_marketobs"; try include("experiments/scotland/06_qs_joint_and_market_observation/r07_reproduce.jl"); write("/root/BF_runs/logs/qs_experiment_w2/phase5_repro_qs_marketobs.st



julia> 
ENV["QSX2_ONLY"] = "qs_marketobs"; try include("experiments/scotland/06_qs_joint_and_market_observation/r07_reproduce.jl"); write("/root/BF_runs/logs/qs_experiment_w2/phase5_repro_qs_marketobs.sta



julia> 
ENV["QSX2_ONLY"] = "qs_marketobs"; try include("experiments/scotland/06_qs_joint_and_market_observation/r07_reproduce.jl"); write("/root/BF_runs/logs/qs_experiment_w2/phase5_repro_qs_marketobs.stat



julia> 
ENV["QSX2_ONLY"] = "qs_marketobs"; try include("experiments/scotland/06_qs_joint_and_market_observation/r07_reproduce.jl"); write("/root/BF_runs/logs/qs_experiment_w2/phase5_repro_qs_marketobs.statu



julia> 
ENV["QSX2_ONLY"] = "qs_marketobs"; try include("experiments/scotland/06_qs_joint_and_market_observation/r07_reproduce.jl"); write("/root/BF_runs/logs/qs_experiment_w2/phase5_repro_qs_marketobs.status



julia> 
ENV["QSX2_ONLY"] = "qs_marketobs"; try include("experiments/scotland/06_qs_joint_and_market_observation/r07_reproduce.jl"); write("/root/BF_runs/logs/qs_experiment_w2/phase5_repro_qs_marketobs.status"



julia> 
ENV["QSX2_ONLY"] = "qs_marketobs"; try include("experiments/scotland/06_qs_joint_and_market_observation/r07_reproduce.jl"); write("/root/BF_runs/logs/qs_experiment_w2/phase5_repro_qs_marketobs.status",



julia> 
ENV["QSX2_ONLY"] = "qs_marketobs"; try include("experiments/scotland/06_qs_joint_and_market_observation/r07_reproduce.jl"); write("/root/BF_runs/logs/qs_experiment_w2/phase5_repro_qs_marketobs.status", 



julia> 
ENV["QSX2_ONLY"] = "qs_marketobs"; try include("experiments/scotland/06_qs_joint_and_market_observation/r07_reproduce.jl"); write("/root/BF_runs/logs/qs_experiment_w2/phase5_repro_qs_marketobs.status", "



julia> 
ENV["QSX2_ONLY"] = "qs_marketobs"; try include("experiments/scotland/06_qs_joint_and_market_observation/r07_reproduce.jl"); write("/root/BF_runs/logs/qs_experiment_w2/phase5_repro_qs_marketobs.status", "P



julia> 
ENV["QSX2_ONLY"] = "qs_marketobs"; try include("experiments/scotland/06_qs_joint_and_market_observation/r07_reproduce.jl"); write("/root/BF_runs/logs/qs_experiment_w2/phase5_repro_qs_marketobs.status", "PA



julia> 
ENV["QSX2_ONLY"] = "qs_marketobs"; try include("experiments/scotland/06_qs_joint_and_market_observation/r07_reproduce.jl"); write("/root/BF_runs/logs/qs_experiment_w2/phase5_repro_qs_marketobs.status", "PAS



julia> 
ENV["QSX2_ONLY"] = "qs_marketobs"; try include("experiments/scotland/06_qs_joint_and_market_observation/r07_reproduce.jl"); write("/root/BF_runs/logs/qs_experiment_w2/phase5_repro_qs_marketobs.status", "PASS



julia> 
ENV["QSX2_ONLY"] = "qs_marketobs"; try include("experiments/scotland/06_qs_joint_and_market_observation/r07_reproduce.jl"); write("/root/BF_runs/logs/qs_experiment_w2/phase5_repro_qs_marketobs.status", "PASS"



julia> 
ENV["QSX2_ONLY"] = "qs_marketobs"; try include("experiments/scotland/06_qs_joint_and_market_observation/r07_reproduce.jl"); write("/root/BF_runs/logs/qs_experiment_w2/phase5_repro_qs_marketobs.status", "PASS")



julia> 
ENV["QSX2_ONLY"] = "qs_marketobs"; try include("experiments/scotland/06_qs_joint_and_market_observation/r07_reproduce.jl"); write("/root/BF_runs/logs/qs_experiment_w2/phase5_repro_qs_marketobs.status", "PASS") 



julia> 
ENV["QSX2_ONLY"] = "qs_marketobs"; try include("experiments/scotland/06_qs_joint_and_market_observation/r07_reproduce.jl"); write("/root/BF_runs/logs/qs_experiment_w2/phase5_repro_qs_marketobs.status", "PASS") c



julia> 
ENV["QSX2_ONLY"] = "qs_marketobs"; try include("experiments/scotland/06_qs_joint_and_market_observation/r07_reproduce.jl"); write("/root/BF_runs/logs/qs_experiment_w2/phase5_repro_qs_marketobs.status", "PASS") ca



julia> 
ENV["QSX2_ONLY"] = "qs_marketobs"; try include("experiments/scotland/06_qs_joint_and_market_observation/r07_reproduce.jl"); write("/root/BF_runs/logs/qs_experiment_w2/phase5_repro_qs_marketobs.status", "PASS") cat



julia> 
ENV["QSX2_ONLY"] = "qs_marketobs"; try include("experiments/scotland/06_qs_joint_and_market_observation/r07_reproduce.jl"); write("/root/BF_runs/logs/qs_experiment_w2/phase5_repro_qs_marketobs.status", "PASS") catc



julia> 
ENV["QSX2_ONLY"] = "qs_marketobs"; try include("experiments/scotland/06_qs_joint_and_market_observation/r07_reproduce.jl"); write("/root/BF_runs/logs/qs_experiment_w2/phase5_repro_qs_marketobs.status", "PASS") catch



julia> 
ENV["QSX2_ONLY"] = "qs_marketobs"; try include("experiments/scotland/06_qs_joint_and_market_observation/r07_reproduce.jl"); write("/root/BF_runs/logs/qs_experiment_w2/phase5_repro_qs_marketobs.status", "PASS") catch 



julia> 
ENV["QSX2_ONLY"] = "qs_marketobs"; try include("experiments/scotland/06_qs_joint_and_market_observation/r07_reproduce.jl"); write("/root/BF_runs/logs/qs_experiment_w2/phase5_repro_qs_marketobs.status", "PASS") catch e



julia> 
ENV["QSX2_ONLY"] = "qs_marketobs"; try include("experiments/scotland/06_qs_joint_and_market_observation/r07_reproduce.jl"); write("/root/BF_runs/logs/qs_experiment_w2/phase5_repro_qs_marketobs.status", "PASS") catch er



julia> 
ENV["QSX2_ONLY"] = "qs_marketobs"; try include("experiments/scotland/06_qs_joint_and_market_observation/r07_reproduce.jl"); write("/root/BF_runs/logs/qs_experiment_w2/phase5_repro_qs_marketobs.status", "PASS") catch err



julia> 
ENV["QSX2_ONLY"] = "qs_marketobs"; try include("experiments/scotland/06_qs_joint_and_market_observation/r07_reproduce.jl"); write("/root/BF_runs/logs/qs_experiment_w2/phase5_repro_qs_marketobs.status", "PASS") catch err;



julia> 
ENV["QSX2_ONLY"] = "qs_marketobs"; try include("experiments/scotland/06_qs_joint_and_market_observation/r07_reproduce.jl"); write("/root/BF_runs/logs/qs_experiment_w2/phase5_repro_qs_marketobs.status", "PASS") catch err; 



julia> 
ENV["QSX2_ONLY"] = "qs_marketobs"; try include("experiments/scotland/06_qs_joint_and_market_observation/r07_reproduce.jl"); write("/root/BF_runs/logs/qs_experiment_w2/phase5_repro_qs_marketobs.status", "PASS") catch err; s



julia> 
ENV["QSX2_ONLY"] = "qs_marketobs"; try include("experiments/scotland/06_qs_joint_and_market_observation/r07_reproduce.jl"); write("/root/BF_runs/logs/qs_experiment_w2/phase5_repro_qs_marketobs.status", "PASS") catch err; sh



julia> 
ENV["QSX2_ONLY"] = "qs_marketobs"; try include("experiments/scotland/06_qs_joint_and_market_observation/r07_reproduce.jl"); write("/root/BF_runs/logs/qs_experiment_w2/phase5_repro_qs_marketobs.status", "PASS") catch err; sho



julia> 
ENV["QSX2_ONLY"] = "qs_marketobs"; try include("experiments/scotland/06_qs_joint_and_market_observation/r07_reproduce.jl"); write("/root/BF_runs/logs/qs_experiment_w2/phase5_repro_qs_marketobs.status", "PASS") catch err; show



julia> 
ENV["QSX2_ONLY"] = "qs_marketobs"; try include("experiments/scotland/06_qs_joint_and_market_observation/r07_reproduce.jl"); write("/root/BF_runs/logs/qs_experiment_w2/phase5_repro_qs_marketobs.status", "PASS") catch err; showe



julia> 
ENV["QSX2_ONLY"] = "qs_marketobs"; try include("experiments/scotland/06_qs_joint_and_market_observation/r07_reproduce.jl"); write("/root/BF_runs/logs/qs_experiment_w2/phase5_repro_qs_marketobs.status", "PASS") catch err; shower



julia> 
ENV["QSX2_ONLY"] = "qs_marketobs"; try include("experiments/scotland/06_qs_joint_and_market_observation/r07_reproduce.jl"); write("/root/BF_runs/logs/qs_experiment_w2/phase5_repro_qs_marketobs.status", "PASS") catch err; showerr



julia> 
ENV["QSX2_ONLY"] = "qs_marketobs"; try include("experiments/scotland/06_qs_joint_and_market_observation/r07_reproduce.jl"); write("/root/BF_runs/logs/qs_experiment_w2/phase5_repro_qs_marketobs.status", "PASS") catch err; showerro



julia> 
ENV["QSX2_ONLY"] = "qs_marketobs"; try include("experiments/scotland/06_qs_joint_and_market_observation/r07_reproduce.jl"); write("/root/BF_runs/logs/qs_experiment_w2/phase5_repro_qs_marketobs.status", "PASS") catch err; showerror



julia> 
ENV["QSX2_ONLY"] = "qs_marketobs"; try include("experiments/scotland/06_qs_joint_and_market_observation/r07_reproduce.jl"); write("/root/BF_runs/logs/qs_experiment_w2/phase5_repro_qs_marketobs.status", "PASS") catch err; showerror(



julia> 
ENV["QSX2_ONLY"] = "qs_marketobs"; try include("experiments/scotland/06_qs_joint_and_market_observation/r07_reproduce.jl"); write("/root/BF_runs/logs/qs_experiment_w2/phase5_repro_qs_marketobs.status", "PASS") catch err; showerror(s



julia> 
ENV["QSX2_ONLY"] = "qs_marketobs"; try include("experiments/scotland/06_qs_joint_and_market_observation/r07_reproduce.jl"); write("/root/BF_runs/logs/qs_experiment_w2/phase5_repro_qs_marketobs.status", "PASS") catch err; showerror(st






julia> 
ENV["QSX2_ONLY"] = "qs_marketobs"; try include("experiments/scotland/06_qs_joint_and_market_observation/r07_reproduce.jl"); write("/root/BF_runs/logs/qs_experiment_w2/phase5_repro_qs_marketobs.status", "PASS") catch err; showerror(std




julia> 
ENV["QSX2_ONLY"] = "qs_marketobs"; try include("experiments/scotland/06_qs_joint_and_market_observation/r07_reproduce.jl"); write("/root/BF_runs/logs/qs_experiment_w2/phase5_repro_qs_marketobs.status", "PASS") catch err; showerror(stde




julia> 
ENV["QSX2_ONLY"] = "qs_marketobs"; try include("experiments/scotland/06_qs_joint_and_market_observation/r07_reproduce.jl"); write("/root/BF_runs/logs/qs_experiment_w2/phase5_repro_qs_marketobs.status", "PASS") catch err; showerror(stder




julia> 
ENV["QSX2_ONLY"] = "qs_marketobs"; try include("experiments/scotland/06_qs_joint_and_market_observation/r07_reproduce.jl"); write("/root/BF_runs/logs/qs_experiment_w2/phase5_repro_qs_marketobs.status", "PASS") catch err; showerror(stderr




julia> 
ENV["QSX2_ONLY"] = "qs_marketobs"; try include("experiments/scotland/06_qs_joint_and_market_observation/r07_reproduce.jl"); write("/root/BF_runs/logs/qs_experiment_w2/phase5_repro_qs_marketobs.status", "PASS") catch err; showerror(stderr,




julia> 
ENV["QSX2_ONLY"] = "qs_marketobs"; try include("experiments/scotland/06_qs_joint_and_market_observation/r07_reproduce.jl"); write("/root/BF_runs/logs/qs_experiment_w2/phase5_repro_qs_marketobs.status", "PASS") catch err; showerror(stderr, 




julia> 
ENV["QSX2_ONLY"] = "qs_marketobs"; try include("experiments/scotland/06_qs_joint_and_market_observation/r07_reproduce.jl"); write("/root/BF_runs/logs/qs_experiment_w2/phase5_repro_qs_marketobs.status", "PASS") catch err; showerror(stderr, e




julia> 
ENV["QSX2_ONLY"] = "qs_marketobs"; try include("experiments/scotland/06_qs_joint_and_market_observation/r07_reproduce.jl"); write("/root/BF_runs/logs/qs_experiment_w2/phase5_repro_qs_marketobs.status", "PASS") catch err; showerror(stderr, er




julia> 
ENV["QSX2_ONLY"] = "qs_marketobs"; try include("experiments/scotland/06_qs_joint_and_market_observation/r07_reproduce.jl"); write("/root/BF_runs/logs/qs_experiment_w2/phase5_repro_qs_marketobs.status", "PASS") catch err; showerror(stderr, err




julia> 
ENV["QSX2_ONLY"] = "qs_marketobs"; try include("experiments/scotland/06_qs_joint_and_market_observation/r07_reproduce.jl"); write("/root/BF_runs/logs/qs_experiment_w2/phase5_repro_qs_marketobs.status", "PASS") catch err; showerror(stderr, err,




julia> 
ENV["QSX2_ONLY"] = "qs_marketobs"; try include("experiments/scotland/06_qs_joint_and_market_observation/r07_reproduce.jl"); write("/root/BF_runs/logs/qs_experiment_w2/phase5_repro_qs_marketobs.status", "PASS") catch err; showerror(stderr, err, 




julia> 
ENV["QSX2_ONLY"] = "qs_marketobs"; try include("experiments/scotland/06_qs_joint_and_market_observation/r07_reproduce.jl"); write("/root/BF_runs/logs/qs_experiment_w2/phase5_repro_qs_marketobs.status", "PASS") catch err; showerror(stderr, err, c




julia> 
ENV["QSX2_ONLY"] = "qs_marketobs"; try include("experiments/scotland/06_qs_joint_and_market_observation/r07_reproduce.jl"); write("/root/BF_runs/logs/qs_experiment_w2/phase5_repro_qs_marketobs.status", "PASS") catch err; showerror(stderr, err, ca




julia> 
ENV["QSX2_ONLY"] = "qs_marketobs"; try include("experiments/scotland/06_qs_joint_and_market_observation/r07_reproduce.jl"); write("/root/BF_runs/logs/qs_experiment_w2/phase5_repro_qs_marketobs.status", "PASS") catch err; showerror(stderr, err, cat




julia> 
ENV["QSX2_ONLY"] = "qs_marketobs"; try include("experiments/scotland/06_qs_joint_and_market_observation/r07_reproduce.jl"); write("/root/BF_runs/logs/qs_experiment_w2/phase5_repro_qs_marketobs.status", "PASS") catch err; showerror(stderr, err, catc




julia> 
ENV["QSX2_ONLY"] = "qs_marketobs"; try include("experiments/scotland/06_qs_joint_and_market_observation/r07_reproduce.jl"); write("/root/BF_runs/logs/qs_experiment_w2/phase5_repro_qs_marketobs.status", "PASS") catch err; showerror(stderr, err, catch




julia> 
ENV["QSX2_ONLY"] = "qs_marketobs"; try include("experiments/scotland/06_qs_joint_and_market_observation/r07_reproduce.jl"); write("/root/BF_runs/logs/qs_experiment_w2/phase5_repro_qs_marketobs.status", "PASS") catch err; showerror(stderr, err, catch_




julia> 
ENV["QSX2_ONLY"] = "qs_marketobs"; try include("experiments/scotland/06_qs_joint_and_market_observation/r07_reproduce.jl"); write("/root/BF_runs/logs/qs_experiment_w2/phase5_repro_qs_marketobs.status", "PASS") catch err; showerror(stderr, err, catch_b




julia> 
ENV["QSX2_ONLY"] = "qs_marketobs"; try include("experiments/scotland/06_qs_joint_and_market_observation/r07_reproduce.jl"); write("/root/BF_runs/logs/qs_experiment_w2/phase5_repro_qs_marketobs.status", "PASS") catch err; showerror(stderr, err, catch_ba




julia> 
ENV["QSX2_ONLY"] = "qs_marketobs"; try include("experiments/scotland/06_qs_joint_and_market_observation/r07_reproduce.jl"); write("/root/BF_runs/logs/qs_experiment_w2/phase5_repro_qs_marketobs.status", "PASS") catch err; showerror(stderr, err, catch_bac




julia> 
ENV["QSX2_ONLY"] = "qs_marketobs"; try include("experiments/scotland/06_qs_joint_and_market_observation/r07_reproduce.jl"); write("/root/BF_runs/logs/qs_experiment_w2/phase5_repro_qs_marketobs.status", "PASS") catch err; showerror(stderr, err, catch_back




julia> 
ENV["QSX2_ONLY"] = "qs_marketobs"; try include("experiments/scotland/06_qs_joint_and_market_observation/r07_reproduce.jl"); write("/root/BF_runs/logs/qs_experiment_w2/phase5_repro_qs_marketobs.status", "PASS") catch err; showerror(stderr, err, catch_backt




julia> 
ENV["QSX2_ONLY"] = "qs_marketobs"; try include("experiments/scotland/06_qs_joint_and_market_observation/r07_reproduce.jl"); write("/root/BF_runs/logs/qs_experiment_w2/phase5_repro_qs_marketobs.status", "PASS") catch err; showerror(stderr, err, catch_backtr




julia> 
ENV["QSX2_ONLY"] = "qs_marketobs"; try include("experiments/scotland/06_qs_joint_and_market_observation/r07_reproduce.jl"); write("/root/BF_runs/logs/qs_experiment_w2/phase5_repro_qs_marketobs.status", "PASS") catch err; showerror(stderr, err, catch_backtra




julia> 
ENV["QSX2_ONLY"] = "qs_marketobs"; try include("experiments/scotland/06_qs_joint_and_market_observation/r07_reproduce.jl"); write("/root/BF_runs/logs/qs_experiment_w2/phase5_repro_qs_marketobs.status", "PASS") catch err; showerror(stderr, err, catch_backtrac




julia> 
ENV["QSX2_ONLY"] = "qs_marketobs"; try include("experiments/scotland/06_qs_joint_and_market_observation/r07_reproduce.jl"); write("/root/BF_runs/logs/qs_experiment_w2/phase5_repro_qs_marketobs.status", "PASS") catch err; showerror(stderr, err, catch_backtrace




julia> 
ENV["QSX2_ONLY"] = "qs_marketobs"; try include("experiments/scotland/06_qs_joint_and_market_observation/r07_reproduce.jl"); write("/root/BF_runs/logs/qs_experiment_w2/phase5_repro_qs_marketobs.status", "PASS") catch err; showerror(stderr, err, catch_backtrace(




julia> 
ENV["QSX2_ONLY"] = "qs_marketobs"; try include("experiments/scotland/06_qs_joint_and_market_observation/r07_reproduce.jl"); write("/root/BF_runs/logs/qs_experiment_w2/phase5_repro_qs_marketobs.status", "PASS") catch err; showerror(stderr, err, catch_backtrace()




julia> 
ENV["QSX2_ONLY"] = "qs_marketobs"; try include("experiments/scotland/06_qs_joint_and_market_observation/r07_reproduce.jl"); write("/root/BF_runs/logs/qs_experiment_w2/phase5_repro_qs_marketobs.status", "PASS") catch err; showerror(stderr, err, catch_backtrace())




julia> 
ENV["QSX2_ONLY"] = "qs_marketobs"; try include("experiments/scotland/06_qs_joint_and_market_observation/r07_reproduce.jl"); write("/root/BF_runs/logs/qs_experiment_w2/phase5_repro_qs_marketobs.status", "PASS") catch err; showerror(stderr, err, catch_backtrace());




julia> 
ENV["QSX2_ONLY"] = "qs_marketobs"; try include("experiments/scotland/06_qs_joint_and_market_observation/r07_reproduce.jl"); write("/root/BF_runs/logs/qs_experiment_w2/phase5_repro_qs_marketobs.status", "PASS") catch err; showerror(stderr, err, catch_backtrace()); 




julia> 
ENV["QSX2_ONLY"] = "qs_marketobs"; try include("experiments/scotland/06_qs_joint_and_market_observation/r07_reproduce.jl"); write("/root/BF_runs/logs/qs_experiment_w2/phase5_repro_qs_marketobs.status", "PASS") catch err; showerror(stderr, err, catch_backtrace()); p




julia> 
ENV["QSX2_ONLY"] = "qs_marketobs"; try include("experiments/scotland/06_qs_joint_and_market_observation/r07_reproduce.jl"); write("/root/BF_runs/logs/qs_experiment_w2/phase5_repro_qs_marketobs.status", "PASS") catch err; showerror(stderr, err, catch_backtrace()); pr




julia> 
ENV["QSX2_ONLY"] = "qs_marketobs"; try include("experiments/scotland/06_qs_joint_and_market_observation/r07_reproduce.jl"); write("/root/BF_runs/logs/qs_experiment_w2/phase5_repro_qs_marketobs.status", "PASS") catch err; showerror(stderr, err, catch_backtrace()); pri




julia> 
ENV["QSX2_ONLY"] = "qs_marketobs"; try include("experiments/scotland/06_qs_joint_and_market_observation/r07_reproduce.jl"); write("/root/BF_runs/logs/qs_experiment_w2/phase5_repro_qs_marketobs.status", "PASS") catch err; showerror(stderr, err, catch_backtrace()); prin




julia> 
ENV["QSX2_ONLY"] = "qs_marketobs"; try include("experiments/scotland/06_qs_joint_and_market_observation/r07_reproduce.jl"); write("/root/BF_runs/logs/qs_experiment_w2/phase5_repro_qs_marketobs.status", "PASS") catch err; showerror(stderr, err, catch_backtrace()); print




julia> 
ENV["QSX2_ONLY"] = "qs_marketobs"; try include("experiments/scotland/06_qs_joint_and_market_observation/r07_reproduce.jl"); write("/root/BF_runs/logs/qs_experiment_w2/phase5_repro_qs_marketobs.status", "PASS") catch err; showerror(stderr, err, catch_backtrace()); printl




julia> 
ENV["QSX2_ONLY"] = "qs_marketobs"; try include("experiments/scotland/06_qs_joint_and_market_observation/r07_reproduce.jl"); write("/root/BF_runs/logs/qs_experiment_w2/phase5_repro_qs_marketobs.status", "PASS") catch err; showerror(stderr, err, catch_backtrace()); println




julia> 
ENV["QSX2_ONLY"] = "qs_marketobs"; try include("experiments/scotland/06_qs_joint_and_market_observation/r07_reproduce.jl"); write("/root/BF_runs/logs/qs_experiment_w2/phase5_repro_qs_marketobs.status", "PASS") catch err; showerror(stderr, err, catch_backtrace()); println(




julia> 
ENV["QSX2_ONLY"] = "qs_marketobs"; try include("experiments/scotland/06_qs_joint_and_market_observation/r07_reproduce.jl"); write("/root/BF_runs/logs/qs_experiment_w2/phase5_repro_qs_marketobs.status", "PASS") catch err; showerror(stderr, err, catch_backtrace()); println(s




julia> 
ENV["QSX2_ONLY"] = "qs_marketobs"; try include("experiments/scotland/06_qs_joint_and_market_observation/r07_reproduce.jl"); write("/root/BF_runs/logs/qs_experiment_w2/phase5_repro_qs_marketobs.status", "PASS") catch err; showerror(stderr, err, catch_backtrace()); println(st




julia> 
ENV["QSX2_ONLY"] = "qs_marketobs"; try include("experiments/scotland/06_qs_joint_and_market_observation/r07_reproduce.jl"); write("/root/BF_runs/logs/qs_experiment_w2/phase5_repro_qs_marketobs.status", "PASS") catch err; showerror(stderr, err, catch_backtrace()); println(std




julia> 
ENV["QSX2_ONLY"] = "qs_marketobs"; try include("experiments/scotland/06_qs_joint_and_market_observation/r07_reproduce.jl"); write("/root/BF_runs/logs/qs_experiment_w2/phase5_repro_qs_marketobs.status", "PASS") catch err; showerror(stderr, err, catch_backtrace()); println(stde




julia> 
ENV["QSX2_ONLY"] = "qs_marketobs"; try include("experiments/scotland/06_qs_joint_and_market_observation/r07_reproduce.jl"); write("/root/BF_runs/logs/qs_experiment_w2/phase5_repro_qs_marketobs.status", "PASS") catch err; showerror(stderr, err, catch_backtrace()); println(stder




julia> 
ENV["QSX2_ONLY"] = "qs_marketobs"; try include("experiments/scotland/06_qs_joint_and_market_observation/r07_reproduce.jl"); write("/root/BF_runs/logs/qs_experiment_w2/phase5_repro_qs_marketobs.status", "PASS") catch err; showerror(stderr, err, catch_backtrace()); println(stderr




julia> 
ENV["QSX2_ONLY"] = "qs_marketobs"; try include("experiments/scotland/06_qs_joint_and_market_observation/r07_reproduce.jl"); write("/root/BF_runs/logs/qs_experiment_w2/phase5_repro_qs_marketobs.status", "PASS") catch err; showerror(stderr, err, catch_backtrace()); println(stderr)




julia> 
ENV["QSX2_ONLY"] = "qs_marketobs"; try include("experiments/scotland/06_qs_joint_and_market_observation/r07_reproduce.jl"); write("/root/BF_runs/logs/qs_experiment_w2/phase5_repro_qs_marketobs.status", "PASS") catch err; showerror(stderr, err, catch_backtrace()); println(stderr);




julia> 
ENV["QSX2_ONLY"] = "qs_marketobs"; try include("experiments/scotland/06_qs_joint_and_market_observation/r07_reproduce.jl"); write("/root/BF_runs/logs/qs_experiment_w2/phase5_repro_qs_marketobs.status", "PASS") catch err; showerror(stderr, err, catch_backtrace()); println(stderr); 




julia> 
ENV["QSX2_ONLY"] = "qs_marketobs"; try include("experiments/scotland/06_qs_joint_and_market_observation/r07_reproduce.jl"); write("/root/BF_runs/logs/qs_experiment_w2/phase5_repro_qs_marketobs.status", "PASS") catch err; showerror(stderr, err, catch_backtrace()); println(stderr); w




julia> 
ENV["QSX2_ONLY"] = "qs_marketobs"; try include("experiments/scotland/06_qs_joint_and_market_observation/r07_reproduce.jl"); write("/root/BF_runs/logs/qs_experiment_w2/phase5_repro_qs_marketobs.status", "PASS") catch err; showerror(stderr, err, catch_backtrace()); println(stderr); wr




julia> 
ENV["QSX2_ONLY"] = "qs_marketobs"; try include("experiments/scotland/06_qs_joint_and_market_observation/r07_reproduce.jl"); write("/root/BF_runs/logs/qs_experiment_w2/phase5_repro_qs_marketobs.status", "PASS") catch err; showerror(stderr, err, catch_backtrace()); println(stderr); wri




julia> 
ENV["QSX2_ONLY"] = "qs_marketobs"; try include("experiments/scotland/06_qs_joint_and_market_observation/r07_reproduce.jl"); write("/root/BF_runs/logs/qs_experiment_w2/phase5_repro_qs_marketobs.status", "PASS") catch err; showerror(stderr, err, catch_backtrace()); println(stderr); writ




julia> 
ENV["QSX2_ONLY"] = "qs_marketobs"; try include("experiments/scotland/06_qs_joint_and_market_observation/r07_reproduce.jl"); write("/root/BF_runs/logs/qs_experiment_w2/phase5_repro_qs_marketobs.status", "PASS") catch err; showerror(stderr, err, catch_backtrace()); println(stderr); write




julia> 
ENV["QSX2_ONLY"] = "qs_marketobs"; try include("experiments/scotland/06_qs_joint_and_market_observation/r07_reproduce.jl"); write("/root/BF_runs/logs/qs_experiment_w2/phase5_repro_qs_marketobs.status", "PASS") catch err; showerror(stderr, err, catch_backtrace()); println(stderr); write(




julia> 
ENV["QSX2_ONLY"] = "qs_marketobs"; try include("experiments/scotland/06_qs_joint_and_market_observation/r07_reproduce.jl"); write("/root/BF_runs/logs/qs_experiment_w2/phase5_repro_qs_marketobs.status", "PASS") catch err; showerror(stderr, err, catch_backtrace()); println(stderr); write("




julia> 
ENV["QSX2_ONLY"] = "qs_marketobs"; try include("experiments/scotland/06_qs_joint_and_market_observation/r07_reproduce.jl"); write("/root/BF_runs/logs/qs_experiment_w2/phase5_repro_qs_marketobs.status", "PASS") catch err; showerror(stderr, err, catch_backtrace()); println(stderr); write("/




julia> 
ENV["QSX2_ONLY"] = "qs_marketobs"; try include("experiments/scotland/06_qs_joint_and_market_observation/r07_reproduce.jl"); write("/root/BF_runs/logs/qs_experiment_w2/phase5_repro_qs_marketobs.status", "PASS") catch err; showerror(stderr, err, catch_backtrace()); println(stderr); write("/r




julia> 
ENV["QSX2_ONLY"] = "qs_marketobs"; try include("experiments/scotland/06_qs_joint_and_market_observation/r07_reproduce.jl"); write("/root/BF_runs/logs/qs_experiment_w2/phase5_repro_qs_marketobs.status", "PASS") catch err; showerror(stderr, err, catch_backtrace()); println(stderr); write("/ro




julia> 
ENV["QSX2_ONLY"] = "qs_marketobs"; try include("experiments/scotland/06_qs_joint_and_market_observation/r07_reproduce.jl"); write("/root/BF_runs/logs/qs_experiment_w2/phase5_repro_qs_marketobs.status", "PASS") catch err; showerror(stderr, err, catch_backtrace()); println(stderr); write("/roo




julia> 
ENV["QSX2_ONLY"] = "qs_marketobs"; try include("experiments/scotland/06_qs_joint_and_market_observation/r07_reproduce.jl"); write("/root/BF_runs/logs/qs_experiment_w2/phase5_repro_qs_marketobs.status", "PASS") catch err; showerror(stderr, err, catch_backtrace()); println(stderr); write("/root




julia> 
ENV["QSX2_ONLY"] = "qs_marketobs"; try include("experiments/scotland/06_qs_joint_and_market_observation/r07_reproduce.jl"); write("/root/BF_runs/logs/qs_experiment_w2/phase5_repro_qs_marketobs.status", "PASS") catch err; showerror(stderr, err, catch_backtrace()); println(stderr); write("/root/




julia> 
ENV["QSX2_ONLY"] = "qs_marketobs"; try include("experiments/scotland/06_qs_joint_and_market_observation/r07_reproduce.jl"); write("/root/BF_runs/logs/qs_experiment_w2/phase5_repro_qs_marketobs.status", "PASS") catch err; showerror(stderr, err, catch_backtrace()); println(stderr); write("/root/B




julia> 
ENV["QSX2_ONLY"] = "qs_marketobs"; try include("experiments/scotland/06_qs_joint_and_market_observation/r07_reproduce.jl"); write("/root/BF_runs/logs/qs_experiment_w2/phase5_repro_qs_marketobs.status", "PASS") catch err; showerror(stderr, err, catch_backtrace()); println(stderr); write("/root/BF




julia> 
ENV["QSX2_ONLY"] = "qs_marketobs"; try include("experiments/scotland/06_qs_joint_and_market_observation/r07_reproduce.jl"); write("/root/BF_runs/logs/qs_experiment_w2/phase5_repro_qs_marketobs.status", "PASS") catch err; showerror(stderr, err, catch_backtrace()); println(stderr); write("/root/BF_




julia> 
ENV["QSX2_ONLY"] = "qs_marketobs"; try include("experiments/scotland/06_qs_joint_and_market_observation/r07_reproduce.jl"); write("/root/BF_runs/logs/qs_experiment_w2/phase5_repro_qs_marketobs.status", "PASS") catch err; showerror(stderr, err, catch_backtrace()); println(stderr); write("/root/BF_r




julia> 
ENV["QSX2_ONLY"] = "qs_marketobs"; try include("experiments/scotland/06_qs_joint_and_market_observation/r07_reproduce.jl"); write("/root/BF_runs/logs/qs_experiment_w2/phase5_repro_qs_marketobs.status", "PASS") catch err; showerror(stderr, err, catch_backtrace()); println(stderr); write("/root/BF_ru




julia> 
ENV["QSX2_ONLY"] = "qs_marketobs"; try include("experiments/scotland/06_qs_joint_and_market_observation/r07_reproduce.jl"); write("/root/BF_runs/logs/qs_experiment_w2/phase5_repro_qs_marketobs.status", "PASS") catch err; showerror(stderr, err, catch_backtrace()); println(stderr); write("/root/BF_run




julia> 
ENV["QSX2_ONLY"] = "qs_marketobs"; try include("experiments/scotland/06_qs_joint_and_market_observation/r07_reproduce.jl"); write("/root/BF_runs/logs/qs_experiment_w2/phase5_repro_qs_marketobs.status", "PASS") catch err; showerror(stderr, err, catch_backtrace()); println(stderr); write("/root/BF_runs




julia> 
ENV["QSX2_ONLY"] = "qs_marketobs"; try include("experiments/scotland/06_qs_joint_and_market_observation/r07_reproduce.jl"); write("/root/BF_runs/logs/qs_experiment_w2/phase5_repro_qs_marketobs.status", "PASS") catch err; showerror(stderr, err, catch_backtrace()); println(stderr); write("/root/BF_runs/




julia> 
ENV["QSX2_ONLY"] = "qs_marketobs"; try include("experiments/scotland/06_qs_joint_and_market_observation/r07_reproduce.jl"); write("/root/BF_runs/logs/qs_experiment_w2/phase5_repro_qs_marketobs.status", "PASS") catch err; showerror(stderr, err, catch_backtrace()); println(stderr); write("/root/BF_runs/l




julia> 
ENV["QSX2_ONLY"] = "qs_marketobs"; try include("experiments/scotland/06_qs_joint_and_market_observation/r07_reproduce.jl"); write("/root/BF_runs/logs/qs_experiment_w2/phase5_repro_qs_marketobs.status", "PASS") catch err; showerror(stderr, err, catch_backtrace()); println(stderr); write("/root/BF_runs/lo




julia> 
ENV["QSX2_ONLY"] = "qs_marketobs"; try include("experiments/scotland/06_qs_joint_and_market_observation/r07_reproduce.jl"); write("/root/BF_runs/logs/qs_experiment_w2/phase5_repro_qs_marketobs.status", "PASS") catch err; showerror(stderr, err, catch_backtrace()); println(stderr); write("/root/BF_runs/log




julia> 
ENV["QSX2_ONLY"] = "qs_marketobs"; try include("experiments/scotland/06_qs_joint_and_market_observation/r07_reproduce.jl"); write("/root/BF_runs/logs/qs_experiment_w2/phase5_repro_qs_marketobs.status", "PASS") catch err; showerror(stderr, err, catch_backtrace()); println(stderr); write("/root/BF_runs/logs




julia> 
ENV["QSX2_ONLY"] = "qs_marketobs"; try include("experiments/scotland/06_qs_joint_and_market_observation/r07_reproduce.jl"); write("/root/BF_runs/logs/qs_experiment_w2/phase5_repro_qs_marketobs.status", "PASS") catch err; showerror(stderr, err, catch_backtrace()); println(stderr); write("/root/BF_runs/logs/




julia> 
ENV["QSX2_ONLY"] = "qs_marketobs"; try include("experiments/scotland/06_qs_joint_and_market_observation/r07_reproduce.jl"); write("/root/BF_runs/logs/qs_experiment_w2/phase5_repro_qs_marketobs.status", "PASS") catch err; showerror(stderr, err, catch_backtrace()); println(stderr); write("/root/BF_runs/logs/q




julia> 
ENV["QSX2_ONLY"] = "qs_marketobs"; try include("experiments/scotland/06_qs_joint_and_market_observation/r07_reproduce.jl"); write("/root/BF_runs/logs/qs_experiment_w2/phase5_repro_qs_marketobs.status", "PASS") catch err; showerror(stderr, err, catch_backtrace()); println(stderr); write("/root/BF_runs/logs/qs




julia> 
ENV["QSX2_ONLY"] = "qs_marketobs"; try include("experiments/scotland/06_qs_joint_and_market_observation/r07_reproduce.jl"); write("/root/BF_runs/logs/qs_experiment_w2/phase5_repro_qs_marketobs.status", "PASS") catch err; showerror(stderr, err, catch_backtrace()); println(stderr); write("/root/BF_runs/logs/qs_




julia> 
ENV["QSX2_ONLY"] = "qs_marketobs"; try include("experiments/scotland/06_qs_joint_and_market_observation/r07_reproduce.jl"); write("/root/BF_runs/logs/qs_experiment_w2/phase5_repro_qs_marketobs.status", "PASS") catch err; showerror(stderr, err, catch_backtrace()); println(stderr); write("/root/BF_runs/logs/qs_e




julia> 
ENV["QSX2_ONLY"] = "qs_marketobs"; try include("experiments/scotland/06_qs_joint_and_market_observation/r07_reproduce.jl"); write("/root/BF_runs/logs/qs_experiment_w2/phase5_repro_qs_marketobs.status", "PASS") catch err; showerror(stderr, err, catch_backtrace()); println(stderr); write("/root/BF_runs/logs/qs_ex




julia> 
ENV["QSX2_ONLY"] = "qs_marketobs"; try include("experiments/scotland/06_qs_joint_and_market_observation/r07_reproduce.jl"); write("/root/BF_runs/logs/qs_experiment_w2/phase5_repro_qs_marketobs.status", "PASS") catch err; showerror(stderr, err, catch_backtrace()); println(stderr); write("/root/BF_runs/logs/qs_exp







julia> 
ENV["QSX2_ONLY"] = "qs_marketobs"; try include("experiments/scotland/06_qs_joint_and_market_observation/r07_reproduce.jl"); write("/root/BF_runs/logs/qs_experiment_w2/phase5_repro_qs_marketobs.status", "PASS") catch err; showerror(stderr, err, catch_backtrace()); println(stderr); write("/root/BF_runs/logs/qs_expe





julia> 
ENV["QSX2_ONLY"] = "qs_marketobs"; try include("experiments/scotland/06_qs_joint_and_market_observation/r07_reproduce.jl"); write("/root/BF_runs/logs/qs_experiment_w2/phase5_repro_qs_marketobs.status", "PASS") catch err; showerror(stderr, err, catch_backtrace()); println(stderr); write("/root/BF_runs/logs/qs_exper





julia> 
ENV["QSX2_ONLY"] = "qs_marketobs"; try include("experiments/scotland/06_qs_joint_and_market_observation/r07_reproduce.jl"); write("/root/BF_runs/logs/qs_experiment_w2/phase5_repro_qs_marketobs.status", "PASS") catch err; showerror(stderr, err, catch_backtrace()); println(stderr); write("/root/BF_runs/logs/qs_experi





julia> 
ENV["QSX2_ONLY"] = "qs_marketobs"; try include("experiments/scotland/06_qs_joint_and_market_observation/r07_reproduce.jl"); write("/root/BF_runs/logs/qs_experiment_w2/phase5_repro_qs_marketobs.status", "PASS") catch err; showerror(stderr, err, catch_backtrace()); println(stderr); write("/root/BF_runs/logs/qs_experim





julia> 
ENV["QSX2_ONLY"] = "qs_marketobs"; try include("experiments/scotland/06_qs_joint_and_market_observation/r07_reproduce.jl"); write("/root/BF_runs/logs/qs_experiment_w2/phase5_repro_qs_marketobs.status", "PASS") catch err; showerror(stderr, err, catch_backtrace()); println(stderr); write("/root/BF_runs/logs/qs_experime





julia> 
ENV["QSX2_ONLY"] = "qs_marketobs"; try include("experiments/scotland/06_qs_joint_and_market_observation/r07_reproduce.jl"); write("/root/BF_runs/logs/qs_experiment_w2/phase5_repro_qs_marketobs.status", "PASS") catch err; showerror(stderr, err, catch_backtrace()); println(stderr); write("/root/BF_runs/logs/qs_experimen





julia> 
ENV["QSX2_ONLY"] = "qs_marketobs"; try include("experiments/scotland/06_qs_joint_and_market_observation/r07_reproduce.jl"); write("/root/BF_runs/logs/qs_experiment_w2/phase5_repro_qs_marketobs.status", "PASS") catch err; showerror(stderr, err, catch_backtrace()); println(stderr); write("/root/BF_runs/logs/qs_experiment





julia> 
ENV["QSX2_ONLY"] = "qs_marketobs"; try include("experiments/scotland/06_qs_joint_and_market_observation/r07_reproduce.jl"); write("/root/BF_runs/logs/qs_experiment_w2/phase5_repro_qs_marketobs.status", "PASS") catch err; showerror(stderr, err, catch_backtrace()); println(stderr); write("/root/BF_runs/logs/qs_experiment_





julia> 
ENV["QSX2_ONLY"] = "qs_marketobs"; try include("experiments/scotland/06_qs_joint_and_market_observation/r07_reproduce.jl"); write("/root/BF_runs/logs/qs_experiment_w2/phase5_repro_qs_marketobs.status", "PASS") catch err; showerror(stderr, err, catch_backtrace()); println(stderr); write("/root/BF_runs/logs/qs_experiment_w





julia> 
ENV["QSX2_ONLY"] = "qs_marketobs"; try include("experiments/scotland/06_qs_joint_and_market_observation/r07_reproduce.jl"); write("/root/BF_runs/logs/qs_experiment_w2/phase5_repro_qs_marketobs.status", "PASS") catch err; showerror(stderr, err, catch_backtrace()); println(stderr); write("/root/BF_runs/logs/qs_experiment_w2





julia> 
ENV["QSX2_ONLY"] = "qs_marketobs"; try include("experiments/scotland/06_qs_joint_and_market_observation/r07_reproduce.jl"); write("/root/BF_runs/logs/qs_experiment_w2/phase5_repro_qs_marketobs.status", "PASS") catch err; showerror(stderr, err, catch_backtrace()); println(stderr); write("/root/BF_runs/logs/qs_experiment_w2/





julia> 
ENV["QSX2_ONLY"] = "qs_marketobs"; try include("experiments/scotland/06_qs_joint_and_market_observation/r07_reproduce.jl"); write("/root/BF_runs/logs/qs_experiment_w2/phase5_repro_qs_marketobs.status", "PASS") catch err; showerror(stderr, err, catch_backtrace()); println(stderr); write("/root/BF_runs/logs/qs_experiment_w2/p





julia> 
ENV["QSX2_ONLY"] = "qs_marketobs"; try include("experiments/scotland/06_qs_joint_and_market_observation/r07_reproduce.jl"); write("/root/BF_runs/logs/qs_experiment_w2/phase5_repro_qs_marketobs.status", "PASS") catch err; showerror(stderr, err, catch_backtrace()); println(stderr); write("/root/BF_runs/logs/qs_experiment_w2/ph





julia> 
ENV["QSX2_ONLY"] = "qs_marketobs"; try include("experiments/scotland/06_qs_joint_and_market_observation/r07_reproduce.jl"); write("/root/BF_runs/logs/qs_experiment_w2/phase5_repro_qs_marketobs.status", "PASS") catch err; showerror(stderr, err, catch_backtrace()); println(stderr); write("/root/BF_runs/logs/qs_experiment_w2/pha





julia> 
ENV["QSX2_ONLY"] = "qs_marketobs"; try include("experiments/scotland/06_qs_joint_and_market_observation/r07_reproduce.jl"); write("/root/BF_runs/logs/qs_experiment_w2/phase5_repro_qs_marketobs.status", "PASS") catch err; showerror(stderr, err, catch_backtrace()); println(stderr); write("/root/BF_runs/logs/qs_experiment_w2/phas





julia> 
ENV["QSX2_ONLY"] = "qs_marketobs"; try include("experiments/scotland/06_qs_joint_and_market_observation/r07_reproduce.jl"); write("/root/BF_runs/logs/qs_experiment_w2/phase5_repro_qs_marketobs.status", "PASS") catch err; showerror(stderr, err, catch_backtrace()); println(stderr); write("/root/BF_runs/logs/qs_experiment_w2/phase





julia> 
ENV["QSX2_ONLY"] = "qs_marketobs"; try include("experiments/scotland/06_qs_joint_and_market_observation/r07_reproduce.jl"); write("/root/BF_runs/logs/qs_experiment_w2/phase5_repro_qs_marketobs.status", "PASS") catch err; showerror(stderr, err, catch_backtrace()); println(stderr); write("/root/BF_runs/logs/qs_experiment_w2/phase5





julia> 
ENV["QSX2_ONLY"] = "qs_marketobs"; try include("experiments/scotland/06_qs_joint_and_market_observation/r07_reproduce.jl"); write("/root/BF_runs/logs/qs_experiment_w2/phase5_repro_qs_marketobs.status", "PASS") catch err; showerror(stderr, err, catch_backtrace()); println(stderr); write("/root/BF_runs/logs/qs_experiment_w2/phase5_





julia> 
ENV["QSX2_ONLY"] = "qs_marketobs"; try include("experiments/scotland/06_qs_joint_and_market_observation/r07_reproduce.jl"); write("/root/BF_runs/logs/qs_experiment_w2/phase5_repro_qs_marketobs.status", "PASS") catch err; showerror(stderr, err, catch_backtrace()); println(stderr); write("/root/BF_runs/logs/qs_experiment_w2/phase5_r





julia> 
ENV["QSX2_ONLY"] = "qs_marketobs"; try include("experiments/scotland/06_qs_joint_and_market_observation/r07_reproduce.jl"); write("/root/BF_runs/logs/qs_experiment_w2/phase5_repro_qs_marketobs.status", "PASS") catch err; showerror(stderr, err, catch_backtrace()); println(stderr); write("/root/BF_runs/logs/qs_experiment_w2/phase5_re





julia> 
ENV["QSX2_ONLY"] = "qs_marketobs"; try include("experiments/scotland/06_qs_joint_and_market_observation/r07_reproduce.jl"); write("/root/BF_runs/logs/qs_experiment_w2/phase5_repro_qs_marketobs.status", "PASS") catch err; showerror(stderr, err, catch_backtrace()); println(stderr); write("/root/BF_runs/logs/qs_experiment_w2/phase5_rep





julia> 
ENV["QSX2_ONLY"] = "qs_marketobs"; try include("experiments/scotland/06_qs_joint_and_market_observation/r07_reproduce.jl"); write("/root/BF_runs/logs/qs_experiment_w2/phase5_repro_qs_marketobs.status", "PASS") catch err; showerror(stderr, err, catch_backtrace()); println(stderr); write("/root/BF_runs/logs/qs_experiment_w2/phase5_repr





julia> 
ENV["QSX2_ONLY"] = "qs_marketobs"; try include("experiments/scotland/06_qs_joint_and_market_observation/r07_reproduce.jl"); write("/root/BF_runs/logs/qs_experiment_w2/phase5_repro_qs_marketobs.status", "PASS") catch err; showerror(stderr, err, catch_backtrace()); println(stderr); write("/root/BF_runs/logs/qs_experiment_w2/phase5_repro





julia> 
ENV["QSX2_ONLY"] = "qs_marketobs"; try include("experiments/scotland/06_qs_joint_and_market_observation/r07_reproduce.jl"); write("/root/BF_runs/logs/qs_experiment_w2/phase5_repro_qs_marketobs.status", "PASS") catch err; showerror(stderr, err, catch_backtrace()); println(stderr); write("/root/BF_runs/logs/qs_experiment_w2/phase5_repro_





julia> 
ENV["QSX2_ONLY"] = "qs_marketobs"; try include("experiments/scotland/06_qs_joint_and_market_observation/r07_reproduce.jl"); write("/root/BF_runs/logs/qs_experiment_w2/phase5_repro_qs_marketobs.status", "PASS") catch err; showerror(stderr, err, catch_backtrace()); println(stderr); write("/root/BF_runs/logs/qs_experiment_w2/phase5_repro_q





julia> 
ENV["QSX2_ONLY"] = "qs_marketobs"; try include("experiments/scotland/06_qs_joint_and_market_observation/r07_reproduce.jl"); write("/root/BF_runs/logs/qs_experiment_w2/phase5_repro_qs_marketobs.status", "PASS") catch err; showerror(stderr, err, catch_backtrace()); println(stderr); write("/root/BF_runs/logs/qs_experiment_w2/phase5_repro_qs





julia> 
ENV["QSX2_ONLY"] = "qs_marketobs"; try include("experiments/scotland/06_qs_joint_and_market_observation/r07_reproduce.jl"); write("/root/BF_runs/logs/qs_experiment_w2/phase5_repro_qs_marketobs.status", "PASS") catch err; showerror(stderr, err, catch_backtrace()); println(stderr); write("/root/BF_runs/logs/qs_experiment_w2/phase5_repro_qs_





julia> 
ENV["QSX2_ONLY"] = "qs_marketobs"; try include("experiments/scotland/06_qs_joint_and_market_observation/r07_reproduce.jl"); write("/root/BF_runs/logs/qs_experiment_w2/phase5_repro_qs_marketobs.status", "PASS") catch err; showerror(stderr, err, catch_backtrace()); println(stderr); write("/root/BF_runs/logs/qs_experiment_w2/phase5_repro_qs_m





julia> 
ENV["QSX2_ONLY"] = "qs_marketobs"; try include("experiments/scotland/06_qs_joint_and_market_observation/r07_reproduce.jl"); write("/root/BF_runs/logs/qs_experiment_w2/phase5_repro_qs_marketobs.status", "PASS") catch err; showerror(stderr, err, catch_backtrace()); println(stderr); write("/root/BF_runs/logs/qs_experiment_w2/phase5_repro_qs_ma





julia> 
ENV["QSX2_ONLY"] = "qs_marketobs"; try include("experiments/scotland/06_qs_joint_and_market_observation/r07_reproduce.jl"); write("/root/BF_runs/logs/qs_experiment_w2/phase5_repro_qs_marketobs.status", "PASS") catch err; showerror(stderr, err, catch_backtrace()); println(stderr); write("/root/BF_runs/logs/qs_experiment_w2/phase5_repro_qs_mar





julia> 
ENV["QSX2_ONLY"] = "qs_marketobs"; try include("experiments/scotland/06_qs_joint_and_market_observation/r07_reproduce.jl"); write("/root/BF_runs/logs/qs_experiment_w2/phase5_repro_qs_marketobs.status", "PASS") catch err; showerror(stderr, err, catch_backtrace()); println(stderr); write("/root/BF_runs/logs/qs_experiment_w2/phase5_repro_qs_mark





julia> 
ENV["QSX2_ONLY"] = "qs_marketobs"; try include("experiments/scotland/06_qs_joint_and_market_observation/r07_reproduce.jl"); write("/root/BF_runs/logs/qs_experiment_w2/phase5_repro_qs_marketobs.status", "PASS") catch err; showerror(stderr, err, catch_backtrace()); println(stderr); write("/root/BF_runs/logs/qs_experiment_w2/phase5_repro_qs_marke





julia> 
ENV["QSX2_ONLY"] = "qs_marketobs"; try include("experiments/scotland/06_qs_joint_and_market_observation/r07_reproduce.jl"); write("/root/BF_runs/logs/qs_experiment_w2/phase5_repro_qs_marketobs.status", "PASS") catch err; showerror(stderr, err, catch_backtrace()); println(stderr); write("/root/BF_runs/logs/qs_experiment_w2/phase5_repro_qs_market





julia> 
ENV["QSX2_ONLY"] = "qs_marketobs"; try include("experiments/scotland/06_qs_joint_and_market_observation/r07_reproduce.jl"); write("/root/BF_runs/logs/qs_experiment_w2/phase5_repro_qs_marketobs.status", "PASS") catch err; showerror(stderr, err, catch_backtrace()); println(stderr); write("/root/BF_runs/logs/qs_experiment_w2/phase5_repro_qs_marketo





julia> 
ENV["QSX2_ONLY"] = "qs_marketobs"; try include("experiments/scotland/06_qs_joint_and_market_observation/r07_reproduce.jl"); write("/root/BF_runs/logs/qs_experiment_w2/phase5_repro_qs_marketobs.status", "PASS") catch err; showerror(stderr, err, catch_backtrace()); println(stderr); write("/root/BF_runs/logs/qs_experiment_w2/phase5_repro_qs_marketob





julia> 
ENV["QSX2_ONLY"] = "qs_marketobs"; try include("experiments/scotland/06_qs_joint_and_market_observation/r07_reproduce.jl"); write("/root/BF_runs/logs/qs_experiment_w2/phase5_repro_qs_marketobs.status", "PASS") catch err; showerror(stderr, err, catch_backtrace()); println(stderr); write("/root/BF_runs/logs/qs_experiment_w2/phase5_repro_qs_marketobs





julia> 
ENV["QSX2_ONLY"] = "qs_marketobs"; try include("experiments/scotland/06_qs_joint_and_market_observation/r07_reproduce.jl"); write("/root/BF_runs/logs/qs_experiment_w2/phase5_repro_qs_marketobs.status", "PASS") catch err; showerror(stderr, err, catch_backtrace()); println(stderr); write("/root/BF_runs/logs/qs_experiment_w2/phase5_repro_qs_marketobs.





julia> 
ENV["QSX2_ONLY"] = "qs_marketobs"; try include("experiments/scotland/06_qs_joint_and_market_observation/r07_reproduce.jl"); write("/root/BF_runs/logs/qs_experiment_w2/phase5_repro_qs_marketobs.status", "PASS") catch err; showerror(stderr, err, catch_backtrace()); println(stderr); write("/root/BF_runs/logs/qs_experiment_w2/phase5_repro_qs_marketobs.s





julia> 
ENV["QSX2_ONLY"] = "qs_marketobs"; try include("experiments/scotland/06_qs_joint_and_market_observation/r07_reproduce.jl"); write("/root/BF_runs/logs/qs_experiment_w2/phase5_repro_qs_marketobs.status", "PASS") catch err; showerror(stderr, err, catch_backtrace()); println(stderr); write("/root/BF_runs/logs/qs_experiment_w2/phase5_repro_qs_marketobs.st





julia> 
ENV["QSX2_ONLY"] = "qs_marketobs"; try include("experiments/scotland/06_qs_joint_and_market_observation/r07_reproduce.jl"); write("/root/BF_runs/logs/qs_experiment_w2/phase5_repro_qs_marketobs.status", "PASS") catch err; showerror(stderr, err, catch_backtrace()); println(stderr); write("/root/BF_runs/logs/qs_experiment_w2/phase5_repro_qs_marketobs.sta





julia> 
ENV["QSX2_ONLY"] = "qs_marketobs"; try include("experiments/scotland/06_qs_joint_and_market_observation/r07_reproduce.jl"); write("/root/BF_runs/logs/qs_experiment_w2/phase5_repro_qs_marketobs.status", "PASS") catch err; showerror(stderr, err, catch_backtrace()); println(stderr); write("/root/BF_runs/logs/qs_experiment_w2/phase5_repro_qs_marketobs.stat





julia> 
ENV["QSX2_ONLY"] = "qs_marketobs"; try include("experiments/scotland/06_qs_joint_and_market_observation/r07_reproduce.jl"); write("/root/BF_runs/logs/qs_experiment_w2/phase5_repro_qs_marketobs.status", "PASS") catch err; showerror(stderr, err, catch_backtrace()); println(stderr); write("/root/BF_runs/logs/qs_experiment_w2/phase5_repro_qs_marketobs.statu





julia> 
ENV["QSX2_ONLY"] = "qs_marketobs"; try include("experiments/scotland/06_qs_joint_and_market_observation/r07_reproduce.jl"); write("/root/BF_runs/logs/qs_experiment_w2/phase5_repro_qs_marketobs.status", "PASS") catch err; showerror(stderr, err, catch_backtrace()); println(stderr); write("/root/BF_runs/logs/qs_experiment_w2/phase5_repro_qs_marketobs.status





julia> 
ENV["QSX2_ONLY"] = "qs_marketobs"; try include("experiments/scotland/06_qs_joint_and_market_observation/r07_reproduce.jl"); write("/root/BF_runs/logs/qs_experiment_w2/phase5_repro_qs_marketobs.status", "PASS") catch err; showerror(stderr, err, catch_backtrace()); println(stderr); write("/root/BF_runs/logs/qs_experiment_w2/phase5_repro_qs_marketobs.status"





julia> 
ENV["QSX2_ONLY"] = "qs_marketobs"; try include("experiments/scotland/06_qs_joint_and_market_observation/r07_reproduce.jl"); write("/root/BF_runs/logs/qs_experiment_w2/phase5_repro_qs_marketobs.status", "PASS") catch err; showerror(stderr, err, catch_backtrace()); println(stderr); write("/root/BF_runs/logs/qs_experiment_w2/phase5_repro_qs_marketobs.status",





julia> 
ENV["QSX2_ONLY"] = "qs_marketobs"; try include("experiments/scotland/06_qs_joint_and_market_observation/r07_reproduce.jl"); write("/root/BF_runs/logs/qs_experiment_w2/phase5_repro_qs_marketobs.status", "PASS") catch err; showerror(stderr, err, catch_backtrace()); println(stderr); write("/root/BF_runs/logs/qs_experiment_w2/phase5_repro_qs_marketobs.status", 





julia> 
ENV["QSX2_ONLY"] = "qs_marketobs"; try include("experiments/scotland/06_qs_joint_and_market_observation/r07_reproduce.jl"); write("/root/BF_runs/logs/qs_experiment_w2/phase5_repro_qs_marketobs.status", "PASS") catch err; showerror(stderr, err, catch_backtrace()); println(stderr); write("/root/BF_runs/logs/qs_experiment_w2/phase5_repro_qs_marketobs.status", "





julia> 
ENV["QSX2_ONLY"] = "qs_marketobs"; try include("experiments/scotland/06_qs_joint_and_market_observation/r07_reproduce.jl"); write("/root/BF_runs/logs/qs_experiment_w2/phase5_repro_qs_marketobs.status", "PASS") catch err; showerror(stderr, err, catch_backtrace()); println(stderr); write("/root/BF_runs/logs/qs_experiment_w2/phase5_repro_qs_marketobs.status", "F





julia> 
ENV["QSX2_ONLY"] = "qs_marketobs"; try include("experiments/scotland/06_qs_joint_and_market_observation/r07_reproduce.jl"); write("/root/BF_runs/logs/qs_experiment_w2/phase5_repro_qs_marketobs.status", "PASS") catch err; showerror(stderr, err, catch_backtrace()); println(stderr); write("/root/BF_runs/logs/qs_experiment_w2/phase5_repro_qs_marketobs.status", "FA





julia> 
ENV["QSX2_ONLY"] = "qs_marketobs"; try include("experiments/scotland/06_qs_joint_and_market_observation/r07_reproduce.jl"); write("/root/BF_runs/logs/qs_experiment_w2/phase5_repro_qs_marketobs.status", "PASS") catch err; showerror(stderr, err, catch_backtrace()); println(stderr); write("/root/BF_runs/logs/qs_experiment_w2/phase5_repro_qs_marketobs.status", "FAI





julia> 
ENV["QSX2_ONLY"] = "qs_marketobs"; try include("experiments/scotland/06_qs_joint_and_market_observation/r07_reproduce.jl"); write("/root/BF_runs/logs/qs_experiment_w2/phase5_repro_qs_marketobs.status", "PASS") catch err; showerror(stderr, err, catch_backtrace()); println(stderr); write("/root/BF_runs/logs/qs_experiment_w2/phase5_repro_qs_marketobs.status", "FAIL





julia> 
ENV["QSX2_ONLY"] = "qs_marketobs"; try include("experiments/scotland/06_qs_joint_and_market_observation/r07_reproduce.jl"); write("/root/BF_runs/logs/qs_experiment_w2/phase5_repro_qs_marketobs.status", "PASS") catch err; showerror(stderr, err, catch_backtrace()); println(stderr); write("/root/BF_runs/logs/qs_experiment_w2/phase5_repro_qs_marketobs.status", "FAIL"





julia> 
ENV["QSX2_ONLY"] = "qs_marketobs"; try include("experiments/scotland/06_qs_joint_and_market_observation/r07_reproduce.jl"); write("/root/BF_runs/logs/qs_experiment_w2/phase5_repro_qs_marketobs.status", "PASS") catch err; showerror(stderr, err, catch_backtrace()); println(stderr); write("/root/BF_runs/logs/qs_experiment_w2/phase5_repro_qs_marketobs.status", "FAIL")





julia> 
ENV["QSX2_ONLY"] = "qs_marketobs"; try include("experiments/scotland/06_qs_joint_and_market_observation/r07_reproduce.jl"); write("/root/BF_runs/logs/qs_experiment_w2/phase5_repro_qs_marketobs.status", "PASS") catch err; showerror(stderr, err, catch_backtrace()); println(stderr); write("/root/BF_runs/logs/qs_experiment_w2/phase5_repro_qs_marketobs.status", "FAIL") 





julia> 
ENV["QSX2_ONLY"] = "qs_marketobs"; try include("experiments/scotland/06_qs_joint_and_market_observation/r07_reproduce.jl"); write("/root/BF_runs/logs/qs_experiment_w2/phase5_repro_qs_marketobs.status", "PASS") catch err; showerror(stderr, err, catch_backtrace()); println(stderr); write("/root/BF_runs/logs/qs_experiment_w2/phase5_repro_qs_marketobs.status", "FAIL") e





julia> 
ENV["QSX2_ONLY"] = "qs_marketobs"; try include("experiments/scotland/06_qs_joint_and_market_observation/r07_reproduce.jl"); write("/root/BF_runs/logs/qs_experiment_w2/phase5_repro_qs_marketobs.status", "PASS") catch err; showerror(stderr, err, catch_backtrace()); println(stderr); write("/root/BF_runs/logs/qs_experiment_w2/phase5_repro_qs_marketobs.status", "FAIL") en





julia> 
ENV["QSX2_ONLY"] = "qs_marketobs"; try include("experiments/scotland/06_qs_joint_and_market_observation/r07_reproduce.jl"); write("/root/BF_runs/logs/qs_experiment_w2/phase5_repro_qs_marketobs.status", "PASS") catch err; showerror(stderr, err, catch_backtrace()); println(stderr); write("/root/BF_runs/logs/qs_experiment_w2/phase5_repro_qs_marketobs.status", "FAIL") end





julia> 
ENV["QSX2_ONLY"] = "qs_marketobs"; try include("experiments/scotland/06_qs_joint_and_market_observation/r07_reproduce.jl"); write("/root/BF_runs/logs/qs_experiment_w2/phase5_repro_qs_marketobs.status", "PASS") catch err; showerror(stderr, err, catch_backtrace()); println(stderr); write("/root/BF_runs/logs/qs_experiment_w2/phase5_repro_qs_marketobs.status", "FAIL") end;





julia> 
ENV["QSX2_ONLY"] = "qs_marketobs"; try include("experiments/scotland/06_qs_joint_and_market_observation/r07_reproduce.jl"); write("/root/BF_runs/logs/qs_experiment_w2/phase5_repro_qs_marketobs.status", "PASS") catch err; showerror(stderr, err, catch_backtrace()); println(stderr); write("/root/BF_runs/logs/qs_experiment_w2/phase5_repro_qs_marketobs.status", "FAIL") end; 





julia> 
ENV["QSX2_ONLY"] = "qs_marketobs"; try include("experiments/scotland/06_qs_joint_and_market_observation/r07_reproduce.jl"); write("/root/BF_runs/logs/qs_experiment_w2/phase5_repro_qs_marketobs.status", "PASS") catch err; showerror(stderr, err, catch_backtrace()); println(stderr); write("/root/BF_runs/logs/qs_experiment_w2/phase5_repro_qs_marketobs.status", "FAIL") end; w





julia> 
ENV["QSX2_ONLY"] = "qs_marketobs"; try include("experiments/scotland/06_qs_joint_and_market_observation/r07_reproduce.jl"); write("/root/BF_runs/logs/qs_experiment_w2/phase5_repro_qs_marketobs.status", "PASS") catch err; showerror(stderr, err, catch_backtrace()); println(stderr); write("/root/BF_runs/logs/qs_experiment_w2/phase5_repro_qs_marketobs.status", "FAIL") end; wr





julia> 
ENV["QSX2_ONLY"] = "qs_marketobs"; try include("experiments/scotland/06_qs_joint_and_market_observation/r07_reproduce.jl"); write("/root/BF_runs/logs/qs_experiment_w2/phase5_repro_qs_marketobs.status", "PASS") catch err; showerror(stderr, err, catch_backtrace()); println(stderr); write("/root/BF_runs/logs/qs_experiment_w2/phase5_repro_qs_marketobs.status", "FAIL") end; wri





julia> 
ENV["QSX2_ONLY"] = "qs_marketobs"; try include("experiments/scotland/06_qs_joint_and_market_observation/r07_reproduce.jl"); write("/root/BF_runs/logs/qs_experiment_w2/phase5_repro_qs_marketobs.status", "PASS") catch err; showerror(stderr, err, catch_backtrace()); println(stderr); write("/root/BF_runs/logs/qs_experiment_w2/phase5_repro_qs_marketobs.status", "FAIL") end; writ





julia> 
ENV["QSX2_ONLY"] = "qs_marketobs"; try include("experiments/scotland/06_qs_joint_and_market_observation/r07_reproduce.jl"); write("/root/BF_runs/logs/qs_experiment_w2/phase5_repro_qs_marketobs.status", "PASS") catch err; showerror(stderr, err, catch_backtrace()); println(stderr); write("/root/BF_runs/logs/qs_experiment_w2/phase5_repro_qs_marketobs.status", "FAIL") end; write





julia> 
ENV["QSX2_ONLY"] = "qs_marketobs"; try include("experiments/scotland/06_qs_joint_and_market_observation/r07_reproduce.jl"); write("/root/BF_runs/logs/qs_experiment_w2/phase5_repro_qs_marketobs.status", "PASS") catch err; showerror(stderr, err, catch_backtrace()); println(stderr); write("/root/BF_runs/logs/qs_experiment_w2/phase5_repro_qs_marketobs.status", "FAIL") end; write(





julia> 
ENV["QSX2_ONLY"] = "qs_marketobs"; try include("experiments/scotland/06_qs_joint_and_market_observation/r07_reproduce.jl"); write("/root/BF_runs/logs/qs_experiment_w2/phase5_repro_qs_marketobs.status", "PASS") catch err; showerror(stderr, err, catch_backtrace()); println(stderr); write("/root/BF_runs/logs/qs_experiment_w2/phase5_repro_qs_marketobs.status", "FAIL") end; write("





julia> 
ENV["QSX2_ONLY"] = "qs_marketobs"; try include("experiments/scotland/06_qs_joint_and_market_observation/r07_reproduce.jl"); write("/root/BF_runs/logs/qs_experiment_w2/phase5_repro_qs_marketobs.status", "PASS") catch err; showerror(stderr, err, catch_backtrace()); println(stderr); write("/root/BF_runs/logs/qs_experiment_w2/phase5_repro_qs_marketobs.status", "FAIL") end; write("/





julia> 
ENV["QSX2_ONLY"] = "qs_marketobs"; try include("experiments/scotland/06_qs_joint_and_market_observation/r07_reproduce.jl"); write("/root/BF_runs/logs/qs_experiment_w2/phase5_repro_qs_marketobs.status", "PASS") catch err; showerror(stderr, err, catch_backtrace()); println(stderr); write("/root/BF_runs/logs/qs_experiment_w2/phase5_repro_qs_marketobs.status", "FAIL") end; write("/r





julia> 
ENV["QSX2_ONLY"] = "qs_marketobs"; try include("experiments/scotland/06_qs_joint_and_market_observation/r07_reproduce.jl"); write("/root/BF_runs/logs/qs_experiment_w2/phase5_repro_qs_marketobs.status", "PASS") catch err; showerror(stderr, err, catch_backtrace()); println(stderr); write("/root/BF_runs/logs/qs_experiment_w2/phase5_repro_qs_marketobs.status", "FAIL") end; write("/ro





julia> 
ENV["QSX2_ONLY"] = "qs_marketobs"; try include("experiments/scotland/06_qs_joint_and_market_observation/r07_reproduce.jl"); write("/root/BF_runs/logs/qs_experiment_w2/phase5_repro_qs_marketobs.status", "PASS") catch err; showerror(stderr, err, catch_backtrace()); println(stderr); write("/root/BF_runs/logs/qs_experiment_w2/phase5_repro_qs_marketobs.status", "FAIL") end; write("/roo





julia> 
ENV["QSX2_ONLY"] = "qs_marketobs"; try include("experiments/scotland/06_qs_joint_and_market_observation/r07_reproduce.jl"); write("/root/BF_runs/logs/qs_experiment_w2/phase5_repro_qs_marketobs.status", "PASS") catch err; showerror(stderr, err, catch_backtrace()); println(stderr); write("/root/BF_runs/logs/qs_experiment_w2/phase5_repro_qs_marketobs.status", "FAIL") end; write("/root





julia> 
ENV["QSX2_ONLY"] = "qs_marketobs"; try include("experiments/scotland/06_qs_joint_and_market_observation/r07_reproduce.jl"); write("/root/BF_runs/logs/qs_experiment_w2/phase5_repro_qs_marketobs.status", "PASS") catch err; showerror(stderr, err, catch_backtrace()); println(stderr); write("/root/BF_runs/logs/qs_experiment_w2/phase5_repro_qs_marketobs.status", "FAIL") end; write("/root/





julia> 
ENV["QSX2_ONLY"] = "qs_marketobs"; try include("experiments/scotland/06_qs_joint_and_market_observation/r07_reproduce.jl"); write("/root/BF_runs/logs/qs_experiment_w2/phase5_repro_qs_marketobs.status", "PASS") catch err; showerror(stderr, err, catch_backtrace()); println(stderr); write("/root/BF_runs/logs/qs_experiment_w2/phase5_repro_qs_marketobs.status", "FAIL") end; write("/root/B





julia> 
ENV["QSX2_ONLY"] = "qs_marketobs"; try include("experiments/scotland/06_qs_joint_and_market_observation/r07_reproduce.jl"); write("/root/BF_runs/logs/qs_experiment_w2/phase5_repro_qs_marketobs.status", "PASS") catch err; showerror(stderr, err, catch_backtrace()); println(stderr); write("/root/BF_runs/logs/qs_experiment_w2/phase5_repro_qs_marketobs.status", "FAIL") end; write("/root/BF





julia> 
ENV["QSX2_ONLY"] = "qs_marketobs"; try include("experiments/scotland/06_qs_joint_and_market_observation/r07_reproduce.jl"); write("/root/BF_runs/logs/qs_experiment_w2/phase5_repro_qs_marketobs.status", "PASS") catch err; showerror(stderr, err, catch_backtrace()); println(stderr); write("/root/BF_runs/logs/qs_experiment_w2/phase5_repro_qs_marketobs.status", "FAIL") end; write("/root/BF_





julia> 
ENV["QSX2_ONLY"] = "qs_marketobs"; try include("experiments/scotland/06_qs_joint_and_market_observation/r07_reproduce.jl"); write("/root/BF_runs/logs/qs_experiment_w2/phase5_repro_qs_marketobs.status", "PASS") catch err; showerror(stderr, err, catch_backtrace()); println(stderr); write("/root/BF_runs/logs/qs_experiment_w2/phase5_repro_qs_marketobs.status", "FAIL") end; write("/root/BF_r





julia> 
ENV["QSX2_ONLY"] = "qs_marketobs"; try include("experiments/scotland/06_qs_joint_and_market_observation/r07_reproduce.jl"); write("/root/BF_runs/logs/qs_experiment_w2/phase5_repro_qs_marketobs.status", "PASS") catch err; showerror(stderr, err, catch_backtrace()); println(stderr); write("/root/BF_runs/logs/qs_experiment_w2/phase5_repro_qs_marketobs.status", "FAIL") end; write("/root/BF_ru





julia> 
ENV["QSX2_ONLY"] = "qs_marketobs"; try include("experiments/scotland/06_qs_joint_and_market_observation/r07_reproduce.jl"); write("/root/BF_runs/logs/qs_experiment_w2/phase5_repro_qs_marketobs.status", "PASS") catch err; showerror(stderr, err, catch_backtrace()); println(stderr); write("/root/BF_runs/logs/qs_experiment_w2/phase5_repro_qs_marketobs.status", "FAIL") end; write("/root/BF_run





julia> 
ENV["QSX2_ONLY"] = "qs_marketobs"; try include("experiments/scotland/06_qs_joint_and_market_observation/r07_reproduce.jl"); write("/root/BF_runs/logs/qs_experiment_w2/phase5_repro_qs_marketobs.status", "PASS") catch err; showerror(stderr, err, catch_backtrace()); println(stderr); write("/root/BF_runs/logs/qs_experiment_w2/phase5_repro_qs_marketobs.status", "FAIL") end; write("/root/BF_runs





julia> 
ENV["QSX2_ONLY"] = "qs_marketobs"; try include("experiments/scotland/06_qs_joint_and_market_observation/r07_reproduce.jl"); write("/root/BF_runs/logs/qs_experiment_w2/phase5_repro_qs_marketobs.status", "PASS") catch err; showerror(stderr, err, catch_backtrace()); println(stderr); write("/root/BF_runs/logs/qs_experiment_w2/phase5_repro_qs_marketobs.status", "FAIL") end; write("/root/BF_runs/








julia> 
ENV["QSX2_ONLY"] = "qs_marketobs"; try include("experiments/scotland/06_qs_joint_and_market_observation/r07_reproduce.jl"); write("/root/BF_runs/logs/qs_experiment_w2/phase5_repro_qs_marketobs.status", "PASS") catch err; showerror(stderr, err, catch_backtrace()); println(stderr); write("/root/BF_runs/logs/qs_experiment_w2/phase5_repro_qs_marketobs.status", "FAIL") end; write("/root/BF_runs/l






julia> 
ENV["QSX2_ONLY"] = "qs_marketobs"; try include("experiments/scotland/06_qs_joint_and_market_observation/r07_reproduce.jl"); write("/root/BF_runs/logs/qs_experiment_w2/phase5_repro_qs_marketobs.status", "PASS") catch err; showerror(stderr, err, catch_backtrace()); println(stderr); write("/root/BF_runs/logs/qs_experiment_w2/phase5_repro_qs_marketobs.status", "FAIL") end; write("/root/BF_runs/lo






julia> 
ENV["QSX2_ONLY"] = "qs_marketobs"; try include("experiments/scotland/06_qs_joint_and_market_observation/r07_reproduce.jl"); write("/root/BF_runs/logs/qs_experiment_w2/phase5_repro_qs_marketobs.status", "PASS") catch err; showerror(stderr, err, catch_backtrace()); println(stderr); write("/root/BF_runs/logs/qs_experiment_w2/phase5_repro_qs_marketobs.status", "FAIL") end; write("/root/BF_runs/log






julia> 
ENV["QSX2_ONLY"] = "qs_marketobs"; try include("experiments/scotland/06_qs_joint_and_market_observation/r07_reproduce.jl"); write("/root/BF_runs/logs/qs_experiment_w2/phase5_repro_qs_marketobs.status", "PASS") catch err; showerror(stderr, err, catch_backtrace()); println(stderr); write("/root/BF_runs/logs/qs_experiment_w2/phase5_repro_qs_marketobs.status", "FAIL") end; write("/root/BF_runs/logs






julia> 
ENV["QSX2_ONLY"] = "qs_marketobs"; try include("experiments/scotland/06_qs_joint_and_market_observation/r07_reproduce.jl"); write("/root/BF_runs/logs/qs_experiment_w2/phase5_repro_qs_marketobs.status", "PASS") catch err; showerror(stderr, err, catch_backtrace()); println(stderr); write("/root/BF_runs/logs/qs_experiment_w2/phase5_repro_qs_marketobs.status", "FAIL") end; write("/root/BF_runs/logs/






julia> 
ENV["QSX2_ONLY"] = "qs_marketobs"; try include("experiments/scotland/06_qs_joint_and_market_observation/r07_reproduce.jl"); write("/root/BF_runs/logs/qs_experiment_w2/phase5_repro_qs_marketobs.status", "PASS") catch err; showerror(stderr, err, catch_backtrace()); println(stderr); write("/root/BF_runs/logs/qs_experiment_w2/phase5_repro_qs_marketobs.status", "FAIL") end; write("/root/BF_runs/logs/q






julia> 
ENV["QSX2_ONLY"] = "qs_marketobs"; try include("experiments/scotland/06_qs_joint_and_market_observation/r07_reproduce.jl"); write("/root/BF_runs/logs/qs_experiment_w2/phase5_repro_qs_marketobs.status", "PASS") catch err; showerror(stderr, err, catch_backtrace()); println(stderr); write("/root/BF_runs/logs/qs_experiment_w2/phase5_repro_qs_marketobs.status", "FAIL") end; write("/root/BF_runs/logs/qs






julia> 
ENV["QSX2_ONLY"] = "qs_marketobs"; try include("experiments/scotland/06_qs_joint_and_market_observation/r07_reproduce.jl"); write("/root/BF_runs/logs/qs_experiment_w2/phase5_repro_qs_marketobs.status", "PASS") catch err; showerror(stderr, err, catch_backtrace()); println(stderr); write("/root/BF_runs/logs/qs_experiment_w2/phase5_repro_qs_marketobs.status", "FAIL") end; write("/root/BF_runs/logs/qs_






julia> 
ENV["QSX2_ONLY"] = "qs_marketobs"; try include("experiments/scotland/06_qs_joint_and_market_observation/r07_reproduce.jl"); write("/root/BF_runs/logs/qs_experiment_w2/phase5_repro_qs_marketobs.status", "PASS") catch err; showerror(stderr, err, catch_backtrace()); println(stderr); write("/root/BF_runs/logs/qs_experiment_w2/phase5_repro_qs_marketobs.status", "FAIL") end; write("/root/BF_runs/logs/qs_e






julia> 
ENV["QSX2_ONLY"] = "qs_marketobs"; try include("experiments/scotland/06_qs_joint_and_market_observation/r07_reproduce.jl"); write("/root/BF_runs/logs/qs_experiment_w2/phase5_repro_qs_marketobs.status", "PASS") catch err; showerror(stderr, err, catch_backtrace()); println(stderr); write("/root/BF_runs/logs/qs_experiment_w2/phase5_repro_qs_marketobs.status", "FAIL") end; write("/root/BF_runs/logs/qs_ex






julia> 
ENV["QSX2_ONLY"] = "qs_marketobs"; try include("experiments/scotland/06_qs_joint_and_market_observation/r07_reproduce.jl"); write("/root/BF_runs/logs/qs_experiment_w2/phase5_repro_qs_marketobs.status", "PASS") catch err; showerror(stderr, err, catch_backtrace()); println(stderr); write("/root/BF_runs/logs/qs_experiment_w2/phase5_repro_qs_marketobs.status", "FAIL") end; write("/root/BF_runs/logs/qs_exp






julia> 
ENV["QSX2_ONLY"] = "qs_marketobs"; try include("experiments/scotland/06_qs_joint_and_market_observation/r07_reproduce.jl"); write("/root/BF_runs/logs/qs_experiment_w2/phase5_repro_qs_marketobs.status", "PASS") catch err; showerror(stderr, err, catch_backtrace()); println(stderr); write("/root/BF_runs/logs/qs_experiment_w2/phase5_repro_qs_marketobs.status", "FAIL") end; write("/root/BF_runs/logs/qs_expe






julia> 
ENV["QSX2_ONLY"] = "qs_marketobs"; try include("experiments/scotland/06_qs_joint_and_market_observation/r07_reproduce.jl"); write("/root/BF_runs/logs/qs_experiment_w2/phase5_repro_qs_marketobs.status", "PASS") catch err; showerror(stderr, err, catch_backtrace()); println(stderr); write("/root/BF_runs/logs/qs_experiment_w2/phase5_repro_qs_marketobs.status", "FAIL") end; write("/root/BF_runs/logs/qs_exper






julia> 
ENV["QSX2_ONLY"] = "qs_marketobs"; try include("experiments/scotland/06_qs_joint_and_market_observation/r07_reproduce.jl"); write("/root/BF_runs/logs/qs_experiment_w2/phase5_repro_qs_marketobs.status", "PASS") catch err; showerror(stderr, err, catch_backtrace()); println(stderr); write("/root/BF_runs/logs/qs_experiment_w2/phase5_repro_qs_marketobs.status", "FAIL") end; write("/root/BF_runs/logs/qs_experi






julia> 
ENV["QSX2_ONLY"] = "qs_marketobs"; try include("experiments/scotland/06_qs_joint_and_market_observation/r07_reproduce.jl"); write("/root/BF_runs/logs/qs_experiment_w2/phase5_repro_qs_marketobs.status", "PASS") catch err; showerror(stderr, err, catch_backtrace()); println(stderr); write("/root/BF_runs/logs/qs_experiment_w2/phase5_repro_qs_marketobs.status", "FAIL") end; write("/root/BF_runs/logs/qs_experim






julia> 
ENV["QSX2_ONLY"] = "qs_marketobs"; try include("experiments/scotland/06_qs_joint_and_market_observation/r07_reproduce.jl"); write("/root/BF_runs/logs/qs_experiment_w2/phase5_repro_qs_marketobs.status", "PASS") catch err; showerror(stderr, err, catch_backtrace()); println(stderr); write("/root/BF_runs/logs/qs_experiment_w2/phase5_repro_qs_marketobs.status", "FAIL") end; write("/root/BF_runs/logs/qs_experime






julia> 
ENV["QSX2_ONLY"] = "qs_marketobs"; try include("experiments/scotland/06_qs_joint_and_market_observation/r07_reproduce.jl"); write("/root/BF_runs/logs/qs_experiment_w2/phase5_repro_qs_marketobs.status", "PASS") catch err; showerror(stderr, err, catch_backtrace()); println(stderr); write("/root/BF_runs/logs/qs_experiment_w2/phase5_repro_qs_marketobs.status", "FAIL") end; write("/root/BF_runs/logs/qs_experimen






julia> 
ENV["QSX2_ONLY"] = "qs_marketobs"; try include("experiments/scotland/06_qs_joint_and_market_observation/r07_reproduce.jl"); write("/root/BF_runs/logs/qs_experiment_w2/phase5_repro_qs_marketobs.status", "PASS") catch err; showerror(stderr, err, catch_backtrace()); println(stderr); write("/root/BF_runs/logs/qs_experiment_w2/phase5_repro_qs_marketobs.status", "FAIL") end; write("/root/BF_runs/logs/qs_experiment






julia> 
ENV["QSX2_ONLY"] = "qs_marketobs"; try include("experiments/scotland/06_qs_joint_and_market_observation/r07_reproduce.jl"); write("/root/BF_runs/logs/qs_experiment_w2/phase5_repro_qs_marketobs.status", "PASS") catch err; showerror(stderr, err, catch_backtrace()); println(stderr); write("/root/BF_runs/logs/qs_experiment_w2/phase5_repro_qs_marketobs.status", "FAIL") end; write("/root/BF_runs/logs/qs_experiment_






julia> 
ENV["QSX2_ONLY"] = "qs_marketobs"; try include("experiments/scotland/06_qs_joint_and_market_observation/r07_reproduce.jl"); write("/root/BF_runs/logs/qs_experiment_w2/phase5_repro_qs_marketobs.status", "PASS") catch err; showerror(stderr, err, catch_backtrace()); println(stderr); write("/root/BF_runs/logs/qs_experiment_w2/phase5_repro_qs_marketobs.status", "FAIL") end; write("/root/BF_runs/logs/qs_experiment_w






julia> 
ENV["QSX2_ONLY"] = "qs_marketobs"; try include("experiments/scotland/06_qs_joint_and_market_observation/r07_reproduce.jl"); write("/root/BF_runs/logs/qs_experiment_w2/phase5_repro_qs_marketobs.status", "PASS") catch err; showerror(stderr, err, catch_backtrace()); println(stderr); write("/root/BF_runs/logs/qs_experiment_w2/phase5_repro_qs_marketobs.status", "FAIL") end; write("/root/BF_runs/logs/qs_experiment_w2






julia> 
ENV["QSX2_ONLY"] = "qs_marketobs"; try include("experiments/scotland/06_qs_joint_and_market_observation/r07_reproduce.jl"); write("/root/BF_runs/logs/qs_experiment_w2/phase5_repro_qs_marketobs.status", "PASS") catch err; showerror(stderr, err, catch_backtrace()); println(stderr); write("/root/BF_runs/logs/qs_experiment_w2/phase5_repro_qs_marketobs.status", "FAIL") end; write("/root/BF_runs/logs/qs_experiment_w2/






julia> 
ENV["QSX2_ONLY"] = "qs_marketobs"; try include("experiments/scotland/06_qs_joint_and_market_observation/r07_reproduce.jl"); write("/root/BF_runs/logs/qs_experiment_w2/phase5_repro_qs_marketobs.status", "PASS") catch err; showerror(stderr, err, catch_backtrace()); println(stderr); write("/root/BF_runs/logs/qs_experiment_w2/phase5_repro_qs_marketobs.status", "FAIL") end; write("/root/BF_runs/logs/qs_experiment_w2/p






julia> 
ENV["QSX2_ONLY"] = "qs_marketobs"; try include("experiments/scotland/06_qs_joint_and_market_observation/r07_reproduce.jl"); write("/root/BF_runs/logs/qs_experiment_w2/phase5_repro_qs_marketobs.status", "PASS") catch err; showerror(stderr, err, catch_backtrace()); println(stderr); write("/root/BF_runs/logs/qs_experiment_w2/phase5_repro_qs_marketobs.status", "FAIL") end; write("/root/BF_runs/logs/qs_experiment_w2/ph






julia> 
ENV["QSX2_ONLY"] = "qs_marketobs"; try include("experiments/scotland/06_qs_joint_and_market_observation/r07_reproduce.jl"); write("/root/BF_runs/logs/qs_experiment_w2/phase5_repro_qs_marketobs.status", "PASS") catch err; showerror(stderr, err, catch_backtrace()); println(stderr); write("/root/BF_runs/logs/qs_experiment_w2/phase5_repro_qs_marketobs.status", "FAIL") end; write("/root/BF_runs/logs/qs_experiment_w2/pha






julia> 
ENV["QSX2_ONLY"] = "qs_marketobs"; try include("experiments/scotland/06_qs_joint_and_market_observation/r07_reproduce.jl"); write("/root/BF_runs/logs/qs_experiment_w2/phase5_repro_qs_marketobs.status", "PASS") catch err; showerror(stderr, err, catch_backtrace()); println(stderr); write("/root/BF_runs/logs/qs_experiment_w2/phase5_repro_qs_marketobs.status", "FAIL") end; write("/root/BF_runs/logs/qs_experiment_w2/phas






julia> 
ENV["QSX2_ONLY"] = "qs_marketobs"; try include("experiments/scotland/06_qs_joint_and_market_observation/r07_reproduce.jl"); write("/root/BF_runs/logs/qs_experiment_w2/phase5_repro_qs_marketobs.status", "PASS") catch err; showerror(stderr, err, catch_backtrace()); println(stderr); write("/root/BF_runs/logs/qs_experiment_w2/phase5_repro_qs_marketobs.status", "FAIL") end; write("/root/BF_runs/logs/qs_experiment_w2/phase






julia> 
ENV["QSX2_ONLY"] = "qs_marketobs"; try include("experiments/scotland/06_qs_joint_and_market_observation/r07_reproduce.jl"); write("/root/BF_runs/logs/qs_experiment_w2/phase5_repro_qs_marketobs.status", "PASS") catch err; showerror(stderr, err, catch_backtrace()); println(stderr); write("/root/BF_runs/logs/qs_experiment_w2/phase5_repro_qs_marketobs.status", "FAIL") end; write("/root/BF_runs/logs/qs_experiment_w2/phase5






julia> 
ENV["QSX2_ONLY"] = "qs_marketobs"; try include("experiments/scotland/06_qs_joint_and_market_observation/r07_reproduce.jl"); write("/root/BF_runs/logs/qs_experiment_w2/phase5_repro_qs_marketobs.status", "PASS") catch err; showerror(stderr, err, catch_backtrace()); println(stderr); write("/root/BF_runs/logs/qs_experiment_w2/phase5_repro_qs_marketobs.status", "FAIL") end; write("/root/BF_runs/logs/qs_experiment_w2/phase5_






julia> 
ENV["QSX2_ONLY"] = "qs_marketobs"; try include("experiments/scotland/06_qs_joint_and_market_observation/r07_reproduce.jl"); write("/root/BF_runs/logs/qs_experiment_w2/phase5_repro_qs_marketobs.status", "PASS") catch err; showerror(stderr, err, catch_backtrace()); println(stderr); write("/root/BF_runs/logs/qs_experiment_w2/phase5_repro_qs_marketobs.status", "FAIL") end; write("/root/BF_runs/logs/qs_experiment_w2/phase5_r






julia> 
ENV["QSX2_ONLY"] = "qs_marketobs"; try include("experiments/scotland/06_qs_joint_and_market_observation/r07_reproduce.jl"); write("/root/BF_runs/logs/qs_experiment_w2/phase5_repro_qs_marketobs.status", "PASS") catch err; showerror(stderr, err, catch_backtrace()); println(stderr); write("/root/BF_runs/logs/qs_experiment_w2/phase5_repro_qs_marketobs.status", "FAIL") end; write("/root/BF_runs/logs/qs_experiment_w2/phase5_re






julia> 
ENV["QSX2_ONLY"] = "qs_marketobs"; try include("experiments/scotland/06_qs_joint_and_market_observation/r07_reproduce.jl"); write("/root/BF_runs/logs/qs_experiment_w2/phase5_repro_qs_marketobs.status", "PASS") catch err; showerror(stderr, err, catch_backtrace()); println(stderr); write("/root/BF_runs/logs/qs_experiment_w2/phase5_repro_qs_marketobs.status", "FAIL") end; write("/root/BF_runs/logs/qs_experiment_w2/phase5_rep






julia> 
ENV["QSX2_ONLY"] = "qs_marketobs"; try include("experiments/scotland/06_qs_joint_and_market_observation/r07_reproduce.jl"); write("/root/BF_runs/logs/qs_experiment_w2/phase5_repro_qs_marketobs.status", "PASS") catch err; showerror(stderr, err, catch_backtrace()); println(stderr); write("/root/BF_runs/logs/qs_experiment_w2/phase5_repro_qs_marketobs.status", "FAIL") end; write("/root/BF_runs/logs/qs_experiment_w2/phase5_repr






julia> 
ENV["QSX2_ONLY"] = "qs_marketobs"; try include("experiments/scotland/06_qs_joint_and_market_observation/r07_reproduce.jl"); write("/root/BF_runs/logs/qs_experiment_w2/phase5_repro_qs_marketobs.status", "PASS") catch err; showerror(stderr, err, catch_backtrace()); println(stderr); write("/root/BF_runs/logs/qs_experiment_w2/phase5_repro_qs_marketobs.status", "FAIL") end; write("/root/BF_runs/logs/qs_experiment_w2/phase5_repro






julia> 
ENV["QSX2_ONLY"] = "qs_marketobs"; try include("experiments/scotland/06_qs_joint_and_market_observation/r07_reproduce.jl"); write("/root/BF_runs/logs/qs_experiment_w2/phase5_repro_qs_marketobs.status", "PASS") catch err; showerror(stderr, err, catch_backtrace()); println(stderr); write("/root/BF_runs/logs/qs_experiment_w2/phase5_repro_qs_marketobs.status", "FAIL") end; write("/root/BF_runs/logs/qs_experiment_w2/phase5_repro_






julia> 
ENV["QSX2_ONLY"] = "qs_marketobs"; try include("experiments/scotland/06_qs_joint_and_market_observation/r07_reproduce.jl"); write("/root/BF_runs/logs/qs_experiment_w2/phase5_repro_qs_marketobs.status", "PASS") catch err; showerror(stderr, err, catch_backtrace()); println(stderr); write("/root/BF_runs/logs/qs_experiment_w2/phase5_repro_qs_marketobs.status", "FAIL") end; write("/root/BF_runs/logs/qs_experiment_w2/phase5_repro_q






julia> 
ENV["QSX2_ONLY"] = "qs_marketobs"; try include("experiments/scotland/06_qs_joint_and_market_observation/r07_reproduce.jl"); write("/root/BF_runs/logs/qs_experiment_w2/phase5_repro_qs_marketobs.status", "PASS") catch err; showerror(stderr, err, catch_backtrace()); println(stderr); write("/root/BF_runs/logs/qs_experiment_w2/phase5_repro_qs_marketobs.status", "FAIL") end; write("/root/BF_runs/logs/qs_experiment_w2/phase5_repro_qs






julia> 
ENV["QSX2_ONLY"] = "qs_marketobs"; try include("experiments/scotland/06_qs_joint_and_market_observation/r07_reproduce.jl"); write("/root/BF_runs/logs/qs_experiment_w2/phase5_repro_qs_marketobs.status", "PASS") catch err; showerror(stderr, err, catch_backtrace()); println(stderr); write("/root/BF_runs/logs/qs_experiment_w2/phase5_repro_qs_marketobs.status", "FAIL") end; write("/root/BF_runs/logs/qs_experiment_w2/phase5_repro_qs_






julia> 
ENV["QSX2_ONLY"] = "qs_marketobs"; try include("experiments/scotland/06_qs_joint_and_market_observation/r07_reproduce.jl"); write("/root/BF_runs/logs/qs_experiment_w2/phase5_repro_qs_marketobs.status", "PASS") catch err; showerror(stderr, err, catch_backtrace()); println(stderr); write("/root/BF_runs/logs/qs_experiment_w2/phase5_repro_qs_marketobs.status", "FAIL") end; write("/root/BF_runs/logs/qs_experiment_w2/phase5_repro_qs_m






julia> 
ENV["QSX2_ONLY"] = "qs_marketobs"; try include("experiments/scotland/06_qs_joint_and_market_observation/r07_reproduce.jl"); write("/root/BF_runs/logs/qs_experiment_w2/phase5_repro_qs_marketobs.status", "PASS") catch err; showerror(stderr, err, catch_backtrace()); println(stderr); write("/root/BF_runs/logs/qs_experiment_w2/phase5_repro_qs_marketobs.status", "FAIL") end; write("/root/BF_runs/logs/qs_experiment_w2/phase5_repro_qs_ma






julia> 
ENV["QSX2_ONLY"] = "qs_marketobs"; try include("experiments/scotland/06_qs_joint_and_market_observation/r07_reproduce.jl"); write("/root/BF_runs/logs/qs_experiment_w2/phase5_repro_qs_marketobs.status", "PASS") catch err; showerror(stderr, err, catch_backtrace()); println(stderr); write("/root/BF_runs/logs/qs_experiment_w2/phase5_repro_qs_marketobs.status", "FAIL") end; write("/root/BF_runs/logs/qs_experiment_w2/phase5_repro_qs_mar






julia> 
ENV["QSX2_ONLY"] = "qs_marketobs"; try include("experiments/scotland/06_qs_joint_and_market_observation/r07_reproduce.jl"); write("/root/BF_runs/logs/qs_experiment_w2/phase5_repro_qs_marketobs.status", "PASS") catch err; showerror(stderr, err, catch_backtrace()); println(stderr); write("/root/BF_runs/logs/qs_experiment_w2/phase5_repro_qs_marketobs.status", "FAIL") end; write("/root/BF_runs/logs/qs_experiment_w2/phase5_repro_qs_mark






julia> 
ENV["QSX2_ONLY"] = "qs_marketobs"; try include("experiments/scotland/06_qs_joint_and_market_observation/r07_reproduce.jl"); write("/root/BF_runs/logs/qs_experiment_w2/phase5_repro_qs_marketobs.status", "PASS") catch err; showerror(stderr, err, catch_backtrace()); println(stderr); write("/root/BF_runs/logs/qs_experiment_w2/phase5_repro_qs_marketobs.status", "FAIL") end; write("/root/BF_runs/logs/qs_experiment_w2/phase5_repro_qs_marke






julia> 
ENV["QSX2_ONLY"] = "qs_marketobs"; try include("experiments/scotland/06_qs_joint_and_market_observation/r07_reproduce.jl"); write("/root/BF_runs/logs/qs_experiment_w2/phase5_repro_qs_marketobs.status", "PASS") catch err; showerror(stderr, err, catch_backtrace()); println(stderr); write("/root/BF_runs/logs/qs_experiment_w2/phase5_repro_qs_marketobs.status", "FAIL") end; write("/root/BF_runs/logs/qs_experiment_w2/phase5_repro_qs_market






julia> 
ENV["QSX2_ONLY"] = "qs_marketobs"; try include("experiments/scotland/06_qs_joint_and_market_observation/r07_reproduce.jl"); write("/root/BF_runs/logs/qs_experiment_w2/phase5_repro_qs_marketobs.status", "PASS") catch err; showerror(stderr, err, catch_backtrace()); println(stderr); write("/root/BF_runs/logs/qs_experiment_w2/phase5_repro_qs_marketobs.status", "FAIL") end; write("/root/BF_runs/logs/qs_experiment_w2/phase5_repro_qs_marketo






julia> 
ENV["QSX2_ONLY"] = "qs_marketobs"; try include("experiments/scotland/06_qs_joint_and_market_observation/r07_reproduce.jl"); write("/root/BF_runs/logs/qs_experiment_w2/phase5_repro_qs_marketobs.status", "PASS") catch err; showerror(stderr, err, catch_backtrace()); println(stderr); write("/root/BF_runs/logs/qs_experiment_w2/phase5_repro_qs_marketobs.status", "FAIL") end; write("/root/BF_runs/logs/qs_experiment_w2/phase5_repro_qs_marketob






julia> 
ENV["QSX2_ONLY"] = "qs_marketobs"; try include("experiments/scotland/06_qs_joint_and_market_observation/r07_reproduce.jl"); write("/root/BF_runs/logs/qs_experiment_w2/phase5_repro_qs_marketobs.status", "PASS") catch err; showerror(stderr, err, catch_backtrace()); println(stderr); write("/root/BF_runs/logs/qs_experiment_w2/phase5_repro_qs_marketobs.status", "FAIL") end; write("/root/BF_runs/logs/qs_experiment_w2/phase5_repro_qs_marketobs






julia> 
ENV["QSX2_ONLY"] = "qs_marketobs"; try include("experiments/scotland/06_qs_joint_and_market_observation/r07_reproduce.jl"); write("/root/BF_runs/logs/qs_experiment_w2/phase5_repro_qs_marketobs.status", "PASS") catch err; showerror(stderr, err, catch_backtrace()); println(stderr); write("/root/BF_runs/logs/qs_experiment_w2/phase5_repro_qs_marketobs.status", "FAIL") end; write("/root/BF_runs/logs/qs_experiment_w2/phase5_repro_qs_marketobs.






julia> 
ENV["QSX2_ONLY"] = "qs_marketobs"; try include("experiments/scotland/06_qs_joint_and_market_observation/r07_reproduce.jl"); write("/root/BF_runs/logs/qs_experiment_w2/phase5_repro_qs_marketobs.status", "PASS") catch err; showerror(stderr, err, catch_backtrace()); println(stderr); write("/root/BF_runs/logs/qs_experiment_w2/phase5_repro_qs_marketobs.status", "FAIL") end; write("/root/BF_runs/logs/qs_experiment_w2/phase5_repro_qs_marketobs.n






julia> 
ENV["QSX2_ONLY"] = "qs_marketobs"; try include("experiments/scotland/06_qs_joint_and_market_observation/r07_reproduce.jl"); write("/root/BF_runs/logs/qs_experiment_w2/phase5_repro_qs_marketobs.status", "PASS") catch err; showerror(stderr, err, catch_backtrace()); println(stderr); write("/root/BF_runs/logs/qs_experiment_w2/phase5_repro_qs_marketobs.status", "FAIL") end; write("/root/BF_runs/logs/qs_experiment_w2/phase5_repro_qs_marketobs.no






julia> 
ENV["QSX2_ONLY"] = "qs_marketobs"; try include("experiments/scotland/06_qs_joint_and_market_observation/r07_reproduce.jl"); write("/root/BF_runs/logs/qs_experiment_w2/phase5_repro_qs_marketobs.status", "PASS") catch err; showerror(stderr, err, catch_backtrace()); println(stderr); write("/root/BF_runs/logs/qs_experiment_w2/phase5_repro_qs_marketobs.status", "FAIL") end; write("/root/BF_runs/logs/qs_experiment_w2/phase5_repro_qs_marketobs.not






julia> 
ENV["QSX2_ONLY"] = "qs_marketobs"; try include("experiments/scotland/06_qs_joint_and_market_observation/r07_reproduce.jl"); write("/root/BF_runs/logs/qs_experiment_w2/phase5_repro_qs_marketobs.status", "PASS") catch err; showerror(stderr, err, catch_backtrace()); println(stderr); write("/root/BF_runs/logs/qs_experiment_w2/phase5_repro_qs_marketobs.status", "FAIL") end; write("/root/BF_runs/logs/qs_experiment_w2/phase5_repro_qs_marketobs.noti






julia> 
ENV["QSX2_ONLY"] = "qs_marketobs"; try include("experiments/scotland/06_qs_joint_and_market_observation/r07_reproduce.jl"); write("/root/BF_runs/logs/qs_experiment_w2/phase5_repro_qs_marketobs.status", "PASS") catch err; showerror(stderr, err, catch_backtrace()); println(stderr); write("/root/BF_runs/logs/qs_experiment_w2/phase5_repro_qs_marketobs.status", "FAIL") end; write("/root/BF_runs/logs/qs_experiment_w2/phase5_repro_qs_marketobs.notif






julia> 
ENV["QSX2_ONLY"] = "qs_marketobs"; try include("experiments/scotland/06_qs_joint_and_market_observation/r07_reproduce.jl"); write("/root/BF_runs/logs/qs_experiment_w2/phase5_repro_qs_marketobs.status", "PASS") catch err; showerror(stderr, err, catch_backtrace()); println(stderr); write("/root/BF_runs/logs/qs_experiment_w2/phase5_repro_qs_marketobs.status", "FAIL") end; write("/root/BF_runs/logs/qs_experiment_w2/phase5_repro_qs_marketobs.notify






julia> 
ENV["QSX2_ONLY"] = "qs_marketobs"; try include("experiments/scotland/06_qs_joint_and_market_observation/r07_reproduce.jl"); write("/root/BF_runs/logs/qs_experiment_w2/phase5_repro_qs_marketobs.status", "PASS") catch err; showerror(stderr, err, catch_backtrace()); println(stderr); write("/root/BF_runs/logs/qs_experiment_w2/phase5_repro_qs_marketobs.status", "FAIL") end; write("/root/BF_runs/logs/qs_experiment_w2/phase5_repro_qs_marketobs.notify"






julia> 
ENV["QSX2_ONLY"] = "qs_marketobs"; try include("experiments/scotland/06_qs_joint_and_market_observation/r07_reproduce.jl"); write("/root/BF_runs/logs/qs_experiment_w2/phase5_repro_qs_marketobs.status", "PASS") catch err; showerror(stderr, err, catch_backtrace()); println(stderr); write("/root/BF_runs/logs/qs_experiment_w2/phase5_repro_qs_marketobs.status", "FAIL") end; write("/root/BF_runs/logs/qs_experiment_w2/phase5_repro_qs_marketobs.notify",






julia> 
ENV["QSX2_ONLY"] = "qs_marketobs"; try include("experiments/scotland/06_qs_joint_and_market_observation/r07_reproduce.jl"); write("/root/BF_runs/logs/qs_experiment_w2/phase5_repro_qs_marketobs.status", "PASS") catch err; showerror(stderr, err, catch_backtrace()); println(stderr); write("/root/BF_runs/logs/qs_experiment_w2/phase5_repro_qs_marketobs.status", "FAIL") end; write("/root/BF_runs/logs/qs_experiment_w2/phase5_repro_qs_marketobs.notify", 






julia> 
ENV["QSX2_ONLY"] = "qs_marketobs"; try include("experiments/scotland/06_qs_joint_and_market_observation/r07_reproduce.jl"); write("/root/BF_runs/logs/qs_experiment_w2/phase5_repro_qs_marketobs.status", "PASS") catch err; showerror(stderr, err, catch_backtrace()); println(stderr); write("/root/BF_runs/logs/qs_experiment_w2/phase5_repro_qs_marketobs.status", "FAIL") end; write("/root/BF_runs/logs/qs_experiment_w2/phase5_repro_qs_marketobs.notify", r






julia> 
ENV["QSX2_ONLY"] = "qs_marketobs"; try include("experiments/scotland/06_qs_joint_and_market_observation/r07_reproduce.jl"); write("/root/BF_runs/logs/qs_experiment_w2/phase5_repro_qs_marketobs.status", "PASS") catch err; showerror(stderr, err, catch_backtrace()); println(stderr); write("/root/BF_runs/logs/qs_experiment_w2/phase5_repro_qs_marketobs.status", "FAIL") end; write("/root/BF_runs/logs/qs_experiment_w2/phase5_repro_qs_marketobs.notify", re






julia> 
ENV["QSX2_ONLY"] = "qs_marketobs"; try include("experiments/scotland/06_qs_joint_and_market_observation/r07_reproduce.jl"); write("/root/BF_runs/logs/qs_experiment_w2/phase5_repro_qs_marketobs.status", "PASS") catch err; showerror(stderr, err, catch_backtrace()); println(stderr); write("/root/BF_runs/logs/qs_experiment_w2/phase5_repro_qs_marketobs.status", "FAIL") end; write("/root/BF_runs/logs/qs_experiment_w2/phase5_repro_qs_marketobs.notify", rea






julia> 
ENV["QSX2_ONLY"] = "qs_marketobs"; try include("experiments/scotland/06_qs_joint_and_market_observation/r07_reproduce.jl"); write("/root/BF_runs/logs/qs_experiment_w2/phase5_repro_qs_marketobs.status", "PASS") catch err; showerror(stderr, err, catch_backtrace()); println(stderr); write("/root/BF_runs/logs/qs_experiment_w2/phase5_repro_qs_marketobs.status", "FAIL") end; write("/root/BF_runs/logs/qs_experiment_w2/phase5_repro_qs_marketobs.notify", read






julia> 
ENV["QSX2_ONLY"] = "qs_marketobs"; try include("experiments/scotland/06_qs_joint_and_market_observation/r07_reproduce.jl"); write("/root/BF_runs/logs/qs_experiment_w2/phase5_repro_qs_marketobs.status", "PASS") catch err; showerror(stderr, err, catch_backtrace()); println(stderr); write("/root/BF_runs/logs/qs_experiment_w2/phase5_repro_qs_marketobs.status", "FAIL") end; write("/root/BF_runs/logs/qs_experiment_w2/phase5_repro_qs_marketobs.notify", read(






julia> 
ENV["QSX2_ONLY"] = "qs_marketobs"; try include("experiments/scotland/06_qs_joint_and_market_observation/r07_reproduce.jl"); write("/root/BF_runs/logs/qs_experiment_w2/phase5_repro_qs_marketobs.status", "PASS") catch err; showerror(stderr, err, catch_backtrace()); println(stderr); write("/root/BF_runs/logs/qs_experiment_w2/phase5_repro_qs_marketobs.status", "FAIL") end; write("/root/BF_runs/logs/qs_experiment_w2/phase5_repro_qs_marketobs.notify", read("






julia> 
ENV["QSX2_ONLY"] = "qs_marketobs"; try include("experiments/scotland/06_qs_joint_and_market_observation/r07_reproduce.jl"); write("/root/BF_runs/logs/qs_experiment_w2/phase5_repro_qs_marketobs.status", "PASS") catch err; showerror(stderr, err, catch_backtrace()); println(stderr); write("/root/BF_runs/logs/qs_experiment_w2/phase5_repro_qs_marketobs.status", "FAIL") end; write("/root/BF_runs/logs/qs_experiment_w2/phase5_repro_qs_marketobs.notify", read("/






julia> 
ENV["QSX2_ONLY"] = "qs_marketobs"; try include("experiments/scotland/06_qs_joint_and_market_observation/r07_reproduce.jl"); write("/root/BF_runs/logs/qs_experiment_w2/phase5_repro_qs_marketobs.status", "PASS") catch err; showerror(stderr, err, catch_backtrace()); println(stderr); write("/root/BF_runs/logs/qs_experiment_w2/phase5_repro_qs_marketobs.status", "FAIL") end; write("/root/BF_runs/logs/qs_experiment_w2/phase5_repro_qs_marketobs.notify", read("/r






julia> 
ENV["QSX2_ONLY"] = "qs_marketobs"; try include("experiments/scotland/06_qs_joint_and_market_observation/r07_reproduce.jl"); write("/root/BF_runs/logs/qs_experiment_w2/phase5_repro_qs_marketobs.status", "PASS") catch err; showerror(stderr, err, catch_backtrace()); println(stderr); write("/root/BF_runs/logs/qs_experiment_w2/phase5_repro_qs_marketobs.status", "FAIL") end; write("/root/BF_runs/logs/qs_experiment_w2/phase5_repro_qs_marketobs.notify", read("/ro






julia> 
ENV["QSX2_ONLY"] = "qs_marketobs"; try include("experiments/scotland/06_qs_joint_and_market_observation/r07_reproduce.jl"); write("/root/BF_runs/logs/qs_experiment_w2/phase5_repro_qs_marketobs.status", "PASS") catch err; showerror(stderr, err, catch_backtrace()); println(stderr); write("/root/BF_runs/logs/qs_experiment_w2/phase5_repro_qs_marketobs.status", "FAIL") end; write("/root/BF_runs/logs/qs_experiment_w2/phase5_repro_qs_marketobs.notify", read("/roo






julia> 
ENV["QSX2_ONLY"] = "qs_marketobs"; try include("experiments/scotland/06_qs_joint_and_market_observation/r07_reproduce.jl"); write("/root/BF_runs/logs/qs_experiment_w2/phase5_repro_qs_marketobs.status", "PASS") catch err; showerror(stderr, err, catch_backtrace()); println(stderr); write("/root/BF_runs/logs/qs_experiment_w2/phase5_repro_qs_marketobs.status", "FAIL") end; write("/root/BF_runs/logs/qs_experiment_w2/phase5_repro_qs_marketobs.notify", read("/root






julia> 
ENV["QSX2_ONLY"] = "qs_marketobs"; try include("experiments/scotland/06_qs_joint_and_market_observation/r07_reproduce.jl"); write("/root/BF_runs/logs/qs_experiment_w2/phase5_repro_qs_marketobs.status", "PASS") catch err; showerror(stderr, err, catch_backtrace()); println(stderr); write("/root/BF_runs/logs/qs_experiment_w2/phase5_repro_qs_marketobs.status", "FAIL") end; write("/root/BF_runs/logs/qs_experiment_w2/phase5_repro_qs_marketobs.notify", read("/root/






julia> 
ENV["QSX2_ONLY"] = "qs_marketobs"; try include("experiments/scotland/06_qs_joint_and_market_observation/r07_reproduce.jl"); write("/root/BF_runs/logs/qs_experiment_w2/phase5_repro_qs_marketobs.status", "PASS") catch err; showerror(stderr, err, catch_backtrace()); println(stderr); write("/root/BF_runs/logs/qs_experiment_w2/phase5_repro_qs_marketobs.status", "FAIL") end; write("/root/BF_runs/logs/qs_experiment_w2/phase5_repro_qs_marketobs.notify", read("/root/B






julia> 
ENV["QSX2_ONLY"] = "qs_marketobs"; try include("experiments/scotland/06_qs_joint_and_market_observation/r07_reproduce.jl"); write("/root/BF_runs/logs/qs_experiment_w2/phase5_repro_qs_marketobs.status", "PASS") catch err; showerror(stderr, err, catch_backtrace()); println(stderr); write("/root/BF_runs/logs/qs_experiment_w2/phase5_repro_qs_marketobs.status", "FAIL") end; write("/root/BF_runs/logs/qs_experiment_w2/phase5_repro_qs_marketobs.notify", read("/root/BF






julia> 
ENV["QSX2_ONLY"] = "qs_marketobs"; try include("experiments/scotland/06_qs_joint_and_market_observation/r07_reproduce.jl"); write("/root/BF_runs/logs/qs_experiment_w2/phase5_repro_qs_marketobs.status", "PASS") catch err; showerror(stderr, err, catch_backtrace()); println(stderr); write("/root/BF_runs/logs/qs_experiment_w2/phase5_repro_qs_marketobs.status", "FAIL") end; write("/root/BF_runs/logs/qs_experiment_w2/phase5_repro_qs_marketobs.notify", read("/root/BF_






julia> 
ENV["QSX2_ONLY"] = "qs_marketobs"; try include("experiments/scotland/06_qs_joint_and_market_observation/r07_reproduce.jl"); write("/root/BF_runs/logs/qs_experiment_w2/phase5_repro_qs_marketobs.status", "PASS") catch err; showerror(stderr, err, catch_backtrace()); println(stderr); write("/root/BF_runs/logs/qs_experiment_w2/phase5_repro_qs_marketobs.status", "FAIL") end; write("/root/BF_runs/logs/qs_experiment_w2/phase5_repro_qs_marketobs.notify", read("/root/BF_r






julia> 
ENV["QSX2_ONLY"] = "qs_marketobs"; try include("experiments/scotland/06_qs_joint_and_market_observation/r07_reproduce.jl"); write("/root/BF_runs/logs/qs_experiment_w2/phase5_repro_qs_marketobs.status", "PASS") catch err; showerror(stderr, err, catch_backtrace()); println(stderr); write("/root/BF_runs/logs/qs_experiment_w2/phase5_repro_qs_marketobs.status", "FAIL") end; write("/root/BF_runs/logs/qs_experiment_w2/phase5_repro_qs_marketobs.notify", read("/root/BF_ru






julia> 
ENV["QSX2_ONLY"] = "qs_marketobs"; try include("experiments/scotland/06_qs_joint_and_market_observation/r07_reproduce.jl"); write("/root/BF_runs/logs/qs_experiment_w2/phase5_repro_qs_marketobs.status", "PASS") catch err; showerror(stderr, err, catch_backtrace()); println(stderr); write("/root/BF_runs/logs/qs_experiment_w2/phase5_repro_qs_marketobs.status", "FAIL") end; write("/root/BF_runs/logs/qs_experiment_w2/phase5_repro_qs_marketobs.notify", read("/root/BF_run






julia> 
ENV["QSX2_ONLY"] = "qs_marketobs"; try include("experiments/scotland/06_qs_joint_and_market_observation/r07_reproduce.jl"); write("/root/BF_runs/logs/qs_experiment_w2/phase5_repro_qs_marketobs.status", "PASS") catch err; showerror(stderr, err, catch_backtrace()); println(stderr); write("/root/BF_runs/logs/qs_experiment_w2/phase5_repro_qs_marketobs.status", "FAIL") end; write("/root/BF_runs/logs/qs_experiment_w2/phase5_repro_qs_marketobs.notify", read("/root/BF_runs






julia> 
ENV["QSX2_ONLY"] = "qs_marketobs"; try include("experiments/scotland/06_qs_joint_and_market_observation/r07_reproduce.jl"); write("/root/BF_runs/logs/qs_experiment_w2/phase5_repro_qs_marketobs.status", "PASS") catch err; showerror(stderr, err, catch_backtrace()); println(stderr); write("/root/BF_runs/logs/qs_experiment_w2/phase5_repro_qs_marketobs.status", "FAIL") end; write("/root/BF_runs/logs/qs_experiment_w2/phase5_repro_qs_marketobs.notify", read("/root/BF_runs/






julia> 
ENV["QSX2_ONLY"] = "qs_marketobs"; try include("experiments/scotland/06_qs_joint_and_market_observation/r07_reproduce.jl"); write("/root/BF_runs/logs/qs_experiment_w2/phase5_repro_qs_marketobs.status", "PASS") catch err; showerror(stderr, err, catch_backtrace()); println(stderr); write("/root/BF_runs/logs/qs_experiment_w2/phase5_repro_qs_marketobs.status", "FAIL") end; write("/root/BF_runs/logs/qs_experiment_w2/phase5_repro_qs_marketobs.notify", read("/root/BF_runs/l






julia> 
ENV["QSX2_ONLY"] = "qs_marketobs"; try include("experiments/scotland/06_qs_joint_and_market_observation/r07_reproduce.jl"); write("/root/BF_runs/logs/qs_experiment_w2/phase5_repro_qs_marketobs.status", "PASS") catch err; showerror(stderr, err, catch_backtrace()); println(stderr); write("/root/BF_runs/logs/qs_experiment_w2/phase5_repro_qs_marketobs.status", "FAIL") end; write("/root/BF_runs/logs/qs_experiment_w2/phase5_repro_qs_marketobs.notify", read("/root/BF_runs/lo






julia> 
ENV["QSX2_ONLY"] = "qs_marketobs"; try include("experiments/scotland/06_qs_joint_and_market_observation/r07_reproduce.jl"); write("/root/BF_runs/logs/qs_experiment_w2/phase5_repro_qs_marketobs.status", "PASS") catch err; showerror(stderr, err, catch_backtrace()); println(stderr); write("/root/BF_runs/logs/qs_experiment_w2/phase5_repro_qs_marketobs.status", "FAIL") end; write("/root/BF_runs/logs/qs_experiment_w2/phase5_repro_qs_marketobs.notify", read("/root/BF_runs/log









julia> 
ENV["QSX2_ONLY"] = "qs_marketobs"; try include("experiments/scotland/06_qs_joint_and_market_observation/r07_reproduce.jl"); write("/root/BF_runs/logs/qs_experiment_w2/phase5_repro_qs_marketobs.status", "PASS") catch err; showerror(stderr, err, catch_backtrace()); println(stderr); write("/root/BF_runs/logs/qs_experiment_w2/phase5_repro_qs_marketobs.status", "FAIL") end; write("/root/BF_runs/logs/qs_experiment_w2/phase5_repro_qs_marketobs.notify", read("/root/BF_runs/logs







julia> 
ENV["QSX2_ONLY"] = "qs_marketobs"; try include("experiments/scotland/06_qs_joint_and_market_observation/r07_reproduce.jl"); write("/root/BF_runs/logs/qs_experiment_w2/phase5_repro_qs_marketobs.status", "PASS") catch err; showerror(stderr, err, catch_backtrace()); println(stderr); write("/root/BF_runs/logs/qs_experiment_w2/phase5_repro_qs_marketobs.status", "FAIL") end; write("/root/BF_runs/logs/qs_experiment_w2/phase5_repro_qs_marketobs.notify", read("/root/BF_runs/logs/







julia> 
ENV["QSX2_ONLY"] = "qs_marketobs"; try include("experiments/scotland/06_qs_joint_and_market_observation/r07_reproduce.jl"); write("/root/BF_runs/logs/qs_experiment_w2/phase5_repro_qs_marketobs.status", "PASS") catch err; showerror(stderr, err, catch_backtrace()); println(stderr); write("/root/BF_runs/logs/qs_experiment_w2/phase5_repro_qs_marketobs.status", "FAIL") end; write("/root/BF_runs/logs/qs_experiment_w2/phase5_repro_qs_marketobs.notify", read("/root/BF_runs/logs/q







julia> 
ENV["QSX2_ONLY"] = "qs_marketobs"; try include("experiments/scotland/06_qs_joint_and_market_observation/r07_reproduce.jl"); write("/root/BF_runs/logs/qs_experiment_w2/phase5_repro_qs_marketobs.status", "PASS") catch err; showerror(stderr, err, catch_backtrace()); println(stderr); write("/root/BF_runs/logs/qs_experiment_w2/phase5_repro_qs_marketobs.status", "FAIL") end; write("/root/BF_runs/logs/qs_experiment_w2/phase5_repro_qs_marketobs.notify", read("/root/BF_runs/logs/qs







julia> 
ENV["QSX2_ONLY"] = "qs_marketobs"; try include("experiments/scotland/06_qs_joint_and_market_observation/r07_reproduce.jl"); write("/root/BF_runs/logs/qs_experiment_w2/phase5_repro_qs_marketobs.status", "PASS") catch err; showerror(stderr, err, catch_backtrace()); println(stderr); write("/root/BF_runs/logs/qs_experiment_w2/phase5_repro_qs_marketobs.status", "FAIL") end; write("/root/BF_runs/logs/qs_experiment_w2/phase5_repro_qs_marketobs.notify", read("/root/BF_runs/logs/qs_







julia> 
ENV["QSX2_ONLY"] = "qs_marketobs"; try include("experiments/scotland/06_qs_joint_and_market_observation/r07_reproduce.jl"); write("/root/BF_runs/logs/qs_experiment_w2/phase5_repro_qs_marketobs.status", "PASS") catch err; showerror(stderr, err, catch_backtrace()); println(stderr); write("/root/BF_runs/logs/qs_experiment_w2/phase5_repro_qs_marketobs.status", "FAIL") end; write("/root/BF_runs/logs/qs_experiment_w2/phase5_repro_qs_marketobs.notify", read("/root/BF_runs/logs/qs_e







julia> 
ENV["QSX2_ONLY"] = "qs_marketobs"; try include("experiments/scotland/06_qs_joint_and_market_observation/r07_reproduce.jl"); write("/root/BF_runs/logs/qs_experiment_w2/phase5_repro_qs_marketobs.status", "PASS") catch err; showerror(stderr, err, catch_backtrace()); println(stderr); write("/root/BF_runs/logs/qs_experiment_w2/phase5_repro_qs_marketobs.status", "FAIL") end; write("/root/BF_runs/logs/qs_experiment_w2/phase5_repro_qs_marketobs.notify", read("/root/BF_runs/logs/qs_ex







julia> 
ENV["QSX2_ONLY"] = "qs_marketobs"; try include("experiments/scotland/06_qs_joint_and_market_observation/r07_reproduce.jl"); write("/root/BF_runs/logs/qs_experiment_w2/phase5_repro_qs_marketobs.status", "PASS") catch err; showerror(stderr, err, catch_backtrace()); println(stderr); write("/root/BF_runs/logs/qs_experiment_w2/phase5_repro_qs_marketobs.status", "FAIL") end; write("/root/BF_runs/logs/qs_experiment_w2/phase5_repro_qs_marketobs.notify", read("/root/BF_runs/logs/qs_exp







julia> 
ENV["QSX2_ONLY"] = "qs_marketobs"; try include("experiments/scotland/06_qs_joint_and_market_observation/r07_reproduce.jl"); write("/root/BF_runs/logs/qs_experiment_w2/phase5_repro_qs_marketobs.status", "PASS") catch err; showerror(stderr, err, catch_backtrace()); println(stderr); write("/root/BF_runs/logs/qs_experiment_w2/phase5_repro_qs_marketobs.status", "FAIL") end; write("/root/BF_runs/logs/qs_experiment_w2/phase5_repro_qs_marketobs.notify", read("/root/BF_runs/logs/qs_expe







julia> 
ENV["QSX2_ONLY"] = "qs_marketobs"; try include("experiments/scotland/06_qs_joint_and_market_observation/r07_reproduce.jl"); write("/root/BF_runs/logs/qs_experiment_w2/phase5_repro_qs_marketobs.status", "PASS") catch err; showerror(stderr, err, catch_backtrace()); println(stderr); write("/root/BF_runs/logs/qs_experiment_w2/phase5_repro_qs_marketobs.status", "FAIL") end; write("/root/BF_runs/logs/qs_experiment_w2/phase5_repro_qs_marketobs.notify", read("/root/BF_runs/logs/qs_exper







julia> 
ENV["QSX2_ONLY"] = "qs_marketobs"; try include("experiments/scotland/06_qs_joint_and_market_observation/r07_reproduce.jl"); write("/root/BF_runs/logs/qs_experiment_w2/phase5_repro_qs_marketobs.status", "PASS") catch err; showerror(stderr, err, catch_backtrace()); println(stderr); write("/root/BF_runs/logs/qs_experiment_w2/phase5_repro_qs_marketobs.status", "FAIL") end; write("/root/BF_runs/logs/qs_experiment_w2/phase5_repro_qs_marketobs.notify", read("/root/BF_runs/logs/qs_experi







julia> 
ENV["QSX2_ONLY"] = "qs_marketobs"; try include("experiments/scotland/06_qs_joint_and_market_observation/r07_reproduce.jl"); write("/root/BF_runs/logs/qs_experiment_w2/phase5_repro_qs_marketobs.status", "PASS") catch err; showerror(stderr, err, catch_backtrace()); println(stderr); write("/root/BF_runs/logs/qs_experiment_w2/phase5_repro_qs_marketobs.status", "FAIL") end; write("/root/BF_runs/logs/qs_experiment_w2/phase5_repro_qs_marketobs.notify", read("/root/BF_runs/logs/qs_experim







julia> 
ENV["QSX2_ONLY"] = "qs_marketobs"; try include("experiments/scotland/06_qs_joint_and_market_observation/r07_reproduce.jl"); write("/root/BF_runs/logs/qs_experiment_w2/phase5_repro_qs_marketobs.status", "PASS") catch err; showerror(stderr, err, catch_backtrace()); println(stderr); write("/root/BF_runs/logs/qs_experiment_w2/phase5_repro_qs_marketobs.status", "FAIL") end; write("/root/BF_runs/logs/qs_experiment_w2/phase5_repro_qs_marketobs.notify", read("/root/BF_runs/logs/qs_experime







julia> 
ENV["QSX2_ONLY"] = "qs_marketobs"; try include("experiments/scotland/06_qs_joint_and_market_observation/r07_reproduce.jl"); write("/root/BF_runs/logs/qs_experiment_w2/phase5_repro_qs_marketobs.status", "PASS") catch err; showerror(stderr, err, catch_backtrace()); println(stderr); write("/root/BF_runs/logs/qs_experiment_w2/phase5_repro_qs_marketobs.status", "FAIL") end; write("/root/BF_runs/logs/qs_experiment_w2/phase5_repro_qs_marketobs.notify", read("/root/BF_runs/logs/qs_experimen







julia> 
ENV["QSX2_ONLY"] = "qs_marketobs"; try include("experiments/scotland/06_qs_joint_and_market_observation/r07_reproduce.jl"); write("/root/BF_runs/logs/qs_experiment_w2/phase5_repro_qs_marketobs.status", "PASS") catch err; showerror(stderr, err, catch_backtrace()); println(stderr); write("/root/BF_runs/logs/qs_experiment_w2/phase5_repro_qs_marketobs.status", "FAIL") end; write("/root/BF_runs/logs/qs_experiment_w2/phase5_repro_qs_marketobs.notify", read("/root/BF_runs/logs/qs_experiment







julia> 
ENV["QSX2_ONLY"] = "qs_marketobs"; try include("experiments/scotland/06_qs_joint_and_market_observation/r07_reproduce.jl"); write("/root/BF_runs/logs/qs_experiment_w2/phase5_repro_qs_marketobs.status", "PASS") catch err; showerror(stderr, err, catch_backtrace()); println(stderr); write("/root/BF_runs/logs/qs_experiment_w2/phase5_repro_qs_marketobs.status", "FAIL") end; write("/root/BF_runs/logs/qs_experiment_w2/phase5_repro_qs_marketobs.notify", read("/root/BF_runs/logs/qs_experiment_







julia> 
ENV["QSX2_ONLY"] = "qs_marketobs"; try include("experiments/scotland/06_qs_joint_and_market_observation/r07_reproduce.jl"); write("/root/BF_runs/logs/qs_experiment_w2/phase5_repro_qs_marketobs.status", "PASS") catch err; showerror(stderr, err, catch_backtrace()); println(stderr); write("/root/BF_runs/logs/qs_experiment_w2/phase5_repro_qs_marketobs.status", "FAIL") end; write("/root/BF_runs/logs/qs_experiment_w2/phase5_repro_qs_marketobs.notify", read("/root/BF_runs/logs/qs_experiment_w







julia> 
ENV["QSX2_ONLY"] = "qs_marketobs"; try include("experiments/scotland/06_qs_joint_and_market_observation/r07_reproduce.jl"); write("/root/BF_runs/logs/qs_experiment_w2/phase5_repro_qs_marketobs.status", "PASS") catch err; showerror(stderr, err, catch_backtrace()); println(stderr); write("/root/BF_runs/logs/qs_experiment_w2/phase5_repro_qs_marketobs.status", "FAIL") end; write("/root/BF_runs/logs/qs_experiment_w2/phase5_repro_qs_marketobs.notify", read("/root/BF_runs/logs/qs_experiment_w2







julia> 
ENV["QSX2_ONLY"] = "qs_marketobs"; try include("experiments/scotland/06_qs_joint_and_market_observation/r07_reproduce.jl"); write("/root/BF_runs/logs/qs_experiment_w2/phase5_repro_qs_marketobs.status", "PASS") catch err; showerror(stderr, err, catch_backtrace()); println(stderr); write("/root/BF_runs/logs/qs_experiment_w2/phase5_repro_qs_marketobs.status", "FAIL") end; write("/root/BF_runs/logs/qs_experiment_w2/phase5_repro_qs_marketobs.notify", read("/root/BF_runs/logs/qs_experiment_w2/







julia> 
ENV["QSX2_ONLY"] = "qs_marketobs"; try include("experiments/scotland/06_qs_joint_and_market_observation/r07_reproduce.jl"); write("/root/BF_runs/logs/qs_experiment_w2/phase5_repro_qs_marketobs.status", "PASS") catch err; showerror(stderr, err, catch_backtrace()); println(stderr); write("/root/BF_runs/logs/qs_experiment_w2/phase5_repro_qs_marketobs.status", "FAIL") end; write("/root/BF_runs/logs/qs_experiment_w2/phase5_repro_qs_marketobs.notify", read("/root/BF_runs/logs/qs_experiment_w2/p







julia> 
ENV["QSX2_ONLY"] = "qs_marketobs"; try include("experiments/scotland/06_qs_joint_and_market_observation/r07_reproduce.jl"); write("/root/BF_runs/logs/qs_experiment_w2/phase5_repro_qs_marketobs.status", "PASS") catch err; showerror(stderr, err, catch_backtrace()); println(stderr); write("/root/BF_runs/logs/qs_experiment_w2/phase5_repro_qs_marketobs.status", "FAIL") end; write("/root/BF_runs/logs/qs_experiment_w2/phase5_repro_qs_marketobs.notify", read("/root/BF_runs/logs/qs_experiment_w2/ph







julia> 
ENV["QSX2_ONLY"] = "qs_marketobs"; try include("experiments/scotland/06_qs_joint_and_market_observation/r07_reproduce.jl"); write("/root/BF_runs/logs/qs_experiment_w2/phase5_repro_qs_marketobs.status", "PASS") catch err; showerror(stderr, err, catch_backtrace()); println(stderr); write("/root/BF_runs/logs/qs_experiment_w2/phase5_repro_qs_marketobs.status", "FAIL") end; write("/root/BF_runs/logs/qs_experiment_w2/phase5_repro_qs_marketobs.notify", read("/root/BF_runs/logs/qs_experiment_w2/pha







julia> 
ENV["QSX2_ONLY"] = "qs_marketobs"; try include("experiments/scotland/06_qs_joint_and_market_observation/r07_reproduce.jl"); write("/root/BF_runs/logs/qs_experiment_w2/phase5_repro_qs_marketobs.status", "PASS") catch err; showerror(stderr, err, catch_backtrace()); println(stderr); write("/root/BF_runs/logs/qs_experiment_w2/phase5_repro_qs_marketobs.status", "FAIL") end; write("/root/BF_runs/logs/qs_experiment_w2/phase5_repro_qs_marketobs.notify", read("/root/BF_runs/logs/qs_experiment_w2/phas







julia> 
ENV["QSX2_ONLY"] = "qs_marketobs"; try include("experiments/scotland/06_qs_joint_and_market_observation/r07_reproduce.jl"); write("/root/BF_runs/logs/qs_experiment_w2/phase5_repro_qs_marketobs.status", "PASS") catch err; showerror(stderr, err, catch_backtrace()); println(stderr); write("/root/BF_runs/logs/qs_experiment_w2/phase5_repro_qs_marketobs.status", "FAIL") end; write("/root/BF_runs/logs/qs_experiment_w2/phase5_repro_qs_marketobs.notify", read("/root/BF_runs/logs/qs_experiment_w2/phase







julia> 
ENV["QSX2_ONLY"] = "qs_marketobs"; try include("experiments/scotland/06_qs_joint_and_market_observation/r07_reproduce.jl"); write("/root/BF_runs/logs/qs_experiment_w2/phase5_repro_qs_marketobs.status", "PASS") catch err; showerror(stderr, err, catch_backtrace()); println(stderr); write("/root/BF_runs/logs/qs_experiment_w2/phase5_repro_qs_marketobs.status", "FAIL") end; write("/root/BF_runs/logs/qs_experiment_w2/phase5_repro_qs_marketobs.notify", read("/root/BF_runs/logs/qs_experiment_w2/phase5







julia> 
ENV["QSX2_ONLY"] = "qs_marketobs"; try include("experiments/scotland/06_qs_joint_and_market_observation/r07_reproduce.jl"); write("/root/BF_runs/logs/qs_experiment_w2/phase5_repro_qs_marketobs.status", "PASS") catch err; showerror(stderr, err, catch_backtrace()); println(stderr); write("/root/BF_runs/logs/qs_experiment_w2/phase5_repro_qs_marketobs.status", "FAIL") end; write("/root/BF_runs/logs/qs_experiment_w2/phase5_repro_qs_marketobs.notify", read("/root/BF_runs/logs/qs_experiment_w2/phase5_







julia> 
ENV["QSX2_ONLY"] = "qs_marketobs"; try include("experiments/scotland/06_qs_joint_and_market_observation/r07_reproduce.jl"); write("/root/BF_runs/logs/qs_experiment_w2/phase5_repro_qs_marketobs.status", "PASS") catch err; showerror(stderr, err, catch_backtrace()); println(stderr); write("/root/BF_runs/logs/qs_experiment_w2/phase5_repro_qs_marketobs.status", "FAIL") end; write("/root/BF_runs/logs/qs_experiment_w2/phase5_repro_qs_marketobs.notify", read("/root/BF_runs/logs/qs_experiment_w2/phase5_r







julia> 
ENV["QSX2_ONLY"] = "qs_marketobs"; try include("experiments/scotland/06_qs_joint_and_market_observation/r07_reproduce.jl"); write("/root/BF_runs/logs/qs_experiment_w2/phase5_repro_qs_marketobs.status", "PASS") catch err; showerror(stderr, err, catch_backtrace()); println(stderr); write("/root/BF_runs/logs/qs_experiment_w2/phase5_repro_qs_marketobs.status", "FAIL") end; write("/root/BF_runs/logs/qs_experiment_w2/phase5_repro_qs_marketobs.notify", read("/root/BF_runs/logs/qs_experiment_w2/phase5_re







julia> 
ENV["QSX2_ONLY"] = "qs_marketobs"; try include("experiments/scotland/06_qs_joint_and_market_observation/r07_reproduce.jl"); write("/root/BF_runs/logs/qs_experiment_w2/phase5_repro_qs_marketobs.status", "PASS") catch err; showerror(stderr, err, catch_backtrace()); println(stderr); write("/root/BF_runs/logs/qs_experiment_w2/phase5_repro_qs_marketobs.status", "FAIL") end; write("/root/BF_runs/logs/qs_experiment_w2/phase5_repro_qs_marketobs.notify", read("/root/BF_runs/logs/qs_experiment_w2/phase5_rep







julia> 
ENV["QSX2_ONLY"] = "qs_marketobs"; try include("experiments/scotland/06_qs_joint_and_market_observation/r07_reproduce.jl"); write("/root/BF_runs/logs/qs_experiment_w2/phase5_repro_qs_marketobs.status", "PASS") catch err; showerror(stderr, err, catch_backtrace()); println(stderr); write("/root/BF_runs/logs/qs_experiment_w2/phase5_repro_qs_marketobs.status", "FAIL") end; write("/root/BF_runs/logs/qs_experiment_w2/phase5_repro_qs_marketobs.notify", read("/root/BF_runs/logs/qs_experiment_w2/phase5_repr







julia> 
ENV["QSX2_ONLY"] = "qs_marketobs"; try include("experiments/scotland/06_qs_joint_and_market_observation/r07_reproduce.jl"); write("/root/BF_runs/logs/qs_experiment_w2/phase5_repro_qs_marketobs.status", "PASS") catch err; showerror(stderr, err, catch_backtrace()); println(stderr); write("/root/BF_runs/logs/qs_experiment_w2/phase5_repro_qs_marketobs.status", "FAIL") end; write("/root/BF_runs/logs/qs_experiment_w2/phase5_repro_qs_marketobs.notify", read("/root/BF_runs/logs/qs_experiment_w2/phase5_repro







julia> 
ENV["QSX2_ONLY"] = "qs_marketobs"; try include("experiments/scotland/06_qs_joint_and_market_observation/r07_reproduce.jl"); write("/root/BF_runs/logs/qs_experiment_w2/phase5_repro_qs_marketobs.status", "PASS") catch err; showerror(stderr, err, catch_backtrace()); println(stderr); write("/root/BF_runs/logs/qs_experiment_w2/phase5_repro_qs_marketobs.status", "FAIL") end; write("/root/BF_runs/logs/qs_experiment_w2/phase5_repro_qs_marketobs.notify", read("/root/BF_runs/logs/qs_experiment_w2/phase5_repro_







julia> 
ENV["QSX2_ONLY"] = "qs_marketobs"; try include("experiments/scotland/06_qs_joint_and_market_observation/r07_reproduce.jl"); write("/root/BF_runs/logs/qs_experiment_w2/phase5_repro_qs_marketobs.status", "PASS") catch err; showerror(stderr, err, catch_backtrace()); println(stderr); write("/root/BF_runs/logs/qs_experiment_w2/phase5_repro_qs_marketobs.status", "FAIL") end; write("/root/BF_runs/logs/qs_experiment_w2/phase5_repro_qs_marketobs.notify", read("/root/BF_runs/logs/qs_experiment_w2/phase5_repro_q







julia> 
ENV["QSX2_ONLY"] = "qs_marketobs"; try include("experiments/scotland/06_qs_joint_and_market_observation/r07_reproduce.jl"); write("/root/BF_runs/logs/qs_experiment_w2/phase5_repro_qs_marketobs.status", "PASS") catch err; showerror(stderr, err, catch_backtrace()); println(stderr); write("/root/BF_runs/logs/qs_experiment_w2/phase5_repro_qs_marketobs.status", "FAIL") end; write("/root/BF_runs/logs/qs_experiment_w2/phase5_repro_qs_marketobs.notify", read("/root/BF_runs/logs/qs_experiment_w2/phase5_repro_qs







julia> 
ENV["QSX2_ONLY"] = "qs_marketobs"; try include("experiments/scotland/06_qs_joint_and_market_observation/r07_reproduce.jl"); write("/root/BF_runs/logs/qs_experiment_w2/phase5_repro_qs_marketobs.status", "PASS") catch err; showerror(stderr, err, catch_backtrace()); println(stderr); write("/root/BF_runs/logs/qs_experiment_w2/phase5_repro_qs_marketobs.status", "FAIL") end; write("/root/BF_runs/logs/qs_experiment_w2/phase5_repro_qs_marketobs.notify", read("/root/BF_runs/logs/qs_experiment_w2/phase5_repro_qs_







julia> 
ENV["QSX2_ONLY"] = "qs_marketobs"; try include("experiments/scotland/06_qs_joint_and_market_observation/r07_reproduce.jl"); write("/root/BF_runs/logs/qs_experiment_w2/phase5_repro_qs_marketobs.status", "PASS") catch err; showerror(stderr, err, catch_backtrace()); println(stderr); write("/root/BF_runs/logs/qs_experiment_w2/phase5_repro_qs_marketobs.status", "FAIL") end; write("/root/BF_runs/logs/qs_experiment_w2/phase5_repro_qs_marketobs.notify", read("/root/BF_runs/logs/qs_experiment_w2/phase5_repro_qs_m







julia> 
ENV["QSX2_ONLY"] = "qs_marketobs"; try include("experiments/scotland/06_qs_joint_and_market_observation/r07_reproduce.jl"); write("/root/BF_runs/logs/qs_experiment_w2/phase5_repro_qs_marketobs.status", "PASS") catch err; showerror(stderr, err, catch_backtrace()); println(stderr); write("/root/BF_runs/logs/qs_experiment_w2/phase5_repro_qs_marketobs.status", "FAIL") end; write("/root/BF_runs/logs/qs_experiment_w2/phase5_repro_qs_marketobs.notify", read("/root/BF_runs/logs/qs_experiment_w2/phase5_repro_qs_ma







julia> 
ENV["QSX2_ONLY"] = "qs_marketobs"; try include("experiments/scotland/06_qs_joint_and_market_observation/r07_reproduce.jl"); write("/root/BF_runs/logs/qs_experiment_w2/phase5_repro_qs_marketobs.status", "PASS") catch err; showerror(stderr, err, catch_backtrace()); println(stderr); write("/root/BF_runs/logs/qs_experiment_w2/phase5_repro_qs_marketobs.status", "FAIL") end; write("/root/BF_runs/logs/qs_experiment_w2/phase5_repro_qs_marketobs.notify", read("/root/BF_runs/logs/qs_experiment_w2/phase5_repro_qs_mar







julia> 
ENV["QSX2_ONLY"] = "qs_marketobs"; try include("experiments/scotland/06_qs_joint_and_market_observation/r07_reproduce.jl"); write("/root/BF_runs/logs/qs_experiment_w2/phase5_repro_qs_marketobs.status", "PASS") catch err; showerror(stderr, err, catch_backtrace()); println(stderr); write("/root/BF_runs/logs/qs_experiment_w2/phase5_repro_qs_marketobs.status", "FAIL") end; write("/root/BF_runs/logs/qs_experiment_w2/phase5_repro_qs_marketobs.notify", read("/root/BF_runs/logs/qs_experiment_w2/phase5_repro_qs_mark







julia> 
ENV["QSX2_ONLY"] = "qs_marketobs"; try include("experiments/scotland/06_qs_joint_and_market_observation/r07_reproduce.jl"); write("/root/BF_runs/logs/qs_experiment_w2/phase5_repro_qs_marketobs.status", "PASS") catch err; showerror(stderr, err, catch_backtrace()); println(stderr); write("/root/BF_runs/logs/qs_experiment_w2/phase5_repro_qs_marketobs.status", "FAIL") end; write("/root/BF_runs/logs/qs_experiment_w2/phase5_repro_qs_marketobs.notify", read("/root/BF_runs/logs/qs_experiment_w2/phase5_repro_qs_marke







julia> 
ENV["QSX2_ONLY"] = "qs_marketobs"; try include("experiments/scotland/06_qs_joint_and_market_observation/r07_reproduce.jl"); write("/root/BF_runs/logs/qs_experiment_w2/phase5_repro_qs_marketobs.status", "PASS") catch err; showerror(stderr, err, catch_backtrace()); println(stderr); write("/root/BF_runs/logs/qs_experiment_w2/phase5_repro_qs_marketobs.status", "FAIL") end; write("/root/BF_runs/logs/qs_experiment_w2/phase5_repro_qs_marketobs.notify", read("/root/BF_runs/logs/qs_experiment_w2/phase5_repro_qs_market







julia> 
ENV["QSX2_ONLY"] = "qs_marketobs"; try include("experiments/scotland/06_qs_joint_and_market_observation/r07_reproduce.jl"); write("/root/BF_runs/logs/qs_experiment_w2/phase5_repro_qs_marketobs.status", "PASS") catch err; showerror(stderr, err, catch_backtrace()); println(stderr); write("/root/BF_runs/logs/qs_experiment_w2/phase5_repro_qs_marketobs.status", "FAIL") end; write("/root/BF_runs/logs/qs_experiment_w2/phase5_repro_qs_marketobs.notify", read("/root/BF_runs/logs/qs_experiment_w2/phase5_repro_qs_marketo







julia> 
ENV["QSX2_ONLY"] = "qs_marketobs"; try include("experiments/scotland/06_qs_joint_and_market_observation/r07_reproduce.jl"); write("/root/BF_runs/logs/qs_experiment_w2/phase5_repro_qs_marketobs.status", "PASS") catch err; showerror(stderr, err, catch_backtrace()); println(stderr); write("/root/BF_runs/logs/qs_experiment_w2/phase5_repro_qs_marketobs.status", "FAIL") end; write("/root/BF_runs/logs/qs_experiment_w2/phase5_repro_qs_marketobs.notify", read("/root/BF_runs/logs/qs_experiment_w2/phase5_repro_qs_marketob







julia> 
ENV["QSX2_ONLY"] = "qs_marketobs"; try include("experiments/scotland/06_qs_joint_and_market_observation/r07_reproduce.jl"); write("/root/BF_runs/logs/qs_experiment_w2/phase5_repro_qs_marketobs.status", "PASS") catch err; showerror(stderr, err, catch_backtrace()); println(stderr); write("/root/BF_runs/logs/qs_experiment_w2/phase5_repro_qs_marketobs.status", "FAIL") end; write("/root/BF_runs/logs/qs_experiment_w2/phase5_repro_qs_marketobs.notify", read("/root/BF_runs/logs/qs_experiment_w2/phase5_repro_qs_marketobs







julia> 
ENV["QSX2_ONLY"] = "qs_marketobs"; try include("experiments/scotland/06_qs_joint_and_market_observation/r07_reproduce.jl"); write("/root/BF_runs/logs/qs_experiment_w2/phase5_repro_qs_marketobs.status", "PASS") catch err; showerror(stderr, err, catch_backtrace()); println(stderr); write("/root/BF_runs/logs/qs_experiment_w2/phase5_repro_qs_marketobs.status", "FAIL") end; write("/root/BF_runs/logs/qs_experiment_w2/phase5_repro_qs_marketobs.notify", read("/root/BF_runs/logs/qs_experiment_w2/phase5_repro_qs_marketobs.







julia> 
ENV["QSX2_ONLY"] = "qs_marketobs"; try include("experiments/scotland/06_qs_joint_and_market_observation/r07_reproduce.jl"); write("/root/BF_runs/logs/qs_experiment_w2/phase5_repro_qs_marketobs.status", "PASS") catch err; showerror(stderr, err, catch_backtrace()); println(stderr); write("/root/BF_runs/logs/qs_experiment_w2/phase5_repro_qs_marketobs.status", "FAIL") end; write("/root/BF_runs/logs/qs_experiment_w2/phase5_repro_qs_marketobs.notify", read("/root/BF_runs/logs/qs_experiment_w2/phase5_repro_qs_marketobs.s







julia> 
ENV["QSX2_ONLY"] = "qs_marketobs"; try include("experiments/scotland/06_qs_joint_and_market_observation/r07_reproduce.jl"); write("/root/BF_runs/logs/qs_experiment_w2/phase5_repro_qs_marketobs.status", "PASS") catch err; showerror(stderr, err, catch_backtrace()); println(stderr); write("/root/BF_runs/logs/qs_experiment_w2/phase5_repro_qs_marketobs.status", "FAIL") end; write("/root/BF_runs/logs/qs_experiment_w2/phase5_repro_qs_marketobs.notify", read("/root/BF_runs/logs/qs_experiment_w2/phase5_repro_qs_marketobs.st







julia> 
ENV["QSX2_ONLY"] = "qs_marketobs"; try include("experiments/scotland/06_qs_joint_and_market_observation/r07_reproduce.jl"); write("/root/BF_runs/logs/qs_experiment_w2/phase5_repro_qs_marketobs.status", "PASS") catch err; showerror(stderr, err, catch_backtrace()); println(stderr); write("/root/BF_runs/logs/qs_experiment_w2/phase5_repro_qs_marketobs.status", "FAIL") end; write("/root/BF_runs/logs/qs_experiment_w2/phase5_repro_qs_marketobs.notify", read("/root/BF_runs/logs/qs_experiment_w2/phase5_repro_qs_marketobs.sta







julia> 
ENV["QSX2_ONLY"] = "qs_marketobs"; try include("experiments/scotland/06_qs_joint_and_market_observation/r07_reproduce.jl"); write("/root/BF_runs/logs/qs_experiment_w2/phase5_repro_qs_marketobs.status", "PASS") catch err; showerror(stderr, err, catch_backtrace()); println(stderr); write("/root/BF_runs/logs/qs_experiment_w2/phase5_repro_qs_marketobs.status", "FAIL") end; write("/root/BF_runs/logs/qs_experiment_w2/phase5_repro_qs_marketobs.notify", read("/root/BF_runs/logs/qs_experiment_w2/phase5_repro_qs_marketobs.stat







julia> 
ENV["QSX2_ONLY"] = "qs_marketobs"; try include("experiments/scotland/06_qs_joint_and_market_observation/r07_reproduce.jl"); write("/root/BF_runs/logs/qs_experiment_w2/phase5_repro_qs_marketobs.status", "PASS") catch err; showerror(stderr, err, catch_backtrace()); println(stderr); write("/root/BF_runs/logs/qs_experiment_w2/phase5_repro_qs_marketobs.status", "FAIL") end; write("/root/BF_runs/logs/qs_experiment_w2/phase5_repro_qs_marketobs.notify", read("/root/BF_runs/logs/qs_experiment_w2/phase5_repro_qs_marketobs.statu







julia> 
ENV["QSX2_ONLY"] = "qs_marketobs"; try include("experiments/scotland/06_qs_joint_and_market_observation/r07_reproduce.jl"); write("/root/BF_runs/logs/qs_experiment_w2/phase5_repro_qs_marketobs.status", "PASS") catch err; showerror(stderr, err, catch_backtrace()); println(stderr); write("/root/BF_runs/logs/qs_experiment_w2/phase5_repro_qs_marketobs.status", "FAIL") end; write("/root/BF_runs/logs/qs_experiment_w2/phase5_repro_qs_marketobs.notify", read("/root/BF_runs/logs/qs_experiment_w2/phase5_repro_qs_marketobs.status







julia> 
ENV["QSX2_ONLY"] = "qs_marketobs"; try include("experiments/scotland/06_qs_joint_and_market_observation/r07_reproduce.jl"); write("/root/BF_runs/logs/qs_experiment_w2/phase5_repro_qs_marketobs.status", "PASS") catch err; showerror(stderr, err, catch_backtrace()); println(stderr); write("/root/BF_runs/logs/qs_experiment_w2/phase5_repro_qs_marketobs.status", "FAIL") end; write("/root/BF_runs/logs/qs_experiment_w2/phase5_repro_qs_marketobs.notify", read("/root/BF_runs/logs/qs_experiment_w2/phase5_repro_qs_marketobs.status"







julia> 
ENV["QSX2_ONLY"] = "qs_marketobs"; try include("experiments/scotland/06_qs_joint_and_market_observation/r07_reproduce.jl"); write("/root/BF_runs/logs/qs_experiment_w2/phase5_repro_qs_marketobs.status", "PASS") catch err; showerror(stderr, err, catch_backtrace()); println(stderr); write("/root/BF_runs/logs/qs_experiment_w2/phase5_repro_qs_marketobs.status", "FAIL") end; write("/root/BF_runs/logs/qs_experiment_w2/phase5_repro_qs_marketobs.notify", read("/root/BF_runs/logs/qs_experiment_w2/phase5_repro_qs_marketobs.status",







julia> 
ENV["QSX2_ONLY"] = "qs_marketobs"; try include("experiments/scotland/06_qs_joint_and_market_observation/r07_reproduce.jl"); write("/root/BF_runs/logs/qs_experiment_w2/phase5_repro_qs_marketobs.status", "PASS") catch err; showerror(stderr, err, catch_backtrace()); println(stderr); write("/root/BF_runs/logs/qs_experiment_w2/phase5_repro_qs_marketobs.status", "FAIL") end; write("/root/BF_runs/logs/qs_experiment_w2/phase5_repro_qs_marketobs.notify", read("/root/BF_runs/logs/qs_experiment_w2/phase5_repro_qs_marketobs.status", 







julia> 
ENV["QSX2_ONLY"] = "qs_marketobs"; try include("experiments/scotland/06_qs_joint_and_market_observation/r07_reproduce.jl"); write("/root/BF_runs/logs/qs_experiment_w2/phase5_repro_qs_marketobs.status", "PASS") catch err; showerror(stderr, err, catch_backtrace()); println(stderr); write("/root/BF_runs/logs/qs_experiment_w2/phase5_repro_qs_marketobs.status", "FAIL") end; write("/root/BF_runs/logs/qs_experiment_w2/phase5_repro_qs_marketobs.notify", read("/root/BF_runs/logs/qs_experiment_w2/phase5_repro_qs_marketobs.status", S







julia> 
ENV["QSX2_ONLY"] = "qs_marketobs"; try include("experiments/scotland/06_qs_joint_and_market_observation/r07_reproduce.jl"); write("/root/BF_runs/logs/qs_experiment_w2/phase5_repro_qs_marketobs.status", "PASS") catch err; showerror(stderr, err, catch_backtrace()); println(stderr); write("/root/BF_runs/logs/qs_experiment_w2/phase5_repro_qs_marketobs.status", "FAIL") end; write("/root/BF_runs/logs/qs_experiment_w2/phase5_repro_qs_marketobs.notify", read("/root/BF_runs/logs/qs_experiment_w2/phase5_repro_qs_marketobs.status", St







julia> 
ENV["QSX2_ONLY"] = "qs_marketobs"; try include("experiments/scotland/06_qs_joint_and_market_observation/r07_reproduce.jl"); write("/root/BF_runs/logs/qs_experiment_w2/phase5_repro_qs_marketobs.status", "PASS") catch err; showerror(stderr, err, catch_backtrace()); println(stderr); write("/root/BF_runs/logs/qs_experiment_w2/phase5_repro_qs_marketobs.status", "FAIL") end; write("/root/BF_runs/logs/qs_experiment_w2/phase5_repro_qs_marketobs.notify", read("/root/BF_runs/logs/qs_experiment_w2/phase5_repro_qs_marketobs.status", Str







julia> 
ENV["QSX2_ONLY"] = "qs_marketobs"; try include("experiments/scotland/06_qs_joint_and_market_observation/r07_reproduce.jl"); write("/root/BF_runs/logs/qs_experiment_w2/phase5_repro_qs_marketobs.status", "PASS") catch err; showerror(stderr, err, catch_backtrace()); println(stderr); write("/root/BF_runs/logs/qs_experiment_w2/phase5_repro_qs_marketobs.status", "FAIL") end; write("/root/BF_runs/logs/qs_experiment_w2/phase5_repro_qs_marketobs.notify", read("/root/BF_runs/logs/qs_experiment_w2/phase5_repro_qs_marketobs.status", Stri







julia> 
ENV["QSX2_ONLY"] = "qs_marketobs"; try include("experiments/scotland/06_qs_joint_and_market_observation/r07_reproduce.jl"); write("/root/BF_runs/logs/qs_experiment_w2/phase5_repro_qs_marketobs.status", "PASS") catch err; showerror(stderr, err, catch_backtrace()); println(stderr); write("/root/BF_runs/logs/qs_experiment_w2/phase5_repro_qs_marketobs.status", "FAIL") end; write("/root/BF_runs/logs/qs_experiment_w2/phase5_repro_qs_marketobs.notify", read("/root/BF_runs/logs/qs_experiment_w2/phase5_repro_qs_marketobs.status", Strin







julia> 
ENV["QSX2_ONLY"] = "qs_marketobs"; try include("experiments/scotland/06_qs_joint_and_market_observation/r07_reproduce.jl"); write("/root/BF_runs/logs/qs_experiment_w2/phase5_repro_qs_marketobs.status", "PASS") catch err; showerror(stderr, err, catch_backtrace()); println(stderr); write("/root/BF_runs/logs/qs_experiment_w2/phase5_repro_qs_marketobs.status", "FAIL") end; write("/root/BF_runs/logs/qs_experiment_w2/phase5_repro_qs_marketobs.notify", read("/root/BF_runs/logs/qs_experiment_w2/phase5_repro_qs_marketobs.status", String







julia> 
ENV["QSX2_ONLY"] = "qs_marketobs"; try include("experiments/scotland/06_qs_joint_and_market_observation/r07_reproduce.jl"); write("/root/BF_runs/logs/qs_experiment_w2/phase5_repro_qs_marketobs.status", "PASS") catch err; showerror(stderr, err, catch_backtrace()); println(stderr); write("/root/BF_runs/logs/qs_experiment_w2/phase5_repro_qs_marketobs.status", "FAIL") end; write("/root/BF_runs/logs/qs_experiment_w2/phase5_repro_qs_marketobs.notify", read("/root/BF_runs/logs/qs_experiment_w2/phase5_repro_qs_marketobs.status", String)







julia> 
ENV["QSX2_ONLY"] = "qs_marketobs"; try include("experiments/scotland/06_qs_joint_and_market_observation/r07_reproduce.jl"); write("/root/BF_runs/logs/qs_experiment_w2/phase5_repro_qs_marketobs.status", "PASS") catch err; showerror(stderr, err, catch_backtrace()); println(stderr); write("/root/BF_runs/logs/qs_experiment_w2/phase5_repro_qs_marketobs.status", "FAIL") end; write("/root/BF_runs/logs/qs_experiment_w2/phase5_repro_qs_marketobs.notify", read("/root/BF_runs/logs/qs_experiment_w2/phase5_repro_qs_marketobs.status", String) 







julia> 
ENV["QSX2_ONLY"] = "qs_marketobs"; try include("experiments/scotland/06_qs_joint_and_market_observation/r07_reproduce.jl"); write("/root/BF_runs/logs/qs_experiment_w2/phase5_repro_qs_marketobs.status", "PASS") catch err; showerror(stderr, err, catch_backtrace()); println(stderr); write("/root/BF_runs/logs/qs_experiment_w2/phase5_repro_qs_marketobs.status", "FAIL") end; write("/root/BF_runs/logs/qs_experiment_w2/phase5_repro_qs_marketobs.notify", read("/root/BF_runs/logs/qs_experiment_w2/phase5_repro_qs_marketobs.status", String) *







julia> 
ENV["QSX2_ONLY"] = "qs_marketobs"; try include("experiments/scotland/06_qs_joint_and_market_observation/r07_reproduce.jl"); write("/root/BF_runs/logs/qs_experiment_w2/phase5_repro_qs_marketobs.status", "PASS") catch err; showerror(stderr, err, catch_backtrace()); println(stderr); write("/root/BF_runs/logs/qs_experiment_w2/phase5_repro_qs_marketobs.status", "FAIL") end; write("/root/BF_runs/logs/qs_experiment_w2/phase5_repro_qs_marketobs.notify", read("/root/BF_runs/logs/qs_experiment_w2/phase5_repro_qs_marketobs.status", String) * 







julia> 
ENV["QSX2_ONLY"] = "qs_marketobs"; try include("experiments/scotland/06_qs_joint_and_market_observation/r07_reproduce.jl"); write("/root/BF_runs/logs/qs_experiment_w2/phase5_repro_qs_marketobs.status", "PASS") catch err; showerror(stderr, err, catch_backtrace()); println(stderr); write("/root/BF_runs/logs/qs_experiment_w2/phase5_repro_qs_marketobs.status", "FAIL") end; write("/root/BF_runs/logs/qs_experiment_w2/phase5_repro_qs_marketobs.notify", read("/root/BF_runs/logs/qs_experiment_w2/phase5_repro_qs_marketobs.status", String) * "







julia> 
ENV["QSX2_ONLY"] = "qs_marketobs"; try include("experiments/scotland/06_qs_joint_and_market_observation/r07_reproduce.jl"); write("/root/BF_runs/logs/qs_experiment_w2/phase5_repro_qs_marketobs.status", "PASS") catch err; showerror(stderr, err, catch_backtrace()); println(stderr); write("/root/BF_runs/logs/qs_experiment_w2/phase5_repro_qs_marketobs.status", "FAIL") end; write("/root/BF_runs/logs/qs_experiment_w2/phase5_repro_qs_marketobs.notify", read("/root/BF_runs/logs/qs_experiment_w2/phase5_repro_qs_marketobs.status", String) * "\







julia> 
ENV["QSX2_ONLY"] = "qs_marketobs"; try include("experiments/scotland/06_qs_joint_and_market_observation/r07_reproduce.jl"); write("/root/BF_runs/logs/qs_experiment_w2/phase5_repro_qs_marketobs.status", "PASS") catch err; showerror(stderr, err, catch_backtrace()); println(stderr); write("/root/BF_runs/logs/qs_experiment_w2/phase5_repro_qs_marketobs.status", "FAIL") end; write("/root/BF_runs/logs/qs_experiment_w2/phase5_repro_qs_marketobs.notify", read("/root/BF_runs/logs/qs_experiment_w2/phase5_repro_qs_marketobs.status", String) * "\n







julia> 
ENV["QSX2_ONLY"] = "qs_marketobs"; try include("experiments/scotland/06_qs_joint_and_market_observation/r07_reproduce.jl"); write("/root/BF_runs/logs/qs_experiment_w2/phase5_repro_qs_marketobs.status", "PASS") catch err; showerror(stderr, err, catch_backtrace()); println(stderr); write("/root/BF_runs/logs/qs_experiment_w2/phase5_repro_qs_marketobs.status", "FAIL") end; write("/root/BF_runs/logs/qs_experiment_w2/phase5_repro_qs_marketobs.notify", read("/root/BF_runs/logs/qs_experiment_w2/phase5_repro_qs_marketobs.status", String) * "\n"







julia> 
ENV["QSX2_ONLY"] = "qs_marketobs"; try include("experiments/scotland/06_qs_joint_and_market_observation/r07_reproduce.jl"); write("/root/BF_runs/logs/qs_experiment_w2/phase5_repro_qs_marketobs.status", "PASS") catch err; showerror(stderr, err, catch_backtrace()); println(stderr); write("/root/BF_runs/logs/qs_experiment_w2/phase5_repro_qs_marketobs.status", "FAIL") end; write("/root/BF_runs/logs/qs_experiment_w2/phase5_repro_qs_marketobs.notify", read("/root/BF_runs/logs/qs_experiment_w2/phase5_repro_qs_marketobs.status", String) * "\n")







julia> 
ENV["QSX2_ONLY"] = "qs_marketobs"; try include("experiments/scotland/06_qs_joint_and_market_observation/r07_reproduce.jl"); write("/root/BF_runs/logs/qs_experiment_w2/phase5_repro_qs_marketobs.status", "PASS") catch err; showerror(stderr, err, catch_backtrace()); println(stderr); write("/root/BF_runs/logs/qs_experiment_w2/phase5_repro_qs_marketobs.status", "FAIL") end; write("/root/BF_runs/logs/qs_experiment_w2/phase5_repro_qs_marketobs.notify", read("/root/BF_runs/logs/qs_experiment_w2/phase5_repro_qs_marketobs.status", String) * "\n")

QS_MARKET_ARM_LOADED
[ Info: Loading DataStore for ScottishLower from local cache (Age: 345.9 hours)...
[FOLD_CHECKPOINT] arm=qs_marketobs fold=1 attempt=0 at=2026-10-10T00:50:16.645
PHASE5_REPRODUCTION_ARM_PASS arm=qs_marketobs fold=1 chains_and_latents_bytes=true
