arm,point,coordinate,precision,screen_failed,h,relative_error,rounding_floor,order_to_next,at_floor,trend_ok
qs_bias,1,17,Float64,false,0.001,5.086350631467673e-12,1.0940721371587077e-9,-1.0352757603267932,true,true
qs_bias,1,17,Float64,false,0.0001,5.516734146161731e-11,1.0940593428213923e-8,-1.056108403746707,true,true
qs_bias,1,17,Float64,false,1.0e-5,6.277554030813432e-10,1.0940580638596915e-7,-0.4193389060188203,true,true
qs_bias,1,17,Float64,false,1.0e-6,1.6486534107110136e-9,1.0940579341578254e-6,NaN,true,true
qs_bias,1,17,BigFloat128,false,0.001,2.900858569340763e-12,2.895984833901177e-32,2.0000000004855187,false,true
qs_bias,1,17,BigFloat128,false,0.0001,2.9008585660977525e-14,2.895950967725637e-31,2.0000000000048552,false,true
qs_bias,1,17,BigFloat128,false,1.0e-5,2.900858566065323e-16,2.895947582182524e-30,2.0000000000001172,false,true
qs_bias,1,17,BigFloat128,false,1.0e-6,2.9008585660645397e-18,2.8959472436389575e-29,NaN,false,true
qs_bias,1,43,Float64,true,0.001,3.549455118712075e-9,3.496876105148852e-6,-0.9637651974615922,true,true
qs_bias,1,43,Float64,true,0.0001,3.265328557544578e-8,3.4968760923520483e-5,-1.6391370623585355,true,true
qs_bias,1,43,Float64,true,1.0e-5,1.4225382373167506e-6,0.0003496876091073001,-0.7068727836336051,true,true
qs_bias,1,43,Float64,true,1.0e-6,7.24330432860798e-6,0.003496876090945103,NaN,true,true
qs_bias,1,43,BigFloat128,true,0.001,9.629649721936179e-32,9.256153979773035e-29,-1.1432100326610257,true,true
qs_bias,1,43,BigFloat128,true,0.0001,1.33912316445675e-30,9.256153945900178e-28,-1.2138459317251815,true,true
qs_bias,1,43,BigFloat128,true,1.0e-5,2.191121469932744e-29,9.256153942514567e-27,-1.4083455263482814,true,true
qs_bias,1,43,BigFloat128,true,1.0e-6,5.610634536474778e-28,9.256153942176024e-26,NaN,true,true
qs_bias,1,50,Float64,false,0.001,1.244978868720099e-10,2.9903799840216694e-8,-0.7779226950331879,true,true
qs_bias,1,50,Float64,false,0.0001,7.465943090257297e-10,2.9903787035764263e-7,-0.602100794647469,true,true
qs_bias,1,50,Float64,false,1.0e-5,2.9866578287286033e-9,2.99037856672909e-6,-0.970029494072018,true,true
qs_bias,1,50,Float64,false,1.0e-6,2.7875005636821887e-8,2.9903784795135557e-5,NaN,true,true
qs_bias,1,50,BigFloat128,false,0.001,3.5327912067459855e-13,7.9154699112234e-31,2.0000000000336304,false,true
qs_bias,1,50,BigFloat128,false,0.0001,3.5327912064724153e-15,7.915466520927605e-30,2.0000000000003335,false,true
qs_bias,1,50,BigFloat128,false,1.0e-5,3.5327912064697024e-17,7.91546618233651e-29,2.0000000000071996,false,true
qs_bias,1,50,BigFloat128,false,1.0e-6,3.532791206411136e-19,7.915466148481787e-28,NaN,false,true
qs_bias,1,52,Float64,false,0.001,5.772595595464562e-11,1.3158384223120859e-8,0.0471366333368186,true,true
qs_bias,1,52,Float64,false,0.0001,5.178863928268194e-11,1.315837142514582e-7,-1.0634544256842349,true,true
qs_bias,1,52,Float64,false,1.0e-5,5.993616151261778e-10,1.3158370138888485e-6,0.0,true,true
qs_bias,1,52,Float64,false,1.0e-6,5.993616151261778e-10,1.3158370010990041e-5,NaN,true,true
qs_bias,1,52,BigFloat128,false,0.001,1.6013277373295276e-12,3.482995302998971e-31,2.000000000032942,false,true
qs_bias,1,52,BigFloat128,false,0.0001,1.6013277372080637e-14,3.4829919155890864e-30,2.0000000000003295,false,true
qs_bias,1,52,BigFloat128,false,1.0e-5,1.6013277372068491e-16,3.4829915770268515e-29,1.9999999999990397,false,true
qs_bias,1,52,BigFloat128,false,1.0e-6,1.6013277372103902e-18,3.482991543172416e-28,NaN,false,true
qs_bias,1,57,Float64,true,0.001,1.7482901792931216e-9,3.496876105148852e-6,-1.8168250521928784,true,true
qs_bias,1,57,Float64,true,0.0001,1.1466703164764169e-7,3.4968760923520483e-5,-1.0678361826913583,true,true
qs_bias,1,57,Float64,true,1.0e-5,1.3405244911890435e-6,0.0003496876091073001,-0.7277165434923688,true,true
qs_bias,1,57,Float64,true,1.0e-6,7.161290582535784e-6,0.003496876090945103,NaN,true,true
qs_bias,1,57,BigFloat128,true,0.001,9.629649721936179e-32,9.256153979773035e-29,-1.0326691167533681,true,true
qs_bias,1,57,BigFloat128,true,0.0001,1.0381966106462443e-30,9.256153945900178e-28,-0.9473697813944213,true,true
qs_bias,1,57,BigFloat128,true,1.0e-5,9.197067800833577e-30,9.256153942514567e-27,-1.0295041147756667,true,true
qs_bias,1,57,BigFloat128,true,1.0e-6,9.843589693785836e-29,9.256153942176024e-26,NaN,true,true
qs_bias,1,58,Float64,true,0.001,5.5524124692458606e-9,2.6710649094597286e-6,-0.699465108952137,true,true
qs_bias,1,58,Float64,true,0.0001,2.7793729713958175e-8,2.6710648224240693e-5,-1.4623180231917705,true,true
qs_bias,1,58,Float64,true,1.0e-5,8.058697482795373e-7,0.00026710627428534826,-0.7705951356849156,true,true
qs_bias,1,58,Float64,true,1.0e-6,4.751820082877905e-6,0.002671064895255979,NaN,true,true
qs_bias,1,58,BigFloat128,true,0.001,9.935162770044563e-32,7.07024994552255e-29,-0.9400525212437838,true,true
qs_bias,1,58,BigFloat128,true,0.0001,8.654211563613206e-31,7.070249911649692e-28,-0.5644777086650401,true,true
qs_bias,1,58,BigFloat128,true,1.0e-5,3.174718454693449e-30,7.070249908264082e-27,-1.5335753384546007,true,true
qs_bias,1,58,BigFloat128,true,1.0e-6,1.0846273589696223e-28,7.070249907925539e-26,NaN,true,true
qs_bias,1,62,Float64,true,0.001,1.2729534093480765e-9,1.3992083599842225e-6,-0.5531719855941236,true,true
qs_bias,1,62,Float64,true,0.0001,4.549718157775828e-9,1.3992083471573934e-5,-2.2556830226302043,true,true
qs_bias,1,62,Float64,true,1.0e-5,8.197237474361074e-7,0.0001399208345878046,-0.7318216332936918,true,true
qs_bias,1,62,Float64,true,1.0e-6,4.420680726258119e-6,0.001399208345750145,NaN,true,true
qs_bias,1,62,BigFloat128,true,0.001,1.0327235413269175e-12,3.7036736905634124e-29,2.0000000000014744,false,true
qs_bias,1,62,BigFloat128,true,0.0001,1.032723541323412e-14,3.703673656611079e-28,1.9999999999998637,false,true
qs_bias,1,62,BigFloat128,true,1.0e-5,1.0327235413237363e-16,3.703673653224674e-27,2.00000000025057,false,true
qs_bias,1,62,BigFloat128,true,1.0e-6,1.0327235407278984e-18,3.7036736528861225e-26,NaN,false,true
qs_bias,1,63,Float64,false,0.001,6.795132362704718e-12,4.96816018724462e-8,0.0,true,true
qs_bias,1,63,Float64,false,0.0001,6.795132362704718e-12,4.968158908247768e-7,-3.483380165581477,true,true
qs_bias,1,63,Float64,false,1.0e-5,2.0681311995639992e-8,4.968158677635595e-6,-0.8449756602162439,true,true
qs_bias,1,63,Float64,false,1.0e-6,1.4472839522300874e-7,4.9681580485602194e-5,NaN,true,true
qs_bias,1,63,BigFloat128,false,0.001,1.406502018981481e-15,1.3150610518318368e-30,2.000000000000235,false,true
qs_bias,1,63,BigFloat128,false,0.0001,1.40650201898072e-17,1.3150607132841908e-29,2.0000000000005933,false,true
qs_bias,1,63,BigFloat128,false,1.0e-5,1.4065020189787977e-19,1.3150606794299008e-28,1.999999997158578,false,true
qs_bias,1,63,BigFloat128,false,1.0e-6,1.406502028181e-21,1.3150606760444767e-27,NaN,false,true
qs_bias,1,65,Float64,true,0.001,3.7258387763916545e-9,3.4968761051559137e-6,-1.030074239416035,true,true
qs_bias,1,65,Float64,true,0.0001,3.99299069087089e-8,3.496876092352119e-5,-0.9184879853383866,true,true
qs_bias,1,65,Float64,true,1.0e-5,3.3096821144829036e-7,0.0003496876091073002,-1.404502357089873,true,true
qs_bias,1,65,Float64,true,1.0e-6,8.400180925544065e-6,0.0034968760909451033,NaN,true,true
qs_bias,1,65,BigFloat128,true,0.001,2.8284824316817943e-14,9.256153979791726e-29,2.0000000000002327,false,true
qs_bias,1,65,BigFloat128,true,0.0001,2.82848243168028e-16,9.256153945900365e-28,2.000000000002507,false,true
qs_bias,1,65,BigFloat128,true,1.0e-5,2.828482431663952e-18,9.256153942514569e-27,2.0000000110294414,false,true
qs_bias,1,65,BigFloat128,true,1.0e-6,2.828482359831171e-20,9.256153942176024e-26,NaN,false,true
qs_bias,1,73,Float64,true,0.001,2.3288993486951173e-8,3.0605460596531256e-6,-0.6837784987403924,true,true
qs_bias,1,73,Float64,true,0.0001,1.1244216994436106e-7,3.060545773992735e-5,-1.2550373728263906,true,true
qs_bias,1,73,Float64,true,1.0e-5,2.0228635597082523e-6,0.00030605399257808594,-0.46072016500056084,true,true
qs_bias,1,73,Float64,true,1.0e-6,5.843684441057923e-6,0.00306052823185445,NaN,true,true
qs_bias,1,73,BigFloat128,true,0.001,1.765890184589786e-15,8.101198154654792e-29,2.000000000000417,false,true
qs_bias,1,73,BigFloat128,true,0.0001,1.7658901845880895e-17,8.101198120765577e-28,2.0000000000102625,false,true
qs_bias,1,73,BigFloat128,true,1.0e-5,1.7658901845463623e-19,8.101198117379803e-27,1.9999998689837606,false,true
qs_bias,1,73,BigFloat128,true,1.0e-6,1.7658907172732e-21,8.101198117041258e-26,NaN,false,true
qs_bias,1,76,Float64,true,0.001,1.0459335573216602e-8,1.96220273077856e-6,-1.1409209168395236,true,true
qs_bias,1,76,Float64,true,0.0001,1.446855014473178e-7,1.9622024340710314e-5,-1.0690344354736265,true,true
qs_bias,1,76,Float64,true,1.0e-5,1.6961312245303368e-6,0.00019621993885408874,0.033539484084531494,true,true
qs_bias,1,76,Float64,true,1.0e-6,1.5700734335858828e-6,0.0019622027165662847,NaN,true,true
qs_bias,1,76,BigFloat128,true,0.001,3.878597748552301e-14,5.193907381755642e-29,2.000000000000482,false,true
qs_bias,1,76,BigFloat128,true,0.0001,3.8785977485479984e-16,5.193907347860442e-28,2.0000000000045524,false,true
qs_bias,1,76,BigFloat128,true,1.0e-5,3.878597748507341e-18,5.193907344474609e-27,2.0000000018809905,false,true
qs_bias,1,76,BigFloat128,true,1.0e-6,3.878597731708591e-20,5.193907344136063e-26,NaN,false,true
qs_bias,1,77,Float64,true,0.001,1.0370507508294935e-8,3.496876105148877e-6,-1.284241722364899,true,true
qs_bias,1,77,Float64,true,0.0001,1.99545405477064e-7,3.496876092352049e-5,-0.5929550502870441,true,true
qs_bias,1,77,Float64,true,1.0e-5,7.816220146117381e-7,0.0003496876091073001,0.06461436402616992,true,true
qs_bias,1,77,Float64,true,1.0e-6,6.735695082249471e-7,0.0034968760909451033,NaN,true,true
qs_bias,1,77,BigFloat128,true,0.001,6.256716949035529e-13,9.2561539797731e-29,2.000000000000236,false,true
qs_bias,1,77,BigFloat128,true,0.0001,6.256716949032131e-15,9.256153945900178e-28,2.000000000000085,false,true
qs_bias,1,77,BigFloat128,true,1.0e-5,6.256716949030912e-17,9.256153942514567e-27,1.999999999876408,false,true
qs_bias,1,77,BigFloat128,true,1.0e-6,6.256716950811455e-19,9.256153942176024e-26,NaN,false,true
qs_bias,1,84,Float64,false,0.001,2.244884133989774e-11,6.106572145835123e-8,-2.003801989682478,true,true
qs_bias,1,84,Float64,false,0.0001,2.2646230334456027e-9,6.106570866970794e-7,-1.2832617755833067,true,true
qs_bias,1,84,Float64,false,1.0e-5,4.3476812447959594e-8,6.106570473578628e-6,-0.1998904159963043,true,true
qs_bias,1,84,Float64,false,1.0e-6,6.888871943646299e-8,6.10657030560925e-5,NaN,true,true
qs_bias,1,84,BigFloat128,false,0.001,3.488365650239513e-15,1.61639618825745e-30,2.00000000000023,false,true
qs_bias,1,84,BigFloat128,false,0.0001,3.488365650237664e-17,1.6163958497086005e-29,1.9999999999996596,false,true
qs_bias,1,84,BigFloat128,false,1.0e-5,3.488365650240398e-19,1.6163958158542984e-28,2.000000000471216,false,true
qs_bias,1,84,BigFloat128,false,1.0e-6,3.48836564645547e-21,1.6163958124688744e-27,NaN,false,true
qs_bias,1,85,Float64,true,0.001,1.9029290476701988e-8,3.4968761051561827e-6,-1.1312822755768266,true,true
qs_bias,1,85,Float64,true,0.0001,2.574570988622682e-7,3.496876092352122e-5,-0.378634525424566,true,true
qs_bias,1,85,Float64,true,1.0e-5,6.156578148397429e-7,0.0003496876091073002,-1.47315516748942,true,true
qs_bias,1,85,Float64,true,1.0e-6,1.8301831982037164e-5,0.003496876090945103,NaN,true,true
qs_bias,1,85,BigFloat128,true,0.001,1.272651363839812e-13,9.256153979792438e-29,2.000000000000239,false,true
qs_bias,1,85,BigFloat128,true,0.0001,1.272651363839112e-15,9.256153945900372e-28,2.0000000000012235,false,true
qs_bias,1,85,BigFloat128,true,1.0e-5,1.2726513638355266e-17,9.256153942514569e-27,1.9999999993861408,false,true
qs_bias,1,85,BigFloat128,true,1.0e-6,1.2726513656343726e-19,9.256153942176024e-26,NaN,false,true
qs_bias,1,89,Float64,true,0.001,4.114901866632355e-9,2.5424528220186842e-6,-1.2304053362140104,true,true
qs_bias,1,89,Float64,true,0.0001,6.994631167011157e-8,2.5424526313866834e-5,0.29020995229999974,true,true
qs_bias,1,89,Float64,true,1.0e-5,3.585542432106427e-8,0.0002542452807942833,-2.2456265155326705,true,true
qs_bias,1,89,Float64,true,1.0e-6,6.3122091717772466e-6,0.0025424367593210023,NaN,true,true
qs_bias,1,89,BigFloat128,true,0.001,1.567418466779675e-31,6.729816584654687e-29,-0.4703361220414867,true,true
qs_bias,1,89,BigFloat128,true,0.0001,4.629361347449101e-31,6.72981655078183e-28,-0.9032920668025708,true,true
qs_bias,1,89,BigFloat128,true,1.0e-5,3.7052127344810935e-30,6.72981654739622e-27,-0.3567392131301396,true,true
qs_bias,1,89,BigFloat128,true,1.0e-6,8.424659580553735e-30,6.729816547057677e-26,NaN,true,true
qs_bias,1,100,Float64,true,0.001,1.6138303807844278e-9,2.5636356878130897e-6,-1.8675627832493191,true,true
qs_bias,1,100,Float64,true,0.0001,1.1896540027166022e-7,2.563635675018147e-5,-1.0704480591968217,true,true
qs_bias,1,100,Float64,true,1.0e-5,1.3991643446985454e-6,0.00025636356737391175,-0.5168571621085655,true,true
qs_bias,1,100,Float64,true,1.0e-6,4.599661705196009e-6,0.00256363567361122,NaN,true,true
qs_bias,1,100,BigFloat128,true,0.001,4.3208904943798397e-13,6.785887163542779e-29,2.00000000000005,false,true
qs_bias,1,100,BigFloat128,true,0.0001,4.32089049437934e-15,6.785887129677749e-28,2.0000000000003157,false,true
qs_bias,1,100,BigFloat128,true,1.0e-5,4.320890494376199e-17,6.785887126292217e-27,1.9999999998254823,false,true
qs_bias,1,100,BigFloat128,true,1.0e-6,4.320890496112514e-19,6.785887125953675e-26,NaN,false,true
qs_bias,1,108,Float64,true,0.001,1.8299374976328583e-8,2.448939109898259e-6,-0.7368142892885626,true,true
qs_bias,1,108,Float64,true,0.0001,9.982758059312677e-8,2.4489390970988578e-5,-1.1844665131020404,true,true
qs_bias,1,108,Float64,true,1.0e-5,1.5265711790425978e-6,0.0002448939095819784,-0.47790854573619657,true,true
qs_bias,1,108,Float64,true,1.0e-6,4.588023192319377e-6,0.0024489278599025186,NaN,true,true
qs_bias,1,108,BigFloat128,true,0.001,5.855893847447321e-14,6.482287849698275e-29,2.0000000000002354,false,true
qs_bias,1,108,BigFloat128,true,0.0001,5.855893847444145e-16,6.4822878158185415e-28,1.9999999999979081,false,true
qs_bias,1,108,BigFloat128,true,1.0e-5,5.85589384747235e-18,6.482287812432862e-27,2.000000000366391,false,true
qs_bias,1,108,BigFloat128,true,1.0e-6,5.855893842532048e-20,6.482287812094318e-26,NaN,false,true
qs_bias,1,118,Float64,false,0.001,6.413041411691766e-11,6.21463041425701e-8,-1.4013303987376946,true,true
qs_bias,1,118,Float64,false,0.0001,1.6158254458951141e-9,6.214629135255641e-7,-1.5133625846573069,true,true
qs_bias,1,118,Float64,false,1.0e-5,5.2693497763459644e-8,6.214628679887164e-6,0.016296723081694026,true,true
qs_bias,1,118,Float64,false,1.0e-6,5.0752834785538e-8,6.214628994567932e-5,NaN,true,true
qs_bias,1,118,BigFloat128,false,0.001,4.155197949389676e-15,1.6449989737138462e-30,2.0000000000002327,false,true
qs_bias,1,118,BigFloat128,false,0.0001,4.155197949387449e-17,1.6449986351650097e-29,2.0000000000019824,false,true
qs_bias,1,118,BigFloat128,false,1.0e-5,4.15519794936848e-19,1.644998601310708e-28,2.000000001710566,false,true
qs_bias,1,118,BigFloat128,false,1.0e-6,4.155197933002303e-21,1.6449985979252838e-27,NaN,false,true
qs_bias,1,135,Float64,true,0.001,4.213424387167208e-9,3.496876105148852e-6,-1.400985332223536,true,true
qs_bias,1,135,Float64,true,0.0001,1.0607683098573517e-7,3.4968760923520483e-5,-1.0782618455977768,true,true
qs_bias,1,135,Float64,true,1.0e-5,1.2702300492550833e-6,0.0003496876091073001,0.0,true,true
qs_bias,1,135,Float64,true,1.0e-6,1.2702300492550833e-6,0.003496876090945103,NaN,true,true
qs_bias,1,135,BigFloat128,true,0.001,0.0,9.256153979773035e-29,NaN,true,true
qs_bias,1,135,BigFloat128,true,0.0001,1.3842621475283258e-30,9.256153945900178e-28,-0.2792502213407392,true,true
qs_bias,1,135,BigFloat128,true,1.0e-5,2.633107345841924e-30,9.256153942514567e-27,-1.7881178453448332,true,true
qs_bias,1,135,BigFloat128,true,1.0e-6,1.6165398312508098e-28,9.256153942176024e-26,NaN,true,true
qs_bias,1,141,Float64,false,0.001,1.414236062635348e-10,6.141684032449989e-8,-0.9931353801515562,true,true
qs_bias,1,141,Float64,false,0.0001,1.3920578624625399e-9,6.141682754317487e-7,-0.653980618220566,true,true
qs_bias,1,141,Float64,false,1.0e-5,6.275349317092785e-9,6.14168258787835e-6,-1.2869911738100306,true,true
qs_bias,1,141,Float64,false,1.0e-6,1.2151477291423843e-7,6.141682613629782e-5,NaN,true,true
qs_bias,1,141,BigFloat128,false,0.001,4.340292500899256e-15,1.6256902274520265e-30,2.0000000000002323,false,true
qs_bias,1,141,BigFloat128,false,0.0001,4.340292500896934e-17,1.6256898889032667e-29,2.0000000000019575,false,true
qs_bias,1,141,BigFloat128,false,1.0e-5,4.340292500877372e-19,1.6256898550489654e-28,2.0000000022435556,false,true
qs_bias,1,141,BigFloat128,false,1.0e-6,4.340292478455518e-21,1.625689851663541e-27,NaN,false,true
qs_bias,1,142,Float64,true,0.001,2.0327873828662746e-8,3.4968761051559104e-6,-0.23448189331438696,true,true
qs_bias,1,142,Float64,true,0.0001,3.48797890570296e-8,3.496876092352119e-5,-1.4800664017247784,true,true
qs_bias,1,142,Float64,true,1.0e-5,1.0535138550427092e-6,0.0003496876091073002,-1.3888408914617147,true,true
qs_bias,1,142,Float64,true,1.0e-6,2.5791769743266357e-5,0.003496876090945103,NaN,true,true
qs_bias,1,142,BigFloat128,true,0.001,5.185843632708457e-15,9.256153979791718e-29,2.0000000000002114,false,true
qs_bias,1,142,BigFloat128,true,0.0001,5.185843632705935e-17,9.256153945900365e-28,2.0000000000117595,false,true
qs_bias,1,142,BigFloat128,true,1.0e-5,5.185843632565515e-19,9.256153942514569e-27,2.000000008766199,false,true
qs_bias,1,142,BigFloat128,true,1.0e-6,5.185843527889682e-21,9.256153942176024e-26,NaN,false,true
qs_bias,1,146,Float64,true,0.001,1.915610225999842e-9,3.496876105148874e-6,-1.6681896390856497,true,true
qs_bias,1,146,Float64,true,0.0001,8.922710159620095e-8,3.4968760923520483e-5,-0.9616310994529174,true,true
qs_bias,1,146,Float64,true,1.0e-5,8.168228631255658e-7,0.0003496876091073001,-0.6379477289652812,true,true
qs_bias,1,146,Float64,true,1.0e-6,3.548751705495512e-6,0.003496876090945103,NaN,true,true
qs_bias,1,146,BigFloat128,true,0.001,5.630465485153403e-13,9.256153979773093e-29,2.0000000000002363,false,true
qs_bias,1,146,BigFloat128,true,0.0001,5.630465485150342e-15,9.256153945900178e-28,1.9999999999998062,false,true
qs_bias,1,146,BigFloat128,true,1.0e-5,5.630465485152854e-17,9.256153942514567e-27,2.000000000036269,false,true
qs_bias,1,146,BigFloat128,true,1.0e-6,5.630465484682635e-19,9.256153942176024e-26,NaN,false,true
qs_bias,1,149,Float64,true,0.001,5.17588860660112e-10,3.496876105148852e-6,-2.353951839200929,true,true
qs_bias,1,149,Float64,true,0.0001,1.1693291068759493e-7,3.4968760923520483e-5,-1.0586032866466075,true,true
qs_bias,1,149,Float64,true,1.0e-5,1.3382586121490903e-6,0.0003496876091073001,0.0,true,true
qs_bias,1,149,Float64,true,1.0e-6,1.3382586121490903e-6,0.003496876090945103,NaN,true,true
qs_bias,1,149,BigFloat128,true,0.001,9.629649721936179e-32,9.256153979773035e-29,-1.0571428861365688,true,true
qs_bias,1,149,BigFloat128,true,0.0001,1.0983819214083454e-30,9.256153945900178e-28,-0.5236217642501185,true,true
qs_bias,1,149,BigFloat128,true,1.0e-5,3.667542374565537e-30,9.256153942514567e-27,-1.579856851990502,true,true
qs_bias,1,149,BigFloat128,true,1.0e-6,1.3939012012050685e-28,9.256153942176024e-26,NaN,true,true
qs_bias,1,169,Float64,true,0.001,3.976829310303742e-9,2.878754707589092e-6,-0.6034004561670983,true,true
qs_bias,1,169,Float64,true,0.0001,1.5956491572488574e-8,2.878754694790754e-5,-0.9298123911292081,true,true
qs_bias,1,169,Float64,true,1.0e-5,1.3575311330615847e-7,0.00028787546935116914,-1.797767098115149,true,true
qs_bias,1,169,Float64,true,1.0e-6,8.521516640769278e-6,0.0028787546933837925,NaN,true,true
qs_bias,1,169,BigFloat128,true,0.001,7.933910557887451e-13,7.620000263723064e-29,2.000000000000348,false,true
qs_bias,1,169,BigFloat128,true,0.0001,7.933910557881091e-15,7.620000229846144e-28,2.000000000000173,false,true
qs_bias,1,169,BigFloat128,true,1.0e-5,7.933910557877925e-17,7.620000226460494e-27,2.0000000000010414,false,true
qs_bias,1,169,BigFloat128,true,1.0e-6,7.9339105578588965e-19,7.62000022612195e-26,NaN,false,true
qs_bias,1,177,Float64,true,0.001,7.48498002467457e-9,3.4968761051545534e-6,-0.6891576449385887,true,true
qs_bias,1,177,Float64,true,0.0001,3.6588810481408274e-8,3.496876092352105e-5,-1.111647127667895,true,true
qs_bias,1,177,Float64,true,1.0e-5,4.7314626733241383e-7,0.0003496876091073002,-1.3123666621878005,true,true
qs_bias,1,177,Float64,true,1.0e-6,9.713194392524382e-6,0.0034968760909451038,NaN,true,true
qs_bias,1,177,BigFloat128,true,0.001,5.916951663635214e-14,9.256153979788126e-29,2.000000000000242,false,true
qs_bias,1,177,BigFloat128,true,0.0001,5.916951663631919e-16,9.256153945900329e-28,1.9999999999997673,false,true
qs_bias,1,177,BigFloat128,true,1.0e-5,5.9169516636350885e-18,9.256153942514569e-27,1.999999995827795,false,true
qs_bias,1,177,BigFloat128,true,1.0e-6,5.916951720478397e-20,9.256153942176024e-26,NaN,false,true
qs_bias,1,184,Float64,false,0.001,2.867763824263072e-11,2.8550000997727743e-8,-1.507087039506236,true,true
qs_bias,1,184,Float64,false,0.0001,9.217866657823751e-10,2.8549988208669367e-7,-0.5536133218528316,true,true
qs_bias,1,184,Float64,false,1.0e-5,3.2979475418704204e-9,2.8549986929691367e-6,-1.5868945880176761,true,true
qs_bias,1,184,Float64,false,1.0e-6,1.2739087814926654e-7,2.854998316478577e-5,NaN,true,true
qs_bias,1,184,BigFloat128,false,0.001,3.4193485598298913e-15,7.557122340597493e-31,2.000000000000235,false,true
qs_bias,1,184,BigFloat128,false,0.0001,3.4193485598280414e-17,7.557118955145233e-30,2.0000000000004845,false,true
qs_bias,1,184,BigFloat128,false,1.0e-5,3.4193485598242263e-19,7.557118616602573e-29,2.000000001406019,false,true
qs_bias,1,184,BigFloat128,false,1.0e-6,3.4193485487541594e-21,7.557118582748334e-28,NaN,false,true
qs_bias,1,214,Float64,true,0.001,1.0658829359532165e-8,3.222339373359098e-6,-0.7234806621173842,true,true
qs_bias,1,214,Float64,true,0.0001,5.638845191107441e-8,3.222339178855657e-5,-1.1837903451030294,true,true
qs_bias,1,214,Float64,true,1.0e-5,8.60955127249534e-7,0.0003222336584989705,-1.0756361676496042,true,true
qs_bias,1,214,Float64,true,1.0e-6,1.0247470679799462e-5,0.003222306338323297,NaN,true,true
qs_bias,1,214,BigFloat128,true,0.001,8.155648103733444e-14,8.529461301467821e-29,2.0000000000002034,false,true
qs_bias,1,214,BigFloat128,true,0.0001,8.155648103729624e-16,8.529461267585304e-28,2.000000000009941,false,true
qs_bias,1,214,BigFloat128,true,1.0e-5,8.155648103542938e-18,8.529461264199597e-27,2.000000002280459,false,true
qs_bias,1,214,BigFloat128,true,1.0e-6,8.155648060718028e-20,8.529461263861053e-26,NaN,false,true
qs_bias,1,215,Float64,true,0.001,1.0089856727901747e-9,3.4968761051488707e-6,-2.2356997363759805,true,true
qs_bias,1,215,Float64,true,0.0001,1.7361399706761205e-7,3.496876092352049e-5,-1.0307805813954245,true,true
qs_bias,1,215,Float64,true,1.0e-5,1.8636541349592584e-6,0.0003496876091073001,-0.32701302046342806,true,true
qs_bias,1,215,Float64,true,1.0e-6,3.9571119564429935e-6,0.003496876090945103,NaN,true,true
qs_bias,1,215,BigFloat128,true,0.001,4.699431849846217e-13,9.256153979773083e-29,2.0000000000002363,false,true
qs_bias,1,215,BigFloat128,true,0.0001,4.699431849843663e-15,9.256153945900178e-28,1.999999999999944,false,true
qs_bias,1,215,BigFloat128,true,1.0e-5,4.6994318498442684e-17,9.256153942514567e-27,1.9999999996921816,false,true
qs_bias,1,215,BigFloat128,true,1.0e-6,4.699431853175123e-19,9.256153942176024e-26,NaN,false,true
qs_bias,1,237,Float64,true,0.001,8.63277427320952e-9,3.1540835631878137e-6,-1.005287874299891,true,true
qs_bias,1,237,Float64,true,0.0001,8.738527546015007e-8,3.154083550384879e-5,-1.4238074530232807,true,true
qs_bias,1,237,Float64,true,1.0e-5,2.318706142978577e-6,0.000315408354910577,-0.4310740191259384,true,true
qs_bias,1,237,Float64,true,1.0e-6,6.256331203213783e-6,0.0031540835489778716,NaN,true,true
qs_bias,1,237,BigFloat128,true,0.001,1.0753213540038042e-13,8.348789676291623e-29,2.0000000000002887,false,true
qs_bias,1,237,BigFloat128,true,0.0001,1.075321354003089e-15,8.348789642402536e-28,2.0000000000016644,false,true
qs_bias,1,237,BigFloat128,true,1.0e-5,1.0753213539989678e-17,8.348789639016764e-27,1.9999999984690804,false,true
qs_bias,1,237,BigFloat128,true,1.0e-6,1.0753213577895538e-19,8.34878963867822e-26,NaN,false,true
qs_bias,1,238,Float64,true,0.001,1.03532676876128e-8,3.4968761051488694e-6,-0.38121229275079743,true,true
qs_bias,1,238,Float64,true,0.0001,2.490518291597965e-8,3.4968760923520483e-5,-1.4504743948777605,true,true
qs_bias,1,238,Float64,true,1.0e-5,7.026905784468518e-7,0.0003496876091073001,-0.029742918643101045,true,true
qs_bias,1,238,Float64,true,1.0e-6,7.525009443343222e-7,0.003496876090945103,NaN,true,true
qs_bias,1,238,BigFloat128,true,0.001,4.665253318239561e-13,9.256153979773081e-29,2.0000000000002354,false,true
qs_bias,1,238,BigFloat128,true,0.0001,4.6652533182370316e-15,9.256153945900178e-28,2.0000000000000147,false,true
qs_bias,1,238,BigFloat128,true,1.0e-5,4.6652533182368724e-17,9.256153942514567e-27,2.0000000001924163,false,true
qs_bias,1,238,BigFloat128,true,1.0e-6,4.665253316169909e-19,9.256153942176024e-26,NaN,false,true
qs_bias,1,241,Float64,true,0.001,5.86850151806928e-9,3.496876105148852e-6,-0.5976216038303109,true,true
qs_bias,1,241,Float64,true,0.0001,2.3235328938664424e-8,3.4968760923520483e-5,-1.7084440305952373,true,true
qs_bias,1,241,Float64,true,1.0e-5,1.1873885472218904e-6,0.0003496876091073001,-0.7710108205100249,true,true
qs_bias,1,241,Float64,true,1.0e-6,7.008154638554753e-6,0.003496876090945103,NaN,true,true
qs_bias,1,241,BigFloat128,true,0.001,4.8148248609680896e-32,9.256153979773035e-29,-1.4060076304200706,true,true
qs_bias,1,241,BigFloat128,true,0.0001,1.2262757067778103e-30,9.256153945900178e-28,-1.3295476081138462,true,true
qs_bias,1,241,BigFloat128,true,1.0e-5,2.6190014136320566e-29,9.256153942514567e-27,0.6995551755207597,true,true
qs_bias,1,241,BigFloat128,true,1.0e-6,5.2309498611591794e-30,9.256153942176024e-26,NaN,true,true
qs_bias,1,242,Float64,false,0.001,2.2441103067374784e-9,1.3219353637805255e-6,-0.5379894241734471,true,true
qs_bias,1,242,Float64,false,0.0001,7.745217615668572e-9,1.3219353437116134e-5,-1.1819912901837433,true,true
qs_bias,1,242,Float64,false,1.0e-5,1.1776735326853993e-7,0.00013219351969904155,-1.4317976858384696,true,true
qs_bias,1,242,Float64,false,1.0e-6,3.1828971149485354e-6,0.001321935352543345,NaN,true,true
qs_bias,1,242,BigFloat128,false,0.001,9.689813663189666e-32,3.499133780548393e-29,0.7238842871766735,true,true
qs_bias,1,242,BigFloat128,false,0.0001,1.8299159323785474e-32,3.499133746675536e-28,-2.858381129518732,true,true
qs_bias,1,242,BigFloat128,false,1.0e-5,1.3207246023379918e-29,3.499133743289926e-27,-0.08949295666629652,true,true
qs_bias,1,242,BigFloat128,false,1.0e-6,1.6229503151565845e-29,3.499133742951382e-26,NaN,true,true
qs_bias,1,260,Float64,true,0.001,4.608244494604324e-9,1.2218104734031232e-6,-1.3629862741888716,true,true
qs_bias,1,260,Float64,true,0.0001,1.0629719076897668e-7,1.2218104606073609e-5,-0.7246783423577525,true,true
qs_bias,1,260,Float64,true,1.0e-5,5.638974484311136e-7,0.0001221810459328324,-0.8521704323759214,true,true
qs_bias,1,260,Float64,true,1.0e-6,4.012089031839813e-6,0.0012218055571880835,NaN,true,true
qs_bias,1,260,BigFloat128,true,0.001,5.206119256182106e-14,3.23410539460239e-29,2.0000000000003344,false,true
qs_bias,1,260,BigFloat128,true,0.0001,5.206119256178097e-16,3.2341053607324566e-28,1.9999999999989873,false,true
qs_bias,1,260,BigFloat128,true,1.0e-5,5.206119256190238e-18,3.234105357346876e-27,2.00000000581794,false,true
qs_bias,1,260,BigFloat128,true,1.0e-6,5.2061191864474934e-20,3.2341053570083323e-26,NaN,false,true
qs_bias,1,261,Float64,true,0.001,2.4684183383007168e-9,2.905270701728025e-6,-1.3708714917702987,true,true
qs_bias,1,261,Float64,true,0.0001,5.798160807035856e-8,2.9052705204801316e-5,-0.9743147597305851,true,true
qs_bias,1,261,Float64,true,1.0e-5,5.465186862730378e-7,0.00029052706876533626,-1.3203471280703254,true,true
qs_bias,1,261,Float64,true,1.0e-6,1.142752404496778e-5,0.002905270687525465,NaN,true,true
qs_bias,1,261,BigFloat128,true,0.001,3.638286809791363e-13,7.690187515798012e-29,2.00000000000008,false,true
qs_bias,1,261,BigFloat128,true,0.0001,3.638286809790695e-15,7.69018748193104e-28,1.9999999999997737,false,true
qs_bias,1,261,BigFloat128,true,1.0e-5,3.63828680979259e-17,7.690187478545489e-27,2.0000000000538205,false,true
qs_bias,1,261,BigFloat128,true,1.0e-6,3.6382868093417115e-19,7.690187478206945e-26,NaN,false,true
qs_bias,1,264,Float64,true,0.001,6.049543835467862e-10,2.2201136727205114e-6,-1.7787842542636962,true,true
qs_bias,1,264,Float64,true,0.0001,3.635020649222918e-8,2.220113579222118e-5,-1.286295847983085,true,true
qs_bias,1,264,Float64,true,1.0e-5,7.027530355979306e-7,0.00022201136586446604,-0.5598244951661362,true,true
qs_bias,1,264,Float64,true,1.0e-6,2.550511143861287e-6,0.0022201136585167625,NaN,true,true
qs_bias,1,264,BigFloat128,true,0.001,9.709266894101946e-32,5.876591960762578e-29,-1.3404606425311125,true,true
qs_bias,1,264,BigFloat128,true,0.0001,2.126410371823883e-30,5.876591926889721e-28,-0.9229571582777625,true,true
qs_bias,1,264,BigFloat128,true,1.0e-5,1.7807552779048803e-29,5.87659192350411e-27,-0.4997577819823038,true,true
qs_bias,1,264,BigFloat128,true,1.0e-6,5.62810280978909e-29,5.876591923165567e-26,NaN,true,true
qs_bias,1,265,Float64,true,0.001,7.140957714035778e-9,3.496876105148852e-6,-0.7054891045427364,true,true
qs_bias,1,265,Float64,true,0.0001,3.624478817076948e-8,3.4968760923520483e-5,-1.4930282767685967,true,true
qs_bias,1,265,Float64,true,1.0e-5,1.127908430209601e-6,0.0003496876091073001,4.274844372471e-11,true,true
qs_bias,1,265,Float64,true,1.0e-6,1.1279084300985787e-6,0.003496876090945103,NaN,true,true
qs_bias,1,265,BigFloat128,true,0.001,0.0,9.256153979773035e-29,NaN,true,true
qs_bias,1,265,BigFloat128,true,0.0001,1.4444474582904269e-30,9.256153945900178e-28,0.38021124171160603,true,true
qs_bias,1,265,BigFloat128,true,1.0e-5,6.018531076210112e-31,9.256153942514567e-27,-1.6409780573583321,true,true
qs_bias,1,265,BigFloat128,true,1.0e-6,2.633107345841924e-29,9.256153942176024e-26,NaN,true,true
qs_bias,1,273,Float64,true,0.001,2.4856297020647844e-9,3.496876105148852e-6,-1.0297422663046705,true,true
qs_bias,1,273,Float64,true,0.0001,2.661820075466892e-8,3.4968760923520483e-5,-1.6506497059440983,true,true
qs_bias,1,273,Float64,true,1.0e-5,1.190771419024017e-6,0.0003496876091073001,-0.15960197067526988,true,true
qs_bias,1,273,Float64,true,1.0e-6,1.7196116266493533e-6,0.003496876090945103,NaN,true,true
qs_bias,1,273,BigFloat128,true,0.001,9.629649721936179e-32,9.256153979773035e-29,-0.36991128507179405,true,true
qs_bias,1,273,BigFloat128,true,0.0001,2.256949153578792e-31,9.256153945900178e-28,-1.3204924754334133,true,true
qs_bias,1,273,BigFloat128,true,1.0e-5,4.7207853129023066e-30,9.256153942514567e-27,-1.225510068694062,true,true
qs_bias,1,273,BigFloat128,true,1.0e-6,7.934586868050441e-29,9.256153942176024e-26,NaN,true,true
qs_bias,1,283,Float64,true,0.001,2.2266699609327557e-9,1.4379743489866944e-6,-1.2336180804052215,true,true
qs_bias,1,283,Float64,true,0.0001,3.8130625598691995e-8,1.4379743361747096e-5,0.0,true,true
qs_bias,1,283,Float64,true,1.0e-5,3.8130625598691995e-8,0.000143797433489551,-1.889115527926346,true,true
qs_bias,1,283,Float64,true,1.0e-6,2.9538569447433878e-6,0.0014379700871971351,NaN,true,true
qs_bias,1,283,BigFloat128,true,0.001,2.271899533685892e-13,3.8062864090571374e-29,2.000000000001125,false,true
qs_bias,1,283,BigFloat128,true,0.0001,2.2718995336800075e-15,3.806286375144095e-28,1.9999999999998725,false,true
qs_bias,1,283,BigFloat128,true,1.0e-5,2.2718995336806744e-17,3.8062863717580834e-27,2.0000000000918234,false,true
qs_bias,1,283,BigFloat128,true,1.0e-6,2.2718995332003247e-19,3.8062863714195354e-26,NaN,false,true
qs_bias,1,284,Float64,true,0.001,4.5136987480987045e-9,3.496876105148867e-6,-0.34712398711323617,true,true
qs_bias,1,284,Float64,true,0.0001,1.0038216480268147e-8,3.496876092352049e-5,-1.7707493779488495,true,true
qs_bias,1,284,Float64,true,1.0e-5,5.921148255594311e-7,0.0003496876091073001,-0.9459837415250881,true,true
qs_bias,1,284,Float64,true,1.0e-6,5.2286512657317985e-6,0.0034968760909451033,NaN,true,true
qs_bias,1,284,BigFloat128,true,0.001,4.648862971257832e-13,9.256153979773075e-29,2.0000000000002363,false,true
qs_bias,1,284,BigFloat128,true,0.0001,4.648862971255303e-15,9.256153945900178e-28,2.000000000000471,false,true
qs_bias,1,284,BigFloat128,true,1.0e-5,4.6488629712502606e-17,9.256153942514567e-27,1.9999999997554498,false,true
qs_bias,1,284,BigFloat128,true,1.0e-6,4.648862973868024e-19,9.256153942176024e-26,NaN,false,true
qs_bias,1,287,Float64,true,0.001,4.317529250785768e-9,3.496876105148852e-6,-0.7589764344413682,true,true
qs_bias,1,287,Float64,true,0.0001,2.4786301205947936e-8,3.4968760923520483e-5,-1.5343523921657227,true,true
qs_bias,1,287,Float64,true,1.0e-5,8.483286124683076e-7,0.0003496876091073001,-0.8955027694658814,true,true
qs_bias,1,287,Float64,true,1.0e-6,6.669094703842804e-6,0.003496876090945103,NaN,true,true
qs_bias,1,287,BigFloat128,true,0.001,1.2037062152420224e-31,9.256153979773035e-29,-0.9557478644366418,true,true
qs_bias,1,287,BigFloat128,true,0.0001,1.0870971756404515e-30,9.256153945900178e-28,-0.06252343161608379,true,true
qs_bias,1,287,BigFloat128,true,1.0e-5,1.255427966678203e-30,9.256153942514567e-27,-2.037661466427721,true,true
qs_bias,1,287,BigFloat128,true,1.0e-6,1.3691570451202594e-28,9.256153942176024e-26,NaN,true,true
qs_bias,1,296,Float64,true,0.001,4.172835965654542e-9,3.496876105148852e-6,-1.299371683499649,true,true
qs_bias,1,296,Float64,true,0.0001,8.313865540454657e-8,3.4968760923520483e-5,-1.1140285481232495,true,true
qs_bias,1,296,Float64,true,1.0e-5,1.0810145627537793e-6,0.0003496876091073001,-0.5672934482414655,true,true
qs_bias,1,296,Float64,true,1.0e-6,3.991397608538172e-6,0.003496876090945103,NaN,true,true
qs_bias,1,296,BigFloat128,true,0.001,1.9259299443872359e-31,9.256153979773035e-29,-0.1480625354554377,true,true
qs_bias,1,296,BigFloat128,true,0.0001,2.7083389842945504e-31,9.256153945900178e-28,-1.7235924792443509,true,true
qs_bias,1,296,BigFloat128,true,1.0e-5,1.433162712522533e-29,9.256153942514567e-27,0.46282566359762484,true,true
qs_bias,1,296,BigFloat128,true,1.0e-6,4.9370762734536075e-30,9.256153942176024e-26,NaN,true,true
qs_bias,1,307,Float64,true,0.001,3.746380983216113e-10,3.4968761051488656e-6,-2.1885639523081624,true,true
qs_bias,1,307,Float64,true,0.0001,5.7833022815145796e-8,3.4968760923520483e-5,-1.0637450898644951,true,true
qs_bias,1,307,Float64,true,1.0e-5,6.697627386031968e-7,0.0003496876091073001,-1.3598291763398096,true,true
qs_bias,1,307,Float64,true,1.0e-6,1.533734401260034e-5,0.0034968760909451033,NaN,true,true
qs_bias,1,307,BigFloat128,true,0.001,4.018399247007781e-13,9.256153979773071e-29,2.0000000000002363,false,true
qs_bias,1,307,BigFloat128,true,0.0001,4.018399247005597e-15,9.256153945900178e-28,1.9999999999996947,false,true
qs_bias,1,307,BigFloat128,true,1.0e-5,4.018399247008423e-17,9.256153942514567e-27,2.0000000002089977,false,true
qs_bias,1,307,BigFloat128,true,1.0e-6,4.018399245074627e-19,9.256153942176024e-26,NaN,false,true
qs_bias,1,330,Float64,true,0.001,6.891923254315202e-9,3.418904634715219e-6,-0.9695009218000742,true,true
qs_bias,1,330,Float64,true,0.0001,6.424529896964515e-8,3.418904621918242e-5,-1.0818062559526151,true,true
qs_bias,1,330,Float64,true,1.0e-5,7.756175197659587e-7,0.00034189046206391927,-0.6535032045436032,true,true
qs_bias,1,330,Float64,true,1.0e-6,3.4926158050119227e-6,0.003418904620511295,NaN,true,true
qs_bias,1,330,BigFloat128,true,0.001,3.8653649252340937e-13,9.049765216013185e-29,2.000000000000247,false,true
qs_bias,1,330,BigFloat128,true,0.0001,3.865364925231897e-15,9.04976518213987e-28,1.9999999999995781,false,true
qs_bias,1,330,BigFloat128,true,1.0e-5,3.8653649252356515e-17,9.049765178754256e-27,1.9999999997620834,false,true
qs_bias,1,330,BigFloat128,true,1.0e-6,3.865364927353187e-19,9.049765178415712e-26,NaN,false,true
qs_bias,1,331,Float64,false,0.001,1.3554597711656274e-9,3.0557714666975344e-7,-0.9233238097045118,true,true
qs_bias,1,331,Float64,false,0.0001,1.1360839969344958e-8,3.0557713040740727e-6,-0.900611723896207,true,true
qs_bias,1,331,Float64,false,1.0e-5,9.036955968483159e-8,3.055771326000336e-5,-1.0110264481894111,true,true
qs_bias,1,331,Float64,false,1.0e-6,9.269335774530673e-7,0.0003055768492224312,NaN,true,true
qs_bias,1,331,BigFloat128,false,0.001,6.103166139985693e-16,8.088559723663775e-30,2.0000000000003113,false,true
qs_bias,1,331,BigFloat128,false,0.0001,6.1031661399813166e-18,8.088559385095885e-29,1.9999999999989087,false,true
qs_bias,1,331,BigFloat128,false,1.0e-5,6.103166139996653e-20,8.088559351241392e-28,1.9999999718552592,false,true
qs_bias,1,331,BigFloat128,false,1.0e-6,6.103166535516379e-22,8.088559347855968e-27,NaN,false,true
qs_bias,1,334,Float64,true,0.001,7.660517109542297e-9,3.496876105148852e-6,-1.0933375357178066,true,true
qs_bias,1,334,Float64,true,0.0001,9.497200847974341e-8,3.4968760923520483e-5,-0.9134637395095626,true,true
qs_bias,1,334,Float64,true,1.0e-5,7.781429052777789e-7,0.0003496876091073001,-0.4377767527709684,true,true
qs_bias,1,334,Float64,true,1.0e-6,2.1322401404511027e-6,0.003496876090945103,NaN,true,true
qs_bias,1,334,BigFloat128,true,0.001,1.4444474582904269e-31,9.256153979773035e-29,0.05285230732527568,true,true
qs_bias,1,334,BigFloat128,true,0.0001,1.2789378536946488e-31,9.256153945900178e-28,-1.6970497603149268,true,true
qs_bias,1,334,BigFloat128,true,1.0e-5,6.366477404053509e-30,9.256153942514567e-27,-0.2829368918800895,true,true
qs_bias,1,334,BigFloat128,true,1.0e-6,1.2213386305043567e-29,9.256153942176024e-26,NaN,true,true
qs_bias,1,342,Float64,true,0.001,4.087244603608257e-9,2.2650922010664105e-6,0.0,true,true
qs_bias,1,342,Float64,true,0.0001,4.087244603608257e-9,2.265092188269607e-5,-2.1378961616224545,true,true
qs_bias,1,342,Float64,true,1.0e-5,5.614703030032651e-7,0.0002265090915208563,-2.764586055678083e-10,true,true
qs_bias,1,342,Float64,true,1.0e-6,5.6147030336068e-7,0.002265090915080664,NaN,true,true
qs_bias,1,342,BigFloat128,true,0.001,5.111367084787375e-32,5.99564913397504e-29,-0.8668130130798232,true,true
qs_bias,1,342,BigFloat128,true,0.0001,3.761404891764125e-31,5.995649100102182e-28,-1.8055863977797852,true,true
qs_bias,1,342,BigFloat128,true,1.0e-5,2.4040111786773287e-29,5.995649096716572e-27,-0.82359272599373,true,true
qs_bias,1,342,BigFloat128,true,1.0e-6,1.6015083553751029e-28,5.995649096378028e-26,NaN,true,true
qs_bias,1,353,Float64,true,0.001,6.824841358721301e-9,3.1457759364447393e-6,-0.6845073397776683,true,true
qs_bias,1,353,Float64,true,0.0001,3.3006532396129273e-8,3.1457759236471375e-5,0.0,true,true
qs_bias,1,353,Float64,true,1.0e-5,3.3006532396129273e-8,0.0003145775922368083,-2.071823605669364,true,true
qs_bias,1,353,Float64,true,1.0e-6,3.894247109670346e-6,0.0031457759222401844,NaN,true,true
qs_bias,1,353,BigFloat128,true,0.001,4.622117869710943e-13,8.32679957140139e-29,2.0000000000002918,false,true
qs_bias,1,353,BigFloat128,true,0.0001,4.622117869707839e-15,8.32679953752642e-28,2.0000000000000484,false,true
qs_bias,1,353,BigFloat128,true,1.0e-5,4.6221178697073257e-17,8.326799534140788e-27,1.999999999975717,false,true
qs_bias,1,353,BigFloat128,true,1.0e-6,4.622117869965766e-19,8.326799533802245e-26,NaN,false,true
qs_bias,1,356,Float64,true,0.001,5.550038919851871e-9,2.6579065692833757e-6,-0.8433302733373936,true,true
qs_bias,1,356,Float64,true,0.0001,3.86924564079775e-8,2.6579065712380572e-5,-1.3931779676311422,true,true
qs_bias,1,356,Float64,true,1.0e-5,9.567627746364954e-7,0.0002657904026972945,-0.3336574469484632,true,true
qs_bias,1,356,Float64,true,1.0e-6,2.062821819723469e-6,0.0026579010870434443,NaN,true,true
qs_bias,1,356,BigFloat128,true,0.001,1.2340738469429284e-31,7.035420148130184e-29,-0.6644003920412317,true,true
qs_bias,1,356,BigFloat128,true,0.0001,5.698250544643763e-31,7.0354201142573255e-28,-1.6397272225605368,true,true
qs_bias,1,356,BigFloat128,true,1.0e-5,2.4858147648632165e-29,7.035420110871715e-27,-0.16380611260721475,true,true
qs_bias,1,356,BigFloat128,true,1.0e-6,3.624723436529561e-29,7.035420110533172e-26,NaN,true,true
qs_bias,1,357,Float64,true,0.001,8.704777787471585e-9,3.496876105148852e-6,-0.36985231020851905,true,true
qs_bias,1,357,Float64,true,0.0001,2.039905266926212e-8,3.4968760923520483e-5,-1.183760705993592,true,true
qs_bias,1,357,Float64,true,1.0e-5,3.1143735712557685e-7,0.0003496876091073001,-0.9214264986318643,true,true
qs_bias,1,357,Float64,true,1.0e-6,2.598945688436771e-6,0.003496876090945103,NaN,true,true
qs_bias,1,357,BigFloat128,true,0.001,9.629649721936179e-32,9.256153979773035e-29,-0.784884633042612,true,true
qs_bias,1,357,BigFloat128,true,0.0001,5.868067799304859e-31,9.256153945900178e-28,-0.8914516795798694,true,true
qs_bias,1,357,BigFloat128,true,1.0e-5,4.570322035997054e-30,9.256153942514567e-27,-1.5391251670925463,true,true
qs_bias,1,357,BigFloat128,true,1.0e-6,1.5815100995963056e-28,9.256153942176024e-26,NaN,true,true
qs_bias,1,364,Float64,true,0.001,3.298905610764296e-9,1.1672679084656755e-6,-1.0326026377913684,true,true
qs_bias,1,364,Float64,true,0.0001,3.556088227187383e-8,1.1672678541633155e-5,-1.562470210767659,true,true
qs_bias,1,364,Float64,true,1.0e-5,1.2985023445621554e-6,0.00011672663786932819,-0.3973010076039899,true,true
qs_bias,1,364,Float64,true,1.0e-6,3.241482980935673e-6,0.0011672641105864683,NaN,true,true
qs_bias,1,364,BigFloat128,true,0.001,2.383814548316957e-14,3.0897324273220153e-29,2.000000000000239,false,true
qs_bias,1,364,BigFloat128,true,0.0001,2.3838145483156456e-16,3.0897323934584756e-28,1.9999999999982174,false,true
qs_bias,1,364,BigFloat128,true,1.0e-5,2.38381454832543e-18,3.0897323900729587e-27,2.0000000037219685,false,true
qs_bias,1,364,BigFloat128,true,1.0e-6,2.3838145278957828e-20,3.0897323897344156e-26,NaN,false,true
qs_bias,1,365,Float64,true,0.001,3.929591180229508e-9,3.496876105148852e-6,-1.4567500632339183,true,true
qs_bias,1,365,Float64,true,0.0001,1.124857306467053e-7,3.4968760923520483e-5,-0.9707810142845419,true,true
qs_bias,1,365,Float64,true,1.0e-5,1.0516674876503984e-6,0.0003496876091073001,1.1461899834554463e-11,true,true
qs_bias,1,365,Float64,true,1.0e-6,1.0516674876226428e-6,0.003496876090945103,NaN,true,true
qs_bias,1,365,BigFloat128,true,0.001,2.4074124304840448e-32,9.256153979773035e-29,-1.744048379071207,true,true
qs_bias,1,365,BigFloat128,true,0.0001,1.3353615825341186e-30,9.256153945900178e-28,-1.2797986413950266,true,true
qs_bias,1,365,BigFloat128,true,1.0e-5,2.543299577439101e-29,9.256153942514567e-27,-0.34037225020610196,true,true
qs_bias,1,365,BigFloat128,true,1.0e-6,5.568904487020587e-29,9.256153942176024e-26,NaN,true,true
qs_bias,1,375,Float64,true,0.001,9.16592526319639e-10,9.526894782312368e-7,-1.6681823331981454,true,true
qs_bias,1,375,Float64,true,0.0001,4.269319381851598e-8,9.526894663075527e-6,-0.7515133008992837,true,true
qs_bias,1,375,Float64,true,1.0e-5,2.409194959575316e-7,9.526894650285042e-5,-1.508745717277519,true,true
qs_bias,1,375,Float64,true,1.0e-6,7.773518977844518e-6,0.0009526894649006059,NaN,true,true
qs_bias,1,375,BigFloat128,true,0.001,1.6727281045428044e-14,2.5217480540750194e-29,2.000000000000654,false,true
qs_bias,1,375,BigFloat128,true,0.0001,1.672728104540286e-16,2.5217480202019168e-28,1.9999999999984088,false,true
qs_bias,1,375,BigFloat128,true,1.0e-5,1.6727281045464144e-18,2.5217480168163043e-27,1.9999999987786201,false,true
qs_bias,1,375,BigFloat128,true,1.0e-6,1.6727281092506794e-20,2.5217480164777602e-26,NaN,false,true
qs_bias,1,378,Float64,true,0.001,2.0281976764735532e-8,3.022295302768635e-6,-0.3502894467371679,true,true
qs_bias,1,378,Float64,true,0.0001,4.543596199280131e-8,3.0222952899676157e-5,-0.9686795133259625,true,true
qs_bias,1,378,Float64,true,1.0e-5,4.227457409688995e-7,0.0003022295288688527,-1.4586488131111583,true,true
qs_bias,1,378,Float64,true,1.0e-6,1.2154246891937781e-5,0.003022295288560628,NaN,true,true
qs_bias,1,378,BigFloat128,true,0.001,2.2179164466075783e-14,7.999949055552953e-29,2.000000000000306,false,true
qs_bias,1,378,BigFloat128,true,0.0001,2.2179164466060157e-16,7.999949021668938e-28,1.9999999999804454,false,true
qs_bias,1,378,BigFloat128,true,1.0e-5,2.2179164467058796e-18,7.999949018283217e-27,2.0000000084579352,false,true
qs_bias,1,378,BigFloat128,true,1.0e-6,2.2179164035117005e-20,7.999949017944673e-26,NaN,false,true
qs_bias,1,379,Float64,true,0.001,6.895576581955609e-9,3.496876105148852e-6,-1.0667714206305465,true,true
qs_bias,1,379,Float64,true,0.0001,8.04159147882455e-8,3.4968760923520483e-5,-1.2328898113473583,true,true
qs_bias,1,379,Float64,true,1.0e-5,1.3747756080484397e-6,0.0003496876091073001,-0.5097367106856855,true,true
qs_bias,1,379,Float64,true,1.0e-6,4.445990483298301e-6,0.003496876090945103,NaN,true,true
qs_bias,1,379,BigFloat128,true,0.001,0.0,9.256153979773035e-29,NaN,true,true
qs_bias,1,379,BigFloat128,true,0.0001,3.6111186457260672e-31,9.256153945900178e-28,0.38021124171160603,true,true
qs_bias,1,379,BigFloat128,true,1.0e-5,1.504632769052528e-31,9.256153942514567e-27,-2.6397354399672364,true,true
qs_bias,1,379,BigFloat128,true,1.0e-6,6.563960454991653e-29,9.256153942176024e-26,NaN,true,true
qs_bias,1,383,Float64,false,0.001,4.756740573896906e-10,1.6103400124361156e-7,-0.38179995203874895,true,true
qs_bias,1,383,Float64,false,0.0001,1.145801583947599e-9,1.6103398834548133e-6,-2.0181754490643837,true,true
qs_bias,1,383,Float64,false,1.0e-5,1.194771535543556e-7,1.6103398725101288e-5,-0.607234999273798,true,true
qs_bias,1,383,Float64,false,1.0e-6,4.836373875840674e-7,0.00016103390924105833,NaN,true,true
qs_bias,1,383,BigFloat128,false,0.001,5.319876553099495e-15,4.262534523325336e-30,2.0000000000002327,false,true
qs_bias,1,383,BigFloat128,false,0.0001,5.3198765530966444e-17,4.2625341847711346e-29,2.000000000000212,false,true
qs_bias,1,383,BigFloat128,false,1.0e-5,5.31987655309405e-19,4.262534150916779e-28,2.0000000016254442,false,true
qs_bias,1,383,BigFloat128,false,1.0e-6,5.319876533183224e-21,4.262534147531355e-27,NaN,false,true
qs_bias,1,384,Float64,true,0.001,2.3670529407072642e-8,3.0041706898289817e-6,-0.6821125895840722,true,true
qs_bias,1,384,Float64,true,0.0001,1.1384672998448946e-7,3.0041707481416336e-5,-1.1895338634593378,true,true
qs_bias,1,384,Float64,true,1.0e-5,1.7613855305109144e-6,0.00030041654553596923,0.5372368503804325,true,true
qs_bias,1,384,Float64,true,1.0e-6,5.112314629843867e-7,0.0030041692109080732,NaN,true,true
qs_bias,1,384,BigFloat128,true,0.001,4.8040816889770226e-14,7.95197379279252e-29,2.000000000000235,false,true
qs_bias,1,384,BigFloat128,true,0.0001,4.804081688974425e-16,7.951973758917395e-28,1.999999999995728,false,true
qs_bias,1,384,BigFloat128,true,1.0e-5,4.8040816890216804e-18,7.951973755531761e-27,2.0000000014750268,false,true
qs_bias,1,384,BigFloat128,true,1.0e-6,4.8040816727052187e-20,7.951973755193218e-26,NaN,false,true
qs_bias,1,385,Float64,false,0.001,2.439297597975083e-10,1.4149151905025082e-7,-1.3643302055474467,true,true
qs_bias,1,385,Float64,false,0.0001,5.644103819009265e-9,1.4149150629461311e-6,-0.9192104325366344,true,true
qs_bias,1,385,Float64,false,1.0e-5,4.686033901482401e-8,1.4149150501563236e-5,-0.17984281615249406,true,true
qs_bias,1,385,Float64,false,1.0e-6,7.090032767939549e-8,0.00014149149485594056,NaN,true,true
qs_bias,1,385,BigFloat128,false,0.001,3.5323306651287475e-15,3.7452493256830015e-30,2.000000000000236,false,true
qs_bias,1,385,BigFloat128,false,0.0001,3.532330665126828e-17,3.745248987130517e-29,1.9999999999999427,false,true
qs_bias,1,385,BigFloat128,false,1.0e-5,3.532330665127294e-19,3.7452489532761785e-28,1.9999999969424656,false,true
qs_bias,1,385,BigFloat128,false,1.0e-6,3.532330689995727e-21,3.745248949890754e-27,NaN,false,true
qs_bias,1,398,Float64,false,0.001,1.9162101561030217e-9,6.379307665845705e-7,-1.4695047661570424,true,true
qs_bias,1,398,Float64,false,0.0001,5.648692113301417e-8,6.3793075501558385e-6,-0.7902580909827606,true,true
qs_bias,1,398,Float64,false,1.0e-5,3.485025777589887e-7,6.379307537365906e-5,2.0191657443204138e-10,true,true
qs_bias,1,398,Float64,false,1.0e-6,3.485025775969594e-7,0.0006379307536086929,NaN,true,true
qs_bias,1,398,BigFloat128,false,0.001,1.6998731133779976e-15,1.688588682499201e-29,2.0000000000002287,false,true
qs_bias,1,398,BigFloat128,false,0.0001,1.6998731133771033e-17,1.68858864864066e-28,1.9999999999828912,false,true
qs_bias,1,398,BigFloat128,false,1.0e-5,1.699873113444069e-19,1.6885886452551932e-27,1.999999949275198,false,true
qs_bias,1,398,BigFloat128,false,1.0e-6,1.699873311986154e-21,1.6885886449166504e-26,NaN,false,true
qs_bias,1,413,Float64,true,0.001,6.804212748789951e-10,3.4968761051504826e-6,-2.025031801535995,true,true
qs_bias,1,413,Float64,true,0.0001,7.207915486695526e-8,3.4968760923520646e-5,-1.2342904263728276,true,true
qs_bias,1,413,Float64,true,1.0e-5,1.2362323731224256e-6,0.00034968760910730014,-0.9064809693353207,true,true
qs_bias,1,413,Float64,true,1.0e-6,9.967381510156414e-6,0.0034968760909451033,NaN,true,true
qs_bias,1,413,BigFloat128,true,0.001,3.585805394185195e-14,9.256153979777351e-29,2.000000000000246,false,true
qs_bias,1,413,BigFloat128,true,0.0001,3.5858053941831645e-16,9.256153945900221e-28,1.9999999999922198,false,true
qs_bias,1,413,BigFloat128,true,1.0e-5,3.585805394247403e-18,9.256153942514567e-27,1.9999999964863222,false,true
qs_bias,1,413,BigFloat128,true,1.0e-6,3.585805423258512e-20,9.256153942176024e-26,NaN,false,true
qs_bias,1,422,Float64,true,0.001,2.4269946942432667e-9,9.203866947107796e-7,-1.019894830380876,true,true
qs_bias,1,422,Float64,true,0.0001,2.540760080270475e-8,9.203866607633888e-6,-0.30425897493271564,true,true
qs_bias,1,422,Float64,true,1.0e-5,5.119442060508406e-8,9.203866828691637e-5,-1.3313143238783112,true,true
qs_bias,1,422,Float64,true,1.0e-6,1.09783470605355e-6,0.0009203856723088221,NaN,true,true
qs_bias,1,422,BigFloat128,true,0.001,3.320682175176061e-13,2.4362433016448018e-29,2.000000000000695,false,true
qs_bias,1,422,BigFloat128,true,0.0001,3.3206821751707487e-15,2.436243267773955e-28,2.0000000000000213,false,true
qs_bias,1,422,BigFloat128,true,1.0e-5,3.320682175170586e-17,2.436243264388365e-27,2.000000000046774,false,true
qs_bias,1,422,BigFloat128,true,1.0e-6,3.320682174812945e-19,2.4362432640498212e-26,NaN,false,true
qs_bias,1,424,Float64,true,0.001,5.789562163016626e-10,3.4968761051502102e-6,-1.382642663759042,true,true
qs_bias,1,424,Float64,true,0.0001,1.397295901206519e-8,3.4968760923520626e-5,-1.9672158764286705,true,true
qs_bias,1,424,Float64,true,1.0e-5,1.295699411568707e-6,0.00034968760910730014,-1.096114400880446,true,true
qs_bias,1,424,Float64,true,1.0e-6,1.616659886249927e-5,0.003496876090945103,NaN,true,true
qs_bias,1,424,BigFloat128,true,0.001,4.09752453405923e-15,9.25615397977663e-29,2.000000000000227,false,true
qs_bias,1,424,BigFloat128,true,0.0001,4.0975245340570884e-17,9.256153945900214e-28,2.0000000000789244,false,true
qs_bias,1,424,BigFloat128,true,1.0e-5,4.097524533312444e-19,9.256153942514567e-27,2.000000053297844,false,true
qs_bias,1,424,BigFloat128,true,1.0e-6,4.097524030452704e-21,9.256153942176024e-26,NaN,false,true
qs_bias,1,425,Float64,true,0.001,7.499707410651979e-9,3.496876105148852e-6,-0.45949232173374516,true,true
qs_bias,1,425,Float64,true,0.0001,2.1604123046081725e-8,3.4968760923520483e-5,-1.7394591800605026,true,true
qs_bias,1,425,Float64,true,1.0e-5,1.1857573414264522e-6,0.0003496876091073001,-0.7715067566062781,true,true
qs_bias,1,425,Float64,true,1.0e-6,7.006523432662171e-6,0.003496876090945103,NaN,true,true
qs_bias,1,425,BigFloat128,true,0.001,9.629649721936179e-32,9.256153979773035e-29,-0.03891806603036966,true,true
qs_bias,1,425,BigFloat128,true,0.0001,1.0532429383367696e-31,9.256153945900178e-28,-2.026328938722349,true,true
qs_bias,1,425,BigFloat128,true,1.0e-5,1.1190706219828177e-29,9.256153942514567e-27,-0.0635446461312919,true,true
qs_bias,1,425,BigFloat128,true,1.0e-6,1.2953947746061608e-29,9.256153942176024e-26,NaN,true,true
qs_bias,1,430,Float64,true,0.001,1.9559167757643436e-8,3.496876105149669e-6,-0.7375081163026806,true,true
qs_bias,1,430,Float64,true,0.0001,1.0687065912784455e-7,3.4968760923520565e-5,-1.1223712834911772,true,true
qs_bias,1,430,Float64,true,1.0e-5,1.4165430296531056e-6,0.0003496876091073001,-0.916219789335257,true,true
qs_bias,1,430,Float64,true,1.0e-6,1.1680180675849305e-5,0.003496876090945103,NaN,true,true
qs_bias,1,430,BigFloat128,true,0.001,8.685768244276354e-14,9.256153979775196e-29,2.0000000000002394,false,true
qs_bias,1,430,BigFloat128,true,0.0001,8.685768244271564e-16,9.2561539459002e-28,1.9999999999996814,false,true
qs_bias,1,430,BigFloat128,true,1.0e-5,8.685768244277937e-18,9.256153942514567e-27,1.9999999983433256,false,true
qs_bias,1,430,BigFloat128,true,1.0e-6,8.68576827741096e-20,9.256153942176024e-26,NaN,false,true
qs_bias,1,432,Float64,false,0.001,6.493697597893406e-10,9.978276672599998e-8,0.4430285821287561,true,true
qs_bias,1,432,Float64,false,0.0001,2.3413345732250523e-10,9.978275397587135e-7,-2.426552613941837,true,true
qs_bias,1,432,Float64,false,1.0e-5,6.251958580086791e-8,9.978274648186258e-6,-0.751410037064551,true,true
qs_bias,1,432,Float64,false,1.0e-6,3.527167865543143e-7,9.978275259234111e-5,NaN,true,true
qs_bias,1,432,BigFloat128,false,0.001,4.4685035388664776e-14,2.6412278449997694e-30,2.000000000001751,false,true
qs_bias,1,432,BigFloat128,false,0.0001,4.46850353884846e-16,2.6412275064100575e-29,1.9999999999999585,false,true
qs_bias,1,432,BigFloat128,false,1.0e-5,4.468503538848887e-18,2.6412274725553466e-28,2.00000000004489,false,true
qs_bias,1,432,BigFloat128,false,1.0e-6,4.468503538387011e-20,2.6412274691699184e-27,NaN,false,true
qs_bias,1,445,Float64,true,0.001,3.9441139521034785e-9,3.496876105148858e-6,-1.5340990374004377,true,true
qs_bias,1,445,Float64,true,0.0001,1.3491135100740514e-7,3.4968760923520483e-5,-1.036026025749988,true,true
qs_bias,1,445,Float64,true,1.0e-5,1.4657993241094791e-6,0.0003496876091073001,-0.7744689279038861,true,true
qs_bias,1,445,Float64,true,1.0e-6,8.720541335743848e-6,0.003496876090945103,NaN,true,true
qs_bias,1,445,BigFloat128,true,0.001,1.481069296275298e-13,9.256153979773049e-29,2.0000000000002363,false,true
qs_bias,1,445,BigFloat128,true,0.0001,1.4810692962744927e-15,9.256153945900178e-28,2.0000000000000218,false,true
qs_bias,1,445,BigFloat128,true,1.0e-5,1.4810692962744176e-17,9.256153942514567e-27,2.0000000002778298,false,true
qs_bias,1,445,BigFloat128,true,1.0e-6,1.4810692953269378e-19,9.256153942176024e-26,NaN,false,true
qs_bias,1,447,Float64,true,0.001,1.9210854573792346e-8,3.4968761051493962e-6,-0.24489138330127508,true,true
qs_bias,1,447,Float64,true,0.0001,3.37627698021592e-8,3.496876092352054e-5,-1.2105911398224116,true,true
qs_bias,1,447,Float64,true,1.0e-5,5.483138393329486e-7,0.0003496876091073001,-1.1544147018273894,true,true
qs_bias,1,447,Float64,true,1.0e-6,7.82427145351594e-6,0.003496876090945103,NaN,true,true
qs_bias,1,447,BigFloat128,true,0.001,9.45957525314887e-15,9.256153979774475e-29,2.0000000000002327,false,true
qs_bias,1,447,BigFloat128,true,0.0001,9.459575253143803e-17,9.256153945900193e-28,1.999999999973719,false,true
qs_bias,1,447,BigFloat128,true,1.0e-5,9.45957525371624e-19,9.256153942514567e-27,2.000000035757223,false,true
qs_bias,1,447,BigFloat128,true,1.0e-6,9.459574474871143e-21,9.256153942176024e-26,NaN,false,true
qs_bias,1,453,Float64,true,0.001,2.224435501109553e-9,3.1036554469266587e-6,-1.10079920082869,true,true
qs_bias,1,453,Float64,true,0.0001,2.805556495111739e-8,3.103655353959243e-5,-1.2881207149549943,true,true
qs_bias,1,453,Float64,true,1.0e-5,5.446778737075739e-7,0.000310365374926256,0.0,true,true
qs_bias,1,453,Float64,true,1.0e-6,5.446778737075739e-7,0.0031036537491346623,NaN,true,true
qs_bias,1,453,BigFloat128,true,0.001,1.932411971015668e-14,8.215307582249909e-29,2.0000000000002514,false,true
qs_bias,1,453,BigFloat128,true,0.0001,1.9324119710145491e-16,8.21530754837788e-28,1.9999999999848306,false,true
qs_bias,1,453,BigFloat128,true,1.0e-5,1.932411971082047e-18,8.215307544992278e-27,2.0000000015675803,false,true
qs_bias,1,453,BigFloat128,true,1.0e-6,1.9324119641070316e-20,8.215307544653735e-26,NaN,false,true
qs_bias,1,457,Float64,false,0.001,9.436962447312718e-10,5.057328474737504e-7,-0.9965332194619122,true,true
qs_bias,1,457,Float64,false,0.0001,9.36193122383815e-9,5.057328304195688e-6,-0.7400461373787615,true,true
qs_bias,1,457,Float64,false,1.0e-5,5.14531045000267e-8,5.057328078536333e-5,0.0,true,true
qs_bias,1,457,Float64,false,1.0e-6,5.14531045000267e-8,0.0005057328077257349,NaN,true,true
qs_bias,1,457,BigFloat128,false,0.001,2.3568742877348984e-32,1.338663702260168e-29,-0.9795740685130926,true,true
qs_bias,1,457,BigFloat128,false,0.0001,2.248591098118798e-31,1.338663668387311e-28,-0.7624896449154261,true,true
qs_bias,1,457,BigFloat128,false,1.0e-5,1.3013680254405905e-30,1.3386636650017009e-27,-0.8767630664000527,true,true
qs_bias,1,457,BigFloat128,false,1.0e-6,9.798581254053526e-30,1.3386636646631567e-26,NaN,true,true
qs_bias,1,467,Float64,true,0.001,8.179329250992117e-9,2.684041262136313e-6,-1.3840764594370347,true,true
qs_bias,1,467,Float64,true,0.0001,1.980588030412569e-7,2.684041249340319e-5,-1.0010013072599222,true,true
qs_bias,1,467,Float64,true,1.0e-5,1.9851597328319842e-6,0.0002684041248061281,-1.1442880230239114,true,true
qs_bias,1,467,Float64,true,1.0e-6,2.7674735598573688e-5,0.002684041247933382,NaN,true,true
qs_bias,1,467,BigFloat128,true,0.001,3.653128786883383e-15,7.104598065060855e-29,2.00000000000021,false,true
qs_bias,1,467,BigFloat128,true,0.0001,3.6531287868816147e-17,7.104598031190143e-28,2.0000000000475784,false,true
qs_bias,1,467,BigFloat128,true,1.0e-5,3.6531287864814023e-19,7.104598027804554e-27,2.000000041884534,false,true
qs_bias,1,467,BigFloat128,true,1.0e-6,3.653128434163802e-21,7.104598027466011e-26,NaN,false,true
qs_bias,1,468,Float64,true,0.001,1.1652131259864973e-8,3.496876105148856e-6,-1.04103340441528,true,true
qs_bias,1,468,Float64,true,0.0001,1.280674530867998e-7,3.4968760923520483e-5,-0.952011615158387,true,true
qs_bias,1,468,Float64,true,1.0e-5,1.1467015190724794e-6,0.0003496876091073001,-0.6818805736636274,true,true
qs_bias,1,468,Float64,true,1.0e-6,5.512276087582535e-6,0.0034968760909451033,NaN,true,true
qs_bias,1,468,BigFloat128,true,0.001,8.649376312098835e-14,9.256153979773044e-29,2.000000000000235,false,true
qs_bias,1,468,BigFloat128,true,0.0001,8.649376312094158e-16,9.256153945900178e-28,2.0000000000011795,false,true
qs_bias,1,468,BigFloat128,true,1.0e-5,8.649376312070669e-18,9.256153942514567e-27,2.0000000008479395,false,true
qs_bias,1,468,BigFloat128,true,1.0e-6,8.649376295183167e-20,9.256153942176024e-26,NaN,false,true
qs_bias,1,469,Float64,true,0.001,1.44698403259369e-8,3.4968761051488533e-6,-0.701916042320372,true,true
qs_bias,1,469,Float64,true,0.0001,7.284165104426421e-8,3.4968760923520483e-5,-1.2782897636127106,true,true
qs_bias,1,469,Float64,true,1.0e-5,1.3825140215972809e-6,0.0003496876091073001,-0.7967716939271101,true,true
qs_bias,1,469,Float64,true,1.0e-6,8.658471635780707e-6,0.003496876090945103,NaN,true,true
qs_bias,1,469,BigFloat128,true,0.001,9.335504271580495e-15,9.256153979773038e-29,2.0000000000002425,false,true
qs_bias,1,469,BigFloat128,true,0.0001,9.335504271575281e-17,9.256153945900178e-28,1.9999999999934654,false,true
qs_bias,1,469,BigFloat128,true,1.0e-5,9.335504271715744e-19,9.256153942514567e-27,1.9999999924887475,false,true
qs_bias,1,469,BigFloat128,true,1.0e-6,9.335504433176076e-21,9.256153942176024e-26,NaN,false,true
qs_bias,1,470,Float64,true,0.001,6.905608807006303e-9,3.4968761051488537e-6,-0.04424972559421782,true,true
qs_bias,1,470,Float64,true,0.0001,7.646306421360549e-9,3.4968760923520483e-5,-2.1796965345345742,true,true
qs_bias,1,470,Float64,true,1.0e-5,1.1565069118479876e-6,0.0003496876091073001,-0.4432306407380016,true,true
qs_bias,1,470,Float64,true,1.0e-6,3.209067656662068e-6,0.003496876090945103,NaN,true,true
qs_bias,1,470,BigFloat128,true,0.001,8.830915554849217e-15,9.256153979773039e-29,2.0000000000002274,false,true
qs_bias,1,470,BigFloat128,true,0.0001,8.830915554844597e-17,9.256153945900178e-28,2.0000000000046163,false,true
qs_bias,1,470,BigFloat128,true,1.0e-5,8.830915554750732e-19,9.256153942514567e-27,2.0000000030551464,false,true
qs_bias,1,470,BigFloat128,true,1.0e-6,8.830915492627588e-21,9.256153942176024e-26,NaN,false,true
qs_bias,1,471,Float64,false,0.001,5.556638010828507e-9,3.496876105148852e-6,-1.2230545923160265,true,true
qs_bias,1,471,Float64,false,0.0001,9.286812938102962e-8,3.4968760923520483e-5,1.2979799481494273e-10,true,true
qs_bias,1,471,Float64,false,1.0e-5,9.286812935327404e-8,0.0003496876091073001,-1.4819995263122991,true,true
qs_bias,1,471,Float64,false,1.0e-6,2.8175149162923407e-6,0.003496876090945103,NaN,true,true
qs_bias,1,471,BigFloat128,false,0.001,4.8148248609680896e-32,9.256153979773035e-29,-1.0688812894078128,true,true
qs_bias,1,471,BigFloat128,false,0.0001,5.64237288394698e-31,9.256153945900178e-28,-1.2214142378423387,true,true
qs_bias,1,471,BigFloat128,false,1.0e-5,9.394550851771722e-30,9.256153942514567e-27,-0.6167787196957769,true,true
qs_bias,1,471,BigFloat128,false,1.0e-6,3.887359818169305e-29,9.256153942176024e-26,NaN,true,true
qs_bias,1,473,Float64,true,0.001,4.239490131468991e-9,9.970286720372019e-7,-0.8370824063352498,true,true
qs_bias,1,473,Float64,true,0.0001,2.913372624101443e-8,9.970286592452738e-6,-1.5462868017107194,true,true
qs_bias,1,473,Float64,true,1.0e-5,1.0249031707494507e-6,9.970286579662752e-5,-0.4181836310112013,true,true
qs_bias,1,473,Float64,true,1.0e-6,2.6845189112591946e-6,0.0009970286578383774,NaN,true,true
qs_bias,1,473,BigFloat128,true,0.001,9.508136107429077e-15,2.6391129205397025e-29,2.0000000000002327,false,true
qs_bias,1,473,BigFloat128,true,0.0001,9.508136107423984e-17,2.6391128866797757e-28,1.999999999995542,false,true
qs_bias,1,473,BigFloat128,true,1.0e-5,9.508136107521585e-19,2.639112883294295e-27,2.000000000917487,false,true
qs_bias,1,473,BigFloat128,true,1.0e-6,9.508136087434774e-21,2.639112882955752e-26,NaN,false,true
qs_bias,1,474,Float64,true,0.001,1.836406449129413e-8,3.4968761051496656e-6,-1.0673908153898484,true,true
qs_bias,1,474,Float64,true,0.0001,2.144665791625755e-7,3.4968760923520565e-5,-0.2249256625025049,true,true
qs_bias,1,474,Float64,true,1.0e-5,3.5998573139073287e-7,0.0003496876091073002,-1.46681592074387,true,true
qs_bias,1,474,Float64,true,1.0e-6,1.054632639130304e-5,0.003496876090945103,NaN,true,true
qs_bias,1,474,BigFloat128,true,0.001,3.834844255215488e-15,9.256153979775188e-29,2.0000000000002274,false,true
qs_bias,1,474,BigFloat128,true,0.0001,3.8348442552134794e-17,9.2561539459002e-28,2.000000000113076,false,true
qs_bias,1,474,BigFloat128,true,1.0e-5,3.8348442542150114e-19,9.256153942514567e-27,1.9999999271973177,false,true
qs_bias,1,474,BigFloat128,true,1.0e-6,3.8348448970667695e-21,9.256153942176024e-26,NaN,false,true
qs_bias,1,476,Float64,true,0.001,8.960005737357335e-9,3.4968761051488537e-6,-0.6282042679777146,true,true
qs_bias,1,476,Float64,true,0.0001,3.806383619409104e-8,3.496876092352049e-5,-1.499470328818557,true,true
qs_bias,1,476,Float64,true,1.0e-5,1.2022170545744615e-6,0.0003496876091073001,-0.7034733525072034,true,true
qs_bias,1,476,Float64,true,1.0e-6,6.073740559719987e-6,0.003496876090945103,NaN,true,true
qs_bias,1,476,BigFloat128,true,0.001,3.918828162406677e-15,9.256153979773038e-29,2.0000000000002554,false,true
qs_bias,1,476,BigFloat128,true,0.0001,3.918828162404371e-17,9.256153945900178e-28,1.9999999999696516,false,true
qs_bias,1,476,BigFloat128,true,1.0e-5,3.918828162678217e-19,9.256153942514567e-27,2.0000000195404537,false,true
qs_bias,1,476,BigFloat128,true,1.0e-6,3.918827986356201e-21,9.256153942176024e-26,NaN,false,true
qs_bias,1,479,Float64,false,0.001,7.627943364919356e-10,6.128403743501598e-7,-1.7622033672655142,true,true
qs_bias,1,479,Float64,false,0.0001,4.4117493172394034e-8,6.1284033498960124e-6,-0.39241344755050145,true,true
qs_bias,1,479,Float64,false,1.0e-5,1.0889909603105108e-7,6.12840360747592e-5,-1.497542276326998,true,true
qs_bias,1,479,Float64,false,1.0e-6,3.4242585674151352e-6,0.0006128403606196943,NaN,true,true
qs_bias,1,479,BigFloat128,false,0.001,3.9524445596888314e-15,1.6221749652444007e-29,2.0000000000002456,false,true
qs_bias,1,479,BigFloat128,false,0.0001,3.9524445596865985e-17,1.6221749313867752e-28,2.0000000000045537,false,true
qs_bias,1,479,BigFloat128,false,1.0e-5,3.9524445596451567e-19,1.6221749280013177e-27,1.9999999903673025,false,true
qs_bias,1,479,BigFloat128,false,1.0e-6,3.952444647310796e-21,1.622174927662775e-26,NaN,false,true
qs_bias,1,487,Float64,true,0.001,8.37939251319142e-9,3.4968761051491243e-6,0.1327498375829055,true,true
qs_bias,1,487,Float64,true,0.0001,6.1725227151754325e-9,3.496876092352052e-5,-2.220179212133675,true,true
qs_bias,1,487,Float64,true,1.0e-5,1.0248065888118774e-6,0.0003496876091073001,-1.3074854432567347,true,true
qs_bias,1,487,Float64,true,1.0e-6,2.0803066253849423e-5,0.003496876090945103,NaN,true,true
qs_bias,1,487,BigFloat128,true,0.001,2.6953449961592646e-14,9.256153979773755e-29,2.0000000000002323,false,true
qs_bias,1,487,BigFloat128,true,0.0001,2.695344996157824e-16,9.256153945900185e-28,2.0000000000059717,false,true
qs_bias,1,487,BigFloat128,true,1.0e-5,2.695344996120763e-18,9.256153942514567e-27,2.000000011766106,false,true
qs_bias,1,487,BigFloat128,true,1.0e-6,2.6953449230972372e-20,9.256153942176024e-26,NaN,false,true
qs_bias,1,488,Float64,true,0.001,1.0908995706770952e-8,3.4968761051493946e-6,-0.9544173126369072,true,true
qs_bias,1,488,Float64,true,0.0001,9.822048707697206e-8,3.496876092352054e-5,2.4544969139596797e-10,true,true
qs_bias,1,488,Float64,true,1.0e-5,9.822048702146091e-8,0.0003496876091073001,-2.0701283395250853,true,true
qs_bias,1,488,Float64,true,1.0e-6,1.154331169561651e-5,0.003496876090945103,NaN,true,true
qs_bias,1,488,BigFloat128,true,0.001,7.835344662540716e-16,9.256153979774471e-29,2.0000000000007745,false,true
qs_bias,1,488,BigFloat128,true,0.0001,7.835344662526739e-18,9.256153945900193e-28,2.0000000003011413,false,true
qs_bias,1,488,BigFloat128,true,1.0e-5,7.835344657093682e-20,9.256153942514567e-27,2.0000001279208623,false,true
qs_bias,1,488,BigFloat128,true,1.0e-6,7.835342349203671e-22,9.256153942176024e-26,NaN,false,true
qs_bias,1,490,Float64,true,0.001,8.284912533795818e-9,3.496876105149124e-6,-1.062153627710698,true,true
qs_bias,1,490,Float64,true,0.0001,9.559640390399693e-8,3.496876092352051e-5,-1.0483560627528525,true,true
qs_bias,1,490,Float64,true,1.0e-5,1.0685568144763735e-6,0.00034968760910730014,4.512290724536395e-11,true,true
qs_bias,1,490,Float64,true,1.0e-6,1.0685568143653512e-6,0.003496876090945103,NaN,true,true
qs_bias,1,490,BigFloat128,true,0.001,1.094139046947294e-14,9.256153979773755e-29,2.000000000000236,false,true
qs_bias,1,490,BigFloat128,true,0.0001,1.0941390469467003e-16,9.256153945900185e-28,1.9999999999949964,false,true
qs_bias,1,490,BigFloat128,true,1.0e-5,1.0941390469593058e-18,9.256153942514567e-27,2.0000000169850036,false,true
qs_bias,1,490,BigFloat128,true,1.0e-6,1.0941390041681678e-20,9.256153942176024e-26,NaN,false,true
qs_bias,1,492,Float64,false,0.001,5.029143088721338e-11,1.4083101738848314e-9,0.19967438798086484,true,true
qs_bias,1,492,Float64,false,0.0001,3.175554746171984e-11,1.4082973758191136e-8,-1.3977924551017507,true,true
qs_bias,1,492,Float64,false,1.0e-5,7.936190049844566e-10,1.4082960967585162e-7,-1.0545485639319852,true,true
qs_bias,1,492,Float64,false,1.0e-6,8.998303212909697e-9,1.4082959688599874e-6,NaN,true,true
qs_bias,1,492,BigFloat128,false,0.001,5.4053675545614677e-11,3.727765991341867e-32,2.000000000302149,false,true
qs_bias,1,492,BigFloat128,false,0.0001,5.405367550800825e-13,3.727732115155989e-31,2.0000000000030216,false,true
qs_bias,1,492,BigFloat128,false,1.0e-5,5.405367550763218e-15,3.7277287295127734e-30,2.0000000000000298,false,true
qs_bias,1,492,BigFloat128,false,1.0e-6,5.405367550762846e-17,3.727728390968206e-29,NaN,false,true
qs_bias,1,511,Float64,false,0.001,1.6830644162661921e-12,2.4530620483823363e-9,-0.7045966762080663,true,true
qs_bias,1,511,Float64,false,0.0001,8.525059412504439e-12,2.453049256386388e-8,-1.3970449512749001,true,true
qs_bias,1,511,Float64,false,1.0e-5,2.1268769548990853e-10,2.453047977387155e-7,-1.6252738885957927,true,true
qs_bias,1,511,Float64,false,1.0e-6,8.97462382936427e-9,2.453047827474058e-6,NaN,true,true
qs_bias,1,511,BigFloat128,false,0.001,3.4236631782571697e-12,6.493201177007684e-32,2.0000000000522196,false,true
qs_bias,1,511,BigFloat128,false,0.0001,3.423663177845507e-14,6.493167316865414e-31,2.0000000000005222,false,true
qs_bias,1,511,BigFloat128,false,1.0e-5,3.423663177841391e-16,6.493163931382633e-30,2.000000000000067,false,true
qs_bias,1,511,BigFloat128,false,1.0e-6,3.423663177840861e-18,6.49316359283967e-29,NaN,false,true
qs_bias,1,553,Float64,true,0.001,4.690911824822924e-9,3.2048928217370827e-6,-1.3201854338335428,true,true
qs_bias,1,553,Float64,true,0.0001,9.804889496220541e-8,3.2048928086826875e-5,0.44342629823986995,true,true
qs_bias,1,553,Float64,true,1.0e-5,3.531965112943463e-8,0.00032048926942053685,-2.4815576430469024,true,true
qs_bias,1,553,Float64,true,1.0e-6,1.0704688847916341e-5,0.0032048584998928473,NaN,true,true
qs_bias,1,553,BigFloat128,true,0.001,3.2645080595701577e-10,8.483280661074759e-29,1.99999999987378,false,true
qs_bias,1,553,BigFloat128,true,0.0001,3.2645080605189278e-12,8.483280629261744e-28,1.999999999998737,false,true
qs_bias,1,553,BigFloat128,true,1.0e-5,3.264508060528422e-14,8.483280625896732e-27,1.9999999999995697,false,true
qs_bias,1,553,BigFloat128,true,1.0e-6,3.264508060531656e-16,8.483280625558395e-26,NaN,false,true
qs_bias,1,565,Float64,false,0.001,3.431777191669841e-11,9.380698576781149e-9,-0.9524325140438404,true,true
qs_bias,1,565,Float64,false,0.0001,3.07575400045884e-10,9.380685783230306e-8,0.5699592705655673,true,true
qs_bias,1,565,Float64,false,1.0e-5,8.279275359330804e-11,9.380684507126468e-7,-2.3706060082825258,true,true
qs_bias,1,565,Float64,false,1.0e-6,1.9435617135562193e-8,9.380684196909262e-6,NaN,true,true
qs_bias,1,565,BigFloat128,false,0.001,1.6575275313596032e-13,2.4830502384586996e-31,2.000000000025429,false,true
qs_bias,1,565,BigFloat128,false,0.0001,1.6575275312625514e-15,2.4830468527124993e-30,2.0000000000002554,false,true
qs_bias,1,565,BigFloat128,false,1.0e-5,1.6575275312615762e-17,2.4830465141669013e-29,2.0000000000105134,false,true
qs_bias,1,565,BigFloat128,false,1.0e-6,1.65752753122145e-19,2.483046480312632e-28,NaN,false,true
qs_bias,1,576,Float64,true,0.001,1.5668980779537378e-8,3.496876105422198e-6,-0.9645327213755054,true,true
qs_bias,1,576,Float64,true,0.0001,1.44402086732498e-7,3.496876092354782e-5,-0.606239335861308,true,true
qs_bias,1,576,Float64,true,1.0e-5,5.831936747968669e-7,0.00034968760910730285,-1.3214263236759374,true,true
qs_bias,1,576,Float64,true,1.0e-6,1.2224725857379326e-5,0.0034968760909451033,NaN,true,true
qs_bias,1,576,BigFloat128,true,0.001,3.422046544924089e-10,9.256153980496576e-29,2.000000000014138,false,true
qs_bias,1,576,BigFloat128,true,0.0001,3.4220465448126873e-12,9.256153945907414e-28,2.0000000000001403,false,true
qs_bias,1,576,BigFloat128,true,1.0e-5,3.422046544811583e-14,9.25615394251464e-27,1.999999999999756,false,true
qs_bias,1,576,BigFloat128,true,1.0e-6,3.422046544813505e-16,9.256153942176025e-26,NaN,false,true
qs_bias,1,579,Float64,false,0.001,9.335334487732938e-12,3.642521588805567e-8,-1.8058332650858253,true,true
qs_bias,1,579,Float64,false,0.0001,5.969846281353058e-10,3.642520309229377e-7,-1.3775219502432785,true,true
qs_bias,1,579,Float64,false,1.0e-5,1.4239183893106545e-8,3.642520181325351e-6,-1.2809643077575463,true,true
qs_bias,1,579,Float64,false,1.0e-6,2.7192516864364045e-7,3.642520168535519e-5,NaN,true,true
qs_bias,1,579,BigFloat128,false,0.001,1.0993424133853599e-11,9.64167436499463e-31,2.0000000000242375,false,true
qs_bias,1,579,BigFloat128,false,0.0001,1.0993424133240067e-13,9.641670977999581e-30,2.000000000000242,false,true
qs_bias,1,579,BigFloat128,false,1.0e-5,1.0993424133233939e-15,9.641670639441495e-29,2.0000000000000786,false,true
qs_bias,1,579,BigFloat128,false,1.0e-6,1.099342413323195e-17,9.641670605587102e-28,NaN,false,true
qs_bias,1,596,Float64,false,0.001,4.4872053000607246e-11,1.0915704522761752e-8,-0.7843460014124697,true,true
qs_bias,1,596,Float64,false,0.0001,2.731001517012229e-10,1.0915691729208526e-7,-0.6009602466892773,true,true
qs_bias,1,596,Float64,false,1.0e-5,1.0896378686945384e-9,1.091569045320465e-6,-1.6904207208207294,true,true
qs_bias,1,596,Float64,false,1.0e-6,5.3419880096435514e-8,1.0915689742192011e-5,NaN,true,true
qs_bias,1,596,BigFloat128,false,0.001,3.01708021022035e-13,2.8893629291474956e-31,2.0000000000143117,false,true
qs_bias,1,596,BigFloat128,false,0.0001,3.017080210120927e-15,2.889359543511238e-30,2.0000000000001403,false,true
qs_bias,1,596,BigFloat128,false,1.0e-5,3.0170802101199507e-17,2.8893592049667395e-29,1.9999999999998355,false,true
qs_bias,1,596,BigFloat128,false,1.0e-6,3.0170802101210937e-19,2.8893591711124814e-28,NaN,false,true
qs_bias,1,609,Float64,false,0.001,1.872669702591256e-11,9.276908057169006e-9,-1.5049306893605938,true,true
qs_bias,1,609,Float64,false,0.0001,5.989517988397393e-10,9.276895261772153e-8,-0.46740431493460316,true,true
qs_bias,1,609,Float64,false,1.0e-5,1.757098825731413e-9,9.276893972050509e-7,-0.999365947256709,true,true
qs_bias,1,609,Float64,false,1.0e-6,1.7545354027393125e-8,9.27689386045323e-6,NaN,true,true
qs_bias,1,609,BigFloat128,false,0.001,4.5145157322893026e-15,2.455577116584697e-31,2.000000000000127,false,true
qs_bias,1,609,BigFloat128,false,0.0001,4.5145157322879804e-17,2.4555737311421208e-30,2.000000000000166,false,true
qs_bias,1,609,BigFloat128,false,1.0e-5,4.514515732286253e-19,2.4555733925995593e-29,2.0000000000841203,false,true
qs_bias,1,609,BigFloat128,false,1.0e-6,4.514515731411819e-21,2.4555733587453204e-28,NaN,false,true
qs_bias,1,614,Float64,false,0.001,1.218375344099706e-10,4.130086185661139e-8,-1.161879762837893,true,true
qs_bias,1,614,Float64,false,0.0001,1.76872724068302e-9,4.1300848990763084e-7,-0.6890291828126217,true,true
qs_bias,1,614,Float64,false,1.0e-5,8.643508180815316e-9,4.130084742782159e-6,-1.630888483635929,true,true
qs_bias,1,614,Float64,false,1.0e-6,3.694694473887518e-7,4.1300847656907815e-5,NaN,true,true
qs_bias,1,614,BigFloat128,false,0.001,2.7418664619167935e-12,1.093224710704633e-30,2.0000000000141624,false,true
qs_bias,1,614,BigFloat128,false,0.0001,2.74186646182738e-14,1.0932243720820798e-29,2.0000000000001408,false,true
qs_bias,1,614,BigFloat128,false,1.0e-5,2.74186646182649e-16,1.0932243382270407e-28,1.9999999999986233,false,true
qs_bias,1,614,BigFloat128,false,1.0e-6,2.7418664618351823e-18,1.093224334841609e-27,NaN,false,true
qs_bias,1,618,Float64,false,0.001,2.8273046895762012e-11,9.31723756186419e-9,-0.5731890435663084,true,true
qs_bias,1,618,Float64,false,0.0001,1.0581851366473665e-10,9.317224771300931e-8,-1.078900088981965,true,true
qs_bias,1,618,Float64,false,1.0e-5,1.269000362300175e-9,9.317223481485666e-7,-1.3093667936745401,true,true
qs_bias,1,618,Float64,false,1.0e-6,2.5871912857413968e-8,9.31722336541153e-6,NaN,true,true
qs_bias,1,618,BigFloat128,false,0.001,4.534141717843015e-15,2.466252247661697e-31,2.000000000000127,false,true
qs_bias,1,618,BigFloat128,false,0.0001,4.534141717841687e-17,2.4662488622190385e-30,2.0000000000001794,false,true
qs_bias,1,618,BigFloat128,false,1.0e-5,4.534141717839814e-19,2.466248523676476e-29,2.0000000001177485,false,true
qs_bias,1,618,BigFloat128,false,1.0e-6,4.53414171661049e-21,2.4662484898222374e-28,NaN,false,true
qs_bias,1,656,Float64,false,0.001,5.408786954500906e-11,1.0575856894330491e-8,-0.9003949003882472,true,true
qs_bias,1,656,Float64,false,0.0001,4.300260607836211e-10,1.0575844105059796e-7,-0.6096268428856165,true,true
qs_bias,1,656,Float64,false,1.0e-5,1.750336779869682e-9,1.0575842826082135e-6,-0.5458504087716899,true,true
qs_bias,1,656,Float64,false,1.0e-6,6.151372510156552e-9,1.0575842698184436e-5,NaN,true,true
qs_bias,1,656,BigFloat128,false,0.001,4.379452230254735e-15,2.7994060110715604e-31,2.000000000000127,false,true
qs_bias,1,656,BigFloat128,false,0.0001,4.3794522302534537e-17,2.7994026256283805e-30,2.0000000000004987,false,true
qs_bias,1,656,BigFloat128,false,1.0e-5,4.379452230248424e-19,2.799402287085813e-29,2.00000000027242,false,true
qs_bias,1,656,BigFloat128,false,1.0e-6,4.379452227501325e-21,2.799402253231574e-28,NaN,false,true
qs_bias,1,657,Float64,false,0.001,6.791621362659658e-12,1.4843424459677012e-8,-1.2352731615305246,true,true
qs_bias,1,657,Float64,false,0.0001,1.167472413322178e-10,1.484341166913338e-7,-0.6325451106037056,true,true
qs_bias,1,657,Float64,false,1.0e-5,5.009469512480317e-10,1.4843410382711938e-6,-1.863222903818052,true,true
qs_bias,1,657,Float64,false,1.0e-6,3.656071173633467e-8,1.4843410262249922e-5,NaN,true,true
qs_bias,1,657,BigFloat128,false,0.001,3.048059956842624e-14,3.9290217398475566e-31,2.00000000001687,false,true
qs_bias,1,657,BigFloat128,false,0.0001,3.048059956724222e-16,3.929018354192162e-30,2.000000000000104,false,true
qs_bias,1,657,BigFloat128,false,1.0e-5,3.048059956723494e-18,3.9290180156474724e-29,2.000000000000619,false,true
qs_bias,1,657,BigFloat128,false,1.0e-6,3.048059956719149e-20,3.9290179817932124e-28,NaN,false,true
qs_bias,1,664,Float64,false,0.001,7.104792195937799e-11,1.0533862607849432e-8,-0.166709969871652,true,true
qs_bias,1,664,Float64,false,0.0001,1.0429448643134211e-10,1.0533849818755413e-7,-1.1989934355931382,true,true
qs_bias,1,664,Float64,false,1.0e-5,1.6491295948067086e-9,1.0533848522406074e-6,-1.089570497500666,true,true
qs_bias,1,664,Float64,false,1.0e-6,2.0268671451944652e-8,1.0533848411880057e-5,NaN,true,true
qs_bias,1,664,BigFloat128,false,0.001,4.362062413073323e-15,2.7882902160414075e-31,2.000000000000127,false,true
qs_bias,1,664,BigFloat128,false,0.0001,4.3620624130720475e-17,2.788286830598305e-30,2.000000000000368,false,true
qs_bias,1,664,BigFloat128,false,1.0e-5,4.362062413068349e-19,2.7882864920557383e-29,2.0000000003697025,false,true
qs_bias,1,664,BigFloat128,false,1.0e-6,4.3620624093550505e-21,2.788286458201499e-28,NaN,false,true
qs_bias,1,670,Float64,false,0.001,8.158396028306417e-11,1.0566656069823314e-7,-1.5229499566184943,true,true
qs_bias,1,670,Float64,false,0.0001,2.719911290511716e-9,1.056665479013705e-6,-0.9582472116729864,true,true
qs_bias,1,670,Float64,false,1.0e-5,2.470597237575048e-8,1.0566654662232263e-5,-0.44401628579140145,true,true
qs_bias,1,670,Float64,false,1.0e-6,6.867809454622801e-8,0.00010566654649442425,NaN,true,true
qs_bias,1,670,BigFloat128,false,0.001,7.717187360628286e-12,2.7969705729299736e-30,2.0000000000108216,false,true
qs_bias,1,670,BigFloat128,false,0.0001,7.717187360435996e-14,2.796970234221209e-29,2.0000000000001084,false,true
qs_bias,1,670,BigFloat128,false,1.0e-5,7.717187360434074e-16,2.7969702003653077e-28,1.9999999999990918,false,true
qs_bias,1,670,BigFloat128,false,1.0e-6,7.717187360450212e-18,2.7969701969798675e-27,NaN,false,true
qs_bias,1,694,Float64,true,0.001,1.4626541857762165e-8,1.912835945324729e-6,-0.8090354162255369,true,true
qs_bias,1,694,Float64,true,0.0001,9.422737107802317e-8,1.9128357800495982e-5,-0.8396925615664736,true,true
qs_bias,1,694,Float64,true,1.0e-5,6.514328215876525e-7,0.00019128347129257784,-0.34673079327664036,true,true
qs_bias,1,694,Float64,true,1.0e-6,1.4474395308396067e-6,0.0019128331901676024,NaN,true,true
qs_bias,1,694,BigFloat128,true,0.001,3.084452764567041e-10,5.063234661190872e-29,1.9999999998919151,false,true
qs_bias,1,694,BigFloat128,true,0.0001,3.0844527653346828e-12,5.063234628295031e-28,1.9999999999989186,false,true
qs_bias,1,694,BigFloat128,true,1.0e-5,3.084452765342362e-14,5.063234624919191e-27,1.9999999999998157,false,true
qs_bias,1,694,BigFloat128,true,1.0e-6,3.084452765343671e-16,5.0632346245807455e-26,NaN,false,true
qs_bias,1,708,Float64,false,0.001,1.556971404614524e-10,6.808586511078498e-8,-0.45021355747395575,true,true
qs_bias,1,708,Float64,false,0.0001,4.3902999614117466e-10,6.808585230906006e-7,-0.7366839496797234,true,true
qs_bias,1,708,Float64,false,1.0e-5,2.3942976734864836e-9,6.808585086694578e-6,-2.2840170561613595e-8,true,true
qs_bias,1,708,Float64,false,1.0e-6,2.3942977994060405e-9,6.80858507390469e-5,NaN,true,true
qs_bias,1,708,BigFloat128,false,0.001,1.356444221079649e-11,1.802217843473343e-30,2.0000000000471063,false,true
qs_bias,1,708,BigFloat128,false,0.0001,1.3564442209325198e-13,1.8022175046145058e-29,2.0000000000004716,false,true
qs_bias,1,708,BigFloat128,false,1.0e-5,1.3564442209310472e-15,1.8022174707571037e-28,1.9999999999998197,false,true
qs_bias,1,708,BigFloat128,false,1.0e-6,1.3564442209316104e-17,1.8022174673716486e-27,NaN,false,true
qs_bias,1,714,Float64,false,0.001,2.3168676618016966e-9,4.60451603570673e-7,-0.8318204337362488,true,true
qs_bias,1,714,Float64,false,0.0001,1.5729744253259725e-8,4.604515907552478e-6,-0.8506934261596537,true,true
qs_bias,1,714,Float64,false,1.0e-5,1.1153600573776808e-7,4.604515894760142e-5,-0.9818057459063647,true,true
qs_bias,1,714,Float64,false,1.0e-6,1.0695986192963907e-6,0.0004604515893481141,NaN,true,true
qs_bias,1,714,BigFloat128,false,0.001,3.1122808153537204e-11,1.2188052463763627e-29,2.0000000000141362,false,true
qs_bias,1,714,BigFloat128,false,0.0001,3.1122808152524155e-13,1.2188052124542147e-28,2.0000000000001386,false,true
qs_bias,1,714,BigFloat128,false,1.0e-5,3.1122808152514234e-15,1.2188052090681119e-27,1.9999999999988387,false,true
qs_bias,1,714,BigFloat128,false,1.0e-6,3.112280815259746e-17,1.2188052087295627e-26,NaN,false,true
qs_bias,1,762,Float64,false,0.001,3.009729764082638e-11,7.084840304665376e-8,-2.2674562998072174,true,true
qs_bias,1,762,Float64,false,0.0001,5.571649690466773e-9,7.084838985862812e-7,-0.9998132291715968,true,true
qs_bias,1,762,Float64,false,1.0e-5,5.5692540857767694e-8,7.084838502863168e-6,1.2308226330251664,true,true
qs_bias,1,762,Float64,false,1.0e-6,3.273213992938704e-9,7.084838884646044e-5,NaN,true,true
qs_bias,1,762,BigFloat128,false,0.001,3.978766953152593e-12,1.875341613769655e-30,2.0000000000124243,false,true
qs_bias,1,762,BigFloat128,false,0.0001,3.9787669530387686e-14,1.875341275141655e-29,2.000000000000124,false,true
qs_bias,1,762,BigFloat128,false,1.0e-5,3.9787669530376324e-16,1.8753412412865613e-28,1.9999999999994684,false,true
qs_bias,1,762,BigFloat128,false,1.0e-6,3.978766953042502e-18,1.875341237901129e-27,NaN,false,true
qs_bias,1,766,Float64,false,0.001,2.1930813528885652e-9,3.624399913607376e-7,-0.49504611373135515,true,true
qs_bias,1,766,Float64,false,0.0001,6.856474354905786e-9,3.6243997934784004e-6,-1.4408597486160375,true,true
qs_bias,1,766,Float64,false,1.0e-5,1.8921719694835888e-7,3.624399094888065e-5,0.6927277552772588,true,true
qs_bias,1,766,Float64,false,1.0e-6,3.839130273422182e-8,0.0003624399640262408,NaN,true,true
qs_bias,1,766,BigFloat128,false,0.001,2.0012621776898124e-11,9.593706711199425e-30,2.0000000000141362,false,true
qs_bias,1,766,BigFloat128,false,0.0001,2.0012621776246715e-13,9.593706372180893e-29,2.0000000000001386,false,true
qs_bias,1,766,BigFloat128,false,1.0e-5,2.0012621776240335e-15,9.593706338321895e-28,1.9999999999997673,false,true
qs_bias,1,766,BigFloat128,false,1.0e-6,2.0012621776251054e-17,9.593706334936425e-27,NaN,false,true
qs_bias,1,778,Float64,false,0.001,1.2513427370544454e-10,2.9497776599075085e-8,-0.6889338270668022,true,true
qs_bias,1,778,Float64,false,0.0001,6.113784187090172e-10,2.9497763789899536e-7,-0.47937167363822986,true,true
qs_bias,1,778,Float64,false,1.0e-5,1.843664010086463e-9,2.949776252894319e-6,-1.870629633453278,true,true
qs_bias,1,778,Float64,false,1.0e-6,1.3687099090138964e-7,2.9497762401045367e-5,NaN,true,true
qs_bias,1,778,BigFloat128,false,0.001,6.250887847064903e-13,7.807996453176095e-31,2.0000000000142357,false,true
qs_bias,1,778,BigFloat128,false,0.0001,6.250887846860008e-15,7.807993067389199e-30,2.0000000000001403,false,true
qs_bias,1,778,BigFloat128,false,1.0e-5,6.250887846857991e-17,7.807992728843193e-29,1.9999999999939069,false,true
qs_bias,1,778,BigFloat128,false,1.0e-6,6.250887846945689e-19,7.807992694988921e-28,NaN,false,true
qs_bias,1,786,Float64,false,0.001,3.176158054596746e-10,1.424970080713665e-7,-1.1441372598527733,true,true
qs_bias,1,786,Float64,false,0.0001,4.426284918318987e-9,1.4249699463574044e-6,-1.1582707579959257,true,true
qs_bias,1,786,Float64,false,1.0e-5,6.372504104401366e-8,1.4249698490671776e-5,-1.4905550369953858e-9,true,true
qs_bias,1,786,Float64,false,1.0e-6,6.372504126272627e-8,0.00014249698477881856,NaN,true,true
qs_bias,1,786,BigFloat128,false,0.001,2.3846235739259674e-11,3.7718643974603506e-30,2.000000000022012,false,true
qs_bias,1,786,BigFloat128,false,0.0001,2.3846235738051035e-13,3.77186405860668e-29,2.00000000000022,false,true
qs_bias,1,786,BigFloat128,false,1.0e-5,2.3846235738038966e-15,3.7718640247493294e-28,2.0000000000007283,false,true
qs_bias,1,786,BigFloat128,false,1.0e-6,2.3846235737998977e-17,3.771864021363875e-27,NaN,false,true
qs_bias,1,794,Float64,false,0.001,5.841912549247334e-12,1.1319890741363823e-8,-1.8547432282155152,true,true
qs_bias,1,794,Float64,false,0.0001,4.1811743713806527e-10,1.1319877951535397e-7,-1.0468741510399528,true,true
qs_bias,1,794,Float64,false,1.0e-5,4.657709848885331e-9,1.131987667255722e-6,-0.7048543774668775,true,true
qs_bias,1,794,Float64,false,1.0e-6,2.3606239457644467e-8,1.1319876277439798e-5,NaN,true,true
qs_bias,1,794,BigFloat128,false,0.001,8.692665919615285e-15,2.9963501304094013e-31,2.0000000000002776,false,true
qs_bias,1,794,BigFloat128,false,0.0001,8.692665919609734e-17,2.9963467449525004e-30,2.000000000000011,false,true
qs_bias,1,794,BigFloat128,false,1.0e-5,8.692665919609507e-19,2.9963464064097956e-29,2.0000000001343823,false,true
qs_bias,1,794,BigFloat128,false,1.0e-6,8.692665916919763e-21,2.9963463725555553e-28,NaN,false,true
qs_bias,1,800,Float64,false,0.001,1.0009709965318301e-11,9.909468469157514e-8,-2.9946404933370583,true,true
qs_bias,1,800,Float64,false,0.0001,9.886942016383348e-9,9.909467189876808e-7,-0.5932439151567509,true,true
qs_bias,1,800,Float64,false,1.0e-5,3.875305121823392e-8,9.909467061975085e-6,0.0,true,true
qs_bias,1,800,Float64,false,1.0e-6,3.875305121823392e-8,9.909467049185278e-5,NaN,true,true
qs_bias,1,800,BigFloat128,false,0.001,2.4043518727542626e-12,2.6230144635118958e-30,2.000000000014198,false,true
qs_bias,1,800,BigFloat128,false,0.0001,2.4043518726756592e-14,2.623014124862857e-29,2.000000000000139,false,true
qs_bias,1,800,BigFloat128,false,1.0e-5,2.404351872674889e-16,2.623014091007553e-28,1.999999999993015,false,true
qs_bias,1,800,BigFloat128,false,1.0e-6,2.40435187271356e-18,2.6230140876221186e-27,NaN,false,true
qs_bias,1,812,Float64,true,0.001,6.997293855448561e-9,3.4968761052758176e-6,-1.3779641002564444,true,true
qs_bias,1,812,Float64,true,0.0001,1.6706836136748393e-7,3.496876092353318e-5,-1.3045410122281065,true,true
qs_bias,1,812,Float64,true,1.0e-5,3.3684897116637025e-6,0.00034968760910730133,-0.3609725520727215,true,true
qs_bias,1,812,Float64,true,1.0e-6,7.734064280118247e-6,0.0034968760909451033,NaN,true,true
qs_bias,1,812,BigFloat128,true,0.001,1.312080194198179e-10,9.256153980109109e-29,2.0000000000141496,false,true
qs_bias,1,812,BigFloat128,true,0.0001,1.3120801941554313e-12,9.256153945903538e-28,2.00000000000014,false,true
qs_bias,1,812,BigFloat128,true,1.0e-5,1.3120801941550084e-14,9.256153942514602e-27,1.9999999999989015,false,true
qs_bias,1,812,BigFloat128,true,1.0e-6,1.3120801941583273e-16,9.256153942176025e-26,NaN,false,true
qs_bias,1,828,Float64,false,0.001,4.431859568173946e-11,3.416718383223025e-8,-1.3702813011259203,true,true
qs_bias,1,828,Float64,false,0.0001,1.0396024435508433e-9,3.4167171040893864e-7,-1.124146689286246,true,true
qs_bias,1,828,Float64,false,1.0e-5,1.3836109197861734e-8,3.4167169761901263e-6,-1.188703747319324,true,true
qs_bias,1,828,Float64,false,1.0e-6,2.136572962330487e-7,3.416716233393834e-5,NaN,true,true
qs_bias,1,828,BigFloat128,false,0.001,1.1619613666224228e-12,9.043978256497956e-31,2.000000000014153,false,true
qs_bias,1,828,BigFloat128,false,0.0001,1.1619613665845554e-14,9.043974870659407e-30,2.0000000000001408,false,true
qs_bias,1,828,BigFloat128,false,1.0e-5,1.1619613665841784e-16,9.043974532112885e-29,1.9999999999956888,false,true
qs_bias,1,828,BigFloat128,false,1.0e-6,1.1619613665957134e-18,9.043974498258607e-28,NaN,false,true
qs_bias,1,842,Float64,false,0.001,1.182935245366184e-10,7.35430365340045e-8,-1.054941219455937,true,true
qs_bias,1,842,Float64,false,0.0001,1.3424625868755493e-9,7.354302374099424e-7,0.0,true,true
qs_bias,1,842,Float64,false,1.0e-5,1.3424625868755493e-9,7.354302246198489e-6,-2.470354478439072,true,true
qs_bias,1,842,Float64,false,1.0e-6,3.965123052327696e-7,7.354299317337357e-5,NaN,true,true
qs_bias,1,842,BigFloat128,false,0.001,1.5887190884328751e-12,1.9466679682946403e-30,2.00000000001811,false,true
qs_bias,1,842,BigFloat128,false,0.0001,1.5887190883666263e-14,1.9466676296664783e-29,2.000000000000181,false,true
qs_bias,1,842,BigFloat128,false,1.0e-5,1.5887190883659642e-16,1.9466675958113832e-28,1.9999999999990035,false,true
qs_bias,1,842,BigFloat128,false,1.0e-6,1.5887190883696094e-18,1.9466675924259512e-27,NaN,false,true
qs_bias,1,850,Float64,false,0.001,5.110949104168035e-10,1.9185150704426618e-7,-1.177788299704114,true,true
qs_bias,1,850,Float64,false,0.0001,7.696439430163868e-9,1.918514942455345e-6,-1.2720549900850504,true,true
qs_bias,1,850,Float64,false,1.0e-5,1.439941491554896e-7,1.9185146534097546e-5,-0.4595629666355804,true,true
qs_bias,1,850,Float64,false,1.0e-6,4.14865969975887e-7,0.00019185149283856934,NaN,true,true
qs_bias,1,850,BigFloat128,false,0.001,9.706384138799435e-12,5.078267107715129e-30,2.0000000000226383,false,true
qs_bias,1,850,BigFloat128,false,0.0001,9.70638413829347e-14,5.078266768935521e-29,2.000000000000228,false,true
qs_bias,1,850,BigFloat128,false,1.0e-5,9.706384138288378e-16,5.0782667350789115e-28,1.999999999999779,false,true
qs_bias,1,850,BigFloat128,false,1.0e-6,9.706384138293317e-18,5.078266731693465e-27,NaN,false,true
qs_bias,1,863,Float64,false,0.001,1.0185312342172073e-10,2.2819232289325165e-8,-1.013815532512304,true,true
qs_bias,1,863,Float64,false,0.0001,1.051453047523377e-9,2.2819219499458556e-7,-0.7941427451301072,true,true
qs_bias,1,863,Float64,false,1.0e-5,6.545346302448314e-9,2.2819218071120973e-6,-0.7285489499403195,true,true
qs_bias,1,863,Float64,false,1.0e-6,3.5033342841004405e-8,2.2819217293149463e-5,NaN,true,true
qs_bias,1,863,BigFloat128,false,0.001,4.069274036029004e-15,6.0402004937836235e-31,2.0000000000001266,false,true
qs_bias,1,863,BigFloat128,false,0.0001,4.069274036027817e-17,6.04019710833412e-30,2.000000000000625,false,true
qs_bias,1,863,BigFloat128,false,1.0e-5,4.069274036021961e-19,6.04019676979149e-29,2.0000000006284027,false,true
qs_bias,1,863,BigFloat128,false,1.0e-6,4.0692740301339224e-21,6.04019673593725e-28,NaN,false,true
qs_bias,1,869,Float64,false,0.001,3.54066812381819e-10,1.4966629914669643e-7,-1.0535917518243099,true,true
qs_bias,1,869,Float64,false,0.0001,4.005686648889629e-9,1.4966628640600237e-6,-0.5640186299540593,true,true
qs_bias,1,869,Float64,false,1.0e-5,1.4678970675282673e-8,1.4966628293003924e-5,-1.2033542603492131,true,true
qs_bias,1,869,Float64,false,1.0e-6,2.3444979817986392e-7,0.0001496662849990882,NaN,true,true
qs_bias,1,869,BigFloat128,false,0.001,2.0694734174087143e-12,3.96163395361737e-30,2.00000000001424,false,true
qs_bias,1,869,BigFloat128,false,0.0001,2.0694734173408585e-14,3.961633614971322e-29,2.0000000000001386,false,true
qs_bias,1,869,BigFloat128,false,1.0e-5,2.0694734173401986e-16,3.961633581116048e-28,1.9999999999931408,false,true
qs_bias,1,869,BigFloat128,false,1.0e-6,2.0694734173728833e-18,3.9616335777306145e-27,NaN,false,true
qs_bias,1,882,Float64,false,0.001,1.388515448185446e-11,2.2951117729260446e-8,-1.6049914162825722,true,true
qs_bias,1,882,Float64,false,0.0001,5.591677714936062e-10,2.2951104926556403e-7,-1.1575316324622666,true,true
qs_bias,1,882,Float64,false,1.0e-5,8.036626122515664e-9,2.2951103660411984e-6,-1.036796221672359,true,true
qs_bias,1,882,Float64,false,1.0e-6,8.747218727412165e-8,2.2951101524931055e-5,NaN,true,true
qs_bias,1,882,BigFloat128,false,0.001,1.0125936907630697e-13,6.07511027906122e-31,2.000000000013497,false,true
qs_bias,1,882,BigFloat128,false,0.0001,1.0125936907315997e-15,6.07510689361068e-30,2.0000000000001545,false,true
qs_bias,1,882,BigFloat128,false,1.0e-5,1.0125936907312393e-17,6.075106555068039e-29,2.0000000000228297,false,true
qs_bias,1,882,BigFloat128,false,1.0e-6,1.0125936906780097e-19,6.0751065212138e-28,NaN,false,true
qs_bias,1,907,Float64,true,0.001,1.0856346932541783e-8,2.697828466075306e-6,-0.6130334601116028,true,true
qs_bias,1,907,Float64,true,0.0001,4.453661173187129e-8,2.6978284532088064e-5,-1.2212980539362557,true,true
qs_bias,1,907,Float64,true,1.0e-5,7.413362340669138e-7,0.00026978284519290626,-0.9077534385798179,true,true
qs_bias,1,907,Float64,true,1.0e-6,5.99471673023988e-6,0.002697828451801158,NaN,true,true
qs_bias,1,907,BigFloat128,true,0.001,5.1187284796042583e-11,7.141092490019735e-29,2.000000000023871,false,true
qs_bias,1,907,BigFloat128,true,0.0001,5.118728479322906e-13,7.141092455962395e-28,2.000000000000236,false,true
qs_bias,1,907,BigFloat128,true,1.0e-5,5.1187284793201294e-15,7.14109245257494e-27,2.0000000000047575,false,true
qs_bias,1,907,BigFloat128,true,1.0e-6,5.118728479264056e-17,7.141092452236378e-26,NaN,false,true
qs_bias,1,908,Float64,false,0.001,3.115914742597716e-10,4.116534481801463e-8,-0.19026899381995216,true,true
qs_bias,1,908,Float64,false,0.0001,4.828970583766109e-10,4.1165332028112027e-7,-1.4374277953114027,true,true
qs_bias,1,908,Float64,false,1.0e-5,1.3221549496161162e-8,4.11653302048643e-6,-0.6214481476601911,true,true
qs_bias,1,908,Float64,false,1.0e-6,5.5300683975765195e-8,4.116533062123607e-5,NaN,true,true
qs_bias,1,908,BigFloat128,false,0.001,3.80624406523623e-15,1.0896376045607027e-30,2.000000000000127,false,true
qs_bias,1,908,BigFloat128,false,0.0001,3.806244065235117e-17,1.0896372660147995e-29,2.0000000000012106,false,true
qs_bias,1,908,BigFloat128,false,1.0e-5,3.806244065224505e-19,1.0896372321605268e-28,2.000000001294827,false,true
qs_bias,1,908,BigFloat128,false,1.0e-6,3.806244053876381e-21,1.0896372287751028e-27,NaN,false,true
qs_bias,1,911,Float64,false,0.001,1.0490603746638212e-9,1.7859709080559266e-7,0.3799525041577826,true,true
qs_bias,1,911,Float64,false,0.0001,4.3736898107316765e-10,1.785970779323816e-6,-1.5183257643141113,true,true
qs_bias,1,911,Float64,false,1.0e-5,1.4426923975492931e-8,1.7859707673146418e-5,-1.2162910866063792,true,true
qs_bias,1,911,Float64,false,1.0e-6,2.3739131700129786e-7,0.000178597076603566,NaN,true,true
qs_bias,1,911,BigFloat128,false,0.001,2.5070258799762524e-12,4.727425631128283e-30,2.0000000000251856,false,true
qs_bias,1,911,BigFloat128,false,0.0001,2.507025879830865e-14,4.727425292444852e-29,2.000000000000249,false,true
qs_bias,1,911,BigFloat128,false,1.0e-5,2.5070258798294276e-16,4.727425258589204e-28,2.000000000001732,false,true
qs_bias,1,911,BigFloat128,false,1.0e-6,2.507025879819431e-18,4.727425255203767e-27,NaN,false,true
qs_bias,1,912,Float64,false,0.001,4.963690107374678e-11,2.3547076595523282e-8,-1.225125785042747,true,true
qs_bias,1,912,Float64,false,0.0001,8.335476757899365e-10,2.3547063805227248e-7,-0.5684663477202713,true,true
qs_bias,1,912,Float64,false,1.0e-5,3.0860061882675777e-9,2.354706245357868e-6,-0.3375119932266788,true,true
qs_bias,1,912,Float64,false,1.0e-6,6.71287848616136e-9,2.3547062398347313e-5,NaN,true,true
qs_bias,1,912,BigFloat128,false,0.001,6.49088477055703e-14,6.2328592774773595e-31,2.000000000013565,false,true
qs_bias,1,912,BigFloat128,false,0.0001,6.490884770354288e-16,6.2328558919145905e-30,2.0000000000001656,false,true
qs_bias,1,912,BigFloat128,false,1.0e-5,6.490884770351813e-18,6.232855553370827e-29,2.000000000031196,false,true
qs_bias,1,912,BigFloat128,false,1.0e-6,6.490884769885565e-20,6.232855519516576e-28,NaN,false,true
qs_bias,1,913,Float64,false,0.001,6.530280530635416e-10,1.0802973335171232e-7,-1.171246025765369,true,true
qs_bias,1,913,Float64,false,0.0001,9.686744928802362e-9,1.0802972063096501e-6,-0.8381931004986211,true,true
qs_bias,1,913,Float64,false,1.0e-5,6.673765838434186e-8,1.0802971214232234e-5,-0.702576355569596,true,true
qs_bias,1,913,Float64,false,1.0e-6,3.3647075302989833e-7,0.00010802968287523403,NaN,true,true
qs_bias,1,913,BigFloat128,false,0.001,2.6796108273853443e-12,2.8595232341095965e-30,2.0000000000162115,false,true
qs_bias,1,913,BigFloat128,false,0.0001,2.679610827285318e-14,2.859522895534456e-29,2.0000000000001674,false,true
qs_bias,1,913,BigFloat128,false,1.0e-5,2.679610827284285e-16,2.8595228616798907e-28,1.9999999999977542,false,true
qs_bias,1,913,BigFloat128,false,1.0e-6,2.6796108272981414e-18,2.8595228582944644e-27,NaN,false,true
qs_bias,1,950,Float64,false,0.001,2.4116426140926442e-11,1.35675586352864e-7,-2.3216050583191676,true,true
qs_bias,1,950,Float64,false,0.0001,5.05729174149099e-9,1.3567557287508113e-6,-0.5095814095081486,true,true
qs_bias,1,950,Float64,false,1.0e-5,1.634930956905439e-8,1.3567557006403463e-5,-1.7344301498903847,true,true
qs_bias,1,950,Float64,false,1.0e-6,8.870121465961355e-7,0.0001356755721543387,NaN,true,true
qs_bias,1,950,BigFloat128,false,0.001,7.21448937558041e-13,3.591302868091304e-30,2.0000000000141873,false,true
qs_bias,1,950,BigFloat128,false,0.0001,7.214489375344733e-15,3.591302529499627e-29,2.0000000000001594,false,true
qs_bias,1,950,BigFloat128,false,1.0e-5,7.214489375342083e-17,3.5913024956448965e-28,2.000000000002671,false,true
qs_bias,1,950,BigFloat128,false,1.0e-6,7.214489375297708e-19,3.5913024922594684e-27,NaN,false,true
qs_bias,1,962,Float64,false,0.001,5.3279699706624366e-11,2.9255132341309267e-7,-2.206685000240083,true,true
qs_bias,1,962,Float64,false,0.0001,8.57524957498996e-9,2.9255130812870795e-6,-0.5130958675421574,true,true
qs_bias,1,962,Float64,false,1.0e-5,2.7947478852152506e-8,2.9255130935841637e-5,-1.76064479986909,true,true
qs_bias,1,962,Float64,false,1.0e-6,1.6105990406264016e-6,0.0002925513092305186,NaN,true,true
qs_bias,1,962,BigFloat128,false,0.001,1.2763986754179245e-12,7.743769053332012e-30,2.000000000013593,false,true
qs_bias,1,962,BigFloat128,false,0.0001,1.2763986753779743e-14,7.743768714759665e-29,2.0000000000001497,false,true
qs_bias,1,962,BigFloat128,false,1.0e-5,1.2763986753775337e-16,7.7437686809051275e-28,2.000000000001739,false,true
qs_bias,1,962,BigFloat128,false,1.0e-6,1.2763986753724224e-18,7.743768677519701e-27,NaN,false,true
qs_bias,1,968,Float64,false,0.001,6.029583153157663e-10,2.3126157601964938e-7,-1.2955474785235848,true,true
qs_bias,1,968,Float64,false,0.0001,1.1907888716531187e-8,2.3126156047359293e-6,0.7171082186991184,true,true
qs_bias,1,968,Float64,false,1.0e-5,2.2841601405230986e-9,2.3126156142019004e-5,-2.0982884633333962,true,true
qs_bias,1,968,Float64,false,1.0e-6,2.8642769759012316e-7,0.0002312615618205306,NaN,true,true
qs_bias,1,968,BigFloat128,false,0.001,2.9870004746245323e-12,6.121442947562903e-30,2.0000000000128035,false,true
qs_bias,1,968,BigFloat128,false,0.0001,2.987000474536471e-14,6.121442608973776e-29,2.000000000000129,false,true
qs_bias,1,968,BigFloat128,false,1.0e-5,2.9870004745355857e-16,6.12144257511907e-28,1.9999999999984759,false,true
qs_bias,1,968,BigFloat128,false,1.0e-6,2.9870004745460683e-18,6.121442571733643e-27,NaN,false,true
qs_bias,2,17,Float64,false,0.001,1.6329183829482549e-12,1.0897293518125133e-9,-1.4587298844544876,true,true
qs_bias,2,17,Float64,false,0.0001,4.6956353417982105e-11,1.0897165574744308e-8,-1.2864400191975671,true,true
qs_bias,2,17,Float64,false,1.0e-5,9.081014766672898e-10,1.0897152775139088e-7,-0.7394388535625124,true,true
qs_bias,2,17,Float64,false,1.0e-6,4.983944935713018e-9,1.0897151506053368e-6,NaN,true,true
qs_bias,2,17,BigFloat128,false,0.001,2.9022961287169745e-12,2.884489576794062e-32,2.000000000487016,false,true
qs_bias,2,17,BigFloat128,false,0.0001,2.902296125462352e-14,2.8844557106021646e-31,2.0000000000048703,false,true
qs_bias,2,17,BigFloat128,false,1.0e-5,2.902296125429806e-16,2.884452325058888e-30,1.9999999999999991,false,true
qs_bias,2,17,BigFloat128,false,1.0e-6,2.9022961254298122e-18,2.88445198651532e-29,NaN,false,true
qs_bias,2,43,Float64,true,0.001,1.1121111365142156e-8,3.4987291539781666e-6,-1.006870747349215,true,true
qs_bias,2,43,Float64,true,0.0001,1.1298451796371012e-7,3.498729141181362e-5,-1.1000812339700998,true,true
qs_bias,2,43,Float64,true,1.0e-5,1.4226568884612156e-6,0.0003498729139902315,-0.019422827780288407,true,true
qs_bias,2,43,Float64,true,1.0e-6,1.4877261571566436e-6,0.0034987291397744176,NaN,true,true
qs_bias,2,43,BigFloat128,true,0.001,5.296307347064899e-31,9.261058959183348e-29,1.0024746191278553,true,true
qs_bias,2,43,BigFloat128,true,0.0001,5.266214691683848e-32,9.26105892531049e-28,-2.386307828828473,true,true
qs_bias,2,43,BigFloat128,true,1.0e-5,1.2817590401366223e-29,9.261058921924879e-27,-0.9600189446338372,true,true
qs_bias,2,43,BigFloat128,true,1.0e-6,1.169029131892765e-28,9.261058921586337e-26,NaN,true,true
qs_bias,2,50,Float64,false,0.001,6.919085766437515e-11,2.964624165576799e-8,-1.1224370753761115,true,true
qs_bias,2,50,Float64,false,0.0001,9.172459215198001e-10,2.96462288205427e-7,-1.045269154575751,true,true
qs_bias,2,50,Float64,false,1.0e-5,1.0180167973340553e-8,2.964622756857603e-6,-1.3091951796924854,true,true
qs_bias,2,50,Float64,false,1.0e-6,2.0746752385802898e-7,2.9646227440676512e-5,NaN,true,true
qs_bias,2,50,BigFloat128,false,0.001,3.4315781819394503e-13,7.847294826468237e-31,2.000000000033583,false,true
qs_bias,2,50,BigFloat128,false,0.0001,3.431578181674094e-15,7.84729143621029e-30,2.0000000000003375,false,true
qs_bias,2,50,BigFloat128,false,1.0e-5,3.4315781816714276e-17,7.847291097619574e-29,1.9999999999988713,false,true
qs_bias,2,50,BigFloat128,false,1.0e-6,3.4315781816803467e-19,7.847291063764854e-28,NaN,false,true
qs_bias,2,52,Float64,false,0.001,2.2293146916337226e-11,1.3127744437389025e-8,-1.0510022695265675,true,true
qs_bias,2,52,Float64,false,0.0001,2.5071114923227833e-10,1.3127731636815308e-7,-1.6289688203882864,true,true
qs_bias,2,52,Float64,false,1.0e-5,1.0669460699163731e-8,1.312773036105452e-6,-0.7486330336252098,true,true
qs_bias,2,52,Float64,false,1.0e-6,5.981023401722863e-8,1.3127730233156075e-5,NaN,true,true
qs_bias,2,52,BigFloat128,false,0.001,1.592186599696543e-12,3.4748850192453683e-31,2.0000000000328986,false,true
qs_bias,2,52,BigFloat128,false,0.0001,1.5921865995759325e-14,3.474881631838386e-30,2.000000000000327,false,true
qs_bias,2,52,BigFloat128,false,1.0e-5,1.5921865995747342e-16,3.47488129327618e-29,2.0000000000011293,false,true
qs_bias,2,52,BigFloat128,false,1.0e-6,1.5921865995705944e-18,3.474881259421745e-28,NaN,false,true
qs_bias,2,57,Float64,true,0.001,1.2672296101357006e-8,3.4987291539781658e-6,-0.8474662591496069,true,true
qs_bias,2,57,Float64,true,0.0001,8.919111049721096e-8,3.498729141181362e-5,-0.5904661694511992,true,true
qs_bias,2,57,Float64,true,1.0e-5,3.473663463537946e-7,0.00034987291399023147,-1.2998572014379042,true,true
qs_bias,2,57,Float64,true,1.0e-6,6.928591267829631e-6,0.0034987291397744168,NaN,true,true
qs_bias,2,57,BigFloat128,true,0.001,1.9259299443872359e-31,9.261058959183348e-29,-1.0067333826589684,true,true
qs_bias,2,57,BigFloat128,true,0.0001,1.9560225997682864e-30,9.26105892531049e-28,0.39378404890087987,true,true
qs_bias,2,57,BigFloat128,true,1.0e-5,7.899322037525772e-31,9.261058921924879e-27,-2.166507641887386,true,true
qs_bias,2,57,BigFloat128,true,1.0e-6,1.1590374299107755e-28,9.261058921586337e-26,NaN,true,true
qs_bias,2,58,Float64,true,0.001,1.7765295816413067e-9,2.676109248049249e-6,-0.8612530004830712,true,true
qs_bias,2,58,Float64,true,0.0001,1.2907003979713666e-8,2.6761092352524455e-5,-1.4292802332001977,true,true
qs_bias,2,58,Float64,true,1.0e-5,3.4682123242638294e-7,0.0002676109233973398,-1.1410460632946213,true,true
qs_bias,2,58,Float64,true,1.0e-6,4.7990109454370295e-6,0.0026761092338454993,NaN,true,true
qs_bias,2,58,BigFloat128,true,0.001,2.1655754734913822e-31,7.083602198592642e-29,-0.6640461789574309,true,true
qs_bias,2,58,BigFloat128,true,0.0001,9.991242571709001e-31,7.083602164719785e-28,-1.0313535412238846,true,true
qs_bias,2,58,BigFloat128,true,1.0e-5,1.0739227542885413e-29,7.083602161334175e-27,-0.6479206379130515,true,true
qs_bias,2,58,BigFloat128,true,1.0e-6,4.7741238606686644e-29,7.083602160995631e-26,NaN,true,true
qs_bias,2,62,Float64,true,0.001,7.437627069784014e-9,1.3995662301422956e-6,-0.7555634243571719,true,true
qs_bias,2,62,Float64,true,0.0001,4.236408424063143e-8,1.3995662173154446e-5,-1.149670168809932,true,true
qs_bias,2,62,Float64,true,1.0e-5,5.979542978540309e-7,0.00013995662160360968,0.023651384325642833,true,true
qs_bias,2,62,Float64,true,1.0e-6,5.662609424694764e-7,0.0013995662159081955,NaN,true,true
qs_bias,2,62,BigFloat128,true,0.001,1.0292231889460853e-12,3.7046209649844345e-29,2.0000000000014717,false,true
qs_bias,2,62,BigFloat128,true,0.0001,1.0292231889425971e-14,3.7046209310320426e-28,2.0000000000000844,false,true
qs_bias,2,62,BigFloat128,true,1.0e-5,1.029223188942397e-16,3.704620927645637e-27,2.000000000103821,false,true
qs_bias,2,62,BigFloat128,true,1.0e-6,1.0292231886963538e-18,3.704620927307086e-26,NaN,false,true
qs_bias,2,63,Float64,false,0.001,5.843583266612501e-10,4.961422717651536e-8,-0.5405699462299989,true,true
qs_bias,2,63,Float64,false,0.0001,2.028846466922071e-9,4.961421438654716e-7,-0.7048733731398226,true,true
qs_bias,2,63,Float64,false,1.0e-5,1.028306441126962e-8,4.961421310756826e-6,-1.545573014892218,true,true
qs_bias,2,63,Float64,false,1.0e-6,3.6115661265022413e-7,4.961419506116945e-5,NaN,true,true
qs_bias,2,63,BigFloat128,false,0.001,1.3997904865078158e-15,1.3132776584708798e-30,2.000000000000237,false,true
qs_bias,2,63,BigFloat128,false,0.0001,1.399790486507051e-17,1.313277319923242e-29,1.9999999999955151,false,true
qs_bias,2,63,BigFloat128,false,1.0e-5,1.3997904865215063e-19,1.3132772860689523e-28,2.0000000002179457,false,true
qs_bias,2,63,BigFloat128,false,1.0e-6,1.399790485819038e-21,1.313277282683528e-27,NaN,false,true
qs_bias,2,65,Float64,true,0.001,1.868948873440246e-8,3.4987291539852313e-6,-0.25008193700887266,true,true
qs_bias,2,65,Float64,true,0.0001,3.324140396276931e-8,3.498729141181433e-5,0.0,true,true
qs_bias,2,65,Float64,true,1.0e-5,3.324140396276931e-8,0.0003498729139902316,-2.7195945288989893,true,true
qs_bias,2,65,Float64,true,1.0e-6,1.7429056870077453e-5,0.0034987291397744176,NaN,true,true
qs_bias,2,65,BigFloat128,true,0.001,2.851691865150099e-14,9.26105895920205e-29,2.0000000000002256,false,true
qs_bias,2,65,BigFloat128,true,0.0001,2.8516918651486173e-16,9.261058925310676e-28,2.00000000000588,false,true
qs_bias,2,65,BigFloat128,true,1.0e-5,2.851691865110007e-18,9.261058921924882e-27,2.000000013561154,false,true
qs_bias,2,65,BigFloat128,true,1.0e-6,2.851691776063903e-20,9.261058921586337e-26,NaN,false,true
qs_bias,2,73,Float64,true,0.001,2.8407216474788094e-10,2.9489204529140213e-6,-2.8106642924646503,true,true
qs_bias,2,73,Float64,true,0.0001,1.8369315494096658e-7,2.9489198984150234e-5,-0.0013412354293974502,true,true
qs_bias,2,73,Float64,true,1.0e-5,1.8426133301364372e-7,0.00029489204388324176,-1.734408631302905,true,true
qs_bias,2,73,Float64,true,1.0e-6,9.996381911621421e-6,0.0029489204387045196,NaN,true,true
qs_bias,2,73,BigFloat128,true,0.001,1.5539798048747454e-15,7.805727445157053e-29,2.0000000000003846,false,true
qs_bias,2,73,BigFloat128,true,0.0001,1.553979804873369e-17,7.805727411269121e-28,1.999999999711863,false,true
qs_bias,2,73,BigFloat128,true,1.0e-5,1.5539798059043724e-19,7.80572740788336e-27,1.999999981453088,false,true
qs_bias,2,73,BigFloat128,true,1.0e-6,1.553979872268392e-21,7.805727407544815e-26,NaN,false,true
qs_bias,2,76,Float64,true,0.001,1.4255429684094953e-9,1.8864101458969023e-6,-1.7891731063252487,true,true
qs_bias,2,76,Float64,true,0.0001,8.773106845963303e-8,1.886409970284687e-5,-0.4453920989457891,true,true
qs_bias,2,76,Float64,true,1.0e-5,2.4465016754980483e-7,0.0001886409672991783,-1.425793573531916,true,true
qs_bias,2,76,Float64,true,1.0e-6,6.521373750727344e-6,0.0018863978323889058,NaN,true,true
qs_bias,2,76,BigFloat128,true,0.001,3.621939031876024e-14,4.9932860871477383e-29,2.000000000000469,false,true
qs_bias,2,76,BigFloat128,true,0.0001,3.6219390318721116e-16,4.993286053254252e-28,1.9999999999922466,false,true
qs_bias,2,76,BigFloat128,true,1.0e-5,3.6219390319367735e-18,4.9932860498684356e-27,1.9999999978651175,false,true
qs_bias,2,76,BigFloat128,true,1.0e-6,3.621939049741315e-20,4.9932860495298896e-26,NaN,false,true
qs_bias,2,77,Float64,true,0.001,1.7706734467548557e-8,3.4987291539781907e-6,0.0,true,true
qs_bias,2,77,Float64,true,0.0001,1.7706734467548557e-8,3.498729141181363e-5,0.0,true,true
qs_bias,2,77,Float64,true,1.0e-5,1.7706734467548557e-8,0.00034987291399023147,-2.9944030781347593,true,true
qs_bias,2,77,Float64,true,1.0e-6,1.748000500850777e-5,0.003498729139774417,NaN,true,true
qs_bias,2,77,BigFloat128,true,0.001,6.241354660011824e-13,9.261058959183413e-29,2.0000000000002354,false,true
qs_bias,2,77,BigFloat128,true,0.0001,6.241354660008441e-15,9.26105892531049e-28,2.000000000000212,false,true
qs_bias,2,77,BigFloat128,true,1.0e-5,6.241354660005395e-17,9.261058921924879e-27,2.000000000025983,false,true
qs_bias,2,77,BigFloat128,true,1.0e-6,6.241354659631981e-19,9.261058921586337e-26,NaN,false,true
qs_bias,2,84,Float64,false,0.001,5.277182384014007e-11,6.089139416410015e-8,-0.9344117252540475,true,true
qs_bias,2,84,Float64,false,0.0001,4.5374706542424896e-10,6.089138134645749e-7,-1.2490645979886985,true,true
qs_bias,2,84,Float64,false,1.0e-5,8.05153021919529e-9,6.089137960483862e-6,-0.33152489810371505,true,true
qs_bias,2,84,Float64,false,1.0e-6,1.7274414065829504e-8,6.08913799672097e-5,NaN,true,true
qs_bias,2,84,BigFloat128,false,0.001,3.4775687019753322e-15,1.611781783163777e-30,2.0000000000002336,false,true
qs_bias,2,84,BigFloat128,false,0.0001,3.477568701973461e-17,1.6117814446149476e-29,2.00000000000174,false,true
qs_bias,2,84,BigFloat128,false,1.0e-5,3.4775687019595303e-19,1.6117814107606455e-28,2.0000000029847462,false,true
qs_bias,2,84,BigFloat128,false,1.0e-6,3.477568678059481e-21,1.6117814073752214e-27,NaN,false,true
qs_bias,2,85,Float64,true,0.001,2.824213229946082e-8,3.4987291539855006e-6,1.515542318920014,true,true
qs_bias,2,85,Float64,true,0.0001,8.616981572728832e-10,3.498729141181436e-5,-3.1303333980516173,true,true
qs_bias,2,85,Float64,true,1.0e-5,1.1632915200565641e-6,0.0003498729139902316,-0.602461930157714,true,true
qs_bias,2,85,Float64,true,1.0e-6,4.6574745712346655e-6,0.003498729139774417,NaN,true,true
qs_bias,2,85,BigFloat128,true,0.001,1.2676018692530131e-13,9.261058959202763e-29,2.000000000000232,false,true
qs_bias,2,85,BigFloat128,true,0.0001,1.2676018692523366e-15,9.261058925310684e-28,1.9999999999999083,false,true
qs_bias,2,85,BigFloat128,true,1.0e-5,1.2676018692526043e-17,9.261058921924882e-27,1.9999999975996774,false,true
qs_bias,2,85,BigFloat128,true,1.0e-6,1.267601876258573e-19,9.261058921586337e-26,NaN,false,true
qs_bias,2,89,Float64,true,0.001,8.011932944873596e-9,2.545868404655384e-6,-0.6959084903614069,true,true
qs_bias,2,89,Float64,true,0.0001,3.9778261293982545e-8,2.5458683109856884e-5,-0.6358757560796676,true,true
qs_bias,2,89,Float64,true,1.0e-5,1.7199726944562072e-7,0.00025458684109768597,-1.3733783766897023,true,true
qs_bias,2,89,Float64,true,1.0e-6,4.063496864539962e-6,0.0025458580657206575,NaN,true,true
qs_bias,2,89,BigFloat128,true,0.001,8.662007027927046e-32,6.738857610606445e-29,-1.1066881053352118,true,true
qs_bias,2,89,BigFloat128,true,0.0001,1.1074054004569147e-30,6.738857576733587e-28,-1.0080174342340888,true,true
qs_bias,2,89,BigFloat128,true,1.0e-5,1.1280388868570645e-29,6.738857573347977e-27,-0.7940697214732332,true,true
qs_bias,2,89,BigFloat128,true,1.0e-6,7.020916254522583e-29,6.738857573009434e-26,NaN,true,true
qs_bias,2,100,Float64,true,0.001,1.489008356888525e-9,2.5673388550305554e-6,-1.623534609036094,true,true
qs_bias,2,100,Float64,true,0.0001,6.257945033652554e-8,2.5673388460583965e-5,-1.1021102705301724,true,true
qs_bias,2,100,Float64,true,1.0e-5,7.916660387066764e-7,0.0002567336812304394,-1.0468577346025625,true,true
qs_bias,2,100,Float64,true,1.0e-6,8.818602138739458e-6,0.0025673388446514696,NaN,true,true
qs_bias,2,100,BigFloat128,true,0.001,4.3145072918781794e-13,6.795689375669071e-29,2.00000000000005,false,true
qs_bias,2,100,BigFloat128,true,0.0001,4.314507291877682e-15,6.7956893418040285e-28,1.999999999999842,false,true
qs_bias,2,100,BigFloat128,true,1.0e-5,4.3145072918792525e-17,6.795689338418496e-27,2.000000000038111,false,true
qs_bias,2,100,BigFloat128,true,1.0e-6,4.3145072915006384e-19,6.795689338079953e-26,NaN,false,true
qs_bias,2,108,Float64,true,0.001,1.868688719247441e-8,2.4319646773328495e-6,1.0831234635230929,true,true
qs_bias,2,108,Float64,true,0.0001,1.5431690354587367e-9,2.4319646607805848e-5,-2.815890519624304,true,true
qs_bias,2,108,Float64,true,1.0e-5,1.0099596426322288e-6,0.00024319646632544448,-0.30202334858492924,true,true
qs_bias,2,108,Float64,true,1.0e-6,2.0245446932797784e-6,0.0024319597395053936,NaN,true,true
qs_bias,2,108,BigFloat128,true,0.001,5.791087331145514e-14,6.437356900811208e-29,2.000000000000229,false,true
qs_bias,2,108,BigFloat128,true,0.0001,5.791087331142459e-16,6.437356866931658e-28,2.0000000000028293,false,true
qs_bias,2,108,BigFloat128,true,1.0e-5,5.79108733110473e-18,6.437356863545981e-27,1.9999999917082503,false,true
qs_bias,2,108,BigFloat128,true,1.0e-6,5.791087441670829e-20,6.437356863207437e-26,NaN,false,true
qs_bias,2,118,Float64,false,0.001,6.417230896592916e-12,6.20480757910565e-8,-2.203742136666336,true,true
qs_bias,2,118,Float64,false,0.0001,1.0258640302514341e-9,6.204806300144145e-7,-1.4939828372796653,true,true
qs_bias,2,118,Float64,false,1.0e-5,3.199430199070438e-8,6.204806172246208e-6,-0.9384875997531418,true,true
qs_bias,2,118,Float64,false,1.0e-6,2.7768999936796984e-7,6.204804436443819e-5,NaN,true,true
qs_bias,2,118,BigFloat128,false,0.001,4.135767136092654e-15,1.642398890909182e-30,2.0000000000002327,false,true
qs_bias,2,118,BigFloat128,false,0.0001,4.135767136090437e-17,1.6423985523603572e-29,1.9999999999990399,false,true
qs_bias,2,118,BigFloat128,false,1.0e-5,4.135767136099581e-19,1.6423985185060552e-28,2.000000000014969,false,true
qs_bias,2,118,BigFloat128,false,1.0e-6,4.135767135957031e-21,1.642398515120631e-27,NaN,false,true
qs_bias,2,135,Float64,true,0.001,1.8522396172393485e-8,3.498729153978166e-6,-0.5698224280743122,true,true
qs_bias,2,135,Float64,true,0.0001,6.878909519780763e-8,3.498729141181362e-5,-0.7280547679680641,true,true
qs_bias,2,135,Float64,true,1.0e-5,3.6776836165319793e-7,0.00034987291399023147,-1.4264739773017725,true,true
qs_bias,2,135,Float64,true,1.0e-6,9.818572298203598e-6,0.0034987291397744168,NaN,true,true
qs_bias,2,135,BigFloat128,true,0.001,4.8148248609680896e-32,9.261058959183348e-29,-1.7265744050086105,true,true
qs_bias,2,135,BigFloat128,true,0.0001,2.5653988712345603e-30,9.26105892531049e-28,-0.9819593566554397,true,true
qs_bias,2,135,BigFloat128,true,1.0e-5,2.461014972881541e-29,9.261058921924879e-27,-0.6520955172235242,true,true
qs_bias,2,135,BigFloat128,true,1.0e-6,1.1046120414677036e-28,9.261058921586337e-26,NaN,true,true
qs_bias,2,141,Float64,false,0.001,9.089187568918188e-11,6.132050489088289e-8,-1.5499619290003737,true,true
qs_bias,2,141,Float64,false,0.0001,3.224682753092637e-9,6.132049210644607e-7,-0.3351870291794175,true,true
qs_bias,2,141,Float64,false,1.0e-5,6.977085162279206e-9,6.132049039962842e-6,-1.5746624385930899,true,true
qs_bias,2,141,Float64,false,1.0e-6,2.6202121889497664e-7,6.13204746322993e-5,NaN,true,true
qs_bias,2,141,BigFloat128,false,0.001,4.319598855097099e-15,1.6231402496739687e-30,2.0000000000002327,false,true
qs_bias,2,141,BigFloat128,false,0.0001,4.3195988550947836e-17,1.62313991112522e-29,1.9999999999993736,false,true
qs_bias,2,141,BigFloat128,false,1.0e-5,4.3195988551010134e-19,1.6231398772709191e-28,1.9999999994562951,false,true
qs_bias,2,141,BigFloat128,false,1.0e-6,4.319598860508836e-21,1.623139873885495e-27,NaN,false,true
qs_bias,2,142,Float64,true,0.001,1.2988061737218004e-9,3.4933239374300064e-6,-1.6603630251490107,true,true
qs_bias,2,142,Float64,true,0.0001,5.9416541575707527e-8,3.4933239246261886e-5,-1.515735742116557,true,true
qs_bias,2,142,Float64,true,1.0e-5,1.9482429420847325e-6,0.00034933239233470714,-0.7383545283920997,true,true
qs_bias,2,142,Float64,true,1.0e-6,1.0665903252160547e-5,0.0034933239232191726,NaN,true,true
qs_bias,2,142,BigFloat128,true,0.001,5.318292343289039e-15,9.246751470110423e-29,2.0000000000003335,false,true
qs_bias,2,142,BigFloat128,true,0.0001,5.318292343284956e-17,9.246751436219001e-28,1.999999999931628,false,true
qs_bias,2,142,BigFloat128,true,1.0e-5,5.318292344122226e-19,9.246751432833206e-27,1.9999999635795886,false,true
qs_bias,2,142,BigFloat128,true,1.0e-6,5.318292790120072e-21,9.246751432494661e-26,NaN,false,true
qs_bias,2,146,Float64,true,0.001,1.5867888447651524e-8,3.498729153978188e-6,-0.42622938109585556,true,true
qs_bias,2,146,Float64,true,0.0001,4.2339772465815884e-8,3.498729141181363e-5,-0.768924701949756,true,true
qs_bias,2,146,Float64,true,1.0e-5,2.4869853199049885e-7,0.00034987291399023147,-1.4808134370547115,true,true
qs_bias,2,146,Float64,true,1.0e-6,7.524656146284947e-6,0.0034987291397744168,NaN,true,true
qs_bias,2,146,BigFloat128,true,0.001,5.616443227318035e-13,9.261058959183405e-29,2.0000000000002354,false,true
qs_bias,2,146,BigFloat128,true,0.0001,5.61644322731499e-15,9.26105892531049e-28,1.9999999999999531,false,true
qs_bias,2,146,BigFloat128,true,1.0e-5,5.616443227315596e-17,9.261058921924879e-27,1.9999999998793974,false,true
qs_bias,2,146,BigFloat128,true,1.0e-6,5.616443228875269e-19,9.261058921586337e-26,NaN,false,true
qs_bias,2,149,Float64,true,0.001,7.443714866717244e-9,3.4987291539781658e-6,-1.2199599377546695,true,true
qs_bias,2,149,Float64,true,0.0001,1.2352352218858442e-7,3.498729141181362e-5,-0.6565011570275463,true,true
qs_bias,2,149,Float64,true,1.0e-5,5.6008097903959e-7,0.00034987291399023147,-1.2352067493499646,true,true
qs_bias,2,149,Float64,true,1.0e-6,9.626259680817206e-6,0.0034987291397744168,NaN,true,true
qs_bias,2,149,BigFloat128,true,0.001,1.9259299443872359e-31,9.261058959183348e-29,0.10720996964786837,true,true
qs_bias,2,149,BigFloat128,true,0.0001,1.504632769052528e-31,9.26105892531049e-28,-1.6258267132857112,true,true
qs_bias,2,149,BigFloat128,true,1.0e-5,6.357073449246931e-30,9.261058921924879e-27,-0.05935500656467436,true,true
qs_bias,2,149,BigFloat128,true,1.0e-6,7.288064975098183e-30,9.261058921586337e-26,NaN,true,true
qs_bias,2,169,Float64,true,0.001,2.0396299094116443e-9,2.8804338364472147e-6,-1.4528411380361952,true,true
qs_bias,2,169,Float64,true,0.0001,5.786187595724357e-8,2.8804338236488765e-5,-1.2945764297530302,true,true
qs_bias,2,169,Float64,true,1.0e-5,1.1401682409317715e-6,0.00028804338223698136,-1.1989861649692186,true,true
qs_bias,2,169,Float64,true,1.0e-6,1.8028313628959403e-5,0.002880433822241915,NaN,true,true
qs_bias,2,169,BigFloat128,true,0.001,7.912894205858832e-13,7.6244448808028e-29,2.0000000000003477,false,true
qs_bias,2,169,BigFloat128,true,0.0001,7.912894205852498e-15,7.62444484692588e-28,1.9999999999999327,false,true
qs_bias,2,169,BigFloat128,true,1.0e-5,7.912894205853724e-17,7.62444484354023e-27,1.999999999868122,false,true
qs_bias,2,169,BigFloat128,true,1.0e-6,7.912894208256557e-19,7.624444843201686e-26,NaN,false,true
qs_bias,2,177,Float64,true,0.001,1.5630489291762473e-8,3.4987291539838705e-6,-0.9267520554183557,true,true
qs_bias,2,177,Float64,true,0.0001,1.320458111186973e-7,3.49872914118142e-5,0.0,true,true
qs_bias,2,177,Float64,true,1.0e-5,1.320458111186973e-7,0.0003498729139902316,-1.5059778855168486,true,true
qs_bias,2,177,Float64,true,1.0e-6,4.233528757391358e-6,0.003498729139774417,NaN,true,true
qs_bias,2,177,BigFloat128,true,0.001,5.89788492857517e-14,9.261058959198448e-29,2.0000000000002336,false,true
qs_bias,2,177,BigFloat128,true,0.0001,5.897884928572001e-16,9.26105892531064e-28,2.0000000000072062,false,true
qs_bias,2,177,BigFloat128,true,1.0e-5,5.897884928474137e-18,9.26105892192488e-27,1.9999999947393594,false,true
qs_bias,2,177,BigFloat128,true,1.0e-6,5.897884999915648e-20,9.261058921586337e-26,NaN,false,true
qs_bias,2,184,Float64,false,0.001,1.806147002186207e-11,2.8529910053767004e-8,-1.8241175164537904,true,true
qs_bias,2,184,Float64,false,0.0001,1.2046769786664254e-9,2.852989726388998e-7,-0.9940999501663255,true,true
qs_bias,2,184,Float64,false,1.0e-5,1.1884216672347917e-8,2.852989598491198e-6,-0.7776008685330645,true,true
qs_bias,2,184,Float64,false,1.0e-6,7.121499198869567e-8,2.8529895857014284e-5,NaN,true,true
qs_bias,2,184,BigFloat128,false,0.001,3.399420929120913e-15,7.551804311794459e-31,2.000000000000234,false,true
qs_bias,2,184,BigFloat128,false,0.0001,3.39942092911908e-17,7.551800926342226e-30,2.00000000000001,false,true
qs_bias,2,184,BigFloat128,false,1.0e-5,3.3994209291190007e-19,7.551800587799567e-29,2.0000000024901685,false,true
qs_bias,2,184,BigFloat128,false,1.0e-6,3.3994209096273146e-21,7.551800553945328e-28,NaN,false,true
qs_bias,2,214,Float64,true,0.001,1.7824452007655644e-9,3.293713698292786e-6,-2.0933168044674257,true,true
qs_bias,2,214,Float64,true,0.0001,2.2096983495952076e-7,3.293712963551327e-5,-0.7159687457328882,true,true
qs_bias,2,214,Float64,true,1.0e-5,1.1489516073581556e-6,0.00032937136900836083,-1.0227822798205761,true,true
qs_bias,2,214,Float64,true,1.0e-6,1.2108323536520998e-5,0.0032937136899557104,NaN,true,true
qs_bias,2,214,BigFloat128,true,0.001,8.26400703650527e-14,8.71838758202932e-29,2.0000000000001985,false,true
qs_bias,2,214,BigFloat128,true,0.0001,8.264007036501491e-16,8.718387548146194e-28,1.9999999999967337,false,true
qs_bias,2,214,BigFloat128,true,1.0e-5,8.264007036563644e-18,8.718387544760481e-27,2.000000004996444,false,true
qs_bias,2,214,BigFloat128,true,1.0e-6,8.264006941488409e-20,8.718387544421937e-26,NaN,false,true
qs_bias,2,215,Float64,true,0.001,1.3428762712930364e-8,3.498729153978184e-6,-0.31882223288089134,true,true
qs_bias,2,215,Float64,true,0.0001,2.7980677941297216e-8,3.498729141181363e-5,8.61601228698322e-10,true,true
qs_bias,2,215,Float64,true,1.0e-5,2.7980677885786065e-8,0.00034987291399023147,-2.4133585708011265,true,true
qs_bias,2,215,Float64,true,1.0e-6,7.247976936242129e-6,0.0034987291397744168,NaN,true,true
qs_bias,2,215,BigFloat128,true,0.001,4.687842126088953e-13,9.261058959183395e-29,2.0000000000002354,false,true
qs_bias,2,215,BigFloat128,true,0.0001,4.687842126086413e-15,9.26105892531049e-28,2.0000000000002873,false,true
qs_bias,2,215,BigFloat128,true,1.0e-5,4.687842126083311e-17,9.261058921924879e-27,2.0000000002342135,false,true
qs_bias,2,215,BigFloat128,true,1.0e-6,4.687842123555174e-19,9.261058921586337e-26,NaN,false,true
qs_bias,2,237,Float64,true,0.001,8.943175422437832e-9,3.1524270207913688e-6,-1.3220429807189198,true,true
qs_bias,2,237,Float64,true,0.0001,1.8773045395992227e-7,3.152427007988416e-5,-0.8681215054754344,true,true
qs_bias,2,237,Float64,true,1.0e-5,1.3856585817650924e-6,0.0003152427006709308,-0.28919509830162093,true,true
qs_bias,2,237,Float64,true,1.0e-6,2.696816111535938e-6,0.0031524270065814083,NaN,true,true
qs_bias,2,237,BigFloat128,true,0.001,1.0690801481913777e-13,8.344404845078146e-29,2.0000000000002904,false,true
qs_bias,2,237,BigFloat128,true,0.0001,1.0690801481906625e-15,8.344404811189014e-28,1.999999999997324,false,true
qs_bias,2,237,BigFloat128,true,1.0e-5,1.0690801481972501e-17,8.34440480780324e-27,1.9999999962489832,false,true
qs_bias,2,237,BigFloat128,true,1.0e-6,1.069080157430933e-19,8.344404807464696e-26,NaN,false,true
qs_bias,2,238,Float64,true,0.001,1.2439966445842998e-8,3.498729153978183e-6,-0.6541104567899804,true,true
qs_bias,2,238,Float64,true,0.0001,5.6095712130943554e-8,3.498729141181363e-5,-1.3969177904778471,true,true
qs_bias,2,238,Float64,true,1.0e-5,1.3990958107612528e-6,0.00034987291399023147,-0.48857729806389866,true,true
qs_bias,2,238,Float64,true,1.0e-6,4.309478856379112e-6,0.003498729139774417,NaN,true,true
qs_bias,2,238,BigFloat128,true,0.001,4.653727109936623e-13,9.261058959183394e-29,2.0000000000002354,false,true
qs_bias,2,238,BigFloat128,true,0.0001,4.6537271099341e-15,9.26105892531049e-28,1.999999999999896,false,true
qs_bias,2,238,BigFloat128,true,1.0e-5,4.6537271099352144e-17,9.261058921924879e-27,2.000000000261907,false,true
qs_bias,2,238,BigFloat128,true,1.0e-6,4.653727107128722e-19,9.261058921586337e-26,NaN,false,true
qs_bias,2,241,Float64,true,0.001,1.9146224050636818e-9,3.4987291539781658e-6,-0.9345191542921248,true,true
qs_bias,2,241,Float64,true,0.0001,1.6466537633430534e-8,3.498729141181362e-5,-1.5604931715007992,true,true
qs_bias,2,241,Float64,true,1.0e-5,5.985431467542268e-7,0.00034987291399023147,-1.047512871199691,true,true
qs_bias,2,241,Float64,true,1.0e-6,6.677414467415321e-6,0.0034987291397744168,NaN,true,true
qs_bias,2,241,BigFloat128,true,0.001,1.0833355937178202e-31,9.261058959183348e-29,-1.3169454218609444,true,true
qs_bias,2,241,BigFloat128,true,0.0001,2.2475451987722137e-30,9.26105892531049e-28,-0.6776489432302929,true,true
qs_bias,2,241,BigFloat128,true,1.0e-5,1.0699349581184461e-29,9.261058921924879e-27,0.2130867540180988,true,true
qs_bias,2,241,BigFloat128,true,1.0e-6,6.550442269957197e-30,9.261058921586337e-26,NaN,true,true
qs_bias,2,242,Float64,false,0.001,3.68127287221637e-9,1.3244749010550227e-6,-0.9990679747130822,true,true
qs_bias,2,242,Float64,false,0.0001,3.673381083214002e-8,1.3244748882582193e-5,-0.5439346786302844,true,true
qs_bias,2,242,Float64,false,1.0e-5,1.285288624478076e-7,0.00013244747167459215,-0.8792114261371339,true,true
qs_bias,2,242,Float64,false,1.0e-6,9.732223859079177e-7,0.0013244748868512736,NaN,true,true
qs_bias,2,242,BigFloat128,false,0.001,1.1227424792553909e-31,3.505855871890575e-29,-0.17721796680469573,true,true
qs_bias,2,242,BigFloat128,false,0.0001,1.6884885557094183e-31,3.505855838017718e-28,-0.9530444420892846,true,true
qs_bias,2,242,BigFloat128,false,1.0e-5,1.5154533200469647e-30,3.505855834632108e-27,-1.3798760084214468,true,true
qs_bias,2,242,BigFloat128,false,1.0e-6,3.6342815716290953e-29,3.5058558342935644e-26,NaN,true,true
qs_bias,2,260,Float64,true,0.001,2.2070440705712964e-9,1.2374014234987774e-6,-1.583316175837322,true,true
qs_bias,2,260,Float64,true,0.0001,8.455264174274148e-8,1.2374013088083947e-5,-0.15677430203321732,true,true
qs_bias,2,260,Float64,true,1.0e-5,1.213113632457179e-7,0.00012374014121549153,0.0,true,true
qs_bias,2,260,Float64,true,1.0e-6,1.213113632457179e-7,0.0012374014120270175,NaN,true,true
qs_bias,2,260,BigFloat128,true,0.001,5.20932460769875e-14,3.275374303112586e-29,2.000000000000334,false,true
qs_bias,2,260,BigFloat128,true,0.0001,5.209324607694746e-16,3.2753742692424915e-28,2.000000000000079,false,true
qs_bias,2,260,BigFloat128,true,1.0e-5,5.2093246076938e-18,3.275374265856909e-27,2.000000002560572,false,true
qs_bias,2,260,BigFloat128,true,1.0e-6,5.209324576979958e-20,3.2753742655183654e-26,NaN,false,true
qs_bias,2,261,Float64,true,0.001,5.802415634258482e-9,2.908974589123479e-6,-0.9743199259538202,true,true
qs_bias,2,261,Float64,true,0.0001,5.469262405961446e-8,2.908974593206928e-5,-1.3640221566722914,true,true
qs_bias,2,261,Float64,true,1.0e-5,1.2645934186104338e-6,0.00029089745919278913,-1.1836817108322173,true,true
qs_bias,2,261,Float64,true,1.0e-6,1.9303347462337305e-5,0.002908918438852689,NaN,true,true
qs_bias,2,261,BigFloat128,true,0.001,3.631482542777889e-13,7.699991668779283e-29,2.0000000000000795,false,true
qs_bias,2,261,BigFloat128,true,0.0001,3.631482542777225e-15,7.699991634912297e-28,1.9999999999996856,false,true
qs_bias,2,261,BigFloat128,true,1.0e-5,3.6314825427798534e-17,7.699991631526746e-27,2.0000000002034812,false,true
qs_bias,2,261,BigFloat128,true,1.0e-6,3.6314825410783857e-19,7.699991631188203e-26,NaN,false,true
qs_bias,2,264,Float64,true,0.001,4.437740364086724e-9,2.2167282925443606e-6,-0.8639394028937101,true,true
qs_bias,2,264,Float64,true,0.0001,3.2441527343443476e-8,2.2167282895848216e-5,-0.8250338319436513,true,true
qs_bias,2,264,Float64,true,1.0e-5,2.1683786597956217e-7,0.00022167282883057743,3.5398956931896657e-10,true,true
qs_bias,2,264,Float64,true,1.0e-6,2.1683786580281956e-7,0.0022167282881778764,NaN,true,true
qs_bias,2,264,BigFloat128,true,0.001,1.0152508682063745e-31,5.867630960088533e-29,-0.6188994060778756,true,true
qs_bias,2,264,BigFloat128,true,0.0001,4.221558147845423e-31,5.867630926215676e-28,-1.6107301267304408,true,true
qs_bias,2,264,BigFloat128,true,1.0e-5,1.7226732198623687e-29,5.867630922830066e-27,-0.7113002112700201,true,true
qs_bias,2,264,BigFloat128,true,1.0e-6,8.861415767460239e-29,5.867630922491522e-26,NaN,true,true
qs_bias,2,265,Float64,true,0.001,1.1688335743720302e-8,3.4987291539781658e-6,-1.0088109520627702,true,true
qs_bias,2,265,Float64,true,0.0001,1.1927890131158136e-7,3.498729141181362e-5,-0.8512555093998638,true,true
qs_bias,2,265,Float64,true,1.0e-5,8.468746626189017e-7,0.00034987291399023147,-0.6185630898366773,true,true
qs_bias,2,265,Float64,true,1.0e-6,3.5186999057801316e-6,0.0034987291397744168,NaN,true,true
qs_bias,2,265,BigFloat128,true,0.001,1.9259299443872359e-31,9.261058959183348e-29,-0.9013902021140492,true,true
qs_bias,2,265,BigFloat128,true,0.0001,1.5347254244335786e-30,9.26105892531049e-28,-0.4346628156967775,true,true
qs_bias,2,265,BigFloat128,true,1.0e-5,4.175355934120765e-30,9.261058921924879e-27,-1.7228524671685574,true,true
qs_bias,2,265,BigFloat128,true,1.0e-6,2.2056975998829403e-28,9.261058921586337e-26,NaN,true,true
qs_bias,2,273,Float64,true,0.001,7.68103403103737e-9,3.4987291539781658e-6,-1.2054947880914426,true,true
qs_bias,2,273,Float64,true,0.0001,1.232862030242643e-7,3.498729141181362e-5,-0.40500606792908317,true,true
qs_bias,2,273,Float64,true,1.0e-5,3.1327125382674126e-7,0.00034987291399023147,-1.1117813995336443,true,true
qs_bias,2,273,Float64,true,1.0e-6,4.052303314683314e-6,0.003498729139774417,NaN,true,true
qs_bias,2,273,BigFloat128,true,0.001,1.4444474582904269e-31,9.261058959183348e-29,-0.7922457326889811,true,true
qs_bias,2,273,BigFloat128,true,0.0001,8.952564975862542e-31,9.26105892531049e-28,-1.3596202818617813,true,true
qs_bias,2,273,BigFloat128,true,1.0e-5,2.0491217523534116e-29,9.261058921924879e-27,-0.4121547297247336,true,true
qs_bias,2,273,BigFloat128,true,1.0e-6,5.293251061752761e-29,9.261058921586337e-26,NaN,true,true
qs_bias,2,283,Float64,true,0.001,1.0538302652535103e-8,1.4103651082581368e-6,-0.7366420180237211,true,true
qs_bias,2,283,Float64,true,0.0001,5.7466227134500364e-8,1.4103650292611018e-5,-0.9131219790317913,true,true
qs_bias,2,283,Float64,true,1.0e-5,4.704729559851393e-7,0.00014103651090302687,-0.3515699264974099,true,true
qs_bias,2,283,Float64,true,1.0e-6,1.0570720519011005e-6,0.0014103651089023696,NaN,true,true
qs_bias,2,283,BigFloat128,true,0.001,2.2019897448757262e-13,3.733205396693279e-29,2.0000000000011218,false,true
qs_bias,2,283,BigFloat128,true,0.0001,2.2019897448700393e-15,3.7332053627814476e-28,2.0000000000001785,false,true
qs_bias,2,283,BigFloat128,true,1.0e-5,2.2019897448691354e-17,3.733205359395448e-27,1.9999999990979065,false,true
qs_bias,2,283,BigFloat128,true,1.0e-6,2.2019897494429916e-19,3.7332053590569006e-26,NaN,false,true
qs_bias,2,284,Float64,true,0.001,5.753074294734262e-9,3.498729153978181e-6,-0.7823888371865573,true,true
qs_bias,2,284,Float64,true,0.0001,3.4856904751467965e-8,3.498729141181363e-5,-6.916330174571434e-10,true,true
qs_bias,2,284,Float64,true,1.0e-5,3.4856904806979117e-8,0.00034987291399023147,-2.1012064418456604,true,true
qs_bias,2,284,Float64,true,1.0e-6,4.4004314732615235e-6,0.0034987291397744168,NaN,true,true
qs_bias,2,284,BigFloat128,true,0.001,4.635871519297732e-13,9.261058959183387e-29,2.000000000000236,false,true
qs_bias,2,284,BigFloat128,true,0.0001,4.635871519295217e-15,9.26105892531049e-28,1.999999999999835,false,true
qs_bias,2,284,BigFloat128,true,1.0e-5,4.635871519296978e-17,9.261058921924879e-27,1.9999999999634277,false,true
qs_bias,2,284,BigFloat128,true,1.0e-6,4.635871519687369e-19,9.261058921586337e-26,NaN,false,true
qs_bias,2,287,Float64,true,0.001,2.717064073731734e-10,3.4987291539781658e-6,-2.429409047573034,true,true
qs_bias,2,287,Float64,true,0.0001,7.303128254920743e-8,3.498729141181362e-5,-0.9524435062181805,true,true
qs_bias,2,287,Float64,true,1.0e-5,6.545644788968907e-7,0.00034987291399023147,-1.083349345480595,true,true
qs_bias,2,287,Float64,true,1.0e-6,7.930522093052561e-6,0.0034987291397744168,NaN,true,true
qs_bias,2,287,BigFloat128,true,0.001,0.0,9.261058959183348e-29,NaN,true,true
qs_bias,2,287,BigFloat128,true,0.0001,1.023150282955719e-30,9.26105892531049e-28,-0.8255024839508761,true,true
qs_bias,2,287,BigFloat128,true,1.0e-5,6.846079099189002e-30,9.261058921924879e-27,-1.3948267732478947,true,true
qs_bias,2,287,BigFloat128,true,1.0e-6,1.6992946335486988e-28,9.261058921586337e-26,NaN,true,true
qs_bias,2,296,Float64,true,0.001,8.591573674721076e-9,3.4987291539781658e-6,-0.6107908694988686,true,true
qs_bias,2,296,Float64,true,0.0001,3.506417201037948e-8,3.498729141181362e-5,-1.4479416389076682,true,true
qs_bias,2,296,Float64,true,1.0e-5,9.835698940863224e-7,0.00034987291399023147,-0.3943640884839327,true,true
qs_bias,2,296,Float64,true,1.0e-6,2.4387614168119853e-6,0.0034987291397744168,NaN,true,true
qs_bias,2,296,BigFloat128,true,0.001,1.9259299443872359e-31,9.261058959183348e-29,0.32905871926422475,true,true
qs_bias,2,296,BigFloat128,true,0.0001,9.027796614315168e-32,9.26105892531049e-28,-1.7303784685876429,true,true
qs_bias,2,296,BigFloat128,true,1.0e-5,4.852440680194403e-30,9.261058921924879e-27,-1.4413175200182675,true,true
qs_bias,2,296,BigFloat128,true,1.0e-6,1.3405337576777367e-28,9.261058921586337e-26,NaN,true,true
qs_bias,2,307,Float64,true,0.001,4.786555818370175e-9,3.4987291539781797e-6,-1.5111050129169619,true,true
qs_bias,2,307,Float64,true,0.0001,1.552845116936652e-7,3.498729141181363e-5,-0.8127065104366635,true,true
qs_bias,2,307,Float64,true,1.0e-5,1.008868706575683e-6,0.00034987291399023147,-0.6784817061469302,true,true
qs_bias,2,307,Float64,true,1.0e-6,4.811897384771058e-6,0.003498729139774417,NaN,true,true
qs_bias,2,307,BigFloat128,true,0.001,4.0071638175027874e-13,9.261058959183384e-29,2.000000000000236,false,true
qs_bias,2,307,BigFloat128,true,0.0001,4.007163817500612e-15,9.26105892531049e-28,1.999999999999901,false,true
qs_bias,2,307,BigFloat128,true,1.0e-5,4.0071638175015265e-17,9.261058921924879e-27,2.000000000192991,false,true
qs_bias,2,307,BigFloat128,true,1.0e-6,4.0071638157208317e-19,9.261058921586337e-26,NaN,false,true
qs_bias,2,330,Float64,true,0.001,7.875914365129688e-9,3.423625957877287e-6,-0.9052523738557793,true,true
qs_bias,2,330,Float64,true,0.0001,6.332181567980655e-8,3.423625945080316e-5,-0.9997842447912139,true,true
qs_bias,2,330,Float64,true,1.0e-5,6.329036554841849e-7,0.0003423625943801267,-0.5118667599486824,true,true
qs_bias,2,330,Float64,true,1.0e-6,2.0568582548285974e-6,0.0034236259436733686,NaN,true,true
qs_bias,2,330,BigFloat128,true,0.001,3.8479874773058457e-13,9.062262454366017e-29,2.000000000000246,false,true
qs_bias,2,330,BigFloat128,true,0.0001,3.8479874773036664e-15,9.06226242049272e-28,1.999999999999922,false,true
qs_bias,2,330,BigFloat128,true,1.0e-5,3.847987477304356e-17,9.062262417107104e-27,1.9999999999377425,false,true
qs_bias,2,330,BigFloat128,true,1.0e-6,3.847987477855977e-19,9.062262416768561e-26,NaN,false,true
qs_bias,2,331,Float64,false,0.001,1.0734158611030104e-9,3.0599056696142897e-7,-1.3003804269913155,true,true
qs_bias,2,331,Float64,false,0.0001,2.1436231337223118e-8,3.0599054793986677e-6,-0.5282496781230265,true,true
qs_bias,2,331,Float64,false,1.0e-5,7.234326631670128e-8,3.059905310838084e-5,-1.2199035325535987,true,true
qs_bias,2,331,Float64,false,1.0e-6,1.2003327232798385e-6,0.0003059905530922667,NaN,true,true
qs_bias,2,331,BigFloat128,false,0.001,6.180391206896545e-16,8.099502876361431e-30,2.0000000000002873,false,true
qs_bias,2,331,BigFloat128,false,0.0001,6.180391206892459e-18,8.099502537793543e-29,1.999999999961144,false,true
qs_bias,2,331,BigFloat128,false,1.0e-5,6.180391207445415e-20,8.09950250393905e-28,2.0000000596779817,false,true
qs_bias,2,331,BigFloat128,false,1.0e-6,6.180390358175476e-22,8.099502500553625e-27,NaN,false,true
qs_bias,2,334,Float64,true,0.001,2.2433639945695916e-9,3.4987291539781658e-6,-0.739307192448458,true,true
qs_bias,2,334,Float64,true,0.0001,1.230855123379726e-8,3.498729141181362e-5,-1.8569440894972278,true,true
qs_bias,2,334,Float64,true,1.0e-5,8.854234649913195e-7,0.00034987291399023147,0.19145292887191845,true,true
qs_bias,2,334,Float64,true,1.0e-6,5.697680579008768e-7,0.003498729139774417,NaN,true,true
qs_bias,2,334,BigFloat128,true,0.001,0.0,9.261058959183348e-29,NaN,true,true
qs_bias,2,334,BigFloat128,true,0.0001,2.046300565911438e-30,9.26105892531049e-28,-0.7053101823670378,true,true
qs_bias,2,334,BigFloat128,true,1.0e-5,1.0381966106462443e-29,9.261058921924879e-27,-1.261090392824419,true,true
qs_bias,2,334,BigFloat128,true,1.0e-6,1.8939564980448696e-28,9.261058921586337e-26,NaN,true,true
qs_bias,2,342,Float64,true,0.001,3.3873006424263797e-9,2.262916349644463e-6,-0.5773298589446981,true,true
qs_bias,2,342,Float64,true,0.0001,1.2799222929836545e-8,2.2629163368476593e-5,-1.1960938347502916,true,true
qs_bias,2,342,Float64,true,1.0e-5,2.010376681423165e-7,0.0002262916335568612,-1.0154998327636615,true,true
qs_bias,2,342,Float64,true,1.0e-6,2.083422120624265e-6,0.002262916335440715,NaN,true,true
qs_bias,2,342,BigFloat128,true,0.001,4.5704633070974436e-32,5.989889703216541e-29,-1.0520534045934202,true,true
qs_bias,2,342,BigFloat128,true,0.0001,5.152448163793501e-31,5.989889669343684e-28,-0.9129193044575166,true,true
qs_bias,2,342,BigFloat128,true,1.0e-5,4.2163138956251544e-30,5.989889665958074e-27,-1.2320711348459825,true,true
qs_bias,2,342,BigFloat128,true,1.0e-6,7.194557212893746e-29,5.98988966561953e-26,NaN,true,true
qs_bias,2,353,Float64,true,0.001,1.0544971562609362e-8,3.143887771569715e-6,-0.7160149900407518,true,true
qs_bias,2,353,Float64,true,0.0001,5.48353226159648e-8,3.1438877587721046e-5,-1.3588111368966656,true,true
qs_bias,2,353,Float64,true,1.0e-5,1.2527705625098307e-6,0.0003143887757493049,-0.036446230794268925,true,true
qs_bias,2,353,Float64,true,1.0e-6,1.3624412077417603e-6,0.003143887757365151,NaN,true,true
qs_bias,2,353,BigFloat128,true,0.001,4.619703085605123e-13,8.321801640592033e-29,2.0000000000002918,false,true
qs_bias,2,353,BigFloat128,true,0.0001,4.6197030856020215e-15,8.321801606717041e-28,1.9999999999999276,false,true
qs_bias,2,353,BigFloat128,true,1.0e-5,4.6197030856027915e-17,8.321801603331408e-27,2.0000000002057003,false,true
qs_bias,2,353,BigFloat128,true,1.0e-6,4.619703083414706e-19,8.321801602992866e-26,NaN,false,true
qs_bias,2,356,Float64,true,0.001,6.960410695896193e-9,2.6577710775091754e-6,-0.8414075463928954,true,true
qs_bias,2,356,Float64,true,0.0001,4.83105978654159e-8,2.6577709363138626e-5,-1.1681704712840428,true,true
qs_bias,2,356,Float64,true,1.0e-5,7.115622232661888e-7,0.0002657769172263837,-0.7171748548157264,true,true
qs_bias,2,356,Float64,true,1.0e-6,3.710118133902562e-6,0.0026577710633054258,NaN,true,true
qs_bias,2,356,BigFloat128,true,0.001,1.0228586608211014e-31,7.035061465343235e-29,-0.7948680291552346,true,true
qs_bias,2,356,BigFloat128,true,0.0001,6.377987385614596e-31,7.035061431470378e-28,-0.6378276733071003,true,true
qs_bias,2,356,BigFloat128,true,1.0e-5,2.770201303358946e-30,7.035061428084768e-27,-1.3895136208554701,true,true
qs_bias,2,356,BigFloat128,true,1.0e-6,6.79242653837574e-29,7.035061427746225e-26,NaN,true,true
qs_bias,2,357,Float64,true,0.001,2.685064504071022e-9,3.4987291539781658e-6,-1.2370088990693935,true,true
qs_bias,2,357,Float64,true,0.0001,4.634081018917158e-8,3.498729141181362e-5,-0.6170207330281453,true,true
qs_bias,2,357,Float64,true,1.0e-5,1.918599625838624e-7,0.00034987291399023147,-1.496079838958433,true,true
qs_bias,2,357,Float64,true,1.0e-6,6.012626053819581e-6,0.0034987291397744168,NaN,true,true
qs_bias,2,357,BigFloat128,true,0.001,2.8888949165808538e-31,9.261058959183348e-29,-0.7922457326889811,true,true
qs_bias,2,357,BigFloat128,true,0.0001,1.7905129951725083e-30,9.26105892531049e-28,-0.11827306462358207,true,true
qs_bias,2,357,BigFloat128,true,1.0e-5,2.350988701644575e-30,9.261058921924879e-27,-1.8461514765288154,true,true
qs_bias,2,357,BigFloat128,true,1.0e-6,1.6496887719439983e-28,9.261058921586337e-26,NaN,true,true
qs_bias,2,364,Float64,true,0.001,4.725316143861144e-9,1.1710305035104222e-6,-0.6119574836016898,true,true
qs_bias,2,364,Float64,true,0.0001,1.9336966888897295e-8,1.1710304736064402e-5,-1.4266177046327893,true,true
qs_bias,2,364,Float64,true,1.0e-5,5.164235730954356e-7,0.00011710304949716054,-1.1188225156047285,true,true
qs_bias,2,364,Float64,true,1.0e-6,6.789355879699897e-6,0.0011710225443009323,NaN,true,true
qs_bias,2,364,BigFloat128,true,0.001,2.3844941090121653e-14,3.0996919481255184e-29,2.000000000000236,false,true
qs_bias,2,364,BigFloat128,true,0.0001,2.38449410901087e-16,3.099691914261952e-28,2.0000000000025473,false,true
qs_bias,2,364,BigFloat128,true,1.0e-5,2.384494108996884e-18,3.0996919108764347e-27,1.9999999991526316,false,true
qs_bias,2,364,BigFloat128,true,1.0e-6,2.3844941136493604e-20,3.099691910537892e-26,NaN,false,true
qs_bias,2,365,Float64,true,0.001,9.15472364582115e-9,3.4987291539781658e-6,-0.4132247453350182,true,true
qs_bias,2,365,Float64,true,0.0001,2.3706638874188002e-8,3.498729141181362e-5,-1.5009447922626618,true,true
qs_bias,2,365,Float64,true,1.0e-5,7.513024003202862e-7,0.00034987291399023147,-0.6822060770954884,true,true
qs_bias,2,365,Float64,true,1.0e-6,3.614272168217525e-6,0.0034987291397744168,NaN,true,true
qs_bias,2,365,BigFloat128,true,0.001,1.4444474582904269e-31,9.261058959183348e-29,-0.3294826280161859,true,true
qs_bias,2,365,BigFloat128,true,0.0001,3.0844971765576824e-31,9.26105892531049e-28,-1.9931942013054826,true,true
qs_bias,2,365,BigFloat128,true,1.0e-5,3.036537007044133e-29,9.261058921924879e-27,-0.7671926503393824,true,true
qs_bias,2,365,BigFloat128,true,1.0e-6,1.776524612397723e-28,9.261058921586337e-26,NaN,true,true
qs_bias,2,375,Float64,true,0.001,1.0307705728337498e-8,9.495889175688334e-7,-0.11360160120564967,true,true
qs_bias,2,375,Float64,true,0.0001,1.3389476973579838e-8,9.495889145600157e-6,-1.1972429488336152,true,true
qs_bias,2,375,Float64,true,1.0e-5,2.1086600084375112e-7,9.495889132809673e-5,-0.8123792212272388,true,true
qs_bias,2,375,Float64,true,1.0e-6,1.368944315704697e-6,0.0009495876132187242,NaN,true,true
qs_bias,2,375,BigFloat128,true,0.001,1.687339436280205e-14,2.5135409619348884e-29,2.0000000000006515,false,true
qs_bias,2,375,BigFloat128,true,0.0001,1.6873394362776744e-16,2.513540928061816e-28,2.0000000000035993,false,true
qs_bias,2,375,BigFloat128,true,1.0e-5,1.6873394362636895e-18,2.5135409246762037e-27,1.9999999928619796,false,true
qs_bias,2,375,BigFloat128,true,1.0e-6,1.6873394639966313e-20,2.5135409243376596e-26,NaN,false,true
qs_bias,2,378,Float64,true,0.001,1.1134808075574654e-8,3.029981799026507e-6,-0.32874509137571956,true,true
qs_bias,2,378,Float64,true,0.0001,2.3737109167143444e-8,3.0299817862255085e-5,-1.5582740077001114,true,true
qs_bias,2,378,Float64,true,1.0e-5,8.584239675757388e-7,0.0003029981784946419,0.32968526371433277,true,true
qs_bias,2,378,Float64,true,1.0e-6,4.0180614202522946e-7,0.0030299817848185207,NaN,true,true
qs_bias,2,378,BigFloat128,true,0.001,2.220592929207225e-14,8.020295041738467e-29,2.000000000000312,false,true
qs_bias,2,378,BigFloat128,true,0.0001,2.220592929205629e-16,8.020295007854507e-28,2.0000000000087748,false,true
qs_bias,2,378,BigFloat128,true,1.0e-5,2.220592929160762e-18,8.020295004468785e-27,1.9999999885741804,false,true
qs_bias,2,378,BigFloat128,true,1.0e-6,2.2205929875821694e-20,8.020295004130241e-26,NaN,false,true
qs_bias,2,379,Float64,true,0.001,5.795279256481933e-9,3.4987291539781658e-6,-0.9311009292822849,true,true
qs_bias,2,379,Float64,true,0.0001,4.945102494158249e-8,3.498729141181362e-5,-0.9924685512248171,true,true
qs_bias,2,379,Float64,true,1.0e-5,4.86008481792588e-7,0.00034987291399023147,-0.9021393056731258,true,true
qs_bias,2,379,Float64,true,1.0e-6,3.8795660867174675e-6,0.003498729139774417,NaN,true,true
qs_bias,2,379,BigFloat128,true,0.001,3.1296361596292583e-31,9.261058959183348e-29,-0.6151707937520465,true,true
qs_bias,2,379,BigFloat128,true,0.0001,1.2902225994625428e-30,9.26105892531049e-28,-1.3294393909728028,true,true
qs_bias,2,379,BigFloat128,true,1.0e-5,2.754888560587113e-29,9.261058921924879e-27,0.519543634752,true,true
qs_bias,2,379,BigFloat128,true,1.0e-6,8.328377475575907e-30,9.261058921586337e-26,NaN,true,true
qs_bias,2,383,Float64,false,0.001,1.0071374069036673e-9,1.6048497609584862e-7,-0.2177562478455205,true,true
qs_bias,2,383,Float64,false,0.0001,1.662818985906041e-9,1.6048496303877593e-6,-1.569699378950523,true,true
qs_bias,2,383,Float64,false,1.0e-5,6.17368339147031e-8,1.6048495211881856e-5,-0.31831054708052253,true,true
qs_bias,2,383,Float64,false,1.0e-6,1.2848573126988284e-7,0.00016048494127872658,NaN,true,true
qs_bias,2,383,BigFloat128,false,0.001,5.2943376813617266e-15,4.248001946640684e-30,2.000000000000234,false,true
qs_bias,2,383,BigFloat128,false,0.0001,5.294337681358872e-17,4.248001608086527e-29,2.000000000002547,false,true
qs_bias,2,383,BigFloat128,false,1.0e-5,5.294337681327825e-19,4.248001574232172e-28,2.0000000029004856,false,true
qs_bias,2,383,BigFloat128,false,1.0e-6,5.294337645968983e-21,4.2480015708467476e-27,NaN,false,true
qs_bias,2,384,Float64,true,0.001,2.20427093287877e-8,2.981091326263646e-6,-0.6087903596343403,true,true
qs_bias,2,384,Float64,true,0.0001,8.954788511178299e-8,2.981091046515626e-5,-0.8154758558721776,true,true
qs_bias,2,384,Float64,true,1.0e-5,5.855057834662515e-7,0.00029810895667407893,-1.3048455472924354,true,true
qs_bias,2,384,Float64,true,1.0e-6,1.1813449702538207e-5,0.0029810913120590964,NaN,true,true
qs_bias,2,384,BigFloat128,true,0.001,4.746350137994619e-14,7.890883037872892e-29,2.000000000000234,false,true
qs_bias,2,384,BigFloat128,true,0.0001,4.7463501379920635e-16,7.890883003997934e-28,1.9999999999981781,false,true
qs_bias,2,384,BigFloat128,true,1.0e-5,4.7463501380119736e-18,7.890883000612302e-27,1.9999999965897934,false,true
qs_bias,2,384,BigFloat128,true,1.0e-6,4.746350175281695e-20,7.89088300027376e-26,NaN,false,true
qs_bias,2,385,Float64,false,0.001,2.439443876407405e-10,1.4127111423693096e-7,-1.5744743539674333,true,true
qs_bias,2,385,Float64,false,0.0001,9.15725240198607e-9,1.4127110148124225e-6,-0.19495774711999297,true,true
qs_bias,2,385,Float64,false,1.0e-5,1.4345739222978612e-8,1.4127109817562313e-5,-1.601605266832826,true,true
qs_bias,2,385,Float64,false,1.0e-6,5.732290597831652e-7,0.00014127110007436378,NaN,true,true
qs_bias,2,385,BigFloat128,false,0.001,3.5130855165004557e-15,3.739415258849902e-30,2.0000000000002336,false,true
qs_bias,2,385,BigFloat128,false,0.0001,3.513085516498567e-17,3.739414920297437e-29,1.9999999999958873,false,true
qs_bias,2,385,BigFloat128,false,1.0e-5,3.513085516531835e-19,3.7394148864430983e-28,2.0000000031504612,false,true
qs_bias,2,385,BigFloat128,false,1.0e-6,3.513085491047193e-21,3.7394148830576744e-27,NaN,false,true
qs_bias,2,398,Float64,false,0.001,3.2944546953982414e-9,6.374870171263961e-7,-1.166782390953084,true,true
qs_bias,2,398,Float64,false,0.0001,4.836886878560039e-8,6.374870043350018e-6,1.0161936682711532,true,true
qs_bias,2,398,Float64,false,1.0e-5,4.6598534899159095e-9,6.374870000854126e-5,-1.747408387572664,true,true
qs_bias,2,398,Float64,false,1.0e-6,2.6048375862184584e-7,0.0006374870029281108,NaN,true,true
qs_bias,2,398,BigFloat128,false,0.001,1.7207892012099831e-15,1.687414084227883e-29,2.000000000000238,false,true
qs_bias,2,398,BigFloat128,false,0.0001,1.7207892012090393e-17,1.687414050369347e-28,2.0000000000132685,false,true
qs_bias,2,398,BigFloat128,false,1.0e-5,1.720789201156466e-19,1.68741404698388e-27,2.0000000304957877,false,true
qs_bias,2,398,BigFloat128,false,1.0e-6,1.7207890803241214e-21,1.6874140466453376e-26,NaN,false,true
qs_bias,2,413,Float64,true,0.001,4.393055863527451e-9,3.4987291539797976e-6,-1.7428207868469052,true,true
qs_bias,2,413,Float64,true,0.0001,2.4298950301870903e-7,3.498729141181378e-5,-0.5040752397964022,true,true
qs_bias,2,413,Float64,true,1.0e-5,7.756445629808484e-7,0.0003498729139902315,-0.813208879539226,true,true
qs_bias,2,413,Float64,true,1.0e-6,5.04512152837977e-6,0.003498729139774417,NaN,true,true
qs_bias,2,413,BigFloat128,true,0.001,3.584059891309415e-14,9.261058959187666e-29,2.000000000000248,false,true
qs_bias,2,413,BigFloat128,true,0.0001,3.5840598913073684e-16,9.261058925310533e-28,2.0000000000022853,false,true
qs_bias,2,413,BigFloat128,true,1.0e-5,3.584059891288509e-18,9.26105892192488e-27,2.0000000095129735,false,true
qs_bias,2,413,BigFloat128,true,1.0e-6,3.584059812781716e-20,9.261058921586337e-26,NaN,false,true
qs_bias,2,422,Float64,true,0.001,6.11786197306898e-11,9.210129320130043e-7,-1.8035570631184104,true,true
qs_bias,2,422,Float64,true,0.0001,3.891855773987304e-9,9.210129156885541e-6,-1.6831733243931026,true,true
qs_bias,2,422,Float64,true,1.0e-5,1.8764200378191627e-7,9.210129179939608e-5,-0.9621763865629694,true,true
qs_bias,2,422,Float64,true,1.0e-6,1.719912879029022e-6,0.0009210129178660626,NaN,true,true
qs_bias,2,422,BigFloat128,true,0.001,3.31150226524793e-13,2.437900932218027e-29,2.0000000000006932,false,true
qs_bias,2,422,BigFloat128,true,0.0001,3.311502265242643e-15,2.4379008983471774e-28,2.0000000000000733,false,true
qs_bias,2,422,BigFloat128,true,1.0e-5,3.3115022652420843e-17,2.4379008949615873e-27,1.9999999999914657,false,true
qs_bias,2,422,BigFloat128,true,1.0e-6,3.3115022653071586e-19,2.4379008946230438e-26,NaN,false,true
qs_bias,2,424,Float64,true,0.001,8.622279668024646e-9,3.498729153979525e-6,-1.0969686235428782,true,true
qs_bias,2,424,Float64,true,0.0001,1.0779304215891017e-7,3.4987291411813756e-5,-0.5681985561019695,true,true
qs_bias,2,424,Float64,true,1.0e-5,3.9883134669849163e-7,0.0003498729139902315,-1.7166788398322843,true,true
qs_bias,2,424,Float64,true,1.0e-6,2.077151266643984e-5,0.0034987291397744168,NaN,true,true
qs_bias,2,424,BigFloat128,true,0.001,4.17274596072466e-15,9.261058959186944e-29,2.0000000000001648,false,true
qs_bias,2,424,BigFloat128,true,0.0001,4.1727459607230756e-17,9.261058925310526e-28,2.0000000000515192,false,true
qs_bias,2,424,BigFloat128,true,1.0e-5,4.172745960228075e-19,9.26105892192488e-27,1.999999957641445,false,true
qs_bias,2,424,BigFloat128,true,1.0e-6,4.172746367213441e-21,9.261058921586337e-26,NaN,false,true
qs_bias,2,425,Float64,true,0.001,3.849448648729492e-9,3.4987291539781658e-6,-1.252884522861812,true,true
qs_bias,2,425,Float64,true,0.0001,6.891012749310477e-8,3.498729141181362e-5,-1.062905937716635,true,true
qs_bias,2,425,Float64,true,1.0e-5,7.965058890224697e-7,0.00034987291399023147,-1.0714689590963375,true,true
qs_bias,2,425,Float64,true,1.0e-6,9.389834770945349e-6,0.0034987291397744168,NaN,true,true
qs_bias,2,425,BigFloat128,true,0.001,1.9259299443872359e-31,9.261058959183348e-29,-0.8272884815956993,true,true
qs_bias,2,425,BigFloat128,true,0.0001,1.2939841813851741e-30,9.26105892531049e-28,-0.21931641310096128,true,true
qs_bias,2,425,BigFloat128,true,1.0e-5,2.1441016958998524e-30,9.261058921924879e-27,-1.987144679314413,true,true
qs_bias,2,425,BigFloat128,true,1.0e-6,2.0815653964361067e-28,9.261058921586337e-26,NaN,true,true
qs_bias,2,430,Float64,true,0.001,1.1477207545462775e-8,3.498729153978983e-6,-1.1360533476496357,true,true
qs_bias,2,430,Float64,true,0.0001,1.569963598291313e-7,3.49872914118137e-5,-0.28485806612642534,true,true
qs_bias,2,430,Float64,true,1.0e-5,3.025155121405554e-7,0.00034987291399023147,-1.8806127479448578,true,true
qs_bias,2,430,Float64,true,1.0e-6,2.2980548853274163e-5,0.0034987291397744176,NaN,true,true
qs_bias,2,430,BigFloat128,true,0.001,8.651674007901793e-14,9.26105895918551e-29,2.000000000000236,false,true
qs_bias,2,430,BigFloat128,true,0.0001,8.651674007897099e-16,9.261058925310511e-28,2.0000000000012608,false,true
qs_bias,2,430,BigFloat128,true,1.0e-5,8.651674007871979e-18,9.261058921924879e-27,1.9999999994065085,false,true
qs_bias,2,430,BigFloat128,true,1.0e-6,8.65167401969505e-20,9.261058921586337e-26,NaN,false,true
qs_bias,2,432,Float64,false,0.001,7.171559239720909e-10,9.98458747797518e-8,-0.5206478924395562,true,true
qs_bias,2,432,Float64,false,0.0001,2.378271779842594e-9,9.984586198818991e-7,-1.0598217359080304,true,true
qs_bias,2,432,Float64,false,1.0e-5,2.729500753587257e-8,9.984586070919508e-6,-1.209902618357775,true,true
qs_bias,2,432,Float64,false,1.0e-6,4.4257393902386824e-7,9.984586058129721e-5,NaN,true,true
qs_bias,2,432,BigFloat128,false,0.001,4.441788400912377e-14,2.642898299558538e-30,2.0000000000017466,false,true
qs_bias,2,432,BigFloat128,false,0.0001,4.441788400894513e-16,2.6428979609688307e-29,1.999999999999779,false,true
qs_bias,2,432,BigFloat128,false,1.0e-5,4.441788400896773e-18,2.64289792711412e-28,1.9999999998544715,false,true
qs_bias,2,432,BigFloat128,false,1.0e-6,4.441788402385178e-20,2.642897923728692e-27,NaN,false,true
qs_bias,2,445,Float64,true,0.001,5.8304312489099175e-9,3.4987291539781717e-6,-1.2167197060196482,true,true
qs_bias,2,445,Float64,true,0.0001,9.603297534965805e-8,3.498729141181362e-5,-0.4005904825375886,true,true
qs_bias,2,445,Float64,true,1.0e-5,2.415521276298571e-7,0.00034987291399023147,-1.0433101930539863,true,true
qs_bias,2,445,Float64,true,1.0e-6,2.668830918040044e-6,0.003498729139774417,NaN,true,true
qs_bias,2,445,BigFloat128,true,0.001,1.4770842544647324e-13,9.261058959183362e-29,2.0000000000002363,false,true
qs_bias,2,445,BigFloat128,true,0.0001,1.4770842544639287e-15,9.26105892531049e-28,2.0000000000011795,false,true
qs_bias,2,445,BigFloat128,true,1.0e-5,1.4770842544599167e-17,9.261058921924879e-27,2.0000000003462026,false,true
qs_bias,2,445,BigFloat128,true,1.0e-6,1.4770842532824424e-19,9.261058921586337e-26,NaN,false,true
qs_bias,2,447,Float64,true,0.001,1.3821383371137586e-8,3.498729153978711e-6,-1.024543423399744,true,true
qs_bias,2,447,Float64,true,0.0001,1.4624968414089778e-7,3.4987291411813675e-5,-1.0390196560296099,true,true
qs_bias,2,447,Float64,true,1.0e-5,1.5999801432639918e-6,0.00034987291399023147,-0.23767389827699048,true,true
qs_bias,2,447,Float64,true,1.0e-6,2.765594425246931e-6,0.0034987291397744168,NaN,true,true
qs_bias,2,447,BigFloat128,true,0.001,9.370019817166907e-15,9.261058959184789e-29,2.0000000000002576,false,true
qs_bias,2,447,BigFloat128,true,0.0001,9.370019817161353e-17,9.261058925310504e-28,2.00000000002164,false,true
qs_bias,2,447,BigFloat128,true,1.0e-5,9.370019816694465e-19,9.261058921924879e-27,1.9999999862376878,false,true
qs_bias,2,447,BigFloat128,true,1.0e-6,9.370020113620042e-21,9.261058921586337e-26,NaN,false,true
qs_bias,2,453,Float64,true,0.001,1.1915448362093409e-9,3.0969253837772216e-6,-1.8052334423585505,true,true
qs_bias,2,453,Float64,true,0.0001,7.609284661540333e-8,3.0969251353268814e-5,-1.3560012496174485,true,true
qs_bias,2,453,Float64,true,1.0e-5,1.7272097499016116e-6,0.00030969253697017045,-0.997781437462012,true,true
qs_bias,2,453,Float64,true,1.0e-6,1.71840891982485e-5,0.0030969253695738064,NaN,true,true
qs_bias,2,453,BigFloat128,true,0.001,1.9197557180093822e-14,8.197493235148356e-29,2.000000000000252,false,true
qs_bias,2,453,BigFloat128,true,0.0001,1.9197557180082693e-16,8.197493201276376e-28,2.0000000000000147,false,true
qs_bias,2,453,BigFloat128,true,1.0e-5,1.9197557180082044e-18,8.197493197890774e-27,1.9999999983915406,false,true
qs_bias,2,453,BigFloat128,true,1.0e-6,1.9197557251182394e-20,8.197493197552231e-26,NaN,false,true
qs_bias,2,457,Float64,false,0.001,1.5687827132966825e-10,5.057348538041686e-7,-1.7374528966783287,true,true
qs_bias,2,457,Float64,false,0.0001,8.570688120167275e-9,5.05734841007365e-6,-0.5920078603298851,true,true
qs_bias,2,457,Float64,false,1.0e-5,3.349836050840191e-8,5.0573482278702974e-5,-0.8620877222113218,true,true
qs_bias,2,457,Float64,false,1.0e-6,2.4384355109323753e-7,0.0005057347162802402,NaN,true,true
qs_bias,2,457,BigFloat128,false,0.001,4.7460711477652833e-32,1.338669011709274e-29,-0.4555805773455125,true,true
qs_bias,2,457,BigFloat128,false,0.0001,1.3549236448254028e-31,1.3386689778364168e-28,-0.15273138718855092,true,true
qs_bias,2,457,BigFloat128,false,1.0e-5,1.9259553251343693e-31,1.3386689744508068e-27,-1.9291800160063615,true,true
qs_bias,2,457,BigFloat128,false,1.0e-6,1.6361617099433294e-29,1.338668974112263e-26,NaN,true,true
qs_bias,2,467,Float64,true,0.001,3.484434591880096e-9,2.6914881561339674e-6,-1.1414746865232892,true,true
qs_bias,2,467,Float64,true,0.0001,4.8262187558504325e-8,2.69148814333796e-5,-1.2364499548400212,true,true
qs_bias,2,467,Float64,true,1.0e-5,8.318728644744283e-7,0.000269148814205892,-1.445819272647402,true,true
qs_bias,2,467,Float64,true,1.0e-6,2.322074934778654e-5,0.002691488141931022,NaN,true,true
qs_bias,2,467,BigFloat128,true,0.001,3.5918313046781846e-15,7.124309829344356e-29,2.0000000000001767,false,true
qs_bias,2,467,BigFloat128,true,0.0001,3.5918313046767236e-17,7.124309795473605e-28,1.9999999999577875,false,true
qs_bias,2,467,BigFloat128,true,1.0e-5,3.591831305025842e-19,7.124309792088016e-27,1.9999999145529146,false,true
qs_bias,2,467,BigFloat128,true,1.0e-6,3.591832011715793e-21,7.124309791749472e-26,NaN,false,true
qs_bias,2,468,Float64,true,0.001,7.907767329839999e-9,3.498729153978169e-6,-0.6551976037181063,true,true
qs_bias,2,468,Float64,true,0.0001,3.574797835526056e-8,3.498729141181362e-5,-0.48723682241116717,true,true
qs_bias,2,468,Float64,true,1.0e-5,1.0977117392840796e-7,0.00034987291399023147,-1.1540156812283437,true,true
qs_bias,2,468,Float64,true,1.0e-6,1.5649626967650931e-6,0.0034987291397744168,NaN,true,true
qs_bias,2,468,BigFloat128,true,0.001,8.623539189057834e-14,9.261058959183357e-29,2.0000000000002367,false,true
qs_bias,2,468,BigFloat128,true,0.0001,8.623539189053137e-16,9.26105892531049e-28,1.9999999999994706,false,true
qs_bias,2,468,BigFloat128,true,1.0e-5,8.62353918906365e-18,9.261058921924879e-27,2.0000000007668257,false,true
qs_bias,2,468,BigFloat128,true,1.0e-6,8.623539173837225e-20,9.261058921586337e-26,NaN,false,true
qs_bias,2,469,Float64,true,0.001,1.1253428078283889e-8,3.4987291539781675e-6,-0.7376336897141431,true,true
qs_bias,2,469,Float64,true,0.0001,6.150614806355037e-8,3.498729141181363e-5,-1.299451259011314,true,true
qs_bias,2,469,Float64,true,1.0e-5,1.2256593663328985e-6,0.00034987291399023147,-0.40854813110841376,true,true
qs_bias,2,469,Float64,true,1.0e-6,3.139915202177157e-6,0.003498729139774417,NaN,true,true
qs_bias,2,469,BigFloat128,true,0.001,9.269060107420998e-15,9.26105895918335e-29,2.00000000000023,false,true
qs_bias,2,469,BigFloat128,true,0.0001,9.269060107416084e-17,9.26105892531049e-28,2.000000000009416,false,true
qs_bias,2,469,BigFloat128,true,1.0e-5,9.269060107215118e-19,9.261058921924879e-27,2.000000015205984,false,true
qs_bias,2,469,BigFloat128,true,1.0e-6,9.26905978267685e-21,9.261058921586337e-26,NaN,false,true
qs_bias,2,470,Float64,true,0.001,4.137830855732716e-9,3.498729153978168e-6,-1.11618227077308,true,true
qs_bias,2,470,Float64,true,0.0001,5.406983005773469e-8,3.498729141181362e-5,-0.2282254864792172,true,true
qs_bias,2,470,Float64,true,1.0e-5,9.144932222593383e-8,0.00034987291399023147,-1.7969223436281427,true,true
qs_bias,2,470,Float64,true,1.0e-6,5.729316769120807e-6,0.0034987291397744168,NaN,true,true
qs_bias,2,470,BigFloat128,true,0.001,8.8378731908597e-15,9.261058959183352e-29,2.0000000000002287,false,true
qs_bias,2,470,BigFloat128,true,0.0001,8.837873190855044e-17,9.26105892531049e-28,1.9999999999997504,false,true
qs_bias,2,470,BigFloat128,true,1.0e-5,8.837873190860123e-19,9.261058921924879e-27,2.0000000184145748,false,true
qs_bias,2,470,BigFloat128,true,1.0e-6,8.837872816124359e-21,9.261058921586337e-26,NaN,false,true
qs_bias,2,471,Float64,false,0.001,1.4342338400252785e-8,3.4987291539781658e-6,-0.6099210522672107,true,true
qs_bias,2,471,Float64,false,0.0001,5.8417237741581474e-8,3.498729141181362e-5,-0.5429537099278582,true,true
qs_bias,2,471,Float64,false,1.0e-5,2.0393639005300557e-7,0.00034987291399023147,-1.122904744079661,true,true
qs_bias,2,471,Float64,false,1.0e-6,2.7064466556481204e-6,0.0034987291397744168,NaN,true,true
qs_bias,2,471,BigFloat128,false,0.001,1.4444474582904269e-31,9.261058959183348e-29,-1.2545178663697245,true,true
qs_bias,2,471,BigFloat128,false,0.0001,2.5954915266156108e-30,9.26105892531049e-28,-1.062472981408515,true,true
qs_bias,2,471,BigFloat128,false,1.0e-5,2.997040396856504e-29,9.261058921924879e-27,-0.5038855068072013,true,true
qs_bias,2,471,BigFloat128,false,1.0e-6,9.562646543939309e-29,9.261058921586337e-26,NaN,true,true
qs_bias,2,473,Float64,true,0.001,8.913989113077417e-10,9.92315596228408e-7,-1.4278173616899483,true,true
qs_bias,2,473,Float64,true,0.0001,2.38720360163115e-8,9.923155597478978e-6,-1.2954970524846807,true,true
qs_bias,2,473,Float64,true,1.0e-5,4.713966734896349e-7,9.923155821574927e-5,-1.051438850923167,true,true
qs_bias,2,473,Float64,true,1.0e-6,5.30671011472975e-6,0.0009923103160984588,NaN,true,true
qs_bias,2,473,BigFloat128,true,0.001,9.457837041835067e-15,2.626637512749213e-29,2.0000000000002363,false,true
qs_bias,2,473,BigFloat128,true,0.0001,9.457837041829918e-17,2.626637478889316e-28,2.000000000013007,false,true
qs_bias,2,473,BigFloat128,true,1.0e-5,9.457837041546658e-19,2.6266374755038353e-27,2.0000000182038113,false,true
qs_bias,2,473,BigFloat128,true,1.0e-6,9.457836645113628e-21,2.6266374751652923e-26,NaN,false,true
qs_bias,2,474,Float64,true,0.001,3.704347761868121e-8,3.49872915397898e-6,-0.41015842425900023,true,true
qs_bias,2,474,Float64,true,0.0001,9.525113853214862e-8,3.49872914118137e-5,-1.3974465740830777,true,true
qs_bias,2,474,Float64,true,1.0e-5,2.3785744503457273e-6,0.0003498729139902315,-0.5904329327741675,true,true
qs_bias,2,474,Float64,true,1.0e-6,9.262957732403265e-6,0.003498729139774417,NaN,true,true
qs_bias,2,474,BigFloat128,true,0.001,3.839186165410832e-15,9.261058959185502e-29,2.000000000000172,false,true
qs_bias,2,474,BigFloat128,true,0.0001,3.8391861654093133e-17,9.261058925310511e-28,2.0000000000141025,false,true
qs_bias,2,474,BigFloat128,true,1.0e-5,3.839186165284645e-19,9.261058921924879e-27,1.9999999583901795,false,true
qs_bias,2,474,BigFloat128,true,1.0e-6,3.8391865331176745e-21,9.261058921586337e-26,NaN,false,true
qs_bias,2,476,Float64,true,0.001,1.6755249743205525e-8,3.4987291539781675e-6,-0.8335607828734838,true,true
qs_bias,2,476,Float64,true,0.0001,1.1421198731209614e-7,3.498729141181362e-5,-0.7300205950345414,true,true
qs_bias,2,476,Float64,true,1.0e-5,6.133837742172688e-7,0.0003498729139902315,-0.5734285740222551,true,true
qs_bias,2,476,Float64,true,1.0e-6,2.296999271567124e-6,0.003498729139774417,NaN,true,true
qs_bias,2,476,BigFloat128,true,0.001,3.920537255490423e-15,9.261058959183351e-29,2.000000000000251,false,true
qs_bias,2,476,BigFloat128,true,0.0001,3.920537255488157e-17,9.26105892531049e-28,1.9999999999850842,false,true
qs_bias,2,476,BigFloat128,true,1.0e-5,3.920537255622809e-19,9.261058921924879e-27,1.9999999790405594,false,true
qs_bias,2,476,BigFloat128,true,1.0e-6,3.920537444831453e-21,9.261058921586337e-26,NaN,false,true
qs_bias,2,479,Float64,false,0.001,5.943867548950353e-9,6.127960614245751e-7,-0.6175897300432176,true,true
qs_bias,2,479,Float64,false,0.0001,2.464102976000138e-8,6.127960335336009e-6,-1.0132222229250132,true,true
qs_bias,2,479,Float64,false,1.0e-5,2.5402770005252083e-7,6.127958916873663e-5,-0.7001256279876181,true,true
qs_bias,2,479,Float64,false,1.0e-6,1.2735227400803405e-6,0.0006127952668169379,NaN,true,true
qs_bias,2,479,BigFloat128,false,0.001,3.933360579343911e-15,1.6220576686696405e-29,2.0000000000002216,false,true
qs_bias,2,479,BigFloat128,false,0.0001,3.9333605793419037e-17,1.622057634812017e-28,1.9999999999979736,false,true
qs_bias,2,479,BigFloat128,false,1.0e-5,3.933360579360257e-19,1.622057631426559e-27,1.9999999865018427,false,true
qs_bias,2,479,BigFloat128,false,1.0e-6,3.933360701611685e-21,1.6220576310880168e-26,NaN,false,true
qs_bias,2,487,Float64,true,0.001,2.699010481777009e-8,3.4987291539784377e-6,-0.9119921496167952,true,true
qs_bias,2,487,Float64,true,0.0001,2.203924540644664e-7,3.4987291411813655e-5,-1.086554040267452,true,true
qs_bias,2,487,Float64,true,1.0e-5,2.6899905917199263e-6,0.0003498729139902316,1.7924340351442678e-11,true,true
qs_bias,2,487,Float64,true,1.0e-6,2.689990591608904e-6,0.003498729139774417,NaN,true,true
qs_bias,2,487,BigFloat128,true,0.001,2.684058482551346e-14,9.261058959184067e-29,2.0000000000002216,false,true
qs_bias,2,487,BigFloat128,true,0.0001,2.684058482549976e-16,9.261058925310497e-28,2.0000000000024496,false,true
qs_bias,2,487,BigFloat128,true,1.0e-5,2.684058482534838e-18,9.261058921924879e-27,1.9999999938972504,false,true
qs_bias,2,487,BigFloat128,true,1.0e-6,2.684058520251497e-20,9.261058921586337e-26,NaN,false,true
qs_bias,2,488,Float64,true,0.001,1.6420563353491957e-8,3.4987291539787083e-6,-0.5633151899514061,true,true
qs_bias,2,488,Float64,true,0.0001,6.007630903859251e-8,3.4987291411813675e-5,-0.9389675099494844,true,true
qs_bias,2,488,Float64,true,1.0e-5,5.220003000405704e-7,0.00034987291399023147,-1.3120514382994966,true,true
qs_bias,2,488,Float64,true,1.0e-6,1.0708340959952878e-5,0.0034987291397744168,NaN,true,true
qs_bias,2,488,BigFloat128,true,0.001,7.668223412651163e-16,9.261058959184784e-29,2.0000000000000813,false,true
qs_bias,2,488,BigFloat128,true,0.0001,7.668223412649725e-18,9.261058925310504e-28,1.9999999998604203,false,true
qs_bias,2,488,BigFloat128,true,1.0e-5,7.668223415114248e-20,9.261058921924879e-27,2.0000002385017774,false,true
qs_bias,2,488,BigFloat128,true,1.0e-6,7.668219203952263e-22,9.261058921586337e-26,NaN,false,true
qs_bias,2,490,Float64,true,0.001,8.77029093793169e-9,3.4987291539784377e-6,-1.641465831450739,true,true
qs_bias,2,490,Float64,true,0.0001,3.841314202279733e-7,3.4987291411813655e-5,0.615562265832448,true,true
qs_bias,2,490,Float64,true,1.0e-5,9.309311577165857e-8,0.00034987291399023147,5.179370032635399e-10,true,true
qs_bias,2,490,Float64,true,1.0e-6,9.309311566063627e-8,0.003498729139774417,NaN,true,true
qs_bias,2,490,BigFloat128,true,0.001,1.084988091088075e-14,9.261058959184067e-29,2.0000000000002265,false,true
qs_bias,2,490,BigFloat128,true,0.0001,1.084988091087509e-16,9.261058925310497e-28,1.9999999999868818,false,true
qs_bias,2,490,BigFloat128,true,1.0e-5,1.0849880911202819e-18,9.261058921924879e-27,1.999999992889823,false,true
qs_bias,2,490,BigFloat128,true,1.0e-6,1.0849881088834767e-20,9.261058921586337e-26,NaN,false,true
qs_bias,2,492,Float64,false,0.001,4.261677599086372e-11,1.4011325645110147e-9,0.10921148199442403,true,true
qs_bias,2,492,Float64,false,0.0001,3.3141267163121286e-11,1.4011197664453026e-8,-1.4644039765634245,true,true
qs_bias,2,492,Float64,false,1.0e-5,9.655462607440849e-10,1.401118487384817e-7,-1.14887065283388,true,true
qs_bias,2,492,Float64,false,1.0e-6,1.3603283188162038e-8,1.4011183404264788e-6,NaN,true,true
qs_bias,2,492,BigFloat128,false,0.001,5.375491869396331e-11,3.7087670174953826e-32,2.0000000003029665,false,true
qs_bias,2,492,BigFloat128,false,0.0001,5.375491865646352e-13,3.7087331413368254e-31,2.0000000000030296,false,true
qs_bias,2,492,BigFloat128,false,1.0e-5,5.375491865608853e-15,3.7087297556938824e-30,2.000000000000029,false,true
qs_bias,2,492,BigFloat128,false,1.0e-6,5.3754918656084975e-17,3.708729417149318e-29,NaN,false,true
qs_bias,2,511,Float64,false,0.001,2.90381304340824e-11,2.4500022378440216e-9,-0.551685225606704,true,true
qs_bias,2,511,Float64,false,0.0001,1.034317510857435e-10,2.4499894459117444e-8,-1.1391813208809312,true,true
qs_bias,2,511,Float64,false,1.0e-5,1.425066720595631e-9,2.449988163421081e-7,-0.6739814408874265,true,true
qs_bias,2,511,Float64,false,1.0e-6,6.726925827119199e-9,2.449988039014563e-6,NaN,true,true
qs_bias,2,511,BigFloat128,false,0.001,3.404498827955979e-12,6.485101926127858e-32,2.000000000052277,false,true
qs_bias,2,511,BigFloat128,false,0.0001,3.4044988275461725e-14,6.485068065976736e-31,2.000000000000523,false,true
qs_bias,2,511,BigFloat128,false,1.0e-5,3.4044988275420733e-16,6.485064680493867e-30,2.0000000000001403,false,true
qs_bias,2,511,BigFloat128,false,1.0e-6,3.4044988275409738e-18,6.485064341950903e-29,NaN,false,true
qs_bias,2,553,Float64,true,0.001,1.2318498808570453e-9,2.586489351779852e-6,-2.024468479051058,true,true
qs_bias,2,553,Float64,true,0.0001,1.3032455926485139e-7,2.586489004879344e-5,-0.49516718928352965,true,true
qs_bias,2,553,Float64,true,1.0e-5,4.0756178361303e-7,0.0002586489340681313,-1.1713492412653015,true,true
qs_bias,2,553,Float64,true,1.0e-6,6.047037967846157e-6,0.002586473699954148,NaN,true,true
qs_bias,2,553,BigFloat128,true,0.001,2.6223588418713405e-10,6.846380315013438e-29,1.9999999999013833,false,true
qs_bias,2,553,BigFloat128,true,0.0001,2.622358842466807e-12,6.8463802823706345e-28,1.9999999999990161,false,true
qs_bias,2,553,BigFloat128,true,1.0e-5,2.6223588424727475e-14,6.846380278997324e-27,1.999999999999556,false,true
qs_bias,2,553,BigFloat128,true,1.0e-6,2.622358842475429e-16,6.846380278658905e-26,NaN,false,true
qs_bias,2,565,Float64,false,0.001,1.186807202134226e-11,9.356648551404467e-9,0.0,true,true
qs_bias,2,565,Float64,false,0.0001,1.186807202134226e-11,9.356635760417697e-8,-2.2173601756967023,true,true
qs_bias,2,565,Float64,false,1.0e-5,1.9576738913431454e-9,9.356634481428599e-7,-1.276252140899631,true,true
qs_bias,2,565,Float64,false,1.0e-6,3.698217844119584e-8,9.356634353530785e-6,NaN,true,true
qs_bias,2,565,BigFloat128,false,0.001,1.567703168944207e-13,2.4766842496621263e-31,2.000000000025516,false,true
qs_bias,2,565,BigFloat128,false,0.0001,1.5677031688521001e-15,2.4766808639161195e-30,2.0000000000002576,false,true
qs_bias,2,565,BigFloat128,false,1.0e-5,1.5677031688511702e-17,2.4766805253705236e-29,1.9999999999932268,false,true
qs_bias,2,565,BigFloat128,false,1.0e-6,1.5677031688756203e-19,2.476680491516254e-28,NaN,false,true
qs_bias,2,576,Float64,true,0.001,1.0679248152456466e-8,3.4987291542519967e-6,-0.6484126327407801,true,true
qs_bias,2,576,Float64,true,0.0001,4.752841276101094e-8,3.4987291411841e-5,-0.3142317242209703,true,true
qs_bias,2,576,Float64,true,1.0e-5,9.799073952265758e-8,0.0003498729139902342,-2.0784654129091193,true,true
qs_bias,2,576,Float64,true,1.0e-6,1.1739522922216139e-5,0.0034987291397744168,NaN,true,true
qs_bias,2,576,BigFloat128,true,0.001,3.4081490335956593e-10,9.261058959908172e-29,2.0000000000141323,false,true
qs_bias,2,576,BigFloat128,true,0.0001,3.408149033484757e-12,9.261058925317738e-28,2.0000000000001434,false,true
qs_bias,2,576,BigFloat128,true,1.0e-5,3.408149033483633e-14,9.261058921924952e-27,1.9999999999992721,false,true
qs_bias,2,576,BigFloat128,true,1.0e-6,3.408149033489345e-16,9.261058921586337e-26,NaN,false,true
qs_bias,2,579,Float64,false,0.001,3.1046912126524437e-10,3.6200275910824625e-8,-0.6830003776277664,true,true
qs_bias,2,579,Float64,false,0.0001,1.4963003933065819e-9,3.6200263060565667e-7,-0.9061294036839372,true,true
qs_bias,2,579,Float64,false,1.0e-5,1.2054472034785357e-8,3.6200261835691967e-6,-0.9887024938976103,true,true
qs_bias,2,579,Float64,false,1.0e-6,1.1744936894941429e-7,3.620026170779366e-5,NaN,true,true
qs_bias,2,579,BigFloat128,false,0.001,1.0931702164526164e-11,9.582133248696701e-31,2.000000000024353,false,true
qs_bias,2,579,BigFloat128,false,0.0001,1.0931702163913165e-13,9.582129861702922e-30,2.0000000000002434,false,true
qs_bias,2,579,BigFloat128,false,1.0e-5,1.0931702163907041e-15,9.582129523144849e-29,2.000000000000598,false,true
qs_bias,2,579,BigFloat128,false,1.0e-6,1.0931702163891981e-17,9.582129489290457e-28,NaN,false,true
qs_bias,2,596,Float64,false,0.001,1.5855126731154703e-11,1.0893320206447677e-8,-1.7493635824634348,true,true
qs_bias,2,596,Float64,false,0.0001,8.902937000107935e-10,1.0893307406177973e-7,-0.48224708199749095,true,true
qs_bias,2,596,Float64,false,1.0e-5,2.7025913485685585e-9,1.0893306107451116e-6,-0.9570642668535827,true,true
qs_bias,2,596,Float64,false,1.0e-6,2.4481873470164573e-8,1.0893306008993497e-5,NaN,true,true
qs_bias,2,596,BigFloat128,false,0.001,2.967041047738197e-13,2.8834378499538133e-31,2.0000000000143077,false,true
qs_bias,2,596,BigFloat128,false,0.0001,2.96704104764045e-15,2.8834344643177373e-30,2.00000000000015,false,true
qs_bias,2,596,BigFloat128,false,1.0e-5,2.967041047639425e-17,2.8834341257732405e-29,2.0000000000004197,false,true
qs_bias,2,596,BigFloat128,false,1.0e-6,2.9670410476365563e-19,2.883434091918982e-28,NaN,false,true
qs_bias,2,609,Float64,false,0.001,7.370263469749071e-11,9.276830508071724e-9,-0.3111224927776668,true,true
qs_bias,2,609,Float64,false,0.0001,1.5087090863506047e-10,9.276817718231228e-8,-1.0503685376221643,true,true
qs_bias,2,609,Float64,false,1.0e-5,1.6942365381057407e-9,9.276816439253591e-7,-1.4564554219929382,true,true
qs_bias,2,609,Float64,false,1.0e-6,4.8465139323164046e-8,9.276815861753699e-6,NaN,true,true
qs_bias,2,609,BigFloat128,false,0.001,4.4832455135972346e-15,2.455556589509563e-31,2.000000000000128,false,true
qs_bias,2,609,BigFloat128,false,0.0001,4.483245513595915e-17,2.455553204066972e-30,1.999999999999601,false,true
qs_bias,2,609,BigFloat128,false,1.0e-5,4.483245513600035e-19,2.4555528655244103e-29,2.000000000105782,false,true
qs_bias,2,609,BigFloat128,false,1.0e-6,4.4832455125080415e-21,2.4555528316701714e-28,NaN,false,true
qs_bias,2,614,Float64,false,0.001,2.1106788745026197e-11,4.134129415491477e-8,-1.916270183349179,true,true
qs_bias,2,614,Float64,false,0.0001,1.7405734180698525e-9,4.134128129102485e-7,-0.7737402521965,true,true
qs_bias,2,614,Float64,false,1.0e-5,1.033790647599702e-8,4.134127965659282e-6,0.0,true,true
qs_bias,2,614,Float64,false,1.0e-6,1.033790647599702e-8,4.1341279528694824e-5,NaN,true,true
qs_bias,2,614,BigFloat128,false,0.001,2.729081497787062e-12,1.0942949447526102e-30,2.0000000000141567,false,true
qs_bias,2,614,BigFloat128,false,0.0001,2.7290814976981034e-14,1.0942946061298824e-29,2.0000000000001434,false,true
qs_bias,2,614,BigFloat128,false,1.0e-5,2.7290814976972033e-16,1.0942945722748413e-28,2.0000000000000564,false,true
qs_bias,2,614,BigFloat128,false,1.0e-6,2.7290814976968476e-18,1.0942945688894098e-27,NaN,false,true
qs_bias,2,618,Float64,false,0.001,1.0392283754237188e-11,9.317132470001259e-9,-1.2018227426923005,true,true
qs_bias,2,618,Float64,false,0.0001,1.6539932735522886e-10,9.317119680160454e-8,-1.0299761904665246,true,true
qs_bias,2,618,Float64,false,1.0e-5,1.7721885631424487e-9,9.317118384671122e-7,-1.3194519529896507,true,true
qs_bias,2,618,Float64,false,1.0e-6,3.697957218259075e-8,9.317118273285116e-6,NaN,true,true
qs_bias,2,618,BigFloat128,false,0.001,4.50272241000446e-15,2.4662244300074704e-31,2.000000000000128,false,true
qs_bias,2,618,BigFloat128,false,0.0001,4.5027224100031335e-17,2.4662210445647975e-30,1.9999999999996376,false,true
qs_bias,2,618,BigFloat128,false,1.0e-5,4.502722410006891e-19,2.466220706022235e-29,2.0000000000676663,false,true
qs_bias,2,618,BigFloat128,false,1.0e-6,4.5027224093053334e-21,2.4662206721679963e-28,NaN,false,true
qs_bias,2,656,Float64,false,0.001,3.585170710037787e-12,1.0575510762652937e-8,-1.6996213943942422,true,true
qs_bias,2,656,Float64,false,0.0001,1.7952760371486351e-10,1.0575497972810162e-7,-0.5378285283302235,true,true
qs_bias,2,656,Float64,false,1.0e-5,6.193836862269278e-10,1.0575496693832503e-6,-1.812335762643801,true,true
qs_bias,2,656,Float64,false,1.0e-6,4.0206431112312715e-8,1.0575496565934806e-5,NaN,true,true
qs_bias,2,656,BigFloat128,false,0.001,4.348652361170022e-15,2.799314390627966e-31,2.000000000000128,false,true
qs_bias,2,656,BigFloat128,false,0.0001,4.348652361168741e-17,2.7993110051847723e-30,1.999999999999579,false,true
qs_bias,2,656,BigFloat128,false,1.0e-5,4.348652361172957e-19,2.7993106666422045e-29,2.0000000001081117,false,true
qs_bias,2,656,BigFloat128,false,1.0e-6,4.3486523600904206e-21,2.799310632787966e-28,NaN,false,true
qs_bias,2,657,Float64,false,0.001,4.985060507178455e-11,1.4809506144293068e-8,-1.177907479370952,true,true
qs_bias,2,657,Float64,false,0.0001,7.508927538524634e-10,1.4809493342529246e-7,-1.020534612000778,true,true
qs_bias,2,657,Float64,false,1.0e-5,7.872497391144018e-9,1.480949207466392e-6,-0.5675548659757158,true,true
qs_bias,2,657,Float64,false,1.0e-6,2.908488770575639e-8,1.4809491516033733e-5,NaN,true,true
qs_bias,2,657,BigFloat128,false,0.001,2.5564803254530118e-14,3.920043636494133e-31,2.000000000017372,false,true
qs_bias,2,657,BigFloat128,false,0.0001,2.556480325350752e-16,3.920040250838994e-30,2.0000000000002673,false,true
qs_bias,2,657,BigFloat128,false,1.0e-5,2.5564803253491774e-18,3.9200399122943066e-29,2.000000000037356,false,true
qs_bias,2,657,BigFloat128,false,1.0e-6,2.5564803251292823e-20,3.9200398784400467e-28,NaN,false,true
qs_bias,2,664,Float64,false,0.001,4.4052596539612234e-11,1.0533517956222719e-8,-0.6961018352035698,true,true
qs_bias,2,664,Float64,false,0.0001,2.1881311402293208e-10,1.0533505166844265e-7,-0.6995451550501487,true,true
qs_bias,2,664,Float64,false,1.0e-5,1.0955154375993386e-9,1.0533503876326994e-6,-1.590966345017273,true,true
qs_bias,2,664,Float64,false,1.0e-6,4.2715436321948e-8,1.0533503759968912e-5,NaN,true,true
qs_bias,2,664,BigFloat128,false,0.001,4.3313848868795626e-15,2.7881989874401472e-31,2.000000000000128,false,true
qs_bias,2,664,BigFloat128,false,0.0001,4.331384886878286e-17,2.7881956019970315e-30,1.9999999999995721,false,true
qs_bias,2,664,BigFloat128,false,1.0e-5,4.331384886882554e-19,2.7881952634544645e-29,2.0000000000594724,false,true
qs_bias,2,664,BigFloat128,false,1.0e-6,4.331384886289412e-21,2.7881952296002256e-28,NaN,false,true
qs_bias,2,670,Float64,false,0.001,7.770932980099233e-10,1.0493456146613523e-7,0.1643672047780289,true,true
qs_bias,2,670,Float64,false,0.0001,5.322380982489294e-10,1.049345487508573e-6,-2.0934301328097042,true,true
qs_bias,2,670,Float64,false,1.0e-5,6.599880794138527e-8,1.0493454747180985e-5,-0.21620854553420718,true,true
qs_bias,2,670,Float64,false,1.0e-6,1.0857869985097629e-7,0.00010493453595025471,NaN,true,true
qs_bias,2,670,BigFloat128,false,0.001,7.626768786188045e-12,2.7775947167465825e-30,2.0000000000108544,false,true
qs_bias,2,670,BigFloat128,false,0.0001,7.626768785997431e-14,2.777594378038499e-29,2.000000000000111,false,true
qs_bias,2,670,BigFloat128,false,1.0e-5,7.626768785995478e-16,2.777594344182605e-28,1.9999999999995157,false,true
qs_bias,2,670,BigFloat128,false,1.0e-6,7.626768786003983e-18,2.7775943407971646e-27,NaN,false,true
qs_bias,2,694,Float64,true,0.001,6.400812050258725e-9,1.7236394395993774e-6,-0.7387831257714752,true,true
qs_bias,2,694,Float64,true,0.0001,3.507665738685288e-8,1.7236393771823337e-5,-1.23930890814104,true,true
qs_bias,2,694,Float64,true,1.0e-5,6.085932187512075e-7,0.00017236383873655897,-0.965937076626847,true,true
qs_bias,2,694,Float64,true,1.0e-6,5.6268350694470455e-6,0.001723629737598118,NaN,true,true
qs_bias,2,694,BigFloat128,true,0.001,2.7685015516986893e-10,4.562435635839001e-29,1.999999999905507,false,true
qs_bias,2,694,BigFloat128,true,0.0001,2.7685015523010556e-12,4.5624356027046395e-28,1.9999999999990543,false,true
qs_bias,2,694,BigFloat128,true,1.0e-5,2.7685015523070844e-14,4.562435599326415e-27,1.9999999999996134,false,true
qs_bias,2,694,BigFloat128,true,1.0e-6,2.7685015523095483e-16,4.562435598987945e-26,NaN,false,true
qs_bias,2,708,Float64,false,0.001,3.883346821083803e-10,6.739730349801931e-8,-0.522586545915488,true,true
qs_bias,2,708,Float64,false,0.0001,1.2935783100381067e-9,6.739729072255307e-7,-1.4983801119541407,true,true
qs_bias,2,708,Float64,false,1.0e-5,4.075424358958045e-8,6.739728669673188e-6,-0.48621528289317023,true,true
qs_bias,2,708,Float64,false,1.0e-6,1.2484987728281119e-7,6.739728090101526e-5,NaN,true,true
qs_bias,2,708,BigFloat128,false,0.001,1.3327070072158014e-11,1.7839917700340348e-30,2.000000000047172,false,true
qs_bias,2,708,BigFloat128,false,0.0001,1.332707007071046e-13,1.7839914311774727e-29,2.0000000000004716,false,true
qs_bias,2,708,BigFloat128,false,1.0e-5,1.3327070070695981e-15,1.7839913973200936e-28,2.000000000000673,false,true
qs_bias,2,708,BigFloat128,false,1.0e-6,1.3327070070675335e-17,1.7839913939346387e-27,NaN,false,true
qs_bias,2,714,Float64,false,0.001,2.059186350502337e-9,4.702119467987556e-7,-1.0933152469830243,true,true
qs_bias,2,714,Float64,false,0.0001,2.5527653586473924e-8,4.7021193398275565e-6,-0.8708272672530355,true,true
qs_bias,2,714,Float64,false,1.0e-5,1.8959992667575981e-7,4.7021184355136845e-5,-0.7894006457438109,true,true
qs_bias,2,714,Float64,false,1.0e-6,1.167451401297716e-6,0.0004702113836260365,NaN,true,true
qs_bias,2,714,BigFloat128,false,0.001,3.1636031457315135e-11,1.2446406597847839e-29,2.00000000001413,false,true
qs_bias,2,714,BigFloat128,false,0.0001,3.163603145628582e-13,1.2446406258611145e-28,2.000000000000143,false,true
qs_bias,2,714,BigFloat128,false,1.0e-5,3.1636031456275402e-15,1.2446406224749965e-27,2.000000000000085,false,true
qs_bias,2,714,BigFloat128,false,1.0e-6,3.163603145626921e-17,1.2446406221364473e-26,NaN,false,true
qs_bias,2,762,Float64,false,0.001,1.3059086398924256e-10,7.056576107203601e-8,-1.6646095635759028,true,true
qs_bias,2,762,Float64,false,0.0001,6.032847659981667e-9,7.056574785305031e-7,0.28945821645943454,true,true
qs_bias,2,762,Float64,false,1.0e-5,3.0978768004394536e-9,7.0565746781146766e-6,-2.279855347100351,true,true
qs_bias,2,762,Float64,false,1.0e-6,5.900916773512532e-7,7.056570523159278e-5,NaN,true,true
qs_bias,2,762,BigFloat128,false,0.001,3.9440537088532556e-12,1.8678601429954284e-30,2.000000000012433,false,true
qs_bias,2,762,BigFloat128,false,0.0001,3.944053708740344e-14,1.867859804367597e-29,2.0000000000001266,false,true
qs_bias,2,762,BigFloat128,false,1.0e-5,3.9440537087391947e-16,1.8678597705125051e-28,2.000000000000179,false,true
qs_bias,2,762,BigFloat128,false,1.0e-6,3.944053708737568e-18,1.867859767127073e-27,NaN,false,true
qs_bias,2,766,Float64,false,0.001,1.3863501051656074e-9,3.675416437913498e-7,-0.7332501309462226,true,true
qs_bias,2,766,Float64,false,0.0001,7.501067103977689e-9,3.6754163098331723e-6,-0.8544151042243605,true,true
qs_bias,2,766,Float64,false,1.0e-5,5.364610000623892e-8,3.675416099869827e-5,-1.1832072160247349,true,true
qs_bias,2,766,Float64,false,1.0e-6,8.179850586355498e-7,0.0003675413289326969,NaN,true,true
qs_bias,2,766,BigFloat128,false,0.001,2.0186360140776588e-11,9.72874630560237e-30,2.00000000001413,false,true
qs_bias,2,766,BigFloat128,false,0.0001,2.0186360140119803e-13,9.728745966576572e-29,2.0000000000001408,false,true
qs_bias,2,766,BigFloat128,false,1.0e-5,2.0186360140113253e-15,9.7287459327175e-28,1.9999999999993412,false,true
qs_bias,2,766,BigFloat128,false,1.0e-6,2.018636014014388e-17,9.728745929332029e-27,NaN,false,true
qs_bias,2,778,Float64,false,0.001,1.440090146630562e-10,2.9433348735481482e-8,-0.6434841235821869,true,true
qs_bias,2,778,Float64,false,0.0001,6.336855477824403e-10,2.943333594434163e-7,-1.09770889963481,true,true
qs_bias,2,778,Float64,false,1.0e-5,7.935653599282248e-9,2.943333443177825e-6,-1.2902965050566513,true,true
qs_bias,2,778,Float64,false,1.0e-6,1.5483858974262943e-7,2.943332998003716e-5,NaN,true,true
qs_bias,2,778,BigFloat128,false,0.001,6.165451676468206e-13,7.790942539680788e-31,2.0000000000142304,false,true
qs_bias,2,778,BigFloat128,false,0.0001,6.165451676266185e-15,7.79093915389426e-30,2.0000000000001443,false,true
qs_bias,2,778,BigFloat128,false,1.0e-5,6.165451676264138e-17,7.790938815348259e-29,1.9999999999929434,false,true
qs_bias,2,778,BigFloat128,false,1.0e-6,6.165451676364315e-19,7.790938781493987e-28,NaN,false,true
qs_bias,2,786,Float64,false,0.001,3.2323364932300174e-10,1.416875261145164e-7,-1.1330686707911546,true,true
qs_bias,2,786,Float64,false,0.0001,4.391220409021105e-9,1.4168751268749587e-6,-0.8483164792867794,true,true
qs_bias,2,786,Float64,false,1.0e-5,3.0967184066616965e-8,1.4168751203054933e-5,-1.5460122660378885,true,true
qs_bias,2,786,Float64,false,1.0e-6,1.0887144360145274e-6,0.0001416873576454106,NaN,true,true
qs_bias,2,786,BigFloat128,false,0.001,2.3621464887366006e-11,3.750437588472333e-30,2.000000000022125,false,true
qs_bias,2,786,BigFloat128,false,0.0001,2.3621464886162617e-13,3.7504372496187596e-29,2.0000000000002207,false,true
qs_bias,2,786,BigFloat128,false,1.0e-5,2.3621464886150618e-15,3.7504372157614103e-28,2.0000000000000733,false,true
qs_bias,2,786,BigFloat128,false,1.0e-6,2.3621464886146636e-17,3.750437212375956e-27,NaN,false,true
qs_bias,2,794,Float64,false,0.001,1.0510877006984949e-11,1.1313546598587552e-8,-1.6605634747952054,true,true
qs_bias,2,794,Float64,false,0.0001,4.810635247364441e-10,1.1313533808692872e-7,-0.9894344330426814,true,true
qs_bias,2,794,Float64,false,1.0e-5,4.6950136804114435e-9,1.1313532476597506e-6,-1.3232366835450788,true,true
qs_bias,2,794,Float64,false,1.0e-6,9.882652975689022e-8,1.1313532401816989e-5,NaN,true,true
qs_bias,2,794,BigFloat128,false,0.001,8.63617288702266e-15,2.994670849781399e-31,2.0000000000002776,false,true
qs_bias,2,794,BigFloat128,false,0.0001,8.636172887017142e-17,2.9946674643244667e-30,1.9999999999998666,false,true
qs_bias,2,794,BigFloat128,false,1.0e-5,8.636172887019796e-19,2.994667125781761e-29,2.000000000006209,false,true
qs_bias,2,794,BigFloat128,false,1.0e-6,8.636172886896333e-21,2.994667091927521e-28,NaN,false,true
qs_bias,2,800,Float64,false,0.001,2.1170370209488e-10,9.859864343848962e-8,-1.3090125554647443,true,true
qs_bias,2,800,Float64,false,0.0001,4.312618167834433e-9,9.859863064470615e-7,-1.0215657856173779,true,true
qs_bias,2,800,Float64,false,1.0e-5,4.5321762825229966e-8,9.85986293656891e-6,-1.1356993149270955,true,true
qs_bias,2,800,Float64,false,1.0e-6,6.194497880287674e-7,9.859862923779102e-5,NaN,true,true
qs_bias,2,800,BigFloat128,false,0.001,2.3694124191490065e-12,2.6098843608431194e-30,2.000000000014192,false,true
qs_bias,2,800,BigFloat128,false,0.0001,2.369412419071576e-14,2.609884022194491e-29,2.000000000000144,false,true
qs_bias,2,800,BigFloat128,false,1.0e-5,2.3694124190707906e-16,2.609883988339191e-28,2.0000000000005866,false,true
qs_bias,2,800,BigFloat128,false,1.0e-6,2.3694124190675896e-18,2.6098839849537573e-27,NaN,false,true
qs_bias,2,812,Float64,true,0.001,9.944835621666925e-9,3.4987291541053562e-6,-1.0508762107590177,true,true
qs_bias,2,812,Float64,true,0.0001,1.1180824222023489e-7,3.498729141182634e-5,-0.5566658253920014,true,true
qs_bias,2,812,Float64,true,1.0e-5,4.028465467875719e-7,0.0003498729139902327,-1.6623757030399882,true,true
qs_bias,2,812,Float64,true,1.0e-6,1.8514643250089335e-5,0.0034987291397744168,NaN,true,true
qs_bias,2,812,BigFloat128,true,0.001,1.305029170945089e-10,9.261058959520018e-29,2.0000000000141434,false,true
qs_bias,2,812,BigFloat128,true,0.0001,1.3050291709025892e-12,9.261058925313857e-28,2.0000000000001426,false,true
qs_bias,2,812,BigFloat128,true,1.0e-5,1.305029170902161e-14,9.261058921924914e-27,2.000000000000433,false,true
qs_bias,2,812,BigFloat128,true,1.0e-6,1.3050291709008595e-16,9.261058921586337e-26,NaN,false,true
qs_bias,2,828,Float64,false,0.001,2.338797045102477e-11,3.4178868877123696e-8,-1.9031799127367266,true,true
qs_bias,2,828,Float64,false,0.0001,1.8714250963898613e-9,3.417885608578493e-7,-3.221656462710214e-8,true,true
qs_bias,2,828,Float64,false,1.0e-5,1.8714252352147654e-9,3.417885480679231e-6,-1.9901178042298808,true,true
qs_bias,2,828,Float64,false,1.0e-6,1.829322540332781e-7,3.417884842647954e-5,NaN,true,true
qs_bias,2,828,BigFloat128,false,0.001,1.1557936458270587e-12,9.04707126212761e-31,2.0000000000141473,false,true
qs_bias,2,828,BigFloat128,false,0.0001,1.1557936457894083e-14,9.047067876288431e-30,2.000000000000145,false,true
qs_bias,2,828,BigFloat128,false,1.0e-5,1.1557936457890214e-16,9.047067537741904e-29,2.0000000000020823,false,true
qs_bias,2,828,BigFloat128,false,1.0e-6,1.1557936457834799e-18,9.047067503887626e-28,NaN,false,true
qs_bias,2,842,Float64,false,0.001,3.060780697032351e-10,7.3615623881529e-8,-0.7782741659576394,true,true
qs_bias,2,842,Float64,false,0.0001,1.8369882556239997e-9,7.361561108850357e-7,-1.3222427431803543,true,true
qs_bias,2,842,Float64,false,1.0e-5,3.857883626206829e-8,7.3615609809494065e-6,-1.110751074514871,true,true
qs_bias,2,842,Float64,false,1.0e-6,4.978519327138868e-7,7.361560968159608e-5,NaN,true,true
qs_bias,2,842,BigFloat128,false,0.001,1.5826694776805075e-12,1.9485893393854843e-30,2.0000000000181486,false,true
qs_bias,2,842,BigFloat128,false,0.0001,1.5826694776143697e-14,1.9485890007569206e-29,2.0000000000001843,false,true
qs_bias,2,842,BigFloat128,false,1.0e-5,1.5826694776136982e-16,1.9485889669018214e-28,2.00000000000322,false,true
qs_bias,2,842,BigFloat128,false,1.0e-6,1.582669477601963e-18,1.9485889635163892e-27,NaN,false,true
qs_bias,2,850,Float64,false,0.001,3.16705911673705e-10,1.9122575353498508e-7,-0.17935314943477867,true,true
qs_bias,2,850,Float64,false,0.0001,4.786403633056279e-10,1.9122574079681833e-6,-2.177683695695191,true,true
qs_bias,2,850,Float64,false,1.0e-5,7.205979382082951e-8,1.9122573951775176e-5,-1.3003966963148719,true,true
qs_bias,2,850,Float64,false,1.0e-6,1.4390958191871668e-6,0.00019122546419769114,NaN,true,true
qs_bias,2,850,BigFloat128,false,0.001,9.635208544148497e-12,5.0617035518425336e-30,2.0000000000226708,false,true
qs_bias,2,850,BigFloat128,false,0.0001,9.635208543645527e-14,5.061703213062997e-29,2.000000000000226,false,true
qs_bias,2,850,BigFloat128,false,1.0e-5,9.635208543640509e-16,5.061703179206387e-28,1.9999999999992892,false,true
qs_bias,2,850,BigFloat128,false,1.0e-6,9.635208543656276e-18,5.0617031758209406e-27,NaN,false,true
qs_bias,2,863,Float64,false,0.001,8.471514605835458e-12,2.2817457504945005e-8,-1.7559708683958632,true,true
qs_bias,2,863,Float64,false,0.0001,4.829830974096225e-10,2.2817444704251224e-7,-0.6928328299871531,true,true
qs_bias,2,863,Float64,false,1.0e-5,2.3810294241215456e-9,2.281744338196476e-6,-1.7543540616117537,true,true
qs_bias,2,863,Float64,false,1.0e-6,1.3524425438913664e-7,2.2817440222467958e-5,NaN,true,true
qs_bias,2,863,BigFloat128,false,0.001,4.038646869812771e-15,6.039730712320954e-31,2.0000000000001283,false,true
qs_bias,2,863,BigFloat128,false,0.0001,4.0386468698115795e-17,6.039727326871443e-30,1.9999999999999365,false,true
qs_bias,2,863,BigFloat128,false,1.0e-5,4.038646869812169e-19,6.039726988328812e-29,1.9999999996673878,false,true
qs_bias,2,863,BigFloat128,false,1.0e-6,4.038646872905238e-21,6.039726954474573e-28,NaN,false,true
qs_bias,2,869,Float64,false,0.001,2.4888227871746747e-10,1.4861157400697227e-7,-1.8359357775169456,true,true
qs_bias,2,869,Float64,false,0.0001,1.7058064488941898e-8,1.4861156125029634e-6,-0.06971324015180201,true,true
qs_bias,2,869,Float64,false,1.0e-5,2.0028249461282664e-8,1.4861155699485106e-5,-1.656026352278749,true,true
qs_bias,2,869,Float64,false,1.0e-6,9.071296125431806e-7,0.00014861155984338242,NaN,true,true
qs_bias,2,869,BigFloat128,false,0.001,2.031687149316659e-12,3.933715611204856e-30,2.000000000014235,false,true
qs_bias,2,869,BigFloat128,false,0.0001,2.0316871492500663e-14,3.9337152725594237e-29,2.000000000000142,false,true
qs_bias,2,869,BigFloat128,false,1.0e-5,2.0316871492494022e-16,3.933715238704156e-28,2.0000000000048406,false,true
qs_bias,2,869,BigFloat128,false,1.0e-6,2.0316871492267566e-18,3.933715235318722e-27,NaN,false,true
qs_bias,2,882,Float64,false,0.001,8.818843023909298e-11,2.2949305732162697e-8,-1.4131997727546735,true,true
qs_bias,2,882,Float64,false,0.0001,2.2835545204082557e-9,2.2949292891910048e-7,-0.26386878249327406,true,true
qs_bias,2,882,Float64,false,1.0e-5,4.192568504024383e-9,2.294929156912159e-6,-1.5168431992483054,true,true
qs_bias,2,882,Float64,false,1.0e-6,1.3782352924481374e-7,2.2949288374488016e-5,NaN,true,true
qs_bias,2,882,BigFloat128,false,0.001,1.0386569707616926e-13,6.074630647958769e-31,2.00000000001351,false,true
qs_bias,2,882,BigFloat128,false,0.0001,1.0386569707293823e-15,6.074627262508221e-30,2.0000000000001292,false,true
qs_bias,2,882,BigFloat128,false,1.0e-5,1.0386569707290732e-17,6.07462692396558e-29,1.9999999999861695,false,true
qs_bias,2,882,BigFloat128,false,1.0e-6,1.03865697076215e-19,6.07462689011134e-28,NaN,false,true
qs_bias,2,907,Float64,true,0.001,2.062973647465327e-8,2.6960299193027003e-6,-0.5702811752694604,true,true
qs_bias,2,907,Float64,true,0.0001,7.669637813734198e-8,2.6960299064359888e-5,0.0,true,true
qs_bias,2,907,Float64,true,1.0e-5,7.669637813734198e-8,0.00026960299051562425,-1.1341903224063192,true,true
qs_bias,2,907,Float64,true,1.0e-6,1.0446364562266552e-6,0.0026960299050283374,NaN,true,true
qs_bias,2,907,BigFloat128,true,0.001,5.087328205140124e-11,7.136331776352314e-29,2.0000000000239186,false,true
qs_bias,2,907,BigFloat128,true,0.0001,5.08732820485994e-13,7.136331742294412e-28,2.0000000000002385,false,true
qs_bias,2,907,BigFloat128,true,1.0e-5,5.0873282048571445e-15,7.136331738906951e-27,2.0000000000009814,false,true
qs_bias,2,907,BigFloat128,true,1.0e-6,5.0873282048456476e-17,7.13633173856839e-26,NaN,false,true
qs_bias,2,908,Float64,false,0.001,1.243349697582814e-10,4.11612087654826e-8,-0.8967760008423715,true,true
qs_bias,2,908,Float64,false,0.0001,9.803232299646034e-10,4.1161195975579985e-7,0.0,true,true
qs_bias,2,908,Float64,false,1.0e-5,9.803232299646034e-10,4.116119469660174e-6,-2.447800021564998,true,true
qs_bias,2,908,Float64,false,1.0e-6,2.748965664959876e-7,4.116119456870403e-5,NaN,true,true
qs_bias,2,908,BigFloat128,false,0.001,3.7755074266429166e-15,1.0895281241617584e-30,2.0000000000001297,false,true
qs_bias,2,908,BigFloat128,false,0.0001,3.77550742664179e-17,1.0895277856158552e-29,2.0000000000003713,false,true
qs_bias,2,908,BigFloat128,false,1.0e-5,3.7755074266385626e-19,1.0895277517615825e-28,1.9999999996618334,false,true
qs_bias,2,908,BigFloat128,false,1.0e-6,3.775507429578389e-21,1.0895277483761586e-27,NaN,false,true
qs_bias,2,911,Float64,false,0.001,4.6216678100211747e-10,1.7896259716710367e-7,-1.3411793675221575,true,true
qs_bias,2,911,Float64,false,0.0001,1.0138602452665353e-8,1.7896258264026041e-6,-1.0230115979045415,true,true
qs_bias,2,911,Float64,false,1.0e-5,1.0690295056061136e-7,1.7896256404403226e-5,-4.906897384166319e-10,true,true
qs_bias,2,911,Float64,false,1.0e-6,1.0690295068139618e-7,0.00017896256391613404,NaN,true,true
qs_bias,2,911,BigFloat128,false,0.001,2.4926008880329545e-12,4.737100506149823e-30,2.0000000000252167,false,true
qs_bias,2,911,BigFloat128,false,0.0001,2.4926008878882263e-14,4.737100167465729e-29,2.0000000000002465,false,true
qs_bias,2,911,BigFloat128,false,1.0e-5,2.492600887886812e-16,4.737100133610074e-28,1.999999999993561,false,true
qs_bias,2,911,BigFloat128,false,1.0e-6,2.492600887923769e-18,4.737100130224637e-27,NaN,false,true
qs_bias,2,912,Float64,false,0.001,7.667297000779239e-11,2.3522783572397154e-8,-0.937321956033108,true,true
qs_bias,2,912,Float64,false,0.0001,6.636884235232241e-10,2.3522770768292864e-7,-1.431498175361437,true,true
qs_bias,2,912,Float64,false,1.0e-5,1.7925134284454078e-8,2.352276950492246e-6,1.0380766989384638,true,true
qs_bias,2,912,Float64,false,1.0e-6,1.642047511184112e-9,2.3522769338399213e-5,NaN,true,true
qs_bias,2,912,BigFloat128,false,0.001,6.661499150714423e-14,6.22642896827467e-31,2.000000000013575,false,true
qs_bias,2,912,BigFloat128,false,0.0001,6.661499150506203e-16,6.226425582711903e-30,2.000000000000151,false,true
qs_bias,2,912,BigFloat128,false,1.0e-5,6.661499150503888e-18,6.226425244168138e-29,2.000000000022266,false,true
qs_bias,2,912,BigFloat128,false,1.0e-6,6.661499150162357e-20,6.226425210313889e-28,NaN,false,true
qs_bias,2,913,Float64,false,0.001,2.685814955763141e-10,1.0800143293783379e-7,-1.463964587471663,true,true
qs_bias,2,913,Float64,false,0.0001,7.817010139891592e-9,1.0800142017554731e-6,0.8259770771411813,true,true
qs_bias,2,913,Float64,false,1.0e-5,1.166980497389453e-9,1.080014187705196e-5,-1.8807274395023836,true,true
qs_bias,2,913,Float64,false,1.0e-6,8.867292564463183e-8,0.00010800141876865731,NaN,true,true
qs_bias,2,913,BigFloat128,false,0.001,2.663172027867692e-12,2.858774127292109e-30,2.000000000016199,false,true
qs_bias,2,913,BigFloat128,false,0.0001,2.6631720277683575e-14,2.8587737887169216e-29,2.000000000000159,false,true
qs_bias,2,913,BigFloat128,false,1.0e-5,2.663172027767382e-16,2.858773754862356e-28,1.9999999999981628,false,true
qs_bias,2,913,BigFloat128,false,1.0e-6,2.6631720277786482e-18,2.8587737514769295e-27,NaN,false,true
qs_bias,2,950,Float64,false,0.001,8.32196962315241e-11,1.3570846592861737e-7,-1.7784595789630517,true,true
qs_bias,2,950,Float64,false,0.0001,4.99672795588819e-9,1.3570845245888493e-6,1.197720241978091e-8,true,true
qs_bias,2,950,Float64,false,1.0e-5,4.996727818085791e-9,1.3570845117988944e-5,-1.9511884625205496,true,true
qs_bias,2,950,Float64,false,1.0e-6,4.4655417664910045e-7,0.00013570845173008976,NaN,true,true
qs_bias,2,950,BigFloat128,false,0.001,7.142487316202194e-13,3.5921731832148935e-30,2.0000000000141815,false,true
qs_bias,2,950,BigFloat128,false,0.0001,7.142487315968964e-15,3.5921728446231555e-29,2.0000000000001346,false,true
qs_bias,2,950,BigFloat128,false,1.0e-5,7.142487315966749e-17,3.5921728107684243e-28,1.9999999999990168,false,true
qs_bias,2,950,BigFloat128,false,1.0e-6,7.14248731598292e-19,3.592172807382996e-27,NaN,false,true
qs_bias,2,962,Float64,false,0.001,3.7733972469202223e-10,2.925897507085184e-7,-1.3944586204680336,true,true
qs_bias,2,962,Float64,false,0.0001,9.358174706524742e-9,2.925897351791402e-6,-1.2529798703769481,true,true
qs_bias,2,962,Float64,false,1.0e-5,1.6756025749947667e-7,2.925896876118425e-5,-0.6821592627705653,true,true
qs_bias,2,962,Float64,false,1.0e-6,8.059911661547466e-7,0.0002925897365103563,NaN,true,true
qs_bias,2,962,BigFloat128,false,0.001,1.2679401350378287e-12,7.744786214960102e-30,2.000000000013591,false,true
qs_bias,2,962,BigFloat128,false,0.0001,1.2679401349981501e-14,7.744785876387665e-29,2.00000000000014,false,true
qs_bias,2,962,BigFloat128,false,1.0e-5,1.267940134997742e-16,7.744785842533126e-28,2.0000000000081344,false,true
qs_bias,2,962,BigFloat128,false,1.0e-6,1.2679401349739937e-18,7.744785839147701e-27,NaN,false,true
qs_bias,2,968,Float64,false,0.001,2.5530505609590204e-10,2.3002976222314833e-7,-0.929157013491702,true,true
qs_bias,2,968,Float64,false,0.0001,2.1687846421555707e-9,2.3002974943093972e-6,-1.0875766113111396,true,true
qs_bias,2,968,Float64,false,1.0e-5,2.6533408327928155e-8,2.3002974204846518e-5,-1.6615790082066089,true,true
qs_bias,2,968,Float64,false,1.0e-6,1.217228321790045e-6,0.0002300297480240405,NaN,true,true
qs_bias,2,968,BigFloat128,false,0.001,2.959477799882508e-12,6.088837107859455e-30,2.0000000000128093,false,true
qs_bias,2,968,BigFloat128,false,0.0001,2.959477799795218e-14,6.088836769270352e-29,2.0000000000001235,false,true
qs_bias,2,968,BigFloat128,false,1.0e-5,2.9594777997943766e-16,6.088836735415648e-28,2.000000000001257,false,true
qs_bias,2,968,BigFloat128,false,1.0e-6,2.95947779978581e-18,6.08883673203022e-27,NaN,false,true
qs_bias,3,17,Float64,false,0.001,2.9136036551162495e-12,1.0944271772143003e-9,0.0,true,true
qs_bias,3,17,Float64,false,0.0001,2.9136036551162495e-12,1.0944143829498023e-8,-2.03311391231512,true,true
qs_bias,3,17,Float64,false,1.0e-5,3.1444477714152343e-10,1.0944131039311144e-7,-0.27499235387557913,true,true
qs_bias,3,17,Float64,false,1.0e-6,5.922931902393445e-10,1.0944129753847592e-6,NaN,true,true
qs_bias,3,17,BigFloat128,false,0.001,2.88101177297686e-12,2.8969246170970736e-32,2.000000000481169,false,true
qs_bias,3,17,BigFloat128,false,0.0001,2.8810117697848934e-14,2.896890750969194e-31,2.0000000000048117,false,true
qs_bias,3,17,BigFloat128,false,1.0e-5,2.8810117697529733e-16,2.8968873654265578e-30,2.0000000000000693,false,true
qs_bias,3,17,BigFloat128,false,1.0e-6,2.881011769752515e-18,2.896887026882996e-29,NaN,false,true
qs_bias,3,43,Float64,true,0.001,1.419015294157333e-9,3.512769458186143e-6,-2.37449831858698,true,true
qs_bias,3,43,Float64,true,0.0001,3.361130655465949e-7,3.5127694453893395e-5,-0.3615089492342039,true,true
qs_bias,3,43,Float64,true,1.0e-5,7.726705224531116e-7,0.0003512769444110292,-0.4419549573246625,true,true
qs_bias,3,43,Float64,true,1.0e-6,2.13771252327577e-6,0.003512769443982394,NaN,true,true
qs_bias,3,43,BigFloat128,true,0.001,1.9259299443872359e-31,9.298223334975939e-29,-1.4113039702300192,true,true
qs_bias,3,43,BigFloat128,true,0.0001,4.9652881378733424e-30,9.298223301103082e-28,-0.8042220645920624,true,true
qs_bias,3,43,BigFloat128,true,1.0e-5,3.16349039693294e-29,9.298223297717472e-27,-1.4159207069545494,true,true
qs_bias,3,43,BigFloat128,true,1.0e-6,8.243036585706209e-28,9.298223297378928e-26,NaN,true,true
qs_bias,3,50,Float64,false,0.001,1.9184454466033128e-11,3.002090177906459e-8,-2.0200316719164224,true,true
qs_bias,3,50,Float64,false,0.0001,2.009005500986337e-9,3.002088897064837e-7,-1.0843106597590453,true,true
qs_bias,3,50,Float64,false,1.0e-5,2.4394492395788795e-8,3.002088769148497e-6,-0.9870339053537945,true,true
qs_bias,3,50,Float64,false,1.0e-6,2.3676946402165777e-7,3.0020880455555964e-5,NaN,true,true
qs_bias,3,50,BigFloat128,false,0.001,3.6183876280855644e-13,7.946466535360292e-31,2.000000000033781,false,true
qs_bias,3,50,BigFloat128,false,0.0001,3.6183876278041114e-15,7.946463145000747e-30,2.0000000000003317,false,true
qs_bias,3,50,BigFloat128,false,1.0e-5,3.618387627801348e-17,7.946462806409016e-29,2.0000000000185074,false,true
qs_bias,3,50,BigFloat128,false,1.0e-6,3.6183876276471506e-19,7.946462772554286e-28,NaN,false,true
qs_bias,3,52,Float64,false,0.001,4.9092644753615767e-11,1.2880446344885811e-8,-1.1124629037699867,true,true
qs_bias,3,52,Float64,false,0.0001,6.360325370764287e-10,1.2880433540123897e-7,-1.3980543622493125,true,true
qs_bias,3,52,Float64,false,1.0e-5,1.590500080294917e-8,1.288043226926502e-6,-0.6402515358449878,true,true
qs_bias,3,52,Float64,false,1.0e-6,6.946806967668365e-8,1.288043124658783e-5,NaN,true,true
qs_bias,3,52,BigFloat128,false,0.001,1.5866310816203304e-12,3.4094257593680648e-31,2.000000000033099,false,true
qs_bias,3,52,BigFloat128,false,0.0001,1.586631081499408e-14,3.409422371982289e-30,2.0000000000003304,false,true
qs_bias,3,52,BigFloat128,false,1.0e-5,1.5866310814982e-16,3.409422033420295e-29,2.0000000000014513,false,true
qs_bias,3,52,BigFloat128,false,1.0e-6,1.586631081492898e-18,3.4094219995658623e-28,NaN,false,true
qs_bias,3,57,Float64,true,0.001,6.507255845278337e-9,3.512769458186143e-6,-0.09210977827792867,true,true
qs_bias,3,57,Float64,true,0.0001,8.044659383088515e-9,3.5127694453893395e-5,-1.951553982199627,true,true
qs_bias,3,57,Float64,true,1.0e-5,7.195511020352541e-7,0.0003512769444110292,-0.8506119844692468,true,true
qs_bias,3,57,Float64,true,1.0e-6,5.101214989311487e-6,0.003512769443982394,NaN,true,true
qs_bias,3,57,BigFloat128,true,0.001,4.81482486096809e-31,9.298223334975939e-29,-1.3527852863995231,true,true
qs_bias,3,57,BigFloat128,true,0.0001,1.0848402264868727e-29,9.298223301103082e-28,-0.17799452473729385,true,true
qs_bias,3,57,BigFloat128,true,1.0e-5,1.6344073453833086e-29,9.298223297717472e-27,-0.36606276322651166,true,true
qs_bias,3,57,BigFloat128,true,1.0e-6,3.7968467531559887e-29,9.298223297378928e-26,NaN,true,true
qs_bias,3,58,Float64,true,0.001,1.5319760406373783e-9,2.6752796883401295e-6,-0.9156189656987559,true,true
qs_bias,3,58,Float64,true,0.0001,1.2614526077393237e-8,2.6752796755433264e-5,-1.7136017714072174,true,true
qs_bias,3,58,Float64,true,1.0e-5,6.523380488387667e-7,0.0002675277929077555,-1.2900633021983278e-10,true,true
qs_bias,3,58,Float64,true,1.0e-6,6.523380490325424e-7,0.002675277928949657,NaN,true,true
qs_bias,3,58,BigFloat128,true,0.001,4.986492227886449e-31,7.081406372325956e-29,-0.7007866836316264,true,true
qs_bias,3,58,BigFloat128,true,0.0001,2.5036973525361277e-30,7.081406338453099e-28,-1.2151781812937332,true,true
qs_bias,3,58,BigFloat128,true,1.0e-5,4.1092258492380364e-29,7.081406335067489e-27,-0.5157177958392706,true,true
qs_bias,3,58,BigFloat128,true,1.0e-6,1.3473418734338579e-28,7.081406334728945e-26,NaN,true,true
qs_bias,3,62,Float64,true,0.001,3.890777477977281e-9,1.4060757830904037e-6,-1.4905406693505403,true,true
qs_bias,3,62,Float64,true,0.0001,1.2038629881860885e-7,1.4060757702633262e-5,0.029020375139217236,true,true
qs_bias,3,62,Float64,true,1.0e-5,1.1260474397367659e-7,0.00014060757689839763,-1.8658065497559284,true,true
qs_bias,3,62,Float64,true,1.0e-6,8.2672912403714e-6,0.0014060757688560748,NaN,true,true
qs_bias,3,62,BigFloat128,true,0.001,1.026080596458236e-12,3.721851608168635e-29,2.0000000000014793,false,true
qs_bias,3,62,BigFloat128,true,0.0001,1.0260805964547406e-14,3.7218515742156434e-28,1.9999999999997975,false,true
qs_bias,3,62,BigFloat128,true,1.0e-5,1.026080596455219e-16,3.721851570829232e-27,2.0000000001277294,false,true
qs_bias,3,62,BigFloat128,true,1.0e-6,1.0260805961534408e-18,3.72185157049068e-26,NaN,false,true
qs_bias,3,63,Float64,false,0.001,1.814634854080691e-10,4.9372355779487097e-8,-1.392155737372971,true,true
qs_bias,3,63,Float64,false,0.0001,4.47656593515519e-9,4.937234277746014e-7,-0.45141027093805997,true,true
qs_bias,3,63,Float64,false,1.0e-5,1.2657713356412998e-8,4.9372341094558815e-6,-1.0132964156966553,true,true
qs_bias,3,63,Float64,false,1.0e-6,1.305123688084971e-7,4.9372341591602044e-5,NaN,true,true
qs_bias,3,63,BigFloat128,false,0.001,1.4153770241388377e-15,1.3068753761367371e-30,2.0000000000002434,false,true
qs_bias,3,63,BigFloat128,false,0.0001,1.4153770241380438e-17,1.3068750375891126e-29,2.000000000007792,false,true
qs_bias,3,63,BigFloat128,false,1.0e-5,1.4153770241126494e-19,1.3068750037348228e-28,1.9999999953954155,false,true
qs_bias,3,63,BigFloat128,false,1.0e-6,1.4153770391191103e-21,1.3068750003493987e-27,NaN,false,true
qs_bias,3,65,Float64,true,0.001,2.9902415543681116e-8,3.5127694581932993e-6,-0.8029867129054747,true,true
qs_bias,3,65,Float64,true,0.0001,1.8997348305571649e-7,3.512769445389411e-5,-1.096560967520251,true,true
qs_bias,3,65,Float64,true,1.0e-5,2.3727607673662554e-6,0.0003512769444110293,-1.1964241083308704,true,true
qs_bias,3,65,Float64,true,1.0e-6,3.729735731539119e-5,0.0035127694439823936,NaN,true,true
qs_bias,3,65,BigFloat128,true,0.001,2.9576887438745096e-14,9.298223334994881e-29,2.0000000000002447,false,true
qs_bias,3,65,BigFloat128,true,0.0001,2.9576887438728427e-16,9.29822330110327e-28,1.9999999999798,false,true
qs_bias,3,65,BigFloat128,true,1.0e-5,2.9576887440104123e-18,9.298223297717474e-27,1.999999991676508,false,true
qs_bias,3,65,BigFloat128,true,1.0e-6,2.957688800696139e-20,9.298223297378928e-26,NaN,false,true
qs_bias,3,73,Float64,true,0.001,2.7149311738723563e-8,3.009027671207206e-6,-0.7698929257194241,true,true
qs_bias,3,73,Float64,true,0.0001,1.598275896727576e-7,3.0090277400974422e-5,0.0,true,true
qs_bias,3,73,Float64,true,1.0e-5,1.598275896727576e-7,0.0003009027738818336,-2.150400108950091,true,true
qs_bias,3,73,Float64,true,1.0e-6,2.2597055847500717e-5,0.003009027738690437,NaN,true,true
qs_bias,3,73,BigFloat128,true,0.001,1.8364361867006502e-15,7.964830143465864e-29,1.9999999999998566,false,true
qs_bias,3,73,BigFloat128,true,0.0001,1.836436186701257e-17,7.964830109577148e-28,1.999999999728343,false,true
qs_bias,3,73,BigFloat128,true,1.0e-5,1.8364361878499724e-19,7.964830106191379e-27,2.00000012971082,false,true
qs_bias,3,73,BigFloat128,true,1.0e-6,1.8364356393612896e-21,7.964830105852834e-26,NaN,false,true
qs_bias,3,76,Float64,true,0.001,2.6145798055790278e-8,2.0655793807540426e-6,-0.5920766335345959,true,true
qs_bias,3,76,Float64,true,0.0001,1.022065046149703e-7,2.065579421954137e-5,-0.545508367840384,true,true
qs_bias,3,76,Float64,true,1.0e-5,3.589111115087554e-7,0.00020655794206749957,-0.5761346690934483,true,true
qs_bias,3,76,Float64,true,1.0e-6,1.352451104583114e-6,0.0020655766269519274,NaN,true,true
qs_bias,3,76,BigFloat128,true,0.001,4.1907599026047024e-14,5.467543238790173e-29,2.0000000000004734,false,true
qs_bias,3,76,BigFloat128,true,0.0001,4.190759902600133e-16,5.46754320489263e-28,1.999999999989392,false,true
qs_bias,3,76,BigFloat128,true,1.0e-5,4.1907599027024964e-18,5.4675432015067734e-27,2.000000001558121,false,true
qs_bias,3,76,BigFloat128,true,1.0e-6,4.190759887667278e-20,5.467543201168228e-26,NaN,false,true
qs_bias,3,77,Float64,true,0.001,7.051250167089407e-9,3.5127694581861673e-6,-1.1888202041519629,true,true
qs_bias,3,77,Float64,true,0.0001,1.0891465676565737e-7,3.512769445389339e-5,-1.1770459586534037,true,true
qs_bias,3,77,Float64,true,1.0e-5,1.6373151706661204e-6,0.0003512769444110291,-0.7359049121922182,true,true
qs_bias,3,77,Float64,true,1.0e-6,8.91327278482179e-6,0.003512769443982394,NaN,true,true
qs_bias,3,77,BigFloat128,true,0.001,6.258095828325197e-13,9.298223334976004e-29,2.0000000000002376,false,true
qs_bias,3,77,BigFloat128,true,0.0001,6.25809582832177e-15,9.298223301103082e-28,2.0000000000003273,false,true
qs_bias,3,77,BigFloat128,true,1.0e-5,6.258095828317052e-17,9.298223297717472e-27,2.0000000001245226,false,true
qs_bias,3,77,BigFloat128,true,1.0e-6,6.2580958265227085e-19,9.298223297378928e-26,NaN,false,true
qs_bias,3,84,Float64,false,0.001,1.147773309244918e-11,6.109328222619105e-8,-2.6849342302450294,true,true
qs_bias,3,84,Float64,false,0.0001,5.556359684498999e-9,6.10932690967201e-7,-1.1025891549117477,true,true
qs_bias,3,84,Float64,false,1.0e-5,7.036869652362991e-8,6.10932681571969e-6,-0.4468892727780373,true,true
qs_bias,3,84,Float64,false,1.0e-6,1.9691045659243083e-7,6.109326802929919e-5,NaN,true,true
qs_bias,3,84,BigFloat128,false,0.001,3.447542856519072e-15,1.6171257156715368e-30,2.000000000000236,false,true
qs_bias,3,84,BigFloat128,false,0.0001,3.4475428565172015e-17,1.6171253771226706e-29,1.9999999999995237,false,true
qs_bias,3,84,BigFloat128,false,1.0e-5,3.4475428565209814e-19,1.6171253432683683e-28,1.9999999981466896,false,true
qs_bias,3,84,BigFloat128,false,1.0e-6,3.447542871233043e-21,1.617125339882944e-27,NaN,false,true
qs_bias,3,85,Float64,true,0.001,2.349443450899713e-8,3.5127694581935716e-6,0.6220488999595291,true,true
qs_bias,3,85,Float64,true,0.0001,5.609395947736573e-9,3.5127694453894134e-5,-2.5912099508538877,true,true
qs_bias,3,85,Float64,true,1.0e-5,2.1883966802027643e-6,0.00035127694441102923,-0.3663835765506101,true,true
qs_bias,3,85,Float64,true,1.0e-6,5.0875609339806616e-6,0.003512769443982394,NaN,true,true
qs_bias,3,85,BigFloat128,true,0.001,1.2627514025031406e-13,9.298223334995603e-29,2.0000000000002367,false,true
qs_bias,3,85,BigFloat128,true,0.0001,1.2627514025024524e-15,9.298223301103278e-28,1.9999999999973002,false,true
qs_bias,3,85,BigFloat128,true,1.0e-5,1.2627514025103025e-17,9.298223297717474e-27,1.9999999971837235,false,true
qs_bias,3,85,BigFloat128,true,1.0e-6,1.2627514106988872e-19,9.298223297378928e-26,NaN,false,true
qs_bias,3,89,Float64,true,0.001,5.353214916596996e-9,2.56114902526416e-6,-0.6942385183378103,true,true
qs_bias,3,89,Float64,true,0.0001,2.6476050316857884e-8,2.5611490261777375e-5,-0.8460031785305632,true,true
qs_bias,3,89,Float64,true,1.0e-5,1.8571901700219356e-7,0.00025611485492446113,-0.8269031469353318,true,true
qs_bias,3,89,Float64,true,1.0e-6,1.2466930064910164e-6,0.002561145831804215,NaN,true,true
qs_bias,3,89,BigFloat128,true,0.001,3.1090050491930864e-31,6.77930505887539e-29,-1.1550227803106858,true,true
qs_bias,3,89,BigFloat128,true,0.0001,4.4426715597946885e-30,6.779305025002533e-28,-0.774907192434793,true,true
qs_bias,3,89,BigFloat128,true,1.0e-5,2.6457658108339134e-29,6.779305021616923e-27,-0.9977616721970828,true,true
qs_bias,3,89,BigFloat128,true,1.0e-6,2.6321647715552977e-28,6.77930502127838e-26,NaN,true,true
qs_bias,3,100,Float64,true,0.001,1.1337078532785321e-8,2.5816221278042513e-6,-0.5831964298000986,true,true
qs_bias,3,100,Float64,true,0.0001,4.3420776409890046e-8,2.5816220321813106e-5,-1.49162902105449,true,true
qs_bias,3,100,Float64,true,1.0e-5,1.3468728726719676e-6,0.00025816221429983193,-0.5291849278829305,true,true
qs_bias,3,100,Float64,true,1.0e-6,4.55524283590271e-6,0.0025816221428704212,NaN,true,true
qs_bias,3,100,BigFloat128,true,0.001,4.332288940914382e-13,6.833496951253161e-29,2.000000000000051,false,true
qs_bias,3,100,BigFloat128,true,0.0001,4.332288940913873e-15,6.833496917388124e-28,2.0000000000003864,false,true
qs_bias,3,100,BigFloat128,true,1.0e-5,4.33228894091002e-17,6.833496914002593e-27,1.9999999993968969,false,true
qs_bias,3,100,BigFloat128,true,1.0e-6,4.3322889469262535e-19,6.83349691366405e-26,NaN,false,true
qs_bias,3,108,Float64,true,0.001,9.671303506895666e-9,2.164495525515084e-6,-1.1733902430812204,true,true
qs_bias,3,108,Float64,true,0.0001,1.4417011859411611e-7,2.164495512716784e-5,-0.9810503671921608,true,true
qs_bias,3,108,Float64,true,1.0e-5,1.3801478807800947e-6,0.00021644925241138288,0.022711844895908547,true,true
qs_bias,3,108,Float64,true,1.0e-6,1.3098265160166933e-6,0.0021644955113098237,NaN,true,true
qs_bias,3,108,BigFloat128,true,0.001,5.0863612342497736e-14,5.729371950924326e-29,2.000000000000238,false,true
qs_bias,3,108,BigFloat128,true,0.0001,5.086361234246984e-16,5.729371917047509e-28,1.9999999999918274,false,true
qs_bias,3,108,BigFloat128,true,1.0e-5,5.086361234342699e-18,5.729371913661859e-27,1.9999999946752924,false,true
qs_bias,3,108,BigFloat128,true,1.0e-6,5.0863612967045015e-20,5.729371913323315e-26,NaN,false,true
qs_bias,3,118,Float64,false,0.001,1.4710171184696264e-10,6.18815839003854e-8,-1.0590328037809338,true,true
qs_bias,3,118,Float64,false,0.0001,1.685196430267178e-9,6.188157101519255e-7,0.2830101724592113,true,true
qs_bias,3,118,Float64,false,1.0e-5,8.782948941275096e-10,6.188156984049579e-6,-2.417777433254602,true,true
qs_bias,3,118,Float64,false,1.0e-6,2.2983586059227753e-7,6.188155548999424e-5,NaN,true,true
qs_bias,3,118,BigFloat128,false,0.001,4.128022866485852e-15,1.6379918874880604e-30,2.000000000000233,false,true
qs_bias,3,118,BigFloat128,false,0.0001,4.128022866483636e-17,1.6379915489392383e-29,2.0000000000017,false,true
qs_bias,3,118,BigFloat128,false,1.0e-5,4.1280228664674794e-19,1.6379915150849366e-28,2.000000001328866,false,true
qs_bias,3,118,BigFloat128,false,1.0e-6,4.128022853836442e-21,1.6379915116995123e-27,NaN,false,true
qs_bias,3,135,Float64,true,0.001,1.4130756564867397e-9,3.5127694581861427e-6,0.0,true,true
qs_bias,3,135,Float64,true,0.0001,1.4130756564867397e-9,3.512769445389339e-5,-2.311670975325645,true,true
qs_bias,3,135,Float64,true,1.0e-5,2.896252289108503e-7,0.0003512769444110292,-1.043314711269278,true,true
qs_bias,3,135,Float64,true,1.0e-6,3.2000082745842207e-6,0.003512769443982394,NaN,true,true
qs_bias,3,135,BigFloat128,true,0.001,5.296307347064899e-31,9.298223334975939e-29,-0.9842971151383895,true,true
qs_bias,3,135,BigFloat128,true,0.0001,5.1082282509333326e-30,9.298223301103082e-28,-0.3215639628066551,true,true
qs_bias,3,135,BigFloat128,true,1.0e-5,1.0711104524692684e-29,9.298223297717472e-27,-1.7501394728768118,true,true
qs_bias,3,135,BigFloat128,true,1.0e-6,6.025231394009799e-28,9.298223297378928e-26,NaN,true,true
qs_bias,3,141,Float64,false,0.001,4.9550814893345004e-11,6.116323876261561e-8,-1.0502562727213978,true,true
qs_bias,3,141,Float64,false,0.0001,5.562974559519667e-10,6.116322594161107e-7,-1.3379220084816328,true,true
qs_bias,3,141,Float64,false,1.0e-5,1.211236870159684e-8,6.116322469665667e-6,-1.5114780682195308,true,true
qs_bias,3,141,Float64,false,1.0e-6,3.9328478984164046e-7,6.116320051419303e-5,NaN,true,true
qs_bias,3,141,BigFloat128,false,0.001,4.312890543048975e-15,1.6189774498526135e-30,2.0000000000002336,false,true
qs_bias,3,141,BigFloat128,false,0.0001,4.312890543046653e-17,1.618977111303867e-29,2.0000000000015485,false,true
qs_bias,3,141,BigFloat128,false,1.0e-5,4.312890543031273e-19,1.6189770774495658e-28,2.0000000014577908,false,true
qs_bias,3,141,BigFloat128,false,1.0e-6,4.3128905285542506e-21,1.6189770740641417e-27,NaN,false,true
qs_bias,3,142,Float64,true,0.001,3.594920294780479e-8,3.5010823086659704e-6,-0.6278547411940687,true,true
qs_bias,3,142,Float64,true,0.0001,1.525963012616316e-7,3.501082295862038e-5,-1.321379450549005,true,true
qs_bias,3,142,Float64,true,1.0e-5,3.198331368525764e-6,0.000350108229458292,-0.37298791294829275,true,true
qs_bias,3,142,Float64,true,1.0e-6,7.5493814646332424e-6,0.0035010822944550207,NaN,true,true
qs_bias,3,142,BigFloat128,true,0.001,5.174051618803474e-15,9.267287707778835e-29,2.0000000000002247,false,true
qs_bias,3,142,BigFloat128,true,0.0001,5.174051618800799e-17,9.267287673887108e-28,2.00000000005783,false,true
qs_bias,3,142,BigFloat128,true,1.0e-5,5.174051618111827e-19,9.267287670501309e-27,2.000000066164332,false,true
qs_bias,3,142,BigFloat128,true,1.0e-6,5.174050829850275e-21,9.267287670162765e-26,NaN,false,true
qs_bias,3,146,Float64,true,0.001,1.1897218987755309e-8,3.5127694581861647e-6,-0.921104348594686,true,true
qs_bias,3,146,Float64,true,0.0001,9.920871035795642e-8,3.512769445389339e-5,-1.2695497814892667,true,true
qs_bias,3,146,Float64,true,1.0e-5,1.845438537873001e-6,0.0003512769444110291,-0.7851025465284306,true,true
qs_bias,3,146,Float64,true,1.0e-6,1.1251285167768188e-5,0.003512769443982394,NaN,true,true
qs_bias,3,146,BigFloat128,true,0.001,5.6325930276233e-13,9.298223334975998e-29,2.000000000000237,false,true
qs_bias,3,146,BigFloat128,true,0.0001,5.632593027620224e-15,9.298223301103082e-28,2.0000000000003473,false,true
qs_bias,3,146,BigFloat128,true,1.0e-5,5.632593027615718e-17,9.298223297717472e-27,1.9999999996508036,false,true
qs_bias,3,146,BigFloat128,true,1.0e-6,5.632593032144629e-19,9.298223297378928e-26,NaN,false,true
qs_bias,3,149,Float64,true,0.001,5.694029248104471e-9,3.5127694581861427e-6,-1.050092651514762,true,true
qs_bias,3,149,Float64,true,0.0001,6.390169016157188e-8,3.512769445389339e-5,-1.0047055836069103,true,true
qs_bias,3,149,Float64,true,1.0e-5,6.45978299296246e-7,0.0003512769444110292,-1.2309991823889301,true,true
qs_bias,3,149,Float64,true,1.0e-6,1.0995553883397235e-5,0.003512769443982394,NaN,true,true
qs_bias,3,149,BigFloat128,true,0.001,3.8518598887744717e-31,9.298223334975939e-29,-1.3077633783229496,true,true
qs_bias,3,149,BigFloat128,true,0.0001,7.824090399073146e-30,9.298223301103082e-28,-0.7264764254296494,true,true
qs_bias,3,149,BigFloat128,true,1.0e-5,4.1678327702755026e-29,9.298223297717472e-27,-1.2201600317747348,true,true
qs_bias,3,149,BigFloat128,true,1.0e-6,6.919429946680313e-28,9.298223297378928e-26,NaN,true,true
qs_bias,3,169,Float64,true,0.001,6.454087708718248e-9,2.8947843008046203e-6,0.06649940734920119,true,true
qs_bias,3,169,Float64,true,0.0001,5.537776903707936e-9,2.8947842880062898e-5,-1.3150179364947827,true,true
qs_bias,3,169,Float64,true,1.0e-5,1.143808691095316e-7,0.0002894784286727228,-1.9701486147594125,true,true
qs_bias,3,169,Float64,true,1.0e-6,1.067829727074976e-5,0.002894784286599329,NaN,true,true
qs_bias,3,169,BigFloat128,true,0.001,7.921024050079687e-13,7.662430243675052e-29,2.000000000000349,false,true
qs_bias,3,169,BigFloat128,true,0.0001,7.921024050073324e-15,7.662430209798155e-28,1.9999999999998472,false,true
qs_bias,3,169,BigFloat128,true,1.0e-5,7.921024050076109e-17,7.662430206412504e-27,1.9999999999028577,false,true
qs_bias,3,169,BigFloat128,true,1.0e-6,7.921024051847871e-19,7.66243020607396e-26,NaN,false,true
qs_bias,3,177,Float64,true,0.001,6.092673476842947e-9,3.512769458191921e-6,-1.2484392030695854,true,true
qs_bias,3,177,Float64,true,0.0001,1.0795608007541091e-7,3.512769445389397e-5,-1.2521553704648312,true,true
qs_bias,3,177,Float64,true,1.0e-5,1.9293120519514595e-6,0.00035127694441102923,-0.8631321502222568,true,true
qs_bias,3,177,Float64,true,1.0e-6,1.4077794699307589e-5,0.003512769443982393,NaN,true,true
qs_bias,3,177,BigFloat128,true,0.001,5.827913057795802e-14,9.298223334991234e-29,2.000000000000242,false,true
qs_bias,3,177,BigFloat128,true,0.0001,5.827913057792552e-16,9.298223301103235e-28,1.9999999999935092,false,true
qs_bias,3,177,BigFloat128,true,1.0e-5,5.827913057879654e-18,9.298223297717474e-27,1.9999999939736746,false,true
qs_bias,3,177,BigFloat128,true,1.0e-6,5.827913138748518e-20,9.298223297378928e-26,NaN,false,true
qs_bias,3,184,Float64,false,0.001,1.1229319322417136e-10,2.836250606890777e-8,-0.8674970051083826,true,true
qs_bias,3,184,Float64,false,0.0001,8.276570846740109e-10,2.836249325555675e-7,-1.1204406615221412,true,true
qs_bias,3,184,Float64,false,1.0e-5,1.0921721511670978e-8,2.8362492000053175e-6,-0.7367696425693483,true,true
qs_bias,3,184,Float64,false,1.0e-6,5.957454594768219e-8,2.8362490182472897e-5,NaN,true,true
qs_bias,3,184,BigFloat128,false,0.001,3.4011719205595963e-15,7.507492845957764e-31,2.0000000000002345,false,true
qs_bias,3,184,BigFloat128,false,0.0001,3.401171920557761e-17,7.507489460505641e-30,2.000000000000293,false,true
qs_bias,3,184,BigFloat128,false,1.0e-5,3.4011719205554646e-19,7.507489121962984e-29,1.999999999478081,false,true
qs_bias,3,184,BigFloat128,false,1.0e-6,3.4011719246428655e-21,7.507489088108745e-28,NaN,false,true
qs_bias,3,214,Float64,true,0.001,1.138367256605618e-8,2.9802211683176373e-6,-1.0386079365194154,true,true
qs_bias,3,214,Float64,true,0.0001,1.2442003866197068e-7,2.980220784718506e-5,-1.1724942377361323,true,true
qs_bias,3,214,Float64,true,1.0e-5,1.8509068797976787e-6,0.00029802211542386594,-0.9210173692488917,true,true
qs_bias,3,214,Float64,true,1.0e-6,1.543127955063516e-5,0.002980221154110761,NaN,true,true
qs_bias,3,214,BigFloat128,true,0.001,7.566005491539837e-14,7.888579748967354e-29,2.000000000000207,false,true
qs_bias,3,214,BigFloat128,true,0.0001,7.566005491536233e-16,7.888579715086891e-28,1.9999999999996803,false,true
qs_bias,3,214,BigFloat128,true,1.0e-5,7.566005491541802e-18,7.888579711701204e-27,1.9999999978492413,false,true
qs_bias,3,214,BigFloat128,true,1.0e-6,7.566005529010968e-20,7.88857971136266e-26,NaN,false,true
qs_bias,3,215,Float64,true,0.001,1.1350256456932328e-8,3.512769458186161e-6,0.0,true,true
qs_bias,3,215,Float64,true,0.0001,1.1350256456932328e-8,3.5127694453893395e-5,-1.072646171042598,true,true
qs_bias,3,215,Float64,true,1.0e-5,1.3416889577122504e-7,0.0003512769444110291,-1.742173777086217,true,true
qs_bias,3,215,Float64,true,1.0e-6,7.410126510010162e-6,0.0035127694439823936,NaN,true,true
qs_bias,3,215,BigFloat128,true,0.001,4.699772961755354e-13,9.298223334975987e-29,2.000000000000238,false,true
qs_bias,3,215,BigFloat128,true,0.0001,4.6997729617527784e-15,9.298223301103082e-28,2.0000000000004037,false,true
qs_bias,3,215,BigFloat128,true,1.0e-5,4.69977296174841e-17,9.298223297717472e-27,1.9999999997192832,false,true
qs_bias,3,215,BigFloat128,true,1.0e-6,4.699772964786221e-19,9.298223297378928e-26,NaN,false,true
qs_bias,3,237,Float64,true,0.001,3.960354511001185e-8,3.1600972796498674e-6,-0.4236961579341704,true,true
qs_bias,3,237,Float64,true,0.0001,1.0505826431028709e-7,3.160097266846825e-5,-1.34602237382211,true,true
qs_bias,3,237,Float64,true,1.0e-5,2.3305187173416897e-6,0.0003160097265567715,-0.9994562918050074,true,true
qs_bias,3,237,Float64,true,1.0e-6,2.3276028864205323e-5,0.0031600972654398166,NaN,true,true
qs_bias,3,237,BigFloat128,true,0.001,1.0897573599117245e-13,8.364707851225388e-29,2.0000000000002918,false,true
qs_bias,3,237,BigFloat128,true,0.0001,1.0897573599109929e-15,8.364707817336017e-28,1.9999999999967488,false,true
qs_bias,3,237,BigFloat128,true,1.0e-5,1.0897573599191507e-17,8.364707813950243e-27,2.0000000016243016,false,true
qs_bias,3,237,BigFloat128,true,1.0e-6,1.0897573558433567e-19,8.364707813611698e-26,NaN,false,true
qs_bias,3,238,Float64,true,0.001,5.086506771334598e-10,3.5127694581861605e-6,-1.471421663940959,true,true
qs_bias,3,238,Float64,true,0.0001,1.506056590550031e-8,3.512769445389339e-5,-1.3080204361777101,true,true
qs_bias,3,238,Float64,true,1.0e-5,3.060988705283485e-7,0.0003512769444110291,-1.1226082187540367,true,true
qs_bias,3,238,Float64,true,1.0e-6,4.059475698037218e-6,0.003512769443982393,NaN,true,true
qs_bias,3,238,BigFloat128,true,0.001,4.666388350039489e-13,9.298223334975985e-29,2.000000000000238,false,true
qs_bias,3,238,BigFloat128,true,0.0001,4.666388350036933e-15,9.298223301103082e-28,1.9999999999998828,false,true
qs_bias,3,238,BigFloat128,true,1.0e-5,4.666388350038192e-17,9.298223297717472e-27,1.9999999999556946,false,true
qs_bias,3,238,BigFloat128,true,1.0e-6,4.666388350514243e-19,9.298223297378928e-26,NaN,false,true
qs_bias,3,241,Float64,true,0.001,7.015756586792321e-9,3.512769458186143e-6,-0.9717804192478322,true,true
qs_bias,3,241,Float64,true,0.0001,6.574381955504194e-8,3.512769445389339e-5,-0.5348956287995883,true,true
qs_bias,3,241,Float64,true,1.0e-5,2.252944849984173e-7,0.00035127694441102923,-1.3091443447304076,true,true
qs_bias,3,241,Float64,true,1.0e-6,4.590869053522351e-6,0.003512769443982394,NaN,true,true
qs_bias,3,241,BigFloat128,true,0.001,2.407412430484045e-31,9.298223334975939e-29,-1.2962537316974492,true,true
qs_bias,3,241,BigFloat128,true,0.0001,4.762162714051251e-30,9.298223301103082e-28,0.38021124171160603,true,true
qs_bias,3,241,BigFloat128,true,1.0e-5,1.9842344641880213e-30,9.298223297717472e-27,-2.3588434155518296,true,true
qs_bias,3,241,BigFloat128,true,1.0e-6,4.533529062816316e-28,9.298223297378928e-26,NaN,true,true
qs_bias,3,242,Float64,false,0.001,2.8736900061838404e-9,1.3308470781483772e-6,-0.6771924740437807,true,true
qs_bias,3,242,Float64,false,0.0001,1.3665716021402437e-8,1.3308470471645952e-5,-0.7019375236579448,true,true
qs_bias,3,242,Float64,false,1.0e-5,6.879706570514054e-8,0.00013308469725141533,-8.627675362643996e-10,true,true
qs_bias,3,242,Float64,false,1.0e-6,6.87970658418125e-8,0.001330846972386255,NaN,true,true
qs_bias,3,242,BigFloat128,false,0.001,6.42580492033892e-32,3.522722884214981e-29,-1.2833388094325542,true,true
qs_bias,3,242,BigFloat128,false,0.0001,1.2338613095921641e-30,3.522722850342124e-28,0.16187160623304048,true,true
qs_bias,3,242,BigFloat128,false,1.0e-5,8.499526650248207e-31,3.522722846956514e-27,-1.9968245396491477,true,true
qs_bias,3,242,BigFloat128,false,1.0e-6,8.437606733983735e-29,3.52272284661797e-26,NaN,true,true
qs_bias,3,260,Float64,true,0.001,4.552321467884668e-9,1.1813291501695808e-6,-1.7509231192579878e-8,true,true
qs_bias,3,260,Float64,true,0.0001,4.552321651418316e-9,1.1813291373740236e-5,-2.1746412154846073,true,true
qs_bias,3,260,Float64,true,1.0e-5,6.805721226542111e-7,0.00011813291414727794,-1.0501474461503915,true,true
qs_bias,3,260,Float64,true,1.0e-6,7.638737778123181e-6,0.0011813201174813404,NaN,true,true
qs_bias,3,260,BigFloat128,true,0.001,5.045290321218634e-14,3.126952238439606e-29,2.0000000000003357,false,true
qs_bias,3,260,BigFloat128,true,0.0001,5.045290321214736e-16,3.1269522045702047e-28,1.9999999999992926,false,true
qs_bias,3,260,BigFloat128,true,1.0e-5,5.045290321222954e-18,3.1269522011846294e-27,2.0000000021045388,false,true
qs_bias,3,260,BigFloat128,true,1.0e-6,5.045290296774085e-20,3.126952200846086e-26,NaN,false,true
qs_bias,3,261,Float64,true,0.001,3.1954013224548517e-9,2.9243538644083836e-6,-1.4959531864773261,true,true
qs_bias,3,261,Float64,true,0.0001,1.0011026179215259e-7,2.9243535681993986e-5,-0.9385603863626326,true,true
qs_bias,3,261,Float64,true,1.0e-5,8.690384330013086e-7,0.0002924353859678194,-1.3674292039646314,true,true
qs_bias,3,261,Float64,true,1.0e-6,2.0252012529311842e-5,0.0029243538595502953,NaN,true,true
qs_bias,3,261,BigFloat128,true,0.001,3.6473582815654584e-13,7.740700251557871e-29,2.000000000000081,false,true
qs_bias,3,261,BigFloat128,true,0.0001,3.64735828156478e-15,7.740700217690892e-28,1.9999999999998452,false,true
qs_bias,3,261,BigFloat128,true,1.0e-5,3.6473582815660787e-17,7.74070021430534e-27,1.999999999459689,false,true
qs_bias,3,261,BigFloat128,true,1.0e-6,3.6473582861037998e-19,7.740700213966798e-26,NaN,false,true
qs_bias,3,264,Float64,true,0.001,1.04724914451939e-9,2.227269944679316e-6,-0.892670705042888,true,true
qs_bias,3,264,Float64,true,0.0001,8.179386291785571e-9,2.227269913664811e-5,-1.8918855488003619,true,true
qs_bias,3,264,Float64,true,1.0e-5,6.376850979817848e-7,0.00022272699306034651,-0.27733141615466866,true,true
qs_bias,3,264,Float64,true,1.0e-6,1.207640541610121e-6,0.0022272672407341017,NaN,true,true
qs_bias,3,264,BigFloat128,true,0.001,5.737856384095414e-32,5.89553445491451e-29,-1.4313341782874796,true,true
qs_bias,3,264,BigFloat128,true,0.0001,1.5491156881745185e-30,5.895534421041654e-28,-0.43505432153701573,true,true
qs_bias,3,264,BigFloat128,true,1.0e-5,4.218306903224918e-30,5.895534417656043e-27,-1.6100528147461368,true,true
qs_bias,3,264,BigFloat128,true,1.0e-6,1.718664032892073e-28,5.8955344173175e-26,NaN,true,true
qs_bias,3,265,Float64,true,0.001,1.7917548555956841e-9,3.512769458186143e-6,-0.8525775426704901,true,true
qs_bias,3,265,Float64,true,0.0001,1.2760160372771168e-8,3.512769445389339e-5,-1.3386229658706401,true,true
qs_bias,3,265,Float64,true,1.0e-5,2.7827814430558817e-7,0.00035127694441102923,-0.6262654011412279,true,true
qs_bias,3,265,Float64,true,1.0e-6,1.1769133786421193e-6,0.003512769443982394,NaN,true,true
qs_bias,3,265,BigFloat128,true,0.001,1.9259299443872359e-31,9.298223334975939e-29,-1.206657250721285,true,true
qs_bias,3,265,BigFloat128,true,0.0001,3.0995435042482077e-30,9.298223301103082e-28,-0.8541880830899858,true,true
qs_bias,3,265,BigFloat128,true,1.0e-5,2.2155717524298475e-29,9.298223297717472e-27,-1.1817683919473718,true,true
qs_bias,3,265,BigFloat128,true,1.0e-6,3.3670860184953603e-28,9.298223297378928e-26,NaN,true,true
qs_bias,3,273,Float64,true,0.001,6.737913726961864e-9,3.5127694581861427e-6,0.0,true,true
qs_bias,3,273,Float64,true,0.0001,6.737913726961864e-9,3.5127694453893395e-5,-1.3540520107723173,true,true
qs_bias,3,273,Float64,true,1.0e-5,1.5225706601063038e-7,0.00035127694441102923,-1.023559635048833,true,true
qs_bias,3,273,Float64,true,1.0e-6,1.6074485888473156e-6,0.003512769443982394,NaN,true,true
qs_bias,3,273,BigFloat128,true,0.001,4.333342374871281e-31,9.298223334975939e-29,-0.6820572856412365,true,true
qs_bias,3,273,BigFloat128,true,0.0001,2.0839163851377513e-30,9.298223301103082e-28,-0.5358149007141807,true,true
qs_bias,3,273,BigFloat128,true,1.0e-5,7.156409607806086e-30,9.298223297717472e-27,-1.7746536218917806,true,true
qs_bias,3,273,BigFloat128,true,1.0e-6,4.259403780204559e-28,9.298223297378928e-26,NaN,true,true
qs_bias,3,283,Float64,true,0.001,1.5960847835003644e-8,1.579380393793323e-6,-0.5390173799982353,true,true
qs_bias,3,283,Float64,true,0.0001,5.521706737964084e-8,1.5793803189786578e-5,-1.1211944162965426,true,true
qs_bias,3,283,Float64,true,1.0e-5,7.299073778725542e-7,0.00015793804049081913,0.9845334348853809,true,true
qs_bias,3,283,Float64,true,1.0e-6,7.563700410675736e-8,0.0015793804047802913,NaN,true,true
qs_bias,3,283,BigFloat128,true,0.001,2.506855597076592e-13,4.1805851598207234e-29,2.000000000001129,false,true
qs_bias,3,283,BigFloat128,true,0.0001,2.506855597070075e-15,4.180585125901921e-28,1.9999999999996212,false,true
qs_bias,3,283,BigFloat128,true,1.0e-5,2.5068555970722613e-17,4.180585122515852e-27,2.000000000550174,false,true
qs_bias,3,283,BigFloat128,true,1.0e-6,2.506855593896519e-19,4.1805851221773034e-26,NaN,false,true
qs_bias,3,284,Float64,true,0.001,6.8603311920156784e-9,3.512769458186158e-6,-0.5108580274979654,true,true
qs_bias,3,284,Float64,true,0.0001,2.2243499264718025e-8,3.512769445389339e-5,-1.8090273278938476,true,true
qs_bias,3,284,Float64,true,1.0e-5,1.432948023516456e-6,0.0003512769444110291,-0.9089491041945614,true,true
qs_bias,3,284,Float64,true,1.0e-6,1.1619288683428763e-5,0.003512769443982393,NaN,true,true
qs_bias,3,284,BigFloat128,true,0.001,4.652886790406864e-13,9.29822333497598e-29,2.0000000000002376,false,true
qs_bias,3,284,BigFloat128,true,0.0001,4.652886790404321e-15,9.298223301103082e-28,1.9999999999998495,false,true
qs_bias,3,284,BigFloat128,true,1.0e-5,4.652886790405933e-17,9.298223297717472e-27,1.999999999434949,false,true
qs_bias,3,284,BigFloat128,true,1.0e-6,4.652886796459699e-19,9.298223297378928e-26,NaN,false,true
qs_bias,3,287,Float64,true,0.001,2.497484635766156e-9,3.5127694581861427e-6,-1.3484317074754995,true,true
qs_bias,3,287,Float64,true,0.0001,5.571017627770125e-8,3.512769445389339e-5,-1.2987788488786085,true,true
qs_bias,3,287,Float64,true,1.0e-5,1.1084430419638913e-6,0.0003512769444110292,-0.6285216739622324,true,true
qs_bias,3,287,Float64,true,1.0e-6,4.712323049355094e-6,0.0035127694439823936,NaN,true,true
qs_bias,3,287,BigFloat128,true,0.001,2.8888949165808538e-31,9.298223334975939e-29,-1.0491372312120557,true,true
qs_bias,3,287,BigFloat128,true,0.0001,3.234960453462935e-30,9.298223301103082e-28,-0.31469990614754517,true,true
qs_bias,3,287,BigFloat128,true,1.0e-5,6.676807912670593e-30,9.298223297717472e-27,-1.9593941426980637,true,true
qs_bias,3,287,BigFloat128,true,1.0e-6,6.080832276803693e-28,9.298223297378928e-26,NaN,true,true
qs_bias,3,296,Float64,true,0.001,3.860834985047745e-10,3.5127694581861427e-6,-1.8829922654303157,true,true
qs_bias,3,296,Float64,true,0.0001,2.9489913955238478e-8,3.5127694453893395e-5,-1.1399929704799867,true,true
qs_bias,3,296,Float64,true,1.0e-5,4.070675430067894e-7,0.0003512769444110292,-1.622191123259605,true,true
qs_bias,3,296,Float64,true,1.0e-6,1.7055230731144455e-5,0.0035127694439823936,NaN,true,true
qs_bias,3,296,BigFloat128,true,0.001,3.8518598887744717e-31,9.298223334975939e-29,-0.964672037658257,true,true
qs_bias,3,296,BigFloat128,true,0.0001,3.550933334963966e-30,9.298223301103082e-28,-0.8835652032715702,true,true
qs_bias,3,296,BigFloat128,true,1.0e-5,2.715862148139813e-29,9.298223297717472e-27,-1.0663878796623942,true,true
qs_bias,3,296,BigFloat128,true,1.0e-6,3.164430792413598e-28,9.298223297378928e-26,NaN,true,true
qs_bias,3,307,Float64,true,0.001,2.3319807640476142e-8,3.5127694581861563e-6,0.605494966257286,true,true
qs_bias,3,307,Float64,true,0.0001,5.784022816257561e-9,3.5127694453893395e-5,-1.8835276689026847,true,true
qs_bias,3,307,Float64,true,1.0e-5,4.423414796672631e-7,0.0003512769444110291,-1.3807217529170315,true,true
qs_bias,3,307,Float64,true,1.0e-6,1.062868213952406e-5,0.003512769443982393,NaN,true,true
qs_bias,3,307,BigFloat128,true,0.001,4.0210418608729756e-13,9.298223334975975e-29,2.000000000000237,false,true
qs_bias,3,307,BigFloat128,true,0.0001,4.021041860870778e-15,9.298223301103082e-28,2.0000000000004574,false,true
qs_bias,3,307,BigFloat128,true,1.0e-5,4.021041860866545e-17,9.298223297717472e-27,1.9999999998163673,false,true
qs_bias,3,307,BigFloat128,true,1.0e-6,4.021041862566762e-19,9.298223297378928e-26,NaN,false,true
qs_bias,3,330,Float64,true,0.001,6.301977384381985e-9,3.4251083700468326e-6,-0.5120810093692678,true,true
qs_bias,3,330,Float64,true,0.0001,2.0490749763624194e-8,3.425108357249837e-5,-1.959128245592655,true,true
qs_bias,3,330,Float64,true,1.0e-5,1.8650311732759661e-6,0.00034251083559707875,-0.4016690909774337,true,true
qs_bias,3,330,Float64,true,1.0e-6,4.702785670773757e-6,0.003425108355842889,NaN,true,true
qs_bias,3,330,BigFloat128,true,0.001,3.888936913840178e-13,9.066186366706694e-29,2.000000000000249,false,true
qs_bias,3,330,BigFloat128,true,0.0001,3.888936913837946e-15,9.066186332833326e-28,2.0000000000002385,false,true
qs_bias,3,330,BigFloat128,true,1.0e-5,3.888936913835812e-17,9.066186329447712e-27,2.0000000003473537,false,true
qs_bias,3,330,BigFloat128,true,1.0e-6,3.8889369107253977e-19,9.066186329109169e-26,NaN,false,true
qs_bias,3,331,Float64,false,0.001,6.364922385703436e-10,3.069206838905727e-7,-0.6985488966101774,true,true
qs_bias,3,331,Float64,false,0.0001,3.1793768583095715e-9,3.0692067031937593e-6,-1.85115151147622,true,true
qs_bias,3,331,Float64,false,1.0e-5,2.256802323576469e-7,3.06920670016206e-5,-0.9609870987807648,true,true
qs_bias,3,331,Float64,false,1.0e-6,2.062911605279767e-6,0.0003069200367380963,NaN,true,true
qs_bias,3,331,BigFloat128,false,0.001,6.438635179372045e-16,8.124122862956478e-30,2.0000000000002425,false,true
qs_bias,3,331,BigFloat128,false,0.0001,6.438635179368453e-18,8.124122524388599e-29,2.0000000000039355,false,true
qs_bias,3,331,BigFloat128,false,1.0e-5,6.438635179310103e-20,8.124122490534106e-28,2.0000000231321304,false,true
qs_bias,3,331,BigFloat128,false,1.0e-6,6.438634836364585e-22,8.12412248714868e-27,NaN,false,true
qs_bias,3,334,Float64,true,0.001,5.654300527790923e-9,3.5127694581861427e-6,-0.6177552535875923,true,true
qs_bias,3,334,Float64,true,0.0001,2.344952992894278e-8,3.512769445389339e-5,-1.6870387045760933,true,true
qs_bias,3,334,Float64,true,1.0e-5,1.1407036883959165e-6,0.0003512769444110292,-0.19072173921664218,true,true
qs_bias,3,334,Float64,true,1.0e-6,1.769679357332965e-6,0.003512769443982394,NaN,true,true
qs_bias,3,334,BigFloat128,true,0.001,1.9259299443872359e-31,9.298223334975939e-29,-0.8470325397914565,true,true
qs_bias,3,334,BigFloat128,true,0.0001,1.3541694921472752e-30,9.298223301103082e-28,-0.49677594271613246,true,true
qs_bias,3,334,BigFloat128,true,1.0e-5,4.2505875725733916e-30,9.298223297717472e-27,-1.8147571841636359,true,true
qs_bias,3,334,BigFloat128,true,1.0e-6,2.7746368656809274e-28,9.298223297378928e-26,NaN,true,true
qs_bias,3,342,Float64,true,0.001,1.29421064891516e-9,2.2758237181372267e-6,-2.0127698484685768,true,true
qs_bias,3,342,Float64,true,0.0001,1.3328301777109726e-7,2.2758234049571663e-5,5.823634319241118e-10,true,true
qs_bias,3,342,Float64,true,1.0e-5,1.3328301759237254e-7,0.00022758234036781194,-1.4667769373329813,true,true
qs_bias,3,342,Float64,true,1.0e-6,3.9043770754256385e-6,0.002275814821204964,NaN,true,true
qs_bias,3,342,BigFloat128,true,0.001,1.6845656275785776e-31,6.024055230937068e-29,-0.924942977688638,true,true
qs_bias,3,342,BigFloat128,true,0.0001,1.4171992461579386e-30,6.0240551970642105e-28,-0.1523899881677825,true,true
qs_bias,3,342,BigFloat128,true,1.0e-5,2.0128939790976258e-30,6.024055193678601e-27,-1.808068796444063,true,true
qs_bias,3,342,BigFloat128,true,1.0e-6,1.2938671814631514e-28,6.024055193340057e-26,NaN,true,true
qs_bias,3,353,Float64,true,0.001,9.312162596586404e-9,3.146902152732946e-6,-1.5131919990750402,true,true
qs_bias,3,353,Float64,true,0.0001,3.0355860580755234e-7,3.1469021399353114e-5,-0.7687252253066053,true,true
qs_bias,3,353,Float64,true,1.0e-5,1.7822465177008695e-6,0.0003146902138656256,-0.5300348428099697,true,true
qs_bias,3,353,Float64,true,1.0e-6,6.0395226958442905e-6,0.0031469021385283577,NaN,true,true
qs_bias,3,353,BigFloat128,true,0.001,4.664201739876477e-13,8.329780641094656e-29,2.0000000000002953,false,true
qs_bias,3,353,BigFloat128,true,0.0001,4.664201739873306e-15,8.3297806072196e-28,2.000000000000129,false,true
qs_bias,3,353,BigFloat128,true,1.0e-5,4.664201739871922e-17,8.329780603833968e-27,2.0000000001780927,false,true
qs_bias,3,353,BigFloat128,true,1.0e-6,4.664201737959257e-19,8.329780603495424e-26,NaN,false,true
qs_bias,3,356,Float64,true,0.001,2.824653555966288e-9,2.672249118100084e-6,-0.9463602050505919,true,true
qs_bias,3,356,Float64,true,0.0001,2.4964644970806674e-8,2.6722491053032803e-5,-1.0900040994870233,true,true
qs_bias,3,356,Float64,true,1.0e-5,3.071351299831199e-7,0.0002672248283282657,-1.4187935904013738,true,true
qs_bias,3,356,Float64,true,1.0e-6,8.056067271511987e-6,0.0026722275760777876,NaN,true,true
qs_bias,3,356,BigFloat128,true,0.001,2.497784041900742e-32,7.073384519693808e-29,-1.3963581544917347,true,true
qs_bias,3,356,BigFloat128,true,0.0001,6.22175694299194e-31,7.07338448582095e-28,-0.49115025677109175,true,true
qs_bias,3,356,BigFloat128,true,1.0e-5,1.9278058680072992e-30,7.073384482435341e-27,-1.6228299869037381,true,true
qs_bias,3,356,BigFloat128,true,1.0e-6,8.088971118515795e-29,7.073384482096798e-26,NaN,true,true
qs_bias,3,357,Float64,true,0.001,2.1018951024132093e-9,3.512769458186143e-6,-1.3378525863792956,true,true
qs_bias,3,357,Float64,true,0.0001,4.5757640787513765e-8,3.512769445389339e-5,-1.3881318164721288,true,true
qs_bias,3,357,Float64,true,1.0e-5,1.1183955775928567e-6,0.0003512769444110292,-0.9735497670928545,true,true
qs_bias,3,357,Float64,true,1.0e-6,1.0523136605211647e-5,0.003512769443982394,NaN,true,true
qs_bias,3,357,BigFloat128,true,0.001,9.629649721936179e-32,9.298223334975939e-29,-1.3044097363153617,true,true
qs_bias,3,357,BigFloat128,true,0.0001,1.940976272077761e-30,9.298223301103082e-28,-0.31469990614754517,true,true
qs_bias,3,357,BigFloat128,true,1.0e-5,4.006084747602356e-30,9.298223297717472e-27,-1.614186469552863,true,true
qs_bias,3,357,BigFloat128,true,1.0e-6,1.6478079809826826e-28,9.298223297378928e-26,NaN,true,true
qs_bias,3,364,Float64,true,0.001,1.6334335578502446e-9,1.2111193589800123e-6,-0.9145872499114444,true,true
qs_bias,3,364,Float64,true,0.0001,1.3418028919348065e-8,1.2111193299357628e-5,-1.6615225094459996,true,true
qs_bias,3,364,Float64,true,1.0e-5,6.154761564248204e-7,0.00012111185994925043,-0.8264724242969281,true,true
qs_bias,3,364,Float64,true,1.0e-6,4.1274674526875984e-6,0.0012111143459240087,NaN,true,true
qs_bias,3,364,BigFloat128,true,0.001,2.4937043656024814e-14,3.2058062503549354e-29,2.000000000000242,false,true
qs_bias,3,364,BigFloat128,true,0.0001,2.4937043656010903e-16,3.205806216491047e-28,1.9999999999936546,false,true
qs_bias,3,364,BigFloat128,true,1.0e-5,2.4937043656375253e-18,3.2058062131055266e-27,1.9999999964089703,false,true
qs_bias,3,364,BigFloat128,true,1.0e-6,2.4937043862570976e-20,3.2058062127669836e-26,NaN,false,true
qs_bias,3,365,Float64,true,0.001,3.742399196093871e-9,3.512769458186143e-6,-0.4606561388181765,true,true
qs_bias,3,365,Float64,true,0.0001,1.0809516032272981e-8,3.512769445389339e-5,-1.9018548546039664,true,true
qs_bias,3,365,Float64,true,1.0e-5,8.623053976419826e-7,0.0003512769444110292,-0.7596857702814439,true,true
qs_bias,3,365,Float64,true,1.0e-6,4.958460693677003e-6,0.003512769443982394,NaN,true,true
qs_bias,3,365,BigFloat128,true,0.001,4.333342374871281e-31,9.298223334975939e-29,-0.20806046513072307,true,true
qs_bias,3,365,BigFloat128,true,0.0001,6.996542376094255e-31,9.298223301103082e-28,-0.8632268940429683,true,true
qs_bias,3,365,BigFloat128,true,1.0e-5,5.106347459972017e-30,9.298223297717472e-27,-1.623206441551543,true,true
qs_bias,3,365,BigFloat128,true,1.0e-6,2.144454344205099e-28,9.298223297378928e-26,NaN,true,true
qs_bias,3,375,Float64,true,0.001,6.307177042243711e-9,9.711661175468342e-7,-0.7855378710094539,true,true
qs_bias,3,375,Float64,true,0.0001,3.849221410525337e-8,9.711661047498122e-6,-1.3405155400081097,true,true
qs_bias,3,375,Float64,true,1.0e-5,8.43118138843119e-7,9.711661034707626e-5,-0.1417199559410694,true,true
qs_bias,3,375,Float64,true,1.0e-6,1.168445307429284e-6,0.0009711649685883879,NaN,true,true
qs_bias,3,375,BigFloat128,true,0.001,1.6705442138222525e-14,2.570655308809988e-29,2.000000000000652,false,true
qs_bias,3,375,BigFloat128,true,0.0001,1.6705442138197447e-16,2.570655274936595e-28,1.9999999999937184,false,true
qs_bias,3,375,BigFloat128,true,1.0e-5,1.6705442138439077e-18,2.57065527155098e-27,2.0000000008821925,false,true
qs_bias,3,375,BigFloat128,true,1.0e-6,1.6705442104504925e-20,2.570655271212436e-26,NaN,false,true
qs_bias,3,378,Float64,true,0.001,6.9661569845891336e-9,3.032401640103778e-6,-0.44766699793048315,true,true
qs_bias,3,378,Float64,true,0.0001,1.952811190530923e-8,3.0324016273027044e-5,-2.133819333476888,true,true
qs_bias,3,378,Float64,true,1.0e-5,2.657538645034485e-6,0.0003032401626023614,-1.1199397957326855,true,true
qs_bias,3,378,Float64,true,1.0e-6,3.502832611390616e-5,0.0030324016258957147,NaN,true,true
qs_bias,3,378,BigFloat128,true,0.001,2.1315004739492337e-14,8.026700307737118e-29,2.000000000000322,false,true
qs_bias,3,378,BigFloat128,true,0.0001,2.1315004739476538e-16,8.026700273852956e-28,2.000000000008101,false,true
qs_bias,3,378,BigFloat128,true,1.0e-5,2.1315004739078943e-18,8.026700270467233e-27,1.9999999772107069,false,true
qs_bias,3,378,BigFloat128,true,1.0e-6,2.131500585756864e-20,8.026700270128688e-26,NaN,false,true
qs_bias,3,379,Float64,true,0.001,1.7162246068735953e-9,3.512769458186143e-6,-1.3880493422952047,true,true
qs_bias,3,379,Float64,true,0.0001,4.193952107822696e-8,3.5127694453893395e-5,-1.3671352952781193,true,true
qs_bias,3,379,Float64,true,1.0e-5,9.766945449074527e-7,0.0003512769444110292,-0.8997924951371562,true,true
qs_bias,3,379,Float64,true,1.0e-6,7.754454592112658e-6,0.003512769443982394,NaN,true,true
qs_bias,3,379,BigFloat128,true,0.001,1.4444474582904269e-31,9.298223334975939e-29,-1.0491372312120557,true,true
qs_bias,3,379,BigFloat128,true,0.0001,1.6174802267314676e-30,9.298223301103082e-28,-0.5505127633350053,true,true
qs_bias,3,379,BigFloat128,true,1.0e-5,5.745816386819341e-30,9.298223297717472e-27,-1.6637649074588128,true,true
qs_bias,3,379,BigFloat128,true,1.0e-6,2.6492116184481894e-28,9.298223297378928e-26,NaN,true,true
qs_bias,3,383,Float64,false,0.001,6.055851113295969e-10,1.611148867381293e-7,-0.32265858894422034,true,true
qs_bias,3,383,Float64,false,0.0001,1.2730157538573245e-9,1.611148739479125e-6,-1.6121825673690242,true,true
qs_bias,3,383,Float64,false,1.0e-5,5.212143276877006e-8,1.6111486427139306e-5,-1.4036358547299235,true,true
qs_bias,3,383,Float64,false,1.0e-6,1.3202379134205943e-6,0.00016111465983107022,NaN,true,true
qs_bias,3,383,BigFloat128,false,0.001,5.277828630743789e-15,4.2646755425106164e-30,2.0000000000002354,false,true
qs_bias,3,383,BigFloat128,false,0.0001,5.2778286307409265e-17,4.264675203956419e-29,1.9999999999981442,false,true
qs_bias,3,383,BigFloat128,false,1.0e-5,5.27782863076348e-19,4.2646751701020635e-28,1.9999999991728907,false,true
qs_bias,3,383,BigFloat128,false,1.0e-6,5.27782864081505e-21,4.264675166716639e-27,NaN,false,true
qs_bias,3,384,Float64,true,0.001,3.931552243938402e-9,2.830536125888445e-6,0.0,true,true
qs_bias,3,384,Float64,true,0.0001,3.931552243938402e-9,2.830536113091251e-5,-2.7058798011451524,true,true
qs_bias,3,384,Float64,true,1.0e-5,1.9973025305638728e-6,0.0002830536111812199,-0.8924307276922141,true,true
qs_bias,3,384,Float64,true,1.0e-6,1.559102184144827e-5,0.002830491980733961,NaN,true,true
qs_bias,3,384,BigFloat128,true,0.001,4.484080871658696e-14,7.492366740690817e-29,2.000000000000232,false,true
qs_bias,3,384,BigFloat128,true,0.0001,4.484080871656302e-16,7.492366706816926e-28,1.999999999996254,false,true
qs_bias,3,384,BigFloat128,true,1.0e-5,4.48408087169498e-18,7.492366703431306e-27,1.9999999913717654,false,true
qs_bias,3,384,BigFloat128,true,1.0e-6,4.48408096078131e-20,7.492366703092762e-26,NaN,false,true
qs_bias,3,385,Float64,false,0.001,4.042890511154447e-10,1.405709390610502e-7,0.3561823905192178,true,true
qs_bias,3,385,Float64,false,0.0001,1.7803672200152387e-10,1.405709263277327e-6,-1.9961812314691152,true,true
qs_bias,3,385,Float64,false,1.0e-5,1.764781006258345e-8,1.4057092504875194e-5,-0.7481423161593131,true,true
qs_bias,3,385,Float64,false,1.0e-6,9.881733497080292e-8,0.00014057091103001002,NaN,true,true
qs_bias,3,385,BigFloat128,false,0.001,3.5220547443006745e-15,3.720881776853861e-30,2.0000000000002363,false,true
qs_bias,3,385,BigFloat128,false,0.0001,3.5220547442987595e-17,3.720881438301453e-29,1.9999999999998097,false,true
qs_bias,3,385,BigFloat128,false,1.0e-5,3.5220547443003023e-19,3.7208814044471154e-28,1.9999999938646984,false,true
qs_bias,3,385,BigFloat128,false,1.0e-6,3.522054794056561e-21,3.720881401061691e-27,NaN,false,true
qs_bias,3,398,Float64,false,0.001,3.0357020877659926e-9,6.422706587727524e-7,-1.1228828563908186,true,true
qs_bias,3,398,Float64,false,0.0001,4.028487363559117e-8,6.42270645981348e-6,0.008162701743136852,true,true
qs_bias,3,398,Float64,false,1.0e-5,3.9534777955784845e-8,6.422706193103274e-5,-1.2830688865149258,true,true
qs_bias,3,398,Float64,false,1.0e-6,7.586617534865054e-7,0.0006422706445744568,NaN,true,true
qs_bias,3,398,BigFloat128,false,0.001,1.6820101300631448e-15,1.7000762782351387e-29,2.0000000000002354,false,true
qs_bias,3,398,BigFloat128,false,0.0001,1.6820101300622334e-17,1.7000762443765757e-28,2.0000000000211218,false,true
qs_bias,3,398,BigFloat128,false,1.0e-5,1.6820101299804288e-19,1.7000762409911086e-27,1.9999999973522287,false,true
qs_bias,3,398,BigFloat128,false,1.0e-6,1.6820101402351713e-21,1.700076240652566e-26,NaN,false,true
qs_bias,3,413,Float64,true,0.001,5.388172630294008e-9,3.5127694581877953e-6,-0.5682855660142817,true,true
qs_bias,3,413,Float64,true,0.0001,1.994008785866086e-8,3.512769445389355e-5,-1.8691037020967491,true,true
qs_bias,3,413,Float64,true,1.0e-5,1.475131610695346e-6,0.0003512769444110291,-0.5976345896671882,true,true
qs_bias,3,413,Float64,true,1.0e-6,5.840706179205402e-6,0.0035127694439823936,NaN,true,true
qs_bias,3,413,BigFloat128,true,0.001,3.589569918621302e-14,9.298223334980312e-29,2.000000000000242,false,true
qs_bias,3,413,BigFloat128,true,0.0001,3.5895699186193017e-16,9.298223301103125e-28,2.0000000000100044,false,true
qs_bias,3,413,BigFloat128,true,1.0e-5,3.589569918536612e-18,9.298223297717472e-27,2.000000001445048,false,true
qs_bias,3,413,BigFloat128,true,1.0e-6,3.589569906592869e-20,9.298223297378928e-26,NaN,false,true
qs_bias,3,422,Float64,true,0.001,5.530015600128739e-10,9.2340102894479e-7,0.0,true,true
qs_bias,3,422,Float64,true,0.0001,5.530015600128739e-10,9.234010161484416e-6,0.0,true,true
qs_bias,3,422,Float64,true,1.0e-5,5.530015600128739e-10,9.234010148693988e-5,-3.14127830360799,true,true
qs_bias,3,422,Float64,true,1.0e-6,7.656048219405536e-7,0.0009234010147415005,NaN,true,true
qs_bias,3,422,BigFloat128,true,0.001,3.323134000031514e-13,2.4442221720140596e-29,2.0000000000006994,false,true
qs_bias,3,422,BigFloat128,true,0.0001,3.3231340000261627e-15,2.4442221381432116e-28,1.9999999999999085,false,true
qs_bias,3,422,BigFloat128,true,1.0e-5,3.3231340000268624e-17,2.4442221347576214e-27,2.0000000000451736,false,true
qs_bias,3,422,BigFloat128,true,1.0e-6,3.3231339996812026e-19,2.444222134419078e-26,NaN,false,true
qs_bias,3,424,Float64,true,0.001,2.571560486774871e-8,3.5127694581875187e-6,-1.0261220360484686,true,true
qs_bias,3,424,Float64,true,0.0001,2.730981637499852e-7,3.512769445389354e-5,0.22290916365981595,true,true
qs_bias,3,424,Float64,true,1.0e-5,1.6345929308714258e-7,0.0003512769444110292,-1.8464593619422627,true,true
qs_bias,3,424,Float64,true,1.0e-6,1.1478072889592461e-5,0.0035127694439823936,NaN,true,true
qs_bias,3,424,BigFloat128,true,0.001,3.730660843677572e-15,9.298223334979583e-29,2.0000000000002855,false,true
qs_bias,3,424,BigFloat128,true,0.0001,3.730660843675117e-17,9.298223301103118e-28,1.9999999998996645,false,true
qs_bias,3,424,BigFloat128,true,1.0e-5,3.730660844537015e-19,9.298223297717472e-27,1.9999999974016422,false,true
qs_bias,3,424,BigFloat128,true,1.0e-6,3.730660866857333e-21,9.298223297378928e-26,NaN,false,true
qs_bias,3,425,Float64,true,0.001,1.5820684762246628e-9,3.5127694581861427e-6,-1.7496450213633938,true,true
qs_bias,3,425,Float64,true,0.0001,8.889355984642577e-8,3.512769445389339e-5,-0.35679215706116435,true,true
qs_bias,3,425,Float64,true,1.0e-5,2.0214474483193356e-7,0.00035127694441102923,-0.792304828722346,true,true
qs_bias,3,425,Float64,true,1.0e-6,1.253046778115774e-6,0.0035127694439823936,NaN,true,true
qs_bias,3,425,BigFloat128,true,0.001,9.629649721936179e-32,9.298223334975939e-29,-0.23521271117433787,true,true
qs_bias,3,425,BigFloat128,true,0.0001,1.6550960459577808e-31,9.298223301103082e-28,-1.834391799852571,true,true
qs_bias,3,425,BigFloat128,true,1.0e-5,1.1303553677507117e-29,9.298223297717472e-27,-0.6109558406053232,true,true
qs_bias,3,425,BigFloat128,true,1.0e-6,4.614990821328301e-29,9.298223297378928e-26,NaN,true,true
qs_bias,3,430,Float64,true,0.001,8.193987738325248e-9,3.5127694581869703e-6,-0.44340787239820856,true,true
qs_bias,3,430,Float64,true,0.0001,2.27459029666921e-8,3.512769445389348e-5,-0.8690907503207008,true,true
qs_bias,3,430,Float64,true,1.0e-5,1.6826505525036062e-7,0.0003512769444110292,-2.0202722565893794,true,true
qs_bias,3,430,Float64,true,1.0e-6,1.7630563329290583e-5,0.003512769443982393,NaN,true,true
qs_bias,3,430,BigFloat128,true,0.001,8.686858329117706e-14,9.29822333497813e-29,2.0000000000002327,false,true
qs_bias,3,430,BigFloat128,true,0.0001,8.686858329113055e-16,9.298223301103104e-28,1.999999999998919,false,true
qs_bias,3,430,BigFloat128,true,1.0e-5,8.686858329134673e-18,9.298223297717472e-27,2.00000000178687,false,true
qs_bias,3,430,BigFloat128,true,1.0e-6,8.686858293393284e-20,9.298223297378928e-26,NaN,false,true
qs_bias,3,432,Float64,false,0.001,2.7214345650316294e-10,9.925407027306362e-8,-0.9321815129185169,true,true
qs_bias,3,432,Float64,false,0.0001,2.327980881695984e-9,9.925405727746045e-7,-0.6563278285346096,true,true
qs_bias,3,432,Float64,false,1.0e-5,1.0551330773195355e-8,9.925405518226485e-6,-1.642119293445853,true,true
qs_bias,3,432,Float64,false,1.0e-6,4.628353603321388e-7,9.925401016334253e-5,NaN,true,true
qs_bias,3,432,BigFloat128,false,0.001,4.454750409563375e-14,2.627233365414196e-30,2.000000000001763,false,true
qs_bias,3,432,BigFloat128,false,0.0001,4.454750409545292e-16,2.6272330268247233e-29,2.0000000000002336,false,true
qs_bias,3,432,BigFloat128,false,1.0e-5,4.454750409542896e-18,2.627232992970015e-28,1.9999999998396703,false,true
qs_bias,3,432,BigFloat128,false,1.0e-6,4.45475041118747e-20,2.627232989584587e-27,NaN,false,true
qs_bias,3,445,Float64,true,0.001,3.44825684672756e-9,3.5127694581861482e-6,-1.4202936752076993,true,true
qs_bias,3,445,Float64,true,0.0001,9.075974821692867e-8,3.512769445389339e-5,-0.870016168529124,true,true
qs_bias,3,445,Float64,true,1.0e-5,6.728363573481333e-7,0.0003512769444110291,-0.06549450339374448,true,true
qs_bias,3,445,Float64,true,1.0e-6,7.823551654850824e-7,0.003512769443982394,NaN,true,true
qs_bias,3,445,BigFloat128,true,0.001,1.480016264666003e-13,9.298223334975954e-29,2.0000000000002354,false,true
qs_bias,3,445,BigFloat128,true,0.0001,1.480016264665201e-15,9.298223301103082e-28,1.9999999999994267,false,true
qs_bias,3,445,BigFloat128,true,1.0e-5,1.4800162646671546e-17,9.298223297717472e-27,2.0000000000469424,false,true
qs_bias,3,445,BigFloat128,true,1.0e-6,1.4800162645071817e-19,9.298223297378928e-26,NaN,false,true
qs_bias,3,447,Float64,true,0.001,4.884708970642748e-9,3.5127694581866946e-6,-1.0380754901183258,true,true
qs_bias,3,447,Float64,true,0.0001,5.332295194282466e-8,3.512769445389344e-5,-0.6491430473187121,true,true
qs_bias,3,447,Float64,true,1.0e-5,2.3771535262537974e-7,0.00035127694441102923,-1.4714069803571803,true,true
qs_bias,3,447,Float64,true,1.0e-6,7.0382422615589135e-6,0.003512769443982393,NaN,true,true
qs_bias,3,447,BigFloat128,true,0.001,9.709495143005557e-15,9.2982233349774e-29,2.000000000000218,false,true
qs_bias,3,447,BigFloat128,true,0.0001,9.70949514300068e-17,9.298223301103097e-28,2.0000000000252176,false,true
qs_bias,3,447,BigFloat128,true,1.0e-5,9.70949514243689e-19,9.298223297717472e-27,2.0000000172322694,false,true
qs_bias,3,447,BigFloat128,true,1.0e-6,9.709494757176103e-21,9.298223297378928e-26,NaN,false,true
qs_bias,3,453,Float64,true,0.001,1.8918614948396406e-8,3.0387250228756865e-6,-0.8443814221722413,true,true
qs_bias,3,453,Float64,true,0.0001,1.3221196508219983e-7,3.0387250100793603e-5,-1.4418416080090533,true,true
qs_bias,3,453,Float64,true,1.0e-5,3.656893969244973e-6,0.0003038725008800318,0.14197356914237627,true,true
qs_bias,3,453,Float64,true,1.0e-6,2.637174083483063e-6,0.0030387169950255805,NaN,true,true
qs_bias,3,453,BigFloat128,true,0.001,1.8711585001749108e-14,8.043438162568095e-29,2.000000000000222,false,true
qs_bias,3,453,BigFloat128,true,0.0001,1.8711585001739542e-16,8.0434381286965e-28,1.9999999999936824,false,true
qs_bias,3,453,BigFloat128,true,1.0e-5,1.871158500201174e-18,8.043438125310903e-27,2.000000000977227,false,true
qs_bias,3,453,BigFloat128,true,1.0e-6,1.8711584959907887e-20,8.04343812497236e-26,NaN,false,true
qs_bias,3,457,Float64,false,0.001,4.3224162619810775e-11,5.064023934717308e-7,-2.5880096537287773,true,true
qs_bias,3,457,Float64,false,0.0001,1.6739259504886593e-8,5.064023806968159e-6,-0.17795629840068936,true,true
qs_bias,3,457,Float64,false,1.0e-5,2.5216949027989556e-8,5.064023666478457e-5,-1.6084751913217663,true,true
qs_bias,3,457,Float64,false,1.0e-6,1.0236882817473632e-6,0.0005064023792898703,NaN,true,true
qs_bias,3,457,BigFloat128,false,0.001,3.4440068668550765e-32,1.3404359745547892e-29,-0.018057098063056328,true,true
qs_bias,3,457,BigFloat128,false,0.0001,3.5902203708229656e-32,1.340435940681932e-28,-1.823575705152228,true,true
qs_bias,3,457,BigFloat128,false,1.0e-5,2.3916455266044706e-30,1.340435937296322e-27,-0.7489732384466943,true,true
qs_bias,3,457,BigFloat128,false,1.0e-6,1.3417452001905974e-29,1.340435936957778e-26,NaN,true,true
qs_bias,3,467,Float64,true,0.001,1.243559029100577e-8,2.731872837145559e-6,-1.0696931987518687,true,true
qs_bias,3,467,Float64,true,0.0001,1.4600226857564648e-7,2.731872425489842e-5,-0.8573920524482996,true,true
qs_bias,3,467,Float64,true,1.0e-5,1.0513604998654938e-6,0.00027318699508872547,-1.1435383009783322,true,true
qs_bias,3,467,Float64,true,1.0e-6,1.4631537250209528e-5,0.002731832851443562,NaN,true,true
qs_bias,3,467,BigFloat128,true,0.001,3.7284128022991805e-15,7.231207189910528e-29,2.0000000000001883,false,true
qs_bias,3,467,BigFloat128,true,0.0001,3.728412802297566e-17,7.231207156039567e-28,1.999999999991436,false,true
qs_bias,3,467,BigFloat128,true,1.0e-5,3.728412802371088e-19,7.231207152653976e-27,1.9999999513002091,false,true
qs_bias,3,467,BigFloat128,true,1.0e-6,3.728413220458218e-21,7.231207152315433e-26,NaN,false,true
qs_bias,3,468,Float64,true,0.001,3.2783904480027104e-9,3.512769458186146e-6,-1.4087897141380137,true,true
qs_bias,3,468,Float64,true,0.0001,8.40331009221984e-8,3.512769445389339e-5,-0.6227387379695737,true,true
qs_bias,3,468,Float64,true,1.0e-5,3.5252435592880715e-7,0.0003512769444110292,-0.8606874201814332,true,true
qs_bias,3,468,Float64,true,1.0e-6,2.557858689744563e-6,0.003512769443982394,NaN,true,true
qs_bias,3,468,BigFloat128,true,0.001,8.645468971424548e-14,9.298223334975948e-29,2.0000000000002367,false,true
qs_bias,3,468,BigFloat128,true,0.0001,8.645468971419836e-16,9.298223301103082e-28,1.999999999999887,false,true
qs_bias,3,468,BigFloat128,true,1.0e-5,8.645468971422089e-18,9.298223297717472e-27,1.9999999995265805,false,true
qs_bias,3,468,BigFloat128,true,1.0e-6,8.645468980846417e-20,9.298223297378928e-26,NaN,false,true
qs_bias,3,469,Float64,true,0.001,3.4175635654776215e-9,3.512769458186144e-6,-1.7352293693233327,true,true
qs_bias,3,469,Float64,true,0.0001,1.8575733440329145e-7,3.512769445389339e-5,0.24659609205100813,true,true
qs_bias,3,469,Float64,true,1.0e-5,1.0528097016404558e-7,0.0003512769444110291,-1.6280407589529449,true,true
qs_bias,3,469,Float64,true,1.0e-6,4.470855538674101e-6,0.0035127694439823936,NaN,true,true
qs_bias,3,469,BigFloat128,true,0.001,9.371568124504117e-15,9.298223334975943e-29,2.0000000000002403,false,true
qs_bias,3,469,BigFloat128,true,0.0001,9.371568124498929e-17,9.298223301103082e-28,1.9999999999915012,false,true
qs_bias,3,469,BigFloat128,true,1.0e-5,9.37156812468232e-19,9.298223297717472e-27,1.9999999856363286,false,true
qs_bias,3,469,BigFloat128,true,1.0e-6,9.371568434633594e-21,9.298223297378928e-26,NaN,false,true
qs_bias,3,470,Float64,true,0.001,4.861565872094076e-9,3.5127694581861444e-6,-0.8442605119392228,true,true
qs_bias,3,470,Float64,true,0.0001,3.396539632882778e-8,3.512769445389339e-5,0.0,true,true
qs_bias,3,470,Float64,true,1.0e-5,3.396539632882778e-8,0.0003512769444110291,-2.112370580560244,true,true
qs_bias,3,470,Float64,true,1.0e-6,4.399539964838883e-6,0.0035127694439823936,NaN,true,true
qs_bias,3,470,BigFloat128,true,0.001,8.672145407175521e-15,9.298223334975944e-29,2.000000000000248,false,true
qs_bias,3,470,BigFloat128,true,0.0001,8.672145407170569e-17,9.298223301103082e-28,2.0000000000180207,false,true
qs_bias,3,470,BigFloat128,true,1.0e-5,8.672145406810729e-19,9.298223297717472e-27,2.000000010508034,false,true
qs_bias,3,470,BigFloat128,true,1.0e-6,8.672145196982605e-21,9.298223297378928e-26,NaN,false,true
qs_bias,3,471,Float64,false,0.001,2.298887219476242e-9,3.5127694581861427e-6,-1.385962300675644,true,true
qs_bias,3,471,Float64,false,0.0001,5.5908773693991165e-8,3.512769445389339e-5,-0.9736443296579945,true,true
qs_bias,3,471,Float64,false,1.0e-5,5.261678354129273e-7,0.0003512769444110292,-0.8149984822159378,true,true
qs_bias,3,471,Float64,false,1.0e-6,3.4365508811140533e-6,0.003512769443982394,NaN,true,true
qs_bias,3,471,BigFloat128,false,0.001,2.4074124304840448e-32,9.298223334975939e-29,-1.9639353208032144,true,true
qs_bias,3,471,BigFloat128,false,0.0001,2.2155717524298475e-30,9.298223301103082e-28,-0.14436008778073556,true,true
qs_bias,3,471,BigFloat128,false,1.0e-5,3.0891991539609716e-30,9.298223297717472e-27,-1.6846397664905626,true,true
qs_bias,3,471,BigFloat128,false,1.0e-6,1.4944647429179152e-28,9.298223297378928e-26,NaN,true,true
qs_bias,3,473,Float64,true,0.001,8.714861149857037e-9,1.0010926350682839e-6,-0.6730565958662005,true,true
qs_bias,3,473,Float64,true,0.0001,4.105036924692061e-8,1.001092631000738e-5,-1.4956472727496697,true,true
qs_bias,3,473,Float64,true,1.0e-5,1.2851811311916415e-6,0.00010010926297217393,-0.40646185984031796,true,true
qs_bias,3,473,Float64,true,1.0e-6,3.2766209259883046e-6,0.0010010893493927826,NaN,true,true
qs_bias,3,473,BigFloat128,true,0.001,9.486161095230998e-15,2.649870164207171e-29,2.0000000000002385,false,true
qs_bias,3,473,BigFloat128,true,0.0001,9.486161095225787e-17,2.6498701303472414e-28,1.9999999999975797,false,true
qs_bias,3,473,BigFloat128,true,1.0e-5,9.486161095278651e-19,2.6498701269617606e-27,1.9999999998149955,false,true
qs_bias,3,473,BigFloat128,true,1.0e-6,9.486161099319646e-21,2.649870126623218e-26,NaN,false,true
qs_bias,3,474,Float64,true,0.001,7.377411792575117e-9,3.5127694581869673e-6,-1.224791127637302,true,true
qs_bias,3,474,Float64,true,0.0001,1.2379273361950993e-7,3.512769445389348e-5,-0.7560291668035259,true,true
qs_bias,3,474,Float64,true,1.0e-5,7.058693426986729e-7,0.00035127694441102923,-1.0557358625958166,true,true
qs_bias,3,474,Float64,true,1.0e-6,8.025279794265927e-6,0.0035127694439823936,NaN,true,true
qs_bias,3,474,BigFloat128,true,0.001,3.7272745235679724e-15,9.298223334978122e-29,2.0000000000001825,false,true
qs_bias,3,474,BigFloat128,true,0.0001,3.7272745235664046e-17,9.298223301103104e-28,1.9999999999643787,false,true
qs_bias,3,474,BigFloat128,true,1.0e-5,3.727274523872119e-19,9.298223297717472e-27,1.999999891227814,false,true
qs_bias,3,474,BigFloat128,true,1.0e-6,3.72727545739503e-21,9.298223297378928e-26,NaN,false,true
qs_bias,3,476,Float64,true,0.001,5.089672017177804e-10,3.512769458186144e-6,-2.0544761839863237,true,true
qs_bias,3,476,Float64,true,0.0001,5.769869371174963e-8,3.512769445389339e-5,-1.0448614902233488,true,true
qs_bias,3,476,Float64,true,1.0e-5,6.39775302957446e-7,0.0003512769444110292,-0.7442202532827062,true,true
qs_bias,3,476,Float64,true,1.0e-6,3.550158348519794e-6,0.0035127694439823936,NaN,true,true
qs_bias,3,476,BigFloat128,true,0.001,3.872731281094286e-15,9.298223334975943e-29,2.0000000000002367,false,true
qs_bias,3,476,BigFloat128,true,0.0001,3.8727312810921766e-17,9.298223301103082e-28,2.000000000019482,false,true
qs_bias,3,476,BigFloat128,true,1.0e-5,3.87273128091845e-19,9.298223297717472e-27,2.000000002342381,false,true
qs_bias,3,476,BigFloat128,true,1.0e-6,3.8727312600307525e-21,9.298223297378928e-26,NaN,false,true
qs_bias,3,479,Float64,false,0.001,1.1840973745130465e-9,6.119040866904367e-7,-1.4263327528737875,true,true
qs_bias,3,479,Float64,false,0.0001,3.1602407660672115e-8,6.119040552863066e-6,-0.14808680876686137,true,true
qs_bias,3,479,Float64,false,1.0e-5,4.444336970400417e-8,6.119040733449589e-5,-2.2636698669701834,true,true
qs_bias,3,479,Float64,false,1.0e-6,8.155993045141071e-6,0.0006119040732170611,NaN,true,true
qs_bias,3,479,BigFloat128,false,0.001,3.957354158026722e-15,1.6196966331252268e-29,2.0000000000002305,false,true
qs_bias,3,479,BigFloat128,false,0.0001,3.957354158024622e-17,1.6196965992676202e-28,2.00000000000115,false,true
qs_bias,3,479,BigFloat128,false,1.0e-5,3.957354158014142e-19,1.6196965958821627e-27,1.9999999955690904,false,true
qs_bias,3,479,BigFloat128,false,1.0e-6,3.957354198389232e-21,1.6196965955436202e-26,NaN,false,true
qs_bias,3,487,Float64,true,0.001,8.987110944325138e-9,3.512769458186419e-6,0.20817020835118238,true,true
qs_bias,3,487,Float64,true,0.0001,5.564804284041713e-9,3.512769445389342e-5,-2.0153583099034744,true,true
qs_bias,3,487,Float64,true,1.0e-5,5.765118049616547e-7,0.0003512769444110292,-0.9588755372896486,true,true
qs_bias,3,487,Float64,true,1.0e-6,5.244254286496108e-6,0.0035127694439823936,NaN,true,true
qs_bias,3,487,BigFloat128,true,0.001,2.707373459508605e-14,9.298223334976669e-29,2.00000000000024,false,true
qs_bias,3,487,BigFloat128,true,0.0001,2.7073734595071093e-16,9.29822330110309e-28,1.9999999999937192,false,true
qs_bias,3,487,BigFloat128,true,1.0e-5,2.707373459546263e-18,9.298223297717472e-27,2.000000001440971,false,true
qs_bias,3,487,BigFloat128,true,1.0e-6,2.7073734505633123e-20,9.298223297378928e-26,NaN,false,true
qs_bias,3,488,Float64,true,0.001,3.0402004247420678e-9,3.5127694581866924e-6,-1.537888205955994,true,true
qs_bias,3,488,Float64,true,0.0001,1.0490360702331003e-7,3.512769445389344e-5,-1.2968308102095938,true,true
qs_bias,3,488,Float64,true,1.0e-5,2.077883677287229e-6,0.0003512769444110291,-0.9032657660683336,true,true
qs_bias,3,488,Float64,true,1.0e-6,1.662979890559857e-5,0.003512769443982393,NaN,true,true
qs_bias,3,488,BigFloat128,true,0.001,7.336319399570238e-16,9.298223334977394e-29,1.9999999999997755,false,true
qs_bias,3,488,BigFloat128,true,0.0001,7.33631939957403e-18,9.298223301103097e-28,1.999999999797026,false,true
qs_bias,3,488,BigFloat128,true,1.0e-5,7.336319403002769e-20,9.298223297717472e-27,2.000000178616322,false,true
qs_bias,3,488,BigFloat128,true,1.0e-6,7.336316385727221e-22,9.298223297378928e-26,NaN,false,true
qs_bias,3,490,Float64,true,0.001,1.9490397740185017e-8,3.512769458186419e-6,-0.8875935285497966,true,true
qs_bias,3,490,Float64,true,0.0001,1.5045763479548668e-7,3.512769445389342e-5,-0.6874137010917681,true,true
qs_bias,3,490,Float64,true,1.0e-5,7.325342438191385e-7,0.0003512769444110291,-1.0387228068963956,true,true
qs_bias,3,490,Float64,true,1.0e-6,8.008491858113587e-6,0.0035127694439823936,NaN,true,true
qs_bias,3,490,BigFloat128,true,0.001,1.1031658822214485e-14,9.298223334976669e-29,2.0000000000002403,false,true
qs_bias,3,490,BigFloat128,true,0.0001,1.103165882220838e-16,9.29822330110309e-28,1.9999999999878038,false,true
qs_bias,3,490,BigFloat128,true,1.0e-5,1.1031658822518184e-18,9.298223297717472e-27,2.0000000063571237,false,true
qs_bias,3,490,BigFloat128,true,1.0e-6,1.1031658661038766e-20,9.298223297378928e-26,NaN,false,true
qs_bias,3,492,Float64,false,0.001,3.639032807615236e-11,1.4150519512332146e-9,-0.24015679408126114,true,true
qs_bias,3,492,Float64,false,0.0001,6.326197774705749e-11,1.41503915314108e-8,-0.8168803472093668,true,true
qs_bias,3,492,Float64,false,1.0e-5,4.149761262295262e-10,1.415037874080412e-7,-1.361991935936894,true,true
qs_bias,3,492,Float64,false,1.0e-6,9.55025676866534e-9,1.4150377326679084e-6,NaN,true,true
qs_bias,3,492,BigFloat128,false,0.001,5.344393889321392e-11,3.7456113273455564e-32,2.000000000300707,false,true
qs_bias,3,492,BigFloat128,false,0.0001,5.344393885620913e-13,3.745577451139619e-31,2.000000000003007,false,true
qs_bias,3,492,BigFloat128,false,1.0e-5,5.344393885583909e-15,3.745574065496202e-30,2.0000000000000266,false,true
qs_bias,3,492,BigFloat128,false,1.0e-6,5.3443938855835784e-17,3.745573726951633e-29,NaN,false,true
qs_bias,3,511,Float64,false,0.001,5.515678048361802e-13,2.450085918816966e-9,-1.968515171601926,true,true
qs_bias,3,511,Float64,false,0.0001,5.129961195047252e-11,2.4500731267007905e-8,-1.1710817820455108,true,true
qs_bias,3,511,Float64,false,1.0e-5,7.606692530068167e-10,2.450071847827328e-7,-0.8848802398707474,true,true
qs_bias,3,511,Float64,false,1.0e-6,5.835473509245947e-9,2.4500717199294133e-6,NaN,true,true
qs_bias,3,511,BigFloat128,false,0.001,3.3696462801596907e-12,6.485323427634187e-32,2.0000000000520215,false,true
qs_bias,3,511,BigFloat128,false,0.0001,3.3696462797560606e-14,6.485289567513721e-31,2.00000000000052,false,true
qs_bias,3,511,BigFloat128,false,1.0e-5,3.369646279752025e-16,6.48528618203116e-30,2.000000000000043,false,true
qs_bias,3,511,BigFloat128,false,1.0e-6,3.369646279751692e-18,6.485285843488199e-29,NaN,false,true
qs_bias,3,553,Float64,true,0.001,1.549191119831761e-8,3.512769458472514e-6,1.2169790072369444,true,true
qs_bias,3,553,Float64,true,0.0001,9.399959699507576e-10,3.512769445392203e-5,-3.569888500000908,true,true
qs_bias,3,553,Float64,true,1.0e-5,3.4915196587825825e-6,0.00035127694441103205,-0.1513020627660563,true,true
qs_bias,3,553,Float64,true,1.0e-6,4.946711181674779e-6,0.003512769443982394,NaN,true,true
qs_bias,3,553,BigFloat128,true,0.001,3.550934791430643e-10,9.298223335733958e-29,2.000000000014146,false,true
qs_bias,3,553,BigFloat128,true,0.0001,3.550934791314982e-12,9.298223301110662e-28,2.000000000000142,false,true
qs_bias,3,553,BigFloat128,true,1.0e-5,3.550934791313818e-14,9.298223297717547e-27,1.999999999998892,false,true
qs_bias,3,553,BigFloat128,true,1.0e-6,3.550934791322878e-16,9.29822329737893e-26,NaN,false,true
qs_bias,3,565,Float64,false,0.001,3.682194905300408e-11,9.373084214243709e-9,-1.100352416908505,true,true
qs_bias,3,565,Float64,false,0.0001,4.639371921161928e-10,9.37307141925437e-8,-1.0931065273794822,true,true
qs_bias,3,565,Float64,false,1.0e-5,5.748648003074561e-9,9.373070144613794e-7,-0.2241288219146845,true,true
qs_bias,3,565,Float64,false,1.0e-6,9.63151352834513e-9,9.373070016715981e-6,NaN,true,true
qs_bias,3,565,BigFloat128,false,0.001,1.6303300753689783e-13,2.481034733483109e-31,2.000000000025396,false,true
qs_bias,3,565,BigFloat128,false,0.0001,1.6303300752736416e-15,2.4810313477373165e-30,2.0000000000002536,false,true
qs_bias,3,565,BigFloat128,false,1.0e-5,1.6303300752726896e-17,2.4810310091917226e-29,2.0000000000002456,false,true
qs_bias,3,565,BigFloat128,false,1.0e-6,1.6303300752717685e-19,2.4810309753374533e-28,NaN,false,true
qs_bias,3,576,Float64,true,0.001,5.364619528828976e-9,2.383855659302789e-6,-1.6180276978456554,true,true
qs_bias,3,576,Float64,true,0.0001,2.226212536525423e-7,2.3838551284149665e-5,-0.6782175993634058,true,true
qs_bias,3,576,Float64,true,1.0e-5,1.0611681912639008e-6,0.0002383855657831029,-1.08020577750122,true,true
qs_bias,3,576,Float64,true,1.0e-6,1.2764094208216926e-5,0.0023838252299449186,NaN,true,true
qs_bias,3,576,BigFloat128,true,0.001,2.315105344299541e-10,6.310013424251189e-29,2.0000000000141456,false,true
qs_bias,3,576,BigFloat128,true,0.0001,2.3151053442241338e-12,6.310013389895093e-28,2.0000000000001426,false,true
qs_bias,3,576,BigFloat128,true,1.0e-5,2.3151053442233736e-14,6.310013386504651e-27,2.0000000000004445,false,true
qs_bias,3,576,BigFloat128,true,1.0e-6,2.3151053442210026e-16,6.310013386166059e-26,NaN,false,true
qs_bias,3,579,Float64,false,0.001,9.081314628889852e-11,3.65405401158897e-8,-1.0414361411864417,true,true
qs_bias,3,579,Float64,false,0.0001,9.990445697779868e-10,3.6540527319746577e-7,-1.2471587455484505,true,true
qs_bias,3,579,Float64,false,1.0e-5,1.7649955271096867e-8,3.6540526040705908e-6,-0.7679766660043577,true,true
qs_bias,3,579,Float64,false,1.0e-6,1.0344756563061891e-7,3.654052213277913e-5,NaN,true,true
qs_bias,3,579,BigFloat128,false,0.001,1.097698866418753e-11,9.67220043383947e-31,2.000000000024307,false,true
qs_bias,3,579,BigFloat128,false,0.0001,1.0976988663573165e-13,9.672197046833696e-30,2.000000000000244,false,true
qs_bias,3,579,BigFloat128,false,1.0e-5,1.0976988663567004e-15,9.672196708275502e-29,1.999999999999729,false,true
qs_bias,3,579,BigFloat128,false,1.0e-6,1.0976988663573854e-17,9.672196674421107e-28,NaN,false,true
qs_bias,3,596,Float64,false,0.001,1.0899553500636386e-11,1.0889047104830072e-8,-1.2443837819549235,true,true
qs_bias,3,596,Float64,false,0.0001,1.9133414914084126e-10,1.0889034312293773e-7,-0.9070217456328977,true,true
qs_bias,3,596,Float64,false,1.0e-5,1.5445936143668917e-9,1.0889033018573137e-6,-1.6870575888273427,true,true
qs_bias,3,596,Float64,false,1.0e-6,7.514010954584264e-8,1.0889032907494497e-5,NaN,true,true
qs_bias,3,596,BigFloat128,false,0.001,2.9800788866331245e-13,2.882306769404892e-31,2.0000000000143197,false,true
qs_bias,3,596,BigFloat128,false,0.0001,2.980078886534863e-15,2.8823033837687947e-30,2.000000000000142,false,true
qs_bias,3,596,BigFloat128,false,1.0e-5,2.980078886533888e-17,2.8823030452242977e-29,2.0000000000006586,false,true
qs_bias,3,596,BigFloat128,false,1.0e-6,2.9800788865293676e-19,2.8823030113700397e-28,NaN,false,true
qs_bias,3,609,Float64,false,0.001,1.5358303265750746e-12,9.246011054073702e-9,-2.0923541372088947,true,true
qs_bias,3,609,Float64,false,0.0001,1.899754037353465e-10,9.245998262476971e-8,-0.70176968783917,true,true
qs_bias,3,609,Float64,false,1.0e-5,9.560201896313597e-10,9.245996976416488e-7,-6.796753159663296e-8,true,true
qs_bias,3,609,Float64,false,1.0e-6,9.56020339249511e-10,9.245996848518789e-6,NaN,true,true
qs_bias,3,609,BigFloat128,false,0.001,4.46625436847153e-15,2.4473987479618396e-31,2.000000000000128,false,true
qs_bias,3,609,BigFloat128,false,0.0001,4.466254368470217e-17,2.4473953625193227e-30,1.9999999999998646,false,true
qs_bias,3,609,BigFloat128,false,1.0e-5,4.466254368471609e-19,2.4473950239767616e-29,2.000000000052427,false,true
qs_bias,3,609,BigFloat128,false,1.0e-6,4.4662543679324524e-21,2.4473949901225227e-28,NaN,false,true
qs_bias,3,614,Float64,false,0.001,1.9596420440383147e-10,4.0901074385826426e-8,-0.7915332091329063,true,true
qs_bias,3,614,Float64,false,0.0001,1.2125787630495356e-9,4.090106155147169e-7,-0.6617436323523274,true,true
qs_bias,3,614,Float64,false,1.0e-5,5.56485163599778e-9,4.090106032206047e-6,-1.550680517823959,true,true
qs_bias,3,614,Float64,false,1.0e-6,1.977580212712894e-7,4.090105210564976e-5,NaN,true,true
qs_bias,3,614,BigFloat128,false,0.001,2.69247213933514e-12,1.0826424246775944e-30,2.0000000000141704,false,true
qs_bias,3,614,BigFloat128,false,0.0001,2.6924721392472894e-14,1.082642086055683e-29,2.0000000000001417,false,true
qs_bias,3,614,BigFloat128,false,1.0e-5,2.69247213924641e-16,1.0826420522006502e-28,1.9999999999995153,false,true
qs_bias,3,614,BigFloat128,false,1.0e-6,2.6924721392494145e-18,1.0826420488152187e-27,NaN,false,true
qs_bias,3,618,Float64,false,0.001,3.821544195061329e-12,9.285995989283877e-9,-1.5939971296839557,true,true
qs_bias,3,618,Float64,false,0.0001,1.5005000565384493e-10,9.285983199478839e-8,-1.473692069072786,true,true
qs_bias,3,618,Float64,false,1.0e-5,4.466096319602579e-9,9.285981879029108e-7,-0.8294312796710084,true,true
qs_bias,3,618,Float64,false,1.0e-6,3.0155002226193414e-8,9.285981792603503e-6,NaN,true,true
qs_bias,3,618,BigFloat128,false,0.001,4.485568985893768e-15,2.4579826721952476e-31,2.000000000000128,false,true
qs_bias,3,618,BigFloat128,false,0.0001,4.485568985892448e-17,2.4579792867526495e-30,1.9999999999998899,false,true
qs_bias,3,618,BigFloat128,false,1.0e-5,4.485568985893586e-19,2.4579789482100876e-29,1.9999999999636118,false,true
qs_bias,3,618,BigFloat128,false,1.0e-6,4.485568986269418e-21,2.457978914355849e-28,NaN,false,true
qs_bias,3,656,Float64,false,0.001,6.419550165868383e-12,1.054046181069035e-8,0.0,true,true
qs_bias,3,656,Float64,false,0.0001,6.419550165868383e-12,1.0540449020847876e-7,-1.8261925879834293,true,true
qs_bias,3,656,Float64,false,1.0e-5,4.302265273019597e-10,1.054044773733544e-6,-1.2855219007152832,true,true
qs_bias,3,656,Float64,false,1.0e-6,8.302695025571404e-9,1.0540447613972518e-5,NaN,true,true
qs_bias,3,656,BigFloat128,false,0.001,4.332561646583796e-15,2.7900370102907654e-31,2.0000000000001275,false,true
qs_bias,3,656,BigFloat128,false,0.0001,4.332561646582524e-17,2.7900336248476503e-30,1.9999999999997522,false,true
qs_bias,3,656,BigFloat128,false,1.0e-5,4.3325616465849956e-19,2.790033286305083e-29,2.0000000000990323,false,true
qs_bias,3,656,BigFloat128,false,1.0e-6,4.332561645597041e-21,2.7900332524508446e-28,NaN,false,true
qs_bias,3,657,Float64,false,0.001,4.040398357762178e-12,1.4812881056355863e-8,-1.874698340761663,true,true
qs_bias,3,657,Float64,false,0.0001,3.0277675259088137e-10,1.4812868261226792e-7,-1.4683522761475463,true,true
qs_bias,3,657,Float64,false,1.0e-5,8.901737898377414e-9,1.4812866986726112e-6,0.5077176675946677,true,true
qs_bias,3,657,Float64,false,1.0e-6,2.765394757720618e-9,1.4812866858828332e-5,NaN,true,true
qs_bias,3,657,BigFloat128,false,0.001,2.948949291013399e-14,3.9209369682789064e-31,2.0000000000169464,false,true
qs_bias,3,657,BigFloat128,false,0.0001,2.94894929089833e-16,3.920933582623608e-30,2.000000000000199,false,true
qs_bias,3,657,BigFloat128,false,1.0e-5,2.9489492908969802e-18,3.92093324407892e-29,2.0000000000048086,false,true
qs_bias,3,657,BigFloat128,false,1.0e-6,2.948949290864328e-20,3.9209332102246596e-28,NaN,false,true
qs_bias,3,664,Float64,false,0.001,1.0681725104973345e-11,1.0498983599276361e-8,-1.3697760061879716,true,true
qs_bias,3,664,Float64,false,0.0001,2.50274961571456e-10,1.049897080954632e-7,-0.9862789406009974,true,true
qs_bias,3,664,Float64,false,1.0e-5,2.4249140172093178e-9,1.0498969530568668e-6,-0.804871118260442,true,true
qs_bias,3,664,Float64,false,1.0e-6,1.547274835103649e-8,1.0498969402670967e-5,NaN,true,true
qs_bias,3,664,BigFloat128,false,0.001,4.315512379391569e-15,2.779057819176441e-31,2.0000000000001275,false,true
qs_bias,3,664,BigFloat128,false,0.0001,4.3155123793903016e-17,2.7790544337334024e-30,1.9999999999998097,false,true
qs_bias,3,664,BigFloat128,false,1.0e-5,4.315512379392193e-19,2.779054095190836e-29,2.0000000001328817,false,true
qs_bias,3,664,BigFloat128,false,1.0e-6,4.31551237807177e-21,2.7790540613365973e-28,NaN,false,true
qs_bias,3,670,Float64,false,0.001,2.90641187884788e-10,1.0420508914459119e-7,-0.8079606897732841,true,true
qs_bias,3,670,Float64,false,0.0001,1.8677461490403976e-9,1.0420507637810122e-6,-1.0988549898988316,true,true
qs_bias,3,670,Float64,false,1.0e-5,2.345161951913698e-8,1.0420507509905419e-5,-1.4813298505942492,true,true
qs_bias,3,670,Float64,false,1.0e-6,7.103995703962387e-7,0.00010420500094391531,NaN,true,true
qs_bias,3,670,BigFloat128,false,0.001,7.567271538292534e-12,2.7582857438133023e-30,2.0000000000108935,false,true
qs_bias,3,670,BigFloat128,false,0.0001,7.567271538102727e-14,2.758285405106119e-29,2.0000000000001097,false,true
qs_bias,3,670,BigFloat128,false,1.0e-5,7.567271538100816e-16,2.758285371250233e-28,1.9999999999978868,false,true
qs_bias,3,670,BigFloat128,false,1.0e-6,7.567271538137637e-18,2.7582853678647934e-27,NaN,false,true
qs_bias,3,694,Float64,true,0.001,1.3975492470867295e-8,2.2839259703524943e-6,-0.013252254000167217,true,true
qs_bias,3,694,Float64,true,0.0001,1.4408520029750252e-8,2.2839259892162637e-5,-5.730834718031891e-9,true,true
qs_bias,3,694,Float64,true,1.0e-5,1.4408520219881259e-8,0.00022839259879346322,-2.296653434076508,true,true
qs_bias,3,694,Float64,true,1.0e-6,2.852809778024953e-6,0.002283925987806708,NaN,true,true
qs_bias,3,694,BigFloat128,true,0.001,3.6552932095326667e-10,6.045501788461249e-29,1.9999999998673756,false,true
qs_bias,3,694,BigFloat128,true,0.0001,3.655293210648916e-12,6.045501756092076e-28,1.9999999999986742,false,true
qs_bias,3,694,BigFloat128,true,1.0e-5,3.6552932106600745e-14,6.0455017527215024e-27,1.9999999999993958,false,true
qs_bias,3,694,BigFloat128,true,1.0e-6,3.655293210665159e-16,6.04550175238311e-26,NaN,false,true
qs_bias,3,708,Float64,false,0.001,3.543662596020795e-11,6.834699037235605e-8,-0.844466719639175,true,true
qs_bias,3,708,Float64,false,0.0001,2.476960518413491e-10,6.834697755363981e-7,-2.1690816010617966,true,true
qs_bias,3,708,Float64,false,1.0e-5,3.655953684684406e-8,6.834697629147198e-6,-0.6125475413196416,true,true
qs_bias,3,708,Float64,false,1.0e-6,1.4981256043451118e-7,6.834697616357311e-5,NaN,true,true
qs_bias,3,708,BigFloat128,false,0.001,1.351138377266927e-11,1.809129771595564e-30,2.000000000047119,false,true
qs_bias,3,708,BigFloat128,false,0.0001,1.3511383771203345e-13,1.809129432735085e-29,2.0000000000004707,false,true
qs_bias,3,708,BigFloat128,false,1.0e-5,1.3511383771188695e-15,1.8091293988776666e-28,1.999999999999694,false,true
qs_bias,3,708,BigFloat128,false,1.0e-6,1.3511383771198218e-17,1.809129395492211e-27,NaN,false,true
qs_bias,3,714,Float64,false,0.001,1.0867800666619244e-9,4.35217394702235e-7,-1.3203017131688457,true,true
qs_bias,3,714,Float64,false,0.0001,2.2721833719627406e-8,4.352173724722248e-6,-0.8165280070538112,true,true
qs_bias,3,714,Float64,false,1.0e-5,1.48926294703917e-7,4.3521731626663e-5,-0.7035548998779778,true,true
qs_bias,3,714,Float64,false,1.0e-6,7.525342734531272e-7,0.0004352173809540418,NaN,true,true
qs_bias,3,714,BigFloat128,false,0.001,2.9191453060652595e-11,1.1520108529112749e-29,2.000000000014144,false,true
qs_bias,3,714,BigFloat128,false,0.0001,2.91914530597019e-13,1.1520108189927437e-28,2.0000000000001426,false,true
qs_bias,3,714,BigFloat128,false,1.0e-5,2.9191453059692318e-15,1.152010815606677e-27,2.0000000000000115,false,true
qs_bias,3,714,BigFloat128,false,1.0e-6,2.919145305969154e-17,1.1520108152681283e-26,NaN,false,true
qs_bias,3,762,Float64,false,0.001,2.0397312603093462e-10,7.020210456624215e-8,-1.20707306528219,true,true
qs_bias,3,762,Float64,false,0.0001,3.2858370108848434e-9,7.020209178730473e-7,-1.2053690400046477,true,true
qs_bias,3,762,Float64,false,1.0e-5,5.272481409311517e-8,7.020209050829293e-6,-0.4565228332687086,true,true
qs_bias,3,762,Float64,false,1.0e-6,1.508474212831183e-7,7.020207979059059e-5,NaN,true,true
qs_bias,3,762,BigFloat128,false,0.001,3.920706769020852e-12,1.858234235815452e-30,2.0000000000124567,false,true
qs_bias,3,762,BigFloat128,false,0.0001,3.9207067689083956e-14,1.858233897187978e-29,2.000000000000125,false,true
qs_bias,3,762,BigFloat128,false,1.0e-5,3.920706768907271e-16,1.8582338633328897e-28,1.999999999996821,false,true
qs_bias,3,762,BigFloat128,false,1.0e-6,3.92070676893597e-18,1.8582338599474578e-27,NaN,false,true
qs_bias,3,766,Float64,false,0.001,7.93320852001426e-12,3.424436122495103e-7,-3.3987121710948025,true,true
qs_bias,3,766,Float64,false,0.0001,1.9868315177074002e-8,3.4244359944271758e-6,-0.7780067186679767,true,true
qs_bias,3,766,Float64,false,1.0e-5,1.1917022501984395e-7,3.4244359816357034e-5,-1.0686893684360756,true,true
qs_bias,3,766,Float64,false,1.0e-6,1.3959090658554575e-6,0.000342443598035671,NaN,true,true
qs_bias,3,766,BigFloat128,false,0.001,1.8745222989097987e-11,9.064406942253481e-30,2.000000000014144,false,true
qs_bias,3,766,BigFloat128,false,0.0001,1.87452229884875e-13,9.0644066032605e-29,2.000000000000142,false,true
qs_bias,3,766,BigFloat128,false,1.0e-5,1.874522298848136e-15,9.064406569401757e-28,1.9999999999996942,false,true
qs_bias,3,766,BigFloat128,false,1.0e-6,1.8745222988494557e-17,9.064406566016289e-27,NaN,false,true
qs_bias,3,778,Float64,false,0.001,2.5329198333416298e-11,2.9494427858211466e-8,-1.36396856368144,true,true
qs_bias,3,778,Float64,false,0.0001,5.855850873079745e-10,2.9494415067815256e-7,-1.651439775916535,true,true
qs_bias,3,778,Float64,false,1.0e-5,2.624398520359253e-8,2.9494413788824593e-6,1.974535025792374e-9,true,true
qs_bias,3,778,Float64,false,1.0e-6,2.6243985084273335e-8,2.9494413660926763e-5,NaN,true,true
qs_bias,3,778,BigFloat128,false,0.001,6.212185092135345e-13,7.807110049047807e-31,2.000000000014243,false,true
qs_bias,3,778,BigFloat128,false,0.0001,6.2121850919316125e-15,7.807106663260374e-30,2.0000000000001443,false,true
qs_bias,3,778,BigFloat128,false,1.0e-5,6.212185091929547e-17,7.807106324714363e-29,2.000000000002743,false,true
qs_bias,3,778,BigFloat128,false,1.0e-6,6.212185091890306e-19,7.807106290860091e-28,NaN,false,true
qs_bias,3,786,Float64,false,0.001,3.200524975076679e-10,1.426380993721885e-7,-1.0099235597089489,true,true
qs_bias,3,786,Float64,false,0.0001,3.2744983825314283e-9,1.426380865672379e-6,-0.663610103849803,true,true
qs_bias,3,786,Float64,false,1.0e-5,1.509228105036284e-8,1.4263808528810918e-5,-1.509490112318816,true,true
qs_bias,3,786,Float64,false,1.0e-6,4.878035947417284e-7,0.00014263808516021,NaN,true,true
qs_bias,3,786,BigFloat128,false,0.001,2.3749764692632214e-11,3.775599053097098e-30,2.0000000000221085,false,true
qs_bias,3,786,BigFloat128,false,0.0001,2.374976469142319e-13,3.7755987142416513e-29,2.000000000000221,false,true
qs_bias,3,786,BigFloat128,false,1.0e-5,2.374976469141109e-15,3.775598680384283e-28,2.0000000000005995,false,true
qs_bias,3,786,BigFloat128,false,1.0e-6,2.3749764691378305e-17,3.775598676998829e-27,NaN,false,true
qs_bias,3,794,Float64,false,0.001,8.694884723660914e-11,1.1311845684571291e-8,-0.6424041597398239,true,true
qs_bias,3,794,Float64,false,0.0001,3.816523916511413e-10,1.1311832890360394e-7,-1.4075003906932524,true,true
qs_bias,3,794,Float64,false,1.0e-5,9.753677211897543e-9,1.1311831505367457e-6,-0.8302822533659184,true,true
qs_bias,3,794,Float64,false,1.0e-6,6.598582217517896e-8,1.1311830741381207e-5,NaN,true,true
qs_bias,3,794,BigFloat128,false,0.001,8.551943305591876e-15,2.994220621590082e-31,2.0000000000002762,false,true
qs_bias,3,794,BigFloat128,false,0.0001,8.551943305586441e-17,2.9942172361334053e-30,1.9999999999999731,false,true
qs_bias,3,794,BigFloat128,false,1.0e-5,8.55194330558697e-19,2.994216897590703e-29,2.0000000001854454,false,true
qs_bias,3,794,BigFloat128,false,1.0e-6,8.551943301935258e-21,2.994216863736462e-28,NaN,false,true
qs_bias,3,800,Float64,false,0.001,1.3743727740158692e-10,9.920662757954461e-8,-1.2289508982139712,true,true
qs_bias,3,800,Float64,false,0.0001,2.3283884780143917e-9,9.920661479936951e-7,-1.4389482841885775,true,true
qs_bias,3,800,Float64,false,1.0e-5,6.397403236388608e-8,9.92066135203522e-6,0.5454515595197318,true,true
qs_bias,3,800,Float64,false,1.0e-6,1.8220159151968634e-8,9.920661158489382e-5,NaN,true,true
qs_bias,3,800,BigFloat128,false,0.001,2.3892965940777753e-12,2.6259775674190778e-30,2.0000000000142055,false,true
qs_bias,3,800,BigFloat128,false,0.0001,2.389296593999622e-14,2.6259772287697526e-29,2.0000000000001443,false,true
qs_bias,3,800,BigFloat128,false,1.0e-5,2.3892965939988277e-16,2.6259771949144457e-28,2.0000000000005698,false,true
qs_bias,3,800,BigFloat128,false,1.0e-6,2.3892965939956937e-18,2.6259771915290116e-27,NaN,false,true
qs_bias,3,812,Float64,true,0.001,1.3715044988593661e-8,3.512769458313922e-6,-1.3279999214822207,true,true
qs_bias,3,812,Float64,true,0.0001,2.9187517480711023e-7,3.512769445390617e-5,-0.6011250724363764,true,true
qs_bias,3,812,Float64,true,1.0e-5,1.164990088398099e-6,0.0003512769444110305,-0.6764472435143115,true,true
qs_bias,3,812,Float64,true,1.0e-6,5.530564657019177e-6,0.0035127694439823936,NaN,true,true
qs_bias,3,812,BigFloat128,true,0.001,1.3061427878452508e-10,9.298223335314169e-29,2.000000000014157,false,true
qs_bias,3,812,BigFloat128,true,0.0001,1.306142787802673e-12,9.298223301106465e-28,2.0000000000001434,false,true
qs_bias,3,812,BigFloat128,true,1.0e-5,1.3061427878022417e-14,9.298223297717505e-27,1.9999999999992522,false,true
qs_bias,3,812,BigFloat128,true,1.0e-6,1.306142787804491e-16,9.298223297378928e-26,NaN,false,true
qs_bias,3,828,Float64,false,0.001,5.245262146571855e-13,3.405759286493992e-8,-3.429878510668026,true,true
qs_bias,3,828,Float64,false,0.0001,1.4113856867320144e-9,3.405758007360605e-7,-0.698840872944408,true,true
qs_bias,3,828,Float64,false,1.0e-5,7.0548304665808534e-9,3.4057578794613486e-6,-1.5184826189764138,true,true
qs_bias,3,828,Float64,false,1.0e-6,2.327926160115786e-7,3.405757866671564e-5,NaN,true,true
qs_bias,3,828,BigFloat128,false,0.001,1.1508196833812306e-12,9.014969768992838e-31,2.0000000000141607,false,true
qs_bias,3,828,BigFloat128,false,0.0001,1.1508196833437063e-14,9.01496638315496e-30,2.000000000000141,false,true
qs_bias,3,828,BigFloat128,false,1.0e-5,1.150819683343332e-16,9.014966044608445e-29,1.9999999999994114,false,true
qs_bias,3,828,BigFloat128,false,1.0e-6,1.1508196833448916e-18,9.014966010754167e-28,NaN,false,true
qs_bias,3,842,Float64,false,0.001,1.1849154836745372e-10,7.355664239924522e-8,-1.2916545676608355,true,true
qs_bias,3,842,Float64,false,0.0001,2.319219971700741e-9,7.355662961493404e-7,-1.4143618008512524,true,true
qs_bias,3,842,Float64,false,1.0e-5,6.021486861566567e-8,7.355662833592455e-6,-0.4010786729217234,true,true
qs_bias,3,842,Float64,false,1.0e-6,1.516290507027732e-7,7.355662820802653e-5,NaN,true,true
qs_bias,3,842,BigFloat128,false,0.001,1.588493363382959e-12,1.9470281127795618e-30,2.0000000000181823,false,true
qs_bias,3,842,BigFloat128,false,0.0001,1.588493363316455e-14,1.947027774150956e-29,2.000000000000185,false,true
qs_bias,3,842,BigFloat128,false,1.0e-5,1.588493363315778e-16,1.9470277402958562e-28,2.0000000000051816,false,true
qs_bias,3,842,BigFloat128,false,1.0e-6,1.5884933632968252e-18,1.9470277369104242e-27,NaN,false,true
qs_bias,3,850,Float64,false,0.001,1.0305882604574344e-9,1.928193964125586e-7,-1.2922886141765866,true,true
qs_bias,3,850,Float64,false,0.0001,2.0201043565222717e-8,1.9281937991733102e-6,-0.6566478364430334,true,true
qs_bias,3,850,Float64,false,1.0e-5,9.162661481791515e-8,1.9281938253341666e-5,-1.140507786207192,true,true
qs_bias,3,850,Float64,false,1.0e-6,1.2662790679373248e-6,0.00019281913824237027,NaN,true,true
qs_bias,3,850,BigFloat128,false,0.001,9.698257520169392e-12,5.103886931232666e-30,2.0000000000226565,false,true
qs_bias,3,850,BigFloat128,false,0.0001,9.698257519663448e-14,5.103886592451458e-29,2.000000000000228,false,true
qs_bias,3,850,BigFloat128,false,1.0e-5,9.698257519658357e-16,5.103886558594832e-28,1.9999999999991525,false,true
qs_bias,3,850,BigFloat128,false,1.0e-6,9.698257519677283e-18,5.103886555209385e-27,NaN,false,true
qs_bias,3,863,Float64,false,0.001,3.16213015296491e-11,2.2745375529824214e-8,-1.5021202091591057,true,true
qs_bias,3,863,Float64,false,0.0001,1.0048470240428172e-9,2.2745362717102417e-7,-1.2745337311823652,true,true
qs_bias,3,863,Float64,false,1.0e-5,1.890748139943376e-8,2.274536103092264e-6,-0.6972410250349244,true,true
qs_bias,3,863,Float64,false,1.0e-6,9.416179023385707e-8,2.2745361333082436e-5,NaN,true,true
qs_bias,3,863,BigFloat128,false,0.001,4.0260469510134936e-15,6.020650772322765e-31,2.0000000000001275,false,true
qs_bias,3,863,BigFloat128,false,0.0001,4.02604695101231e-17,6.020647386873375e-30,1.9999999999998783,false,true
qs_bias,3,863,BigFloat128,false,1.0e-5,4.026046951013438e-19,6.020647048330745e-29,1.999999999805946,false,true
qs_bias,3,863,BigFloat128,false,1.0e-6,4.02604695281238e-21,6.020647014476506e-28,NaN,false,true
qs_bias,3,869,Float64,false,0.001,7.533940791694701e-10,1.5012323705354944e-7,-0.5969006364957019,true,true
qs_bias,3,869,Float64,false,0.0001,2.9779872862384124e-9,1.5012322381278109e-6,-1.2502934825575889,true,true
qs_bias,3,869,Float64,false,1.0e-5,5.299273347086784e-8,1.5012322298082983e-5,-0.8368148783884798,true,true
qs_bias,3,869,Float64,false,1.0e-6,3.639411811753951e-7,0.00015012322285293177,NaN,true,true
qs_bias,3,869,BigFloat128,false,0.001,2.060411166001708e-12,3.973728997900752e-30,2.0000000000142477,false,true
qs_bias,3,869,BigFloat128,false,0.0001,2.0604111659341128e-14,3.973728659254244e-29,2.0000000000001417,false,true
qs_bias,3,869,BigFloat128,false,1.0e-5,2.060411165933441e-16,3.9737286253989654e-28,1.9999999999982085,false,true
qs_bias,3,869,BigFloat128,false,1.0e-6,2.0604111659419407e-18,3.973728622013532e-27,NaN,false,true
qs_bias,3,882,Float64,false,0.001,1.8316713464642364e-10,2.2875262295235586e-8,-0.9706770212371015,true,true
qs_bias,3,882,Float64,false,0.0001,1.712082045495722e-9,2.2875249466201223e-7,-0.815240610642577,true,true
qs_bias,3,882,Float64,false,1.0e-5,1.1188327838615118e-8,2.287524797045182e-6,0.15867049067778283,true,true
qs_bias,3,882,Float64,false,1.0e-6,7.764163866939906e-9,2.2875248098489893e-5,NaN,true,true
qs_bias,3,882,BigFloat128,false,0.001,1.0174458938206768e-13,6.055031512858926e-31,2.000000000013513,false,true
qs_bias,3,882,BigFloat128,false,0.0001,1.0174458937890188e-15,6.055028127408511e-30,2.0000000000001292,false,true
qs_bias,3,882,BigFloat128,false,1.0e-5,1.0174458937887155e-17,6.055027788865871e-29,1.999999999977865,false,true
qs_bias,3,882,BigFloat128,false,1.0e-6,1.0174458938405721e-19,6.0550277550116315e-28,NaN,false,true
qs_bias,3,907,Float64,true,0.001,3.950613003400605e-9,2.7043715783738074e-6,-1.9530099129937268,true,true
qs_bias,3,907,Float64,true,0.0001,3.54547479153311e-7,2.7043715655067113e-5,0.23663906156945505,true,true
qs_bias,3,907,Float64,true,1.0e-5,2.0560578989359257e-7,0.00027043715642269614,-1.4509268422584556,true,true
qs_bias,3,907,Float64,true,1.0e-6,5.807138479918539e-6,0.0027043715640990566,NaN,true,true
qs_bias,3,907,BigFloat128,true,0.001,5.1356743292468774e-11,7.158411964064784e-29,2.0000000000239844,false,true
qs_bias,3,907,BigFloat128,true,0.0001,5.135674328963252e-13,7.158411930005863e-28,2.000000000000237,false,true
qs_bias,3,907,BigFloat128,true,1.0e-5,5.13567432896045e-15,7.158411926618392e-27,2.000000000001781,false,true
qs_bias,3,907,BigFloat128,true,1.0e-6,5.13567432893939e-17,7.15841192627983e-26,NaN,false,true
qs_bias,3,908,Float64,false,0.001,2.8309913853672854e-10,4.102929110334105e-8,-0.20422296842381338,true,true
qs_bias,3,908,Float64,false,0.0001,4.530660460557836e-10,4.102927831343917e-7,-1.4024397603761518,true,true
qs_bias,3,908,Float64,false,1.0e-5,1.1444617349298801e-8,4.102927656489654e-6,-1.5205867796283243,true,true
qs_bias,3,908,Float64,false,1.0e-6,3.794792698135485e-7,4.1029276906563214e-5,NaN,true,true
qs_bias,3,908,BigFloat128,false,0.001,3.764649790903399e-15,1.0860362927193008e-30,2.000000000000128,false,true
qs_bias,3,908,BigFloat128,false,0.0001,3.7646497909022914e-17,1.0860359541734167e-29,2.0000000000000613,false,true
qs_bias,3,908,BigFloat128,false,1.0e-5,3.7646497909017606e-19,1.0860359203191441e-28,2.0000000000529643,false,true
qs_bias,3,908,BigFloat128,false,1.0e-6,3.7646497904426446e-21,1.0860359169337202e-27,NaN,false,true
qs_bias,3,911,Float64,false,0.001,5.958805846806346e-11,1.80635861270348e-7,-2.5448363656798345,true,true
qs_bias,3,911,Float64,false,0.0001,2.0892749678778528e-8,1.8063584848598692e-6,0.5471757546740159,true,true
qs_bias,3,911,Float64,false,1.0e-5,5.9267941867069665e-9,1.8063584720695653e-5,-2.3032188722594875,true,true
qs_bias,3,911,Float64,false,1.0e-6,1.1913482151088918e-6,0.0001806356318788643,NaN,true,true
qs_bias,3,911,BigFloat128,false,0.001,2.4967452199077472e-12,4.7813914362737204e-30,2.0000000000250093,false,true
qs_bias,3,911,BigFloat128,false,0.0001,2.4967452197639682e-14,4.7813910975895876e-29,2.0000000000002514,false,true
qs_bias,3,911,BigFloat128,false,1.0e-5,2.4967452197625236e-16,4.781391063733932e-28,2.0000000000010054,false,true
qs_bias,3,911,BigFloat128,false,1.0e-6,2.4967452197567425e-18,4.781391060348495e-27,NaN,false,true
qs_bias,3,912,Float64,false,0.001,2.199765999697244e-10,2.346890933844725e-8,-0.7339702541858476,true,true
qs_bias,3,912,Float64,false,0.0001,1.1921934716795933e-9,2.346889652533543e-7,-1.3550507351470409,true,true
qs_bias,3,912,Float64,false,1.0e-5,2.7002095846300412e-8,2.3468895274332715e-6,-1.0508349786847415,true,true
qs_bias,3,912,Float64,false,1.0e-6,3.0355154885828233e-7,2.3468888022415503e-5,NaN,true,true
qs_bias,3,912,BigFloat128,false,0.001,6.511041994209471e-14,6.212168578175173e-31,2.000000000013579,false,true
qs_bias,3,912,BigFloat128,false,0.0001,6.511041994005893e-16,6.212165192612685e-30,2.0000000000001337,false,true
qs_bias,3,912,BigFloat128,false,1.0e-5,6.511041994003891e-18,6.212164854068924e-29,2.000000000015759,false,true
qs_bias,3,912,BigFloat128,false,1.0e-6,6.511041993767632e-20,6.212164820214674e-28,NaN,false,true
qs_bias,3,913,Float64,false,0.001,7.489405841798724e-10,1.0845213261899643e-7,-0.9137347625305465,true,true
qs_bias,3,913,Float64,false,0.0001,6.140194490773858e-9,1.0845211924301368e-6,-0.9658431897007209,true,true
qs_bias,3,913,Float64,false,1.0e-5,5.675776915799777e-8,1.084521186299387e-5,-0.9870916428820659,true,true
qs_bias,3,913,Float64,false,1.0e-6,5.509560548852547e-7,0.00010845211850204089,NaN,true,true
qs_bias,3,913,BigFloat128,false,0.001,2.6377696882821257e-12,2.870704049901252e-30,2.000000000016114,false,true
qs_bias,3,913,BigFloat128,false,0.0001,2.637769688184253e-14,2.870703711326127e-29,2.000000000000157,false,true
qs_bias,3,913,BigFloat128,false,1.0e-5,2.637769688183298e-16,2.8707036774715616e-28,2.000000000002352,false,true
qs_bias,3,913,BigFloat128,false,1.0e-6,2.6377696881690145e-18,2.8707036740861353e-27,NaN,false,true
qs_bias,3,950,Float64,false,0.001,7.362023836566206e-10,1.3454424168113545e-7,-0.8176143156606013,true,true
qs_bias,3,950,Float64,false,0.0001,4.837394816692954e-9,1.3454422898856914e-6,-0.5190899487683978,true,true
qs_bias,3,950,Float64,false,1.0e-5,1.598458935455024e-8,1.3454422770957372e-5,-1.2993140499139593,true,true
qs_bias,3,950,Float64,false,1.0e-6,3.1843114143659385e-7,0.00013454418473860392,NaN,true,true
qs_bias,3,950,BigFloat128,false,0.001,7.064510980110743e-13,3.561356426598973e-30,2.0000000000141953,false,true
qs_bias,3,950,BigFloat128,false,0.0001,7.064510979879831e-15,3.5613560880076605e-29,2.0000000000001594,false,true
qs_bias,3,950,BigFloat128,false,1.0e-5,7.064510979877236e-17,3.561356054152934e-28,1.9999999999970666,false,true
qs_bias,3,950,BigFloat128,false,1.0e-6,7.064510979924952e-19,3.561356050767506e-27,NaN,false,true
qs_bias,3,962,Float64,false,0.001,1.7466296155000754e-9,2.9123463319560084e-7,-0.4975407818257889,true,true
qs_bias,3,962,Float64,false,0.0001,5.492140028139314e-9,2.912346188048359e-6,-1.1516833965842765,true,true
qs_bias,3,962,Float64,false,1.0e-5,7.787983058379121e-8,2.912345964440426e-5,-1.6863880748693378,true,true
qs_bias,3,962,Float64,false,1.0e-6,3.782797322565263e-6,0.0002912346189974476,NaN,true,true
qs_bias,3,962,BigFloat128,false,0.001,1.2653298408413799e-12,7.70891655305884e-30,2.000000000013605,false,true
qs_bias,3,962,BigFloat128,false,0.0001,1.2653298408017407e-14,7.708916214486568e-29,2.0000000000001297,false,true
qs_bias,3,962,BigFloat128,false,1.0e-5,1.2653298408013628e-16,7.708916180632031e-28,1.99999999999234,false,true
qs_bias,3,962,BigFloat128,false,1.0e-6,1.265329840823681e-18,7.708916177246606e-27,NaN,false,true
qs_bias,3,968,Float64,false,0.001,1.5066540044582646e-9,2.3184582392387796e-7,0.0,true,true
qs_bias,3,968,Float64,false,0.0001,1.5066540044582646e-9,2.318458111316507e-6,-3.3794854535476116e-8,true,true
qs_bias,3,968,Float64,false,1.0e-5,1.5066541216993465e-9,2.318458098526492e-5,-2.583741438402242,true,true
qs_bias,3,968,Float64,false,1.0e-6,5.777700193248978e-7,0.00023184580972475128,NaN,true,true
qs_bias,3,968,BigFloat128,false,0.001,2.9733078872319458e-12,6.136907860820623e-30,2.0000000000128173,false,true
qs_bias,3,968,BigFloat128,false,0.0001,2.973307887144196e-14,6.136907522231252e-29,2.0000000000001275,false,true
qs_bias,3,968,BigFloat128,false,1.0e-5,2.9733078871433244e-16,6.136907488376545e-28,2.000000000005719,false,true
qs_bias,3,968,BigFloat128,false,1.0e-6,2.973307887104171e-18,6.136907484991117e-27,NaN,false,true
