match_id,tournament_id,competition,fs,match_date,round_name,hi_tier,lo_tier,hi_team,lo_team,venue,gap,goals_hi,goals_lo,shots_hi,shots_lo,sot_hi,sot_lo,pxg_hi,pxg_lo,p_mkt_hi,p_mkt_lo,odds_hi,odds_lo,lam_mkt_hi,lam_mkt_lo,bf_p_hi,bf_p_lo,p_draw_mkt,odds_draw,bf_p_draw,gd_hi,res_hi,sup_mkt_hi,err_hi,pbin,sup_tier_hi,ptier_hi,ptier_d,ptier_lo,sup_dc_hi,pdc_hi,pdc_d,pdc_lo
9634544,1520,Challenge Cup,2021,2021-08-10,Round 1,4,5,cowdenbeath,fraserburgh-fc,lo_home,1,1,0,7,8,2,3,,,0.3614589270822648,0.40316838236515046,2.55,2.3,1.5346920469492231,1.631888901550051,,,0.23537269055258483,3.8,,1,1,-0.09719685460082794,1.097196854600828,2,0.5548165002789385,0.5047695300452475,0.22266927240811382,0.2725611975466387,-0.25310988864788264,0.30945977764353993,0.2613104722840689,0.42922975007239117
9634545,1520,Challenge Cup,2021,2021-08-10,Round 1,4,5,forfar-athletic,formartine-united-fc,hi_home,1,1,0,15,8,8,4,,,0.6781348863898823,0.15671820169908146,1.4,5.5,2.6997041552328906,1.262615635546648,,,0.16514691191103625,5.25,,1,1,1.4370885196862426,-0.4370885196862426,4,1.1766160095321871,0.637214218972122,0.18958665275047204,0.17319912827740577,0.8115314381722969,0.5642628239886619,0.21568751763668847,0.22004965837464963
9634552,1520,Challenge Cup,2021,2021-08-10,Round 1,3,5,queens-park-fc,bonnyrigg-rose,hi_home,2,1,1,14,4,6,2,,,0.7115606096513692,0.1165500890414211,1.33,7.0,2.358935912407339,0.8429821038671175,,,0.1718893013072097,5.0,,0,0,1.5159538085402213,-1.5159538085402213,5,1.6797604712829308,0.7301125873431138,0.1544076186920851,0.11547979396480111,0.20216506308168603,0.40913623792813913,0.2828681659349833,0.30799559613687755
9634553,1520,Challenge Cup,2021,2021-08-11,Round 1,3,5,clyde-fc,broomhill-fc,lo_home,2,0,1,20,5,2,2,,,0.581993854985587,0.19545610187595255,1.62,4.5,1.8827140798927464,0.9926967104876862,,,0.2225500431384606,4.0,,-1,-1,0.8900173694050603,-1.8900173694050602,3,1.0241519507350942,0.6057092073588577,0.19849682543916974,0.19579396720197254,0.5064675996143193,0.49653974179102145,0.21295646258829168,0.29050379562068684
9634554,1520,Challenge Cup,2021,2021-08-11,Round 1,3,5,falkirk-fc,east-kilbride,hi_home,2,3,0,16,7,5,4,,,0.8687952147942881,0.04468669594066704,1.1,15.0,3.4682129166718143,0.7511649910082288,,,0.08651808926504483,9.0,,3,1,2.7170479256635858,0.2829520743364142,6,1.6797604712829308,0.7301125873431138,0.1544076186920851,0.11547979396480111,1.9356358823647444,0.7836638103768968,0.13573464616037287,0.08060154346273037
9673707,982,League Cup,2021,2021-08-13,Round 2,1,2,rangers,dunfermline-athletic,hi_home,1,5,0,22,2,8,0,,,0.8955436109090141,0.031707290700252196,1.08,21.0,3.573022711822929,0.6260713167928027,,,0.07274909839073371,11.0,,5,1,2.9469513950301263,2.0530486049698737,6,2.2555587974088502,0.8274764512554346,0.11417526432716095,0.05834828441740458,2.2120617118787704,0.825772168048929,0.11519569006690758,0.059032141884163565
9673714,982,League Cup,2021,2021-08-14,Round 2,1,2,dundee-united,ayr-united,lo_home,1,1,1,10,14,6,8,,,0.4743364682162639,0.24497407214478567,2.0,3.75,1.3338345048179525,0.8730732739684962,,,0.28068945963895053,3.3,,0,0,0.4607612308494563,-0.4607612308494563,2,0.01949350122243443,0.37980435217211617,0.24913351547858223,0.3710621323493016,0.4990905493618374,0.49228453366077657,0.23845930311835728,0.2692561632208662
9673715,982,League Cup,2021,2021-08-15,Round 2,1,2,hibernian,kilmarnock,hi_home,1,2,0,12,7,5,3,,,0.6072763037675379,0.15265991915893437,1.5699999999999998,5.75,1.661206335537635,0.6919761585230334,,,0.2400637770735278,3.8,,2,1,0.9692301770146016,1.0307698229853983,4,0.558039371140526,0.5045284692877559,0.23611968181602372,0.2593518488962204,0.7059769766604049,0.5417014195040174,0.2432718608827215,0.21502671961326103
9673716,982,League Cup,2021,2021-08-15,Round 2,1,2,st-johnstone,arbroath,lo_home,1,1,1,22,9,7,4,,,0.6185798358803705,0.12450041753702919,1.55,7.0,1.5063230028538852,0.5127887032614935,,,0.2569197465826003,3.6,,0,0,0.9935342995923917,-0.9935342995923917,4,0.01949350122243443,0.37980435217211617,0.24913351547858223,0.3710621323493016,0.9185478721240842,0.5970139939188666,0.24307315908996452,0.15991284699116895
9673717,982,League Cup,2021,2021-08-15,Round 2,1,2,aberdeen,raith-rovers,lo_home,1,1,2,11,9,1,5,,,0.5630997928590419,0.17165052484888735,1.7,5.25,1.4714249613406958,0.6781665603223271,,,0.26524968229207085,3.5,,-1,-1,0.7932584010183686,-1.7932584010183685,3,0.01949350122243443,0.37980435217211617,0.24913351547858223,0.3710621323493016,1.0880874342694855,0.6266516464698769,0.20190397810886382,0.17144437542125932
9724803,1520,Challenge Cup,2021,2021-09-04,Round 2,2,4,partick-thistle,stranraer,lo_home,2,2,0,17,5,5,2,,,0.6761355598190029,0.14062139383675065,1.4,6.0,2.290881142808568,0.9446609958866852,,,0.18324304634424649,4.75,,2,1,1.3462201469218826,0.6537798530781174,4,1.0516899825726027,0.6174690306376038,0.20890551202679525,0.17362545733560092,1.4569947668936,0.702004919592272,0.17295790080669926,0.12503717960102875
9724805,1520,Challenge Cup,2021,2021-09-04,Round 2,2,5,inverness-caledonian-thistle,buckie-thistle-fc,hi_home,3,4,0,10,8,6,3,,,0.7360532579636979,0.1002797309249439,1.29,8.0,2.396366473825172,0.763244667977689,,,0.16366701111135812,5.25,,4,1,1.633121805847483,2.366878194152517,5,2.8168600026144923,0.881899612786117,0.08021489567881611,0.037885491535067074,2.6893880943825064,0.8562661921845525,0.08839645537108543,0.05533735244436219
9724808,1520,Challenge Cup,2021,2021-09-04,Round 2,2,4,raith-rovers,forfar-athletic,hi_home,2,1,0,17,3,5,0,,,0.6233690207231726,0.15948729569850417,1.5,5.25,1.8956898694313709,0.8362640496828406,,,0.21714368357832317,4.0,,1,1,1.0594258197485302,-0.05942581974853023,4,1.630219836961898,0.7330002535432143,0.16283644998687966,0.104163296469906,1.2380392091590515,0.6592793224412098,0.1908071999777592,0.14991347758103107
9724809,1520,Challenge Cup,2021,2021-09-04,Round 2,2,3,kilmarnock,falkirk-fc,hi_home,1,3,1,20,7,10,3,,,0.6275392364824037,0.13934948557508925,1.5,6.0,1.7062121233619123,0.6561749032893169,,,0.23311127794250708,3.8,,2,1,1.0500372200725954,0.9499627799274046,4,1.2041292540125572,0.6497142390103343,0.1967716458211866,0.15351411516847902,0.47686015329407583,0.4807038360940574,0.2778969771320282,0.2413991867739143
9724811,1520,Challenge Cup,2021,2021-09-04,Round 2,3,4,montrose,stirling-albion,hi_home,1,1,0,7,11,4,5,,,0.5480573043535477,0.20668874219371255,1.7,4.2,1.6469300147997472,0.9068884111930675,,,0.2452539534527396,3.6,,1,1,0.7400416036066797,0.2599583963933203,3,0.6896449313654771,0.534969472546317,0.22682993742794916,0.23820059002573385,0.6418309718769408,0.5263499621820359,0.22573209566350774,0.24791794215445645
9724812,1520,Challenge Cup,2021,2021-09-04,Round 2,3,4,alloa-athletic,cowdenbeath,lo_home,1,2,0,,,,,,,0.6233690207231726,0.1594872956985042,1.5,5.25,1.8956896591895145,0.8362639206079685,,,0.21714368357832328,4.0,,2,1,1.059425738581546,0.940574261418454,4,0.13506880279713984,0.40747568016111874,0.244890864847668,0.34763345499121323,0.6650469581369188,0.531996428568526,0.23896543106731588,0.2290381403641581
9724813,1520,Challenge Cup,2021,2021-09-04,Round 2,3,4,cove-rangers,stenhousemuir,hi_home,1,0,0,20,12,3,4,,,0.7111301087158169,0.10708140046139457,1.33,7.5,2.1703742451887766,0.7035497415104961,,,0.18178849082278845,4.75,,0,0,1.4668245036782805,-1.4668245036782805,5,0.6896449313654771,0.534969472546317,0.22682993742794916,0.23820059002573385,1.6727389176593357,0.7258015673467094,0.15031616929613253,0.12388226335715796
9724804,1520,Challenge Cup,2021,2021-09-05,Round 2,2,5,queen-of-the-south,broomhill-fc,hi_home,3,3,0,,,,,,,0.8326718521988898,0.07442247192107276,1.13,9.5,4.010074536058293,1.3256790258840871,,,0.0929056758800373,8.0,,3,1,2.6843955101742063,0.3156044898257937,6,2.8168600026144923,0.881899612786117,0.08021489567881611,0.037885491535067074,2.4905179203335206,0.8414992783928259,0.09839716668736183,0.060103554919812195
9723454,982,League Cup,2021,2021-09-23,Quarterfinals,1,2,celtic,raith-rovers,hi_home,1,3,0,19,5,8,1,,,0.889058349655674,0.03330753696215735,1.08,19.0,3.444053684611143,0.6038985478999014,,,0.07763411338216879,10.0,,3,1,2.8401551367112416,0.15984486328875835,6,2.2555587974088502,0.8274764512554346,0.11417526432716095,0.05834828441740458,3.5827499894460484,0.9386148796113251,0.044514908879676005,0.016870211508999016
9779724,1520,Challenge Cup,2021,2021-10-08,Round of 16,2,3,kilmarnock,queens-park-fc,hi_home,1,3,1,18,10,8,4,,,0.6745771530367255,0.11651814023576598,1.4,7.0,1.8906485302790674,0.6325161343406333,,,0.20890470672750863,4.2,,2,1,1.2581323959384343,0.7418676040615657,4,1.2041292540125572,0.6497142390103343,0.1967716458211866,0.15351411516847902,1.1457676742751652,0.6572040842762671,0.22842022508326837,0.11437569064046457
9779737,1520,Challenge Cup,2021,2021-10-09,Round of 16,3,4,cove-rangers,albion-rovers,hi_home,1,4,1,12,4,9,2,,,0.7760581300169251,0.0790423306652715,1.22,9.5,2.5532211246560035,0.6922949444205327,,,0.14489953931780328,5.75,,3,1,1.8609261802354706,1.1390738197645294,5,0.6896449313654771,0.534969472546317,0.22682993742794916,0.23820059002573385,1.3363959369037661,0.675812170713315,0.18046994592879645,0.14371788335788854
9779755,1520,Challenge Cup,2021,2021-10-09,Round of 16,2,4,inverness-caledonian-thistle,elgin-city,lo_home,2,4,2,13,7,7,4,,,0.7749060386297105,0.07337562537063852,1.22,10.0,2.3945704747947363,0.5921038415030756,,,0.15171833599965084,5.5,,2,1,1.8024666332916608,0.1975333667083392,5,1.0516899825726027,0.6174690306376038,0.20890551202679525,0.17362545733560092,1.6929488976553406,0.7537184443562457,0.15748659080129296,0.08879496484246141
9779770,1520,Challenge Cup,2021,2021-10-09,Round of 16,2,3,raith-rovers,east-fife,hi_home,1,3,1,15,4,9,1,,,0.7167855885701206,0.11953629530574582,1.3,6.5,2.515391921204911,0.9369442821605011,,,0.1636781161241337,5.0,,2,1,1.57844763904441,0.42155236095559,5,1.2041292540125572,0.6497142390103343,0.1967716458211866,0.15351411516847902,1.6760754690178468,0.745393772712427,0.15706096339752204,0.09754526389005092
9779774,1520,Challenge Cup,2021,2021-10-09,Round of 16,2,3,greenock-morton,montrose,lo_home,1,0,0,11,10,5,4,,,0.3789547851001727,0.3434700112473737,2.4,2.63,1.227822216666042,1.154882702535323,,,0.27757520365245364,3.2,,0,0,0.07293951413071897,-0.07293951413071897,2,0.650225058145381,0.5259775010592768,0.23376226770049444,0.24026023124022883,0.3875592114846398,0.4632902276685162,0.25473411406486784,0.28197565826661597
9813633,73,Scottish Cup,2021,2021-10-23,Round 2,4,5,stenhousemuir,huntly-fc,hi_home,1,4,1,17,3,7,1,,,0.8108619507032143,0.07412071460155505,1.17,10.0,3.1693312703026315,0.9187187698628693,,,0.1150173346952306,7.0,,3,1,2.2506125004397624,0.7493874995602376,6,1.2093902685250544,0.6422809724978049,0.18560072536314667,0.1721183021390483,1.4214351462590864,0.6995895400039465,0.17927925312450887,0.1211312068715447
9813637,73,Scottish Cup,2021,2021-10-23,Round 2,4,5,albion-rovers,brora-rangers-fc,lo_home,1,0,0,9,9,2,3,,,0.3361108487470595,0.4578488044214401,2.75,2.05,1.8200870648456935,2.1350341989664643,,,0.20604034683150044,4.333333333333334,,0,0,-0.3149471341207708,0.3149471341207708,1,0.5702707347329534,0.5083270438474587,0.21896656348856844,0.2727063926639728,-1.1014302552488042,0.18137662210177494,0.19334764361869158,0.6252757342795335
9813639,73,Scottish Cup,2021,2021-10-23,Round 2,4,5,cowdenbeath,civil-service-strollers-fc,hi_home,1,2,4,6,11,3,8,,,0.48825863760148674,0.3023136637011589,1.9100000000000001,3.0,2.1048696917441143,1.6341401838756124,,,0.20942769869735442,4.2,,-2,-1,0.4707295078685019,-2.470729507868502,2,1.2093902685250544,0.6422809724978049,0.18560072536314667,0.1721183021390483,1.6765201973355612,0.7474656269286006,0.1577326189409636,0.09480175413043566
9813640,73,Scottish Cup,2021,2021-10-23,Round 2,4,5,annan-athletic,jeanfield-swifts,hi_home,1,3,1,14,8,5,1,,,0.615423276343261,0.2021358005364229,1.53,4.333333333333334,2.517385936724467,1.4122008357358589,,,0.18244092312031598,4.75,,2,1,1.105185100988608,0.894814899011392,4,1.2093902685250544,0.6422809724978049,0.18560072536314667,0.1721183021390483,-0.088113415533555,0.3566637412174986,0.24683568614039314,0.3965005726421083
9813641,73,Scottish Cup,2021,2021-10-23,Round 2,4,5,stranraer,darvel-fc,hi_home,1,0,1,5,8,1,3,,,0.510565942388627,0.32391450664580124,1.8,2.75,3.1802549527745207,2.600188269740698,,,0.16551955096557178,5.0,,-1,-1,0.5800666830338228,-1.5800666830338228,3,1.2093902685250544,0.6422809724978049,0.18560072536314667,0.1721183021390483,0.8065212456398039,0.5659672902800635,0.23062415824695884,0.20340855147297762
9837625,73,Scottish Cup,2021,2021-10-23,Round 2,4,5,stirling-albion,berwick-rangers,lo_home,1,2,1,9,6,6,3,,,0.6933351610695591,0.14531607132572125,1.3599999999999999,5.75,2.718430196607234,1.2035024608857388,,,0.1613487676047197,5.25,,1,1,1.5149277357214954,-0.5149277357214954,4,0.5702707347329534,0.5083270438474587,0.21896656348856844,0.2727063926639728,0.6371316043396495,0.5251213703632902,0.22800685889543326,0.24687177074127659
9837649,73,Scottish Cup,2021,2021-10-23,Round 2,4,5,kelty-hearts-fc,buckie-thistle-fc,hi_home,1,4,1,12,8,7,3,,,0.8150331447631094,0.07649149007885414,1.17,10.0,3.4164780570902957,1.0543469541667825,,,0.1084753651580363,7.5,,3,1,2.362131102923513,0.637868897076487,6,1.2093902685250544,0.6422809724978049,0.18560072536314667,0.1721183021390483,1.1363074802354,0.6208579576608005,0.17560244227756983,0.20353960006162974
9813645,73,Scottish Cup,2021,2021-10-25,Round 2,4,5,elgin-city,clydebank-fc,lo_home,1,1,1,8,15,2,5,,,0.6075351614766062,0.19623241926169693,1.53,4.333333333333334,2.2511513884073446,1.2145183056270876,,,0.19623241926169693,4.333333333333334,,0,0,1.036633082780257,-1.036633082780257,4,0.5702707347329534,0.5083270438474587,0.21896656348856844,0.2727063926639728,-1.6821391545326678,0.09646779472056234,0.1566932051492234,0.7468390001302143
9912193,73,Scottish Cup,2021,2021-10-30,Round 2,4,5,albion-rovers,brora-rangers-fc,hi_home,1,1,0,8,1,4,1,,,0.45950599507676604,0.29723350857204134,2.0,3.0,1.6321248446875731,1.2668420606935773,,,0.24326049635119262,3.6,,1,1,0.36528278399399583,0.6347172160060042,2,1.2093902685250544,0.6422809724978049,0.18560072536314667,0.1721183021390483,-0.5753239444711749,0.2672418609058498,0.22159365778828344,0.5111644813058668
9916802,73,Scottish Cup,2021,2021-11-27,Round 3,3,5,dumbarton,sauchie-juniors,hi_home,2,3,1,17,6,9,2,,,0.9088430924879614,0.0214361852279369,1.06,26.0,3.3043753876671653,0.401257357826095,,,0.06972072228410175,11.0,,2,1,2.90311802984107,-0.9031180298410701,7,1.726549656782536,0.7357191973620456,0.15032209997904802,0.11395870265890636,0.3877020963743969,0.47089649116016685,0.21704552476304667,0.31205798407678653
9916803,73,Scottish Cup,2021,2021-11-27,Round 3,3,5,peterhead,civil-service-strollers-fc,lo_home,2,3,0,15,7,5,3,,,0.7062902860701424,0.10404471855646179,1.33,7.5,2.0602971784370756,0.6405634214229159,,,0.18966499537339584,4.5,,3,1,1.4197337570141597,1.5802662429858403,5,1.0526793726038377,0.6104602355553844,0.1946012624334891,0.19493850201112647,2.396075931484413,0.8327726793506537,0.1043337432560043,0.062893577393342
9916804,73,Scottish Cup,2021,2021-11-27,Round 3,3,4,montrose,kelty-hearts-fc,lo_home,1,0,0,15,6,4,3,,,0.3022905568213309,0.4418875617634021,3.0,2.1,1.1885586223036648,1.491633697590167,,,0.2558218814152669,3.5,,0,0,-0.3030750752865021,0.3030750752865021,1,0.13883110068265814,0.40984750301142087,0.24106130806773055,0.3490911889208485,-0.11319417090675166,0.35251066369668904,0.24436697541830849,0.4031223608850024
9916806,73,Scottish Cup,2021,2021-11-27,Round 3,2,3,queen-of-the-south,cove-rangers,lo_home,1,2,2,,,,,,,0.2582997655029119,0.4911581359425298,3.5,1.9100000000000001,1.0776584503036872,1.585302039954309,,,0.2505420985545583,3.6,,0,0,-0.5076435896506217,0.5076435896506217,1,0.6683368671694496,0.5301430744807099,0.22962722956907394,0.24022969595021623,0.015645309648168126,0.38486670990773647,0.23709077090699548,0.3780425191852681
9916807,73,Scottish Cup,2021,2021-11-27,Round 3,4,5,stirling-albion,tranent-juniors-fc,hi_home,1,4,0,9,13,4,5,,,0.6397573516288856,0.17449015299598483,1.45,4.75,2.371042972161037,1.1723323886698374,,,0.18575249537512964,4.5,,4,1,1.1987105834911997,2.8012894165088005,4,1.2093902685250544,0.6422809724978049,0.18560072536314667,0.1721183021390483,0.10321884367711354,0.4113432142822658,0.2196260729239315,0.3690307127938028
9916809,73,Scottish Cup,2021,2021-11-27,Round 3,4,5,annan-athletic,gala-fairydean-rovers-fc,lo_home,1,1,0,12,5,4,2,,,0.5480573043535478,0.24525395345273968,1.7,3.6,2.148118801492907,1.391221998875448,,,0.20668874219371264,4.2,,1,1,0.756896802617459,0.24310319738254105,3,0.5702707347329534,0.5083270438474587,0.21896656348856844,0.2727063926639728,0.4335754994927561,0.4758136420552366,0.24512641579218092,0.2790599421525826
9916810,73,Scottish Cup,2021,2021-11-27,Round 3,3,5,alloa-athletic,bonnyrigg-rose,hi_home,2,5,0,14,0,6,0,,,0.5800773322124608,0.18262373041425975,1.62,4.75,1.7127684932016252,0.8431414234159024,,,0.2372989373732794,3.75,,5,1,0.8696270697857228,4.1303729302142775,3,1.726549656782536,0.7357191973620456,0.15032209997904802,0.11395870265890636,0.23812501186214163,0.42692595141810796,0.2572448137348466,0.31582923484704545
9916812,73,Scottish Cup,2021,2021-11-27,Round 3,2,3,kilmarnock,queens-park-fc,lo_home,1,1,0,15,6,8,1,,,0.5446757091070789,0.20470152765473598,1.73,4.333333333333334,1.5964448639152804,0.8707010989027322,,,0.2506227632381851,3.6,,1,1,0.7257437650125482,0.2742562349874518,3,0.6683368671694496,0.5301430744807099,0.22962722956907394,0.24022969595021623,0.9363004440856518,0.5988237961710812,0.2321352382052773,0.16904096562364151
9916813,73,Scottish Cup,2021,2021-11-27,Round 3,2,5,hamilton-academical,auchinleck-talbot,lo_home,3,0,1,13,7,4,4,,,0.5815181009549532,0.22907695159578778,1.6,3.8,2.4398286132737605,1.5061169153271519,,,0.18940494744925918,4.5,,-1,-1,0.9337116979466087,-1.9337116979466087,3,2.1409939922377488,0.8028316976720847,0.12230467412713296,0.0748636282007823,0.1026781192020838,0.39433487396507094,0.2593782838304235,0.34628684220450556
9916814,73,Scottish Cup,2021,2021-11-27,Round 3,2,3,raith-rovers,falkirk-fc,lo_home,1,2,1,10,13,3,1,,,0.4535296601660715,0.2822052347933363,2.05,3.2,1.43429935712766,1.0723805702377192,,,0.2642651050405922,3.4,,1,1,0.36191878688994095,0.638081213110059,2,0.6683368671694496,0.5301430744807099,0.22962722956907394,0.24022969595021623,0.1528797009386127,0.40467227316737064,0.2630044775186287,0.33232324931400065
9916815,73,Scottish Cup,2021,2021-11-27,Round 3,3,4,airdrieonians,stenhousemuir,lo_home,1,2,0,9,7,4,3,,,0.49405246565412275,0.2529737671729386,1.9100000000000001,3.6,1.5642242162028546,1.0431177726577536,,,0.2529737671729386,3.6,,2,1,0.5211064435451009,1.478893556454899,2,0.13883110068265814,0.40984750301142087,0.24106130806773055,0.3490911889208485,0.5704920342382775,0.5088518000903484,0.23636513228096018,0.25478306762869146
9916816,73,Scottish Cup,2021,2021-11-27,Round 3,3,5,east-fife,banks-odee-fc,lo_home,2,1,2,,,,,,,0.6028273557591778,0.22392932819643085,1.53,3.8,2.787313557764107,1.7141424075872558,,,0.1732433160443914,4.75,,-1,-1,1.0731711501768513,-2.0731711501768513,4,1.0526793726038377,0.6104602355553844,0.1946012624334891,0.19493850201112647,0.0846826565000236,0.4118605034255266,0.20963416831823747,0.3785053282562358
9916817,73,Scottish Cup,2021,2021-11-27,Round 3,2,4,arbroath,forfar-athletic,hi_home,2,3,0,17,3,7,1,,,0.6191347965062372,0.15717102555101747,1.53,5.5,1.8215329321894533,0.7884843722292166,,,0.2236941779427454,4.0,,3,1,1.0330485599602368,1.9669514400397632,4,1.6756290840901449,0.73889945981256,0.15832896424573664,0.10277157594170326,0.9781441491204449,0.6054367872599713,0.21821153122126224,0.1763516815187664
9925265,73,Scottish Cup,2021,2021-11-27,Round 3,3,5,clyde-fc,clydebank-fc,lo_home,2,0,2,6,6,1,2,,,0.59362320695288,0.18972798669890198,1.5699999999999998,4.5,1.9478487998649803,1.0038082867212934,,,0.21664880634821804,4.0,,-2,-1,0.9440405131436869,-2.944040513143687,3,1.0526793726038377,0.6104602355553844,0.1946012624334891,0.19493850201112647,-1.209154218410418,0.14414101827473783,0.1992409818630214,0.6566179998622408
9925275,73,Scottish Cup,2021,2021-11-27,Round 3,2,4,ayr-united,albion-rovers,hi_home,2,2,1,12,9,5,5,,,0.7023945734683373,0.11071202158346871,1.33,7.0,2.1201055909580613,0.7013829751189751,,,0.18689340494819406,4.5,,1,1,1.4187226158390862,-0.4187226158390862,5,1.6756290840901449,0.73889945981256,0.15832896424573664,0.10277157594170326,1.4107367560124398,0.6971427841597998,0.18109676262544433,0.12176045321475588
9925290,73,Scottish Cup,2021,2021-11-27,Round 3,4,5,edinburgh-city-fc,lothian-thistle,lo_home,1,2,1,,,,,,,0.7339665255771621,0.13921326934885572,1.29,6.0,3.6829783895005663,1.7297759206563812,,,0.12682020507398226,6.5,,1,1,1.9532024688441851,-0.9532024688441851,5,0.5702707347329534,0.5083270438474587,0.21896656348856844,0.2727063926639728,0.4497967497931339,0.47945240897502844,0.24597531855515115,0.27457227246982036
9987015,73,Scottish Cup,2021,2021-12-04,Round 3,3,4,montrose,kelty-hearts-fc,hi_home,1,1,1,13,9,4,2,,,0.4605084996209226,0.28766741585533184,2.0,3.1,1.5488841935832816,1.1704430585636283,,,0.25182408452374566,3.5,,0,0,0.37844113501965326,-0.37844113501965326,2,0.7088547682286321,0.539140223646698,0.22280684097397319,0.23805293537932876,0.23878423748768052,0.4222347056229936,0.2714804005100834,0.30628489386692304
9987014,73,Scottish Cup,2021,2021-12-07,Round 3,2,3,queen-of-the-south,cove-rangers,hi_home,1,0,3,,,,,,,0.4113582075746846,0.3323654605396704,2.25,2.75,1.4432691781019529,1.2712572456043918,,,0.2562763318856451,3.5,,-3,-1,0.17201193249756108,-3.1720119324975613,2,1.237669885545852,0.6551798645040493,0.19236572090047,0.15245441459548079,0.28287233977632087,0.4438526356940183,0.23585933141316207,0.32028803289281965
10002712,73,Scottish Cup,2021,2022-01-20,Round 4,1,3,hibernian,cove-rangers,hi_home,2,0,0,17,6,4,3,,,0.6660742245392647,0.1541795218843649,1.44,5.75,2.402642011161486,1.0792172748669375,,,0.17974625357637042,5.0,,0,0,1.3234247362945486,-1.3234247362945486,4,1.5074529471811735,0.710401838877016,0.17283885219283093,0.11675930893015304,1.4049523955661418,0.6908811114977403,0.17750029372285034,0.1316185947794093
10002708,73,Scottish Cup,2021,2022-01-21,Round 4,1,4,rangers,stirling-albion,hi_home,3,4,0,,,,,,,0.9525017526519192,0.011465205491359402,1.02,41.0,4.316792945069348,0.4694469856867111,,,0.03603304185672157,19.0,,4,1,3.8473459593826367,0.15265404061736332,7,4.0945987896553655,0.962949537536368,0.02882677623934241,0.008223686224289557,4.04967254679393,0.9624098004885003,0.02908561149928355,0.008504588012216185
10002699,73,Scottish Cup,2021,2022-01-22,Round 4,1,2,st-mirren,ayr-united,lo_home,1,2,0,12,4,4,0,,,0.5281315798995578,0.20066529642491682,1.8,4.5,1.4272030166375915,0.7642881014087424,,,0.2712031236755253,3.4,,2,1,0.6629149152288492,1.3370850847711508,3,0.018087194473024093,0.37411661127514334,0.260151061194872,0.36573232752998464,0.4006877441906611,0.46658604036268353,0.2528145994858025,0.28059936015151393
10002700,73,Scottish Cup,2021,2022-01-22,Round 4,3,5,peterhead,east-kilbride,hi_home,2,2,2,21,9,9,5,,,0.6765812350703511,0.12847879732170758,1.4,6.5,2.083307614983488,0.7777274856048988,,,0.19493996760794144,4.5,,0,0,1.3055801293785894,-1.3055801293785894,4,1.726549656782536,0.7357191973620456,0.15032209997904802,0.11395870265890636,0.6684455491301453,0.5308203884094651,0.2075315144336079,0.261648097156927
10002702,73,Scottish Cup,2021,2022-01-22,Round 4,2,5,raith-rovers,banks-odee-fc,lo_home,3,3,0,19,2,7,1,,,0.7306300097490489,0.12847082276169816,1.3,6.5,3.099083047712004,1.3058786824028579,,,0.14089916748925294,6.0,,3,1,1.793204365309146,1.206795634690854,5,2.1409939922377488,0.8028316976720847,0.12230467412713296,0.0748636282007823,1.6393002868961446,0.7303867175847113,0.157443185720938,0.11217009669435073
10002703,73,Scottish Cup,2021,2022-01-22,Round 4,4,5,annan-athletic,clydebank-fc,lo_home,1,2,2,20,17,10,5,,,0.5439138113979253,0.22804309430103742,1.75,4.0,1.838709582133809,1.1109692818296906,,,0.22804309430103742,4.0,,0,0,0.7277403003041185,-0.7277403003041185,3,0.5702707347329534,0.5083270438474587,0.21896656348856844,0.2727063926639728,-0.9704517434591081,0.1690659124532048,0.22500376708221212,0.6059303204645831
10002706,73,Scottish Cup,2021,2022-01-22,Round 4,2,3,partick-thistle,airdrieonians,hi_home,1,1,0,13,9,7,5,,,0.5624953654656423,0.18054862319050702,1.7,5.0,1.537342088175683,0.744367721637741,,,0.2569560113438507,3.6,,1,1,0.792974366537942,0.20702563346205805,3,1.237669885545852,0.6551798645040493,0.19236572090047,0.15245441459548079,1.0465985445737696,0.6247272972353353,0.22081204092545462,0.15446066183921014
10002720,73,Scottish Cup,2021,2022-01-22,Round 4,1,3,celtic,alloa-athletic,lo_home,2,2,1,19,7,8,2,,,0.9106712506173829,0.018666115947204697,1.06,29.0,3.1797834800949443,0.33145047341150385,,,0.07066263343541233,11.0,,1,1,2.8483330066834402,-1.8483330066834402,7,2.7021898674280953,0.8792836763772895,0.08471555898215212,0.03600076464055828,3.4008108957465786,0.9332232015304611,0.049444897979038206,0.017331900490500738
10002728,73,Scottish Cup,2021,2022-01-22,Round 4,1,3,dundee-fc,dumbarton,lo_home,2,1,0,15,7,6,2,,,0.6422795621513461,0.12619356244934182,1.5,7.0,1.7008060453185532,0.5972303892208174,,,0.23152687539931224,4.0,,1,1,1.103575656097736,-0.10357565609773589,4,0.9372422031398131,0.5920284630200693,0.2169050603393242,0.19106647664060653,0.9387355514545264,0.5918877014861768,0.20742566972515564,0.20068662878866758
10002733,73,Scottish Cup,2021,2022-01-22,Round 4,1,4,st-johnstone,kelty-hearts-fc,lo_home,3,0,0,15,10,5,3,,,0.5026301449607145,0.22107580017317016,1.9100000000000001,4.2,1.382063054429641,0.8146486934087663,,,0.27629405486611547,3.4,,0,0,0.5674143610208747,-0.5674143610208747,3,1.34746757607541,0.6798982508276299,0.18630740205590554,0.13379434711646465,0.45434081046982233,0.47466139132170515,0.2770363578091772,0.24830225086911767
10002734,73,Scottish Cup,2021,2022-01-22,Round 4,1,2,dundee-united,kilmarnock,lo_home,1,1,1,9,20,7,11,,,0.2572023747589737,0.4415338069506086,3.6,2.15,0.8256834362783417,1.1802125333812805,,,0.3012638182904177,3.1,,0,0,-0.3545290971029388,0.3545290971029388,1,0.018087194473024093,0.37411661127514334,0.260151061194872,0.36573232752998464,-0.33017715787405066,0.2660217644864623,0.29663515661131595,0.4373430789022217
10002736,73,Scottish Cup,2021,2022-01-22,Round 4,1,5,heart-of-midlothian,auchinleck-talbot,lo_home,4,5,0,15,4,6,1,,,0.8133018957471564,0.05965715691611554,1.17,12.0,2.6823878423193706,0.5995411284278717,,,0.12704094733672794,6.5,,5,1,2.082846713891499,2.917153286108501,6,2.4501382885120124,0.844712249049761,0.10169212275812158,0.0535956281921174,1.1959716754419922,0.6636748186349152,0.21448591184832103,0.12183926951676384
10002744,73,Scottish Cup,2021,2022-01-22,Round 4,1,2,motherwell,greenock-morton,hi_home,1,0,0,24,6,11,2,,,0.6200333281665608,0.1362748666954774,1.55,6.5,1.6142701094007865,0.6033636004206178,,,0.24369180513796182,3.8,,0,0,1.0109065089801688,-1.0109065089801688,4,0.5177811063415643,0.4939642225710322,0.24751785988508904,0.25851791754387876,1.13324780935198,0.6414994996315758,0.2074317520275971,0.1510687483408272
10002746,73,Scottish Cup,2021,2022-01-22,Round 4,1,4,aberdeen,edinburgh-city-fc,hi_home,3,3,0,32,1,10,1,,,0.8817770745135756,0.029283914858317633,1.09,21.0,2.9975950175871926,0.4188366200298952,,,0.08893901062810665,9.0,,3,1,2.5787583975572974,0.4212416024427026,6,1.9499141281332681,0.7863921190413877,0.1371520775068888,0.07645580345172356,2.5768377516281924,0.8753126883997545,0.08930790005070142,0.035379411549544104
10014986,73,Scottish Cup,2021,2022-01-22,Round 4,2,5,arbroath,darvel-fc,hi_home,3,3,0,19,3,7,0,,,0.749328423462896,0.11050088777140103,1.25,7.0,2.9473158521559863,1.0962429863318688,,,0.14017068876570296,5.75,,3,1,1.8510728658241176,1.1489271341758824,5,2.8953227283673417,0.8867751095217956,0.07661152777947565,0.036613362698728696,1.6779064589258186,0.7564930308603117,0.16147745717586273,0.08202951196382557
10087312,73,Scottish Cup,2021,2022-02-12,Round 5,1,4,rangers,annan-athletic,lo_home,3,3,0,15,7,6,2,,,0.8993911031731611,0.017755020840371397,1.07,29.0,2.861133241102645,0.252748936020813,,,0.08285387598646744,9.5,,3,1,2.6083843050818323,0.3916156949181677,6,3.241599666383446,0.9227487621651307,0.056947187951593585,0.020304049883275676,3.192364394899693,0.9142850235989797,0.06037684435697719,0.025338132044043084
10087315,73,Scottish Cup,2021,2022-02-12,Round 5,1,2,dundee-united,partick-thistle,lo_home,1,1,0,3,11,1,3,,,0.34906640989275567,0.34906640989275567,2.62,2.62,1.0367202483272606,1.036720195958357,,,0.3018671802144888,3.0,,1,1,5.2368903658006616e-8,0.9999999476310963,1,0.018087194473024093,0.37411661127514334,0.260151061194872,0.36573232752998464,-0.2094248270895155,0.2985659890223348,0.2952161877542402,0.4062178232234251
10087316,73,Scottish Cup,2021,2022-02-12,Round 5,1,4,st-mirren,kelty-hearts-fc,hi_home,3,4,0,13,6,9,3,,,0.6745771530367255,0.11651814023576598,1.4,7.0,1.8906485302790674,0.6325161343406333,,,0.20890470672750863,4.2,,4,1,1.2581323959384343,2.7418676040615657,4,1.9499141281332681,0.7863921190413877,0.1371520775068888,0.07645580345172356,1.0272729173749555,0.6153776940313217,0.21222899297244888,0.17239331299622931
10087308,73,Scottish Cup,2021,2022-02-13,Round 5,1,2,hibernian,arbroath,lo_home,1,3,1,18,7,8,3,,,0.4884815690164367,0.2340370468348547,1.9100000000000001,3.8,1.3657769198486738,0.8523279675561133,,,0.2774813841487087,3.25,,2,1,0.5134489522925605,1.4865510477074395,2,0.018087194473024093,0.37411661127514334,0.260151061194872,0.36573232752998464,0.45109676478846905,0.4764957568002449,0.26294053515532495,0.26056370804443013
10087309,73,Scottish Cup,2021,2022-02-13,Round 5,1,2,celtic,raith-rovers,hi_home,1,4,0,15,4,8,1,,,0.8966607902048024,0.01676222641399422,1.07,29.0,2.7660832489911806,0.22366138612727388,,,0.08657698338120338,9.0,,4,1,2.5424218628639066,1.4575781371360934,6,2.0928375127974697,0.8116998358118336,0.12619593500548112,0.062104229182685315,2.0856019905260696,0.8262886110386678,0.12525942437704937,0.04845196458428279
10087313,73,Scottish Cup,2021,2022-02-14,Round 5,1,3,dundee-fc,peterhead,lo_home,2,3,0,,,,,,,0.5868521785726156,0.15960813873276683,1.62,5.5,1.55566420431982,0.6711806781180953,,,0.2535396826946177,3.6,,3,1,0.8844835262017248,2.1155164737982752,3,0.9372422031398131,0.5920284630200693,0.2169050603393242,0.19106647664060653,0.5450818973910121,0.5016129744334414,0.2483887035295172,0.24999832203704128
9991486,1520,Challenge Cup,2021,2022-03-01,Semifinals,2,3,queen-of-the-south,cove-rangers,lo_home,1,1,0,,,,,,,0.24797929205590566,0.4881057032371652,3.6,1.9100000000000001,0.9633003588646262,1.4665414377465718,,,0.26391500470692925,3.4,,1,1,-0.5032410788819456,1.5032410788819455,1,0.650225058145381,0.5259775010592768,0.23376226770049444,0.24026023124022883,-0.6264453093883982,0.24508270746913638,0.23364078777393169,0.521276504756932
10489546,1520,Challenge Cup,2022,2022-08-23,Round 2,3,4,kelty-hearts-fc,forfar-athletic,lo_home,1,2,1,17,15,5,3,,,0.4249005784757048,0.30785338837920573,2.15,2.9,1.3756206245580487,1.1291939824024715,,,0.2672460331450895,3.3,,1,1,0.2464266421555772,0.7535733578444228,2,0.16481986825714667,0.4130473972976734,0.2476032651941577,0.33934933750816887,-0.1380998268040412,0.33826598643424194,0.2592638194028782,0.4024701941628798
10580390,1520,Challenge Cup,2022,2022-08-23,Round 2,4,5,annan-athletic,east-kilbride,lo_home,1,1,1,8,6,3,3,,,0.398065108633952,0.38381206744287055,2.3,2.38,1.8354848839071807,1.800126820579069,,,0.21812282392317736,4.0,,0,0,0.035358063328111644,-0.035358063328111644,2,0.5557117276128003,0.5048373645919957,0.22465952897502414,0.27050310643298026,-0.23387850321256165,0.33968152500023896,0.22365892351600108,0.43665955148376
10489545,1520,Challenge Cup,2022,2022-08-24,Round 2,3,4,edinburgh-city-fc,stranraer,hi_home,1,3,2,9,21,4,7,,,0.4056563585469766,0.3431228750248762,2.25,2.63,1.4779160755938774,1.3395505909290886,,,0.251220766428147,3.5,,1,1,0.13836548466478882,0.8616345153352112,2,0.6893532444851787,0.5350140291225625,0.22933210673905866,0.235653864138379,0.1114044131731542,0.39368834470227543,0.2652910847259018,0.3410205705718229
10580385,1520,Challenge Cup,2022,2022-08-24,Round 2,4,5,stirling-albion,brechin-city,lo_home,1,1,1,11,17,2,5,,,0.5178143275781095,0.26257073406438564,1.8,3.4,1.9556095106305953,1.341643730777429,,,0.21961493835750479,4.0,,0,0,0.6139657798531664,-0.6139657798531664,3,0.5557117276128003,0.5048373645919957,0.22465952897502414,0.27050310643298026,-0.03981521951642453,0.3631025716547449,0.25550984377199404,0.381387584573261
10514276,982,League Cup,2022,2022-08-30,Round 2,2,3,dundee-fc,falkirk-fc,hi_home,1,3,0,10,5,6,2,,,0.6309588617998404,0.16488485761357374,1.5,5.25,2.0645892036960367,0.9504872048547643,,,0.2041562805865858,4.333333333333334,,3,1,1.1141019988412724,1.8858980011587276,4,1.3083489610628198,0.665374514223377,0.1829243264509274,0.15170115932569558,0.23702653695685427,0.4258102293793981,0.2586697956736155,0.3155199749469864
10514280,982,League Cup,2022,2022-08-30,Round 2,1,4,aberdeen,annan-athletic,lo_home,3,1,1,21,8,7,5,,,0.8491023250166324,0.04342540037504913,1.1400000000000001,17.0,2.851570890562905,0.5191913910991994,,,0.10747227460831835,8.0,,0,0,2.3323794994637055,-2.3323794994637055,6,1.5013042574574071,0.7049635764199086,0.17074816345424645,0.12428826012584487,2.2363178769935876,0.8296236235519936,0.11467682099048565,0.05569955545752069
10514285,982,League Cup,2022,2022-08-30,Round 2,1,3,rangers,queen-of-the-south,hi_home,2,3,1,19,5,10,3,,,0.951776817496336,0.007501936037756099,1.02,51.0,3.6825453738496696,0.22788569814771922,,,0.04072124646590796,17.0,,2,1,3.4546596757019503,-1.4546596757019503,7,3.7739548592619654,0.9472330043246051,0.03921973904946336,0.013547256625931602,2.9243417669008656,0.8925675151178928,0.07387569403120442,0.0335567908509028
10514278,982,League Cup,2022,2022-08-31,Round 2,1,2,motherwell,inverness-caledonian-thistle,hi_home,1,4,0,7,1,5,1,,,0.6056415678436091,0.16186135649535738,1.55,5.25,1.7399877570398126,0.7687060448796121,,,0.23249707566103367,3.8,,4,1,0.9712817121602004,3.0287182878397996,4,0.5683773920747126,0.5068864414742883,0.23639694714552573,0.256716611380186,0.3453989729072484,0.45185735900167706,0.25686537116409014,0.29127726983423285
10647144,1520,Challenge Cup,2022,2022-09-23,Round 3,3,4,kelty-hearts-fc,annan-athletic,lo_home,1,2,1,12,9,8,6,,,0.47658894001400554,0.27628375282977224,1.95,3.25,1.6084854901522163,1.1651356646941453,,,0.24712730715622225,3.6,,1,1,0.443349825458071,0.556650174541929,2,0.16481986825714667,0.4130473972976734,0.2476032651941577,0.33934933750816887,-0.35357340597017695,0.2979081682743621,0.24540937226604348,0.4566824594595945
10647148,1520,Challenge Cup,2022,2022-09-23,Round 3,2,3,partick-thistle,falkirk-fc,lo_home,1,0,2,4,20,2,8,,,0.5056294673799682,0.25647774865997736,1.85,3.5,1.7221391723441075,1.1587180844833156,,,0.23789278396005462,3.75,,-2,-1,0.5634210878607919,-2.563421087860792,3,0.6396106518457993,0.5234635717192506,0.23696585409672052,0.2395705741840288,0.18683246412415677,0.4173211860935441,0.24991980501105593,0.33275900889539994
10647146,1520,Challenge Cup,2022,2022-09-24,Round 3,3,4,peterhead,elgin-city,hi_home,1,0,4,8,16,5,8,,,0.4720217450749323,0.2769984976861518,1.95,3.2,1.5674871835870288,1.1405610004781401,,,0.2509797572389158,3.5,,-4,-1,0.42692618310888863,-4.426926183108889,2,0.6893532444851787,0.5350140291225625,0.22933210673905866,0.235653864138379,0.3604058874801217,0.4649531380130288,0.21595850613329895,0.31908835585367223
10647150,1520,Challenge Cup,2022,2022-09-24,Round 3,2,5,inverness-caledonian-thistle,brechin-city,hi_home,3,3,3,11,7,6,3,,,0.7671206263349808,0.06903412672185849,1.22,10.0,2.198687672205461,0.49483493668538936,,,0.1638452469431606,5.0,,0,0,1.7038527355200719,-1.7038527355200719,5,2.780680940433782,0.8799353956321714,0.08185856122042857,0.03820604314740007,1.9797064536648477,0.7938506317472457,0.1342954322803406,0.07185393597241377
10647152,1520,Challenge Cup,2022,2022-09-24,Round 3,2,4,arbroath,east-fife,hi_home,2,2,1,12,11,4,2,,,0.7027074886399979,0.12142505691887351,1.33,6.5,2.321169212622729,0.85293336241863,,,0.17586745444112856,4.75,,1,1,1.468235850204099,-0.4682358502040991,5,1.6019591509748428,0.7296740043829562,0.16595773674184464,0.10436825887519918,0.36760425905486005,0.45416358108920063,0.2686199093492275,0.27721650956157184
10655547,982,League Cup,2022,2022-10-19,Quarterfinals,1,2,rangers,dundee-fc,hi_home,1,1,0,13,5,7,0,,,0.8330514523786762,0.05227461832260573,1.1400000000000001,13.0,2.836013124943524,0.5935693096226279,,,0.11467392929871813,7.0,,1,1,2.242443815320896,-1.2424438153208959,6,2.28180030784479,0.8310864196254438,0.11230170359661487,0.05661187677794133,2.1182101407699543,0.800214331479714,0.12311188056153163,0.07667378795875437
10655548,982,League Cup,2022,2022-10-19,Quarterfinals,1,2,aberdeen,partick-thistle,hi_home,1,4,1,17,10,6,6,,,0.6511988456869424,0.12768019604373493,1.45,6.5,1.7963573139127287,0.6442695243920864,,,0.2211209582693227,4.0,,3,1,1.1520877895206423,1.8479122104793577,4,0.5683773920747126,0.5068864414742883,0.23639694714552573,0.256716611380186,1.2012192003068303,0.6501030572751092,0.19619460454593352,0.1537023381789574
10695981,73,Scottish Cup,2022,2022-10-21,Round 2,4,5,dumbarton,cumnock,lo_home,1,3,1,16,10,5,5,,,0.6732005802976397,0.1456538197232948,1.4,5.75,2.344538986129097,1.0004411817884875,,,0.18114559997906554,4.75,,2,1,1.3440978043406095,0.6559021956593905,4,0.5736308801584007,0.5089942804868317,0.22033225664389747,0.2706734628692708,2.216425418907654,0.797324255365359,0.11635409284053029,0.08632165179411072
10695970,73,Scottish Cup,2022,2022-10-22,Round 2,4,5,bonnyrigg-rose,sauchie-juniors,lo_home,1,2,3,13,14,5,7,,,0.6475807901566816,0.14905318944309642,1.44,5.5,2.0368577547353612,0.858305953062508,,,0.20336602040022214,4.2,,-1,-1,1.1785518016728531,-2.178551801672853,4,0.5736308801584007,0.5089942804868317,0.22033225664389747,0.2706734628692708,-0.3744240935374772,0.30413834242025833,0.23116259931842156,0.46469905826132
10695984,73,Scottish Cup,2022,2022-10-22,Round 2,4,5,stirling-albion,brechin-city,lo_home,1,2,2,11,11,4,2,,,0.48478880842292515,0.28645092014625856,1.9,3.1,1.820527375217227,1.3541749071424523,,,0.22876027143081623,3.8,,0,0,0.4663524680747748,-0.4663524680747748,2,0.5736308801584007,0.5089942804868317,0.22033225664389747,0.2706734628692708,0.04611898275506143,0.38937553841795386,0.24154140831721732,0.3690830532648287
10695985,73,Scottish Cup,2022,2022-10-22,Round 2,4,5,elgin-city,camelon-juniors,hi_home,1,4,0,20,5,11,4,,,0.8817884168150656,0.03965903914417451,1.09,17.0,3.6201500648288376,0.7480234423492174,,,0.07855254404075997,10.0,,4,1,2.8721266224796205,1.1278733775203795,6,1.1827804948304426,0.6377102061673711,0.18820106651804966,0.17408872731457928,1.3901286184879416,0.6710479526510837,0.16771064246836767,0.16124140488054847
10695992,73,Scottish Cup,2022,2022-10-22,Round 2,4,5,albion-rovers,glasgow-university,lo_home,1,1,1,26,7,12,1,,,0.7707919048257794,0.08776010271071767,1.22,8.5,2.698931067340306,0.8152256039466813,,,0.141447992463503,5.75,,0,0,1.8837054633936248,-1.8837054633936248,5,0.5736308801584007,0.5089942804868317,0.22033225664389747,0.2706734628692708,2.5692216132743573,0.8461465018560094,0.09555875227034853,0.058294745873642057
10695993,73,Scottish Cup,2022,2022-10-22,Round 2,4,5,stranraer,fraserburgh-fc,lo_home,1,1,2,11,4,5,3,,,0.44864195131678675,0.33419870450487876,2.05,2.7,1.9436142681358524,1.6600843710137838,,,0.2171593441783346,4.0,,-1,-1,0.28352989712206855,-1.2835298971220686,2,0.5736308801584007,0.5089942804868317,0.22033225664389747,0.2706734628692708,0.6407496744815446,0.52448800965815,0.2247914440785613,0.2507205462632887
10696010,73,Scottish Cup,2022,2022-10-22,Round 2,4,5,forfar-athletic,kilwinning-rangers,lo_home,1,3,1,11,16,4,4,,,0.4976088312357674,0.27109043143884726,1.85,3.25,1.79596098100752,1.2703307782063873,,,0.2313007373253855,3.75,,2,1,0.5256302028011328,1.4743697971988672,2,0.5736308801584007,0.5089942804868317,0.22033225664389747,0.2706734628692708,-0.6708513560129654,0.26503121250199363,0.2047753614495024,0.5301934260485041
10696005,73,Scottish Cup,2022,2022-10-24,Round 2,4,5,annan-athletic,pollok-fc,lo_home,1,3,4,8,18,6,6,,,0.45858847519234985,0.32586290995342865,2.0,2.75,1.9805231694497327,1.6502493098489752,,,0.21554861485422144,4.0,,-1,-1,0.3302738596007575,-1.3302738596007575,2,0.5736308801584007,0.5089942804868317,0.22033225664389747,0.2706734628692708,-2.0319613795138673,0.0905006490995254,0.12840546486143886,0.7810938860390357
10839804,73,Scottish Cup,2022,2022-11-25,Round 3,3,5,alloa-athletic,broomhill-fc,lo_home,2,2,1,10,10,4,1,,,0.6684785008798396,0.14244290645934496,1.4,5.75,2.2099624830474256,0.9127787399533804,,,0.18907859266081556,4.5,,1,1,1.2971837430940452,-0.29718374309404516,4,1.0799256644627862,0.6165172838507567,0.1939031158663853,0.18957960028285797,1.1874955890431431,0.6380278112764511,0.18425333177654452,0.17771885694700434
10839811,73,Scottish Cup,2022,2022-11-26,Round 3,4,5,elgin-city,hill-of-beath-hawthorn-fc,lo_home,1,2,1,14,6,4,4,,,0.720872125676572,0.10252414959365286,1.3,7.5,2.2183287708231743,0.6987976773217064,,,0.17660372472977529,4.75,,1,1,1.5195310935014679,-0.5195310935014679,5,0.5736308801584007,0.5089942804868317,0.22033225664389747,0.2706734628692708,1.7086736417866257,0.7427351592305145,0.15326439483833582,0.1040004459311497
10839813,73,Scottish Cup,2022,2022-11-26,Round 3,2,5,hamilton-academical,east-kilbride,hi_home,3,4,0,19,9,9,4,,,0.6742661239372103,0.1540459273517691,1.4,5.5,2.5508538490797568,1.161350577560622,,,0.17168794871102064,5.0,,4,1,1.3895032715191347,2.6104967284808653,4,2.870345137672022,0.8856162483771619,0.07764183485906234,0.036741916763775716,1.0412294815890446,0.6110273454080573,0.19721140291507971,0.19176125167686298
10839816,73,Scottish Cup,2022,2022-11-26,Round 3,3,5,falkirk-fc,wick-academy-fc,lo_home,2,6,0,19,3,12,2,,,0.8543335697179211,0.02800165039294959,1.12,21.0,2.44855935166917,0.27309716886467705,,,0.11766477988912923,7.0,,6,1,2.175462182804493,3.824537817195507,6,1.0799256644627862,0.6165172838507567,0.1939031158663853,0.18957960028285797,2.1782724860955485,0.8008226067388569,0.1185263512680192,0.08065104199312392
10839818,73,Scottish Cup,2022,2022-11-26,Round 3,3,4,clyde-fc,dumbarton,hi_home,1,1,3,9,13,4,6,,,0.371747924931739,0.3834504071748215,2.45,2.38,1.4672390618362212,1.4936913565659087,,,0.2448016678934395,3.6,,-2,-1,-0.026452294729687464,-1.9735477052703125,2,0.7115817225466341,0.5398958831526537,0.22461316797023964,0.23549094887710673,-0.08229753539670859,0.36020950569807675,0.24307423923151633,0.39671625507040686
10839820,73,Scottish Cup,2022,2022-11-26,Round 3,4,5,albion-rovers,university-of-stirling-fc,hi_home,1,0,0,9,15,3,9,,,0.4293856362188309,0.3239866739974901,2.15,2.8,1.5599753822208797,1.3239939883679113,,,0.24662768978367894,3.6,,0,0,0.23598139385296846,-0.23598139385296846,2,1.1827804948304426,0.6377102061673711,0.18820106651804966,0.17408872731457928,1.103046808299604,0.6297968421511094,0.20323302981995087,0.16697012802893982
10839821,73,Scottish Cup,2022,2022-11-26,Round 3,3,5,montrose,darvel-fc,hi_home,2,2,5,8,6,4,5,,,0.7023945734683373,0.11071202158346871,1.33,7.0,2.1201055909580613,0.7013829751189751,,,0.18689340494819406,4.5,,-3,-1,1.4187226158390862,-4.418722615839086,5,1.7251539948617336,0.7364542742352538,0.1507504263587923,0.11279529940595386,0.3491007910832551,0.46027166921277607,0.22738725330165796,0.3123410774855659
10839824,73,Scottish Cup,2022,2022-11-26,Round 3,2,3,dundee-fc,airdrieonians,hi_home,1,2,2,21,7,14,5,,,0.6536113404554558,0.1385540600253944,1.44,6.0,1.9574685952299207,0.7682284636524525,,,0.20783459951914973,4.2,,0,0,1.1892401315774683,-1.1892401315774683,4,1.199998903416206,0.6483537957936635,0.19643170435186594,0.15521449985447056,1.1487526715330871,0.6350002522636766,0.1930768215291309,0.17192292620719252
10839825,73,Scottish Cup,2022,2022-11-26,Round 3,2,3,greenock-morton,queen-of-the-south,hi_home,1,4,1,12,14,8,7,,,0.5575623695929613,0.2275893515184557,1.6600000000000001,3.8,2.0112754782470796,1.2175257955036458,,,0.2148482788885829,4.0,,3,1,0.7937496827434338,2.206250317256566,3,1.199998903416206,0.6483537957936635,0.19643170435186594,0.15521449985447056,0.5636849038726262,0.5061985427764297,0.2442742949827032,0.2495271622408671
10839834,73,Scottish Cup,2022,2022-11-26,Round 3,2,5,cove-rangers,dunipace-fc,hi_home,3,7,0,17,0,8,0,,,0.9075863262211328,0.0257308241773094,1.04,19.0,3.5806929891224066,0.5428396415752855,,,0.06668284960155774,10.0,,7,1,3.037853347547121,3.962146652452879,7,2.870345137672022,0.8856162483771619,0.07764183485906234,0.036741916763775716,1.693398733214318,0.7292483489559282,0.1506033670003557,0.12014828404371608
10839837,73,Scottish Cup,2022,2022-11-26,Round 3,2,3,queens-park-fc,peterhead,lo_home,1,3,0,6,12,3,4,,,0.7477530687774318,0.08468208847245792,1.28,9.5,2.244816861690571,0.6059792181961015,,,0.16756484275011033,5.25,,3,1,1.6388376434944696,1.3611623565055304,5,0.6602351596089351,0.5283044666671896,0.23212094805957026,0.23957458527324013,0.7539325599392384,0.5512220626900524,0.22552588616010658,0.223252051149841
10839846,73,Scottish Cup,2022,2022-11-26,Round 3,3,5,edinburgh-city-fc,drumchapel-united,lo_home,2,0,1,19,10,7,2,,,0.6881077266236943,0.1770716530303962,1.3599999999999999,4.75,3.7584271654958705,2.067163552439579,,,0.13482062034590958,6.0,,-1,-1,1.6912636130562917,-2.6912636130562917,4,1.0799256644627862,0.6165172838507567,0.1939031158663853,0.18957960028285797,-0.0069077744578482925,0.39143322494484056,0.21436974998996786,0.3941970250651916
10839848,73,Scottish Cup,2022,2022-11-26,Round 3,2,5,raith-rovers,auchinleck-talbot,hi_home,3,3,0,15,3,6,1,,,0.7414540766626952,0.07589696384673916,1.28,10.0,2.0210006824593103,0.474754190982874,,,0.18264895949056573,4.75,,3,1,1.5462464914764362,1.4537535085235638,5,2.870345137672022,0.8856162483771619,0.07764183485906234,0.036741916763775716,0.8550033046511131,0.5792713708267103,0.24565275182480648,0.1750758773484831
10839849,73,Scottish Cup,2022,2022-11-26,Round 3,2,4,inverness-caledonian-thistle,stirling-albion,hi_home,2,3,2,6,9,4,4,,,0.5981404728816881,0.22012549894967764,1.5699999999999998,4.0,2.5799288724437632,1.5519450932229397,,,0.18173402816863424,4.75,,1,1,1.0279837792208235,-0.027983779220823513,3,1.6536149807365281,0.7365329325923377,0.16067468463000803,0.10279238277765423,0.9532504259858297,0.5969707403150657,0.21437098527253046,0.18865827441240388
10839850,73,Scottish Cup,2022,2022-11-26,Round 3,2,5,arbroath,fraserburgh-fc,lo_home,3,2,0,8,8,3,2,,,0.6012336724991724,0.23678055931548592,1.53,3.6,3.1410015321543963,2.0401646057071607,,,0.16198576818534183,5.0,,2,1,1.1008369264472355,0.8991630735527645,4,2.1486624208175615,0.8050546456547055,0.12180917957998774,0.07313617476530673,0.8139043133099255,0.5684941864810106,0.24606836295062678,0.18543745056836264
10839851,73,Scottish Cup,2022,2022-11-26,Round 3,3,4,dunfermline-athletic,forfar-athletic,hi_home,1,4,0,16,4,8,0,,,0.7145805770874473,0.1011971168787291,1.33,8.0,2.113903807669559,0.6474771215039155,,,0.1842223060338237,4.75,,4,1,1.4664266861656434,2.5335733138343564,5,0.7115817225466341,0.5398958831526537,0.22461316797023964,0.23549094887710673,1.3228996434440061,0.6924732360057456,0.20305092579174427,0.10447583820251014
10839853,73,Scottish Cup,2022,2022-11-26,Round 3,2,3,partick-thistle,kelty-hearts-fc,hi_home,1,3,0,6,5,5,1,,,0.6413940365163304,0.15634706513902186,1.45,5.25,2.0693498240284525,0.9110041058066007,,,0.2022588983446477,4.2,,3,1,1.1583457182218517,1.8416542817781483,4,1.199998903416206,0.6483537957936635,0.19643170435186594,0.15521449985447056,1.293515844465861,0.6673822135516693,0.18615190416116484,0.1464658822871659
10839854,73,Scottish Cup,2022,2022-11-26,Round 3,4,5,stenhousemuir,formartine-united-fc,lo_home,1,3,1,10,14,5,5,,,0.411694679413565,0.3503184566014268,2.25,2.62,1.6196315230838125,1.4779580658744051,,,0.23798686398500823,3.75,,2,1,0.14167345720940738,1.8583265427905926,2,0.5736308801584007,0.5089942804868317,0.22033225664389747,0.2706734628692708,-0.08378637852425985,0.3737826741818168,0.21836931485194863,0.4078480109662346
10839823,73,Scottish Cup,2022,2022-11-28,Round 3,2,5,ayr-united,pollok-fc,hi_home,3,1,0,16,6,6,2,,,0.8932320338354975,0.02680925959707994,1.08,23.0,3.169288540666432,0.4368831703977771,,,0.0799587065674226,10.0,,1,1,2.732405370268655,-1.7324053702686548,6,2.870345137672022,0.8856162483771619,0.07764183485906234,0.036741916763775716,2.2667238226006945,0.7680462569812353,0.11111352444126063,0.12084021857750409
10738308,1520,Challenge Cup,2022,2022-12-08,Round 4,2,3,dundee-fc,falkirk-fc,lo_home,1,3,0,14,5,7,1,,,0.5480573043535478,0.20668874219371264,1.7,4.2,1.646928040688296,0.9068869124850713,,,0.24525395345273968,3.6,,3,1,0.7400411282032248,2.2599588717967753,3,0.6396106518457993,0.5234635717192506,0.23696585409672052,0.2395705741840288,0.06834278524589643,0.39031914503771714,0.25037658477460417,0.3593042701876787
10888597,1520,Challenge Cup,2022,2022-12-09,Round 4,2,3,arbroath,dunfermline-athletic,hi_home,1,1,5,6,16,2,9,,,0.39823760989584883,0.3128809210816924,2.3,2.88,1.1917796052340388,1.0215586949275919,,,0.28888146902245876,3.1,,-4,-1,0.17022091030644693,-4.170220910306447,2,1.1625131889112086,0.6420500719731917,0.201580178087389,0.1563697499394192,-0.401281173682985,0.23630938667061915,0.31193946377418225,0.45175114955519863
10738312,1520,Challenge Cup,2022,2022-12-10,Round 4,3,4,clyde-fc,elgin-city,lo_home,1,0,0,7,9,2,3,,,0.35512613606624366,0.38650756351505083,2.6,2.4,1.31274323528102,1.3807747694407055,,,0.25836630041870545,3.5,,0,0,-0.06803153415968555,0.06803153415968555,2,0.16481986825714667,0.4130473972976734,0.2476032651941577,0.33934933750816887,-0.682662853597205,0.2650861478030097,0.20211949844458485,0.5327943537524054
10738313,1520,Challenge Cup,2022,2022-12-10,Round 4,2,3,queens-park-fc,montrose,neutral,1,2,0,16,14,9,8,,,0.6076095504004224,0.18277630484384225,1.55,4.75,2.0277717401273496,1.0165952257167286,,,0.2096141447557354,4.2,,2,1,1.011176514410621,0.9888234855893789,4,0.8201973590490086,0.5672543237694,0.23591250616039766,0.19683317007020246,0.3589498834296958,0.45792976438827404,0.24645988013970876,0.2956103554720172
10979457,1520,Challenge Cup,2022,2023-01-10,,2,3,hamilton-academical,clyde-fc,hi_home,1,3,2,17,6,6,2,,,0.5689278271506071,0.19389088267425877,1.65,4.5,1.7213650836082643,0.8952714855476438,,,0.23718129017513423,3.75,,1,1,0.8260935980606205,0.17390640193937945,3,1.1625131889112086,0.6420500719731917,0.201580178087389,0.1563697499394192,1.1482288140942178,0.6379106675225427,0.19865335838363055,0.16343597409382682
10917550,73,Scottish Cup,2022,2023-01-21,Round 4,1,2,celtic,greenock-morton,hi_home,1,5,0,31,4,11,1,,,0.9312727490123185,0.010910411461701318,1.04,41.0,3.2582005248811634,0.22637542074452144,,,0.05781683952598032,13.0,,5,1,3.031825104136642,1.968174895863358,7,2.0928345179440533,0.8128805172149853,0.12621480509717317,0.060904677687841455,3.2152234083596682,0.9219673073660268,0.05742703327568338,0.020605659358289785
10917551,73,Scottish Cup,2022,2023-01-21,Round 4,2,3,partick-thistle,dunfermline-athletic,hi_home,1,1,1,9,15,4,5,,,0.46409587483979187,0.2548962187557039,2.0,3.5,1.3229727405190754,0.9019727403424418,,,0.28100790640450424,3.2,,0,0,0.42100000017663364,-0.42100000017663364,2,1.199998903416206,0.6483537957936635,0.19643170435186594,0.15521449985447056,0.11861095939080046,0.4013114897270201,0.2512480421605144,0.34744046811246565
10917556,73,Scottish Cup,2022,2023-01-21,Round 4,1,4,livingston,stenhousemuir,lo_home,3,3,1,18,1,7,1,,,0.6813600976168289,0.15123596705411252,1.4,5.75,2.6228644130363925,1.1855291606554679,,,0.16740393532905867,5.25,,2,1,1.4373352523809246,0.5626647476190754,4,1.3769747340032996,0.686879969066897,0.1848320570273977,0.1282879739057053,1.6211517581220263,0.7290988358900313,0.1612602499692193,0.10964091414074942
10917561,73,Scottish Cup,2022,2023-01-21,Round 4,1,2,st-mirren,dundee-fc,hi_home,1,0,0,13,10,5,3,,,0.48673904800572027,0.232594439647618,1.9100000000000001,3.8,1.34309100641125,0.8342864359242101,,,0.2806665123466618,3.2,,0,0,0.5088045704870399,-0.5088045704870399,2,0.5213075926335144,0.49452555906822804,0.24968646911993095,0.2557879718118411,0.11393864374493634,0.39689952662642586,0.2591867218382212,0.34391375153535303
10917564,73,Scottish Cup,2022,2023-01-21,Round 4,1,2,ross-county,hamilton-academical,lo_home,1,0,0,19,7,10,5,,,0.520922827726989,0.22211117848488143,1.8,4.0,1.5386886973508276,0.9067133368026151,,,0.25696599378812973,3.5,,0,0,0.6319753605482125,-0.6319753605482125,3,0.046765447488645195,0.3795487636974802,0.2627457743457658,0.35770546195675396,0.33906323020282136,0.45055736720857475,0.25639944083901134,0.2930431919524139
10917566,73,Scottish Cup,2022,2023-01-21,Round 4,1,4,kilmarnock,dumbarton,hi_home,3,1,0,16,3,6,2,,,0.8629140786783631,0.028247278440820863,1.11,21.0,2.5847585695857824,0.30492189784197055,,,0.10883864288081592,7.5,,1,1,2.279836671743812,-1.279836671743812,6,1.9528975635553847,0.7882707486313809,0.13708712712538645,0.07464212424323265,1.150171404990432,0.6458281883940293,0.21020029800243784,0.14397151360353286
10917570,73,Scottish Cup,2022,2023-01-21,Round 4,1,5,dundee-united,university-of-stirling-fc,hi_home,4,3,0,14,2,7,1,,,0.9446833306208322,0.012196640734021068,1.03,41.0,3.924051057560835,0.3892531510186956,,,0.0431200286451468,17.0,,3,1,3.5347979065421393,-0.5347979065421393,7,3.240208023194863,0.9166657073526707,0.0592277487804853,0.024106543866844004,3.6295669577402845,0.9428458125232533,0.04257284542513383,0.014581342051612864
10989846,73,Scottish Cup,2022,2023-01-21,Round 4,1,2,motherwell,arbroath,lo_home,1,2,0,9,7,3,1,,,0.5923868371177432,0.16657765447913936,1.6,5.25,1.6653178441951755,0.7517961351274008,,,0.24103550840311758,3.75,,2,1,0.9135217090677746,1.0864782909322255,3,0.046765447488645195,0.3795487636974802,0.2627457743457658,0.35770546195675396,1.0194728626275857,0.617747793804091,0.22608486935832464,0.15616733683758446
10917562,73,Scottish Cup,2022,2023-01-23,Round 4,1,5,aberdeen,darvel-fc,lo_home,4,0,1,12,8,3,3,,,0.8101870765511264,0.08430564386993945,1.17,9.0,3.6770442433651107,1.2559234500656007,,,0.10550727957893405,7.5,,-1,-1,2.42112079329951,-3.42112079329951,6,2.4901122175060837,0.8502164896320994,0.09903727142096007,0.05074623894694052,1.7074348585293648,0.7176164375987498,0.14510710760543793,0.1372764547958122
10998269,1520,Challenge Cup,2022,2023-01-24,Quarterfinals,2,3,dundee-fc,dunfermline-athletic,hi_home,1,4,2,8,10,6,4,,,0.5084372751890522,0.22820290078574132,1.8,3.75,1.4814773409134758,0.897159420550201,,,0.2633598240252065,3.3,,2,1,0.5843179203632748,1.415682079636725,3,1.1625131889112086,0.6420500719731917,0.201580178087389,0.1563697499394192,0.39517032697852206,0.4602598245352922,0.2717728284296989,0.2679673470350091
11006446,73,Scottish Cup,2022,2023-01-24,Round 4,4,5,elgin-city,drumchapel-united,hi_home,1,2,1,15,6,6,3,,,0.699498635353553,0.15439783363810203,1.33,5.25,3.1708053851997904,1.528403053962277,,,0.14610353100834497,5.5,,1,1,1.6424023312375133,-0.6424023312375133,4,1.1827804948304426,0.6377102061673711,0.18820106651804966,0.17408872731457928,-0.2983389300437602,0.3155348324864568,0.2382709848397641,0.44619418267377914
11006448,73,Scottish Cup,2022,2023-01-24,Round 4,2,5,raith-rovers,linlithgow-rose,lo_home,3,2,0,9,3,7,1,,,0.701756289245088,0.11149805759023501,1.3599999999999999,7.5,2.1251213353017535,0.7077840377787827,,,0.186745653164677,4.75,,2,1,1.4173372975229708,0.5826627024770292,5,2.1486624208175615,0.8050546456547055,0.12180917957998774,0.07313617476530673,0.7595558652917277,0.5531774650736223,0.2360011984504607,0.21082133647591697
11013861,1520,Challenge Cup,2022,2023-02-07,Semifinals,2,3,hamilton-academical,queen-of-the-south,hi_home,1,1,1,21,17,10,6,,,0.5038352742109603,0.23299868535008522,1.85,3.8,1.4811144224680215,0.9151647956160134,,,0.2631660404389546,3.4,,0,0,0.5659496268520081,-0.5659496268520081,3,1.1625131889112086,0.6420500719731917,0.201580178087389,0.1563697499394192,0.2670986065494838,0.43739507106009484,0.24436982656852463,0.3182351023713806
11028738,73,Scottish Cup,2022,2023-02-10,Round 5,1,2,heart-of-midlothian,hamilton-academical,lo_home,1,2,0,20,4,7,2,,,0.7194500370700382,0.09371504737360613,1.3,8.0,2.0517678190792648,0.582285412782791,,,0.1868349155563557,4.5,,2,1,1.4694824062964738,0.5305175937035262,5,0.046765447488645195,0.3795487636974802,0.2627457743457658,0.35770546195675396,1.4263297224087021,0.6973530487339659,0.17967726036205434,0.12296969090397972
11028741,73,Scottish Cup,2022,2023-02-11,Round 5,1,2,motherwell,raith-rovers,lo_home,1,1,3,6,6,4,5,,,0.5051689586021089,0.24356194361977596,1.83,3.6,1.5852630148942557,1.018900450801166,,,0.2512690977781153,3.5,,-2,-1,0.5663625640930896,-2.5663625640930894,3,0.046765447488645195,0.3795487636974802,0.2627457743457658,0.35770546195675396,0.31799909671192306,0.44413919517973105,0.2614574050740392,0.2944033997462297
11032777,73,Scottish Cup,2022,2023-02-11,Round 5,2,4,ayr-united,elgin-city,hi_home,2,1,1,21,18,8,6,,,0.7565911466217945,0.09083896644054448,1.25,8.5,2.5159159001185825,0.7559192072019266,,,0.15256988693766094,5.5,,0,0,1.7599966929166557,-1.7599966929166557,5,1.6536149807365281,0.7365329325923377,0.16067468463000803,0.10279238277765423,1.9862256530379772,0.7764843702859408,0.1316930509825791,0.09182257873148007
11042676,73,Scottish Cup,2022,2023-02-11,Round 5,1,2,livingston,inverness-caledonian-thistle,hi_home,1,0,3,15,4,5,4,,,0.670141181993932,0.12421847522369078,1.4,6.5,1.9452733331321284,0.6932845850445587,,,0.2056403427823771,4.2,,-3,-1,1.2519887480875695,-4.2519887480875695,4,0.5213075926335144,0.49452555906822804,0.24968646911993095,0.2557879718118411,0.7235832482295881,0.5445844323196096,0.24069541764509697,0.21472015003529346
11028740,73,Scottish Cup,2022,2023-02-12,Round 5,1,2,rangers,partick-thistle,hi_home,1,3,2,15,7,8,4,,,0.9000312583723571,0.02147468241875095,1.07,26.0,3.0567268728001484,0.3406373392548136,,,0.07849405920889178,10.0,,1,1,2.7160895335453348,-1.7160895335453348,7,2.0928345179440533,0.8128805172149853,0.12621480509717317,0.060904677687841455,2.564018469979334,0.855510970650429,0.09439202777933035,0.05009700157024062
11029621,73,Scottish Cup,2022,2023-02-13,Round 5,3,5,falkirk-fc,darvel-fc,lo_home,2,5,1,15,3,7,1,,,0.6120129328467734,0.2182491461396282,1.53,4.0,2.8584455178025396,1.7297726837976592,,,0.16973792101359855,5.0,,4,1,1.1286728340048804,2.87132716599512,4,1.0799256644627862,0.6165172838507567,0.1939031158663853,0.18957960028285797,-0.16225277106646474,0.35147077758532513,0.22863780987565818,0.4198914125390167
11063669,73,Scottish Cup,2022,2023-03-10,Quarterfinals,1,2,kilmarnock,inverness-caledonian-thistle,lo_home,1,1,2,9,12,4,5,,,0.47559717994489153,0.26220141002755426,1.95,3.4,1.4715464306709107,1.0204674529439064,,,0.26220141002755426,3.4,,-1,-1,0.45107897772700434,-1.4510789777270043,2,0.046765447488645195,0.3795487636974802,0.2627457743457658,0.35770546195675396,-0.029919918261970047,0.3581377061951756,0.2694153575198058,0.3724469362850186
11063666,73,Scottish Cup,2022,2023-03-12,Quarterfinals,1,2,rangers,raith-rovers,hi_home,1,3,0,24,3,8,2,,,0.9106712506173829,0.018666115947204687,1.06,29.0,3.179786249087564,0.33145170018131215,,,0.07066263343541232,11.0,,3,1,2.848334548906252,0.15166545109374807,7,2.0928345179440533,0.8128805172149853,0.12621480509717317,0.060904677687841455,2.107288486999,0.8143091541362194,0.12420906283178791,0.06148178303199275
11063667,73,Scottish Cup,2022,2023-03-13,Quarterfinals,2,3,ayr-united,falkirk-fc,lo_home,1,1,2,15,9,6,3,,,0.3285461961283074,0.40457657895302757,2.8,2.3,1.186602036729314,1.3472307861794848,,,0.2668772249186651,3.4,,-1,-1,-0.1606287494501708,-0.8393712505498292,1,0.6602351596089351,0.5283044666671896,0.23212094805957026,0.23957458527324013,-0.21536790792482075,0.3304541951747684,0.24343285750022145,0.42611294732501004
11129490,73,Scottish Cup,2022,2023-04-29,Semifinals,2,3,inverness-caledonian-thistle,falkirk-fc,neutral,1,3,0,11,14,4,2,,,0.4630872308913585,0.27258573256874036,2.05,3.4,1.4434201183080502,1.0419375220396248,,,0.26432703653990125,3.5,,3,1,0.4014825962684254,2.5985174037315746,2,0.8466449592417085,0.5729935402155415,0.23060254545514752,0.19640391432931106,-0.14958112558192194,0.33633132914442077,0.25803260819725427,0.405636062658325
11252080,73,Scottish Cup,2022,2023-06-03,Final,1,2,celtic,inverness-caledonian-thistle,neutral,1,3,1,19,3,6,1,,,0.9205838737806514,0.030873192721233008,1.05,21.0,5.055957898124071,1.187432921850432,,,0.04854293349811548,15.0,,2,1,3.8685249762736396,-1.8685249762736396,7,1.645866135898117,0.74784446543683,0.16641128364120683,0.08574425092196306,3.009492459005347,0.9064492760993781,0.06754020046730973,0.02601052343331221
11448844,1520,Challenge Cup,2023,2023-08-15,Round 2,3,4,annan-athletic,stranraer,hi_home,1,3,1,14,11,7,5,1.911716977784881,1.6283933240768618,0.4418875617634021,0.3022905568213309,2.1,3.0,1.491633697590167,1.1885586223036648,,,0.2558218814152669,3.5,,2,1,0.3030750752865021,1.6969249247134979,2,0.6684526215176423,0.5301960801547699,0.23079857309468138,0.23900534675054871,0.13771831423552872,0.4119908759264421,0.23530594454478854,0.3527031795287694
11500245,1520,Challenge Cup,2023,2023-08-15,Round 2,3,5,stirling-albion,east-kilbride,hi_home,2,0,3,3,29,0,13,1.0827123435662478,3.482519865716881,0.1291374071560074,0.7145560468340182,6.5,1.33,1.104877227408098,2.72426830146806,,,0.15630654600997454,5.5,,-3,-1,-1.6193910740599622,-1.3806089259400378,1,1.652334846786692,0.7261757238287792,0.15665815693140447,0.11716611923981644,0.4038712960341351,0.4710828599818527,0.23052610240627333,0.2983910376118741
11500244,1520,Challenge Cup,2023,2023-08-16,Round 2,4,5,clyde-fc,university-of-stirling-fc,hi_home,1,1,3,14,17,8,6,1.3151333377663574,0.0,0.47125305343354246,0.2861207714925467,1.95,3.1,1.6500123145323293,1.2335848176683941,,,0.24262617507391088,3.6,,-2,-1,0.4164274968639352,-2.4164274968639354,2,1.1353407453232072,0.6295227501519882,0.19321866520349334,0.17725858464451835,1.7742489974485056,0.7592450881281692,0.15084300202908157,0.08991190984274931
11490859,982,League Cup,2023,2023-08-18,Round 2,1,3,aberdeen,stirling-albion,lo_home,2,2,1,14,7,7,4,1.3518402433051075,1.2082914256133979,0.7167855885701205,0.11953629530574578,1.3,6.5,2.5153928190233716,0.936945064849072,,,0.1636781161241337,5.0,,1,1,1.5784477541742996,-0.5784477541742996,5,1.008920763930182,0.605551515455998,0.20613540768856997,0.18831307685543208,2.046387935472379,0.8086511253090332,0.12953239703906008,0.06181647765190675
11490854,982,League Cup,2023,2023-08-19,Round 2,1,2,livingston,ayr-united,hi_home,1,2,0,5,3,3,3,0.7752643401006614,0.7889868073014739,0.5274225735596033,0.21491244967485543,1.75,4.0,1.5338197757861578,0.8759694144601682,,,0.2576649767655412,3.4,,2,1,0.6578503613259896,1.3421496386740104,3,0.5385961570781854,0.49987438037174126,0.2381715763826267,0.26195404324563204,0.7936385547606529,0.5613405342742003,0.23738208419924386,0.20127738152655592
11490855,982,League Cup,2023,2023-08-19,Round 2,1,2,ross-county,airdrieonians,lo_home,1,3,3,8,11,6,7,1.5097297513581538,2.069922483214125,0.4852351571433126,0.25329336652306655,1.9100000000000001,3.5,1.4846295271108059,0.9946398683721137,,,0.2614714763336208,3.4,,0,0,0.48998965873869216,-0.48998965873869216,2,0.03802551783524666,0.3833348051676227,0.2504547256832273,0.3662104691491501,0.7375736380583697,0.546228598435171,0.22291123967114665,0.23086016189368225
11490858,982,League Cup,2023,2023-08-19,Round 2,1,2,rangers,greenock-morton,hi_home,1,2,1,24,5,10,2,2.809798688671551,1.2167772310968072,0.88460557558797,0.03524075980602615,1.09,19.0,3.4163054658489993,0.6190084106156007,,,0.08015366460600386,10.0,,1,1,2.7972970552333987,-1.7972970552333987,6,2.2949858990662615,0.8322506910304626,0.11141191856854928,0.0563373904009882,2.145944946173672,0.8215684420007331,0.12157562796157877,0.05685593003768815
11490856,982,League Cup,2023,2023-08-20,Round 2,1,2,hibernian,raith-rovers,hi_home,1,2,1,11,5,5,3,1.4622212095516305,0.6729991940781228,0.6068902407341806,0.16604411044976974,1.53,5.0,1.799002739302789,0.8165266120700582,,,0.22706564881604951,3.8,,1,1,0.9824761272327308,0.01752387276726919,4,0.5385961570781854,0.49987438037174126,0.2381715763826267,0.26195404324563204,1.2669674458524804,0.6669887024090188,0.19553835807323633,0.13747293951774484
11490860,982,League Cup,2023,2023-08-20,Round 2,1,2,heart-of-midlothian,partick-thistle,hi_home,1,4,0,13,5,7,1,1.5271130745266857,0.27698314293486326,0.5603766795215325,0.21981166023923382,1.67,4.0,1.9380617974037957,1.1357653327707615,,,0.21981166023923382,4.0,,4,1,0.8022964646330342,3.1977035353669656,3,0.5385961570781854,0.49987438037174126,0.2381715763826267,0.26195404324563204,0.9850405372403709,0.606095691178015,0.22081804327747193,0.173086265544513
11548277,1520,Challenge Cup,2023,2023-09-05,Round 3,2,3,ayr-united,falkirk-fc,hi_home,1,0,1,3,7,1,3,0.23286746388478377,0.5772726183443279,0.40428384177644905,0.35340955430626275,2.25,2.55,1.5606791383386858,1.4448544805939532,,,0.24230660391728812,3.6,,-1,-1,0.1158246577447326,-1.1158246577447326,2,1.1473623794384067,0.6388227776863712,0.2027820535453767,0.15839516876825221,-0.5389508267965557,0.2603069060273574,0.2395954837481939,0.5000976102244487
11548279,1520,Challenge Cup,2023,2023-09-09,Round 3,3,4,annan-athletic,peterhead,hi_home,1,0,2,5,7,1,4,0.5254902050999466,0.7752978032704251,0.4605084996209226,0.28766741585533184,2.0,3.1,1.5488841935832816,1.1704430585636283,,,0.25182408452374566,3.5,,-2,-1,0.37844113501965326,-2.3784411350196533,2,0.6684526215176423,0.5301960801547699,0.23079857309468138,0.23900534675054871,-0.20998329251758396,0.3430417593393594,0.22624978609734378,0.43070845456329687
11548289,1520,Challenge Cup,2023,2023-09-09,Round 3,2,4,greenock-morton,elgin-city,hi_home,2,2,1,17,3,8,1,1.2275494919647527,0.30016155423318314,0.7534911335732238,0.09600868544178746,1.25,8.0,2.594148293170712,0.8247330494589523,,,0.15050018098498857,5.5,,1,1,1.7694152437117596,-0.7694152437117596,5,1.5699477522425593,0.7240253763230288,0.16874570598925562,0.10722891768771563,1.4257254884398973,0.7001312198070531,0.18272374055464513,0.11714503963830174
11548293,1520,Challenge Cup,2023,2023-09-09,Round 3,4,5,east-fife,albion-rovers,hi_home,1,2,1,11,5,5,4,1.2042734816115384,1.1213630319855068,0.49850690474584614,0.25867582896171737,1.85,3.4,1.666108496651596,1.1313456463287848,,,0.2428172662924364,3.6,,1,1,0.5347628503228112,0.46523714967718877,2,1.1353407453232072,0.6295227501519882,0.19321866520349334,0.17725858464451835,0.32331840359537334,0.4450363306430081,0.2620796430263835,0.2928840263306083
11548294,1520,Challenge Cup,2023,2023-09-09,Round 3,3,5,edinburgh-city-fc,east-kilbride,hi_home,2,1,4,5,24,3,14,0.6607748491497543,4.22346109265723,0.2467765647744702,0.5334895360608628,3.6,1.75,1.2674759429353697,1.9522229390851171,,,0.21973389916466698,4.0,,-3,-1,-0.6847469961497474,-2.315253003850253,1,1.652334846786692,0.7261757238287792,0.15665815693140447,0.11716611923981644,-0.2777529699317829,0.3258833490270252,0.23031626275555103,0.4438003882174238
11548296,1520,Challenge Cup,2023,2023-09-09,Round 3,2,5,airdrieonians,university-of-stirling-fc,lo_home,3,3,2,22,8,10,5,2.112650664849502,0.0,0.7285858882751867,0.10367207608874755,1.29,7.5,2.3528144745550827,0.7643396243115672,,,0.16774203563606588,5.0,,1,1,1.5884748502435155,-0.5884748502435155,5,2.075599307166904,0.797015492210084,0.12702313310492658,0.07596137468498938,1.8285264752787238,0.7493135784827292,0.14211845195961467,0.10856796955765614
11548297,1520,Challenge Cup,2023,2023-09-09,Round 3,3,4,kelty-hearts-fc,dumbarton,lo_home,1,3,1,13,19,5,6,2.159033384974645,1.8719779750470857,0.3702709915615424,0.3785513408938603,2.45,2.4,1.406495672122655,1.4248431248038347,,,0.2511776675445973,3.5,,2,1,-0.018347452681179766,2.01834745268118,2,0.16073139498513989,0.4119351966041819,0.2481064779143938,0.3399583254814243,-0.37789679015035516,0.28047324762154474,0.2611867690598052,0.4583399833186501
11548298,1520,Challenge Cup,2023,2023-09-09,Round 3,2,3,partick-thistle,queen-of-the-south,hi_home,1,2,3,20,9,6,7,2.430287409396276,1.1191645431487705,0.6201923508748376,0.1765849513240004,1.5,4.75,2.1030108146778494,1.0291094729906471,,,0.203222697801162,4.2,,-1,-1,1.0739013416872023,-2.0739013416872023,4,1.1473623794384067,0.6388227776863712,0.2027820535453767,0.15839516876825221,0.5248920915165454,0.49839265675762867,0.22402619481206343,0.2775811484303079
11649867,1520,Challenge Cup,2023,2023-10-14,Round 4,2,3,raith-rovers,montrose,hi_home,1,3,1,15,13,7,5,1.1495445649827294,1.5290276827119613,0.6713940652534188,0.13742084353705336,1.4,6.0,2.162759301956792,0.8625206897471268,,,0.19118509120952776,4.5,,2,1,1.300238612209665,0.699761387790335,4,1.1473623794384067,0.6388227776863712,0.2027820535453767,0.15839516876825221,1.1514321810471657,0.6374850726007383,0.19718380127055973,0.16533112612870193
11649871,1520,Challenge Cup,2023,2023-10-14,Round 4,2,3,queens-park-fc,falkirk-fc,lo_home,1,0,1,9,14,2,7,0.8787438945241661,2.2821149391342925,0.24525395345273962,0.5480573043535478,3.6,1.7,1.391221565289804,2.1481184119330408,,,0.20668874219371258,4.2,,-1,-1,-0.7568968466432369,-0.24310315335676314,1,0.6398488638460926,0.5235194712546687,0.2369841527280074,0.23949637601732393,-1.5878782854779039,0.11065786793475768,0.16477563651491262,0.7245664955503296
11649877,1520,Challenge Cup,2023,2023-10-14,Round 4,3,5,hamilton-academical,east-kilbride,lo_home,2,5,2,15,9,8,5,2.5922802123740945,0.8691562499030037,0.5865696995250742,0.19320153879690533,1.6,4.5,1.908113281860621,0.9970381240301786,,,0.2202287616780206,4.0,,3,1,0.9110751578304425,2.0889248421695576,3,1.042303672031677,0.6098455946796812,0.1981571848643235,0.1919972204559953,0.6008335239042788,0.5155564826808315,0.21425118226259554,0.2701923350565729
11649878,1520,Challenge Cup,2023,2023-10-14,Round 4,2,4,dundee-united,peterhead,lo_home,2,2,0,14,3,8,0,1.843270611608053,0.21414155203880456,0.7243087834306831,0.12436941843628592,1.3,6.5,2.8004245311076965,1.114478318371995,,,0.151321798133031,5.5,,2,1,1.6859462127357014,0.31405378726429856,5,1.0412243865196955,0.6162041074804666,0.21189921385663804,0.1718966786628953,1.109337470856138,0.6321102799890509,0.20613577197611194,0.16175394803483717
11649881,1520,Challenge Cup,2023,2023-10-14,Round 4,2,3,greenock-morton,kelty-hearts-fc,hi_home,1,4,1,15,12,7,3,1.5451921756123022,1.1106471025195699,0.5832886310807567,0.2047792750631989,1.62,4.333333333333334,2.029196007064709,1.12178611999742,,,0.21193209385604436,4.2,,3,1,0.9074098870672891,2.0925901129327107,3,1.1473623794384067,0.6388227776863712,0.2027820535453767,0.15839516876825221,0.6121561159937328,0.5176447744516405,0.23668894617362482,0.2456662793747346
11649882,1520,Challenge Cup,2023,2023-10-14,Round 4,2,3,arbroath,queen-of-the-south,lo_home,1,2,1,9,9,4,3,0.9733518466182765,0.9309587274810155,0.4486784004522646,0.3213561317095955,2.05,2.8,1.7703253853513712,1.4696371551357261,,,0.22996546783813993,3.8,,1,1,0.30068823021564506,0.6993117697843549,2,0.6398488638460926,0.5235194712546687,0.2369841527280074,0.23949637601732393,-0.15881944589743324,0.3550684828017419,0.22404081181084895,0.42089070538740914
11779329,73,Scottish Cup,2023,2023-10-28,Round 2,4,5,stenhousemuir,brora-rangers-fc,hi_home,1,0,2,13,11,3,5,1.3824009878575063,0.0,0.6196461737819999,0.16603388920201845,1.5,5.0,1.9396060402749282,0.8893699536494473,,,0.2143199370159815,4.0,,-2,-1,1.050236086625481,-3.050236086625481,4,1.1722446320874578,0.6353744781223306,0.18855882670126875,0.1760666951764007,0.17396378829296633,0.4171586220675807,0.2425807165635053,0.3402606613689141
11779330,73,Scottish Cup,2023,2023-10-28,Round 2,4,5,dumbarton,banks-odee-fc,hi_home,1,3,2,11,9,5,6,3.2838451612049138,0.0,0.700724606675613,0.13362487470894255,1.3333333333333333,6.0,2.561655227183914,1.0462488616492416,,,0.1656505186154445,5.0,,1,1,1.5154063655346723,-0.5154063655346723,5,1.1722446320874578,0.6353744781223306,0.18855882670126875,0.1760666951764007,0.9973702161576428,0.5969510247124007,0.19104673100933714,0.21200224427826214
11779332,73,Scottish Cup,2023,2023-10-28,Round 2,4,5,the-spartans-fc,brechin-city,lo_home,1,2,1,10,6,3,3,1.630245002647889,0.6309441707521433,0.4379260641628724,0.32821034583294123,2.1,2.75,1.7088828716037363,1.45284585287334,,,0.23386359000418652,3.75,,1,1,0.2560370187303964,0.7439629812696036,2,0.5780537089364437,0.5099831960105019,0.2196535861871369,0.27036321780236117,-0.043053297135776436,0.36518993556832463,0.2501647434705009,0.3846453209611744
11779333,73,Scottish Cup,2023,2023-10-28,Round 2,4,5,peterhead,clachnacuddin-fc,hi_home,1,3,1,10,3,4,2,1.6811157348543146,0.0,0.9285537180337596,0.026099136801671304,1.05,26.0,4.955938846784956,1.044116722698209,,,0.045347145164568975,17.0,,2,1,3.9118221240867466,-1.9118221240867466,7,1.1722446320874578,0.6353744781223306,0.18855882670126875,0.1760666951764007,3.925776165293032,0.9455641824560116,0.038345114313558415,0.01609070323043004
11779334,73,Scottish Cup,2023,2023-10-28,Round 2,4,5,bonnyrigg-rose,fraserburgh-fc,lo_home,1,1,1,11,9,6,3,1.0020682775106307,0.0,0.5128184880671726,0.2715713980359481,1.8,3.25,2.0143645945537503,1.4237392760570036,,,0.21561011389687945,4.0,,0,0,0.5906253184967467,-0.5906253184967467,3,0.5780537089364437,0.5099831960105019,0.2196535861871369,0.27036321780236117,0.6436392162165896,0.5250073103922653,0.24133012783533145,0.23366256177240322
11779342,73,Scottish Cup,2023,2023-10-28,Round 2,4,5,east-fife,dunbar-united,lo_home,1,0,1,14,8,3,5,1.5060531771206567,0.0,0.720872125676572,0.10252414959365286,1.3,7.5,2.2183287708231743,0.6987976773217064,,,0.17660372472977529,4.75,,-1,-1,1.5195310935014679,-2.5195310935014676,5,0.5780537089364437,0.5099831960105019,0.2196535861871369,0.27036321780236117,1.5055835462697615,0.7060664190704191,0.1693939855512663,0.12453959537831454
11779344,73,Scottish Cup,2023,2023-10-28,Round 2,4,5,forfar-athletic,huntly-fc,lo_home,1,1,1,18,10,11,7,1.8614555124405543,0.0,0.45670017491032777,0.2947332499511227,2.0,3.0,1.575888566719947,1.2172855692121451,,,0.24856657513854968,3.5,,0,0,0.3586029975078018,-0.3586029975078018,2,0.5780537089364437,0.5099831960105019,0.2196535861871369,0.27036321780236117,1.0994590154910937,0.6397668572964991,0.22609199565867097,0.1341411470448299
11779346,73,Scottish Cup,2023,2023-10-28,Round 2,4,5,stranraer,civil-service-strollers-fc,lo_home,1,3,0,10,1,6,0,1.5566920767474253,0.0,0.7276460939648945,0.12274075080817969,1.29,6.5,2.8270499747292663,1.1177965133537457,,,0.14961315522692575,5.5,,3,1,1.7092534613755206,1.2907465386244794,5,0.5780537089364437,0.5099831960105019,0.2196535861871369,0.27036321780236117,1.6671260234227023,0.7322573441085011,0.1559921849409503,0.11175047095054867
11779347,73,Scottish Cup,2023,2023-10-28,Round 2,4,5,elgin-city,jeanfield-swifts,lo_home,1,0,6,9,14,1,7,0.8020719567133088,0.0,0.5366588984924797,0.2731617725936166,1.73,3.25,2.4784864676336453,1.7653745051899687,,,0.19017932891390368,4.5,,-6,-1,0.7131119624436766,-6.713111962443676,3,0.5780537089364437,0.5099831960105019,0.2196535861871369,0.27036321780236117,-0.11074563583635899,0.36559357879762094,0.22311068292395927,0.41129573827841975
11783290,73,Scottish Cup,2023,2023-10-30,Round 2,4,5,clyde-fc,musselburgh-athletic-fc,lo_home,1,2,1,17,8,8,2,1.9899451110814985,0.0,0.5273072649573909,0.2417297096648253,1.75,3.6,1.8059720926283165,1.1499714305368562,,,0.23096302537778376,3.75,,1,1,0.6560006620914602,0.34399933790853976,3,0.5780537089364437,0.5099831960105019,0.2196535861871369,0.27036321780236117,0.7394898344469365,0.5493020468379604,0.26463839088074587,0.18605956228129375
11767223,1520,Challenge Cup,2023,2023-11-17,Quarterfinals,2,3,raith-rovers,hamilton-academical,lo_home,1,4,1,6,3,4,2,1.0809487027378988,0.1307511723513495,0.34850859017361535,0.3940769994156013,2.7,2.4,1.3040895674891069,1.4031187806238272,,,0.2574144104107833,3.6,,3,1,-0.09902921313472035,3.0990292131347204,1,0.6398488638460926,0.5235194712546687,0.2369841527280074,0.23949637601732393,-0.29380542384130326,0.3004426481316726,0.2611186414118315,0.43843871045649596
11767224,1520,Challenge Cup,2023,2023-11-17,Quarterfinals,2,3,dundee-united,falkirk-fc,lo_home,1,2,4,6,16,3,8,0.6384358078960624,2.2295346394487803,0.4627362024843176,0.28103761168757707,2.05,3.3,1.5111671171783878,1.1188961246195974,,,0.2562261858281052,3.6,,-2,-1,0.3922709925587904,-2.3922709925587906,2,0.6398488638460926,0.5235194712546687,0.2369841527280074,0.23949637601732393,0.43973757852965667,0.4746235367911062,0.2554515588731066,0.2699249043357873
11834332,73,Scottish Cup,2023,2023-11-24,Round 3,4,5,clyde-fc,jeanfield-swifts,hi_home,1,2,0,12,15,3,4,1.1213400763224535,0.0,0.47539926360517515,0.3114369414642713,1.95,2.9,2.034710898088388,1.6244285704015566,,,0.2131637949305535,4.1,,2,1,0.4102823276868315,1.5897176723131685,2,1.1722446320874578,0.6353744781223306,0.18855882670126875,0.1760666951764007,-0.6235485655142541,0.27636010933129834,0.20343278920978836,0.5202071014589132
11816722,73,Scottish Cup,2023,2023-11-25,Round 3,4,5,forfar-athletic,tranent-juniors-fc,lo_home,1,1,0,6,8,3,4,0.9600591115003386,0.0,0.29778289946166947,0.4726282812307102,3.0,1.95,1.3895236154155894,1.800795354948616,,,0.2295888193076202,3.8,,1,1,-0.41127173953302654,1.4112717395330265,1,0.5780537089364437,0.5099831960105019,0.2196535861871369,0.27036321780236117,-0.6236376911010215,0.25519364365810737,0.2242683553482819,0.5205380009936108
11834333,73,Scottish Cup,2023,2023-11-25,Round 3,2,5,inverness-caledonian-thistle,cowdenbeath,hi_home,3,2,0,6,3,4,0,0.6119381174907661,0.1307511723513495,0.8184477901483955,0.06646343671707833,1.18,12.0,3.0456637552844925,0.7983830064475854,,,0.1150887731345263,7.5,,2,1,2.247280748836907,-0.2472807488369071,6,2.8458391859342242,0.8828505382507683,0.07908076021144836,0.038068701537783314,1.4923144534829509,0.7269395543537001,0.18499468820786388,0.08806575743843605
11834334,73,Scottish Cup,2023,2023-11-25,Round 3,2,4,arbroath,the-spartans-fc,lo_home,2,1,2,6,11,2,6,0.3661741668853703,1.5142128377852753,0.5597387751967086,0.21376753237137477,1.65,4.0,1.8506050665640024,1.055422631700838,,,0.2264936924319168,3.8,,-1,-1,0.7951824348631644,-1.7951824348631644,3,1.0750690512290206,0.6223333418755623,0.2067240144247707,0.170942643699667,0.7701290025206105,0.5533379662113135,0.21736378160519287,0.22929825218349364
11834335,73,Scottish Cup,2023,2023-11-25,Round 3,2,4,airdrieonians,stranraer,lo_home,2,1,0,10,7,3,1,1.249815641421915,0.6041177859452327,0.7115606096513692,0.1165500890414211,1.33,7.0,2.358933880706711,0.8429811015410671,,,0.1718893013072097,5.0,,1,1,1.515952779165644,-0.515952779165644,5,1.0750690512290206,0.6223333418755623,0.2067240144247707,0.170942643699667,0.7818594454312005,0.5564708034539153,0.2201502878008369,0.2233789087452478
11834337,73,Scottish Cup,2023,2023-11-25,Round 3,2,3,dundee-united,queen-of-the-south,lo_home,1,2,2,35,9,18,6,5.140420719733782,1.325373628834321,0.7252672346795895,0.11440804327370167,1.3,7.0,2.5444745149508634,0.9196402921307991,,,0.1603247220467088,5.25,,0,0,1.6248342228200643,-1.6248342228200643,5,0.6606469459327957,0.5284002177103644,0.23210021806136202,0.2394995642282736,1.5555558107158878,0.7191097104991526,0.16756032549088987,0.11332996400995753
11834338,73,Scottish Cup,2023,2023-11-25,Round 3,2,4,ayr-united,peterhead,lo_home,2,1,0,21,6,10,2,2.4687403627226123,0.48769838277039024,0.5865696995250742,0.19320153879690533,1.6,4.5,1.908113281860621,0.9970381240301786,,,0.2202287616780206,4.0,,1,1,0.9110751578304425,0.08892484216955754,3,1.0750690512290206,0.6223333418755623,0.2067240144247707,0.170942643699667,-0.13866536022712594,0.3437438438031954,0.2498335344183863,0.4064226217784184
11834341,73,Scottish Cup,2023,2023-11-25,Round 3,2,5,greenock-morton,boness-united-fc,hi_home,3,4,0,24,6,13,4,2.7609817370169183,0.0,0.785775398744244,0.07190649172321106,1.2,10.0,2.5337730061694757,0.6349095177840834,,,0.1423181095325448,5.75,,4,1,1.898863488385392,2.101136511614608,5,2.8458391859342242,0.8828505382507683,0.07908076021144836,0.038068701537783314,1.146946523537201,0.6273786395444696,0.1843320056775281,0.1882893547780023
11834342,73,Scottish Cup,2023,2023-11-25,Round 3,3,5,falkirk-fc,formartine-united-fc,hi_home,2,3,0,21,2,7,0,2.3877375465557984,0.0,0.9012651971127543,0.034950698072443,1.07,19.0,4.149788802305947,0.8861889921628165,,,0.06378410481480253,12.0,,3,1,3.2635998101431305,-0.2635998101431305,7,1.7060434609922732,0.7327064698888602,0.15188048865760828,0.11541304145353147,2.531189289021266,0.8610430493228327,0.0949205773847524,0.04403637329241484
11834344,73,Scottish Cup,2023,2023-11-25,Round 3,3,4,annan-athletic,dumbarton,hi_home,1,1,4,15,17,9,12,2.4587669202099063,1.954339889924935,0.3859023248926382,0.3486993874981715,2.45,2.7,1.3250326582840162,1.246001311110182,,,0.2653982876091903,3.5,,-3,-1,0.0790313471738342,-3.079031347173834,2,0.690180459572755,0.5350548789163238,0.2260435891952716,0.2389015318884047,-0.2652797611963087,0.3259464116997249,0.23388270110930312,0.4401708871909719
11834345,73,Scottish Cup,2023,2023-11-25,Round 3,4,5,bonnyrigg-rose,albion-rovers,lo_home,1,1,0,7,8,2,2,1.1469884418700997,0.8455044558198126,0.5416289277757284,0.23730772339008727,1.73,3.75,1.9310752561537565,1.210708429958989,,,0.22106334883418452,4.0,,1,1,0.7203668261947676,0.27963317380523245,3,0.5780537089364437,0.5099831960105019,0.2196535861871369,0.27036321780236117,-0.13069783949587555,0.34312918280851723,0.25393007623157043,0.4029407409599124
11834347,73,Scottish Cup,2023,2023-11-25,Round 3,3,5,alloa-athletic,dunbar-united,lo_home,2,2,1,13,9,8,2,1.6111090810548587,0.0,0.6653108970488993,0.1478952000460474,1.4,5.5,2.2634135111843,0.9696120244025455,,,0.1867939029050534,4.5,,1,1,1.2938014867817547,-0.29380148678175466,4,1.0761834185703862,0.6154484620276118,0.19358671979846803,0.1909648181739201,1.1930854694669886,0.6470047115496477,0.19521871006200792,0.1577765783883445
11864271,73,Scottish Cup,2023,2024-01-19,Round 4,1,4,aberdeen,clyde-fc,lo_home,3,2,0,10,4,4,0,0.8346445654044918,0.4887056075819173,0.8667207437422365,0.0299457327020444,1.11,21.0,2.706544449261114,0.34977236793820177,,,0.10333352355571904,8.0,,2,1,2.3567720813229123,-0.35677208132291227,6,1.341275636396452,0.6798645900798393,0.18792174364440228,0.1322136662757583,2.486565065605115,0.8566449873047046,0.0973693246666295,0.04598568802866598
11861223,73,Scottish Cup,2023,2024-01-20,Round 4,1,2,st-johnstone,airdrieonians,lo_home,1,0,1,13,11,4,4,0.9927233461778363,1.3106129520339762,0.453795565024406,0.2583787455104327,2.1,3.6,1.2697041106790679,0.882354998171733,,,0.28782568946516135,3.25,,-1,-1,0.38734911250733484,-1.387349112507335,2,0.035019152491274186,0.37682862399573896,0.26269617008807655,0.36047520591618454,0.3591381508440894,0.44594473271882534,0.292029753775882,0.26202551350529274
11864270,73,Scottish Cup,2023,2024-01-20,Round 4,3,4,falkirk-fc,bonnyrigg-rose,lo_home,1,1,2,12,11,4,6,0.9843416718634638,2.273338139434655,0.7914371971314049,0.060538000939466034,1.22,13.0,2.3467934632502283,0.48966587296724584,,,0.1480248019291291,6.0,,-1,-1,1.8571275902829825,-2.8571275902829827,5,0.16595591742426286,0.41484720036911404,0.24356673695420197,0.341586062676684,1.569358915764032,0.7287035837341959,0.16917239198857653,0.1021240242772277
11864272,73,Scottish Cup,2023,2024-01-20,Round 4,2,3,ayr-united,kelty-hearts-fc,hi_home,1,3,0,15,2,7,1,2.005700263278293,0.11661479965187344,0.6141869067203392,0.1595520097338658,1.55,5.5,1.798660648034262,0.7877132595234335,,,0.22626108354579505,4.0,,3,1,1.0109473885108284,1.9890526114891716,4,1.1846570255636124,0.6451466816903315,0.19759937593671678,0.1572539423729518,0.4714961484018414,0.4852458858969355,0.2387372644480795,0.2760168496549849
11871057,73,Scottish Cup,2023,2024-01-20,Round 4,1,4,rangers,dumbarton,lo_home,3,4,1,32,8,7,2,5.710884556502479,1.4738701531136271,0.9332747221482554,0.023966067736815776,1.04,26.0,5.016250019812536,1.0197570852857922,,,0.042759210114928815,17.0,,3,1,3.996492934526744,-0.9964929345267439,7,3.3051952669337212,0.9271889874702527,0.054073269773497266,0.0187377427562501,2.927120083621283,0.9016631291773072,0.0708535680890614,0.02748330273363146
11871059,73,Scottish Cup,2023,2024-01-20,Round 4,2,3,greenock-morton,montrose,hi_home,1,2,0,15,7,6,2,2.708234566196523,0.7280083527799589,0.6849608205243443,0.11401987003465894,1.4,7.5,1.9664169958163107,0.6523169548309233,,,0.20101930944099683,4.5,,2,1,1.3141000409853874,0.6858999590146126,4,1.1846570255636124,0.6451466816903315,0.19759937593671678,0.1572539423729518,0.7554058315052804,0.5525239492512141,0.2358467846317132,0.21162926611707267
11871060,73,Scottish Cup,2023,2024-01-20,Round 4,2,5,inverness-caledonian-thistle,broomhill-fc,hi_home,3,4,0,13,2,8,2,3.299684442835702,0.0,0.8695088978473293,0.04925705297276981,1.11,15.0,3.8240242457841056,0.9501337541130933,,,0.081234049179901,10.0,,4,1,2.873890491671012,1.1261095083289878,6,2.8458391859342242,0.8828505382507683,0.07908076021144836,0.038068701537783314,2.007592532292567,0.7940507960652965,0.13125706565148781,0.07469213828321564
11871061,73,Scottish Cup,2023,2024-01-20,Round 4,1,2,livingston,raith-rovers,hi_home,1,2,1,7,10,3,4,0.6620297975833042,1.1120388083409123,0.40094786494374685,0.3144602000357013,2.375,3.0,1.2216044079645094,1.0473004378073252,,,0.28459193502055197,3.3,,1,1,0.17430397015718424,0.8256960298428158,2,0.49601378310362576,0.48835393305903446,0.25080782908348087,0.2608382378574846,-0.050538863885052576,0.353347299705849,0.2691051381894598,0.37754756210469126
11871062,73,Scottish Cup,2023,2024-01-20,Round 4,1,3,motherwell,alloa-athletic,hi_home,2,3,1,19,3,10,2,3.2470646274229944,0.192219756252866,0.7134610629744033,0.09146269979559075,1.3599999999999999,9.5,1.954687920343149,0.5338264416542903,,,0.19507623723000592,4.75,,2,1,1.4208614786888587,0.5791385213111413,5,1.455055321863907,0.7015266730510038,0.1778547116669155,0.12061861528208065,1.5604778377113497,0.7241302575963753,0.1684664478450202,0.10740329455860445
11871063,73,Scottish Cup,2023,2024-01-20,Round 4,1,2,ross-county,partick-thistle,hi_home,1,0,3,13,16,7,5,1.4955544843789643,1.7801789550816363,0.46273620248431774,0.2810376116875771,2.05,3.3,1.51116671905421,1.1188957309410714,,,0.25622618582810525,3.6,,-3,-1,0.39227098811313854,-3.3922709881131388,2,0.49601378310362576,0.48835393305903446,0.25080782908348087,0.2608382378574846,0.5924286342020524,0.5140108155777066,0.22102506514852632,0.264964119273767
11871064,73,Scottish Cup,2023,2024-01-20,Round 4,1,3,st-mirren,queen-of-the-south,hi_home,2,1,0,16,3,8,0,2.6644785902276453,0.19123938004275318,0.7392293297256821,0.08157214249871995,1.3,10.0,2.084744939334839,0.5282526942801848,,,0.17919852777559792,5.0,,1,1,1.5564922450546541,-0.5564922450546541,5,1.455055321863907,0.7015266730510038,0.1778547116669155,0.12061861528208065,1.3882673192416979,0.688400638259187,0.1808788103321393,0.13072055140867378
11871065,73,Scottish Cup,2023,2024-01-20,Round 4,1,4,heart-of-midlothian,the-spartans-fc,lo_home,3,2,1,16,3,10,2,2.040366070853198,0.2350530815586347,0.7061057027173747,0.09260760055441171,1.3599999999999999,9.0,1.8970906426227345,0.5185331337405272,,,0.20128669672821362,4.5,,1,1,1.3785575088822073,-0.3785575088822073,5,1.341275636396452,0.6798645900798393,0.18792174364440228,0.1322136662757583,1.909059529930316,0.7890334641966986,0.14023907021939927,0.07072746558390204
11864267,73,Scottish Cup,2023,2024-01-21,Round 4,1,5,celtic,buckie-thistle-fc,hi_home,4,5,0,23,1,11,1,3.1145019163636585,0.0,0.9686009601079079,0.013524399987065892,1.01,41.0,8.462783365240329,2.0811858684736384,,,0.0178746399050263,34.0,,5,1,6.38159749676669,-1.3815974967666902,7,6.231632700276538,0.9938765407311384,0.005032391263095647,0.0010910680057660358,7.733198449660955,0.9981041188274755,0.0015684353818913406,0.0003274457906331533
11997771,73,Scottish Cup,2023,2024-01-30,Round 4,3,5,cove-rangers,brora-rangers-fc,lo_home,2,1,1,20,4,8,2,3.2467793835979144,0.0,0.5540444460286645,0.2229777769856677,1.7,4.0,1.8992866948225742,1.1260739712129784,,,0.2229777769856677,4.0,,0,0,0.7732127236095958,-0.7732127236095958,3,1.0761834185703862,0.6154484620276118,0.19358671979846803,0.1909648181739201,-0.004993268331998646,0.3711373301908329,0.25542610689812634,0.37343656291104077
12000631,73,Scottish Cup,2023,2024-02-09,Round 5,1,2,motherwell,greenock-morton,lo_home,1,1,2,8,3,2,1,0.6885478419974795,0.13171000876220632,0.4661118865663831,0.2669440567168085,2.05,3.5,1.4255939695063784,1.0092933709558871,,,0.2669440567168085,3.5,,-1,-1,0.4163005985504913,-1.4163005985504913,2,0.035019152491274186,0.37682862399573896,0.26269617008807655,0.36047520591618454,0.12609655056639157,0.3989508140729106,0.26115253702637137,0.3398966489007181
12000628,73,Scottish Cup,2023,2024-02-10,Round 5,1,2,livingston,partick-thistle,lo_home,1,0,1,18,8,10,4,2.884926689539938,0.4818326255895859,0.27707868731301194,0.4458426253739762,3.4,2.15,0.9864116569815768,1.3309793299306356,,,0.27707868731301194,3.4,,-1,-1,-0.34456767294905877,-0.6554323270509412,1,0.035019152491274186,0.37682862399573896,0.26269617008807655,0.36047520591618454,-0.4262510295687105,0.28052893409342816,0.24600124302960155,0.47346982287697026
12000630,73,Scottish Cup,2023,2024-02-10,Round 5,1,2,rangers,ayr-united,hi_home,1,2,0,26,4,6,1,3.145052018616491,0.4289258292374296,0.9130579886019524,0.027808447246299935,1.06,23.0,4.042577188222818,0.7297188037224686,,,0.05913356415174781,13.0,,2,1,3.3128583845003496,-1.3128583845003496,7,2.1135402156240857,0.8149788690545905,0.12457826847145348,0.060442862473955986,3.1247199820260065,0.9177397827339497,0.060742307106520815,0.021517910159529318
12000632,73,Scottish Cup,2023,2024-02-10,Round 5,1,4,aberdeen,bonnyrigg-rose,hi_home,3,2,0,8,8,4,5,1.038046372802206,0.6337354450272539,0.906413389599148,0.017062503183404933,1.06,29.0,2.9811539457593144,0.26734848203353306,,,0.07652410721744723,10.0,,2,1,2.713805463725781,-0.7138054637257811,7,1.8957541972864784,0.7796119842916338,0.14170240504910406,0.0786856106592622,2.250728241274203,0.8344223861387128,0.11311615663576542,0.05246145722552178
12000633,73,Scottish Cup,2023,2024-02-10,Round 5,1,2,hibernian,inverness-caledonian-thistle,lo_home,1,3,1,14,6,7,2,1.7284762417549175,0.6442270915756172,0.5811262641855185,0.17199027312406312,1.65,5.25,1.6176875383530258,0.7504343562027014,,,0.2468834626904184,3.75,,2,1,0.8672531821503244,1.1327468178496756,3,0.035019152491274186,0.37682862399573896,0.26269617008807655,0.36047520591618454,0.3701804309817487,0.45898102867455365,0.2524462319155674,0.28857273940987893
12021729,73,Scottish Cup,2023,2024-02-10,Round 5,1,3,kilmarnock,cove-rangers,hi_home,2,2,0,17,3,4,2,2.101652902055685,0.38972098783342135,0.7706163406205357,0.0821647289950375,1.25,10.0,2.5393973006634996,0.708001386082821,,,0.1472189303844266,6.0,,2,1,1.8313959145806784,0.1686040854193216,5,1.455055321863907,0.7015266730510038,0.1778547116669155,0.12061861528208065,1.3589804401524073,0.6938708010930434,0.19354006380679903,0.11258913510015754
12000629,73,Scottish Cup,2023,2024-02-11,Round 5,1,2,heart-of-midlothian,airdrieonians,lo_home,1,4,1,14,10,11,3,1.142263694609637,0.5402128527364823,0.5925458526407443,0.1637445031913889,1.62,5.5,1.6394720575354849,0.7274921569790416,,,0.24370964416786675,3.8,,3,1,0.9119799005564433,2.0880200994435567,3,0.035019152491274186,0.37682862399573896,0.26269617008807655,0.36047520591618454,1.050963085278629,0.6262573630158339,0.22506801384332314,0.14867462314084295
12061635,73,Scottish Cup,2023,2024-03-11,Quarterfinals,1,2,heart-of-midlothian,greenock-morton,lo_home,1,1,0,10,7,4,3,1.0026989675948248,0.6644205405353159,0.626982839078446,0.15500645652286127,1.53,5.75,1.8783196825658897,0.8069143040273205,,,0.2180107043986928,4.2,,1,1,1.0714053785385693,-0.07140537853856932,4,0.035019152491274186,0.37682862399573896,0.26269617008807655,0.36047520591618454,0.616890737363873,0.5176692947093618,0.2585665132801737,0.22376419201046432
12629931,1520,Challenge Cup,2024,2024-08-13,Round 2,4,5,forfar-athletic,fraserburgh-fc,lo_home,1,1,2,11,14,3,10,1.0565155757576785,0.0,0.44143637533971325,0.3251220689993701,2.1,2.8,1.7187770883048379,1.4470966499836393,,,0.23344155566091668,3.8,,-1,-1,0.2716804383211986,-1.2716804383211986,2,0.5283503767694473,0.49893481134887374,0.22352545938462076,0.2775397292665056,0.5028828093476556,0.48916131112464895,0.2570485858821019,0.2537901029932492
12629935,1520,Challenge Cup,2024,2024-08-13,Round 2,4,5,elgin-city,banks-odee-fc,hi_home,1,2,1,18,8,6,2,2.543276663192972,0.0,0.6004920544443887,0.17754700394129375,1.55,4.75,1.8688174309192211,0.9044041236166811,,,0.22196094161431773,3.9,,1,1,0.96441330730254,0.035586692697459954,4,1.1147023911909115,0.6246359697407939,0.19348409192596205,0.18187993833324406,0.5565601038646644,0.5061388133460041,0.20415189311390072,0.2897092935400952
12675346,1520,Challenge Cup,2024,2024-08-13,Round 2,3,5,dumbarton,berwick-rangers,hi_home,2,4,0,24,5,16,2,3.534772856470733,0.31778430284506126,0.8093857564701356,0.061423807593067606,1.18,12.0,2.662221004951262,0.605964151441477,,,0.12919043593679683,6.5,,4,1,2.056256853509785,1.943743146490215,6,1.628794948166568,0.7205548369584436,0.1576519255808219,0.12179323746073455,1.3799175081643238,0.685088616697251,0.18236819530439494,0.1325431879983541
12617711,982,League Cup,2024,2024-08-17,Round 2,1,2,heart-of-midlothian,falkirk-fc,lo_home,1,0,2,8,10,3,7,1.2559598624844557,1.2070278642093573,0.5006730114031032,0.26405642572828414,1.9,3.5,1.7500719420450233,1.209198275173874,,,0.23527056286861267,3.9,,-2,-1,0.5408736668711494,-2.5408736668711494,3,0.04101683219536678,0.38408840741071,0.25028527326390515,0.36562631932538475,0.6493142198982049,0.5258368094235827,0.2403122821540339,0.23385090842238343
12617720,982,League Cup,2024,2024-08-17,Round 2,1,4,ross-county,the-spartans-fc,lo_home,3,0,1,8,7,5,3,0.8566020985217868,0.8960872846297105,0.6800986108328722,0.1266862870381172,1.42,7.0,2.0991668818414664,0.7759359738482879,,,0.19321510212901064,4.75,,-1,-1,1.3232309079931786,-2.3232309079931786,4,1.443452982372515,0.6948462528663761,0.1756927578887194,0.12946098924490448,1.6197725084796273,0.7309368818791052,0.16341750572945654,0.10564561239143823
12617721,982,League Cup,2024,2024-08-17,Round 2,1,2,dundee-fc,airdrieonians,hi_home,1,6,1,20,9,10,3,2.9645744021171745,1.0365138629065802,0.7231225200501905,0.11471488390210023,1.33,7.5,2.5128705792285753,0.9061108336330992,,,0.16216259604770927,5.5,,5,1,1.606759745595476,3.3932402544045237,5,0.5458952525797713,0.5015990543304034,0.23770853053917276,0.26069241513042385,0.9814183798985083,0.6014295947227101,0.21212037077926119,0.18645003449802874
12617722,982,League Cup,2024,2024-08-17,Round 2,1,2,aberdeen,queens-park-fc,hi_home,1,1,0,14,7,7,5,1.360642878290873,0.6450654277392937,0.7589257519087306,0.09983409373898004,1.27,8.5,2.818877896409726,0.956260581938145,,,0.14124015435228945,6.25,,1,1,1.862617314471581,-0.862617314471581,5,0.5458952525797713,0.5015990543304034,0.23770853053917276,0.26069241513042385,1.9147121891741232,0.7935543833391595,0.1415133603351456,0.06493225632569477
12713837,1520,Challenge Cup,2024,2024-09-07,Round 3,3,4,kelty-hearts-fc,elgin-city,hi_home,1,3,1,9,12,7,5,1.5920344690355985,1.3197856666166794,0.5405424527267116,0.23301442877708006,1.73,3.8,1.8599827533484328,1.1461651126344856,,,0.22644311849620838,3.9,,2,1,0.7138176407139472,1.2861823592860528,3,0.6623423360309617,0.5287646028549792,0.23009748796110274,0.2411379091839181,0.7596390137455358,0.5516157788746197,0.2291837652575751,0.21920045586780518
12713840,1520,Challenge Cup,2024,2024-09-07,Round 3,2,3,airdrieonians,queen-of-the-south,lo_home,1,3,0,10,6,8,2,0.9653522236329805,0.6795447661972032,0.5005798566731955,0.26908877616781696,1.85,3.3,1.8091224317899506,1.2706302665659597,,,0.23033136715898767,3.8,,3,1,0.5384921652239909,2.4615078347760093,3,0.6519280841288251,0.5263766888174904,0.23463525902233542,0.23898805216017416,-0.8864403983194058,0.2019509846435635,0.2180279618678344,0.580021053488602
12713841,1520,Challenge Cup,2024,2024-09-07,Round 3,2,3,falkirk-fc,stenhousemuir,lo_home,1,1,1,19,2,7,2,3.2991508263266445,1.6314340017745583,0.6551363345388874,0.1626936967157605,1.44,5.25,2.3931273993062625,1.1209366740681763,,,0.1821699687453522,4.75,,0,0,1.2721907252380862,-1.2721907252380862,4,0.6519280841288251,0.5263766888174904,0.23463525902233542,0.23898805216017416,1.436612646946453,0.6880134129631442,0.1722149772863458,0.13977160975050998
12713842,1520,Challenge Cup,2024,2024-09-07,Round 3,2,5,greenock-morton,cowdenbeath,lo_home,3,1,0,14,7,4,2,1.9003343145638538,1.0962041607376145,0.7711922518842891,0.07128833695020535,1.22,10.0,2.2957365192767636,0.5425311363746057,,,0.15751941116550544,5.25,,1,1,1.7532053829021579,-0.7532053829021579,5,2.060189889858296,0.7931104782033378,0.12800458999989106,0.07888493179677106,1.051843124729537,0.622635844810907,0.21987378197716978,0.15749037321192327
12713844,1520,Challenge Cup,2024,2024-09-07,Round 3,3,4,inverness-caledonian-thistle,stirling-albion,hi_home,1,3,0,11,5,5,1,1.0667046526947297,0.4244458967924307,0.6297819453432164,0.12844900544123902,1.5,6.5,1.6205687371586224,0.5737443487350262,,,0.24176904921554457,3.7,,3,1,1.0468243884235962,1.9531756115764038,4,0.6623423360309617,0.5287646028549792,0.23009748796110274,0.2411379091839181,1.360670464069588,0.6961556347508453,0.1974265755995815,0.10641778964957328
12713848,1520,Challenge Cup,2024,2024-09-07,Round 3,3,5,cove-rangers,east-kilbride,lo_home,2,2,3,6,7,2,6,1.2699694470502318,1.2931585112951767,0.36995280905930716,0.3868632915416898,2.45,2.35,1.4782804831856435,1.5167017942934644,,,0.24318389939900317,3.6,,-1,-1,-0.03842131110782088,-0.9615786888921791,2,1.0056614671882942,0.6014633824423177,0.19870165921554175,0.1998349583421406,0.14546270331143418,0.4219987025019563,0.21373799544832794,0.36426330204971574
12713849,1520,Challenge Cup,2024,2024-09-07,Round 3,2,4,livingston,the-spartans-fc,lo_home,2,2,0,13,4,7,1,2.1997405443030242,0.38673160844299403,0.6243120857084191,0.16937827106554595,1.5,5.0,2.045913303169196,0.9622604888008857,,,0.20630964322603507,4.2,,2,1,1.0836528143683104,0.9163471856316896,4,1.039282702610059,0.6154436134042531,0.21132262722267223,0.17323375937307464,1.068150293668114,0.6308188318908572,0.22842787824974606,0.1407532898593967
12713850,1520,Challenge Cup,2024,2024-09-07,Round 3,3,4,dumbarton,peterhead,lo_home,1,0,1,9,12,4,5,0.919372446408656,0.8488072673562985,0.40075004716523466,0.3517456661326334,2.3,2.6,1.5032215768999357,1.3934802365602896,,,0.24750428670213187,3.6,,-1,-1,0.10974134033964611,-1.109741340339646,2,0.14670577566232268,0.40920644557729996,0.24704543068145285,0.34374812374124725,-0.30013827786540026,0.30827350976946644,0.24832722963940973,0.44339926059112383
12713851,1520,Challenge Cup,2024,2024-09-07,Round 3,3,4,annan-athletic,stranraer,lo_home,1,5,1,12,8,6,3,2.3231543438403457,1.1911888475619745,0.40225343887136217,0.3489092886938452,2.3,2.63,1.493568984800105,1.3746231067959733,,,0.24883727243479264,3.6,,4,1,0.1189458780041317,3.8810541219958683,2,0.14670577566232268,0.40920644557729996,0.24704543068145285,0.34374812374124725,-0.18015408280741818,0.33940983110269646,0.24200738727787371,0.4185827816194298
12713852,1520,Challenge Cup,2024,2024-09-07,Round 3,2,3,partick-thistle,alloa-athletic,hi_home,1,1,3,14,11,2,4,1.9531750753803099,2.0730543558407417,0.5667941254006671,0.20769751683737062,1.65,4.2,1.858270903966985,1.0331244400461363,,,0.22550835776196218,3.9,,-2,-1,0.8251464639208486,-2.8251464639208486,3,1.1707817109055234,0.6431149227119696,0.19992058236980553,0.156964494918225,0.8357100010492848,0.5721354691413779,0.24195470468534108,0.1859098261732811
12713853,1520,Challenge Cup,2024,2024-09-07,Round 3,2,4,dunfermline-athletic,east-fife,lo_home,2,2,0,10,6,6,2,1.0776582526292808,0.70019077415247,0.49574786282358174,0.2521260685882092,1.9,3.6,1.572964636512827,1.045262212685434,,,0.2521260685882092,3.6,,2,1,0.5277024238273929,1.4722975761726071,2,1.039282702610059,0.6154436134042531,0.21132262722267223,0.17323375937307464,0.20910382709380793,0.42242350774219056,0.24926858991045336,0.32830790234735613
12713843,1520,Challenge Cup,2024,2024-09-08,Round 3,2,4,queens-park-fc,edinburgh-city-fc,hi_home,2,1,0,16,5,8,2,2.3751823173712223,0.20795282319072225,0.8299242752785883,0.041252519570357915,1.1400000000000001,15.0,2.4416261511948405,0.37887956770462333,,,0.12882320515105372,6.25,,1,1,2.0627465834902172,-1.0627465834902172,6,1.5757346097464224,0.7244705126535971,0.16795165157609765,0.10757783577030529,0.9456310917169232,0.5959672714298108,0.22260596675624314,0.18142676181394618
12710468,982,League Cup,2024,2024-09-21,Quarterfinals,1,4,aberdeen,the-spartans-fc,hi_home,3,4,0,18,1,8,1,3.019677765461737,0.0450074094592394,0.8743985988154525,0.029719975040862323,1.1,21.0,2.849458911565159,0.38388092806732127,,,0.0958814261436853,8.5,,4,1,2.465577983497838,1.534422016502162,6,2.04687641805997,0.7959265295253578,0.1293009774173203,0.07477249305732185,2.3708401379538286,0.8604538882200985,0.10356196944069467,0.03598414233920689
12710464,982,League Cup,2024,2024-09-22,Quarterfinals,1,2,celtic,falkirk-fc,hi_home,1,5,2,16,6,10,4,2.9030884822282994,0.7248920897595805,0.9042684062908543,0.02325383843164508,1.07,26.0,3.280895413042666,0.4206455941629052,,,0.07247775527750083,11.0,,3,1,2.860249818879761,0.13975018112023907,7,2.3193968126983044,0.8352025691772668,0.10972020958014804,0.05507722124258521,2.660135834061405,0.8788688251609712,0.08634856365524081,0.03478261118378806
12857040,1520,Challenge Cup,2024,2024-10-11,Round 4,2,3,queens-park-fc,annan-athletic,lo_home,1,4,1,14,7,7,4,2.3645026675821845,0.79836187714447,0.47541378250077343,0.2707244181693002,1.95,3.3,1.543562926764403,1.0998810541564552,,,0.2538617993299265,3.5,,3,1,0.4436818726079479,2.556318127392052,2,0.6519280841288251,0.5263766888174904,0.23463525902233542,0.23898805216017416,0.37483436799174186,0.45978175850990655,0.2516105415725237,0.2886076999175696
12857039,1520,Challenge Cup,2024,2024-10-12,Round 4,2,5,airdrieonians,east-kilbride,hi_home,3,1,1,10,11,3,4,2.618592864039417,2.039708376281332,0.6441568350288217,0.15500872229607554,1.44,5.25,2.0847472187642957,0.9124210246930414,,,0.20083444267510284,4.2,,0,0,1.1723261940712542,-1.1723261940712542,4,2.7532948764942504,0.8752358440828619,0.08387190506993496,0.04089225084720314,0.7409547085094472,0.5438825980426164,0.2007246311221809,0.25539277083520273
12857041,1520,Challenge Cup,2024,2024-10-12,Round 4,2,3,livingston,inverness-caledonian-thistle,hi_home,1,2,2,11,7,5,6,1.2124094958162959,2.1660510594163958,0.6435381659349271,0.1349031892183582,1.45,6.0,1.8057521075157008,0.6810380616199116,,,0.22155864484671467,3.9,,0,0,1.1247140458957892,-1.1247140458957892,4,1.1707817109055234,0.6431149227119696,0.19992058236980553,0.156964494918225,0.529454343180306,0.4918714792091878,0.28268141940950287,0.22544710138130936
12857042,1520,Challenge Cup,2024,2024-10-12,Round 4,2,3,dunfermline-athletic,kelty-hearts-fc,hi_home,1,2,1,15,5,5,2,1.912270093007358,0.5338997831002348,0.5920631442545521,0.15788732930364693,1.5699999999999998,5.25,1.5822933274201094,0.6766823314610138,,,0.250049526441801,3.5,,1,1,0.9056109959590957,0.09438900404090433,3,1.1707817109055234,0.6431149227119696,0.19992058236980553,0.156964494918225,0.5753226668727839,0.50639460695521,0.2621455823692273,0.23145981067556265
12857044,1520,Challenge Cup,2024,2024-10-12,Round 4,2,4,ayr-united,peterhead,hi_home,2,2,1,11,6,6,4,1.1578027329876417,0.7794419756668427,0.7224829067938643,0.08853939256940445,1.3,8.5,2.007297961102552,0.5379609555845104,,,0.18897770063673125,4.5,,1,1,1.4693370055180417,-0.4693370055180417,5,1.5757346097464224,0.7244705126535971,0.16795165157609765,0.10757783577030529,1.2272993384043633,0.6561445021978971,0.19666400840445977,0.14719148939764307
12940622,73,Scottish Cup,2024,2024-10-25,Round 2,4,5,stranraer,threave-rovers,lo_home,1,3,2,15,10,6,5,1.329832665302756,0.0,0.8459762072875705,0.04532849133488301,1.13,15.0,2.8567278142033063,0.5384871382235419,,,0.10869530137754661,7.5,,1,1,2.3182406759797645,-1.3182406759797645,6,0.5343604928008503,0.5003678289914565,0.2219982224173136,0.27763394859122986,1.9432351156823697,0.7513593391603949,0.13177539534744,0.11686526549216508
12940616,73,Scottish Cup,2024,2024-10-26,Round 2,4,5,stirling-albion,boness-athletic-fc,hi_home,1,6,0,13,10,8,1,1.3685596458926417,0.0,0.7428528144063977,0.09707917618923421,1.27,8.0,2.433885710945289,0.7600381035747424,,,0.16006800940436813,5.25,,6,1,1.6738476073705466,4.326152392629453,5,1.1273824062076583,0.6266760223315742,0.19184689740041497,0.1814770802680108,-0.5810665611411332,0.2758630768265739,0.21320886938756592,0.5109280537858601
12940619,73,Scottish Cup,2024,2024-10-26,Round 2,4,5,the-spartans-fc,cowdenbeath,hi_home,1,1,2,10,5,4,2,1.5192406595331476,1.0502490750658464,0.7354096213030905,0.1095534044747891,1.27,7.0,2.611137073222607,0.9213495767439716,,,0.15503697422212043,5.25,,-1,-1,1.6897874964786355,-2.6897874964786355,5,1.1273824062076583,0.6266760223315742,0.19184689740041497,0.1814770802680108,0.3345365157431166,0.44149588496285075,0.28370500147997013,0.27479911355717906
12940624,73,Scottish Cup,2024,2024-10-26,Round 2,4,5,edinburgh-city-fc,jeanfield-swifts,lo_home,1,1,1,15,8,7,3,1.4709304952293196,0.0,0.32993294186125693,0.4440251954846887,2.7,2.05,1.54033633945828,1.8138724995563091,,,0.22604186265405446,3.8,,0,0,-0.27353616009802906,0.27353616009802906,1,0.5343604928008503,0.5003678289914565,0.2219982224173136,0.27763394859122986,-0.24222413343004634,0.3424465782999619,0.2173382818635024,0.4402151398365356
12940627,73,Scottish Cup,2024,2024-10-26,Round 2,4,5,bonnyrigg-rose,east-kilbride,lo_home,1,1,3,6,10,2,5,0.39863362480340014,1.470989114372067,0.19827241579370794,0.6230604473912248,4.333333333333334,1.5,1.4332705960455934,2.583830379062819,,,0.17866713681506735,4.75,,-2,-1,-1.1505597830172258,-0.8494402169827742,1,0.5343604928008503,0.5003678289914565,0.2219982224173136,0.27763394859122986,-0.503085144191433,0.27437730243599207,0.23319419830205182,0.4924284992619561
12940630,73,Scottish Cup,2024,2024-10-26,Round 2,4,5,forfar-athletic,berwick-rangers,hi_home,1,1,0,24,7,6,2,3.1109921909308635,0.6493364837656623,0.7857324155612545,0.056236746063844836,1.2,12.0,2.1865805390064557,0.41150930333507924,,,0.1580308383749007,5.25,,1,1,1.7750712356713765,-0.7750712356713765,5,1.1273824062076583,0.6266760223315742,0.19184689740041497,0.1814770802680108,0.8594501982313384,0.5761385448187241,0.22955168658584132,0.1943097685954346
12940631,73,Scottish Cup,2024,2024-10-26,Round 2,4,5,east-fife,banks-odee-fc,hi_home,1,0,1,3,5,1,1,0.2934759120824316,0.0,0.6865323075048915,0.11095826280748883,1.3599999999999999,7.0,1.9412455937788526,0.6265887945861777,,,0.20250942968761967,4.2,,-1,-1,1.314656799192675,-2.314656799192675,4,1.1273824062076583,0.6266760223315742,0.19184689740041497,0.1814770802680108,1.2297723852627471,0.6455550479501657,0.18319106676499428,0.17125388528484
12940635,73,Scottish Cup,2024,2024-10-26,Round 2,4,5,peterhead,lochee-united,hi_home,1,6,3,17,8,8,6,2.4522046664907657,0.0,0.8060717795386527,0.07143879211516228,1.17,10.0,2.9320860316203134,0.7924694898313586,,,0.12248942834618486,6.5,,3,1,2.1396165417889548,0.8603834582110452,6,1.1273824062076583,0.6266760223315742,0.19184689740041497,0.1814770802680108,2.3304574928689004,0.8251818372780623,0.10970605995018826,0.06511210277174953
12993121,1520,Challenge Cup,2024,2024-11-12,Quarterfinals,2,5,ayr-united,east-kilbride,lo_home,3,2,3,11,9,4,5,1.1556076580515775,0.7371546702886377,0.5676964028099457,0.20674283920233102,1.67,4.333333333333334,1.8569446696339351,1.0281093358712785,,,0.22556075798772324,4.0,,-1,-1,0.8288353337626566,-1.8288353337626566,3,2.060189889858296,0.7931104782033378,0.12800458999989106,0.07888493179677106,1.09289519694109,0.6169717251622061,0.18883434087173462,0.1941939339660592
12993122,1520,Challenge Cup,2024,2024-11-12,Quarterfinals,2,3,dunfermline-athletic,alloa-athletic,hi_home,1,1,0,21,5,6,2,2.951905031003723,0.2428214263588441,0.5659319222863006,0.19703250316946652,1.67,4.5,1.7246292081743833,0.9103278536431776,,,0.23703557454423302,3.8,,1,1,0.8143013545312057,0.18569864546879433,3,1.1707817109055234,0.6431149227119696,0.19992058236980553,0.156964494918225,0.5372615199202548,0.4959314097276702,0.2699391119769854,0.23412947829534445
13047098,73,Scottish Cup,2024,2024-11-30,Round 3,4,5,stranraer,broxburn-athletic,hi_home,1,0,2,15,5,4,2,1.3312792737670038,0.0,0.5328023112117786,0.25394070045583483,1.75,3.5,2.0486428917331723,1.3652155340088092,,,0.21325698833238663,4.1,,-2,-1,0.683427357724363,-2.683427357724363,3,1.1273824062076583,0.6266760223315742,0.19184689740041497,0.1814770802680108,0.016833654624092698,0.34053415094692174,0.32813028127103466,0.33133556778204354
13047106,73,Scottish Cup,2024,2024-11-30,Round 3,2,5,hamilton-academical,banks-odee-fc,lo_home,3,2,1,8,11,6,5,0.7605022404232447,0.0,0.7354096213030905,0.1095534044747891,1.27,7.0,2.61113136612728,0.921345633423543,,,0.15503697422212043,5.25,,1,1,1.6897857327037369,-0.6897857327037369,5,2.0836250586954623,0.7954552886378622,0.1262942744396773,0.07825043692246048,0.945662208263804,0.5922264122091253,0.21024690819030759,0.19752667960056705
13047108,73,Scottish Cup,2024,2024-11-30,Round 3,2,5,livingston,brora-rangers-fc,hi_home,3,2,0,14,5,7,2,1.9771985641909597,0.0,0.871446372827158,0.04602064945513149,1.1,15.0,3.66282247224985,0.8436573831180667,,,0.08253297771771041,9.5,,2,1,2.8191650891317837,-0.8191650891317837,6,2.784614285742291,0.877295267776414,0.08235473346253754,0.040349998761048576,1.3678630902935716,0.6958280687417635,0.19450093938709262,0.10967099187114385
13047109,73,Scottish Cup,2024,2024-11-30,Round 3,3,5,annan-athletic,fraserburgh-fc,lo_home,2,0,2,8,10,3,8,0.8527079148047579,0.0,0.5129777451220651,0.228493410483994,1.8,3.8,1.5231447878985946,0.9224681933449043,,,0.2585288443939411,3.4,,-2,-1,0.6006765945536904,-2.6006765945536903,3,1.0171011147628248,0.603393097861626,0.19710609975957682,0.1995008023787973,0.30233730802180436,0.4474285950804374,0.23615404802637685,0.31641735689318584
13047114,73,Scottish Cup,2024,2024-11-30,Round 3,3,4,montrose,peterhead,lo_home,1,3,2,3,11,3,4,1.1322570484690675,1.2281222080830594,0.2941041746117876,0.4117916507764248,3.0,2.2,0.9508050064692053,1.1821585824640561,,,0.2941041746117876,3.0,,1,1,-0.23135357599485085,1.2313535759948508,1,0.1483745900948945,0.4102149350155313,0.24543937950849382,0.3443456854759749,-0.2098282440015964,0.30481578430601597,0.28571052667220426,0.4094736890217797
13047115,73,Scottish Cup,2024,2024-11-30,Round 3,2,4,dunfermline-athletic,edinburgh-city-fc,lo_home,2,1,0,15,8,10,4,1.4798880259345772,1.1985489483869345,0.7399163740927419,0.07155658261942077,1.27,10.0,1.9438715857981659,0.42640888383668657,,,0.18852704328783745,4.5,,1,1,1.5174627019614793,-0.5174627019614793,5,1.0511048000415193,0.6176023079621716,0.20949264954195712,0.17290504249587124,1.025628439364529,0.6169645394615625,0.2222017473380747,0.16083371320036272
13047119,73,Scottish Cup,2024,2024-11-30,Round 3,3,5,stenhousemuir,irvine-meadow,lo_home,2,5,0,20,9,9,3,2.932304733915976,0.0,0.8073506958234878,0.08886689501645774,1.17,8.5,3.8423694722118764,1.3855751393460918,,,0.10378240916005436,7.5,,5,1,2.4567943328657846,2.5432056671342154,6,1.0171011147628248,0.603393097861626,0.19710609975957682,0.1995008023787973,0.9091410217460729,0.5838872260254896,0.2114209366292083,0.20469183734530214
13047124,73,Scottish Cup,2024,2024-11-30,Round 3,2,5,raith-rovers,linlithgow-rose,lo_home,3,4,0,14,2,8,0,2.108685615064969,0.0,0.7857324155612544,0.05623674606384483,1.2,12.0,2.1865808776742197,0.4115092847415066,,,0.15803083837490067,5.25,,4,1,1.7750715929327132,2.224928407067287,5,2.0836250586954623,0.7954552886378622,0.1262942744396773,0.07825043692246048,0.7966671915395505,0.5623715000104943,0.24177752513005618,0.19585097485944955
13047129,73,Scottish Cup,2024,2024-11-30,Round 3,3,4,kelty-hearts-fc,elgin-city,lo_home,1,2,3,6,15,4,6,1.5816702892146206,1.6274339269505782,0.4349222086752058,0.30715450164687735,2.1,2.9,1.464424109641839,1.1884510513189435,,,0.25792328967791683,3.4,,-1,-1,0.2759730583228954,-1.2759730583228954,2,0.1483745900948945,0.4102149350155313,0.24543937950849382,0.3443456854759749,0.2820298300293991,0.44141387268948284,0.2414657318977972,0.3171203954127199
13047103,73,Scottish Cup,2024,2024-12-01,Round 3,2,5,airdrieonians,dundee-north-end-fc,lo_home,3,1,0,18,8,6,2,1.6319659706593714,0.0,0.6860544279269966,0.1270637347059142,1.3599999999999999,6.25,2.1845518252538847,0.818379878111147,,,0.18688183736708933,4.5,,1,1,1.3661719471427376,-0.3661719471427376,4,2.0836250586954623,0.7954552886378622,0.1262942744396773,0.07825043692246048,-0.5370563324054792,0.23809680362574465,0.26531646995908786,0.4965867264151674
13065793,73,Scottish Cup,2024,2024-12-02,Round 3,2,5,falkirk-fc,east-kilbride,lo_home,3,3,1,19,6,7,5,3.378759331946167,0.8051111240751463,0.7766731343529915,0.08498543286152217,1.22,9.0,2.7356593888799283,0.8116274115225612,,,0.1383414327854865,6.0,,2,1,1.924031977357367,0.07596802264263292,5,2.0836250586954623,0.7954552886378622,0.1262942744396773,0.07825043692246048,1.5898592347990674,0.714353629118525,0.16014234929396276,0.12550402158751228
13247398,73,Scottish Cup,2024,2025-01-17,Round 4,1,5,heart-of-midlothian,brechin-city,lo_home,4,4,1,13,3,5,1,1.4136832503221723,0.47583847016650266,0.8629140786783631,0.028247278440820856,1.11,21.0,2.584760592068782,0.3049228681623587,,,0.10883864288081592,7.5,,3,1,2.2798377239064234,0.7201622760935766,6,2.401011390743205,0.8395081131806575,0.10478453811863017,0.05570734870071231,2.035269142009879,0.7992699231883457,0.1301088369465882,0.07062123986506616
13247399,73,Scottish Cup,2024,2025-01-18,Round 4,2,5,ayr-united,broxburn-athletic,lo_home,3,8,0,22,6,13,1,3.622308028843503,0.0,0.8073174867813414,0.0635724637545206,1.17,11.0,2.6888193950906984,0.6324890133676903,,,0.12911004946413812,6.25,,8,1,2.0563303817230083,5.943669618276992,6,2.0836250586954623,0.7954552886378622,0.1262942744396773,0.07825043692246048,0.6300593332241943,0.5178262488596179,0.29238976543293344,0.18978398570744862
13247400,73,Scottish Cup,2024,2025-01-18,Round 4,3,4,cove-rangers,forfar-athletic,hi_home,1,2,0,10,3,4,1,1.1064865541077082,0.21332640983706022,0.5334844785117132,0.1960052701449518,1.73,4.333333333333334,1.4331804033612638,0.7501744425557186,,,0.27051025134333495,3.25,,2,1,0.6830059608055452,1.3169940391944548,3,0.6698766436932309,0.5304685384862515,0.22841688405375643,0.241114577459992,1.3251913151289918,0.6777979234691145,0.18955744043820213,0.13264463609268343
13247401,73,Scottish Cup,2024,2025-01-18,Round 4,2,3,airdrieonians,dumbarton,lo_home,1,5,1,12,7,10,2,1.9103504303904597,0.3813580217966561,0.41202030617487806,0.339817577231608,2.2,2.63,1.5173728601474057,1.3561667384423386,,,0.248162116593514,3.5,,4,1,0.1612061217050671,3.8387938782949327,2,0.6593439271035231,0.5281049278266579,0.2329123858437853,0.23898268632955683,-0.34048090753170945,0.30743826471841407,0.23687042727192215,0.45569130800966373
13247402,73,Scottish Cup,2024,2025-01-18,Round 4,2,3,dunfermline-athletic,stenhousemuir,hi_home,1,3,0,10,4,5,1,1.4909672418299875,0.8241509070976668,0.6049000658984633,0.1554499859651397,1.53,5.25,1.667581163946015,0.7065922434975412,,,0.2396499481363969,3.6,,3,1,0.9609889204484737,2.039011079551526,4,1.1840996420348842,0.6453546055952405,0.1980915030777081,0.1565538913270514,0.5901332767583417,0.5104863889167206,0.26050849717878133,0.2290051139044981
13247403,73,Scottish Cup,2024,2025-01-18,Round 4,1,4,aberdeen,elgin-city,lo_home,3,3,0,18,2,10,1,1.7228186294828653,0.21713093142923182,0.7630490719165857,0.09473261108592002,1.25,8.5,2.7489444413220347,0.8871152467333969,,,0.14221831699749418,6.0,,3,1,1.8618291945886378,1.1381708054113622,5,1.3171711467800353,0.6757823129446577,0.19070983197318936,0.13350785508215293,2.0765921990442537,0.7983607730552459,0.12664197996012103,0.07499724698463299
13247404,73,Scottish Cup,2024,2025-01-18,Round 4,2,5,hamilton-academical,musselburgh-athletic-fc,hi_home,3,3,1,15,3,7,1,2.8348486200879393,0.0,0.897742413059978,0.024985585097407337,1.07,23.0,3.1923542693405778,0.41999715516088465,,,0.07727200184261464,10.0,,2,1,2.772357114179693,-0.7723571141796932,6,2.784614285742291,0.877295267776414,0.08235473346253754,0.040349998761048576,1.642861839779872,0.7446922177896671,0.16504822011304876,0.0902595620972842
13247405,73,Scottish Cup,2024,2025-01-18,Round 4,1,5,hibernian,clydebank-fc,hi_home,4,3,0,19,1,6,0,2.217115832304687,0.0,0.9351447805965172,0.02115929817639539,1.04,29.0,4.655168791675185,0.8183566090780718,,,0.043695921227087396,17.0,,3,1,3.8368121825971127,-0.8368121825971127,7,3.1250952755473236,0.9081823948284833,0.06449560045227952,0.027322004719237274,2.3535916349593533,0.8450162430242143,0.10644686791054842,0.04853688906523726
13247406,73,Scottish Cup,2024,2025-01-18,Round 4,1,3,st-mirren,queen-of-the-south,lo_home,2,3,1,7,7,5,5,1.2578205907396156,0.7838572361682823,0.7145805770874473,0.1011971168787291,1.33,8.0,2.113905222865683,0.6474781351485998,,,0.1842223060338237,4.75,,2,1,1.4664270877170833,0.5335729122829167,5,0.9296696221243831,0.5910076802861264,0.21966437042499276,0.1893279492888809,0.7491146335123482,0.5507397352989603,0.2450659035549928,0.20419436114604692
13247407,73,Scottish Cup,2024,2025-01-18,Round 4,2,3,queens-park-fc,montrose,neutral,1,2,0,15,9,7,3,3.669620748088449,1.1685476565235966,0.6840481179813922,0.1537788194339489,1.38,5.5,2.7496337906082253,1.27366560715081,,,0.1621730625846589,5.25,,2,1,1.4759681834574154,0.5240318165425846,4,0.8407549608714295,0.5716864662420745,0.23149453485877663,0.1968189988991488,0.4836231315569075,0.4802542065830845,0.281812198838339,0.23793359457857644
13247408,73,Scottish Cup,2024,2025-01-18,Round 4,1,2,ross-county,livingston,hi_home,1,0,2,9,12,5,6,1.3600988285666356,1.9554400461581534,0.5074394736923329,0.23122231446146177,1.83,3.8,1.4975799201597448,0.9180275482788685,,,0.26133821184620526,3.4,,-2,-1,0.5795523718808764,-2.5795523718808764,3,0.49813709531462314,0.4887133241826343,0.25179974833061597,0.25948692748674973,-0.17076566364320644,0.3142020169171758,0.28632623619838193,0.3994717468844423
13247412,73,Scottish Cup,2024,2025-01-19,Round 4,1,5,rangers,fraserburgh-fc,hi_home,4,5,0,29,2,9,1,2.855426500016602,0.0,0.9684495608031839,0.009415290958835254,1.01,51.0,5.6306661831423375,0.782822637580735,,,0.022135148237980885,29.0,,5,1,4.847843545561602,0.15215645443839776,7,6.158011966471742,0.993474826396637,0.0053540244560178005,0.0011711491473453026,4.417382500169216,0.9740833753526316,0.020868783847748023,0.005047840799620455
13194479,1520,Challenge Cup,2024,2025-01-28,Semifinals,2,5,queens-park-fc,east-kilbride,hi_home,3,2,2,20,11,9,5,2.141556080304789,1.6242611237960127,0.6080076465944452,0.1883201488312571,1.53,4.5,2.1202667916066678,1.0966984434416787,,,0.2036722045742976,4.2,,0,0,1.023568348164989,-1.023568348164989,4,2.7532948764942504,0.8752358440828619,0.08387190506993496,0.04089225084720314,1.0012630864874092,0.6027057701570242,0.20260034368806773,0.19469388615490804
13368156,73,Scottish Cup,2024,2025-02-07,Round 5,1,2,hibernian,ayr-united,lo_home,1,1,0,10,8,5,7,1.243082467147633,0.4155412781719313,0.46110604515799575,0.26050682580810114,2.0,3.4,1.3377801655050294,0.9309941286711704,,,0.2783871290339031,3.2,,1,1,0.40678603683385905,0.593213963166141,2,0.03742843622883818,0.37680561205455076,0.26392891468706847,0.3592654732583807,0.1624224752146799,0.41493417556326573,0.24150754475114009,0.3435582796855941
13368162,73,Scottish Cup,2024,2025-02-08,Round 5,2,3,livingston,cove-rangers,hi_home,1,3,0,7,8,5,4,1.3936476173649508,1.0942215698064737,0.648851333446926,0.13532717793357568,1.44,6.0,1.8638193607820979,0.7092808082094352,,,0.21582148861949832,4.0,,3,1,1.1545385525726628,1.8454614474273372,4,1.1840996420348842,0.6453546055952405,0.1980915030777081,0.1565538913270514,1.0860149392016951,0.6309962245955115,0.21685790968003138,0.15214586572445718
13368165,73,Scottish Cup,2024,2025-02-08,Round 5,1,2,st-johnstone,hamilton-academical,hi_home,1,1,0,16,9,7,4,1.4315344379510202,0.8978813635566602,0.7292326561399665,0.10773246918035807,1.3,7.5,2.453521820804853,0.8348689307943202,,,0.16303487467967542,5.25,,1,1,1.6186528900105326,-0.6186528900105326,5,0.49813709531462314,0.4887133241826343,0.25179974833061597,0.25948692748674973,0.8317500141229011,0.5672727686752834,0.217479753537755,0.21524747778696146
13368166,73,Scottish Cup,2024,2025-02-08,Round 5,1,2,dundee-fc,airdrieonians,hi_home,1,4,0,16,13,9,7,1.8818126471722614,1.1162591224384564,0.6358175963301254,0.17129901564934236,1.48,5.0,2.243373583553562,1.081841398114419,,,0.19288338802053237,4.5,,4,1,1.161532185439143,2.838467814560857,4,0.49813709531462314,0.4887133241826343,0.25179974833061597,0.25948692748674973,1.9492952700469353,0.7732816971560936,0.13500288334179741,0.091715419502109
13368161,73,Scottish Cup,2024,2025-02-09,Round 5,1,2,rangers,queens-park-fc,hi_home,1,0,1,28,1,9,1,3.1888188319115973,0.1658766312986665,0.9295779567880074,0.022358251270539253,1.04,26.0,4.403570109629084,0.75516603405785,,,0.0480637919414535,15.0,,-1,-1,3.648404075571234,-4.648404075571234,7,2.1164822110093247,0.8160362761957474,0.12434916592371115,0.059614557880541354,2.2251994409440794,0.839189209286735,0.11505539746721284,0.04575539324605215
13368164,73,Scottish Cup,2024,2025-02-09,Round 5,1,2,aberdeen,dunfermline-athletic,hi_home,1,3,0,13,12,4,4,2.084073910553728,1.2931037498118019,0.7351248973964056,0.09262410160624379,1.29,8.5,2.2263333473224423,0.6453883456497888,,,0.17225100099735074,5.0,,3,1,1.5809450016726534,1.4190549983273466,5,0.49813709531462314,0.4887133241826343,0.25179974833061597,0.25948692748674973,1.0059582720546532,0.6126340973320319,0.2241390212173551,0.163226881450613
13456206,73,Scottish Cup,2024,2025-03-10,Quarterfinals,1,2,st-johnstone,livingston,lo_home,1,1,0,8,11,5,3,0.9726723338109795,0.9036689128719562,0.34074166794977734,0.36878749507243386,2.75,2.55,1.0765071393516092,1.1323214416980332,,,0.29047083697778875,3.2,,1,1,-0.05581430234642393,1.055814302346424,1,0.03742843622883818,0.37680561205455076,0.26392891468706847,0.3592654732583807,-0.5570456093593098,0.2269025867789533,0.27217120584699755,0.5009262073740491
14223618,1520,Challenge Cup,2025,2025-08-12,,3,4,cove-rangers,the-spartans-fc,hi_home,1,1,1,7,5,2,2,0.5132117247679748,0.5977548165938826,0.5540893102684366,0.2310257038738821,1.67,3.75,2.013212076631038,1.2347578181381278,,,0.21488498585768143,4.0,,0,0,0.7784542584929104,-0.7784542584929104,3,0.6777837332450884,0.5323228124013923,0.22927755915480896,0.23839962844379872,1.2302752716451684,0.6528779098319045,0.19049839617018127,0.15662369399791426
14223620,1520,Challenge Cup,2025,2025-08-12,,3,4,alloa-athletic,stranraer,lo_home,1,1,2,3,16,2,9,0.29823052432096353,1.2770661893478252,0.5147755337635218,0.2518642920158211,1.8,3.5,1.7764807748207567,1.174588704824565,,,0.23336017422065705,3.75,,-1,-1,0.6018920699961918,-1.6018920699961918,3,0.16569993765889657,0.4135653045071092,0.24676777923679621,0.3396669162560946,0.3873337750189314,0.465264196007448,0.2413068371574199,0.29342896683513214
14223627,1520,Challenge Cup,2025,2025-08-12,,3,4,inverness-caledonian-thistle,elgin-city,lo_home,1,4,1,13,10,8,4,2.5722573826275106,0.8421117305294027,0.4343152142923632,0.3314083520234626,2.1,2.7,1.6987871639898673,1.458850795888689,,,0.2342764336841742,3.7,,3,1,0.23993636810117835,2.760063631898822,2,0.16569993765889657,0.4135653045071092,0.24676777923679621,0.3396669162560946,1.4605638217934442,0.6997138306242641,0.17432633749783003,0.125959831877906
14223629,1520,Challenge Cup,2025,2025-08-12,,3,4,kelty-hearts-fc,annan-athletic,hi_home,1,1,0,13,6,3,5,1.1894123681328537,0.3419923495654861,0.47862647616178,0.2736565126118615,1.9100000000000001,3.2,1.6042319228404138,1.1516718306939895,,,0.24771701122635859,3.5,,1,1,0.45256009214642434,0.5474399078535757,2,0.6777837332450884,0.5323228124013923,0.22927755915480896,0.23839962844379872,0.49496824383650506,0.4912800720732784,0.23048363289726892,0.27823629502945274
14223634,1520,Challenge Cup,2025,2025-08-12,,3,4,queen-of-the-south,east-kilbride,lo_home,1,1,3,5,24,2,12,0.8332340298476892,4.056434220235484,0.34255458003220884,0.4473080617503131,2.63,2.05,1.7842216574590886,2.0511791211108807,,,0.21013735821747817,4.1,,-2,-1,-0.2669574636517922,-1.7330425363482078,1,0.16569993765889657,0.4135653045071092,0.24676777923679621,0.3396669162560946,0.7829559648925839,0.5530664234134306,0.19991818525131708,0.24701539133525222
14294121,982,League Cup,2025,2025-08-16,Round 2,1,2,aberdeen,greenock-morton,lo_home,1,3,0,11,1,7,0,1.6968185617207008,0.040736353432870714,0.6619733339629922,0.14750871631479687,1.45,6.0,2.206286119770565,0.9375675895130542,,,0.19051794972221098,4.75,,3,1,1.2687185302575108,1.7312814697424892,4,0.05594546158061653,0.387586323483684,0.24998836666138446,0.3624253098549315,0.7732628479410617,0.5569690437735036,0.24305509944308704,0.19997585678340926
14294125,982,League Cup,2025,2025-08-16,Round 2,1,3,rangers,alloa-athletic,hi_home,2,4,2,25,6,15,4,3.2306577800152034,1.0647973368392922,0.9196022077672948,0.03485238823450211,1.06,21.0,5.773328057566422,1.5969741255057677,,,0.045545403998202935,17.0,,2,1,4.176353932060654,-2.176353932060654,7,3.8609396728079144,0.9504112069152696,0.036900325958405845,0.012688467126324546,3.122678040595072,0.9128979249909941,0.06268954991997704,0.024412525089028938
14294127,982,League Cup,2025,2025-08-16,Round 2,1,2,motherwell,st-johnstone,lo_home,1,0,0,15,11,7,2,1.1191472852064688,0.8486320169215847,0.37778661092366717,0.34862185437185716,2.5,2.7,1.251716809628596,1.1911263539559436,,,0.27359153470447567,3.4,,0,0,0.06059045567265242,-0.06059045567265242,2,0.05594546158061653,0.387586323483684,0.24998836666138446,0.3624253098549315,-0.17012744645207722,0.3217475304317198,0.27407032156026545,0.40418214800801483
14223626,1520,Challenge Cup,2025,2025-08-26,,3,4,peterhead,the-spartans-fc,lo_home,1,1,1,10,6,5,3,0.6835340224657473,1.0950201053522826,0.3087180992842686,0.43408792593297857,2.88,2.1,1.1981348559904095,1.4695599218900421,,,0.2571939747827528,3.4,,0,0,-0.27142506589963267,0.27142506589963267,1,0.16569993765889657,0.4135653045071092,0.24676777923679621,0.3396669162560946,0.22848670224176604,0.42621085705876977,0.2515861461107564,0.3222029968304738
14223628,1520,Challenge Cup,2025,2025-08-26,,3,4,montrose,forfar-athletic,hi_home,1,1,0,9,4,3,2,1.8658802366516005,0.6137719263984462,0.4778559883205993,0.28275290403085257,1.9100000000000001,3.1,1.6901631676905569,1.2473138358065088,,,0.23939110764854812,3.6,,1,1,0.44284933188404807,0.5571506681159519,2,0.6777837332450884,0.5323228124013923,0.22927755915480896,0.23839962844379872,0.4335668670809518,0.4743441790692484,0.2489808690467817,0.2766749518839699
14223632,1520,Challenge Cup,2025,2025-08-26,,3,4,queen-of-the-south,clyde-fc,hi_home,1,3,1,19,9,9,2,2.243354828166053,1.3295058511620441,0.628300637748729,0.1760791900207648,1.48,4.75,2.2135883660237856,1.0894469577434036,,,0.19562017223050615,4.333333333333334,,2,1,1.124141408280382,0.875858591719618,4,0.6777837332450884,0.5323228124013923,0.22927755915480896,0.23839962844379872,1.3056020688777439,0.6689362666040277,0.18582163453174522,0.1452420988642271
14223645,1520,Challenge Cup,2025,2025-08-26,,3,4,stenhousemuir,annan-athletic,lo_home,1,3,1,5,8,5,2,1.0288436359651685,0.8234258497133509,0.48692734211648747,0.26062218958642547,1.9,3.4,1.5648239440143024,1.0737639630356923,,,0.25245046829708706,3.5,,2,1,0.49105998097861003,1.50894001902139,2,0.16569993765889657,0.4135653045071092,0.24676777923679621,0.3396669162560946,-0.30802998651700464,0.32311139904616704,0.22509414965034752,0.4517944513034854
14223647,1520,Challenge Cup,2025,2025-08-27,,3,4,hamilton-academical,edinburgh-city-fc,hi_home,1,2,3,4,9,3,7,0.34076536257289786,1.1321122380580295,0.5441515194346762,0.22792424028266187,1.7,3.8,1.8401116775414545,1.1113188664396656,,,0.22792424028266187,3.8,,-1,-1,0.728792811101789,-1.728792811101789,3,0.6777837332450884,0.5323228124013923,0.22927755915480896,0.23839962844379872,1.4355409487756559,0.6970919641085914,0.17780689995679708,0.1251011359346115
14223652,1520,Challenge Cup,2025,2025-09-05,,3,4,inverness-caledonian-thistle,stirling-albion,hi_home,1,2,1,23,6,6,4,4.16619678669158,0.37627182356854305,0.6901108639918663,0.15076616471653226,1.3599999999999999,5.5,2.8019161344088204,1.2852242663530489,,,0.1591229712916014,5.25,,1,1,1.5166918680557715,-0.5166918680557715,4,0.6777837332450884,0.5323228124013923,0.22927755915480896,0.23839962844379872,2.1329434941862093,0.8149285080037298,0.12268881492520356,0.062382677071066574
14223655,1520,Challenge Cup,2025,2025-09-06,,3,4,hamilton-academical,east-kilbride,lo_home,1,4,2,13,9,10,5,1.8327224638480137,1.7283154322871783,0.3476917103674291,0.4158119797984144,2.6,2.2,1.4853630072354094,1.6433405455907517,,,0.23649630983415645,3.7,,2,1,-0.15797753835534234,2.1579775383553423,1,0.16569993765889657,0.4135653045071092,0.24676777923679621,0.3396669162560946,0.1728580397382593,0.42594515353188733,0.2180539053805528,0.3560009410875598
14223656,1520,Challenge Cup,2025,2025-09-06,,3,4,cove-rangers,elgin-city,lo_home,1,0,1,7,10,3,5,0.5266494038152002,0.9929902922314493,0.39518904249772885,0.3463745974258606,2.3,2.6,1.3967886793170718,1.2910333855153924,,,0.2584363600764105,3.4,,-1,-1,0.10575529380167947,-1.1057552938016795,2,0.16569993765889657,0.4135653045071092,0.24676777923679621,0.3396669162560946,0.42036324635877653,0.4741878606923932,0.23309384634461708,0.2927182929629898
14223657,1520,Challenge Cup,2025,2025-09-06,,3,4,east-fife,dumbarton,hi_home,1,1,1,13,7,6,3,1.8189232497940728,1.7281133045723545,0.6108558118236016,0.1904293521487448,1.53,4.5,2.199088369671114,1.1537365998657478,,,0.19871483602765372,4.333333333333334,,0,0,1.045351769805366,-1.045351769805366,4,0.6777837332450884,0.5323228124013923,0.22927755915480896,0.23839962844379872,0.2810009664087112,0.44432582074880456,0.23094021718533825,0.3247339620658572
14223658,1520,Challenge Cup,2025,2025-09-06,,3,4,kelty-hearts-fc,stranraer,hi_home,1,3,0,6,12,3,4,0.8567457927308992,1.1854169117986537,0.512977745122065,0.22849341048399394,1.8,3.8,1.523145818405332,0.9224686160134755,,,0.258528844393941,3.4,,3,1,0.6006772023918564,2.3993227976081437,3,0.6777837332450884,0.5323228124013923,0.22927755915480896,0.23839962844379872,0.26513151532820056,0.4294363453238445,0.2675462570302736,0.30301739764588187
14472030,982,League Cup,2025,2025-09-21,Quarterfinals,1,2,celtic,partick-thistle,lo_home,1,4,0,22,7,8,2,2.081603970461131,0.7326721997085396,0.820606925644005,0.04771274270509288,1.17,15.0,2.46778594956454,0.4359066065850441,,,0.13168033165090204,6.5,,4,1,2.031879342979496,1.968120657020504,6,1.7378859934734723,0.7497531579476806,0.15343592815917828,0.0968109138931411,2.2099873871069975,0.8284995514644639,0.11677861299332239,0.05472183554221383
14223666,1520,Challenge Cup,2025,2025-09-23,,3,4,peterhead,elgin-city,hi_home,1,1,1,10,9,5,5,0.8108087247474013,0.6651853503164527,0.5514037890680726,0.2012888210481929,1.67,4.2,1.626285076422786,0.8734621867419918,,,0.24730738988373446,3.5,,0,0,0.7528228896807942,-0.7528228896807942,3,0.6777837332450884,0.5323228124013923,0.22927755915480896,0.23839962844379872,0.9337835149017939,0.5863124151480791,0.2009447106374212,0.21274287421449978
14223667,1520,Challenge Cup,2025,2025-09-23,,3,4,montrose,stirling-albion,lo_home,1,2,1,15,11,8,7,1.5146947784450873,0.830728900246591,0.48692734211648747,0.26062218958642547,1.9,3.4,1.5648239440143024,1.0737639630356923,,,0.25245046829708706,3.5,,1,1,0.49105998097861003,0.50894001902139,2,0.16569993765889657,0.4135653045071092,0.24676777923679621,0.3396669162560946,0.2186398992312797,0.4311429212897653,0.23039291374467474,0.33846416496556
14223669,1520,Challenge Cup,2025,2025-09-23,,3,4,stenhousemuir,east-kilbride,hi_home,1,3,0,12,10,9,5,1.6964080761859732,0.5725321132963909,0.39272889292400065,0.36686615167737957,2.3,2.45,1.5569544781738633,1.4976669195412509,,,0.24040495539861975,3.6,,3,1,0.05928755863261248,2.9407124413673875,2,0.6777837332450884,0.5323228124013923,0.22927755915480896,0.23839962844379872,-0.0467159903856742,0.3818661471580708,0.2174422102634272,0.400691642578502
14223671,1520,Challenge Cup,2025,2025-09-23,,3,4,kelty-hearts-fc,dumbarton,lo_home,1,3,3,11,13,4,6,2.5907880108283607,1.3642670778994692,0.31139510110031604,0.4370160885122173,2.88,2.1,1.2469660681857153,1.5235126318632917,,,0.25158881038746667,3.5,,0,0,-0.27654656367757635,0.27654656367757635,1,0.16569993765889657,0.4135653045071092,0.24676777923679621,0.3396669162560946,-0.40937367682473114,0.2827496478876733,0.248607995361353,0.46864235675097377
14223673,1520,Challenge Cup,2025,2025-09-23,,3,4,east-fife,clyde-fc,lo_home,1,1,2,17,12,10,4,2.155528632794567,1.3360847078232612,0.4340518869098213,0.3246231438393518,2.1,2.75,1.6206531115881349,1.3715407510178372,,,0.241324969250827,3.6,,-1,-1,0.24911236057029762,-1.2491123605702976,2,0.16569993765889657,0.4135653045071092,0.24676777923679621,0.3396669162560946,0.36354129888234454,0.459749597754287,0.24141124618422652,0.2988391560614866
14223678,1520,Challenge Cup,2025,2025-10-11,,3,4,montrose,the-spartans-fc,hi_home,1,3,1,15,6,8,1,1.661007161017664,0.9237014225954479,0.37909739056609515,0.3877346418298966,2.4,2.35,1.6031319426662871,1.6234238826938596,,,0.23316796760400837,3.75,,2,1,-0.020291940027572508,2.0202919400275725,2,0.6777837332450884,0.5323228124013923,0.22927755915480896,0.23839962844379872,0.3351528284946734,0.45369125557604445,0.23992648734269845,0.30638225708125705
14223679,1520,Challenge Cup,2025,2025-10-11,,3,4,queen-of-the-south,stranraer,lo_home,1,1,1,9,13,5,6,1.2423526073082989,1.4430494948731762,0.49850690474584625,0.2428172662924365,1.85,3.6,1.5159664465727272,0.9735784036611158,,,0.2586758289617174,3.4,,0,0,0.5423880429116114,-0.5423880429116114,2,0.16569993765889657,0.4135653045071092,0.24676777923679621,0.3396669162560946,0.46611694630907197,0.4829298932883876,0.2418489550933987,0.2752211516182137
14223684,1520,Challenge Cup,2025,2025-10-11,,3,4,alloa-athletic,edinburgh-city-fc,lo_home,1,2,1,14,14,7,5,1.3549733010915765,1.6616352830203387,0.40686706373752546,0.3485548838552922,2.25,2.6,1.5428197446837622,1.411064984662928,,,0.2445780524071825,3.6,,1,1,0.1317547600208342,0.8682452399791658,2,0.16569993765889657,0.4135653045071092,0.24676777923679621,0.3396669162560946,0.1684053934288543,0.41914163217301414,0.23381100478198297,0.34704736304500283
14223686,1520,Challenge Cup,2025,2025-10-11,,3,4,hamilton-academical,annan-athletic,hi_home,1,1,2,1,12,1,5,0.3638558271606164,1.7350931690498612,0.19687481675272572,0.5728500502283648,4.5,1.65,0.9496206400171538,1.795932676796876,,,0.23027513301890962,3.9,,-1,-1,-0.8463120367797221,-0.1536879632202779,1,0.6777837332450884,0.5323228124013923,0.22927755915480896,0.23839962844379872,1.9187508290735305,0.7679941246487005,0.1371022852459559,0.09490359010534352
14223691,1520,Challenge Cup,2025,2025-10-11,,3,4,inverness-caledonian-thistle,forfar-athletic,lo_home,1,4,1,14,10,7,5,1.462250263274055,1.3224336079987113,0.5622840241342005,0.21575189093787203,1.65,4.0,1.9074953421480978,1.09863494872144,,,0.22196408492792738,3.9,,3,1,0.8088603934266578,2.1911396065733424,3,0.16569993765889657,0.4135653045071092,0.24676777923679621,0.3396669162560946,1.3832788353521233,0.6974546788935858,0.19155198104731302,0.11099334005910119
14807037,73,Scottish Cup,2025,2025-10-25,Round 2,4,5,edinburgh-city-fc,university-of-stirling-fc,hi_home,1,1,0,9,6,6,1,1.0074634039562247,0.0,0.5780415590303678,0.20212831989515098,1.6,4.2,1.9225543939494447,1.0459783550115418,,,0.2198301210744811,3.9,,1,1,0.8765760389379029,0.12342396106209708,3,1.0913087572924627,0.6196232882387558,0.19455986190652386,0.18581684985472036,2.0471856739985625,0.7857342402258831,0.12816189470939374,0.08610386506472317
14807056,73,Scottish Cup,2025,2025-10-25,Round 2,4,5,elgin-city,deveronvale-fc,hi_home,1,2,1,13,14,5,5,1.6869611841652055,0.0,0.6242433386357562,0.151729426375109,1.5,5.5,1.8098347496471268,0.7584495044204934,,,0.22402723498913488,3.9,,1,1,1.0513852452266335,-0.05138524522663346,4,1.0913087572924627,0.6196232882387558,0.19455986190652386,0.18581684985472036,2.0711063405359527,0.7977470862872165,0.12714259179061435,0.07511032192216908
14807058,73,Scottish Cup,2025,2025-10-25,Round 2,4,5,stirling-albion,caledonian-braves-fc,lo_home,1,3,3,11,14,8,7,1.6236466018071034,0.0,0.4707287465029477,0.32554079889579607,1.95,2.75,2.190848276021766,1.812595619867528,,,0.2037304546012562,4.2,,0,0,0.37825265615423787,-0.37825265615423787,2,0.5076752278617911,0.49443082638286373,0.22365393254290244,0.28191524107423377,0.8716164899102001,0.5746908067110476,0.20990439616517545,0.21540479712377694
14223693,1520,Challenge Cup,2025,2025-11-11,,3,4,peterhead,stirling-albion,lo_home,1,1,2,14,11,5,4,1.1261161846045933,1.3512708022886823,0.5530010456282475,0.22023485443502838,1.67,3.9,1.8509309663929003,1.0841561661226626,,,0.22676409993672414,3.8,,-1,-1,0.7667748002702377,-1.7667748002702377,3,0.16569993765889657,0.4135653045071092,0.24676777923679621,0.3396669162560946,0.3529134693847338,0.4610757280927458,0.22554690535184643,0.3133773665554078
14223701,1520,Challenge Cup,2025,2025-11-11,,3,4,east-fife,edinburgh-city-fc,hi_home,1,3,0,14,2,8,2,2.5780572683554492,0.16230755590395948,0.7801380705823454,0.07371046749093707,1.2,9.5,2.4852753571581383,0.6287536136053578,,,0.14615146192671744,5.5,,3,1,1.8565217435527805,1.1434782564472195,5,0.6777837332450884,0.5323228124013923,0.22927755915480896,0.23839962844379872,0.6247520315020885,0.5204401407733029,0.22050622130615627,0.2590536379205408
14223705,1520,Challenge Cup,2025,2025-11-11,,3,4,alloa-athletic,clyde-fc,hi_home,1,4,4,16,22,7,7,1.785685788008046,3.5675646825761813,0.43639965179037393,0.3472090374602662,2.1,2.6,1.936680792644254,1.7146209553207514,,,0.21639131074935988,4.0,,0,0,0.22205983732350254,-0.22205983732350254,2,0.6777837332450884,0.5323228124013923,0.22927755915480896,0.23839962844379872,0.7441907816051336,0.547896548999438,0.22572104578642427,0.22638240521413777
14223706,1520,Challenge Cup,2025,2025-11-11,,3,4,cove-rangers,forfar-athletic,hi_home,1,1,2,13,8,4,5,1.1721540373203352,1.1435030899509964,0.5656784356600706,0.23460011841718287,1.65,3.75,2.25584983509875,1.411132120130238,,,0.19972144592274668,4.333333333333334,,-1,-1,0.8447177149685121,-1.8447177149685121,3,0.6777837332450884,0.5323228124013923,0.22927755915480896,0.23839962844379872,0.5165796679370883,0.4920243130986399,0.26131656126653324,0.24665912563482675
15043081,1520,Challenge Cup,2025,2025-11-19,,3,4,stenhousemuir,dumbarton,lo_home,1,2,0,11,6,5,1,1.1440745769204141,0.32525296963544237,0.4356990185060596,0.3422829078120113,2.1,2.63,1.8552572179594171,1.6276189735739912,,,0.2220180736819291,3.9,,2,1,0.2276382443854259,1.772361755614574,2,0.16569993765889657,0.4135653045071092,0.24676777923679621,0.3396669162560946,0.2034742125396234,0.41999086541367503,0.25271587677959506,0.32729325780672985
14956819,73,Scottish Cup,2025,2025-11-28,Round 3,2,5,queens-park-fc,linlithgow-rose,lo_home,3,3,1,16,10,8,2,3.1372352997939537,0.0,0.6379993343411314,0.14046741479200675,1.48,6.0,1.8160452650021708,0.7108377687186612,,,0.22153325086686193,4.0,,2,1,1.1052074962835094,0.8947925037164906,4,2.0593821954035,0.7924666905036821,0.12802240876424356,0.07951090073207433,0.3067232421978535,0.4332826352991366,0.28780573809711424,0.2789116266037493
14956805,73,Scottish Cup,2025,2025-11-29,Round 3,2,3,airdrieonians,hamilton-academical,hi_home,1,4,0,19,7,8,3,3.041277765787372,0.4396936851338451,0.47125305343354246,0.2861207714925467,1.95,3.1,1.6500123145323293,1.2335848176683941,,,0.24262617507391088,3.6,,4,1,0.4164274968639352,3.5835725031360646,2,1.1696147369025267,0.6425342726813927,0.19952724116435117,0.15793848615425604,-0.4557132707129772,0.272573125810524,0.24789531845209825,0.4795315557373777
14956806,73,Scottish Cup,2025,2025-11-29,Round 3,4,5,annan-athletic,buckie-thistle-fc,hi_home,1,4,0,18,7,8,3,2.064729930387955,0.0,0.5250586105090603,0.2557082974371344,1.75,3.4,1.960841323328862,1.31392536468316,,,0.21923309205380526,3.9,,4,1,0.6469159586457021,3.3530840413542977,3,1.0913087572924627,0.6196232882387558,0.19455986190652386,0.18581684985472036,0.5878613458322002,0.5126327593463728,0.19997430090739257,0.2873929397462347
14956807,73,Scottish Cup,2025,2025-11-29,Round 3,2,5,ayr-united,turriff-united-fc,hi_home,3,3,0,21,3,10,2,3.342546467250129,0.0,0.9525245093798753,0.015713783685038396,1.02,34.0,5.315515828155796,0.9104951301494925,,,0.031761706935086176,21.0,,3,1,4.405020698006304,-1.4050206980063038,7,2.749426414718609,0.8743796391947869,0.08419587511066974,0.04142448569454343,2.885598171805035,0.8929849866716113,0.07503614431328273,0.031978869015106
14956808,73,Scottish Cup,2025,2025-11-29,Round 3,2,5,ross-county,banks-odee-fc,lo_home,3,2,0,8,2,6,1,1.2000828686631593,0.0,0.7285160345324778,0.08242432294051208,1.29,9.0,1.9821251578517032,0.49660044718828844,,,0.18905964252701019,4.5,,2,1,1.4855247106634146,0.5144752893365854,5,2.0593821954035,0.7924666905036821,0.12802240876424356,0.07951090073207433,1.002417773718128,0.6005052700072768,0.19730999315875877,0.20218473683396437
14956809,73,Scottish Cup,2025,2025-11-29,Round 3,3,5,montrose,benburb,lo_home,2,3,0,14,4,8,0,2.571943333221575,0.0,0.8149153907997462,0.0448078821909018,1.17,15.0,2.3184003637532857,0.3720888766522116,,,0.14027672700935212,6.0,,3,1,1.9463114871010743,1.0536885128989257,6,1.006521403961242,0.6014427363300979,0.19821539032026686,0.20034187334963527,0.5143821177113075,0.4921905876368062,0.25639338855503924,0.25141602380815464
14956810,73,Scottish Cup,2025,2025-11-29,Round 3,4,5,the-spartans-fc,bonnyrigg-rose,lo_home,1,2,1,8,8,2,1,1.3234016331392726,1.4669650226892474,0.4170787157986449,0.32213552676733276,2.2,2.8,1.414831604993888,1.210971963481809,,,0.2607857574340222,3.4,,1,1,0.20385964151207903,0.796140358487921,2,0.5076752278617911,0.49443082638286373,0.22365393254290244,0.28191524107423377,0.1693896120675502,0.406443333728998,0.2676211499698617,0.3259355163011403
14956811,73,Scottish Cup,2025,2025-11-29,Round 3,4,5,edinburgh-city-fc,camelon-juniors,lo_home,1,1,2,12,7,4,3,1.388868445679409,0.0,0.5709839733562738,0.19540787399161205,1.62,4.333333333333334,1.7591374508424822,0.922644357719413,,,0.2336081526521141,3.7,,-1,-1,0.8364930931230692,-1.8364930931230692,3,0.5076752278617911,0.49443082638286373,0.22365393254290244,0.28191524107423377,1.0846296104788005,0.6265330120548781,0.2090158864010748,0.16445110154404707
14956812,73,Scottish Cup,2025,2025-11-29,Round 3,4,5,dumbarton,auchinleck-talbot,hi_home,1,0,4,7,13,0,8,0.5329851188257638,0.0,0.4988733494550733,0.26276665944459665,1.83,3.3,1.714307663380241,1.1799783414295302,,,0.2383599911003302,3.6,,-4,-1,0.5343293219507108,-4.534329321950711,2,1.0913087572924627,0.6196232882387558,0.19455986190652386,0.18581684985472036,0.380874835555286,0.46010486059253863,0.25666569710772047,0.28322944229974095
14956813,73,Scottish Cup,2025,2025-11-29,Round 3,2,3,dunfermline-athletic,queen-of-the-south,hi_home,1,2,1,15,6,7,1,1.629597848393734,0.4943450319627775,0.6676691340723951,0.12850712067530712,1.4,6.25,1.9771396519761582,0.7286031546561451,,,0.20382374525229785,4.2,,1,1,1.248536497320013,-0.24853649732001304,4,1.1696147369025267,0.6425342726813927,0.19952724116435117,0.15793848615425604,0.8846306656515558,0.5830451664364551,0.23098428583127345,0.18597054773227145
14956814,73,Scottish Cup,2025,2025-11-29,Round 3,2,3,arbroath,east-fife,lo_home,1,2,0,10,2,5,2,1.5058522203840676,0.08295508157624482,0.5021074103450768,0.24103070543373217,1.83,3.6,1.5333687601410784,0.9772009038036118,,,0.25686188422119116,3.4,,2,1,0.5561678563374666,1.4438321436625334,3,0.6517473616460112,0.5263336354117294,0.2338529916551505,0.23981337293312016,-0.023630089761020212,0.3741368483545779,0.2413681041931117,0.38449504745231045
14956816,73,Scottish Cup,2025,2025-11-29,Round 3,2,4,partick-thistle,forfar-athletic,lo_home,2,2,0,17,7,9,1,2.207155631799115,0.7245723439033926,0.7285858882751867,0.10367207608874755,1.29,7.5,2.3528144745550827,0.7643396243115672,,,0.16774203563606588,5.0,,2,1,1.5884748502435155,0.41152514975648447,5,1.0588092873916224,0.6194817045375659,0.20930902751249414,0.17120926794994004,1.0686918805108019,0.626677834868679,0.21780053433770818,0.15552163079361275
14956818,73,Scottish Cup,2025,2025-11-29,Round 3,3,5,kelty-hearts-fc,brechin-city,hi_home,2,2,0,20,5,7,1,1.9520045703888909,0.6923522160147382,0.5599005149862414,0.2322398343099117,1.67,3.8,2.1189882986626327,1.309080963421546,,,0.20785965070384685,4.2,,2,1,0.8099073352410868,1.1900926647589132,3,1.6275490833880302,0.7199294410162412,0.15755641893539168,0.12251414004836697,0.48059111246576935,0.48526325576004514,0.2485526048417031,0.26618413939825175
14956820,73,Scottish Cup,2025,2025-11-29,Round 3,2,3,greenock-morton,peterhead,lo_home,1,2,2,13,14,5,4,2.4814188603168374,2.7497055127631143,0.5051689586021089,0.24356194361977596,1.83,3.6,1.5852630148942557,1.018900450801166,,,0.2512690977781153,3.5,,0,0,0.5663625640930896,-0.5663625640930896,3,0.6517473616460112,0.5263336354117294,0.2338529916551505,0.23981337293312016,0.28589168762379336,0.43696251862891305,0.2592566500421902,0.30378083132889677
14956821,73,Scottish Cup,2025,2025-11-29,Round 3,2,3,raith-rovers,alloa-athletic,hi_home,1,1,0,14,6,7,0,1.0145026192687312,0.45986371198712306,0.5817861793565333,0.15888751227814024,1.6,5.25,1.5110963624153593,0.6479219646806332,,,0.25932630836532633,3.4,,1,1,0.863174397734726,0.13682560226527396,3,1.1696147369025267,0.6425342726813927,0.19952724116435117,0.15793848615425604,0.6624137699636022,0.5289757468949922,0.2542678911346415,0.2167563619703664
14956822,73,Scottish Cup,2025,2025-11-29,Round 3,2,3,st-johnstone,cove-rangers,hi_home,1,1,1,28,18,13,9,3.656965144404012,1.6921868073600104,0.8479236167987872,0.03322000531797989,1.13,19.0,2.49611307229284,0.327937528835592,,,0.11885637788323294,7.0,,0,0,2.168175543457248,-2.168175543457248,6,1.1696147369025267,0.6425342726813927,0.19952724116435117,0.15793848615425604,1.6016768149791774,0.7457670240334151,0.17289468248182863,0.08133829348475621
14956823,73,Scottish Cup,2025,2025-11-29,Round 3,3,5,stenhousemuir,clachnacuddin-fc,hi_home,2,4,1,16,6,7,4,2.2586028414840116,0.0,0.7825071360587812,0.06159275272811057,1.2,11.0,2.249415213582809,0.4649846098064649,,,0.1559001112131082,5.25,,3,1,1.7844306037763442,1.2155693962236558,5,1.6275490833880302,0.7199294410162412,0.15755641893539168,0.12251414004836697,2.7441115038140476,0.8765065630367805,0.08371760812579562,0.03977582883742379
14956824,73,Scottish Cup,2025,2025-11-29,Round 3,4,5,stranraer,clydebank-fc,hi_home,1,1,0,12,13,7,6,1.4823118421094434,0.0,0.35427613871729957,0.3867641124744307,2.55,2.35,1.306183175640468,1.3764899258283059,,,0.25895974880826966,3.4,,1,1,-0.07030675018783783,1.0703067501878378,2,1.0913087572924627,0.6196232882387558,0.19455986190652386,0.18581684985472036,-0.034478716342825066,0.3613147467695254,0.2613036238189779,0.3773816294114968
15192236,73,Scottish Cup,2025,2025-12-10,Round 3,3,5,inverness-caledonian-thistle,tranent-juniors-fc,lo_home,2,2,1,18,6,10,1,1.6621695377991523,0.0,0.6759244443087186,0.14822070212281033,1.38,5.5,2.446100800495203,1.069586649421124,,,0.17585485356847116,4.75,,1,1,1.376514151074079,-0.37651415107407904,4,1.006521403961242,0.6014427363300979,0.19821539032026686,0.20034187334963527,1.7376239404567224,0.7395734240290619,0.1502513351180268,0.1101752408529113
15176492,73,Scottish Cup,2025,2026-01-16,Round 4,1,4,rangers,annan-athletic,hi_home,3,5,0,14,5,7,0,2.652623142007357,0.28788706045210777,0.9404841478163508,0.0188428821185573,1.04,34.0,4.703092852569089,0.7803914895359507,,,0.04067297006509196,19.0,,5,1,3.922701363033138,1.0772986369668618,7,4.1271059176675395,0.9645796827165153,0.027751270369051634,0.007669046914433087,3.559544462657355,0.9400979330509516,0.04492208840617481,0.014979978542873515
15176494,73,Scottish Cup,2025,2026-01-17,Round 4,2,3,greenock-morton,stenhousemuir,lo_home,1,0,4,12,6,5,4,2.048507185050542,1.375143994477972,0.3478403286787637,0.37513008935787046,2.63,2.45,1.1679214649388858,1.224104638281261,,,0.2770295819633658,3.25,,-4,-1,-0.056183173342375214,-3.943816826657625,1,0.6517473616460112,0.5263336354117294,0.2338529916551505,0.23981337293312016,-0.09826130129995758,0.3272931642095417,0.2954647852105958,0.3772420505798624
15176495,73,Scottish Cup,2025,2026-01-17,Round 4,1,2,dundee-united,ayr-united,hi_home,1,2,0,16,8,7,1,1.82364416664758,0.6780421256281646,0.6056415678436091,0.16186135649535738,1.55,5.25,1.7399877570398126,0.7687060448796121,,,0.23249707566103367,3.8,,2,1,0.9712817121602004,1.0287182878397996,4,0.5082500266646688,0.4911949653150934,0.25131881942930345,0.2574862152556032,0.9423025181722023,0.59400906952472,0.21992139226871102,0.1860695382065689
15176496,73,Scottish Cup,2025,2026-01-17,Round 4,4,5,elgin-city,camelon-juniors,lo_home,1,3,1,4,7,2,3,0.41002890040874584,0.0,0.562037392910095,0.22830970758246316,1.65,3.8,2.0878499125581484,1.2700291362324427,,,0.20965289950744181,4.1,,2,1,0.8178207763257057,1.1821792236742943,3,0.5076752278617911,0.49443082638286373,0.22365393254290244,0.28191524107423377,0.6018956266698785,0.5143071478469655,0.24066293765337934,0.24502991449965514
15176497,73,Scottish Cup,2025,2026-01-17,Round 4,2,3,partick-thistle,montrose,hi_home,1,3,1,14,8,7,2,1.2427285926046479,0.6792486841145688,0.7292326561399665,0.10773246918035807,1.3,7.5,2.453521820804853,0.8348689307943202,,,0.16303487467967542,5.25,,2,1,1.6186528900105326,0.3813471099894674,5,1.1696147369025267,0.6425342726813927,0.19952724116435117,0.15793848615425604,1.3079657327052217,0.6710800775200428,0.1890111568170231,0.13990876566293411
15176500,73,Scottish Cup,2025,2026-01-17,Round 4,1,2,hibernian,dunfermline-athletic,lo_home,1,0,1,10,8,6,4,0.7826071136095112,0.6070216591027815,0.6761355598190029,0.14062139383675065,1.4,6.0,2.290881142808568,0.9446609958866852,,,0.18324304634424649,4.75,,-1,-1,1.3462201469218826,-2.3462201469218824,4,0.05096715445829347,0.3800058088946159,0.26387125817822965,0.3561229329271545,0.8233075118677493,0.5676003733931554,0.23432466580190897,0.19807496080493556
15176501,73,Scottish Cup,2025,2026-01-17,Round 4,1,2,motherwell,ross-county,hi_home,1,1,0,10,6,3,4,1.39331953530288,0.4986951785476652,0.7325669379307094,0.10614619020287207,1.29,7.5,2.473280625912081,0.8342843367545931,,,0.16128687186641846,5.25,,1,1,1.638996289157488,-0.6389962891574881,5,0.5082500266646688,0.4911949653150934,0.25131881942930345,0.2574862152556032,1.5180829558272513,0.7180416765409672,0.1755379713474746,0.10642035211155816
15208279,73,Scottish Cup,2025,2026-01-17,Round 4,3,4,inverness-caledonian-thistle,the-spartans-fc,lo_home,1,0,0,15,7,10,3,2.3001922716099426,3.3989399469291945,0.6102923623486074,0.1786842502637782,1.53,4.75,2.0023319099030923,0.9828521449390759,,,0.21102338738761436,4.1,,0,0,1.0194797649640164,-1.0194797649640164,4,0.16663376571409083,0.4140804004318858,0.24596765143105462,0.33995194813705953,1.1086999615557573,0.634726776888781,0.21390895592647227,0.15136426718474666
15176485,73,Scottish Cup,2025,2026-01-18,Round 4,1,5,celtic,auchinleck-talbot,lo_home,4,2,0,15,1,5,1,1.5415315504727387,0.0,0.9641002526773789,0.008045282410530563,1.01,51.0,4.578505629377487,0.42810220530776494,,,0.027854464912090628,23.0,,2,1,4.150403424069722,-2.1504034240697223,7,5.068152283762464,0.9824813726747111,0.013817300368005995,0.0037013269572829157,2.625491633090207,0.8795340918717532,0.08765824133674098,0.032807666791505784
15176488,73,Scottish Cup,2025,2026-01-18,Round 4,1,2,aberdeen,raith-rovers,hi_home,1,1,0,18,6,5,2,2.1816815167963197,0.5621673500284985,0.6139614526436756,0.15350391716140044,1.53,5.5,1.729768136389954,0.727806759760229,,,0.23253463019492396,3.8,,1,1,1.0019613766297248,-0.0019613766297248425,4,0.5082500266646688,0.4911949653150934,0.25131881942930345,0.2574862152556032,0.8257279609752074,0.5710834884297661,0.2568575463053486,0.1720589652648853
15386404,73,Scottish Cup,2025,2026-01-20,Round 4,2,4,queens-park-fc,stranraer,lo_home,2,1,1,13,17,6,3,1.7893514507180934,1.0542724212122792,0.5129880452991065,0.24350597735044682,1.8333333333333335,3.7,1.6641020708032386,1.0676844753192498,,,0.24350597735044682,3.7,,0,0,0.5964175954839888,-0.5964175954839888,3,1.0588092873916224,0.6194817045375659,0.20930902751249414,0.17120926794994004,0.1885100588473212,0.41027920145198105,0.2692273449474408,0.3204934536005781
15402566,73,Scottish Cup,2025,2026-02-06,Round 5,1,2,st-mirren,airdrieonians,lo_home,1,1,1,14,7,7,2,1.310926110746864,0.4561478361959043,0.6323100834607036,0.1497040918866588,1.5,5.75,1.8691244960665037,0.7780585613923591,,,0.21798582465263772,4.1,,0,0,1.0910659346741447,-1.0910659346741447,4,0.05096715445829347,0.3800058088946159,0.26387125817822965,0.3561229329271545,0.5640588845138451,0.5028517153517166,0.2652340734650452,0.23191421118323827
15402569,73,Scottish Cup,2025,2026-02-07,Round 5,2,3,dunfermline-athletic,kelty-hearts-fc,hi_home,1,2,0,9,4,2,1,1.0879485126801816,0.5006128513693788,0.7760581300169251,0.0790423306652715,1.22,9.5,2.5532211246560035,0.6922949444205327,,,0.14489953931780328,5.75,,2,1,1.8609261802354706,0.13907381976452937,5,1.1696147369025267,0.6425342726813927,0.19952724116435117,0.15793848615425604,1.5790753716975976,0.7352327580248083,0.17323380620390816,0.09153343577128362
15402570,73,Scottish Cup,2025,2026-02-07,Round 5,2,4,partick-thistle,elgin-city,lo_home,2,3,2,12,12,4,5,1.8478331697665762,1.366324741568188,0.7015825794125055,0.13135279583542062,1.3599999999999999,6.5,2.5220979442596305,1.0118036984985115,,,0.16706462475207393,5.25,,1,1,1.510294245761119,-0.510294245761119,5,1.0588092873916224,0.6194817045375659,0.20930902751249414,0.17120926794994004,1.1900989805958697,0.6456277480911852,0.19717591369806986,0.15719633821074494
15402571,73,Scottish Cup,2025,2026-02-08,Round 5,1,3,falkirk-fc,stenhousemuir,lo_home,2,0,0,23,4,8,2,2.818765545695916,0.4249740733225882,0.6976506946498732,0.12875442711061635,1.3599999999999999,6.5,2.3934992765962626,0.9305657461555136,,,0.1735948782395106,5.0,,0,0,1.4629335304407491,-1.4629335304407491,4,0.9373808635477955,0.5927824331617071,0.2191972774149985,0.18802028942329446,0.45956073317233237,0.4760596474610003,0.2694575150014222,0.2544828375375774
15461454,73,Scottish Cup,2025,2026-02-08,Round 5,1,2,rangers,queens-park-fc,hi_home,1,8,0,23,3,10,0,3.2849373576015815,0.1767174182214457,0.9142256807768437,0.02010332733140113,1.06,29.0,3.387858565917344,0.4030901138326208,,,0.06567099189175524,12.0,,8,1,2.9847684520847233,5.015231547915277,7,2.1442652539519527,0.8194678871292252,0.12218537596160337,0.058346736909171394,2.5729949907959204,0.876465774898565,0.09066334067800366,0.03287088442343131
15503225,73,Scottish Cup,2025,2026-02-17,Round 5,1,4,dundee-united,the-spartans-fc,hi_home,3,2,1,13,17,4,4,1.6614089644733432,1.2762817634715065,0.8060862960014485,0.06682184665043234,1.18,11.0,2.7686295482461385,0.6886238121866265,,,0.12709185734811929,6.5,,1,1,2.080005736059512,-1.080005736059512,6,1.8903138027478008,0.7799152600355972,0.14233305830292367,0.0777516816614791,1.5456249836225135,0.719241588713948,0.17122933299157014,0.1095290782944818
15571603,73,Scottish Cup,2025,2026-03-07,Quarterfinals,1,2,aberdeen,dunfermline-athletic,lo_home,1,0,3,7,14,3,6,0.7658214880086383,1.7567290079916773,0.49559072985929764,0.2446472485207711,1.9,3.7,1.5052130573741993,0.9741050005510655,,,0.2597620216199314,3.5,,-3,-1,0.5311080568231338,-3.531108056823134,2,0.05096715445829347,0.3800058088946159,0.26387125817822965,0.3561229329271545,0.38635163991182586,0.45557399264941184,0.27834361546567804,0.2660823918849101
15511609,73,Scottish Cup,2025,2026-03-08,Quarterfinals,1,2,st-mirren,partick-thistle,hi_home,1,2,1,10,18,5,5,1.2376714847222556,1.1156325853300046,0.5121542053924557,0.23849970750705876,1.83,3.75,1.6058541225806338,1.011320883131532,,,0.24934608710048548,3.6,,1,1,0.5945332394491019,0.40546676055089814,3,0.5082500266646688,0.4911949653150934,0.25131881942930345,0.2574862152556032,0.39419877624209465,0.4603303288551478,0.2668006313363716,0.27286903980848054
15692823,73,Scottish Cup,2025,2026-04-18,Semifinals,1,2,falkirk-fc,dunfermline-athletic,neutral,1,0,0,13,7,2,1,2.2726970941319733,2.073401257419262,0.579904043141991,0.20225320024636118,1.65,4.5,1.9477720314511833,1.0614124663176763,,,0.217842756611648,4.2,,0,0,0.886359565133507,-0.886359565133507,3,0.25523908708925047,0.42470996563831415,0.27415488558335815,0.30113514877832764,0.3167147299088817,0.4377564916373275,0.2795725594007912,0.2826709489618813
16039341,73,Scottish Cup,2025,2026-05-23,Final,1,2,celtic,dunfermline-athletic,neutral,1,3,1,8,9,5,3,0.8582673416714328,1.4893983039733063,0.8074328229075135,0.07554956601361063,1.2,11.0,3.134595107561254,0.9153791120402188,,,0.11701761107887568,7.5,,2,1,2.2192159955210355,-0.21921599552103554,6,1.7013159138521425,0.7571064871977023,0.1609506807631347,0.08194283203916294,1.4043273627823796,0.7010398456598437,0.19152656883648408,0.10743358550367217
16567271,1520,Challenge Cup,2026,2026-08-11,,3,4,alloa-athletic,stranraer,hi_home,1,2,1,4,8,3,4,0.5913674262135141,1.4686851988861647,0.6120129328467733,0.16973792101359855,1.53,5.0,1.8999773376249127,0.8855737394210791,,,0.21824914613962818,4.0,,1,1,1.0144035982038337,-0.014403598203833745,4,0.7127620590775521,0.540291647488027,0.2263617710464636,0.23334658146550938,0.8764779428102893,0.5766802034644624,0.21949149772074716,0.20382829881479053
16567272,1520,Challenge Cup,2026,2026-08-11,,3,5,peterhead,banks-odee-fc,lo_home,2,5,1,15,6,6,3,1.7487614001684393,0.0,0.6201923508748376,0.17658495132400046,1.5,4.75,2.1030095788624172,1.0291081591348925,,,0.2032226978011621,4.2,,4,1,1.0739014197275247,2.926098580272475,4,1.0358642273823095,0.6075722642355618,0.19666677682410055,0.1957609589403377,0.19363956717881758,0.4274683454406867,0.22482369306626113,0.34770796149305216
16567274,1520,Challenge Cup,2026,2026-08-11,,4,5,annan-athletic,bonnyrigg-rose,lo_home,1,0,1,5,4,1,1,0.6791286395698051,0.672209967474326,0.37031141985592886,0.37031141985592886,2.45,2.45,1.3392869609230498,1.3392868330133647,,,0.25937716028814234,3.4,,-1,-1,1.2790968506593003e-7,-1.000000127909685,2,0.5110731143197056,0.49520140618539643,0.22332235352228114,0.2814762402923223,-0.024667197929748808,0.37456978463985097,0.24017358578918255,0.3852566295709665
16567278,1520,Challenge Cup,2026,2026-08-11,,3,4,airdrieonians,dumbarton,lo_home,1,3,1,20,5,7,1,2.047951867060295,0.6066647694742976,0.5832877763887176,0.19902432295252248,1.6,4.333333333333334,1.9461778025223975,1.0456478990865996,,,0.21768790065875981,4.0,,2,1,0.9005299034357979,1.0994700965642021,3,0.1884514551017884,0.4192712735047034,0.24510623274821097,0.33562249374708564,0.20405843284482517,0.4220705528813861,0.24626460400213115,0.33166484311648275
16567279,1520,Challenge Cup,2026,2026-08-11,,3,4,east-fife,the-spartans-fc,hi_home,1,2,2,7,3,5,1,1.2262951454335782,0.7468250830235492,0.5504746582658991,0.22476267086705037,1.67,3.8,1.87774040338468,1.1206973257337804,,,0.22476267086705037,3.8,,0,0,0.7570430776508996,-0.7570430776508996,3,0.7127620590775521,0.540291647488027,0.2263617710464636,0.23334658146550938,0.46541677795338154,0.48147618401457265,0.24476901894823586,0.2737547970371916
16567281,1520,Challenge Cup,2026,2026-08-11,,4,5,edinburgh-city-fc,cowdenbeath,hi_home,1,3,1,7,8,6,5,0.7213632905759693,1.4584933607218291,0.6215916603327556,0.14987247896633138,1.5,5.5,1.7627735651645395,0.7277246578214848,,,0.228535860700913,3.8,,2,1,1.0350489073430547,0.9649510926569453,4,1.1036283510145717,0.6220553713290231,0.193654250784081,0.1842903778868959,0.621714058772959,0.5180173906952269,0.24671800610422953,0.23526460320054363
16567282,1520,Challenge Cup,2026,2026-08-11,,3,4,ross-county,elgin-city,lo_home,1,2,1,12,7,6,5,1.2750694073027484,0.5488618799727327,0.6738543164123139,0.1322858670094395,1.38,6.0,2.1096569998005688,0.8098504976095936,,,0.1938598165782466,4.333333333333334,,1,1,1.2998065021909753,-0.29980650219097527,4,0.1884514551017884,0.4192712735047034,0.24510623274821097,0.33562249374708564,1.491590824155279,0.6990596297246994,0.1706034297342363,0.1303369405410644
16567287,1520,Challenge Cup,2026,2026-08-11,,3,5,montrose,fraserburgh-fc,hi_home,2,2,0,8,3,5,1,2.53801820640689,0.0,0.6607664355504059,0.1599149913657638,1.42,5.25,2.433120590351504,1.1282122489852642,,,0.17931857308383028,4.75,,2,1,1.3049083413662397,0.6950916586337603,4,1.6660781595113825,0.726679469606807,0.15493303004338624,0.11838750034980687,1.2118219522888876,0.6472519021724631,0.19339065766826002,0.15935744015927694
16567288,1520,Challenge Cup,2026,2026-08-11,,3,5,queen-of-the-south,cumbernauld-colts-fc,hi_home,2,4,0,20,6,7,1,2.01355373161389,0.0,0.8375694014701228,0.04498291302204484,1.1400000000000001,15.0,2.6745644401258146,0.4769325995794654,,,0.11744768550783222,7.0,,4,1,2.1976318405463493,1.8023681594536507,6,1.6660781595113825,0.726679469606807,0.15493303004338624,0.11838750034980687,4.826027813863344,0.9785461913453646,0.016888300049445273,0.00456550860519005
16567289,1520,Challenge Cup,2026,2026-08-11,,3,4,cove-rangers,stirling-albion,lo_home,1,2,4,15,8,5,6,1.4631214590445498,1.8123839548796523,0.4848918826605065,0.27207686790399116,1.9,3.25,1.6562196022672322,1.1799774463353023,,,0.24303124943550242,3.6,,-2,-1,0.47624215593192987,-2.4762421559319296,2,0.1884514551017884,0.4192712735047034,0.24510623274821097,0.33562249374708564,0.5403165213547105,0.4999278580087256,0.23408678916410458,0.26598535282716984
16638486,982,League Cup,2026,2026-08-14,Round 2,1,2,kilmarnock,ayr-united,hi_home,1,3,2,13,8,9,3,1.5157439965418398,0.9638626715678154,0.5865696995250741,0.19320153879690527,1.6,4.5,1.9081121965582273,0.9970370574468156,,,0.22022876167802055,4.0,,1,1,0.9110751391114117,0.08892486088858831,3,0.5859411407161594,0.5109807522075596,0.2357715171393243,0.25324773065311623,0.8709913248182725,0.5778762024538322,0.23088470516850998,0.19123909237765782
16638487,982,League Cup,2026,2026-08-15,Round 2,2,3,dunfermline-athletic,ross-county,hi_home,1,1,2,11,12,6,8,1.6566676829067666,1.1063938057653493,0.41630018801075047,0.29678966670306717,2.25,3.1,1.2302834765895554,0.9912669725277079,,,0.2869101452861823,3.2,,-1,-1,0.2390165040618475,-1.2390165040618475,2,1.2528258627522753,0.6549216114777887,0.18741603108259583,0.1576623574396155,0.011297204606310007,0.3700970965016142,0.2650858978386487,0.36481700565973707
16638483,982,League Cup,2026,2026-08-16,Round 2,1,2,motherwell,stenhousemuir,lo_home,1,0,0,7,11,1,5,0.2713739794530106,1.0550263440647012,0.6487420006987655,0.13198621907164443,1.45,6.25,1.8224721190311106,0.675272337626778,,,0.21927178022959,4.0,,0,0,1.1471997814043327,-1.1471997814043327,4,0.07744394924760933,0.3924228655589235,0.24999113485459865,0.3575859995864779,1.4517749933239847,0.6979980120407991,0.17797103769220748,0.1240309502669934
16638484,982,League Cup,2026,2026-08-16,Round 2,1,2,heart-of-midlothian,inverness-caledonian-thistle,hi_home,1,6,2,15,6,6,3,2.2950273788060342,0.9026845204866709,0.760157940270424,0.06734272625178439,1.25,11.0,2.088247617161461,0.4485475111004409,,,0.17249933347779142,5.0,,4,1,1.6397001060610201,2.36029989393898,5,0.5859411407161594,0.5109807522075596,0.2357715171393243,0.25324773065311623,0.9801624148692448,0.6034790149662236,0.22315323291587005,0.17336775211790637
16638488,982,League Cup,2026,2026-08-16,Round 2,1,2,hibernian,partick-thistle,hi_home,1,1,0,14,9,5,5,1.2707845746013948,0.7928198788837524,0.6171016609672574,0.14099761297063065,1.53,6.0,1.633688887175541,0.6311736348599671,,,0.2419007260621119,3.7,,1,1,1.002515252315574,-0.0025152523155740347,4,0.5859411407161594,0.5109807522075596,0.2357715171393243,0.25324773065311623,1.0408705741955961,0.6167723478431052,0.21692434287043252,0.16630330928646228
16568790,1520,Challenge Cup,2026,2026-08-25,,3,4,airdrieonians,stirling-albion,hi_home,1,1,3,16,10,11,7,1.3345865574480575,1.3889605569980576,0.631007302024843,0.15865459412579339,1.48,5.25,1.973073533195339,0.8720871969689413,,,0.2103381038493636,4.1,,-2,-1,1.1009863362263976,-3.1009863362263976,4,0.7127620590775521,0.540291647488027,0.2263617710464636,0.23334658146550938,1.0776649847946207,0.6205329210370409,0.20512455227846352,0.17434252668449554
16568791,1520,Challenge Cup,2026,2026-08-25,,3,5,east-kilbride,cowdenbeath,lo_home,2,3,1,13,4,5,3,1.611156273953082,0.24832480841407975,0.7286031013795927,0.11280849279074752,1.29,7.0,2.5661943368294984,0.9202283303850186,,,0.15858840582965988,5.25,,2,1,1.6459660064444797,0.35403399355552034,5,1.0358642273823095,0.6075722642355618,0.19666677682410055,0.1957609589403377,0.5727759284093428,0.5077943088355955,0.22583229094642593,0.26637340021797856
16568792,1520,Challenge Cup,2026,2026-08-25,,4,5,annan-athletic,berwick-rangers,hi_home,1,2,2,14,5,5,4,1.6404235128870504,1.2890209676730868,0.6881077266236943,0.13482062034590958,1.3599999999999999,6.0,2.364818928690702,0.9505670908831718,,,0.1770716530303962,4.75,,0,0,1.4142518378075304,-1.4142518378075304,4,1.1036283510145717,0.6220553713290231,0.193654250784081,0.1842903778868959,1.302198339464385,0.6587189984633215,0.1798898979000939,0.16139110363658465
16568799,1520,Challenge Cup,2026,2026-08-25,,4,5,kelty-hearts-fc,clydebank-fc,hi_home,1,2,4,8,16,2,8,0.6678775517945844,0.0,0.4232892762487022,0.3063729998020247,2.15,2.9,1.350325160025571,1.10624228372176,,,0.27033772394927297,3.25,,-2,-1,0.24408287630381098,-2.244082876303811,2,1.1036283510145717,0.6220553713290231,0.193654250784081,0.1842903778868959,0.21506181649547917,0.41853825959918123,0.263230144718511,0.3182315956823078
16568801,1520,Challenge Cup,2026,2026-08-25,,4,5,elgin-city,clachnacuddin-fc,lo_home,1,2,0,14,5,6,1,1.8543191212598715,0.0,0.605757145192883,0.18665621905175186,1.53,4.5,2.061888077700285,1.0546945154399894,,,0.2075866357553652,4.1,,2,1,1.0071935622602957,0.9928064377397043,4,0.5110731143197056,0.49520140618539643,0.22332235352228114,0.2814762402923223,1.7364119575469894,0.7227877943225273,0.145551464136467,0.1316607415410057
16568802,1520,Challenge Cup,2026,2026-08-25,,3,4,hamilton-academical,edinburgh-city-fc,hi_home,1,0,1,4,11,2,4,0.2621383408884712,1.1690192692911514,0.6028273557591777,0.17324331604439136,1.53,4.75,1.8414117385611655,0.8704673317940766,,,0.22392932819643088,3.8,,-1,-1,0.9709444067670888,-1.9709444067670887,4,0.7127620590775521,0.540291647488027,0.2263617710464636,0.23334658146550938,1.4785241051144051,0.7026373946630549,0.17550845897449313,0.12185414636245208
16568803,1520,Challenge Cup,2026,2026-08-25,,3,4,montrose,clyde-fc,hi_home,1,3,0,8,10,4,4,1.5092011807093095,0.908485066870634,0.498677178549401,0.2506614107252995,1.85,3.5,1.5881560698730712,1.0489904880471812,,,0.2506614107252995,3.5,,3,1,0.53916558182589,2.4608344181741098,2,0.7127620590775521,0.540291647488027,0.2263617710464636,0.23334658146550938,0.4895792967368995,0.48874682097578676,0.2326463510371315,0.27860682798708164
16568804,1520,Challenge Cup,2026,2026-08-25,,3,5,ross-county,banks-odee-fc,hi_home,2,4,0,18,11,7,5,2.3068277412809906,0.0,0.8817770745135756,0.029283914858317633,1.09,21.0,2.9975950175871926,0.4188366200298952,,,0.08893901062810665,9.0,,4,1,2.5787583975572974,1.4212416024427026,6,1.6660781595113825,0.726679469606807,0.15493303004338624,0.11838750034980687,2.4067244613596777,0.8279867624719055,0.10619785688827076,0.06581538063982366
16568807,1520,Challenge Cup,2026,2026-08-25,,4,5,stranraer,gala-fairydean-rovers-fc,hi_home,1,3,0,19,12,8,3,2.905390497145207,0.0,0.7813664733161444,0.08605928684770628,1.2,8.5,2.8744747860055915,0.8817615512968993,,,0.13257423983614933,6.0,,3,1,1.9927132347086922,1.0072867652913078,5,1.1036283510145717,0.6220553713290231,0.193654250784081,0.1842903778868959,1.3734072842328677,0.6793846408953621,0.18137072069438598,0.13924463841025192
16568810,1520,Challenge Cup,2026,2026-09-08,,3,4,east-fife,clyde-fc,lo_home,1,4,1,11,4,8,1,1.0560268441561729,0.42665281967412044,0.44639084397561396,0.3255737077186601,2.05,2.75,1.791488533827829,1.5040494930353399,,,0.22803544830572603,3.8,,3,1,0.28743904079248916,2.7125609592075106,2,0.1884514551017884,0.4192712735047034,0.24510623274821097,0.33562249374708564,-0.04982641478959193,0.36437203627494813,0.2490506465199116,0.38657731720514027
16568813,1520,Challenge Cup,2026,2026-09-08,,4,5,forfar-athletic,banks-odee-fc,lo_home,1,1,1,5,7,3,2,0.49690543949309807,0.0,0.40539173723277966,0.3621125774440233,2.25,2.5,1.6688368746039228,1.5669888424986549,,,0.23249568532319703,3.75,,0,0,0.10184803210526794,-0.10184803210526794,2,0.5110731143197056,0.49520140618539643,0.22332235352228114,0.2814762402923223,0.18998059847922644,0.4231933242121659,0.2345611565765414,0.34224551921129276
16568814,1520,Challenge Cup,2026,2026-09-08,,3,4,cove-rangers,dumbarton,hi_home,1,6,1,15,2,9,1,1.243104839700096,0.12088585567824212,0.6004920544443886,0.22196094161431776,1.55,3.9,2.6784196662488124,1.6285579598768083,,,0.17754700394129375,4.75,,5,1,1.0498617063720042,3.9501382936279956,4,0.7127620590775521,0.540291647488027,0.2263617710464636,0.23334658146550938,0.8446720007488506,0.5704917778103964,0.2266568209918339,0.20285140119776968
16568815,1520,Challenge Cup,2026,2026-09-08,,4,5,kelty-hearts-fc,cumbernauld-colts-fc,lo_home,1,3,0,8,13,5,5,0.9847113997194556,0.0,0.6230604473912247,0.1786671368150674,1.5,4.75,2.1795510846423016,1.0830472323932026,,,0.19827241579370788,4.333333333333334,,3,1,1.096503852249099,1.903496147750901,4,0.5110731143197056,0.49520140618539643,0.22332235352228114,0.2814762402923223,2.24150386565939,0.8180704898037505,0.116355491177887,0.06557401901836248
16568817,1520,Challenge Cup,2026,2026-09-08,,3,5,alloa-athletic,clydebank-fc,lo_home,2,1,1,4,15,1,6,0.3232193458017578,0.0,0.44638894088911535,0.33211678818506685,2.05,2.7,1.878322622843572,1.5997824546463013,,,0.22149427092581772,3.9,,0,0,0.2785401681972708,-0.2785401681972708,2,1.0358642273823095,0.6075722642355618,0.19666677682410055,0.1957609589403377,-0.03577997797322019,0.3659271455653233,0.25205338405139205,0.38201947038328454
16568818,1520,Challenge Cup,2026,2026-09-08,,3,5,east-kilbride,bonnyrigg-rose,hi_home,2,3,1,11,4,7,2,1.0707433628209686,0.33421226551530236,0.6759244443087186,0.14822070212281024,1.38,5.5,2.4461031167484224,1.0695881743445552,,,0.1758548535684711,4.75,,2,1,1.3765149424038672,0.6234850575961328,4,1.6660781595113825,0.726679469606807,0.15493303004338624,0.11838750034980687,0.8332068357247733,0.5635026566698765,0.20560526080249605,0.2308920825276273
16568819,1520,Challenge Cup,2026,2026-09-08,,3,4,queen-of-the-south,edinburgh-city-fc,lo_home,1,1,1,9,14,3,10,0.9323122973045123,0.80950028532095,0.40318417029460857,0.3761714035984209,2.25,2.4,1.8124433451232416,1.7460795188559535,,,0.2206444261069706,3.9,,0,0,0.0663638262672881,-0.0663638262672881,2,0.1884514551017884,0.4192712735047034,0.24510623274821097,0.33562249374708564,0.13898129324754582,0.4062592607573194,0.24959354693180227,0.3441471923108784
16568820,1520,Challenge Cup,2026,2026-09-08,,4,5,elgin-city,fraserburgh-fc,hi_home,1,7,0,21,4,12,2,2.9838319788712804,0.0,0.6766817850055143,0.15707200877092892,1.38,5.25,2.677683057428407,1.2519537709324882,,,0.16624620622355674,5.0,,7,1,1.4257292864959188,5.574270713504081,4,1.1036283510145717,0.6220553713290231,0.193654250784081,0.1842903778868959,1.5811240951775167,0.7178373784980135,0.16537460179208863,0.11678801970989777
16568823,1520,Challenge Cup,2026,2026-09-08,,3,5,peterhead,clachnacuddin-fc,hi_home,2,2,1,17,9,6,4,1.6111822496193384,0.0,0.5713840013700175,0.2143079993149912,1.62,4.0,2.0071973680583333,1.153080511672976,,,0.2143079993149912,4.0,,1,1,0.8541168563853572,0.14588314361464283,3,1.6660781595113825,0.726679469606807,0.15493303004338624,0.11838750034980687,2.371067570839828,0.8218087981803085,0.10847351932164404,0.06971768249804745
16568828,1520,Challenge Cup,2026,2026-09-08,,3,4,hamilton-academical,the-spartans-fc,lo_home,1,4,0,15,6,6,3,1.3149309832367442,0.36466611844794306,0.5104500406509882,0.29442374877919625,1.8,3.0,2.3798455441670106,1.802208175168971,,,0.19512621056981566,4.333333333333334,,4,1,0.5776373689980396,3.4223626310019606,3,0.1884514551017884,0.4192712735047034,0.24510623274821097,0.33562249374708564,0.7481451937360408,0.5467190275833131,0.2190676232809817,0.2342133491357051
16850729,982,League Cup,2026,2026-09-11,Quarterfinals,1,2,heart-of-midlothian,stenhousemuir,lo_home,1,3,0,15,4,7,2,1.933903824498889,0.47689012157058536,0.7258107663331194,0.08703652312684342,1.29,8.5,2.020813829132259,0.5349243020022162,,,0.18715271054003726,4.5,,3,1,1.4858895271300425,1.5141104728699575,5,0.07744394924760933,0.3924228655589235,0.24999113485459865,0.3575859995864779,1.9011548482530065,0.7712876021711733,0.14093685934396746,0.0877755384848593
16850727,982,League Cup,2026,2026-09-12,Quarterfinals,1,3,hibernian,ross-county,lo_home,2,3,0,11,8,6,1,1.7079472353613343,0.5122528883571181,0.6504982330345346,0.1510702497151464,1.44,5.5,2.1062759972246576,0.9038960688901753,,,0.19843151725031916,4.333333333333334,,3,1,1.2023799283344823,1.7976200716655177,4,1.0244946723853887,0.6088530768310166,0.2050152959763746,0.18613162719260876,0.3744400616300896,0.458476958020804,0.254184212162403,0.287338829816793
16568831,1520,Challenge Cup,2026,2026-09-22,,4,5,stranraer,berwick-rangers,lo_home,1,2,3,10,8,3,5,1.7925963390584527,0.8017161771628354,0.6075351614766062,0.19623241926169693,1.53,4.333333333333334,2.2511513884073446,1.2145183056270876,,,0.19623241926169693,4.333333333333334,,-1,-1,1.036633082780257,-2.036633082780257,4,0.5110731143197056,0.49520140618539643,0.22332235352228114,0.2814762402923223,0.709551585980531,0.5383320518749509,0.22319573585772423,0.23847221226732487
16568832,1520,Challenge Cup,2026,2026-09-22,,3,5,airdrieonians,bonnyrigg-rose,lo_home,2,6,1,14,4,8,3,1.7332954358178334,0.3777277037245914,0.4837148338006291,0.26654178233868375,1.9,3.3,1.5882102914653327,1.1124892654346534,,,0.24974338386068734,3.5,,5,1,0.47572102603067923,4.524278973969321,2,1.0358642273823095,0.6075722642355618,0.19666677682410055,0.1957609589403377,0.12654939137249288,0.3960540325719275,0.2674917138718206,0.336454253556252
16568833,1520,Challenge Cup,2026,2026-09-22,,3,5,ross-county,clachnacuddin-fc,lo_home,2,5,1,28,5,17,2,4.110368418691878,0.0,0.9123840933491085,0.022917690439104167,1.06,26.0,3.5403042812740173,0.4879485508303715,,,0.06469821621178742,12.0,,4,1,3.052355730443646,0.9476442695563541,7,1.0358642273823095,0.6075722642355618,0.19666677682410055,0.1957609589403377,3.6540921352794222,0.9315348885195682,0.04750242397752165,0.02096268750291012
16568841,1520,Challenge Cup,2026,2026-09-22,,3,5,montrose,formartine-united-fc,lo_home,2,2,3,12,12,6,6,1.4994959674620345,0.0,0.5061563085584153,0.26026044272096704,1.83,3.4,1.7717599525393322,1.2074438993799652,,,0.23358324872061761,3.75,,-1,-1,0.564316053159367,-1.564316053159367,3,1.0358642273823095,0.6075722642355618,0.19666677682410055,0.1957609589403377,0.4571630655635426,0.48340036087043153,0.22065046576697844,0.29594917336259
16568842,1520,Challenge Cup,2026,2026-09-22,,3,4,peterhead,forfar-athletic,lo_home,1,2,0,10,12,7,2,1.1505701383135012,1.3774917213634028,0.4995850105792764,0.2774473288296214,1.85,3.2,1.9047246788984615,1.373604394514673,,,0.22296766059110235,3.9,,2,1,0.5311202843837886,1.4688797156162114,2,0.1884514551017884,0.4192712735047034,0.24510623274821097,0.33562249374708564,0.20040955356660595,0.4127156334201931,0.2696915256190022,0.3175928409608047
16568843,1520,Challenge Cup,2026,2026-09-22,,3,5,cove-rangers,fraserburgh-fc,lo_home,2,5,0,13,6,6,2,2.4770682530032686,0.0,0.749328423462896,0.11050088777140105,1.25,7.0,2.9473138100514817,1.0962419661998486,,,0.140170688765703,5.75,,5,1,1.8510718438516331,3.148928156148367,5,1.0358642273823095,0.6075722642355618,0.19666677682410055,0.1957609589403377,0.7594634670756558,0.5513406300836825,0.23910362698291607,0.20955574293340135
16568844,1520,Challenge Cup,2026,2026-09-22,,4,5,the-spartans-fc,gala-fairydean-rovers-fc,lo_home,1,0,0,14,7,8,1,1.9136281486319358,0.0,0.7565911466217945,0.09083896644054448,1.25,8.5,2.5159156108546674,0.7559187075623122,,,0.15256988693766094,5.5,,0,0,1.7599969032923553,-1.7599969032923553,5,0.5110731143197056,0.49520140618539643,0.22332235352228114,0.2814762402923223,1.6136746897645797,0.7127101472640172,0.15765861342799242,0.12963123930799048
16568846,1520,Challenge Cup,2026,2026-09-22,,3,4,queen-of-the-south,annan-athletic,hi_home,1,1,1,7,11,2,4,1.3105965716074577,0.8027988466747643,0.45670017491032777,0.2947332499511227,2.0,3.0,1.5758878195464152,1.2172849832486283,,,0.24856657513854968,3.5,,0,0,0.3586028362977869,-0.3586028362977869,2,0.7127620590775521,0.540291647488027,0.2263617710464636,0.23334658146550938,0.862132110440573,0.572702092066926,0.21724366343753168,0.2100542444955423
16568847,1520,Challenge Cup,2026,2026-09-22,,4,5,stirling-albion,cumbernauld-colts-fc,hi_home,1,1,1,10,11,3,3,1.2255015533446265,0.0,0.6881077266236943,0.13482062034590958,1.3599999999999999,6.0,2.364818928690702,0.9505670908831718,,,0.1770716530303962,4.75,,0,0,1.4142518378075304,-1.4142518378075304,4,1.1036283510145717,0.6220553713290231,0.193654250784081,0.1842903778868959,2.9820822859326253,0.8963224383284515,0.07207292967388637,0.03160463199766203
16568845,1520,Challenge Cup,2026,2026-09-23,,3,5,hamilton-academical,cowdenbeath,hi_home,2,1,0,15,10,9,4,1.0051725494748418,0.7645259125724821,0.8616920426899274,0.03793904579900819,1.11,17.0,2.9113800972003534,0.4852317435979198,,,0.10036891151106458,8.0,,1,1,2.4261483536024335,-1.4261483536024335,6,1.6660781595113825,0.726679469606807,0.15493303004338624,0.11838750034980687,1.9470077560902945,0.7954211326065596,0.13965609322443037,0.0649227741690102
