match_id,tournament_id,match_date,bbc_home_shots,bbc_away_shots
14035482,56,2025-08-02,7,14
14035495,56,2025-08-02,5,14
14035568,56,2025-12-20,7,11
14035487,56,2025-08-02,7,9
14035486,56,2025-08-02,10,12
14343735,56,2025-08-02,9,11
14035506,56,2025-08-09,6,6
14035498,56,2025-08-09,13,5
14035502,56,2025-08-09,5,20
14035497,56,2025-08-09,11,3
14035501,56,2025-08-09,14,4
14035484,56,2025-08-16,13,10
14035485,56,2025-08-16,15,5
14035488,56,2025-08-16,19,4
14035494,56,2025-08-23,18,7
14035489,56,2025-08-16,24,8
14035493,56,2025-08-23,10,6
14035496,56,2025-08-23,4,13
14035492,56,2025-08-23,7,8
14035503,56,2025-08-30,17,7
14035491,56,2025-08-23,12,9
14035505,56,2025-08-30,6,11
14035500,56,2025-08-30,14,7
14035504,56,2025-08-30,8,8
14035511,56,2025-09-13,13,10
14035510,56,2025-09-13,3,16
14035509,56,2025-09-13,10,3
14035499,56,2025-08-30,7,7
14035508,56,2025-09-13,10,8
14035507,56,2025-09-13,9,9
14035514,56,2025-09-20,8,23
12476731,56,2024-11-23,6,8
14035515,56,2025-09-20,7,13
14035512,56,2025-09-20,10,6
14035513,56,2025-09-20,17,7
14035517,56,2025-09-27,18,4
14035516,56,2025-09-20,6,7
14035518,56,2025-09-27,8,8
14035519,56,2025-09-27,20,6
14035524,56,2025-10-04,14,10
14035521,56,2025-09-27,10,8
14035520,56,2025-09-27,12,8
14035522,56,2025-10-04,12,6
14035526,56,2025-10-04,4,4
14035529,56,2025-10-18,19,7
14035525,56,2025-10-04,12,13
14035523,56,2025-10-04,11,9
14035528,56,2025-10-18,8,2
14501655,56,2025-10-07,8,14
14035531,56,2025-10-18,10,6
14035527,56,2025-10-18,4,8
14035530,56,2025-10-18,6,7
14035532,56,2025-10-24,9,12
14035534,56,2025-10-25,11,13
14035533,56,2025-10-25,8,15
14035535,56,2025-10-25,10,6
14297746,56,2025-10-25,6,7
14035538,56,2025-11-01,13,8
14035539,56,2025-11-01,5,7
14035536,56,2025-11-01,10,5
14035540,56,2025-11-01,19,5
14035542,56,2025-11-01,14,10
14035546,56,2025-11-08,22,4
14035541,56,2025-11-08,12,7
14035548,56,2025-11-15,9,11
14035544,56,2025-11-08,9,10
14035545,56,2025-11-08,12,10
14035543,56,2025-11-08,9,13
14035555,56,2025-11-15,9,14
14035549,56,2025-11-15,13,8
14035551,56,2025-11-22,7,10
14035554,56,2025-11-15,6,5
14035559,56,2025-11-22,9,8
14035550,56,2025-11-22,10,13
14035556,56,2025-11-22,12,11
14035552,56,2025-11-22,14,1
14035553,56,2025-12-06,10,12
14035562,56,2025-12-06,15,7
15017622,56,2025-11-25,8,10
14035558,56,2025-12-06,6,11
14035563,56,2025-12-13,6,8
14035564,56,2025-12-13,10,6
14035560,56,2025-12-06,12,4
14035561,56,2025-12-13,7,15
14035565,56,2025-12-13,5,10
14035566,56,2025-12-13,7,4
14035569,56,2025-12-20,9,11
14035572,56,2025-12-20,3,14
14035570,56,2025-12-20,13,7
14035567,56,2025-12-20,3,7
14035574,56,2025-12-27,20,7
14035575,56,2025-12-27,7,1
14035571,56,2025-12-27,4,6
14035576,56,2025-12-27,4,7
14035573,56,2025-12-27,12,10
14035582,56,2026-01-03,8,5
14035580,56,2026-01-03,8,13
14035586,56,2026-01-10,8,12
14035585,56,2026-01-10,10,6
14035583,56,2026-01-10,12,7
15305942,56,2026-01-20,3,12
15374710,56,2026-01-20,15,5
14035591,56,2026-01-24,8,3
15363335,56,2026-01-17,17,8
14035588,56,2026-01-24,15,4
14035587,56,2026-01-24,11,8
14035590,56,2026-01-24,1,7
14035592,56,2026-01-31,10,10
14035594,56,2026-01-31,4,3
14035595,56,2026-01-31,13,9
14035593,56,2026-01-31,14,8
12476508,57,2025-02-15,14,8
14035598,56,2026-02-07,27,3
14035596,56,2026-02-07,12,11
14035602,56,2026-02-14,9,8
14035606,56,2026-02-14,18,11
15456958,56,2026-02-10,4,13
14035603,56,2026-02-14,8,8
14035604,56,2026-02-14,11,14
15332289,56,2026-02-17,7,11
14035605,56,2026-02-14,10,7
14035607,56,2026-02-21,5,5
15368752,56,2026-02-17,5,8
14035608,56,2026-02-21,9,7
14035610,56,2026-02-21,6,16
14035609,56,2026-02-21,22,10
14035614,56,2026-02-28,6,13
14035611,56,2026-02-21,13,7
14035616,56,2026-02-28,6,8
14035597,56,2026-01-31,4,8
13343736,57,2025-01-28,12,6
12476521,57,2025-02-01,12,10
12476514,57,2025-02-01,7,8
12476518,57,2025-02-01,11,10
12476520,57,2025-02-01,12,6
13348881,57,2025-02-04,8,11
12476516,57,2025-02-08,6,7
13255608,57,2025-02-04,7,6
12476512,57,2025-02-08,10,14
12476511,57,2025-02-08,11,12
12476510,57,2025-02-15,10,8
12476517,57,2025-02-08,14,11
12476506,57,2025-02-15,11,7
12476509,57,2025-02-15,9,10
12476507,57,2025-02-15,6,10
12476502,57,2025-02-22,4,5
12476500,57,2025-02-22,6,12
12476501,57,2025-02-22,12,12
12476505,57,2025-02-22,10,3
12476504,57,2025-02-22,8,5
12476526,57,2025-02-25,7,2
12476513,57,2025-02-08,6,11
12476497,57,2025-03-01,9,4
12476499,57,2025-03-01,10,5
12476496,57,2025-03-01,11,9
12476498,57,2025-03-01,6,3
13436762,57,2025-03-04,5,2
12476490,57,2025-03-08,8,9
12476495,57,2025-03-01,9,15
12476492,57,2025-03-08,8,14
12476489,57,2025-03-08,9,7
12476493,57,2025-03-08,5,13
14035613,56,2026-02-28,12,5
14035612,56,2026-02-28,11,7
15490658,56,2026-03-03,13,10
14035620,56,2026-03-07,17,3
14035618,56,2026-03-07,3,9
14035615,56,2026-02-28,6,7
15490775,56,2026-03-03,11,9
14035619,56,2026-03-07,5,14
14035617,56,2026-03-07,9,12
14035621,56,2026-03-07,13,11
15530801,56,2026-03-10,10,10
14035622,56,2026-03-14,9,12
14035624,56,2026-03-14,13,5
14035626,56,2026-03-14,13,3
14035627,56,2026-03-14,8,14
14035623,56,2026-03-14,13,17
15457468,56,2026-03-17,19,5
14035625,56,2026-03-21,13,10
14035628,56,2026-03-21,7,10
14035631,56,2026-03-21,10,5
14035629,56,2026-03-21,15,11
14035632,56,2026-03-21,11,12
14035633,56,2026-03-28,9,6
14035635,56,2026-03-28,8,7
14035637,56,2026-03-27,13,5
14035638,56,2026-04-04,17,12
14035636,56,2026-04-04,3,8
14035630,56,2026-03-28,7,6
14035634,56,2026-04-04,13,4
14035645,56,2026-04-04,12,15
15881894,56,2026-04-07,10,7
14035665,57,2025-08-02,18,2
14035666,57,2025-08-02,11,9
14035662,57,2025-08-02,9,8
14035664,57,2025-08-02,5,11
14035663,57,2025-08-02,7,10
14035669,57,2025-08-09,10,8
14035667,57,2025-08-09,11,2
14035671,57,2025-08-09,1,9
14035670,57,2025-08-09,8,7
14035668,57,2025-08-09,9,7
14035675,57,2025-08-16,16,8
14035672,57,2025-08-16,2,13
14035674,57,2025-08-16,19,11
14035676,57,2025-08-16,15,10
14035673,57,2025-08-16,15,6
14035678,57,2025-08-23,5,9
14035683,57,2025-08-23,11,8
15588896,57,2026-03-24,6,6
14035681,57,2025-08-23,14,12
14035679,57,2025-08-23,8,12
14035677,57,2025-08-23,19,8
14035680,57,2025-08-30,3,12
14035682,57,2025-08-30,7,6
14035686,57,2025-08-30,2,6
14035684,57,2025-08-30,12,9
14035685,57,2025-08-30,8,14
14035687,57,2025-09-13,11,8
14035695,57,2025-09-13,5,9
14035689,57,2025-09-13,5,14
14035692,57,2025-09-13,15,3
14035688,57,2025-09-13,6,18
14035694,57,2025-09-20,14,9
14035690,57,2025-09-20,11,4
14035693,57,2025-09-20,15,7
14035691,57,2025-09-20,8,10
14035700,57,2025-09-27,6,9
14035703,57,2025-09-27,9,6
14035697,57,2025-09-20,6,16
14035698,57,2025-09-27,10,10
14035696,57,2025-09-27,19,3
14035699,57,2025-09-27,12,16
14035706,57,2025-10-04,10,5
14035704,57,2025-10-04,13,6
14035702,57,2025-10-04,11,14
14035701,57,2025-10-04,10,8
14035705,57,2025-10-04,10,9
14035709,57,2025-10-18,14,9
14035708,57,2025-10-18,8,14
14035710,57,2025-10-18,15,12
14035707,57,2025-10-18,9,8
14035713,57,2025-11-01,4,17
14035714,57,2025-11-01,12,10
14035711,57,2025-10-18,11,8
14035716,57,2025-11-01,10,7
14035715,57,2025-11-01,19,13
14035712,57,2025-11-01,16,5
14035717,57,2025-11-08,5,13
14035718,57,2025-11-08,10,4
14035719,57,2025-11-08,2,9
14035735,57,2025-11-08,8,6
14035722,57,2025-11-15,16,8
14035721,57,2025-11-15,13,12
14035725,57,2025-11-15,6,14
14035724,57,2025-11-15,8,14
14035720,57,2025-11-08,13,11
14035727,57,2025-11-22,4,10
14035723,57,2025-11-15,7,10
14035729,57,2025-11-22,10,7
14035726,57,2025-11-22,9,19
14035730,57,2025-11-22,12,10
14035728,57,2025-11-22,15,25
14035731,57,2025-12-06,5,12
14035732,57,2025-12-06,9,6
14035736,57,2025-12-06,25,13
14035733,57,2025-12-06,15,17
14035739,57,2025-12-13,8,14
14035734,57,2025-12-06,9,20
14035740,57,2025-12-13,9,13
14035737,57,2025-12-13,12,4
14035738,57,2025-12-13,10,9
14035741,57,2025-12-13,18,11
14035742,57,2025-12-20,8,8
14035745,57,2025-12-20,10,13
14035747,57,2025-12-20,16,7
14035744,57,2025-12-20,5,7
14035750,57,2025-12-27,9,9
14035743,57,2025-12-20,10,5
14035751,57,2025-12-27,11,7
14035749,57,2025-12-27,8,7
14035748,57,2025-12-27,9,11
14035755,57,2026-01-03,10,3
14035746,57,2025-12-27,14,17
14035756,57,2026-01-03,14,8
14035752,57,2026-01-03,14,19
14035760,57,2026-01-10,7,15
14035761,57,2026-01-10,3,11
14035771,57,2026-01-24,8,9
14035767,57,2026-01-17,15,20
14035768,57,2026-01-24,11,10
14035766,57,2026-01-24,13,6
14035769,57,2026-01-24,7,12
14035770,57,2026-01-24,7,7
15399014,57,2026-01-27,3,9
14035774,57,2026-01-31,9,7
14035773,57,2026-01-31,12,14
14035772,57,2026-01-31,11,14
14035782,57,2026-02-07,8,7
14035775,57,2026-01-31,21,7
14035776,57,2026-01-31,21,15
14035777,57,2026-02-07,8,6
14035781,57,2026-02-07,15,13
15336943,57,2026-02-10,6,8
14035787,57,2026-02-14,13,6
15416466,57,2026-02-10,10,12
15366428,57,2026-02-17,8,15
14035778,57,2026-02-14,8,12
15547533,57,2026-02-17,9,16
14035786,57,2026-02-21,14,10
14035788,57,2026-02-21,15,10
14035789,57,2026-02-21,10,9
14035790,57,2026-02-21,12,5
14035792,57,2026-02-21,7,13
15399013,57,2026-02-24,9,10
15416481,57,2026-02-24,7,6
14035796,57,2026-02-28,13,4
15395623,57,2026-02-24,10,15
14035794,57,2026-02-28,9,15
14035791,57,2026-02-28,11,12
14035793,57,2026-02-28,12,10
14035795,57,2026-02-28,9,14
15458714,57,2026-03-03,16,3
14035801,57,2026-03-07,6,14
14035798,57,2026-03-07,13,9
14035799,57,2026-03-07,12,5
14035800,57,2026-03-07,9,16
14035797,57,2026-03-07,21,8
15422405,57,2026-03-10,4,10
15588942,57,2026-03-10,7,14
14035804,57,2026-03-14,6,6
14035803,57,2026-03-14,9,7
14035805,57,2026-03-14,8,12
14035806,57,2026-03-14,7,9
14035802,57,2026-03-14,7,18
14035808,57,2026-03-21,13,10
14035811,57,2026-03-21,15,5
14035810,57,2026-03-21,9,8
14035809,57,2026-03-21,14,10
15588903,57,2026-03-17,9,4
14035807,57,2026-03-21,13,11
14035814,57,2026-03-28,10,10
14035816,57,2026-03-28,8,10
15588927,57,2026-03-24,16,7
14035815,57,2026-03-28,7,12
14035819,57,2026-04-04,7,15
14035818,57,2026-04-04,12,6
14035813,57,2026-03-28,12,9
14035812,57,2026-03-28,10,9
14035827,57,2026-04-04,11,9
14035820,57,2026-04-04,14,10
14035817,57,2026-04-04,15,5
12477128,56,2024-08-03,9,8
12477134,56,2024-08-03,10,14
12477131,56,2024-08-03,9,8
12477135,56,2024-08-03,9,6
12477132,56,2024-08-03,11,7
12476800,56,2024-08-10,5,5
12476794,56,2024-08-10,10,13
12476797,56,2024-08-10,11,13
12476799,56,2024-08-10,11,2
12476798,56,2024-08-10,9,11
12476793,56,2024-08-17,17,2
12476795,56,2024-08-17,12,12
12476796,56,2024-08-17,10,15
12476792,56,2024-08-17,9,7
12476790,56,2024-08-17,12,10
12476788,56,2024-08-24,6,6
12476786,56,2024-08-24,8,5
12476787,56,2024-08-24,12,7
12476791,56,2024-08-24,15,10
12476789,56,2024-08-24,6,10
12476782,56,2024-08-31,9,3
12476785,56,2024-08-31,7,7
12476784,56,2024-08-31,14,7
12476781,56,2024-08-31,9,3
12476779,56,2024-08-31,11,13
12476780,56,2024-09-14,6,10
12476778,56,2024-09-14,9,13
12476776,56,2024-09-14,10,10
12476777,56,2024-09-14,11,6
12476783,56,2024-09-14,16,10
12476772,56,2024-09-21,6,5
12476774,56,2024-09-21,4,14
12476771,56,2024-09-21,11,1
12476773,56,2024-09-21,8,3
12476770,56,2024-09-28,8,6
12476775,56,2024-09-21,8,8
12476767,56,2024-09-28,12,16
12476761,56,2024-10-05,4,11
12476766,56,2024-09-28,7,11
12476769,56,2024-09-28,7,3
12476768,56,2024-09-28,9,8
12476765,56,2024-10-05,1,8
12476764,56,2024-10-05,7,11
12476762,56,2024-10-05,10,4
12476760,56,2024-10-19,9,5
12476759,56,2024-10-05,7,20
12476763,56,2024-10-19,4,11
12476758,56,2024-10-19,7,2
12476750,56,2024-10-26,9,12
12476757,56,2024-10-19,2,7
12476756,56,2024-10-19,17,12
12476753,56,2024-10-26,10,10
12476755,56,2024-10-26,5,10
12476752,56,2024-10-26,6,12
12476751,56,2024-10-26,14,6
12476749,56,2024-11-02,10,5
12476748,56,2024-11-02,11,9
12476739,56,2024-11-02,9,8
12476741,56,2024-11-02,0,0
12476754,56,2024-11-02,10,9
12476746,56,2024-11-09,15,23
12476747,56,2024-11-09,15,9
12476742,56,2024-11-09,5,12
12476737,56,2024-11-16,16,4
12476745,56,2024-11-09,10,13
12476735,56,2024-11-16,10,5
12476743,56,2024-11-09,9,11
12476744,56,2024-11-16,7,10
12476738,56,2024-11-16,12,6
12476740,56,2024-11-16,9,7
13179032,56,2024-12-03,9,13
13171689,56,2024-12-03,6,9
12476727,56,2024-12-07,3,19
12476729,56,2024-12-07,5,11
12476724,56,2024-12-07,11,4
12476730,56,2024-12-07,12,5
12476720,56,2024-12-14,8,7
12476722,56,2024-12-14,7,8
12476721,56,2024-12-14,8,5
12476728,56,2024-12-07,6,9
13179034,56,2024-12-17,8,7
12476725,56,2024-12-14,15,15
12476723,56,2024-12-14,12,8
12476726,56,2024-12-21,6,18
12476718,56,2024-12-21,3,11
12476716,56,2024-12-21,7,10
12476719,56,2024-12-21,10,5
12476717,56,2024-12-21,7,7
12476713,56,2024-12-28,10,12
12476715,56,2024-12-28,6,9
12476714,56,2024-12-28,6,9
12476710,56,2024-12-28,8,8
12476712,56,2024-12-28,5,4
12476711,56,2025-01-04,13,8
12476708,56,2025-01-04,10,5
12476707,56,2025-01-04,8,5
12476705,56,2025-01-11,10,17
12476709,56,2025-01-04,9,8
12476706,56,2025-01-04,10,9
12476701,56,2025-01-11,12,11
13324922,56,2025-01-18,7,19
12476697,56,2025-01-25,7,7
13197505,56,2025-01-21,16,11
12476698,56,2025-01-25,4,11
12476700,56,2025-01-25,12,8
12476696,56,2025-01-25,15,6
12476693,56,2025-02-01,5,3
12476695,56,2025-02-01,8,11
12476691,56,2025-02-01,12,14
12476692,56,2025-02-01,4,10
12476699,56,2025-02-01,6,6
12476689,56,2025-02-08,8,11
12476685,56,2025-02-08,9,12
12476686,56,2025-02-08,7,13
12476688,56,2025-02-15,6,3
12476690,56,2025-02-08,11,13
13391276,56,2025-02-11,12,5
12476684,56,2025-02-15,7,8
12476679,56,2025-02-22,11,6
12476681,56,2025-02-15,13,7
12476682,56,2025-02-15,8,7
12476678,56,2025-02-22,18,3
12476675,56,2025-02-22,13,7
12476680,56,2025-02-22,13,7
12476677,56,2025-02-22,1,8
13415294,56,2025-02-25,11,5
12476674,56,2025-03-01,11,15
12476671,56,2025-03-01,13,1
12476670,56,2025-03-01,16,6
12476672,56,2025-03-01,12,11
13343733,56,2025-03-04,4,13
12476669,56,2025-03-01,6,6
12476667,56,2025-03-08,11,12
12476662,56,2025-03-08,11,15
12476673,56,2025-03-08,6,11
12476676,56,2025-03-08,8,8
12476668,56,2025-03-08,5,6
13399583,56,2025-03-11,4,10
13480337,56,2025-03-11,8,9
12476665,56,2025-03-15,11,8
12476661,56,2025-03-15,12,10
12476666,56,2025-03-15,17,2
12476663,56,2025-03-15,6,7
12476660,56,2025-03-15,10,10
12640468,56,2025-03-22,10,8
12476657,56,2025-03-22,14,5
12476659,56,2025-03-22,9,11
12476664,56,2025-03-22,7,7
12476658,56,2025-03-22,9,10
12476656,56,2025-03-29,10,11
12476654,56,2025-03-29,6,4
12476652,56,2025-03-29,9,6
12476651,56,2025-03-29,12,12
12476648,56,2025-04-05,6,9
12476655,56,2025-03-29,12,2
12476649,56,2025-04-05,6,7
12476653,56,2025-04-05,8,8
12476650,56,2025-04-05,3,12
12476646,56,2025-04-05,9,19
12476645,56,2025-04-12,5,6
12476642,56,2025-04-12,11,8
12476647,56,2025-04-12,10,3
12476643,56,2025-04-12,15,3
12476640,56,2025-04-19,8,5
12476644,56,2025-04-12,11,6
12476641,56,2025-04-19,12,7
12476637,56,2025-04-19,7,6
12476639,56,2025-04-19,2,12
12473328,56,2025-04-26,9,1
12476638,56,2025-04-19,11,9
12473336,56,2025-04-26,16,8
12473335,56,2025-04-26,7,12
12473322,56,2025-04-26,14,10
12473327,56,2025-04-26,13,8
12473331,56,2025-05-03,8,12
12473333,56,2025-05-03,9,22
12473334,56,2025-05-03,13,4
12473337,56,2025-05-03,12,11
12473330,56,2025-05-03,14,9
11395666,56,2023-08-05,9,4
11395667,56,2023-08-05,17,4
11395665,56,2023-08-05,11,11
11395664,56,2023-08-05,9,10
11395662,56,2023-08-05,12,5
11395659,56,2023-08-12,7,13
11395658,56,2023-08-12,5,16
11395663,56,2023-08-12,3,4
11395661,56,2023-08-12,16,4
11395660,56,2023-08-12,8,14
11395657,56,2023-08-19,9,23
11395654,56,2023-08-19,8,19
11395653,56,2023-08-19,12,6
11395655,56,2023-08-19,7,9
11527786,56,2023-08-22,12,3
11395647,56,2023-08-26,8,7
11395649,56,2023-08-26,7,4
11395651,56,2023-08-26,15,6
11395652,56,2023-08-26,16,15
11395650,56,2023-08-26,6,14
11395643,56,2023-09-02,8,17
11395648,56,2023-09-02,10,9
11395645,56,2023-09-02,2,28
11395646,56,2023-09-02,6,11
11395644,56,2023-09-02,10,6
11395640,56,2023-09-16,11,4
11395639,56,2023-09-16,15,9
11395642,56,2023-09-16,14,11
11395638,56,2023-09-16,15,14
11395641,56,2023-09-16,7,5
11395634,56,2023-09-23,5,4
11395636,56,2023-09-23,12,17
11395633,56,2023-09-23,7,16
11395637,56,2023-09-23,15,8
11395629,56,2023-09-29,16,2
11395631,56,2023-09-30,21,10
11395632,56,2023-09-30,14,6
11395635,56,2023-09-23,2,22
11395628,56,2023-09-30,11,9
11395630,56,2023-09-30,8,14
11395627,56,2023-10-07,15,8
11395626,56,2023-10-07,10,17
11395622,56,2023-10-07,10,13
11395623,56,2023-10-07,7,12
11395624,56,2023-10-07,9,7
11395621,56,2023-10-21,9,7
11395618,56,2023-10-21,2,16
11395619,56,2023-10-21,16,7
11395614,56,2023-10-28,21,3
11395620,56,2023-10-21,16,9
11395617,56,2023-10-28,5,12
11395616,56,2023-10-28,7,6
11395615,56,2023-10-28,7,13
11395611,56,2023-11-04,5,13
11395613,56,2023-10-28,10,12
11395609,56,2023-11-04,10,15
11395608,56,2023-11-04,8,14
11395610,56,2023-11-04,4,13
11395606,56,2023-11-11,18,6
11395605,56,2023-11-11,17,2
11395612,56,2023-11-04,7,8
11395607,56,2023-11-11,8,7
11395604,56,2023-11-11,10,13
11395602,56,2023-11-11,15,12
11395599,56,2023-11-18,8,6
11777618,56,2023-11-14,7,6
11777072,56,2023-11-28,5,10
11395600,56,2023-11-18,10,14
11395597,56,2023-11-18,11,11
11788194,56,2023-11-28,9,17
11395595,56,2023-12-02,20,5
11395592,56,2023-12-09,8,10
11395589,56,2023-12-09,21,3
11395591,56,2023-12-09,11,8
11395587,56,2023-12-09,6,12
11395590,56,2023-12-09,7,18
11395588,56,2023-12-16,5,7
11395586,56,2023-12-16,9,9
11395584,56,2023-12-16,16,4
11395583,56,2023-12-16,12,8
11395581,56,2023-12-23,2,16
11395585,56,2023-12-16,6,7
11395577,56,2023-12-23,8,16
11395578,56,2023-12-23,11,5
11395576,56,2023-12-30,14,2
11395582,56,2023-12-23,12,5
11395579,56,2023-12-30,5,23
11395580,56,2023-12-23,21,7
11395575,56,2023-12-30,9,11
11395567,56,2024-01-06,15,1
11395572,56,2024-01-06,9,6
11395570,56,2024-01-06,10,4
11395573,56,2024-01-06,10,9
11395571,56,2023-12-30,7,7
11883582,56,2024-01-09,16,2
11395565,56,2024-01-13,10,17
11395564,56,2024-01-13,9,9
11395566,56,2024-01-13,6,2
11395563,56,2024-01-13,10,6
11395569,56,2024-01-13,8,25
11395562,56,2024-01-27,4,22
11395559,56,2024-01-27,5,3
11395561,56,2024-01-27,16,6
11395560,56,2024-01-27,4,6
11395558,56,2024-01-27,13,8
11395553,56,2024-02-03,10,13
11395552,56,2024-02-03,13,9
11395557,56,2024-02-03,9,13
11999558,56,2024-02-06,4,11
11395556,56,2024-02-03,11,14
11395547,56,2024-02-10,19,8
11395551,56,2024-02-10,8,6
11395546,56,2024-02-10,15,13
11395554,56,2024-02-10,4,9
11975829,56,2024-02-13,15,14
11887849,56,2024-02-13,11,11
11395548,56,2024-02-17,13,13
10387977,56,2022-07-30,14,14
11395543,56,2024-02-17,6,12
11395549,56,2024-02-17,7,8
11395544,56,2024-02-17,13,11
12005634,56,2024-02-20,16,5
11395545,56,2024-02-17,12,5
11395540,56,2024-02-24,4,12
11395541,56,2024-02-24,18,13
11395542,56,2024-02-24,10,6
11395538,56,2024-02-24,18,4
11395539,56,2024-02-24,6,9
12009065,56,2024-02-27,7,13
11395535,56,2024-03-02,6,13
11395534,56,2024-03-02,19,5
11395537,56,2024-03-02,14,13
11395533,56,2024-03-02,7,6
11395536,56,2024-03-02,14,13
11395528,56,2024-03-09,11,12
12028347,56,2024-03-05,2,13
11395529,56,2024-03-09,10,9
11395532,56,2024-03-09,17,5
11395530,56,2024-03-09,9,10
11395531,56,2024-03-09,10,9
11395527,56,2024-03-16,10,9
11395522,56,2024-03-16,11,5
11395524,56,2024-03-16,13,8
11395525,56,2024-03-16,11,12
11395526,56,2024-03-16,12,15
12009067,56,2024-03-19,17,3
11395521,56,2024-03-23,19,7
11395518,56,2024-03-23,12,14
11395523,56,2024-03-23,6,11
11395520,56,2024-03-23,8,10
11395515,56,2024-03-30,8,9
11395514,56,2024-03-30,10,10
11395517,56,2024-03-23,11,4
11395519,56,2024-03-30,12,7
11395513,56,2024-03-30,5,5
11395508,56,2024-04-06,12,9
11395516,56,2024-03-30,4,17
11395512,56,2024-04-06,13,9
11395509,56,2024-04-06,7,14
11395510,56,2024-04-06,19,7
11395503,56,2024-04-13,17,9
11395504,56,2024-04-13,9,9
11395505,56,2024-04-13,7,12
11395506,56,2024-04-13,5,7
11395501,56,2024-04-20,8,15
11395499,56,2024-04-20,10,16
12236466,56,2024-04-16,12,6
11395500,56,2024-04-20,5,15
11395496,56,2024-04-27,5,12
11395497,56,2024-04-20,10,10
11395498,56,2024-04-27,9,8
11395494,56,2024-04-27,15,4
11395502,56,2024-04-20,11,9
11395495,56,2024-04-27,11,17
11395493,56,2024-04-27,11,7
11395488,56,2024-05-04,15,5
11395489,56,2024-05-04,24,7
11395491,56,2024-05-04,19,12
11395492,56,2024-05-04,17,5
11395490,56,2024-05-04,9,11
10387835,56,2022-07-30,11,11
10387841,56,2022-07-30,10,4
10387836,56,2022-07-30,9,18
10387816,56,2022-07-30,11,13
10387837,56,2022-08-06,15,12
10387831,56,2022-08-06,7,10
10387882,56,2022-08-06,1,25
10387827,56,2022-08-06,10,6
10387830,56,2022-08-06,12,13
10387854,56,2022-08-13,12,8
10387853,56,2022-08-13,11,13
10387863,56,2022-08-13,8,5
10387840,56,2022-08-13,18,12
10387845,56,2022-08-13,24,4
10387847,56,2022-08-20,10,17
10387851,56,2022-08-20,4,8
10387842,56,2022-08-20,20,4
10387866,56,2022-08-20,12,6
10387872,56,2022-08-20,4,10
10387865,56,2022-08-27,11,7
10387855,56,2022-08-27,12,12
10387962,56,2022-08-27,9,15
10387858,56,2022-08-27,14,8
10388169,56,2022-08-27,12,3
10387874,56,2022-09-03,9,9
10387860,56,2022-09-03,10,14
10387877,56,2022-09-03,9,9
10387876,56,2022-09-03,13,9
10387891,56,2022-09-03,5,14
10387909,56,2022-09-17,13,10
10388163,56,2022-09-17,6,13
10387888,56,2022-09-17,17,1
10387932,56,2022-10-01,11,8
10387935,56,2022-09-17,9,10
10387926,56,2022-09-17,19,10
10387937,56,2022-10-01,10,13
10387889,56,2022-10-01,16,4
10387886,56,2022-10-01,21,8
10698042,56,2022-10-04,12,24
10717735,56,2022-10-05,16,8
10387903,56,2022-10-01,13,3
10387925,56,2022-10-08,3,16
10387900,56,2022-10-08,8,11
10387892,56,2022-10-08,10,5
10387956,56,2022-10-08,5,13
10387958,56,2022-10-08,10,10
10698037,56,2022-10-11,6,8
10387902,56,2022-10-15,15,6
10387897,56,2022-10-15,10,9
10387972,56,2022-10-15,12,6
10387913,56,2022-10-15,6,6
10387934,56,2022-10-22,15,10
9574417,56,2022-01-15,18,5
10387973,56,2022-10-15,9,6
10703648,56,2022-10-18,9,9
10698041,56,2022-10-18,4,15
10387950,56,2022-10-22,10,14
10387943,56,2022-10-22,7,10
10388166,56,2022-10-22,8,11
10388167,56,2022-10-22,12,7
10387948,56,2022-10-29,12,6
10387919,56,2022-10-29,5,9
10387957,56,2022-10-29,7,2
10387952,56,2022-10-29,5,12
10387964,56,2022-11-05,9,7
10387931,56,2022-11-05,8,14
10387953,56,2022-10-29,8,8
10388161,56,2022-11-12,16,5
10387940,56,2022-11-05,10,10
10387955,56,2022-11-05,11,13
10387930,56,2022-11-12,11,5
10387965,56,2022-11-05,13,5
10387969,56,2022-11-12,11,10
10387923,56,2022-11-12,12,8
10387908,56,2022-11-12,20,5
10387954,56,2022-11-19,14,6
10387947,56,2022-11-19,9,9
10387905,56,2022-11-19,3,4
10387949,56,2022-11-19,9,16
10387933,56,2022-11-19,9,4
10387927,56,2022-12-03,13,15
10388165,56,2022-12-03,9,3
10387983,56,2022-12-03,13,8
10387961,56,2022-12-17,6,8
10387938,56,2022-12-03,8,9
10387896,56,2022-12-17,6,9
10387904,56,2022-12-03,10,12
10387898,56,2022-12-23,12,8
10387894,56,2022-12-23,13,21
10388168,56,2022-12-24,8,7
10387899,56,2022-12-24,16,2
10387921,56,2022-12-31,1,9
10387946,56,2022-12-23,10,8
10387967,56,2022-12-31,5,5
10387917,56,2023-01-07,6,16
10387912,56,2023-01-02,8,13
10387916,56,2023-01-02,8,7
10387918,56,2023-01-07,16,9
10387911,56,2023-01-07,9,14
10387907,56,2023-01-07,17,9
10387915,56,2023-01-07,14,5
10387914,56,2023-04-15,15,8
10387804,56,2023-01-14,12,4
10387808,56,2023-01-14,18,1
10387982,56,2023-01-14,6,5
10947859,56,2023-01-21,7,7
10387810,56,2023-01-14,11,7
10387811,56,2023-01-14,7,16
10387813,56,2023-01-28,5,14
10387814,56,2023-01-28,9,15
10387805,56,2023-01-28,10,11
10387806,56,2023-01-28,22,10
10387823,56,2023-01-28,5,18
10387818,56,2023-02-04,10,9
10387812,56,2023-02-04,14,10
10387815,56,2023-02-04,15,4
10387980,56,2023-02-04,9,2
10387824,56,2023-02-04,6,10
10955123,56,2023-02-07,8,4
10387809,56,2023-02-18,13,9
10387828,56,2023-02-18,12,8
11010439,56,2023-02-11,10,16
10387826,56,2023-02-18,14,10
10387834,56,2023-02-18,7,11
10387819,56,2023-02-18,16,17
10387825,56,2023-02-25,17,15
10387822,56,2023-02-25,7,8
10387821,56,2023-02-25,8,8
10387820,56,2023-02-25,20,11
10387976,56,2023-03-04,12,9
10387833,56,2023-03-04,7,13
10387839,56,2023-03-04,12,8
10387844,56,2023-03-04,20,1
10387850,56,2023-03-04,14,7
12476619,57,2024-08-31,9,4
11072680,56,2023-03-07,10,2
10387829,56,2023-03-11,18,8
10387843,56,2023-03-11,10,16
10387832,56,2023-03-11,3,10
10387838,56,2023-03-18,8,0
10387848,56,2023-03-18,14,10
10387846,56,2023-03-18,7,8
10387817,56,2023-02-25,9,4
10387861,56,2023-03-18,9,4
10387859,56,2023-03-18,20,1
10387868,56,2023-03-24,12,17
10387963,56,2023-03-24,13,5
10387867,56,2023-03-25,11,14
10387985,56,2023-03-24,11,10
10387869,56,2023-03-25,3,9
10387856,56,2023-04-01,12,1
10387857,56,2023-04-01,10,9
10387879,56,2023-04-01,14,5
10387862,56,2023-04-01,5,9
10387870,56,2023-04-01,12,15
10387981,56,2023-04-08,12,8
10387880,56,2023-04-08,13,7
10388162,56,2023-04-08,11,7
10387875,56,2023-04-08,14,6
10387883,56,2023-04-08,14,9
11180408,56,2023-04-11,6,9
10387881,56,2023-04-15,14,8
10387893,56,2023-04-15,9,7
10387901,56,2023-04-15,8,8
11180409,56,2023-04-11,8,14
10387884,56,2023-04-22,6,11
10387960,56,2023-04-18,15,9
10387878,56,2023-04-15,18,7
10387939,56,2023-04-22,16,3
10387890,56,2023-04-22,14,9
10387944,56,2023-04-29,9,4
10387885,56,2023-04-22,10,10
10387887,56,2023-04-22,5,11
10387978,56,2023-04-29,11,19
10387924,56,2023-04-29,16,12
10387966,56,2023-04-29,9,15
10387970,56,2023-05-06,7,13
10387922,56,2023-05-06,6,16
10388164,56,2023-05-06,7,10
9574033,56,2021-07-31,6,7
10387895,56,2023-05-06,11,5
10387906,56,2023-05-06,11,15
9574026,56,2021-07-31,14,6
9574035,56,2021-07-31,6,15
9574030,56,2021-07-31,6,9
9574009,56,2021-07-31,8,10
9574028,56,2021-08-07,13,5
9574021,56,2021-08-07,15,6
9574554,56,2021-08-07,6,15
9574176,56,2021-08-07,15,10
9574126,56,2021-08-07,9,15
9574039,56,2021-08-14,17,10
9574034,56,2021-08-14,15,7
9574366,56,2021-08-14,4,10
9574154,56,2021-08-14,16,6
9574144,56,2021-08-21,9,12
9574070,56,2021-08-21,5,7
9574029,56,2021-08-14,20,10
9574107,56,2021-08-21,15,1
9574148,56,2021-08-28,14,5
9574238,56,2021-08-21,11,16
9574046,56,2021-08-28,8,23
9574142,56,2021-08-28,10,6
9574208,56,2021-08-21,9,11
9574305,56,2021-08-28,7,10
9574050,56,2021-09-11,9,9
9574115,56,2021-09-11,8,5
9574047,56,2021-09-11,9,9
9574049,56,2021-09-11,15,11
9780717,56,2021-09-14,8,11
9574053,56,2021-09-11,12,10
9574052,56,2021-09-18,10,12
9574173,56,2021-09-18,9,13
9574203,56,2021-09-18,0,0
9574149,56,2021-09-18,16,8
9574292,56,2021-09-18,8,9
9574042,56,2021-09-25,12,6
9574323,56,2021-09-25,0,0
9574040,56,2021-09-25,13,5
9574041,56,2021-09-25,9,7
9574133,56,2021-10-02,3,11
9574044,56,2021-10-02,11,4
9574138,56,2021-10-03,10,7
9574139,56,2021-10-02,21,6
9574135,56,2021-09-25,19,8
9574043,56,2021-10-02,10,8
9574322,56,2021-10-16,7,12
9574311,56,2021-10-16,4,15
9574048,56,2021-10-16,6,14
9574051,56,2021-10-16,6,15
9574262,56,2021-10-16,2,13
9574186,56,2021-10-23,15,9
9574075,56,2021-10-23,12,5
9574061,56,2021-10-23,3,15
9574045,56,2021-10-23,15,10
9574159,56,2021-10-24,12,14
9574098,56,2021-10-30,7,17
9574165,56,2021-10-30,15,8
9574131,56,2021-10-30,9,5
9574158,56,2021-10-30,10,8
9574087,56,2021-10-30,9,8
9574122,56,2021-11-06,10,8
9574056,56,2021-11-06,12,10
9574175,56,2021-11-06,9,8
9574090,56,2021-11-06,14,12
9574060,56,2021-11-13,12,4
9574117,56,2021-11-13,23,3
9574071,56,2021-11-06,13,11
9574104,56,2021-11-13,13,8
9574278,56,2021-11-13,5,17
9574055,56,2021-11-13,9,20
9574188,56,2021-11-20,9,10
9574059,56,2021-11-20,8,9
9574054,56,2021-11-20,13,7
9574151,56,2021-11-20,10,8
9574234,56,2021-12-04,10,7
9574187,56,2021-11-20,8,11
9574421,56,2021-12-04,24,11
9574495,56,2021-12-04,14,9
9574503,56,2021-12-04,7,11
9574260,56,2021-12-07,11,11
9574437,56,2021-12-11,9,10
9574413,56,2021-12-11,15,7
9574279,56,2021-12-11,7,5
9574456,56,2021-12-11,2,7
9574334,56,2021-12-18,6,17
9574345,56,2021-12-18,6,2
9574293,56,2021-12-22,7,8
9574518,56,2021-12-18,0,0
9574343,56,2021-12-26,17,5
9574251,56,2021-12-26,15,9
9574494,56,2021-12-26,14,7
10040295,56,2021-12-29,9,3
9574359,56,2022-01-02,10,11
9574520,56,2022-01-02,9,17
9574395,56,2022-01-08,4,8
9574450,56,2022-01-08,10,10
9574431,56,2022-01-08,14,6
9574263,56,2022-01-02,7,6
9574381,56,2022-01-08,15,11
9574472,56,2022-01-15,14,7
9574491,56,2022-01-15,5,8
9574338,56,2022-01-15,12,15
9574273,56,2022-01-15,9,9
10032442,56,2022-01-22,13,10
9574244,56,2022-01-29,7,15
10061932,56,2022-01-25,6,19
9574310,56,2022-01-29,13,9
9574342,56,2022-01-29,10,9
9574457,56,2022-01-29,7,13
9574314,56,2022-02-05,11,10
10073442,56,2022-01-22,6,11
9574477,56,2022-02-05,4,3
9574393,56,2022-02-05,14,5
9574430,56,2022-02-05,12,11
10105529,56,2022-02-08,10,10
9574446,56,2022-02-05,10,6
10107290,56,2022-02-08,11,9
9573962,56,2022-02-12,13,2
9574529,56,2022-02-12,6,11
9574519,56,2022-02-12,5,9
9574442,56,2022-02-12,4,7
9574530,56,2022-02-19,20,8
9574533,56,2022-02-19,11,10
9574427,56,2022-02-19,14,8
9574534,56,2022-02-19,14,4
10115643,56,2022-02-22,8,15
9574439,56,2022-02-26,8,7
9574299,56,2022-02-19,13,15
9574280,56,2022-02-26,7,6
9574388,56,2022-02-26,21,7
9574404,56,2022-02-26,19,14
9574532,56,2022-02-26,17,9
9574543,56,2022-03-05,7,8
9574487,56,2022-03-05,13,9
10121601,56,2022-03-01,9,7
9574290,56,2022-03-05,11,12
9574422,56,2022-03-05,5,11
9573944,56,2022-03-12,9,9
9574455,56,2022-03-05,12,8
9574392,56,2022-03-12,13,9
9574294,56,2022-03-12,7,19
9574385,56,2022-03-12,4,5
9574246,56,2022-03-19,7,13
9574337,56,2022-03-19,11,9
9574268,56,2022-03-12,12,4
9574380,56,2022-03-19,2,14
9574383,56,2022-03-19,11,7
9574365,56,2022-03-19,12,5
9574287,56,2022-03-26,11,7
9574288,56,2022-03-26,11,16
9574325,56,2022-03-26,12,4
9573943,56,2022-03-26,6,8
9574447,56,2022-03-26,4,14
9573946,56,2022-04-02,10,18
9574006,56,2022-04-02,10,7
9574024,56,2022-04-02,11,18
9574015,56,2022-04-02,1,10
9574265,56,2022-04-03,12,10
9573979,56,2022-04-09,7,12
9574014,56,2022-04-09,19,1
9574001,56,2022-04-09,10,7
9574004,56,2022-04-09,15,20
9573968,56,2022-04-09,7,9
9574003,56,2022-04-16,11,10
9573957,56,2022-04-16,13,15
9573998,56,2022-04-16,0,0
9573977,56,2022-04-16,10,8
9573982,56,2022-04-16,8,11
9573958,56,2022-04-23,10,6
9573949,56,2022-04-23,17,8
9574027,56,2022-04-23,9,7
9573969,56,2022-04-30,10,9
9574019,56,2022-04-30,8,11
9573971,56,2022-04-23,9,11
9573947,56,2022-04-30,5,10
9574008,56,2022-04-30,11,7
9573956,56,2022-04-30,12,8
9574022,56,2022-04-23,13,6
12476485,57,2025-03-15,10,4
12476491,57,2025-03-08,1,15
12476487,57,2025-03-15,11,5
12476486,57,2025-03-15,12,13
13343735,57,2025-03-11,13,3
12476488,57,2025-03-15,9,7
12476494,57,2025-03-15,19,7
12476483,57,2025-03-22,9,9
12476484,57,2025-03-22,14,7
12476482,57,2025-03-22,5,15
12476478,57,2025-03-22,12,7
12476477,57,2025-03-29,4,15
12476474,57,2025-03-29,6,2
12476481,57,2025-03-22,4,13
12476479,57,2025-03-29,5,6
12476480,57,2025-03-29,5,3
12476476,57,2025-03-29,2,6
12476469,57,2025-04-05,14,4
12476454,57,2025-04-26,19,6
12476455,57,2025-04-26,5,14
12476458,57,2025-04-26,13,8
12476452,57,2025-05-03,13,6
12476567,57,2025-05-03,8,9
12476453,57,2025-05-03,13,5
12476575,57,2025-05-03,10,4
9424879,56,2021-04-06,9,10
9574458,56,2022-01-29,0,0
11395507,56,2024-04-13,10,7
12476475,57,2025-04-05,10,14
11395487,57,2023-08-05,9,13
11395485,57,2023-08-05,12,9
11395486,57,2023-08-05,10,6
11395484,57,2023-08-05,5,10
9424880,56,2021-04-06,10,14
9424882,56,2021-04-06,10,12
9434155,56,2021-04-08,7,8
9434156,56,2021-04-08,13,7
9424883,56,2021-04-06,2,18
9431708,56,2021-04-10,13,2
9431711,56,2021-04-10,18,9
9431709,56,2021-04-10,8,18
9431707,56,2021-04-10,3,14
9431712,56,2021-04-13,11,4
9431710,56,2021-04-10,9,14
9431718,56,2021-04-15,12,6
9431720,56,2021-04-13,19,10
9431721,56,2021-04-15,12,8
9431717,56,2021-04-17,10,10
9431719,56,2021-04-17,13,9
9431725,56,2021-04-20,15,4
9431723,56,2021-04-20,2,16
9431722,56,2021-04-20,15,9
9431724,56,2021-04-20,6,16
12477129,57,2024-08-03,9,17
12477126,57,2024-08-03,16,6
12477130,57,2024-08-03,6,4
12477123,57,2024-08-03,8,8
12477133,57,2024-08-03,8,6
12476632,57,2024-08-10,10,1
12476633,57,2024-08-10,10,11
12476630,57,2024-08-10,7,9
12476635,57,2024-08-10,6,7
12476636,57,2024-08-10,15,8
12476629,57,2024-08-17,5,2
12476634,57,2024-08-17,15,5
12476623,57,2024-08-17,6,5
8824212,56,2021-01-02,13,4
8824192,56,2021-01-02,11,10
9398848,56,2021-03-20,13,6
8824178,56,2021-01-02,22,8
9398852,56,2021-03-20,10,5
9398799,56,2021-03-20,3,6
9400352,56,2021-03-20,12,5
9398797,56,2021-03-20,9,9
9398853,56,2021-03-27,2,12
9398855,56,2021-03-27,7,6
9398854,56,2021-03-27,13,10
9398850,56,2021-03-27,11,20
9422573,56,2021-03-30,12,8
9398851,56,2021-03-27,5,7
9422574,56,2021-03-30,16,9
9422575,56,2021-03-30,14,7
9422570,56,2021-03-30,8,9
9422585,56,2021-03-30,7,4
9424878,56,2021-04-01,7,4
9424877,56,2021-04-01,2,7
9424881,56,2021-04-06,7,9
9431729,56,2021-04-20,8,10
12476624,57,2024-08-24,7,5
12476627,57,2024-08-24,9,9
12476625,57,2024-08-24,11,11
12476621,57,2024-08-24,7,12
12476620,57,2024-08-31,8,10
12476631,57,2024-08-17,10,12
12476622,57,2024-08-24,6,12
12476600,57,2024-10-05,12,5
12954858,57,2024-10-12,9,3
12476594,57,2024-10-19,13,7
12476592,57,2024-10-19,10,8
12476589,57,2024-11-02,5,13
12476595,57,2024-10-19,6,5
12476587,57,2024-11-02,17,5
12476593,57,2024-10-19,8,12
12476591,57,2024-11-02,13,6
12476586,57,2024-11-09,4,12
12476590,57,2024-11-02,11,9
12476582,57,2024-11-09,12,9
12476588,57,2024-11-02,5,8
12476579,57,2024-11-09,4,15
12476585,57,2024-11-09,9,4
12476583,57,2024-11-09,8,4
12476584,57,2024-11-16,16,6
12476581,57,2024-11-16,8,14
12476580,57,2024-11-16,9,8
12476574,57,2024-11-16,9,9
12476578,57,2024-11-16,8,6
12476548,57,2024-11-30,11,13
12476562,57,2024-12-07,8,11
12476564,57,2024-12-07,9,15
13171688,57,2024-12-03,10,5
12476565,57,2024-12-07,5,8
12476563,57,2024-12-14,7,7
12476556,57,2024-12-14,10,5
13175772,57,2024-12-10,8,8
12476558,57,2024-12-14,12,10
12476561,57,2024-12-14,9,10
13175771,57,2024-12-17,7,4
12476618,57,2024-08-31,8,7
12476626,57,2024-08-31,11,9
12476617,57,2024-08-31,4,6
12476611,57,2024-09-14,13,8
12476616,57,2024-09-14,13,11
12476614,57,2024-09-14,12,6
12476612,57,2024-09-14,10,10
12476615,57,2024-09-14,13,4
12476607,57,2024-09-21,5,8
12476613,57,2024-09-21,10,3
12811090,57,2024-09-17,10,10
12476606,57,2024-09-21,9,14
12476604,57,2024-09-28,10,10
12476609,57,2024-09-28,5,5
12476603,57,2024-09-21,13,7
12476610,57,2024-09-28,12,9
12476601,57,2024-09-28,5,9
12476598,57,2024-10-05,7,9
12476599,57,2024-10-05,14,5
12476597,57,2024-10-05,16,9
12476605,57,2024-09-28,3,6
12476602,57,2024-10-05,5,8
12476596,57,2024-10-19,12,7
12476471,57,2025-04-05,10,9
12476470,57,2025-04-05,11,8
12476473,57,2025-04-05,7,6
12476465,57,2025-04-12,3,11
12476472,57,2025-04-12,8,9
12476468,57,2025-04-12,12,11
12476464,57,2025-04-12,7,17
12476467,57,2025-04-12,8,2
12476463,57,2025-04-19,12,9
12476466,57,2025-04-19,9,5
12476461,57,2025-04-19,11,9
12476560,57,2024-12-14,13,5
13159980,57,2024-12-17,12,6
12476551,57,2024-12-21,13,9
12476555,57,2024-12-21,7,2
12476557,57,2024-12-21,10,6
12476554,57,2024-12-21,5,9
12476549,57,2024-12-28,20,12
12476547,57,2024-12-28,17,6
12476552,57,2024-12-28,13,6
12476550,57,2024-12-21,10,16
12476553,57,2024-12-28,14,6
12476539,57,2025-01-04,12,7
12476545,57,2025-01-04,14,5
12476546,57,2025-01-04,5,3
13217663,57,2025-01-08,8,15
12476541,57,2025-01-11,8,8
12476544,57,2025-01-11,6,12
12476533,57,2025-01-11,14,8
12476531,57,2025-01-17,6,10
13315347,57,2025-01-14,9,7
12476529,57,2025-01-18,16,10
12476538,57,2025-01-18,8,7
12476519,57,2025-01-25,3,16
13233442,57,2025-01-21,8,8
12476525,57,2025-01-25,12,12
12476523,57,2025-01-25,9,6
12476522,57,2025-01-25,20,7
12476524,57,2025-01-25,17,3
12476515,57,2025-02-01,18,6
12476460,57,2025-04-19,7,5
12476462,57,2025-04-19,8,13
12476459,57,2025-04-26,8,7
12476457,57,2025-04-26,8,8
12476570,57,2025-05-03,9,9
11395480,57,2023-08-12,3,2
11395483,57,2023-08-05,6,7
11395479,57,2023-08-12,9,8
11395477,57,2023-08-12,3,14
11395481,57,2023-08-12,11,7
11395482,57,2023-08-12,6,9
11395475,57,2023-08-19,14,6
11395476,57,2023-08-19,3,11
11395474,57,2023-08-19,6,6
11395478,57,2023-08-19,5,5
11395473,57,2023-08-19,11,8
11395468,57,2023-08-26,10,12
11395467,57,2023-08-26,15,9
11395469,57,2023-08-26,5,11
11395471,57,2023-08-26,8,10
11395464,57,2023-09-02,10,7
11395466,57,2023-09-02,7,7
11395463,57,2023-09-02,14,11
11395465,57,2023-09-02,13,11
11395462,57,2023-09-02,7,9
11395470,57,2023-08-26,9,8
11395459,57,2023-09-16,11,11
11395458,57,2023-09-16,10,8
11395460,57,2023-09-16,9,6
11395461,57,2023-09-16,7,12
11395452,57,2023-09-23,11,16
11395457,57,2023-09-16,10,3
11395448,57,2023-09-23,11,13
11395454,57,2023-09-23,9,11
11395451,57,2023-09-23,7,10
11395453,57,2023-09-23,8,11
11395449,57,2023-09-30,10,6
11395450,57,2023-09-30,13,4
11395447,57,2023-09-30,2,9
11395445,57,2023-09-30,7,9
11395446,57,2023-09-30,13,12
11395443,57,2023-10-07,10,11
11395434,57,2023-10-21,8,7
11395441,57,2023-10-07,10,14
11395438,57,2023-10-21,9,13
11395439,57,2023-10-21,12,0
11395440,57,2023-10-07,12,10
11751980,57,2023-10-24,11,11
11395430,57,2023-11-04,12,15
11395436,57,2023-11-04,8,6
11395429,57,2023-11-04,4,12
11395437,57,2023-11-04,10,7
11395431,57,2023-11-04,11,5
11395423,57,2023-11-11,9,8
11395426,57,2023-11-11,15,13
11395428,57,2023-11-11,5,6
11395432,57,2023-11-11,12,9
11395425,57,2023-11-11,12,9
11395419,57,2023-11-18,9,10
11395420,57,2023-11-18,8,7
11777615,57,2023-11-14,16,10
11395427,57,2023-11-18,7,10
11395422,57,2023-11-18,6,6
11395424,57,2023-11-18,6,8
11779160,57,2023-11-21,6,10
11813348,57,2023-11-21,15,5
11395415,57,2023-12-09,7,9
11395414,57,2023-12-02,12,7
11395410,57,2023-12-09,10,1
11395418,57,2023-12-02,16,4
11395413,57,2023-12-09,5,5
11395411,57,2023-12-09,5,7
11395412,57,2023-12-09,8,9
11395407,57,2023-12-16,8,12
11395409,57,2023-12-16,9,6
11395406,57,2023-12-16,9,10
11395408,57,2023-12-16,13,9
11395405,57,2023-12-16,11,11
11395401,57,2023-12-22,6,8
11395403,57,2023-12-23,11,14
11395402,57,2023-12-23,8,5
11395404,57,2023-12-23,14,9
11395399,57,2023-12-23,7,4
11395397,57,2023-12-30,7,6
11395395,57,2023-12-30,7,6
11395391,57,2024-01-06,4,4
11395394,57,2024-01-06,10,11
11395396,57,2023-12-30,11,13
11395393,57,2024-01-06,9,9
11395389,57,2024-01-06,7,4
11395392,57,2024-01-06,9,13
11883581,57,2024-01-09,16,6
11395390,57,2024-01-13,9,17
11395384,57,2024-01-13,8,8
11395388,57,2024-01-13,5,9
11395381,57,2024-01-20,7,9
11395387,57,2024-01-13,14,4
11395380,57,2024-01-20,7,9
11395386,57,2024-01-13,7,6
11395378,57,2024-01-27,12,6
11395376,57,2024-01-27,7,8
11395373,57,2024-01-27,6,8
11395377,57,2024-01-27,7,8
11887845,57,2024-01-30,11,7
11395370,57,2024-02-03,7,9
11395371,57,2024-02-03,12,4
11395379,57,2024-01-27,12,11
11395375,57,2024-02-03,11,8
11910838,57,2024-01-30,5,8
11395374,57,2024-02-03,7,5
11910835,57,2024-02-06,12,7
11395372,57,2024-02-03,9,9
11395369,57,2024-02-10,12,10
11395368,57,2024-02-10,4,6
11395365,57,2024-02-10,7,7
11395366,57,2024-02-10,9,7
11884143,57,2024-02-13,13,6
11395362,57,2024-02-17,12,9
11395360,57,2024-02-17,11,13
11395364,57,2024-02-17,15,9
12006622,57,2024-02-20,11,6
11395357,57,2024-02-17,4,4
12020077,57,2024-02-20,9,8
11395363,57,2024-02-17,14,8
11395358,57,2024-02-24,10,12
11395359,57,2024-02-24,8,10
11395356,57,2024-02-24,9,8
11395355,57,2024-02-24,16,14
11395361,57,2024-02-24,6,3
11395353,57,2024-03-02,14,6
11395352,57,2024-03-02,12,13
11395354,57,2024-03-02,6,15
11395348,57,2024-03-02,4,7
11395347,57,2024-03-02,9,8
11395316,57,2024-03-05,15,14
11970625,57,2024-03-05,12,15
11395349,57,2024-03-09,8,7
11395346,57,2024-03-09,5,6
11395344,57,2024-03-09,8,8
11395350,57,2024-03-09,11,10
11395351,57,2024-03-09,14,3
11395340,57,2024-03-16,5,15
11395345,57,2024-03-16,6,12
11395343,57,2024-03-16,11,14
11395342,57,2024-03-16,8,5
11395335,57,2024-03-23,9,6
11395339,57,2024-03-16,3,3
11395341,57,2024-03-23,12,5
11395338,57,2024-03-23,5,5
11395337,57,2024-03-23,8,2
11395336,57,2024-03-23,10,6
11395329,57,2024-03-30,10,7
11395333,57,2024-03-30,4,5
11395332,57,2024-03-30,13,9
11395323,57,2024-03-30,7,16
11395330,57,2024-03-30,10,6
11395324,57,2024-04-06,5,9
11395322,57,2024-04-06,9,4
11395328,57,2024-04-06,8,10
11395317,57,2024-04-13,15,9
11395331,57,2024-04-06,11,9
11395320,57,2024-04-13,9,6
11395327,57,2024-04-06,13,4
11395326,57,2024-04-13,7,9
11395319,57,2024-04-13,2,8
11395325,57,2024-04-20,12,15
11395334,57,2024-04-13,2,5
12253545,57,2024-04-20,6,4
11395314,57,2024-04-20,6,9
11395321,57,2024-04-20,10,10
11395318,57,2024-04-20,11,6
11395313,57,2024-04-27,8,10
11395310,57,2024-04-27,13,6
11395309,57,2024-04-27,8,14
11395311,57,2024-04-27,13,1
11395315,57,2024-04-27,14,7
11395307,57,2024-05-04,16,6
11395308,57,2024-05-04,9,7
11395455,57,2024-05-04,11,11
11395312,57,2024-05-04,3,7
11395456,57,2024-05-04,11,10
10388063,57,2022-07-30,8,9
10388051,57,2022-07-30,10,8
10388048,57,2022-07-30,14,7
10388044,57,2022-07-30,12,10
10387974,57,2022-07-30,12,4
10388058,57,2022-08-06,10,8
10387984,57,2022-08-06,11,8
10388070,57,2022-08-06,8,13
10388069,57,2022-08-06,5,6
10387979,57,2022-08-06,15,11
10388071,57,2022-08-13,11,16
10388068,57,2022-08-13,20,2
10388079,57,2022-08-13,21,5
10388054,57,2022-08-13,13,9
10388013,57,2022-08-20,4,18
10388074,57,2022-08-13,9,8
10388009,57,2022-08-20,6,8
10388076,57,2022-08-20,9,7
10388104,57,2022-08-20,5,12
10388122,57,2022-08-20,15,11
10388119,57,2022-08-27,8,11
10388131,57,2022-08-27,8,10
10388081,57,2022-08-27,17,10
10388096,57,2022-08-27,7,10
10388129,57,2022-08-27,10,10
10388088,57,2022-09-03,4,16
10388073,57,2022-09-03,16,5
10388146,57,2022-09-03,5,6
10388128,57,2022-09-17,12,3
10388123,57,2022-09-03,15,8
10388116,57,2022-09-03,13,11
10388098,57,2022-09-17,4,15
10388093,57,2022-09-17,8,7
10388107,57,2022-09-17,15,8
10387992,57,2022-09-17,19,6
10694352,57,2022-09-20,6,13
10694353,57,2022-09-20,8,5
10694351,57,2022-09-24,13,16
10388083,57,2022-10-01,15,9
10388110,57,2022-10-01,12,16
10388125,57,2022-10-01,11,9
10388103,57,2022-10-01,2,11
10388090,57,2022-10-01,12,11
10388134,57,2022-10-08,13,3
10388121,57,2022-10-08,26,10
10388132,57,2022-10-08,14,9
10388136,57,2022-10-08,13,8
10388153,57,2022-10-08,15,14
10698046,57,2022-10-11,7,12
10698040,57,2022-10-11,11,6
10387986,57,2022-10-15,7,7
10387987,57,2022-10-15,10,7
10388067,57,2022-10-15,7,12
10388087,57,2022-10-15,9,10
10388120,57,2022-10-15,7,10
10387994,57,2022-10-29,11,1
10388000,57,2022-10-29,5,4
10387991,57,2022-10-29,12,12
10388144,57,2022-10-29,11,8
10387910,57,2022-10-29,5,5
10387999,57,2022-11-05,11,19
10387989,57,2022-11-05,3,6
10387998,57,2022-11-05,6,22
10388005,57,2022-11-05,10,5
10387996,57,2022-11-05,10,14
10387993,57,2022-11-12,8,7
10387995,57,2022-11-12,4,7
10387920,57,2022-11-12,10,13
10387997,57,2022-11-12,12,9
10388001,57,2022-11-19,9,8
10388020,57,2022-11-12,11,9
10388017,57,2022-11-19,6,2
10388003,57,2022-11-19,8,12
10387951,57,2022-11-26,2,2
10388018,57,2022-11-19,14,10
10388143,57,2022-11-19,16,16
10388007,57,2022-12-03,9,3
10388019,57,2022-12-03,17,12
10388010,57,2022-12-03,7,5
10388014,57,2022-12-03,9,10
10388025,57,2022-12-03,15,6
10388015,57,2022-12-23,4,12
10388154,57,2022-12-10,10,11
10388012,57,2022-12-10,6,7
10388008,57,2022-12-23,11,9
10388004,57,2022-12-24,9,4
10388149,57,2022-12-23,9,6
10388026,57,2022-12-31,8,9
10388016,57,2022-12-31,12,3
10387929,57,2023-01-02,9,11
10388024,57,2023-01-07,10,13
10388033,57,2023-01-07,13,6
10388038,57,2023-01-14,10,13
10388027,57,2023-01-14,12,6
10388030,57,2023-01-07,5,11
10388077,57,2023-01-07,6,11
10388064,57,2023-01-14,7,7
10388043,57,2023-01-14,5,21
10947861,57,2023-01-21,10,10
10388031,57,2023-01-28,7,7
10947858,57,2023-01-21,10,1
10387959,57,2023-01-28,16,8
10388022,57,2023-01-28,10,13
10388029,57,2023-01-28,7,7
10388037,57,2023-02-04,7,10
10388095,57,2023-01-28,10,4
10388034,57,2023-02-04,6,5
10388059,57,2023-02-04,8,5
10388035,57,2023-02-04,5,8
10388036,57,2023-02-04,5,6
10388039,57,2023-02-11,5,9
10388142,57,2023-02-11,7,13
10388046,57,2023-02-11,11,12
11027765,57,2023-02-14,10,8
10388147,57,2023-02-11,10,13
10388050,57,2023-02-18,9,7
10388052,57,2023-02-18,13,5
10388045,57,2023-02-18,10,13
10388040,57,2023-02-18,3,9
11029510,57,2023-02-21,10,5
10388057,57,2023-02-25,7,14
10388056,57,2023-02-25,6,14
10388055,57,2023-02-25,8,7
10387975,57,2023-02-25,6,5
10388150,57,2023-02-25,7,6
11027687,57,2023-02-28,11,12
11075238,57,2023-02-28,6,7
10388065,57,2023-03-04,8,9
10388042,57,2023-03-04,9,11
10388061,57,2023-03-04,9,7
10388047,57,2023-03-04,8,7
10388066,57,2023-03-11,10,4
10388049,57,2023-03-04,9,4
10388114,57,2023-03-11,13,7
10388072,57,2023-03-18,6,13
10388111,57,2023-03-18,7,4
10388062,57,2023-03-11,5,6
10388141,57,2023-03-18,12,7
10388102,57,2023-03-18,2,8
11027763,57,2023-03-21,9,6
10388101,57,2023-03-24,15,4
10388089,57,2023-03-25,15,6
11132215,57,2023-03-21,15,5
10388109,57,2023-03-25,10,8
10388080,57,2023-03-25,10,9
9573972,57,2022-04-16,9,5
10388105,57,2023-03-25,12,9
10387988,57,2023-04-01,8,8
10388155,57,2023-04-01,3,8
10388091,57,2023-04-01,10,7
11142364,57,2023-03-29,11,10
10388084,57,2023-04-01,9,7
10388085,57,2023-04-01,9,14
11073886,57,2023-04-04,12,11
10388151,57,2023-04-08,11,8
10388097,57,2023-04-08,4,5
10388086,57,2023-04-08,18,6
10388130,57,2023-04-08,11,3
10388145,57,2023-04-08,12,5
11175196,57,2023-04-11,10,4
10388152,57,2023-04-15,9,14
10388092,57,2023-04-15,10,4
10388133,57,2023-04-15,8,7
10388099,57,2023-04-15,18,2
10388041,57,2023-04-15,5,9
11207837,57,2023-04-18,11,11
10388148,57,2023-04-22,6,3
10388094,57,2023-04-22,8,7
10388108,57,2023-04-22,12,5
10388138,57,2023-04-22,13,9
10388078,57,2023-04-29,7,16
10388106,57,2023-04-29,7,4
10388113,57,2023-04-29,6,9
10388126,57,2023-04-29,6,6
10388124,57,2023-05-06,8,16
10388112,57,2023-05-06,8,5
10388117,57,2023-05-06,11,4
10388023,57,2023-05-06,11,13
10388135,57,2023-05-06,14,4
9574031,57,2021-07-31,12,11
9574011,57,2021-07-31,10,7
9574312,57,2021-07-31,10,10
9574155,57,2021-07-31,12,8
9574037,57,2021-07-31,0,0
9574212,57,2021-08-07,12,6
9574036,57,2021-08-07,0,0
9574164,57,2021-08-07,13,10
9574023,57,2021-08-07,6,16
9574335,57,2021-08-13,12,16
9574032,57,2021-08-07,11,15
9574077,57,2021-08-14,17,4
9574080,57,2021-08-14,10,6
9574184,57,2021-08-14,8,18
9574110,57,2021-08-21,6,11
9574220,57,2021-08-21,11,4
9574118,57,2021-08-21,12,7
10388137,57,2023-04-22,7,2
10388118,57,2023-04-29,8,6
9574235,57,2021-12-03,8,6
9574333,57,2021-08-21,8,8
9574076,57,2021-08-21,7,23
9574189,57,2021-08-28,7,17
9574202,57,2021-08-28,10,6
9574064,57,2021-08-28,6,5
9574152,57,2021-08-28,14,6
9574346,57,2021-08-27,9,7
9574361,57,2021-09-11,7,1
9574102,57,2021-09-11,13,11
9574062,57,2021-09-11,18,7
9574170,57,2021-09-11,0,0
9749919,57,2021-08-31,2,7
9574181,57,2021-09-11,11,11
9574128,57,2021-09-18,7,14
9574105,57,2021-09-17,8,18
9574200,57,2021-09-18,9,14
9574196,57,2021-09-18,10,7
9574269,57,2021-09-18,17,6
9574177,57,2021-09-25,18,17
9574194,57,2021-09-25,9,10
9574163,57,2021-09-25,12,7
9574057,57,2021-09-25,14,9
9574217,57,2021-09-25,13,6
9574100,57,2021-10-02,16,2
9574094,57,2021-10-01,6,14
9574169,57,2021-10-02,11,10
9574197,57,2021-10-02,9,4
9574245,57,2021-10-15,5,15
9574183,57,2021-10-02,12,8
9574109,57,2021-10-16,11,9
9574167,57,2021-10-16,4,7
9574145,57,2021-10-16,13,6
9574067,57,2021-10-30,11,4
9574157,57,2021-10-16,2,15
9574058,57,2021-10-30,6,7
9574132,57,2021-10-30,9,16
9574063,57,2021-11-06,2,9
9574162,57,2021-11-06,5,12
9574038,57,2021-11-05,6,10
9574106,57,2021-11-06,10,6
9574074,57,2021-11-06,17,10
9917723,57,2021-11-09,12,13
9574258,57,2021-11-13,26,8
9574172,57,2021-11-12,12,9
9574082,57,2021-11-13,5,3
9574216,57,2021-11-13,9,11
9574085,57,2021-11-13,15,8
9574204,57,2021-11-20,15,5
9574143,57,2021-11-20,10,7
9574137,57,2021-11-20,6,8
9574101,57,2021-11-20,14,9
9925018,57,2021-11-23,17,6
9574129,57,2021-11-20,10,12
9574390,57,2021-12-04,12,8
9574297,57,2021-12-04,6,13
9574419,57,2021-12-04,8,9
9574476,57,2021-12-11,16,12
9574387,57,2021-12-11,7,8
9574396,57,2021-12-11,8,7
9574547,57,2021-12-11,9,7
9574372,57,2021-12-11,14,10
9574321,57,2021-12-17,10,19
9574233,57,2021-12-18,12,12
9574275,57,2021-12-18,9,14
9574378,57,2021-12-18,9,8
9574501,57,2021-12-21,8,14
9574367,57,2021-12-18,5,10
9574313,57,2021-12-26,8,13
9574484,57,2021-12-26,15,10
9574232,57,2021-12-26,11,12
9574445,57,2021-12-22,9,6
9574331,57,2022-01-02,0,0
9574467,57,2022-01-02,9,9
9574451,57,2022-01-07,12,14
9574462,57,2022-01-08,13,14
9574363,57,2022-01-08,11,13
9574223,57,2022-01-08,6,11
9574502,57,2022-01-02,5,11
9574429,57,2022-01-15,7,15
9574513,57,2022-01-15,8,11
9574370,57,2022-01-08,6,13
9574371,57,2022-01-15,14,3
9574215,57,2022-01-15,14,10
9574224,57,2022-01-15,13,12
9574222,57,2022-01-22,0,0
10015057,57,2022-01-25,0,0
9574247,57,2022-01-29,4,10
9574375,57,2022-01-29,13,9
10104723,57,2022-01-31,11,11
9574542,57,2022-01-29,5,5
9574316,57,2022-01-29,5,12
9574438,57,2022-02-05,12,4
9574368,57,2022-02-05,12,4
9574226,57,2022-02-05,11,6
9574435,57,2022-02-05,4,9
9574236,57,2022-02-11,8,12
9574382,57,2022-02-12,12,9
10116338,57,2022-02-15,9,8
9574286,57,2022-02-19,14,10
10121599,57,2022-02-15,14,8
10087879,57,2022-02-15,17,7
9574225,57,2022-02-19,7,9
9574466,57,2022-02-19,5,16
9574440,57,2022-02-19,7,9
10116337,57,2022-02-22,12,1
9574480,57,2022-02-25,6,9
9574320,57,2022-02-26,8,8
9574221,57,2022-02-26,9,6
9574500,57,2022-02-26,19,4
9574261,57,2022-02-26,3,7
10115646,57,2022-03-02,12,15
9574242,57,2022-03-05,10,6
10115645,57,2022-03-02,12,12
9574506,57,2022-03-05,7,8
9574373,57,2022-03-05,13,9
9574341,57,2022-03-05,11,7
9574408,57,2022-03-05,4,10
9574328,57,2022-03-08,4,14
9574306,57,2022-03-12,24,5
10160956,57,2022-03-08,8,5
9574463,57,2022-03-12,9,3
9574377,57,2022-03-12,8,6
9574405,57,2022-03-12,9,12
10160957,57,2022-03-15,4,8
9574499,57,2022-03-12,9,4
9574538,57,2022-03-18,9,14
10121600,57,2022-03-16,13,9
9574406,57,2022-03-19,13,8
9574434,57,2022-03-19,11,7
9574521,57,2022-03-19,4,12
9574432,57,2022-03-19,7,10
10160959,57,2022-03-22,7,7
9574444,57,2022-03-26,12,3
9574416,57,2022-03-26,10,5
9574544,57,2022-03-26,9,7
9574240,57,2022-03-26,10,11
9574307,57,2022-03-26,8,11
9574010,57,2022-04-02,0,0
9573960,57,2022-04-01,11,14
9573967,57,2022-04-02,4,6
9574018,57,2022-04-02,3,6
9573990,57,2022-04-02,4,9
9573974,57,2022-04-09,5,7
9574546,57,2022-04-09,12,10
9573996,57,2022-04-09,6,16
9574007,57,2022-04-09,8,7
9574017,57,2022-04-09,5,15
9573955,57,2022-04-16,12,10
9573999,57,2022-04-16,18,8
9573988,57,2022-04-16,10,8
9573965,57,2022-04-16,15,6
9573970,57,2022-04-22,15,6
9573983,57,2022-04-23,11,10
9573952,57,2022-04-23,6,10
9573987,57,2022-04-23,7,6
9573995,57,2022-04-23,0,0
9574537,57,2022-04-30,12,5
9573953,57,2022-04-30,2,9
9573992,57,2022-04-30,16,7
9574025,57,2022-04-30,16,9
9574551,57,2022-04-30,2,7
9398869,57,2021-03-20,8,3
9398879,57,2021-03-20,7,6
8824191,57,2021-01-02,10,12
9398874,57,2021-03-20,8,3
9398868,57,2021-03-20,5,6
9398878,57,2021-03-23,13,5
9398877,57,2021-03-23,1,2
9398901,57,2021-03-27,5,19
9398908,57,2021-03-27,5,15
9412789,57,2021-03-27,15,9
9398946,57,2021-03-27,8,11
9398900,57,2021-03-27,8,9
9422572,57,2021-03-30,10,21
9422571,57,2021-03-30,3,14
9424886,57,2021-04-03,6,5
9422584,57,2021-03-30,19,3
9422569,57,2021-03-30,7,11
9424884,57,2021-04-03,10,8
9424888,57,2021-04-06,10,9
9424885,57,2021-04-03,5,3
9424907,57,2021-04-06,16,9
9424896,57,2021-04-06,9,18
9431750,57,2021-04-08,9,3
9431742,57,2021-04-10,5,17
9424887,57,2021-04-06,12,13
9400336,57,2021-03-20,9,9
9424898,57,2021-04-06,17,1
9431737,57,2021-04-10,8,9
9431743,57,2021-04-10,16,7
9431751,57,2021-04-10,11,11
9431752,57,2021-04-10,7,13
9431749,57,2021-04-13,18,3
9431747,57,2021-04-13,9,9
9431740,57,2021-04-13,13,10
9431735,57,2021-04-15,19,4
9431732,57,2021-04-17,8,17
9431741,57,2021-04-13,9,9
9431731,57,2021-04-17,11,7
9431736,57,2021-04-13,6,3
9431738,57,2021-04-17,2,17
9431748,57,2021-04-20,4,13
9431733,57,2021-04-20,15,4
9431739,57,2021-04-17,10,6
9431746,57,2021-04-20,9,6
9431734,57,2021-04-20,6,17
9431730,57,2021-04-20,14,14
14035640,56,2026-04-11,9,8
14035642,56,2026-04-11,10,6
14035643,56,2026-04-11,9,7
14035641,56,2026-04-11,9,9
14035644,56,2026-04-11,22,7
13388418,54,2025-02-05,17,5
12476990,54,2025-02-15,21,6
12476979,54,2025-02-15,21,13
12476978,54,2025-02-15,13,11
12476976,54,2025-02-15,18,13
12476981,54,2025-02-16,21,15
12476977,54,2025-02-16,14,8
12472865,54,2025-02-22,17,10
12472869,54,2025-02-22,8,14
12472859,54,2025-02-22,8,10
12472858,54,2025-02-22,22,11
12472875,54,2025-02-22,10,10
12476973,54,2025-02-26,10,12
12476975,54,2025-02-25,16,8
12472879,54,2025-02-23,7,12
12476970,54,2025-02-26,14,9
12476974,54,2025-02-26,8,9
12476971,54,2025-02-26,14,5
12476967,54,2025-03-01,22,6
12476972,54,2025-02-26,11,14
12476965,54,2025-03-01,14,18
12476962,54,2025-03-01,5,20
12476968,54,2025-03-02,11,10
12476966,54,2025-03-01,14,10
12476969,54,2025-03-02,20,11
12476960,54,2025-03-15,8,11
12476964,54,2025-03-15,9,5
12476963,54,2025-03-15,11,16
12476958,54,2025-03-15,5,11
12476959,54,2025-03-16,12,15
12476961,54,2025-03-16,14,10
12476955,54,2025-03-29,12,7
12476956,54,2025-03-29,15,10
12476953,54,2025-03-29,14,1
12476957,54,2025-03-29,15,23
12476952,54,2025-03-29,9,5
12476951,54,2025-03-30,5,20
12476950,54,2025-04-05,15,6
12476948,54,2025-04-05,11,10
12476954,54,2025-04-05,6,21
12476946,54,2025-04-05,16,3
12476947,54,2025-04-06,9,26
12476949,54,2025-04-06,15,7
12472882,54,2025-04-12,14,5
12472881,54,2025-04-12,6,12
12472874,54,2025-04-12,13,11
12472873,54,2025-04-12,10,15
12472880,54,2025-04-13,17,12
12472878,54,2025-04-13,19,4
11393376,54,2023-12-30,11,8
11393381,54,2024-01-02,10,10
11393383,54,2024-01-02,5,16
11393377,54,2023-12-30,8,10
11393380,54,2024-01-02,12,9
11393384,54,2024-01-02,3,24
11814981,54,2024-01-23,15,8
11813924,54,2024-01-24,14,8
11813923,54,2024-01-24,9,22
11393390,54,2024-01-27,7,10
11393250,54,2023-08-05,18,7
11393253,54,2023-08-05,10,16
11393252,54,2023-08-05,12,11
11393251,54,2023-08-05,17,13
11393255,54,2023-08-06,14,8
11393254,54,2023-08-05,10,18
11393259,54,2023-08-12,22,6
11393261,54,2023-08-12,15,7
11393260,54,2023-08-12,19,12
11393257,54,2023-08-13,8,13
11393256,54,2023-08-13,11,16
11393258,54,2023-08-13,10,4
11393266,54,2023-08-26,8,24
11393262,54,2023-08-26,19,5
11393264,54,2023-08-26,13,8
11393265,54,2023-08-26,13,12
11393263,54,2023-08-27,12,10
11393267,54,2023-08-27,13,4
11393270,54,2023-09-02,15,8
11393271,54,2023-09-02,13,8
11393272,54,2023-09-02,8,12
11393273,54,2023-09-03,17,7
11393269,54,2023-09-03,18,8
11393279,54,2023-09-16,3,20
11393268,54,2023-09-03,10,15
11393274,54,2023-09-16,20,4
11393276,54,2023-09-16,16,11
11393275,54,2023-09-16,12,11
11393277,54,2023-09-16,20,9
11393283,54,2023-09-23,15,14
11393278,54,2023-09-16,16,5
11393285,54,2023-09-23,13,11
11393281,54,2023-09-23,10,23
11393282,54,2023-09-23,17,12
11393284,54,2023-09-24,17,9
15680573,56,2026-04-14,4,19
14035821,57,2026-04-11,14,9
14035823,57,2026-04-11,7,5
14035822,57,2026-04-11,14,11
14035826,57,2026-04-11,8,6
14035824,57,2026-04-11,8,11
14035650,56,2026-04-18,7,10
14035647,56,2026-04-18,5,9
14035646,56,2026-04-18,9,4
14035648,56,2026-04-18,8,6
14035651,56,2026-04-18,8,10
14032717,57,2026-04-18,12,11
14032707,57,2026-04-18,24,2
14032715,57,2026-04-18,11,3
14032721,57,2026-04-18,6,16
14032718,57,2026-04-18,10,4
11393280,54,2023-09-24,13,11
11393288,54,2023-09-30,10,24
11393286,54,2023-09-30,23,11
11393290,54,2023-09-30,9,17
11393289,54,2023-09-30,18,14
11393287,54,2023-09-30,12,8
11393292,54,2023-09-30,12,7
11393294,54,2023-10-07,27,6
11393297,54,2023-10-07,22,16
11393298,54,2023-10-07,11,3
11393299,54,2023-10-08,2,13
11393303,54,2023-10-21,23,7
11393293,54,2023-10-08,10,9
11393302,54,2023-10-21,13,8
11742862,54,2023-10-24,16,6
11393301,54,2023-10-22,13,19
11393306,54,2023-10-28,6,21
11393311,54,2023-10-28,10,13
11393308,54,2023-10-28,4,18
11393307,54,2023-10-29,19,5
11393309,54,2023-10-28,13,14
11393310,54,2023-10-29,28,5
11393315,54,2023-10-31,7,8
11393314,54,2023-11-01,24,3
11393312,54,2023-11-01,23,6
11393316,54,2023-11-01,10,15
11393317,54,2023-11-01,16,23
11393313,54,2023-11-01,9,32
11393344,54,2023-11-05,10,16
11393322,54,2023-11-04,3,39
11393320,54,2023-11-04,20,11
11773106,54,2023-11-07,10,11
11393328,54,2023-11-11,8,14
11757890,54,2023-11-08,17,9
11393326,54,2023-11-11,7,9
11393325,54,2023-11-11,11,5
11393327,54,2023-11-12,4,18
11393329,54,2023-11-11,10,8
11393324,54,2023-11-12,21,3
11393331,54,2023-11-25,20,6
11393333,54,2023-11-25,17,10
11393332,54,2023-11-25,19,10
11393335,54,2023-11-25,15,11
11393334,54,2023-11-25,15,13
11393330,54,2023-11-26,5,23
10387724,55,2022-07-30,13,10
10387802,55,2022-08-27,7,5
10387769,55,2022-07-30,9,14
10387761,55,2022-07-30,17,16
10387785,55,2022-07-30,14,8
10387725,55,2022-07-30,7,15
10387749,55,2022-08-05,7,17
10387746,55,2022-08-06,7,10
10387728,55,2022-08-06,7,8
10387748,55,2022-08-06,14,8
10387739,55,2022-08-06,12,4
10387737,55,2022-08-13,11,15
10387798,55,2022-08-12,10,6
10387740,55,2022-08-13,15,4
10387726,55,2022-08-13,5,7
10387757,55,2022-08-19,13,11
10387744,55,2022-08-13,18,6
10387727,55,2022-08-20,6,21
10387735,55,2022-08-20,5,2
10387795,55,2022-08-20,10,13
10387709,55,2022-08-20,6,14
10387747,55,2022-08-27,20,12
10387796,55,2022-08-26,12,10
10387765,55,2022-08-27,11,3
10387774,55,2022-08-27,9,4
10387743,55,2022-09-03,16,14
10387741,55,2022-09-03,5,9
10387762,55,2022-09-03,1,7
10387720,55,2022-09-03,6,8
10387705,55,2022-09-03,11,14
10387631,55,2022-09-17,7,7
10387624,55,2022-09-17,8,8
10387776,55,2022-09-17,15,7
10387621,55,2022-09-17,13,12
10387640,55,2022-10-01,7,11
10387628,55,2022-09-17,11,3
10387644,55,2022-10-01,4,2
10387633,55,2022-10-01,17,14
10387789,55,2022-10-01,14,4
10387648,55,2022-10-01,17,6
10698045,55,2022-10-04,8,9
10387636,55,2022-10-07,15,6
10731913,55,2022-10-04,14,16
10387649,55,2022-10-08,8,3
10387634,55,2022-10-08,5,4
10387635,55,2022-10-08,11,16
10387784,55,2022-10-14,9,11
10387654,55,2022-10-08,13,9
10387657,55,2022-10-15,5,8
10387656,55,2022-10-15,5,4
10387655,55,2022-10-15,13,15
10387652,55,2022-10-15,11,10
10717736,55,2022-10-19,8,12
10698038,55,2022-10-18,7,10
10387658,55,2022-10-22,12,7
10387665,55,2022-10-22,24,6
10387675,55,2022-10-22,3,13
10387662,55,2022-10-22,12,13
10387651,55,2022-10-22,6,10
10698039,55,2022-10-25,11,12
10387661,55,2022-10-28,11,14
10387702,55,2023-01-14,11,8
10387660,55,2022-10-29,9,14
10387663,55,2022-10-28,6,11
10387669,55,2022-10-29,8,6
10387670,55,2022-11-04,13,14
10387778,55,2022-10-29,11,12
10387788,55,2022-11-05,2,10
10387664,55,2022-11-05,18,3
10387674,55,2022-11-05,14,7
10387666,55,2022-11-12,15,6
10387673,55,2022-11-05,9,8
10387803,55,2022-11-11,15,6
10387671,55,2022-11-12,9,10
10387800,55,2022-11-12,9,12
10387678,55,2022-11-12,10,5
10387668,55,2022-11-19,10,9
10387676,55,2022-11-19,10,12
10387698,55,2023-02-18,11,12
10387679,55,2022-11-19,8,7
10387787,55,2022-11-19,20,10
10387687,55,2022-12-03,10,6
10387672,55,2022-11-19,9,11
10387680,55,2022-12-03,12,11
10387780,55,2022-12-03,8,5
10387682,55,2022-12-03,10,13
10387766,55,2023-02-18,8,9
10387790,55,2022-12-03,10,14
14035307,54,2026-04-05,15,17
14035310,54,2026-04-11,7,5
14035304,54,2026-04-05,8,17
14035314,54,2026-04-11,12,12
14035312,54,2026-04-11,14,14
14035311,54,2026-04-11,17,4
14035316,54,2026-04-12,7,20
14035317,54,2026-04-11,13,8
11777616,54,2023-11-28,6,6
11393337,54,2023-12-02,17,11
11393341,54,2023-12-03,5,25
11393339,54,2023-12-02,9,16
11393340,54,2023-12-03,21,4
11393346,54,2023-12-05,13,14
11393336,54,2023-12-03,11,23
11393343,54,2023-12-06,26,6
11393342,54,2023-12-06,18,8
11393347,54,2023-12-06,11,13
11393345,54,2023-12-06,12,22
11393349,54,2023-12-09,20,9
11393351,54,2023-12-09,14,5
11393353,54,2023-12-09,14,4
11393350,54,2023-12-09,15,9
11393348,54,2023-12-09,17,11
11393352,54,2023-12-10,13,16
11393355,54,2023-12-16,22,5
11393378,54,2023-12-16,14,3
11393360,54,2023-12-16,11,8
11393358,54,2023-12-16,10,17
11393357,54,2023-12-16,8,11
11813349,54,2023-12-20,28,2
10387692,55,2022-12-17,13,8
10387686,55,2022-12-17,3,3
10387786,55,2022-12-23,6,9
11027126,55,2023-02-21,11,20
10387690,55,2022-12-23,8,21
10387684,55,2022-12-23,7,9
10387681,55,2022-12-23,16,3
10387689,55,2022-12-23,8,7
10387699,55,2023-01-02,12,16
10387694,55,2023-01-02,5,8
10387703,55,2023-01-02,12,10
10387688,55,2023-01-02,6,13
10387697,55,2023-01-06,4,12
10387745,55,2023-01-07,7,14
10387791,55,2023-01-07,10,4
10387693,55,2023-01-07,5,9
10387792,55,2023-01-14,9,11
10387691,55,2023-01-07,7,4
10387714,55,2023-01-14,5,9
10387701,55,2023-01-14,8,18
10387752,55,2023-01-27,5,12
10387713,55,2023-01-28,13,4
10387781,55,2023-04-11,16,12
10387768,55,2023-01-28,9,4
10387760,55,2023-01-28,6,3
10387723,55,2023-02-03,7,7
10387711,55,2023-01-28,6,13
10387715,55,2023-02-04,5,13
10387707,55,2023-02-04,12,5
10387704,55,2023-02-04,7,9
10387801,55,2023-02-04,12,16
11038437,55,2023-02-11,15,11
11038127,55,2023-02-12,15,2
10387712,55,2023-02-17,7,16
10387767,55,2023-02-17,10,14
10387793,55,2023-02-18,7,6
10387764,55,2023-02-25,7,8
10387732,55,2023-02-24,12,12
10387627,55,2023-04-14,13,5
10387782,55,2023-02-25,9,14
10387733,55,2023-02-25,13,8
11038126,55,2023-02-28,5,8
10387750,55,2023-02-25,10,4
10387751,55,2023-03-03,10,10
10387797,55,2023-03-04,3,9
10387794,55,2023-03-04,10,16
10387759,55,2023-03-04,6,7
10387755,55,2023-03-04,17,7
11061443,55,2023-03-07,11,13
10387777,55,2023-03-10,13,8
10387773,55,2023-03-18,8,3
10387710,55,2023-03-11,6,12
10387708,55,2023-03-17,8,15
14035289,54,2026-02-28,17,7
10387716,55,2023-03-18,18,11
10387721,55,2023-03-18,3,12
10387730,55,2023-03-18,13,5
10387719,55,2023-03-24,11,8
10387736,55,2023-03-24,9,7
11110131,55,2023-03-21,12,11
10387718,55,2023-03-24,9,11
10387734,55,2023-04-01,18,5
10387738,55,2023-03-31,8,13
10387731,55,2023-04-01,18,5
10387742,55,2023-04-01,8,17
14035196,54,2025-11-22,13,16
10387717,55,2023-04-01,11,9
10387706,55,2023-04-04,5,2
10387770,55,2023-04-07,8,6
10387753,55,2023-04-08,11,9
10387799,55,2023-04-08,5,4
10387729,55,2023-04-08,14,4
10387783,55,2023-04-08,5,5
10387696,55,2023-04-11,9,5
11095656,55,2023-04-11,6,5
10387779,55,2023-04-15,7,10
10387637,55,2023-04-15,11,6
10387630,55,2023-04-15,9,11
10387625,55,2023-04-15,10,4
10387772,55,2023-04-18,7,13
10387629,55,2023-04-21,13,9
10387643,55,2023-04-22,6,10
10387623,55,2023-04-22,9,9
10387641,55,2023-04-22,11,19
10387646,55,2023-04-29,15,11
10387647,55,2023-04-22,9,11
10387632,55,2023-04-28,16,2
10387645,55,2023-04-29,12,7
10387642,55,2023-04-29,9,2
10387659,55,2023-05-05,7,17
10387653,55,2023-05-05,8,10
10387775,55,2023-05-05,9,6
10387650,55,2023-05-05,17,8
10387771,55,2023-05-05,3,13
14035141,54,2025-08-02,8,15
14035122,54,2025-08-03,2,15
14035124,54,2025-08-03,14,11
14035120,54,2025-08-03,14,4
14035140,54,2025-08-02,17,15
14035137,54,2025-08-09,9,8
14035125,54,2025-08-09,9,8
14035118,54,2025-08-04,13,11
14035139,54,2025-08-10,6,13
14035119,54,2025-08-10,13,16
14035126,54,2025-08-09,20,7
14035132,54,2025-08-10,12,10
14035123,54,2025-08-23,19,9
14035127,54,2025-08-23,19,6
14035138,54,2025-08-23,12,6
14035128,54,2025-08-30,6,14
14035136,54,2025-08-24,13,13
14035144,54,2025-08-31,4,5
14035133,54,2025-08-31,5,10
14035134,54,2025-08-31,12,19
14035135,54,2025-08-30,15,7
14035129,54,2025-08-31,16,10
14035148,54,2025-09-13,14,12
14035121,54,2025-09-13,16,6
14035146,54,2025-09-13,7,18
14035130,54,2025-09-13,10,13
14035142,54,2025-09-13,27,13
14035172,54,2025-09-20,12,10
14035145,54,2025-09-14,12,21
14608146,54,2025-09-23,15,16
14608157,54,2025-09-23,8,15
14035147,54,2025-09-27,26,4
14035149,54,2025-09-27,18,17
14035150,54,2025-09-27,20,10
14035152,54,2025-09-27,11,10
14035151,54,2025-09-28,9,15
14035154,54,2025-09-27,10,11
14035159,54,2025-10-04,9,7
14035155,54,2025-10-04,19,7
14035158,54,2025-10-04,11,5
14035153,54,2025-10-05,16,5
14035161,54,2025-10-05,16,11
14035156,54,2025-10-05,20,8
14035164,54,2025-10-18,10,16
14035165,54,2025-10-18,29,10
14035160,54,2025-10-18,23,8
14035157,54,2025-10-19,10,23
14035163,54,2025-10-18,15,9
14035162,54,2025-10-18,7,19
14035167,54,2025-10-25,13,23
14035171,54,2025-10-25,11,15
14035177,54,2025-10-26,12,8
14035169,54,2025-10-25,12,13
14035166,54,2025-10-26,16,19
14035168,54,2025-10-29,26,8
14035170,54,2025-10-26,15,8
14035176,54,2025-10-29,7,7
14035173,54,2025-10-29,12,20
14035178,54,2025-10-29,10,9
14035175,54,2025-10-29,14,6
14035179,54,2025-11-01,17,5
14035182,54,2025-11-01,12,9
14035209,54,2025-11-01,10,7
14035187,54,2025-11-08,12,11
14035188,54,2025-11-08,10,15
14035186,54,2025-11-09,10,15
14035184,54,2025-11-09,6,10
14035185,54,2025-11-09,21,3
14035190,54,2025-11-09,11,7
14035194,54,2025-11-22,17,7
14035195,54,2025-11-22,9,9
14035191,54,2025-11-22,13,16
14035192,54,2025-11-22,18,12
14035189,54,2025-11-23,6,17
14035193,54,2025-11-29,8,19
14035200,54,2025-11-29,9,8
14884440,54,2025-11-25,16,2
14035197,54,2025-11-30,9,6
14035198,54,2025-11-29,11,11
14035201,54,2025-11-30,14,5
14035205,54,2025-12-03,17,4
14035199,54,2025-11-30,15,14
14035203,54,2025-12-03,13,32
14035206,54,2025-12-03,18,11
14035202,54,2025-12-03,18,15
14035204,54,2025-12-03,14,7
14035207,54,2025-12-06,15,21
14035214,54,2025-12-06,13,13
14035208,54,2025-12-06,10,8
14035212,54,2025-12-06,14,12
14035211,54,2025-12-06,15,11
14035210,54,2025-12-07,15,8
14035215,54,2025-12-13,9,13
14035233,54,2025-12-13,6,13
14035221,54,2025-12-13,15,6
14035220,54,2025-12-15,19,8
14035213,54,2025-12-14,21,8
14909726,54,2025-12-17,17,18
14035223,54,2025-12-20,12,23
14035227,54,2025-12-20,16,5
14035224,54,2025-12-20,16,4
14035219,54,2025-12-20,15,9
14035222,54,2025-12-21,14,11
14035218,54,2025-12-21,31,10
14035226,54,2025-12-27,12,16
14035231,54,2025-12-27,28,12
14035230,54,2025-12-27,10,23
14035228,54,2025-12-27,14,18
14035240,54,2025-12-30,16,10
14035229,54,2025-12-27,19,11
14035225,54,2025-12-27,13,13
14035235,54,2025-12-30,20,8
14035234,54,2025-12-30,10,21
14035232,54,2025-12-30,26,8
14035238,54,2026-01-03,17,10
14035241,54,2026-01-03,21,9
14035236,54,2025-12-30,11,8
14035243,54,2026-01-03,21,7
14035239,54,2026-01-03,8,14
14035237,54,2026-01-03,22,16
14035242,54,2026-01-03,15,9
14035245,54,2026-01-10,22,3
14884352,54,2026-01-06,22,9
14035247,54,2026-01-10,14,13
14035248,54,2026-01-10,9,11
14035246,54,2026-01-11,17,6
14035249,54,2026-01-10,12,9
15038064,54,2026-01-14,11,7
14035244,54,2026-01-11,7,18
15038075,54,2026-01-14,14,13
15335315,54,2026-01-20,11,11
14035251,54,2026-01-24,17,7
14035254,54,2026-01-24,22,7
14035252,54,2026-01-24,17,10
14035253,54,2026-01-25,14,9
14035255,54,2026-01-25,19,4
14035256,54,2026-01-31,19,8
14035273,54,2026-01-31,10,11
14035257,54,2026-01-31,3,22
14035272,54,2026-01-31,4,14
14035258,54,2026-02-01,17,12
14035260,54,2026-02-04,28,8
14035267,54,2026-02-03,21,5
14035264,54,2026-02-01,10,13
14035265,54,2026-02-04,10,16
14035276,54,2026-02-10,11,5
14035262,54,2026-02-04,21,16
14035259,54,2026-02-11,29,4
14035268,54,2026-02-11,16,15
14035271,54,2026-02-11,19,10
14035269,54,2026-02-11,20,15
14035274,54,2026-02-14,10,14
14035275,54,2026-02-14,13,7
14035270,54,2026-02-14,16,15
14035278,54,2026-02-15,17,25
14035279,54,2026-02-15,19,7
14035277,54,2026-02-15,17,10
14035283,54,2026-02-21,17,8
14035281,54,2026-02-21,11,23
14035282,54,2026-02-21,12,9
14035285,54,2026-02-21,11,17
14035280,54,2026-02-22,21,8
15538758,54,2026-02-24,15,12
14035288,54,2026-02-28,22,5
14035284,54,2026-02-22,5,31
14035286,54,2026-02-28,10,13
14035287,54,2026-02-28,19,6
14035290,54,2026-02-28,10,11
14035291,54,2026-03-01,12,17
15538757,54,2026-03-03,18,9
14035293,54,2026-03-14,13,12
15495671,54,2026-03-04,8,18
15589587,54,2026-03-07,9,21
14035296,54,2026-03-14,22,6
14035295,54,2026-03-14,11,15
14035298,54,2026-03-15,6,18
14035292,54,2026-03-14,9,7
14035294,54,2026-03-15,6,20
14035300,54,2026-03-21,16,8
14035302,54,2026-03-21,6,7
14035297,54,2026-03-21,11,11
14035301,54,2026-03-21,17,10
14035299,54,2026-03-22,19,13
14035303,54,2026-03-21,18,6
14035309,54,2026-04-04,21,14
14035308,54,2026-04-04,11,7
14035306,54,2026-04-04,14,13
14035305,54,2026-04-04,5,11
12477144,54,2024-08-03,19,9
12477148,54,2024-08-03,12,7
12477145,54,2024-08-04,15,14
12477147,54,2024-08-04,9,15
12477140,54,2024-08-05,15,21
12477146,54,2024-08-04,32,5
12477127,54,2024-08-10,19,7
12477119,54,2024-08-10,11,14
12477120,54,2024-08-11,4,19
12477125,54,2024-08-11,11,10
12477122,54,2024-08-10,21,12
12477111,54,2024-08-24,17,4
12477117,54,2024-08-24,13,10
12477124,54,2024-08-11,14,12
12477113,54,2024-08-25,3,21
12477118,54,2024-08-24,3,10
12477116,54,2024-08-25,14,9
12477112,54,2024-08-31,14,14
12477121,54,2024-08-25,12,7
12477108,54,2024-08-31,13,14
12477110,54,2024-08-31,8,9
12477115,54,2024-09-01,14,12
12477107,54,2024-09-01,14,9
12477114,54,2024-09-01,14,12
12477105,54,2024-09-14,18,7
12477104,54,2024-09-14,16,5
12477100,54,2024-09-14,14,11
12477109,54,2024-09-14,11,13
12477103,54,2024-09-14,9,8
12477106,54,2024-09-15,5,11
12477042,54,2024-09-21,11,9
12477043,54,2024-09-21,14,8
12477099,54,2024-09-28,21,13
12477101,54,2024-09-28,14,8
12477102,54,2024-09-28,15,19
12477098,54,2024-09-28,9,15
12477096,54,2024-09-29,18,18
12477097,54,2024-09-28,5,19
12477089,54,2024-10-05,18,11
12477091,54,2024-10-05,10,25
12477094,54,2024-10-05,16,12
12477084,54,2024-10-06,8,24
12477095,54,2024-10-06,11,11
12477092,54,2024-10-06,21,8
12477093,54,2024-10-19,12,5
12477090,54,2024-10-19,32,8
12477086,54,2024-10-19,8,8
12477087,54,2024-10-19,10,15
12477085,54,2024-10-19,17,7
12477088,54,2024-10-20,10,15
12477078,54,2024-10-26,14,9
12477083,54,2024-10-26,12,8
12477082,54,2024-10-26,8,20
12477081,54,2024-10-27,12,11
12477080,54,2024-10-27,9,20
12477079,54,2024-10-27,16,8
12477076,54,2024-10-30,24,3
12477074,54,2024-10-30,18,15
12477073,54,2024-10-30,13,12
12477071,54,2024-10-30,17,5
12477075,54,2024-10-30,20,17
12477077,54,2024-10-30,17,9
12477069,54,2024-11-02,13,13
12477050,54,2024-11-03,15,8
12477001,54,2024-11-03,17,15
12477066,54,2024-11-02,11,7
12477063,54,2024-11-09,12,15
12477061,54,2024-11-09,15,10
12477064,54,2024-11-09,15,9
12477065,54,2024-11-09,18,13
12477060,54,2024-11-10,20,4
12477056,54,2024-11-10,18,10
12477057,54,2024-11-23,10,12
12477055,54,2024-11-23,29,5
12477062,54,2024-11-23,16,8
12477054,54,2024-11-23,16,16
12477058,54,2024-11-23,17,12
12477059,54,2024-11-23,9,13
13055149,54,2024-11-26,21,15
12477052,54,2024-11-30,25,2
12477051,54,2024-11-30,7,17
12477048,54,2024-11-30,20,10
12477053,54,2024-11-30,15,10
12477045,54,2024-12-01,4,17
12477047,54,2024-12-01,16,8
12477044,54,2024-12-04,28,1
12477046,54,2024-12-04,9,24
12477041,54,2024-12-07,21,14
12477049,54,2024-12-04,8,15
12477040,54,2024-12-07,7,6
12477039,54,2024-12-07,19,6
12477038,54,2024-12-07,11,9
12477033,54,2024-12-14,19,13
12477036,54,2024-12-07,20,14
12477030,54,2024-12-14,9,8
12477037,54,2024-12-08,9,19
12477031,54,2024-12-14,12,16
12477034,54,2024-12-15,7,14
12477026,54,2024-12-20,4,13
12477025,54,2024-12-21,21,5
12477023,54,2024-12-21,13,14
12477029,54,2024-12-21,15,7
12477028,54,2024-12-22,2,17
12477027,54,2024-12-22,11,8
12477024,54,2024-12-26,15,12
12477022,54,2024-12-26,23,2
12477019,54,2024-12-26,24,7
12477018,54,2024-12-26,11,13
12477020,54,2024-12-26,9,21
12477017,54,2024-12-29,30,1
12477015,54,2024-12-29,8,24
12477021,54,2024-12-26,7,21
12477014,54,2024-12-29,7,5
12477013,54,2024-12-29,14,10
12477011,54,2024-12-29,14,8
12477016,54,2024-12-29,19,9
12477005,54,2025-01-02,24,4
12477012,54,2025-01-02,20,9
12477007,54,2025-01-02,5,18
12477010,54,2025-01-02,18,6
12477008,54,2025-01-02,14,8
12477003,54,2025-01-05,12,17
12477002,54,2025-01-05,11,12
12477006,54,2025-01-02,13,15
12476999,54,2025-01-05,11,6
12476995,54,2025-01-05,26,11
12477009,54,2025-01-05,7,15
11393448,54,2024-04-13,8,9
12477004,54,2025-01-05,11,9
13055147,54,2025-01-08,19,5
13055148,54,2025-01-09,12,13
13055152,54,2025-01-08,18,7
12476997,54,2025-01-11,6,27
12477000,54,2025-01-11,8,4
12476993,54,2025-01-11,17,16
13096013,54,2025-01-14,10,12
12476998,54,2025-01-12,8,9
12476996,54,2025-01-12,22,8
12477032,54,2025-01-15,29,6
12476989,54,2025-01-25,10,15
12476994,54,2025-01-25,15,6
12476991,54,2025-01-26,13,25
12476988,54,2025-01-25,5,13
12476987,54,2025-01-25,15,10
12476985,54,2025-02-01,8,7
12476984,54,2025-02-01,7,16
12476980,54,2025-02-01,9,6
12476986,54,2025-02-01,11,15
12476983,54,2025-02-02,28,2
12476982,54,2025-02-02,2,18
11813346,54,2023-12-20,11,11
11393361,54,2023-12-23,22,0
11393363,54,2023-12-23,12,11
11393364,54,2023-12-23,14,9
11393365,54,2023-12-24,7,14
11393371,54,2023-12-27,11,12
11393369,54,2023-12-27,14,4
11393368,54,2023-12-26,5,38
11393372,54,2023-12-27,16,10
11393373,54,2023-12-30,12,14
11393375,54,2023-12-30,20,14
11393374,54,2023-12-30,19,10
11393382,54,2024-01-02,18,6
11393386,54,2024-01-27,15,16
11393387,54,2024-01-27,12,15
11393385,54,2024-01-27,17,7
11393388,54,2024-01-27,15,7
11393389,54,2024-01-27,7,11
11393338,54,2024-01-30,13,10
11945153,54,2024-01-30,10,9
11393391,54,2024-02-03,7,22
11393392,54,2024-02-03,14,18
11393395,54,2024-02-03,32,0
11393393,54,2024-02-03,6,13
11393394,54,2024-02-03,11,3
11393396,54,2024-02-03,12,8
11393399,54,2024-02-06,17,12
11393400,54,2024-02-06,23,9
11393401,54,2024-02-07,10,9
11393398,54,2024-02-07,12,11
11393397,54,2024-02-07,12,8
11393402,54,2024-02-07,19,4
11945130,54,2024-02-14,14,11
11945128,54,2024-02-14,43,5
11945112,54,2024-02-11,26,15
11393404,54,2024-02-17,15,13
11393403,54,2024-02-17,22,7
11393406,54,2024-02-17,22,10
11393407,54,2024-02-17,6,21
11393412,54,2024-02-24,17,11
11393405,54,2024-02-17,14,17
11393408,54,2024-02-18,4,15
11393410,54,2024-02-24,20,10
11393409,54,2024-02-24,16,8
11393414,54,2024-02-24,15,5
11393413,54,2024-02-24,13,18
11393411,54,2024-02-25,10,18
11393420,54,2024-02-27,6,9
11393416,54,2024-02-28,17,9
11393418,54,2024-02-28,10,14
11393419,54,2024-02-28,14,15
11393417,54,2024-02-28,14,21
11393415,54,2024-02-28,17,8
11393423,54,2024-03-02,14,4
11393424,54,2024-03-02,31,15
11393426,54,2024-03-02,14,9
11393421,54,2024-03-02,14,9
11393422,54,2024-03-03,14,17
11393425,54,2024-03-02,10,8
11945131,54,2024-03-13,18,10
11393432,54,2024-03-16,11,21
11945129,54,2024-03-13,6,11
11393427,54,2024-03-16,23,6
11393429,54,2024-03-16,14,9
11393430,54,2024-03-16,13,7
11393431,54,2024-03-16,14,14
11393437,54,2024-03-30,24,6
11393433,54,2024-03-30,10,10
11393436,54,2024-03-30,16,17
11393434,54,2024-03-30,16,12
11393438,54,2024-03-30,15,10
11393444,54,2024-04-06,6,10
11393442,54,2024-04-06,9,5
11393435,54,2024-03-31,5,21
11393440,54,2024-04-06,13,6
11393439,54,2024-04-06,6,20
11393441,54,2024-04-06,14,10
11393443,54,2024-04-07,12,14
11393446,54,2024-04-13,18,2
11393447,54,2024-04-13,13,8
11393445,54,2024-04-13,12,18
11393449,54,2024-04-14,13,29
12240686,54,2024-04-17,7,17
11393450,54,2024-04-13,11,17
10387431,54,2022-08-28,27,9
10387376,54,2022-07-30,5,21
10387374,54,2022-07-30,15,12
10387375,54,2022-07-30,18,7
10387373,54,2022-07-30,4,14
10387371,54,2022-07-31,19,9
10387372,54,2022-07-31,21,5
10387402,54,2022-08-06,18,4
10387418,54,2022-08-06,5,23
10387403,54,2022-08-06,12,10
10387406,54,2022-08-06,23,6
10387396,54,2022-08-07,12,12
10387405,54,2022-08-13,24,4
10387422,54,2022-08-13,14,19
10387399,54,2022-08-07,10,11
10387419,54,2022-08-13,8,5
10387408,54,2022-08-13,12,23
10387421,54,2022-08-14,12,20
10387424,54,2022-08-14,13,10
10387439,54,2022-08-20,8,14
10387430,54,2022-08-20,7,15
10387434,54,2022-08-20,14,9
10387429,54,2022-08-20,13,12
10387410,54,2022-08-21,15,4
10387446,54,2022-08-27,32,4
10387438,54,2022-08-20,13,5
10387450,54,2022-08-27,14,14
10387423,54,2022-08-27,20,7
10387448,54,2022-08-27,21,10
10387427,54,2022-08-28,6,30
10387452,54,2022-09-03,15,11
10387444,54,2022-09-03,11,11
10644599,54,2022-09-03,25,7
10387440,54,2022-09-03,12,6
10387468,54,2022-09-03,9,10
10387443,54,2022-09-03,21,11
10387466,54,2022-09-17,16,10
10387487,54,2022-09-17,9,3
10387481,54,2022-09-17,25,5
10387461,54,2022-09-17,15,9
10387477,54,2022-09-18,4,19
10387570,54,2022-10-01,7,20
10387526,54,2022-10-01,17,7
10387532,54,2022-10-01,16,7
10387560,54,2022-09-18,25,10
10387486,54,2022-10-01,9,24
10387529,54,2022-10-01,19,12
10698044,54,2022-10-04,9,11
10387554,54,2022-10-01,8,10
10717734,54,2022-10-05,11,15
10387533,54,2022-10-08,8,11
10387521,54,2022-10-08,19,9
10387474,54,2022-10-08,14,9
10387493,54,2022-10-08,22,5
10387559,54,2022-10-08,14,14
10387494,54,2022-10-09,14,11
10387482,54,2022-10-15,20,9
10698043,54,2022-10-11,9,18
10387565,54,2022-10-15,6,14
10387535,54,2022-10-15,14,14
10387556,54,2022-10-16,5,7
10387558,54,2022-10-15,14,10
10387550,54,2022-10-21,15,7
10387507,54,2022-10-22,15,11
10387542,54,2022-10-16,16,13
10387483,54,2022-10-22,24,5
10387527,54,2022-10-22,15,10
10387525,54,2022-10-22,12,7
10387515,54,2022-10-29,16,11
10387470,54,2022-10-22,11,10
10387568,54,2022-10-29,36,5
10387549,54,2022-10-29,10,9
10387475,54,2022-10-29,8,7
10387520,54,2022-10-30,4,17
10387530,54,2022-11-04,7,17
10387540,54,2022-10-30,15,11
10387506,54,2022-11-04,13,10
10387546,54,2022-11-05,10,11
10387543,54,2022-11-06,11,29
10387503,54,2022-11-05,24,6
10387511,54,2022-11-06,15,18
10387539,54,2022-11-08,8,24
10387537,54,2022-11-08,21,6
10387534,54,2022-11-09,7,16
10387500,54,2022-11-09,17,7
10387566,54,2022-11-09,7,16
10387501,54,2022-11-09,11,8
10387509,54,2022-11-12,10,14
10387496,54,2022-11-12,22,2
10387512,54,2022-11-12,6,15
10387567,54,2022-11-12,10,12
10387562,54,2022-11-12,16,18
10387513,54,2022-11-12,9,6
10387490,54,2022-12-15,22,8
10387502,54,2022-12-17,2,33
10387504,54,2022-12-17,13,14
10387563,54,2022-12-17,3,21
10746682,54,2022-12-20,8,14
10387544,54,2022-12-23,6,17
10746681,54,2022-12-21,23,3
10387541,54,2022-12-23,15,3
10387547,54,2022-12-24,20,7
10387489,54,2022-12-24,16,11
10387561,54,2022-12-24,27,8
10387569,54,2022-12-24,11,14
10387495,54,2022-12-28,17,9
10387387,54,2022-12-28,15,16
10387564,54,2022-12-28,19,5
10387499,54,2022-12-28,12,8
10387510,54,2022-12-28,8,16
10387497,54,2022-12-28,6,20
10387386,54,2023-01-02,9,14
10387381,54,2023-01-02,15,8
10387383,54,2023-01-02,24,7
10387385,54,2023-01-02,8,10
10387382,54,2023-01-02,11,16
10387388,54,2023-01-07,13,10
10387393,54,2023-01-07,24,2
10387389,54,2023-01-02,12,6
10387380,54,2023-01-07,16,10
10387394,54,2023-01-07,10,12
10387397,54,2023-01-08,13,10
10387391,54,2023-01-08,6,20
10703649,54,2023-01-13,12,19
10387392,54,2023-01-14,16,12
10387407,54,2023-01-14,11,12
10387409,54,2023-01-14,15,11
10387390,54,2023-01-18,17,9
10387384,54,2023-01-18,13,9
10387404,54,2023-01-18,10,13
10387401,54,2023-01-28,20,4
10387398,54,2023-01-28,12,11
10387400,54,2023-01-28,10,18
10387415,54,2023-01-28,9,8
10387414,54,2023-01-31,11,12
10387395,54,2023-01-29,5,8
10387426,54,2023-02-01,15,6
10387420,54,2023-02-01,6,20
10387416,54,2023-02-01,27,7
10387413,54,2023-02-01,6,22
10387411,54,2023-02-01,5,12
10387437,54,2023-02-04,26,11
10387433,54,2023-02-04,18,10
10387417,54,2023-02-04,12,4
10387425,54,2023-02-04,8,9
10387436,54,2023-02-05,6,12
10962799,54,2023-02-15,7,10
10387524,54,2023-02-04,12,9
10387442,54,2023-02-18,6,13
10387428,54,2023-02-18,20,5
10387432,54,2023-02-18,20,9
10387435,54,2023-02-18,19,9
10387453,54,2023-02-18,20,10
10387456,54,2023-02-19,13,13
10387449,54,2023-02-25,22,9
10387538,54,2023-02-25,12,6
10387441,54,2023-02-25,8,13
10387467,54,2023-02-25,7,21
10387451,54,2023-03-04,21,3
10387469,54,2023-03-04,9,12
10387462,54,2023-03-04,12,15
10387457,54,2023-03-04,17,13
10387536,54,2023-03-04,24,9
10387454,54,2023-03-05,1,16
10387531,54,2023-03-08,4,31
11010438,54,2023-03-08,17,6
10387464,54,2023-03-18,3,28
10387447,54,2023-03-08,11,5
10387473,54,2023-03-18,35,3
10387463,54,2023-03-18,22,8
10387478,54,2023-03-18,11,16
10387491,54,2023-03-18,14,9
10387552,54,2023-03-18,13,11
10387471,54,2023-04-01,28,9
10387479,54,2023-04-01,17,10
10387518,54,2023-04-01,11,17
10387553,54,2023-04-01,14,12
10387571,54,2023-04-08,9,8
10387492,54,2023-04-01,15,13
10387519,54,2023-04-02,8,28
10387498,54,2023-04-08,13,16
10387480,54,2023-04-08,16,15
10387484,54,2023-04-08,16,13
10387488,54,2023-04-08,11,11
10387476,54,2023-04-09,10,15
10387523,54,2023-04-14,14,11
10387557,54,2023-04-15,11,11
10387551,54,2023-04-15,23,5
10387522,54,2023-04-15,22,10
10387548,54,2023-04-15,12,11
10387545,54,2023-04-16,14,16
10387555,54,2023-04-22,30,7
10387508,54,2023-04-22,16,6
10387505,54,2023-04-22,7,8
10387517,54,2023-04-22,6,16
10387528,54,2023-04-22,14,6
10387485,54,2023-04-23,11,20
9574281,54,2021-10-27,7,14
9574199,54,2021-10-27,8,23
9574114,54,2021-10-27,9,15
9574327,54,2021-10-30,17,5
9574072,54,2021-10-30,16,2
9574120,54,2021-10-30,16,8
9574198,54,2021-10-30,19,6
9574301,54,2021-11-06,22,12
9573812,54,2021-07-31,4,10
9573900,54,2021-07-31,11,14
9574140,54,2021-07-31,18,2
9573821,54,2021-07-31,11,19
9573901,54,2021-08-01,7,5
9573827,54,2021-08-01,9,14
9573818,54,2021-08-07,9,14
9574012,54,2021-08-07,10,11
9573823,54,2021-08-08,31,3
9573813,54,2021-08-08,18,8
9573829,54,2021-08-08,13,10
9573822,54,2021-08-08,12,11
9574136,54,2021-08-21,37,3
9573877,54,2021-08-21,13,15
9573903,54,2021-08-22,11,15
9573855,54,2021-08-22,15,9
9574123,54,2021-08-22,7,6
9574201,54,2021-08-22,9,22
9573862,54,2021-08-28,8,11
9573879,54,2021-08-28,15,7
9573860,54,2021-08-28,4,15
9573873,54,2021-08-29,23,8
9574150,54,2021-08-29,15,10
9573853,54,2021-08-29,10,15
9573866,54,2021-09-11,5,10
9573884,54,2021-09-11,6,20
9574211,54,2021-09-11,21,5
9573898,54,2021-09-11,21,12
9573861,54,2021-09-11,15,9
9574206,54,2021-09-12,16,14
9573894,54,2021-09-18,11,9
9574193,54,2021-09-18,17,12
9574241,54,2021-09-19,24,5
9574259,54,2021-09-18,9,17
9573864,54,2021-09-19,16,10
9574127,54,2021-09-19,7,16
9573854,54,2021-09-25,14,19
9573890,54,2021-09-26,13,13
9573869,54,2021-09-25,14,3
9573851,54,2021-09-25,12,18
9573885,54,2021-09-26,23,12
9573845,54,2021-09-26,16,6
9573874,54,2021-10-02,10,20
9573886,54,2021-10-02,13,13
9573852,54,2021-10-02,11,8
9573872,54,2021-10-03,20,4
9574210,54,2021-10-02,13,7
9573892,54,2021-10-03,11,7
9574229,54,2021-10-16,27,5
9574112,54,2021-10-16,5,18
9574103,54,2021-10-16,8,9
9574079,54,2021-10-16,16,11
9574108,54,2021-10-16,20,15
9574168,54,2021-10-16,9,17
9574069,54,2021-10-23,21,6
9574209,54,2021-10-23,20,4
9574227,54,2021-10-23,6,5
9573837,54,2021-10-23,10,11
9574113,54,2021-10-23,12,6
9574213,54,2021-10-24,4,19
9573842,54,2021-10-27,9,18
9574185,54,2021-10-27,18,6
9574093,54,2021-11-06,18,2
9574249,54,2021-10-31,3,30
9573859,54,2021-11-06,6,14
9573850,54,2021-11-07,5,24
9574086,54,2021-11-07,20,5
9573902,54,2021-11-20,20,6
9574088,54,2021-11-20,7,12
9574178,54,2021-11-20,11,9
9935158,54,2021-11-24,10,6
9574096,54,2021-11-27,2,20
9574092,54,2021-11-27,9,8
9574230,54,2021-11-27,16,18
9574089,54,2021-11-27,12,10
9574153,54,2021-11-28,20,4
9574091,54,2021-11-28,7,19
9574218,54,2021-11-30,20,7
9574347,54,2021-12-01,18,2
9574179,54,2021-12-01,4,14
9574068,54,2021-12-01,20,10
9574207,54,2021-12-02,25,9
9574237,54,2021-12-01,27,12
9574073,54,2021-12-04,24,13
9573840,54,2021-12-04,26,5
9574065,54,2021-12-04,17,12
9574084,54,2021-12-05,14,11
9935157,54,2021-12-08,10,16
9574095,54,2021-12-05,6,24
9574523,54,2021-12-11,8,14
9574336,54,2021-12-11,7,10
9573933,54,2021-12-11,16,9
9573936,54,2021-12-11,7,14
9574300,54,2021-12-12,16,12
9574386,54,2021-12-12,26,9
9574099,54,2021-12-14,11,4
9574066,54,2021-12-15,7,25
9573895,54,2021-12-15,27,5
9573935,54,2021-12-18,4,13
9574459,54,2021-12-18,16,5
9574504,54,2021-12-18,14,13
9574485,54,2021-12-22,4,30
9573915,54,2021-12-18,7,9
9574512,54,2021-12-22,6,10
9574284,54,2021-12-26,5,25
9574379,54,2021-12-26,25,1
10013647,54,2021-12-22,9,20
9573765,54,2021-12-26,19,2
9573768,54,2021-12-26,11,7
9573910,54,2021-12-26,17,13
9574496,54,2021-12-26,8,19
10035829,54,2022-01-17,21,5
10035827,54,2022-01-18,16,14
10035825,54,2022-01-18,15,7
10035826,54,2022-01-18,5,13
10041722,54,2022-01-18,16,11
10035828,54,2022-01-18,13,9
9573905,54,2022-01-25,4,11
9573940,54,2022-01-26,18,6
9573907,54,2022-01-26,8,20
9574276,54,2022-01-26,9,4
9574449,54,2022-01-26,9,10
9574474,54,2022-01-26,24,15
9573764,54,2022-01-29,21,7
9574471,54,2022-01-29,6,25
9574482,54,2022-01-29,11,8
9573758,54,2022-01-29,11,19
10054069,54,2022-02-01,11,12
10035835,54,2022-02-01,13,11
10035834,54,2022-02-01,5,19
10035833,54,2022-02-01,8,15
10035837,54,2022-02-01,13,10
9573917,54,2022-02-05,8,14
10035836,54,2022-02-02,11,9
9573927,54,2022-02-05,17,9
9574479,54,2022-02-05,11,10
9574464,54,2022-02-06,7,18
9574414,54,2022-02-06,22,9
9573767,54,2022-02-05,7,14
9574489,54,2022-02-09,18,12
9574257,54,2022-02-09,8,12
9574410,54,2022-02-09,8,17
9573921,54,2022-02-09,17,12
9574309,54,2022-02-09,9,17
9574415,54,2022-02-09,12,10
9574522,54,2022-02-19,14,13
10116344,54,2022-02-15,20,7
9573909,54,2022-02-19,20,6
9574298,54,2022-02-19,15,4
9574452,54,2022-02-20,5,30
9574511,54,2022-02-19,14,4
9574374,54,2022-02-26,13,6
9574344,54,2022-02-20,19,4
9574545,54,2022-02-26,5,20
9573937,54,2022-02-26,9,17
9574304,54,2022-02-26,7,15
9573763,54,2022-02-27,2,13
9573930,54,2022-02-27,28,5
9573934,54,2022-03-02,21,4
9574453,54,2022-03-02,3,12
9574248,54,2022-03-02,13,7
9574425,54,2022-03-02,5,12
9574465,54,2022-03-02,17,6
9574420,54,2022-03-02,21,8
9573754,54,2022-03-05,20,2
9573762,54,2022-03-05,8,14
9574454,54,2022-03-05,13,5
9573755,54,2022-03-05,7,8
9574541,54,2022-03-05,16,11
9573752,54,2022-03-06,6,24
10160954,54,2022-03-09,7,12
9573760,54,2022-03-19,24,3
9573759,54,2022-03-19,14,7
9574369,54,2022-03-19,10,14
9573751,54,2022-03-19,14,6
9573753,54,2022-03-20,3,19
9573766,54,2022-03-19,8,7
9573814,54,2022-04-02,18,19
9574013,54,2022-04-02,13,21
9573805,54,2022-04-02,21,6
9573804,54,2022-04-02,6,11
9573997,54,2022-04-02,13,10
9573976,54,2022-04-03,15,11
9573973,54,2022-04-09,23,1
9573948,54,2022-04-09,15,9
9573807,54,2022-04-09,15,4
9573950,54,2022-04-09,11,13
9573806,54,2022-04-10,7,22
9573980,54,2022-04-09,12,6
8736260,54,2021-02-03,9,5
8736281,54,2021-02-06,14,17
8736274,54,2021-02-06,22,7
8736270,54,2021-02-06,10,11
8736293,54,2021-02-06,7,15
8736259,54,2021-02-06,14,12
8736262,54,2021-02-07,12,15
8736246,54,2021-02-10,18,11
8736256,54,2021-02-13,13,2
8736252,54,2021-02-10,14,19
8736273,54,2021-02-13,11,13
8736156,54,2021-01-02,10,13
8736162,54,2021-01-02,18,9
8736200,54,2021-01-02,5,12
8736138,54,2021-01-02,8,10
8736168,54,2021-01-02,9,8
8736198,54,2021-01-02,10,14
8736289,54,2021-01-10,4,17
8736286,54,2021-01-09,18,6
8736261,54,2021-01-09,16,11
8736296,54,2021-01-10,12,6
8736264,54,2021-01-11,10,16
8736317,54,2021-01-16,7,15
9274711,54,2021-01-12,6,23
8736315,54,2021-01-16,6,7
8736276,54,2021-01-16,9,15
8736312,54,2021-01-16,11,6
8736313,54,2021-01-17,5,16
8736342,54,2021-01-23,28,7
9242026,54,2021-01-20,6,18
8736253,54,2021-01-16,8,5
8736272,54,2021-01-27,8,16
8736284,54,2021-01-27,12,19
8736278,54,2021-01-23,26,6
8736285,54,2021-01-27,8,11
8736263,54,2021-01-27,24,4
8736297,54,2021-01-27,11,12
8736291,54,2021-01-27,12,5
8736292,54,2021-01-30,10,12
9264468,54,2021-01-30,19,11
9298784,54,2021-01-30,6,9
8736254,54,2021-02-02,4,11
8736282,54,2021-02-02,8,7
8736295,54,2021-01-30,13,14
8736316,54,2021-02-02,12,12
8736290,54,2021-02-03,7,16
8736266,54,2021-02-03,13,15
8736314,54,2021-02-13,9,7
8736267,54,2021-02-13,11,15
9264416,54,2021-02-17,12,10
8736287,54,2021-02-14,6,10
8736279,54,2021-02-20,10,8
8736245,54,2021-02-20,17,8
9336617,54,2021-02-17,16,12
8736243,54,2021-02-20,1,22
8736244,54,2021-02-21,22,7
8736343,54,2021-02-20,15,7
8736268,54,2021-02-27,12,9
9325883,54,2021-02-24,7,14
8736239,54,2021-02-21,6,20
8736271,54,2021-02-27,13,12
8736283,54,2021-02-27,16,12
8736269,54,2021-02-27,13,11
8736247,54,2021-03-06,10,5
8736294,54,2021-03-03,12,17
8736265,54,2021-03-03,7,11
8736275,54,2021-03-06,6,13
8736241,54,2021-03-06,14,10
8736249,54,2021-03-06,12,12
8736280,54,2021-03-06,15,10
8736250,54,2021-03-07,9,27
9362010,54,2021-03-13,9,4
9362012,54,2021-03-13,9,14
8736255,54,2021-03-20,7,10
8736240,54,2021-03-20,22,2
8736251,54,2021-03-20,12,12
9361997,54,2021-03-20,13,9
8736238,54,2021-03-20,8,17
8736248,54,2021-03-21,16,9
14035327,55,2025-08-08,7,18
14035362,55,2025-09-13,7,11
14035315,55,2025-08-01,11,3
14035324,55,2025-08-02,7,11
14035321,55,2025-08-02,20,3
14035319,55,2025-08-02,12,3
14035318,55,2025-08-09,8,9
14035320,55,2025-08-02,7,12
14035322,55,2025-08-09,8,8
14035326,55,2025-08-22,9,11
14035328,55,2025-08-09,15,6
14035323,55,2025-08-09,8,6
14035330,55,2025-08-23,16,19
14035331,55,2025-08-23,19,3
14035329,55,2025-08-23,10,15
14035325,55,2025-08-23,5,6
14035352,55,2025-09-27,13,4
14035334,55,2025-08-30,8,9
14035336,55,2025-08-30,22,3
14035332,55,2025-08-30,10,3
14035333,55,2025-08-30,14,4
14035335,55,2025-08-30,10,8
14035340,55,2025-09-06,13,10
14035344,55,2025-09-12,9,7
14035341,55,2025-09-06,7,9
14035342,55,2025-09-13,11,8
14035345,55,2025-09-13,9,12
14035343,55,2025-09-13,7,11
14035349,55,2025-09-19,11,10
14035350,55,2025-09-20,13,9
14035346,55,2025-09-20,9,9
14035347,55,2025-09-20,7,8
14035354,55,2025-09-27,10,4
14568910,55,2025-09-23,6,17
14035351,55,2025-09-27,16,9
14568913,55,2025-09-23,7,8
14035353,55,2025-09-27,6,6
14588315,55,2025-09-30,6,7
14035355,55,2025-09-27,4,11
14035361,55,2025-10-04,5,4
14035359,55,2025-10-04,16,9
14035358,55,2025-10-04,11,14
14035357,55,2025-10-04,11,7
14035356,55,2025-10-04,5,3
14035367,55,2025-10-11,12,4
14035366,55,2025-10-11,8,10
14035363,55,2025-10-11,6,26
14035368,55,2025-10-17,11,6
14035364,55,2025-10-11,10,4
14035369,55,2025-10-18,7,9
14035365,55,2025-10-18,6,13
14035370,55,2025-10-18,15,7
14035371,55,2025-10-18,5,13
14832279,55,2025-10-21,2,8
14035374,55,2025-10-25,5,15
14035375,55,2025-10-25,12,6
14035428,55,2025-10-21,7,3
14035376,55,2025-10-25,7,10
14035372,55,2025-10-25,1,23
14035373,55,2025-10-25,6,10
14035381,55,2025-11-01,17,3
14035379,55,2025-10-31,12,7
14035378,55,2025-11-01,24,5
14035377,55,2025-11-01,14,17
14035380,55,2025-11-01,5,10
14035383,55,2025-11-07,12,7
14035385,55,2025-11-08,11,14
14035384,55,2025-11-08,9,12
14035382,55,2025-11-08,4,13
14035386,55,2025-11-08,6,13
14035389,55,2025-11-15,10,5
14035392,55,2025-11-15,14,6
14035387,55,2025-11-15,10,7
14035396,55,2025-11-22,9,15
14035390,55,2025-11-15,15,12
14035391,55,2025-11-22,9,6
14035394,55,2025-11-22,8,6
15006158,55,2025-11-25,13,9
14035398,55,2025-12-05,18,5
14035393,55,2025-11-22,8,6
14035399,55,2025-12-06,21,4
14035397,55,2025-12-06,9,15
14035395,55,2025-12-06,7,15
14035405,55,2025-12-12,5,17
14035400,55,2025-12-06,17,12
14035404,55,2025-12-13,15,12
14035402,55,2025-12-13,14,10
14035403,55,2025-12-13,7,11
14035407,55,2025-12-13,17,11
14035412,55,2025-12-20,11,9
14035410,55,2025-12-20,10,3
14035409,55,2025-12-20,13,8
14035406,55,2025-12-20,14,9
14035408,55,2025-12-20,15,9
14035420,55,2025-12-27,7,17
14035413,55,2025-12-27,17,15
14035414,55,2025-12-27,10,16
14035419,55,2025-12-27,9,8
14035411,55,2025-12-27,11,11
14035416,55,2026-01-03,17,3
14035422,55,2026-01-03,18,6
14035427,55,2026-01-09,8,14
14035417,55,2026-01-03,9,11
14035421,55,2026-01-10,15,12
14035425,55,2026-01-10,8,10
14684289,55,2026-01-24,12,10
14035429,55,2026-01-23,15,7
14035430,55,2026-01-24,9,7
14035426,55,2026-01-24,2,7
14035431,55,2026-01-24,14,9
14035432,55,2026-01-31,5,15
14035436,55,2026-01-30,19,10
14035434,55,2026-01-31,12,10
14035433,55,2026-01-31,13,8
14035435,55,2026-01-31,5,11
15253795,55,2026-02-03,7,11
14035441,55,2026-02-14,9,12
14035440,55,2026-02-14,7,4
14035437,55,2026-02-13,15,7
15416607,55,2026-02-17,13,7
14035447,55,2026-02-20,6,14
14035442,55,2026-02-21,7,2
14035444,55,2026-02-21,19,8
14035443,55,2026-02-21,10,7
15573447,55,2026-02-24,6,11
15578545,55,2026-02-24,6,9
14035445,55,2026-02-21,15,8
14035449,55,2026-02-28,9,4
14035446,55,2026-02-28,6,7
14035448,55,2026-02-28,14,6
14035450,55,2026-02-28,10,14
15416459,55,2026-03-03,9,3
15573411,55,2026-03-03,5,6
14035453,55,2026-03-07,9,21
14035451,55,2026-02-28,18,12
14035458,55,2026-03-07,7,10
14035474,55,2026-04-04,4,8
14035454,55,2026-03-07,7,7
14035472,55,2026-04-04,12,7
15573438,55,2026-03-10,10,6
14035457,55,2026-03-13,14,17
14035456,55,2026-03-14,6,3
14035455,55,2026-03-14,11,5
14035465,55,2026-03-14,6,17
14035459,55,2026-03-14,9,14
14035462,55,2026-03-21,12,6
14035464,55,2026-03-20,6,14
14035463,55,2026-03-21,9,5
14035469,55,2026-03-21,16,8
14035461,55,2026-03-21,3,7
15674531,55,2026-03-24,10,8
14035470,55,2026-03-27,10,6
14035467,55,2026-03-28,9,14
14035468,55,2026-03-27,9,7
14035471,55,2026-03-28,13,3
14035476,55,2026-04-04,16,8
14035473,55,2026-04-04,10,8
14035481,55,2026-04-11,13,0
15680572,55,2026-04-07,2,8
14035479,55,2026-04-10,6,3
14035478,55,2026-04-11,12,5
14035477,55,2026-04-11,12,3
14035480,55,2026-04-11,16,7
15791194,55,2026-04-14,8,5
15680578,55,2026-04-14,3,18
14031884,55,2026-04-18,12,8
14031881,55,2026-04-18,14,10
14031882,55,2026-04-18,24,7
14031883,55,2026-04-18,6,5
15791191,55,2026-04-21,3,10
14031885,55,2026-04-25,10,3
14031893,55,2026-04-24,19,8
14031899,55,2026-04-25,9,4
14031890,55,2026-04-25,5,12
14031891,55,2026-04-25,11,8
12476884,55,2024-12-21,15,7
12477141,55,2024-08-02,10,8
12477137,55,2024-08-03,15,11
12477142,55,2024-08-03,12,4
12476942,55,2024-08-09,13,15
12477136,55,2024-08-03,6,8
12477138,55,2024-08-03,9,13
12476943,55,2024-08-10,6,10
12476944,55,2024-08-10,9,7
12476945,55,2024-08-09,23,5
12476940,55,2024-08-10,8,8
12473119,55,2024-08-17,14,8
12476937,55,2024-08-24,21,7
12476939,55,2024-08-24,13,4
12476936,55,2024-08-24,14,2
12476941,55,2024-08-24,11,11
12476930,55,2024-08-31,10,5
12476938,55,2024-08-24,5,5
12476934,55,2024-08-31,10,4
12476933,55,2024-08-31,11,10
12476932,55,2024-08-31,5,9
12476935,55,2024-08-31,11,13
12476928,55,2024-09-13,13,3
12476927,55,2024-09-14,13,1
12476931,55,2024-09-14,11,22
12476926,55,2024-09-14,14,5
12476929,55,2024-09-14,10,7
12476922,55,2024-09-21,7,13
12476923,55,2024-09-21,8,5
12476921,55,2024-09-21,11,5
12476924,55,2024-09-21,16,3
12473125,55,2024-10-29,6,5
12476918,55,2024-09-28,9,3
12476916,55,2024-09-28,4,4
12476917,55,2024-09-28,8,9
12476919,55,2024-09-28,14,6
12476920,55,2024-09-28,12,4
12473122,55,2024-10-29,13,9
12473103,55,2024-10-05,17,11
12473106,55,2024-10-05,12,9
12473104,55,2024-10-05,13,6
12476905,55,2024-11-09,11,19
12473105,55,2024-10-05,9,10
12473102,55,2024-10-05,12,10
12476902,55,2024-11-16,7,6
12874628,55,2024-10-08,10,3
12473123,55,2024-10-12,7,20
12473113,55,2024-10-18,7,13
12473114,55,2024-10-19,19,5
12473115,55,2024-10-19,11,4
12473112,55,2024-10-19,11,3
12473111,55,2024-10-19,12,7
12473121,55,2024-10-26,8,10
12473118,55,2024-10-26,12,8
12473116,55,2024-10-26,7,6
12473117,55,2024-10-26,9,8
12473124,55,2024-10-26,9,5
12473120,55,2024-10-29,15,6
12476909,55,2024-11-01,12,3
12476913,55,2024-11-02,13,7
12476912,55,2024-11-02,9,6
12476914,55,2024-11-02,19,3
12476915,55,2024-11-02,18,19
12476911,55,2024-11-09,22,9
12476908,55,2024-11-08,7,8
12476907,55,2024-11-09,10,12
12476910,55,2024-11-09,9,12
12476906,55,2024-11-16,10,8
12476903,55,2024-11-16,19,7
12476901,55,2024-11-16,12,5
12476904,55,2024-11-16,9,7
12476849,55,2025-02-22,10,3
12476895,55,2024-11-22,5,22
12476837,55,2025-02-25,10,6
12476897,55,2024-12-07,13,2
12476898,55,2024-11-23,10,3
12476890,55,2024-12-07,2,6
12476893,55,2024-12-07,8,9
12476887,55,2024-12-07,21,8
12476889,55,2024-12-07,10,7
12476888,55,2024-12-14,12,2
12476885,55,2024-12-13,17,7
12476886,55,2024-12-14,6,5
13179036,55,2024-12-17,8,10
12476894,55,2024-12-14,14,8
12476891,55,2024-12-14,12,9
12476880,55,2024-12-20,16,9
12476882,55,2024-12-21,7,3
12476892,55,2024-12-21,12,9
12476879,55,2024-12-27,6,8
12476883,55,2024-12-21,7,10
12476876,55,2024-12-28,4,6
12476881,55,2024-12-28,8,3
12476877,55,2024-12-28,10,8
13244097,55,2024-12-31,10,8
12476878,55,2024-12-28,20,13
12476875,55,2025-01-04,8,17
12476871,55,2025-01-04,11,1
12476869,55,2025-01-04,5,12
12476866,55,2025-01-10,10,11
13314047,55,2025-01-14,10,2
12476870,55,2025-01-11,16,7
13318479,55,2025-01-14,6,7
12476861,55,2025-01-25,8,7
12476863,55,2025-01-25,9,2
12476864,55,2025-01-25,6,9
12476860,55,2025-01-25,12,12
12476862,55,2025-01-25,14,8
13197506,55,2025-01-28,3,13
12476853,55,2025-02-01,3,7
12476856,55,2025-01-31,13,7
12476858,55,2025-02-01,6,9
12476854,55,2025-02-01,12,6
12476859,55,2025-02-01,13,8
12476845,55,2025-02-08,20,5
12476857,55,2025-02-15,10,7
12476852,55,2025-02-15,5,8
12476851,55,2025-02-15,5,11
12476855,55,2025-02-15,7,0
12476846,55,2025-02-21,2,12
12476850,55,2025-02-15,11,9
13317248,55,2025-02-18,5,5
12476848,55,2025-02-22,4,9
12476842,55,2025-02-22,11,8
12476844,55,2025-02-22,9,0
12476840,55,2025-02-25,8,8
12476839,55,2025-02-25,14,9
12476838,55,2025-03-01,11,14
12476836,55,2025-02-28,9,8
12476847,55,2025-03-01,18,10
12476841,55,2025-03-01,3,7
12476835,55,2025-03-01,10,6
13371970,55,2025-03-04,6,11
13391277,55,2025-03-04,9,18
12476819,55,2025-03-22,16,7
12476830,55,2025-03-05,5,4
12476815,55,2025-03-25,8,8
12476831,55,2025-03-08,10,10
12476832,55,2025-03-08,9,3
12476833,55,2025-03-08,10,10
13525596,55,2025-03-11,6,7
12476824,55,2025-03-14,6,6
12476829,55,2025-03-15,9,11
12476811,55,2025-04-12,10,9
12476825,55,2025-03-15,5,4
12476828,55,2025-03-15,1,23
12476827,55,2025-03-15,11,7
12476821,55,2025-03-22,13,10
12476826,55,2025-03-22,14,11
12476823,55,2025-03-21,8,3
13391275,55,2025-03-25,7,13
12476820,55,2025-03-29,11,2
12476818,55,2025-03-29,8,12
12476816,55,2025-03-29,15,9
13525597,55,2025-04-02,6,14
13636925,55,2025-04-02,5,4
12476812,55,2025-04-05,15,4
12476809,55,2025-04-05,15,2
12476868,55,2025-04-05,4,2
12476817,55,2025-04-05,10,9
12476813,55,2025-04-05,10,5
12476808,55,2025-04-11,11,15
12476810,55,2025-04-12,12,8
12476806,55,2025-04-12,15,5
12476805,55,2025-04-12,5,12
12476807,55,2025-04-19,9,7
12476801,55,2025-04-19,16,6
12476802,55,2025-04-18,13,2
12473064,55,2025-04-25,3,16
12476804,55,2025-04-19,4,8
12476803,55,2025-04-19,4,4
12473062,55,2025-04-26,11,10
12473055,55,2025-04-26,10,3
12473060,55,2025-04-26,9,6
12473066,55,2025-04-26,4,9
12473063,55,2025-05-02,18,6
12473059,55,2025-05-02,11,2
12473061,55,2025-05-02,6,25
12473065,55,2025-05-02,7,10
12473058,55,2025-05-02,8,7
11395814,55,2023-10-20,10,13
11395849,55,2023-08-26,8,19
11395859,55,2023-08-04,3,15
11395811,55,2023-10-21,7,13
11395857,55,2023-08-05,12,12
11395855,55,2023-08-05,14,14
11779159,55,2023-12-12,13,7
11395856,55,2023-08-05,19,7
11395858,55,2023-08-05,13,12
11395852,55,2023-08-12,16,5
11395851,55,2023-08-12,14,6
11395854,55,2023-08-12,11,7
11395853,55,2023-08-12,7,10
11395850,55,2023-08-12,4,3
11395848,55,2023-08-26,2,13
11395804,55,2023-08-19,12,4
11395845,55,2023-08-26,17,13
11395844,55,2023-08-26,10,14
11395846,55,2023-08-26,5,3
11395839,55,2023-09-02,7,10
11395836,55,2023-09-02,8,4
11395840,55,2023-09-02,9,9
11395841,55,2023-09-02,15,13
11395834,55,2023-09-15,13,11
11395842,55,2023-09-02,11,9
11395833,55,2023-09-16,9,7
11395832,55,2023-09-16,14,15
11395831,55,2023-09-16,7,8
11395835,55,2023-09-16,11,6
11395830,55,2023-09-22,12,10
11395828,55,2023-09-23,8,12
11395826,55,2023-09-23,8,19
11395829,55,2023-09-23,7,11
11395827,55,2023-09-23,10,9
11395823,55,2023-09-30,14,8
11395821,55,2023-09-30,23,19
11395824,55,2023-09-30,13,8
11395825,55,2023-09-30,11,7
11395822,55,2023-09-30,13,8
11395816,55,2023-10-07,7,7
11395817,55,2023-10-07,4,4
11395818,55,2023-10-07,11,7
11395820,55,2023-10-07,8,11
11395813,55,2023-10-21,9,15
11395809,55,2023-10-27,18,5
11395806,55,2023-10-28,8,10
11395810,55,2023-10-27,18,5
11395807,55,2023-10-28,13,10
11395808,55,2023-10-28,7,9
11395805,55,2023-10-31,10,10
11395801,55,2023-10-31,13,8
11395802,55,2023-10-31,10,13
11395797,55,2023-11-03,10,11
11395798,55,2023-11-04,13,4
11817833,55,2023-12-13,5,8
11395800,55,2023-11-04,7,10
11395796,55,2023-11-04,10,16
11395799,55,2023-11-04,10,7
11395792,55,2023-11-11,18,12
11395757,55,2024-01-02,6,1
11395794,55,2023-11-10,6,16
11395793,55,2023-11-11,4,5
11395752,55,2024-01-05,13,4
11395791,55,2023-11-11,10,6
11395754,55,2024-01-06,9,7
11395795,55,2023-11-11,6,8
11691827,55,2023-11-18,12,5
9574493,55,2022-01-15,6,7
11395786,55,2023-12-02,6,13
11813347,55,2023-11-28,17,6
11395700,55,2024-03-23,10,9
11395777,55,2023-12-08,17,10
11395783,55,2023-12-09,14,5
11395787,55,2023-12-02,7,7
11395782,55,2023-12-09,12,9
11395785,55,2023-12-09,10,10
11395778,55,2023-12-09,5,16
11395775,55,2023-12-16,13,5
11395774,55,2023-12-16,8,14
11395772,55,2023-12-16,5,4
11395776,55,2023-12-16,9,14
11395773,55,2023-12-16,11,8
11395768,55,2023-12-22,5,16
11395767,55,2023-12-22,13,10
11395769,55,2023-12-23,8,6
11395770,55,2023-12-23,16,11
11395771,55,2023-12-23,5,7
11395764,55,2023-12-30,7,5
11395763,55,2023-12-29,21,5
11395762,55,2023-12-30,5,10
11395766,55,2023-12-30,12,11
11395758,55,2024-01-02,14,9
11395761,55,2024-01-02,2,11
11395760,55,2024-01-02,8,11
11395765,55,2023-12-30,7,3
11395753,55,2024-01-06,10,10
11395759,55,2024-01-02,15,2
11395756,55,2024-01-06,8,8
11395749,55,2024-01-12,10,7
8824226,55,2021-02-27,10,13
11395755,55,2024-01-06,11,5
11395747,55,2024-01-13,11,8
12073607,55,2024-04-02,3,17
11395748,55,2024-01-13,12,9
11395750,55,2024-01-13,7,14
11395689,55,2024-04-06,4,20
11900121,55,2024-01-23,10,3
11395743,55,2024-01-27,12,7
11395745,55,2024-01-27,6,4
11395742,55,2024-01-27,8,7
11395741,55,2024-01-27,7,13
11395740,55,2024-02-03,7,9
11395738,55,2024-02-03,17,4
11395746,55,2024-01-27,17,5
12005633,55,2024-02-10,6,13
11395734,55,2024-02-17,8,7
11395739,55,2024-02-03,7,13
11395732,55,2024-02-16,6,13
11395733,55,2024-02-17,4,9
11395736,55,2024-02-17,8,5
11395737,55,2024-02-17,10,7
11395728,55,2024-02-23,7,15
11395729,55,2024-02-24,12,6
11395730,55,2024-02-24,11,6
11395731,55,2024-02-24,9,17
11395727,55,2024-02-24,7,7
11395725,55,2024-02-27,12,10
11395726,55,2024-02-27,8,13
11395723,55,2024-02-27,19,6
11395724,55,2024-02-27,6,6
11395722,55,2024-02-27,3,10
11395719,55,2024-03-01,9,17
11395714,55,2024-03-02,5,8
11395716,55,2024-03-02,7,3
11395720,55,2024-03-02,17,12
11395685,55,2024-03-05,6,6
11395715,55,2024-03-02,7,7
12105790,55,2024-03-05,9,6
11395712,55,2024-03-09,16,2
11395711,55,2024-03-09,12,12
11395709,55,2024-03-09,10,13
9574166,55,2021-10-26,9,10
11395708,55,2024-03-09,8,4
12073606,55,2024-03-12,14,5
11395703,55,2024-03-16,10,14
11395706,55,2024-03-15,11,14
11395704,55,2024-03-16,11,8
11395705,55,2024-03-16,8,5
11395710,55,2024-03-16,14,5
11395699,55,2024-03-23,18,7
11395701,55,2024-03-23,8,12
11395697,55,2024-03-29,12,9
11395702,55,2024-03-23,5,9
11395695,55,2024-03-30,10,5
11395693,55,2024-03-30,10,11
11395694,55,2024-03-30,14,10
11395688,55,2024-04-06,5,3
11395696,55,2024-03-30,9,12
11395691,55,2024-04-06,11,13
11395690,55,2024-04-06,14,1
11395692,55,2024-04-06,8,10
12073593,55,2024-04-09,14,9
12143203,55,2024-04-09,13,5
12228142,55,2024-04-12,7,11
11395684,55,2024-04-13,11,7
11395683,55,2024-04-13,8,11
11395686,55,2024-04-13,16,1
11395680,55,2024-04-20,20,8
11395679,55,2024-04-19,14,7
11395687,55,2024-04-13,15,8
11395681,55,2024-04-20,11,7
11395678,55,2024-04-20,17,10
11395682,55,2024-04-20,9,13
11395677,55,2024-04-26,16,6
11395676,55,2024-04-27,10,7
11395673,55,2024-04-27,9,10
11395671,55,2024-05-03,23,2
11395674,55,2024-04-27,8,9
11395675,55,2024-04-27,1,14
11395668,55,2024-05-03,12,3
11395672,55,2024-05-03,13,8
11395669,55,2024-05-03,12,5
11395670,55,2024-05-03,8,4
9573889,55,2021-08-21,0,0
9573899,55,2021-08-28,8,9
9573819,55,2021-07-31,8,7
9573824,55,2021-07-31,0,0
9573816,55,2021-07-31,15,15
9573820,55,2021-07-31,9,5
9573825,55,2021-08-02,14,4
9573817,55,2021-08-07,0,0
9573828,55,2021-08-07,11,10
9573826,55,2021-08-07,13,4
9573815,55,2021-08-07,10,9
9574141,55,2021-08-07,10,8
9573832,55,2021-08-21,6,16
9573833,55,2021-08-21,16,10
9573834,55,2021-08-21,12,7
9573836,55,2021-08-28,0,0
9573839,55,2021-08-28,19,7
9573831,55,2021-08-28,8,12
9762457,55,2021-09-07,6,9
9573847,55,2021-09-11,11,6
9573893,55,2021-09-11,11,7
9573843,55,2021-09-11,0,0
10387412,54,2023-01-29,4,18
9573835,55,2021-09-11,14,8
9574171,55,2021-09-26,9,12
9574147,55,2021-09-18,11,7
9573838,55,2021-09-11,7,13
9574180,55,2021-09-18,8,11
9574282,55,2021-09-18,15,5
9574358,55,2021-09-18,13,8
9574524,55,2021-12-26,10,14
9573897,55,2021-09-18,0,0
9573844,55,2021-09-24,14,6
9574156,55,2021-09-25,0,0
9574219,55,2021-09-25,4,6
9574272,55,2021-09-25,8,6
9813140,55,2021-09-29,12,6
9573880,55,2021-10-02,5,13
9573876,55,2021-10-02,16,9
9573849,55,2021-10-02,13,6
9573848,55,2021-10-02,5,11
9574083,55,2021-10-02,0,0
9574271,55,2021-10-15,11,15
9574192,55,2021-10-16,9,11
9574097,55,2021-10-16,11,8
9574460,55,2021-12-26,13,4
9573868,55,2021-10-16,4,4
9574081,55,2021-10-23,5,11
9574125,55,2021-10-16,0,0
9574134,55,2021-10-23,8,10
9574228,55,2021-10-23,10,9
9574174,55,2021-10-23,14,7
9574124,55,2021-10-23,0,0
9573858,55,2021-10-26,12,13
9574191,55,2021-10-26,10,11
9574318,55,2021-10-26,0,0
9573856,55,2021-10-30,0,0
9574315,55,2021-10-26,6,9
9573846,55,2021-10-30,6,15
9573882,55,2021-10-30,11,13
9573891,55,2021-10-30,13,9
9573888,55,2021-10-30,12,7
9574296,55,2021-11-06,9,9
9573865,55,2021-11-06,11,16
9573883,55,2021-11-06,0,0
9573857,55,2021-11-06,9,6
9573863,55,2021-11-13,15,8
9574283,55,2021-11-06,5,15
9574116,55,2021-11-13,4,8
9574205,55,2021-11-13,8,10
9573867,55,2021-11-13,13,7
9573878,55,2021-11-13,0,0
9574332,55,2021-11-19,0,0
9574119,55,2021-11-20,8,12
9573870,55,2021-11-20,3,10
9573841,55,2021-11-20,9,4
9573871,55,2021-12-03,11,8
9574130,55,2021-11-20,11,5
9573887,55,2021-12-04,11,8
9573881,55,2021-12-04,12,8
9573875,55,2021-12-04,0,0
9573896,55,2021-12-04,9,7
9573931,55,2021-12-10,10,14
9574330,55,2021-12-11,9,10
9574528,55,2021-12-11,8,12
9573929,55,2021-12-11,0,0
9574411,55,2021-12-11,7,11
9574505,55,2021-12-18,12,8
9573928,55,2021-12-18,11,9
9574407,55,2021-12-18,15,2
9574266,55,2021-12-18,0,0
9574243,55,2021-12-26,4,5
9573914,55,2022-01-02,8,9
9574488,55,2021-12-29,18,10
9573939,55,2022-01-02,6,8
9574267,55,2022-01-08,4,18
9574448,55,2022-01-08,10,11
9573924,55,2022-01-02,0,0
9574498,55,2022-01-08,7,8
9573916,55,2022-01-14,14,13
9574531,55,2022-01-08,0,0
9574264,55,2022-01-08,9,11
9573926,55,2022-01-15,2,7
9574391,55,2022-01-15,0,0
9574536,55,2022-01-15,0,0
10065081,55,2022-01-22,0,0
9574329,55,2022-01-28,14,11
9574443,55,2022-01-29,12,9
9574400,55,2022-01-29,7,3
9574412,55,2022-01-29,0,0
9574256,55,2022-02-04,11,9
10091969,55,2022-02-01,5,5
10091970,55,2022-02-01,0,0
9573938,55,2022-02-05,7,11
9574426,55,2022-02-05,0,0
9574250,55,2022-02-05,10,8
9574324,55,2022-02-09,11,13
10105545,55,2022-02-09,9,8
10116325,55,2022-02-12,0,0
10105544,55,2022-02-09,10,12
10116309,55,2022-02-12,0,0
9574517,55,2022-03-26,0,0
9574360,55,2022-02-19,9,7
9574424,55,2022-02-19,9,10
9574436,55,2022-02-19,0,0
10116334,55,2022-02-22,16,5
9574389,55,2022-02-19,4,5
9574403,55,2022-02-25,9,15
9574516,55,2022-02-26,11,5
9574490,55,2022-02-26,10,4
9574525,55,2022-02-26,0,0
9574295,55,2022-02-26,0,0
9573951,55,2022-04-16,10,9
10116333,55,2022-03-01,9,7
9574473,55,2022-03-04,15,19
9573912,55,2022-03-05,16,5
9573942,55,2022-03-05,0,0
9574401,55,2022-03-05,6,9
9574468,55,2022-03-05,0,0
10160953,55,2022-03-08,0,0
9574317,55,2022-03-12,5,6
9574362,55,2022-03-11,6,11
9574289,55,2022-03-12,0,0
9573913,55,2022-03-12,11,10
9573919,55,2022-03-18,0,0
9573922,55,2022-03-12,0,0
9573925,55,2022-03-19,7,6
9573906,55,2022-03-19,0,0
10160952,55,2022-03-22,0,0
9574428,55,2022-03-19,3,14
9573908,55,2022-03-19,9,9
9573941,55,2022-03-26,11,5
9574481,55,2022-03-26,12,6
9573911,55,2022-03-26,0,0
9574285,55,2022-03-26,10,11
9573803,55,2022-04-01,14,10
9573963,55,2022-04-01,13,6
9573991,55,2022-04-02,9,7
9573981,55,2022-04-09,0,0
9574020,55,2022-04-06,0,0
9573994,55,2022-04-08,0,0
9573959,55,2022-04-09,8,6
9574000,55,2022-04-09,6,6
9573984,55,2022-04-09,13,8
9573810,55,2022-04-15,11,9
9573964,55,2022-04-16,0,0
9574002,55,2022-04-16,9,10
9573993,55,2022-04-19,0,0
9573966,55,2022-04-22,20,5
9573985,55,2022-04-16,0,0
9573808,55,2022-04-23,0,0
9573961,55,2022-04-23,6,8
9573811,55,2022-04-23,0,0
9573975,55,2022-04-23,8,9
9573986,55,2022-04-29,19,10
9573989,55,2022-04-29,16,4
9573809,55,2022-04-29,7,5
9573802,55,2022-04-29,0,0
9573978,55,2022-04-29,10,7
8824216,55,2021-01-23,12,8
8824228,55,2021-02-26,10,12
9349490,55,2021-02-23,12,8
8824326,55,2021-03-20,9,14
8824408,55,2021-03-27,0,0
8824325,55,2021-03-20,0,0
8824327,55,2021-04-03,7,12
8824274,55,2021-04-17,0,0
9286184,55,2021-01-30,8,5
8824130,55,2021-01-02,10,7
8824129,55,2021-01-02,0,0
8824072,55,2021-01-15,4,15
8824078,55,2021-01-16,3,15
8824138,55,2021-01-02,9,9
8824074,55,2021-01-16,0,0
8824220,55,2021-01-22,10,6
8824218,55,2021-01-23,7,3
8824111,55,2021-01-26,0,21
9302175,55,2021-01-27,11,16
8824215,55,2021-01-23,0,0
9302275,55,2021-01-30,13,9
9302273,55,2021-01-30,9,7
9302274,55,2021-01-30,11,10
9286187,55,2021-02-03,11,5
8824221,55,2021-02-05,4,7
9303807,55,2021-02-03,12,11
8824354,55,2021-02-20,11,4
8824240,55,2021-02-06,6,10
8824222,55,2021-02-06,14,12
8824214,55,2021-02-06,0,0
8824233,55,2021-02-12,0,0
8824236,55,2021-02-13,7,10
9322202,55,2021-02-17,0,0
8824224,55,2021-02-20,26,6
8824229,55,2021-02-20,0,0
8824223,55,2021-02-20,11,12
8824227,55,2021-02-20,8,5
8824230,55,2021-02-27,11,5
8824235,55,2021-02-27,0,0
8824231,55,2021-02-27,13,10
9363667,55,2021-03-02,11,10
8824341,55,2021-03-06,15,17
8824348,55,2021-03-06,13,7
9363671,55,2021-03-09,10,5
8824386,55,2021-03-06,0,0
8824417,55,2021-03-06,6,13
9363672,55,2021-03-09,8,5
8824409,55,2021-03-12,9,7
8824302,55,2021-03-13,20,4
8824388,55,2021-03-13,10,5
8824294,55,2021-03-13,0,0
9388324,55,2021-03-16,10,9
8824364,55,2021-03-13,8,2
9398640,55,2021-03-16,7,8
8824425,55,2021-03-20,6,5
8824411,55,2021-03-19,12,14
8824361,55,2021-03-20,12,9
8824344,55,2021-03-27,5,3
8824317,55,2021-03-27,8,12
8824346,55,2021-03-27,7,3
8824295,55,2021-03-27,21,7
9398639,55,2021-03-30,14,4
8824387,55,2021-04-03,13,10
8824339,55,2021-04-06,4,8
8824416,55,2021-04-09,15,4
8824324,55,2021-04-06,6,11
8824381,55,2021-04-10,5,4
8824372,55,2021-04-10,12,3
8824365,55,2021-04-10,0,0
8824288,55,2021-04-10,5,8
9431753,55,2021-04-13,6,13
8824311,55,2021-04-13,0,0
8824299,55,2021-04-17,11,10
8824284,55,2021-04-17,21,2
8824370,55,2021-04-24,11,7
8824277,55,2021-04-20,6,12
8824374,55,2021-04-20,5,4
8824394,55,2021-04-24,13,16
8824276,55,2021-04-24,3,7
8824355,55,2021-04-24,0,0
8824375,55,2021-04-30,4,14
8824273,55,2021-04-24,14,5
8824360,55,2021-04-30,9,14
8824406,55,2021-04-30,0,0
8824260,55,2021-04-30,8,7
8824266,55,2021-04-30,3,2
9574291,54,2021-10-27,9,19
14035653,56,2026-04-25,11,11
14035652,56,2026-04-25,10,5
14035654,56,2026-04-25,12,6
14035655,56,2026-04-25,7,9
14035656,56,2026-04-25,10,14
14032710,57,2026-04-25,13,5
14032708,57,2026-04-25,7,19
14032714,57,2026-04-25,6,8
14032719,57,2026-04-25,12,4
14032720,57,2026-04-25,18,6
16362400,56,2026-08-01,10,8
16362406,56,2026-08-01,8,13
16362201,55,2026-08-01,14,3
16362583,57,2026-08-01,11,11
16362582,57,2026-08-01,7,10
16362792,57,2026-08-01,7,10
16362584,57,2026-08-01,6,13
16362197,55,2026-08-01,7,13
16361999,54,2026-07-31,11,21
16362017,54,2026-08-02,19,9
16362021,54,2026-08-03,18,11
16362061,54,2026-08-01,10,15
16362150,54,2026-08-02,15,7
16362000,54,2026-08-01,11,21
16362401,56,2026-08-01,7,5
16362404,56,2026-08-01,15,4
16362405,56,2026-08-01,3,8
16362196,55,2026-08-01,19,7
16362194,55,2026-08-01,6,6
16362198,55,2026-08-01,20,6
16362581,57,2026-08-01,16,7
16362409,56,2026-08-08,7,14
16362408,56,2026-08-08,17,7
16362410,56,2026-08-08,9,5
16362412,56,2026-08-08,22,7
16362413,56,2026-08-08,8,10
16362580,57,2026-08-08,5,12
16362588,57,2026-08-08,11,8
16362579,57,2026-08-08,10,13
16362585,57,2026-08-08,8,11
16362589,57,2026-08-08,13,5
16361998,54,2026-08-09,10,33
16361995,54,2026-08-08,18,9
16362002,54,2026-08-09,25,8
16362010,54,2026-08-09,11,10
16362034,54,2026-08-09,12,10
16362162,54,2026-08-08,13,9
16362199,55,2026-08-07,14,9
16362200,55,2026-08-08,2,9
16362202,55,2026-08-08,9,5
16362204,55,2026-08-08,9,10
16362203,55,2026-08-08,13,11
16362067,54,2026-08-22,25,14
16362205,55,2026-08-22,4,10
16362206,55,2026-08-21,9,8
16362208,55,2026-08-22,13,3
16362207,55,2026-08-22,11,14
16362209,55,2026-08-22,2,8
16362415,56,2026-08-15,10,4
16362414,56,2026-08-15,18,4
16362419,56,2026-08-15,8,3
16362417,56,2026-08-15,10,6
16362421,56,2026-08-22,7,8
16362426,56,2026-08-22,7,5
16362416,56,2026-08-22,6,12
16362422,56,2026-08-22,9,13
16362423,56,2026-08-22,7,7
16362586,57,2026-08-15,11,13
16362587,57,2026-08-15,4,16
16362592,57,2026-08-22,17,6
16362593,57,2026-08-15,17,6
16362594,57,2026-08-22,12,10
16362596,57,2026-08-22,11,5
16362591,57,2026-08-15,11,10
16362595,57,2026-08-22,10,10
16362597,57,2026-08-22,13,8
16362590,57,2026-08-15,10,11
